frame,tick,dropped_ticks,frame_ms,pack_ms,upload_ms,submit_ms,upload_bytes,latest_gpu_ms,gpu_timing_timestamp,simulation_cpu_ms
301,150,0,1.67530,0.00000,0.00000,0.01960,0,-1.00000,665160907615,0.00000
302,151,0,1.11400,1.14690,0.11810,0.03330,1280000,-1.00000,665160910986,0.00000
303,151,0,1.89670,0.00000,0.00000,0.02120,0,-1.00000,665160926831,0.00000
304,152,0,0.38150,1.17000,0.10150,0.02090,1280000,-1.00000,665160930909,0.00000
305,152,0,3.06070,0.00000,0.00000,0.01900,0,-1.00000,665160947667,0.00000
306,153,0,0.36530,1.15340,0.10780,0.02200,1280000,-1.00000,665160958811,0.00000
307,153,0,1.90820,0.00000,0.00000,0.01740,0,-1.00000,665160977777,0.00000
308,154,0,0.75651,1.18320,0.10610,0.01700,1280000,-1.00000,665160981588,0.00000
309,154,0,1.96010,0.00000,0.00000,0.01640,0,-1.00000,665161012198,0.00000
310,155,0,0.31840,1.15920,0.10590,0.01950,1280000,-1.00000,665161015845,0.00000
311,155,0,1.93200,0.00000,0.00000,0.01620,0,-1.00000,665161034930,0.00000
312,156,0,2.82760,1.22790,0.10670,0.01880,1280000,-1.00000,665161042489,0.00000
313,156,0,1.75830,0.00000,0.00000,0.02120,0,-1.00000,665161062096,0.00000
314,157,0,0.59960,1.14200,0.09450,0.01860,1280000,-1.00000,665161065268,0.00000
315,157,0,1.65350,0.00000,0.00000,0.01590,0,-1.00000,665161084598,0.00000
316,158,0,0.33980,1.14390,0.09390,0.01710,1280000,-1.00000,665161112883,0.00000
317,158,0,1.65460,0.00000,0.00000,0.01610,0,-1.00000,665161130471,0.00000
318,159,0,1.15260,1.12960,0.10700,0.01800,1280000,-1.00000,665161136453,0.00000
319,159,0,1.74310,0.00000,0.00000,0.01840,0,-1.00000,665161152989,0.00000
320,160,0,0.88490,1.15770,0.10460,0.02040,1280000,-1.00000,665161156385,0.00000
321,160,0,1.85720,0.00000,0.00000,0.01700,0,-1.00000,665161172931,0.00000
322,161,0,1.22170,1.13940,0.12030,0.02260,1280000,-1.00000,665161184461,0.00000
323,161,0,1.66570,0.00000,0.00000,0.01690,0,-1.00000,665161201888,0.00000
324,162,0,2.42360,1.11440,0.11110,0.03240,1280000,-1.00000,665161210736,0.00000
325,162,0,1.68720,0.00000,0.00000,0.01840,0,-1.00000,665161229310,0.00000
326,163,0,0.35160,1.09480,0.10910,0.01970,1280000,-1.00000,665161241530,0.00000
327,163,0,1.73600,0.00000,0.00000,0.01990,0,-1.00000,665161258182,0.00000
328,164,0,0.56440,1.12570,0.09820,0.02490,1280000,-1.00000,665161282483,0.00000
329,164,0,1.83840,0.00000,0.00000,0.02070,0,-1.00000,665161299292,0.00000
330,165,0,0.94590,1.13840,0.09110,0.01710,1280000,-1.00000,665161302810,0.00000
331,165,0,1.62130,0.00000,0.00000,0.02090,0,-1.00000,665161320169,0.00000
332,166,0,1.05450,1.14240,0.09740,0.01780,1280000,-1.00000,665161325811,0.00000
333,166,0,1.81499,0.00000,0.00000,0.01980,0,-1.00000,665161344195,0.00000
334,167,0,1.15371,1.09410,0.11220,0.01680,1280000,-1.00000,665161353658,0.00000
335,167,0,1.61949,0.00000,0.00000,0.01650,0,-1.00000,665161369872,0.00000
336,168,0,1.03231,1.10980,0.10030,0.02010,1280000,-1.00000,665161380412,0.00000
337,168,0,2.84960,0.00000,0.00000,0.02000,0,-1.00000,665161398559,0.00000
338,169,0,2.16190,1.30360,0.11200,0.01960,1280000,-1.00000,665161410099,0.00000
339,169,0,1.89630,0.00000,0.00000,0.01860,0,-1.00000,665161426293,0.00000
340,170,0,1.69680,1.15560,0.10730,0.01830,1280000,-1.00000,665161436620,0.00000
341,170,0,1.71690,0.00000,0.00000,0.01650,0,-1.00000,665161465117,0.00000
342,171,0,0.35519,1.08750,0.10190,0.01960,1280000,-1.00000,665161486731,0.00000
343,171,0,1.83960,0.00000,0.00000,0.01650,0,-1.00000,665161505692,0.00000
344,172,0,0.38490,1.29700,0.10220,0.02100,1280000,-1.00000,665161522665,0.00000
345,172,0,1.83260,0.00000,0.00000,0.01780,0,-1.00000,665161539832,0.00000
346,173,0,0.46320,1.16310,0.09620,0.01990,1280000,-1.00000,665161543384,0.00000
347,173,0,1.73670,0.00000,0.00000,0.02020,0,-1.00000,665161561778,0.00000
348,174,0,0.36100,1.11810,0.11880,0.02120,1280000,-1.00000,665161565628,0.00000
349,174,0,1.72340,0.00000,0.00000,0.02140,0,-1.00000,665161583954,0.00000
350,175,0,2.16210,1.11610,0.09970,0.02730,1280000,-1.00000,665161588588,0.00000
351,175,0,1.77010,0.00000,0.00000,0.02050,0,-1.00000,665161605955,0.00000
352,176,0,1.10230,1.13210,0.11290,0.01910,1280000,-1.00000,665161609569,0.00000
353,176,0,1.69720,0.00000,0.00000,0.01710,0,-1.00000,665161626810,0.00000
354,177,0,1.10150,1.09210,0.11550,0.02060,1280000,-1.00000,665161648431,0.00000
355,177,0,1.63660,0.00000,0.00000,0.01860,0,-1.00000,665161666123,0.00000
356,178,0,1.16380,1.15380,0.19700,0.02350,1280000,-1.00000,665161677148,0.00000
357,178,0,1.94530,0.00000,0.00000,0.04490,0,-1.00000,665161694117,0.00000
358,179,0,0.87720,1.12830,0.10940,0.02970,1280000,-1.00000,665161705135,0.00000
359,179,0,1.81890,0.00000,0.00000,0.01960,0,-1.00000,665161721498,0.00000
360,180,0,2.59490,1.13400,0.10810,0.03320,1280000,-1.00000,665161733143,0.00000
361,180,0,1.82190,0.00000,0.00000,0.01830,0,-1.00000,665161752647,0.00000
362,181,0,0.37820,1.09440,0.09590,0.01610,1280000,-1.00000,665161761396,0.00000
363,181,0,1.58400,0.00000,0.00000,0.02170,0,-1.00000,665161779557,0.00000
364,182,0,0.34580,1.12620,0.11180,0.01810,1280000,-1.00000,665161805520,0.00000
365,182,0,1.73459,0.00000,0.00000,0.02090,0,-1.00000,665161823721,0.00000
366,183,0,0.37420,1.12670,0.09820,0.02100,1280000,-1.00000,665161827500,0.00000
367,183,0,2.10641,0.00000,0.00000,0.01950,0,-1.00000,665161843341,0.00000
368,184,0,1.78940,1.13460,0.11710,0.03540,1280000,-1.00000,665161846798,0.00000
369,184,0,1.83500,0.00000,0.00000,0.01730,0,-1.00000,665161864149,0.00000
370,185,0,1.14680,1.14320,0.09900,0.01820,1280000,-1.00000,665161867878,0.00000
371,185,0,1.75580,0.00000,0.00000,0.01940,0,-1.00000,665161888955,0.00000
372,186,0,0.42040,1.15580,0.10970,0.02630,1280000,-1.00000,665161906846,0.00000
373,186,0,1.75350,0.00000,0.00000,0.02000,0,-1.00000,665161925199,0.00000
374,187,0,1.77380,1.15610,0.11380,0.02860,1280000,-1.00000,665161936668,0.00000
375,187,0,1.86590,0.00000,0.00000,0.01840,0,-1.00000,665161954215,0.00000
376,188,0,0.73060,1.20470,0.09730,0.02260,1280000,-1.00000,665161958426,0.00000
377,188,0,1.78130,0.00000,0.00000,0.01930,0,-1.00000,665161975965,0.00000
378,189,0,0.39070,1.15810,0.10210,0.02330,1280000,-1.00000,665161993699,0.00000
379,189,0,1.86100,0.00000,0.00000,0.02240,0,-1.00000,665162012362,0.00000
380,190,0,1.18170,1.24390,0.13030,0.02600,1280000,-1.00000,665162019657,0.00000
381,190,0,1.95360,0.00000,0.00000,0.02010,0,-1.00000,665162037477,0.00000
382,191,0,0.84280,1.19570,0.11590,0.02100,1280000,-1.00000,665162041382,0.00000
383,191,0,1.78560,0.00000,0.00000,0.01820,0,-1.00000,665162059995,0.00000
384,192,0,2.55300,1.29220,0.15320,0.02120,1280000,-1.00000,665162071811,0.00000
385,192,0,1.85320,0.00000,0.00000,0.01890,0,-1.00000,665162091406,0.00000
386,193,0,0.38379,1.24890,0.10770,0.02330,1280000,-1.00000,665162099779,0.00000
387,193,0,1.80831,0.00000,0.00000,0.01760,0,-1.00000,665162117631,0.00000
388,194,0,0.36410,1.23370,0.10920,0.02090,1280000,-1.00000,665162143159,0.00000
389,194,0,1.83900,0.00000,0.00000,0.01820,0,-1.00000,665162161694,0.00000
390,195,0,0.78241,1.22550,0.11030,0.02160,1280000,-1.00000,665162165529,0.00000
391,195,0,1.81959,0.00000,0.00000,0.01950,0,-1.00000,665162183614,0.00000
392,196,0,0.98401,1.21930,0.11140,0.01800,1280000,-1.00000,665162187257,0.00000
393,196,0,1.75450,0.00000,0.00000,0.01690,0,-1.00000,665162205647,0.00000
394,197,0,1.08189,1.20760,0.11570,0.02080,1280000,-1.00000,665162213472,0.00000
395,197,0,1.77881,0.00000,0.00000,0.01670,0,-1.00000,665162231666,0.00000
396,198,0,0.99230,1.23260,0.12410,0.02970,1280000,-1.00000,665162241509,0.00000
397,198,0,1.87570,0.00000,0.00000,0.01900,0,-1.00000,665162259049,0.00000
398,199,0,0.97680,1.20860,0.10910,0.01780,1280000,-1.00000,665162269874,0.00000
399,199,0,1.74720,0.00000,0.00000,0.01520,0,-1.00000,665162287653,0.00000
400,200,0,0.38360,1.24480,0.10440,0.01870,1280000,-1.00000,665162297584,0.00000
401,200,0,1.88610,0.00000,0.00000,0.02340,0,-1.00000,665162316338,0.00000
402,201,0,0.56310,1.18520,0.09190,0.02100,1280000,-1.00000,665162326114,0.00000
403,201,0,1.76960,0.00000,0.00000,0.01930,0,-1.00000,665162343575,0.00000
404,202,0,0.54320,1.21310,0.10190,0.01950,1280000,-1.00000,665162347410,0.00000
405,202,0,1.92510,0.00000,0.00000,0.02210,0,-1.00000,665162366277,0.00000
406,203,0,1.06850,1.16430,0.10130,0.02210,1280000,-1.00000,665162371912,0.00000
407,203,0,2.33569,0.00000,0.00000,0.02170,0,-1.00000,665162389599,0.00000
408,204,0,0.36670,1.17740,0.11130,0.02170,1280000,-1.00000,665162395025,0.00000
409,204,0,2.21740,0.00000,0.00000,0.02220,0,-1.00000,665162414272,0.00000
410,205,0,0.75140,1.15300,0.10880,0.02290,1280000,-1.00000,665162424970,0.00000
411,205,0,1.75060,0.00000,0.00000,0.01880,0,-1.00000,665162448326,0.00000
412,206,0,0.39340,1.24470,0.17560,0.02480,1280000,-1.00000,665162451990,0.00000
413,206,0,2.00330,0.00000,0.00000,0.02260,0,-1.00000,665162474175,0.00000
414,207,0,1.28970,1.17650,0.09790,0.02350,1280000,-1.00000,665162481731,0.00000
415,207,0,1.78030,0.00000,0.00000,0.01900,0,-1.00000,665162499185,0.00000
416,208,0,0.36710,1.23870,0.10200,0.02550,1280000,-1.00000,665162503119,0.00000
417,208,0,1.82470,0.00000,0.00000,0.01870,0,-1.00000,665162523164,0.00000
418,209,0,0.38170,1.16350,0.11240,0.02140,1280000,-1.00000,665162536053,0.00000
419,209,0,1.70880,0.00000,0.00000,0.01770,0,-1.00000,665162553853,0.00000
420,210,0,2.52100,1.21910,0.10530,0.01990,1280000,-1.00000,665162557526,0.00000
421,210,0,1.73740,0.00000,0.00000,0.01630,0,-1.00000,665162575770,0.00000
422,211,0,1.01420,1.15790,0.11910,0.02470,1280000,-1.00000,665162579587,0.00000
423,211,0,1.92220,0.00000,0.00000,0.02050,0,-1.00000,665162596676,0.00000
424,212,0,0.89870,1.23710,0.10480,0.02520,1280000,-1.00000,665162621886,0.00000
425,212,0,2.19719,0.00000,0.00000,0.01910,0,-1.00000,665162639257,0.00000
426,213,0,1.28710,1.17160,0.10060,0.02930,1280000,-1.00000,665162649393,0.00000
427,213,0,1.76290,0.00000,0.00000,0.01940,0,-1.00000,665162668825,0.00000
428,214,0,0.58920,1.21580,0.10990,0.02820,1280000,-1.00000,665162677621,0.00000
429,214,0,1.87730,0.00000,0.00000,0.01840,0,-1.00000,665162699585,0.00000
430,215,0,2.22350,1.14870,0.11060,0.03000,1280000,-1.00000,665162712456,0.00000
431,215,0,1.76380,0.00000,0.00000,0.01840,0,-1.00000,665162730087,0.00000
432,216,0,0.42920,1.27080,0.13270,0.02230,1280000,-1.00000,665162735983,0.00000
433,216,0,1.86570,0.00000,0.00000,0.01970,0,-1.00000,665162754755,0.00000
434,217,0,0.35960,1.15770,0.10730,0.02010,1280000,-1.00000,665162776993,0.00000
435,217,0,1.66939,0.00000,0.00000,0.02120,0,-1.00000,665162794620,0.00000
436,218,0,0.93061,1.23240,0.09340,0.02010,1280000,-1.00000,665162798917,0.00000
437,218,0,2.04380,0.00000,0.00000,0.02220,0,-1.00000,665162817571,0.00000
438,219,0,3.49970,1.19300,0.09560,0.02270,1280000,-1.00000,665162821168,0.00000
439,219,0,1.70830,0.00000,0.00000,0.01740,0,-1.00000,665162837860,0.00000
440,220,0,0.46010,1.24080,0.11020,0.01790,1280000,-1.00000,665162847174,0.00000
441,220,0,1.75360,0.00000,0.00000,0.02200,0,-1.00000,665162867686,0.00000
442,221,0,0.38200,1.13880,0.11740,0.02140,1280000,-1.00000,665162902606,0.00000
443,221,0,1.75010,0.00000,0.00000,0.01930,0,-1.00000,665162919684,0.00000
444,222,0,0.41820,1.23470,0.11110,0.02470,1280000,-1.00000,665162924284,0.00000
445,222,0,1.87450,0.00000,0.00000,0.02350,0,-1.00000,665162941827,0.00000
446,223,0,0.40130,1.15670,0.10830,0.02400,1280000,-1.00000,665162945641,0.00000
447,223,0,1.77190,0.00000,0.00000,0.02230,0,-1.00000,665162963148,0.00000
448,224,0,0.69480,1.23030,0.10360,0.02030,1280000,-1.00000,665162967329,0.00000
449,224,0,1.78580,0.00000,0.00000,0.01800,0,-1.00000,665162986083,0.00000
450,225,0,0.32250,1.18190,0.10970,0.01710,1280000,-1.00000,665162990083,0.00000
451,225,0,2.23680,0.00000,0.00000,0.02110,0,-1.00000,665163007806,0.00000
452,226,0,1.52380,1.16660,0.11390,0.01910,1280000,-1.00000,665163014751,0.00000
453,226,0,1.83520,0.00000,0.00000,0.02230,0,-1.00000,665163032606,0.00000
454,227,0,0.97640,1.17600,0.10940,0.01990,1280000,-1.00000,665163035829,0.00000
455,227,0,1.87330,0.00000,0.00000,0.02070,0,-1.00000,665163058209,0.00000
456,228,0,0.91750,1.22660,0.12120,0.02330,1280000,-1.00000,665163073446,0.00000
457,228,0,1.78800,0.00000,0.00000,0.02010,0,-1.00000,665163091798,0.00000
458,229,0,1.06380,1.17630,0.10480,0.01950,1280000,-1.00000,665163101559,0.00000
459,229,0,1.72340,0.00000,0.00000,0.01770,0,-1.00000,665163120291,0.00000
460,230,0,1.48190,1.17560,0.12480,0.02040,1280000,-1.00000,665163129460,0.00000
461,230,0,1.75000,0.00000,0.00000,0.01680,0,-1.00000,665163147347,0.00000
462,231,0,0.63870,1.17670,0.09280,0.02310,1280000,-1.00000,665163157979,0.00000
463,231,0,1.71690,0.00000,0.00000,0.01970,0,-1.00000,665163175214,0.00000
464,232,0,0.95480,1.18820,0.12550,0.02090,1280000,-1.00000,665163190036,0.00000
465,232,0,1.74900,0.00000,0.00000,0.01710,0,-1.00000,665163207534,0.00000
466,233,0,1.15750,1.15370,0.10500,0.02290,1280000,-1.00000,665163213926,0.00000
467,233,0,1.72590,0.00000,0.00000,0.01850,0,-1.00000,665163231091,0.00000
468,234,0,2.41570,1.34700,0.11470,0.02770,1280000,-1.00000,665163240641,0.00000
469,234,0,1.94470,0.00000,0.00000,0.02340,0,-1.00000,665163258126,0.00000
470,235,0,0.41370,1.11500,0.10240,0.02060,1280000,-1.00000,665163269705,0.00000
471,235,0,1.64490,0.00000,0.00000,0.02260,0,-1.00000,665163286964,0.00000
472,236,0,0.37950,1.21500,0.10340,0.01870,1280000,-1.00000,665163311118,0.00000
473,236,0,2.48000,0.00000,0.00000,0.02030,0,-1.00000,665163330576,0.00000
474,237,0,2.85080,1.15730,0.09630,0.02000,1280000,-1.00000,665163334702,0.00000
475,237,0,1.66740,0.00000,0.00000,0.02240,0,-1.00000,665163351157,0.00000
476,238,0,1.10470,1.21630,0.10570,0.02100,1280000,-1.00000,665163354944,0.00000
477,238,0,1.76380,0.00000,0.00000,0.01810,0,-1.00000,665163379747,0.00000
478,239,0,0.41330,1.17130,0.10470,0.02210,1280000,-1.00000,665163408254,0.00000
479,239,0,1.78670,0.00000,0.00000,0.02200,0,-1.00000,665163424937,0.00000
480,240,0,1.85170,1.18970,0.10500,0.02510,1280000,-1.00000,665163435969,0.00000
481,240,0,1.79560,0.00000,0.00000,0.02300,0,-1.00000,665163453613,0.00000
482,241,0,0.38610,1.17410,0.09390,0.01900,1280000,-1.00000,665163457749,0.00000
483,241,0,1.68130,0.00000,0.00000,0.02050,0,-1.00000,665163475621,0.00000
484,242,0,0.37930,1.19580,0.10310,0.02070,1280000,-1.00000,665163494142,0.00000
485,242,0,1.72910,0.00000,0.00000,0.01840,0,-1.00000,665163512095,0.00000
486,243,0,0.34410,1.16060,0.09630,0.02190,1280000,-1.00000,665163515946,0.00000
487,243,0,1.71390,0.00000,0.00000,0.01840,0,-1.00000,665163532764,0.00000
488,244,0,0.35030,1.17900,0.13770,0.01730,1280000,-1.00000,665163536552,0.00000
489,244,0,1.70700,0.00000,0.00000,0.02100,0,-1.00000,665163553842,0.00000
490,245,0,1.21130,1.25720,0.13160,0.02430,1280000,-1.00000,665163557284,0.00000
491,245,0,2.03030,0.00000,0.00000,0.02000,0,-1.00000,665163574425,0.00000
492,246,0,0.54270,1.18260,0.10200,0.02460,1280000,-1.00000,665163577918,0.00000
493,246,0,1.82720,0.00000,0.00000,0.02240,0,-1.00000,665163595003,0.00000
494,247,0,0.93160,1.16960,0.08950,0.02200,1280000,-1.00000,665163607148,0.00000
495,247,0,1.76950,0.00000,0.00000,0.01940,0,-1.00000,665163627427,0.00000
496,248,0,1.26410,1.28600,0.09370,0.06650,1280000,-1.00000,665163632846,0.00000
497,248,0,1.86679,0.00000,0.00000,0.01890,0,-1.00000,665163651112,0.00000
498,249,0,0.90350,1.18110,0.09680,0.02130,1280000,-1.00000,665163660437,0.00000
499,249,0,1.73360,0.00000,0.00000,0.01770,0,-1.00000,665163678128,0.00000
500,250,0,1.07440,1.19380,0.10600,0.02250,1280000,-1.00000,665163690761,0.00000
501,250,0,1.74841,0.00000,0.00000,0.02000,0,-1.00000,665163709432,0.00000
502,251,0,0.79709,1.12740,0.12310,0.02130,1280000,-1.00000,665163718468,0.00000
503,251,0,1.94350,0.00000,0.00000,0.02250,0,-1.00000,665163735802,0.00000
504,252,0,0.84910,1.20230,0.11000,0.02120,1280000,-1.00000,665163746552,0.00000
505,252,0,1.74340,0.00000,0.00000,0.01760,0,-1.00000,665163764031,0.00000
506,253,0,0.33900,1.14380,0.12710,0.02250,1280000,-1.00000,665163772006,0.00000
507,253,0,1.70120,0.00000,0.00000,0.01770,0,-1.00000,665163791435,0.00000
508,254,0,0.58819,1.19220,0.09810,0.01800,1280000,-1.00000,665163799925,0.00000
509,254,0,1.85410,0.00000,0.00000,0.02190,0,-1.00000,665163817360,0.00000
510,255,0,2.35240,1.17900,0.10290,0.01830,1280000,-1.00000,665163820753,0.00000
511,255,0,1.67730,0.00000,0.00000,0.01710,0,-1.00000,665163837761,0.00000
512,256,0,0.38550,1.30610,0.11900,0.01820,1280000,-1.00000,665163843644,0.00000
513,256,0,1.94450,0.00000,0.00000,0.04280,0,-1.00000,665163862192,0.00000
514,257,0,0.40870,1.13800,0.10740,0.02260,1280000,-1.00000,665163885712,0.00000
515,257,0,1.69290,0.00000,0.00000,0.01760,0,-1.00000,665163902482,0.00000
516,258,0,1.03500,1.20140,0.11760,0.02110,1280000,-1.00000,665163906337,0.00000
517,258,0,1.75500,0.00000,0.00000,0.01870,0,-1.00000,665163925791,0.00000
518,259,0,2.44651,1.20310,0.10720,0.03040,1280000,-1.00000,665163929874,0.00000
519,259,0,1.84009,0.00000,0.00000,0.02000,0,-1.00000,665163946800,0.00000
520,260,0,0.86070,1.20420,0.09650,0.01900,1280000,-1.00000,665163957153,0.00000
521,260,0,1.80000,0.00000,0.00000,0.01780,0,-1.00000,665163974703,0.00000
522,261,0,1.17410,1.15990,0.10390,0.01860,1280000,-1.00000,665163999176,0.00000
523,261,0,1.75291,0.00000,0.00000,0.01740,0,-1.00000,665164017568,0.00000
524,262,0,0.96820,1.19830,0.10480,0.01890,1280000,-1.00000,665164026175,0.00000
525,262,0,1.74070,0.00000,0.00000,0.01900,0,-1.00000,665164044172,0.00000
526,263,0,1.06430,1.14050,0.11700,0.01720,1280000,-1.00000,665164055914,0.00000
527,263,0,1.68810,0.00000,0.00000,0.01650,0,-1.00000,665164073443,0.00000
528,264,0,2.60900,1.21560,0.10090,0.02220,1280000,-1.00000,665164083129,0.00000
529,264,0,1.79110,0.00000,0.00000,0.01760,0,-1.00000,665164100534,0.00000
530,265,0,0.33980,1.15810,0.10090,0.01710,1280000,-1.00000,665164111173,0.00000
531,265,0,1.67630,0.00000,0.00000,0.01690,0,-1.00000,665164128055,0.00000
532,266,0,0.79140,1.19370,0.10160,0.02130,1280000,-1.00000,665164154152,0.00000
533,266,0,1.70260,0.00000,0.00000,0.02240,0,-1.00000,665164172057,0.00000
534,267,0,1.08270,1.21180,0.14040,0.02180,1280000,-1.00000,665164175454,0.00000
535,267,0,1.80770,0.00000,0.00000,0.01940,0,-1.00000,665164192218,0.00000
536,268,0,0.89110,1.18700,0.10280,0.01940,1280000,-1.00000,665164200140,0.00000
537,268,0,1.72870,0.00000,0.00000,0.02220,0,-1.00000,665164217153,0.00000
538,269,0,2.95780,1.25370,0.10350,0.02910,1280000,-1.00000,665164227988,0.00000
539,269,0,1.87180,0.00000,0.00000,0.02300,0,-1.00000,665164246060,0.00000
540,270,0,0.39620,1.24530,0.09950,0.01950,1280000,-1.00000,665164254972,0.00000
541,270,0,1.77780,0.00000,0.00000,0.02080,0,-1.00000,665164272261,0.00000
542,271,0,0.41850,1.12300,0.09850,0.01970,1280000,-1.00000,665164301847,0.00000
543,271,0,1.68070,0.00000,0.00000,0.01730,0,-1.00000,665164320560,0.00000
544,272,0,0.36100,1.19120,0.09840,0.01780,1280000,-1.00000,665164324514,0.00000
545,272,0,1.69100,0.00000,0.00000,0.01800,0,-1.00000,665164342298,0.00000
546,273,0,0.47320,1.13900,0.11020,0.02160,1280000,-1.00000,665164346481,0.00000
547,273,0,1.68870,0.00000,0.00000,0.02130,0,-1.00000,665164363285,0.00000
548,274,0,0.44900,1.22140,0.10230,0.02180,1280000,-1.00000,665164366896,0.00000
549,274,0,1.75140,0.00000,0.00000,0.01710,0,-1.00000,665164383807,0.00000
550,275,0,0.35270,1.14800,0.11700,0.01930,1280000,-1.00000,665164388538,0.00000
551,275,0,1.66100,0.00000,0.00000,0.01670,0,-1.00000,665164405427,0.00000
552,276,0,2.42510,1.18810,0.10870,0.01960,1280000,-1.00000,665164409912,0.00000
553,276,0,1.79800,0.00000,0.00000,0.01810,0,-1.00000,665164427430,0.00000
554,277,0,0.33030,1.16390,0.09700,0.01680,1280000,-1.00000,665164430957,0.00000
555,277,0,1.65400,0.00000,0.00000,0.02220,0,-1.00000,665164447565,0.00000
556,278,0,0.36730,1.16070,0.11720,0.02620,1280000,-1.00000,665164471817,0.00000
557,278,0,1.70710,0.00000,0.00000,0.02140,0,-1.00000,665164489796,0.00000
558,279,0,0.79070,1.16330,0.10840,0.01880,1280000,-1.00000,665164493098,0.00000
559,279,0,1.70250,0.00000,0.00000,0.01750,0,-1.00000,665164509647,0.00000
560,280,0,1.00930,1.18770,0.11060,0.01860,1280000,-1.00000,665164513316,0.00000
561,280,0,1.71220,0.00000,0.00000,0.01760,0,-1.00000,665164530394,0.00000
562,281,0,2.29930,1.16080,0.10790,0.01860,1280000,-1.00000,665164538292,0.00000
563,281,0,1.66980,0.00000,0.00000,0.01680,0,-1.00000,665164555318,0.00000
564,282,0,0.32130,1.26110,0.16880,0.02180,1280000,-1.00000,665164565419,0.00000
565,282,0,1.87440,0.00000,0.00000,0.02060,0,-1.00000,665164582533,0.00000
566,283,0,0.38190,1.12100,0.10630,0.02390,1280000,-1.00000,665164605524,0.00000
567,283,0,1.79180,0.00000,0.00000,0.02050,0,-1.00000,665164622222,0.00000
568,284,0,0.77510,1.21450,0.09980,0.02090,1280000,-1.00000,665164625432,0.00000
569,284,0,1.77640,0.00000,0.00000,0.01830,0,-1.00000,665164644182,0.00000
570,285,0,2.17669,1.17070,0.09770,0.02170,1280000,-1.00000,665164648000,0.00000
571,285,0,1.75480,0.00000,0.00000,0.02320,0,-1.00000,665164665927,0.00000
572,286,0,0.94460,1.18690,0.10520,0.01870,1280000,-1.00000,665164673677,0.00000
573,286,0,1.76890,0.00000,0.00000,0.02060,0,-1.00000,665164691432,0.00000
574,287,0,2.91580,1.16220,0.09800,0.02230,1280000,-1.00000,665164713206,0.00000
575,287,0,1.70380,0.00000,0.00000,0.01760,0,-1.00000,665164730751,0.00000
576,288,0,1.09260,1.17910,0.10220,0.01810,1280000,-1.00000,665164740191,0.00000
577,288,0,1.77340,0.00000,0.00000,0.02060,0,-1.00000,665164757883,0.00000
578,289,0,1.47350,1.15970,0.10080,0.01790,1280000,-1.00000,665164787046,0.00000
579,289,0,1.75940,0.00000,0.00000,0.01710,0,-1.00000,665164804079,0.00000
580,290,0,0.41670,1.16230,0.09880,0.01900,1280000,-1.00000,665164815002,0.00000
581,290,0,1.70201,0.00000,0.00000,0.01770,0,-1.00000,665164832739,0.00000
582,291,0,0.40249,1.26630,0.17770,0.02410,1280000,-1.00000,665164847484,0.00000
583,291,0,1.90590,0.00000,0.00000,0.01930,0,-1.00000,665164865069,0.00000
584,292,0,0.36980,1.20540,0.10430,0.01710,1280000,-1.00000,665164869234,0.00000
585,292,0,1.70920,0.00000,0.00000,0.01690,0,-1.00000,665164886254,0.00000
586,293,0,0.35460,1.15300,0.09970,0.01730,1280000,-1.00000,665164890281,0.00000
587,293,0,1.72360,0.00000,0.00000,0.02100,0,-1.00000,665164909339,0.00000
588,294,0,0.61220,1.15650,0.11860,0.02420,1280000,-1.00000,665164913034,0.00000
589,294,0,1.77650,0.00000,0.00000,0.03690,0,-1.00000,665164930126,0.00000
590,295,0,0.37370,1.16410,0.10290,0.02190,1280000,-1.00000,665164933673,0.00000
591,295,0,1.80580,0.00000,0.00000,0.01890,0,-1.00000,665164950910,0.00000
592,296,0,2.63340,1.18430,0.11480,0.02340,1280000,-1.00000,665164957034,0.00000
593,296,0,1.76980,0.00000,0.00000,0.01850,0,-1.00000,665164974805,0.00000
594,297,0,0.39350,1.11160,0.10000,0.01730,1280000,-1.00000,665164978541,0.00000
595,297,0,1.73060,0.00000,0.00000,0.01710,0,-1.00000,665164996591,0.00000
596,298,0,0.35720,1.21170,0.09580,0.02130,1280000,-1.00000,665165022932,0.00000
597,298,0,1.73660,0.00000,0.00000,0.01710,0,-1.00000,665165040625,0.00000
598,299,0,0.88900,1.14690,0.10100,0.01760,1280000,-1.00000,665165044555,0.00000
599,299,0,1.68190,0.00000,0.00000,0.01650,0,-1.00000,665165061867,0.00000
600,300,0,1.05339,1.14320,0.12270,0.01890,1280000,-1.00000,665165065437,0.00000
601,300,0,1.72000,0.00000,0.00000,0.01650,0,-1.00000,665165082805,0.00000
602,301,0,0.84240,1.12390,0.10400,0.01860,1280000,-1.00000,665165091688,0.00000
603,301,0,1.63210,0.00000,0.00000,0.01730,0,-1.00000,665165108510,0.00000
604,302,0,1.14970,1.17740,0.11410,0.01740,1280000,-1.00000,665165119048,0.00000
605,302,0,1.73050,0.00000,0.00000,0.01630,0,-1.00000,665165136247,0.00000
606,303,0,0.90820,1.15640,0.10840,0.02090,1280000,-1.00000,665165144676,0.00000
607,303,0,2.58200,0.00000,0.00000,0.06880,0,-1.00000,665165160994,0.00000
608,304,0,0.43430,1.17120,0.11020,0.02070,1280000,-1.00000,665165172488,0.00000
609,304,0,2.33240,0.00000,0.00000,0.05280,0,-1.00000,665165189793,0.00000
610,305,0,0.41960,1.11220,0.09930,0.01790,1280000,-1.00000,665165198874,0.00000
611,305,0,1.63920,0.00000,0.00000,0.01710,0,-1.00000,665165224703,0.00000
612,306,0,2.68440,1.28900,0.12290,0.02380,1280000,-1.00000,665165229035,0.00000
613,306,0,1.88540,0.00000,0.00000,0.02050,0,-1.00000,665165252361,0.00000
614,307,0,0.41360,1.15770,0.12500,0.02260,1280000,-1.00000,665165256558,0.00000
615,307,0,1.82950,0.00000,0.00000,0.01770,0,-1.00000,665165272951,0.00000
616,308,0,0.37400,1.17530,0.10000,0.01880,1280000,-1.00000,665165299799,0.00000
617,308,0,1.68220,0.00000,0.00000,0.01780,0,-1.00000,665165318654,0.00000
618,309,0,2.68100,1.22480,0.19540,0.02290,1280000,-1.00000,665165322785,0.00000
619,309,0,1.85010,0.00000,0.00000,0.01810,0,-1.00000,665165341084,0.00000
620,310,0,0.36750,1.16410,0.10450,0.02150,1280000,-1.00000,665165344817,0.00000
621,310,0,1.72850,0.00000,0.00000,0.01780,0,-1.00000,665165361640,0.00000
622,311,0,0.34280,1.12370,0.11290,0.01930,1280000,-1.00000,665165388453,0.00000
623,311,0,1.65400,0.00000,0.00000,0.01680,0,-1.00000,665165406953,0.00000
624,312,0,2.04680,1.16460,0.09620,0.01730,1280000,-1.00000,665165410627,0.00000
625,312,0,1.67290,0.00000,0.00000,0.01800,0,-1.00000,665165427952,0.00000
626,313,0,2.35600,1.13900,0.11030,0.02330,1280000,-1.00000,665165431337,0.00000
627,313,0,1.73070,0.00000,0.00000,0.02010,0,-1.00000,665165447882,0.00000
628,314,0,0.37300,1.12820,0.12910,0.01770,1280000,-1.00000,665165468350,0.00000
629,314,0,1.65580,0.00000,0.00000,0.01680,0,-1.00000,665165485076,0.00000
630,315,0,0.37650,1.14780,0.11460,0.02110,1280000,-1.00000,665165508645,0.00000
631,315,0,1.67690,0.00000,0.00000,0.01710,0,-1.00000,665165525945,0.00000
632,316,0,1.07050,1.16300,0.10290,0.02100,1280000,-1.00000,665165529672,0.00000
633,316,0,1.70420,0.00000,0.00000,0.02030,0,-1.00000,665165546229,0.00000
634,317,0,0.98340,1.13880,0.12290,0.01950,1280000,-1.00000,665165549994,0.00000
635,317,0,1.69810,0.00000,0.00000,0.01620,0,-1.00000,665165566763,0.00000
636,318,0,0.81440,1.12370,0.10190,0.02730,1280000,-1.00000,665165577480,0.00000
637,318,0,1.76180,0.00000,0.00000,0.02380,0,-1.00000,665165594517,0.00000
638,319,0,0.43620,1.13470,0.09950,0.02050,1280000,-1.00000,665165604350,0.00000
639,319,0,1.66160,0.00000,0.00000,0.01780,0,-1.00000,665165621327,0.00000
640,320,0,0.35450,1.21840,0.10350,0.01900,1280000,-1.00000,665165629478,0.00000
641,320,0,1.83590,0.00000,0.00000,0.01870,0,-1.00000,665165647104,0.00000
642,321,0,2.12210,1.12430,0.10440,0.01880,1280000,-1.00000,665165651453,0.00000
643,321,0,1.61770,0.00000,0.00000,0.01660,0,-1.00000,665165668068,0.00000
644,322,0,0.34889,1.12160,0.10460,0.01800,1280000,-1.00000,665165671611,0.00000
645,322,0,1.65170,0.00000,0.00000,0.01610,0,-1.00000,665165689973,0.00000
646,323,0,0.31570,1.08770,0.10050,0.01650,1280000,-1.00000,665165711193,0.00000
647,323,0,1.58140,0.00000,0.00000,0.01650,0,-1.00000,665165727369,0.00000
648,324,0,2.59910,1.32610,0.12020,0.02340,1280000,-1.00000,665165730859,0.00000
649,324,0,1.87010,0.00000,0.00000,0.02300,0,-1.00000,665165747375,0.00000
650,325,0,0.41450,1.12880,0.10440,0.02000,1280000,-1.00000,665165750531,0.00000
651,325,0,1.67460,0.00000,0.00000,0.01820,0,-1.00000,665165766345,0.00000
652,326,0,0.34301,1.14800,0.11140,0.01780,1280000,-1.00000,665165792336,0.00000
653,326,0,1.65210,0.00000,0.00000,0.01660,0,-1.00000,665165811047,0.00000
654,327,0,0.83560,1.12850,0.12760,0.02000,1280000,-1.00000,665165815186,0.00000
655,327,0,1.70890,0.00000,0.00000,0.01750,0,-1.00000,665165831931,0.00000
656,328,0,1.02490,1.12010,0.10810,0.02480,1280000,-1.00000,665165835360,0.00000
657,328,0,1.67190,0.00000,0.00000,0.01960,0,-1.00000,665165851880,0.00000
658,329,0,1.00810,1.19190,0.12380,0.02090,1280000,-1.00000,665165860258,0.00000
659,329,0,1.74270,0.00000,0.00000,0.01820,0,-1.00000,665165877327,0.00000
660,330,0,0.94680,1.14500,0.13300,0.02190,1280000,-1.00000,665165887578,0.00000
661,330,0,1.93501,0.00000,0.00000,0.01750,0,-1.00000,665165904296,0.00000
662,331,0,0.79130,1.09490,0.12620,0.01760,1280000,-1.00000,665165914377,0.00000
663,331,0,1.90650,0.00000,0.00000,0.02330,0,-1.00000,665165931806,0.00000
664,332,0,0.71960,1.33690,0.10160,0.02780,1280000,-1.00000,665165941270,0.00000
665,332,0,1.93500,0.00000,0.00000,0.02270,0,-1.00000,665165960622,0.00000
666,333,0,0.83470,1.12790,0.10290,0.01920,1280000,-1.00000,665165968536,0.00000
667,333,0,1.66660,0.00000,0.00000,0.01810,0,-1.00000,665165987607,0.00000
668,334,0,2.41000,1.17870,0.10460,0.02060,1280000,-1.00000,665165994798,0.00000
669,334,0,1.73280,0.00000,0.00000,0.01740,0,-1.00000,665166014158,0.00000
670,335,0,0.34970,1.31150,0.10470,0.02120,1280000,-1.00000,665166022502,0.00000
671,335,0,1.85440,0.00000,0.00000,0.01910,0,-1.00000,665166039158,0.00000
672,336,0,0.39110,1.14830,0.10520,0.02290,1280000,-1.00000,665166063265,0.00000
673,336,0,1.68400,0.00000,0.00000,0.01790,0,-1.00000,665166080585,0.00000
674,337,0,1.17830,1.08750,0.09940,0.01790,1280000,-1.00000,665166084081,0.00000
675,337,0,1.60150,0.00000,0.00000,0.02000,0,-1.00000,665166102629,0.00000
676,338,0,1.22250,1.24230,0.17210,0.02100,1280000,-1.00000,665166106542,0.00000
677,338,0,1.84760,0.00000,0.00000,0.02020,0,-1.00000,665166123380,0.00000
678,339,0,1.73330,1.11640,0.10300,0.01730,1280000,-1.00000,665166135163,0.00000
679,339,0,1.62129,0.00000,0.00000,0.01700,0,-1.00000,665166151173,0.00000
680,340,0,0.33110,1.16930,0.09660,0.01760,1280000,-1.00000,665166163405,0.00000
681,340,0,1.66480,0.00000,0.00000,0.01610,0,-1.00000,665166181882,0.00000
682,341,0,0.33980,1.11100,0.13010,0.01770,1280000,-1.00000,665166199207,0.00000
683,341,0,1.65240,0.00000,0.00000,0.02170,0,-1.00000,665166215420,0.00000
684,342,0,0.49580,1.35980,0.11760,0.02260,1280000,-1.00000,665166218729,0.00000
685,342,0,1.96500,0.00000,0.00000,0.02060,0,-1.00000,665166235378,0.00000
686,343,0,0.40500,1.08030,0.12130,0.02570,1280000,-1.00000,665166238778,0.00000
687,343,0,1.73650,0.00000,0.00000,0.02030,0,-1.00000,665166255308,0.00000
688,344,0,0.38240,1.13660,0.09910,0.02000,1280000,-1.00000,665166260265,0.00000
689,344,0,1.72420,0.00000,0.00000,0.02150,0,-1.00000,665166279911,0.00000
690,345,0,1.03510,1.10650,0.10630,0.02230,1280000,-1.00000,665166283962,0.00000
691,345,0,1.66200,0.00000,0.00000,0.01800,0,-1.00000,665166301339,0.00000
692,346,0,0.38940,1.23960,0.17170,0.01990,1280000,-1.00000,665166305152,0.00000
693,346,0,1.85160,0.00000,0.00000,0.01790,0,-1.00000,665166322395,0.00000
694,347,0,0.35130,1.12330,0.10670,0.02160,1280000,-1.00000,665166332741,0.00000
695,347,0,1.68100,0.00000,0.00000,0.01870,0,-1.00000,665166349366,0.00000
696,348,0,0.89850,1.16890,0.12560,0.02050,1280000,-1.00000,665166353260,0.00000
697,348,0,1.98170,0.00000,0.00000,0.02300,0,-1.00000,665166371774,0.00000
698,349,0,0.72920,1.11110,0.12610,0.01930,1280000,-1.00000,665166375284,0.00000
699,349,0,2.05800,0.00000,0.00000,0.01730,0,-1.00000,665166392096,0.00000
700,350,0,2.11971,1.15220,0.10960,0.01970,1280000,-1.00000,665166401082,0.00000
701,350,0,1.68209,0.00000,0.00000,0.01700,0,-1.00000,665166420902,0.00000
702,351,0,1.95381,1.11880,0.09970,0.02080,1280000,-1.00000,665166428189,0.00000
703,351,0,1.75090,0.00000,0.00000,0.01900,0,-1.00000,665166448768,0.00000
704,352,0,0.52410,1.13610,0.10310,0.02450,1280000,-1.00000,665166469978,0.00000
705,352,0,1.79320,0.00000,0.00000,0.02200,0,-1.00000,665166486789,0.00000
706,353,0,0.54570,1.11000,0.10900,0.02000,1280000,-1.00000,665166506344,0.00000
707,353,0,1.81901,0.00000,0.00000,0.01900,0,-1.00000,665166523877,0.00000
708,354,0,0.62080,1.10200,0.09400,0.02410,1280000,-1.00000,665166529073,0.00000
709,354,0,1.79170,0.00000,0.00000,0.01820,0,-1.00000,665166547012,0.00000
710,355,0,3.53720,1.10880,0.09230,0.01960,1280000,-1.00000,665166552459,0.00000
711,355,0,1.85170,0.00000,0.00000,0.02230,0,-1.00000,665166570654,0.00000
712,356,0,0.53640,1.10040,0.12230,0.02400,1280000,-1.00000,665166577047,0.00000
713,356,0,1.92270,0.00000,0.00000,0.02030,0,-1.00000,665166594778,0.00000
714,357,0,0.49030,1.07580,0.09370,0.03160,1280000,-1.00000,665166630149,0.00000
715,357,0,1.85090,0.00000,0.00000,0.01790,0,-1.00000,665166648675,0.00000
716,358,0,1.64730,1.13970,0.11280,0.02050,1280000,-1.00000,665166654032,0.00000
717,358,0,1.75710,0.00000,0.00000,0.02120,0,-1.00000,665166673265,0.00000
718,359,0,0.45150,1.06020,0.10780,0.02030,1280000,-1.00000,665166678167,0.00000
719,359,0,1.66370,0.00000,0.00000,0.01950,0,-1.00000,665166696673,0.00000
720,360,0,0.47010,1.09350,0.11770,0.03070,1280000,-1.00000,665166713149,0.00000
721,360,0,1.75180,0.00000,0.00000,0.02130,0,-1.00000,665166730711,0.00000
722,361,0,0.67080,1.10200,0.11190,0.02080,1280000,-1.00000,665166735226,0.00000
723,361,0,1.83460,0.00000,0.00000,0.01870,0,-1.00000,665166751865,0.00000
724,362,0,2.27330,1.14330,0.10520,0.01980,1280000,-1.00000,665166756564,0.00000
725,362,0,1.86110,0.00000,0.00000,0.01920,0,-1.00000,665166774088,0.00000
726,363,0,0.41920,1.11400,0.09630,0.01890,1280000,-1.00000,665166780790,0.00000
727,363,0,1.80430,0.00000,0.00000,0.01990,0,-1.00000,665166799144,0.00000
728,364,0,0.42500,1.11040,0.13160,0.01970,1280000,-1.00000,665166821875,0.00000
729,364,0,1.84300,0.00000,0.00000,0.02000,0,-1.00000,665166840483,0.00000
730,365,0,0.55290,1.07700,0.10450,0.02770,1280000,-1.00000,665166844670,0.00000
731,365,0,1.87100,0.00000,0.00000,0.01750,0,-1.00000,665166862721,0.00000
732,366,0,0.60990,1.10390,0.11430,0.02250,1280000,-1.00000,665166866961,0.00000
733,366,0,1.93120,0.00000,0.00000,0.01730,0,-1.00000,665166885401,0.00000
734,367,0,0.79530,1.07640,0.14620,0.02690,1280000,-1.00000,665166890930,0.00000
735,367,0,1.95140,0.00000,0.00000,0.01890,0,-1.00000,665166909642,0.00000
736,368,0,0.82670,1.13630,0.12350,0.03410,1280000,-1.00000,665166915734,0.00000
737,368,0,1.99810,0.00000,0.00000,0.02110,0,-1.00000,665166935047,0.00000
738,369,0,0.64210,1.14840,0.14230,0.02160,1280000,-1.00000,665166943007,0.00000
739,369,0,1.92490,0.00000,0.00000,0.02280,0,-1.00000,665166962531,0.00000
740,370,0,1.45960,1.17810,0.08310,0.02930,1280000,-1.00000,665166970789,0.00000
741,370,0,2.03410,0.00000,0.00000,0.03240,0,-1.00000,665166990778,0.00000
742,371,0,0.68580,1.06040,0.11130,0.03830,1280000,-1.00000,665166997178,0.00000
743,371,0,1.72880,0.00000,0.00000,0.01820,0,-1.00000,665167016430,0.00000
744,372,0,0.55960,1.25010,0.09300,0.02430,1280000,-1.00000,665167031028,0.00000
745,372,0,2.10520,0.00000,0.00000,0.02350,0,-1.00000,665167051384,0.00000
746,373,0,1.12120,1.16670,0.13180,0.07100,1280000,-1.00000,665167058233,0.00000
747,373,0,2.31679,0.00000,0.00000,0.02570,0,-1.00000,665167075520,0.00000
748,374,0,0.69980,1.21760,0.11720,0.02400,1280000,-1.00000,665167081112,0.00000
749,374,0,2.02180,0.00000,0.00000,0.02070,0,-1.00000,665167102176,0.00000
750,375,0,0.51040,1.06780,0.11070,0.02300,1280000,-1.00000,665167113384,0.00000
751,375,0,1.71390,0.00000,0.00000,0.02140,0,-1.00000,665167136570,0.00000
752,376,0,0.53610,1.08970,0.10530,0.02100,1280000,-1.00000,665167143546,0.00000
753,376,0,1.85330,0.00000,0.00000,0.01980,0,-1.00000,665167163756,0.00000
754,377,0,0.50370,1.06770,0.10350,0.02080,1280000,-1.00000,665167168865,0.00000
755,377,0,1.73520,0.00000,0.00000,0.01840,0,-1.00000,665167186007,0.00000
756,378,0,0.98231,1.10320,0.11450,0.02340,1280000,-1.00000,665167191373,0.00000
757,378,0,1.83970,0.00000,0.00000,0.01920,0,-1.00000,665167209900,0.00000
758,379,0,0.44240,1.06210,0.10180,0.02430,1280000,-1.00000,665167214934,0.00000
759,379,0,1.76190,0.00000,0.00000,0.01640,0,-1.00000,665167232283,0.00000
760,380,0,1.33020,1.19140,0.15060,0.02200,1280000,-1.00000,665167242119,0.00000
761,380,0,1.98640,0.00000,0.00000,0.01870,0,-1.00000,665167260507,0.00000
762,381,0,0.71159,1.15290,0.13370,0.03180,1280000,-1.00000,665167264930,0.00000
763,381,0,2.07760,0.00000,0.00000,0.02090,0,-1.00000,665167282549,0.00000
764,382,0,0.43420,1.08650,0.09990,0.02200,1280000,-1.00000,665167295858,0.00000
765,382,0,1.78490,0.00000,0.00000,0.01980,0,-1.00000,665167315715,0.00000
766,383,0,0.49120,1.11360,0.11220,0.02080,1280000,-1.00000,665167322835,0.00000
767,383,0,1.79690,0.00000,0.00000,0.01790,0,-1.00000,665167343618,0.00000
768,384,0,0.44401,1.12910,0.11930,0.02340,1280000,-1.00000,665167347951,0.00000
769,384,0,1.87330,0.00000,0.00000,0.01940,0,-1.00000,665167365798,0.00000
770,385,0,0.66300,1.04780,0.09300,0.02010,1280000,-1.00000,665167370713,0.00000
771,385,0,1.82720,0.00000,0.00000,0.01910,0,-1.00000,665167388679,0.00000
772,386,0,0.82200,1.08270,0.09970,0.02190,1280000,-1.00000,665167393121,0.00000
773,386,0,1.72360,0.00000,0.00000,0.02040,0,-1.00000,665167411855,0.00000
774,387,0,0.91930,1.08410,0.10560,0.01820,1280000,-1.00000,665167418481,0.00000
775,387,0,1.78320,0.00000,0.00000,0.02200,0,-1.00000,665167436757,0.00000
776,388,0,0.97530,1.12300,0.09930,0.02120,1280000,-1.00000,665167444974,0.00000
777,388,0,1.91060,0.00000,0.00000,0.02070,0,-1.00000,665167462212,0.00000
778,389,0,0.87090,1.09200,0.09460,0.01940,1280000,-1.00000,665167471407,0.00000
779,389,0,1.74751,0.00000,0.00000,0.01740,0,-1.00000,665167489239,0.00000
780,390,0,0.85620,1.12210,0.09900,0.01920,1280000,-1.00000,665167498991,0.00000
781,390,0,2.60680,0.00000,0.00000,0.02240,0,-1.00000,665167518086,0.00000
782,391,0,0.51380,1.08760,0.09630,0.01820,1280000,-1.00000,665167526805,0.00000
783,391,0,1.76490,0.00000,0.00000,0.02100,0,-1.00000,665167544278,0.00000
784,392,0,0.58030,1.15520,0.12540,0.02640,1280000,-1.00000,665167552932,0.00000
785,392,0,1.94970,0.00000,0.00000,0.01870,0,-1.00000,665167578913,0.00000
786,393,0,0.47300,1.04960,0.13730,0.02420,1280000,-1.00000,665167584048,0.00000
787,393,0,1.91000,0.00000,0.00000,0.02050,0,-1.00000,665167601694,0.00000
788,394,0,2.51890,1.09880,0.10500,0.02280,1280000,-1.00000,665167607496,0.00000
789,394,0,1.87140,0.00000,0.00000,0.01960,0,-1.00000,665167627000,0.00000
790,395,0,0.50940,1.08450,0.10420,0.02210,1280000,-1.00000,665167631731,0.00000
791,395,0,1.80631,0.00000,0.00000,0.01820,0,-1.00000,665167650832,0.00000
792,396,0,0.51679,1.15220,0.10800,0.02260,1280000,-1.00000,665167676022,0.00000
793,396,0,1.92440,0.00000,0.00000,0.01590,0,-1.00000,665167694730,0.00000
794,397,0,0.42940,1.04360,0.09760,0.01880,1280000,-1.00000,665167699826,0.00000
795,397,0,1.73490,0.00000,0.00000,0.01660,0,-1.00000,665167717887,0.00000
796,398,0,0.70460,1.15500,0.11590,0.01930,1280000,-1.00000,665167723053,0.00000
797,398,0,1.87620,0.00000,0.00000,0.01750,0,-1.00000,665167742295,0.00000
798,399,0,0.78730,1.09520,0.10000,0.02080,1280000,-1.00000,665167746589,0.00000
799,399,0,1.94060,0.00000,0.00000,0.01890,0,-1.00000,665167763928,0.00000
800,400,0,0.69890,1.12050,0.10900,0.01990,1280000,-1.00000,665167770986,0.00000
801,400,0,1.89770,0.00000,0.00000,0.01960,0,-1.00000,665167789748,0.00000
802,401,0,2.23080,1.09860,0.11320,0.02060,1280000,-1.00000,665167797623,0.00000
803,401,0,1.80280,0.00000,0.00000,0.01770,0,-1.00000,665167817031,0.00000
804,402,0,0.46110,1.09280,0.11130,0.02350,1280000,-1.00000,665167824014,0.00000
805,402,0,1.86830,0.00000,0.00000,0.01890,0,-1.00000,665167842983,0.00000
806,403,0,0.48220,1.03230,0.09730,0.02150,1280000,-1.00000,665167865309,0.00000
807,403,0,1.73280,0.00000,0.00000,0.01760,0,-1.00000,665167883330,0.00000
808,404,0,0.46960,1.11450,0.09880,0.01680,1280000,-1.00000,665167887939,0.00000
809,404,0,1.77080,0.00000,0.00000,0.01660,0,-1.00000,665167906625,0.00000
810,405,0,0.82990,1.05990,0.12220,0.02020,1280000,-1.00000,665167911444,0.00000
811,405,0,1.74540,0.00000,0.00000,0.01550,0,-1.00000,665167928775,0.00000
812,406,0,0.99340,1.08560,0.12010,0.02570,1280000,-1.00000,665167933466,0.00000
813,406,0,1.98580,0.00000,0.00000,0.02250,0,-1.00000,665167951176,0.00000
814,407,0,0.50400,1.19420,0.17770,0.01920,1280000,-1.00000,665167959476,0.00000
815,407,0,1.98099,0.00000,0.00000,0.02150,0,-1.00000,665167976934,0.00000
816,408,0,2.83800,1.16450,0.16800,0.01900,1280000,-1.00000,665167986864,0.00000
817,408,0,1.96000,0.00000,0.00000,0.01990,0,-1.00000,665168006736,0.00000
818,409,0,0.47550,1.08420,0.17170,0.02000,1280000,-1.00000,665168011763,0.00000
819,409,0,1.92750,0.00000,0.00000,0.01840,0,-1.00000,665168031575,0.00000
820,410,0,0.49140,1.10570,0.12510,0.02260,1280000,-1.00000,665168059957,0.00000
821,410,0,2.00020,0.00000,0.00000,0.01980,0,-1.00000,665168079552,0.00000
822,411,0,0.54520,1.10650,0.17240,0.02170,1280000,-1.00000,665168084306,0.00000
823,411,0,1.90250,0.00000,0.00000,0.01810,0,-1.00000,665168103582,0.00000
824,412,0,0.48510,1.10480,0.10870,0.02370,1280000,-1.00000,665168108495,0.00000
825,412,0,1.84310,0.00000,0.00000,0.01760,0,-1.00000,665168128502,0.00000
826,413,0,0.49080,1.02270,0.09530,0.02280,1280000,-1.00000,665168133957,0.00000
827,413,0,1.76380,0.00000,0.00000,0.02080,0,-1.00000,665168152977,0.00000
828,414,0,0.49250,1.10850,0.10290,0.02150,1280000,-1.00000,665168157824,0.00000
829,414,0,1.82690,0.00000,0.00000,0.01900,0,-1.00000,665168176255,0.00000
830,415,0,0.93210,1.07310,0.10940,0.01820,1280000,-1.00000,665168181168,0.00000
831,415,0,1.76450,0.00000,0.00000,0.01840,0,-1.00000,665168198805,0.00000
832,416,0,0.93080,1.11010,0.10340,0.02240,1280000,-1.00000,665168203728,0.00000
833,416,0,1.82290,0.00000,0.00000,0.01770,0,-1.00000,665168221998,0.00000
834,417,0,0.80400,1.02570,0.11470,0.02800,1280000,-1.00000,665168231324,0.00000
835,417,0,1.88920,0.00000,0.00000,0.02160,0,-1.00000,665168248963,0.00000
836,418,0,2.18150,1.10430,0.10610,0.02060,1280000,-1.00000,665168258269,0.00000
837,418,0,1.86310,0.00000,0.00000,0.01810,0,-1.00000,665168276501,0.00000
838,419,0,0.44830,1.06220,0.09560,0.01810,1280000,-1.00000,665168284542,0.00000
839,419,0,1.79840,0.00000,0.00000,0.01990,0,-1.00000,665168303442,0.00000
840,420,0,0.48160,1.10310,0.10620,0.01950,1280000,-1.00000,665168325255,0.00000
841,420,0,1.83170,0.00000,0.00000,0.01930,0,-1.00000,665168343880,0.00000
842,421,0,0.48680,1.01760,0.10660,0.01980,1280000,-1.00000,665168348362,0.00000
843,421,0,1.74850,0.00000,0.00000,0.01960,0,-1.00000,665168366348,0.00000
844,422,0,0.46870,1.09990,0.10040,0.02090,1280000,-1.00000,665168371163,0.00000
845,422,0,1.87601,0.00000,0.00000,0.02100,0,-1.00000,665168389477,0.00000
846,423,0,0.51090,1.11450,0.10420,0.02090,1280000,-1.00000,665168394348,0.00000
847,423,0,1.84300,0.00000,0.00000,0.01840,0,-1.00000,665168411830,0.00000
848,424,0,0.76420,1.13230,0.10060,0.02260,1280000,-1.00000,665168416520,0.00000
849,424,0,1.92340,0.00000,0.00000,0.01760,0,-1.00000,665168435281,0.00000
850,425,0,0.48280,1.05800,0.09960,0.02190,1280000,-1.00000,665168440383,0.00000
851,425,0,1.80100,0.00000,0.00000,0.01960,0,-1.00000,665168458807,0.00000
852,426,0,1.62560,1.09300,0.10640,0.02240,1280000,-1.00000,665168466453,0.00000
853,426,0,1.78739,0.00000,0.00000,0.01780,0,-1.00000,665168485689,0.00000
854,427,0,0.47490,1.05530,0.10590,0.02120,1280000,-1.00000,665168490522,0.00000
855,427,0,1.76030,0.00000,0.00000,0.01670,0,-1.00000,665168508533,0.00000
856,428,0,0.47610,1.09960,0.10700,0.02150,1280000,-1.00000,665168524788,0.00000
857,428,0,1.85650,0.00000,0.00000,0.01780,0,-1.00000,665168542658,0.00000
858,429,0,0.83520,1.01970,0.10530,0.02280,1280000,-1.00000,665168547415,0.00000
859,429,0,1.78470,0.00000,0.00000,0.01990,0,-1.00000,665168565012,0.00000
860,430,0,2.29390,1.07580,0.10440,0.02220,1280000,-1.00000,665168569777,0.00000
861,430,0,1.83750,0.00000,0.00000,0.02340,0,-1.00000,665168588341,0.00000
862,431,0,0.52850,1.09090,0.11030,0.02610,1280000,-1.00000,665168596693,0.00000
863,431,0,1.93350,0.00000,0.00000,0.01800,0,-1.00000,665168614545,0.00000
864,432,0,0.43550,1.08310,0.10950,0.02330,1280000,-1.00000,665168637483,0.00000
865,432,0,1.82580,0.00000,0.00000,0.01900,0,-1.00000,665168655864,0.00000
866,433,0,0.50110,1.00790,0.09840,0.02080,1280000,-1.00000,665168661136,0.00000
867,433,0,1.76030,0.00000,0.00000,0.01650,0,-1.00000,665168680477,0.00000
868,434,0,0.53660,1.10140,0.11120,0.01990,1280000,-1.00000,665168684822,0.00000
869,434,0,1.84150,0.00000,0.00000,0.01520,0,-1.00000,665168703087,0.00000
870,435,0,0.87870,1.04230,0.08990,0.02310,1280000,-1.00000,665168708089,0.00000
871,435,0,1.74540,0.00000,0.00000,0.01830,0,-1.00000,665168725695,0.00000
872,436,0,0.98400,1.11810,0.10580,0.02150,1280000,-1.00000,665168731089,0.00000
873,436,0,1.90020,0.00000,0.00000,0.01890,0,-1.00000,665168749480,0.00000
874,437,0,0.82650,1.01400,0.10960,0.01770,1280000,-1.00000,665168758270,0.00000
875,437,0,1.78150,0.00000,0.00000,0.02020,0,-1.00000,665168775724,0.00000
876,438,0,0.90410,1.09830,0.10960,0.02080,1280000,-1.00000,665168785762,0.00000
877,438,0,1.81800,0.00000,0.00000,0.01850,0,-1.00000,665168804568,0.00000
878,439,0,0.47870,1.04960,0.10640,0.01760,1280000,-1.00000,665168812967,0.00000
879,439,0,1.78700,0.00000,0.00000,0.02050,0,-1.00000,665168830641,0.00000
880,440,0,1.35750,1.09320,0.12590,0.02090,1280000,-1.00000,665168839691,0.00000
881,440,0,1.96940,0.00000,0.00000,0.01920,0,-1.00000,665168857867,0.00000
882,441,0,1.29760,1.01570,0.10010,0.02330,1280000,-1.00000,665168862650,0.00000
883,441,0,1.77470,0.00000,0.00000,0.02160,0,-1.00000,665168880522,0.00000
884,442,0,0.54200,1.05280,0.12770,0.02300,1280000,-1.00000,665168894101,0.00000
885,442,0,1.95450,0.00000,0.00000,0.02130,0,-1.00000,665168913796,0.00000
886,443,0,1.09110,1.01030,0.09380,0.02060,1280000,-1.00000,665168926772,0.00000
887,443,0,1.76630,0.00000,0.00000,0.02120,0,-1.00000,665168944507,0.00000
888,444,0,0.96631,1.11670,0.09690,0.02080,1280000,-1.00000,665168949937,0.00000
889,444,0,1.85920,0.00000,0.00000,0.01980,0,-1.00000,665168969495,0.00000
890,445,0,0.48940,1.02480,0.10920,0.02070,1280000,-1.00000,665168980398,0.00000
891,445,0,1.72240,0.00000,0.00000,0.02060,0,-1.00000,665168998055,0.00000
892,446,0,0.49990,1.18200,0.10690,0.02320,1280000,-1.00000,665169007764,0.00000
893,446,0,2.02010,0.00000,0.00000,0.02100,0,-1.00000,665169026310,0.00000
894,447,0,2.44700,1.09770,0.10300,0.03250,1280000,-1.00000,665169031198,0.00000
895,447,0,1.94180,0.00000,0.00000,0.01830,0,-1.00000,665169048429,0.00000
896,448,0,0.53860,1.06420,0.10020,0.02420,1280000,-1.00000,665169053428,0.00000
897,448,0,1.83040,0.00000,0.00000,0.02090,0,-1.00000,665169073631,0.00000
898,449,0,1.03730,1.02180,0.10640,0.02680,1280000,-1.00000,665169098108,0.00000
899,449,0,1.81290,0.00000,0.00000,0.02010,0,-1.00000,665169117532,0.00000
900,450,0,0.82990,1.05670,0.10340,0.01940,1280000,-1.00000,665169122898,0.00000
901,450,0,1.80880,0.00000,0.00000,0.01710,0,-1.00000,665169141207,0.00000
902,451,0,1.05380,1.43610,0.11890,0.02780,1280000,-1.00000,665169151585,0.00000
903,451,0,2.21820,0.00000,0.00000,0.01810,0,-1.00000,665169169713,0.00000
904,452,0,0.47110,1.17570,0.17880,0.02050,1280000,-1.00000,665169178006,0.00000
905,452,0,1.98650,0.00000,0.00000,0.02060,0,-1.00000,665169196095,0.00000
906,453,0,0.66280,1.02390,0.10590,0.02380,1280000,-1.00000,665169206635,0.00000
907,453,0,1.82810,0.00000,0.00000,0.02180,0,-1.00000,665169228828,0.00000
908,454,0,0.91139,1.07570,0.12000,0.02590,1280000,-1.00000,665169233522,0.00000
909,454,0,1.88800,0.00000,0.00000,0.01910,0,-1.00000,665169253389,0.00000
910,455,0,0.72390,1.02700,0.12100,0.02610,1280000,-1.00000,665169260012,0.00000
911,455,0,1.83740,0.00000,0.00000,0.02260,0,-1.00000,665169278305,0.00000
912,456,0,0.84470,1.10040,0.09790,0.02410,1280000,-1.00000,665169287419,0.00000
913,456,0,1.83120,0.00000,0.00000,0.01790,0,-1.00000,665169306305,0.00000
914,457,0,0.92299,1.01050,0.11410,0.01910,1280000,-1.00000,665169313536,0.00000
915,457,0,2.64810,0.00000,0.00000,0.02040,0,-1.00000,665169331913,0.00000
916,458,0,1.43190,1.09610,0.11450,0.01990,1280000,-1.00000,665169340349,0.00000
917,458,0,1.85920,0.00000,0.00000,0.01780,0,-1.00000,665169358666,0.00000
918,459,0,0.46060,1.00410,0.09880,0.02240,1280000,-1.00000,665169367890,0.00000
919,459,0,1.70090,0.00000,0.00000,0.01870,0,-1.00000,665169394372,0.00000
920,460,0,0.45620,1.08850,0.10000,0.01870,1280000,-1.00000,665169408697,0.00000
921,460,0,1.76090,0.00000,0.00000,0.01590,0,-1.00000,665169427289,0.00000
922,461,0,0.45770,1.04830,0.10300,0.01970,1280000,-1.00000,665169431886,0.00000
923,461,0,1.71070,0.00000,0.00000,0.02030,0,-1.00000,665169448904,0.00000
924,462,0,2.41740,1.08890,0.11810,0.02040,1280000,-1.00000,665169453465,0.00000
925,462,0,1.80310,0.00000,0.00000,0.01760,0,-1.00000,665169471070,0.00000
926,463,0,0.86320,1.06610,0.13270,0.02010,1280000,-1.00000,665169475646,0.00000
927,463,0,1.80410,0.00000,0.00000,0.02140,0,-1.00000,665169492746,0.00000
928,464,0,2.35630,1.09260,0.10890,0.02070,1280000,-1.00000,665169516939,0.00000
929,464,0,1.74760,0.00000,0.00000,0.01900,0,-1.00000,665169534962,0.00000
930,465,0,0.41690,1.00440,0.10100,0.02230,1280000,-1.00000,665169543606,0.00000
931,465,0,1.71990,0.00000,0.00000,0.02160,0,-1.00000,665169561634,0.00000
932,466,0,0.53590,1.04660,0.09700,0.02350,1280000,-1.00000,665169585193,0.00000
933,466,0,1.79090,0.00000,0.00000,0.03040,0,-1.00000,665169602668,0.00000
934,467,0,0.46530,1.02110,0.10290,0.01850,1280000,-1.00000,665169606834,0.00000
935,467,0,1.73080,0.00000,0.00000,0.02050,0,-1.00000,665169624049,0.00000
936,468,0,0.93919,1.06230,0.11850,0.02030,1280000,-1.00000,665169629404,0.00000
937,468,0,1.79491,0.00000,0.00000,0.01670,0,-1.00000,665169647312,0.00000
938,469,0,2.31000,1.00610,0.09890,0.02230,1280000,-1.00000,665169651962,0.00000
939,469,0,1.65670,0.00000,0.00000,0.01930,0,-1.00000,665169669266,0.00000
940,470,0,1.10320,1.08310,0.09960,0.01830,1280000,-1.00000,665169678658,0.00000
941,470,0,1.79370,0.00000,0.00000,0.01610,0,-1.00000,665169696611,0.00000
942,471,0,0.85340,1.04190,0.09930,0.01800,1280000,-1.00000,665169719715,0.00000
943,471,0,1.68240,0.00000,0.00000,0.01540,0,-1.00000,665169736277,0.00000
944,472,0,0.96250,1.08280,0.11120,0.01870,1280000,-1.00000,665169747315,0.00000
945,472,0,1.76780,0.00000,0.00000,0.02240,0,-1.00000,665169765245,0.00000
946,473,0,0.95620,1.04940,0.10740,0.01920,1280000,-1.00000,665169773775,0.00000
947,473,0,1.69740,0.00000,0.00000,0.01950,0,-1.00000,665169790601,0.00000
948,474,0,1.04070,1.12130,0.09990,0.01970,1280000,-1.00000,665169800234,0.00000
949,474,0,1.98559,0.00000,0.00000,0.02000,0,-1.00000,665169817900,0.00000
950,475,0,0.70721,1.02580,0.09920,0.02100,1280000,-1.00000,665169827472,0.00000
951,475,0,2.02450,0.00000,0.00000,0.01780,0,-1.00000,665169844442,0.00000
952,476,0,0.66320,1.05150,0.10650,0.02350,1280000,-1.00000,665169854853,0.00000
953,476,0,1.88240,0.00000,0.00000,0.01790,0,-1.00000,665169874710,0.00000
954,477,0,0.42260,1.04100,0.10640,0.02110,1280000,-1.00000,665169881797,0.00000
955,477,0,1.75960,0.00000,0.00000,0.01560,0,-1.00000,665169902030,0.00000
956,478,0,2.74620,1.05450,0.15140,0.02550,1280000,-1.00000,665169908660,0.00000
957,478,0,1.84890,0.00000,0.00000,0.02090,0,-1.00000,665169927477,0.00000
958,479,0,0.47479,1.06370,0.10380,0.02370,1280000,-1.00000,665169931711,0.00000
959,479,0,1.80540,0.00000,0.00000,0.02190,0,-1.00000,665169949296,0.00000
960,480,0,0.46780,1.10210,0.09460,0.02070,1280000,-1.00000,665169976764,0.00000
961,480,0,1.78550,0.00000,0.00000,0.01830,0,-1.00000,665169995258,0.00000
962,481,0,0.46890,1.00350,0.10090,0.02210,1280000,-1.00000,665170000008,0.00000
963,481,0,1.66181,0.00000,0.00000,0.01800,0,-1.00000,665170018058,0.00000
964,482,0,0.43440,1.13900,0.11620,0.02490,1280000,-1.00000,665170022738,0.00000
965,482,0,1.85930,0.00000,0.00000,0.01860,0,-1.00000,665170040591,0.00000
966,483,0,0.39820,1.01470,0.12290,0.01710,1280000,-1.00000,665170045271,0.00000
967,483,0,1.64021,0.00000,0.00000,0.01610,0,-1.00000,665170061895,0.00000
968,484,0,0.59060,1.09290,0.11740,0.01980,1280000,-1.00000,665170066237,0.00000
969,484,0,1.78970,0.00000,0.00000,0.01550,0,-1.00000,665170084833,0.00000
970,485,0,0.91110,1.05270,0.11220,0.01590,1280000,-1.00000,665170088809,0.00000
971,485,0,1.76690,0.00000,0.00000,0.02230,0,-1.00000,665170105214,0.00000
972,486,0,0.93940,1.11730,0.10450,0.02240,1280000,-1.00000,665170111118,0.00000
973,486,0,1.83470,0.00000,0.00000,0.01790,0,-1.00000,665170129015,0.00000
974,487,0,1.12220,1.05370,0.11780,0.02300,1280000,-1.00000,665170138126,0.00000
975,487,0,1.73230,0.00000,0.00000,0.01670,0,-1.00000,665170155806,0.00000
976,488,0,0.92630,1.07680,0.10700,0.02240,1280000,-1.00000,665170165206,0.00000
977,488,0,1.77550,0.00000,0.00000,0.02220,0,-1.00000,665170183541,0.00000
978,489,0,0.97740,1.06650,0.12660,0.02100,1280000,-1.00000,665170194766,0.00000
979,489,0,1.70270,0.00000,0.00000,0.01610,0,-1.00000,665170212081,0.00000
980,490,0,2.26890,1.32720,0.11370,0.02720,1280000,-1.00000,665170221343,0.00000
981,490,0,2.17670,0.00000,0.00000,0.02230,0,-1.00000,665170239103,0.00000
982,491,0,0.49700,1.02400,0.09770,0.02360,1280000,-1.00000,665170248878,0.00000
983,491,0,1.64410,0.00000,0.00000,0.02190,0,-1.00000,665170265901,0.00000
984,492,0,2.90609,1.14130,0.10730,0.02420,1280000,-1.00000,665170288594,0.00000
985,492,0,1.74590,0.00000,0.00000,0.01870,0,-1.00000,665170310370,0.00000
986,493,0,0.44060,1.05900,0.09900,0.01980,1280000,-1.00000,665170315334,0.00000
987,493,0,1.71500,0.00000,0.00000,0.01800,0,-1.00000,665170331771,0.00000
988,494,0,0.40370,1.07230,0.10330,0.02090,1280000,-1.00000,665170360835,0.00000
989,494,0,1.65230,0.00000,0.00000,0.01820,0,-1.00000,665170378290,0.00000
990,495,0,0.40010,1.01380,0.09940,0.01790,1280000,-1.00000,665170382693,0.00000
991,495,0,1.61040,0.00000,0.00000,0.02160,0,-1.00000,665170399846,0.00000
992,496,0,0.44170,1.10910,0.11010,0.01840,1280000,-1.00000,665170403885,0.00000
993,496,0,1.68220,0.00000,0.00000,0.01720,0,-1.00000,665170420410,0.00000
994,497,0,0.56130,1.22920,0.10910,0.02040,1280000,-1.00000,665170424407,0.00000
995,497,0,1.85080,0.00000,0.00000,0.02070,0,-1.00000,665170440508,0.00000
996,498,0,0.41380,1.06780,0.10660,0.02320,1280000,-1.00000,665170444932,0.00000
997,498,0,1.71280,0.00000,0.00000,0.01980,0,-1.00000,665170461750,0.00000
998,499,0,2.50380,1.02000,0.11050,0.02040,1280000,-1.00000,665170467366,0.00000
999,499,0,1.61940,0.00000,0.00000,0.01720,0,-1.00000,665170485877,0.00000
1000,500,0,0.37880,1.06030,0.10900,0.01750,1280000,-1.00000,665170490011,0.00000
1001,500,0,1.59440,0.00000,0.00000,0.01630,0,-1.00000,665170507139,0.00000
1002,501,0,0.49840,1.03200,0.12380,0.02240,1280000,-1.00000,665170532182,0.00000
1003,501,0,1.65200,0.00000,0.00000,0.02120,0,-1.00000,665170548371,0.00000
1004,502,0,0.38190,1.10810,0.10540,0.01900,1280000,-1.00000,665170552156,0.00000
1005,502,0,1.64500,0.00000,0.00000,0.01760,0,-1.00000,665170568098,0.00000
1006,503,0,0.34661,1.02970,0.11540,0.02050,1280000,-1.00000,665170573085,0.00000
1007,503,0,1.61650,0.00000,0.00000,0.01720,0,-1.00000,665170589611,0.00000
1008,504,0,1.10580,1.06580,0.11660,0.01800,1280000,-1.00000,665170593424,0.00000
1009,504,0,1.60191,0.00000,0.00000,0.01600,0,-1.00000,665170609875,0.00000
1010,505,0,1.00540,1.11560,0.10860,0.02680,1280000,-1.00000,665170613344,0.00000
1011,505,0,1.72700,0.00000,0.00000,0.02280,0,-1.00000,665170629506,0.00000
1012,506,0,2.34920,1.07140,0.11280,0.02480,1280000,-1.00000,665170640566,0.00000
1013,506,0,1.65820,0.00000,0.00000,0.01990,0,-1.00000,665170656579,0.00000
1014,507,0,0.36550,1.06610,0.09720,0.01830,1280000,-1.00000,665170666651,0.00000
1015,507,0,1.60230,0.00000,0.00000,0.01720,0,-1.00000,665170683911,0.00000
1016,508,0,0.33280,1.11430,0.10920,0.01750,1280000,-1.00000,665170707401,0.00000
1017,508,0,1.66870,0.00000,0.00000,0.01680,0,-1.00000,665170723985,0.00000
1018,509,0,1.08780,1.09070,0.10170,0.02040,1280000,-1.00000,665170727638,0.00000
1019,509,0,2.53600,0.00000,0.00000,0.01840,0,-1.00000,665170743658,0.00000
1020,510,0,0.36030,1.13340,0.09200,0.01720,1280000,-1.00000,665170746985,0.00000
1021,510,0,1.63810,0.00000,0.00000,0.01650,0,-1.00000,665170763674,0.00000
1022,511,0,0.86690,1.03330,0.10490,0.02500,1280000,-1.00000,665170774558,0.00000
1023,511,0,2.00210,0.00000,0.00000,0.02300,0,-1.00000,665170799918,0.00000
1024,512,0,0.71680,1.13140,0.14480,0.02310,1280000,-1.00000,665170803515,0.00000
1025,512,0,1.77180,0.00000,0.00000,0.02040,0,-1.00000,665170819894,0.00000
1026,513,0,0.88560,1.07890,0.10210,0.01890,1280000,-1.00000,665170828574,0.00000
1027,513,0,1.69420,0.00000,0.00000,0.01720,0,-1.00000,665170848589,0.00000
1028,514,0,1.07240,1.15100,0.10170,0.01940,1280000,-1.00000,665170855753,0.00000
1029,514,0,1.66849,0.00000,0.00000,0.01640,0,-1.00000,665170873475,0.00000
1030,515,0,1.04280,1.04540,0.11350,0.02450,1280000,-1.00000,665170882547,0.00000
1031,515,0,1.65040,0.00000,0.00000,0.02350,0,-1.00000,665170899272,0.00000
1032,516,0,1.06690,1.17820,0.10560,0.02730,1280000,-1.00000,665170909997,0.00000
1033,516,0,1.83270,0.00000,0.00000,0.01850,0,-1.00000,665170926676,0.00000
1034,517,0,2.13890,1.09610,0.12180,0.01980,1280000,-1.00000,665170937115,0.00000
1035,517,0,1.63860,0.00000,0.00000,0.01780,0,-1.00000,665170953618,0.00000
1036,518,0,0.35130,1.08360,0.11070,0.01770,1280000,-1.00000,665170964287,0.00000
1037,518,0,1.61490,0.00000,0.00000,0.01650,0,-1.00000,665170982609,0.00000
1038,519,0,0.41660,1.08160,0.10320,0.02380,1280000,-1.00000,665171004002,0.00000
1039,519,0,1.64990,0.00000,0.00000,0.01800,0,-1.00000,665171020382,0.00000
1040,520,0,1.14760,1.07810,0.11010,0.02290,1280000,-1.00000,665171023896,0.00000
1041,520,0,1.69840,0.00000,0.00000,0.02350,0,-1.00000,665171040042,0.00000
1042,521,0,1.01980,1.09700,0.10570,0.02120,1280000,-1.00000,665171044206,0.00000
1043,521,0,1.65400,0.00000,0.00000,0.01790,0,-1.00000,665171060711,0.00000
1044,522,0,0.90580,1.19880,0.13430,0.01870,1280000,-1.00000,665171072194,0.00000
1045,522,0,1.74320,0.00000,0.00000,0.01750,0,-1.00000,665171089170,0.00000
1046,523,0,0.34840,1.18560,0.16330,0.02140,1280000,-1.00000,665171099368,0.00000
1047,523,0,1.79530,0.00000,0.00000,0.02330,0,-1.00000,665171115907,0.00000
1048,524,0,0.35420,1.15140,0.10300,0.02150,1280000,-1.00000,665171124964,0.00000
1049,524,0,1.71050,0.00000,0.00000,0.01840,0,-1.00000,665171142396,0.00000
1050,525,0,0.81740,1.21270,0.11690,0.02120,1280000,-1.00000,665171145880,0.00000
1051,525,0,1.91970,0.00000,0.00000,0.02070,0,-1.00000,665171163835,0.00000
1052,526,0,0.84250,1.08170,0.11160,0.01890,1280000,-1.00000,665171167380,0.00000
1053,526,0,1.60530,0.00000,0.00000,0.01740,0,-1.00000,665171184480,0.00000
1054,527,0,1.70870,1.09160,0.10030,0.01950,1280000,-1.00000,665171192661,0.00000
1055,527,0,1.64400,0.00000,0.00000,0.01680,0,-1.00000,665171211855,0.00000
1056,528,0,0.88061,1.08100,0.09820,0.02060,1280000,-1.00000,665171220280,0.00000
1057,528,0,1.64539,0.00000,0.00000,0.01880,0,-1.00000,665171236329,0.00000
1058,529,0,0.56230,1.08390,0.12960,0.02260,1280000,-1.00000,665171253422,0.00000
1059,529,0,1.65680,0.00000,0.00000,0.01860,0,-1.00000,665171269857,0.00000
1060,530,0,0.36680,1.08430,0.12070,0.02400,1280000,-1.00000,665171278678,0.00000
1061,530,0,1.99799,0.00000,0.00000,0.02270,0,-1.00000,665171295116,0.00000
1062,531,0,2.69790,1.08780,0.10490,0.02420,1280000,-1.00000,665171300732,0.00000
1063,531,0,1.63310,0.00000,0.00000,0.01890,0,-1.00000,665171317309,0.00000
1064,532,0,0.34430,1.12750,0.11480,0.02020,1280000,-1.00000,665171320975,0.00000
1065,532,0,1.67540,0.00000,0.00000,0.01820,0,-1.00000,665171340958,0.00000
1066,533,0,0.33670,1.08510,0.10330,0.02290,1280000,-1.00000,665171367935,0.00000
1067,533,0,1.65760,0.00000,0.00000,0.01850,0,-1.00000,665171384266,0.00000
1068,534,0,1.10870,1.12410,0.11560,0.02060,1280000,-1.00000,665171387708,0.00000
1069,534,0,1.70570,0.00000,0.00000,0.01830,0,-1.00000,665171404464,0.00000
1070,535,0,1.03320,1.08630,0.10820,0.02070,1280000,-1.00000,665171407830,0.00000
1071,535,0,1.79770,0.00000,0.00000,0.01690,0,-1.00000,665171424406,0.00000
1072,536,0,0.86720,1.16840,0.17130,0.02130,1280000,-1.00000,665171435504,0.00000
1073,536,0,1.75940,0.00000,0.00000,0.02090,0,-1.00000,665171452551,0.00000
1074,537,0,0.99311,1.09920,0.11260,0.02010,1280000,-1.00000,665171462890,0.00000
1075,537,0,1.63940,0.00000,0.00000,0.01700,0,-1.00000,665171480857,0.00000
1076,538,0,1.03680,1.12510,0.11460,0.02060,1280000,-1.00000,665171489530,0.00000
1077,538,0,1.68000,0.00000,0.00000,0.01950,0,-1.00000,665171507126,0.00000
1078,539,0,1.01450,1.09030,0.11290,0.01880,1280000,-1.00000,665171517058,0.00000
1079,539,0,1.60419,0.00000,0.00000,0.01870,0,-1.00000,665171533447,0.00000
1080,540,0,1.08290,1.08370,0.12230,0.02340,1280000,-1.00000,665171543817,0.00000
1081,540,0,1.67740,0.00000,0.00000,0.01850,0,-1.00000,665171560616,0.00000
1082,541,0,1.00600,1.11170,0.12790,0.02850,1280000,-1.00000,665171570762,0.00000
1083,541,0,1.78920,0.00000,0.00000,0.02360,0,-1.00000,665171586804,0.00000
1084,542,0,2.32590,1.15350,0.10260,0.02410,1280000,-1.00000,665171597634,0.00000
1085,542,0,1.68289,0.00000,0.00000,0.02040,0,-1.00000,665171614401,0.00000
1086,543,0,0.36140,1.10530,0.09530,0.01950,1280000,-1.00000,665171624473,0.00000
1087,543,0,1.61130,0.00000,0.00000,0.01810,0,-1.00000,665171642374,0.00000
1088,544,0,1.66990,1.09200,0.09260,0.02280,1280000,-1.00000,665171665623,0.00000
1089,544,0,1.63100,0.00000,0.00000,0.01890,0,-1.00000,665171682450,0.00000
1090,545,0,0.37630,1.10560,0.09760,0.02130,1280000,-1.00000,665171686060,0.00000
1091,545,0,1.64391,0.00000,0.00000,0.01750,0,-1.00000,665171702174,0.00000
1092,546,0,1.84629,1.09400,0.10670,0.01720,1280000,-1.00000,665171718874,0.00000
1093,546,0,1.61130,0.00000,0.00000,0.01700,0,-1.00000,665171735185,0.00000
1094,547,0,0.99810,1.11060,0.10170,0.01850,1280000,-1.00000,665171738952,0.00000
1095,547,0,1.64750,0.00000,0.00000,0.01670,0,-1.00000,665171755385,0.00000
1096,548,0,2.45000,1.13400,0.11350,0.02370,1280000,-1.00000,665171773859,0.00000
1097,548,0,1.70650,0.00000,0.00000,0.02260,0,-1.00000,665171789961,0.00000
1098,549,0,0.48420,1.65980,0.14290,0.02420,1280000,-1.00000,665171799945,0.00000
1099,549,0,2.26590,0.00000,0.00000,0.02220,0,-1.00000,665171816415,0.00000
1100,550,0,0.44050,1.25170,0.09740,0.02280,1280000,-1.00000,665171840926,0.00000
1101,550,0,1.84200,0.00000,0.00000,0.02270,0,-1.00000,665171857984,0.00000
1102,551,0,1.15270,1.16850,0.10720,0.02570,1280000,-1.00000,665171862828,0.00000
1103,551,0,1.77320,0.00000,0.00000,0.01850,0,-1.00000,665171885489,0.00000
1104,552,0,0.35970,1.14400,0.10580,0.01970,1280000,-1.00000,665171889889,0.00000
1105,552,0,1.67040,0.00000,0.00000,0.02270,0,-1.00000,665171908318,0.00000
1106,553,0,1.08510,1.14620,0.11670,0.02000,1280000,-1.00000,665171919838,0.00000
1107,553,0,1.73450,0.00000,0.00000,0.02400,0,-1.00000,665171937571,0.00000
1108,554,0,0.47080,1.10280,0.11600,0.02240,1280000,-1.00000,665171941160,0.00000
1109,554,0,1.69870,0.00000,0.00000,0.01780,0,-1.00000,665171957876,0.00000
1110,555,0,0.86940,1.08160,0.09790,0.09210,1280000,-1.00000,665171968724,0.00000
1111,555,0,1.74300,0.00000,0.00000,0.02070,0,-1.00000,665171986074,0.00000
1112,556,0,0.91950,1.14710,0.09420,0.02080,1280000,-1.00000,665171990778,0.00000
1113,556,0,1.69850,0.00000,0.00000,0.01920,0,-1.00000,665172007763,0.00000
1114,557,0,1.03980,1.11490,0.14270,0.01910,1280000,-1.00000,665172016452,0.00000
1115,557,0,1.66740,0.00000,0.00000,0.01690,0,-1.00000,665172033888,0.00000
1116,558,0,0.93670,1.20930,0.11060,0.01790,1280000,-1.00000,665172043082,0.00000
1117,558,0,1.81980,0.00000,0.00000,0.01660,0,-1.00000,665172060066,0.00000
1118,559,0,2.27540,1.11500,0.12050,0.01910,1280000,-1.00000,665172070461,0.00000
1119,559,0,1.65730,0.00000,0.00000,0.01640,0,-1.00000,665172087133,0.00000
1120,560,0,0.31300,1.17590,0.09690,0.01780,1280000,-1.00000,665172096512,0.00000
1121,560,0,1.65040,0.00000,0.00000,0.01610,0,-1.00000,665172114700,0.00000
1122,561,0,0.31200,1.17490,0.15730,0.01980,1280000,-1.00000,665172137456,0.00000
1123,561,0,1.93280,0.00000,0.00000,0.02290,0,-1.00000,665172154025,0.00000
1124,562,0,2.64380,1.16630,0.09580,0.02100,1280000,-1.00000,665172157154,0.00000
1125,562,0,1.69950,0.00000,0.00000,0.01690,0,-1.00000,665172173659,0.00000
1126,563,0,0.33640,1.12050,0.10830,0.01640,1280000,-1.00000,665172176778,0.00000
1127,563,0,1.60500,0.00000,0.00000,0.01650,0,-1.00000,665172196110,0.00000
1128,564,0,0.32270,1.15360,0.11140,0.01640,1280000,-1.00000,665172222610,0.00000
1129,564,0,1.65190,0.00000,0.00000,0.01620,0,-1.00000,665172239541,0.00000
1130,565,0,2.07070,1.08970,0.10400,0.02960,1280000,-1.00000,665172242903,0.00000
1131,565,0,1.69930,0.00000,0.00000,0.02380,0,-1.00000,665172258954,0.00000
1132,566,0,0.37971,1.15560,0.09990,0.01880,1280000,-1.00000,665172262180,0.00000
1133,566,0,1.67440,0.00000,0.00000,0.01740,0,-1.00000,665172278700,0.00000
1134,567,0,0.39410,1.14460,0.09580,0.01980,1280000,-1.00000,665172299412,0.00000
1135,567,0,1.68430,0.00000,0.00000,0.01770,0,-1.00000,665172316407,0.00000
1136,568,0,0.33180,1.27170,0.16210,0.02180,1280000,-1.00000,665172320200,0.00000
1137,568,0,1.86460,0.00000,0.00000,0.01850,0,-1.00000,665172336944,0.00000
1138,569,0,1.43340,1.12590,0.10010,0.02310,1280000,-1.00000,665172340887,0.00000
1139,569,0,1.68370,0.00000,0.00000,0.01790,0,-1.00000,665172357727,0.00000
1140,570,0,2.26460,1.12300,0.12230,0.02150,1280000,-1.00000,665172361044,0.00000
1141,570,0,1.66210,0.00000,0.00000,0.01810,0,-1.00000,665172379693,0.00000
1142,571,0,0.34290,1.08920,0.09430,0.01910,1280000,-1.00000,665172394033,0.00000
1143,571,0,1.57000,0.00000,0.00000,0.01900,0,-1.00000,665172410864,0.00000
1144,572,0,0.51770,1.26990,0.10970,0.01850,1280000,-1.00000,665172433514,0.00000
1145,572,0,1.77180,0.00000,0.00000,0.01650,0,-1.00000,665172450133,0.00000
1146,573,0,0.98330,1.14720,0.10160,0.02140,1280000,-1.00000,665172453557,0.00000
1147,573,0,1.71300,0.00000,0.00000,0.01810,0,-1.00000,665172469260,0.00000
1148,574,0,0.79020,1.18300,0.10570,0.02250,1280000,-1.00000,665172474433,0.00000
1149,574,0,1.72310,0.00000,0.00000,0.01870,0,-1.00000,665172492151,0.00000
1150,575,0,2.97570,1.11640,0.11390,0.01770,1280000,-1.00000,665172501992,0.00000
1151,575,0,1.62550,0.00000,0.00000,0.01700,0,-1.00000,665172519119,0.00000
1152,576,0,0.32340,1.19960,0.10840,0.01740,1280000,-1.00000,665172527023,0.00000
1153,576,0,1.70810,0.00000,0.00000,0.01640,0,-1.00000,665172544254,0.00000
1154,577,0,0.30780,1.21530,0.19050,0.02180,1280000,-1.00000,665172574008,0.00000
1155,577,0,1.83260,0.00000,0.00000,0.01780,0,-1.00000,665172590261,0.00000
1156,578,0,0.32560,1.13910,0.11250,0.01970,1280000,-1.00000,665172593492,0.00000
1157,578,0,1.67800,0.00000,0.00000,0.01910,0,-1.00000,665172610574,0.00000
1158,579,0,0.44580,1.16540,0.10990,0.02720,1280000,-1.00000,665172613652,0.00000
1159,579,0,1.81020,0.00000,0.00000,0.01950,0,-1.00000,665172631978,0.00000
1160,580,0,0.66660,1.18720,0.10470,0.01930,1280000,-1.00000,665172635233,0.00000
1161,580,0,1.77039,0.00000,0.00000,0.02020,0,-1.00000,665172652018,0.00000
1162,581,0,1.11020,1.17870,0.10560,0.02100,1280000,-1.00000,665172656481,0.00000
1163,581,0,1.70060,0.00000,0.00000,0.01680,0,-1.00000,665172674580,0.00000
1164,582,0,0.37580,1.21250,0.11410,0.01720,1280000,-1.00000,665172681241,0.00000
1165,582,0,1.70920,0.00000,0.00000,0.01660,0,-1.00000,665172698951,0.00000
1166,583,0,2.37119,1.15650,0.10750,0.02110,1280000,-1.00000,665172710050,0.00000
1167,583,0,1.66721,0.00000,0.00000,0.03160,0,-1.00000,665172727054,0.00000
1168,584,0,0.34110,1.15680,0.11830,0.01910,1280000,-1.00000,665172730811,0.00000
1169,584,0,1.79960,0.00000,0.00000,0.01710,0,-1.00000,665172747902,0.00000
1170,585,0,0.33920,1.12140,0.09520,0.02010,1280000,-1.00000,665172771613,0.00000
1171,585,0,1.77810,0.00000,0.00000,0.01930,0,-1.00000,665172788289,0.00000
1172,586,0,0.77670,1.18650,0.16450,0.02970,1280000,-1.00000,665172791700,0.00000
1173,586,0,1.97620,0.00000,0.00000,0.02240,0,-1.00000,665172809696,0.00000
1174,587,0,0.73100,1.75150,0.12770,0.06840,1280000,-1.00000,665172813086,0.00000
1175,587,0,3.39460,0.00000,0.00000,0.04610,0,-1.00000,665172830880,0.00000
1176,588,0,0.92659,2.11750,0.11250,0.03790,1280000,-1.00000,665172838646,0.00000
1177,588,0,3.02910,0.00000,0.00000,0.02710,0,-1.00000,665172858415,0.00000
1178,589,0,0.48600,1.23210,0.16040,0.06650,1280000,-1.00000,665172865716,0.00000
1179,589,0,2.47440,0.00000,0.00000,0.02770,0,-1.00000,665172899726,0.00000
1180,590,0,0.52740,1.33180,0.12580,0.04960,1280000,-1.00000,665172908948,0.00000
1181,590,0,2.39760,0.00000,0.00000,0.02640,0,-1.00000,665172939248,0.00000
1182,591,0,0.68099,1.51090,0.20370,0.03870,1280000,-1.00000,665172944076,0.00000
1183,591,0,2.43520,0.00000,0.00000,0.02040,0,-1.00000,665172968870,0.00000
1184,592,0,0.40550,1.18040,0.10690,0.02570,1280000,-1.00000,665172974101,0.00000
1185,592,0,1.75290,0.00000,0.00000,0.01890,0,-1.00000,665172998095,0.00000
1186,593,0,0.37070,1.16180,0.10990,0.02240,1280000,-1.00000,665173004889,0.00000
1187,593,0,1.76271,0.00000,0.00000,0.02360,0,-1.00000,665173029258,0.00000
1188,594,0,0.39510,1.18090,0.09710,0.02160,1280000,-1.00000,665173033286,0.00000
1189,594,0,1.74280,0.00000,0.00000,0.01840,0,-1.00000,665173050818,0.00000
1190,595,0,0.33620,1.24820,0.11250,0.02510,1280000,-1.00000,665173054519,0.00000
1191,595,0,1.88600,0.00000,0.00000,0.01940,0,-1.00000,665173072154,0.00000
1192,596,0,2.75620,1.39950,0.10340,0.03600,1280000,-1.00000,665173076089,0.00000
1193,596,0,2.09750,0.00000,0.00000,0.02480,0,-1.00000,665173093529,0.00000
1194,597,0,0.43390,1.55340,0.16160,0.04520,1280000,-1.00000,665173096884,0.00000
1195,597,0,2.55420,0.00000,0.00000,0.03860,0,-1.00000,665173115746,0.00000
1196,598,0,0.49680,1.19970,0.10900,0.03270,1280000,-1.00000,665173143325,0.00000
1197,598,0,1.90800,0.00000,0.00000,0.02040,0,-1.00000,665173164293,0.00000
1198,599,0,0.40790,1.17550,0.10480,0.02620,1280000,-1.00000,665173168625,0.00000
1199,599,0,1.81230,0.00000,0.00000,0.02170,0,-1.00000,665173194195,0.00000
1200,600,0,0.42780,1.19220,0.12830,0.02540,1280000,-1.00000,665173199140,0.00000
1201,600,0,1.86590,0.00000,0.00000,0.02010,0,-1.00000,665173218219,0.00000
1202,601,0,0.38130,1.17970,0.10300,0.02620,1280000,-1.00000,665173222288,0.00000
1203,601,0,1.80779,0.00000,0.00000,0.01960,0,-1.00000,665173240423,0.00000
1204,602,0,0.38700,1.21250,0.10750,0.02270,1280000,-1.00000,665173244699,0.00000
1205,602,0,1.77480,0.00000,0.00000,0.01760,0,-1.00000,665173263361,0.00000
1206,603,0,0.32950,1.66130,0.15460,0.04000,1280000,-1.00000,665173267168,0.00000
1207,603,0,2.52580,0.00000,0.00000,0.02080,0,-1.00000,665173285253,0.00000
1208,604,0,0.46730,1.22740,0.11610,0.02790,1280000,-1.00000,665173289112,0.00000
1209,604,0,1.98050,0.00000,0.00000,0.01890,0,-1.00000,665173306862,0.00000
1210,605,0,0.70660,1.20240,0.10100,0.02250,1280000,-1.00000,665173310154,0.00000
1211,605,0,1.76840,0.00000,0.00000,0.01810,0,-1.00000,665173335442,0.00000
1212,606,0,0.95900,1.36280,0.10610,0.01920,1280000,-1.00000,665173340091,0.00000
1213,606,0,1.90530,0.00000,0.00000,0.01680,0,-1.00000,665173359916,0.00000
1214,607,0,0.65110,1.58030,0.09990,0.02280,1280000,-1.00000,665173366958,0.00000
1215,607,0,2.14860,0.00000,0.00000,0.01770,0,-1.00000,665173384644,0.00000
1216,608,0,0.63760,1.27210,0.11360,0.02830,1280000,-1.00000,665173394241,0.00000
1217,608,0,1.89030,0.00000,0.00000,0.02080,0,-1.00000,665173413285,0.00000
1218,609,0,0.85970,1.18420,0.10130,0.02070,1280000,-1.00000,665173419796,0.00000
1219,609,0,1.71800,0.00000,0.00000,0.01740,0,-1.00000,665173441283,0.00000
1220,610,0,0.88500,1.20150,0.10510,0.02090,1280000,-1.00000,665173447664,0.00000
1221,610,0,1.76350,0.00000,0.00000,0.01720,0,-1.00000,665173466568,0.00000
1222,611,0,0.96680,1.20920,0.12320,0.01910,1280000,-1.00000,665173475165,0.00000
1223,611,0,1.78010,0.00000,0.00000,0.02210,0,-1.00000,665173492339,0.00000
1224,612,0,0.88770,1.20440,0.09970,0.02350,1280000,-1.00000,665173501195,0.00000
1225,612,0,2.62610,0.00000,0.00000,0.02270,0,-1.00000,665173518824,0.00000
1226,613,0,0.40390,1.22130,0.10080,0.02240,1280000,-1.00000,665173528492,0.00000
1227,613,0,2.23980,0.00000,0.00000,0.02000,0,-1.00000,665173546285,0.00000
1228,614,0,0.37850,1.22360,0.11530,0.02400,1280000,-1.00000,665173555180,0.00000
1229,614,0,1.84500,0.00000,0.00000,0.02060,0,-1.00000,665173581437,0.00000
1230,615,0,0.58310,1.22060,0.10590,0.02020,1280000,-1.00000,665173585469,0.00000
1231,615,0,1.93940,0.00000,0.00000,0.02250,0,-1.00000,665173607871,0.00000
1232,616,0,0.86190,1.21270,0.10870,0.02300,1280000,-1.00000,665173611649,0.00000
1233,616,0,1.80190,0.00000,0.00000,0.01910,0,-1.00000,665173630109,0.00000
1234,617,0,0.33700,1.21380,0.09930,0.01790,1280000,-1.00000,665173635929,0.00000
1235,617,0,1.83790,0.00000,0.00000,0.02040,0,-1.00000,665173655318,0.00000
1236,618,0,2.76220,1.19510,0.12600,0.02390,1280000,-1.00000,665173663955,0.00000
1237,618,0,1.78110,0.00000,0.00000,0.02040,0,-1.00000,665173681966,0.00000
1238,619,0,0.37830,1.44000,0.10610,0.02230,1280000,-1.00000,665173685335,0.00000
1239,619,0,2.02470,0.00000,0.00000,0.02020,0,-1.00000,665173703712,0.00000
1240,620,0,0.39310,1.30060,0.09820,0.02140,1280000,-1.00000,665173731334,0.00000
1241,620,0,1.81660,0.00000,0.00000,0.01720,0,-1.00000,665173749153,0.00000
1242,621,0,0.50070,1.17010,0.10220,0.01780,1280000,-1.00000,665173752932,0.00000
1243,621,0,1.68140,0.00000,0.00000,0.01630,0,-1.00000,665173773184,0.00000
1244,622,0,0.89220,1.22950,0.11180,0.02290,1280000,-1.00000,665173777111,0.00000
1245,622,0,1.77800,0.00000,0.00000,0.01690,0,-1.00000,665173795273,0.00000
1246,623,0,0.93550,1.16560,0.10430,0.02190,1280000,-1.00000,665173800282,0.00000
1247,623,0,1.70940,0.00000,0.00000,0.01950,0,-1.00000,665173817093,0.00000
1248,624,0,0.93500,1.22820,0.10520,0.02310,1280000,-1.00000,665173826024,0.00000
1249,624,0,1.89830,0.00000,0.00000,0.03040,0,-1.00000,665173843795,0.00000
1250,625,0,0.91800,1.20310,0.09730,0.02240,1280000,-1.00000,665173853154,0.00000
1251,625,0,1.77680,0.00000,0.00000,0.02010,0,-1.00000,665173870246,0.00000
1252,626,0,0.86780,1.25630,0.19870,0.02000,1280000,-1.00000,665173879603,0.00000
1253,626,0,1.88150,0.00000,0.00000,0.01700,0,-1.00000,665173898574,0.00000
1254,627,0,0.77190,1.23110,0.12760,0.01740,1280000,-1.00000,665173907781,0.00000
1255,627,0,1.79000,0.00000,0.00000,0.02170,0,-1.00000,665173925528,0.00000
1256,628,0,0.80280,1.37770,0.16650,0.03090,1280000,-1.00000,665173934206,0.00000
1257,628,0,2.19350,0.00000,0.00000,0.01990,0,-1.00000,665173953020,0.00000
1258,629,0,0.56810,1.22700,0.09270,0.02270,1280000,-1.00000,665173960737,0.00000
1259,629,0,1.79310,0.00000,0.00000,0.01980,0,-1.00000,665173978632,0.00000
1260,630,0,0.91440,1.28400,0.10430,0.02290,1280000,-1.00000,665173986667,0.00000
1261,630,0,1.92870,0.00000,0.00000,0.01960,0,-1.00000,665174008602,0.00000
1262,631,0,0.34140,1.26580,0.11380,0.02250,1280000,-1.00000,665174014280,0.00000
1263,631,0,1.83950,0.00000,0.00000,0.01830,0,-1.00000,665174032216,0.00000
1264,632,0,3.14080,1.25000,0.10360,0.01970,1280000,-1.00000,665174041354,0.00000
1265,632,0,1.77370,0.00000,0.00000,0.01760,0,-1.00000,665174060638,0.00000
1266,633,0,0.32640,1.21370,0.10690,0.01740,1280000,-1.00000,665174064062,0.00000
1267,633,0,1.71620,0.00000,0.00000,0.01700,0,-1.00000,665174082453,0.00000
1268,634,0,0.32220,1.82120,0.11050,0.02440,1280000,-1.00000,665174113869,0.00000
1269,634,0,2.37360,0.00000,0.00000,0.01810,0,-1.00000,665174131596,0.00000
1270,635,0,0.32780,1.23080,0.10300,0.01680,1280000,-1.00000,665174134858,0.00000
1271,635,0,1.83550,0.00000,0.00000,0.02060,0,-1.00000,665174152022,0.00000
1272,636,0,0.36590,1.26100,0.10070,0.02410,1280000,-1.00000,665174155244,0.00000
1273,636,0,1.84140,0.00000,0.00000,0.02090,0,-1.00000,665174178983,0.00000
1274,637,0,2.18970,1.22000,0.11400,0.01970,1280000,-1.00000,665174182257,0.00000
1275,637,0,1.74700,0.00000,0.00000,0.01820,0,-1.00000,665174200611,0.00000
1276,638,0,0.94260,1.19640,0.11310,0.01930,1280000,-1.00000,665174204273,0.00000
1277,638,0,1.77990,0.00000,0.00000,0.02260,0,-1.00000,665174222687,0.00000
1278,639,0,0.93760,1.18140,0.11100,0.02680,1280000,-1.00000,665174244597,0.00000
1279,639,0,1.84970,0.00000,0.00000,0.01900,0,-1.00000,665174262059,0.00000
1280,640,0,2.23401,1.23710,0.10980,0.01980,1280000,-1.00000,665174271488,0.00000
1281,640,0,1.75249,0.00000,0.00000,0.01790,0,-1.00000,665174289288,0.00000
1282,641,0,0.33740,1.22970,0.13940,0.01790,1280000,-1.00000,665174298667,0.00000
1283,641,0,1.74610,0.00000,0.00000,0.01640,0,-1.00000,665174317157,0.00000
1284,642,0,0.31240,1.79640,0.10290,0.03060,1280000,-1.00000,665174339496,0.00000
1285,642,0,2.37370,0.00000,0.00000,0.01950,0,-1.00000,665174357016,0.00000
1286,643,0,0.35510,1.79930,0.10240,0.01900,1280000,-1.00000,665174360392,0.00000
1287,643,0,2.33440,0.00000,0.00000,0.01790,0,-1.00000,665174377853,0.00000
1288,644,0,0.33919,1.23350,0.10950,0.02320,1280000,-1.00000,665174380975,0.00000
1289,644,0,1.77460,0.00000,0.00000,0.01850,0,-1.00000,665174404715,0.00000
1290,645,0,2.11600,1.29340,0.09960,0.02000,1280000,-1.00000,665174408265,0.00000
1291,645,0,1.79570,0.00000,0.00000,0.01740,0,-1.00000,665174431610,0.00000
1292,646,0,0.33790,1.32130,0.11840,0.02210,1280000,-1.00000,665174435001,0.00000
1293,646,0,1.88450,0.00000,0.00000,0.01840,0,-1.00000,665174452747,0.00000
1294,647,0,0.43050,1.16750,0.09850,0.02530,1280000,-1.00000,665174473909,0.00000
1295,647,0,1.76020,0.00000,0.00000,0.02200,0,-1.00000,665174491864,0.00000
1296,648,0,0.48500,1.23350,0.11660,0.02010,1280000,-1.00000,665174495240,0.00000
1297,648,0,1.77570,0.00000,0.00000,0.01820,0,-1.00000,665174514088,0.00000
1298,649,0,1.47790,1.24110,0.09930,0.01950,1280000,-1.00000,665174518398,0.00000
1299,649,0,1.78440,0.00000,0.00000,0.02140,0,-1.00000,665174536004,0.00000
1300,650,0,0.36560,1.23580,0.11230,0.01940,1280000,-1.00000,665174540842,0.00000
1301,650,0,1.76100,0.00000,0.00000,0.01730,0,-1.00000,665174558600,0.00000
1302,651,0,2.33220,1.16120,0.10510,0.02480,1280000,-1.00000,665174573385,0.00000
1303,651,0,1.71580,0.00000,0.00000,0.02170,0,-1.00000,665174591227,0.00000
1304,652,0,1.01460,1.24550,0.10410,0.02630,1280000,-1.00000,665174594883,0.00000
1305,652,0,1.86451,0.00000,0.00000,0.01850,0,-1.00000,665174612491,0.00000
1306,653,0,0.86530,1.74900,0.09840,0.02100,1280000,-1.00000,665174635817,0.00000
1307,653,0,2.32730,0.00000,0.00000,0.01810,0,-1.00000,665174652977,0.00000
1308,654,0,0.33710,1.25780,0.10770,0.01760,1280000,-1.00000,665174663129,0.00000
1309,654,0,1.75050,0.00000,0.00000,0.01700,0,-1.00000,665174681764,0.00000
1310,655,0,2.28920,1.50990,0.10920,0.02540,1280000,-1.00000,665174690418,0.00000
1311,655,0,2.09751,0.00000,0.00000,0.01900,0,-1.00000,665174713687,0.00000
1312,656,0,0.54420,1.22970,0.10270,0.01930,1280000,-1.00000,665174717060,0.00000
1313,656,0,1.74520,0.00000,0.00000,0.02140,0,-1.00000,665174734563,0.00000
1314,657,0,1.02250,1.26720,0.09870,0.01820,1280000,-1.00000,665174757459,0.00000
1315,657,0,1.86670,0.00000,0.00000,0.01850,0,-1.00000,665174778439,0.00000
1316,658,0,0.33120,1.23800,0.15050,0.01930,1280000,-1.00000,665174783873,0.00000
1317,658,0,1.80470,0.00000,0.00000,0.01730,0,-1.00000,665174801328,0.00000
1318,659,0,0.34930,1.15960,0.10870,0.01960,1280000,-1.00000,665174811559,0.00000
1319,659,0,1.68970,0.00000,0.00000,0.01680,0,-1.00000,665174830218,0.00000
1320,660,0,0.76630,1.22230,0.10170,0.01830,1280000,-1.00000,665174833529,0.00000
1321,660,0,1.72140,0.00000,0.00000,0.01660,0,-1.00000,665174851577,0.00000
1322,661,0,0.92730,1.20160,0.10100,0.01660,1280000,-1.00000,665174855069,0.00000
1323,661,0,1.68350,0.00000,0.00000,0.01630,0,-1.00000,665174871965,0.00000
1324,662,0,2.38000,1.19450,0.13620,0.02530,1280000,-1.00000,665174879630,0.00000
1325,662,0,1.83700,0.00000,0.00000,0.02200,0,-1.00000,665174896840,0.00000
1326,663,0,2.18830,1.20190,0.09750,0.02130,1280000,-1.00000,665174906116,0.00000
1327,663,0,1.74320,0.00000,0.00000,0.01810,0,-1.00000,665174922948,0.00000
1328,664,0,0.34230,1.22690,0.10610,0.01850,1280000,-1.00000,665174946751,0.00000
1329,664,0,1.72920,0.00000,0.00000,0.01770,0,-1.00000,665174965131,0.00000
1330,665,0,1.57580,1.21660,0.10800,0.01820,1280000,-1.00000,665174987012,0.00000
1331,665,0,1.72170,0.00000,0.00000,0.01710,0,-1.00000,665175004437,0.00000
1332,666,0,1.00220,1.22760,0.09390,0.01890,1280000,-1.00000,665175007856,0.00000
1333,666,0,1.72460,0.00000,0.00000,0.01700,0,-1.00000,665175025149,0.00000
1334,667,0,0.92100,1.23730,0.12470,0.01850,1280000,-1.00000,665175040908,0.00000
1335,667,0,1.80140,0.00000,0.00000,0.01690,0,-1.00000,665175058124,0.00000
1336,668,0,0.31419,1.75570,0.10800,0.02230,1280000,-1.00000,665175068148,0.00000
1337,668,0,2.29820,0.00000,0.00000,0.01840,0,-1.00000,665175085392,0.00000
1338,669,0,0.34100,1.25100,0.10690,0.02100,1280000,-1.00000,665175094613,0.00000
1339,669,0,1.79830,0.00000,0.00000,0.01710,0,-1.00000,665175112618,0.00000
1340,670,0,0.33380,1.21970,0.10280,0.01740,1280000,-1.00000,665175115759,0.00000
1341,670,0,1.73930,0.00000,0.00000,0.01620,0,-1.00000,665175138743,0.00000
1342,671,0,2.15300,1.17080,0.12580,0.03180,1280000,-1.00000,665175142149,0.00000
1343,671,0,1.85260,0.00000,0.00000,0.02480,0,-1.00000,665175160136,0.00000
1344,672,0,0.44780,1.19870,0.11380,0.02440,1280000,-1.00000,665175163471,0.00000
1345,672,0,1.78450,0.00000,0.00000,0.01890,0,-1.00000,665175180864,0.00000
1346,673,0,0.35470,1.25870,0.16930,0.02750,1280000,-1.00000,665175202423,0.00000
1347,673,0,1.91840,0.00000,0.00000,0.01950,0,-1.00000,665175220930,0.00000
1348,674,0,0.37450,1.24230,0.19470,0.02440,1280000,-1.00000,665175225401,0.00000
1349,674,0,1.93760,0.00000,0.00000,0.02260,0,-1.00000,665175243251,0.00000
1350,675,0,0.82750,1.21060,0.16880,0.03030,1280000,-1.00000,665175246792,0.00000
1351,675,0,1.94470,0.00000,0.00000,0.02390,0,-1.00000,665175265988,0.00000
1352,676,0,0.73240,1.26470,0.13370,0.04160,1280000,-1.00000,665175269723,0.00000
1353,676,0,2.04560,0.00000,0.00000,0.02030,0,-1.00000,665175289100,0.00000
1354,677,0,0.59800,1.95310,0.13340,0.02440,1280000,-1.00000,665175297367,0.00000
1355,677,0,2.65420,0.00000,0.00000,0.02050,0,-1.00000,665175316833,0.00000
1356,678,0,0.47540,1.23350,0.11090,0.02530,1280000,-1.00000,665175324163,0.00000
1357,678,0,2.01890,0.00000,0.00000,0.02120,0,-1.00000,665175344615,0.00000
1358,679,0,0.82830,1.15540,0.11060,0.02820,1280000,-1.00000,665175350585,0.00000
1359,679,0,1.76040,0.00000,0.00000,0.01860,0,-1.00000,665175377128,0.00000
1360,680,0,0.76760,1.32880,0.20180,0.02680,1280000,-1.00000,665175381875,0.00000
1361,680,0,2.06620,0.00000,0.00000,0.02030,0,-1.00000,665175402073,0.00000
1362,681,0,0.37780,1.17840,0.12210,0.02390,1280000,-1.00000,665175410344,0.00000
1363,681,0,1.80040,0.00000,0.00000,0.01840,0,-1.00000,665175427954,0.00000
1364,682,0,0.34520,1.35790,0.11710,0.02540,1280000,-1.00000,665175435635,0.00000
1365,682,0,1.96490,0.00000,0.00000,0.01930,0,-1.00000,665175456297,0.00000
1366,683,0,0.36049,1.17970,0.11390,0.02390,1280000,-1.00000,665175460065,0.00000
1367,683,0,1.74311,0.00000,0.00000,0.01850,0,-1.00000,665175478076,0.00000
1368,684,0,0.36570,1.48630,0.11590,0.02360,1280000,-1.00000,665175481523,0.00000
1369,684,0,2.06740,0.00000,0.00000,0.01780,0,-1.00000,665175501178,0.00000
1370,685,0,0.68830,1.15450,0.10430,0.02680,1280000,-1.00000,665175504782,0.00000
1371,685,0,1.74989,0.00000,0.00000,0.01750,0,-1.00000,665175522209,0.00000
1372,686,0,0.94080,1.23500,0.10620,0.02660,1280000,-1.00000,665175525865,0.00000
1373,686,0,1.86860,0.00000,0.00000,0.02070,0,-1.00000,665175546548,0.00000
1374,687,0,2.15310,1.18740,0.12980,0.03960,1280000,-1.00000,665175553423,0.00000
1375,687,0,1.95710,0.00000,0.00000,0.02530,0,-1.00000,665175570923,0.00000
1376,688,0,0.54110,1.23360,0.10200,0.03150,1280000,-1.00000,665175580339,0.00000
1377,688,0,1.87110,0.00000,0.00000,0.01960,0,-1.00000,665175599020,0.00000
1378,689,0,0.37810,1.15140,0.11330,0.02400,1280000,-1.00000,665175620568,0.00000
1379,689,0,1.74240,0.00000,0.00000,0.01830,0,-1.00000,665175640135,0.00000
1380,690,0,0.34810,1.39400,0.12950,0.02700,1280000,-1.00000,665175645530,0.00000
1381,690,0,2.02430,0.00000,0.00000,0.01900,0,-1.00000,665175664246,0.00000
1382,691,0,0.58840,1.20190,0.10550,0.02750,1280000,-1.00000,665175668019,0.00000
1383,691,0,1.81620,0.00000,0.00000,0.01880,0,-1.00000,665175685449,0.00000
1384,692,0,0.72920,1.21290,0.10780,0.02840,1280000,-1.00000,665175688924,0.00000
1385,692,0,1.82120,0.00000,0.00000,0.01950,0,-1.00000,665175709175,0.00000
1386,693,0,0.94390,1.14750,0.10110,0.02540,1280000,-1.00000,665175715047,0.00000
1387,693,0,1.71830,0.00000,0.00000,0.01790,0,-1.00000,665175733220,0.00000
1388,694,0,0.35371,1.17270,0.11370,0.02450,1280000,-1.00000,665175740502,0.00000
1389,694,0,1.76149,0.00000,0.00000,0.01750,0,-1.00000,665175758722,0.00000
1390,695,0,0.33880,1.24680,0.11250,0.02780,1280000,-1.00000,665175768162,0.00000
1391,695,0,1.85820,0.00000,0.00000,0.01940,0,-1.00000,665175785345,0.00000
1392,696,0,0.76690,1.27790,0.10470,0.02580,1280000,-1.00000,665175788877,0.00000
1393,696,0,1.89480,0.00000,0.00000,0.02000,0,-1.00000,665175806496,0.00000
1394,697,0,0.41830,1.13670,0.09900,0.02550,1280000,-1.00000,665175809877,0.00000
1395,697,0,1.74210,0.00000,0.00000,0.01740,0,-1.00000,665175828468,0.00000
1396,698,0,0.34030,1.16040,0.11180,0.02250,1280000,-1.00000,665175836127,0.00000
1397,698,0,1.71080,0.00000,0.00000,0.01760,0,-1.00000,665175855086,0.00000
1398,699,0,0.54440,1.18590,0.10850,0.02490,1280000,-1.00000,665175859264,0.00000
1399,699,0,1.85240,0.00000,0.00000,0.01950,0,-1.00000,665175876689,0.00000
1400,700,0,2.92341,1.17760,0.11320,0.03760,1280000,-1.00000,665175880084,0.00000
1401,700,0,1.90400,0.00000,0.00000,0.02260,0,-1.00000,665175897199,0.00000
1402,701,0,0.75030,1.15620,0.12730,0.03090,1280000,-1.00000,665175902638,0.00000
1403,701,0,1.92090,0.00000,0.00000,0.01890,0,-1.00000,665175921173,0.00000
1404,702,0,0.42640,1.18990,0.09990,0.02650,1280000,-1.00000,665175950414,0.00000
1405,702,0,1.81171,0.00000,0.00000,0.01780,0,-1.00000,665175969442,0.00000
1406,703,0,0.57900,1.16530,0.10910,0.02270,1280000,-1.00000,665175976940,0.00000
1407,703,0,1.86920,0.00000,0.00000,0.02360,0,-1.00000,665175996169,0.00000
1408,704,0,2.18909,1.16980,0.11050,0.03290,1280000,-1.00000,665176000413,0.00000
1409,704,0,1.84931,0.00000,0.00000,0.02000,0,-1.00000,665176018539,0.00000
1410,705,0,0.81210,1.18090,0.10370,0.03880,1280000,-1.00000,665176024317,0.00000
1411,705,0,1.94340,0.00000,0.00000,0.02480,0,-1.00000,665176043020,0.00000
1412,706,0,0.71759,1.19390,0.10370,0.02050,1280000,-1.00000,665176064906,0.00000
1413,706,0,1.78210,0.00000,0.00000,0.01820,0,-1.00000,665176083399,0.00000
1414,707,0,2.19240,1.15780,0.11090,0.02250,1280000,-1.00000,665176091522,0.00000
1415,707,0,1.73340,0.00000,0.00000,0.01930,0,-1.00000,665176110966,0.00000
1416,708,0,2.40770,1.19700,0.11060,0.01900,1280000,-1.00000,665176118132,0.00000
1417,708,0,1.70610,0.00000,0.00000,0.02220,0,-1.00000,665176135947,0.00000
1418,709,0,0.37810,1.17750,0.10900,0.02120,1280000,-1.00000,665176157872,0.00000
1419,709,0,1.74130,0.00000,0.00000,0.01800,0,-1.00000,665176175207,0.00000
1420,710,0,0.33600,1.18270,0.09450,0.02370,1280000,-1.00000,665176199288,0.00000
1421,710,0,1.72850,0.00000,0.00000,0.01860,0,-1.00000,665176216345,0.00000
1422,711,0,0.74640,1.15550,0.10060,0.01670,1280000,-1.00000,665176220123,0.00000
1423,711,0,1.69040,0.00000,0.00000,0.02170,0,-1.00000,665176237539,0.00000
1424,712,0,1.35130,1.16350,0.10940,0.02930,1280000,-1.00000,665176240899,0.00000
1425,712,0,1.81850,0.00000,0.00000,0.02240,0,-1.00000,665176258181,0.00000
1426,713,0,0.43170,1.14040,0.12440,0.01840,1280000,-1.00000,665176265648,0.00000
1427,713,0,1.69089,0.00000,0.00000,0.01730,0,-1.00000,665176282555,0.00000
1428,714,0,1.00381,1.19890,0.11730,0.02110,1280000,-1.00000,665176296076,0.00000
1429,714,0,1.72950,0.00000,0.00000,0.01790,0,-1.00000,665176314250,0.00000
1430,715,0,2.31870,1.17000,0.09520,0.01850,1280000,-1.00000,665176318563,0.00000
1431,715,0,1.67690,0.00000,0.00000,0.02290,0,-1.00000,665176335473,0.00000
1432,716,0,0.41570,1.69320,0.14750,0.02370,1280000,-1.00000,665176345514,0.00000
1433,716,0,2.29401,0.00000,0.00000,0.02050,0,-1.00000,665176362807,0.00000
1434,717,0,0.37299,1.20620,0.15860,0.02030,1280000,-1.00000,665176385998,0.00000
1435,717,0,1.79810,0.00000,0.00000,0.01830,0,-1.00000,665176402764,0.00000
1436,718,0,0.34560,1.14950,0.09340,0.02150,1280000,-1.00000,665176406918,0.00000
1437,718,0,1.67960,0.00000,0.00000,0.02220,0,-1.00000,665176429861,0.00000
1438,719,0,0.37540,1.29060,0.09910,0.02200,1280000,-1.00000,665176433588,0.00000
1439,719,0,1.84740,0.00000,0.00000,0.01800,0,-1.00000,665176451573,0.00000
1440,720,0,0.43310,1.23850,0.17270,0.02200,1280000,-1.00000,665176455028,0.00000
1441,720,0,1.84990,0.00000,0.00000,0.01880,0,-1.00000,665176471822,0.00000
1442,721,0,0.34340,1.15550,0.10130,0.01940,1280000,-1.00000,665176475575,0.00000
1443,721,0,1.67000,0.00000,0.00000,0.01730,0,-1.00000,665176494053,0.00000
1444,722,0,0.31110,1.16360,0.11370,0.01760,1280000,-1.00000,665176498386,0.00000
1445,722,0,2.02740,0.00000,0.00000,0.01470,0,-1.00000,665176516887,0.00000
1446,723,0,1.34690,1.23450,0.10080,0.02280,1280000,-1.00000,665176520314,0.00000
1447,723,0,1.79780,0.00000,0.00000,0.02070,0,-1.00000,665176537013,0.00000
1448,724,0,0.87600,1.78970,0.11630,0.01920,1280000,-1.00000,665176540123,0.00000
1449,724,0,2.32560,0.00000,0.00000,0.01730,0,-1.00000,665176560399,0.00000
1450,725,0,0.36070,1.31930,0.10180,0.01690,1280000,-1.00000,665176573876,0.00000
1451,725,0,1.84980,0.00000,0.00000,0.02140,0,-1.00000,665176591851,0.00000
1452,726,0,0.86000,1.45460,0.11870,0.02870,1280000,-1.00000,665176600611,0.00000
1453,726,0,2.14240,0.00000,0.00000,0.01880,0,-1.00000,665176623862,0.00000
1454,727,0,0.52071,1.15320,0.10260,0.01890,1280000,-1.00000,665176627467,0.00000
1455,727,0,1.69400,0.00000,0.00000,0.01760,0,-1.00000,665176645969,0.00000
1456,728,0,0.90650,1.16120,0.13170,0.02690,1280000,-1.00000,665176654576,0.00000
1457,728,0,1.76310,0.00000,0.00000,0.02180,0,-1.00000,665176676004,0.00000
1458,729,0,1.04330,1.15450,0.09650,0.01980,1280000,-1.00000,665176681198,0.00000
1459,729,0,1.67360,0.00000,0.00000,0.03140,0,-1.00000,665176698140,0.00000
1460,730,0,1.05060,1.22020,0.10430,0.01880,1280000,-1.00000,665176707200,0.00000
1461,730,0,1.75220,0.00000,0.00000,0.01770,0,-1.00000,665176724846,0.00000
1462,731,0,0.84370,1.20680,0.11040,0.01960,1280000,-1.00000,665176735272,0.00000
1463,731,0,1.72140,0.00000,0.00000,0.01640,0,-1.00000,665176752005,0.00000
1464,732,0,0.31710,1.14860,0.10100,0.01670,1280000,-1.00000,665176762511,0.00000
1465,732,0,1.62700,0.00000,0.00000,0.01600,0,-1.00000,665176780031,0.00000
1466,733,0,0.40790,1.40350,0.10300,0.01960,1280000,-1.00000,665176788469,0.00000
1467,733,0,1.96090,0.00000,0.00000,0.01690,0,-1.00000,665176805681,0.00000
1468,734,0,2.02740,1.15740,0.11700,0.01990,1280000,-1.00000,665176808852,0.00000
1469,734,0,1.79870,0.00000,0.00000,0.01660,0,-1.00000,665176825122,0.00000
1470,735,0,0.39610,1.57240,0.09870,0.02180,1280000,-1.00000,665176829224,0.00000
1471,735,0,2.11030,0.00000,0.00000,0.01700,0,-1.00000,665176848810,0.00000
1472,736,0,0.33160,1.19200,0.10250,0.01650,1280000,-1.00000,665176869093,0.00000
1473,736,0,1.68440,0.00000,0.00000,0.02980,0,-1.00000,665176887088,0.00000
1474,737,0,0.42610,1.15590,0.13080,0.02440,1280000,-1.00000,665176891030,0.00000
1475,737,0,1.74080,0.00000,0.00000,0.02100,0,-1.00000,665176912139,0.00000
1476,738,0,0.93029,1.16880,0.11710,0.02810,1280000,-1.00000,665176915449,0.00000
1477,738,0,1.80410,0.00000,0.00000,0.01910,0,-1.00000,665176932294,0.00000
1478,739,0,0.36140,1.16440,0.10730,0.01880,1280000,-1.00000,665176936563,0.00000
1479,739,0,1.70800,0.00000,0.00000,0.02220,0,-1.00000,665176953967,0.00000
1480,740,0,0.49120,1.15070,0.10120,0.02180,1280000,-1.00000,665176963276,0.00000
1481,740,0,1.68750,0.00000,0.00000,0.01830,0,-1.00000,665176981317,0.00000
1482,741,0,0.68830,1.12490,0.09530,0.02370,1280000,-1.00000,665176984925,0.00000
1483,741,0,1.67570,0.00000,0.00000,0.01820,0,-1.00000,665177002010,0.00000
1484,742,0,2.30830,1.16590,0.12590,0.02090,1280000,-1.00000,665177006918,0.00000
1485,742,0,1.75510,0.00000,0.00000,0.01770,0,-1.00000,665177023793,0.00000
1486,743,0,2.75580,1.39280,0.17030,0.04230,1280000,-1.00000,665177030677,0.00000
1487,743,0,2.25600,0.00000,0.00000,0.02690,0,-1.00000,665177047436,0.00000
1488,744,0,0.58470,1.27190,0.09920,0.02210,1280000,-1.00000,665177070518,0.00000
1489,744,0,1.84610,0.00000,0.00000,0.02270,0,-1.00000,665177088065,0.00000
1490,745,0,0.39131,1.15840,0.12180,0.02060,1280000,-1.00000,665177115642,0.00000
1491,745,0,1.70810,0.00000,0.00000,0.01840,0,-1.00000,665177138208,0.00000
1492,746,0,0.32810,1.23430,0.14560,0.03100,1280000,-1.00000,665177144041,0.00000
1493,746,0,1.87600,0.00000,0.00000,0.01860,0,-1.00000,665177162497,0.00000
1494,747,0,0.43630,1.37770,0.09750,0.01880,1280000,-1.00000,665177166404,0.00000
1495,747,0,1.92920,0.00000,0.00000,0.01730,0,-1.00000,665177183484,0.00000
1496,748,0,0.35800,1.34730,0.10540,0.01820,1280000,-1.00000,665177186764,0.00000
1497,748,0,1.96670,0.00000,0.00000,0.02300,0,-1.00000,665177205543,0.00000
1498,749,0,0.64230,1.34210,0.10020,0.02330,1280000,-1.00000,665177209898,0.00000
1499,749,0,1.93940,0.00000,0.00000,0.02050,0,-1.00000,665177229182,0.00000
1500,750,0,0.81910,1.29770,0.10310,0.01960,1280000,-1.00000,665177232759,0.00000
1501,750,0,1.88170,0.00000,0.00000,0.01770,0,-1.00000,665177252433,0.00000
1502,751,0,1.43980,1.15880,0.11380,0.02980,1280000,-1.00000,665177258863,0.00000
1503,751,0,1.84120,0.00000,0.00000,0.01990,0,-1.00000,665177278250,0.00000
1504,752,0,0.81920,1.78240,0.09910,0.02520,1280000,-1.00000,665177286458,0.00000
1505,752,0,2.42410,0.00000,0.00000,0.02070,0,-1.00000,665177305253,0.00000
1506,753,0,0.39980,1.28720,0.09540,0.01950,1280000,-1.00000,665177319653,0.00000
1507,753,0,1.81690,0.00000,0.00000,0.01750,0,-1.00000,665177338077,0.00000
1508,754,0,0.35100,1.32410,0.10320,0.02190,1280000,-1.00000,665177346256,0.00000
1509,754,0,1.88340,0.00000,0.00000,0.01890,0,-1.00000,665177370503,0.00000
1510,755,0,0.55540,1.16520,0.12580,0.02120,1280000,-1.00000,665177374497,0.00000
1511,755,0,1.76000,0.00000,0.00000,0.01740,0,-1.00000,665177392662,0.00000
1512,756,0,0.96860,1.18830,0.09890,0.02170,1280000,-1.00000,665177396171,0.00000
1513,756,0,1.75230,0.00000,0.00000,0.01800,0,-1.00000,665177415009,0.00000
1514,757,0,0.33080,1.11360,0.10360,0.01690,1280000,-1.00000,665177420563,0.00000
1515,757,0,1.94610,0.00000,0.00000,0.02140,0,-1.00000,665177438159,0.00000
1516,758,0,1.27190,1.38720,0.11410,0.03630,1280000,-1.00000,665177447855,0.00000
1517,758,0,2.16500,0.00000,0.00000,0.02160,0,-1.00000,665177465371,0.00000
1518,759,0,0.50920,1.14600,0.11640,0.02100,1280000,-1.00000,665177468674,0.00000
1519,759,0,1.73780,0.00000,0.00000,0.01850,0,-1.00000,665177488142,0.00000
1520,760,0,1.00380,1.79120,0.11650,0.01990,1280000,-1.00000,665177500865,0.00000
1521,760,0,2.32090,0.00000,0.00000,0.01690,0,-1.00000,665177522509,0.00000
1522,761,0,0.34670,1.27690,0.09720,0.01960,1280000,-1.00000,665177527607,0.00000
1523,761,0,1.91060,0.00000,0.00000,0.01730,0,-1.00000,665177544979,0.00000
1524,762,0,0.79780,1.14060,0.12290,0.02200,1280000,-1.00000,665177555015,0.00000
1525,762,0,1.72570,0.00000,0.00000,0.01850,0,-1.00000,665177578229,0.00000
1526,763,0,0.96620,1.10410,0.11530,0.02740,1280000,-1.00000,665177581700,0.00000
1527,763,0,1.71130,0.00000,0.00000,0.02160,0,-1.00000,665177600799,0.00000
1528,764,0,0.99300,1.24450,0.11170,0.02220,1280000,-1.00000,665177608774,0.00000
1529,764,0,1.81870,0.00000,0.00000,0.01790,0,-1.00000,665177626039,0.00000
1530,765,0,0.83590,1.31100,0.10250,0.02400,1280000,-1.00000,665177635743,0.00000
1531,765,0,1.89020,0.00000,0.00000,0.01890,0,-1.00000,665177652815,0.00000
1532,766,0,1.32260,1.14690,0.10000,0.01810,1280000,-1.00000,665177662763,0.00000
1533,766,0,1.88300,0.00000,0.00000,0.03880,0,-1.00000,665177680926,0.00000
1534,767,0,0.79221,1.67120,0.09830,0.02590,1280000,-1.00000,665177689287,0.00000
1535,767,0,2.35930,0.00000,0.00000,0.01920,0,-1.00000,665177708245,0.00000
1536,768,0,0.37580,1.14070,0.09570,0.02300,1280000,-1.00000,665177721412,0.00000
1537,768,0,1.68270,0.00000,0.00000,0.01900,0,-1.00000,665177740269,0.00000
1538,769,0,0.36200,1.71770,0.11290,0.02430,1280000,-1.00000,665177748208,0.00000
1539,769,0,2.30880,0.00000,0.00000,0.02070,0,-1.00000,665177771768,0.00000
1540,770,0,0.47840,1.26610,0.10980,0.01940,1280000,-1.00000,665177775522,0.00000
1541,770,0,1.81530,0.00000,0.00000,0.01750,0,-1.00000,665177792342,0.00000
1542,771,0,2.14630,1.19190,0.10270,0.02290,1280000,-1.00000,665177795962,0.00000
1543,771,0,1.71880,0.00000,0.00000,0.01790,0,-1.00000,665177819053,0.00000
1544,772,0,0.33540,1.34570,0.11880,0.01740,1280000,-1.00000,665177823848,0.00000
1545,772,0,1.87270,0.00000,0.00000,0.01640,0,-1.00000,665177841986,0.00000
1546,773,0,0.33860,1.36700,0.11240,0.01790,1280000,-1.00000,665177863453,0.00000
1547,773,0,1.96870,0.00000,0.00000,0.02260,0,-1.00000,665177880637,0.00000
1548,774,0,0.91740,1.73600,0.09390,0.02390,1280000,-1.00000,665177883999,0.00000
1549,774,0,2.51080,0.00000,0.00000,0.02230,0,-1.00000,665177902717,0.00000
1550,775,0,0.41750,1.81050,0.11730,0.02520,1280000,-1.00000,665177906101,0.00000
1551,775,0,2.49810,0.00000,0.00000,0.04630,0,-1.00000,665177925799,0.00000
1552,776,0,0.83460,1.62180,0.10130,0.02620,1280000,-1.00000,665177935030,0.00000
1553,776,0,2.37340,0.00000,0.00000,0.01850,0,-1.00000,665177960085,0.00000
1554,777,0,0.34630,1.09750,0.09280,0.01800,1280000,-1.00000,665177964247,0.00000
1555,777,0,1.66110,0.00000,0.00000,0.02040,0,-1.00000,665177989239,0.00000
1556,778,0,0.35410,1.36300,0.11480,0.02030,1280000,-1.00000,665177997638,0.00000
1557,778,0,1.91140,0.00000,0.00000,0.01770,0,-1.00000,665178021313,0.00000
1558,779,0,0.34349,1.14500,0.11940,0.01690,1280000,-1.00000,665178024774,0.00000
1559,779,0,1.68951,0.00000,0.00000,0.01670,0,-1.00000,665178041377,0.00000
1560,780,0,0.35370,1.51350,0.11500,0.02610,1280000,-1.00000,665178044931,0.00000
1561,780,0,2.08910,0.00000,0.00000,0.01970,0,-1.00000,665178064041,0.00000
1562,781,0,0.40240,1.16220,0.11610,0.01860,1280000,-1.00000,665178067473,0.00000
1563,781,0,1.68241,0.00000,0.00000,0.01640,0,-1.00000,665178084367,0.00000
1564,782,0,0.38270,1.16610,0.10880,0.01970,1280000,-1.00000,665178087903,0.00000
1565,782,0,1.70190,0.00000,0.00000,0.01700,0,-1.00000,665178108799,0.00000
1566,783,0,0.85010,1.09690,0.17520,0.02730,1280000,-1.00000,665178112819,0.00000
1567,783,0,1.86351,0.00000,0.00000,0.02330,0,-1.00000,665178129644,0.00000
1568,784,0,0.81810,1.16670,0.10700,0.02400,1280000,-1.00000,665178133474,0.00000
1569,784,0,1.72810,0.00000,0.00000,0.01890,0,-1.00000,665178150490,0.00000
1570,785,0,0.95980,1.17650,0.14880,0.01930,1280000,-1.00000,665178158994,0.00000
1571,785,0,1.76640,0.00000,0.00000,0.01840,0,-1.00000,665178177641,0.00000
1572,786,0,0.94430,1.17050,0.09910,0.02540,1280000,-1.00000,665178185824,0.00000
1573,786,0,1.74140,0.00000,0.00000,0.01870,0,-1.00000,665178203090,0.00000
1574,787,0,2.52820,1.39030,0.10850,0.03190,1280000,-1.00000,665178212692,0.00000
1575,787,0,2.18890,0.00000,0.00000,0.02030,0,-1.00000,665178230354,0.00000
1576,788,0,0.51690,1.43740,0.09440,0.02340,1280000,-1.00000,665178239796,0.00000
1577,788,0,2.01630,0.00000,0.00000,0.01850,0,-1.00000,665178257212,0.00000
1578,789,0,0.34440,1.54450,0.11620,0.02460,1280000,-1.00000,665178282499,0.00000
1579,789,0,2.16950,0.00000,0.00000,0.02210,0,-1.00000,665178304389,0.00000
1580,790,0,0.53790,1.90060,0.09160,0.02630,1280000,-1.00000,665178309589,0.00000
1581,790,0,2.63330,0.00000,0.00000,0.02440,0,-1.00000,665178329712,0.00000
1582,791,0,0.51930,1.46430,0.13100,0.02110,1280000,-1.00000,665178333154,0.00000
1583,791,0,2.11440,0.00000,0.00000,0.01830,0,-1.00000,665178354860,0.00000
1584,792,0,0.33750,1.27720,0.16580,0.02380,1280000,-1.00000,665178360282,0.00000
1585,792,0,1.92870,0.00000,0.00000,0.02210,0,-1.00000,665178386581,0.00000
1586,793,0,0.75360,1.57760,0.09290,0.02000,1280000,-1.00000,665178391787,0.00000
1587,793,0,2.24710,0.00000,0.00000,0.01810,0,-1.00000,665178412903,0.00000
1588,794,0,0.46790,1.26880,0.10300,0.01780,1280000,-1.00000,665178416273,0.00000
1589,794,0,1.80630,0.00000,0.00000,0.01730,0,-1.00000,665178435569,0.00000
1590,795,0,0.65340,1.12850,0.10820,0.02190,1280000,-1.00000,665178443149,0.00000
1591,795,0,1.69810,0.00000,0.00000,0.01820,0,-1.00000,665178465570,0.00000
1592,796,0,0.98240,1.15390,0.11900,0.02180,1280000,-1.00000,665178470263,0.00000
1593,796,0,1.74270,0.00000,0.00000,0.01810,0,-1.00000,665178488308,0.00000
1594,797,0,0.91820,1.07820,0.10550,0.01920,1280000,-1.00000,665178494845,0.00000
1595,797,0,1.60880,0.00000,0.00000,0.01690,0,-1.00000,665178511827,0.00000
1596,798,0,1.13120,1.19250,0.11850,0.02320,1280000,-1.00000,665178521657,0.00000
1597,798,0,1.76470,0.00000,0.00000,0.01750,0,-1.00000,665178539077,0.00000
1598,799,0,0.93581,1.17620,0.11410,0.03070,1280000,-1.00000,665178548258,0.00000
1599,799,0,1.88770,0.00000,0.00000,0.01930,0,-1.00000,665178564346,0.00000
1600,800,0,2.06850,1.15070,0.11680,0.02970,1280000,-1.00000,665178575659,0.00000
1601,800,0,1.82290,0.00000,0.00000,0.02520,0,-1.00000,665178593311,0.00000
1602,801,0,0.48710,1.38410,0.10380,0.02670,1280000,-1.00000,665178602697,0.00000
1603,801,0,2.01450,0.00000,0.00000,0.02030,0,-1.00000,665178621551,0.00000
1604,802,0,0.37370,1.15770,0.10510,0.02280,1280000,-1.00000,665178642238,0.00000
1605,802,0,1.78241,0.00000,0.00000,0.02140,0,-1.00000,665178660469,0.00000
1606,803,0,0.38140,1.31100,0.10170,0.01960,1280000,-1.00000,665178665334,0.00000
1607,803,0,1.85750,0.00000,0.00000,0.02150,0,-1.00000,665178685475,0.00000
1608,804,0,0.36130,1.10790,0.09080,0.02590,1280000,-1.00000,665178689212,0.00000
1609,804,0,1.63250,0.00000,0.00000,0.01760,0,-1.00000,665178707037,0.00000
1610,805,0,0.33350,1.67950,0.10010,0.02000,1280000,-1.00000,665178710846,0.00000
1611,805,0,2.25580,0.00000,0.00000,0.02400,0,-1.00000,665178729419,0.00000
1612,806,0,1.53630,1.13430,0.10780,0.03130,1280000,-1.00000,665178733032,0.00000
1613,806,0,1.81470,0.00000,0.00000,0.02340,0,-1.00000,665178749356,0.00000
1614,807,0,0.90590,1.07750,0.10770,0.02070,1280000,-1.00000,665178752689,0.00000
1615,807,0,1.70190,0.00000,0.00000,0.02040,0,-1.00000,665178775257,0.00000
1616,808,0,0.99470,1.12610,0.11030,0.01930,1280000,-1.00000,665178790627,0.00000
1617,808,0,1.66570,0.00000,0.00000,0.01720,0,-1.00000,665178808771,0.00000
1618,809,0,2.42380,1.54730,0.10300,0.02880,1280000,-1.00000,665178817825,0.00000
1619,809,0,2.14539,0.00000,0.00000,0.02330,0,-1.00000,665178834844,0.00000
1620,810,0,0.43270,1.14910,0.09530,0.01870,1280000,-1.00000,665178844785,0.00000
1621,810,0,1.68120,0.00000,0.00000,0.01760,0,-1.00000,665178861443,0.00000
1622,811,0,1.14110,1.07190,0.09690,0.02110,1280000,-1.00000,665178885683,0.00000
1623,811,0,1.62840,0.00000,0.00000,0.01820,0,-1.00000,665178907145,0.00000
1624,812,0,1.01630,1.12010,0.11290,0.03180,1280000,-1.00000,665178911463,0.00000
1625,812,0,1.80170,0.00000,0.00000,0.01890,0,-1.00000,665178928275,0.00000
1626,813,0,0.38220,1.33200,0.21460,0.02250,1280000,-1.00000,665178939687,0.00000
1627,813,0,2.01630,0.00000,0.00000,0.01980,0,-1.00000,665178955971,0.00000
1628,814,0,1.23100,1.14280,0.10070,0.01990,1280000,-1.00000,665178966142,0.00000
1629,814,0,1.68110,0.00000,0.00000,0.01820,0,-1.00000,665178984156,0.00000
1630,815,0,2.27320,1.07840,0.10000,0.02330,1280000,-1.00000,665178987972,0.00000
1631,815,0,1.61480,0.00000,0.00000,0.01990,0,-1.00000,665179008141,0.00000
1632,816,0,0.35790,1.98220,0.11640,0.02110,1280000,-1.00000,665179020450,0.00000
1633,816,0,2.51850,0.00000,0.00000,0.01920,0,-1.00000,665179037254,0.00000
1634,817,0,0.34410,1.36930,0.12450,0.01930,1280000,-1.00000,665179059989,0.00000
1635,817,0,1.96790,0.00000,0.00000,0.02280,0,-1.00000,665179076140,0.00000
1636,818,0,0.51570,1.56160,0.09060,0.02170,1280000,-1.00000,665179079713,0.00000
1637,818,0,2.19210,0.00000,0.00000,0.01810,0,-1.00000,665179104901,0.00000
1638,819,0,0.68400,1.48220,0.10560,0.02520,1280000,-1.00000,665179108336,0.00000
1639,819,0,2.15830,0.00000,0.00000,0.01840,0,-1.00000,665179128021,0.00000
1640,820,0,0.43819,1.19990,0.13360,0.03340,1280000,-1.00000,665179133215,0.00000
1641,820,0,1.98710,0.00000,0.00000,0.02310,0,-1.00000,665179155096,0.00000
1642,821,0,0.68210,1.65830,0.12150,0.02040,1280000,-1.00000,665179161972,0.00000
1643,821,0,2.32330,0.00000,0.00000,0.01850,0,-1.00000,665179183527,0.00000
1644,822,0,0.35750,1.14840,0.10420,0.02390,1280000,-1.00000,665179187962,0.00000
1645,822,0,1.72690,0.00000,0.00000,0.01890,0,-1.00000,665179207787,0.00000
1646,823,0,0.35420,1.14140,0.09670,0.01810,1280000,-1.00000,665179214635,0.00000
1647,823,0,1.64980,0.00000,0.00000,0.01710,0,-1.00000,665179237828,0.00000
1648,824,0,0.34960,1.13470,0.09110,0.01950,1280000,-1.00000,665179241401,0.00000
1649,824,0,1.68200,0.00000,0.00000,0.01800,0,-1.00000,665179258670,0.00000
1650,825,0,0.47060,1.10030,0.14950,0.01890,1280000,-1.00000,665179262210,0.00000
1651,825,0,1.73151,0.00000,0.00000,0.02300,0,-1.00000,665179278710,0.00000
1652,826,0,1.01270,1.47490,0.10490,0.02430,1280000,-1.00000,665179282204,0.00000
1653,826,0,2.43610,0.00000,0.00000,0.01830,0,-1.00000,665179299032,0.00000
1654,827,0,1.61590,1.07300,0.10240,0.03200,1280000,-1.00000,665179303731,0.00000
1655,827,0,1.81560,0.00000,0.00000,0.03450,0,-1.00000,665179321058,0.00000
1656,828,0,0.90390,1.98700,0.11210,0.02710,1280000,-1.00000,665179331248,0.00000
1657,828,0,2.62240,0.00000,0.00000,0.01890,0,-1.00000,665179355538,0.00000
1658,829,0,0.36730,1.08690,0.09840,0.02180,1280000,-1.00000,665179371706,0.00000
1659,829,0,1.64391,0.00000,0.00000,0.01800,0,-1.00000,665179389862,0.00000
1660,830,0,0.77400,1.13750,0.10020,0.01820,1280000,-1.00000,665179398893,0.00000
1661,830,0,1.66779,0.00000,0.00000,0.01690,0,-1.00000,665179425118,0.00000
1662,831,0,0.92720,1.09430,0.08870,0.01880,1280000,-1.00000,665179428792,0.00000
1663,831,0,1.72850,0.00000,0.00000,0.01740,0,-1.00000,665179445229,0.00000
1664,832,0,1.04770,1.10700,0.10510,0.02150,1280000,-1.00000,665179452965,0.00000
1665,832,0,1.67390,0.00000,0.00000,0.01820,0,-1.00000,665179469644,0.00000
1666,833,0,1.00740,1.10290,0.10540,0.01880,1280000,-1.00000,665179478918,0.00000
1667,833,0,1.61380,0.00000,0.00000,0.01690,0,-1.00000,665179496202,0.00000
1668,834,0,1.10160,1.13780,0.10050,0.01940,1280000,-1.00000,665179506681,0.00000
1669,834,0,1.67299,0.00000,0.00000,0.01720,0,-1.00000,665179523418,0.00000
1670,835,0,1.00360,1.08570,0.10060,0.02540,1280000,-1.00000,665179533496,0.00000
1671,835,0,1.65120,0.00000,0.00000,0.01850,0,-1.00000,665179549626,0.00000
1672,836,0,1.06030,1.12760,0.15860,0.02730,1280000,-1.00000,665179560648,0.00000
1673,836,0,1.89720,0.00000,0.00000,0.02330,0,-1.00000,665179577375,0.00000
1674,837,0,0.42370,1.52010,0.09120,0.02370,1280000,-1.00000,665179587412,0.00000
1675,837,0,2.09709,0.00000,0.00000,0.02050,0,-1.00000,665179603920,0.00000
1676,838,0,0.95551,1.33600,0.10160,0.02380,1280000,-1.00000,665179614536,0.00000
1677,838,0,1.92870,0.00000,0.00000,0.02050,0,-1.00000,665179633525,0.00000
1678,839,0,0.85560,1.09770,0.09230,0.01880,1280000,-1.00000,665179637737,0.00000
1679,839,0,1.63880,0.00000,0.00000,0.01760,0,-1.00000,665179658711,0.00000
1680,840,0,0.99780,1.09280,0.08660,0.01930,1280000,-1.00000,665179668270,0.00000
1681,840,0,1.63530,0.00000,0.00000,0.02010,0,-1.00000,665179687552,0.00000
1682,841,0,1.20710,1.08580,0.10440,0.01720,1280000,-1.00000,665179696103,0.00000
1683,841,0,1.62900,0.00000,0.00000,0.01690,0,-1.00000,665179712490,0.00000
1684,842,0,2.29270,1.09950,0.13180,0.02620,1280000,-1.00000,665179722472,0.00000
1685,842,0,1.70000,0.00000,0.00000,0.02330,0,-1.00000,665179738828,0.00000
1686,843,0,0.62600,1.44590,0.13720,0.03190,1280000,-1.00000,665179750905,0.00000
1687,843,0,2.30130,0.00000,0.00000,0.02020,0,-1.00000,665179767183,0.00000
1688,844,0,0.38010,1.48400,0.09960,0.02680,1280000,-1.00000,665179790112,0.00000
1689,844,0,2.04670,0.00000,0.00000,0.01920,0,-1.00000,665179807112,0.00000
1690,845,0,0.35050,1.20660,0.08950,0.01870,1280000,-1.00000,665179813430,0.00000
1691,845,0,1.71260,0.00000,0.00000,0.01800,0,-1.00000,665179836400,0.00000
1692,846,0,0.32050,1.20610,0.10580,0.02240,1280000,-1.00000,665179840190,0.00000
1693,846,0,1.76920,0.00000,0.00000,0.01850,0,-1.00000,665179860653,0.00000
1694,847,0,0.99080,1.17970,0.13760,0.02220,1280000,-1.00000,665179864156,0.00000
1695,847,0,1.76040,0.00000,0.00000,0.01790,0,-1.00000,665179881283,0.00000
1696,848,0,1.03360,1.18820,0.16770,0.02240,1280000,-1.00000,665179884486,0.00000
1697,848,0,1.78951,0.00000,0.00000,0.01960,0,-1.00000,665179902182,0.00000
1698,849,0,0.89060,1.07870,0.12320,0.01810,1280000,-1.00000,665179912096,0.00000
1699,849,0,1.63180,0.00000,0.00000,0.01920,0,-1.00000,665179929692,0.00000
1700,850,0,1.10810,1.16320,0.17880,0.03170,1280000,-1.00000,665179940034,0.00000
1701,850,0,1.92470,0.00000,0.00000,0.01870,0,-1.00000,665179957920,0.00000
1702,851,0,0.70410,1.05540,0.09640,0.01790,1280000,-1.00000,665179966835,0.00000
1703,851,0,1.61390,0.00000,0.00000,0.01710,0,-1.00000,665179983148,0.00000
1704,852,0,1.06650,1.14740,0.11410,0.04160,1280000,-1.00000,665179994252,0.00000
1705,852,0,1.82950,0.00000,0.00000,0.01860,0,-1.00000,665180013480,0.00000
1706,853,0,2.30480,1.37720,0.10570,0.02380,1280000,-1.00000,665180020511,0.00000
1707,853,0,1.93230,0.00000,0.00000,0.01910,0,-1.00000,665180036656,0.00000
1708,854,0,0.35350,1.16930,0.12000,0.02100,1280000,-1.00000,665180047328,0.00000
1709,854,0,1.74889,0.00000,0.00000,0.01970,0,-1.00000,665180065625,0.00000
1710,855,0,1.93080,1.08370,0.12740,0.02160,1280000,-1.00000,665180088668,0.00000
1711,855,0,1.69760,0.00000,0.00000,0.01780,0,-1.00000,665180107989,0.00000
1712,856,0,0.81860,1.12060,0.11540,0.02120,1280000,-1.00000,665180111520,0.00000
1713,856,0,1.65560,0.00000,0.00000,0.01720,0,-1.00000,665180129012,0.00000
1714,857,0,0.33160,1.09840,0.09610,0.01770,1280000,-1.00000,665180148319,0.00000
1715,857,0,1.71420,0.00000,0.00000,0.02320,0,-1.00000,665180165294,0.00000
1716,858,0,0.42389,1.16260,0.11210,0.02260,1280000,-1.00000,665180173483,0.00000
1717,858,0,1.82990,0.00000,0.00000,0.02330,0,-1.00000,665180190033,0.00000
1718,859,0,0.52160,1.04390,0.10470,0.02190,1280000,-1.00000,665180193350,0.00000
1719,859,0,1.61920,0.00000,0.00000,0.01900,0,-1.00000,665180210496,0.00000
1720,860,0,1.05410,1.12830,0.10560,0.01880,1280000,-1.00000,665180214727,0.00000
1721,860,0,1.72060,0.00000,0.00000,0.02060,0,-1.00000,665180233038,0.00000
1722,861,0,0.79780,1.19830,0.15220,0.03020,1280000,-1.00000,665180238253,0.00000
1723,861,0,1.88320,0.00000,0.00000,0.02360,0,-1.00000,665180254441,0.00000
1724,862,0,0.37080,1.08550,0.10300,0.01910,1280000,-1.00000,665180264990,0.00000
1725,862,0,1.79590,0.00000,0.00000,0.02170,0,-1.00000,665180282186,0.00000
1726,863,0,1.39349,1.04630,0.10980,0.02110,1280000,-1.00000,665180290172,0.00000
1727,863,0,1.58430,0.00000,0.00000,0.01870,0,-1.00000,665180309005,0.00000
1728,864,0,1.16410,1.11870,0.10860,0.01750,1280000,-1.00000,665180312708,0.00000
1729,864,0,1.62340,0.00000,0.00000,0.01710,0,-1.00000,665180330660,0.00000
1730,865,0,2.32140,1.03900,0.10320,0.01950,1280000,-1.00000,665180344599,0.00000
1731,865,0,1.57810,0.00000,0.00000,0.01700,0,-1.00000,665180360443,0.00000
1732,866,0,1.17180,1.14370,0.11950,0.01920,1280000,-1.00000,665180372088,0.00000
1733,866,0,1.67580,0.00000,0.00000,0.01670,0,-1.00000,665180388317,0.00000
1734,867,0,0.97190,1.03980,0.11830,0.03210,1280000,-1.00000,665180411531,0.00000
1735,867,0,1.69400,0.00000,0.00000,0.01910,0,-1.00000,665180427313,0.00000
1736,868,0,0.37770,1.12080,0.09700,0.02360,1280000,-1.00000,665180439030,0.00000
1737,868,0,1.70150,0.00000,0.00000,0.01880,0,-1.00000,665180455788,0.00000
1738,869,0,0.34930,1.07920,0.09530,0.02000,1280000,-1.00000,665180465506,0.00000
1739,869,0,1.60700,0.00000,0.00000,0.01730,0,-1.00000,665180482458,0.00000
1740,870,0,1.01980,1.12100,0.10290,0.01740,1280000,-1.00000,665180486215,0.00000
1741,870,0,1.63050,0.00000,0.00000,0.01670,0,-1.00000,665180503242,0.00000
1742,871,0,1.03780,1.07880,0.10690,0.02420,1280000,-1.00000,665180506732,0.00000
1743,871,0,1.65730,0.00000,0.00000,0.02140,0,-1.00000,665180522803,0.00000
1744,872,0,0.35630,1.11080,0.11060,0.02140,1280000,-1.00000,665180532999,0.00000
1745,872,0,1.72550,0.00000,0.00000,0.02230,0,-1.00000,665180549304,0.00000
1746,873,0,0.59860,1.07730,0.11370,0.02890,1280000,-1.00000,665180559680,0.00000
1747,873,0,1.72640,0.00000,0.00000,0.01860,0,-1.00000,665180576244,0.00000
1748,874,0,2.09889,1.08170,0.12750,0.03970,1280000,-1.00000,665180579818,0.00000
1749,874,0,1.85660,0.00000,0.00000,0.02060,0,-1.00000,665180597077,0.00000
1750,875,0,0.46410,1.14560,0.15470,0.03520,1280000,-1.00000,665180603061,0.00000
1751,875,0,1.90980,0.00000,0.00000,0.02010,0,-1.00000,665180620334,0.00000
1752,876,0,2.45959,1.12210,0.10940,0.02530,1280000,-1.00000,665180641320,0.00000
1753,876,0,1.69650,0.00000,0.00000,0.01950,0,-1.00000,665180659897,0.00000
1754,877,0,0.38260,1.07800,0.10010,0.01780,1280000,-1.00000,665180664521,0.00000
1755,877,0,1.59050,0.00000,0.00000,0.01710,0,-1.00000,665180683632,0.00000
1756,878,0,0.44060,1.06900,0.08810,0.01880,1280000,-1.00000,665180708222,0.00000
1757,878,0,1.56490,0.00000,0.00000,0.01770,0,-1.00000,665180725182,0.00000
1758,879,0,2.41100,1.05660,0.10590,0.04800,1280000,-1.00000,665180729006,0.00000
1759,879,0,1.76030,0.00000,0.00000,0.02020,0,-1.00000,665180744910,0.00000
1760,880,0,2.36420,1.10090,0.11500,0.08030,1280000,-1.00000,665180749314,0.00000
1761,880,0,1.99070,0.00000,0.00000,0.02660,0,-1.00000,665180764962,0.00000
1762,881,0,0.53040,1.08790,0.09650,0.02510,1280000,-1.00000,665180789087,0.00000
1763,881,0,1.73780,0.00000,0.00000,0.01980,0,-1.00000,665180806682,0.00000
1764,882,0,0.37230,1.18760,0.10160,0.02430,1280000,-1.00000,665180830329,0.00000
1765,882,0,1.72550,0.00000,0.00000,0.02190,0,-1.00000,665180850263,0.00000
1766,883,0,0.41939,1.03760,0.13690,0.02020,1280000,-1.00000,665180855533,0.00000
1767,883,0,1.64180,0.00000,0.00000,0.01760,0,-1.00000,665180872912,0.00000
1768,884,0,1.00130,1.10760,0.11850,0.01910,1280000,-1.00000,665180876638,0.00000
1769,884,0,1.64730,0.00000,0.00000,0.01720,0,-1.00000,665180893889,0.00000
1770,885,0,0.32230,1.01950,0.12360,0.02080,1280000,-1.00000,665180898079,0.00000
1771,885,0,1.99700,0.00000,0.00000,0.02230,0,-1.00000,665180914501,0.00000
1772,886,0,0.44670,1.10140,0.09200,0.02060,1280000,-1.00000,665180924519,0.00000
1773,886,0,1.60360,0.00000,0.00000,0.01780,0,-1.00000,665180940984,0.00000
1774,887,0,0.69640,1.06390,0.11050,0.01720,1280000,-1.00000,665180944205,0.00000
1775,887,0,1.60140,0.00000,0.00000,0.01680,0,-1.00000,665180964190,0.00000
1776,888,0,2.89320,1.10670,0.10280,0.01820,1280000,-1.00000,665180968644,0.00000
1777,888,0,1.60010,0.00000,0.00000,0.01680,0,-1.00000,665180984682,0.00000
1778,889,0,0.32700,1.05300,0.10570,0.01860,1280000,-1.00000,665180991646,0.00000
1779,889,0,1.68860,0.00000,0.00000,0.01730,0,-1.00000,665181007657,0.00000
1780,890,0,0.39960,1.26940,0.11060,0.03020,1280000,-1.00000,665181036590,0.00000
1781,890,0,1.90580,0.00000,0.00000,0.01980,0,-1.00000,665181052591,0.00000
1782,891,0,1.80420,1.06530,0.09690,0.01890,1280000,-1.00000,665181055859,0.00000
1783,891,0,1.64650,0.00000,0.00000,0.02230,0,-1.00000,665181072754,0.00000
1784,892,0,0.39290,1.69000,0.10190,0.01940,1280000,-1.00000,665181076753,0.00000
1785,892,0,2.23210,0.00000,0.00000,0.01750,0,-1.00000,665181095817,0.00000
1786,893,0,0.33670,1.13480,0.17860,0.02060,1280000,-1.00000,665181113854,0.00000
1787,893,0,1.75160,0.00000,0.00000,0.01910,0,-1.00000,665181130314,0.00000
1788,894,0,0.39670,1.68590,0.11690,0.02220,1280000,-1.00000,665181134241,0.00000
1789,894,0,2.24540,0.00000,0.00000,0.01830,0,-1.00000,665181156559,0.00000
1790,895,0,0.46040,1.21020,0.15440,0.02150,1280000,-1.00000,665181159926,0.00000
1791,895,0,1.82240,0.00000,0.00000,0.02210,0,-1.00000,665181177442,0.00000
1792,896,0,0.81750,1.08950,0.09800,0.02020,1280000,-1.00000,665181181409,0.00000
1793,896,0,1.65070,0.00000,0.00000,0.02260,0,-1.00000,665181203865,0.00000
1794,897,0,1.13330,1.03620,0.11260,0.02920,1280000,-1.00000,665181208467,0.00000
1795,897,0,1.67040,0.00000,0.00000,0.02340,0,-1.00000,665181226693,0.00000
1796,898,0,2.34300,1.84960,0.13870,0.02470,1280000,-1.00000,665181234869,0.00000
1797,898,0,2.49520,0.00000,0.00000,0.01950,0,-1.00000,665181251383,0.00000
1798,899,0,0.42120,1.15560,0.09550,0.02360,1280000,-1.00000,665181262719,0.00000
1799,899,0,1.70870,0.00000,0.00000,0.01910,0,-1.00000,665181279424,0.00000
1800,900,0,0.34780,1.16800,0.14760,0.02510,1280000,-1.00000,665181302851,0.00000
1801,900,0,1.83340,0.00000,0.00000,0.02180,0,-1.00000,665181327797,0.00000
1802,901,0,0.39931,1.05360,0.09630,0.02310,1280000,-1.00000,665181332003,0.00000
1803,901,0,1.61280,0.00000,0.00000,0.01810,0,-1.00000,665181349095,0.00000
1804,902,0,2.00410,1.04910,0.12350,0.02030,1280000,-1.00000,665181352567,0.00000
1805,902,0,1.59550,0.00000,0.00000,0.01840,0,-1.00000,665181370905,0.00000
1806,903,0,0.33530,1.04460,0.09530,0.01840,1280000,-1.00000,665181374894,0.00000
1807,903,0,1.53000,0.00000,0.00000,0.01780,0,-1.00000,665181391029,0.00000
1808,904,0,0.51040,1.09160,0.11360,0.02350,1280000,-1.00000,665181411072,0.00000
1809,904,0,2.07930,0.00000,0.00000,0.02310,0,-1.00000,665181427021,0.00000
1810,905,0,0.57370,1.01620,0.10290,0.02050,1280000,-1.00000,665181430370,0.00000
1811,905,0,1.56759,0.00000,0.00000,0.02230,0,-1.00000,665181445672,0.00000
1812,906,0,1.29950,1.08630,0.11770,0.03140,1280000,-1.00000,665181450771,0.00000
1813,906,0,1.81420,0.00000,0.00000,0.02330,0,-1.00000,665181471575,0.00000
1814,907,0,0.43330,1.11460,0.13550,0.02350,1280000,-1.00000,665181477300,0.00000
1815,907,0,1.72740,0.00000,0.00000,0.02160,0,-1.00000,665181492975,0.00000
1816,908,0,0.41910,1.05190,0.09150,0.02280,1280000,-1.00000,665181505987,0.00000
1817,908,0,1.60040,0.00000,0.00000,0.01850,0,-1.00000,665181524125,0.00000
1818,909,0,2.07180,1.13480,0.10880,0.01820,1280000,-1.00000,665181528455,0.00000
1819,909,0,1.62990,0.00000,0.00000,0.01720,0,-1.00000,665181545725,0.00000
1820,910,0,0.33890,1.05140,0.11210,0.02310,1280000,-1.00000,665181549972,0.00000
1821,910,0,1.61730,0.00000,0.00000,0.02180,0,-1.00000,665181565924,0.00000
1822,911,0,0.47810,1.01190,0.11240,0.02640,1280000,-1.00000,665181586642,0.00000
1823,911,0,1.60080,0.00000,0.00000,0.02230,0,-1.00000,665181602938,0.00000
1824,912,0,1.13230,1.69720,0.10110,0.02050,1280000,-1.00000,665181606325,0.00000
1825,912,0,2.37610,0.00000,0.00000,0.01940,0,-1.00000,665181622507,0.00000
1826,913,0,0.36340,1.27080,0.10060,0.02420,1280000,-1.00000,665181627282,0.00000
1827,913,0,1.87540,0.00000,0.00000,0.02110,0,-1.00000,665181643300,0.00000
1828,914,0,0.78009,1.69100,0.10860,0.01930,1280000,-1.00000,665181654620,0.00000
1829,914,0,2.22370,0.00000,0.00000,0.01750,0,-1.00000,665181678377,0.00000
1830,915,0,0.38900,1.04970,0.10840,0.01970,1280000,-1.00000,665181682010,0.00000
1831,915,0,1.90680,0.00000,0.00000,0.01780,0,-1.00000,665181700767,0.00000
1832,916,0,0.86940,1.09320,0.11050,0.01840,1280000,-1.00000,665181708565,0.00000
1833,916,0,2.01290,0.00000,0.00000,0.01640,0,-1.00000,665181730798,0.00000
1834,917,0,0.65420,1.00500,0.10550,0.01880,1280000,-1.00000,665181734688,0.00000
1835,917,0,1.52750,0.00000,0.00000,0.01720,0,-1.00000,665181753760,0.00000
1836,918,0,1.21760,1.09010,0.12620,0.01810,1280000,-1.00000,665181762454,0.00000
1837,918,0,1.64560,0.00000,0.00000,0.01590,0,-1.00000,665181782580,0.00000
1838,919,0,2.33480,1.01180,0.11750,0.02860,1280000,-1.00000,665181789119,0.00000
1839,919,0,1.67080,0.00000,0.00000,0.02090,0,-1.00000,665181804400,0.00000
1840,920,0,0.38740,1.64700,0.10850,0.02090,1280000,-1.00000,665181816578,0.00000
1841,920,0,2.21770,0.00000,0.00000,0.01770,0,-1.00000,665181833029,0.00000
1842,921,0,0.35779,1.62550,0.10580,0.02460,1280000,-1.00000,665181856379,0.00000
1843,921,0,2.15670,0.00000,0.00000,0.01870,0,-1.00000,665181873100,0.00000
1844,922,0,0.35670,1.09080,0.10430,0.02130,1280000,-1.00000,665181876968,0.00000
1845,922,0,1.62570,0.00000,0.00000,0.01790,0,-1.00000,665181899140,0.00000
1846,923,0,2.05840,0.99910,0.10620,0.01860,1280000,-1.00000,665181902713,0.00000
1847,923,0,1.55730,0.00000,0.00000,0.02330,0,-1.00000,665181924284,0.00000
1848,924,0,0.41120,1.05110,0.11530,0.02730,1280000,-1.00000,665181927855,0.00000
1849,924,0,1.71721,0.00000,0.00000,0.02270,0,-1.00000,665181944105,0.00000
1850,925,0,0.38580,1.05620,0.13000,0.02820,1280000,-1.00000,665181964690,0.00000
1851,925,0,1.73750,0.00000,0.00000,0.01890,0,-1.00000,665181980271,0.00000
1852,926,0,1.41350,1.06700,0.11200,0.03440,1280000,-1.00000,665181984375,0.00000
1853,926,0,1.78240,0.00000,0.00000,0.01970,0,-1.00000,665182001547,0.00000
1854,927,0,1.04780,1.11830,0.19330,0.02660,1280000,-1.00000,665182005410,0.00000
1855,927,0,1.85550,0.00000,0.00000,0.02260,0,-1.00000,665182022794,0.00000
1856,928,0,0.40000,1.05900,0.11180,0.02370,1280000,-1.00000,665182036924,0.00000
1857,928,0,1.68120,0.00000,0.00000,0.02180,0,-1.00000,665182054745,0.00000
1858,929,0,0.37080,1.67170,0.10510,0.01840,1280000,-1.00000,665182065220,0.00000
1859,929,0,2.18460,0.00000,0.00000,0.01740,0,-1.00000,665182083777,0.00000
1860,930,0,0.32650,1.68880,0.10310,0.01860,1280000,-1.00000,665182087771,0.00000
1861,930,0,2.19550,0.00000,0.00000,0.01610,0,-1.00000,665182104583,0.00000
1862,931,0,0.31940,1.05110,0.10360,0.02270,1280000,-1.00000,665182108291,0.00000
1863,931,0,1.66400,0.00000,0.00000,0.02140,0,-1.00000,665182130136,0.00000
1864,932,0,0.36610,1.06510,0.10140,0.02350,1280000,-1.00000,665182133400,0.00000
1865,932,0,1.59750,0.00000,0.00000,0.01980,0,-1.00000,665182155355,0.00000
1866,933,0,1.34800,1.04040,0.11770,0.01950,1280000,-1.00000,665182158549,0.00000
1867,933,0,1.62960,0.00000,0.00000,0.01770,0,-1.00000,665182175194,0.00000
1868,934,0,2.33250,1.09050,0.11270,0.01780,1280000,-1.00000,665182178847,0.00000
1869,934,0,1.58321,0.00000,0.00000,0.01660,0,-1.00000,665182194819,0.00000
1870,935,0,0.31480,1.62480,0.10600,0.01800,1280000,-1.00000,665182208317,0.00000
1871,935,0,2.19830,0.00000,0.00000,0.02300,0,-1.00000,665182224600,0.00000
1872,936,0,0.42640,1.40410,0.16180,0.02640,1280000,-1.00000,665182247928,0.00000
1873,936,0,2.06260,0.00000,0.00000,0.02240,0,-1.00000,665182263758,0.00000
1874,937,0,0.42440,1.13080,0.10950,0.02110,1280000,-1.00000,665182266906,0.00000
1875,937,0,1.73210,0.00000,0.00000,0.01790,0,-1.00000,665182288903,0.00000
1876,938,0,0.69260,1.09700,0.11380,0.01960,1280000,-1.00000,665182293159,0.00000
1877,938,0,1.65440,0.00000,0.00000,0.01800,0,-1.00000,665182313792,0.00000
1878,939,0,2.34550,1.02660,0.10540,0.01710,1280000,-1.00000,665182318024,0.00000
1879,939,0,1.53110,0.00000,0.00000,0.01680,0,-1.00000,665182335350,0.00000
1880,940,0,0.33540,1.08510,0.11220,0.01830,1280000,-1.00000,665182342284,0.00000
1881,940,0,1.62230,0.00000,0.00000,0.01760,0,-1.00000,665182358819,0.00000
1882,941,0,0.46090,1.00230,0.10980,0.02320,1280000,-1.00000,665182382276,0.00000
1883,941,0,1.58360,0.00000,0.00000,0.02160,0,-1.00000,665182397583,0.00000
1884,942,0,1.23340,1.09140,0.11220,0.01930,1280000,-1.00000,665182400936,0.00000
1885,942,0,1.60201,0.00000,0.00000,0.02190,0,-1.00000,665182417160,0.00000
1886,943,0,2.45830,1.00190,0.10390,0.02190,1280000,-1.00000,665182421768,0.00000
1887,943,0,1.54250,0.00000,0.00000,0.02180,0,-1.00000,665182437593,0.00000
1888,944,0,0.37820,1.04360,0.09140,0.01880,1280000,-1.00000,665182449940,0.00000
1889,944,0,1.64170,0.00000,0.00000,0.01930,0,-1.00000,665182465963,0.00000
1890,945,0,0.45700,1.03590,0.10500,0.01790,1280000,-1.00000,665182490550,0.00000
1891,945,0,1.60220,0.00000,0.00000,0.01810,0,-1.00000,665182505973,0.00000
1892,946,0,0.32650,1.14440,0.10700,0.01780,1280000,-1.00000,665182509749,0.00000
1893,946,0,3.45900,0.00000,0.00000,0.01810,0,-1.00000,665182526173,0.00000
1894,947,0,0.39720,1.45470,0.20300,0.02330,1280000,-1.00000,665182530736,0.00000
1895,947,0,2.10280,0.00000,0.00000,0.01830,0,-1.00000,665182546756,0.00000
1896,948,0,0.33420,1.67890,0.10370,0.01710,1280000,-1.00000,665182550022,0.00000
1897,948,0,2.17860,0.00000,0.00000,0.01660,0,-1.00000,665182584622,0.00000
1898,949,0,0.33570,1.05680,0.13800,0.03120,1280000,-1.00000,665182588582,0.00000
1899,949,0,1.94030,0.00000,0.00000,0.04520,0,-1.00000,665182609611,0.00000
1900,950,0,0.93200,1.43440,0.11710,0.03740,1280000,-1.00000,665182612953,0.00000
1901,950,0,2.24370,0.00000,0.00000,0.02220,0,-1.00000,665182634743,0.00000
1902,951,0,0.41590,1.25380,0.11770,0.02950,1280000,-1.00000,665182638100,0.00000
1903,951,0,1.94390,0.00000,0.00000,0.02340,0,-1.00000,665182657564,0.00000
1904,952,0,0.65900,1.06430,0.09890,0.02260,1280000,-1.00000,665182666865,0.00000
1905,952,0,1.69380,0.00000,0.00000,0.02040,0,-1.00000,665182689276,0.00000
1906,953,0,0.94680,1.05370,0.10500,0.01920,1280000,-1.00000,665182693425,0.00000
1907,953,0,1.63640,0.00000,0.00000,0.01820,0,-1.00000,665182712879,0.00000
1908,954,0,2.41689,1.13960,0.11430,0.02420,1280000,-1.00000,665182719450,0.00000
1909,954,0,1.67161,0.00000,0.00000,0.01730,0,-1.00000,665182736383,0.00000
1910,955,0,0.33090,1.04840,0.10960,0.01720,1280000,-1.00000,665182745855,0.00000
1911,955,0,1.55210,0.00000,0.00000,0.01720,0,-1.00000,665182762215,0.00000
1912,956,0,0.37590,1.05880,0.12110,0.02520,1280000,-1.00000,665182786393,0.00000
1913,956,0,1.83970,0.00000,0.00000,0.02230,0,-1.00000,665182803100,0.00000
1914,957,0,2.23140,1.05390,0.11730,0.04230,1280000,-1.00000,665182806409,0.00000
1915,957,0,1.78770,0.00000,0.00000,0.02190,0,-1.00000,665182821930,0.00000
1916,958,0,0.42180,1.13750,0.09420,0.02470,1280000,-1.00000,665182825688,0.00000
1917,958,0,1.82370,0.00000,0.00000,0.02060,0,-1.00000,665182844098,0.00000
1918,959,0,0.40420,1.05940,0.09520,0.02310,1280000,-1.00000,665182866410,0.00000
1919,959,0,1.62790,0.00000,0.00000,0.01880,0,-1.00000,665182884283,0.00000
1920,960,0,0.33321,1.09820,0.10220,0.01850,1280000,-1.00000,665182888506,0.00000
1921,960,0,2.12680,0.00000,0.00000,0.02640,0,-1.00000,665182906740,0.00000
1922,961,0,0.89799,1.10500,0.11670,0.02580,1280000,-1.00000,665182910776,0.00000
1923,961,0,1.76350,0.00000,0.00000,0.02300,0,-1.00000,665182927054,0.00000
1924,962,0,2.28870,1.06250,0.10970,0.02210,1280000,-1.00000,665182930385,0.00000
1925,962,0,1.60440,0.00000,0.00000,0.01860,0,-1.00000,665182951679,0.00000
1926,963,0,0.37230,1.05960,0.11250,0.01740,1280000,-1.00000,665182960642,0.00000
1927,963,0,1.59490,0.00000,0.00000,0.01700,0,-1.00000,665182978273,0.00000
1928,964,0,0.52800,1.09410,0.10890,0.01740,1280000,-1.00000,665183001167,0.00000
1929,964,0,1.65360,0.00000,0.00000,0.01730,0,-1.00000,665183017200,0.00000
1930,965,0,2.38170,1.15720,0.10620,0.02130,1280000,-1.00000,665183020922,0.00000
1931,965,0,1.71910,0.00000,0.00000,0.01790,0,-1.00000,665183036869,0.00000
1932,966,0,0.33020,1.13040,0.16460,0.02210,1280000,-1.00000,665183042149,0.00000
1933,966,0,1.74720,0.00000,0.00000,0.01880,0,-1.00000,665183058686,0.00000
1934,967,0,1.57050,1.06530,0.10760,0.02490,1280000,-1.00000,665183082506,0.00000
1935,967,0,1.63010,0.00000,0.00000,0.01890,0,-1.00000,665183099694,0.00000
1936,968,0,3.13650,1.10300,0.10720,0.02240,1280000,-1.00000,665183102994,0.00000
1937,968,0,1.67720,0.00000,0.00000,0.01830,0,-1.00000,665183120471,0.00000
1938,969,0,0.35610,1.05810,0.10030,0.01870,1280000,-1.00000,665183136182,0.00000
1939,969,0,1.56900,0.00000,0.00000,0.01700,0,-1.00000,665183152477,0.00000
1940,970,0,0.31930,1.09960,0.09960,0.01740,1280000,-1.00000,665183183842,0.00000
1941,970,0,1.57110,0.00000,0.00000,0.01640,0,-1.00000,665183200613,0.00000
1942,971,0,0.47810,1.06850,0.11790,0.02710,1280000,-1.00000,665183204173,0.00000
1943,971,0,1.64370,0.00000,0.00000,0.01890,0,-1.00000,665183219863,0.00000
1944,972,0,1.11460,1.11070,0.11920,0.02130,1280000,-1.00000,665183223056,0.00000
1945,972,0,1.65390,0.00000,0.00000,0.01630,0,-1.00000,665183238764,0.00000
1946,973,0,1.42720,1.13680,0.10390,0.02280,1280000,-1.00000,665183243550,0.00000
1947,973,0,1.68560,0.00000,0.00000,0.02180,0,-1.00000,665183259989,0.00000
1948,974,0,0.44510,1.11630,0.10620,0.02330,1280000,-1.00000,665183271135,0.00000
1949,974,0,1.73040,0.00000,0.00000,0.02230,0,-1.00000,665183287669,0.00000
1950,975,0,0.37881,1.68800,0.10250,0.01950,1280000,-1.00000,665183301944,0.00000
1951,975,0,2.21849,0.00000,0.00000,0.01750,0,-1.00000,665183318805,0.00000
1952,976,0,0.33231,1.11000,0.10330,0.01870,1280000,-1.00000,665183323258,0.00000
1953,976,0,1.60990,0.00000,0.00000,0.01680,0,-1.00000,665183340560,0.00000
1954,977,0,0.59730,1.70690,0.11240,0.01890,1280000,-1.00000,665183344344,0.00000
1955,977,0,2.27620,0.00000,0.00000,0.02190,0,-1.00000,665183366527,0.00000
1956,978,0,0.44660,1.07120,0.10410,0.02260,1280000,-1.00000,665183369848,0.00000
1957,978,0,1.66040,0.00000,0.00000,0.01790,0,-1.00000,665183385947,0.00000
1958,979,0,2.41690,1.07310,0.11220,0.01890,1280000,-1.00000,665183391922,0.00000
1959,979,0,1.59160,0.00000,0.00000,0.01780,0,-1.00000,665183414690,0.00000
1960,980,0,0.33480,1.06740,0.09050,0.01790,1280000,-1.00000,665183419150,0.00000
1961,980,0,1.65600,0.00000,0.00000,0.01830,0,-1.00000,665183435755,0.00000
1962,981,0,0.39700,1.68850,0.10990,0.01700,1280000,-1.00000,665183459923,0.00000
1963,981,0,2.23060,0.00000,0.00000,0.01630,0,-1.00000,665183475838,0.00000
1964,982,0,0.52800,1.11580,0.10530,0.01730,1280000,-1.00000,665183479185,0.00000
1965,982,0,1.63750,0.00000,0.00000,0.01670,0,-1.00000,665183495747,0.00000
1966,983,0,1.06330,1.11720,0.11860,0.02370,1280000,-1.00000,665183500027,0.00000
1967,983,0,1.75020,0.00000,0.00000,0.01980,0,-1.00000,665183522021,0.00000
1968,984,0,0.96310,1.07650,0.12600,0.02200,1280000,-1.00000,665183527303,0.00000
1969,984,0,1.69640,0.00000,0.00000,0.02140,0,-1.00000,665183543674,0.00000
1970,985,0,1.39730,1.66040,0.15470,0.05990,1280000,-1.00000,665183554317,0.00000
1971,985,0,2.82220,0.00000,0.00000,0.04820,0,-1.00000,665183571820,0.00000
1972,986,0,0.63470,1.29560,0.11730,0.02270,1280000,-1.00000,665183581444,0.00000
1973,986,0,1.91849,0.00000,0.00000,0.02050,0,-1.00000,665183598416,0.00000
1974,987,0,0.42100,1.65640,0.14580,0.02330,1280000,-1.00000,665183612389,0.00000
1975,987,0,2.25550,0.00000,0.00000,0.01860,0,-1.00000,665183640683,0.00000
1976,988,0,0.37740,1.16110,0.10730,0.01960,1280000,-1.00000,665183646949,0.00000
1977,988,0,1.84010,0.00000,0.00000,0.01780,0,-1.00000,665183666137,0.00000
1978,989,0,0.50670,1.13810,0.18120,0.02080,1280000,-1.00000,665183670353,0.00000
1979,989,0,1.85260,0.00000,0.00000,0.02060,0,-1.00000,665183692901,0.00000
1980,990,0,0.38020,1.11920,0.11230,0.02070,1280000,-1.00000,665183696674,0.00000
1981,990,0,1.73410,0.00000,0.00000,0.01790,0,-1.00000,665183715078,0.00000
1982,991,0,0.96690,1.07920,0.10140,0.01870,1280000,-1.00000,665183720145,0.00000
1983,991,0,1.58530,0.00000,0.00000,0.01650,0,-1.00000,665183738661,0.00000
1984,992,0,1.17140,1.62850,0.21340,0.02030,1280000,-1.00000,665183742466,0.00000
1985,992,0,2.29430,0.00000,0.00000,0.01780,0,-1.00000,665183759811,0.00000
1986,993,0,0.33280,1.64800,0.10520,0.01710,1280000,-1.00000,665183769484,0.00000
1987,993,0,2.57450,0.00000,0.00000,0.01570,0,-1.00000,665183785330,0.00000
1988,994,0,0.33700,1.66670,0.10660,0.02260,1280000,-1.00000,665183797058,0.00000
1989,994,0,2.22240,0.00000,0.00000,0.02240,0,-1.00000,665183819991,0.00000
1990,995,0,2.96300,1.08140,0.11790,0.02140,1280000,-1.00000,665183823317,0.00000
1991,995,0,1.61361,0.00000,0.00000,0.01720,0,-1.00000,665183849070,0.00000
1992,996,0,0.34150,1.71160,0.12440,0.01820,1280000,-1.00000,665183852431,0.00000
1993,996,0,2.24000,0.00000,0.00000,0.01660,0,-1.00000,665183874660,0.00000
1994,997,0,0.34970,1.65610,0.10530,0.01730,1280000,-1.00000,665183904289,0.00000
1995,997,0,2.16820,0.00000,0.00000,0.01660,0,-1.00000,665183920420,0.00000
1996,998,0,0.35100,1.08510,0.11890,0.02400,1280000,-1.00000,665183923835,0.00000
1997,998,0,1.68630,0.00000,0.00000,0.01870,0,-1.00000,665183946238,0.00000
1998,999,0,0.43570,1.65340,0.09920,0.02400,1280000,-1.00000,665183949733,0.00000
1999,999,0,2.23830,0.00000,0.00000,0.02290,0,-1.00000,665183971414,0.00000
2000,1000,0,0.39110,1.34640,0.08750,0.02490,1280000,-1.00000,665183974924,0.00000
2001,1000,0,1.94190,0.00000,0.00000,0.01860,0,-1.00000,665183991793,0.00000
2002,1001,0,0.35010,1.70610,0.11460,0.01970,1280000,-1.00000,665183996156,0.00000
2003,1001,0,2.26120,0.00000,0.00000,0.01750,0,-1.00000,665184018535,0.00000
2004,1002,0,1.13331,1.12660,0.12030,0.01730,1280000,-1.00000,665184022442,0.00000
2005,1002,0,1.67290,0.00000,0.00000,0.01710,0,-1.00000,665184041861,0.00000
2006,1003,0,1.04870,1.07990,0.12520,0.02030,1280000,-1.00000,665184045359,0.00000
2007,1003,0,1.80050,0.00000,0.00000,0.02050,0,-1.00000,665184067974,0.00000
2008,1004,0,0.87040,1.07720,0.11500,0.01850,1280000,-1.00000,665184079312,0.00000
2009,1004,0,1.61850,0.00000,0.00000,0.01650,0,-1.00000,665184096033,0.00000
2010,1005,0,1.07870,1.04480,0.10090,0.01960,1280000,-1.00000,665184106529,0.00000
2011,1005,0,1.57520,0.00000,0.00000,0.01810,0,-1.00000,665184124527,0.00000
2012,1006,0,1.15570,1.07920,0.13360,0.02770,1280000,-1.00000,665184133228,0.00000
2013,1006,0,1.78860,0.00000,0.00000,0.02370,0,-1.00000,665184149414,0.00000
2014,1007,0,0.91550,1.08440,0.12010,0.02230,1280000,-1.00000,665184160200,0.00000
2015,1007,0,1.68900,0.00000,0.00000,0.02260,0,-1.00000,665184175955,0.00000
2016,1008,0,1.01840,1.09000,0.11920,0.02050,1280000,-1.00000,665184187517,0.00000
2017,1008,0,1.64930,0.00000,0.00000,0.01790,0,-1.00000,665184205413,0.00000
2018,1009,0,1.03630,1.07850,0.12270,0.01830,1280000,-1.00000,665184214556,0.00000
2019,1009,0,1.61480,0.00000,0.00000,0.01970,0,-1.00000,665184231444,0.00000
2020,1010,0,1.43780,1.13600,0.10650,0.02780,1280000,-1.00000,665184241630,0.00000
2021,1010,0,1.76480,0.00000,0.00000,0.02460,0,-1.00000,665184258122,0.00000
2022,1011,0,0.50120,1.66140,0.10050,0.02020,1280000,-1.00000,665184268484,0.00000
2023,1011,0,2.26420,0.00000,0.00000,0.01870,0,-1.00000,665184284628,0.00000
2024,1012,0,1.08560,1.09330,0.10400,0.02040,1280000,-1.00000,665184299019,0.00000
2025,1012,0,1.65940,0.00000,0.00000,0.01770,0,-1.00000,665184316659,0.00000
2026,1013,0,0.90290,1.04720,0.10040,0.01770,1280000,-1.00000,665184321665,0.00000
2027,1013,0,1.59580,0.00000,0.00000,0.01750,0,-1.00000,665184344313,0.00000
2028,1014,0,0.55670,1.12700,0.11920,0.02040,1280000,-1.00000,665184355172,0.00000
2029,1014,0,1.68829,0.00000,0.00000,0.01730,0,-1.00000,665184371762,0.00000
2030,1015,0,2.38550,1.08500,0.10180,0.01860,1280000,-1.00000,665184380790,0.00000
2031,1015,0,1.57380,0.00000,0.00000,0.01680,0,-1.00000,665184396747,0.00000
2032,1016,0,2.46920,1.13110,0.11420,0.02030,1280000,-1.00000,665184402313,0.00000
2033,1016,0,1.71860,0.00000,0.00000,0.02790,0,-1.00000,665184419196,0.00000
2034,1017,0,0.41660,1.18900,0.15010,0.02050,1280000,-1.00000,665184443054,0.00000
2035,1017,0,1.77450,0.00000,0.00000,0.02220,0,-1.00000,665184458790,0.00000
2036,1018,0,0.38040,1.72040,0.11020,0.02140,1280000,-1.00000,665184483486,0.00000
2037,1018,0,2.26790,0.00000,0.00000,0.01730,0,-1.00000,665184500715,0.00000
2038,1019,0,0.33350,1.09210,0.09580,0.01710,1280000,-1.00000,665184504833,0.00000
2039,1019,0,1.57280,0.00000,0.00000,0.01790,0,-1.00000,665184522577,0.00000
2040,1020,0,1.00011,1.72970,0.10010,0.02150,1280000,-1.00000,665184526379,0.00000
2041,1020,0,2.27830,0.00000,0.00000,0.01780,0,-1.00000,665184549061,0.00000
2042,1021,0,0.38000,1.09510,0.10440,0.01750,1280000,-1.00000,665184552395,0.00000
2043,1021,0,1.61740,0.00000,0.00000,0.01640,0,-1.00000,665184568124,0.00000
2044,1022,0,2.36350,1.68060,0.12950,0.02920,1280000,-1.00000,665184578129,0.00000
2045,1022,0,2.31140,0.00000,0.00000,0.01900,0,-1.00000,665184600914,0.00000
2046,1023,0,0.52260,1.66710,0.11310,0.02170,1280000,-1.00000,665184604710,0.00000
2047,1023,0,2.23520,0.00000,0.00000,0.01750,0,-1.00000,665184620887,0.00000
2048,1024,0,0.56620,1.13860,0.10280,0.01910,1280000,-1.00000,665184644528,0.00000
2049,1024,0,1.65450,0.00000,0.00000,0.01780,0,-1.00000,665184667644,0.00000
2050,1025,0,0.35760,1.70630,0.10730,0.01810,1280000,-1.00000,665184672861,0.00000
2051,1025,0,2.22620,0.00000,0.00000,0.01630,0,-1.00000,665184695213,0.00000
2052,1026,0,0.31180,1.14230,0.09820,0.01690,1280000,-1.00000,665184700873,0.00000
2053,1026,0,1.67270,0.00000,0.00000,0.01630,0,-1.00000,665184717419,0.00000
2054,1027,0,0.36290,1.67470,0.11890,0.02340,1280000,-1.00000,665184720994,0.00000
2055,1027,0,2.28820,0.00000,0.00000,0.01810,0,-1.00000,665184743255,0.00000
2056,1028,0,0.32450,1.32100,0.13220,0.01910,1280000,-1.00000,665184746371,0.00000
2057,1028,0,1.87930,0.00000,0.00000,0.01720,0,-1.00000,665184763101,0.00000
2058,1029,0,2.59220,1.23530,0.19300,0.03000,1280000,-1.00000,665184766726,0.00000
2059,1029,0,1.96210,0.00000,0.00000,0.02020,0,-1.00000,665184789614,0.00000
2060,1030,0,0.37900,1.14340,0.10720,0.01810,1280000,-1.00000,665184792857,0.00000
2061,1030,0,1.66950,0.00000,0.00000,0.01690,0,-1.00000,665184811649,0.00000
2062,1031,0,2.25660,1.07340,0.11270,0.01800,1280000,-1.00000,665184837595,0.00000
2063,1031,0,1.59750,0.00000,0.00000,0.01670,0,-1.00000,665184857194,0.00000
2064,1032,0,0.32300,1.73670,0.11220,0.01580,1280000,-1.00000,665184860981,0.00000
2065,1032,0,2.24100,0.00000,0.00000,0.01720,0,-1.00000,665184877678,0.00000
2066,1033,0,0.31620,1.07600,0.12490,0.01920,1280000,-1.00000,665184900249,0.00000
2067,1033,0,1.64709,0.00000,0.00000,0.01730,0,-1.00000,665184916218,0.00000
2068,1034,0,0.39200,1.29520,0.10130,0.02330,1280000,-1.00000,665184919447,0.00000
2069,1034,0,1.83650,0.00000,0.00000,0.01740,0,-1.00000,665184941858,0.00000
2070,1035,0,0.32500,1.14270,0.09450,0.02330,1280000,-1.00000,665184945021,0.00000
2071,1035,0,1.70010,0.00000,0.00000,0.01880,0,-1.00000,665184961495,0.00000
2072,1036,0,0.40340,1.73940,0.11000,0.02200,1280000,-1.00000,665184965412,0.00000
2073,1036,0,2.28310,0.00000,0.00000,0.01900,0,-1.00000,665184983783,0.00000
2074,1037,0,1.82611,1.12020,0.12290,0.01850,1280000,-1.00000,665184987036,0.00000
2075,1037,0,1.65750,0.00000,0.00000,0.01730,0,-1.00000,665185004029,0.00000
2076,1038,0,0.36200,1.15320,0.10590,0.02050,1280000,-1.00000,665185008063,0.00000
2077,1038,0,1.70660,0.00000,0.00000,0.01780,0,-1.00000,665185030894,0.00000
2078,1039,0,0.33500,1.11610,0.11250,0.01900,1280000,-1.00000,665185049160,0.00000
2079,1039,0,1.62200,0.00000,0.00000,0.02640,0,-1.00000,665185065729,0.00000
2080,1040,0,1.05000,1.15210,0.11110,0.01970,1280000,-1.00000,665185069352,0.00000
2081,1040,0,1.72760,0.00000,0.00000,0.01780,0,-1.00000,665185086417,0.00000
2082,1041,0,0.93270,1.09980,0.10570,0.01750,1280000,-1.00000,665185089765,0.00000
2083,1041,0,1.63640,0.00000,0.00000,0.01630,0,-1.00000,665185105985,0.00000
2084,1042,0,2.49650,1.12420,0.14590,0.02530,1280000,-1.00000,665185116487,0.00000
2085,1042,0,1.72530,0.00000,0.00000,0.01850,0,-1.00000,665185133760,0.00000
2086,1043,0,0.36560,1.72090,0.13240,0.01720,1280000,-1.00000,665185143089,0.00000
2087,1043,0,2.23830,0.00000,0.00000,0.01670,0,-1.00000,665185159450,0.00000
2088,1044,0,0.31730,1.16360,0.10270,0.01830,1280000,-1.00000,665185184421,0.00000
2089,1044,0,1.65620,0.00000,0.00000,0.01760,0,-1.00000,665185201670,0.00000
2090,1045,0,0.36640,1.73120,0.17130,0.02000,1280000,-1.00000,665185205325,0.00000
2091,1045,0,2.29900,0.00000,0.00000,0.01730,0,-1.00000,665185227709,0.00000
2092,1046,0,0.32160,1.17250,0.10000,0.02070,1280000,-1.00000,665185230879,0.00000
2093,1046,0,1.70490,0.00000,0.00000,0.02230,0,-1.00000,665185247444,0.00000
2094,1047,0,0.36980,1.14740,0.11020,0.01980,1280000,-1.00000,665185251102,0.00000
2095,1047,0,1.68340,0.00000,0.00000,0.01780,0,-1.00000,665185274099,0.00000
2096,1048,0,0.34760,1.75760,0.11550,0.02510,1280000,-1.00000,665185277312,0.00000
2097,1048,0,2.34700,0.00000,0.00000,0.02360,0,-1.00000,665185294352,0.00000
2098,1049,0,0.40410,1.72520,0.11430,0.01970,1280000,-1.00000,665185298060,0.00000
2099,1049,0,2.26380,0.00000,0.00000,0.01780,0,-1.00000,665185314894,0.00000
2100,1050,0,0.38900,1.76330,0.10140,0.02270,1280000,-1.00000,665185318370,0.00000
