frame,tick,dropped_ticks,frame_ms,pack_ms,upload_ms,submit_ms,upload_bytes,latest_gpu_ms,gpu_timing_timestamp,simulation_cpu_ms
301,150,0,3.08830,0.00000,0.00000,0.01560,0,-1.00000,665740798866,0.00000
302,151,0,0.85510,2.29500,0.23680,0.02550,2560000,-1.00000,665740861625,0.00000
303,151,0,3.28230,0.00000,0.00000,0.01910,0,-1.00000,665740893217,0.00000
304,152,0,2.07070,2.17600,0.21950,0.02940,2560000,-1.00000,665740897964,0.00000
305,152,0,3.18420,0.00000,0.00000,0.01740,0,-1.00000,665740928849,0.00000
306,153,0,0.63710,2.35200,0.23180,0.02300,2560000,-1.00000,665740937399,0.00000
307,153,0,3.17710,0.00000,0.00000,0.02110,0,-1.00000,665740970229,0.00000
308,154,0,3.97190,2.15980,0.19670,0.03750,2560000,-1.00000,665740990928,0.00000
309,154,0,3.02200,0.00000,0.00000,0.01950,0,-1.00000,665741022827,0.00000
310,155,0,1.83110,2.08410,0.21600,0.02540,2560000,-1.00000,665741029138,0.00000
311,155,0,2.93140,0.00000,0.00000,0.01890,0,-1.00000,665741060923,0.00000
312,156,0,4.25800,2.30210,0.27950,0.04600,2560000,-1.00000,665741100642,0.00000
313,156,0,3.32210,0.00000,0.00000,0.01950,0,-1.00000,665741130855,0.00000
314,157,0,1.47310,2.18680,0.20890,0.03090,2560000,-1.00000,665741149165,0.00000
315,157,0,3.08470,0.00000,0.00000,0.02250,0,-1.00000,665741178484,0.00000
316,158,0,1.70390,2.31910,0.22060,0.03190,2560000,-1.00000,665741221054,0.00000
317,158,0,3.24050,0.00000,0.00000,0.02430,0,-1.00000,665741254297,0.00000
318,159,0,1.55670,2.23020,0.23040,0.02360,2560000,-1.00000,665741269010,0.00000
319,159,0,3.01870,0.00000,0.00000,0.01750,0,-1.00000,665741299869,0.00000
320,160,0,4.33670,2.10800,0.22860,0.03030,2560000,-1.00000,665741316895,0.00000
321,160,0,3.04710,0.00000,0.00000,0.02190,0,-1.00000,665741349314,0.00000
322,161,0,3.97890,2.21840,0.22990,0.03570,2560000,-1.00000,665741364866,0.00000
323,161,0,3.39401,0.00000,0.00000,0.02360,0,-1.00000,665741395053,0.00000
324,162,0,0.46640,2.21310,0.21290,0.02050,2560000,-1.00000,665741438424,0.00000
325,162,0,2.93050,0.00000,0.00000,0.01760,0,-1.00000,665741468899,0.00000
326,163,0,0.36770,2.36620,0.21210,0.02640,2560000,-1.00000,665741508694,0.00000
327,163,0,3.14730,0.00000,0.00000,0.02210,0,-1.00000,665741542635,0.00000
328,164,0,1.81580,2.19900,0.20640,0.02080,2560000,-1.00000,665741547281,0.00000
329,164,0,3.03970,0.00000,0.00000,0.01560,0,-1.00000,665741576586,0.00000
330,165,0,1.54760,2.21790,0.21070,0.03270,2560000,-1.00000,665741580262,0.00000
331,165,0,3.15530,0.00000,0.00000,0.01860,0,-1.00000,665741611749,0.00000
332,166,0,1.63520,2.40560,0.30010,0.02500,2560000,-1.00000,665741629893,0.00000
333,166,0,3.37510,0.00000,0.00000,0.01790,0,-1.00000,665741660294,0.00000
334,167,0,1.49090,2.29220,0.21460,0.02520,2560000,-1.00000,665741675774,0.00000
335,167,0,3.12430,0.00000,0.00000,0.01730,0,-1.00000,665741707327,0.00000
336,168,0,1.58660,2.27500,0.20850,0.02450,2560000,-1.00000,665741723676,0.00000
337,168,0,3.10250,0.00000,0.00000,0.01680,0,-1.00000,665741757428,0.00000
338,169,0,4.64250,2.33830,0.27970,0.03990,2560000,-1.00000,665741772391,0.00000
339,169,0,3.33500,0.00000,0.00000,0.01950,0,-1.00000,665741803598,0.00000
340,170,0,0.45721,2.25270,0.19570,0.02380,2560000,-1.00000,665741819440,0.00000
341,170,0,3.01650,0.00000,0.00000,0.01820,0,-1.00000,665741850471,0.00000
342,171,0,0.54620,2.20820,0.19660,0.03110,2560000,-1.00000,665741896894,0.00000
343,171,0,3.07840,0.00000,0.00000,0.01830,0,-1.00000,665741930267,0.00000
344,172,0,1.49650,2.18860,0.20160,0.02650,2560000,-1.00000,665741934827,0.00000
345,172,0,2.99070,0.00000,0.00000,0.01930,0,-1.00000,665741964988,0.00000
346,173,0,3.88270,2.25610,0.22120,0.03720,2560000,-1.00000,665741970444,0.00000
347,173,0,3.14570,0.00000,0.00000,0.01880,0,-1.00000,665742001249,0.00000
348,174,0,0.39750,2.20840,0.27320,0.01930,2560000,-1.00000,665742016188,0.00000
349,174,0,2.97370,0.00000,0.00000,0.02150,0,-1.00000,665742046104,0.00000
350,175,0,0.39720,2.21360,0.23410,0.02260,2560000,-1.00000,665742084929,0.00000
351,175,0,2.94940,0.00000,0.00000,0.01790,0,-1.00000,665742116403,0.00000
352,176,0,1.77200,2.22240,0.25750,0.02300,2560000,-1.00000,665742120354,0.00000
353,176,0,3.02420,0.00000,0.00000,0.01900,0,-1.00000,665742150096,0.00000
354,177,0,1.45030,2.18410,0.28020,0.02420,2560000,-1.00000,665742154061,0.00000
355,177,0,3.09620,0.00000,0.00000,0.02290,0,-1.00000,665742183565,0.00000
356,178,0,1.56510,2.34760,0.20100,0.02860,2560000,-1.00000,665742201282,0.00000
357,178,0,3.17250,0.00000,0.00000,0.01700,0,-1.00000,665742231525,0.00000
358,179,0,3.61840,2.31950,0.27020,0.03730,2560000,-1.00000,665742246022,0.00000
359,179,0,3.35249,0.00000,0.00000,0.02540,0,-1.00000,665742277002,0.00000
360,180,0,0.50580,2.23670,0.22000,0.03910,2560000,-1.00000,665742292644,0.00000
361,180,0,3.17720,0.00000,0.00000,0.02090,0,-1.00000,665742324364,0.00000
362,181,0,0.54240,2.37200,0.22550,0.03800,2560000,-1.00000,665742360562,0.00000
363,181,0,3.42270,0.00000,0.00000,0.01950,0,-1.00000,665742394097,0.00000
364,182,0,0.44470,2.08170,0.21140,0.02300,2560000,-1.00000,665742399131,0.00000
365,182,0,2.83400,0.00000,0.00000,0.01680,0,-1.00000,665742430939,0.00000
366,183,0,1.67150,2.31340,0.23610,0.05100,2560000,-1.00000,665742436324,0.00000
367,183,0,3.45101,0.00000,0.00000,0.02790,0,-1.00000,665742470579,0.00000
368,184,0,1.22270,2.30590,0.27700,0.04730,2560000,-1.00000,665742475004,0.00000
369,184,0,3.39100,0.00000,0.00000,0.02830,0,-1.00000,665742503349,0.00000
370,185,0,0.98680,2.22290,0.26310,0.03400,2560000,-1.00000,665742520067,0.00000
371,185,0,3.25600,0.00000,0.00000,0.02630,0,-1.00000,665742554600,0.00000
372,186,0,0.50250,2.28090,0.21960,0.02480,2560000,-1.00000,665742566800,0.00000
373,186,0,3.18130,0.00000,0.00000,0.02170,0,-1.00000,665742600745,0.00000
374,187,0,0.91570,2.24490,0.23920,0.03530,2560000,-1.00000,665742610576,0.00000
375,187,0,3.29730,0.00000,0.00000,0.01940,0,-1.00000,665742643155,0.00000
376,188,0,0.49220,2.26520,0.24710,0.04250,2560000,-1.00000,665742648160,0.00000
377,188,0,3.32200,0.00000,0.00000,0.02420,0,-1.00000,665742679981,0.00000
378,189,0,0.50390,2.20650,0.21390,0.02010,2560000,-1.00000,665742689129,0.00000
379,189,0,2.96150,0.00000,0.00000,0.01990,0,-1.00000,665742722121,0.00000
380,190,0,0.43480,2.24740,0.19970,0.02290,2560000,-1.00000,665742727023,0.00000
381,190,0,2.97990,0.00000,0.00000,0.01660,0,-1.00000,665742760278,0.00000
382,191,0,1.19710,2.31100,0.23210,0.04030,2560000,-1.00000,665742765277,0.00000
383,191,0,3.41430,0.00000,0.00000,0.02150,0,-1.00000,665742794899,0.00000
384,192,0,1.07940,2.28050,0.22110,0.03270,2560000,-1.00000,665742799243,0.00000
385,192,0,3.26509,0.00000,0.00000,0.02590,0,-1.00000,665742829045,0.00000
386,193,0,0.46150,2.23220,0.26760,0.03580,2560000,-1.00000,665742841078,0.00000
387,193,0,3.18530,0.00000,0.00000,0.02400,0,-1.00000,665742875179,0.00000
388,194,0,0.45340,2.36710,0.20580,0.02350,2560000,-1.00000,665742885958,0.00000
389,194,0,3.31190,0.00000,0.00000,0.01970,0,-1.00000,665742918630,0.00000
390,195,0,1.01650,2.43700,0.22310,0.03770,2560000,-1.00000,665742923258,0.00000
391,195,0,3.55070,0.00000,0.00000,0.02480,0,-1.00000,665742955093,0.00000
392,196,0,0.97791,2.37870,0.26880,0.02340,2560000,-1.00000,665742959606,0.00000
393,196,0,3.15889,0.00000,0.00000,0.01790,0,-1.00000,665742992741,0.00000
394,197,0,1.44500,2.30800,0.27930,0.02350,2560000,-1.00000,665743002893,0.00000
395,197,0,3.21940,0.00000,0.00000,0.04040,0,-1.00000,665743038420,0.00000
396,198,0,1.30850,2.34850,0.21750,0.03190,2560000,-1.00000,665743048174,0.00000
397,198,0,3.12680,0.00000,0.00000,0.01990,0,-1.00000,665743079764,0.00000
398,199,0,1.49830,2.33400,0.20130,0.02480,2560000,-1.00000,665743094214,0.00000
399,199,0,3.11650,0.00000,0.00000,0.01940,0,-1.00000,665743126422,0.00000
400,200,0,1.42620,2.46460,0.28050,0.02230,2560000,-1.00000,665743139499,0.00000
401,200,0,3.21760,0.00000,0.00000,0.02940,0,-1.00000,665743170765,0.00000
402,201,0,3.71579,2.33860,0.23090,0.03830,2560000,-1.00000,665743185750,0.00000
403,201,0,3.21490,0.00000,0.00000,0.01960,0,-1.00000,665743216909,0.00000
404,202,0,0.39950,2.42680,0.28150,0.03100,2560000,-1.00000,665743231170,0.00000
405,202,0,3.54830,0.00000,0.00000,0.02370,0,-1.00000,665743263353,0.00000
406,203,0,0.41470,2.37900,0.19790,0.02570,2560000,-1.00000,665743300556,0.00000
407,203,0,3.14260,0.00000,0.00000,0.02310,0,-1.00000,665743332667,0.00000
408,204,0,1.76070,2.37850,0.24340,0.02510,2560000,-1.00000,665743336653,0.00000
409,204,0,3.18220,0.00000,0.00000,0.01880,0,-1.00000,665743372144,0.00000
410,205,0,2.44270,2.32610,0.23680,0.02320,2560000,-1.00000,665743376277,0.00000
411,205,0,3.05500,0.00000,0.00000,0.01820,0,-1.00000,665743407714,0.00000
412,206,0,1.59221,2.32220,0.26600,0.04960,2560000,-1.00000,665743425316,0.00000
413,206,0,3.26010,0.00000,0.00000,0.02380,0,-1.00000,665743457136,0.00000
414,207,0,1.37000,2.37450,0.20110,0.02650,2560000,-1.00000,665743481560,0.00000
415,207,0,3.25090,0.00000,0.00000,0.02200,0,-1.00000,665743512112,0.00000
416,208,0,3.53890,2.21790,0.26720,0.02980,2560000,-1.00000,665743528037,0.00000
417,208,0,3.12100,0.00000,0.00000,0.02230,0,-1.00000,665743560652,0.00000
418,209,0,1.44340,2.17370,0.22420,0.02560,2560000,-1.00000,665743574334,0.00000
419,209,0,2.97260,0.00000,0.00000,0.01780,0,-1.00000,665743606900,0.00000
420,210,0,1.60731,2.30070,0.23020,0.04020,2560000,-1.00000,665743642234,0.00000
421,210,0,3.30140,0.00000,0.00000,0.02580,0,-1.00000,665743673464,0.00000
422,211,0,1.27970,2.24990,0.25160,0.02360,2560000,-1.00000,665743687880,0.00000
423,211,0,3.17380,0.00000,0.00000,0.01790,0,-1.00000,665743717599,0.00000
424,212,0,3.79480,2.20350,0.22950,0.02260,2560000,-1.00000,665743733675,0.00000
425,212,0,3.20920,0.00000,0.00000,0.01810,0,-1.00000,665743766708,0.00000
426,213,0,1.19211,2.31760,0.22270,0.03010,2560000,-1.00000,665743779489,0.00000
427,213,0,3.20200,0.00000,0.00000,0.02190,0,-1.00000,665743811224,0.00000
428,214,0,1.51390,2.18130,0.22200,0.02600,2560000,-1.00000,665743849175,0.00000
429,214,0,3.02251,0.00000,0.00000,0.01980,0,-1.00000,665743881266,0.00000
430,215,0,1.39320,2.32750,0.22920,0.03040,2560000,-1.00000,665743893180,0.00000
431,215,0,3.21020,0.00000,0.00000,0.02230,0,-1.00000,665743925214,0.00000
432,216,0,1.38160,2.16570,0.23410,0.02400,2560000,-1.00000,665743940344,0.00000
433,216,0,2.97520,0.00000,0.00000,0.01840,0,-1.00000,665743970579,0.00000
434,217,0,1.57550,2.43220,0.26600,0.04510,2560000,-1.00000,665743984502,0.00000
435,217,0,3.48710,0.00000,0.00000,0.02180,0,-1.00000,665744016612,0.00000
436,218,0,1.12030,2.32380,0.26490,0.03460,2560000,-1.00000,665744030416,0.00000
437,218,0,3.20970,0.00000,0.00000,0.02550,0,-1.00000,665744060171,0.00000
438,219,0,1.32940,2.38740,0.27940,0.03390,2560000,-1.00000,665744075922,0.00000
439,219,0,3.40660,0.00000,0.00000,0.01980,0,-1.00000,665744110825,0.00000
440,220,0,5.51410,2.32370,0.26550,0.04080,2560000,-1.00000,665744122001,0.00000
441,220,0,3.33570,0.00000,0.00000,0.02020,0,-1.00000,665744154107,0.00000
442,221,0,0.41980,2.38940,0.25280,0.02920,2560000,-1.00000,665744167389,0.00000
443,221,0,3.42780,0.00000,0.00000,0.02180,0,-1.00000,665744201468,0.00000
444,222,0,0.48220,2.97530,0.27950,0.03630,2560000,-1.00000,665744256615,0.00000
445,222,0,4.02540,0.00000,0.00000,0.02330,0,-1.00000,665744289968,0.00000
446,223,0,0.40430,2.26330,0.27230,0.03350,2560000,-1.00000,665744294145,0.00000
447,223,0,3.31250,0.00000,0.00000,0.02100,0,-1.00000,665744328453,0.00000
448,224,0,0.82569,2.27720,0.28950,0.03200,2560000,-1.00000,665744333258,0.00000
449,224,0,3.27980,0.00000,0.00000,0.01780,0,-1.00000,665744373525,0.00000
450,225,0,1.25869,2.32180,0.23810,0.03210,2560000,-1.00000,665744377541,0.00000
451,225,0,3.20191,0.00000,0.00000,0.02340,0,-1.00000,665744410686,0.00000
452,226,0,1.35370,2.30880,0.21520,0.02730,2560000,-1.00000,665744418930,0.00000
453,226,0,3.25280,0.00000,0.00000,0.02240,0,-1.00000,665744451743,0.00000
454,227,0,1.33190,2.35570,0.23870,0.03600,2560000,-1.00000,665744464357,0.00000
455,227,0,3.25360,0.00000,0.00000,0.01970,0,-1.00000,665744496353,0.00000
456,228,0,1.29269,2.29830,0.23860,0.03620,2560000,-1.00000,665744509876,0.00000
457,228,0,3.23290,0.00000,0.00000,0.01960,0,-1.00000,665744542410,0.00000
458,229,0,1.33180,2.35010,0.32390,0.04270,2560000,-1.00000,665744555722,0.00000
459,229,0,3.45760,0.00000,0.00000,0.02180,0,-1.00000,665744588275,0.00000
460,230,0,1.06950,2.35870,0.22980,0.03920,2560000,-1.00000,665744601188,0.00000
461,230,0,3.67840,0.00000,0.00000,0.02490,0,-1.00000,665744633538,0.00000
462,231,0,0.86480,2.27610,0.22030,0.03490,2560000,-1.00000,665744646835,0.00000
463,231,0,3.23030,0.00000,0.00000,0.02000,0,-1.00000,665744681425,0.00000
464,232,0,1.31970,2.37460,0.31510,0.03360,2560000,-1.00000,665744692106,0.00000
465,232,0,3.37370,0.00000,0.00000,0.02430,0,-1.00000,665744728906,0.00000
466,233,0,1.21180,2.37440,0.22750,0.03380,2560000,-1.00000,665744737536,0.00000
467,233,0,3.25201,0.00000,0.00000,0.02100,0,-1.00000,665744769849,0.00000
468,234,0,1.25540,2.30020,0.24040,0.03870,2560000,-1.00000,665744783035,0.00000
469,234,0,3.33230,0.00000,0.00000,0.02600,0,-1.00000,665744816790,0.00000
470,235,0,1.27380,2.29700,0.26460,0.03290,2560000,-1.00000,665744828896,0.00000
471,235,0,3.20191,0.00000,0.00000,0.02540,0,-1.00000,665744861426,0.00000
472,236,0,2.27039,2.41350,0.27160,0.03890,2560000,-1.00000,665744873972,0.00000
473,236,0,3.49221,0.00000,0.00000,0.02580,0,-1.00000,665744907310,0.00000
474,237,0,0.49330,2.31900,0.20760,0.04190,2560000,-1.00000,665744920030,0.00000
475,237,0,3.55410,0.00000,0.00000,0.02670,0,-1.00000,665744952056,0.00000
476,238,0,0.49510,2.39770,0.21680,0.03030,2560000,-1.00000,665744974747,0.00000
477,238,0,3.27900,0.00000,0.00000,0.02050,0,-1.00000,665745009704,0.00000
478,239,0,0.42530,2.26610,0.25170,0.03290,2560000,-1.00000,665745014607,0.00000
479,239,0,3.26630,0.00000,0.00000,0.02160,0,-1.00000,665745050175,0.00000
480,240,0,0.41991,2.39120,0.31710,0.03060,2560000,-1.00000,665745055089,0.00000
481,240,0,3.30220,0.00000,0.00000,0.02200,0,-1.00000,665745087892,0.00000
482,241,0,0.41750,2.38040,0.25730,0.04140,2560000,-1.00000,665745092133,0.00000
483,241,0,3.39870,0.00000,0.00000,0.02600,0,-1.00000,665745124825,0.00000
484,242,0,0.46850,2.30980,0.23770,0.04870,2560000,-1.00000,665745128996,0.00000
485,242,0,3.61970,0.00000,0.00000,0.02780,0,-1.00000,665745162031,0.00000
486,243,0,0.49240,2.29080,0.24260,0.03080,2560000,-1.00000,665745166192,0.00000
487,243,0,3.34629,0.00000,0.00000,0.03710,0,-1.00000,665745200220,0.00000
488,244,0,0.55901,2.32100,0.28530,0.05160,2560000,-1.00000,665745204875,0.00000
489,244,0,3.44430,0.00000,0.00000,0.02300,0,-1.00000,665745241115,0.00000
490,245,0,0.48260,2.30720,0.27860,0.04070,2560000,-1.00000,665745245993,0.00000
491,245,0,3.30040,0.00000,0.00000,0.02170,0,-1.00000,665745279523,0.00000
492,246,0,0.42100,2.35320,0.29750,0.02430,2560000,-1.00000,665745285042,0.00000
493,246,0,3.19470,0.00000,0.00000,0.01850,0,-1.00000,665745319537,0.00000
494,247,0,0.53990,2.34620,0.23980,0.03410,2560000,-1.00000,665745324311,0.00000
495,247,0,3.20461,0.00000,0.00000,0.02490,0,-1.00000,665745357333,0.00000
496,248,0,1.23999,2.31500,0.32370,0.03220,2560000,-1.00000,665745361521,0.00000
497,248,0,3.23620,0.00000,0.00000,0.02180,0,-1.00000,665745393475,0.00000
498,249,0,1.41030,2.52390,0.30150,0.04030,2560000,-1.00000,665745398870,0.00000
499,249,0,3.58030,0.00000,0.00000,0.02180,0,-1.00000,665745430936,0.00000
500,250,0,3.15010,2.33860,0.27830,0.03680,2560000,-1.00000,665745443326,0.00000
501,250,0,3.24080,0.00000,0.00000,0.02010,0,-1.00000,665745475700,0.00000
502,251,0,1.30760,2.33920,0.31550,0.02830,2560000,-1.00000,665745489790,0.00000
503,251,0,3.24200,0.00000,0.00000,0.01910,0,-1.00000,665745525700,0.00000
504,252,0,0.37830,2.51130,0.28140,0.04420,2560000,-1.00000,665745557091,0.00000
505,252,0,3.54050,0.00000,0.00000,0.02700,0,-1.00000,665745589505,0.00000
506,253,0,0.53220,2.33000,0.23390,0.03940,2560000,-1.00000,665745602569,0.00000
507,253,0,3.37230,0.00000,0.00000,0.02550,0,-1.00000,665745635001,0.00000
508,254,0,0.45690,2.38650,0.21420,0.03280,2560000,-1.00000,665745638766,0.00000
509,254,0,3.25280,0.00000,0.00000,0.02440,0,-1.00000,665745674212,0.00000
510,255,0,1.14840,2.39130,0.27300,0.03320,2560000,-1.00000,665745679507,0.00000
511,255,0,3.33890,0.00000,0.00000,0.02400,0,-1.00000,665745713245,0.00000
512,256,0,1.20880,2.45820,0.24700,0.03510,2560000,-1.00000,665745717796,0.00000
513,256,0,3.50700,0.00000,0.00000,0.04400,0,-1.00000,665745750336,0.00000
514,257,0,1.15260,2.59170,0.31430,0.03270,2560000,-1.00000,665745761803,0.00000
515,257,0,3.58260,0.00000,0.00000,0.02430,0,-1.00000,665745795202,0.00000
516,258,0,3.24930,2.29790,0.22580,0.03310,2560000,-1.00000,665745807285,0.00000
517,258,0,3.23279,0.00000,0.00000,0.02250,0,-1.00000,665745842404,0.00000
518,259,0,1.31230,2.40940,0.25170,0.04670,2560000,-1.00000,665745853915,0.00000
519,259,0,3.58140,0.00000,0.00000,0.02650,0,-1.00000,665745889717,0.00000
520,260,0,0.96261,2.36780,0.24000,0.03960,2560000,-1.00000,665745922199,0.00000
521,260,0,3.27299,0.00000,0.00000,0.02150,0,-1.00000,665745954542,0.00000
522,261,0,3.59140,2.37870,0.23780,0.03530,2560000,-1.00000,665745967659,0.00000
523,261,0,3.32240,0.00000,0.00000,0.02820,0,-1.00000,665746003505,0.00000
524,262,0,0.61740,2.96650,0.28910,0.04620,2560000,-1.00000,665746013091,0.00000
525,262,0,4.09540,0.00000,0.00000,0.02200,0,-1.00000,665746045834,0.00000
526,263,0,0.64500,2.58690,0.28050,0.04610,2560000,-1.00000,665746081735,0.00000
527,263,0,3.86330,0.00000,0.00000,0.03230,0,-1.00000,665746115005,0.00000
528,264,0,0.70920,3.36140,0.27020,0.04790,2560000,-1.00000,665746121167,0.00000
529,264,0,4.51340,0.00000,0.00000,0.03320,0,-1.00000,665746162116,0.00000
530,265,0,0.65880,2.70050,0.29750,0.05440,2560000,-1.00000,665746168557,0.00000
531,265,0,3.90470,0.00000,0.00000,0.02770,0,-1.00000,665746207208,0.00000
532,266,0,0.55270,3.00000,0.24310,0.06020,2560000,-1.00000,665746214281,0.00000
533,266,0,4.03370,0.00000,0.00000,0.02390,0,-1.00000,665746259435,0.00000
534,267,0,0.51020,2.31790,0.28560,0.04010,2560000,-1.00000,665746265990,0.00000
535,267,0,3.49040,0.00000,0.00000,0.02420,0,-1.00000,665746305064,0.00000
536,268,0,0.57210,2.84240,0.21550,0.04710,2560000,-1.00000,665746310554,0.00000
537,268,0,3.90190,0.00000,0.00000,0.02930,0,-1.00000,665746350939,0.00000
538,269,0,0.70460,2.31260,0.22920,0.10020,2560000,-1.00000,665746355985,0.00000
539,269,0,3.69550,0.00000,0.00000,0.03070,0,-1.00000,665746390941,0.00000
540,270,0,0.55430,2.35140,0.25580,0.02950,2560000,-1.00000,665746396625,0.00000
541,270,0,3.24410,0.00000,0.00000,0.01950,0,-1.00000,665746435672,0.00000
542,271,0,0.43771,2.44420,0.27230,0.02760,2560000,-1.00000,665746442691,0.00000
543,271,0,3.26080,0.00000,0.00000,0.02370,0,-1.00000,665746479684,0.00000
544,272,0,0.55310,2.88290,0.24880,0.04000,2560000,-1.00000,665746485178,0.00000
545,272,0,3.86690,0.00000,0.00000,0.02600,0,-1.00000,665746517635,0.00000
546,273,0,0.74190,2.71350,0.24780,0.03430,2560000,-1.00000,665746521996,0.00000
547,273,0,3.77030,0.00000,0.00000,0.02570,0,-1.00000,665746554612,0.00000
548,274,0,0.77330,2.27950,0.22340,0.03870,2560000,-1.00000,665746560125,0.00000
549,274,0,3.14170,0.00000,0.00000,0.01940,0,-1.00000,665746598834,0.00000
550,275,0,1.42479,2.27360,0.21710,0.03070,2560000,-1.00000,665746606410,0.00000
551,275,0,3.19530,0.00000,0.00000,0.02150,0,-1.00000,665746643959,0.00000
552,276,0,1.33540,2.89700,0.22040,0.04120,2560000,-1.00000,665746651663,0.00000
553,276,0,3.88900,0.00000,0.00000,0.02450,0,-1.00000,665746683088,0.00000
554,277,0,0.61891,2.29900,0.23470,0.02310,2560000,-1.00000,665746697338,0.00000
555,277,0,3.11840,0.00000,0.00000,0.02230,0,-1.00000,665746729285,0.00000
556,278,0,1.50160,2.26980,0.23650,0.02610,2560000,-1.00000,665746742637,0.00000
557,278,0,3.06900,0.00000,0.00000,0.01890,0,-1.00000,665746781548,0.00000
558,279,0,1.46370,2.91490,0.25620,0.03420,2560000,-1.00000,665746787709,0.00000
559,279,0,3.87829,0.00000,0.00000,0.02760,0,-1.00000,665746818899,0.00000
560,280,0,0.69450,2.31460,0.24440,0.04070,2560000,-1.00000,665746833912,0.00000
561,280,0,3.23190,0.00000,0.00000,0.02250,0,-1.00000,665746864606,0.00000
562,281,0,1.34310,2.27610,0.24170,0.04230,2560000,-1.00000,665746879238,0.00000
563,281,0,3.21130,0.00000,0.00000,0.02660,0,-1.00000,665746918039,0.00000
564,282,0,0.48810,2.28020,0.21730,0.04020,2560000,-1.00000,665746924976,0.00000
565,282,0,3.23090,0.00000,0.00000,0.02220,0,-1.00000,665746957613,0.00000
566,283,0,0.44630,2.30520,0.29780,0.03360,2560000,-1.00000,665746970725,0.00000
567,283,0,3.21850,0.00000,0.00000,0.02060,0,-1.00000,665747002857,0.00000
568,284,0,0.74210,2.31090,0.25750,0.02760,2560000,-1.00000,665747007715,0.00000
569,284,0,3.21000,0.00000,0.00000,0.02020,0,-1.00000,665747040049,0.00000
570,285,0,1.23560,2.30510,0.24940,0.03130,2560000,-1.00000,665747044482,0.00000
571,285,0,3.21800,0.00000,0.00000,0.01950,0,-1.00000,665747076684,0.00000
572,286,0,1.43090,2.29040,0.24420,0.02830,2560000,-1.00000,665747084091,0.00000
573,286,0,3.13930,0.00000,0.00000,0.01930,0,-1.00000,665747116212,0.00000
574,287,0,1.42980,2.65560,0.22820,0.03870,2560000,-1.00000,665747128547,0.00000
575,287,0,3.95000,0.00000,0.00000,0.02530,0,-1.00000,665747160737,0.00000
576,288,0,0.58980,2.33590,0.21630,0.03130,2560000,-1.00000,665747175040,0.00000
577,288,0,3.22190,0.00000,0.00000,0.02370,0,-1.00000,665747206441,0.00000
578,289,0,1.34190,2.31400,0.23710,0.03810,2560000,-1.00000,665747220725,0.00000
579,289,0,3.30690,0.00000,0.00000,0.02620,0,-1.00000,665747260265,0.00000
580,290,0,1.13730,2.87560,0.35980,0.03400,2560000,-1.00000,665747266141,0.00000
581,290,0,3.93170,0.00000,0.00000,0.02050,0,-1.00000,665747298359,0.00000
582,291,0,0.59940,2.28760,0.23020,0.03400,2560000,-1.00000,665747311772,0.00000
583,291,0,3.15651,0.00000,0.00000,0.02010,0,-1.00000,665747344837,0.00000
584,292,0,0.44100,2.78630,0.33130,0.03160,2560000,-1.00000,665747356202,0.00000
585,292,0,3.79400,0.00000,0.00000,0.02550,0,-1.00000,665747395528,0.00000
586,293,0,0.46470,2.46760,0.25450,0.04210,2560000,-1.00000,665747401512,0.00000
587,293,0,3.44530,0.00000,0.00000,0.02670,0,-1.00000,665747433094,0.00000
588,294,0,0.48030,2.84850,0.26080,0.05200,2560000,-1.00000,665747437492,0.00000
589,294,0,3.88180,0.00000,0.00000,0.02790,0,-1.00000,665747475446,0.00000
590,295,0,0.60170,2.25250,0.24350,0.03500,2560000,-1.00000,665747480074,0.00000
591,295,0,3.23400,0.00000,0.00000,0.02070,0,-1.00000,665747514558,0.00000
592,296,0,1.22420,3.02150,0.26620,0.04800,2560000,-1.00000,665747519332,0.00000
593,296,0,4.15550,0.00000,0.00000,0.05070,0,-1.00000,665747558195,0.00000
594,297,0,0.50820,2.28870,0.25860,0.05410,2560000,-1.00000,665747564168,0.00000
595,297,0,3.41740,0.00000,0.00000,0.02730,0,-1.00000,665747596560,0.00000
596,298,0,0.93070,2.28630,0.22880,0.04150,2560000,-1.00000,665747608751,0.00000
597,298,0,3.22500,0.00000,0.00000,0.02700,0,-1.00000,665747650333,0.00000
598,299,0,3.80240,2.40540,0.20580,0.03830,2560000,-1.00000,665747655383,0.00000
599,299,0,3.31110,0.00000,0.00000,0.02780,0,-1.00000,665747689602,0.00000
600,300,0,0.51180,2.34070,0.22490,0.02720,2560000,-1.00000,665747698870,0.00000
601,300,0,3.16271,0.00000,0.00000,0.01870,0,-1.00000,665747731151,0.00000
602,301,0,0.57730,2.23990,0.22300,0.03360,2560000,-1.00000,665747769156,0.00000
603,301,0,3.13650,0.00000,0.00000,0.02620,0,-1.00000,665747802275,0.00000
604,302,0,0.58470,2.28560,0.22820,0.03020,2560000,-1.00000,665747807372,0.00000
605,302,0,3.08730,0.00000,0.00000,0.02340,0,-1.00000,665747839013,0.00000
606,303,0,1.48330,2.23650,0.23390,0.03670,2560000,-1.00000,665747844770,0.00000
607,303,0,3.08490,0.00000,0.00000,0.02460,0,-1.00000,665747876157,0.00000
608,304,0,2.63770,2.56550,0.24680,0.04590,2560000,-1.00000,665747881981,0.00000
609,304,0,3.62580,0.00000,0.00000,0.02180,0,-1.00000,665747912869,0.00000
610,305,0,0.74610,2.28220,0.21200,0.03020,2560000,-1.00000,665747927694,0.00000
611,305,0,3.13800,0.00000,0.00000,0.02480,0,-1.00000,665747958556,0.00000
612,306,0,0.63141,2.28180,0.21260,0.03390,2560000,-1.00000,665747984941,0.00000
613,306,0,3.18660,0.00000,0.00000,0.02710,0,-1.00000,665748021199,0.00000
614,307,0,1.30570,2.23630,0.24530,0.03660,2560000,-1.00000,665748028634,0.00000
615,307,0,3.15370,0.00000,0.00000,0.02100,0,-1.00000,665748060022,0.00000
616,308,0,2.21370,2.24710,0.22810,0.03390,2560000,-1.00000,665748066327,0.00000
617,308,0,3.13160,0.00000,0.00000,0.02030,0,-1.00000,665748098213,0.00000
618,309,0,0.58140,2.27960,0.37190,0.03350,2560000,-1.00000,665748111260,0.00000
619,309,0,3.27830,0.00000,0.00000,0.02490,0,-1.00000,665748142809,0.00000
620,310,0,3.54630,2.33230,0.31650,0.03330,2560000,-1.00000,665748164933,0.00000
621,310,0,3.26540,0.00000,0.00000,0.02570,0,-1.00000,665748196254,0.00000
622,311,0,1.32910,2.21850,0.24730,0.04790,2560000,-1.00000,665748202051,0.00000
623,311,0,3.23241,0.00000,0.00000,0.02710,0,-1.00000,665748234867,0.00000
624,312,0,1.19780,2.25670,0.28760,0.03880,2560000,-1.00000,665748270312,0.00000
625,312,0,3.26570,0.00000,0.00000,0.02260,0,-1.00000,665748302974,0.00000
626,313,0,1.49390,2.25980,0.21220,0.04050,2560000,-1.00000,665748316248,0.00000
627,313,0,3.35800,0.00000,0.00000,0.02510,0,-1.00000,665748348627,0.00000
628,314,0,1.09120,2.25450,0.32140,0.03310,2560000,-1.00000,665748360556,0.00000
629,314,0,3.17160,0.00000,0.00000,0.02030,0,-1.00000,665748393222,0.00000
630,315,0,1.42650,2.21410,0.25810,0.03240,2560000,-1.00000,665748408153,0.00000
631,315,0,3.10530,0.00000,0.00000,0.01940,0,-1.00000,665748441741,0.00000
632,316,0,1.26060,2.25020,0.25760,0.02750,2560000,-1.00000,665748452638,0.00000
633,316,0,3.07840,0.00000,0.00000,0.01790,0,-1.00000,665748484360,0.00000
634,317,0,1.66640,2.29170,0.26300,0.03550,2560000,-1.00000,665748498613,0.00000
635,317,0,3.20990,0.00000,0.00000,0.02020,0,-1.00000,665748529684,0.00000
636,318,0,1.19100,2.23560,0.21200,0.04570,2560000,-1.00000,665748542280,0.00000
637,318,0,3.22980,0.00000,0.00000,0.02600,0,-1.00000,665748573070,0.00000
638,319,0,1.35770,2.27460,0.21880,0.03460,2560000,-1.00000,665748589723,0.00000
639,319,0,3.12660,0.00000,0.00000,0.02460,0,-1.00000,665748621836,0.00000
640,320,0,1.36780,2.23920,0.28120,0.04170,2560000,-1.00000,665748633743,0.00000
641,320,0,3.18940,0.00000,0.00000,0.02610,0,-1.00000,665748666072,0.00000
642,321,0,1.42020,2.25150,0.28320,0.03320,2560000,-1.00000,665748679612,0.00000
643,321,0,3.10570,0.00000,0.00000,0.02400,0,-1.00000,665748710897,0.00000
644,322,0,1.49349,2.26850,0.23670,0.02740,2560000,-1.00000,665748724550,0.00000
645,322,0,3.13231,0.00000,0.00000,0.01910,0,-1.00000,665748756469,0.00000
646,323,0,1.37700,2.21040,0.21230,0.03330,2560000,-1.00000,665748770684,0.00000
647,323,0,3.95150,0.00000,0.00000,0.02370,0,-1.00000,665748801711,0.00000
648,324,0,0.58040,2.32580,0.25260,0.03500,2560000,-1.00000,665748816647,0.00000
649,324,0,3.36910,0.00000,0.00000,0.02540,0,-1.00000,665748847966,0.00000
650,325,0,1.24330,2.25610,0.26860,0.03390,2560000,-1.00000,665748861736,0.00000
651,325,0,3.14580,0.00000,0.00000,0.02020,0,-1.00000,665748901256,0.00000
652,326,0,1.41640,2.26570,0.28940,0.04680,2560000,-1.00000,665748907056,0.00000
653,326,0,3.34800,0.00000,0.00000,0.02160,0,-1.00000,665748940770,0.00000
654,327,0,1.32440,2.19110,0.23080,0.03210,2560000,-1.00000,665748953175,0.00000
655,327,0,3.04600,0.00000,0.00000,0.02560,0,-1.00000,665748984642,0.00000
656,328,0,1.37210,2.40020,0.22460,0.03600,2560000,-1.00000,665748998811,0.00000
657,328,0,3.30750,0.00000,0.00000,0.01950,0,-1.00000,665749032305,0.00000
658,329,0,1.11220,2.22860,0.23590,0.04640,2560000,-1.00000,665749045522,0.00000
659,329,0,3.21700,0.00000,0.00000,0.01970,0,-1.00000,665749075992,0.00000
660,330,0,1.44390,2.28620,0.20660,0.04540,2560000,-1.00000,665749089708,0.00000
661,330,0,3.32970,0.00000,0.00000,0.02600,0,-1.00000,665749122798,0.00000
662,331,0,1.13270,2.24860,0.23240,0.04240,2560000,-1.00000,665749133909,0.00000
663,331,0,3.27010,0.00000,0.00000,0.02640,0,-1.00000,665749166094,0.00000
664,332,0,1.42360,2.15810,0.28590,0.03800,2560000,-1.00000,665749180523,0.00000
665,332,0,3.22420,0.00000,0.00000,0.01970,0,-1.00000,665749213843,0.00000
666,333,0,1.43700,2.23330,0.32580,0.03910,2560000,-1.00000,665749225146,0.00000
667,333,0,3.41480,0.00000,0.00000,0.02470,0,-1.00000,665749257862,0.00000
668,334,0,1.00240,2.09900,0.24420,0.03920,2560000,-1.00000,665749272131,0.00000
669,334,0,3.03690,0.00000,0.00000,0.01880,0,-1.00000,665749304346,0.00000
670,335,0,1.69000,2.25730,0.22530,0.03820,2560000,-1.00000,665749318823,0.00000
671,335,0,3.22440,0.00000,0.00000,0.02030,0,-1.00000,665749352847,0.00000
672,336,0,1.20670,2.32020,0.27530,0.02390,2560000,-1.00000,665749362859,0.00000
673,336,0,3.24630,0.00000,0.00000,0.02690,0,-1.00000,665749393239,0.00000
674,337,0,1.35930,2.18880,0.21660,0.02120,2560000,-1.00000,665749410122,0.00000
675,337,0,3.20390,0.00000,0.00000,0.02080,0,-1.00000,665749442389,0.00000
676,338,0,1.33400,2.22510,0.24340,0.03260,2560000,-1.00000,665749454431,0.00000
677,338,0,3.19250,0.00000,0.00000,0.02390,0,-1.00000,665749486910,0.00000
678,339,0,1.39930,2.37580,0.22970,0.03770,2560000,-1.00000,665749500492,0.00000
679,339,0,3.37590,0.00000,0.00000,0.02680,0,-1.00000,665749532528,0.00000
680,340,0,1.35590,2.15140,0.25920,0.03400,2560000,-1.00000,665749545871,0.00000
681,340,0,4.22630,0.00000,0.00000,0.02990,0,-1.00000,665749577806,0.00000
682,341,0,0.51180,2.16770,0.22590,0.02830,2560000,-1.00000,665749591793,0.00000
683,341,0,3.05420,0.00000,0.00000,0.02710,0,-1.00000,665749625568,0.00000
684,342,0,1.26490,2.14910,0.22430,0.03080,2560000,-1.00000,665749639106,0.00000
685,342,0,3.01300,0.00000,0.00000,0.01710,0,-1.00000,665749681413,0.00000
686,343,0,1.57820,2.12780,0.21750,0.03100,2560000,-1.00000,665749686499,0.00000
687,343,0,3.08040,0.00000,0.00000,0.01950,0,-1.00000,665749717043,0.00000
688,344,0,3.80690,2.14610,0.23270,0.03480,2560000,-1.00000,665749729683,0.00000
689,344,0,3.11040,0.00000,0.00000,0.02060,0,-1.00000,665749759862,0.00000
690,345,0,3.74430,2.12180,0.32470,0.03280,2560000,-1.00000,665749775591,0.00000
691,345,0,3.14390,0.00000,0.00000,0.02590,0,-1.00000,665749806409,0.00000
692,346,0,0.50830,2.19990,0.29960,0.03500,2560000,-1.00000,665749844479,0.00000
693,346,0,3.14450,0.00000,0.00000,0.02370,0,-1.00000,665749875578,0.00000
694,347,0,0.46680,2.22600,0.22730,0.02450,2560000,-1.00000,665749913014,0.00000
695,347,0,3.13030,0.00000,0.00000,0.01820,0,-1.00000,665749944456,0.00000
696,348,0,1.02290,2.16300,0.23520,0.02530,2560000,-1.00000,665749949558,0.00000
697,348,0,3.14930,0.00000,0.00000,0.02140,0,-1.00000,665749980999,0.00000
698,349,0,1.39720,2.16690,0.24810,0.03040,2560000,-1.00000,665749985645,0.00000
699,349,0,3.06409,0.00000,0.00000,0.02010,0,-1.00000,665750016948,0.00000
700,350,0,1.45960,2.11960,0.31040,0.02620,2560000,-1.00000,665750027177,0.00000
701,350,0,4.01710,0.00000,0.00000,0.02250,0,-1.00000,665750058675,0.00000
702,351,0,0.62260,2.21000,0.22600,0.02660,2560000,-1.00000,665750072637,0.00000
703,351,0,3.20350,0.00000,0.00000,0.01840,0,-1.00000,665750103288,0.00000
704,352,0,1.28070,2.21720,0.24520,0.02900,2560000,-1.00000,665750117875,0.00000
705,352,0,3.18340,0.00000,0.00000,0.01870,0,-1.00000,665750158078,0.00000
706,353,0,1.44870,2.12170,0.23060,0.02560,2560000,-1.00000,665750164339,0.00000
707,353,0,3.14020,0.00000,0.00000,0.01930,0,-1.00000,665750196309,0.00000
708,354,0,1.46520,2.15310,0.23440,0.03790,2560000,-1.00000,665750209115,0.00000
709,354,0,3.18030,0.00000,0.00000,0.01870,0,-1.00000,665750240956,0.00000
710,355,0,1.42600,2.05610,0.26880,0.05270,2560000,-1.00000,665750255436,0.00000
711,355,0,3.24980,0.00000,0.00000,0.02020,0,-1.00000,665750286843,0.00000
712,356,0,1.80599,2.06210,0.20540,0.02630,2560000,-1.00000,665750301489,0.00000
713,356,0,3.06520,0.00000,0.00000,0.02640,0,-1.00000,665750333306,0.00000
714,357,0,3.25561,2.07690,0.22870,0.02370,2560000,-1.00000,665750347559,0.00000
715,357,0,3.03440,0.00000,0.00000,0.01690,0,-1.00000,665750380072,0.00000
716,358,0,0.54380,2.16650,0.21010,0.02420,2560000,-1.00000,665750398115,0.00000
717,358,0,3.29230,0.00000,0.00000,0.02360,0,-1.00000,665750428770,0.00000
718,359,0,0.60330,2.20000,0.24060,0.02960,2560000,-1.00000,665750461319,0.00000
719,359,0,3.29820,0.00000,0.00000,0.01950,0,-1.00000,665750491664,0.00000
720,360,0,0.63250,2.22440,0.22030,0.02040,2560000,-1.00000,665750497094,0.00000
721,360,0,3.17780,0.00000,0.00000,0.01910,0,-1.00000,665750530037,0.00000
722,361,0,3.66120,2.19710,0.21050,0.03760,2560000,-1.00000,665750536061,0.00000
723,361,0,3.28190,0.00000,0.00000,0.01970,0,-1.00000,665750569047,0.00000
724,362,0,0.56580,2.16880,0.20770,0.02870,2560000,-1.00000,665750575364,0.00000
725,362,0,3.18520,0.00000,0.00000,0.02370,0,-1.00000,665750607140,0.00000
726,363,0,0.56110,2.15650,0.24300,0.03110,2560000,-1.00000,665750643764,0.00000
727,363,0,3.27250,0.00000,0.00000,0.02100,0,-1.00000,665750676578,0.00000
728,364,0,0.58870,2.24880,0.23800,0.02880,2560000,-1.00000,665750682228,0.00000
729,364,0,3.31240,0.00000,0.00000,0.01890,0,-1.00000,665750714095,0.00000
730,365,0,1.32820,2.14280,0.22870,0.02940,2560000,-1.00000,665750719694,0.00000
731,365,0,3.36900,0.00000,0.00000,0.02280,0,-1.00000,665750752429,0.00000
732,366,0,1.19160,2.80940,0.23680,0.04650,2560000,-1.00000,665750758308,0.00000
733,366,0,3.97180,0.00000,0.00000,0.02240,0,-1.00000,665750791435,0.00000
734,367,0,0.57730,2.21280,0.23230,0.03820,2560000,-1.00000,665750804710,0.00000
735,367,0,3.28120,0.00000,0.00000,0.02350,0,-1.00000,665750838426,0.00000
736,368,0,1.30740,2.24850,0.30940,0.03850,2560000,-1.00000,665750850320,0.00000
737,368,0,3.34130,0.00000,0.00000,0.02550,0,-1.00000,665750890068,0.00000
738,369,0,1.22720,2.18070,0.27750,0.05510,2560000,-1.00000,665750895811,0.00000
739,369,0,3.49680,0.00000,0.00000,0.02450,0,-1.00000,665750928646,0.00000
740,370,0,1.11880,2.29580,0.23060,0.04570,2560000,-1.00000,665750941705,0.00000
741,370,0,3.43590,0.00000,0.00000,0.02500,0,-1.00000,665750975135,0.00000
742,371,0,1.13980,2.16590,0.26450,0.04370,2560000,-1.00000,665750987383,0.00000
743,371,0,3.35430,0.00000,0.00000,0.02410,0,-1.00000,665751022529,0.00000
744,372,0,1.21030,2.17180,0.24310,0.04820,2560000,-1.00000,665751033548,0.00000
745,372,0,3.39230,0.00000,0.00000,0.02470,0,-1.00000,665751067924,0.00000
746,373,0,2.25040,2.16450,0.30790,0.04320,2560000,-1.00000,665751079300,0.00000
747,373,0,3.41710,0.00000,0.00000,0.02110,0,-1.00000,665751112870,0.00000
748,374,0,0.56300,2.23530,0.23880,0.03980,2560000,-1.00000,665751124944,0.00000
749,374,0,3.31550,0.00000,0.00000,0.01960,0,-1.00000,665751158888,0.00000
750,375,0,0.51330,2.22460,0.35760,0.03290,2560000,-1.00000,665751181379,0.00000
751,375,0,3.42480,0.00000,0.00000,0.02570,0,-1.00000,665751215563,0.00000
752,376,0,0.64040,2.21470,0.26060,0.04900,2560000,-1.00000,665751221163,0.00000
753,376,0,3.52000,0.00000,0.00000,0.02520,0,-1.00000,665751254359,0.00000
754,377,0,0.58280,2.19250,0.23460,0.04380,2560000,-1.00000,665751259449,0.00000
755,377,0,3.31720,0.00000,0.00000,0.02510,0,-1.00000,665751293730,0.00000
756,378,0,0.66730,2.23270,0.28480,0.03850,2560000,-1.00000,665751300103,0.00000
757,378,0,3.46180,0.00000,0.00000,0.02580,0,-1.00000,665751335351,0.00000
758,379,0,0.57440,2.20090,0.23290,0.04480,2560000,-1.00000,665751341139,0.00000
759,379,0,3.34860,0.00000,0.00000,0.05500,0,-1.00000,665751374334,0.00000
760,380,0,0.63340,2.15610,0.22650,0.04030,2560000,-1.00000,665751380982,0.00000
761,380,0,3.22500,0.00000,0.00000,0.01940,0,-1.00000,665751415637,0.00000
762,381,0,0.52070,2.21010,0.23850,0.03880,2560000,-1.00000,665751421344,0.00000
763,381,0,3.28290,0.00000,0.00000,0.02370,0,-1.00000,665751454976,0.00000
764,382,0,0.57630,2.18910,0.32250,0.04280,2560000,-1.00000,665751461162,0.00000
765,382,0,3.43560,0.00000,0.00000,0.02200,0,-1.00000,665751493437,0.00000
766,383,0,1.09200,2.17520,0.21970,0.04290,2560000,-1.00000,665751498617,0.00000
767,383,0,3.44110,0.00000,0.00000,0.02440,0,-1.00000,665751531479,0.00000
768,384,0,1.12670,2.34830,0.21290,0.03830,2560000,-1.00000,665751537213,0.00000
769,384,0,3.42510,0.00000,0.00000,0.02600,0,-1.00000,665751571590,0.00000
770,385,0,1.16110,2.28160,0.30710,0.04300,2560000,-1.00000,665751582487,0.00000
771,385,0,3.47850,0.00000,0.00000,0.12400,0,-1.00000,665751616925,0.00000
772,386,0,1.04880,2.14380,0.20520,0.02570,2560000,-1.00000,665751628157,0.00000
773,386,0,3.07569,0.00000,0.00000,0.02130,0,-1.00000,665751662436,0.00000
774,387,0,1.52421,2.15150,0.31850,0.03200,2560000,-1.00000,665751674044,0.00000
775,387,0,3.33199,0.00000,0.00000,0.03220,0,-1.00000,665751708818,0.00000
776,388,0,1.28520,2.15270,0.23210,0.02970,2560000,-1.00000,665751719300,0.00000
777,388,0,3.19970,0.00000,0.00000,0.02590,0,-1.00000,665751750059,0.00000
778,389,0,2.14031,2.17170,0.32790,0.03520,2560000,-1.00000,665751765295,0.00000
779,389,0,3.27950,0.00000,0.00000,0.02370,0,-1.00000,665751798651,0.00000
780,390,0,0.64560,2.11560,0.24220,0.02810,2560000,-1.00000,665751811473,0.00000
781,390,0,3.13450,0.00000,0.00000,0.02340,0,-1.00000,665751843487,0.00000
782,391,0,2.35381,2.15760,0.23280,0.05180,2560000,-1.00000,665751864877,0.00000
783,391,0,3.36220,0.00000,0.00000,0.02420,0,-1.00000,665751897682,0.00000
784,392,0,1.12470,2.21830,0.23860,0.03560,2560000,-1.00000,665751904118,0.00000
785,392,0,3.29050,0.00000,0.00000,0.02220,0,-1.00000,665751935488,0.00000
786,393,0,2.44300,2.12750,0.24200,0.03620,2560000,-1.00000,665751959003,0.00000
787,393,0,3.16050,0.00000,0.00000,0.02620,0,-1.00000,665751992654,0.00000
788,394,0,0.56900,2.12670,0.22650,0.03080,2560000,-1.00000,665752003885,0.00000
789,394,0,3.13780,0.00000,0.00000,0.02480,0,-1.00000,665752036798,0.00000
790,395,0,0.54750,2.11260,0.22130,0.03050,2560000,-1.00000,665752061216,0.00000
791,395,0,3.10800,0.00000,0.00000,0.02480,0,-1.00000,665752092840,0.00000
792,396,0,1.00160,2.11340,0.23320,0.02600,2560000,-1.00000,665752098510,0.00000
793,396,0,3.13870,0.00000,0.00000,0.02190,0,-1.00000,665752129898,0.00000
794,397,0,1.40760,2.12890,0.33420,0.03640,2560000,-1.00000,665752135356,0.00000
795,397,0,3.29380,0.00000,0.00000,0.02200,0,-1.00000,665752166459,0.00000
796,398,0,1.22690,2.16950,0.32300,0.07690,2560000,-1.00000,665752176455,0.00000
797,398,0,3.59020,0.00000,0.00000,0.02660,0,-1.00000,665752207854,0.00000
798,399,0,1.03110,2.50850,0.25310,0.05590,2560000,-1.00000,665752221918,0.00000
799,399,0,3.75490,0.00000,0.00000,0.02680,0,-1.00000,665752254867,0.00000
800,400,0,0.74850,2.15050,0.26340,0.08250,2560000,-1.00000,665752267128,0.00000
801,400,0,3.58480,0.00000,0.00000,0.02750,0,-1.00000,665752303059,0.00000
802,401,0,1.05651,2.13000,0.21610,0.03610,2560000,-1.00000,665752313363,0.00000
803,401,0,3.23680,0.00000,0.00000,0.02080,0,-1.00000,665752350935,0.00000
804,402,0,1.28700,2.11580,0.24020,0.03800,2560000,-1.00000,665752358370,0.00000
805,402,0,3.20021,0.00000,0.00000,0.02640,0,-1.00000,665752394264,0.00000
806,403,0,1.37370,2.80020,0.24980,0.04310,2560000,-1.00000,665752404797,0.00000
807,403,0,3.93340,0.00000,0.00000,0.02720,0,-1.00000,665752437170,0.00000
808,404,0,0.65000,2.20730,0.25620,0.04590,2560000,-1.00000,665752450027,0.00000
809,404,0,3.37060,0.00000,0.00000,0.02560,0,-1.00000,665752482046,0.00000
810,405,0,1.14590,2.19570,0.20980,0.04450,2560000,-1.00000,665752495761,0.00000
811,405,0,3.36600,0.00000,0.00000,0.02150,0,-1.00000,665752535114,0.00000
812,406,0,1.20800,2.15410,0.33970,0.03560,2560000,-1.00000,665752541594,0.00000
813,406,0,3.37000,0.00000,0.00000,0.02600,0,-1.00000,665752575346,0.00000
814,407,0,1.98890,2.19700,0.22220,0.04550,2560000,-1.00000,665752586772,0.00000
815,407,0,3.42710,0.00000,0.00000,0.02500,0,-1.00000,665752620449,0.00000
816,408,0,1.28670,2.78050,0.25890,0.04860,2560000,-1.00000,665752632500,0.00000
817,408,0,4.05340,0.00000,0.00000,0.02710,0,-1.00000,665752666221,0.00000
818,409,0,0.81550,2.12610,0.25150,0.06080,2560000,-1.00000,665752686095,0.00000
819,409,0,3.50259,0.00000,0.00000,0.02510,0,-1.00000,665752720401,0.00000
820,410,0,0.90320,2.47220,0.29560,0.04260,2560000,-1.00000,665752733229,0.00000
821,410,0,3.71800,0.00000,0.00000,0.02570,0,-1.00000,665752773795,0.00000
822,411,0,0.59700,2.11330,0.22810,0.03280,2560000,-1.00000,665752781919,0.00000
823,411,0,3.15740,0.00000,0.00000,0.01990,0,-1.00000,665752816984,0.00000
824,412,0,0.58870,2.77570,0.24570,0.03640,2560000,-1.00000,665752825974,0.00000
825,412,0,3.85390,0.00000,0.00000,0.02380,0,-1.00000,665752863179,0.00000
826,413,0,0.70490,2.12920,0.31900,0.02650,2560000,-1.00000,665752869127,0.00000
827,413,0,3.19290,0.00000,0.00000,0.02370,0,-1.00000,665752900704,0.00000
828,414,0,1.34770,2.09870,0.23680,0.04640,2560000,-1.00000,665752906585,0.00000
829,414,0,3.29580,0.00000,0.00000,0.02700,0,-1.00000,665752945142,0.00000
830,415,0,1.34470,2.17690,0.22430,0.03130,2560000,-1.00000,665752952179,0.00000
831,415,0,3.21030,0.00000,0.00000,0.02110,0,-1.00000,665752984116,0.00000
832,416,0,1.36280,2.10820,0.25330,0.03170,2560000,-1.00000,665752997581,0.00000
833,416,0,3.06730,0.00000,0.00000,0.02400,0,-1.00000,665753030569,0.00000
834,417,0,1.45870,2.10020,0.26060,0.03380,2560000,-1.00000,665753043983,0.00000
835,417,0,3.18130,0.00000,0.00000,0.02170,0,-1.00000,665753076106,0.00000
836,418,0,1.36200,2.62140,0.22220,0.04820,2560000,-1.00000,665753089719,0.00000
837,418,0,3.75400,0.00000,0.00000,0.02480,0,-1.00000,665753120400,0.00000
838,419,0,0.86130,2.11730,0.22730,0.03230,2560000,-1.00000,665753134978,0.00000
839,419,0,3.06420,0.00000,0.00000,0.02060,0,-1.00000,665753166800,0.00000
840,420,0,1.49200,2.11730,0.26670,0.02770,2560000,-1.00000,665753180413,0.00000
841,420,0,3.22299,0.00000,0.00000,0.02560,0,-1.00000,665753217974,0.00000
842,421,0,1.39571,2.78270,0.21890,0.03620,2560000,-1.00000,665753226560,0.00000
843,421,0,3.86720,0.00000,0.00000,0.02740,0,-1.00000,665753257214,0.00000
844,422,0,0.65780,2.18060,0.23410,0.03170,2560000,-1.00000,665753272126,0.00000
845,422,0,3.15310,0.00000,0.00000,0.02300,0,-1.00000,665753304380,0.00000
846,423,0,1.47170,2.23680,0.25030,0.04380,2560000,-1.00000,665753318315,0.00000
847,423,0,3.45230,0.00000,0.00000,0.02170,0,-1.00000,665753357002,0.00000
848,424,0,1.12960,2.17980,0.21170,0.03810,2560000,-1.00000,665753363559,0.00000
849,424,0,3.25190,0.00000,0.00000,0.02080,0,-1.00000,665753395092,0.00000
850,425,0,2.22830,2.04470,0.21920,0.02770,2560000,-1.00000,665753409807,0.00000
851,425,0,3.07720,0.00000,0.00000,0.02420,0,-1.00000,665753444355,0.00000
852,426,0,2.82410,2.10850,0.29140,0.02770,2560000,-1.00000,665753455629,0.00000
853,426,0,3.27710,0.00000,0.00000,0.02370,0,-1.00000,665753488162,0.00000
854,427,0,1.25000,2.12540,0.22260,0.04100,2560000,-1.00000,665753510434,0.00000
855,427,0,3.20840,0.00000,0.00000,0.02530,0,-1.00000,665753541215,0.00000
856,428,0,1.37140,2.70380,0.23390,0.05190,2560000,-1.00000,665753569442,0.00000
857,428,0,3.86840,0.00000,0.00000,0.02730,0,-1.00000,665753602228,0.00000
858,429,0,0.78830,2.05200,0.22170,0.03040,2560000,-1.00000,665753614724,0.00000
859,429,0,2.97110,0.00000,0.00000,0.02200,0,-1.00000,665753646813,0.00000
860,430,0,1.59280,2.79230,0.27080,0.04490,2560000,-1.00000,665753660508,0.00000
861,430,0,3.97790,0.00000,0.00000,0.02880,0,-1.00000,665753699232,0.00000
862,431,0,0.73100,2.14880,0.22910,0.04030,2560000,-1.00000,665753707080,0.00000
863,431,0,3.22130,0.00000,0.00000,0.02090,0,-1.00000,665753736794,0.00000
864,432,0,1.15970,2.15770,0.24400,0.05520,2560000,-1.00000,665753752720,0.00000
865,432,0,3.39340,0.00000,0.00000,0.02090,0,-1.00000,665753792521,0.00000
866,433,0,3.46540,2.07470,0.28550,0.03170,2560000,-1.00000,665753799807,0.00000
867,433,0,3.11000,0.00000,0.00000,0.02360,0,-1.00000,665753832036,0.00000
868,434,0,0.50570,2.32700,0.30570,0.05800,2560000,-1.00000,665753843623,0.00000
869,434,0,3.66580,0.00000,0.00000,0.02510,0,-1.00000,665753877575,0.00000
870,435,0,0.70200,2.70050,0.27500,0.05140,2560000,-1.00000,665753912216,0.00000
871,435,0,4.13100,0.00000,0.00000,0.02580,0,-1.00000,665753943313,0.00000
872,436,0,0.62500,2.09550,0.20940,0.03710,2560000,-1.00000,665753948357,0.00000
873,436,0,3.06550,0.00000,0.00000,0.02290,0,-1.00000,665753985072,0.00000
874,437,0,0.48020,2.05000,0.29430,0.03450,2560000,-1.00000,665753992056,0.00000
875,437,0,3.25490,0.00000,0.00000,0.01860,0,-1.00000,665754033384,0.00000
876,438,0,3.28950,2.07400,0.24610,0.03260,2560000,-1.00000,665754039611,0.00000
877,438,0,3.08060,0.00000,0.00000,0.02140,0,-1.00000,665754070275,0.00000
878,439,0,1.48310,2.04570,0.28420,0.02930,2560000,-1.00000,665754075053,0.00000
879,439,0,3.13580,0.00000,0.00000,0.01960,0,-1.00000,665754107625,0.00000
880,440,0,1.45970,2.09770,0.21430,0.03600,2560000,-1.00000,665754140506,0.00000
881,440,0,3.16740,0.00000,0.00000,0.02290,0,-1.00000,665754171310,0.00000
882,441,0,2.27900,2.05980,0.32130,0.02720,2560000,-1.00000,665754186135,0.00000
883,441,0,3.14020,0.00000,0.00000,0.03100,0,-1.00000,665754217509,0.00000
884,442,0,0.70950,2.75250,0.28090,0.05960,2560000,-1.00000,665754232099,0.00000
885,442,0,4.26580,0.00000,0.00000,0.03730,0,-1.00000,665754263791,0.00000
886,443,0,0.70439,2.75680,0.31310,0.05910,2560000,-1.00000,665754286553,0.00000
887,443,0,4.17810,0.00000,0.00000,0.03130,0,-1.00000,665754317977,0.00000
888,444,0,0.69350,2.62730,0.31500,0.05350,2560000,-1.00000,665754325059,0.00000
889,444,0,4.22820,0.00000,0.00000,0.03730,0,-1.00000,665754367756,0.00000
890,445,0,0.81950,2.37420,0.24600,0.05530,2560000,-1.00000,665754374761,0.00000
891,445,0,3.76570,0.00000,0.00000,0.03040,0,-1.00000,665754416571,0.00000
892,446,0,0.61160,2.16150,0.27590,0.06240,2560000,-1.00000,665754423487,0.00000
893,446,0,3.69470,0.00000,0.00000,0.03250,0,-1.00000,665754465810,0.00000
894,447,0,0.79910,2.75930,0.29620,0.06030,2560000,-1.00000,665754473961,0.00000
895,447,0,4.13150,0.00000,0.00000,0.03030,0,-1.00000,665754511662,0.00000
896,448,0,0.67360,2.09060,0.25350,0.04800,2560000,-1.00000,665754517735,0.00000
897,448,0,3.29460,0.00000,0.00000,0.02400,0,-1.00000,665754554712,0.00000
898,449,0,0.59020,2.18620,0.28270,0.05600,2560000,-1.00000,665754562667,0.00000
899,449,0,3.57170,0.00000,0.00000,0.02440,0,-1.00000,665754604022,0.00000
900,450,0,0.68200,2.11050,0.29480,0.06040,2560000,-1.00000,665754610720,0.00000
901,450,0,3.67190,0.00000,0.00000,0.03470,0,-1.00000,665754643683,0.00000
902,451,0,0.66180,2.33440,0.28660,0.06360,2560000,-1.00000,665754649557,0.00000
903,451,0,3.59520,0.00000,0.00000,0.02800,0,-1.00000,665754685310,0.00000
904,452,0,0.75300,2.12940,0.32050,0.02970,2560000,-1.00000,665754692104,0.00000
905,452,0,3.19290,0.00000,0.00000,0.02320,0,-1.00000,665754728858,0.00000
906,453,0,1.36860,2.10070,0.21740,0.04220,2560000,-1.00000,665754735444,0.00000
907,453,0,3.10710,0.00000,0.00000,0.02050,0,-1.00000,665754771433,0.00000
908,454,0,1.44220,2.13860,0.27550,0.06100,2560000,-1.00000,665754778917,0.00000
909,454,0,3.34190,0.00000,0.00000,0.02620,0,-1.00000,665754810867,0.00000
910,455,0,1.22760,2.07130,0.28730,0.04960,2560000,-1.00000,665754824536,0.00000
911,455,0,3.40790,0.00000,0.00000,0.02450,0,-1.00000,665754855616,0.00000
912,456,0,1.14800,2.11300,0.20860,0.03550,2560000,-1.00000,665754870020,0.00000
913,456,0,3.17590,0.00000,0.00000,0.02550,0,-1.00000,665754903489,0.00000
914,457,0,2.30440,2.78640,0.23220,0.05470,2560000,-1.00000,665754915730,0.00000
915,457,0,4.20550,0.00000,0.00000,0.03110,0,-1.00000,665754949822,0.00000
916,458,0,0.71100,2.61180,0.32120,0.05180,2560000,-1.00000,665754961284,0.00000
917,458,0,4.00450,0.00000,0.00000,0.03220,0,-1.00000,665754993051,0.00000
918,459,0,0.57870,2.38790,0.29440,0.06560,2560000,-1.00000,665755016118,0.00000
919,459,0,3.75080,0.00000,0.00000,0.03180,0,-1.00000,665755058178,0.00000
920,460,0,0.57780,2.31560,0.33570,0.04900,2560000,-1.00000,665755065252,0.00000
921,460,0,3.81531,0.00000,0.00000,0.02700,0,-1.00000,665755105317,0.00000
922,461,0,0.60320,2.72280,0.20140,0.04250,2560000,-1.00000,665755111071,0.00000
923,461,0,3.79570,0.00000,0.00000,0.02830,0,-1.00000,665755148633,0.00000
924,462,0,0.69520,2.30390,0.28620,0.04080,2560000,-1.00000,665755154362,0.00000
925,462,0,3.40200,0.00000,0.00000,0.02550,0,-1.00000,665755192554,0.00000
926,463,0,0.50540,2.04730,0.26410,0.03850,2560000,-1.00000,665755198558,0.00000
927,463,0,3.13080,0.00000,0.00000,0.02580,0,-1.00000,665755236544,0.00000
928,464,0,0.60689,2.16360,0.23710,0.05040,2560000,-1.00000,665755243474,0.00000
929,464,0,3.36351,0.00000,0.00000,0.02990,0,-1.00000,665755277508,0.00000
930,465,0,0.73880,2.17590,0.30290,0.05520,2560000,-1.00000,665755282526,0.00000
931,465,0,3.46020,0.00000,0.00000,0.02680,0,-1.00000,665755313875,0.00000
932,466,0,0.55590,2.06590,0.28520,0.04550,2560000,-1.00000,665755319919,0.00000
933,466,0,3.29260,0.00000,0.00000,0.03150,0,-1.00000,665755353589,0.00000
934,467,0,0.79530,2.68530,0.20010,0.04110,2560000,-1.00000,665755360939,0.00000
935,467,0,3.81869,0.00000,0.00000,0.02980,0,-1.00000,665755395574,0.00000
936,468,0,0.74530,2.27060,0.30490,0.07240,2560000,-1.00000,665755401089,0.00000
937,468,0,3.53410,0.00000,0.00000,0.02250,0,-1.00000,665755434054,0.00000
938,469,0,0.97900,2.24080,0.25900,0.04850,2560000,-1.00000,665755441989,0.00000
939,469,0,3.36080,0.00000,0.00000,0.02780,0,-1.00000,665755480196,0.00000
940,470,0,0.94330,2.04450,0.27660,0.07120,2560000,-1.00000,665755487626,0.00000
941,470,0,3.01300,0.00000,0.00000,0.02600,0,-1.00000,665755522981,0.00000
942,471,0,0.60420,2.15700,0.27460,0.03810,2560000,-1.00000,665755532740,0.00000
943,471,0,3.19450,0.00000,0.00000,0.02570,0,-1.00000,665755566388,0.00000
944,472,0,0.60050,2.12680,0.36400,0.04110,2560000,-1.00000,665755575787,0.00000
945,472,0,3.39620,0.00000,0.00000,0.02140,0,-1.00000,665755605935,0.00000
946,473,0,3.03470,2.04330,0.28070,0.04800,2560000,-1.00000,665755611966,0.00000
947,473,0,3.13210,0.00000,0.00000,0.02660,0,-1.00000,665755643919,0.00000
948,474,0,0.50040,2.05020,0.21760,0.03020,2560000,-1.00000,665755649902,0.00000
949,474,0,2.89510,0.00000,0.00000,0.02480,0,-1.00000,665755684003,0.00000
950,475,0,2.28270,2.17390,0.33150,0.04000,2560000,-1.00000,665755714221,0.00000
951,475,0,3.22220,0.00000,0.00000,0.02210,0,-1.00000,665755745565,0.00000
952,476,0,0.41840,2.24840,0.23020,0.04580,2560000,-1.00000,665755750531,0.00000
953,476,0,3.28720,0.00000,0.00000,0.02160,0,-1.00000,665755779491,0.00000
954,477,0,2.20080,2.44430,0.32200,0.04390,2560000,-1.00000,665755802352,0.00000
955,477,0,3.53861,0.00000,0.00000,0.02560,0,-1.00000,665755834546,0.00000
956,478,0,0.45890,2.29520,0.35660,0.03040,2560000,-1.00000,665755838718,0.00000
957,478,0,3.34259,0.00000,0.00000,0.02570,0,-1.00000,665755871630,0.00000
958,479,0,0.61530,2.77150,0.32920,0.02650,2560000,-1.00000,665755893606,0.00000
959,479,0,3.68960,0.00000,0.00000,0.01960,0,-1.00000,665755929018,0.00000
960,480,0,0.37610,2.20230,0.23160,0.02930,2560000,-1.00000,665755933575,0.00000
961,480,0,3.01200,0.00000,0.00000,0.01870,0,-1.00000,665755967041,0.00000
962,481,0,1.20130,2.06780,0.33460,0.02290,2560000,-1.00000,665755973160,0.00000
963,481,0,2.95370,0.00000,0.00000,0.02220,0,-1.00000,665756010058,0.00000
964,482,0,3.82820,2.20740,0.21520,0.03500,2560000,-1.00000,665756013808,0.00000
965,482,0,3.06530,0.00000,0.00000,0.02010,0,-1.00000,665756043945,0.00000
966,483,0,1.58510,2.07140,0.22810,0.02420,2560000,-1.00000,665756055948,0.00000
967,483,0,2.90320,0.00000,0.00000,0.01870,0,-1.00000,665756085483,0.00000
968,484,0,1.57960,2.02750,0.22600,0.02150,2560000,-1.00000,665756123790,0.00000
969,484,0,2.78040,0.00000,0.00000,0.02050,0,-1.00000,665756154424,0.00000
970,485,0,4.02000,2.03890,0.23860,0.02130,2560000,-1.00000,665756170268,0.00000
971,485,0,2.86730,0.00000,0.00000,0.01720,0,-1.00000,665756199300,0.00000
972,486,0,0.41020,2.10170,0.23190,0.05110,2560000,-1.00000,665756215094,0.00000
973,486,0,3.10110,0.00000,0.00000,0.02410,0,-1.00000,665756242898,0.00000
974,487,0,0.57610,2.06940,0.21910,0.02600,2560000,-1.00000,665756283099,0.00000
975,487,0,2.89910,0.00000,0.00000,0.01880,0,-1.00000,665756311775,0.00000
976,488,0,1.54160,2.10680,0.23410,0.02610,2560000,-1.00000,665756315869,0.00000
977,488,0,2.88960,0.00000,0.00000,0.01890,0,-1.00000,665756346909,0.00000
978,489,0,1.61880,2.75590,0.24180,0.05460,2560000,-1.00000,665756352646,0.00000
979,489,0,3.90510,0.00000,0.00000,0.02270,0,-1.00000,665756381639,0.00000
980,490,0,0.61870,2.11010,0.26110,0.03570,2560000,-1.00000,665756397058,0.00000
981,490,0,3.05250,0.00000,0.00000,0.02200,0,-1.00000,665756425950,0.00000
982,491,0,1.50180,2.23150,0.26990,0.02970,2560000,-1.00000,665756442144,0.00000
983,491,0,3.13500,0.00000,0.00000,0.02180,0,-1.00000,665756481217,0.00000
984,492,0,3.79630,2.04640,0.22770,0.02920,2560000,-1.00000,665756487373,0.00000
985,492,0,2.86300,0.00000,0.00000,0.02170,0,-1.00000,665756517921,0.00000
986,493,0,3.90789,2.18900,0.22320,0.03120,2560000,-1.00000,665756532920,0.00000
987,493,0,2.99170,0.00000,0.00000,0.02050,0,-1.00000,665756564269,0.00000
988,494,0,0.47140,2.09690,0.21840,0.02100,2560000,-1.00000,665756602237,0.00000
989,494,0,2.93850,0.00000,0.00000,0.01860,0,-1.00000,665756630861,0.00000
990,495,0,0.49370,2.06510,0.26480,0.03230,2560000,-1.00000,665756669949,0.00000
991,495,0,3.08040,0.00000,0.00000,0.01940,0,-1.00000,665756699858,0.00000
992,496,0,3.80880,2.13030,0.31470,0.02280,2560000,-1.00000,665756704569,0.00000
993,496,0,3.05590,0.00000,0.00000,0.02260,0,-1.00000,665756733958,0.00000
994,497,0,3.62510,2.14000,0.26350,0.02940,2560000,-1.00000,665756738895,0.00000
995,497,0,3.07050,0.00000,0.00000,0.02260,0,-1.00000,665756769711,0.00000
996,498,0,0.56759,2.01680,0.25120,0.04170,2560000,-1.00000,665756807782,0.00000
997,498,0,3.00230,0.00000,0.00000,0.02300,0,-1.00000,665756838349,0.00000
998,499,0,0.47120,1.96810,0.22220,0.03160,2560000,-1.00000,665756874596,0.00000
999,499,0,2.90770,0.00000,0.00000,0.02810,0,-1.00000,665756905309,0.00000
1000,500,0,1.50561,2.06990,0.26590,0.03400,2560000,-1.00000,665756910978,0.00000
1001,500,0,3.05020,0.00000,0.00000,0.01850,0,-1.00000,665756941017,0.00000
1002,501,0,1.36850,2.18170,0.26340,0.03460,2560000,-1.00000,665756945715,0.00000
1003,501,0,3.22950,0.00000,0.00000,0.02400,0,-1.00000,665756974805,0.00000
1004,502,0,1.49640,2.09020,0.21030,0.02290,2560000,-1.00000,665756989844,0.00000
1005,502,0,2.85820,0.00000,0.00000,0.01800,0,-1.00000,665757020364,0.00000
1006,503,0,1.54010,2.05890,0.21910,0.02130,2560000,-1.00000,665757034034,0.00000
1007,503,0,2.83729,0.00000,0.00000,0.01860,0,-1.00000,665757066345,0.00000
1008,504,0,1.61910,2.06440,0.25640,0.03030,2560000,-1.00000,665757081283,0.00000
1009,504,0,2.99810,0.00000,0.00000,0.02470,0,-1.00000,665757109872,0.00000
1010,505,0,1.65740,2.10310,0.23580,0.02510,2560000,-1.00000,665757125266,0.00000
1011,505,0,2.92130,0.00000,0.00000,0.01860,0,-1.00000,665757153646,0.00000
1012,506,0,1.63440,2.11470,0.30630,0.01910,2560000,-1.00000,665757169833,0.00000
1013,506,0,2.91060,0.00000,0.00000,0.01650,0,-1.00000,665757199855,0.00000
1014,507,0,1.58440,2.19360,0.28170,0.03360,2560000,-1.00000,665757216392,0.00000
1015,507,0,3.36860,0.00000,0.00000,0.02110,0,-1.00000,665757245610,0.00000
1016,508,0,1.23600,2.09740,0.23600,0.03670,2560000,-1.00000,665757261946,0.00000
1017,508,0,2.95580,0.00000,0.00000,0.02350,0,-1.00000,665757291056,0.00000
1018,509,0,1.61541,2.14570,0.23520,0.02560,2560000,-1.00000,665757306907,0.00000
1019,509,0,3.37260,0.00000,0.00000,0.01840,0,-1.00000,665757340595,0.00000
1020,510,0,1.21820,2.08890,0.23180,0.02440,2560000,-1.00000,665757352944,0.00000
1021,510,0,2.97881,0.00000,0.00000,0.03900,0,-1.00000,665757382525,0.00000
1022,511,0,1.56000,2.22610,0.25310,0.02630,2560000,-1.00000,665757398656,0.00000
1023,511,0,3.15620,0.00000,0.00000,0.01990,0,-1.00000,665757432387,0.00000
1024,512,0,1.47130,2.10890,0.20480,0.02570,2560000,-1.00000,665757444567,0.00000
1025,512,0,2.88660,0.00000,0.00000,0.02120,0,-1.00000,665757474365,0.00000
1026,513,0,1.46669,1.96670,0.23970,0.02480,2560000,-1.00000,665757489950,0.00000
1027,513,0,2.83350,0.00000,0.00000,0.02020,0,-1.00000,665757521516,0.00000
1028,514,0,0.59950,2.13130,0.28020,0.02080,2560000,-1.00000,665757536230,0.00000
1029,514,0,2.99810,0.00000,0.00000,0.02010,0,-1.00000,665757565103,0.00000
1030,515,0,0.51480,2.09330,0.29830,0.03230,2560000,-1.00000,665757579762,0.00000
1031,515,0,3.07410,0.00000,0.00000,0.01940,0,-1.00000,665757608099,0.00000
1032,516,0,1.58770,2.06330,0.24760,0.03440,2560000,-1.00000,665757614091,0.00000
1033,516,0,2.97590,0.00000,0.00000,0.01830,0,-1.00000,665757644100,0.00000
1034,517,0,1.52260,1.96100,0.24780,0.02530,2560000,-1.00000,665757649212,0.00000
1035,517,0,2.83250,0.00000,0.00000,0.01720,0,-1.00000,665757679975,0.00000
1036,518,0,1.72650,2.11210,0.23750,0.02220,2560000,-1.00000,665757695843,0.00000
1037,518,0,2.94960,0.00000,0.00000,0.03120,0,-1.00000,665757725599,0.00000
1038,519,0,1.61320,2.12040,0.23660,0.02780,2560000,-1.00000,665757740822,0.00000
1039,519,0,2.99610,0.00000,0.00000,0.02090,0,-1.00000,665757769146,0.00000
1040,520,0,3.93061,2.07650,0.20780,0.02110,2560000,-1.00000,665757786414,0.00000
1041,520,0,2.85609,0.00000,0.00000,0.01790,0,-1.00000,665757815912,0.00000
1042,521,0,3.82810,2.20810,0.21400,0.03950,2560000,-1.00000,665757832036,0.00000
1043,521,0,3.17210,0.00000,0.00000,0.01980,0,-1.00000,665757862004,0.00000
1044,522,0,0.43090,1.98320,0.20080,0.02180,2560000,-1.00000,665757901306,0.00000
1045,522,0,2.71541,0.00000,0.00000,0.02370,0,-1.00000,665757929866,0.00000
1046,523,0,0.43800,2.00180,0.30430,0.02200,2560000,-1.00000,665757968147,0.00000
1047,523,0,2.87620,0.00000,0.00000,0.01650,0,-1.00000,665757999929,0.00000
1048,524,0,0.39700,2.08530,0.24470,0.02640,2560000,-1.00000,665758004218,0.00000
1049,524,0,2.92380,0.00000,0.00000,0.01830,0,-1.00000,665758031346,0.00000
1050,525,0,3.04740,2.15720,0.30990,0.02550,2560000,-1.00000,665758035707,0.00000
1051,525,0,3.04410,0.00000,0.00000,0.01650,0,-1.00000,665758064475,0.00000
1052,526,0,0.42600,2.11730,0.22830,0.02320,2560000,-1.00000,665758068441,0.00000
1053,526,0,2.91050,0.00000,0.00000,0.01830,0,-1.00000,665758097688,0.00000
1054,527,0,1.36710,1.99670,0.27070,0.02130,2560000,-1.00000,665758128155,0.00000
1055,527,0,2.84240,0.00000,0.00000,0.01710,0,-1.00000,665758158604,0.00000
1056,528,0,0.48650,1.96330,0.23190,0.02470,2560000,-1.00000,665758162853,0.00000
1057,528,0,2.77180,0.00000,0.00000,0.01780,0,-1.00000,665758191962,0.00000
1058,529,0,0.38290,2.08250,0.21010,0.02050,2560000,-1.00000,665758205629,0.00000
1059,529,0,2.86830,0.00000,0.00000,0.02080,0,-1.00000,665758234058,0.00000
1060,530,0,3.39090,2.08670,0.24250,0.04950,2560000,-1.00000,665758238915,0.00000
1061,530,0,3.00750,0.00000,0.00000,0.02460,0,-1.00000,665758266642,0.00000
1062,531,0,1.57170,2.00130,0.24550,0.02620,2560000,-1.00000,665758270468,0.00000
1063,531,0,2.82800,0.00000,0.00000,0.01750,0,-1.00000,665758299155,0.00000
1064,532,0,3.96350,2.04180,0.22380,0.03010,2560000,-1.00000,665758333061,0.00000
1065,532,0,2.85900,0.00000,0.00000,0.01740,0,-1.00000,665758363150,0.00000
1066,533,0,4.03090,2.01170,0.24450,0.02880,2560000,-1.00000,665758378852,0.00000
1067,533,0,2.82600,0.00000,0.00000,0.01920,0,-1.00000,665758407134,0.00000
1068,534,0,0.41740,1.99270,0.24970,0.02070,2560000,-1.00000,665758446771,0.00000
1069,534,0,2.79820,0.00000,0.00000,0.01640,0,-1.00000,665758475411,0.00000
1070,535,0,0.83610,2.15960,0.20940,0.02340,2560000,-1.00000,665758515673,0.00000
1071,535,0,2.88540,0.00000,0.00000,0.01950,0,-1.00000,665758543933,0.00000
1072,536,0,1.73940,2.01330,0.21980,0.03670,2560000,-1.00000,665758548098,0.00000
1073,536,0,2.96570,0.00000,0.00000,0.02170,0,-1.00000,665758576083,0.00000
1074,537,0,1.46190,1.96400,0.22430,0.03110,2560000,-1.00000,665758584447,0.00000
1075,537,0,2.79340,0.00000,0.00000,0.01780,0,-1.00000,665758613301,0.00000
1076,538,0,1.87251,1.97530,0.21670,0.02300,2560000,-1.00000,665758630694,0.00000
1077,538,0,2.78990,0.00000,0.00000,0.01970,0,-1.00000,665758660381,0.00000
1078,539,0,1.57840,1.96720,0.19750,0.02470,2560000,-1.00000,665758674975,0.00000
1079,539,0,2.70080,0.00000,0.00000,0.01720,0,-1.00000,665758702908,0.00000
1080,540,0,1.89950,2.02360,0.31420,0.02870,2560000,-1.00000,665758721631,0.00000
1081,540,0,2.94540,0.00000,0.00000,0.01770,0,-1.00000,665758749535,0.00000
1082,541,0,1.67400,1.96590,0.22690,0.03210,2560000,-1.00000,665758765318,0.00000
1083,541,0,2.86550,0.00000,0.00000,0.01890,0,-1.00000,665758792318,0.00000
1084,542,0,1.62970,2.02770,0.19580,0.02340,2560000,-1.00000,665758811320,0.00000
1085,542,0,2.95430,0.00000,0.00000,0.02180,0,-1.00000,665758840778,0.00000
1086,543,0,1.63500,2.08740,0.23070,0.02460,2560000,-1.00000,665758857507,0.00000
1087,543,0,2.89140,0.00000,0.00000,0.01700,0,-1.00000,665758886174,0.00000
1088,544,0,1.66030,2.01700,0.24450,0.04070,2560000,-1.00000,665758902458,0.00000
1089,544,0,3.12440,0.00000,0.00000,0.03770,0,-1.00000,665758932012,0.00000
1090,545,0,1.45480,2.04290,0.24340,0.03370,2560000,-1.00000,665758948398,0.00000
1091,545,0,2.87350,0.00000,0.00000,0.01810,0,-1.00000,665758977268,0.00000
1092,546,0,1.66950,1.98670,0.20240,0.02480,2560000,-1.00000,665758993917,0.00000
1093,546,0,2.74570,0.00000,0.00000,0.02240,0,-1.00000,665759025147,0.00000
1094,547,0,4.04860,1.98870,0.24090,0.02430,2560000,-1.00000,665759039664,0.00000
1095,547,0,2.69220,0.00000,0.00000,0.01760,0,-1.00000,665759068407,0.00000
1096,548,0,0.33430,2.08100,0.21130,0.01830,2560000,-1.00000,665759085096,0.00000
1097,548,0,2.73630,0.00000,0.00000,0.01630,0,-1.00000,665759112555,0.00000
1098,549,0,3.36820,2.05270,0.24210,0.03160,2560000,-1.00000,665759153043,0.00000
1099,549,0,2.89770,0.00000,0.00000,0.02190,0,-1.00000,665759179958,0.00000
1100,550,0,0.43050,2.01490,0.23750,0.02810,2560000,-1.00000,665759183297,0.00000
1101,550,0,2.94230,0.00000,0.00000,0.02120,0,-1.00000,665759210662,0.00000
1102,551,0,0.42630,2.06620,0.21720,0.03040,2560000,-1.00000,665759244349,0.00000
1103,551,0,2.95070,0.00000,0.00000,0.01820,0,-1.00000,665759273328,0.00000
1104,552,0,0.39940,2.09560,0.19810,0.02270,2560000,-1.00000,665759277622,0.00000
1105,552,0,2.84751,0.00000,0.00000,0.01500,0,-1.00000,665759307066,0.00000
1106,553,0,0.79560,2.16920,0.22270,0.02600,2560000,-1.00000,665759311313,0.00000
1107,553,0,2.96530,0.00000,0.00000,0.01760,0,-1.00000,665759340832,0.00000
1108,554,0,1.59410,2.08520,0.20910,0.02510,2560000,-1.00000,665759344813,0.00000
1109,554,0,2.83710,0.00000,0.00000,0.01770,0,-1.00000,665759373294,0.00000
1110,555,0,1.70700,1.91560,0.27400,0.02710,2560000,-1.00000,665759381241,0.00000
1111,555,0,2.80410,0.00000,0.00000,0.01960,0,-1.00000,665759410910,0.00000
1112,556,0,1.78590,1.98920,0.28050,0.02580,2560000,-1.00000,665759426836,0.00000
1113,556,0,2.89960,0.00000,0.00000,0.01800,0,-1.00000,665759455209,0.00000
1114,557,0,1.62770,1.92930,0.26630,0.01900,2560000,-1.00000,665759472276,0.00000
1115,557,0,2.71070,0.00000,0.00000,0.01610,0,-1.00000,665759500322,0.00000
1116,558,0,1.89650,2.09710,0.21740,0.02080,2560000,-1.00000,665759518176,0.00000
1117,558,0,2.81670,0.00000,0.00000,0.01910,0,-1.00000,665759547180,0.00000
1118,559,0,1.68420,2.00410,0.26770,0.03580,2560000,-1.00000,665759563448,0.00000
1119,559,0,3.31250,0.00000,0.00000,0.02290,0,-1.00000,665759590562,0.00000
1120,560,0,2.44920,2.13010,0.21730,0.03150,2560000,-1.00000,665759609521,0.00000
1121,560,0,2.96390,0.00000,0.00000,0.02000,0,-1.00000,665759637690,0.00000
1122,561,0,1.54130,2.04300,0.21220,0.04300,2560000,-1.00000,665759654528,0.00000
1123,561,0,3.09300,0.00000,0.00000,0.02560,0,-1.00000,665759687696,0.00000
1124,562,0,0.54920,2.30690,0.23210,0.05250,2560000,-1.00000,665759712154,0.00000
1125,562,0,3.37900,0.00000,0.00000,0.02960,0,-1.00000,665759741799,0.00000
1126,563,0,0.55460,2.23490,0.31670,0.06300,2560000,-1.00000,665759757208,0.00000
1127,563,0,3.47320,0.00000,0.00000,0.02860,0,-1.00000,665759788163,0.00000
1128,564,0,0.55940,2.33420,0.26800,0.05120,2560000,-1.00000,665759793631,0.00000
1129,564,0,3.43440,0.00000,0.00000,0.03030,0,-1.00000,665759827456,0.00000
1130,565,0,0.52760,2.25400,0.27330,0.03680,2560000,-1.00000,665759832967,0.00000
1131,565,0,3.20760,0.00000,0.00000,0.02840,0,-1.00000,665759867729,0.00000
1132,566,0,0.47260,2.20040,0.25850,0.04060,2560000,-1.00000,665759873293,0.00000
1133,566,0,3.23480,0.00000,0.00000,0.02540,0,-1.00000,665759907670,0.00000
1134,567,0,0.45959,2.35820,0.25720,0.03750,2560000,-1.00000,665759912908,0.00000
1135,567,0,3.35180,0.00000,0.00000,0.02930,0,-1.00000,665759945009,0.00000
1136,568,0,0.46190,2.25030,0.31470,0.02810,2560000,-1.00000,665759949714,0.00000
1137,568,0,3.14580,0.00000,0.00000,0.01990,0,-1.00000,665759982092,0.00000
1138,569,0,3.49460,2.26640,0.22230,0.04250,2560000,-1.00000,665759986664,0.00000
1139,569,0,3.21220,0.00000,0.00000,0.02780,0,-1.00000,665760020207,0.00000
1140,570,0,0.48260,2.32840,0.30650,0.04450,2560000,-1.00000,665760024791,0.00000
1141,570,0,3.38550,0.00000,0.00000,0.02210,0,-1.00000,665760056261,0.00000
1142,571,0,0.43070,2.35710,0.28320,0.02940,2560000,-1.00000,665760091216,0.00000
1143,571,0,3.21000,0.00000,0.00000,0.02170,0,-1.00000,665760123341,0.00000
1144,572,0,0.53681,2.26470,0.24360,0.04110,2560000,-1.00000,665760128141,0.00000
1145,572,0,3.18590,0.00000,0.00000,0.02750,0,-1.00000,665760162022,0.00000
1146,573,0,1.40780,2.44530,0.31270,0.03940,2560000,-1.00000,665760166308,0.00000
1147,573,0,3.45580,0.00000,0.00000,0.03550,0,-1.00000,665760198416,0.00000
1148,574,0,1.14310,2.26340,0.31550,0.02790,2560000,-1.00000,665760203783,0.00000
1149,574,0,3.23501,0.00000,0.00000,0.02300,0,-1.00000,665760235668,0.00000
1150,575,0,1.30010,2.24850,0.22250,0.04770,2560000,-1.00000,665760249722,0.00000
1151,575,0,3.22890,0.00000,0.00000,0.02410,0,-1.00000,665760284296,0.00000
1152,576,0,1.34410,2.43460,0.36700,0.04210,2560000,-1.00000,665760295700,0.00000
1153,576,0,3.57961,0.00000,0.00000,0.02780,0,-1.00000,665760328066,0.00000
1154,577,0,3.25620,2.35790,0.26770,0.03040,2560000,-1.00000,665760341071,0.00000
1155,577,0,3.23580,0.00000,0.00000,0.01950,0,-1.00000,665760373371,0.00000
1156,578,0,0.43549,2.33930,0.29290,0.02170,2560000,-1.00000,665760386785,0.00000
1157,578,0,3.14950,0.00000,0.00000,0.01810,0,-1.00000,665760422615,0.00000
1158,579,0,2.26720,2.32920,0.27300,0.02430,2560000,-1.00000,665760455144,0.00000
1159,579,0,3.16640,0.00000,0.00000,0.02240,0,-1.00000,665760487504,0.00000
1160,580,0,0.42080,2.92200,0.21750,0.02000,2560000,-1.00000,665760491854,0.00000
1161,580,0,3.64730,0.00000,0.00000,0.02170,0,-1.00000,665760523350,0.00000
1162,581,0,0.60020,2.41770,0.29560,0.03780,2560000,-1.00000,665760546022,0.00000
1163,581,0,3.49570,0.00000,0.00000,0.02490,0,-1.00000,665760577691,0.00000
1164,582,0,0.44410,2.29390,0.21500,0.02480,2560000,-1.00000,665760581886,0.00000
1165,582,0,3.00640,0.00000,0.00000,0.02150,0,-1.00000,665760618367,0.00000
1166,583,0,0.37210,2.28920,0.23390,0.02190,2560000,-1.00000,665760624385,0.00000
1167,583,0,3.04650,0.00000,0.00000,0.01830,0,-1.00000,665760659354,0.00000
1168,584,0,0.34070,2.34310,0.20870,0.02320,2560000,-1.00000,665760663760,0.00000
1169,584,0,3.04920,0.00000,0.00000,0.01810,0,-1.00000,665760693828,0.00000
1170,585,0,3.67350,2.26630,0.22690,0.02960,2560000,-1.00000,665760697544,0.00000
1171,585,0,3.05420,0.00000,0.00000,0.01930,0,-1.00000,665760728010,0.00000
1172,586,0,0.37650,2.36710,0.29790,0.01960,2560000,-1.00000,665760731414,0.00000
1173,586,0,3.10110,0.00000,0.00000,0.01660,0,-1.00000,665760761914,0.00000
1174,587,0,0.33550,2.45080,0.23810,0.02200,2560000,-1.00000,665760798649,0.00000
1175,587,0,3.17790,0.00000,0.00000,0.01720,0,-1.00000,665760829196,0.00000
1176,588,0,1.48430,2.92650,0.26940,0.02650,2560000,-1.00000,665760832952,0.00000
1177,588,0,3.77270,0.00000,0.00000,0.01920,0,-1.00000,665760863964,0.00000
1178,589,0,0.61120,2.34030,0.29250,0.02390,2560000,-1.00000,665760867316,0.00000
1179,589,0,3.17900,0.00000,0.00000,0.02020,0,-1.00000,665760899102,0.00000
1180,590,0,1.52890,2.31090,0.22050,0.03580,2560000,-1.00000,665760913942,0.00000
1181,590,0,3.17180,0.00000,0.00000,0.02010,0,-1.00000,665760951676,0.00000
1182,591,0,1.29940,2.38860,0.31170,0.02250,2560000,-1.00000,665760957780,0.00000
1183,591,0,3.24630,0.00000,0.00000,0.01840,0,-1.00000,665760989573,0.00000
1184,592,0,1.43610,2.33350,0.30330,0.02630,2560000,-1.00000,665761004865,0.00000
1185,592,0,3.17720,0.00000,0.00000,0.01950,0,-1.00000,665761036585,0.00000
1186,593,0,1.24240,2.34150,0.29830,0.02210,2560000,-1.00000,665761049574,0.00000
1187,593,0,3.23671,0.00000,0.00000,0.02220,0,-1.00000,665761082069,0.00000
1188,594,0,1.38729,2.34280,0.30600,0.02170,2560000,-1.00000,665761096395,0.00000
1189,594,0,3.13610,0.00000,0.00000,0.02050,0,-1.00000,665761128175,0.00000
1190,595,0,1.41350,2.37680,0.30800,0.02500,2560000,-1.00000,665761140596,0.00000
1191,595,0,3.21300,0.00000,0.00000,0.01940,0,-1.00000,665761172965,0.00000
1192,596,0,4.44270,2.47520,0.20470,0.03690,2560000,-1.00000,665761186832,0.00000
1193,596,0,3.35420,0.00000,0.00000,0.02870,0,-1.00000,665761218195,0.00000
1194,597,0,1.22750,2.42580,0.25190,0.02350,2560000,-1.00000,665761232324,0.00000
1195,597,0,3.32370,0.00000,0.00000,0.02300,0,-1.00000,665761264466,0.00000
1196,598,0,1.36370,2.26310,0.19500,0.03310,2560000,-1.00000,665761308886,0.00000
1197,598,0,3.15599,0.00000,0.00000,0.02070,0,-1.00000,665761342430,0.00000
1198,599,0,0.48530,2.24440,0.30340,0.01970,2560000,-1.00000,665761354706,0.00000
1199,599,0,3.12860,0.00000,0.00000,0.01770,0,-1.00000,665761387941,0.00000
1200,600,0,3.75220,2.19700,0.21550,0.02350,2560000,-1.00000,665761401577,0.00000
1201,600,0,3.10510,0.00000,0.00000,0.02110,0,-1.00000,665761433148,0.00000
1202,601,0,3.73710,2.33790,0.22250,0.02530,2560000,-1.00000,665761437988,0.00000
1203,601,0,3.18620,0.00000,0.00000,0.02080,0,-1.00000,665761469275,0.00000
1204,602,0,0.49020,2.27900,0.23900,0.02040,2560000,-1.00000,665761506792,0.00000
1205,602,0,3.10600,0.00000,0.00000,0.01790,0,-1.00000,665761537853,0.00000
1206,603,0,0.38830,2.26600,0.22150,0.03190,2560000,-1.00000,665761575215,0.00000
1207,603,0,3.15840,0.00000,0.00000,0.02360,0,-1.00000,665761607083,0.00000
1208,604,0,1.12980,2.22180,0.21870,0.02470,2560000,-1.00000,665761611977,0.00000
1209,604,0,3.02270,0.00000,0.00000,0.01900,0,-1.00000,665761643042,0.00000
1210,605,0,1.76060,2.27850,0.21750,0.02350,2560000,-1.00000,665761646919,0.00000
1211,605,0,3.09010,0.00000,0.00000,0.01970,0,-1.00000,665761678527,0.00000
1212,606,0,1.20950,2.27670,0.20360,0.02140,2560000,-1.00000,665761689805,0.00000
1213,606,0,3.02900,0.00000,0.00000,0.01660,0,-1.00000,665761720040,0.00000
1214,607,0,3.88940,2.23910,0.21470,0.02440,2560000,-1.00000,665761737647,0.00000
1215,607,0,3.01730,0.00000,0.00000,0.01880,0,-1.00000,665761768541,0.00000
1216,608,0,0.40930,2.31740,0.22690,0.02400,2560000,-1.00000,665761780633,0.00000
1217,608,0,3.07020,0.00000,0.00000,0.02020,0,-1.00000,665761810928,0.00000
1218,609,0,0.43870,2.26670,0.21230,0.02100,2560000,-1.00000,665761849820,0.00000
1219,609,0,3.04070,0.00000,0.00000,0.02010,0,-1.00000,665761879996,0.00000
1220,610,0,1.45371,2.26550,0.20260,0.03420,2560000,-1.00000,665761884081,0.00000
1221,610,0,3.17610,0.00000,0.00000,0.01980,0,-1.00000,665761914796,0.00000
1222,611,0,1.26900,2.22580,0.25810,0.02820,2560000,-1.00000,665761919170,0.00000
1223,611,0,3.22250,0.00000,0.00000,0.01810,0,-1.00000,665761949588,0.00000
1224,612,0,1.40730,2.29490,0.24280,0.02090,2560000,-1.00000,665761964123,0.00000
1225,612,0,4.54540,0.00000,0.00000,0.02350,0,-1.00000,665761995893,0.00000
1226,613,0,2.38220,2.14390,0.25440,0.02840,2560000,-1.00000,665762008569,0.00000
1227,613,0,3.09330,0.00000,0.00000,0.01740,0,-1.00000,665762040805,0.00000
1228,614,0,3.48210,2.36840,0.21230,0.03060,2560000,-1.00000,665762054863,0.00000
1229,614,0,3.27300,0.00000,0.00000,0.01840,0,-1.00000,665762100331,0.00000
1230,615,0,0.40900,2.45000,0.20090,0.01910,2560000,-1.00000,665762124145,0.00000
1231,615,0,3.13189,0.00000,0.00000,0.01660,0,-1.00000,665762155092,0.00000
1232,616,0,0.41271,2.12750,0.19880,0.02700,2560000,-1.00000,665762189905,0.00000
1233,616,0,2.94210,0.00000,0.00000,0.01760,0,-1.00000,665762222636,0.00000
1234,617,0,3.85740,2.19050,0.21890,0.04170,2560000,-1.00000,665762226715,0.00000
1235,617,0,3.14840,0.00000,0.00000,0.02480,0,-1.00000,665762258037,0.00000
1236,618,0,0.49920,2.35930,0.19700,0.02480,2560000,-1.00000,665762262167,0.00000
1237,618,0,3.17750,0.00000,0.00000,0.02220,0,-1.00000,665762291595,0.00000
1238,619,0,0.43520,2.23750,0.23320,0.10920,2560000,-1.00000,665762330163,0.00000
1239,619,0,3.43450,0.00000,0.00000,0.02310,0,-1.00000,665762361666,0.00000
1240,620,0,0.62690,2.26940,0.19060,0.02670,2560000,-1.00000,665762366631,0.00000
1241,620,0,3.12800,0.00000,0.00000,0.02190,0,-1.00000,665762398422,0.00000
1242,621,0,1.45689,2.20480,0.22810,0.03000,2560000,-1.00000,665762402761,0.00000
1243,621,0,3.05700,0.00000,0.00000,0.02330,0,-1.00000,665762437146,0.00000
1244,622,0,3.93550,2.27360,0.19890,0.02160,2560000,-1.00000,665762443388,0.00000
1245,622,0,3.02590,0.00000,0.00000,0.01910,0,-1.00000,665762474663,0.00000
1246,623,0,1.35200,2.24450,0.23260,0.02280,2560000,-1.00000,665762489230,0.00000
1247,623,0,3.15530,0.00000,0.00000,0.02980,0,-1.00000,665762519811,0.00000
1248,624,0,3.82390,2.25710,0.21400,0.03530,2560000,-1.00000,665762559149,0.00000
1249,624,0,3.12220,0.00000,0.00000,0.01820,0,-1.00000,665762589412,0.00000
1250,625,0,3.66390,2.27600,0.22380,0.03120,2560000,-1.00000,665762602924,0.00000
1251,625,0,3.17061,0.00000,0.00000,0.01650,0,-1.00000,665762634493,0.00000
1252,626,0,0.42620,2.34930,0.24030,0.02500,2560000,-1.00000,665762672730,0.00000
1253,626,0,3.26030,0.00000,0.00000,0.01980,0,-1.00000,665762703948,0.00000
1254,627,0,0.47210,2.23980,0.23840,0.04350,2560000,-1.00000,665762740587,0.00000
1255,627,0,3.30880,0.00000,0.00000,0.02090,0,-1.00000,665762772300,0.00000
1256,628,0,0.47340,2.27450,0.24930,0.03490,2560000,-1.00000,665762776548,0.00000
1257,628,0,3.18350,0.00000,0.00000,0.02380,0,-1.00000,665762809166,0.00000
1258,629,0,0.44450,2.37850,0.22320,0.02550,2560000,-1.00000,665762813869,0.00000
1259,629,0,3.12430,0.00000,0.00000,0.02020,0,-1.00000,665762846981,0.00000
1260,630,0,0.39530,2.28260,0.22900,0.02330,2560000,-1.00000,665762851732,0.00000
1261,630,0,3.27240,0.00000,0.00000,0.02140,0,-1.00000,665762883551,0.00000
1262,631,0,1.25300,2.20870,0.26670,0.02650,2560000,-1.00000,665762887970,0.00000
1263,631,0,3.22220,0.00000,0.00000,0.02120,0,-1.00000,665762919222,0.00000
1264,632,0,0.44740,2.36060,0.19640,0.02970,2560000,-1.00000,665762923170,0.00000
1265,632,0,3.21040,0.00000,0.00000,0.01970,0,-1.00000,665762955905,0.00000
1266,633,0,0.36430,2.22130,0.22120,0.02320,2560000,-1.00000,665762968427,0.00000
1267,633,0,2.95740,0.00000,0.00000,0.01790,0,-1.00000,665763000664,0.00000
1268,634,0,1.31130,2.37960,0.41500,0.03730,2560000,-1.00000,665763005125,0.00000
1269,634,0,3.47330,0.00000,0.00000,0.02190,0,-1.00000,665763037235,0.00000
1270,635,0,1.12810,2.29860,0.20760,0.02790,2560000,-1.00000,665763040865,0.00000
1271,635,0,3.06630,0.00000,0.00000,0.03950,0,-1.00000,665763070441,0.00000
1272,636,0,1.46170,2.22170,0.22570,0.02220,2560000,-1.00000,665763083553,0.00000
1273,636,0,2.94110,0.00000,0.00000,0.01740,0,-1.00000,665763118309,0.00000
1274,637,0,1.64430,2.33200,0.32660,0.01980,2560000,-1.00000,665763129574,0.00000
1275,637,0,3.18930,0.00000,0.00000,0.01660,0,-1.00000,665763160242,0.00000
1276,638,0,1.38430,2.24590,0.24160,0.04250,2560000,-1.00000,665763174851,0.00000
1277,638,0,3.01650,0.00000,0.00000,0.01750,0,-1.00000,665763204262,0.00000
1278,639,0,1.51460,2.28340,0.28310,0.03110,2560000,-1.00000,665763220707,0.00000
1279,639,0,3.17730,0.00000,0.00000,0.01910,0,-1.00000,665763252594,0.00000
1280,640,0,1.37840,2.24000,0.22180,0.01950,2560000,-1.00000,665763266442,0.00000
1281,640,0,2.92640,0.00000,0.00000,0.01570,0,-1.00000,665763296605,0.00000
1282,641,0,1.65610,2.22800,0.22260,0.02510,2560000,-1.00000,665763311754,0.00000
1283,641,0,3.02900,0.00000,0.00000,0.01950,0,-1.00000,665763343529,0.00000
1284,642,0,1.56980,2.25300,0.26080,0.02330,2560000,-1.00000,665763357307,0.00000
1285,642,0,2.98940,0.00000,0.00000,0.01640,0,-1.00000,665763386567,0.00000
1286,643,0,1.59770,2.21050,0.23190,0.01990,2560000,-1.00000,665763403131,0.00000
1287,643,0,2.94200,0.00000,0.00000,0.01930,0,-1.00000,665763433428,0.00000
1288,644,0,1.57100,2.22600,0.24890,0.02330,2560000,-1.00000,665763449122,0.00000
1289,644,0,3.02650,0.00000,0.00000,0.02130,0,-1.00000,665763479011,0.00000
1290,645,0,1.58019,2.30460,0.21200,0.03020,2560000,-1.00000,665763494988,0.00000
1291,645,0,3.10500,0.00000,0.00000,0.01880,0,-1.00000,665763524412,0.00000
1292,646,0,1.45260,2.35860,0.25080,0.02580,2560000,-1.00000,665763540129,0.00000
1293,646,0,3.20080,0.00000,0.00000,0.01990,0,-1.00000,665763570395,0.00000
1294,647,0,1.30620,2.15660,0.21400,0.03020,2560000,-1.00000,665763586194,0.00000
1295,647,0,3.01910,0.00000,0.00000,0.01630,0,-1.00000,665763617245,0.00000
1296,648,0,3.66820,2.29900,0.21300,0.02570,2560000,-1.00000,665763631764,0.00000
1297,648,0,3.19400,0.00000,0.00000,0.01900,0,-1.00000,665763663781,0.00000
1298,649,0,0.48410,2.09610,0.20090,0.01880,2560000,-1.00000,665763676838,0.00000
1299,649,0,2.87020,0.00000,0.00000,0.01780,0,-1.00000,665763707028,0.00000
1300,650,0,0.52360,2.23020,0.29180,0.02220,2560000,-1.00000,665763743710,0.00000
1301,650,0,3.13120,0.00000,0.00000,0.01760,0,-1.00000,665763775648,0.00000
1302,651,0,1.46050,2.21900,0.20540,0.02400,2560000,-1.00000,665763780488,0.00000
1303,651,0,2.94270,0.00000,0.00000,0.01760,0,-1.00000,665763809189,0.00000
1304,652,0,1.65040,2.11020,0.23790,0.02540,2560000,-1.00000,665763814426,0.00000
1305,652,0,2.95810,0.00000,0.00000,0.01870,0,-1.00000,665763845742,0.00000
1306,653,0,1.59640,2.12010,0.23950,0.02990,2560000,-1.00000,665763860347,0.00000
1307,653,0,3.03320,0.00000,0.00000,0.02250,0,-1.00000,665763889771,0.00000
1308,654,0,0.47720,2.25450,0.28100,0.02750,2560000,-1.00000,665763906273,0.00000
1309,654,0,3.25490,0.00000,0.00000,0.02310,0,-1.00000,665763935857,0.00000
1310,655,0,2.31560,2.23670,0.21730,0.02300,2560000,-1.00000,665763951819,0.00000
1311,655,0,3.05040,0.00000,0.00000,0.01930,0,-1.00000,665763982171,0.00000
1312,656,0,0.39060,2.17290,0.21400,0.02490,2560000,-1.00000,665763986925,0.00000
1313,656,0,2.98180,0.00000,0.00000,0.01990,0,-1.00000,665764019538,0.00000
1314,657,0,0.40530,2.23720,0.20910,0.02160,2560000,-1.00000,665764042630,0.00000
1315,657,0,3.11080,0.00000,0.00000,0.02250,0,-1.00000,665764073136,0.00000
1316,658,0,1.51370,2.22310,0.22560,0.02510,2560000,-1.00000,665764077032,0.00000
1317,658,0,2.98660,0.00000,0.00000,0.01770,0,-1.00000,665764106865,0.00000
1318,659,0,1.71660,2.06060,0.22010,0.02360,2560000,-1.00000,665764110911,0.00000
1319,659,0,2.85140,0.00000,0.00000,0.01840,0,-1.00000,665764142028,0.00000
1320,660,0,1.56550,2.06860,0.24500,0.02310,2560000,-1.00000,665764157156,0.00000
1321,660,0,2.85040,0.00000,0.00000,0.01660,0,-1.00000,665764187021,0.00000
1322,661,0,3.97939,2.36220,0.24570,0.03900,2560000,-1.00000,665764204185,0.00000
1323,661,0,3.34540,0.00000,0.00000,0.02060,0,-1.00000,665764232702,0.00000
1324,662,0,0.43380,2.09760,0.21650,0.02160,2560000,-1.00000,665764248353,0.00000
1325,662,0,2.87370,0.00000,0.00000,0.02230,0,-1.00000,665764276862,0.00000
1326,663,0,0.54360,2.21870,0.22920,0.02090,2560000,-1.00000,665764316650,0.00000
1327,663,0,2.96880,0.00000,0.00000,0.01830,0,-1.00000,665764350139,0.00000
1328,664,0,3.56300,2.26020,0.20670,0.02330,2560000,-1.00000,665764354449,0.00000
1329,664,0,2.99290,0.00000,0.00000,0.01840,0,-1.00000,665764383192,0.00000
1330,665,0,2.49550,2.31980,0.22200,0.02410,2560000,-1.00000,665764388616,0.00000
1331,665,0,3.14130,0.00000,0.00000,0.01840,0,-1.00000,665764418303,0.00000
1332,666,0,1.45130,2.15560,0.21210,0.02080,2560000,-1.00000,665764453939,0.00000
1333,666,0,2.97170,0.00000,0.00000,0.01740,0,-1.00000,665764483863,0.00000
1334,667,0,0.58070,2.27660,0.29390,0.02930,2560000,-1.00000,665764508821,0.00000
1335,667,0,3.15720,0.00000,0.00000,0.02020,0,-1.00000,665764540293,0.00000
1336,668,0,3.69320,2.24030,0.28020,0.03680,2560000,-1.00000,665764554746,0.00000
1337,668,0,3.26960,0.00000,0.00000,0.02050,0,-1.00000,665764584465,0.00000
1338,669,0,1.34320,2.17640,0.21980,0.02000,2560000,-1.00000,665764590268,0.00000
1339,669,0,2.94410,0.00000,0.00000,0.01790,0,-1.00000,665764621846,0.00000
1340,670,0,1.59700,2.22830,0.20080,0.02270,2560000,-1.00000,665764658794,0.00000
1341,670,0,3.00911,0.00000,0.00000,0.01680,0,-1.00000,665764691485,0.00000
1342,671,0,1.44760,2.25720,0.23960,0.02870,2560000,-1.00000,665764704908,0.00000
1343,671,0,3.29110,0.00000,0.00000,0.01910,0,-1.00000,665764734345,0.00000
1344,672,0,1.40460,2.20850,0.23400,0.02230,2560000,-1.00000,665764750313,0.00000
1345,672,0,3.04860,0.00000,0.00000,0.02130,0,-1.00000,665764780404,0.00000
1346,673,0,1.36139,2.23070,0.20890,0.02200,2560000,-1.00000,665764794887,0.00000
1347,673,0,3.05741,0.00000,0.00000,0.01700,0,-1.00000,665764827798,0.00000
1348,674,0,2.41830,2.39820,0.24210,0.02630,2560000,-1.00000,665764841835,0.00000
1349,674,0,3.24060,0.00000,0.00000,0.01690,0,-1.00000,665764872332,0.00000
1350,675,0,0.36610,2.22330,0.29210,0.03190,2560000,-1.00000,665764885937,0.00000
1351,675,0,3.25509,0.00000,0.00000,0.02050,0,-1.00000,665764916517,0.00000
1352,676,0,1.52220,2.13930,0.21970,0.02820,2560000,-1.00000,665764940694,0.00000
1353,676,0,3.02930,0.00000,0.00000,0.02240,0,-1.00000,665764973102,0.00000
1354,677,0,1.39710,2.15040,0.20670,0.02360,2560000,-1.00000,665764976757,0.00000
1355,677,0,2.90689,0.00000,0.00000,0.01720,0,-1.00000,665765009327,0.00000
1356,678,0,1.55660,2.18290,0.22550,0.03510,2560000,-1.00000,665765024538,0.00000
1357,678,0,2.98600,0.00000,0.00000,0.02290,0,-1.00000,665765054966,0.00000
1358,679,0,1.59080,2.22190,0.22060,0.02450,2560000,-1.00000,665765068801,0.00000
1359,679,0,3.05390,0.00000,0.00000,0.02160,0,-1.00000,665765097870,0.00000
1360,680,0,1.53940,2.20240,0.21450,0.02110,2560000,-1.00000,665765113442,0.00000
1361,680,0,3.03340,0.00000,0.00000,0.01960,0,-1.00000,665765143308,0.00000
1362,681,0,1.46010,2.23100,0.26930,0.03270,2560000,-1.00000,665765159200,0.00000
1363,681,0,3.15960,0.00000,0.00000,0.02330,0,-1.00000,665765189750,0.00000
1364,682,0,3.71820,2.24830,0.20780,0.06420,2560000,-1.00000,665765205189,0.00000
1365,682,0,3.32740,0.00000,0.00000,0.03070,0,-1.00000,665765235477,0.00000
1366,683,0,1.22440,2.23740,0.21090,0.03150,2560000,-1.00000,665765250072,0.00000
1367,683,0,3.08950,0.00000,0.00000,0.01910,0,-1.00000,665765281682,0.00000
1368,684,0,1.40291,2.16770,0.27570,0.03060,2560000,-1.00000,665765318906,0.00000
1369,684,0,3.08940,0.00000,0.00000,0.02080,0,-1.00000,665765352181,0.00000
1370,685,0,0.41320,2.26400,0.22190,0.03650,2560000,-1.00000,665765364375,0.00000
1371,685,0,3.28070,0.00000,0.00000,0.02250,0,-1.00000,665765395268,0.00000
1372,686,0,0.40660,2.94000,0.23410,0.05020,2560000,-1.00000,665765409292,0.00000
1373,686,0,4.03930,0.00000,0.00000,0.09880,0,-1.00000,665765440207,0.00000
1374,687,0,0.57450,2.18200,0.21600,0.02440,2560000,-1.00000,665765444315,0.00000
1375,687,0,2.97300,0.00000,0.00000,0.01740,0,-1.00000,665765477150,0.00000
1376,688,0,1.21310,2.34190,0.26640,0.03460,2560000,-1.00000,665765481191,0.00000
1377,688,0,3.24620,0.00000,0.00000,0.01950,0,-1.00000,665765521624,0.00000
1378,689,0,1.26510,2.34520,0.22000,0.02270,2560000,-1.00000,665765527321,0.00000
1379,689,0,3.18080,0.00000,0.00000,0.02210,0,-1.00000,665765557056,0.00000
1380,690,0,1.49931,2.23730,0.22000,0.03900,2560000,-1.00000,665765569185,0.00000
1381,690,0,3.31180,0.00000,0.00000,0.03300,0,-1.00000,665765601668,0.00000
1382,691,0,1.07510,2.22610,0.21630,0.02550,2560000,-1.00000,665765614346,0.00000
1383,691,0,3.04460,0.00000,0.00000,0.01920,0,-1.00000,665765646111,0.00000
1384,692,0,1.36050,2.34140,0.20640,0.03010,2560000,-1.00000,665765661101,0.00000
1385,692,0,3.11480,0.00000,0.00000,0.01880,0,-1.00000,665765694278,0.00000
1386,693,0,1.60540,2.20570,0.21680,0.01900,2560000,-1.00000,665765704977,0.00000
1387,693,0,3.02150,0.00000,0.00000,0.02120,0,-1.00000,665765735426,0.00000
1388,694,0,1.56621,2.28250,0.23030,0.02480,2560000,-1.00000,665765749023,0.00000
1389,694,0,3.13559,0.00000,0.00000,0.01670,0,-1.00000,665765780179,0.00000
1390,695,0,1.25561,2.23860,0.23860,0.02980,2560000,-1.00000,665765796227,0.00000
1391,695,0,3.11139,0.00000,0.00000,0.02440,0,-1.00000,665765826438,0.00000
1392,696,0,0.47540,2.30430,0.22730,0.02160,2560000,-1.00000,665765842177,0.00000
1393,696,0,3.12150,0.00000,0.00000,0.01680,0,-1.00000,665765873457,0.00000
1394,697,0,0.38060,2.19210,0.28900,0.03710,2560000,-1.00000,665765886014,0.00000
1395,697,0,3.25880,0.00000,0.00000,0.02240,0,-1.00000,665765917142,0.00000
1396,698,0,2.17660,2.41750,0.21380,0.02330,2560000,-1.00000,665765921879,0.00000
1397,698,0,3.19560,0.00000,0.00000,0.02150,0,-1.00000,665765953095,0.00000
1398,699,0,0.46350,2.20870,0.24290,0.02440,2560000,-1.00000,665765956902,0.00000
1399,699,0,3.01370,0.00000,0.00000,0.01830,0,-1.00000,665765989507,0.00000
1400,700,0,0.47180,2.22780,0.26580,0.03110,2560000,-1.00000,665766011308,0.00000
1401,700,0,3.11100,0.00000,0.00000,0.01720,0,-1.00000,665766043223,0.00000
1402,701,0,0.37210,2.27670,0.23870,0.02450,2560000,-1.00000,665766047842,0.00000
1403,701,0,3.09980,0.00000,0.00000,0.01930,0,-1.00000,665766077986,0.00000
1404,702,0,1.13250,2.31920,0.22480,0.02220,2560000,-1.00000,665766082700,0.00000
1405,702,0,3.08720,0.00000,0.00000,0.01730,0,-1.00000,665766113814,0.00000
1406,703,0,1.43900,2.29490,0.20760,0.02320,2560000,-1.00000,665766117530,0.00000
1407,703,0,3.05760,0.00000,0.00000,0.01730,0,-1.00000,665766148534,0.00000
1408,704,0,1.50780,2.19540,0.30140,0.02160,2560000,-1.00000,665766159853,0.00000
1409,704,0,3.05990,0.00000,0.00000,0.01620,0,-1.00000,665766190770,0.00000
1410,705,0,1.55160,2.10230,0.24820,0.02920,2560000,-1.00000,665766205116,0.00000
1411,705,0,3.01190,0.00000,0.00000,0.01970,0,-1.00000,665766235693,0.00000
1412,706,0,1.45050,2.29450,0.25230,0.03140,2560000,-1.00000,665766250769,0.00000
1413,706,0,3.33820,0.00000,0.00000,0.02030,0,-1.00000,665766281373,0.00000
1414,707,0,1.26130,2.16250,0.21640,0.02310,2560000,-1.00000,665766296883,0.00000
1415,707,0,2.96630,0.00000,0.00000,0.01730,0,-1.00000,665766327024,0.00000
1416,708,0,1.46420,2.20750,0.20370,0.02170,2560000,-1.00000,665766341525,0.00000
1417,708,0,2.96000,0.00000,0.00000,0.01820,0,-1.00000,665766374903,0.00000
1418,709,0,1.75710,2.14740,0.24750,0.02600,2560000,-1.00000,665766387507,0.00000
1419,709,0,2.99671,0.00000,0.00000,0.01860,0,-1.00000,665766417176,0.00000
1420,710,0,1.43410,2.12270,0.20210,0.02660,2560000,-1.00000,665766431813,0.00000
1421,710,0,2.89190,0.00000,0.00000,0.02340,0,-1.00000,665766461478,0.00000
1422,711,0,1.70560,2.09730,0.23590,0.02220,2560000,-1.00000,665766478982,0.00000
1423,711,0,2.92800,0.00000,0.00000,0.02030,0,-1.00000,665766508956,0.00000
1424,712,0,1.54800,2.21680,0.26870,0.03120,2560000,-1.00000,665766523296,0.00000
1425,712,0,3.11450,0.00000,0.00000,0.01850,0,-1.00000,665766552221,0.00000
1426,713,0,1.37040,2.31270,0.21750,0.02880,2560000,-1.00000,665766569266,0.00000
1427,713,0,3.16960,0.00000,0.00000,0.02320,0,-1.00000,665766598550,0.00000
1428,714,0,1.26910,2.13190,0.31020,0.02340,2560000,-1.00000,665766614023,0.00000
1429,714,0,2.98890,0.00000,0.00000,0.01860,0,-1.00000,665766645190,0.00000
1430,715,0,0.40990,2.19580,0.23290,0.02300,2560000,-1.00000,665766658873,0.00000
1431,715,0,2.97120,0.00000,0.00000,0.01660,0,-1.00000,665766690578,0.00000
1432,716,0,0.57950,2.16830,0.23460,0.02290,2560000,-1.00000,665766703265,0.00000
1433,716,0,2.96850,0.00000,0.00000,0.01860,0,-1.00000,665766733154,0.00000
1434,717,0,1.59439,2.34560,0.22520,0.02550,2560000,-1.00000,665766737248,0.00000
1435,717,0,3.20371,0.00000,0.00000,0.01650,0,-1.00000,665766767007,0.00000
1436,718,0,1.80040,2.19340,0.30270,0.02210,2560000,-1.00000,665766772767,0.00000
1437,718,0,3.15760,0.00000,0.00000,0.02110,0,-1.00000,665766802480,0.00000
1438,719,0,1.70620,2.19170,0.30170,0.02180,2560000,-1.00000,665766818387,0.00000
1439,719,0,3.08870,0.00000,0.00000,0.02100,0,-1.00000,665766850423,0.00000
1440,720,0,0.61690,2.27190,0.21580,0.02160,2560000,-1.00000,665766868534,0.00000
1441,720,0,3.16840,0.00000,0.00000,0.02200,0,-1.00000,665766900007,0.00000
1442,721,0,1.39020,2.24300,0.20810,0.04040,2560000,-1.00000,665766917194,0.00000
1443,721,0,3.24340,0.00000,0.00000,0.02430,0,-1.00000,665766947961,0.00000
1444,722,0,1.26940,2.15820,0.20660,0.02440,2560000,-1.00000,665766954121,0.00000
1445,722,0,2.98009,0.00000,0.00000,0.01850,0,-1.00000,665766985817,0.00000
1446,723,0,1.56400,2.21670,0.23530,0.02920,2560000,-1.00000,665766999715,0.00000
1447,723,0,3.19890,0.00000,0.00000,0.02170,0,-1.00000,665767032165,0.00000
1448,724,0,1.30800,2.30200,0.24590,0.04210,2560000,-1.00000,665767044835,0.00000
1449,724,0,3.35960,0.00000,0.00000,0.03800,0,-1.00000,665767074639,0.00000
1450,725,0,1.18690,2.15360,0.23920,0.03520,2560000,-1.00000,665767090278,0.00000
1451,725,0,3.09890,0.00000,0.00000,0.02580,0,-1.00000,665767122450,0.00000
1452,726,0,1.45580,2.14710,0.19700,0.02680,2560000,-1.00000,665767135345,0.00000
1453,726,0,2.97360,0.00000,0.00000,0.02220,0,-1.00000,665767168964,0.00000
1454,727,0,1.55959,2.30580,0.28300,0.03440,2560000,-1.00000,665767180814,0.00000
1455,727,0,3.34380,0.00000,0.00000,0.02700,0,-1.00000,665767211818,0.00000
1456,728,0,1.19650,2.21200,0.21610,0.03290,2560000,-1.00000,665767226356,0.00000
1457,728,0,3.20150,0.00000,0.00000,0.01870,0,-1.00000,665767256096,0.00000
1458,729,0,1.33030,2.24580,0.23610,0.02400,2560000,-1.00000,665767271687,0.00000
1459,729,0,3.12060,0.00000,0.00000,0.02160,0,-1.00000,665767305181,0.00000
1460,730,0,1.42600,2.15640,0.20080,0.02520,2560000,-1.00000,665767317228,0.00000
1461,730,0,2.94380,0.00000,0.00000,0.04930,0,-1.00000,665767349111,0.00000
1462,731,0,1.61361,2.19480,0.21250,0.02340,2560000,-1.00000,665767362410,0.00000
1463,731,0,3.03070,0.00000,0.00000,0.02180,0,-1.00000,665767393615,0.00000
1464,732,0,1.53280,2.11520,0.24080,0.02330,2560000,-1.00000,665767407872,0.00000
1465,732,0,2.93030,0.00000,0.00000,0.02230,0,-1.00000,665767437321,0.00000
1466,733,0,1.61700,2.18530,0.23890,0.02230,2560000,-1.00000,665767453447,0.00000
1467,733,0,3.06920,0.00000,0.00000,0.01790,0,-1.00000,665767483766,0.00000
1468,734,0,1.40390,2.16540,0.20440,0.02460,2560000,-1.00000,665767499086,0.00000
1469,734,0,3.00349,0.00000,0.00000,0.02040,0,-1.00000,665767528386,0.00000
1470,735,0,2.33290,2.15130,0.31860,0.03560,2560000,-1.00000,665767544559,0.00000
1471,735,0,3.16000,0.00000,0.00000,0.02220,0,-1.00000,665767575248,0.00000
1472,736,0,1.64370,2.33700,0.24220,0.05070,2560000,-1.00000,665767589283,0.00000
1473,736,0,3.21860,0.00000,0.00000,0.02050,0,-1.00000,665767619327,0.00000
1474,737,0,1.10960,2.32960,0.22090,0.02460,2560000,-1.00000,665767642650,0.00000
1475,737,0,3.15370,0.00000,0.00000,0.01780,0,-1.00000,665767674268,0.00000
1476,738,0,0.55330,2.20330,0.20450,0.02420,2560000,-1.00000,665767690689,0.00000
1477,738,0,3.02800,0.00000,0.00000,0.01830,0,-1.00000,665767722879,0.00000
1478,739,0,3.87890,2.18620,0.22960,0.02730,2560000,-1.00000,665767733967,0.00000
1479,739,0,2.99629,0.00000,0.00000,0.02140,0,-1.00000,665767765511,0.00000
1480,740,0,0.46210,2.18900,0.26730,0.02760,2560000,-1.00000,665767771039,0.00000
1481,740,0,3.06540,0.00000,0.00000,0.02110,0,-1.00000,665767801324,0.00000
1482,741,0,0.39750,2.17800,0.23440,0.02620,2560000,-1.00000,665767840111,0.00000
1483,741,0,2.99520,0.00000,0.00000,0.02180,0,-1.00000,665767870073,0.00000
1484,742,0,1.42310,2.14470,0.24260,0.03430,2560000,-1.00000,665767874694,0.00000
1485,742,0,3.09350,0.00000,0.00000,0.02500,0,-1.00000,665767905357,0.00000
1486,743,0,1.38670,2.10870,0.22450,0.02540,2560000,-1.00000,665767909319,0.00000
1487,743,0,2.89810,0.00000,0.00000,0.01730,0,-1.00000,665767939284,0.00000
1488,744,0,1.69730,2.13840,0.21270,0.02280,2560000,-1.00000,665767953503,0.00000
1489,744,0,2.93610,0.00000,0.00000,0.02030,0,-1.00000,665767984461,0.00000
1490,745,0,1.57550,2.10020,0.25820,0.02280,2560000,-1.00000,665767998314,0.00000
1491,745,0,2.93289,0.00000,0.00000,0.01740,0,-1.00000,665768027291,0.00000
1492,746,0,1.60880,2.11780,0.24400,0.02370,2560000,-1.00000,665768044270,0.00000
1493,746,0,2.87611,0.00000,0.00000,0.01640,0,-1.00000,665768073627,0.00000
1494,747,0,1.70619,2.16740,0.21980,0.02390,2560000,-1.00000,665768089376,0.00000
1495,747,0,2.94410,0.00000,0.00000,0.01670,0,-1.00000,665768118707,0.00000
1496,748,0,1.57710,2.18950,0.23750,0.02750,2560000,-1.00000,665768134790,0.00000
1497,748,0,2.97890,0.00000,0.00000,0.01850,0,-1.00000,665768163556,0.00000
1498,749,0,1.60320,2.17190,0.22190,0.02090,2560000,-1.00000,665768180616,0.00000
1499,749,0,2.96370,0.00000,0.00000,0.01780,0,-1.00000,665768210059,0.00000
1500,750,0,1.54680,2.13160,0.26470,0.03680,2560000,-1.00000,665768225829,0.00000
1501,750,0,3.09400,0.00000,0.00000,0.02160,0,-1.00000,665768255633,0.00000
1502,751,0,1.52630,2.17040,0.26110,0.02770,2560000,-1.00000,665768271649,0.00000
1503,751,0,3.02299,0.00000,0.00000,0.02260,0,-1.00000,665768301292,0.00000
1504,752,0,2.29401,2.17670,0.21790,0.02210,2560000,-1.00000,665768316753,0.00000
1505,752,0,3.01130,0.00000,0.00000,0.02010,0,-1.00000,665768347729,0.00000
1506,753,0,0.77720,2.12870,0.21290,0.02350,2560000,-1.00000,665768362967,0.00000
1507,753,0,2.87940,0.00000,0.00000,0.01770,0,-1.00000,665768393192,0.00000
1508,754,0,3.88070,2.12670,0.22440,0.03320,2560000,-1.00000,665768416126,0.00000
1509,754,0,2.94580,0.00000,0.00000,0.01930,0,-1.00000,665768446248,0.00000
1510,755,0,1.56340,2.20940,0.22020,0.02200,2560000,-1.00000,665768454018,0.00000
1511,755,0,3.03470,0.00000,0.00000,0.01580,0,-1.00000,665768482807,0.00000
1512,756,0,3.77630,2.10610,0.20500,0.03380,2560000,-1.00000,665768521614,0.00000
1513,756,0,2.99060,0.00000,0.00000,0.01910,0,-1.00000,665768551085,0.00000
1514,757,0,1.63680,2.37790,0.23380,0.03000,2560000,-1.00000,665768566706,0.00000
1515,757,0,3.19131,0.00000,0.00000,0.01820,0,-1.00000,665768597107,0.00000
1516,758,0,1.30430,2.12970,0.20530,0.02690,2560000,-1.00000,665768634822,0.00000
1517,758,0,2.97680,0.00000,0.00000,0.02170,0,-1.00000,665768664734,0.00000
1518,759,0,1.59120,2.11480,0.25040,0.02100,2560000,-1.00000,665768681095,0.00000
1519,759,0,2.90170,0.00000,0.00000,0.01830,0,-1.00000,665768713011,0.00000
1520,760,0,3.96780,2.16150,0.23930,0.02750,2560000,-1.00000,665768726049,0.00000
1521,760,0,3.04889,0.00000,0.00000,0.02230,0,-1.00000,665768755832,0.00000
1522,761,0,1.43050,2.07740,0.22080,0.02350,2560000,-1.00000,665768771731,0.00000
1523,761,0,2.83450,0.00000,0.00000,0.01900,0,-1.00000,665768800746,0.00000
1524,762,0,1.76800,2.13190,0.23200,0.02390,2560000,-1.00000,665768840424,0.00000
1525,762,0,2.89010,0.00000,0.00000,0.01920,0,-1.00000,665768870924,0.00000
1526,763,0,1.52800,2.10170,0.44080,0.03190,2560000,-1.00000,665768885219,0.00000
1527,763,0,3.23109,0.00000,0.00000,0.01750,0,-1.00000,665768913566,0.00000
1528,764,0,1.43300,2.09980,0.18810,0.02990,2560000,-1.00000,665768931239,0.00000
1529,764,0,2.97320,0.00000,0.00000,0.02040,0,-1.00000,665768960143,0.00000
1530,765,0,1.43000,2.08350,0.21510,0.02130,2560000,-1.00000,665768975417,0.00000
1531,765,0,2.93910,0.00000,0.00000,0.02000,0,-1.00000,665769007815,0.00000
1532,766,0,1.58650,2.11970,0.24130,0.02700,2560000,-1.00000,665769022135,0.00000
1533,766,0,2.92360,0.00000,0.00000,0.02030,0,-1.00000,665769051803,0.00000
1534,767,0,1.60490,2.08590,0.20530,0.02330,2560000,-1.00000,665769066093,0.00000
1535,767,0,3.05350,0.00000,0.00000,0.02030,0,-1.00000,665769095487,0.00000
1536,768,0,1.48910,2.16910,0.23320,0.01980,2560000,-1.00000,665769111353,0.00000
1537,768,0,3.02280,0.00000,0.00000,0.01520,0,-1.00000,665769140714,0.00000
1538,769,0,1.54040,1.95280,0.23340,0.02400,2560000,-1.00000,665769156636,0.00000
1539,769,0,3.27680,0.00000,0.00000,0.01600,0,-1.00000,665769187181,0.00000
1540,770,0,4.35860,2.02420,0.21180,0.03760,2560000,-1.00000,665769202059,0.00000
1541,770,0,2.97990,0.00000,0.00000,0.02410,0,-1.00000,665769232288,0.00000
1542,771,0,0.71730,1.98690,0.23970,0.02170,2560000,-1.00000,665769247696,0.00000
1543,771,0,2.74350,0.00000,0.00000,0.01710,0,-1.00000,665769280464,0.00000
1544,772,0,1.83350,2.17220,0.20010,0.02390,2560000,-1.00000,665769324067,0.00000
1545,772,0,2.94670,0.00000,0.00000,0.03070,0,-1.00000,665769353859,0.00000
1546,773,0,3.84590,1.99540,0.23010,0.02500,2560000,-1.00000,665769361018,0.00000
1547,773,0,2.84870,0.00000,0.00000,0.01790,0,-1.00000,665769388453,0.00000
1548,774,0,0.40950,1.95860,0.23160,0.01990,2560000,-1.00000,665769406790,0.00000
1549,774,0,2.72280,0.00000,0.00000,0.02100,0,-1.00000,665769436264,0.00000
1550,775,0,0.72660,2.14160,0.23800,0.02280,2560000,-1.00000,665769474717,0.00000
1551,775,0,2.95560,0.00000,0.00000,0.01740,0,-1.00000,665769503204,0.00000
1552,776,0,3.96890,1.98100,0.24930,0.02910,2560000,-1.00000,665769507295,0.00000
1553,776,0,2.93771,0.00000,0.00000,0.01950,0,-1.00000,665769534531,0.00000
1554,777,0,1.62270,2.05460,0.26030,0.03400,2560000,-1.00000,665769541799,0.00000
1555,777,0,3.06910,0.00000,0.00000,0.02080,0,-1.00000,665769571351,0.00000
1556,778,0,1.34221,2.08230,0.22390,0.02690,2560000,-1.00000,665769611040,0.00000
1557,778,0,2.91820,0.00000,0.00000,0.01550,0,-1.00000,665769640423,0.00000
1558,779,0,1.78780,2.09130,0.21490,0.02530,2560000,-1.00000,665769656642,0.00000
1559,779,0,2.93030,0.00000,0.00000,0.01630,0,-1.00000,665769687351,0.00000
1560,780,0,1.43020,1.97870,0.21960,0.02750,2560000,-1.00000,665769700760,0.00000
1561,780,0,2.79390,0.00000,0.00000,0.02060,0,-1.00000,665769729937,0.00000
1562,781,0,1.70741,2.17830,0.24210,0.02400,2560000,-1.00000,665769747813,0.00000
1563,781,0,3.00210,0.00000,0.00000,0.02140,0,-1.00000,665769777120,0.00000
1564,782,0,1.57070,1.95930,0.21780,0.02400,2560000,-1.00000,665769791417,0.00000
1565,782,0,2.73060,0.00000,0.00000,0.01770,0,-1.00000,665769819362,0.00000
1566,783,0,1.77570,2.11310,0.20280,0.02410,2560000,-1.00000,665769836432,0.00000
1567,783,0,4.52910,0.00000,0.00000,0.03040,0,-1.00000,665769866463,0.00000
1568,784,0,0.43740,2.27480,0.19710,0.02680,2560000,-1.00000,665769882157,0.00000
1569,784,0,3.08470,0.00000,0.00000,0.01580,0,-1.00000,665769909469,0.00000
1570,785,0,0.40890,2.08750,0.24510,0.02020,2560000,-1.00000,665769927225,0.00000
1571,785,0,2.91350,0.00000,0.00000,0.02100,0,-1.00000,665769972531,0.00000
1572,786,0,1.07230,2.16470,0.31070,0.02570,2560000,-1.00000,665769976881,0.00000
1573,786,0,3.16610,0.00000,0.00000,0.01820,0,-1.00000,665770007739,0.00000
1574,787,0,0.38099,2.07390,0.22660,0.02330,2560000,-1.00000,665770011821,0.00000
1575,787,0,2.96680,0.00000,0.00000,0.01920,0,-1.00000,665770040964,0.00000
1576,788,0,0.40870,1.99440,0.24830,0.02510,2560000,-1.00000,665770051678,0.00000
1577,788,0,2.83120,0.00000,0.00000,0.01760,0,-1.00000,665770083348,0.00000
1578,789,0,0.59840,2.04560,0.23780,0.02020,2560000,-1.00000,665770087154,0.00000
1579,789,0,2.81790,0.00000,0.00000,0.02160,0,-1.00000,665770116823,0.00000
1580,790,0,1.75920,2.03670,0.25210,0.02270,2560000,-1.00000,665770120908,0.00000
1581,790,0,2.85281,0.00000,0.00000,0.01610,0,-1.00000,665770149225,0.00000
1582,791,0,1.62399,2.11140,0.20460,0.02410,2560000,-1.00000,665770155200,0.00000
1583,791,0,2.85130,0.00000,0.00000,0.01700,0,-1.00000,665770183390,0.00000
1584,792,0,0.38230,2.19570,0.26020,0.02420,2560000,-1.00000,665770200972,0.00000
1585,792,0,2.97910,0.00000,0.00000,0.02150,0,-1.00000,665770229503,0.00000
1586,793,0,0.63440,2.04710,0.26800,0.03320,2560000,-1.00000,665770245743,0.00000
1587,793,0,3.04800,0.00000,0.00000,0.02100,0,-1.00000,665770274258,0.00000
1588,794,0,1.51000,2.08070,0.26300,0.02480,2560000,-1.00000,665770278074,0.00000
1589,794,0,3.04580,0.00000,0.00000,0.01870,0,-1.00000,665770307873,0.00000
1590,795,0,1.53980,2.12030,0.23380,0.02180,2560000,-1.00000,665770314212,0.00000
1591,795,0,2.87710,0.00000,0.00000,0.01750,0,-1.00000,665770344710,0.00000
1592,796,0,1.63200,2.15970,0.24390,0.02370,2560000,-1.00000,665770359796,0.00000
1593,796,0,2.96590,0.00000,0.00000,0.02360,0,-1.00000,665770390254,0.00000
1594,797,0,1.61350,2.02000,0.21980,0.02270,2560000,-1.00000,665770405650,0.00000
1595,797,0,2.83860,0.00000,0.00000,0.02010,0,-1.00000,665770434426,0.00000
1596,798,0,1.66451,2.07380,0.26260,0.02500,2560000,-1.00000,665770450742,0.00000
1597,798,0,2.87790,0.00000,0.00000,0.02050,0,-1.00000,665770480408,0.00000
1598,799,0,1.74030,2.10990,0.23850,0.01980,2560000,-1.00000,665770496531,0.00000
1599,799,0,2.86060,0.00000,0.00000,0.01920,0,-1.00000,665770524927,0.00000
1600,800,0,3.89900,2.14550,0.22210,0.03360,2560000,-1.00000,665770541563,0.00000
1601,800,0,3.05460,0.00000,0.00000,0.02000,0,-1.00000,665770570357,0.00000
1602,801,0,1.41080,2.07420,0.23050,0.02570,2560000,-1.00000,665770587750,0.00000
1603,801,0,3.00400,0.00000,0.00000,0.01540,0,-1.00000,665770616355,0.00000
1604,802,0,0.40950,2.08960,0.22850,0.02230,2560000,-1.00000,665770655357,0.00000
1605,802,0,2.87520,0.00000,0.00000,0.01760,0,-1.00000,665770685896,0.00000
1606,803,0,2.94350,1.93440,0.20680,0.02120,2560000,-1.00000,665770700003,0.00000
1607,803,0,2.60940,0.00000,0.00000,0.02190,0,-1.00000,665770730039,0.00000
1608,804,0,0.45150,2.18550,0.28110,0.02200,2560000,-1.00000,665770734129,0.00000
1609,804,0,2.98820,0.00000,0.00000,0.02000,0,-1.00000,665770762888,0.00000
1610,805,0,3.08970,2.00490,0.21450,0.02410,2560000,-1.00000,665770792315,0.00000
1611,805,0,2.74359,0.00000,0.00000,0.02160,0,-1.00000,665770818422,0.00000
1612,806,0,0.42360,2.07260,0.21050,0.02180,2560000,-1.00000,665770822928,0.00000
1613,806,0,2.86280,0.00000,0.00000,0.01740,0,-1.00000,665770852811,0.00000
1614,807,0,2.94570,2.04400,0.28460,0.02820,2560000,-1.00000,665770883702,0.00000
1615,807,0,3.00960,0.00000,0.00000,0.02180,0,-1.00000,665770911148,0.00000
1616,808,0,0.50350,2.07700,0.22050,0.02560,2560000,-1.00000,665770915377,0.00000
1617,808,0,2.98070,0.00000,0.00000,0.01950,0,-1.00000,665770944010,0.00000
1618,809,0,0.59270,2.10700,0.22390,0.02380,2560000,-1.00000,665770973461,0.00000
1619,809,0,2.85200,0.00000,0.00000,0.01690,0,-1.00000,665771003577,0.00000
1620,810,0,0.33630,2.05040,0.22540,0.01880,2560000,-1.00000,665771008597,0.00000
1621,810,0,2.76760,0.00000,0.00000,0.01610,0,-1.00000,665771038416,0.00000
1622,811,0,0.83960,2.06370,0.23140,0.02010,2560000,-1.00000,665771044329,0.00000
1623,811,0,2.82300,0.00000,0.00000,0.02070,0,-1.00000,665771072852,0.00000
1624,812,0,1.67130,2.07670,0.22690,0.02170,2560000,-1.00000,665771076209,0.00000
1625,812,0,3.05270,0.00000,0.00000,0.01990,0,-1.00000,665771103885,0.00000
1626,813,0,1.57760,2.00780,0.22330,0.02480,2560000,-1.00000,665771112282,0.00000
1627,813,0,2.84709,0.00000,0.00000,0.02140,0,-1.00000,665771140518,0.00000
1628,814,0,1.65300,2.06580,0.23790,0.02110,2560000,-1.00000,665771157226,0.00000
1629,814,0,2.88230,0.00000,0.00000,0.01660,0,-1.00000,665771187757,0.00000
1630,815,0,1.75270,2.07820,0.23380,0.03640,2560000,-1.00000,665771203531,0.00000
1631,815,0,3.02830,0.00000,0.00000,0.01950,0,-1.00000,665771232012,0.00000
1632,816,0,1.36540,2.08820,0.21380,0.02560,2560000,-1.00000,665771248530,0.00000
1633,816,0,2.85820,0.00000,0.00000,0.02310,0,-1.00000,665771277355,0.00000
1634,817,0,1.74710,2.07900,0.22820,0.02130,2560000,-1.00000,665771294884,0.00000
1635,817,0,2.87140,0.00000,0.00000,0.02010,0,-1.00000,665771325182,0.00000
1636,818,0,1.68370,2.09380,0.20400,0.02160,2560000,-1.00000,665771338819,0.00000
1637,818,0,2.81280,0.00000,0.00000,0.01830,0,-1.00000,665771367405,0.00000
1638,819,0,1.70780,2.05970,0.25020,0.02680,2560000,-1.00000,665771384869,0.00000
1639,819,0,2.90120,0.00000,0.00000,0.01920,0,-1.00000,665771413588,0.00000
1640,820,0,1.66520,2.10130,0.20810,0.02130,2560000,-1.00000,665771430418,0.00000
1641,820,0,2.81050,0.00000,0.00000,0.01610,0,-1.00000,665771458551,0.00000
1642,821,0,1.79450,2.06440,0.25640,0.01930,2560000,-1.00000,665771475626,0.00000
1643,821,0,2.93819,0.00000,0.00000,0.01730,0,-1.00000,665771504642,0.00000
1644,822,0,4.75430,2.04140,0.27890,0.03030,2560000,-1.00000,665771521290,0.00000
1645,822,0,3.05860,0.00000,0.00000,0.02080,0,-1.00000,665771549398,0.00000
1646,823,0,0.66760,2.00850,0.25240,0.02420,2560000,-1.00000,665771567337,0.00000
1647,823,0,2.82670,0.00000,0.00000,0.01840,0,-1.00000,665771596726,0.00000
1648,824,0,1.80060,2.06980,0.21920,0.02180,2560000,-1.00000,665771644264,0.00000
1649,824,0,2.87460,0.00000,0.00000,0.01730,0,-1.00000,665771674876,0.00000
1650,825,0,1.66260,1.99170,0.26510,0.02570,2560000,-1.00000,665771681534,0.00000
1651,825,0,2.80700,0.00000,0.00000,0.01960,0,-1.00000,665771709797,0.00000
1652,826,0,1.74970,2.02770,0.25180,0.02490,2560000,-1.00000,665771727806,0.00000
1653,826,0,2.88151,0.00000,0.00000,0.01930,0,-1.00000,665771756548,0.00000
1654,827,0,1.67170,2.10550,0.24350,0.01900,2560000,-1.00000,665771773175,0.00000
1655,827,0,2.81770,0.00000,0.00000,0.01610,0,-1.00000,665771801246,0.00000
1656,828,0,1.77510,2.08790,0.24670,0.02070,2560000,-1.00000,665771818745,0.00000
1657,828,0,2.92290,0.00000,0.00000,0.01820,0,-1.00000,665771847559,0.00000
1658,829,0,1.58130,2.19000,0.27150,0.03830,2560000,-1.00000,665771864273,0.00000
1659,829,0,3.26730,0.00000,0.00000,0.02280,0,-1.00000,665771892452,0.00000
1660,830,0,1.34080,2.04230,0.24510,0.02450,2560000,-1.00000,665771910204,0.00000
1661,830,0,2.90429,0.00000,0.00000,0.01880,0,-1.00000,665771939432,0.00000
1662,831,0,1.67611,2.00780,0.25230,0.02190,2560000,-1.00000,665771955240,0.00000
1663,831,0,2.76740,0.00000,0.00000,0.01780,0,-1.00000,665771987939,0.00000
1664,832,0,0.33100,2.05140,0.20300,0.02120,2560000,-1.00000,665772001322,0.00000
1665,832,0,2.82820,0.00000,0.00000,0.02070,0,-1.00000,665772030370,0.00000
1666,833,0,3.27200,1.93110,0.26470,0.02620,2560000,-1.00000,665772047128,0.00000
1667,833,0,2.77810,0.00000,0.00000,0.02010,0,-1.00000,665772074803,0.00000
1668,834,0,0.40540,2.01520,0.20420,0.01940,2560000,-1.00000,665772078108,0.00000
1669,834,0,2.75550,0.00000,0.00000,0.01500,0,-1.00000,665772106400,0.00000
1670,835,0,0.77060,1.86220,0.22410,0.02090,2560000,-1.00000,665772139120,0.00000
1671,835,0,2.68090,0.00000,0.00000,0.01420,0,-1.00000,665772166902,0.00000
1672,836,0,1.94741,2.01570,0.25660,0.02720,2560000,-1.00000,665772170947,0.00000
1673,836,0,2.99130,0.00000,0.00000,0.01970,0,-1.00000,665772198506,0.00000
1674,837,0,4.75200,2.08490,0.21410,0.03820,2560000,-1.00000,665772206208,0.00000
1675,837,0,2.96900,0.00000,0.00000,0.02200,0,-1.00000,665772233025,0.00000
1676,838,0,0.43280,2.07200,0.23520,0.02550,2560000,-1.00000,665772252491,0.00000
1677,838,0,2.89440,0.00000,0.00000,0.01790,0,-1.00000,665772282409,0.00000
1678,839,0,0.40130,2.13680,0.22850,0.02290,2560000,-1.00000,665772329928,0.00000
1679,839,0,2.88190,0.00000,0.00000,0.01720,0,-1.00000,665772359628,0.00000
1680,840,0,1.02550,2.11670,0.20110,0.02410,2560000,-1.00000,665772363986,0.00000
1681,840,0,2.90910,0.00000,0.00000,0.01910,0,-1.00000,665772392889,0.00000
1682,841,0,1.71120,1.93700,0.25590,0.02470,2560000,-1.00000,665772396898,0.00000
1683,841,0,2.81710,0.00000,0.00000,0.01720,0,-1.00000,665772425722,0.00000
1684,842,0,3.99311,2.00290,0.25180,0.02550,2560000,-1.00000,665772435976,0.00000
1685,842,0,2.80689,0.00000,0.00000,0.01760,0,-1.00000,665772465071,0.00000
1686,843,0,1.75201,1.89130,0.26800,0.02470,2560000,-1.00000,665772482179,0.00000
1687,843,0,2.74330,0.00000,0.00000,0.02030,0,-1.00000,665772510352,0.00000
1688,844,0,1.85330,2.13010,0.20030,0.03170,2560000,-1.00000,665772550278,0.00000
1689,844,0,3.08050,0.00000,0.00000,0.01940,0,-1.00000,665772578357,0.00000
1690,845,0,1.47840,1.96920,0.25630,0.02370,2560000,-1.00000,665772595871,0.00000
1691,845,0,2.77770,0.00000,0.00000,0.01750,0,-1.00000,665772623307,0.00000
1692,846,0,1.77610,2.09770,0.23150,0.03020,2560000,-1.00000,665772641842,0.00000
1693,846,0,2.99330,0.00000,0.00000,0.02290,0,-1.00000,665772672646,0.00000
1694,847,0,1.59580,2.05810,0.23900,0.02190,2560000,-1.00000,665772687427,0.00000
1695,847,0,2.88130,0.00000,0.00000,0.02200,0,-1.00000,665772715204,0.00000
1696,848,0,1.71660,2.01750,0.25570,0.04580,2560000,-1.00000,665772732962,0.00000
1697,848,0,3.10830,0.00000,0.00000,0.02400,0,-1.00000,665772762912,0.00000
1698,849,0,1.44210,1.91580,0.24230,0.06510,2560000,-1.00000,665772778858,0.00000
1699,849,0,2.92260,0.00000,0.00000,0.02380,0,-1.00000,665772807672,0.00000
1700,850,0,1.59360,2.08890,0.22160,0.02540,2560000,-1.00000,665772824834,0.00000
1701,850,0,2.94190,0.00000,0.00000,0.01780,0,-1.00000,665772855961,0.00000
1702,851,0,1.64550,1.88530,0.26700,0.02020,2560000,-1.00000,665772870341,0.00000
1703,851,0,2.72580,0.00000,0.00000,0.02080,0,-1.00000,665772899580,0.00000
1704,852,0,1.92440,2.13280,0.22420,0.03560,2560000,-1.00000,665772915503,0.00000
1705,852,0,2.98980,0.00000,0.00000,0.02040,0,-1.00000,665772944927,0.00000
1706,853,0,1.52580,2.03360,0.25470,0.02930,2560000,-1.00000,665772961369,0.00000
1707,853,0,2.95970,0.00000,0.00000,0.01820,0,-1.00000,665772988645,0.00000
1708,854,0,0.40699,2.02800,0.23690,0.01960,2560000,-1.00000,665773007884,0.00000
1709,854,0,2.83610,0.00000,0.00000,0.01540,0,-1.00000,665773037775,0.00000
1710,855,0,0.60620,2.11260,0.19780,0.01940,2560000,-1.00000,665773053087,0.00000
1711,855,0,2.89180,0.00000,0.00000,0.01870,0,-1.00000,665773082633,0.00000
1712,856,0,1.71780,2.08130,0.19990,0.02080,2560000,-1.00000,665773086695,0.00000
1713,856,0,3.08900,0.00000,0.00000,0.01450,0,-1.00000,665773115063,0.00000
1714,857,0,1.48820,2.07380,0.21930,0.02630,2560000,-1.00000,665773121116,0.00000
1715,857,0,3.07540,0.00000,0.00000,0.01650,0,-1.00000,665773150041,0.00000
1716,858,0,1.50040,1.92960,0.21260,0.01930,2560000,-1.00000,665773167213,0.00000
1717,858,0,2.71740,0.00000,0.00000,0.01620,0,-1.00000,665773198109,0.00000
1718,859,0,1.79290,2.06920,0.20150,0.03690,2560000,-1.00000,665773212994,0.00000
1719,859,0,3.03951,0.00000,0.00000,0.02040,0,-1.00000,665773243752,0.00000
1720,860,0,1.61290,2.02960,0.22470,0.03140,2560000,-1.00000,665773258743,0.00000
1721,860,0,2.94240,0.00000,0.00000,0.01890,0,-1.00000,665773285919,0.00000
1722,861,0,1.65900,2.01710,0.20630,0.02310,2560000,-1.00000,665773303858,0.00000
1723,861,0,2.74310,0.00000,0.00000,0.01790,0,-1.00000,665773334254,0.00000
1724,862,0,1.68650,2.08190,0.33650,0.02050,2560000,-1.00000,665773350377,0.00000
1725,862,0,2.98300,0.00000,0.00000,0.01720,0,-1.00000,665773379811,0.00000
1726,863,0,1.68620,2.12300,0.20740,0.02000,2560000,-1.00000,665773396386,0.00000
1727,863,0,2.89530,0.00000,0.00000,0.01660,0,-1.00000,665773423819,0.00000
1728,864,0,1.63840,2.05670,0.21070,0.02690,2560000,-1.00000,665773440683,0.00000
1729,864,0,2.94850,0.00000,0.00000,0.01820,0,-1.00000,665773470513,0.00000
1730,865,0,1.49180,1.98400,0.24140,0.02140,2560000,-1.00000,665773487373,0.00000
1731,865,0,2.76480,0.00000,0.00000,0.01640,0,-1.00000,665773516330,0.00000
1732,866,0,1.86330,2.04710,0.23910,0.01920,2560000,-1.00000,665773532717,0.00000
1733,866,0,2.81319,0.00000,0.00000,0.02190,0,-1.00000,665773562201,0.00000
1734,867,0,1.89280,2.03650,0.21260,0.03600,2560000,-1.00000,665773577110,0.00000
1735,867,0,2.97090,0.00000,0.00000,0.02020,0,-1.00000,665773604766,0.00000
1736,868,0,1.40570,1.99760,0.22830,0.02350,2560000,-1.00000,665773623393,0.00000
1737,868,0,2.83940,0.00000,0.00000,0.01730,0,-1.00000,665773651539,0.00000
1738,869,0,1.65000,2.04350,0.21480,0.02110,2560000,-1.00000,665773670462,0.00000
1739,869,0,2.78280,0.00000,0.00000,0.02280,0,-1.00000,665773700172,0.00000
1740,870,0,1.84010,2.02210,0.27270,0.02020,2560000,-1.00000,665773714219,0.00000
1741,870,0,2.85190,0.00000,0.00000,0.02120,0,-1.00000,665773742618,0.00000
1742,871,0,1.75580,1.95610,0.21100,0.02490,2560000,-1.00000,665773759111,0.00000
1743,871,0,2.67590,0.00000,0.00000,0.01990,0,-1.00000,665773786950,0.00000
1744,872,0,1.96800,2.02460,0.21180,0.02490,2560000,-1.00000,665773805344,0.00000
1745,872,0,2.86090,0.00000,0.00000,0.01990,0,-1.00000,665773833869,0.00000
1746,873,0,1.58830,1.93990,0.27690,0.02810,2560000,-1.00000,665773851427,0.00000
1747,873,0,3.37770,0.00000,0.00000,0.01970,0,-1.00000,665773878181,0.00000
1748,874,0,1.13360,2.03110,0.19480,0.02770,2560000,-1.00000,665773897862,0.00000
1749,874,0,2.81080,0.00000,0.00000,0.01970,0,-1.00000,665773926473,0.00000
1750,875,0,0.52490,1.92460,0.23270,0.02200,2560000,-1.00000,665773942352,0.00000
1751,875,0,2.66100,0.00000,0.00000,0.01670,0,-1.00000,665773976151,0.00000
1752,876,0,3.19370,2.00310,0.26610,0.02390,2560000,-1.00000,665773987474,0.00000
1753,876,0,2.82470,0.00000,0.00000,0.01950,0,-1.00000,665774015579,0.00000
1754,877,0,4.06460,1.99220,0.25660,0.02440,2560000,-1.00000,665774020822,0.00000
1755,877,0,2.79290,0.00000,0.00000,0.01770,0,-1.00000,665774047434,0.00000
1756,878,0,0.39160,1.86450,0.22830,0.02450,2560000,-1.00000,665774079466,0.00000
1757,878,0,2.65320,0.00000,0.00000,0.01770,0,-1.00000,665774107615,0.00000
1758,879,0,1.09400,1.85290,0.23160,0.02110,2560000,-1.00000,665774148266,0.00000
1759,879,0,2.65800,0.00000,0.00000,0.01730,0,-1.00000,665774176192,0.00000
1760,880,0,1.80670,1.95540,0.24140,0.02140,2560000,-1.00000,665774180103,0.00000
1761,880,0,2.72530,0.00000,0.00000,0.01740,0,-1.00000,665774206644,0.00000
1762,881,0,1.96300,2.04150,0.25650,0.03170,2560000,-1.00000,665774217576,0.00000
1763,881,0,2.99960,0.00000,0.00000,0.02430,0,-1.00000,665774244160,0.00000
1764,882,0,1.47600,2.07200,0.22530,0.02670,2560000,-1.00000,665774262229,0.00000
1765,882,0,2.94170,0.00000,0.00000,0.01700,0,-1.00000,665774289480,0.00000
1766,883,0,1.72820,1.84600,0.22660,0.02520,2560000,-1.00000,665774309112,0.00000
1767,883,0,2.63390,0.00000,0.00000,0.01760,0,-1.00000,665774339125,0.00000
1768,884,0,1.74860,1.97250,0.21760,0.02850,2560000,-1.00000,665774353870,0.00000
1769,884,0,2.80510,0.00000,0.00000,0.01810,0,-1.00000,665774383287,0.00000
1770,885,0,1.87180,1.88700,0.21210,0.02440,2560000,-1.00000,665774400562,0.00000
1771,885,0,2.69550,0.00000,0.00000,0.01790,0,-1.00000,665774426906,0.00000
1772,886,0,1.74610,1.99530,0.20700,0.02030,2560000,-1.00000,665774444391,0.00000
1773,886,0,2.81910,0.00000,0.00000,0.02230,0,-1.00000,665774472451,0.00000
1774,887,0,0.56150,1.94800,0.25160,0.02510,2560000,-1.00000,665774491160,0.00000
1775,887,0,2.84100,0.00000,0.00000,0.01730,0,-1.00000,665774518117,0.00000
1776,888,0,0.71380,1.95500,0.27840,0.02580,2560000,-1.00000,665774535572,0.00000
1777,888,0,2.95030,0.00000,0.00000,0.01710,0,-1.00000,665774563773,0.00000
1778,889,0,1.63870,1.88530,0.22690,0.03030,2560000,-1.00000,665774569383,0.00000
1779,889,0,2.78970,0.00000,0.00000,0.02210,0,-1.00000,665774597794,0.00000
1780,890,0,1.76820,1.95010,0.24200,0.02170,2560000,-1.00000,665774604933,0.00000
1781,890,0,2.76100,0.00000,0.00000,0.01800,0,-1.00000,665774634446,0.00000
1782,891,0,2.81070,2.01650,0.24500,0.02580,2560000,-1.00000,665774650826,0.00000
1783,891,0,2.83480,0.00000,0.00000,0.01790,0,-1.00000,665774678726,0.00000
1784,892,0,0.68860,2.00170,0.25690,0.02200,2560000,-1.00000,665774696398,0.00000
1785,892,0,2.77701,0.00000,0.00000,0.01670,0,-1.00000,665774724012,0.00000
1786,893,0,4.06229,1.93270,0.21080,0.02130,2560000,-1.00000,665774752119,0.00000
1787,893,0,2.68100,0.00000,0.00000,0.02230,0,-1.00000,665774780465,0.00000
1788,894,0,0.38190,1.99320,0.23490,0.02410,2560000,-1.00000,665774787348,0.00000
1789,894,0,2.75910,0.00000,0.00000,0.02080,0,-1.00000,665774815124,0.00000
1790,895,0,3.41140,1.93280,0.24020,0.02430,2560000,-1.00000,665774855740,0.00000
1791,895,0,2.69370,0.00000,0.00000,0.01540,0,-1.00000,665774882556,0.00000
1792,896,0,0.38950,1.89250,0.29480,0.03380,2560000,-1.00000,665774886367,0.00000
1793,896,0,3.01670,0.00000,0.00000,0.02200,0,-1.00000,665774913967,0.00000
1794,897,0,0.64860,1.99220,0.26670,0.02370,2560000,-1.00000,665774948078,0.00000
1795,897,0,2.82970,0.00000,0.00000,0.01790,0,-1.00000,665774975011,0.00000
1796,898,0,1.70191,1.92450,0.22410,0.02260,2560000,-1.00000,665774978905,0.00000
1797,898,0,2.71890,0.00000,0.00000,0.01650,0,-1.00000,665775009096,0.00000
1798,899,0,4.27450,2.08260,0.19960,0.03510,2560000,-1.00000,665775015568,0.00000
1799,899,0,2.88660,0.00000,0.00000,0.01910,0,-1.00000,665775043857,0.00000
1800,900,0,0.35650,1.89000,0.22840,0.02140,2560000,-1.00000,665775060875,0.00000
1801,900,0,2.55980,0.00000,0.00000,0.01680,0,-1.00000,665775088077,0.00000
1802,901,0,0.93080,1.93410,0.25940,0.02450,2560000,-1.00000,665775130819,0.00000
1803,901,0,2.81900,0.00000,0.00000,0.01780,0,-1.00000,665775159681,0.00000
1804,902,0,1.72000,1.98680,0.29570,0.02320,2560000,-1.00000,665775163239,0.00000
1805,902,0,2.77540,0.00000,0.00000,0.01740,0,-1.00000,665775188836,0.00000
1806,903,0,1.86010,1.95160,0.28910,0.03660,2560000,-1.00000,665775198156,0.00000
1807,903,0,3.03760,0.00000,0.00000,0.02000,0,-1.00000,665775226337,0.00000
1808,904,0,1.54590,2.08930,0.20480,0.02160,2560000,-1.00000,665775243542,0.00000
1809,904,0,2.82370,0.00000,0.00000,0.01720,0,-1.00000,665775271289,0.00000
1810,905,0,1.71460,1.96130,0.33630,0.02150,2560000,-1.00000,665775289903,0.00000
1811,905,0,2.79090,0.00000,0.00000,0.01650,0,-1.00000,665775320288,0.00000
1812,906,0,1.80510,2.03780,0.30580,0.03210,2560000,-1.00000,665775335728,0.00000
1813,906,0,2.83540,0.00000,0.00000,0.01680,0,-1.00000,665775363969,0.00000
1814,907,0,1.69590,1.93630,0.22790,0.02430,2560000,-1.00000,665775381124,0.00000
1815,907,0,2.78600,0.00000,0.00000,0.01480,0,-1.00000,665775409027,0.00000
1816,908,0,2.73890,2.11860,0.23940,0.02640,2560000,-1.00000,665775427073,0.00000
1817,908,0,3.09900,0.00000,0.00000,0.02290,0,-1.00000,665775455425,0.00000
1818,909,0,0.38950,1.80060,0.20630,0.02300,2560000,-1.00000,665775472390,0.00000
1819,909,0,2.60680,0.00000,0.00000,0.02180,0,-1.00000,665775500244,0.00000
1820,910,0,0.42180,1.82070,0.23050,0.02250,2560000,-1.00000,665775527629,0.00000
1821,910,0,2.61351,0.00000,0.00000,0.01700,0,-1.00000,665775558636,0.00000
1822,911,0,1.33209,1.95300,0.23700,0.02410,2560000,-1.00000,665775562512,0.00000
1823,911,0,2.84391,0.00000,0.00000,0.01760,0,-1.00000,665775588597,0.00000
1824,912,0,1.63830,1.82860,0.21630,0.03060,2560000,-1.00000,665775592805,0.00000
1825,912,0,2.75630,0.00000,0.00000,0.02350,0,-1.00000,665775618939,0.00000
1826,913,0,1.85429,2.05980,0.23130,0.03390,2560000,-1.00000,665775632259,0.00000
1827,913,0,3.01261,0.00000,0.00000,0.01990,0,-1.00000,665775660712,0.00000
1828,914,0,1.63400,1.99360,0.21730,0.02950,2560000,-1.00000,665775677091,0.00000
1829,914,0,2.91210,0.00000,0.00000,0.01810,0,-1.00000,665775704657,0.00000
1830,915,0,1.53240,1.94320,0.24030,0.03510,2560000,-1.00000,665775723190,0.00000
1831,915,0,2.94150,0.00000,0.00000,0.02030,0,-1.00000,665775753323,0.00000
1832,916,0,1.73770,2.17730,0.21380,0.05910,2560000,-1.00000,665775769651,0.00000
1833,916,0,3.21630,0.00000,0.00000,0.02610,0,-1.00000,665775798784,0.00000
1834,917,0,1.23800,1.81430,0.21070,0.04110,2560000,-1.00000,665775814104,0.00000
1835,917,0,2.82470,0.00000,0.00000,0.02180,0,-1.00000,665775843536,0.00000
1836,918,0,1.86970,1.95070,0.22950,0.06080,2560000,-1.00000,665775860893,0.00000
1837,918,0,3.04799,0.00000,0.00000,0.02140,0,-1.00000,665775893088,0.00000
1838,919,0,1.35850,1.83000,0.23000,0.04030,2560000,-1.00000,665775905442,0.00000
1839,919,0,4.79330,0.00000,0.00000,0.02990,0,-1.00000,665775933715,0.00000
1840,920,0,2.07530,1.86300,0.24700,0.04810,2560000,-1.00000,665775952381,0.00000
1841,920,0,2.92440,0.00000,0.00000,0.02560,0,-1.00000,665775982900,0.00000
1842,921,0,1.60930,1.85440,0.25400,0.04090,2560000,-1.00000,665775996546,0.00000
1843,921,0,2.84930,0.00000,0.00000,0.02430,0,-1.00000,665776044419,0.00000
1844,922,0,0.51900,1.82810,0.20370,0.03730,2560000,-1.00000,665776065156,0.00000
1845,922,0,2.81070,0.00000,0.00000,0.02440,0,-1.00000,665776094407,0.00000
1846,923,0,0.60890,2.02700,0.30270,0.04700,2560000,-1.00000,665776110475,0.00000
1847,923,0,3.06650,0.00000,0.00000,0.02280,0,-1.00000,665776139006,0.00000
1848,924,0,1.54080,1.98920,0.22090,0.04140,2560000,-1.00000,665776144156,0.00000
1849,924,0,2.99650,0.00000,0.00000,0.01900,0,-1.00000,665776172283,0.00000
1850,925,0,1.54970,1.90430,0.21470,0.03650,2560000,-1.00000,665776178351,0.00000
1851,925,0,3.06500,0.00000,0.00000,0.02140,0,-1.00000,665776209051,0.00000
1852,926,0,1.39930,2.10420,0.23540,0.04770,2560000,-1.00000,665776224428,0.00000
1853,926,0,3.22170,0.00000,0.00000,0.02900,0,-1.00000,665776254408,0.00000
1854,927,0,1.42700,1.96330,0.23720,0.04480,2560000,-1.00000,665776269886,0.00000
1855,927,0,3.20461,0.00000,0.00000,0.02420,0,-1.00000,665776300553,0.00000
1856,928,0,4.46939,1.94240,0.19760,0.04420,2560000,-1.00000,665776314522,0.00000
1857,928,0,2.90970,0.00000,0.00000,0.01960,0,-1.00000,665776346828,0.00000
1858,929,0,3.07620,2.06020,0.21460,0.04460,2560000,-1.00000,665776361021,0.00000
1859,929,0,3.00320,0.00000,0.00000,0.02050,0,-1.00000,665776393093,0.00000
1860,930,0,0.54840,2.02240,0.21620,0.03420,2560000,-1.00000,665776437790,0.00000
1861,930,0,2.98200,0.00000,0.00000,0.02830,0,-1.00000,665776466874,0.00000
1862,931,0,0.56900,1.95630,0.21400,0.03680,2560000,-1.00000,665776497621,0.00000
1863,931,0,2.87120,0.00000,0.00000,0.02550,0,-1.00000,665776527671,0.00000
1864,932,0,1.42120,2.12350,0.31180,0.05080,2560000,-1.00000,665776533121,0.00000
1865,932,0,3.38360,0.00000,0.00000,0.03110,0,-1.00000,665776562984,0.00000
1866,933,0,1.17340,1.96190,0.23460,0.03340,2560000,-1.00000,665776568641,0.00000
1867,933,0,2.84360,0.00000,0.00000,0.01980,0,-1.00000,665776597374,0.00000
1868,934,0,1.69200,1.89850,0.24170,0.02860,2560000,-1.00000,665776611572,0.00000
1869,934,0,2.74280,0.00000,0.00000,0.02150,0,-1.00000,665776645440,0.00000
1870,935,0,1.78000,1.93040,0.32220,0.02290,2560000,-1.00000,665776657139,0.00000
1871,935,0,2.82610,0.00000,0.00000,0.01830,0,-1.00000,665776685576,0.00000
1872,936,0,4.04910,1.96820,0.23250,0.03840,2560000,-1.00000,665776702491,0.00000
1873,936,0,2.89610,0.00000,0.00000,0.02580,0,-1.00000,665776729925,0.00000
1874,937,0,1.78500,2.09010,0.21950,0.04180,2560000,-1.00000,665776747714,0.00000
1875,937,0,3.11750,0.00000,0.00000,0.02220,0,-1.00000,665776775979,0.00000
1876,938,0,1.28840,1.91210,0.24230,0.02870,2560000,-1.00000,665776816481,0.00000
1877,938,0,2.76820,0.00000,0.00000,0.01760,0,-1.00000,665776845449,0.00000
1878,939,0,1.88000,1.99310,0.18580,0.02740,2560000,-1.00000,665776863281,0.00000
1879,939,0,2.85360,0.00000,0.00000,0.02030,0,-1.00000,665776894491,0.00000
1880,940,0,1.56840,2.12100,0.23800,0.04250,2560000,-1.00000,665776907343,0.00000
1881,940,0,3.18230,0.00000,0.00000,0.03030,0,-1.00000,665776935030,0.00000
1882,941,0,3.76640,1.96230,0.23250,0.04950,2560000,-1.00000,665776953830,0.00000
1883,941,0,3.08470,0.00000,0.00000,0.02720,0,-1.00000,665776982366,0.00000
1884,942,0,0.68700,2.11400,0.21840,0.03320,2560000,-1.00000,665776998044,0.00000
1885,942,0,3.08910,0.00000,0.00000,0.02430,0,-1.00000,665777029901,0.00000
1886,943,0,0.58080,2.00380,0.23680,0.02690,2560000,-1.00000,665777067556,0.00000
1887,943,0,2.88800,0.00000,0.00000,0.02380,0,-1.00000,665777098411,0.00000
1888,944,0,3.27430,2.17160,0.22820,0.03020,2560000,-1.00000,665777105257,0.00000
1889,944,0,3.01220,0.00000,0.00000,0.02210,0,-1.00000,665777136156,0.00000
1890,945,0,3.76780,2.80600,0.31060,0.06450,2560000,-1.00000,665777141952,0.00000
1891,945,0,4.03040,0.00000,0.00000,0.03800,0,-1.00000,665777170833,0.00000
1892,946,0,0.84130,2.90690,0.25620,0.03980,2560000,-1.00000,665777203567,0.00000
1893,946,0,3.91650,0.00000,0.00000,0.02500,0,-1.00000,665777233697,0.00000
1894,947,0,0.53460,2.04860,0.20310,0.02530,2560000,-1.00000,665777271364,0.00000
1895,947,0,2.78040,0.00000,0.00000,0.01870,0,-1.00000,665777311729,0.00000
1896,948,0,0.40300,2.11350,0.29600,0.02340,2560000,-1.00000,665777320096,0.00000
1897,948,0,2.92530,0.00000,0.00000,0.01800,0,-1.00000,665777359269,0.00000
1898,949,0,0.44880,2.03050,0.26290,0.02620,2560000,-1.00000,665777364589,0.00000
1899,949,0,2.86680,0.00000,0.00000,0.02260,0,-1.00000,665777392398,0.00000
1900,950,0,1.70770,2.10910,0.22220,0.02690,2560000,-1.00000,665777396424,0.00000
1901,950,0,2.93990,0.00000,0.00000,0.02310,0,-1.00000,665777425680,0.00000
1902,951,0,1.63640,2.04230,0.25860,0.02270,2560000,-1.00000,665777430166,0.00000
1903,951,0,2.79940,0.00000,0.00000,0.01760,0,-1.00000,665777458845,0.00000
1904,952,0,6.33170,1.90830,0.24360,0.02520,2560000,-1.00000,665777475916,0.00000
1905,952,0,2.81010,0.00000,0.00000,0.02240,0,-1.00000,665777505320,0.00000
1906,953,0,1.65020,2.07140,0.26610,0.03730,2560000,-1.00000,665777521671,0.00000
1907,953,0,3.10640,0.00000,0.00000,0.02330,0,-1.00000,665777549669,0.00000
1908,954,0,1.53160,2.03640,0.22160,0.02400,2560000,-1.00000,665777612989,0.00000
1909,954,0,2.99230,0.00000,0.00000,0.02050,0,-1.00000,665777641095,0.00000
1910,955,0,3.91360,1.99450,0.20930,0.02820,2560000,-1.00000,665777657589,0.00000
1911,955,0,2.96690,0.00000,0.00000,0.02350,0,-1.00000,665777688689,0.00000
1912,956,0,0.51350,1.81190,0.21780,0.02190,2560000,-1.00000,665777703977,0.00000
1913,956,0,2.61621,0.00000,0.00000,0.02130,0,-1.00000,665777733903,0.00000
1914,957,0,0.57380,1.96780,0.24300,0.02360,2560000,-1.00000,665777773032,0.00000
1915,957,0,2.82510,0.00000,0.00000,0.02220,0,-1.00000,665777802711,0.00000
1916,958,0,3.94010,2.02000,0.23080,0.02770,2560000,-1.00000,665777807840,0.00000
1917,958,0,2.87620,0.00000,0.00000,0.02350,0,-1.00000,665777834005,0.00000
1918,959,0,0.50159,1.93450,0.27500,0.02880,2560000,-1.00000,665777839731,0.00000
1919,959,0,2.84550,0.00000,0.00000,0.02290,0,-1.00000,665777867990,0.00000
1920,960,0,2.98771,1.84290,0.21990,0.03190,2560000,-1.00000,665777907387,0.00000
1921,960,0,2.70280,0.00000,0.00000,0.02310,0,-1.00000,665777936153,0.00000
1922,961,0,1.85710,1.90130,0.25050,0.03070,2560000,-1.00000,665777941165,0.00000
1923,961,0,2.90770,0.00000,0.00000,0.02360,0,-1.00000,665777969640,0.00000
1924,962,0,3.89710,2.05180,0.22200,0.02720,2560000,-1.00000,665777999503,0.00000
1925,962,0,3.00500,0.00000,0.00000,0.02280,0,-1.00000,665778026533,0.00000
1926,963,0,3.81790,1.99250,0.20870,0.02830,2560000,-1.00000,665778045100,0.00000
1927,963,0,2.93770,0.00000,0.00000,0.02110,0,-1.00000,665778074177,0.00000
1928,964,0,0.49100,2.02970,0.25620,0.02400,2560000,-1.00000,665778113150,0.00000
1929,964,0,2.97530,0.00000,0.00000,0.02130,0,-1.00000,665778143203,0.00000
1930,965,0,0.59170,1.99930,0.20470,0.02240,2560000,-1.00000,665778181373,0.00000
1931,965,0,2.87910,0.00000,0.00000,0.01740,0,-1.00000,665778210760,0.00000
1932,966,0,0.48501,2.03730,0.20050,0.01960,2560000,-1.00000,665778215658,0.00000
1933,966,0,2.80910,0.00000,0.00000,0.02260,0,-1.00000,665778245421,0.00000
1934,967,0,0.57980,2.26070,0.25530,0.03890,2560000,-1.00000,665778251330,0.00000
1935,967,0,3.31420,0.00000,0.00000,0.02460,0,-1.00000,665778280121,0.00000
1936,968,0,3.40870,2.05870,0.23810,0.03120,2560000,-1.00000,665778284973,0.00000
1937,968,0,2.96630,0.00000,0.00000,0.02280,0,-1.00000,665778313069,0.00000
1938,969,0,1.57390,2.14470,0.20730,0.02460,2560000,-1.00000,665778318858,0.00000
1939,969,0,3.22210,0.00000,0.00000,0.01820,0,-1.00000,665778352029,0.00000
1940,970,0,3.50810,2.01900,0.23170,0.02800,2560000,-1.00000,665778386095,0.00000
1941,970,0,2.94940,0.00000,0.00000,0.01980,0,-1.00000,665778415762,0.00000
1942,971,0,3.99480,1.93050,0.22580,0.02570,2560000,-1.00000,665778431493,0.00000
1943,971,0,2.83000,0.00000,0.00000,0.02250,0,-1.00000,665778463719,0.00000
1944,972,0,0.50600,2.79250,0.26630,0.04010,2560000,-1.00000,665778498794,0.00000
1945,972,0,3.89390,0.00000,0.00000,0.03240,0,-1.00000,665778528308,0.00000
1946,973,0,0.62389,2.08210,0.22950,0.03190,2560000,-1.00000,665778568236,0.00000
1947,973,0,2.99751,0.00000,0.00000,0.02230,0,-1.00000,665778596545,0.00000
1948,974,0,0.51540,2.16080,0.19550,0.02850,2560000,-1.00000,665778601594,0.00000
1949,974,0,3.07220,0.00000,0.00000,0.02020,0,-1.00000,665778640568,0.00000
1950,975,0,0.49280,1.98760,0.21860,0.02210,2560000,-1.00000,665778646777,0.00000
1951,975,0,2.84540,0.00000,0.00000,0.01940,0,-1.00000,665778676765,0.00000
1952,976,0,1.35540,2.04620,0.22050,0.02700,2560000,-1.00000,665778681902,0.00000
1953,976,0,2.92479,0.00000,0.00000,0.01900,0,-1.00000,665778712643,0.00000
1954,977,0,0.70000,1.97560,0.23110,0.02900,2560000,-1.00000,665778717552,0.00000
1955,977,0,2.88400,0.00000,0.00000,0.02050,0,-1.00000,665778746014,0.00000
1956,978,0,1.63650,2.00520,0.23930,0.03120,2560000,-1.00000,665778759560,0.00000
1957,978,0,2.91880,0.00000,0.00000,0.02060,0,-1.00000,665778788813,0.00000
1958,979,0,3.93920,2.00580,0.29260,0.03910,2560000,-1.00000,665778795806,0.00000
1959,979,0,3.00660,0.00000,0.00000,0.02420,0,-1.00000,665778824669,0.00000
1960,980,0,0.51410,2.07530,0.19520,0.02450,2560000,-1.00000,665778841013,0.00000
1961,980,0,2.90959,0.00000,0.00000,0.02250,0,-1.00000,665778870206,0.00000
1962,981,0,0.47650,2.00250,0.25440,0.02720,2560000,-1.00000,665778909596,0.00000
1963,981,0,3.02090,0.00000,0.00000,0.02470,0,-1.00000,665778939672,0.00000
1964,982,0,0.57660,2.11940,0.24420,0.03010,2560000,-1.00000,665778944801,0.00000
1965,982,0,3.06260,0.00000,0.00000,0.02290,0,-1.00000,665778973908,0.00000
1966,983,0,0.58680,2.19750,0.21810,0.02980,2560000,-1.00000,665778978656,0.00000
1967,983,0,3.17660,0.00000,0.00000,0.02190,0,-1.00000,665779008887,0.00000
1968,984,0,0.83570,2.07710,0.25810,0.02930,2560000,-1.00000,665779014637,0.00000
1969,984,0,3.03540,0.00000,0.00000,0.02320,0,-1.00000,665779045319,0.00000
1970,985,0,3.87850,2.25130,0.22110,0.02500,2560000,-1.00000,665779051131,0.00000
1971,985,0,3.16300,0.00000,0.00000,0.02330,0,-1.00000,665779082907,0.00000
1972,986,0,0.50160,2.11950,0.23180,0.02430,2560000,-1.00000,665779091252,0.00000
1973,986,0,3.03450,0.00000,0.00000,0.02550,0,-1.00000,665779121620,0.00000
1974,987,0,0.73320,2.04810,0.31020,0.02430,2560000,-1.00000,665779160394,0.00000
1975,987,0,3.01640,0.00000,0.00000,0.02150,0,-1.00000,665779192029,0.00000
1976,988,0,0.74491,1.97170,0.24220,0.02770,2560000,-1.00000,665779197041,0.00000
1977,988,0,2.91250,0.00000,0.00000,0.02410,0,-1.00000,665779227402,0.00000
1978,989,0,0.45300,2.08480,0.20750,0.02870,2560000,-1.00000,665779234715,0.00000
1979,989,0,2.91610,0.00000,0.00000,0.02400,0,-1.00000,665779264880,0.00000
1980,990,0,0.68350,2.06790,0.32150,0.02370,2560000,-1.00000,665779272322,0.00000
1981,990,0,2.94670,0.00000,0.00000,0.02290,0,-1.00000,665779301472,0.00000
1982,991,0,0.43820,2.04140,0.23790,0.02210,2560000,-1.00000,665779305977,0.00000
1983,991,0,2.83610,0.00000,0.00000,0.01930,0,-1.00000,665779335158,0.00000
1984,992,0,0.56150,2.05240,0.25820,0.02930,2560000,-1.00000,665779341976,0.00000
1985,992,0,2.95600,0.00000,0.00000,0.02250,0,-1.00000,665779371446,0.00000
1986,993,0,1.52710,2.01060,0.25370,0.02650,2560000,-1.00000,665779375822,0.00000
1987,993,0,2.89010,0.00000,0.00000,0.01760,0,-1.00000,665779404187,0.00000
1988,994,0,0.39650,2.08540,0.23100,0.02430,2560000,-1.00000,665779409796,0.00000
1989,994,0,2.87100,0.00000,0.00000,0.01900,0,-1.00000,665779439379,0.00000
1990,995,0,3.04780,2.05360,0.23310,0.02640,2560000,-1.00000,665779454629,0.00000
1991,995,0,2.87370,0.00000,0.00000,0.02150,0,-1.00000,665779483539,0.00000
1992,996,0,0.47590,2.12630,0.20650,0.02540,2560000,-1.00000,665779487495,0.00000
1993,996,0,2.91810,0.00000,0.00000,0.01970,0,-1.00000,665779516208,0.00000
1994,997,0,0.52540,2.02660,0.23740,0.02350,2560000,-1.00000,665779546687,0.00000
1995,997,0,2.83061,0.00000,0.00000,0.01860,0,-1.00000,665779575424,0.00000
1996,998,0,1.74169,2.01680,0.25800,0.04020,2560000,-1.00000,665779580178,0.00000
1997,998,0,2.99280,0.00000,0.00000,0.02550,0,-1.00000,665779609376,0.00000
1998,999,0,3.74041,2.00040,0.23140,0.03530,2560000,-1.00000,665779614611,0.00000
1999,999,0,2.88320,0.00000,0.00000,0.01970,0,-1.00000,665779642925,0.00000
2000,1000,0,0.45540,1.98290,0.22430,0.02260,2560000,-1.00000,665779660345,0.00000
2001,1000,0,2.78099,0.00000,0.00000,0.01820,0,-1.00000,665779690293,0.00000
2002,1001,0,0.38750,2.07170,0.21680,0.01970,2560000,-1.00000,665779727679,0.00000
2003,1001,0,2.82691,0.00000,0.00000,0.01650,0,-1.00000,665779756518,0.00000
2004,1002,0,0.38070,2.00630,0.26040,0.02210,2560000,-1.00000,665779761054,0.00000
2005,1002,0,2.77540,0.00000,0.00000,0.01660,0,-1.00000,665779788873,0.00000
2006,1003,0,0.38321,2.10910,0.22540,0.02420,2560000,-1.00000,665779792739,0.00000
2007,1003,0,2.89240,0.00000,0.00000,0.01940,0,-1.00000,665779821011,0.00000
2008,1004,0,0.40240,2.08540,0.32220,0.02830,2560000,-1.00000,665779824816,0.00000
2009,1004,0,2.97960,0.00000,0.00000,0.02090,0,-1.00000,665779852574,0.00000
2010,1005,0,1.45520,2.73520,0.24530,0.03330,2560000,-1.00000,665779856402,0.00000
2011,1005,0,3.67630,0.00000,0.00000,0.02150,0,-1.00000,665779885332,0.00000
2012,1006,0,0.85880,2.20340,0.19810,0.02670,2560000,-1.00000,665779889349,0.00000
2013,1006,0,3.02740,0.00000,0.00000,0.01900,0,-1.00000,665779919158,0.00000
2014,1007,0,1.50460,2.04530,0.30480,0.02160,2560000,-1.00000,665779933698,0.00000
2015,1007,0,2.89030,0.00000,0.00000,0.01700,0,-1.00000,665779970493,0.00000
2016,1008,0,1.75130,2.21410,0.21250,0.03520,2560000,-1.00000,665779979051,0.00000
2017,1008,0,3.11690,0.00000,0.00000,0.02100,0,-1.00000,665780009333,0.00000
2018,1009,0,1.37900,2.05160,0.29830,0.02390,2560000,-1.00000,665780024369,0.00000
2019,1009,0,2.95840,0.00000,0.00000,0.02120,0,-1.00000,665780053277,0.00000
2020,1010,0,1.63910,1.97880,0.24440,0.02370,2560000,-1.00000,665780070814,0.00000
2021,1010,0,2.78200,0.00000,0.00000,0.01940,0,-1.00000,665780101971,0.00000
2022,1011,0,3.90710,2.58280,0.21320,0.02900,2560000,-1.00000,665780115742,0.00000
2023,1011,0,3.52410,0.00000,0.00000,0.02170,0,-1.00000,665780145338,0.00000
2024,1012,0,0.47910,2.14060,0.22790,0.02520,2560000,-1.00000,665780161720,0.00000
2025,1012,0,2.99800,0.00000,0.00000,0.01970,0,-1.00000,665780189545,0.00000
2026,1013,0,0.91080,2.06870,0.28320,0.02910,2560000,-1.00000,665780228615,0.00000
2027,1013,0,2.98120,0.00000,0.00000,0.01780,0,-1.00000,665780263867,0.00000
2028,1014,0,1.46460,2.10320,0.37270,0.03320,2560000,-1.00000,665780268639,0.00000
2029,1014,0,3.20240,0.00000,0.00000,0.02150,0,-1.00000,665780298626,0.00000
2030,1015,0,0.46780,2.08270,0.23860,0.02480,2560000,-1.00000,665780307738,0.00000
2031,1015,0,2.87500,0.00000,0.00000,0.02010,0,-1.00000,665780337560,0.00000
2032,1016,0,1.64270,2.09590,0.23190,0.02440,2560000,-1.00000,665780352202,0.00000
2033,1016,0,2.92020,0.00000,0.00000,0.02240,0,-1.00000,665780384225,0.00000
2034,1017,0,1.67770,1.99180,0.30470,0.02440,2560000,-1.00000,665780388892,0.00000
2035,1017,0,2.87500,0.00000,0.00000,0.01970,0,-1.00000,665780417650,0.00000
2036,1018,0,1.66320,2.12790,0.24030,0.02850,2560000,-1.00000,665780434065,0.00000
2037,1018,0,2.99790,0.00000,0.00000,0.02260,0,-1.00000,665780463275,0.00000
2038,1019,0,1.57760,2.01070,0.23310,0.02250,2560000,-1.00000,665780480047,0.00000
2039,1019,0,2.80400,0.00000,0.00000,0.02020,0,-1.00000,665780508808,0.00000
2040,1020,0,1.71990,2.19940,0.24120,0.04270,2560000,-1.00000,665780525430,0.00000
2041,1020,0,3.09710,0.00000,0.00000,0.01950,0,-1.00000,665780555428,0.00000
2042,1021,0,1.49600,1.99870,0.35610,0.02470,2560000,-1.00000,665780571185,0.00000
2043,1021,0,2.94040,0.00000,0.00000,0.01960,0,-1.00000,665780599229,0.00000
2044,1022,0,3.83780,2.07210,0.20640,0.02310,2560000,-1.00000,665780616420,0.00000
2045,1022,0,2.84820,0.00000,0.00000,0.01800,0,-1.00000,665780647422,0.00000
2046,1023,0,1.90380,2.00570,0.23310,0.02440,2560000,-1.00000,665780662359,0.00000
2047,1023,0,2.92180,0.00000,0.00000,0.02320,0,-1.00000,665780691768,0.00000
2048,1024,0,1.47320,2.10910,0.26170,0.02820,2560000,-1.00000,665780730132,0.00000
2049,1024,0,2.98250,0.00000,0.00000,0.02440,0,-1.00000,665780758622,0.00000
2050,1025,0,1.59400,1.97930,0.20670,0.02390,2560000,-1.00000,665780777655,0.00000
2051,1025,0,2.80050,0.00000,0.00000,0.01780,0,-1.00000,665780806887,0.00000
2052,1026,0,1.75910,2.19100,0.21020,0.02290,2560000,-1.00000,665780821605,0.00000
2053,1026,0,2.99060,0.00000,0.00000,0.01860,0,-1.00000,665780851446,0.00000
2054,1027,0,1.47040,2.09300,0.23020,0.02350,2560000,-1.00000,665780867375,0.00000
2055,1027,0,3.00530,0.00000,0.00000,0.02500,0,-1.00000,665780895378,0.00000
2056,1028,0,1.65250,2.05600,0.20260,0.03790,2560000,-1.00000,665780912996,0.00000
2057,1028,0,3.33260,0.00000,0.00000,0.01750,0,-1.00000,665780942882,0.00000
2058,1029,0,1.23490,1.90610,0.21880,0.02350,2560000,-1.00000,665780957574,0.00000
2059,1029,0,3.31541,0.00000,0.00000,0.01790,0,-1.00000,665780987642,0.00000
2060,1030,0,4.47780,2.11310,0.36500,0.03410,2560000,-1.00000,665781004169,0.00000
2061,1030,0,3.08830,0.00000,0.00000,0.01820,0,-1.00000,665781037494,0.00000
2062,1031,0,0.58580,2.12490,0.20090,0.02310,2560000,-1.00000,665781049835,0.00000
2063,1031,0,2.95830,0.00000,0.00000,0.02170,0,-1.00000,665781082985,0.00000
2064,1032,0,1.59470,2.19190,0.24660,0.02580,2560000,-1.00000,665781127769,0.00000
2065,1032,0,3.05410,0.00000,0.00000,0.02160,0,-1.00000,665781158653,0.00000
2066,1033,0,1.53099,2.01860,0.23470,0.02260,2560000,-1.00000,665781164507,0.00000
2067,1033,0,2.88581,0.00000,0.00000,0.01870,0,-1.00000,665781194099,0.00000
2068,1034,0,4.01229,2.12380,0.18470,0.04610,2560000,-1.00000,665781210035,0.00000
2069,1034,0,3.22870,0.00000,0.00000,0.02190,0,-1.00000,665781240585,0.00000
2070,1035,0,1.23110,2.15170,0.22340,0.02100,2560000,-1.00000,665781255885,0.00000
2071,1035,0,3.02611,0.00000,0.00000,0.02220,0,-1.00000,665781284747,0.00000
2072,1036,0,1.69799,2.10960,0.26090,0.02220,2560000,-1.00000,665781324887,0.00000
2073,1036,0,2.96600,0.00000,0.00000,0.01710,0,-1.00000,665781357164,0.00000
2074,1037,0,1.46560,2.04190,0.22510,0.02210,2560000,-1.00000,665781369461,0.00000
2075,1037,0,2.84580,0.00000,0.00000,0.02090,0,-1.00000,665781399723,0.00000
2076,1038,0,3.99690,2.13700,0.20990,0.02420,2560000,-1.00000,665781416707,0.00000
2077,1038,0,2.93019,0.00000,0.00000,0.02020,0,-1.00000,665781446365,0.00000
2078,1039,0,1.61880,2.06700,0.24990,0.02220,2560000,-1.00000,665781461019,0.00000
2079,1039,0,2.91060,0.00000,0.00000,0.01680,0,-1.00000,665781489483,0.00000
2080,1040,0,1.65370,2.09840,0.24320,0.02630,2560000,-1.00000,665781529448,0.00000
2081,1040,0,2.94360,0.00000,0.00000,0.02190,0,-1.00000,665781558756,0.00000
2082,1041,0,1.62570,2.18270,0.22310,0.03830,2560000,-1.00000,665781574934,0.00000
2083,1041,0,3.19270,0.00000,0.00000,0.02320,0,-1.00000,665781604046,0.00000
2084,1042,0,1.41520,2.13020,0.21010,0.02290,2560000,-1.00000,665781620580,0.00000
2085,1042,0,2.96490,0.00000,0.00000,0.01880,0,-1.00000,665781650022,0.00000
2086,1043,0,1.61010,2.16390,0.20360,0.02220,2560000,-1.00000,665781666284,0.00000
2087,1043,0,2.97090,0.00000,0.00000,0.02260,0,-1.00000,665781698225,0.00000
2088,1044,0,1.62800,2.10370,0.24010,0.02340,2560000,-1.00000,665781712350,0.00000
2089,1044,0,2.95950,0.00000,0.00000,0.02020,0,-1.00000,665781742065,0.00000
2090,1045,0,2.59131,2.12590,0.23500,0.02090,2560000,-1.00000,665781758103,0.00000
2091,1045,0,2.90789,0.00000,0.00000,0.02030,0,-1.00000,665781787823,0.00000
2092,1046,0,1.44620,2.20370,0.21320,0.02700,2560000,-1.00000,665781804107,0.00000
2093,1046,0,3.05940,0.00000,0.00000,0.01930,0,-1.00000,665781833688,0.00000
2094,1047,0,0.66740,2.06600,0.31600,0.02830,2560000,-1.00000,665781859597,0.00000
2095,1047,0,3.20170,0.00000,0.00000,0.02160,0,-1.00000,665781888678,0.00000
2096,1048,0,1.44300,2.14230,0.19730,0.02700,2560000,-1.00000,665781903140,0.00000
2097,1048,0,3.02750,0.00000,0.00000,0.02300,0,-1.00000,665781933740,0.00000
2098,1049,0,1.52730,2.07730,0.21170,0.02190,2560000,-1.00000,665781940406,0.00000
2099,1049,0,2.89660,0.00000,0.00000,0.02060,0,-1.00000,665781972450,0.00000
2100,1050,0,3.89850,1.96430,0.21860,0.03340,2560000,-1.00000,665781986861,0.00000
