tick,total_ms,navigation_ms,neighbors_ms,avoidance_ms,integration_ms,expanded,pending,failed,coarse,fallbacks,replans,first_arrived,current_arrived,never_ready,safety_pair_checks,limited
1,14.37000,10.24600,2.38010,1.67940,0.06310,661,994,0,16,0,0,0,0,994,1534,0
2,8.70900,5.20000,2.66890,0.80950,0.02930,658,978,0,32,0,0,0,0,978,1534,0
3,8.18210,4.36880,2.93340,0.85490,0.02360,441,962,0,48,0,0,0,0,962,1538,0
4,7.81820,4.01970,2.54470,1.22300,0.02940,414,947,0,64,0,0,0,0,946,1541,0
5,7.88440,4.47560,2.61520,0.77160,0.02070,607,932,0,80,0,0,0,0,930,1540,0
6,7.48990,3.89770,2.76990,0.79180,0.02890,457,916,0,96,0,0,0,0,914,1537,0
7,7.33020,4.11210,2.34510,0.84170,0.02910,706,900,0,112,0,0,0,0,898,1544,0
8,7.53130,4.21210,2.51150,0.78290,0.02320,609,885,0,128,0,0,0,0,882,1535,0
9,7.25000,3.91850,2.45130,0.84750,0.03080,641,870,0,144,0,0,0,0,866,1533,0
10,8.15300,4.44580,2.58710,1.08100,0.03710,738,854,0,160,0,0,0,0,850,1535,0
11,7.51680,4.25390,2.43020,0.80130,0.02980,582,838,0,176,0,0,0,0,834,1535,0
12,6.91860,3.54470,2.58270,0.76630,0.02370,404,822,0,192,0,0,0,0,818,1532,0
13,6.60310,3.57060,2.23450,0.77240,0.02410,480,807,0,208,0,0,0,0,802,1537,0
14,6.71620,3.68470,2.23560,0.77230,0.02210,509,791,0,224,0,0,0,0,786,1541,0
15,6.81490,3.66920,2.33090,0.78670,0.02670,732,775,0,240,0,0,0,0,770,1545,0
16,8.85720,5.59510,2.42760,0.80720,0.02550,645,760,0,256,0,0,0,0,754,1550,0
17,7.40000,4.13920,2.28380,0.93720,0.03810,412,744,0,272,0,0,0,0,738,1563,0
18,7.28040,4.07760,2.33410,0.83720,0.02960,487,728,0,288,0,0,0,0,722,1570,0
19,7.76850,4.53320,2.19760,0.99520,0.04060,768,712,0,304,0,0,0,0,706,1571,0
20,8.05310,4.90400,2.28000,0.83520,0.03240,901,696,0,320,0,0,0,0,690,1572,0
21,7.50550,4.37010,2.28500,0.82090,0.02800,460,681,0,336,0,0,0,0,674,1557,0
22,7.50810,4.36080,2.27290,0.84150,0.03130,645,665,0,352,0,0,0,0,658,1545,0
23,7.13840,3.86920,2.35640,0.88590,0.02490,498,650,0,368,0,0,0,0,642,1570,0
24,7.04380,3.93450,2.28580,0.79660,0.02510,683,635,0,384,0,0,0,0,626,1585,0
25,6.72430,3.45490,2.29540,0.94470,0.02790,573,621,0,400,0,0,0,0,610,1597,0
26,6.58810,3.37920,2.36690,0.81150,0.02940,563,606,0,416,0,0,0,0,594,1603,0
27,6.72550,3.54640,2.29660,0.85290,0.02820,599,591,0,432,0,0,0,0,578,1605,0
28,7.02430,3.51150,2.55000,0.91710,0.04450,560,576,0,448,0,0,0,0,562,1611,0
29,6.63100,3.49600,2.29670,0.81370,0.02350,448,561,0,464,0,0,0,0,546,1625,0
30,6.53820,3.37900,2.28940,0.84270,0.02570,496,547,0,480,0,0,0,0,530,1623,0
31,15.56600,11.61440,3.01910,0.90990,0.02060,1721,531,0,495,1,0,0,0,514,1630,0
32,7.56190,3.75570,2.83690,0.94200,0.02610,584,515,0,511,1,0,0,0,498,1636,0
33,7.37530,3.77730,2.67540,0.89860,0.02230,585,500,0,527,1,0,0,0,482,1639,0
34,7.64910,3.64010,3.08800,0.90030,0.01980,705,486,0,543,1,0,0,0,466,1645,0
35,7.66200,3.80330,2.96220,0.86400,0.03100,807,470,0,559,1,0,0,0,450,1654,0
36,7.86760,4.25000,2.68270,0.90850,0.02500,644,455,0,575,1,0,0,0,434,1682,0
37,7.67610,4.14920,2.63690,0.86730,0.02130,552,441,0,591,1,0,0,0,418,1686,0
38,7.77180,4.24630,2.54070,0.94950,0.03390,864,427,0,607,1,0,0,0,402,1669,0
39,7.87870,4.31870,2.65940,0.87420,0.02460,682,411,0,623,1,0,0,0,386,1679,0
40,7.45880,3.75630,2.79810,0.87670,0.02630,613,395,0,639,1,0,0,0,370,1679,0
41,7.81540,4.25390,2.63630,0.89660,0.02630,454,380,0,655,1,0,0,0,354,1704,0
42,7.35630,4.09670,2.36410,0.86480,0.02900,738,364,0,671,1,0,0,0,338,1718,0
43,7.65640,4.34140,2.40880,0.87680,0.02730,563,348,0,687,1,0,0,0,322,1733,0
44,7.75670,4.29900,2.54570,0.88380,0.02670,661,332,0,703,1,0,0,0,306,1733,0
45,7.21150,4.03240,2.18850,0.95220,0.03660,668,317,0,719,1,0,0,0,290,1755,0
46,9.25750,5.86440,2.41360,0.95290,0.02520,614,302,0,735,1,0,0,0,274,1795,0
47,7.78260,4.19360,2.60860,0.94780,0.03100,583,286,0,751,1,0,0,0,258,1822,0
48,8.22820,4.27370,2.96650,0.95820,0.02790,557,272,0,767,1,0,0,0,242,1875,0
49,7.86210,4.19910,2.59580,1.00330,0.06210,542,257,0,783,1,0,0,0,226,1899,0
50,8.39440,4.81450,2.59680,0.93700,0.04420,581,242,0,799,1,0,0,0,210,1917,0
51,7.85240,4.27120,2.54090,1.00570,0.03320,607,226,0,815,1,0,0,0,194,1910,0
52,16.53360,12.63910,2.90100,0.96010,0.03130,2576,211,0,831,2,0,0,0,178,1933,0
53,16.82630,13.20160,2.62320,0.97480,0.02460,2747,198,0,846,2,0,0,0,162,1950,0
54,7.82000,4.09330,2.70380,0.99540,0.02560,640,185,0,862,2,0,0,0,146,1953,0
55,7.49970,4.07560,2.38610,1.00590,0.03030,547,169,0,878,2,0,0,0,130,1974,0
56,12.46530,8.78520,2.55770,1.09350,0.02740,1667,153,0,894,3,0,0,0,114,2005,0
57,22.21460,18.52780,2.64920,1.00280,0.03330,4096,140,0,907,3,0,0,0,101,2050,0
58,22.37500,18.72200,2.56580,1.05270,0.03290,4096,128,0,921,3,0,0,0,87,2100,0
59,20.97750,17.29240,2.60640,1.04650,0.03060,4096,116,0,935,3,0,0,0,73,2108,0
60,21.66960,18.02080,2.64010,0.97340,0.03410,4096,102,0,949,3,0,0,0,59,2142,0
61,24.11300,19.05110,3.96850,1.06820,0.02340,4096,90,0,963,3,0,0,0,45,2154,0
62,22.05980,17.91580,3.07580,1.03770,0.02870,4096,75,0,978,3,0,0,0,30,2176,0
63,21.47090,17.35420,3.04080,1.04480,0.02900,4096,63,0,992,3,0,0,0,16,2183,0
64,20.95940,16.73230,3.08490,1.10410,0.03630,4096,52,0,1004,4,0,0,0,4,2226,0
65,21.24230,17.31070,2.74610,1.14860,0.03510,4096,40,0,1016,4,0,0,0,1,2247,0
66,21.42520,17.25870,2.68340,1.41970,0.06180,4096,29,0,1030,4,0,0,0,1,2275,0
67,21.46580,17.61380,2.70650,1.11220,0.03180,4096,16,0,1045,4,0,0,0,1,2300,0
68,20.06510,16.31240,2.64540,1.07470,0.03090,4096,4,0,1060,4,0,0,0,1,2326,0
69,19.10560,15.27740,2.60800,1.19210,0.02610,4096,1,0,1063,4,0,0,0,1,2359,0
70,18.39880,14.80980,2.56110,0.99120,0.03510,4096,1,0,1065,4,0,0,0,1,2387,0
71,18.05330,14.40450,2.58990,1.03360,0.02270,4096,1,0,1066,4,0,0,0,1,2430,0
72,17.79870,13.88530,2.63800,1.22900,0.04510,4096,1,0,1066,4,0,0,0,1,2486,0
73,18.67550,14.77170,2.76300,1.10610,0.03270,4096,1,0,1069,4,0,0,0,1,2539,0
74,18.41960,14.42750,2.84450,1.11380,0.03190,4096,1,0,1072,4,0,0,0,1,2582,0
75,17.68800,13.85400,2.64940,1.13900,0.04420,4096,1,0,1074,4,0,0,0,1,2603,0
76,23.17150,19.34620,2.64590,1.15090,0.02670,4096,1,0,1078,4,0,0,0,1,2643,0
77,26.18310,22.44840,2.59020,1.10720,0.03560,4096,1,0,1080,4,0,0,0,1,2703,0
78,19.89430,16.06490,2.63970,1.15590,0.03210,4096,1,0,1086,4,0,0,0,1,2717,0
79,10.10800,6.30890,2.68550,1.08120,0.03070,1709,0,0,1086,4,0,0,0,0,2765,0
80,5.10430,1.20530,2.69130,1.17140,0.03490,50,0,0,1088,4,0,0,0,0,2812,0
81,5.06340,1.17810,2.67080,1.18000,0.03340,47,0,0,1091,4,0,0,0,0,2843,0
82,4.64870,0.87610,2.66450,1.08480,0.02230,32,0,0,1093,4,0,0,0,0,2867,0
83,4.59250,0.80450,2.66320,1.09830,0.02540,75,0,0,1095,4,0,0,0,0,2911,0
84,4.65750,0.84680,2.67270,1.10790,0.02890,51,0,0,1096,4,0,0,0,0,2929,0
85,5.41400,1.39790,2.82330,1.16290,0.02830,101,0,0,1099,4,0,0,0,0,2979,0
86,5.23150,1.31050,2.67510,1.21990,0.02480,117,0,0,1103,4,0,0,0,0,3012,0
87,5.24580,1.23950,2.66780,1.28370,0.05250,87,0,0,1107,4,0,0,0,0,3075,0
88,5.73440,1.68290,2.73940,1.28840,0.02250,141,0,0,1111,4,0,0,0,0,3134,0
89,4.74810,0.90160,2.65760,1.16170,0.02590,44,0,0,1113,4,0,0,0,0,3192,0
90,4.60040,0.47230,2.80210,1.30150,0.02370,0,0,0,1113,4,0,0,0,0,3280,0
91,8.65510,3.07210,4.12430,1.41600,0.04110,60,0,0,1115,4,0,0,0,0,3336,0
92,7.32790,0.95280,4.55530,1.75230,0.06620,20,0,0,1116,4,0,0,0,0,3370,0
93,7.52000,1.66540,4.50730,1.32770,0.01850,133,0,0,1120,4,0,0,0,0,3356,0
94,5.70760,1.11570,3.16030,1.39870,0.03170,94,0,0,1123,4,0,0,0,0,3405,0
95,4.99360,0.74740,3.04550,1.18010,0.01990,15,0,0,1124,4,0,0,0,0,3441,0
96,5.89080,0.96450,3.25820,1.63520,0.03190,70,0,0,1126,4,0,0,0,0,3443,0
97,6.39360,1.21370,3.45270,1.69350,0.03280,61,0,0,1129,4,0,0,0,0,3497,0
98,6.06120,1.77910,3.01940,1.23330,0.02810,126,0,0,1134,4,0,0,0,0,3536,0
99,5.07770,0.75760,3.04140,1.25410,0.02340,21,0,0,1135,4,0,0,0,0,3582,0
100,5.08260,0.78790,3.03920,1.21650,0.03820,37,0,0,1136,4,0,0,0,0,3632,0
101,6.02510,1.41940,3.05930,1.49690,0.04850,97,0,0,1140,4,0,0,0,0,3664,0
102,5.89200,1.13810,3.08300,1.64610,0.02380,124,0,0,1143,4,0,0,0,0,3729,0
103,5.11040,0.88560,3.00350,1.19700,0.02330,30,0,0,1145,4,0,0,0,0,3806,0
104,6.02790,1.68190,3.13250,1.18960,0.02220,136,0,0,1150,4,0,0,0,0,3824,0
105,4.92940,0.50570,3.09540,1.29980,0.02720,0,0,0,1150,4,0,0,0,0,3871,0
106,8.19230,3.77920,3.15720,1.23090,0.02240,128,0,0,1156,4,0,0,0,0,3898,0
107,6.34450,1.77010,3.16980,1.37810,0.02470,72,0,0,1160,4,0,0,0,0,3912,0
108,6.12730,1.72440,3.08320,1.29270,0.02580,134,0,0,1164,4,0,0,0,0,3917,0
109,5.17290,0.85430,2.99550,1.28790,0.03190,20,0,0,1165,4,0,0,0,0,3956,0
110,4.75890,0.50940,2.90320,1.31780,0.02690,0,0,0,1165,4,0,0,0,0,4008,0
111,6.06890,1.61900,2.95080,1.45270,0.04480,58,0,0,1168,4,0,0,0,0,4064,0
112,5.59330,1.29240,2.91150,1.36250,0.02570,47,0,0,1170,4,0,0,0,0,4155,0
113,5.68170,1.49600,2.83010,1.33000,0.02470,108,0,0,1174,4,0,0,0,0,4202,0
114,5.06510,0.89210,2.82240,1.32470,0.02490,43,0,0,1176,4,0,0,0,0,4260,0
115,5.61380,1.04160,2.97320,1.57290,0.02470,38,0,0,1178,4,0,0,0,0,4309,0
116,5.44570,1.17490,2.87990,1.36130,0.02840,44,0,0,1181,4,0,0,0,0,4310,0
117,5.08880,0.80770,2.89490,1.36090,0.02390,13,0,0,1182,4,0,0,0,0,4273,0
118,5.57520,1.27090,2.94730,1.32760,0.02800,54,0,0,1185,4,0,0,0,0,4283,0
119,5.32790,1.11010,2.79400,1.39670,0.02580,31,0,0,1187,4,0,0,0,0,4453,0
120,5.36450,1.17590,2.81510,1.34300,0.02900,70,0,0,1189,4,0,0,0,0,4516,0
121,8.12600,3.08250,3.62040,1.38880,0.03210,37,0,0,1191,4,0,0,0,0,4545,0
122,6.11280,1.48200,3.18560,1.42060,0.02300,68,0,0,1195,4,0,0,0,0,4572,0
123,5.45380,0.89830,3.10370,1.42540,0.02510,55,0,0,1197,4,0,0,0,0,4604,0
124,7.00780,1.73070,3.73830,1.51030,0.02770,129,0,0,1203,4,0,0,0,0,4635,0
125,5.18520,0.87050,2.96450,1.32220,0.02700,59,0,0,1205,4,0,0,0,0,4615,0
126,5.40880,1.20540,2.89500,1.27820,0.02880,104,0,0,1208,4,0,0,0,0,4609,0
127,5.81470,1.66530,2.82990,1.29340,0.02480,153,0,0,1214,4,0,0,0,0,4647,0
128,5.44810,0.91690,3.15290,1.35710,0.02010,39,0,0,1216,4,0,0,0,0,4654,0
129,5.16210,1.10790,2.73500,1.28710,0.03060,58,0,0,1219,4,0,0,0,0,4702,0
130,4.96230,0.73250,2.89220,1.30970,0.02670,16,0,0,1220,4,0,0,0,0,4729,0
131,6.33810,2.16000,2.89000,1.26260,0.02440,203,0,0,1228,4,0,0,0,0,4785,0
132,5.64930,1.21870,2.94740,1.45410,0.02790,57,0,0,1231,4,0,0,0,0,4851,0
133,5.35970,0.94480,2.95140,1.43600,0.02620,32,0,0,1233,4,0,0,0,0,4900,0
134,5.89480,1.42520,2.97920,1.45840,0.03070,93,0,0,1237,4,0,0,0,0,4901,0
135,6.11090,1.62790,2.97720,1.46960,0.03500,160,0,0,1242,4,0,0,0,0,4902,0
136,6.83720,2.53230,2.95520,1.31570,0.03290,37,0,0,1244,4,0,0,0,0,4881,0
137,5.98730,1.59170,3.01510,1.35090,0.02830,124,0,0,1248,4,0,0,0,0,4970,0
138,5.47150,1.10910,2.86550,1.45360,0.04210,51,0,0,1251,4,0,0,0,0,4989,0
139,4.95330,0.73970,2.85200,1.32200,0.03870,30,0,0,1252,4,0,0,0,0,4979,0
140,5.64230,1.20000,3.00140,1.41010,0.02970,50,0,0,1255,4,0,0,0,0,4996,0
141,5.28400,1.16200,2.84030,1.25570,0.02490,102,0,0,1258,4,0,0,0,0,5039,0
142,5.67670,1.46030,2.89190,1.29520,0.02810,84,0,0,1263,4,0,0,0,0,5117,0
143,5.64960,1.26920,3.02430,1.33110,0.02370,68,0,0,1267,4,0,0,0,0,5145,0
144,5.36050,1.23110,2.79860,1.29830,0.03120,74,0,0,1271,4,0,0,0,0,5171,0
145,5.23440,0.75650,3.05340,1.39230,0.03130,26,0,0,1272,4,0,0,0,0,5119,0
146,5.52880,1.07200,3.14280,1.28780,0.02510,73,0,0,1274,4,0,0,0,0,5137,0
147,5.94290,1.50330,3.04180,1.36000,0.03660,117,0,0,1278,4,0,0,0,0,5180,0
148,5.39140,1.32450,2.75670,1.28220,0.02650,88,0,0,1282,4,0,0,0,0,5227,0
149,5.87540,1.30820,3.19620,1.34190,0.02730,74,0,0,1286,4,0,0,0,0,5249,0
150,6.02980,1.78300,2.96980,1.25180,0.02390,167,0,0,1292,4,0,0,0,0,5264,0
151,8.59100,3.77410,3.38440,1.38170,0.04880,172,0,0,1297,4,0,0,0,0,5279,0
152,7.80640,1.87440,4.47920,1.42170,0.02970,107,0,0,1302,4,0,0,0,0,5276,0
153,5.30430,0.81480,3.14510,1.30340,0.04000,37,0,0,1304,4,0,0,0,0,5308,0
154,5.21180,0.85300,2.98110,1.34400,0.03250,43,0,0,1306,4,0,0,0,0,5323,0
155,5.38960,1.10850,2.97790,1.26900,0.03260,51,0,0,1309,4,0,0,0,0,5313,0
156,5.95900,1.42090,3.23080,1.27990,0.02640,75,0,0,1313,4,0,0,0,0,5339,0
157,5.40560,1.12520,2.99830,1.25300,0.02790,52,0,0,1316,4,0,0,0,0,5413,0
158,5.37600,1.05400,3.02140,1.26050,0.03930,49,0,0,1319,4,0,0,0,0,5426,0
159,5.58450,1.33720,2.95460,1.26610,0.02550,75,0,0,1323,4,0,0,0,0,5504,0
160,5.04740,0.72200,2.99460,1.30370,0.02540,26,0,0,1324,4,0,0,0,0,5530,0
161,5.53770,1.20440,2.92350,1.37330,0.03540,116,0,0,1327,4,0,0,0,0,5539,0
162,6.49480,1.66200,3.38390,1.41460,0.03290,119,0,0,1332,4,0,0,0,0,5505,0
163,5.75030,1.19020,3.21650,1.31140,0.03100,106,0,0,1335,4,0,0,0,0,5570,0
164,5.76440,1.21360,3.19320,1.32760,0.02900,50,0,0,1338,4,0,0,0,0,5597,0
165,5.28380,0.55330,3.22050,1.47080,0.03800,0,0,0,1338,4,0,0,0,0,5585,0
166,7.80820,3.09750,3.32980,1.35170,0.02790,121,0,0,1341,4,0,0,0,0,5623,0
167,5.85470,1.25460,3.16290,1.39570,0.04050,83,0,0,1344,4,0,0,0,0,5580,0
168,5.59910,1.08140,3.05390,1.43160,0.03090,63,0,0,1346,4,0,0,0,0,5662,0
169,5.67680,1.02140,3.18830,1.44140,0.02450,58,0,0,1348,4,0,0,0,0,5748,0
170,6.10090,1.59940,3.07830,1.38850,0.03210,121,0,0,1353,4,0,0,0,0,5753,0
171,5.33220,0.87900,3.01850,1.40670,0.02680,50,0,0,1355,4,0,0,0,0,5771,0
172,5.71870,1.16470,3.15190,1.37000,0.03090,52,0,0,1358,4,0,0,0,0,5749,0
173,5.71110,1.12730,3.15190,1.40070,0.03020,62,0,0,1361,4,0,0,0,0,5720,0
174,5.53110,0.94060,3.19080,1.37250,0.02560,42,0,0,1363,4,0,0,0,0,5750,0
175,4.93110,0.44160,3.18220,1.28100,0.02540,0,0,0,1363,4,0,0,0,0,5794,0
176,5.37180,1.00110,2.97580,1.36290,0.03110,46,0,0,1365,4,0,0,0,0,5845,0
177,5.56690,1.08520,3.17510,1.27910,0.02580,43,0,0,1368,4,0,0,0,0,5927,0
178,5.29440,0.70540,3.11750,1.43970,0.03020,51,0,0,1369,4,0,0,0,0,5959,0
179,6.21700,1.66580,3.20000,1.32310,0.02640,69,0,0,1373,4,0,0,0,0,5940,0
180,4.85670,0.44610,3.03400,1.33950,0.03630,0,0,0,1373,4,0,0,0,0,5964,0
181,9.20940,3.47340,4.15360,1.54900,0.03160,113,0,0,1377,4,0,0,0,0,5978,0
182,7.49140,1.13900,4.82090,1.50010,0.03030,92,0,0,1379,4,0,0,0,0,5993,0
183,7.94040,1.26100,5.06180,1.58410,0.03240,50,0,0,1382,4,0,0,0,0,6008,0
184,6.34140,1.47610,3.53130,1.31000,0.02290,142,0,0,1386,4,0,0,0,0,6063,0
185,6.98890,1.28170,3.58210,2.07670,0.04740,60,0,0,1389,4,0,0,0,0,6133,0
186,6.43390,1.51690,3.44880,1.43030,0.03660,99,0,0,1394,4,0,0,0,0,6153,0
187,5.86830,0.97790,3.42680,1.42440,0.03810,45,0,0,1396,4,0,0,0,0,6170,0
188,5.33110,0.45440,3.51820,1.33430,0.02330,0,0,0,1396,4,0,0,0,0,6243,0
189,5.50950,0.74670,3.37100,1.36450,0.02630,19,0,0,1397,4,0,0,0,0,6307,0
190,5.78710,0.97000,3.45770,1.31260,0.04550,36,0,0,1399,4,0,0,0,0,6313,0
191,5.97450,1.45100,3.17120,1.32710,0.02380,52,0,0,1402,4,0,0,0,0,6344,0
192,6.27780,1.34840,3.42720,1.45890,0.04170,42,0,0,1405,4,0,0,0,0,6370,0
193,5.12280,0.55860,3.20930,1.32460,0.02950,0,0,0,1405,4,0,0,0,0,6410,0
194,5.99840,1.21720,3.25770,1.49150,0.03080,37,0,0,1407,4,0,0,0,0,6416,0
195,6.48080,1.62730,3.31140,1.51580,0.02510,119,0,0,1412,4,0,0,0,0,6479,0
196,7.65450,2.85930,3.35930,1.40470,0.03010,62,0,0,1416,4,0,0,0,0,6526,0
197,5.52860,0.68010,3.37240,1.44130,0.03360,74,0,0,1417,4,0,0,0,0,6595,0
198,5.95030,1.23980,3.26650,1.41690,0.02600,47,0,0,1420,4,0,0,0,0,6624,0
199,6.63400,1.75380,3.13940,1.70550,0.03380,163,0,0,1426,4,0,0,0,0,6636,0
200,6.12500,1.42350,3.21220,1.45630,0.03180,99,0,0,1430,4,0,0,0,0,6651,0
201,5.93540,1.13730,3.39440,1.38070,0.02170,101,0,0,1433,4,0,0,0,0,6727,0
202,5.69960,0.69680,3.43270,1.53490,0.03410,14,0,0,1434,4,0,0,0,0,6772,0
203,5.78280,0.72850,3.51480,1.50770,0.03030,13,0,0,1435,4,0,0,0,0,6839,0
204,6.86260,1.77400,3.43400,1.62550,0.02800,136,0,0,1441,4,0,0,0,0,6780,0
205,5.79920,0.98350,3.36930,1.41940,0.02600,42,0,0,1443,4,0,0,0,0,6776,0
206,5.94560,0.89610,3.49200,1.52780,0.02870,51,0,0,1445,4,0,0,0,0,6756,0
207,5.59430,0.73460,3.39280,1.44150,0.02450,13,0,0,1446,4,0,0,0,0,6830,0
208,5.88630,1.01290,3.37590,1.46880,0.02770,32,0,0,1448,4,0,0,0,0,6878,0
209,6.56770,1.65940,3.41530,1.46890,0.02270,96,0,0,1454,4,0,0,0,0,6866,0
210,6.31800,1.25050,3.59160,1.44600,0.02860,77,0,0,1458,4,0,0,0,0,6928,0
211,11.46690,3.50590,6.21090,1.72060,0.02800,116,0,0,1462,4,0,0,0,0,6995,0
212,9.21770,0.97320,5.74340,2.46590,0.03410,41,0,0,1464,4,0,0,0,0,6971,0
213,8.03390,1.31580,5.13930,1.55770,0.01970,41,0,0,1467,4,0,0,0,0,6957,0
214,7.77380,1.19920,4.36360,2.19080,0.01950,63,0,0,1470,4,0,0,0,0,7044,0
215,7.72850,1.40500,4.33580,1.95840,0.02850,95,0,0,1475,4,0,0,0,0,7084,0
216,7.20870,1.09720,4.37020,1.71770,0.02280,91,0,0,1478,4,0,0,0,0,7154,0
217,6.42560,0.82000,3.96430,1.61660,0.02380,32,0,0,1480,4,0,0,0,0,7240,0
218,7.44990,1.05730,4.62920,1.73830,0.02420,39,0,0,1483,4,0,0,0,0,7215,0
219,7.36150,1.18850,4.20600,1.94740,0.01860,53,0,0,1486,4,0,0,0,0,7240,0
220,7.12020,1.30530,4.27740,1.51690,0.01980,79,0,0,1490,4,0,0,0,0,7296,0
221,6.41400,0.89480,3.97770,1.52360,0.01700,35,0,0,1492,4,0,0,0,0,7424,0
222,7.89490,1.50680,4.29510,2.07300,0.01920,73,0,0,1497,4,0,0,0,0,7497,0
223,6.58270,0.81270,4.17580,1.56790,0.02530,34,0,0,1499,4,0,0,0,0,7561,0
224,6.98820,1.25110,4.21890,1.49830,0.01900,95,0,0,1503,4,0,0,0,0,7608,0
225,6.83470,0.81390,3.94360,2.05490,0.02160,31,0,0,1505,4,0,0,0,0,7655,0
226,8.18860,2.62590,3.99400,1.54660,0.02130,90,0,0,1508,4,0,0,0,0,7753,0
227,7.23800,1.79250,3.88020,1.53520,0.02880,142,0,0,1515,4,0,0,0,0,7769,0
228,6.93850,1.72810,3.67680,1.50790,0.02350,100,0,0,1521,4,0,0,0,0,7805,0
229,6.42330,1.28670,3.56030,1.53180,0.04340,107,0,0,1525,4,0,0,0,0,7902,0
230,6.93770,1.19750,4.17790,1.53520,0.02630,68,0,0,1529,4,0,0,0,0,7929,0
231,6.16360,1.05870,3.54980,1.53240,0.02190,50,0,0,1532,4,0,0,0,0,8029,0
232,6.39690,1.17410,3.60040,1.58410,0.03720,57,0,0,1536,4,0,0,0,0,8034,0
233,6.37670,1.27620,3.48870,1.58830,0.02260,58,0,0,1541,4,0,0,0,0,8062,0
234,6.18300,0.85030,3.67790,1.63290,0.02110,35,0,0,1543,4,0,0,0,0,8042,0
235,6.92800,1.91300,3.46770,1.51410,0.03230,119,0,0,1552,4,0,0,0,0,8111,0
236,5.65760,0.70340,3.45920,1.46530,0.02890,22,0,0,1553,4,0,0,0,0,8149,0
237,6.59510,1.48950,3.61580,1.46520,0.02370,122,0,0,1558,4,0,0,0,0,8165,0
238,6.24330,1.18740,3.56140,1.46860,0.02490,97,0,0,1562,4,0,0,0,0,8184,0
239,6.03700,1.14100,3.35740,1.51040,0.02710,50,0,0,1566,4,0,0,0,0,8268,0
240,6.03190,0.75090,3.65390,1.59700,0.02890,14,0,0,1567,4,0,0,0,0,8268,0
241,8.27300,3.37830,3.36270,1.50080,0.02870,77,0,0,1572,4,0,0,0,0,8335,0
242,6.99230,1.96510,3.52670,1.47620,0.02300,145,0,0,1580,4,0,0,0,0,8370,0
243,6.46590,1.32160,3.55420,1.56660,0.02260,82,0,0,1585,4,0,0,0,0,8444,0
244,6.41070,1.31490,3.45320,1.61140,0.03040,90,0,0,1590,4,0,0,0,0,8458,0
245,10.49180,2.36690,5.27860,2.79550,0.04950,31,0,0,1593,4,0,0,0,0,8425,0
246,10.44740,0.96820,7.56600,1.88320,0.02890,13,0,0,1594,4,0,0,0,0,8441,0
247,8.46170,1.74560,4.17740,2.48880,0.04890,64,0,0,1597,4,0,0,0,0,8452,0
248,6.09580,0.97170,3.51820,1.57900,0.02580,36,0,0,1600,4,0,0,0,0,8525,0
249,6.44010,1.35940,3.52190,1.53490,0.02280,64,0,0,1605,4,0,0,0,0,8549,0
250,6.42460,1.66670,3.17970,1.55050,0.02680,116,0,0,1612,4,0,0,0,0,8550,0
251,5.65110,0.88040,3.26520,1.48270,0.02200,33,0,0,1614,4,0,0,0,0,8596,0
252,6.52070,1.82580,3.26110,1.40970,0.02320,104,0,0,1623,4,0,0,0,0,8613,0
253,5.42350,0.60130,3.27770,1.51610,0.02740,26,0,0,1624,4,0,1,1,0,8687,0
254,6.31300,1.18130,3.56160,1.54710,0.02230,36,0,0,1628,4,0,1,1,0,8680,0
255,5.79790,0.92120,3.33300,1.51620,0.02660,35,0,0,1631,4,0,1,1,0,8704,0
256,6.98360,2.08170,3.44790,1.43160,0.02120,62,0,0,1635,4,0,1,1,0,8711,0
257,6.89840,1.96310,3.32490,1.58760,0.02170,88,0,0,1642,4,0,1,1,0,8783,0
258,6.07100,1.32790,3.27800,1.44670,0.01740,78,0,0,1647,4,0,1,1,0,8878,0
259,6.11940,0.94560,3.54650,1.59570,0.03080,59,0,0,1650,4,0,1,1,0,8925,0
260,6.32420,1.09420,3.59830,1.60540,0.02530,52,0,0,1654,4,0,1,1,0,8974,0
261,5.64830,0.61720,3.47940,1.51980,0.03100,18,0,0,1655,4,0,1,1,0,9006,0
262,5.83390,0.98250,3.26620,1.55900,0.02550,57,0,0,1658,4,0,1,1,0,9057,0
263,6.39370,1.14200,3.64680,1.57340,0.03090,67,0,0,1662,4,0,1,1,0,9084,0
264,6.02600,1.16960,3.27330,1.55540,0.02690,89,0,0,1666,4,0,1,1,0,9078,0
265,6.25780,1.14410,3.52580,1.56380,0.02330,52,0,0,1670,4,0,1,1,0,9006,0
266,5.75480,0.96580,3.28930,1.47520,0.02340,48,0,0,1673,4,0,1,1,0,8996,0
267,6.20470,0.96980,3.65260,1.55570,0.02590,39,0,0,1676,4,0,1,1,0,9013,0
268,6.14810,1.25990,3.32310,1.53950,0.02230,63,0,0,1681,4,0,1,1,0,9035,0
269,7.03220,1.78270,3.63880,1.58790,0.02190,93,0,0,1689,4,0,1,1,0,9041,0
270,6.27760,1.46400,3.29510,1.48580,0.03170,101,0,0,1695,4,0,2,2,0,9054,0
271,11.12400,3.00150,6.15990,1.92620,0.03540,46,0,0,1698,4,0,2,2,0,9074,0
272,8.31010,1.48070,5.00910,1.75090,0.06820,87,0,0,1703,4,0,2,2,0,9150,0
273,7.95930,1.81100,4.44790,1.67210,0.02700,92,0,0,1710,4,0,2,2,0,9166,0
274,7.62880,1.22540,4.29700,2.07700,0.02860,58,0,0,1714,4,0,2,2,0,9219,0
275,7.20360,0.94810,4.52670,1.69550,0.03220,47,0,0,1717,4,0,2,2,0,9217,0
276,6.21840,0.61340,3.96460,1.60580,0.03390,25,0,0,1718,4,0,2,2,0,9197,0
277,7.72140,1.61060,4.53030,1.54860,0.03120,82,0,0,1724,4,0,2,2,0,9213,0
278,7.23290,1.06850,4.53300,1.60540,0.02510,75,0,0,1727,4,0,2,2,0,9176,0
279,6.54550,0.62430,4.32330,1.56190,0.03500,7,0,0,1728,4,0,2,2,0,9202,0
280,6.88070,1.09080,4.09400,1.67400,0.02130,39,0,0,1732,4,0,2,2,0,9121,0
281,6.66240,0.82920,4.21480,1.58940,0.02800,27,0,0,1734,4,0,2,2,0,9080,0
282,6.70900,0.78200,4.32870,1.56970,0.02790,15,0,0,1736,4,0,2,2,0,9056,0
283,6.39050,0.65360,4.18610,1.51980,0.02990,11,0,0,1737,4,0,2,2,0,9091,0
284,7.57760,2.24350,3.77140,1.53540,0.02550,90,0,0,1745,4,0,2,2,0,9094,0
285,7.18420,1.87880,3.68320,1.59190,0.02890,101,0,0,1752,4,0,2,2,0,9108,0
286,7.64350,2.43250,3.68140,1.49850,0.02950,16,0,0,1753,4,0,2,2,0,9121,0
287,6.98640,1.70590,3.61800,1.63640,0.02520,65,0,0,1758,4,0,2,2,0,9167,0
288,6.45550,1.09570,3.73980,1.59870,0.02040,41,0,0,1762,4,0,2,2,0,9079,0
289,6.86340,1.56740,3.64010,1.61860,0.03630,103,0,0,1769,4,0,2,2,0,9033,0
290,6.01380,0.78360,3.61180,1.58720,0.03020,20,0,0,1771,4,0,2,2,0,9027,0
291,6.98850,1.20410,4.03180,1.72010,0.03150,78,0,0,1775,4,0,2,2,0,9013,0
292,6.14690,0.79570,3.71380,1.60580,0.03080,19,0,0,1777,4,0,2,2,0,9009,0
293,6.10630,0.95600,3.64340,1.47950,0.02660,67,0,0,1780,4,0,2,2,0,9033,0
294,6.35740,0.55490,4.08700,1.66920,0.04520,0,0,0,1780,4,0,2,2,0,8986,0
295,6.18700,0.65200,3.76250,1.74600,0.02550,8,0,0,1781,4,0,3,3,0,9000,0
296,6.85060,1.53460,3.60800,1.64850,0.05850,109,0,0,1787,4,0,3,3,0,9008,0
297,6.48620,1.28700,3.56180,1.61440,0.02220,77,0,0,1792,4,0,3,3,0,9051,0
298,5.54980,0.77380,3.23360,1.50950,0.03220,24,0,0,1794,4,0,3,3,0,9047,0
299,7.09310,1.52420,3.88190,1.66560,0.02040,66,0,0,1800,4,0,3,3,0,9047,0
300,6.06080,1.22830,3.27060,1.52870,0.03250,66,0,0,1805,4,0,3,3,0,9028,0
301,9.68060,2.73260,5.22140,1.67440,0.04970,15,0,0,1806,4,0,3,3,0,8959,0
302,8.03050,1.89710,4.51360,1.59050,0.02750,63,0,0,1812,4,0,4,3,0,9020,0
303,7.96510,1.32920,5.00600,1.58790,0.04070,48,0,0,1815,4,0,4,4,0,8965,0
304,7.60790,1.66860,4.36690,1.53510,0.03510,68,0,0,1819,4,0,4,4,0,8925,0
305,7.13540,1.37360,4.13370,1.58930,0.03730,28,0,0,1822,4,0,6,6,0,8896,0
306,7.24930,1.36710,4.20090,1.64880,0.03130,77,0,0,1826,4,0,6,6,0,8944,0
307,7.14200,1.47450,4.06750,1.54610,0.05240,62,0,0,1831,4,0,6,6,0,8931,0
308,6.11380,0.89530,3.62870,1.56590,0.02270,44,0,0,1833,4,0,6,6,0,8891,0
309,6.35830,0.64550,4.04170,1.63510,0.03500,12,0,0,1834,4,0,6,6,0,8839,0
310,6.61600,1.51790,3.51670,1.54750,0.03280,69,0,0,1840,4,0,6,6,0,8846,0
311,6.44950,1.52270,3.41590,1.48030,0.02970,151,0,0,1846,4,0,7,7,0,8768,0
312,6.35620,1.18100,3.63070,1.51330,0.03040,65,0,0,1850,4,0,7,7,0,8763,0
313,6.12470,1.10090,3.53860,1.46080,0.02350,45,0,0,1854,4,0,7,7,0,8773,0
314,6.72700,1.36810,3.68100,1.65010,0.02660,61,0,0,1859,4,0,7,7,0,8784,0
315,6.07510,0.94400,3.53470,1.56320,0.03210,53,0,0,1862,4,0,7,7,0,8757,0
316,7.92550,2.81730,3.53950,1.53290,0.03480,41,0,0,1865,4,0,8,8,0,8652,0
317,6.19520,1.14520,3.49020,1.51330,0.04560,40,0,0,1869,4,0,9,9,0,8658,0
318,5.69920,0.73990,3.42450,1.50400,0.03000,42,0,0,1871,4,0,9,9,0,8664,0
319,5.91570,0.87250,3.51780,1.48230,0.04220,21,0,0,1874,4,0,9,9,0,8612,0
320,6.20290,1.09280,3.51670,1.55600,0.03650,64,0,0,1878,4,0,9,9,0,8554,0
321,6.26030,1.04380,3.51660,1.67020,0.02840,47,0,0,1881,4,0,9,9,0,8570,0
322,6.06160,0.91030,3.57430,1.54830,0.02780,37,0,0,1884,4,0,9,9,0,8444,0
323,5.87260,0.72020,3.61140,1.50700,0.03320,16,0,0,1886,4,0,9,9,0,8467,0
324,7.01320,1.38550,4.00250,1.59810,0.02550,52,0,0,1892,4,0,9,9,0,8515,0
325,6.34650,1.18890,3.55500,1.57170,0.02990,42,0,0,1895,4,0,9,9,0,8446,0
326,5.57730,0.64300,3.40110,1.50760,0.02480,25,0,0,1896,4,0,9,9,0,8364,0
327,6.45990,1.35050,3.49090,1.58560,0.03190,72,0,0,1901,4,0,9,9,0,8363,0
328,6.04570,1.10560,3.39530,1.51920,0.02420,44,0,0,1905,4,0,9,9,0,8286,0
329,5.87690,1.06750,3.33780,1.44430,0.02620,49,0,0,1909,4,0,11,11,0,8292,0
330,6.12760,1.07770,3.57020,1.45520,0.02350,50,0,0,1913,4,0,11,11,0,8348,0
331,8.43850,3.31400,3.53370,1.55780,0.03120,67,0,0,1918,4,0,11,11,0,8334,0
332,6.46260,1.17940,3.72460,1.52930,0.02820,32,0,0,1922,4,0,13,13,0,8264,0
333,6.44500,1.00520,3.91640,1.48670,0.03570,32,0,0,1925,4,0,15,15,0,8155,0
334,5.74850,0.75550,3.50600,1.45890,0.02710,20,0,0,1927,4,0,16,15,0,8175,0
335,5.71470,0.77900,3.44450,1.46170,0.02860,15,0,0,1929,4,0,16,13,0,8175,0
336,6.17140,1.23780,3.47790,1.43070,0.02410,48,0,0,1934,4,0,16,13,0,8141,0
337,5.95810,0.88870,3.44010,1.59900,0.02930,17,0,0,1936,4,0,17,14,0,8136,0
338,5.75000,0.89670,3.46020,1.36140,0.03070,32,0,0,1939,4,0,18,15,0,8066,0
339,6.51970,1.59310,3.37340,1.52530,0.02640,57,0,0,1945,4,0,19,15,0,8051,0
340,6.06430,1.11100,3.47150,1.45370,0.02730,54,0,0,1949,4,0,19,16,0,8014,0
341,5.07960,0.43890,3.18460,1.42750,0.02740,0,0,0,1949,4,0,20,16,0,7899,0
342,6.14430,1.22660,3.39040,1.49810,0.02830,64,0,0,1953,4,0,20,14,0,7898,0
343,6.10600,0.59250,3.79160,1.69270,0.02830,18,0,0,1954,4,0,20,13,0,7906,0
344,5.86040,0.93540,3.37600,1.51980,0.02840,21,0,0,1957,4,0,21,13,0,8024,0
345,6.46350,0.86940,4.02810,1.53240,0.03280,40,0,0,1960,4,0,23,15,0,8014,0
346,7.40270,2.62660,3.36250,1.38920,0.02330,35,0,0,1964,4,0,24,17,0,7995,0
347,6.48790,1.60490,3.42480,1.43150,0.02580,85,0,0,1972,4,0,25,18,0,7962,0
348,5.29690,0.73670,3.07170,1.46110,0.02650,19,0,0,1974,4,0,25,18,0,7981,0
349,5.54520,0.87700,3.27640,1.36840,0.02250,23,0,0,1977,4,0,25,19,0,7898,0
350,5.65410,0.76860,3.40220,1.45900,0.02350,15,0,0,1979,4,0,25,18,0,7823,0
351,5.82400,1.01820,3.34600,1.43330,0.02560,32,0,0,1983,4,0,25,16,0,7786,0
352,5.56850,0.91560,3.25020,1.37790,0.02390,28,0,0,1986,4,0,26,18,0,7735,0
353,5.81300,1.15100,3.20470,1.43320,0.02310,48,0,1,1990,5,0,26,18,0,7673,0
354,5.67970,1.21500,3.00490,1.43690,0.02190,73,0,1,1995,5,0,29,22,0,7631,0
355,6.04890,1.22140,3.28580,1.51620,0.02460,64,0,1,2000,5,0,29,22,0,7694,0
356,5.58430,0.82540,3.25540,1.47660,0.02600,21,0,1,2003,5,0,30,23,0,7604,0
357,5.00720,0.42960,3.17310,1.37910,0.02440,0,0,1,2003,5,0,32,23,0,7514,0
358,6.15620,1.37220,3.26610,1.49220,0.02470,63,0,1,2009,5,0,32,23,0,7501,0
359,5.38950,0.95750,2.98570,1.41930,0.02610,59,0,1,2012,5,0,33,23,0,7440,0
360,5.78920,1.18490,3.11480,1.46580,0.02280,53,0,1,2017,5,0,33,24,0,7395,0
361,10.53550,3.15380,5.67790,1.67740,0.02520,35,0,1,2021,5,0,34,25,0,7388,0
362,11.05760,1.71810,7.38660,1.85230,0.09920,97,0,1,2029,5,0,35,26,0,7341,0
363,7.01000,1.06280,4.41760,1.50910,0.01970,22,0,1,2032,5,0,38,28,0,7344,0
364,7.91940,0.79050,5.47960,1.63330,0.01530,15,0,1,2034,5,0,39,28,0,7311,0
365,7.92140,0.85300,5.38570,1.65920,0.02270,20,0,1,2036,5,0,39,28,0,7297,0
366,7.00100,1.06950,4.26290,1.64040,0.02720,40,0,1,2040,5,0,40,29,0,7296,0
367,7.06310,1.51310,4.06320,1.46710,0.01870,60,0,1,2047,6,0,41,30,0,7194,0
368,6.51420,0.89920,4.13500,1.45690,0.02220,21,0,1,2050,6,0,42,30,0,7162,0
369,6.79190,1.11920,4.20380,1.44730,0.02060,49,0,1,2054,6,0,43,31,0,7104,0
370,6.02560,0.89870,3.70640,1.40010,0.01950,12,0,1,2056,6,0,45,32,0,7082,0
371,6.51340,0.92670,4.18940,1.37860,0.01790,21,0,1,2059,6,0,45,33,0,7035,0
372,6.34110,0.50320,4.42950,1.39030,0.01710,0,0,1,2059,6,0,46,34,0,6924,0
373,6.64810,1.46020,3.74290,1.42690,0.01730,58,0,1,2064,6,0,48,35,0,6941,0
374,6.03790,0.83700,3.73940,1.43900,0.02170,36,0,1,2066,6,0,48,34,0,6855,0
375,5.75930,0.84390,3.51920,1.36100,0.03430,27,0,1,2068,6,0,49,36,0,6819,0
376,7.19370,2.19130,3.59350,1.38850,0.01970,9,0,1,2069,6,0,49,35,0,6784,0
377,6.04030,1.19610,3.45830,1.36510,0.01990,59,0,1,2074,6,0,50,37,0,6686,0
378,5.72090,0.85120,3.45770,1.38620,0.02490,17,0,1,2077,6,0,53,39,0,6630,0
379,5.47640,0.70000,3.42100,1.33050,0.02360,7,0,1,2078,6,0,54,41,0,6621,0
380,7.06810,1.41150,4.12060,1.51200,0.02260,26,0,1,2081,6,0,55,45,0,6571,0
381,5.93470,1.20170,3.36620,1.34630,0.01910,23,0,1,2084,6,0,57,46,0,6564,0
382,5.94080,1.09200,3.42860,1.38450,0.03450,20,0,1,2087,6,0,60,48,0,6538,0
383,5.71870,0.93490,3.36430,1.39710,0.02140,17,0,1,2090,6,0,64,54,0,6477,0
384,6.00160,1.29600,3.30560,1.37650,0.02260,59,0,1,2095,6,0,66,57,0,6461,0
385,5.28090,0.45290,3.35850,1.42490,0.03680,0,0,1,2095,6,0,67,55,0,6419,0
386,5.30840,0.60240,3.32050,1.35990,0.02460,3,0,1,2096,6,0,67,55,0,6395,0
387,5.38240,0.61610,3.41000,1.33410,0.02130,15,0,1,2097,6,0,67,56,0,6342,0
388,5.86450,1.14430,3.40080,1.29780,0.02070,57,0,1,2101,6,0,67,54,0,6323,0
389,5.32550,0.81760,3.17530,1.30740,0.02430,31,0,1,2103,6,0,69,58,0,6254,0
390,6.44470,0.91590,4.12660,1.37680,0.02460,23,0,1,2106,6,0,69,54,0,6196,0
391,8.49700,2.18910,4.84030,1.44060,0.02580,0,0,1,2106,6,0,70,56,0,6175,0
392,9.10680,1.15820,6.39350,1.52770,0.02650,28,0,1,2109,6,0,71,58,0,6096,0
393,7.02560,0.99330,4.58730,1.42280,0.02140,17,0,1,2112,6,0,73,60,0,6059,0
394,6.65180,0.74430,4.56490,1.32280,0.01890,12,0,1,2114,6,0,73,59,0,6056,0
395,6.67900,0.89030,4.37560,1.38790,0.02430,23,0,1,2117,6,0,73,59,0,6043,0
396,6.08360,0.73990,3.80060,1.51620,0.02620,15,0,1,2119,6,0,73,59,0,6034,0
397,5.85560,0.74250,3.76300,1.32810,0.02130,19,0,1,2121,6,0,74,59,0,5957,0
398,6.12640,0.78310,3.84350,1.46670,0.03220,24,0,1,2123,6,0,76,62,0,5870,0
399,6.24500,1.56490,3.40410,1.25350,0.02170,68,0,1,2129,6,0,76,62,0,5874,0
400,6.25830,0.83150,3.44340,1.95870,0.02370,23,0,1,2131,6,0,77,62,0,5812,0
401,6.49010,0.82670,4.24700,1.39390,0.02150,26,0,1,2134,6,0,80,65,0,5739,0
402,5.92820,0.58560,3.94530,1.37400,0.02250,13,0,1,2135,6,0,81,64,0,5708,0
403,5.99450,1.30900,3.38580,1.27940,0.01950,63,0,1,2140,6,0,82,68,0,5675,0
404,5.49660,0.76310,3.35660,1.35080,0.02510,24,0,1,2142,6,0,83,67,0,5618,0
405,5.89260,0.80320,3.75450,1.30530,0.02880,16,0,1,2144,6,0,85,70,0,5544,0
406,7.46310,2.32360,3.81290,1.29490,0.03060,6,0,1,2145,6,0,87,71,0,5531,0
407,5.57090,0.97600,3.23600,1.33500,0.02180,12,0,1,2147,6,0,89,71,0,5538,0
408,4.98530,0.44500,3.25670,1.25960,0.02310,0,0,1,2147,6,0,91,74,0,5503,0
409,5.63170,1.15900,3.22970,1.22040,0.02190,38,0,1,2151,6,0,91,73,0,5506,0
410,5.38400,0.71980,3.36440,1.27880,0.02040,21,0,1,2153,6,0,93,75,0,5456,0
411,5.56760,1.15450,3.14120,1.25390,0.01720,47,0,1,2158,6,0,93,77,0,5343,0
412,6.23320,0.83730,4.07570,1.29780,0.02160,19,0,1,2161,6,0,96,82,0,5323,0
413,4.87040,0.45400,3.14300,1.25100,0.02160,0,0,1,2161,6,0,100,82,0,5291,0
414,5.01260,0.89430,2.92440,1.16410,0.02900,37,0,1,2164,6,0,101,83,0,5230,0
415,6.07130,0.72590,4.06430,1.25880,0.02100,21,0,1,2166,6,0,104,86,0,5185,0
416,5.21190,0.81880,3.15940,1.20900,0.02380,17,0,1,2169,6,0,105,86,0,5204,0
417,4.60090,0.40910,2.92940,1.24120,0.02040,0,0,1,2169,6,0,108,89,0,5160,0
418,4.79370,0.74540,2.84380,1.18210,0.02160,11,0,1,2171,6,0,110,91,0,5108,0
419,5.05740,0.90290,2.94020,1.19040,0.02290,30,0,1,2174,6,0,114,96,0,5040,0
420,4.76250,0.66410,2.93540,1.13950,0.02270,15,0,1,2176,6,0,115,95,0,5030,0
421,8.86740,2.48670,4.90360,1.44780,0.02840,5,0,1,2177,6,0,117,97,0,4999,0
422,8.64830,0.68900,6.61520,1.32350,0.01980,7,0,1,2178,6,0,119,95,0,5018,0
423,5.74350,0.68190,3.80270,1.23260,0.02520,20,0,1,2179,6,0,120,97,0,4958,0
424,6.70550,1.24080,3.72780,1.70420,0.03160,61,0,1,2180,7,0,123,100,0,4960,0
425,6.22220,0.76520,3.83280,1.60190,0.02140,10,0,1,2181,7,0,126,103,0,4878,0
426,7.07590,0.75710,4.54530,1.74750,0.02510,7,0,1,2182,7,0,127,103,0,4842,0
427,5.73330,0.99330,3.51570,1.20500,0.01840,18,0,1,2184,8,0,127,102,0,4805,0
428,5.58280,0.57380,3.72450,1.26230,0.02140,12,0,1,2185,8,0,131,106,0,4798,0
429,5.63110,0.69470,3.24510,1.66780,0.02250,9,0,1,2186,8,0,131,107,0,4736,0
430,5.01020,0.59420,3.19790,1.19160,0.02550,8,0,1,2187,8,0,134,109,0,4731,0
431,5.01790,0.60890,3.22400,1.15940,0.02460,7,0,1,2188,8,0,137,111,0,4688,0
432,5.72960,0.63840,3.80750,1.26450,0.01810,13,0,1,2189,8,0,140,114,0,4695,0
433,5.50100,0.75750,3.12770,1.59330,0.02170,10,0,1,2191,8,0,141,112,0,4655,0
434,4.94960,0.63520,3.13130,1.16510,0.01720,12,0,1,2192,8,0,143,116,0,4593,0
435,4.93020,0.58490,3.21680,1.10600,0.02160,11,0,1,2193,8,0,148,123,0,4563,0
436,6.34760,2.01550,3.16910,1.14260,0.01960,0,0,1,2193,8,0,150,126,0,4491,0
437,5.06040,0.78010,3.14640,1.11230,0.02070,32,0,1,2195,8,0,153,126,0,4433,0
438,5.15170,0.75380,3.13600,1.24150,0.01970,25,0,1,2197,8,0,155,129,0,4426,0
439,5.05150,0.94300,3.02160,1.06270,0.02340,55,0,1,2197,9,0,158,132,0,4401,0
440,4.75060,0.55760,3.00300,1.17040,0.01870,10,0,1,2198,9,0,162,135,0,4310,0
441,4.82430,0.58490,3.03440,1.16880,0.03520,10,0,1,2199,9,0,164,136,0,4261,0
442,5.99360,0.70280,4.11230,1.15220,0.02310,14,0,1,2201,9,0,166,139,0,4252,0
443,4.90170,0.74520,2.99260,1.14030,0.02300,36,0,1,2203,9,0,170,144,0,4213,0
444,4.69190,0.54840,2.99190,1.11860,0.03220,6,0,1,2204,9,0,172,148,0,4192,0
445,4.93680,0.85420,2.94100,1.11640,0.02440,23,0,1,2207,9,0,174,148,0,4159,0
446,4.51840,0.62770,2.77630,1.08940,0.02420,8,0,1,2208,9,0,176,143,0,4128,0
447,4.57490,0.69330,2.75930,1.10090,0.02060,17,0,1,2210,9,0,179,146,0,4136,0
448,5.04790,0.87350,3.00760,1.14490,0.02110,16,0,1,2213,9,0,179,149,0,4128,0
449,4.29990,0.40090,2.82360,1.05150,0.02310,0,0,1,2213,9,0,181,150,0,4118,0
450,4.48040,0.38720,2.97170,1.09180,0.02880,0,0,1,2213,9,0,184,153,0,4064,0
451,10.58270,2.87720,6.23090,1.45020,0.02350,26,0,1,2215,9,0,188,156,0,4070,0
452,8.18340,0.69930,6.14930,1.30400,0.02990,9,0,1,2216,9,0,191,159,0,4008,0
453,7.63660,1.02770,5.37650,1.21460,0.01700,35,0,1,2219,9,0,191,157,0,3962,0
454,7.31610,1.41790,4.49810,1.26260,0.13610,77,0,1,2220,10,0,195,160,0,3950,0
455,6.97660,0.40580,4.88440,1.65770,0.02780,0,0,1,2220,10,0,197,161,0,3930,0
456,6.17650,0.87480,4.09840,1.18640,0.01630,19,0,1,2222,10,0,201,164,0,3895,0
457,7.02220,1.08870,4.39060,1.51400,0.02820,46,0,1,2226,10,0,202,166,0,3881,0
458,6.03590,0.70220,4.14320,1.17290,0.01660,8,0,1,2228,10,0,204,167,0,3869,0
459,5.72730,0.92610,3.60940,1.16920,0.02180,24,0,1,2231,10,0,211,168,0,3804,0
460,6.15720,0.89500,4.04600,1.18720,0.02840,26,0,1,2234,10,0,213,175,0,3822,0
461,5.28960,0.54460,3.56210,1.15920,0.02270,11,0,1,2235,10,0,216,174,0,3772,0
462,6.73680,0.58390,4.58920,1.54260,0.02020,13,0,1,2236,10,0,218,178,0,3776,0
463,5.50920,0.96950,3.36690,1.15280,0.01900,14,0,1,2239,10,0,221,182,0,3761,0
464,5.72460,0.57490,3.59680,1.53460,0.01750,6,0,1,2240,10,0,221,182,0,3730,0
465,4.60120,0.37610,3.02150,1.18390,0.01880,0,0,1,2240,10,0,227,192,0,3724,0
466,6.39810,2.20570,3.04380,1.12910,0.01860,14,0,1,2241,10,0,229,190,0,3727,0
467,4.64460,0.58250,2.97320,1.07100,0.01710,6,0,1,2242,10,0,232,191,0,3691,0
468,4.82740,0.77150,2.94440,1.09210,0.01840,18,0,1,2244,10,0,235,194,0,3642,0
469,5.09030,0.93100,3.00980,1.13090,0.01760,53,0,1,2244,11,0,236,195,0,3612,0
470,4.56830,0.55070,2.92490,1.06930,0.02270,7,0,1,2245,11,0,238,199,0,3594,0
471,4.84490,0.65940,3.02230,1.12910,0.03320,15,0,1,2247,11,0,240,202,0,3561,0
472,5.23170,1.24010,2.93150,1.03760,0.02140,52,0,1,2252,11,0,245,208,0,3515,0
473,4.68420,0.63210,3.01780,1.01450,0.01880,5,0,1,2253,11,0,251,214,0,3513,0
474,4.45490,0.54600,2.84330,1.04810,0.01670,6,0,1,2254,11,0,256,217,0,3491,0
475,4.66770,0.79880,2.85510,0.98990,0.02300,19,0,1,2257,11,0,260,221,0,3509,0
476,4.40540,0.57540,2.83630,0.97430,0.01880,12,0,1,2258,11,0,261,223,0,3444,0
477,5.99530,0.85580,4.06270,1.05250,0.02350,29,0,1,2261,11,0,263,225,0,3400,0
478,5.16670,1.00640,3.14090,0.99700,0.02150,32,0,1,2262,12,0,267,227,0,3394,0
479,4.46190,0.54230,2.80580,1.06670,0.04630,6,0,1,2263,12,0,270,231,0,3391,0
480,4.22580,0.37260,2.82030,1.01100,0.02120,0,0,1,2263,12,0,273,234,0,3343,0
481,6.55590,2.41390,2.68800,1.42080,0.03100,11,0,1,2264,12,0,274,235,0,3315,0
482,4.14020,0.41580,2.64820,1.04630,0.02910,0,0,1,2264,12,0,278,240,0,3278,0
483,4.13650,0.41640,2.68760,0.99850,0.03300,0,0,1,2264,12,0,279,241,0,3269,0
484,5.02220,1.26400,2.76300,0.96740,0.02690,59,0,1,2265,13,0,283,246,0,3272,0
485,4.33240,0.60110,2.68140,1.02300,0.02580,6,0,1,2266,13,0,284,248,0,3294,0
486,4.28960,0.57250,2.70340,0.98360,0.02930,5,0,1,2267,13,0,287,248,0,3259,0
487,4.59200,0.80960,2.73920,1.00550,0.03670,26,0,1,2269,14,0,290,250,0,3237,0
488,4.52020,0.72810,2.67650,1.08900,0.02560,12,0,1,2271,14,0,298,262,0,3271,0
489,4.14850,0.52830,2.61070,0.98190,0.02650,6,0,1,2272,14,0,300,259,0,3208,0
490,4.26770,0.56950,2.68930,0.98210,0.02580,6,0,1,2273,14,0,303,262,0,3177,0
491,4.28510,0.65320,2.64150,0.95660,0.03290,13,0,1,2275,14,0,309,265,0,3155,0
492,4.94850,1.32530,2.62570,0.97060,0.02600,49,0,1,2280,14,0,312,268,0,3152,0
493,4.54850,0.83880,2.61800,1.00980,0.08060,26,0,1,2280,15,0,314,274,0,3124,0
494,4.69930,0.67090,2.91540,1.08680,0.02410,7,0,1,2281,15,0,315,273,0,3092,0
495,4.36330,0.74950,2.58340,1.00460,0.02460,5,0,1,2282,15,0,318,274,0,3107,0
496,7.01540,2.26540,3.64340,1.07770,0.02750,5,0,1,2283,15,0,323,277,0,3069,0
497,4.23310,0.69030,2.51840,0.99970,0.02370,4,0,1,2284,15,0,324,280,0,3022,0
498,4.72580,0.68970,2.94230,1.06740,0.02530,6,0,1,2285,15,0,325,282,0,2991,0
499,4.42910,0.94890,2.49910,0.94510,0.03480,47,0,1,2285,16,0,326,284,0,2973,0
500,4.07410,0.38120,2.61940,1.04780,0.02470,0,0,1,2285,16,0,329,283,0,2939,0
501,4.21830,0.67910,2.55770,0.95550,0.02480,5,0,1,2286,16,0,332,288,0,2975,0
502,5.89730,0.73490,3.88860,1.21970,0.05260,18,0,1,2287,16,0,336,289,0,2983,0
503,3.80060,0.39390,2.41670,0.96310,0.02610,0,0,1,2287,16,0,341,302,0,2962,0
504,3.84080,0.39300,2.45990,0.96170,0.02540,0,0,1,2287,16,0,347,306,0,2968,0
505,4.06920,0.63430,2.41280,0.98950,0.03190,4,0,1,2288,16,0,351,310,0,2952,0
506,4.10260,0.60710,2.45810,1.00930,0.02730,4,0,1,2289,16,0,352,310,0,2931,0
507,4.59050,0.99690,2.51570,1.04670,0.03050,25,0,1,2292,16,0,353,312,0,2915,0
508,4.48840,0.80820,2.54190,1.10770,0.02980,25,0,1,2292,17,0,356,317,0,2903,0
509,4.01010,0.50470,2.49250,0.98420,0.02800,4,0,1,2293,17,0,359,319,0,2849,0
510,3.96760,0.53620,2.44710,0.96010,0.02320,10,0,1,2294,17,0,363,323,0,2831,0
511,8.64220,2.69000,4.88720,1.04020,0.02320,22,0,1,2296,17,0,365,327,0,2785,0
512,5.17580,0.66110,3.45280,1.03570,0.02470,7,0,1,2297,17,0,370,333,0,2785,0
513,5.28980,0.39140,3.82700,1.05230,0.01820,0,0,1,2297,17,0,375,339,0,2763,0
514,6.09460,0.98000,3.83660,1.25080,0.02530,43,0,1,2297,18,0,379,337,0,2754,0
515,6.33940,0.57400,4.70130,1.04160,0.02140,0,0,1,2297,18,0,380,333,0,2714,0
516,4.90700,1.07970,2.81670,0.95980,0.05000,12,0,1,2299,18,0,385,340,0,2669,0
517,4.27860,0.41330,2.90380,0.93700,0.02370,0,0,1,2299,18,0,387,346,0,2661,0
518,5.33190,0.96300,3.35010,0.99980,0.01810,10,0,1,2301,18,0,387,344,0,2632,0
519,6.10880,0.69280,4.40580,0.96300,0.04580,17,0,1,2302,18,0,392,353,0,2623,0
520,4.46630,0.63090,2.81780,0.99330,0.02330,4,0,1,2303,18,0,398,353,0,2608,0
521,4.12150,0.39860,2.74870,0.95080,0.02290,0,0,1,2303,18,0,404,363,0,2569,0
522,4.79710,0.95660,2.81380,0.98300,0.04290,17,0,1,2305,18,0,408,365,0,2568,0
523,4.91910,1.07050,2.80970,1.00790,0.03020,37,0,1,2306,19,0,413,368,0,2577,0
524,4.29170,0.49850,2.79670,0.97220,0.02350,4,0,1,2307,19,0,417,370,0,2534,0
525,5.84800,0.80580,4.00680,1.01240,0.02210,14,0,1,2309,19,0,421,373,0,2568,0
526,5.80270,2.18810,2.64430,0.94260,0.02680,16,0,1,2310,19,0,425,377,0,2531,0
527,5.10000,0.33060,3.76580,0.96540,0.03700,0,0,1,2310,19,0,429,376,0,2515,0
528,3.98150,0.36480,2.67530,0.91600,0.02450,0,0,1,2310,19,0,431,383,0,2493,0
529,4.04560,0.57140,2.52340,0.92670,0.02340,6,0,1,2311,19,0,433,383,0,2489,0
530,3.91750,0.36410,2.57440,0.95270,0.02550,0,0,1,2311,19,0,436,385,0,2453,0
531,5.56620,0.89660,3.70760,0.93150,0.02980,12,0,1,2313,19,0,437,384,0,2429,0
532,4.00170,0.39840,2.60150,0.97400,0.02700,0,0,1,2313,19,0,440,392,0,2433,0
533,4.36730,0.81170,2.54360,0.98460,0.02650,12,0,1,2315,19,0,443,389,0,2422,0
534,4.24070,0.77360,2.51780,0.92070,0.02780,21,0,1,2317,19,0,447,396,0,2436,0
535,4.01470,0.48600,2.56780,0.93320,0.02710,4,0,1,2318,19,0,450,393,0,2440,0
536,4.01730,0.52860,2.57010,0.89380,0.02410,10,0,1,2319,19,0,452,401,0,2414,0
537,3.83220,0.34200,2.57180,0.89460,0.02320,0,0,1,2319,19,0,458,405,0,2393,0
538,4.48710,1.05260,2.51670,0.89060,0.02620,37,0,1,2320,20,0,460,406,0,2338,0
539,4.11820,0.52210,2.61200,0.93740,0.04570,4,0,1,2321,20,0,462,411,0,2327,0
540,3.82780,0.34650,2.56240,0.88730,0.03070,0,0,1,2321,20,0,465,411,0,2327,0
541,6.16430,1.37360,3.69850,1.05790,0.03290,0,0,1,2321,20,0,470,412,0,2327,0
542,5.19770,0.67620,3.39730,1.09510,0.02820,6,0,1,2322,20,0,476,418,0,2317,0
543,5.57740,0.66920,3.72410,1.14930,0.03410,6,0,1,2323,20,0,478,422,0,2304,0
544,5.24120,0.36930,3.72260,1.11930,0.02910,0,0,1,2323,20,0,483,423,0,2301,0
545,5.37630,0.42970,3.99660,0.92750,0.02170,0,0,1,2323,20,0,487,429,0,2285,0
546,4.77310,1.03530,2.81690,0.89390,0.02620,18,0,1,2326,20,0,490,431,0,2311,0
547,4.54450,0.78070,2.84010,0.89480,0.02820,11,0,1,2328,21,0,492,434,0,2312,0
548,4.44340,0.75270,2.72210,0.94300,0.02460,13,0,1,2330,21,0,501,440,0,2294,0
549,4.59330,0.93140,2.71600,0.91960,0.02550,26,0,1,2333,21,0,503,445,0,2266,0
550,4.41720,0.38510,2.89820,1.10350,0.02950,0,0,1,2333,21,0,507,446,0,2239,0
551,4.18470,0.61610,2.63230,0.91100,0.02440,9,0,1,2334,21,0,510,449,0,2236,0
552,3.98500,0.40110,2.64710,0.90360,0.03220,0,0,1,2334,21,0,512,447,0,2238,0
553,3.90680,0.33870,2.63100,0.91210,0.02430,0,0,1,2334,21,0,514,452,0,2221,0
554,4.39880,0.82580,2.61700,0.93070,0.02440,14,0,1,2336,21,0,517,455,0,2197,0
555,3.86090,0.37910,2.54640,0.90730,0.02660,0,0,1,2336,21,0,519,454,0,2208,0
556,4.88680,1.38730,2.56610,0.90490,0.02740,0,0,1,2336,21,0,522,458,0,2200,0
557,4.65490,0.92570,2.72760,0.97180,0.02890,12,0,1,2338,21,0,528,464,0,2186,0
558,4.25430,0.65820,2.49980,0.88950,0.20600,5,0,1,2339,21,0,530,462,0,2183,0
559,4.13770,0.42840,2.78960,0.89330,0.02530,0,0,1,2339,21,0,532,463,0,2181,0
560,4.55080,0.64410,2.96600,0.91560,0.02410,6,0,1,2340,21,0,537,468,0,2176,0
561,4.25370,0.69160,2.61360,0.91300,0.03440,10,0,1,2341,21,0,540,472,0,2169,0
562,5.21070,1.00090,3.18600,0.97850,0.04380,11,0,1,2343,21,0,541,474,0,2144,0
563,4.31510,0.71820,2.66480,0.90600,0.02460,2,0,1,2344,21,0,544,479,0,2145,0
564,3.89950,0.44350,2.51110,0.90830,0.03560,0,0,1,2344,21,0,546,485,0,2135,0
565,3.89220,0.63230,2.37960,0.85240,0.02720,4,0,1,2345,21,0,548,490,0,2140,0
566,3.93270,0.61150,2.38880,0.90140,0.03000,10,0,1,2346,21,0,549,488,0,2146,0
567,3.68900,0.37360,2.44180,0.84170,0.03110,0,0,1,2346,21,0,553,484,0,2124,0
568,3.74440,0.39790,2.44770,0.86500,0.03290,0,0,1,2346,21,0,557,493,0,2116,0
569,4.13710,0.86640,2.39010,0.84810,0.03170,24,0,1,2348,21,0,560,496,0,2154,0
570,3.83400,0.56820,2.39320,0.84300,0.02880,5,0,1,2349,21,0,563,501,0,2152,0
571,8.41470,2.73660,4.63670,1.01790,0.02220,6,0,1,2350,21,0,567,502,0,2136,0
572,7.19450,0.46730,5.73030,0.97980,0.01630,0,0,1,2350,21,0,569,504,0,2143,0
573,6.09030,0.53630,4.42630,1.03060,0.09610,0,0,1,2350,21,0,570,504,0,2140,0
574,6.00200,0.72450,4.25270,1.00830,0.01580,3,0,1,2351,21,0,572,505,0,2125,0
575,5.65420,0.41850,4.20690,1.01030,0.01770,0,0,1,2351,21,0,574,506,0,2142,0
576,5.50600,0.64890,3.91770,0.91860,0.01980,10,0,1,2352,21,0,579,508,0,2103,0
577,5.68170,1.01240,3.72110,0.92870,0.01880,14,0,1,2355,21,0,584,515,0,2091,0
578,5.35900,0.42990,3.76560,1.14420,0.01870,0,0,1,2355,21,0,585,520,0,2059,0
579,5.00730,0.56980,3.42510,0.98830,0.02320,4,0,1,2356,21,0,590,530,0,2042,0
580,5.42440,0.55200,3.31780,1.53350,0.02030,4,0,1,2357,21,0,595,530,0,2029,0
581,4.66950,0.50740,3.20410,0.93850,0.01870,0,0,1,2357,21,0,600,541,0,2022,0
582,5.42870,0.38430,4.10050,0.92740,0.01550,0,0,1,2357,21,0,604,540,0,2009,0
583,4.80060,0.43040,3.25660,1.01560,0.09730,0,0,1,2357,21,0,606,542,0,2024,0
584,4.83200,0.67500,3.17720,0.95790,0.02110,10,0,1,2358,21,0,608,546,0,2031,0
585,4.50380,0.74010,2.84880,0.89030,0.02370,6,0,1,2360,21,0,610,553,0,2020,0
586,5.86540,2.00400,2.88230,0.95960,0.01880,0,0,1,2360,21,0,613,558,0,2044,0
587,4.53390,0.41360,3.09340,1.00610,0.02010,0,0,1,2360,21,0,617,563,0,2029,0
588,4.45510,0.38120,3.12460,0.92910,0.01950,0,0,1,2360,21,0,619,565,0,2021,0
589,4.72320,0.45010,3.27320,0.97780,0.02120,0,0,1,2360,21,0,622,566,0,2038,0
590,4.12200,0.41390,2.77160,0.91680,0.01910,0,0,1,2360,21,0,624,569,0,2049,0
591,4.60980,0.61550,3.06070,0.91540,0.01750,10,0,1,2361,21,0,626,571,0,2047,0
592,4.66160,0.78440,2.97320,0.88610,0.01720,9,0,1,2363,21,0,632,578,0,2039,0
593,4.20330,0.40010,2.91380,0.86980,0.01890,0,0,1,2363,21,0,633,578,0,2011,0
594,4.26460,0.56300,2.75060,0.93380,0.01640,4,0,1,2364,21,0,635,584,0,2010,0
595,3.99420,0.43420,2.68190,0.85680,0.02000,0,0,1,2364,21,0,639,589,0,1997,0
596,4.02720,0.40910,2.67030,0.92560,0.02120,0,0,1,2364,21,0,643,593,0,1992,0
597,3.99830,0.43510,2.70210,0.83960,0.01930,0,0,1,2364,21,0,645,592,0,1990,0
598,4.22410,0.66950,2.63300,0.90200,0.01860,5,0,1,2365,21,0,647,596,0,1970,0
599,4.16480,0.66460,2.59790,0.87740,0.02370,5,0,1,2366,21,0,649,598,0,1978,0
600,4.66560,1.27140,2.52910,0.84010,0.02340,16,0,1,2369,21,0,653,600,0,1974,0
601,5.69390,2.02670,2.60490,1.01960,0.04080,0,0,1,2369,21,0,659,605,0,1969,0
602,4.58130,0.93710,2.72930,0.88190,0.03210,13,0,1,2371,21,0,661,607,0,1951,0
603,4.04740,0.40430,2.58950,1.01660,0.03590,0,0,1,2371,21,0,665,609,0,1957,0
604,4.03050,0.59840,2.56050,0.84540,0.02550,4,0,1,2372,21,0,667,611,0,1979,0
605,3.85680,0.38640,2.58320,0.85840,0.02810,0,0,1,2372,21,0,669,620,0,1978,0
606,4.16880,0.57020,2.57380,0.98930,0.03460,9,0,1,2373,21,0,671,620,0,1959,0
607,4.19110,0.67940,2.62860,0.85540,0.02680,11,0,1,2374,22,0,677,625,0,1946,0
608,4.20300,0.40380,2.85730,0.91030,0.03080,0,0,1,2374,22,0,680,627,0,1939,0
609,3.82730,0.39920,2.53110,0.86060,0.03560,0,0,1,2374,22,0,680,626,0,1926,0
610,3.96870,0.39290,2.54580,0.99740,0.03170,0,0,1,2374,22,0,681,624,0,1926,0
611,4.15630,0.39160,2.71950,1.01200,0.03230,0,0,1,2374,22,0,682,625,0,1918,0
612,4.06700,0.57630,2.45670,1.00170,0.03130,6,0,1,2375,22,0,684,626,0,1913,0
613,4.12390,0.57320,2.65300,0.87070,0.02600,5,0,1,2376,22,0,687,630,0,1925,0
614,3.82060,0.39510,2.41990,0.97880,0.02590,0,0,1,2376,22,0,689,633,0,1925,0
615,4.23950,0.75800,2.47860,0.95240,0.04960,12,0,1,2378,22,0,689,638,0,1923,0
616,5.44990,2.13310,2.45410,0.82990,0.03190,11,0,1,2379,22,0,694,647,0,1920,0
617,3.82750,0.30750,2.56480,0.92890,0.02570,0,0,1,2379,22,0,697,650,0,1905,0
618,3.60840,0.35990,2.37210,0.84940,0.02620,0,0,1,2379,22,0,702,655,0,1911,0
619,3.63080,0.35190,2.41470,0.83620,0.02740,0,0,1,2379,22,0,705,659,0,1908,0
620,3.85160,0.51180,2.42400,0.88350,0.03150,4,0,1,2380,22,0,708,665,0,1895,0
621,3.73950,0.46660,2.36390,0.88220,0.02590,9,0,1,2381,22,0,712,666,0,1895,0
622,3.98760,0.63740,2.44090,0.87520,0.03320,9,0,1,2383,22,0,714,668,0,1900,0
623,3.59040,0.38150,2.38910,0.79370,0.02530,0,0,1,2383,22,0,716,674,0,1898,0
624,3.75580,0.35220,2.49560,0.86970,0.03740,0,0,1,2383,22,0,720,675,0,1889,0
625,3.76720,0.36720,2.52980,0.84660,0.02260,0,0,1,2383,22,0,722,680,0,1880,0
626,3.68560,0.31690,2.50100,0.84080,0.02630,0,0,1,2383,22,0,726,684,0,1884,0
627,3.68650,0.35260,2.43420,0.87340,0.02570,0,0,1,2383,22,0,727,683,0,1883,0
628,4.08990,0.50590,2.58550,0.97120,0.02630,5,0,1,2384,22,0,728,685,0,1871,0
629,3.68830,0.36630,2.43790,0.85490,0.02830,0,0,1,2384,22,0,734,692,0,1885,0
630,3.87220,0.58060,2.43110,0.81210,0.04740,8,0,1,2385,22,0,737,692,0,1873,0
631,5.71030,1.43000,3.36930,0.88560,0.02340,0,0,1,2385,22,0,739,691,0,1860,0
632,4.50710,0.41560,3.17340,0.89450,0.02270,0,0,1,2385,22,0,742,696,0,1860,0
633,4.46980,0.35110,3.24220,0.85900,0.01660,0,0,1,2385,22,0,742,697,0,1835,0
634,4.36830,0.33230,3.16090,0.85010,0.02400,0,0,1,2385,22,0,747,702,0,1823,0
635,4.74230,0.56710,3.25140,0.90400,0.01900,4,0,1,2386,22,0,749,704,0,1812,0
636,5.72160,0.59810,4.22240,0.88340,0.01700,9,0,1,2387,22,0,752,708,0,1806,0
637,5.01210,0.52820,3.53150,0.93430,0.01730,4,0,1,2388,22,0,755,713,0,1795,0
638,4.47340,0.38750,3.16630,0.89710,0.02170,0,0,1,2388,22,0,760,720,0,1777,0
639,4.85320,0.34680,3.59690,0.89130,0.01740,0,0,1,2388,22,0,763,724,0,1783,0
640,4.24380,0.34110,3.04720,0.82830,0.02630,0,0,1,2388,22,0,764,724,0,1792,0
641,4.45180,0.36880,3.12060,0.93520,0.02640,0,0,1,2388,22,0,767,727,0,1807,0
642,5.01410,0.36690,3.58080,1.03440,0.03110,0,0,1,2388,22,0,768,729,0,1797,0
643,4.59780,0.34530,3.30270,0.92630,0.02280,0,0,1,2388,22,0,771,733,0,1799,0
644,4.10260,0.34500,2.87540,0.86410,0.01720,0,0,1,2388,22,0,773,735,0,1805,0
645,4.82610,0.33450,3.62280,0.84730,0.02070,0,0,1,2388,22,0,777,740,0,1799,0
646,6.65450,2.38990,3.25080,0.99280,0.02030,11,0,1,2390,22,0,778,742,0,1796,0
647,5.54900,0.34480,4.14600,1.02280,0.03460,0,0,1,2390,22,0,779,742,0,1781,0
648,4.54040,0.35430,3.24480,0.91620,0.02450,0,0,1,2390,22,0,783,747,0,1777,0
649,4.24070,0.47870,2.90540,0.83470,0.02100,6,0,1,2391,22,0,786,748,0,1788,0
650,4.78910,0.51060,3.40690,0.85000,0.02080,4,0,1,2392,22,0,789,752,0,1789,0
651,4.40130,0.49180,2.93890,0.95170,0.01780,9,0,1,2393,22,0,793,758,0,1791,0
652,5.24450,0.32430,4.01990,0.87980,0.01990,0,0,1,2393,22,0,795,754,0,1787,0
653,4.65310,0.32620,3.44070,0.86350,0.02210,0,0,1,2393,22,0,795,754,0,1792,0
654,4.15280,0.33890,2.85620,0.93470,0.02220,0,0,1,2393,22,0,796,759,0,1788,0
655,4.34640,0.31190,3.10780,0.90060,0.02530,0,0,1,2393,22,0,797,760,0,1781,0
656,3.73790,0.33820,2.55820,0.81960,0.02130,0,0,1,2393,22,0,801,763,0,1779,0
657,3.96390,0.34960,2.75020,0.84200,0.02120,0,0,1,2393,22,0,801,763,0,1777,0
658,5.20230,0.29750,4.05900,0.82360,0.02140,0,0,1,2393,22,0,802,764,0,1760,0
659,4.37420,0.34190,3.13240,0.87650,0.02220,0,0,1,2393,22,0,803,763,0,1765,0
660,3.88370,0.33640,2.58410,0.93780,0.02480,0,0,1,2393,22,0,805,765,0,1773,0
661,8.69420,2.50440,5.17160,0.98080,0.03490,5,0,1,2394,22,0,807,767,0,1761,0
662,6.71760,0.33180,5.37010,0.99980,0.01510,0,0,1,2394,22,0,808,764,0,1759,0
663,5.48380,0.33050,4.25150,0.88570,0.01510,0,0,1,2394,22,0,810,771,0,1765,0
664,6.59190,0.30290,5.38410,0.88360,0.02020,0,0,1,2394,22,0,813,777,0,1756,0
665,4.86200,0.56610,3.30080,0.97070,0.02370,4,0,1,2395,22,0,813,774,0,1752,0
666,4.84700,0.55040,3.42590,0.84340,0.02650,9,0,1,2396,22,0,815,777,0,1750,0
667,4.38130,0.35430,3.10790,0.89720,0.02110,0,0,1,2396,23,0,817,777,0,1747,0
668,4.91450,0.33410,3.66940,0.89240,0.01790,0,0,1,2396,23,0,819,782,0,1761,0
669,4.46710,0.32700,3.28850,0.83360,0.01660,0,0,1,2396,23,0,822,791,0,1759,0
670,5.43630,0.31870,4.19150,0.90440,0.02090,0,0,1,2396,23,0,823,790,0,1760,0
671,4.53300,0.47600,3.17750,0.86160,0.01720,6,0,1,2397,23,0,823,791,0,1759,0
672,4.25890,0.31480,3.07830,0.84120,0.02390,0,0,1,2397,23,0,824,791,0,1758,0
673,4.31350,0.31730,3.09680,0.88040,0.01830,0,0,1,2397,23,0,826,795,0,1755,0
674,4.17550,0.29040,3.02420,0.84300,0.01710,0,0,1,2397,23,0,828,797,0,1752,0
675,4.48190,0.31760,3.25140,0.89330,0.01870,0,0,1,2397,23,0,828,798,0,1751,0
676,5.99310,2.06530,2.90440,0.99880,0.02390,0,0,1,2397,23,0,831,804,0,1760,0
677,3.90560,0.29920,2.78280,0.80290,0.01990,0,0,1,2397,23,0,832,804,0,1754,0
678,4.17100,0.30700,3.02160,0.82390,0.01770,0,0,1,2397,23,0,833,803,0,1748,0
679,5.10890,0.30140,3.66150,1.12590,0.01950,0,0,1,2397,23,0,833,806,0,1761,0
680,3.97010,0.31400,2.82490,0.81010,0.02030,0,0,1,2397,23,0,833,804,0,1751,0
681,4.45440,0.54830,3.02190,0.85410,0.02920,9,0,1,2398,23,0,835,809,0,1741,0
682,3.74380,0.29170,2.65370,0.77710,0.02030,0,0,1,2398,23,0,839,812,0,1747,0
683,3.88770,0.31100,2.72210,0.83450,0.01930,0,0,1,2398,23,0,840,812,0,1746,0
684,5.08240,0.33340,3.93210,0.79700,0.01910,0,0,1,2398,23,0,843,815,0,1736,0
685,3.95130,0.31750,2.68910,0.91970,0.02400,0,0,1,2398,23,0,848,820,0,1734,0
686,3.73180,0.30540,2.63560,0.76900,0.02110,0,0,1,2398,23,0,850,823,0,1726,0
687,3.72890,0.28630,2.64290,0.77640,0.02270,0,0,1,2398,23,0,850,822,0,1721,0
688,5.22890,0.31410,4.03610,0.85940,0.01870,0,0,1,2398,23,0,855,831,0,1742,0
689,3.80870,0.30270,2.68750,0.79610,0.02180,0,0,1,2398,23,0,858,830,0,1736,0
690,3.81390,0.32530,2.64530,0.82590,0.01690,0,0,1,2398,23,0,860,833,0,1736,0
691,8.41220,2.04620,5.41400,0.92470,0.02630,0,0,1,2398,23,0,862,828,0,1726,0
692,5.94550,0.28170,4.76480,0.87990,0.01840,0,0,1,2398,23,0,862,834,0,1721,0
693,5.61790,0.25710,4.39150,0.95260,0.01600,0,0,1,2398,23,0,862,835,0,1723,0
694,5.40310,0.41490,4.10210,0.86340,0.02190,0,0,1,2398,23,0,865,838,0,1711,0
695,5.64720,0.23320,4.50080,0.89640,0.01600,0,0,1,2398,23,0,868,841,0,1708,0
696,5.45940,0.48410,3.91200,1.04420,0.01850,6,0,1,2399,23,0,869,843,0,1707,0
697,4.84260,0.26050,3.63800,0.92760,0.01600,0,0,1,2399,23,0,871,844,0,1717,0
698,5.19240,0.22880,4.04960,0.88630,0.02690,0,0,1,2399,23,0,874,847,0,1721,0
699,4.91860,0.26640,3.77700,0.85840,0.01610,0,0,1,2399,23,0,875,844,0,1710,0
700,4.46330,0.36070,3.26820,0.81010,0.02350,0,0,1,2399,23,0,878,848,0,1716,0
701,5.05780,0.25670,3.91810,0.85470,0.02740,0,0,1,2399,23,0,880,851,0,1715,0
702,4.70250,0.26890,3.58270,0.83330,0.01670,0,0,1,2399,23,0,882,852,0,1709,0
703,4.52000,0.26710,3.39570,0.83670,0.01970,0,0,1,2399,23,0,885,855,0,1713,0
704,4.70950,0.25850,3.61410,0.82000,0.01600,0,0,1,2399,23,0,886,858,0,1705,0
705,4.58760,0.25080,3.11910,1.19820,0.01870,0,0,1,2399,23,0,887,858,0,1700,0
706,5.87810,2.08630,2.97470,0.79660,0.01960,0,0,1,2399,23,0,890,861,0,1698,0
707,4.51340,0.46710,3.17460,0.85210,0.01870,0,0,1,2399,23,0,891,864,0,1695,0
708,3.83040,0.25710,2.69700,0.85370,0.02180,0,0,1,2399,23,0,893,868,0,1704,0
709,4.09810,0.61510,2.62880,0.82920,0.02390,9,0,1,2400,23,0,894,871,0,1697,0
710,3.51860,0.25980,2.42520,0.80620,0.02610,0,0,1,2400,23,0,894,870,0,1681,0
711,4.02830,0.30010,2.64350,1.05850,0.02530,0,0,1,2400,23,0,895,872,0,1686,0
712,4.50570,0.28810,3.33810,0.84130,0.03750,0,0,1,2400,23,0,897,874,0,1677,0
713,4.08780,0.80380,2.43960,0.81440,0.02900,7,0,1,2402,23,0,898,874,0,1679,0
714,3.67860,0.28780,2.52330,0.84070,0.02600,0,0,1,2402,23,0,899,876,0,1682,0
715,3.82430,0.25900,2.71860,0.82100,0.02490,0,0,1,2402,23,0,901,878,0,1676,0
716,3.76470,0.50870,2.41720,0.81430,0.02360,7,0,1,2403,23,0,902,880,0,1678,0
717,3.53070,0.28930,2.40510,0.80870,0.02670,0,0,1,2403,23,0,904,881,0,1680,0
718,3.47860,0.27970,2.33600,0.83580,0.02610,0,0,1,2403,23,0,905,883,0,1679,0
719,3.53440,0.28280,2.41160,0.81330,0.02610,0,0,1,2403,23,0,905,884,0,1672,0
720,3.44700,0.28620,2.33750,0.79880,0.02350,0,0,1,2403,23,0,905,884,0,1669,0
721,6.22350,2.15660,3.18700,0.85760,0.02070,0,0,1,2403,23,0,908,887,0,1668,0
722,6.12770,0.25560,4.76440,1.07840,0.02840,0,0,1,2403,23,0,909,888,0,1666,0
723,5.21070,0.24130,4.11050,0.83950,0.01870,0,0,1,2403,23,0,912,891,0,1660,0
724,4.52330,0.54260,3.15660,0.80530,0.01810,9,0,1,2404,23,0,916,894,0,1662,0
725,4.59870,0.24890,3.11790,1.20310,0.02810,0,0,1,2404,23,0,916,896,0,1665,0
726,4.12330,0.24920,3.02730,0.82800,0.01790,0,0,1,2404,23,0,917,896,0,1672,0
727,4.20680,0.28230,3.08600,0.82070,0.01690,0,0,1,2404,24,0,917,898,0,1670,0
728,4.22700,0.41180,3.01550,0.78130,0.01750,3,0,1,2405,24,0,919,901,0,1663,0
729,4.66570,0.23400,3.48560,0.85330,0.09190,0,0,1,2405,24,0,920,902,0,1664,0
730,4.05690,0.31080,2.76000,0.95690,0.02840,0,0,1,2405,24,0,922,904,0,1661,0
731,4.07860,0.25670,2.97680,0.82360,0.02070,0,0,1,2405,24,0,923,903,0,1657,0
732,4.18090,0.49960,2.85340,0.80860,0.01870,7,0,1,2406,24,0,925,905,0,1654,0
733,3.99080,0.24760,2.79870,0.91600,0.02780,0,0,1,2406,24,0,928,910,0,1642,0
734,5.06360,0.23070,3.89360,0.91020,0.02840,0,0,1,2406,24,0,929,911,0,1650,0
735,3.90200,0.27080,2.71710,0.88830,0.02500,0,0,1,2406,24,0,929,911,0,1645,0
736,5.61740,1.89720,2.89640,0.80300,0.02000,0,0,1,2406,24,0,929,912,0,1642,0
737,3.97360,0.46410,2.70110,0.78900,0.01840,2,0,1,2407,24,0,930,914,0,1641,0
738,3.88810,0.25120,2.76800,0.84990,0.01820,0,0,1,2407,24,0,931,914,0,1642,0
739,3.86060,0.51570,2.60790,0.71550,0.02070,9,0,1,2408,24,0,933,914,0,1650,0
740,3.86870,0.26530,2.77950,0.79990,0.02150,0,0,1,2408,24,0,933,915,0,1650,0
741,3.63890,0.26030,2.55380,0.79480,0.02810,0,0,1,2408,24,0,934,916,0,1645,0
742,3.64390,0.25000,2.62940,0.73810,0.02510,0,0,1,2408,24,0,934,916,0,1641,0
743,3.76230,0.55380,2.42040,0.76560,0.02150,3,0,1,2409,24,0,936,919,0,1637,0
744,3.72270,0.26980,2.62700,0.80170,0.02330,0,0,1,2409,24,0,937,920,0,1637,0
745,3.43790,0.28490,2.35300,0.77570,0.02360,0,0,1,2409,24,0,937,922,0,1641,0
746,3.50590,0.33520,2.39440,0.75050,0.02480,0,0,1,2409,24,0,937,920,0,1633,0
747,3.45000,0.27420,2.35660,0.79650,0.02160,0,0,1,2409,24,0,937,919,0,1634,0
748,3.47790,0.24550,2.41500,0.78940,0.02730,0,0,1,2409,24,0,938,920,0,1637,0
749,3.47680,0.24280,2.41760,0.79090,0.02470,0,0,1,2409,24,0,938,921,0,1642,0
750,3.46670,0.23420,2.38720,0.82230,0.02230,0,0,1,2409,24,0,939,922,0,1645,0
751,8.21970,1.98750,5.34000,0.87020,0.02010,0,0,1,2409,24,0,939,923,0,1652,0
752,5.85710,0.42890,4.55650,0.84740,0.02320,2,0,1,2410,24,0,940,923,0,1653,0
753,5.08610,0.22130,3.94420,0.90090,0.01880,0,0,1,2410,24,0,941,925,0,1654,0
754,5.54670,0.48500,3.91110,1.12560,0.02410,9,0,1,2411,24,0,941,926,0,1655,0
755,5.34800,0.22200,4.23600,0.87400,0.01540,0,0,1,2411,24,0,943,929,0,1656,0
756,4.63950,0.22760,3.50870,0.88000,0.02240,0,0,1,2411,24,0,943,928,0,1649,0
757,5.26400,0.21030,3.68930,1.33720,0.02610,0,0,1,2411,24,0,943,928,0,1645,0
758,4.24080,0.25460,3.17620,0.79210,0.01730,0,0,1,2411,24,0,944,929,0,1645,0
759,4.56800,0.22930,3.49110,0.82870,0.01830,0,0,1,2411,24,0,945,929,0,1649,0
760,4.19230,0.27250,3.08690,0.81150,0.02050,0,0,1,2411,24,0,946,933,0,1640,0
761,4.69770,0.24130,3.38340,0.95390,0.11820,0,0,1,2411,24,0,946,935,0,1643,0
762,4.21360,0.25910,3.07720,0.84440,0.03210,0,0,1,2411,24,0,946,933,0,1643,0
763,4.11290,0.23580,3.04870,0.81150,0.01630,0,0,1,2411,24,0,946,933,0,1638,0
764,4.00660,0.20300,2.96190,0.82080,0.02020,0,0,1,2411,24,0,947,933,0,1643,0
765,3.95040,0.22600,2.91940,0.78790,0.01640,0,0,1,2411,24,0,948,934,0,1646,0
766,5.69640,1.86140,3.01290,0.80290,0.01840,0,0,1,2411,24,0,948,934,0,1644,0
767,4.35030,0.44190,3.10050,0.79050,0.01650,3,0,1,2412,24,0,950,937,0,1642,0
768,4.01040,0.22880,2.93760,0.82330,0.01990,0,0,1,2412,24,0,952,939,0,1644,0
769,4.28420,0.46800,2.98220,0.81600,0.01720,9,0,1,2413,24,0,955,941,0,1638,0
770,4.02770,0.23290,2.98380,0.78700,0.02340,0,0,1,2413,24,0,955,942,0,1639,0
771,3.81770,0.18950,2.79710,0.80940,0.02100,0,0,1,2413,24,0,955,940,0,1643,0
772,3.70650,0.22900,2.69000,0.76700,0.01980,0,0,1,2413,24,0,955,940,0,1647,0
773,3.59130,0.20840,2.59750,0.76540,0.01900,0,0,1,2413,24,0,955,941,0,1638,0
774,3.67840,0.20010,2.63050,0.82050,0.02620,0,0,1,2413,24,0,956,942,0,1633,0
775,5.12530,0.21810,3.97540,0.88980,0.04130,0,0,1,2413,24,0,956,940,0,1632,0
776,3.80000,0.29350,2.69000,0.77250,0.04340,0,0,1,2413,24,0,957,943,0,1632,0
777,3.69050,0.24470,2.67160,0.75470,0.01880,0,0,1,2413,24,0,957,944,0,1632,0
778,3.78880,0.26090,2.70980,0.79620,0.02110,0,0,1,2413,24,0,958,944,0,1623,0
779,3.59530,0.22300,2.59470,0.75760,0.01920,0,0,1,2413,24,0,958,946,0,1623,0
780,3.67070,0.24450,2.61660,0.77740,0.03130,0,0,1,2413,24,0,958,946,0,1627,0
781,5.70540,1.90370,2.91400,0.86380,0.02180,0,0,1,2413,24,0,958,945,0,1623,0
782,4.07520,0.50150,2.69060,0.85600,0.02590,3,0,1,2414,24,0,959,944,0,1620,0
783,3.95110,0.23900,2.78700,0.89670,0.02640,0,0,1,2414,24,0,960,946,0,1621,0
784,5.12760,0.50820,3.75780,0.83280,0.02790,9,0,1,2415,24,0,960,945,0,1614,0
785,4.26210,0.22490,3.18430,0.82700,0.02490,0,0,1,2415,24,0,960,947,0,1615,0
786,3.73360,0.21730,2.63300,0.85370,0.02850,0,0,1,2415,24,0,960,946,0,1613,0
787,4.07200,0.26940,2.93760,0.83820,0.02600,0,0,1,2415,25,0,963,949,0,1619,0
788,3.92530,0.21480,2.86420,0.82300,0.02220,0,0,1,2415,25,0,964,951,0,1616,0
789,3.87480,0.22950,2.74920,0.87100,0.02440,0,0,1,2415,25,0,965,952,0,1617,0
790,3.54780,0.23020,2.49100,0.80270,0.02250,0,0,1,2415,25,0,965,952,0,1615,0
791,3.62060,0.19710,2.62490,0.77340,0.02450,0,0,1,2415,25,0,967,954,0,1615,0
792,3.55660,0.20300,2.59390,0.73460,0.02450,0,0,1,2415,25,0,968,954,0,1610,0
793,3.80730,0.23660,2.72920,0.81500,0.02570,0,0,1,2415,25,0,968,954,0,1607,0
794,4.04670,0.24280,2.98700,0.79090,0.02510,0,0,1,2415,25,0,969,957,0,1608,0
795,3.95380,0.19940,2.93850,0.79130,0.02390,0,0,1,2415,25,0,969,957,0,1608,0
796,6.12670,1.83470,3.41900,0.84280,0.02930,0,0,1,2415,25,0,969,959,0,1605,0
797,4.22440,0.22540,3.18570,0.79140,0.02080,0,0,1,2415,25,0,971,961,0,1611,0
798,4.07200,0.24080,2.92080,0.88510,0.02440,0,0,1,2415,25,0,973,964,0,1611,0
799,4.78440,0.50010,3.29850,0.96170,0.02320,9,0,1,2416,25,0,975,966,0,1613,0
800,3.54000,0.22620,2.46470,0.82610,0.02210,0,0,1,2416,25,0,976,965,0,1614,0
801,3.24500,0.25080,2.23950,0.73120,0.02300,0,0,1,2416,25,0,979,968,0,1613,0
802,3.63370,0.21230,2.55240,0.81810,0.04990,0,0,1,2416,25,0,979,969,0,1606,0
803,3.39280,0.24640,2.37520,0.74740,0.02290,0,0,1,2416,25,0,979,968,0,1606,0
804,4.51550,0.21610,3.42620,0.83610,0.03610,0,0,1,2416,25,0,979,970,0,1605,0
805,3.33270,0.22350,2.27310,0.81420,0.02100,0,0,1,2416,25,0,979,970,0,1601,0
806,3.34240,0.24500,2.28940,0.78400,0.02300,0,0,1,2416,25,0,979,969,0,1600,0
807,3.34350,0.23110,2.33520,0.75150,0.02490,0,0,1,2416,25,0,980,970,0,1596,0
808,3.21120,0.23030,2.19250,0.76530,0.02230,0,0,1,2416,25,0,982,973,0,1596,0
809,3.17360,0.21090,2.22030,0.71520,0.02640,0,0,1,2416,25,0,982,973,0,1597,0
810,3.44700,0.24540,2.35010,0.82910,0.02170,0,0,1,2416,25,0,983,975,0,1594,0
811,5.04750,1.86060,2.28930,0.86650,0.02890,0,0,1,2416,25,0,985,977,0,1594,0
812,3.29210,0.23040,2.24280,0.78170,0.03650,0,0,1,2416,25,0,985,979,0,1590,0
813,3.19500,0.23450,2.17450,0.75850,0.02670,0,0,1,2416,25,0,986,980,0,1590,0
814,3.41750,0.48520,2.18290,0.72150,0.02720,8,0,1,2417,25,0,986,980,0,1583,0
815,3.23930,0.23420,2.24770,0.72800,0.02870,0,0,1,2417,25,0,989,983,0,1593,0
816,3.28920,0.21580,2.24600,0.79510,0.03170,0,0,1,2417,25,0,991,985,0,1592,0
817,4.02000,0.23500,2.96830,0.77920,0.03640,0,0,1,2417,25,0,993,988,0,1587,0
818,3.19560,0.22420,2.16360,0.77990,0.02700,0,0,1,2417,25,0,993,990,0,1586,0
819,3.14440,0.20350,2.14430,0.76900,0.02680,0,0,1,2417,25,0,993,990,0,1586,0
820,3.11690,0.22470,2.15070,0.71180,0.02900,0,0,1,2417,25,0,993,988,0,1590,0
821,3.16940,0.23080,2.17720,0.73280,0.02800,0,0,1,2417,25,0,993,989,0,1590,0
822,3.28160,0.23050,2.24140,0.78060,0.02820,0,0,1,2417,25,0,994,990,0,1588,0
823,3.22940,0.21620,2.21850,0.76290,0.03090,0,0,1,2417,25,0,995,990,0,1587,0
824,3.17090,0.22760,2.14350,0.76220,0.03710,0,0,1,2417,25,0,995,991,0,1590,0
825,3.23660,0.21960,2.21760,0.77240,0.02630,0,0,1,2417,25,0,996,991,0,1588,0
826,4.93230,1.84710,2.28000,0.77430,0.03020,0,0,1,2417,25,0,997,993,0,1581,0
827,3.22640,0.22680,2.22060,0.75200,0.02640,0,0,1,2417,25,0,998,995,0,1585,0
828,3.23700,0.21920,2.25420,0.73610,0.02680,0,0,1,2417,25,0,998,994,0,1583,0
829,3.39270,0.48920,2.16710,0.70890,0.02670,8,0,1,2418,25,0,1000,995,0,1582,0
830,3.24500,0.22840,2.18700,0.79950,0.02930,0,0,1,2418,25,0,1000,996,0,1581,0
831,3.38870,0.21370,2.20530,0.92050,0.04830,0,0,1,2418,25,0,1000,997,0,1580,0
832,3.24200,0.21820,2.24700,0.74890,0.02700,0,0,1,2418,25,0,1000,994,0,1582,0
833,3.23180,0.23310,2.18750,0.78220,0.02820,0,0,1,2418,25,0,1000,995,0,1584,0
834,3.11860,0.23170,2.11680,0.74230,0.02700,0,0,1,2418,25,0,1000,996,0,1582,0
835,3.21070,0.22480,2.15700,0.79440,0.03370,0,0,1,2418,25,0,1000,995,0,1579,0
836,3.19660,0.22900,2.12180,0.81540,0.02950,0,0,1,2418,25,0,1000,997,0,1578,0
837,3.28820,0.20110,2.26670,0.78240,0.03700,0,0,1,2418,25,0,1000,996,0,1579,0
838,3.23950,0.22990,2.22010,0.76180,0.02670,0,0,1,2418,25,0,1000,995,0,1579,0
839,3.22640,0.23280,2.21010,0.75160,0.03110,0,0,1,2418,25,0,1000,996,0,1581,0
840,3.14360,0.23440,2.13000,0.74580,0.03230,0,0,1,2418,25,0,1000,995,0,1581,0
841,6.37950,1.89510,3.62550,0.83690,0.02030,0,0,1,2418,25,0,1000,996,0,1578,0
842,5.53970,0.21260,4.31240,0.98420,0.02930,0,0,1,2418,25,0,1001,997,0,1579,0
843,4.97340,0.17120,3.94750,0.82690,0.02710,0,0,1,2418,25,0,1001,997,0,1582,0
844,3.81330,0.50210,2.54140,0.74460,0.02410,8,0,1,2419,25,0,1001,996,0,1581,0
845,5.08020,0.21630,4.05080,0.78620,0.02610,0,0,1,2419,25,0,1001,995,0,1579,0
846,4.93980,0.25020,3.82210,0.83370,0.03290,0,0,1,2419,25,0,1001,997,0,1578,0
847,3.97700,0.25620,2.89090,0.80410,0.02510,0,0,1,2419,26,0,1001,997,0,1580,0
848,3.74980,0.19590,2.76090,0.76400,0.02830,0,0,1,2419,26,0,1001,996,0,1580,0
849,4.08390,0.23400,2.90810,0.91260,0.02840,0,0,1,2419,26,0,1002,998,0,1580,0
850,3.68750,0.22040,2.66190,0.77320,0.03100,0,0,1,2419,26,0,1003,999,0,1579,0
851,3.87120,0.21800,2.90360,0.72240,0.02610,0,0,1,2419,26,0,1003,1000,0,1581,0
852,3.37950,0.21600,2.38730,0.75000,0.02540,0,0,1,2419,26,0,1004,1000,0,1581,0
853,3.55800,0.20810,2.49450,0.83200,0.02230,0,0,1,2419,26,0,1004,1000,0,1582,0
854,4.84270,0.21540,3.74740,0.85230,0.02630,0,0,1,2419,26,0,1004,1000,0,1582,0
855,3.77140,0.21960,2.74850,0.77790,0.02450,0,0,1,2419,26,0,1004,999,0,1583,0
856,5.15040,1.94130,2.37590,0.78340,0.04910,0,0,1,2419,26,0,1005,999,0,1585,0
857,3.41440,0.27990,2.34240,0.75710,0.03420,0,0,1,2419,26,0,1005,1002,0,1583,0
858,3.22010,0.23500,2.19600,0.76110,0.02710,0,0,1,2419,26,0,1005,1001,0,1585,0
859,3.60320,0.50490,2.36560,0.70770,0.02430,8,0,1,2420,26,0,1005,1000,0,1585,0
860,3.29450,0.23390,2.22350,0.80630,0.02990,0,0,1,2420,26,0,1005,1000,0,1590,0
861,3.18300,0.22500,2.17770,0.74900,0.03030,0,0,1,2420,26,0,1006,1001,0,1590,0
862,3.36290,0.23620,2.28750,0.80850,0.02980,0,0,1,2420,26,0,1007,1002,0,1588,0
863,3.24770,0.20560,2.23530,0.77680,0.02880,0,0,1,2420,26,0,1008,1004,0,1585,0
864,3.36140,0.22950,2.31660,0.78420,0.02990,0,0,1,2420,26,0,1008,1005,0,1585,0
865,3.29340,0.21770,2.21230,0.82990,0.03260,0,0,1,2420,26,0,1008,1004,0,1583,0
866,3.51910,0.23560,2.37780,0.87580,0.02870,0,0,1,2420,26,0,1008,1004,0,1582,0
867,3.18500,0.21660,2.16380,0.77200,0.03140,0,0,1,2420,26,0,1008,1004,0,1580,0
868,3.29090,0.22770,2.24780,0.78680,0.02740,0,0,1,2420,26,0,1008,1004,0,1580,0
869,3.26810,0.22370,2.19390,0.81070,0.03900,0,0,1,2420,26,0,1008,1006,0,1582,0
870,3.53440,0.23980,2.39320,0.86950,0.03060,0,0,1,2420,26,0,1008,1006,0,1582,0
871,5.31170,1.94760,2.39330,0.93800,0.03070,0,0,1,2420,26,0,1008,1005,0,1581,0
872,3.29360,0.23690,2.26930,0.76070,0.02580,0,0,1,2420,26,0,1008,1005,0,1579,0
873,4.14380,0.22590,3.07960,0.78270,0.05430,0,0,1,2420,26,0,1009,1006,0,1579,0
874,3.56290,0.52060,2.23680,0.78070,0.02270,8,0,1,2421,26,0,1009,1007,0,1578,0
875,3.23040,0.18620,2.25180,0.76280,0.02870,0,0,1,2421,26,0,1009,1006,0,1577,0
876,3.40190,0.22840,2.38370,0.76210,0.02680,0,0,1,2421,26,0,1009,1006,0,1577,0
877,3.30290,0.19950,2.30800,0.74300,0.05120,0,0,1,2421,26,0,1009,1006,0,1575,0
878,3.34910,0.24000,2.31280,0.76700,0.02810,0,0,1,2421,26,0,1009,1006,0,1575,0
879,3.63700,0.20750,2.43620,0.95500,0.03730,0,0,1,2421,26,0,1009,1006,0,1579,0
880,3.59630,0.21500,2.55910,0.79350,0.02740,0,0,1,2421,26,0,1009,1006,0,1583,0
881,3.32730,0.21040,2.32910,0.75820,0.02870,0,0,1,2421,26,0,1010,1007,0,1586,0
882,3.25040,0.19640,2.23730,0.78640,0.02910,0,0,1,2421,26,0,1010,1006,0,1587,0
883,3.28360,0.23070,2.20420,0.81830,0.02950,0,0,1,2421,26,0,1010,1006,0,1586,0
884,3.49450,0.26530,2.38450,0.80300,0.04040,0,0,1,2421,26,0,1010,1007,0,1582,0
885,3.26620,0.21240,2.21060,0.79990,0.04170,0,0,1,2421,26,0,1010,1006,0,1582,0
886,4.99150,1.95430,2.21070,0.79780,0.02770,0,0,1,2421,26,0,1010,1006,0,1581,0
887,3.28230,0.20740,2.23000,0.81560,0.02810,0,0,1,2421,26,0,1010,1006,0,1578,0
888,3.27320,0.20860,2.24780,0.78860,0.02740,0,0,1,2421,26,0,1010,1006,0,1578,0
889,3.53180,0.51470,2.19710,0.79090,0.02810,8,0,1,2422,26,0,1010,1005,0,1580,0
890,3.34280,0.24850,2.23490,0.82940,0.02900,0,0,1,2422,26,0,1010,1005,0,1578,0
891,3.31040,0.22560,2.23100,0.82610,0.02670,0,0,1,2422,26,0,1010,1006,0,1577,0
892,3.39480,0.21130,2.36960,0.78720,0.02590,0,0,1,2422,26,0,1010,1006,0,1576,0
893,3.43440,0.22460,2.35050,0.81720,0.04120,0,0,1,2422,26,0,1010,1006,0,1576,0
894,3.45450,0.23640,2.34370,0.84290,0.03070,0,0,1,2422,26,0,1010,1005,0,1575,0
895,3.49650,0.22370,2.42730,0.82010,0.02430,0,0,1,2422,26,0,1010,1006,0,1577,0
896,3.29260,0.22950,2.25880,0.77580,0.02780,0,0,1,2422,26,0,1010,1005,0,1579,0
897,3.32380,0.22820,2.28710,0.78020,0.02730,0,0,1,2422,26,0,1010,1005,0,1580,0
898,3.35770,0.23130,2.31840,0.77060,0.03620,0,0,1,2422,26,0,1010,1005,0,1578,0
899,3.29620,0.21850,2.28530,0.76120,0.03010,0,0,1,2422,26,0,1010,1005,0,1578,0
900,4.70820,0.24180,3.60680,0.81730,0.04140,0,0,1,2422,26,0,1011,1006,0,1578,0
901,6.34980,2.01740,3.47870,0.82960,0.02270,0,0,1,2422,26,0,1012,1008,0,1577,0
902,4.00870,0.20040,2.97320,0.81180,0.02240,0,0,1,2422,26,0,1013,1009,0,1577,0
903,4.15610,0.20260,3.14880,0.78280,0.02080,0,0,1,2422,26,0,1013,1009,0,1580,0
904,4.39250,0.53390,2.95830,0.87360,0.02580,8,0,1,2423,26,0,1014,1010,0,1577,0
905,3.82730,0.18920,2.79460,0.82220,0.02060,0,0,1,2423,26,0,1014,1010,0,1577,0
906,3.69690,0.27900,2.61870,0.77070,0.02750,0,0,1,2423,26,0,1014,1011,0,1577,0
907,3.74520,0.25980,2.61130,0.84880,0.02460,0,0,1,2423,27,0,1014,1011,0,1575,0
908,4.17660,0.18880,3.10030,0.86370,0.02310,0,0,1,2423,27,0,1015,1012,0,1580,0
909,3.66180,0.18480,2.70920,0.73750,0.02940,0,0,1,2423,27,0,1015,1012,0,1580,0
910,3.81800,0.19610,2.70240,0.88820,0.03040,0,0,1,2423,27,0,1015,1012,0,1576,0
911,3.65210,0.19190,2.64400,0.79250,0.02300,0,0,1,2423,27,0,1015,1012,0,1575,0
912,3.92160,0.21220,2.56740,1.10560,0.03550,0,0,1,2423,27,0,1015,1012,0,1575,0
913,3.58700,0.20880,2.58570,0.76260,0.02910,0,0,1,2423,27,0,1015,1011,0,1575,0
914,3.70410,0.22470,2.65590,0.79300,0.02960,0,0,1,2423,27,0,1015,1012,0,1575,0
915,3.86380,0.20420,2.70980,0.92060,0.02850,0,0,1,2423,27,0,1015,1012,0,1574,0
916,5.63180,1.96700,2.82990,0.81300,0.02060,0,0,1,2423,27,0,1015,1013,0,1577,0
917,4.37660,0.20740,3.25610,0.87250,0.03910,0,0,1,2423,27,0,1015,1013,0,1575,0
918,3.36900,0.21730,2.30810,0.81360,0.02890,0,0,1,2423,27,0,1015,1013,0,1575,0
919,3.96780,0.62250,2.38350,0.92790,0.03260,8,0,1,2424,27,0,1015,1013,0,1573,0
920,3.36160,0.21180,2.32020,0.79230,0.03640,0,0,1,2424,27,0,1015,1013,0,1573,0
921,3.37470,0.20270,2.34260,0.80470,0.02390,0,0,1,2424,27,0,1015,1013,0,1571,0
922,3.41590,0.22820,2.41210,0.74820,0.02620,0,0,1,2424,27,0,1015,1013,0,1569,0
923,3.63360,0.20700,2.42290,0.95920,0.04360,0,0,1,2424,27,0,1015,1013,0,1569,0
924,3.46030,0.20960,2.42110,0.80160,0.02700,0,0,1,2424,27,0,1015,1013,0,1569,0
925,3.56570,0.22770,2.47360,0.82770,0.03550,0,0,1,2424,27,0,1015,1013,0,1569,0
926,3.47440,0.20580,2.42300,0.81530,0.02930,0,0,1,2424,27,0,1016,1013,0,1569,0
927,3.42430,0.23400,2.38480,0.76940,0.03470,0,0,1,2424,27,0,1016,1014,0,1568,0
928,3.41460,0.28850,2.33470,0.75490,0.03540,0,0,1,2424,27,0,1016,1014,0,1563,0
929,3.52200,0.21920,2.41970,0.85060,0.03140,0,0,1,2424,27,0,1016,1015,0,1566,0
930,3.59880,0.23070,2.54840,0.78480,0.03370,0,0,1,2424,27,0,1016,1013,0,1566,0
931,5.09930,1.95470,2.29860,0.81260,0.03100,0,0,1,2424,27,0,1016,1013,0,1566,0
932,3.32890,0.20110,2.27160,0.82960,0.02580,0,0,1,2424,27,0,1017,1014,0,1563,0
933,3.61090,0.28910,2.50710,0.78870,0.02500,0,0,1,2424,27,0,1017,1014,0,1563,0
934,3.63200,0.50120,2.31570,0.77680,0.03730,8,0,1,2425,27,0,1017,1014,0,1563,0
935,3.60500,0.25110,2.55230,0.76970,0.03090,0,0,1,2425,27,0,1017,1014,0,1563,0
936,3.63630,0.22120,2.59940,0.78610,0.02870,0,0,1,2425,27,0,1017,1014,0,1566,0
937,3.44540,0.22180,2.37060,0.82420,0.02790,0,0,1,2425,27,0,1018,1015,0,1566,0
938,3.50760,0.27470,2.30940,0.88330,0.03930,0,0,1,2425,27,0,1018,1015,0,1566,0
939,3.49610,0.21060,2.44460,0.81560,0.02430,0,0,1,2425,27,0,1018,1015,0,1566,0
940,3.19480,0.20410,2.19800,0.76420,0.02760,0,0,1,2425,27,0,1018,1015,0,1566,0
941,3.48390,0.23650,2.29750,0.92270,0.02640,0,0,1,2425,27,0,1018,1015,0,1562,0
942,3.53890,0.28790,2.40110,0.81840,0.03030,0,0,1,2425,27,0,1018,1015,0,1564,0
943,3.37240,0.21840,2.32140,0.80250,0.02940,0,0,1,2425,27,0,1018,1015,0,1565,0
944,3.26450,0.21300,2.25440,0.76960,0.02640,0,0,1,2425,27,0,1018,1015,0,1559,0
945,3.28100,0.20070,2.26450,0.78720,0.02770,0,0,1,2425,27,0,1018,1015,0,1559,0
946,5.35170,1.92200,2.53420,0.86370,0.03080,0,0,1,2425,27,0,1018,1015,0,1560,0
947,3.28310,0.26010,2.17090,0.81680,0.03420,0,0,1,2425,27,0,1018,1015,0,1560,0
948,3.45420,0.22230,2.35590,0.85130,0.02370,0,0,1,2425,27,0,1018,1015,0,1560,0
949,3.92400,0.49020,2.52820,0.87190,0.03260,7,0,1,2426,27,0,1018,1016,0,1560,0
950,3.30650,0.20720,2.22010,0.84930,0.02900,0,0,1,2426,27,0,1018,1016,0,1556,0
951,3.58030,0.28490,2.28110,0.98210,0.03090,0,0,1,2426,27,0,1018,1016,0,1556,0
952,3.30110,0.20910,2.30680,0.75280,0.03130,0,0,1,2426,27,0,1019,1017,0,1554,0
953,3.45660,0.21150,2.37720,0.83500,0.03180,0,0,1,2426,27,0,1019,1017,0,1558,0
954,3.19250,0.21140,2.18410,0.76570,0.03040,0,0,1,2426,27,0,1019,1017,0,1559,0
955,3.33980,0.22840,2.26090,0.82410,0.02570,0,0,1,2426,27,0,1019,1017,0,1559,0
956,3.25250,0.21400,2.24760,0.76780,0.02240,0,0,1,2426,27,0,1019,1017,0,1559,0
957,3.27480,0.22360,2.27150,0.75620,0.02250,0,0,1,2426,27,0,1019,1017,0,1559,0
958,3.51660,0.23110,2.31820,0.94690,0.01950,0,0,1,2426,27,0,1019,1017,0,1559,0
959,3.22510,0.22280,2.22130,0.75530,0.02500,0,0,1,2426,27,0,1019,1017,0,1559,0
960,3.31430,0.22770,2.24010,0.82180,0.02380,0,0,1,2426,27,0,1019,1017,0,1559,0
961,6.67280,2.07130,3.54230,0.95100,0.10590,0,0,1,2426,27,0,1019,1017,0,1559,0
962,4.22420,0.20020,2.87950,1.11710,0.02680,0,0,1,2426,27,0,1019,1018,0,1559,0
963,3.55780,0.18430,2.59550,0.74880,0.02840,0,0,1,2426,27,0,1019,1018,0,1559,0
964,3.94470,0.51640,2.58850,0.80670,0.03210,7,0,1,2427,27,0,1019,1018,0,1559,0
965,4.71490,0.18390,3.69890,0.81040,0.02080,0,0,1,2427,27,0,1019,1018,0,1559,0
966,3.62120,0.19370,2.63380,0.77410,0.01880,0,0,1,2427,27,0,1020,1019,0,1559,0
967,3.63910,0.24020,2.61530,0.76040,0.02240,0,0,1,2427,28,0,1020,1019,0,1559,0
968,3.56370,0.17130,2.63650,0.73380,0.02140,0,0,1,2427,28,0,1020,1019,0,1559,0
969,3.67480,0.19380,2.65310,0.79930,0.02740,0,0,1,2427,28,0,1020,1019,0,1559,0
970,3.55820,0.18680,2.58820,0.76130,0.02100,0,0,1,2427,28,0,1020,1020,0,1560,0
971,3.55970,0.19070,2.49540,0.85000,0.02280,0,0,1,2427,28,0,1020,1020,0,1555,0
972,3.70190,0.17890,2.73170,0.76440,0.02620,0,0,1,2427,28,0,1020,1020,0,1555,0
973,3.64400,0.25600,2.59130,0.77190,0.02400,0,0,1,2427,28,0,1020,1020,0,1555,0
974,3.65980,0.18400,2.58970,0.85200,0.03330,0,0,1,2427,28,0,1020,1020,0,1555,0
975,3.42800,0.21540,2.37120,0.81300,0.02760,0,0,1,2427,28,0,1020,1020,0,1555,0
976,6.20380,1.92140,3.39650,0.86010,0.02470,0,0,1,2427,28,0,1021,1021,0,1555,0
977,3.34180,0.21030,2.29570,0.80930,0.02530,0,0,1,2427,28,0,1021,1021,0,1555,0
978,3.69610,0.21180,2.66580,0.79300,0.02450,0,0,1,2427,28,0,1021,1021,0,1555,0
979,3.65720,0.50300,2.35260,0.77710,0.02360,5,0,1,2428,28,0,1021,1021,0,1555,0
980,3.87970,0.20280,2.84070,0.79970,0.03540,0,0,1,2428,28,0,1021,1021,0,1555,0
981,3.54560,0.22630,2.49570,0.79110,0.03130,0,0,1,2428,28,0,1021,1021,0,1555,0
982,3.49390,0.27790,2.39620,0.79350,0.02480,0,0,1,2428,28,0,1021,1021,0,1555,0
983,3.23050,0.19840,2.25480,0.75280,0.02360,0,0,1,2428,28,0,1021,1021,0,1555,0
984,3.51230,0.19880,2.49530,0.79120,0.02620,0,0,1,2428,28,0,1021,1021,0,1555,0
985,3.40910,0.20390,2.35730,0.79060,0.05610,0,0,1,2428,28,0,1021,1021,0,1555,0
986,3.62610,0.26810,2.47090,0.85480,0.03110,0,0,1,2428,28,0,1021,1021,0,1555,0
987,3.61980,0.20400,2.47240,0.91020,0.03200,0,0,1,2428,28,0,1021,1021,0,1555,0
988,3.58470,0.22170,2.52800,0.80350,0.03040,0,0,1,2428,28,0,1021,1021,0,1555,0
989,3.42870,0.21980,2.36220,0.81570,0.03010,0,0,1,2428,28,0,1021,1021,0,1555,0
990,3.40230,0.21160,2.37050,0.78460,0.03460,0,0,1,2428,28,0,1021,1021,0,1555,0
991,6.50900,1.92070,3.57520,0.98570,0.02610,0,0,1,2428,28,0,1021,1021,0,1556,0
992,3.87280,0.19910,2.87770,0.77210,0.02310,0,0,1,2428,28,0,1021,1021,0,1556,0
993,4.52080,0.22700,3.46570,0.79790,0.02890,0,0,1,2428,28,0,1021,1021,0,1556,0
994,4.06820,0.51740,2.61650,0.89660,0.03680,5,0,1,2429,28,0,1021,1021,0,1556,0
995,4.03730,0.21890,2.96970,0.82340,0.02440,0,0,1,2429,28,0,1021,1021,0,1556,0
996,3.61570,0.21230,2.60620,0.77070,0.02550,0,0,1,2429,28,0,1021,1021,0,1556,0
997,3.68070,0.18340,2.74940,0.72470,0.02240,0,0,1,2429,28,0,1021,1021,0,1556,0
998,3.82790,0.21180,2.69660,0.89640,0.02200,0,0,1,2429,28,0,1021,1021,0,1556,0
999,3.79080,0.18820,2.79370,0.77850,0.02940,0,0,1,2429,28,0,1021,1021,0,1556,0
1000,3.58280,0.20940,2.54390,0.80090,0.02720,0,0,1,2429,28,0,1021,1021,0,1556,0
1001,3.53320,0.20050,2.56170,0.74050,0.02940,0,0,1,2429,28,0,1021,1021,0,1556,0
1002,3.38640,0.21670,2.39140,0.74850,0.02890,0,0,1,2429,28,0,1021,1021,0,1556,0
1003,3.37260,0.21610,2.31520,0.79900,0.04120,0,0,1,2429,28,0,1021,1021,0,1556,0
1004,3.65190,0.22510,2.60930,0.78470,0.03160,0,0,1,2429,28,0,1021,1021,0,1556,0
1005,3.29330,0.20460,2.27610,0.77840,0.03310,0,0,1,2429,28,0,1021,1021,0,1556,0
1006,5.40570,2.22900,2.38300,0.76280,0.02870,0,0,1,2429,28,0,1021,1021,0,1556,0
1007,3.21820,0.24060,2.21980,0.72890,0.02760,0,0,1,2429,28,0,1021,1021,0,1556,0
1008,3.35980,0.19810,2.34120,0.79730,0.02190,0,0,1,2429,28,0,1021,1021,0,1556,0
1009,3.23140,0.20440,2.21080,0.78780,0.02710,0,0,1,2429,28,0,1021,1021,0,1556,0
1010,3.39260,0.20550,2.30810,0.85470,0.02250,0,0,1,2429,28,0,1021,1021,0,1556,0
1011,3.41490,0.24470,2.36190,0.78150,0.02580,0,0,1,2429,28,0,1021,1021,0,1554,0
1012,3.37490,0.21100,2.33110,0.80740,0.02450,0,0,1,2429,28,0,1021,1021,0,1554,0
1013,3.29240,0.20370,2.28530,0.77610,0.02560,0,0,1,2429,28,0,1021,1021,0,1554,0
1014,3.32240,0.19480,2.29470,0.80000,0.03180,0,0,1,2429,28,0,1021,1021,0,1554,0
1015,3.39020,0.23070,2.36440,0.77350,0.02060,0,0,1,2429,28,0,1021,1021,0,1554,0
1016,3.24790,0.21120,2.27930,0.73430,0.02220,0,0,1,2429,28,0,1021,1021,0,1554,0
1017,3.36460,0.20310,2.39050,0.74670,0.02310,0,0,1,2429,28,0,1021,1021,0,1554,0
1018,3.37540,0.19660,2.30070,0.84580,0.03140,0,0,1,2429,28,0,1021,1021,0,1554,0
1019,3.26230,0.19490,2.28900,0.74360,0.03390,0,0,1,2429,28,0,1022,1022,0,1554,0
1020,3.23630,0.21270,2.23150,0.77080,0.02030,0,0,1,2429,28,0,1022,1022,0,1554,0
1021,4.90080,1.87310,2.28020,0.71750,0.02850,0,0,1,2429,28,0,1022,1022,0,1554,0
1022,3.25560,0.20410,2.29200,0.73550,0.02310,0,0,1,2429,28,0,1022,1022,0,1554,0
1023,3.48660,0.19730,2.38680,0.87470,0.02700,0,0,1,2429,28,0,1022,1022,0,1554,0
1024,3.29840,0.22300,2.20480,0.84260,0.02710,0,0,1,2429,28,0,1022,1022,0,1554,0
1025,3.18230,0.21700,2.19910,0.73430,0.03100,0,0,1,2429,28,0,1022,1022,0,1554,0
1026,3.43140,0.23110,2.31780,0.85310,0.02800,0,0,1,2429,28,0,1022,1022,0,1554,0
1027,3.41490,0.29130,2.33640,0.75810,0.02760,0,0,1,2429,29,0,1022,1022,0,1554,0
1028,3.19730,0.20740,2.23910,0.71880,0.03070,0,0,1,2429,29,0,1022,1022,0,1554,0
1029,3.43970,0.20890,2.19150,1.00720,0.03060,0,0,1,2429,29,0,1022,1022,0,1554,0
1030,3.37430,0.21080,2.38910,0.74690,0.02640,0,0,1,2429,29,0,1022,1022,0,1554,0
1031,3.36760,0.20930,2.35580,0.77190,0.02990,0,0,1,2429,29,0,1022,1022,0,1554,0
1032,3.18440,0.20050,2.20920,0.74660,0.02750,0,0,1,2429,29,0,1022,1022,0,1554,0
1033,3.24320,0.20990,2.24410,0.76510,0.02290,0,0,1,2429,29,0,1022,1022,0,1554,0
1034,3.30060,0.21510,2.30870,0.75290,0.02290,0,0,1,2429,29,0,1022,1022,0,1554,0
1035,3.23050,0.20690,2.27150,0.72260,0.02890,0,0,1,2429,29,0,1022,1022,0,1554,0
1036,5.11380,1.80090,2.52140,0.76640,0.02420,0,0,1,2429,29,0,1022,1022,0,1554,0
1037,3.21970,0.21010,2.22590,0.75790,0.02470,0,0,1,2429,29,0,1022,1022,0,1554,0
1038,3.20990,0.21850,2.18560,0.77970,0.02540,0,0,1,2429,29,0,1022,1022,0,1554,0
1039,3.37440,0.22100,2.37630,0.74710,0.02900,0,0,1,2429,29,0,1022,1022,0,1554,0
1040,3.21490,0.19970,2.24810,0.73880,0.02750,0,0,1,2429,29,0,1022,1022,0,1554,0
1041,3.29200,0.20220,2.31160,0.75410,0.02330,0,0,1,2429,29,0,1022,1022,0,1554,0
1042,3.13430,0.22260,2.16170,0.72450,0.02480,0,0,1,2429,29,0,1022,1022,0,1554,0
1043,3.43090,0.23150,2.32190,0.85270,0.02390,0,0,1,2429,29,0,1022,1022,0,1554,0
1044,3.40580,0.22290,2.36440,0.79450,0.02280,0,0,1,2429,29,0,1022,1022,0,1554,0
1045,3.22450,0.19990,2.26050,0.74190,0.02140,0,0,1,2429,29,0,1022,1022,0,1555,0
1046,3.38230,0.20480,2.31800,0.83470,0.02400,0,0,1,2429,29,0,1022,1022,0,1555,0
1047,3.21580,0.22000,2.18200,0.78570,0.02740,0,0,1,2429,29,0,1022,1022,0,1555,0
1048,3.16660,0.21120,2.18110,0.74730,0.02620,0,0,1,2429,29,0,1022,1022,0,1555,0
1049,3.26390,0.22320,2.23210,0.78580,0.02200,0,0,1,2429,29,0,1022,1022,0,1555,0
1050,3.29680,0.22270,2.22490,0.82360,0.02460,0,0,1,2429,29,0,1022,1022,0,1555,0
1051,6.10760,2.09860,3.07540,0.91280,0.01910,0,0,1,2429,29,0,1022,1022,0,1555,0
1052,4.34990,0.40670,3.11050,0.80460,0.02690,0,0,1,2429,29,0,1022,1022,0,1555,0
1053,4.40870,0.19470,3.41870,0.77630,0.01820,0,0,1,2429,29,0,1022,1022,0,1555,0
1054,4.05040,0.17760,3.07590,0.77850,0.01760,0,0,1,2429,29,0,1022,1022,0,1555,0
1055,4.41360,0.18960,3.37420,0.82390,0.02510,0,0,1,2429,29,0,1022,1022,0,1555,0
1056,3.83550,0.16710,2.89340,0.75510,0.01920,0,0,1,2429,29,0,1022,1022,0,1555,0
1057,3.57870,0.16540,2.63070,0.76280,0.01890,0,0,1,2429,29,0,1022,1022,0,1555,0
1058,3.64800,0.17110,2.69850,0.75620,0.02090,0,0,1,2429,29,0,1022,1022,0,1555,0
1059,3.54350,0.18760,2.55110,0.77970,0.02420,0,0,1,2429,29,0,1022,1022,0,1557,0
1060,3.77840,0.16680,2.67710,0.90770,0.02570,0,0,1,2429,29,0,1022,1022,0,1557,0
1061,3.62390,0.20970,2.64040,0.74560,0.02750,0,0,1,2429,29,0,1022,1022,0,1557,0
1062,5.13200,0.20620,3.99920,0.90120,0.02460,0,0,1,2429,29,0,1022,1022,0,1557,0
1063,3.69460,0.20890,2.62820,0.82990,0.02670,0,0,1,2429,29,0,1022,1022,0,1557,0
1064,3.54610,0.17810,2.51160,0.83120,0.02450,0,0,1,2429,29,0,1022,1022,0,1557,0
1065,3.47950,0.18120,2.54450,0.72940,0.02370,0,0,1,2429,29,0,1022,1022,0,1557,0
1066,5.22470,1.85200,2.58930,0.75250,0.02980,0,0,1,2429,29,0,1022,1022,0,1557,0
1067,5.30980,0.21590,4.13370,0.92790,0.03120,0,0,1,2429,29,0,1022,1022,0,1557,0
1068,4.17090,0.21190,3.14910,0.78220,0.02670,0,0,1,2429,29,0,1022,1022,0,1557,0
1069,5.24970,0.21570,4.11250,0.89590,0.02480,0,0,1,2429,29,0,1022,1022,0,1557,0
1070,5.13350,0.22210,4.12650,0.76300,0.02110,0,0,1,2429,29,0,1022,1022,0,1557,0
1071,3.89840,0.19520,2.80350,0.85610,0.04270,0,0,1,2429,29,0,1022,1022,0,1557,0
1072,5.26380,0.20640,4.08830,0.92090,0.04720,0,0,1,2429,29,0,1022,1022,0,1557,0
1073,4.86830,0.20060,3.65390,0.98460,0.02810,0,0,1,2429,29,0,1022,1022,0,1559,0
1074,4.20460,0.21160,2.79210,1.17820,0.02190,0,0,1,2429,29,0,1022,1022,0,1559,0
1075,4.63680,0.22450,3.42320,0.96650,0.02190,0,0,1,2429,29,0,1022,1022,0,1559,0
1076,4.12880,0.17770,2.97210,0.94870,0.02870,0,0,1,2429,29,0,1022,1022,0,1559,0
1077,3.45290,0.17010,2.45580,0.80290,0.02310,0,0,1,2429,29,0,1022,1022,0,1559,0
1078,3.88400,0.19900,2.80570,0.85100,0.02750,0,0,1,2429,29,0,1022,1022,0,1559,0
1079,3.38790,0.17770,2.43540,0.75060,0.02320,0,0,1,2429,29,0,1022,1022,0,1559,0
1080,3.48150,0.21050,2.46880,0.78150,0.01990,0,0,1,2429,29,0,1022,1022,0,1559,0
1081,5.27720,1.87150,2.46770,0.90660,0.02900,0,0,1,2429,29,0,1022,1022,0,1559,0
1082,3.45740,0.19410,2.48770,0.74800,0.02660,0,0,1,2429,29,0,1022,1022,0,1559,0
1083,3.39670,0.21870,2.40680,0.74380,0.02600,0,0,1,2429,29,0,1022,1022,0,1559,0
1084,3.35670,0.21620,2.38000,0.73320,0.02630,0,0,1,2429,29,0,1022,1022,0,1559,0
1085,3.32020,0.19840,2.36100,0.73440,0.02560,0,0,1,2429,29,0,1022,1022,0,1559,0
1086,3.37610,0.21510,2.36660,0.76610,0.02740,0,0,1,2429,29,0,1022,1022,0,1559,0
1087,3.35750,0.24470,2.33040,0.75310,0.02820,0,0,1,2429,30,0,1022,1022,0,1562,0
1088,3.59140,0.20730,2.45960,0.89730,0.02640,0,0,1,2429,30,0,1022,1022,0,1562,0
1089,3.41920,0.21360,2.42910,0.74960,0.02570,0,0,1,2429,30,0,1022,1022,0,1562,0
1090,3.21660,0.20760,2.20410,0.77160,0.03230,0,0,1,2429,30,0,1022,1022,0,1562,0
1091,3.25070,0.21700,2.26240,0.74420,0.02630,0,0,1,2429,30,0,1022,1022,0,1562,0
1092,3.31090,0.20620,2.30990,0.76590,0.02790,0,0,1,2429,30,0,1022,1022,0,1562,0
1093,3.34580,0.26630,2.32910,0.72540,0.02420,0,0,1,2429,30,0,1022,1022,0,1562,0
1094,3.32530,0.20520,2.31030,0.78340,0.02550,0,0,1,2429,30,0,1022,1022,0,1562,0
1095,3.29010,0.20840,2.28730,0.76540,0.02820,0,0,1,2429,30,0,1022,1022,0,1562,0
1096,5.17410,1.86540,2.42180,0.85450,0.03150,0,0,1,2429,30,0,1022,1022,0,1562,0
1097,3.32940,0.22400,2.33920,0.73500,0.03030,0,0,1,2429,30,0,1022,1022,0,1562,0
1098,3.50150,0.21370,2.47090,0.79280,0.02330,0,0,1,2429,30,0,1022,1022,0,1562,0
1099,3.32920,0.24270,2.33550,0.72840,0.02170,0,0,1,2429,30,0,1022,1022,0,1562,0
1100,3.32710,0.21250,2.33440,0.74820,0.03110,0,0,1,2429,30,0,1022,1022,0,1562,0
1101,3.15650,0.20210,2.17450,0.75200,0.02690,0,0,1,2429,30,0,1022,1022,0,1560,0
1102,3.39090,0.20740,2.35370,0.80490,0.02400,0,0,1,2429,30,0,1022,1022,0,1560,0
1103,3.21500,0.18560,2.27120,0.73380,0.02360,0,0,1,2429,30,0,1022,1022,0,1560,0
1104,3.33850,0.23060,2.31500,0.76390,0.02820,0,0,1,2429,30,0,1022,1022,0,1560,0
1105,3.28980,0.20690,2.30360,0.75620,0.02210,0,0,1,2429,30,0,1022,1022,0,1560,0
1106,3.26630,0.19650,2.28060,0.76170,0.02670,0,0,1,2429,30,0,1022,1022,0,1560,0
1107,3.27960,0.21060,2.23240,0.80900,0.02670,0,0,1,2429,30,0,1022,1022,0,1560,0
1108,3.27370,0.21250,2.27860,0.75800,0.02370,0,0,1,2429,30,0,1022,1022,0,1560,0
1109,3.39170,0.20650,2.30800,0.85220,0.02420,0,0,1,2429,30,0,1022,1022,0,1560,0
1110,3.32500,0.20250,2.31650,0.77270,0.03150,0,0,1,2429,30,0,1022,1022,0,1560,0
1111,6.55410,2.16670,3.12320,1.23480,0.02780,0,0,1,2429,30,0,1022,1022,0,1560,0
1112,4.13100,0.18990,3.14860,0.76370,0.02760,0,0,1,2429,30,0,1022,1022,0,1560,0
1113,4.60320,0.19610,3.58330,0.80350,0.01950,0,0,1,2429,30,0,1022,1022,0,1560,0
1114,3.88220,0.21070,2.87120,0.77760,0.02180,0,0,1,2429,30,0,1022,1022,0,1560,0
1115,3.92230,0.20940,2.77600,0.90680,0.02910,0,0,1,2429,30,0,1022,1022,0,1560,0
1116,3.62100,0.17740,2.65790,0.75490,0.03000,0,0,1,2429,30,0,1022,1022,0,1560,0
1117,3.61430,0.18230,2.65360,0.75430,0.02320,0,0,1,2429,30,0,1022,1022,0,1560,0
1118,3.65130,0.18000,2.71280,0.72920,0.02860,0,0,1,2429,30,0,1022,1022,0,1560,0
1119,3.50180,0.18480,2.53810,0.75810,0.02000,0,0,1,2429,30,0,1022,1022,0,1559,0
1120,4.23110,0.16840,3.30990,0.72280,0.02900,0,0,1,2429,30,0,1022,1022,0,1559,0
1121,3.65090,0.20450,2.64730,0.77500,0.02320,0,0,1,2429,30,0,1022,1022,0,1559,0
1122,4.47840,0.18540,3.34730,0.92750,0.01740,0,0,1,2429,30,0,1022,1022,0,1559,0
1123,3.59960,0.18030,2.65010,0.74860,0.01990,0,0,1,2429,30,0,1022,1022,0,1559,0
1124,4.00850,0.20380,3.00700,0.77090,0.02580,0,0,1,2429,30,0,1022,1022,0,1559,0
1125,3.38830,0.20430,2.42970,0.73080,0.02260,0,0,1,2429,30,0,1022,1022,0,1559,0
1126,6.12150,1.84890,3.39280,0.84140,0.03670,0,0,1,2429,30,0,1022,1022,0,1559,0
1127,4.39370,0.21650,3.36850,0.77590,0.03000,0,0,1,2429,30,0,1022,1022,0,1559,0
1128,3.33850,0.19820,2.26250,0.76490,0.11170,0,0,1,2429,30,0,1022,1022,0,1559,0
1129,3.40510,0.25910,2.36070,0.75620,0.02820,0,0,1,2429,30,0,1022,1022,0,1559,0
1130,3.54920,0.28020,2.41420,0.80530,0.04810,0,0,1,2429,30,0,1022,1022,0,1559,0
1131,4.26460,0.21760,3.21970,0.79720,0.02890,0,0,1,2429,30,0,1022,1022,0,1559,0
1132,3.56550,0.21460,2.56300,0.75730,0.02940,0,0,1,2429,30,0,1022,1022,0,1559,0
1133,3.26080,0.20850,2.27010,0.74920,0.03210,0,0,1,2429,30,0,1022,1022,0,1556,0
1134,3.60500,0.20830,2.57110,0.79150,0.03280,0,0,1,2429,30,0,1022,1022,0,1556,0
1135,3.40660,0.19740,2.40280,0.77670,0.02880,0,0,1,2429,30,0,1022,1022,0,1555,0
1136,3.44260,0.20830,2.43590,0.76760,0.02970,0,0,1,2429,30,0,1022,1022,0,1555,0
1137,3.46590,0.21150,2.43510,0.78660,0.03150,0,0,1,2429,30,0,1022,1022,0,1555,0
1138,3.44220,0.21940,2.38700,0.80420,0.02990,0,0,1,2429,30,0,1022,1022,0,1555,0
1139,3.50660,0.20760,2.48220,0.78710,0.02830,0,0,1,2429,30,0,1022,1022,0,1555,0
1140,3.51340,0.21340,2.44580,0.82140,0.03170,0,0,1,2429,30,0,1022,1022,0,1555,0
1141,5.91690,2.09130,2.98810,0.80860,0.02710,0,0,1,2429,30,0,1022,1022,0,1555,0
1142,4.00220,0.19470,2.98560,0.79850,0.02260,0,0,1,2429,30,0,1022,1022,0,1555,0
1143,3.72930,0.19780,2.77770,0.73260,0.02040,0,0,1,2429,30,0,1022,1022,0,1555,0
1144,4.98230,0.20590,3.92990,0.82180,0.02370,0,0,1,2429,30,0,1022,1022,0,1555,0
1145,3.82370,0.27260,2.80410,0.72060,0.02550,0,0,1,2429,30,0,1022,1022,0,1555,0
1146,3.92420,0.22630,2.89080,0.77790,0.02840,0,0,1,2429,30,0,1022,1022,0,1555,0
1147,3.83990,0.24970,2.74790,0.80950,0.03180,0,0,1,2429,31,0,1022,1022,0,1555,0
1148,3.44720,0.20380,2.44720,0.76070,0.03430,0,0,1,2429,31,0,1022,1022,0,1555,0
1149,3.48720,0.20350,2.49010,0.76910,0.02310,0,0,1,2429,31,0,1022,1022,0,1555,0
1150,3.58210,0.20860,2.58100,0.76880,0.02240,0,0,1,2429,31,0,1022,1022,0,1555,0
1151,3.38790,0.20110,2.40390,0.75820,0.02380,0,0,1,2429,31,0,1023,1023,0,1555,0
1152,3.25940,0.19480,2.27410,0.76690,0.02250,0,0,1,2429,31,0,1023,1023,0,1555,0
1153,3.72170,0.18670,2.72410,0.77890,0.03070,0,0,1,2429,31,0,1023,1023,0,1555,0
1154,3.38710,0.20240,2.36870,0.78080,0.03380,0,0,1,2429,31,0,1023,1023,0,1555,0
1155,3.46740,0.20360,2.43630,0.79580,0.03070,0,0,1,2429,31,0,1023,1023,0,1555,0
1156,5.00100,1.90120,2.32710,0.75030,0.02140,0,0,1,2429,31,0,1023,1023,0,1555,0
1157,3.34740,0.19310,2.34090,0.78700,0.02500,0,0,1,2429,31,0,1023,1023,0,1555,0
1158,3.67210,0.24350,2.59030,0.81150,0.02600,0,0,1,2429,31,0,1023,1023,0,1555,0
1159,3.60360,0.19360,2.56860,0.81340,0.02720,0,0,1,2429,31,0,1023,1023,0,1555,0
1160,3.30020,0.20080,2.23850,0.82950,0.03040,0,0,1,2429,31,0,1023,1023,0,1555,0
1161,3.34680,0.21370,2.30800,0.79480,0.02890,0,0,1,2429,31,0,1023,1023,0,1555,0
1162,3.43750,0.23350,2.32450,0.85790,0.02040,0,0,1,2429,31,0,1023,1023,0,1555,0
1163,3.41920,0.20030,2.36810,0.81970,0.03020,0,0,1,2429,31,0,1023,1023,0,1555,0
1164,3.49390,0.19900,2.48920,0.77550,0.02950,0,0,1,2429,31,0,1023,1023,0,1555,0
1165,3.24550,0.20180,2.25620,0.75910,0.02750,0,0,1,2429,31,0,1023,1023,0,1555,0
1166,3.62130,0.28100,2.45660,0.85660,0.02600,0,0,1,2429,31,0,1023,1023,0,1555,0
1167,3.50360,0.28280,2.36020,0.82910,0.03020,0,0,1,2429,31,0,1023,1023,0,1555,0
1168,3.55010,0.22320,2.49190,0.79490,0.03900,0,0,1,2429,31,0,1023,1023,0,1555,0
1169,3.32150,0.22020,2.26280,0.81430,0.02260,0,0,1,2429,31,0,1023,1023,0,1555,0
1170,3.93250,0.22280,2.83690,0.84380,0.02790,0,0,1,2429,31,0,1023,1023,0,1555,0
1171,6.27760,2.11330,3.09360,0.96330,0.10580,0,0,1,2429,31,0,1023,1023,0,1555,0
1172,3.91310,0.17830,2.92690,0.78940,0.01790,0,0,1,2429,31,0,1023,1023,0,1555,0
1173,4.47130,0.19490,3.42520,0.82540,0.02490,0,0,1,2429,31,0,1023,1023,0,1555,0
1174,3.97730,0.17940,2.98120,0.76000,0.05600,0,0,1,2429,31,0,1023,1023,0,1555,0
1175,4.18620,0.21430,3.16840,0.77840,0.02420,0,0,1,2429,31,0,1023,1023,0,1555,0
1176,3.92270,0.18680,2.93970,0.77330,0.02200,0,0,1,2429,31,0,1023,1023,0,1555,0
1177,4.07880,0.19350,3.01580,0.84120,0.02750,0,0,1,2429,31,0,1023,1023,0,1555,0
1178,4.06460,0.16560,2.96450,0.90730,0.02580,0,0,1,2429,31,0,1023,1023,0,1555,0
1179,4.81310,0.19560,3.83540,0.75630,0.02490,0,0,1,2429,31,0,1023,1023,0,1555,0
1180,3.55990,0.23020,2.51720,0.78610,0.02530,0,0,1,2429,31,0,1023,1023,0,1555,0
1181,3.74220,0.18380,2.75790,0.76990,0.02960,0,0,1,2429,31,0,1023,1023,0,1555,0
1182,3.48830,0.19600,2.51650,0.75420,0.02060,0,0,1,2429,31,0,1023,1023,0,1555,0
1183,3.79040,0.20880,2.80690,0.75380,0.01970,0,0,1,2429,31,0,1023,1023,0,1555,0
1184,3.46880,0.18720,2.51520,0.74010,0.02510,0,0,1,2429,31,0,1023,1023,0,1555,0
1185,3.65880,0.20560,2.66100,0.76750,0.02350,0,0,1,2429,31,0,1023,1023,0,1555,0
1186,5.64380,1.94330,2.57760,1.08700,0.03460,0,0,1,2429,31,0,1023,1023,0,1555,0
1187,3.52860,0.18460,2.46980,0.83640,0.03670,0,0,1,2429,31,0,1023,1023,0,1555,0
1188,3.37860,0.21300,2.37110,0.76060,0.03240,0,0,1,2429,31,0,1023,1023,0,1555,0
1189,3.70170,0.21300,2.47780,0.95850,0.05140,0,0,1,2429,31,0,1023,1023,0,1555,0
1190,3.64960,0.21800,2.55440,0.85230,0.02390,0,0,1,2429,31,0,1023,1023,0,1555,0
1191,3.71860,0.19520,2.72460,0.77040,0.02750,0,0,1,2429,31,0,1023,1023,0,1555,0
1192,3.61910,0.19980,2.42770,0.95710,0.03340,0,0,1,2429,31,0,1023,1023,0,1555,0
1193,3.52580,0.21100,2.52270,0.76690,0.02420,0,0,1,2429,31,0,1023,1023,0,1555,0
1194,3.57150,0.20560,2.43720,0.90050,0.02730,0,0,1,2429,31,0,1023,1023,0,1555,0
1195,3.38520,0.19770,2.40160,0.76130,0.02350,0,0,1,2429,31,0,1023,1023,0,1555,0
1196,3.30330,0.21350,2.30430,0.75110,0.03330,0,0,1,2429,31,0,1023,1023,0,1555,0
1197,3.39830,0.21520,2.31620,0.82870,0.03720,0,0,1,2429,31,0,1023,1023,0,1555,0
1198,3.62950,0.30320,2.46900,0.81730,0.03880,0,0,1,2429,31,0,1023,1023,0,1555,0
1199,3.35260,0.19970,2.29960,0.76220,0.09010,0,0,1,2429,31,0,1023,1023,0,1555,0
1200,3.56000,0.22300,2.41340,0.89590,0.02690,0,0,1,2429,31,0,1023,1023,0,1555,0
1201,5.17270,1.92610,2.40620,0.79960,0.03870,0,0,1,2429,31,0,1023,1023,0,1555,0
1202,3.61880,0.22280,2.33630,1.02480,0.03370,0,0,1,2429,31,0,1023,1023,0,1555,0
1203,3.32010,0.20130,2.33650,0.75600,0.02500,0,0,1,2429,31,0,1023,1023,0,1555,0
1204,3.30050,0.22500,2.23750,0.80720,0.02990,0,0,1,2429,31,0,1023,1023,0,1555,0
1205,3.63350,0.21230,2.61210,0.77920,0.02890,0,0,1,2429,31,0,1023,1023,0,1555,0
1206,3.34780,0.21180,2.31730,0.78720,0.03040,0,0,1,2429,31,0,1023,1023,0,1555,0
1207,3.57680,0.26290,2.34730,0.91440,0.05120,0,0,1,2429,32,0,1023,1023,0,1555,0
1208,3.30140,0.19100,2.29210,0.78410,0.03310,0,0,1,2429,32,0,1023,1023,0,1555,0
1209,3.46600,0.19970,2.31840,0.90820,0.03880,0,0,1,2429,32,0,1023,1023,0,1555,0
1210,3.60860,0.20170,2.55320,0.82710,0.02550,0,0,1,2429,32,0,1023,1023,0,1555,0
1211,3.57500,0.21620,2.55070,0.78250,0.02470,0,0,1,2429,32,0,1023,1023,0,1555,0
1212,3.48120,0.20130,2.34640,0.89220,0.04020,0,0,1,2429,32,0,1023,1023,0,1555,0
1213,3.86150,0.28460,2.72030,0.82420,0.03140,0,0,1,2429,32,0,1023,1023,0,1555,0
1214,3.29900,0.18820,2.28390,0.79790,0.02810,0,0,1,2429,32,0,1023,1023,0,1555,0
1215,3.49180,0.21400,2.43940,0.80920,0.02820,0,0,1,2429,32,0,1023,1023,0,1555,0
1216,5.15350,1.84620,2.51540,0.76460,0.02620,0,0,1,2429,32,0,1023,1023,0,1555,0
1217,3.78030,0.21800,2.60220,0.93010,0.02890,0,0,1,2429,32,0,1023,1023,0,1555,0
1218,3.45130,0.23040,2.39410,0.79730,0.02860,0,0,1,2429,32,0,1023,1023,0,1555,0
1219,3.80520,0.31120,2.48830,0.97280,0.03180,0,0,1,2429,32,0,1023,1023,0,1555,0
1220,3.22330,0.23630,2.17780,0.77260,0.03530,0,0,1,2429,32,0,1023,1023,0,1555,0
1221,3.43580,0.21940,2.43550,0.74940,0.03050,0,0,1,2429,32,0,1023,1023,0,1555,0
1222,3.31530,0.19870,2.30830,0.77680,0.03030,0,0,1,2429,32,0,1023,1023,0,1555,0
1223,3.43870,0.19710,2.23790,0.97160,0.03130,0,0,1,2429,32,0,1023,1023,0,1555,0
1224,3.31140,0.19900,2.33940,0.74780,0.02410,0,0,1,2429,32,0,1023,1023,0,1555,0
1225,3.29040,0.20130,2.26050,0.80020,0.02740,0,0,1,2429,32,0,1023,1023,0,1555,0
1226,3.43170,0.19810,2.40280,0.79760,0.03200,0,0,1,2429,32,0,1023,1023,0,1555,0
1227,3.25380,0.21360,2.24030,0.76930,0.02970,0,0,1,2429,32,0,1023,1023,0,1555,0
1228,3.28190,0.20320,2.26150,0.78390,0.03180,0,0,1,2429,32,0,1023,1023,0,1555,0
1229,3.25660,0.20530,2.23850,0.78350,0.02790,0,0,1,2429,32,0,1023,1023,0,1555,0
1230,3.41370,0.22830,2.35740,0.79530,0.03170,0,0,1,2429,32,0,1023,1023,0,1555,0
1231,5.58840,2.00250,2.77930,0.77620,0.02840,0,0,1,2429,32,0,1023,1023,0,1555,0
1232,3.82260,0.18810,2.86140,0.74810,0.02400,0,0,1,2429,32,0,1023,1023,0,1555,0
1233,3.60150,0.18360,2.60210,0.79230,0.02280,0,0,1,2429,32,0,1023,1023,0,1555,0
1234,3.91660,0.17880,2.83160,0.80770,0.09750,0,0,1,2429,32,0,1023,1023,0,1555,0
1235,4.70030,0.23530,3.59480,0.85150,0.01790,0,0,1,2429,32,0,1023,1023,0,1555,0
1236,4.19770,0.18220,3.20910,0.78400,0.02120,0,0,1,2429,32,0,1023,1023,0,1555,0
1237,3.91750,0.17690,2.93450,0.77090,0.03420,0,0,1,2429,32,0,1023,1023,0,1555,0
1238,3.65710,0.18550,2.70590,0.74310,0.02170,0,0,1,2429,32,0,1023,1023,0,1555,0
1239,4.05260,0.19150,3.04640,0.79180,0.02190,0,0,1,2429,32,0,1023,1023,0,1555,0
1240,4.05070,0.16660,2.95050,0.90750,0.02520,0,0,1,2429,32,0,1023,1023,0,1555,0
1241,3.74800,0.18380,2.63960,0.89910,0.02460,0,0,1,2429,32,0,1023,1023,0,1555,0
1242,3.50680,0.23330,2.34330,0.88420,0.04510,0,0,1,2429,32,0,1023,1023,0,1555,0
1243,3.64850,0.18090,2.54250,0.89780,0.02640,0,0,1,2429,32,0,1023,1023,0,1555,0
1244,3.64600,0.18920,2.50780,0.92040,0.02780,0,0,1,2429,32,0,1023,1023,0,1555,0
1245,3.65350,0.30510,2.53680,0.78750,0.02300,0,0,1,2429,32,0,1023,1023,0,1555,0
1246,5.29490,1.89770,2.59830,0.77700,0.02120,0,0,1,2429,32,0,1023,1023,0,1555,0
1247,3.51770,0.18700,2.45430,0.83930,0.03620,0,0,1,2429,32,0,1023,1023,0,1555,0
1248,3.58530,0.19990,2.55660,0.78630,0.04140,0,0,1,2429,32,0,1023,1023,0,1555,0
1249,3.36800,0.20890,2.35640,0.77460,0.02700,0,0,1,2429,32,0,1023,1023,0,1555,0
1250,4.73970,0.20630,3.65630,0.85000,0.02560,0,0,1,2429,32,0,1023,1023,0,1555,0
1251,3.36020,0.21380,2.26530,0.84520,0.03460,0,0,1,2429,32,0,1023,1023,0,1555,0
1252,3.59410,0.29990,2.38770,0.87690,0.02840,0,0,1,2429,32,0,1023,1023,0,1555,0
1253,3.62470,0.22320,2.60120,0.76220,0.03720,0,0,1,2429,32,0,1023,1023,0,1555,0
1254,3.45030,0.18750,2.35860,0.87430,0.02890,0,0,1,2429,32,0,1023,1023,0,1555,0
1255,3.73690,0.20030,2.54030,0.96820,0.02710,0,0,1,2429,32,0,1023,1023,0,1555,0
1256,3.28220,0.21350,2.26470,0.76520,0.03770,0,0,1,2429,32,0,1023,1023,0,1555,0
1257,3.64100,0.22560,2.43870,0.89070,0.08470,0,0,1,2429,32,0,1023,1023,0,1555,0
1258,3.53060,0.21340,2.43650,0.84230,0.03740,0,0,1,2429,32,0,1023,1023,0,1555,0
1259,3.75800,0.20240,2.70630,0.82260,0.02570,0,0,1,2429,32,0,1023,1023,0,1555,0
1260,3.59630,0.20840,2.52100,0.83580,0.03000,0,0,1,2429,32,0,1023,1023,0,1555,0
1261,6.28970,2.91800,2.54650,0.79610,0.02690,0,0,1,2429,32,0,1023,1023,0,1555,0
1262,3.42280,0.22490,2.39970,0.77320,0.02390,0,0,1,2429,32,0,1023,1023,0,1555,0
1263,3.77540,0.22480,2.74140,0.78040,0.02790,0,0,1,2429,32,0,1023,1023,0,1555,0
1264,3.57830,0.20660,2.54680,0.79580,0.02800,0,0,1,2429,32,0,1023,1023,0,1555,0
1265,3.41890,0.19830,2.36800,0.82570,0.02590,0,0,1,2429,32,0,1023,1023,0,1555,0
1266,3.48020,0.19380,2.48200,0.77670,0.02650,0,0,1,2429,32,0,1023,1023,0,1555,0
1267,3.26800,0.25280,2.25600,0.73390,0.02430,0,0,1,2429,33,0,1023,1023,0,1555,0
1268,3.99290,0.19910,2.93050,0.82920,0.03320,0,0,1,2429,33,0,1023,1023,0,1555,0
1269,3.27850,0.20080,2.28810,0.76450,0.02410,0,0,1,2429,33,0,1023,1023,0,1555,0
1270,3.31440,0.24010,2.23110,0.81600,0.02620,0,0,1,2429,33,0,1023,1023,0,1555,0
1271,3.34810,0.23110,2.28020,0.80790,0.02790,0,0,1,2429,33,0,1023,1023,0,1555,0
1272,3.29740,0.21890,2.26800,0.77950,0.03000,0,0,1,2429,33,0,1023,1023,0,1555,0
1273,3.58120,0.19000,2.56950,0.79550,0.02490,0,0,1,2429,33,0,1023,1023,0,1555,0
1274,3.38090,0.22260,2.31330,0.81250,0.03150,0,0,1,2429,33,0,1023,1023,0,1555,0
1275,3.35200,0.25100,2.22000,0.84830,0.03090,0,0,1,2429,33,0,1023,1023,0,1555,0
1276,5.14210,1.98160,2.34230,0.78860,0.02790,0,0,1,2429,33,0,1023,1023,0,1555,0
1277,3.30360,0.20710,2.26460,0.80100,0.02980,0,0,1,2429,33,0,1023,1023,0,1555,0
1278,3.23720,0.23810,2.22660,0.74250,0.02930,0,0,1,2429,33,0,1023,1023,0,1555,0
1279,3.25790,0.19780,2.25350,0.77130,0.03370,0,0,1,2429,33,0,1023,1023,0,1555,0
1280,3.46880,0.18630,2.45390,0.79720,0.03020,0,0,1,2429,33,0,1023,1023,0,1555,0
1281,3.55940,0.20470,2.57140,0.75450,0.02760,0,0,1,2429,33,0,1023,1023,0,1555,0
1282,3.35060,0.21200,2.25580,0.85670,0.02380,0,0,1,2429,33,0,1023,1023,0,1555,0
1283,3.29530,0.21160,2.28490,0.76770,0.02990,0,0,1,2429,33,0,1023,1023,0,1555,0
1284,3.68850,0.25930,2.54920,0.84710,0.03190,0,0,1,2429,33,0,1023,1023,0,1555,0
1285,3.63120,0.21820,2.48770,0.89730,0.02680,0,0,1,2429,33,0,1023,1023,0,1555,0
1286,3.62480,0.21480,2.47420,0.88880,0.04580,0,0,1,2429,33,0,1023,1023,0,1555,0
1287,3.58850,0.22430,2.55940,0.77840,0.02560,0,0,1,2429,33,0,1023,1023,0,1555,0
1288,3.41350,0.20140,2.38860,0.78710,0.03530,0,0,1,2429,33,0,1023,1023,0,1555,0
1289,3.53200,0.21210,2.27710,0.99260,0.04910,0,0,1,2429,33,0,1023,1023,0,1555,0
1290,3.50920,0.20840,2.49080,0.78210,0.02690,0,0,1,2429,33,0,1023,1023,0,1555,0
1291,6.87100,1.97940,4.01720,0.85070,0.02220,0,0,1,2429,33,0,1023,1023,0,1555,0
1292,3.91000,0.18220,2.90190,0.80270,0.02260,0,0,1,2429,33,0,1023,1023,0,1555,0
1293,4.40020,0.18980,3.34500,0.84380,0.02070,0,0,1,2429,33,0,1023,1023,0,1555,0
1294,4.18460,0.18660,3.19770,0.77620,0.02330,0,0,1,2429,33,0,1023,1023,0,1555,0
1295,3.92830,0.17400,2.96830,0.76070,0.02450,0,0,1,2429,33,0,1023,1023,0,1555,0
1296,5.30560,0.17830,4.28900,0.81810,0.01920,0,0,1,2429,33,0,1023,1023,0,1555,0
1297,4.16120,0.19280,3.17420,0.76860,0.02440,0,0,1,2429,33,0,1023,1023,0,1555,0
1298,4.11870,0.18180,3.11510,0.78790,0.03290,0,0,1,2429,33,0,1023,1023,0,1555,0
1299,4.04710,0.34040,2.88040,0.79060,0.03460,0,0,1,2429,33,0,1023,1023,0,1555,0
1300,3.78100,0.19880,2.55680,0.99140,0.03280,0,0,1,2429,33,0,1023,1023,0,1555,0
1301,3.41990,0.18920,2.48290,0.71960,0.02720,0,0,1,2429,33,0,1023,1023,0,1555,0
1302,3.53130,0.19400,2.48570,0.82650,0.02410,0,0,1,2429,33,0,1023,1023,0,1555,0
1303,3.46750,0.21780,2.46200,0.76260,0.02390,0,0,1,2429,33,0,1023,1023,0,1555,0
1304,3.30610,0.23420,2.27210,0.77220,0.02670,0,0,1,2429,33,0,1023,1023,0,1555,0
1305,3.36700,0.19160,2.39000,0.75180,0.03260,0,0,1,2429,33,0,1023,1023,0,1555,0
1306,5.26740,1.99690,2.47470,0.77030,0.02440,0,0,1,2429,33,0,1023,1023,0,1555,0
1307,3.50040,0.22360,2.43390,0.80370,0.03820,0,0,1,2429,33,0,1023,1023,0,1555,0
1308,3.48790,0.28760,2.39440,0.77730,0.02620,0,0,1,2429,33,0,1023,1023,0,1555,0
1309,3.50700,0.27690,2.38370,0.82210,0.02330,0,0,1,2429,33,0,1023,1023,0,1555,0
1310,3.54160,0.30700,2.28370,0.91610,0.03380,0,0,1,2429,33,0,1023,1023,0,1555,0
1311,3.65460,0.25120,2.34590,1.02720,0.02940,0,0,1,2429,33,0,1023,1023,0,1555,0
1312,3.81330,0.27370,2.62500,0.88350,0.02910,0,0,1,2429,33,0,1023,1023,0,1555,0
1313,3.52370,0.22270,2.45680,0.80710,0.03610,0,0,1,2429,33,0,1023,1023,0,1555,0
1314,3.45030,0.21950,2.41610,0.78650,0.02730,0,0,1,2429,33,0,1023,1023,0,1555,0
1315,3.38850,0.21140,2.31100,0.83440,0.03000,0,0,1,2429,33,0,1023,1023,0,1555,0
1316,3.32720,0.22200,2.31470,0.75700,0.03210,0,0,1,2429,33,0,1023,1023,0,1555,0
1317,3.22490,0.21440,2.24060,0.74340,0.02560,0,0,1,2429,33,0,1023,1023,0,1555,0
1318,3.23660,0.21520,2.24720,0.74760,0.02570,0,0,1,2429,33,0,1023,1023,0,1555,0
1319,3.48640,0.26170,2.35930,0.83550,0.02870,0,0,1,2429,33,0,1023,1023,0,1555,0
1320,3.31470,0.27990,2.25960,0.74520,0.02900,0,0,1,2429,33,0,1023,1023,0,1555,0
1321,7.07530,2.32730,3.74050,0.97630,0.02920,0,0,1,2429,33,0,1023,1023,0,1555,0
1322,4.68200,0.33310,3.50500,0.82360,0.01950,0,0,1,2429,33,0,1023,1023,0,1555,0
1323,5.16320,0.20510,4.02390,0.89730,0.03560,0,0,1,2429,33,0,1023,1023,0,1555,0
1324,4.39100,0.18290,3.41660,0.77040,0.01990,0,0,1,2429,33,0,1023,1023,0,1555,0
1325,4.15180,0.19260,3.08850,0.84420,0.02570,0,0,1,2429,33,0,1023,1023,0,1555,0
1326,4.06870,0.19370,3.08130,0.77030,0.02260,0,0,1,2429,33,0,1023,1023,0,1555,0
1327,3.99920,0.24180,2.98310,0.75510,0.01840,0,0,1,2429,34,0,1023,1023,0,1555,0
1328,4.13990,0.20240,3.14760,0.76880,0.02020,0,0,1,2429,34,0,1023,1023,0,1555,0
1329,5.39250,0.17580,4.40600,0.78300,0.02680,0,0,1,2429,34,0,1023,1023,0,1555,0
1330,3.38460,0.18870,2.43410,0.72460,0.03640,0,0,1,2429,34,0,1023,1023,0,1555,0
1331,3.44800,0.19480,2.50220,0.73020,0.01990,0,0,1,2429,34,0,1023,1023,0,1555,0
1332,3.63760,0.21120,2.63380,0.76200,0.02970,0,0,1,2429,34,0,1023,1023,0,1555,0
1333,3.58680,0.21620,2.56180,0.78230,0.02550,0,0,1,2429,34,0,1023,1023,0,1555,0
1334,3.52990,0.19190,2.57510,0.74310,0.01910,0,0,1,2429,34,0,1023,1023,0,1555,0
1335,3.54630,0.19390,2.58880,0.73760,0.02520,0,0,1,2429,34,0,1023,1023,0,1555,0
1336,5.26190,1.95690,2.50220,0.77980,0.02210,0,0,1,2429,34,0,1023,1023,0,1555,0
1337,5.00090,0.18570,4.05220,0.73870,0.02350,0,0,1,2429,34,0,1023,1023,0,1555,0
1338,3.59960,0.22040,2.51610,0.83970,0.02280,0,0,1,2429,34,0,1023,1023,0,1555,0
1339,3.45570,0.19260,2.47700,0.76020,0.02510,0,0,1,2429,34,0,1023,1023,0,1555,0
1340,3.31690,0.19620,2.36180,0.73400,0.02410,0,0,1,2429,34,0,1023,1023,0,1555,0
1341,3.24860,0.19510,2.29380,0.73590,0.02290,0,0,1,2429,34,0,1023,1023,0,1555,0
1342,3.42100,0.20580,2.43680,0.75290,0.02440,0,0,1,2429,34,0,1023,1023,0,1555,0
1343,3.30770,0.21380,2.33670,0.72380,0.03250,0,0,1,2429,34,0,1023,1023,0,1555,0
1344,3.62070,0.19710,2.64000,0.75760,0.02420,0,0,1,2429,34,0,1023,1023,0,1555,0
1345,3.29360,0.20610,2.27170,0.78710,0.02770,0,0,1,2429,34,0,1023,1023,0,1555,0
1346,3.37460,0.20930,2.40720,0.73360,0.02320,0,0,1,2429,34,0,1023,1023,0,1555,0
1347,3.23460,0.18940,2.30160,0.71970,0.02320,0,0,1,2429,34,0,1023,1023,0,1555,0
1348,3.34380,0.20820,2.38650,0.72380,0.02450,0,0,1,2429,34,0,1023,1023,0,1555,0
1349,3.28100,0.20890,2.30370,0.74580,0.02170,0,0,1,2429,34,0,1023,1023,0,1555,0
1350,3.43980,0.21710,2.41790,0.77900,0.02510,0,0,1,2429,34,0,1023,1023,0,1555,0
1351,5.39170,1.90940,2.67730,0.77140,0.03200,0,0,1,2429,34,0,1023,1023,0,1555,0
1352,3.51160,0.21040,2.52250,0.74380,0.03350,0,0,1,2429,34,0,1023,1023,0,1555,0
1353,3.56520,0.21080,2.55740,0.76650,0.02940,0,0,1,2429,34,0,1023,1023,0,1555,0
1354,3.50630,0.23240,2.46550,0.77390,0.03340,0,0,1,2429,34,0,1023,1023,0,1555,0
1355,3.46260,0.19930,2.48850,0.74200,0.03210,0,0,1,2429,34,0,1023,1023,0,1555,0
1356,3.39560,0.19290,2.44080,0.73380,0.02730,0,0,1,2429,34,0,1023,1023,0,1555,0
1357,3.31530,0.20110,2.29970,0.78590,0.02770,0,0,1,2429,34,0,1023,1023,0,1555,0
1358,3.55660,0.21530,2.44550,0.85500,0.03940,0,0,1,2429,34,0,1023,1023,0,1555,0
1359,3.43200,0.22360,2.26300,0.90180,0.04250,0,0,1,2429,34,0,1023,1023,0,1555,0
1360,3.34630,0.20840,2.31190,0.79400,0.03110,0,0,1,2429,34,0,1023,1023,0,1555,0
1361,3.18070,0.19890,2.23050,0.72170,0.02880,0,0,1,2429,34,0,1023,1023,0,1555,0
1362,3.48420,0.19740,2.26190,0.97010,0.05390,0,0,1,2429,34,0,1023,1023,0,1555,0
1363,3.67690,0.28690,2.50940,0.84830,0.03110,0,0,1,2429,34,0,1023,1023,0,1555,0
1364,3.50830,0.19920,2.48980,0.78550,0.03270,0,0,1,2429,34,0,1023,1023,0,1555,0
1365,3.45620,0.21180,2.39690,0.81310,0.03320,0,0,1,2429,34,0,1023,1023,0,1555,0
1366,5.22350,1.92560,2.47610,0.79050,0.03010,0,0,1,2429,34,0,1023,1023,0,1555,0
1367,3.36210,0.20310,2.30880,0.82100,0.02840,0,0,1,2429,34,0,1023,1023,0,1555,0
1368,3.33850,0.19590,2.30160,0.80550,0.03470,0,0,1,2429,34,0,1023,1023,0,1555,0
1369,3.40560,0.19990,2.36020,0.80480,0.03990,0,0,1,2429,34,0,1023,1023,0,1555,0
1370,3.25810,0.23050,2.25460,0.74120,0.03060,0,0,1,2429,34,0,1023,1023,0,1555,0
1371,3.57610,0.21550,2.40740,0.91670,0.03520,0,0,1,2429,34,0,1023,1023,0,1555,0
1372,3.54400,0.20530,2.47990,0.82750,0.03030,0,0,1,2429,34,0,1023,1023,0,1555,0
1373,3.66990,0.20350,2.60350,0.82930,0.03220,0,0,1,2429,34,0,1023,1023,0,1555,0
1374,3.65790,0.20060,2.60630,0.82080,0.02900,0,0,1,2429,34,0,1023,1023,0,1555,0
1375,3.27330,0.20100,2.26360,0.77710,0.03050,0,0,1,2429,34,0,1023,1023,0,1555,0
1376,3.26440,0.20310,2.24000,0.79420,0.02560,0,0,1,2429,34,0,1023,1023,0,1555,0
1377,3.22760,0.21600,2.20730,0.78430,0.01900,0,0,1,2429,34,0,1023,1023,0,1555,0
1378,3.26810,0.20240,2.22990,0.80960,0.02510,0,0,1,2429,34,0,1023,1023,0,1555,0
1379,3.31520,0.28780,2.25270,0.74740,0.02630,0,0,1,2429,34,0,1023,1023,0,1555,0
1380,3.42710,0.19970,2.41000,0.78000,0.03640,0,0,1,2429,34,0,1023,1023,0,1555,0
1381,7.13080,2.15420,4.13940,0.81410,0.02130,0,0,1,2429,34,0,1023,1023,0,1555,0
1382,3.93390,0.18990,2.93730,0.77710,0.02860,0,0,1,2429,34,0,1023,1023,0,1555,0
1383,3.60790,0.18850,2.62860,0.77090,0.01900,0,0,1,2429,34,0,1023,1023,0,1555,0
1384,4.34040,0.26310,3.19100,0.85430,0.03110,0,0,1,2429,34,0,1023,1023,0,1555,0
1385,5.04990,0.18770,3.85000,0.97920,0.03150,0,0,1,2429,34,0,1023,1023,0,1555,0
1386,5.39650,0.19080,4.37000,0.80310,0.03140,0,0,1,2429,34,0,1023,1023,0,1555,0
1387,4.31040,0.25060,2.92180,1.09460,0.04240,0,0,1,2429,35,0,1023,1023,0,1555,0
1388,3.52380,0.19540,2.45500,0.84420,0.02800,0,0,1,2429,35,0,1023,1023,0,1555,0
1389,3.32880,0.20830,2.37140,0.71220,0.03560,0,0,1,2429,35,0,1023,1023,0,1555,0
1390,3.55800,0.18480,2.55520,0.78960,0.02740,0,0,1,2429,35,0,1023,1023,0,1555,0
1391,3.78030,0.18820,2.52870,1.02130,0.04100,0,0,1,2429,35,0,1023,1023,0,1555,0
1392,3.59620,0.29480,2.45030,0.82330,0.02500,0,0,1,2429,35,0,1023,1023,0,1555,0
1393,3.49230,0.19680,2.47000,0.79980,0.02460,0,0,1,2429,35,0,1023,1023,0,1555,0
1394,5.04800,0.21130,3.88870,0.90720,0.03940,0,0,1,2429,35,0,1023,1023,0,1555,0
1395,3.79760,0.21460,2.81250,0.74390,0.02510,0,0,1,2429,35,0,1023,1023,0,1555,0
1396,5.29280,1.87710,2.61260,0.77380,0.02820,0,0,1,2429,35,0,1023,1023,0,1555,0
1397,3.68120,0.20870,2.67800,0.76900,0.02380,0,0,1,2429,35,0,1023,1023,0,1555,0
1398,3.39100,0.19800,2.41240,0.75640,0.02360,0,0,1,2429,35,0,1023,1023,0,1555,0
1399,4.10800,0.19970,3.08760,0.78550,0.03380,0,0,1,2429,35,0,1023,1023,0,1555,0
1400,3.64490,0.20190,2.65260,0.76700,0.02180,0,0,1,2429,35,0,1023,1023,0,1555,0
1401,3.84750,0.18850,2.81960,0.81360,0.02400,0,0,1,2429,35,0,1023,1023,0,1555,0
1402,5.05250,0.19540,4.07080,0.76150,0.02310,0,0,1,2429,35,0,1023,1023,0,1555,0
1403,4.96830,0.22920,3.90970,0.80800,0.02050,0,0,1,2429,35,0,1023,1023,0,1555,0
1404,3.60170,0.20660,2.57250,0.80140,0.02050,0,0,1,2429,35,0,1023,1023,0,1555,0
1405,4.09610,0.18260,3.05210,0.83560,0.02500,0,0,1,2429,35,0,1023,1023,0,1555,0
1406,3.45970,0.19160,2.45110,0.78490,0.03120,0,0,1,2429,35,0,1023,1023,0,1555,0
1407,3.35390,0.19860,2.34680,0.76180,0.04550,0,0,1,2429,35,0,1023,1023,0,1555,0
1408,4.27290,0.20480,3.27890,0.76780,0.02060,0,0,1,2429,35,0,1023,1023,0,1555,0
1409,3.64260,0.19750,2.65640,0.76330,0.02460,0,0,1,2429,35,0,1023,1023,0,1555,0
1410,3.67310,0.18260,2.66090,0.80550,0.02280,0,0,1,2429,35,0,1023,1023,0,1555,0
1411,5.82260,1.93900,3.02640,0.83010,0.02480,0,0,1,2429,35,0,1023,1023,0,1555,0
1412,3.82910,0.18430,2.83770,0.78470,0.02150,0,0,1,2429,35,0,1023,1023,0,1555,0
1413,5.21570,0.20650,4.14950,0.83260,0.02600,0,0,1,2429,35,0,1023,1023,0,1555,0
1414,3.59510,0.19830,2.56110,0.81000,0.02480,0,0,1,2429,35,0,1023,1023,0,1555,0
1415,3.63310,0.20970,2.59800,0.78260,0.04180,0,0,1,2429,35,0,1023,1023,0,1555,0
1416,3.58100,0.23160,2.53130,0.77030,0.04660,0,0,1,2429,35,0,1023,1023,0,1555,0
1417,4.31550,0.19490,3.24440,0.84040,0.03480,0,0,1,2429,35,0,1023,1023,0,1555,0
1418,3.72310,0.20560,2.70290,0.78300,0.03070,0,0,1,2429,35,0,1023,1023,0,1555,0
1419,4.53760,0.18760,3.54570,0.77960,0.02390,0,0,1,2429,35,0,1023,1023,0,1555,0
1420,3.36050,0.20600,2.32270,0.80150,0.02950,0,0,1,2429,35,0,1023,1023,0,1555,0
1421,3.51770,0.20080,2.47650,0.81330,0.02620,0,0,1,2429,35,0,1023,1023,0,1555,0
1422,3.16280,0.20410,2.18780,0.75060,0.01950,0,0,1,2429,35,0,1023,1023,0,1555,0
1423,3.40700,0.20650,2.43950,0.73640,0.02400,0,0,1,2429,35,0,1023,1023,0,1555,0
1424,3.30410,0.20750,2.28790,0.77950,0.02830,0,0,1,2429,35,0,1023,1023,0,1555,0
1425,3.59710,0.21120,2.56210,0.78950,0.03330,0,0,1,2429,35,0,1023,1023,0,1555,0
1426,4.94160,1.87660,2.32330,0.71780,0.02280,0,0,1,2429,35,0,1023,1023,0,1555,0
1427,3.26810,0.18920,2.31360,0.74210,0.02240,0,0,1,2429,35,0,1023,1023,0,1555,0
1428,3.30150,0.25120,2.29470,0.73260,0.02200,0,0,1,2429,35,0,1023,1023,0,1555,0
1429,3.38500,0.20590,2.39630,0.75900,0.02310,0,0,1,2429,35,0,1023,1023,0,1555,0
1430,3.27050,0.20230,2.28220,0.76120,0.02400,0,0,1,2429,35,0,1023,1023,0,1555,0
1431,3.20050,0.20300,2.19800,0.76570,0.03290,0,0,1,2429,35,0,1023,1023,0,1555,0
1432,3.34830,0.21790,2.36110,0.74510,0.02350,0,0,1,2429,35,0,1023,1023,0,1555,0
1433,3.52500,0.22450,2.36290,0.90570,0.03110,0,0,1,2429,35,0,1023,1023,0,1555,0
1434,3.29620,0.19350,2.30840,0.76790,0.02550,0,0,1,2429,35,0,1023,1023,0,1555,0
1435,3.51720,0.21500,2.48380,0.78210,0.03480,0,0,1,2429,35,0,1023,1023,0,1555,0
1436,3.47770,0.20550,2.46440,0.77710,0.02990,0,0,1,2429,35,0,1023,1023,0,1555,0
1437,3.34950,0.19200,2.35720,0.76740,0.03190,0,0,1,2429,35,0,1023,1023,0,1555,0
1438,3.91660,0.19770,2.71050,0.95280,0.05470,0,0,1,2429,35,0,1023,1023,0,1555,0
1439,3.34800,0.24240,2.28910,0.78350,0.03190,0,0,1,2429,35,0,1023,1023,0,1555,0
1440,3.27200,0.25940,2.27900,0.70800,0.02470,0,0,1,2429,35,0,1023,1023,0,1555,0
1441,5.15570,1.88310,2.38220,0.85600,0.03250,0,0,1,2429,35,0,1023,1023,0,1555,0
1442,3.38690,0.23050,2.37090,0.76060,0.02390,0,0,1,2429,35,0,1023,1023,0,1555,0
1443,3.20030,0.19890,2.22770,0.74100,0.03170,0,0,1,2429,35,0,1023,1023,0,1555,0
1444,3.23580,0.24120,2.21800,0.75090,0.02470,0,0,1,2429,35,0,1023,1023,0,1555,0
1445,3.29220,0.19290,2.32150,0.74540,0.03150,0,0,1,2429,35,0,1023,1023,0,1555,0
1446,3.29670,0.19950,2.29520,0.76710,0.03380,0,0,1,2429,35,0,1023,1023,0,1555,0
1447,3.46020,0.25860,2.40490,0.76510,0.03020,0,0,1,2429,36,0,1023,1023,0,1555,0
1448,3.45130,0.20900,2.41360,0.79750,0.03020,0,0,1,2429,36,0,1023,1023,0,1555,0
1449,3.34660,0.20580,2.38060,0.73190,0.02750,0,0,1,2429,36,0,1023,1023,0,1555,0
1450,3.34290,0.19880,2.35730,0.75860,0.02720,0,0,1,2429,36,0,1023,1023,0,1555,0
1451,3.39860,0.20170,2.41390,0.74900,0.03310,0,0,1,2429,36,0,1023,1023,0,1555,0
1452,3.35130,0.22120,2.35570,0.74990,0.02350,0,0,1,2429,36,0,1023,1023,0,1555,0
1453,3.61070,0.20040,2.63000,0.74930,0.03000,0,0,1,2429,36,0,1023,1023,0,1555,0
1454,3.33120,0.19910,2.31530,0.78650,0.02920,0,0,1,2429,36,0,1023,1023,0,1555,0
1455,3.28490,0.19660,2.23950,0.81730,0.03040,0,0,1,2429,36,0,1023,1023,0,1555,0
1456,5.07840,1.94330,2.32990,0.77940,0.02510,0,0,1,2429,36,0,1023,1023,0,1555,0
1457,3.32660,0.20280,2.27410,0.82080,0.02800,0,0,1,2429,36,0,1023,1023,0,1555,0
1458,3.29570,0.20990,2.29370,0.76330,0.02790,0,0,1,2429,36,0,1023,1023,0,1555,0
1459,3.29770,0.21090,2.17210,0.88160,0.03210,0,0,1,2429,36,0,1023,1023,0,1555,0
1460,3.21900,0.19920,2.18370,0.79130,0.04310,0,0,1,2429,36,0,1023,1023,0,1555,0
1461,3.27120,0.27180,2.22500,0.74350,0.02980,0,0,1,2429,36,0,1023,1023,0,1555,0
1462,3.43680,0.25840,2.37250,0.77150,0.03370,0,0,1,2429,36,0,1023,1023,0,1555,0
1463,3.26300,0.19580,2.28860,0.74880,0.02910,0,0,1,2429,36,0,1023,1023,0,1555,0
1464,3.41850,0.19930,2.35610,0.82750,0.03490,0,0,1,2429,36,0,1023,1023,0,1555,0
1465,3.24260,0.19850,2.19810,0.81440,0.03070,0,0,1,2429,36,0,1023,1023,0,1555,0
1466,3.65310,0.19880,2.60050,0.81270,0.04020,0,0,1,2429,36,0,1023,1023,0,1555,0
1467,3.46140,0.20550,2.41720,0.79230,0.04530,0,0,1,2429,36,0,1023,1023,0,1555,0
1468,3.40560,0.27570,2.18080,0.92050,0.02740,0,0,1,2429,36,0,1023,1023,0,1555,0
1469,3.16740,0.20010,2.15460,0.77680,0.03500,0,0,1,2429,36,0,1023,1023,0,1555,0
1470,3.36290,0.21120,2.36960,0.75430,0.02690,0,0,1,2429,36,0,1023,1023,0,1555,0
1471,6.33080,2.20100,3.32290,0.78390,0.02080,0,0,1,2429,36,0,1023,1023,0,1555,0
1472,5.36460,0.18540,4.40230,0.74960,0.02620,0,0,1,2429,36,0,1023,1023,0,1555,0
1473,3.75650,0.21060,2.61730,0.89020,0.03730,0,0,1,2429,36,0,1023,1023,0,1555,0
1474,3.98160,0.16790,3.05230,0.73630,0.02450,0,0,1,2429,36,0,1023,1023,0,1555,0
1475,3.87130,0.18450,2.85680,0.79750,0.03160,0,0,1,2429,36,0,1023,1023,0,1555,0
1476,3.85000,0.24530,2.66810,0.90110,0.03460,0,0,1,2429,36,0,1023,1023,0,1555,0
1477,3.80370,0.26270,2.58360,0.92210,0.03410,0,0,1,2429,36,0,1023,1023,0,1555,0
1478,3.73880,0.21310,2.74710,0.74730,0.03050,0,0,1,2429,36,0,1023,1023,0,1555,0
1479,4.48870,0.19570,3.50360,0.76020,0.02790,0,0,1,2429,36,0,1023,1023,0,1555,0
1480,3.39240,0.20810,2.41170,0.74970,0.02210,0,0,1,2429,36,0,1023,1023,0,1555,0
1481,3.28010,0.19320,2.32460,0.73220,0.02920,0,0,1,2429,36,0,1023,1023,0,1555,0
1482,3.53850,0.25540,2.45260,0.79840,0.03100,0,0,1,2429,36,0,1023,1023,0,1555,0
1483,3.39490,0.21760,2.36710,0.77190,0.03710,0,0,1,2429,36,0,1023,1023,0,1555,0
1484,3.42620,0.19160,2.41550,0.78920,0.02920,0,0,1,2429,36,0,1023,1023,0,1555,0
1485,3.22970,0.20960,2.24890,0.73990,0.03060,0,0,1,2429,36,0,1023,1023,0,1555,0
1486,5.05750,1.85420,2.35890,0.81650,0.02670,0,0,1,2429,36,0,1023,1023,0,1555,0
1487,3.38480,0.19960,2.36850,0.78240,0.03360,0,0,1,2429,36,0,1023,1023,0,1555,0
1488,3.48610,0.20990,2.44290,0.79660,0.03590,0,0,1,2429,36,0,1023,1023,0,1555,0
1489,3.46980,0.19920,2.39640,0.84250,0.03100,0,0,1,2429,36,0,1023,1023,0,1555,0
1490,3.52580,0.20390,2.40400,0.88750,0.02960,0,0,1,2429,36,0,1023,1023,0,1555,0
1491,3.55190,0.22000,2.48900,0.81470,0.02720,0,0,1,2429,36,0,1023,1023,0,1555,0
1492,3.48670,0.21060,2.40010,0.84540,0.02960,0,0,1,2429,36,0,1023,1023,0,1555,0
1493,3.34370,0.19620,2.33860,0.77770,0.03040,0,0,1,2429,36,0,1023,1023,0,1555,0
1494,3.46590,0.20620,2.44510,0.77670,0.03710,0,0,1,2429,36,0,1023,1023,0,1555,0
1495,3.42340,0.20290,2.37780,0.80070,0.04110,0,0,1,2429,36,0,1023,1023,0,1555,0
1496,3.31470,0.21070,2.25860,0.80840,0.03630,0,0,1,2429,36,0,1023,1023,0,1555,0
1497,3.49980,0.19560,2.44990,0.82170,0.03180,0,0,1,2429,36,0,1023,1023,0,1555,0
1498,3.52710,0.21160,2.53340,0.74840,0.03280,0,0,1,2429,36,0,1023,1023,0,1555,0
1499,3.35090,0.19230,2.34440,0.78360,0.02970,0,0,1,2429,36,0,1023,1023,0,1555,0
1500,3.47410,0.23560,2.39480,0.80190,0.04060,0,0,1,2429,36,0,1023,1023,0,1555,0
1501,5.91110,2.07360,3.00410,0.80890,0.02270,0,0,1,2429,36,0,1023,1023,0,1555,0
1502,4.00690,0.18900,2.96090,0.83470,0.02160,0,0,1,2429,36,0,1023,1023,0,1555,0
1503,3.96390,0.18050,2.89940,0.85030,0.03280,0,0,1,2429,36,0,1023,1023,0,1555,0
1504,4.14010,0.19920,3.07000,0.82140,0.04840,0,0,1,2429,36,0,1023,1023,0,1555,0
1505,4.06560,0.29330,2.93710,0.81270,0.02170,0,0,1,2429,36,0,1023,1023,0,1555,0
1506,5.54900,0.18970,4.48890,0.84560,0.02400,0,0,1,2429,36,0,1023,1023,0,1555,0
1507,4.69820,0.27970,3.56650,0.83130,0.01960,0,0,1,2429,37,0,1023,1023,0,1555,0
1508,3.87630,0.20080,2.84440,0.81130,0.01910,0,0,1,2429,37,0,1023,1023,0,1555,0
1509,4.18230,0.18460,3.08820,0.88860,0.02030,0,0,1,2429,37,0,1023,1023,0,1555,0
1510,3.73820,0.18600,2.73920,0.78780,0.02430,0,0,1,2429,37,0,1023,1023,0,1555,0
1511,3.82770,0.19500,2.84850,0.76010,0.02330,0,0,1,2429,37,0,1023,1023,0,1555,0
1512,4.53360,0.25960,3.33830,0.89870,0.03600,0,0,1,2429,37,0,1023,1023,0,1555,0
1513,3.96180,0.20080,2.90380,0.83480,0.02160,0,0,1,2429,37,0,1023,1023,0,1555,0
1514,4.98050,0.24190,3.94530,0.77230,0.02030,0,0,1,2429,37,0,1023,1023,0,1555,0
1515,3.63760,0.24830,2.52050,0.83970,0.02810,0,0,1,2429,37,0,1023,1023,0,1555,0
1516,5.34140,1.95020,2.62630,0.73710,0.02630,0,0,1,2429,37,0,1023,1023,0,1555,0
1517,3.65670,0.23010,2.64760,0.75550,0.02260,0,0,1,2429,37,0,1023,1023,0,1555,0
1518,3.32520,0.22320,2.24870,0.82740,0.02490,0,0,1,2429,37,0,1023,1023,0,1555,0
1519,3.90880,0.30630,2.73720,0.83490,0.02950,0,0,1,2429,37,0,1023,1023,0,1555,0
1520,3.60410,0.23860,2.49090,0.83790,0.03570,0,0,1,2429,37,0,1023,1023,0,1555,0
1521,3.64880,0.23170,2.61240,0.77520,0.02860,0,0,1,2429,37,0,1023,1023,0,1555,0
1522,3.39740,0.18660,2.39140,0.79410,0.02420,0,0,1,2429,37,0,1023,1023,0,1555,0
1523,3.54630,0.22110,2.43750,0.85890,0.02780,0,0,1,2429,37,0,1023,1023,0,1555,0
1524,4.03720,0.21330,2.97590,0.81660,0.03070,0,0,1,2429,37,0,1023,1023,0,1555,0
1525,3.24450,0.22430,2.22950,0.76060,0.02900,0,0,1,2429,37,0,1023,1023,0,1555,0
1526,3.43390,0.20480,2.38150,0.81270,0.03390,0,0,1,2429,37,0,1023,1023,0,1555,0
1527,3.45160,0.22050,2.44520,0.75520,0.02980,0,0,1,2429,37,0,1023,1023,0,1555,0
1528,3.40980,0.20140,2.29840,0.86700,0.04190,0,0,1,2429,37,0,1023,1023,0,1555,0
1529,3.50140,0.24450,2.39720,0.82580,0.03320,0,0,1,2429,37,0,1023,1023,0,1555,0
1530,3.48190,0.22560,2.48100,0.74640,0.02790,0,0,1,2429,37,0,1023,1023,0,1555,0
1531,5.07200,1.92240,2.37060,0.73780,0.03940,0,0,1,2429,37,0,1023,1023,0,1555,0
1532,3.46780,0.21760,2.32090,0.89890,0.02930,0,0,1,2429,37,0,1023,1023,0,1555,0
1533,3.41980,0.20270,2.34810,0.83380,0.03450,0,0,1,2429,37,0,1023,1023,0,1555,0
1534,3.57070,0.20080,2.51500,0.82260,0.03140,0,0,1,2429,37,0,1023,1023,0,1555,0
1535,3.20310,0.19720,2.24750,0.72810,0.02950,0,0,1,2429,37,0,1023,1023,0,1555,0
1536,3.37710,0.19340,2.40010,0.75050,0.03240,0,0,1,2429,37,0,1023,1023,0,1555,0
1537,3.12800,0.19790,2.18740,0.71080,0.03100,0,0,1,2429,37,0,1023,1023,0,1555,0
1538,3.33640,0.20220,2.35600,0.75100,0.02640,0,0,1,2429,37,0,1023,1023,0,1555,0
1539,3.33710,0.20050,2.39460,0.70530,0.03600,0,0,1,2429,37,0,1023,1023,0,1555,0
1540,3.45880,0.20260,2.45610,0.76890,0.03030,0,0,1,2429,37,0,1023,1023,0,1555,0
1541,3.63450,0.20970,2.53400,0.86000,0.02960,0,0,1,2429,37,0,1023,1023,0,1555,0
1542,3.27360,0.20310,2.20510,0.83810,0.02650,0,0,1,2429,37,0,1023,1023,0,1555,0
1543,3.63950,0.26050,2.50900,0.83860,0.03060,0,0,1,2429,37,0,1023,1023,0,1555,0
1544,3.21060,0.20290,2.19600,0.77990,0.03090,0,0,1,2429,37,0,1023,1023,0,1555,0
1545,3.31790,0.21320,2.24880,0.81570,0.03930,0,0,1,2429,37,0,1023,1023,0,1555,0
1546,5.33700,1.88310,2.50750,0.91760,0.02800,0,0,1,2429,37,0,1023,1023,0,1555,0
1547,3.26330,0.26470,2.21040,0.75400,0.03280,0,0,1,2429,37,0,1023,1023,0,1555,0
1548,3.19730,0.21420,2.19000,0.75120,0.04070,0,0,1,2429,37,0,1023,1023,0,1555,0
1549,3.16250,0.19740,2.17680,0.74020,0.04670,0,0,1,2429,37,0,1023,1023,0,1555,0
1550,3.35830,0.22110,2.20460,0.90110,0.03020,0,0,1,2429,37,0,1023,1023,0,1555,0
1551,3.42210,0.19820,2.41230,0.76130,0.04910,0,0,1,2429,37,0,1023,1023,0,1555,0
1552,3.28810,0.22380,2.26160,0.77390,0.02780,0,0,1,2429,37,0,1023,1023,0,1555,0
1553,3.48560,0.20460,2.35810,0.88230,0.03950,0,0,1,2429,37,0,1023,1023,0,1555,0
1554,3.31250,0.22540,2.28770,0.77650,0.02170,0,0,1,2429,37,0,1023,1023,0,1555,0
1555,3.41360,0.24240,2.33350,0.80550,0.03120,0,0,1,2429,37,0,1023,1023,0,1555,0
1556,3.27720,0.21450,2.23540,0.80070,0.02590,0,0,1,2429,37,0,1023,1023,0,1555,0
1557,3.54670,0.22670,2.39880,0.75090,0.16920,0,0,1,2429,37,0,1023,1023,0,1555,0
1558,3.37290,0.24500,2.28910,0.81330,0.02470,0,0,1,2429,37,0,1023,1023,0,1555,0
1559,3.22010,0.21080,2.23300,0.75360,0.02190,0,0,1,2429,37,0,1023,1023,0,1555,0
1560,3.18700,0.20140,2.18960,0.77120,0.02390,0,0,1,2429,37,0,1023,1023,0,1555,0
1561,6.31060,2.03410,3.40260,0.81930,0.05300,0,0,1,2429,37,0,1023,1023,0,1555,0
1562,3.47630,0.19890,2.51280,0.73950,0.02410,0,0,1,2429,37,0,1023,1023,0,1555,0
1563,3.64350,0.18200,2.61070,0.82640,0.02390,0,0,1,2429,37,0,1023,1023,0,1555,0
1564,3.42140,0.19160,2.43920,0.76290,0.02710,0,0,1,2429,37,0,1023,1023,0,1555,0
1565,3.43790,0.19240,2.48980,0.72450,0.03010,0,0,1,2429,37,0,1023,1023,0,1555,0
1566,3.61900,0.19500,2.64020,0.76160,0.02130,0,0,1,2429,37,0,1023,1023,0,1555,0
1567,3.55910,0.26350,2.50670,0.76550,0.02270,0,0,1,2429,38,0,1023,1023,0,1555,0
1568,3.46400,0.20110,2.48440,0.74980,0.02800,0,0,1,2429,38,0,1023,1023,0,1555,0
1569,3.36590,0.18880,2.39080,0.75770,0.02760,0,0,1,2429,38,0,1023,1023,0,1555,0
1570,3.25960,0.20880,2.21750,0.80240,0.02990,0,0,1,2429,38,0,1023,1023,0,1555,0
1571,3.25540,0.21640,2.20210,0.79790,0.03830,0,0,1,2429,38,0,1023,1023,0,1555,0
1572,3.61220,0.29530,2.40880,0.87820,0.02830,0,0,1,2429,38,0,1023,1023,0,1555,0
1573,3.43380,0.23140,2.40460,0.77440,0.02250,0,0,1,2429,38,0,1023,1023,0,1555,0
1574,3.69640,0.30440,2.54050,0.80310,0.04720,0,0,1,2429,38,0,1023,1023,0,1555,0
1575,3.38670,0.20530,2.36150,0.78470,0.03430,0,0,1,2429,38,0,1023,1023,0,1555,0
1576,5.23410,1.93780,2.47250,0.79590,0.02580,0,0,1,2429,38,0,1023,1023,0,1555,0
1577,3.29180,0.20440,2.17280,0.88440,0.02900,0,0,1,2429,38,0,1023,1023,0,1555,0
1578,3.18890,0.22670,2.17920,0.75860,0.02360,0,0,1,2429,38,0,1023,1023,0,1555,0
1579,3.24350,0.20540,2.22060,0.78320,0.03320,0,0,1,2429,38,0,1023,1023,0,1555,0
1580,3.22390,0.24810,2.20710,0.74410,0.02390,0,0,1,2429,38,0,1023,1023,0,1555,0
1581,3.11530,0.20960,2.14190,0.73350,0.02950,0,0,1,2429,38,0,1023,1023,0,1555,0
1582,3.27730,0.19310,2.19380,0.86490,0.02470,0,0,1,2429,38,0,1023,1023,0,1555,0
1583,3.22790,0.25270,2.21160,0.73950,0.02330,0,0,1,2429,38,0,1023,1023,0,1555,0
1584,3.28300,0.24430,2.21790,0.78050,0.03940,0,0,1,2429,38,0,1023,1023,0,1555,0
1585,3.14750,0.22440,2.16520,0.73340,0.02350,0,0,1,2429,38,0,1023,1023,0,1555,0
1586,3.14300,0.22050,2.16250,0.73770,0.02140,0,0,1,2429,38,0,1023,1023,0,1555,0
1587,3.36130,0.20720,2.33980,0.78840,0.02510,0,0,1,2429,38,0,1023,1023,0,1555,0
1588,3.20000,0.23140,2.19580,0.74980,0.02230,0,0,1,2429,38,0,1023,1023,0,1555,0
1589,3.26640,0.18660,2.18470,0.87000,0.02440,0,0,1,2429,38,0,1023,1023,0,1555,0
1590,3.24060,0.23400,2.20960,0.77310,0.02310,0,0,1,2429,38,0,1023,1023,0,1555,0
1591,5.22630,1.89900,2.44270,0.85360,0.02910,0,0,1,2429,38,0,1023,1023,0,1555,0
1592,3.35730,0.19780,2.38060,0.75000,0.02790,0,0,1,2429,38,0,1023,1023,0,1555,0
1593,3.37340,0.19570,2.41220,0.73980,0.02480,0,0,1,2429,38,0,1023,1023,0,1555,0
1594,3.44050,0.22140,2.41180,0.77250,0.03400,0,0,1,2429,38,0,1023,1023,0,1555,0
1595,3.41100,0.21930,2.33770,0.79370,0.05940,0,0,1,2429,38,0,1023,1023,0,1555,0
1596,3.27350,0.22980,2.25570,0.76360,0.02360,0,0,1,2429,38,0,1023,1023,0,1555,0
1597,3.39680,0.23350,2.34520,0.79290,0.02440,0,0,1,2429,38,0,1023,1023,0,1555,0
1598,3.36390,0.20900,2.35580,0.77310,0.02530,0,0,1,2429,38,0,1023,1023,0,1555,0
1599,3.35770,0.21790,2.30770,0.80230,0.02900,0,0,1,2429,38,0,1023,1023,0,1555,0
1600,3.51430,0.23390,2.41740,0.83320,0.02890,0,0,1,2429,38,0,1023,1023,0,1555,0
1601,3.38260,0.23440,2.31230,0.80890,0.02610,0,0,1,2429,38,0,1023,1023,0,1555,0
1602,3.23930,0.22550,2.19200,0.79700,0.02420,0,0,1,2429,38,0,1023,1023,0,1555,0
1603,3.28350,0.23070,2.25120,0.77470,0.02600,0,0,1,2429,38,0,1023,1023,0,1555,0
1604,3.33820,0.21610,2.22000,0.87160,0.02950,0,0,1,2429,38,0,1023,1023,0,1555,0
1605,3.30410,0.22200,2.29230,0.76040,0.02870,0,0,1,2429,38,0,1023,1023,0,1555,0
1606,5.05990,1.93330,2.32210,0.78100,0.02260,0,0,1,2429,38,0,1023,1023,0,1555,0
1607,3.39190,0.22230,2.35580,0.78800,0.02500,0,0,1,2429,38,0,1023,1023,0,1555,0
1608,3.36280,0.20060,2.38250,0.75310,0.02570,0,0,1,2429,38,0,1023,1023,0,1555,0
1609,4.11280,0.95970,2.36030,0.76630,0.02570,0,0,1,2429,38,0,1023,1023,0,1555,0
1610,3.35810,0.22130,2.29960,0.80720,0.02890,0,0,1,2429,38,0,1023,1023,0,1555,0
1611,3.27810,0.23220,2.25910,0.76090,0.02520,0,0,1,2429,38,0,1023,1023,0,1555,0
1612,3.19700,0.19150,2.19030,0.79290,0.02150,0,0,1,2429,38,0,1023,1023,0,1555,0
1613,3.30560,0.22190,2.31800,0.74220,0.02240,0,0,1,2429,38,0,1023,1023,0,1555,0
1614,3.28770,0.22500,2.29550,0.73950,0.02690,0,0,1,2429,38,0,1023,1023,0,1555,0
1615,3.45100,0.20030,2.39410,0.82840,0.02680,0,0,1,2429,38,0,1023,1023,0,1555,0
1616,3.47270,0.30620,2.37500,0.76560,0.02480,0,0,1,2429,38,0,1023,1023,0,1555,0
1617,3.31860,0.23040,2.29700,0.76590,0.02450,0,0,1,2429,38,0,1023,1023,0,1555,0
1618,3.18970,0.22050,2.18590,0.75060,0.03210,0,0,1,2429,38,0,1023,1023,0,1555,0
1619,3.25690,0.19840,2.18670,0.84340,0.02750,0,0,1,2429,38,0,1023,1023,0,1555,0
1620,3.38740,0.27970,2.31530,0.76890,0.02250,0,0,1,2429,38,0,1023,1023,0,1555,0
1621,8.02820,1.95970,5.23490,0.81340,0.01910,0,0,1,2429,38,0,1023,1023,0,1555,0
1622,6.07270,0.17160,4.99580,0.88490,0.01960,0,0,1,2429,38,0,1023,1023,0,1555,0
1623,5.06790,0.17480,4.00850,0.86040,0.02310,0,0,1,2429,38,0,1023,1023,0,1555,0
1624,4.14150,0.18580,2.98900,0.93860,0.02730,0,0,1,2429,38,0,1023,1023,0,1555,0
1625,4.13730,0.19490,3.07820,0.84500,0.01860,0,0,1,2429,38,0,1023,1023,0,1555,0
1626,3.93000,0.18940,2.93620,0.77900,0.02490,0,0,1,2429,38,0,1023,1023,0,1555,0
1627,3.89560,0.21430,2.87950,0.78470,0.01650,0,0,1,2429,39,0,1023,1023,0,1555,0
1628,3.91460,0.17560,2.95190,0.76780,0.01850,0,0,1,2429,39,0,1023,1023,0,1555,0
1629,3.71350,0.21200,2.73430,0.74620,0.02000,0,0,1,2429,39,0,1023,1023,0,1555,0
1630,3.58700,0.17720,2.65260,0.73040,0.02600,0,0,1,2429,39,0,1023,1023,0,1555,0
1631,3.67800,0.17680,2.62190,0.85490,0.02370,0,0,1,2429,39,0,1023,1023,0,1555,0
1632,3.87460,0.19540,2.77310,0.88020,0.02520,0,0,1,2429,39,0,1023,1023,0,1555,0
1633,3.73970,0.17390,2.76140,0.77920,0.02360,0,0,1,2429,39,0,1023,1023,0,1555,0
1634,3.53270,0.17730,2.58400,0.74990,0.02070,0,0,1,2429,39,0,1023,1023,0,1555,0
1635,3.92500,0.18620,2.96900,0.73960,0.02930,0,0,1,2429,39,0,1023,1023,0,1555,0
1636,5.37410,1.81580,2.66550,0.86870,0.02330,0,0,1,2429,39,0,1023,1023,0,1555,0
1637,3.79460,0.21600,2.76690,0.79180,0.01920,0,0,1,2429,39,0,1023,1023,0,1555,0
1638,3.88540,0.18500,2.89340,0.78450,0.02140,0,0,1,2429,39,0,1023,1023,0,1555,0
1639,4.56990,0.20470,3.50060,0.84030,0.02350,0,0,1,2429,39,0,1023,1023,0,1555,0
1640,3.52430,0.17650,2.56750,0.72950,0.04980,0,0,1,2429,39,0,1023,1023,0,1555,0
1641,3.55240,0.21500,2.52140,0.79110,0.02410,0,0,1,2429,39,0,1023,1023,0,1555,0
1642,3.49650,0.17960,2.53980,0.75390,0.02220,0,0,1,2429,39,0,1023,1023,0,1555,0
1643,3.44520,0.23120,2.47330,0.72160,0.01840,0,0,1,2429,39,0,1023,1023,0,1555,0
1644,4.01030,0.26710,2.92600,0.79330,0.02280,0,0,1,2429,39,0,1023,1023,0,1555,0
1645,3.49290,0.17210,2.57200,0.72790,0.01990,0,0,1,2429,39,0,1023,1023,0,1555,0
1646,3.45510,0.23360,2.44070,0.76260,0.01730,0,0,1,2429,39,0,1023,1023,0,1555,0
1647,3.63600,0.18160,2.62700,0.80800,0.01860,0,0,1,2429,39,0,1023,1023,0,1555,0
1648,3.45020,0.18380,2.43190,0.80710,0.02660,0,0,1,2429,39,0,1023,1023,0,1555,0
1649,3.51270,0.22870,2.45750,0.80300,0.02280,0,0,1,2429,39,0,1023,1023,0,1555,0
1650,3.50720,0.21970,2.46080,0.80530,0.02060,0,0,1,2429,39,0,1023,1023,0,1555,0
1651,5.23290,1.85470,2.54260,0.80810,0.02620,0,0,1,2429,39,0,1023,1023,0,1555,0
1652,3.36020,0.21760,2.37240,0.74600,0.02320,0,0,1,2429,39,0,1023,1023,0,1555,0
1653,3.38480,0.21450,2.38430,0.75890,0.02590,0,0,1,2429,39,0,1023,1023,0,1555,0
1654,3.22870,0.20550,2.27050,0.72090,0.03090,0,0,1,2429,39,0,1023,1023,0,1555,0
1655,3.21480,0.19750,2.28860,0.70210,0.02580,0,0,1,2429,39,0,1023,1023,0,1555,0
1656,3.27050,0.20560,2.27650,0.76400,0.02300,0,0,1,2429,39,0,1023,1023,0,1555,0
1657,3.34020,0.21220,2.33960,0.75680,0.03050,0,0,1,2429,39,0,1023,1023,0,1555,0
1658,3.28870,0.20020,2.33730,0.72510,0.02550,0,0,1,2429,39,0,1023,1023,0,1555,0
1659,3.43790,0.22960,2.27330,0.90710,0.02700,0,0,1,2429,39,0,1023,1023,0,1555,0
1660,3.32170,0.22650,2.31630,0.75390,0.02430,0,0,1,2429,39,0,1023,1023,0,1555,0
1661,3.25290,0.20670,2.23710,0.78080,0.02730,0,0,1,2429,39,0,1023,1023,0,1555,0
1662,3.18330,0.22660,2.20360,0.71390,0.03840,0,0,1,2429,39,0,1023,1023,0,1555,0
1663,3.23230,0.21670,2.25570,0.73380,0.02540,0,0,1,2429,39,0,1023,1023,0,1555,0
1664,3.33820,0.23870,2.27690,0.78600,0.03570,0,0,1,2429,39,0,1023,1023,0,1555,0
1665,3.37940,0.22140,2.36130,0.77010,0.02600,0,0,1,2429,39,0,1023,1023,0,1555,0
1666,5.17790,1.82670,2.40400,0.91740,0.02880,0,0,1,2429,39,0,1023,1023,0,1555,0
1667,3.41090,0.21960,2.41580,0.75150,0.02310,0,0,1,2429,39,0,1023,1023,0,1555,0
1668,3.39340,0.21380,2.33590,0.81680,0.02610,0,0,1,2429,39,0,1023,1023,0,1555,0
1669,3.40260,0.23170,2.30850,0.83400,0.02760,0,0,1,2429,39,0,1023,1023,0,1555,0
1670,3.37230,0.20450,2.30080,0.83020,0.03610,0,0,1,2429,39,0,1023,1023,0,1555,0
1671,3.17770,0.22060,2.18170,0.75120,0.02340,0,0,1,2429,39,0,1023,1023,0,1555,0
1672,3.30220,0.22880,2.23030,0.79470,0.04750,0,0,1,2429,39,0,1023,1023,0,1555,0
1673,3.22320,0.23860,2.22460,0.73130,0.02810,0,0,1,2429,39,0,1023,1023,0,1555,0
1674,3.31520,0.19650,2.30380,0.78530,0.02890,0,0,1,2429,39,0,1023,1023,0,1555,0
1675,3.20090,0.22550,2.19270,0.75730,0.02470,0,0,1,2429,39,0,1023,1023,0,1555,0
1676,3.35980,0.23200,2.35800,0.74770,0.02150,0,0,1,2429,39,0,1023,1023,0,1555,0
1677,3.27770,0.19240,2.31110,0.75020,0.02320,0,0,1,2429,39,0,1023,1023,0,1555,0
1678,3.26740,0.22980,2.27100,0.74370,0.02210,0,0,1,2429,39,0,1023,1023,0,1555,0
1679,3.16490,0.20020,2.20000,0.74050,0.02350,0,0,1,2429,39,0,1023,1023,0,1555,0
1680,3.23770,0.23180,2.21540,0.76470,0.02480,0,0,1,2429,39,0,1023,1023,0,1555,0
1681,6.82480,1.84970,4.00130,0.94120,0.03120,0,0,1,2429,39,0,1023,1023,0,1555,0
1682,4.28490,0.16640,3.27780,0.81570,0.02440,0,0,1,2429,39,0,1023,1023,0,1555,0
1683,5.20940,0.20510,4.18450,0.80200,0.01700,0,0,1,2429,39,0,1023,1023,0,1555,0
1684,3.90770,0.17920,2.92330,0.78830,0.01600,0,0,1,2429,39,0,1023,1023,0,1555,0
1685,4.16840,0.18730,3.17460,0.78860,0.01700,0,0,1,2429,39,0,1023,1023,0,1555,0
1686,4.20710,0.21310,3.10920,0.85780,0.02620,0,0,1,2429,39,0,1023,1023,0,1555,0
1687,3.89410,0.22520,2.86340,0.78880,0.01610,0,0,1,2429,40,0,1023,1023,0,1555,0
1688,3.99640,0.17480,3.02950,0.77090,0.02040,0,0,1,2429,40,0,1023,1023,0,1555,0
1689,3.58550,0.18550,2.64310,0.73810,0.01800,0,0,1,2429,40,0,1023,1023,0,1555,0
1690,3.90550,0.19260,2.91760,0.77660,0.01780,0,0,1,2429,40,0,1023,1023,0,1555,0
1691,3.60940,0.17110,2.67680,0.73790,0.02270,0,0,1,2429,40,0,1023,1023,0,1555,0
1692,3.91090,0.17910,2.94900,0.76380,0.01810,0,0,1,2429,40,0,1023,1023,0,1555,0
1693,3.98090,0.18280,3.00010,0.77920,0.01810,0,0,1,2429,40,0,1023,1023,0,1555,0
1694,3.97380,0.17240,2.83870,0.88030,0.08160,0,0,1,2429,40,0,1023,1023,0,1555,0
1695,3.70510,0.20970,2.66820,0.79300,0.03350,0,0,1,2429,40,0,1023,1023,0,1555,0
1696,5.45460,1.80600,2.80130,0.81040,0.03600,0,0,1,2429,40,0,1023,1023,0,1555,0
1697,3.61050,0.18750,2.68730,0.71520,0.01940,0,0,1,2429,40,0,1023,1023,0,1555,0
1698,3.53050,0.20130,2.59190,0.70900,0.02740,0,0,1,2429,40,0,1023,1023,0,1555,0
1699,3.84520,0.19990,2.82390,0.79730,0.02300,0,0,1,2429,40,0,1023,1023,0,1555,0
1700,3.86170,0.19270,2.79310,0.79480,0.08020,0,0,1,2429,40,0,1023,1023,0,1555,0
1701,3.68550,0.20250,2.67280,0.78420,0.02520,0,0,1,2429,40,0,1023,1023,0,1555,0
1702,3.39110,0.21310,2.39430,0.75580,0.02730,0,0,1,2429,40,0,1023,1023,0,1555,0
1703,3.55290,0.20180,2.54210,0.78600,0.02230,0,0,1,2429,40,0,1023,1023,0,1555,0
1704,3.48850,0.22260,2.44490,0.79450,0.02550,0,0,1,2429,40,0,1023,1023,0,1555,0
1705,4.75950,0.19770,3.76160,0.77770,0.02180,0,0,1,2429,40,0,1023,1023,0,1555,0
1706,3.58510,0.20450,2.54370,0.80310,0.03280,0,0,1,2429,40,0,1023,1023,0,1555,0
1707,3.88250,0.19490,2.83590,0.82550,0.02530,0,0,1,2429,40,0,1023,1023,0,1555,0
1708,3.42080,0.20280,2.41160,0.78040,0.02490,0,0,1,2429,40,0,1023,1023,0,1555,0
1709,3.89350,0.22080,2.86430,0.78490,0.02240,0,0,1,2429,40,0,1023,1023,0,1555,0
1710,3.23460,0.22550,2.24460,0.73250,0.03120,0,0,1,2429,40,0,1023,1023,0,1555,0
1711,5.10210,1.84610,2.46720,0.76080,0.02670,0,0,1,2429,40,0,1023,1023,0,1555,0
1712,3.34740,0.23230,2.25590,0.80940,0.04900,0,0,1,2429,40,0,1023,1023,0,1555,0
1713,3.17710,0.20690,2.23090,0.71230,0.02640,0,0,1,2429,40,0,1023,1023,0,1555,0
1714,3.20150,0.23830,2.17490,0.76160,0.02600,0,0,1,2429,40,0,1023,1023,0,1555,0
1715,3.15590,0.19840,2.15170,0.77410,0.03080,0,0,1,2429,40,0,1023,1023,0,1555,0
1716,3.23310,0.23150,2.23650,0.73740,0.02690,0,0,1,2429,40,0,1023,1023,0,1555,0
1717,3.23010,0.22460,2.17790,0.79230,0.03440,0,0,1,2429,40,0,1023,1023,0,1555,0
1718,3.11680,0.19940,2.13900,0.75180,0.02600,0,0,1,2429,40,0,1023,1023,0,1555,0
1719,3.31940,0.22510,2.32990,0.73440,0.02920,0,0,1,2429,40,0,1023,1023,0,1555,0
1720,3.14530,0.21100,2.17370,0.73170,0.02760,0,0,1,2429,40,0,1023,1023,0,1555,0
1721,3.45240,0.20420,2.44230,0.77790,0.02710,0,0,1,2429,40,0,1023,1023,0,1555,0
1722,3.56960,0.20960,2.43190,0.89380,0.03320,0,0,1,2429,40,0,1023,1023,0,1555,0
1723,3.21250,0.20830,2.22580,0.75400,0.02360,0,0,1,2429,40,0,1023,1023,0,1555,0
1724,3.15650,0.18640,2.20240,0.73850,0.02820,0,0,1,2429,40,0,1023,1023,0,1555,0
1725,3.42630,0.19790,2.28240,0.91770,0.02750,0,0,1,2429,40,0,1023,1023,0,1555,0
1726,5.33510,1.82850,2.51690,0.95910,0.02970,0,0,1,2429,40,0,1023,1023,0,1555,0
1727,3.41060,0.20830,2.39880,0.77680,0.02580,0,0,1,2429,40,0,1023,1023,0,1555,0
1728,3.31070,0.22910,2.27060,0.78520,0.02510,0,0,1,2429,40,0,1023,1023,0,1555,0
1729,3.34430,0.22860,2.24220,0.84400,0.02870,0,0,1,2429,40,0,1023,1023,0,1555,0
1730,3.54450,0.20890,2.54440,0.76030,0.02970,0,0,1,2429,40,0,1023,1023,0,1555,0
1731,3.39040,0.22710,2.31980,0.82050,0.02210,0,0,1,2429,40,0,1023,1023,0,1555,0
1732,3.34810,0.23800,2.27640,0.80470,0.02820,0,0,1,2429,40,0,1023,1023,0,1555,0
1733,3.33500,0.19960,2.34490,0.76050,0.02930,0,0,1,2429,40,0,1023,1023,0,1555,0
1734,3.24850,0.26040,2.23600,0.72810,0.02310,0,0,1,2429,40,0,1023,1023,0,1555,0
1735,3.44100,0.22970,2.36070,0.81990,0.02980,0,0,1,2429,40,0,1023,1023,0,1555,0
1736,3.18860,0.22160,2.18720,0.75560,0.02340,0,0,1,2429,40,0,1023,1023,0,1555,0
1737,3.30090,0.21900,2.20100,0.85200,0.02790,0,0,1,2429,40,0,1023,1023,0,1555,0
1738,3.24080,0.19620,2.22470,0.78550,0.03360,0,0,1,2429,40,0,1023,1023,0,1555,0
1739,3.31240,0.20500,2.16230,0.91440,0.03000,0,0,1,2429,40,0,1023,1023,0,1555,0
1740,3.33150,0.20550,2.22170,0.87490,0.02870,0,0,1,2429,40,0,1023,1023,0,1555,0
1741,8.07580,1.93620,5.28850,0.83180,0.01820,0,0,1,2429,40,0,1023,1023,0,1555,0
1742,5.70500,0.18390,4.61310,0.88560,0.02120,0,0,1,2429,40,0,1023,1023,0,1555,0
1743,5.84840,0.16090,4.69840,0.96150,0.02670,0,0,1,2429,40,0,1023,1023,0,1555,0
1744,5.41220,0.15730,4.24580,0.97950,0.02870,0,0,1,2429,40,0,1023,1023,0,1555,0
1745,5.89750,0.19930,4.84850,0.81420,0.03450,0,0,1,2429,40,0,1023,1023,0,1555,0
1746,4.47490,0.17500,3.50570,0.77370,0.01970,0,0,1,2429,40,0,1023,1023,0,1555,0
1747,4.75910,0.22560,3.72830,0.78800,0.01650,0,0,1,2429,41,0,1023,1023,0,1555,0
1748,4.05850,0.17520,3.06550,0.79700,0.02010,0,0,1,2429,41,0,1023,1023,0,1555,0
1749,4.14760,0.17330,3.18930,0.76820,0.01620,0,0,1,2429,41,0,1023,1023,0,1555,0
1750,4.02830,0.17640,3.01330,0.80390,0.03360,0,0,1,2429,41,0,1023,1023,0,1555,0
1751,4.17280,0.19150,2.95960,0.96300,0.05780,0,0,1,2429,41,0,1023,1023,0,1555,0
1752,3.68940,0.19630,2.71890,0.75140,0.02210,0,0,1,2429,41,0,1023,1023,0,1555,0
1753,3.80870,0.17950,2.82920,0.78100,0.01830,0,0,1,2429,41,0,1023,1023,0,1555,0
1754,3.55820,0.17740,2.61670,0.74440,0.01910,0,0,1,2429,41,0,1023,1023,0,1555,0
1755,3.61100,0.16840,2.57700,0.84440,0.02050,0,0,1,2429,41,0,1023,1023,0,1555,0
1756,5.52630,1.81540,2.67320,1.01780,0.01930,0,0,1,2429,41,0,1023,1023,0,1555,0
1757,3.67940,0.17440,2.73350,0.75230,0.01870,0,0,1,2429,41,0,1023,1023,0,1555,0
1758,3.59920,0.17990,2.66600,0.73330,0.01930,0,0,1,2429,41,0,1023,1023,0,1555,0
1759,3.52850,0.16980,2.57030,0.74230,0.04540,0,0,1,2429,41,0,1023,1023,0,1555,0
1760,3.54080,0.17610,2.58930,0.75390,0.02080,0,0,1,2429,41,0,1023,1023,0,1555,0
1761,3.56050,0.17810,2.57000,0.79180,0.01990,0,0,1,2429,41,0,1023,1023,0,1555,0
1762,3.46980,0.17650,2.54320,0.73040,0.01890,0,0,1,2429,41,0,1023,1023,0,1555,0
1763,3.67810,0.17480,2.71400,0.76480,0.02370,0,0,1,2429,41,0,1023,1023,0,1555,0
1764,4.51140,0.20770,3.48870,0.77630,0.03780,0,0,1,2429,41,0,1023,1023,0,1555,0
1765,3.55810,0.21110,2.51460,0.81430,0.01740,0,0,1,2429,41,0,1023,1023,0,1555,0
1766,3.41080,0.17270,2.48410,0.73750,0.01590,0,0,1,2429,41,0,1023,1023,0,1555,0
1767,3.42790,0.17310,2.49910,0.73440,0.02050,0,0,1,2429,41,0,1023,1023,0,1555,0
1768,3.47780,0.20340,2.51810,0.73550,0.02010,0,0,1,2429,41,0,1023,1023,0,1555,0
1769,3.57960,0.18130,2.61050,0.76410,0.02290,0,0,1,2429,41,0,1023,1023,0,1555,0
1770,3.53010,0.17430,2.56870,0.76380,0.02240,0,0,1,2429,41,0,1023,1023,0,1555,0
1771,5.48860,1.87580,2.79570,0.78770,0.02740,0,0,1,2429,41,0,1023,1023,0,1555,0
1772,3.86240,0.21770,2.81590,0.79560,0.03210,0,0,1,2429,41,0,1023,1023,0,1555,0
1773,4.13260,0.20510,3.13090,0.77050,0.02520,0,0,1,2429,41,0,1023,1023,0,1555,0
1774,3.59280,0.19870,2.60260,0.76520,0.02520,0,0,1,2429,41,0,1023,1023,0,1555,0
1775,3.47890,0.19550,2.42820,0.82940,0.02490,0,0,1,2429,41,0,1023,1023,0,1555,0
1776,3.46150,0.19850,2.42330,0.80150,0.03710,0,0,1,2429,41,0,1023,1023,0,1555,0
1777,4.68220,0.19970,3.67420,0.77980,0.02720,0,0,1,2429,41,0,1023,1023,0,1555,0
1778,3.49960,0.19680,2.52530,0.75280,0.02360,0,0,1,2429,41,0,1023,1023,0,1555,0
1779,3.44080,0.21080,2.40990,0.79560,0.02280,0,0,1,2429,41,0,1023,1023,0,1555,0
1780,3.36450,0.20840,2.39300,0.73480,0.02720,0,0,1,2429,41,0,1023,1023,0,1555,0
1781,3.38380,0.20910,2.39770,0.75360,0.02250,0,0,1,2429,41,0,1023,1023,0,1555,0
1782,3.30990,0.19330,2.27780,0.81520,0.02270,0,0,1,2429,41,0,1023,1023,0,1555,0
1783,3.28530,0.23780,2.28590,0.73840,0.02250,0,0,1,2429,41,0,1023,1023,0,1555,0
1784,3.26060,0.22090,2.25310,0.76110,0.02440,0,0,1,2429,41,0,1023,1023,0,1555,0
1785,3.42360,0.17940,2.47080,0.74900,0.02360,0,0,1,2429,41,0,1023,1023,0,1555,0
1786,4.95880,1.82780,2.31580,0.79370,0.02080,0,0,1,2429,41,0,1023,1023,0,1555,0
1787,3.16820,0.19990,2.23730,0.70700,0.02340,0,0,1,2429,41,0,1023,1023,0,1555,0
1788,3.19350,0.22700,2.21240,0.73080,0.02250,0,0,1,2429,41,0,1023,1023,0,1555,0
1789,3.29760,0.20900,2.33120,0.73470,0.02200,0,0,1,2429,41,0,1023,1023,0,1555,0
1790,3.25770,0.18720,2.29290,0.75440,0.02260,0,0,1,2429,41,0,1023,1023,0,1555,0
1791,3.27030,0.20760,2.28070,0.75930,0.02180,0,0,1,2429,41,0,1023,1023,0,1555,0
1792,3.24470,0.20800,2.26550,0.74780,0.02260,0,0,1,2429,41,0,1023,1023,0,1555,0
1793,3.15320,0.20190,2.22030,0.70840,0.02210,0,0,1,2429,41,0,1023,1023,0,1555,0
1794,3.28380,0.18520,2.30970,0.76570,0.02250,0,0,1,2429,41,0,1023,1023,0,1555,0
1795,3.21570,0.21070,2.24300,0.73960,0.02150,0,0,1,2429,41,0,1023,1023,0,1555,0
1796,3.09770,0.21060,2.15570,0.70580,0.02470,0,0,1,2429,41,0,1023,1023,0,1555,0
1797,3.13950,0.20600,2.19520,0.71330,0.02420,0,0,1,2429,41,0,1023,1023,0,1555,0
1798,3.29630,0.21550,2.26770,0.76900,0.04310,0,0,1,2429,41,0,1023,1023,0,1555,0
1799,3.22650,0.21360,2.24380,0.74550,0.02290,0,0,1,2429,41,0,1023,1023,0,1555,0
1800,3.21110,0.20740,2.17650,0.80380,0.02260,0,0,1,2429,41,0,1023,1023,0,1555,0
