tick,total_ms,navigation_ms,neighbors_ms,avoidance_ms,integration_ms,expanded,pending,failed,coarse,fallbacks,replans,first_arrived,current_arrived,never_ready,safety_pair_checks,limited
1,15.68500,9.45410,5.41040,0.79920,0.02020,661,994,0,16,0,0,0,0,994,1534,0
2,9.84130,4.02890,4.99210,0.79650,0.02300,658,978,0,32,0,0,0,0,978,1534,0
3,7.88960,3.49450,3.59070,0.78010,0.02320,441,962,0,48,0,0,0,0,962,1538,0
4,7.45220,3.62690,2.99860,0.80300,0.02240,414,947,0,64,0,0,0,0,946,1541,0
5,8.64560,4.28030,3.36780,0.97560,0.01990,607,932,0,80,0,0,0,0,930,1540,0
6,7.98260,3.96740,3.12030,0.86560,0.02800,457,916,0,96,0,0,0,0,914,1537,0
7,8.05160,4.01600,3.11040,0.89870,0.02530,706,900,0,112,0,0,0,0,898,1544,0
8,7.43330,3.90640,2.71890,0.78480,0.02210,609,885,0,128,0,0,0,0,882,1535,0
9,6.94970,3.88210,2.26670,0.76650,0.03270,641,870,0,144,0,0,0,0,866,1533,0
10,7.09910,3.95670,2.33240,0.78620,0.02170,738,854,0,160,0,0,0,0,850,1535,0
11,6.80300,3.67340,2.30440,0.80300,0.02120,582,838,0,176,0,0,0,0,834,1535,0
12,6.41840,3.30960,2.19590,0.88380,0.02810,404,822,0,192,0,0,0,0,818,1532,0
13,6.79030,3.80360,2.20530,0.75290,0.02730,480,807,0,208,0,0,0,0,802,1537,0
14,6.62610,3.58230,2.26240,0.75600,0.02410,509,791,0,224,0,0,0,0,786,1541,0
15,6.66880,3.66690,2.21350,0.76310,0.02390,732,775,0,240,0,0,0,0,770,1545,0
16,8.72030,5.31210,2.57420,0.80150,0.03140,645,760,0,256,0,0,0,0,754,1550,0
17,7.12550,3.40370,2.87860,0.81580,0.02640,412,744,0,272,0,0,0,0,738,1563,0
18,6.26810,3.30330,2.18990,0.74740,0.02640,487,728,0,288,0,0,0,0,722,1570,0
19,6.76340,3.77360,2.18110,0.78110,0.02690,768,712,0,304,0,0,0,0,706,1571,0
20,6.96140,3.92180,2.26220,0.74990,0.02650,901,696,0,320,0,0,0,0,690,1572,0
21,6.47310,3.43310,2.20390,0.80130,0.03370,460,681,0,336,0,0,0,0,674,1557,0
22,6.47730,3.43480,2.21190,0.80380,0.02570,645,665,0,352,0,0,0,0,658,1545,0
23,6.56770,3.40840,2.34360,0.78930,0.02530,498,650,0,368,0,0,0,0,642,1570,0
24,6.83380,3.60690,2.32300,0.88060,0.02230,683,635,0,384,0,0,0,0,626,1585,0
25,6.45800,3.35920,2.27520,0.80110,0.02140,573,621,0,400,0,0,0,0,610,1597,0
26,6.35780,3.26240,2.26610,0.77780,0.05070,563,606,0,416,0,0,0,0,594,1603,0
27,6.60030,3.42430,2.34530,0.80830,0.02140,599,591,0,432,0,0,0,0,578,1605,0
28,6.60850,3.48210,2.22610,0.87160,0.02800,560,576,0,448,0,0,0,0,562,1611,0
29,6.42170,3.33510,2.24420,0.81540,0.02610,448,561,0,464,0,0,0,0,546,1625,0
30,6.56720,3.30240,2.22020,1.02110,0.02260,496,547,0,480,0,0,0,0,530,1623,0
31,16.08640,10.91370,4.06000,0.98510,0.12600,1721,531,0,495,1,0,0,0,514,1630,0
32,9.29950,3.47750,4.79220,1.01250,0.01640,584,515,0,511,1,0,0,0,498,1636,0
33,8.82950,3.74480,4.16870,0.90060,0.01460,585,500,0,527,1,0,0,0,482,1639,0
34,8.32440,3.50150,3.79720,0.91070,0.11420,705,486,0,543,1,0,0,0,466,1645,0
35,8.25610,3.74450,3.59570,0.89400,0.02090,807,470,0,559,1,0,0,0,450,1654,0
36,8.03870,3.54970,3.14550,1.31960,0.02280,644,455,0,575,1,0,0,0,434,1682,0
37,8.08780,3.49840,3.56350,0.92080,0.10430,552,441,0,591,1,0,0,0,418,1686,0
38,7.62700,3.65180,3.04850,0.90900,0.01690,864,427,0,607,1,0,0,0,402,1669,0
39,7.67640,3.60760,3.07130,0.97610,0.02060,682,411,0,623,1,0,0,0,386,1679,0
40,7.21360,3.39660,2.91150,0.88520,0.01960,613,395,0,639,1,0,0,0,370,1679,0
41,7.74340,3.53830,3.30810,0.87880,0.01730,454,380,0,655,1,0,0,0,354,1704,0
42,7.73270,3.72720,3.03400,0.95020,0.02050,738,364,0,671,1,0,0,0,338,1718,0
43,7.53290,3.49160,3.03450,0.98890,0.01700,563,348,0,687,1,0,0,0,322,1733,0
44,7.63530,3.59860,3.04430,0.96520,0.02650,661,332,0,703,1,0,0,0,306,1733,0
45,7.58030,3.48380,3.06930,1.00720,0.01920,668,317,0,719,1,0,0,0,290,1755,0
46,9.09200,5.11490,2.99480,0.94250,0.03890,614,302,0,735,1,0,0,0,274,1795,0
47,8.50100,3.75540,3.59740,1.12940,0.01800,583,286,0,751,1,0,0,0,258,1822,0
48,7.39240,3.43680,2.98260,0.95590,0.01610,557,272,0,767,1,0,0,0,242,1875,0
49,7.38010,3.60100,2.79310,0.96660,0.01860,542,257,0,783,1,0,0,0,226,1899,0
50,7.75040,3.60430,3.08690,1.03780,0.02050,581,242,0,799,1,0,0,0,210,1917,0
51,7.49380,3.71430,2.78390,0.97480,0.01950,607,226,0,815,1,0,0,0,194,1910,0
52,15.05890,10.88430,3.17910,0.97650,0.01800,2576,211,0,831,2,0,0,0,178,1933,0
53,15.47820,11.72660,2.80640,0.92760,0.01670,2747,198,0,846,2,0,0,0,162,1950,0
54,7.37830,3.42770,2.93910,0.99280,0.01780,640,185,0,862,2,0,0,0,146,1953,0
55,7.31570,3.50230,2.79010,1.00260,0.01980,547,169,0,878,2,0,0,0,130,1974,0
56,11.65830,7.82000,2.75670,1.05270,0.02810,1667,153,0,894,3,0,0,0,114,2005,0
57,21.13900,17.36080,2.74690,0.99840,0.03200,4096,140,0,907,3,0,0,0,101,2050,0
58,20.83190,17.01920,2.76110,1.02050,0.03010,4096,128,0,921,3,0,0,0,87,2100,0
59,19.89240,16.09680,2.81530,0.95650,0.02310,4096,116,0,935,3,0,0,0,73,2108,0
60,20.45380,16.54500,2.87480,1.00790,0.02490,4096,102,0,949,3,0,0,0,59,2142,0
61,23.45320,17.97320,4.31000,1.15160,0.01720,4096,90,0,963,3,0,0,0,45,2154,0
62,21.96850,16.62020,4.17890,1.15120,0.01700,4096,75,0,978,3,0,0,0,30,2176,0
63,21.03010,16.04490,3.77460,1.19010,0.01940,4096,63,0,992,3,0,0,0,16,2183,0
64,20.47660,15.88960,3.30020,1.26620,0.01980,4096,52,0,1004,4,0,0,0,4,2226,0
65,20.52020,16.13740,3.27270,1.09010,0.01920,4096,40,0,1016,4,0,0,0,1,2247,0
66,20.74530,16.06450,3.48630,1.14970,0.04370,4096,29,0,1030,4,0,0,0,1,2275,0
67,22.91710,17.64260,4.01060,1.24100,0.02120,4096,16,0,1045,4,0,0,0,1,2300,0
68,21.06800,15.98720,3.82760,1.22230,0.02930,4096,4,0,1060,4,0,0,0,1,2326,0
69,19.29670,15.11090,3.08310,1.07590,0.02540,4096,1,0,1063,4,0,0,0,1,2359,0
70,19.08110,14.61820,3.33220,1.10670,0.02220,4096,1,0,1065,4,0,0,0,1,2387,0
71,18.96790,14.30410,3.54730,1.09320,0.02200,4096,1,0,1066,4,0,0,0,1,2430,0
72,17.83660,13.91100,2.85970,1.03940,0.02550,4096,1,0,1066,4,0,0,0,1,2486,0
73,18.17690,14.26510,2.80280,1.08360,0.02390,4096,1,0,1069,4,0,0,0,1,2539,0
74,17.91240,13.76830,2.99160,1.12630,0.02490,4096,1,0,1072,4,0,0,0,1,2582,0
75,17.04230,13.27810,2.67830,1.05400,0.03040,4096,1,0,1074,4,0,0,0,1,2603,0
76,22.59010,18.77070,2.67410,1.12080,0.02290,4096,1,0,1078,4,0,0,0,1,2643,0
77,20.86610,17.16870,2.53140,1.13100,0.03330,4096,1,0,1080,4,0,0,0,1,2703,0
78,20.25070,16.33650,2.74330,1.14110,0.02740,4096,1,0,1086,4,0,0,0,1,2717,0
79,10.41790,6.67870,2.65380,1.05200,0.03170,1709,0,0,1086,4,0,0,0,0,2765,0
80,4.88720,1.10240,2.64870,1.10400,0.03100,50,0,0,1088,4,0,0,0,0,2812,0
81,5.26050,1.38860,2.70490,1.13800,0.02810,47,0,0,1091,4,0,0,0,0,2843,0
82,4.91930,1.10410,2.64460,1.13740,0.03160,32,0,0,1093,4,0,0,0,0,2867,0
83,5.02730,1.08750,2.63790,1.27100,0.02970,75,0,0,1095,4,0,0,0,0,2911,0
84,4.75240,0.86400,2.69830,1.15100,0.03700,51,0,0,1096,4,0,0,0,0,2929,0
85,5.32260,1.47910,2.69390,1.11800,0.03000,101,0,0,1099,4,0,0,0,0,2979,0
86,5.59340,1.62730,2.63460,1.30080,0.02910,117,0,0,1103,4,0,0,0,0,3012,0
87,5.57150,1.71890,2.61120,1.21050,0.02910,87,0,0,1107,4,0,0,0,0,3075,0
88,5.66650,1.79420,2.63510,1.20420,0.03110,141,0,0,1111,4,0,0,0,0,3134,0
89,4.99940,1.17100,2.60760,1.17380,0.04580,44,0,0,1113,4,0,0,0,0,3192,0
90,4.40820,0.46260,2.66940,1.24340,0.03160,0,0,0,1113,4,0,0,0,0,3280,0
91,7.98090,3.16940,3.31380,1.46510,0.03010,60,0,0,1115,4,0,0,0,0,3336,0
92,6.64820,1.01420,4.25260,1.34710,0.03310,20,0,0,1116,4,0,0,0,0,3370,0
93,6.14760,1.86100,2.98950,1.27080,0.02510,133,0,0,1120,4,0,0,0,0,3356,0
94,6.72450,1.44750,4.04450,1.19480,0.03650,94,0,0,1123,4,0,0,0,0,3405,0
95,4.93240,0.79740,2.92390,1.18080,0.02890,15,0,0,1124,4,0,0,0,0,3441,0
96,5.41770,1.14050,2.96330,1.22750,0.08500,70,0,0,1126,4,0,0,0,0,3443,0
97,5.63600,1.41520,2.96740,1.21130,0.04060,61,0,0,1129,4,0,0,0,0,3497,0
98,6.26770,2.17440,2.94680,1.11800,0.02710,126,0,0,1134,4,0,0,0,0,3536,0
99,5.16420,0.72630,2.83470,1.57480,0.02750,21,0,0,1135,4,0,0,0,0,3582,0
100,4.77940,0.85190,2.64430,1.23730,0.04460,37,0,0,1136,4,0,0,0,0,3632,0
101,6.02590,1.68300,3.04490,1.26790,0.02830,97,0,0,1140,4,0,0,0,0,3664,0
102,5.32840,1.23540,2.76650,1.28790,0.03700,124,0,0,1143,4,0,0,0,0,3729,0
103,5.16670,1.12090,2.75130,1.26340,0.02930,30,0,0,1145,4,0,0,0,0,3806,0
104,6.14310,1.89010,2.95240,1.27340,0.02530,136,0,0,1150,4,0,0,0,0,3824,0
105,4.49080,0.54360,2.70060,1.22070,0.02450,0,0,0,1150,4,0,0,0,0,3871,0
106,7.95230,3.86160,2.85710,1.20010,0.03200,128,0,0,1156,4,0,0,0,0,3898,0
107,5.98080,1.84000,2.82270,1.28490,0.03150,72,0,0,1160,4,0,0,0,0,3912,0
108,5.86470,1.72150,2.78780,1.31730,0.03600,134,0,0,1164,4,0,0,0,0,3917,0
109,4.93460,0.81440,2.76890,1.31850,0.03150,20,0,0,1165,4,0,0,0,0,3956,0
110,4.62230,0.47610,2.85440,1.25070,0.03970,0,0,0,1165,4,0,0,0,0,4008,0
111,5.53950,1.46290,2.76160,1.27390,0.03940,58,0,0,1168,4,0,0,0,0,4064,0
112,5.36970,1.19090,2.84770,1.29410,0.03550,47,0,0,1170,4,0,0,0,0,4155,0
113,6.02680,1.88410,2.80810,1.30120,0.03140,108,0,0,1174,4,0,0,0,0,4202,0
114,5.36170,1.07380,2.84090,1.41660,0.02910,43,0,0,1176,4,0,0,0,0,4260,0
115,5.16600,1.09060,2.76160,1.28240,0.02960,38,0,0,1178,4,0,0,0,0,4309,0
116,5.68860,1.41640,2.86510,1.37050,0.03410,44,0,0,1181,4,0,0,0,0,4310,0
117,5.02330,0.76650,2.78090,1.44270,0.03190,13,0,0,1182,4,0,0,0,0,4273,0
118,5.65520,1.50810,2.82220,1.30030,0.02320,54,0,0,1185,4,0,0,0,0,4283,0
119,5.37200,1.24240,2.80650,1.28790,0.03350,31,0,0,1187,4,0,0,0,0,4453,0
120,5.32350,1.17780,2.80560,1.30830,0.03020,70,0,0,1189,4,0,0,0,0,4516,0
121,8.14740,2.82810,3.52680,1.76610,0.02510,37,0,0,1191,4,0,0,0,0,4545,0
122,7.31660,1.55370,4.21630,1.51970,0.02610,68,0,0,1195,4,0,0,0,0,4572,0
123,6.66220,0.85350,4.12900,1.65570,0.02320,55,0,0,1197,4,0,0,0,0,4604,0
124,6.80100,1.67160,3.59770,1.51260,0.01810,129,0,0,1203,4,0,0,0,0,4635,0
125,5.43200,0.88530,3.15640,1.36750,0.02170,59,0,0,1205,4,0,0,0,0,4615,0
126,6.63990,1.03820,3.97970,1.59220,0.02890,104,0,0,1208,4,0,0,0,0,4609,0
127,5.89010,1.60950,2.94630,1.31340,0.01990,153,0,0,1214,4,0,0,0,0,4647,0
128,5.73040,0.87470,3.44150,1.38980,0.02320,39,0,0,1216,4,0,0,0,0,4654,0
129,5.42550,1.15080,2.95530,1.29120,0.02740,58,0,0,1219,4,0,0,0,0,4702,0
130,5.45900,0.69480,3.36450,1.37450,0.02430,16,0,0,1220,4,0,0,0,0,4729,0
131,6.20210,2.03160,2.89390,1.25280,0.02280,203,0,0,1228,4,0,0,0,0,4785,0
132,6.43200,1.02420,3.75850,1.60240,0.04600,57,0,0,1231,4,0,0,0,0,4851,0
133,5.22660,0.95780,2.94690,1.28620,0.03460,32,0,0,1233,4,0,0,0,0,4900,0
134,5.85360,1.48480,3.01760,1.31740,0.03260,93,0,0,1237,4,0,0,0,0,4901,0
135,5.73470,1.51240,2.85680,1.33960,0.02460,160,0,0,1242,4,0,0,0,0,4902,0
136,7.19560,2.75760,3.04780,1.36750,0.02140,37,0,0,1244,4,0,0,0,0,4881,0
137,5.44390,1.39560,2.71450,1.31130,0.02130,124,0,0,1248,4,0,0,0,0,4970,0
138,5.36190,1.11880,2.85000,1.36770,0.02440,51,0,0,1251,4,0,0,0,0,4989,0
139,4.97220,0.68680,2.82050,1.39670,0.06690,30,0,0,1252,4,0,0,0,0,4979,0
140,5.49930,1.45090,2.71610,1.30150,0.02900,50,0,0,1255,4,0,0,0,0,4996,0
141,5.36460,1.18180,2.85690,1.29620,0.02860,102,0,0,1258,4,0,0,0,0,5039,0
142,5.87470,1.55460,2.95120,1.34210,0.02560,84,0,0,1263,4,0,0,0,0,5117,0
143,5.41940,1.17890,2.93250,1.28140,0.02530,68,0,0,1267,4,0,0,0,0,5145,0
144,5.55300,1.23940,2.94010,1.34880,0.02370,74,0,0,1271,4,0,0,0,0,5171,0
145,4.86870,0.64240,2.88460,1.31730,0.02330,26,0,0,1272,4,0,0,0,0,5119,0
146,5.11650,0.93170,2.86780,1.29220,0.02390,73,0,0,1274,4,0,0,0,0,5137,0
147,5.58840,1.35000,2.93040,1.26770,0.03940,117,0,0,1278,4,0,0,0,0,5180,0
148,5.58560,1.36520,2.91440,1.28500,0.01980,88,0,0,1282,4,0,0,0,0,5227,0
149,5.66780,1.46190,2.87810,1.29770,0.02870,74,0,0,1286,4,0,0,0,0,5249,0
150,6.34260,2.01280,2.99980,1.30080,0.02790,167,0,0,1292,4,0,0,0,0,5264,0
151,8.56730,3.81490,3.33600,1.38880,0.02530,172,0,0,1297,4,0,0,0,0,5279,0
152,6.64190,1.81330,3.39070,1.40270,0.03350,107,0,0,1302,4,0,0,0,0,5276,0
153,6.30830,1.07130,3.81470,1.38170,0.03920,37,0,0,1304,4,0,0,0,0,5308,0
154,5.59270,1.03420,3.18780,1.33800,0.03150,43,0,0,1306,4,0,0,0,0,5323,0
155,6.13360,1.32740,3.38090,1.39780,0.02620,51,0,0,1309,4,0,0,0,0,5313,0
156,6.26800,1.64250,3.24820,1.33470,0.04130,75,0,0,1313,4,0,0,0,0,5339,0
157,6.25060,1.46100,3.38560,1.37500,0.02720,52,0,0,1316,4,0,0,0,0,5413,0
158,6.57000,1.44550,3.76810,1.30790,0.04680,49,0,0,1319,4,0,0,0,0,5426,0
159,6.18090,1.66900,3.09620,1.38460,0.02930,75,0,0,1323,4,0,0,0,0,5504,0
160,5.48390,0.81140,3.35990,1.28400,0.02740,26,0,0,1324,4,0,0,0,0,5530,0
161,5.96140,1.45710,3.17610,1.29950,0.02660,116,0,0,1327,4,0,0,0,0,5539,0
162,6.32240,1.84530,3.10580,1.30700,0.06310,119,0,0,1332,4,0,0,0,0,5505,0
163,5.90030,1.20810,3.21940,1.42910,0.04220,106,0,0,1335,4,0,0,0,0,5570,0
164,5.79550,1.28920,3.08200,1.39530,0.02750,50,0,0,1338,4,0,0,0,0,5597,0
165,4.87880,0.50240,3.00990,1.34360,0.02170,0,0,0,1338,4,0,0,0,0,5585,0
166,7.58240,3.07640,3.08970,1.39300,0.02240,121,0,0,1341,4,0,0,0,0,5623,0
167,5.67650,1.27350,3.03110,1.34820,0.02270,83,0,0,1344,4,0,0,0,0,5580,0
168,6.09990,1.08700,3.64830,1.33380,0.02980,63,0,0,1346,4,0,0,0,0,5662,0
169,5.35790,1.04270,2.90140,1.39070,0.02190,58,0,0,1348,4,0,0,0,0,5748,0
170,6.16420,1.66730,2.98110,1.48750,0.02700,121,0,0,1353,4,0,0,0,0,5753,0
171,5.36200,0.84350,3.13190,1.36090,0.02450,50,0,0,1355,4,0,0,0,0,5771,0
172,5.84660,1.40750,3.10110,1.31120,0.02450,52,0,0,1358,4,0,0,0,0,5749,0
173,5.85310,1.38390,3.04460,1.39530,0.02720,62,0,0,1361,4,0,0,0,0,5720,0
174,5.55170,1.12110,3.11320,1.29350,0.02220,42,0,0,1363,4,0,0,0,0,5750,0
175,4.74580,0.47880,3.00040,1.24300,0.02260,0,0,0,1363,4,0,0,0,0,5794,0
176,5.33940,1.04410,2.99770,1.26930,0.02730,46,0,0,1365,4,0,0,0,0,5845,0
177,5.40500,1.07690,3.00850,1.29770,0.02120,43,0,0,1368,4,0,0,0,0,5927,0
178,5.17710,0.62410,3.19680,1.32840,0.02690,51,0,0,1369,4,0,0,0,0,5959,0
179,5.67210,1.22840,3.02140,1.39310,0.02830,69,0,0,1373,4,0,0,0,0,5940,0
180,5.06780,0.47120,3.15820,1.40570,0.03170,0,0,0,1373,4,0,0,0,0,5964,0
181,9.78180,3.39220,4.80820,1.55180,0.02730,113,0,0,1377,4,0,0,0,0,5978,0
182,6.45110,1.03460,3.91930,1.47310,0.02330,92,0,0,1379,4,0,0,0,0,5993,0
183,6.18410,1.08010,3.67990,1.40050,0.02280,50,0,0,1382,4,0,0,0,0,6008,0
184,6.68070,1.26610,3.95150,1.43660,0.02550,142,0,0,1386,4,0,0,0,0,6063,0
185,6.03940,1.00720,3.60770,1.38750,0.03610,60,0,0,1389,4,0,0,0,0,6133,0
186,6.22620,1.32550,3.42100,1.45190,0.02680,99,0,0,1394,4,0,0,0,0,6153,0
187,6.07990,0.82580,3.80380,1.42610,0.02340,45,0,0,1396,4,0,0,0,0,6170,0
188,5.45140,0.51760,3.51130,1.40010,0.02150,0,0,0,1396,4,0,0,0,0,6243,0
189,6.26690,0.71330,4.14650,1.38440,0.02190,19,0,0,1397,4,0,0,0,0,6307,0
190,5.84610,0.90790,3.55480,1.34830,0.03440,36,0,0,1399,4,0,0,0,0,6313,0
191,5.85500,1.07920,3.31760,1.43570,0.02160,52,0,0,1402,4,0,0,0,0,6344,0
192,5.70020,0.94870,3.27420,1.43480,0.04140,42,0,0,1405,4,0,0,0,0,6370,0
193,5.38380,0.60710,3.35540,1.39250,0.02770,0,0,0,1405,4,0,0,0,0,6410,0
194,6.14490,1.16910,3.45960,1.44180,0.07300,37,0,0,1407,4,0,0,0,0,6416,0
195,6.46540,1.64170,3.33770,1.45570,0.02950,119,0,0,1412,4,0,0,0,0,6479,0
196,7.72130,2.85570,3.31320,1.52590,0.02560,62,0,0,1416,4,0,0,0,0,6526,0
197,5.49200,0.67040,3.35950,1.43430,0.02700,74,0,0,1417,4,0,0,0,0,6595,0
198,5.84420,1.09100,3.32460,1.40010,0.02770,47,0,0,1420,4,0,0,0,0,6624,0
199,6.49810,1.52570,3.39140,1.55240,0.02750,163,0,0,1426,4,0,0,0,0,6636,0
200,6.05640,1.38610,3.23920,1.40300,0.02710,99,0,0,1430,4,0,0,0,0,6651,0
201,5.89970,1.02010,3.23020,1.62360,0.02500,101,0,0,1433,4,0,0,0,0,6727,0
202,5.78170,0.69920,3.63590,1.41670,0.02900,14,0,0,1434,4,0,0,0,0,6772,0
203,5.42640,0.66320,3.28160,1.45070,0.03010,13,0,0,1435,4,0,0,0,0,6839,0
204,6.29740,1.54330,3.27590,1.45480,0.02250,136,0,0,1441,4,0,0,0,0,6780,0
205,5.43720,0.86320,3.16560,1.37510,0.03250,42,0,0,1443,4,0,0,0,0,6776,0
206,5.90270,0.83680,3.52520,1.50890,0.03100,51,0,0,1445,4,0,0,0,0,6756,0
207,5.35430,0.62940,3.25120,1.44550,0.02720,13,0,0,1446,4,0,0,0,0,6830,0
208,5.63670,0.84890,3.29430,1.45890,0.03370,32,0,0,1448,4,0,0,0,0,6878,0
209,6.12140,1.54550,3.14420,1.40760,0.02310,96,0,0,1454,4,0,0,0,0,6866,0
210,5.71000,1.11520,3.13770,1.42940,0.02680,77,0,0,1458,4,0,0,0,0,6928,0
211,7.76460,3.10640,3.19230,1.43550,0.02830,116,0,0,1462,4,0,0,0,0,6995,0
212,5.46400,1.00380,2.99730,1.43140,0.03020,41,0,0,1464,4,0,0,0,0,6971,0
213,5.66030,1.15650,3.06100,1.41320,0.02850,41,0,0,1467,4,0,0,0,0,6957,0
214,5.46840,1.01140,3.04080,1.38900,0.02640,63,0,0,1470,4,0,0,0,0,7044,0
215,6.35110,1.37390,3.47350,1.47420,0.02860,95,0,0,1475,4,0,0,0,0,7084,0
216,5.56100,1.04460,3.06020,1.42710,0.02820,91,0,0,1478,4,0,0,0,0,7154,0
217,5.76700,0.80580,3.32900,1.60460,0.02670,32,0,0,1480,4,0,0,0,0,7240,0
218,5.73110,1.05510,3.11120,1.53450,0.02950,39,0,0,1483,4,0,0,0,0,7215,0
219,5.87770,1.12850,3.29000,1.42710,0.03120,53,0,0,1486,4,0,0,0,0,7240,0
220,6.12360,1.21520,3.40010,1.47980,0.02760,79,0,0,1490,4,0,0,0,0,7296,0
221,5.79370,0.84690,3.41700,1.49650,0.03240,35,0,0,1492,4,0,0,0,0,7424,0
222,6.24850,1.35340,3.30670,1.55840,0.02910,73,0,0,1497,4,0,0,0,0,7497,0
223,6.35300,0.84630,3.63720,1.84340,0.02510,34,0,0,1499,4,0,0,0,0,7561,0
224,6.70530,2.09950,3.16910,1.41230,0.02330,95,0,0,1503,4,0,0,0,0,7608,0
225,5.32030,0.78550,3.07260,1.43490,0.02650,31,0,0,1505,4,0,0,0,0,7655,0
226,8.20120,2.63360,3.86310,1.67480,0.02850,90,0,0,1508,4,0,0,0,0,7753,0
227,6.67500,1.66580,3.39960,1.58090,0.02770,142,0,0,1515,4,0,0,0,0,7769,0
228,6.16070,1.47740,3.17270,1.48760,0.02230,100,0,0,1521,4,0,0,0,0,7805,0
229,6.09500,1.14570,3.49720,1.42830,0.02300,107,0,0,1525,4,0,0,0,0,7902,0
230,5.84500,1.23580,3.13210,1.45260,0.02380,68,0,0,1529,4,0,0,0,0,7929,0
231,5.70100,1.00210,3.22390,1.45240,0.02190,50,0,0,1532,4,0,0,0,0,8029,0
232,6.04820,1.17750,3.37170,1.47410,0.02390,57,0,0,1536,4,0,0,0,0,8034,0
233,6.40440,1.38700,3.41120,1.58390,0.02140,58,0,0,1541,4,0,0,0,0,8062,0
234,5.94980,0.82250,3.52450,1.57700,0.02500,35,0,0,1543,4,0,0,0,0,8042,0
235,6.74540,1.92400,3.35060,1.44890,0.02100,119,0,0,1552,4,0,0,0,0,8111,0
236,5.43050,0.65490,3.23110,1.52190,0.02170,22,0,0,1553,4,0,0,0,0,8149,0
237,6.46720,1.41930,3.47030,1.55390,0.02290,122,0,0,1558,4,0,0,0,0,8165,0
238,5.85260,1.18550,3.21810,1.41600,0.03210,97,0,0,1562,4,0,0,0,0,8184,0
239,5.91860,1.24230,3.19360,1.45910,0.02240,50,0,0,1566,4,0,0,0,0,8268,0
240,5.72550,0.61480,3.55700,1.53010,0.02280,14,0,0,1567,4,0,0,0,0,8268,0
241,10.59780,3.30770,5.37940,1.88390,0.02500,77,0,0,1572,4,0,0,0,0,8335,0
242,9.02970,1.93970,5.35390,1.71600,0.01920,145,0,0,1580,4,0,0,0,0,8370,0
243,7.79910,1.35090,4.79340,1.63760,0.01640,82,0,0,1585,4,0,0,0,0,8444,0
244,8.58480,1.36330,5.35510,1.84620,0.01920,90,0,0,1590,4,0,0,0,0,8458,0
245,7.05820,0.97440,4.34930,1.70290,0.03070,31,0,0,1593,4,0,0,0,0,8425,0
246,7.02830,0.66840,4.52570,1.81120,0.02190,13,0,0,1594,4,0,0,0,0,8441,0
247,7.36080,1.06060,4.56460,1.71220,0.02250,64,0,0,1597,4,0,0,0,0,8452,0
248,6.81360,1.02920,4.11690,1.64740,0.01920,36,0,0,1600,4,0,0,0,0,8525,0
249,6.91060,1.25640,3.97750,1.65470,0.02110,64,0,0,1605,4,0,0,0,0,8549,0
250,7.86780,1.72290,4.42620,1.69010,0.02770,116,0,0,1612,4,0,0,0,0,8550,0
251,6.84510,0.81140,4.38790,1.62510,0.02010,33,0,0,1614,4,0,0,0,0,8596,0
252,7.99510,1.86340,4.44250,1.66630,0.02210,104,0,0,1623,4,0,0,0,0,8613,0
253,6.87320,0.71190,4.53900,1.59090,0.03050,26,0,0,1624,4,0,1,1,0,8687,0
254,7.26810,1.20600,4.06770,1.95910,0.03360,36,0,0,1628,4,0,1,1,0,8680,0
255,6.92760,1.36370,3.96950,1.56760,0.02540,35,0,0,1631,4,0,1,1,0,8704,0
256,7.59110,2.06590,3.99260,1.49940,0.03240,62,0,0,1635,4,0,1,1,0,8711,0
257,7.02510,1.71550,3.69810,1.58360,0.02670,88,0,0,1642,4,0,1,1,0,8783,0
258,7.31450,1.37890,4.28250,1.58300,0.06900,78,0,0,1647,4,0,1,1,0,8878,0
259,6.66920,1.06560,4.06100,1.52060,0.02120,59,0,0,1650,4,0,1,1,0,8925,0
260,6.39460,1.08720,3.77730,1.50470,0.02460,52,0,0,1654,4,0,1,1,0,8974,0
261,5.86020,0.65310,3.66150,1.52270,0.02200,18,0,0,1655,4,0,1,1,0,9006,0
262,6.11710,1.02370,3.49620,1.57150,0.02510,57,0,0,1658,4,0,1,1,0,9057,0
263,6.33380,1.05930,3.70560,1.54000,0.02820,67,0,0,1662,4,0,1,1,0,9084,0
264,6.58810,1.21440,3.68790,1.66160,0.02340,89,0,0,1666,4,0,1,1,0,9078,0
265,6.40780,1.16810,3.66360,1.55320,0.02210,52,0,0,1670,4,0,1,1,0,9006,0
266,6.19780,1.01620,3.60230,1.55420,0.02430,48,0,0,1673,4,0,1,1,0,8996,0
267,6.14150,0.93910,3.63150,1.53780,0.03220,39,0,0,1676,4,0,1,1,0,9013,0
268,6.81410,1.57580,3.65310,1.54760,0.03580,63,0,0,1681,4,0,1,1,0,9035,0
269,7.43700,2.21010,3.62510,1.57550,0.02530,93,0,0,1689,4,0,1,1,0,9041,0
270,7.05110,1.80690,3.63970,1.58140,0.02170,101,0,0,1695,4,0,2,2,0,9054,0
271,11.84790,3.16680,6.75860,1.89030,0.03060,46,0,0,1698,4,0,2,2,0,9074,0
272,9.85520,1.78600,6.25010,1.75290,0.06450,87,0,0,1703,4,0,2,2,0,9150,0
273,9.22210,1.76970,5.56860,1.84890,0.03390,92,0,0,1710,4,0,2,2,0,9166,0
274,9.08140,1.39880,5.70560,1.93740,0.03840,58,0,0,1714,4,0,2,2,0,9219,0
275,8.25860,1.01710,4.97000,2.24240,0.02830,47,0,0,1717,4,0,2,2,0,9217,0
276,7.28860,0.63940,4.90580,1.71750,0.02510,25,0,0,1718,4,0,2,2,0,9197,0
277,8.14870,1.57190,4.89370,1.59530,0.08690,82,0,0,1724,4,0,2,2,0,9213,0
278,7.34250,1.03520,4.62390,1.65560,0.02680,75,0,0,1727,4,0,2,2,0,9176,0
279,7.59760,0.68590,4.71110,2.17640,0.02340,7,0,0,1728,4,0,2,2,0,9202,0
280,7.53650,1.14060,4.53710,1.82910,0.02890,39,0,0,1732,4,0,2,2,0,9121,0
281,7.21890,0.98650,4.46560,1.74010,0.02580,27,0,0,1734,4,0,2,2,0,9080,0
282,7.06570,0.91340,4.44590,1.68400,0.02150,15,0,0,1736,4,0,2,2,0,9056,0
283,6.94610,0.68960,4.59040,1.64530,0.02000,11,0,0,1737,4,0,2,2,0,9091,0
284,7.92690,1.86450,4.40740,1.63290,0.02130,90,0,0,1745,4,0,2,2,0,9094,0
285,7.72090,1.65090,4.47410,1.56970,0.02520,101,0,0,1752,4,0,2,2,0,9108,0
286,8.16600,2.34940,4.18570,1.60660,0.02320,16,0,0,1753,4,0,2,2,0,9121,0
287,6.97410,1.50040,3.84700,1.60250,0.02340,65,0,0,1758,4,0,2,2,0,9167,0
288,6.69990,1.07530,3.92690,1.66300,0.03370,41,0,0,1762,4,0,2,2,0,9079,0
289,6.85090,1.61890,3.67960,1.52730,0.02400,103,0,0,1769,4,0,2,2,0,9033,0
290,6.15330,0.83460,3.70990,1.58440,0.02350,20,0,0,1771,4,0,2,2,0,9027,0
291,6.60030,1.18910,3.77310,1.61610,0.02130,78,0,0,1775,4,0,2,2,0,9013,0
292,6.04160,0.72530,3.74400,1.55180,0.01970,19,0,0,1777,4,0,2,2,0,9009,0
293,6.09680,0.94130,3.61520,1.51480,0.02460,67,0,0,1780,4,0,2,2,0,9033,0
294,5.65780,0.43380,3.63480,1.56720,0.02090,0,0,0,1780,4,0,2,2,0,8986,0
295,5.75610,0.63350,3.58450,1.51720,0.02010,8,0,0,1781,4,0,3,3,0,9000,0
296,7.10030,1.74820,3.69860,1.62810,0.02410,109,0,0,1787,4,0,3,3,0,9008,0
297,6.60420,1.29490,3.71340,1.57230,0.02260,77,0,0,1792,4,0,3,3,0,9051,0
298,6.14140,0.78980,3.72680,1.59990,0.02400,24,0,0,1794,4,0,3,3,0,9047,0
299,6.91370,1.50010,3.70570,1.67230,0.03470,66,0,0,1800,4,0,3,3,0,9047,0
300,6.46670,1.25090,3.55150,1.63990,0.02360,66,0,0,1805,4,0,3,3,0,9028,0
301,10.05260,2.52010,5.67740,1.83180,0.02220,15,0,0,1806,4,0,3,3,0,8959,0
302,8.35250,1.79580,4.92030,1.61410,0.02140,63,0,0,1812,4,0,4,3,0,9020,0
303,7.53770,1.01730,4.75410,1.73880,0.02660,48,0,0,1815,4,0,4,4,0,8965,0
304,7.56400,1.16150,4.77000,1.60970,0.02180,68,0,0,1819,4,0,4,4,0,8925,0
305,7.84350,0.96670,5.10790,1.74560,0.02240,28,0,0,1822,4,0,6,6,0,8896,0
306,8.07530,1.34010,4.53510,2.17390,0.02540,77,0,0,1826,4,0,6,6,0,8944,0
307,7.05360,1.27330,4.11140,1.64460,0.02340,62,0,0,1831,4,0,6,6,0,8931,0
308,6.74200,0.83840,4.27030,1.60790,0.02440,44,0,0,1833,4,0,6,6,0,8891,0
309,6.89130,0.68130,4.52390,1.65160,0.03370,12,0,0,1834,4,0,6,6,0,8839,0
310,7.49730,1.61190,4.12780,1.72740,0.02920,69,0,0,1840,4,0,6,6,0,8846,0
311,7.28890,1.60620,3.99460,1.66690,0.02030,151,0,0,1846,4,0,7,7,0,8768,0
312,7.27690,1.28720,4.39950,1.56110,0.02820,65,0,0,1850,4,0,7,7,0,8763,0
313,7.11540,1.11460,4.44400,1.53720,0.01880,45,0,0,1854,4,0,7,7,0,8773,0
314,6.68670,1.31600,3.77750,1.56900,0.02330,61,0,0,1859,4,0,7,7,0,8784,0
315,6.45210,1.02010,3.91310,1.49440,0.02340,53,0,0,1862,4,0,7,7,0,8757,0
316,8.11800,2.55710,3.99150,1.52810,0.04040,41,0,0,1865,4,0,8,8,0,8652,0
317,6.43520,1.06200,3.79890,1.54940,0.02400,40,0,0,1869,4,0,9,9,0,8658,0
318,5.93720,0.79530,3.59170,1.51660,0.03260,42,0,0,1871,4,0,9,9,0,8664,0
319,6.33140,0.85730,3.78750,1.66210,0.02360,21,0,0,1874,4,0,9,9,0,8612,0
320,6.52780,1.13870,3.86360,1.47230,0.05200,64,0,0,1878,4,0,9,9,0,8554,0
321,6.07110,0.98500,3.59740,1.46560,0.02210,47,0,0,1881,4,0,9,9,0,8570,0
322,6.20600,1.05150,3.50150,1.62900,0.02280,37,0,0,1884,4,0,9,9,0,8444,0
323,5.68450,0.74930,3.42950,1.46950,0.03530,16,0,0,1886,4,0,9,9,0,8467,0
324,6.50890,1.31520,3.56830,1.59440,0.03000,52,0,0,1892,4,0,9,9,0,8515,0
325,5.86350,0.96420,3.40640,1.47090,0.02130,42,0,0,1895,4,0,9,9,0,8446,0
326,5.56010,0.60330,3.41150,1.52040,0.02410,25,0,0,1896,4,0,9,9,0,8364,0
327,6.34870,1.26350,3.53480,1.52760,0.02190,72,0,0,1901,4,0,9,9,0,8363,0
328,6.07020,1.04560,3.51270,1.48980,0.02150,44,0,0,1905,4,0,9,9,0,8286,0
329,6.08160,1.09750,3.41140,1.54580,0.02590,49,0,0,1909,4,0,11,11,0,8292,0
330,6.07790,1.07610,3.44390,1.53240,0.02480,50,0,0,1913,4,0,11,11,0,8348,0
331,10.88740,3.44010,5.26740,2.15300,0.02540,67,0,0,1918,4,0,11,11,0,8334,0
332,7.75260,1.22230,4.92900,1.51970,0.06740,32,0,0,1922,4,0,13,13,0,8264,0
333,7.75780,1.06150,4.63390,2.02070,0.04070,32,0,0,1925,4,0,15,15,0,8155,0
334,7.00610,0.92720,4.58220,1.47880,0.01720,20,0,0,1927,4,0,16,15,0,8175,0
335,6.90350,0.82140,4.53680,1.52730,0.01700,15,0,0,1929,4,0,16,13,0,8175,0
336,7.21260,1.28430,4.29840,1.60090,0.02820,48,0,0,1934,4,0,16,13,0,8141,0
337,6.86640,0.84090,4.45960,1.54130,0.02370,17,0,0,1936,4,0,17,14,0,8136,0
338,6.97440,1.10380,4.35220,1.49950,0.01790,32,0,0,1939,4,0,18,15,0,8066,0
339,7.17560,1.45530,4.20680,1.48710,0.02550,57,0,0,1945,4,0,19,15,0,8051,0
340,6.91990,1.09790,4.19360,1.60240,0.02490,54,0,0,1949,4,0,19,16,0,8014,0
341,5.95450,0.50910,3.92720,1.49840,0.01890,0,0,0,1949,4,0,20,16,0,7899,0
342,6.97500,1.24280,4.23150,1.47770,0.02230,64,0,0,1953,4,0,20,14,0,7898,0
343,6.66040,0.64360,4.42190,1.57140,0.02270,18,0,0,1954,4,0,20,13,0,7906,0
344,6.85330,0.94670,4.26780,1.61920,0.01870,21,0,0,1957,4,0,21,13,0,8024,0
345,6.46280,0.89920,3.91150,1.63110,0.02000,40,0,0,1960,4,0,23,15,0,8014,0
346,8.02090,2.68370,3.90910,1.40380,0.02350,35,0,0,1964,4,0,24,17,0,7995,0
347,6.79050,1.61720,3.70870,1.44040,0.02330,85,0,0,1972,4,0,25,18,0,7962,0
348,6.70410,0.73760,4.24560,1.70100,0.01910,19,0,0,1974,4,0,25,18,0,7981,0
349,6.52650,0.91270,3.66040,1.90320,0.04910,23,0,0,1977,4,0,25,19,0,7898,0
350,5.95140,0.78270,3.59910,1.54730,0.02150,15,0,0,1979,4,0,25,18,0,7823,0
351,6.95680,1.23580,4.12270,1.56990,0.02660,32,0,0,1983,4,0,25,16,0,7786,0
352,6.43650,1.20200,3.72780,1.48010,0.02510,28,0,0,1986,4,0,26,18,0,7735,0
353,6.31170,1.32400,3.57440,1.38890,0.02280,48,0,1,1990,5,0,26,18,0,7673,0
354,6.73520,1.74890,3.50280,1.46330,0.01890,73,0,1,1995,5,0,29,22,0,7631,0
355,7.15450,1.71840,3.82730,1.56830,0.03880,64,0,1,2000,5,0,29,22,0,7694,0
356,6.21130,1.31750,3.38030,1.48190,0.02990,21,0,1,2003,5,0,30,23,0,7604,0
357,5.20080,0.41740,3.33270,1.42190,0.02720,0,0,1,2003,5,0,32,23,0,7514,0
358,6.69090,1.88170,3.31450,1.45820,0.03440,63,0,1,2009,5,0,32,23,0,7501,0
359,6.03730,1.39370,3.22330,1.38680,0.03230,59,0,1,2012,5,0,33,23,0,7440,0
360,6.12160,1.32790,3.34750,1.42410,0.02090,53,0,1,2017,5,0,33,24,0,7395,0
361,8.04610,3.11750,3.38230,1.50700,0.03680,35,0,1,2021,5,0,34,25,0,7388,0
362,6.50460,1.92980,3.20630,1.34050,0.02690,97,0,1,2029,5,0,35,26,0,7341,0
363,5.70100,1.03540,3.25170,1.38370,0.02880,22,0,1,2032,5,0,38,28,0,7344,0
364,5.75890,0.96070,3.30710,1.45780,0.03200,15,0,1,2034,5,0,39,28,0,7311,0
365,5.71800,0.93320,3.25070,1.50580,0.02740,20,0,1,2036,5,0,39,28,0,7297,0
366,6.17930,1.29160,3.29400,1.55990,0.03280,40,0,1,2040,5,0,40,29,0,7296,0
367,6.31970,1.63190,3.19410,1.45140,0.04100,60,0,1,2047,6,0,41,30,0,7194,0
368,5.73260,0.93200,3.35850,1.40990,0.03090,21,0,1,2050,6,0,42,30,0,7162,0
369,5.99370,1.25580,3.33140,1.37260,0.03250,49,0,1,2054,6,0,43,31,0,7104,0
370,5.47580,0.83250,3.32330,1.29010,0.02820,12,0,1,2056,6,0,45,32,0,7082,0
371,5.60250,1.09750,3.14820,1.33210,0.02370,21,0,1,2059,6,0,45,33,0,7035,0
372,4.93940,0.40080,3.20330,1.31210,0.02190,0,0,1,2059,6,0,46,34,0,6924,0
373,6.20710,1.58550,3.21440,1.37390,0.03180,58,0,1,2064,6,0,48,35,0,6941,0
374,5.22860,0.84060,3.03570,1.32370,0.02750,36,0,1,2066,6,0,48,34,0,6855,0
375,5.46860,0.89280,3.23710,1.31140,0.02630,27,0,1,2068,6,0,49,36,0,6819,0
376,6.87600,2.27020,3.23370,1.33860,0.03240,9,0,1,2069,6,0,49,35,0,6784,0
377,6.14770,1.51850,3.19710,1.40340,0.02740,59,0,1,2074,6,0,50,37,0,6686,0
378,5.62310,0.98920,3.23880,1.36560,0.02790,17,0,1,2077,6,0,53,39,0,6630,0
379,5.17860,0.65490,3.12380,1.37020,0.02830,7,0,1,2078,6,0,54,41,0,6621,0
380,5.80770,1.14960,3.22900,1.38300,0.04510,26,0,1,2081,6,0,55,45,0,6571,0
381,5.71560,1.05430,3.22490,1.41070,0.02460,23,0,1,2084,6,0,57,46,0,6564,0
382,5.39250,1.02350,3.04520,1.29410,0.02850,20,0,1,2087,6,0,60,48,0,6538,0
383,5.43580,1.01040,2.99260,1.39960,0.03240,17,0,1,2090,6,0,64,54,0,6477,0
384,5.76510,1.30710,3.13280,1.29900,0.02510,59,0,1,2095,6,0,66,57,0,6461,0
385,5.00240,0.40380,3.19940,1.36680,0.03140,0,0,1,2095,6,0,67,55,0,6419,0
386,5.21490,0.61270,3.17590,1.39410,0.03120,3,0,1,2096,6,0,67,55,0,6395,0
387,5.20260,0.66290,3.15860,1.35000,0.02970,15,0,1,2097,6,0,67,56,0,6342,0
388,5.90150,1.32170,3.26930,1.27700,0.03260,57,0,1,2101,6,0,67,54,0,6323,0
389,5.28170,0.80580,3.08490,1.35940,0.03040,31,0,1,2103,6,0,69,58,0,6254,0
390,5.54250,1.02830,3.12140,1.36460,0.02720,23,0,1,2106,6,0,69,54,0,6196,0
391,7.86080,2.17460,4.15810,1.47570,0.05090,0,0,1,2106,6,0,70,56,0,6175,0
392,6.96220,1.32590,4.25500,1.36170,0.01860,28,0,1,2109,6,0,71,58,0,6096,0
393,6.33750,1.08590,3.87680,1.34810,0.02550,17,0,1,2112,6,0,73,60,0,6059,0
394,5.75010,0.80910,3.53810,1.36950,0.03260,12,0,1,2114,6,0,73,59,0,6056,0
395,5.86840,0.94840,3.60420,1.29560,0.01930,23,0,1,2117,6,0,73,59,0,6043,0
396,7.16050,0.80520,4.91380,1.40840,0.03230,15,0,1,2119,6,0,73,59,0,6034,0
397,6.18470,0.86910,3.43870,1.84210,0.03370,19,0,1,2121,6,0,74,59,0,5957,0
398,5.64000,0.82250,3.46600,1.32190,0.02850,24,0,1,2123,6,0,76,62,0,5870,0
399,6.53120,1.74020,3.53280,1.23550,0.02170,68,0,1,2129,6,0,76,62,0,5874,0
400,5.97290,0.83030,3.82410,1.29050,0.02700,23,0,1,2131,6,0,77,62,0,5812,0
401,5.98450,0.97430,3.29680,1.69070,0.02160,26,0,1,2134,6,0,80,65,0,5739,0
402,5.26680,0.63080,3.28460,1.29990,0.05050,13,0,1,2135,6,0,81,64,0,5708,0
403,6.01900,1.45090,3.21850,1.27210,0.07640,63,0,1,2140,6,0,82,68,0,5675,0
404,5.52800,0.78530,3.44820,1.26310,0.03050,24,0,1,2142,6,0,83,67,0,5618,0
405,5.55990,0.87600,3.39990,1.26200,0.02110,16,0,1,2144,6,0,85,70,0,5544,0
406,8.32690,2.23690,4.22520,1.83700,0.02680,6,0,1,2145,6,0,87,71,0,5531,0
407,5.39060,0.91310,3.20030,1.24330,0.03290,12,0,1,2147,6,0,89,71,0,5538,0
408,5.33110,0.45000,3.10210,1.74660,0.03110,0,0,1,2147,6,0,91,74,0,5503,0
409,6.92430,1.49090,3.97790,1.41490,0.03770,38,0,1,2151,6,0,91,73,0,5506,0
410,5.24710,1.02670,2.90370,1.29050,0.02440,21,0,1,2153,6,0,93,75,0,5456,0
411,5.77350,1.62030,2.86430,1.25490,0.03280,47,0,1,2158,6,0,93,77,0,5343,0
412,5.21130,0.99660,2.98120,1.20020,0.03190,19,0,1,2161,6,0,96,82,0,5323,0
413,4.73320,0.41290,2.99810,1.27670,0.04350,0,0,1,2161,6,0,100,82,0,5291,0
414,6.46760,1.50380,3.53830,1.39440,0.02780,37,0,1,2164,6,0,101,83,0,5230,0
415,5.35060,1.18840,2.92920,1.20190,0.02960,21,0,1,2166,6,0,104,86,0,5185,0
416,5.28490,1.22650,2.90120,1.12770,0.02800,17,0,1,2169,6,0,105,86,0,5204,0
417,4.48280,0.38810,2.86510,1.20160,0.02630,0,0,1,2169,6,0,108,89,0,5160,0
418,5.87940,1.11700,3.51060,1.21840,0.03060,11,0,1,2171,6,0,110,91,0,5108,0
419,5.32190,1.29320,2.85960,1.13280,0.03510,30,0,1,2174,6,0,114,96,0,5040,0
420,5.06190,0.90840,2.88130,1.22220,0.04870,15,0,1,2176,6,0,115,95,0,5030,0
421,8.54160,2.80250,3.95740,1.67870,0.10030,5,0,1,2177,6,0,117,97,0,4999,0
422,7.00060,0.95890,4.70000,1.30310,0.03720,7,0,1,2178,6,0,119,95,0,5018,0
423,5.24980,0.82120,3.26220,1.12940,0.03600,20,0,1,2179,6,0,120,97,0,4958,0
424,5.97340,1.46920,3.24050,1.23850,0.02370,61,0,1,2180,7,0,123,100,0,4960,0
425,5.22980,0.75730,3.27170,1.16330,0.03540,10,0,1,2181,7,0,126,103,0,4878,0
426,5.11970,0.69750,3.22710,1.17160,0.02200,7,0,1,2182,7,0,127,103,0,4842,0
427,5.18660,1.17480,2.87160,1.11270,0.02620,18,0,1,2184,8,0,127,102,0,4805,0
428,5.11420,0.74600,3.07290,1.26180,0.03230,12,0,1,2185,8,0,131,106,0,4798,0
429,5.27140,0.72310,3.24620,1.27290,0.02800,9,0,1,2186,8,0,131,107,0,4736,0
430,5.07810,0.68660,3.16120,1.20510,0.02400,8,0,1,2187,8,0,134,109,0,4731,0
431,4.92450,0.75060,2.98310,1.16240,0.02700,7,0,1,2188,8,0,137,111,0,4688,0
432,4.76770,0.71990,2.80760,1.21370,0.02560,13,0,1,2189,8,0,140,114,0,4695,0
433,5.03850,1.07510,2.84030,1.09790,0.02320,10,0,1,2191,8,0,141,112,0,4655,0
434,4.73160,0.74480,2.77740,1.18670,0.02160,12,0,1,2192,8,0,143,116,0,4593,0
435,4.53720,0.64550,2.76310,1.10630,0.02130,11,0,1,2193,8,0,148,123,0,4563,0
436,5.95050,2.00530,2.80700,1.10560,0.03140,0,0,1,2193,8,0,150,126,0,4491,0
437,5.10240,0.97490,2.95290,1.14980,0.02310,32,0,1,2195,8,0,153,126,0,4433,0
438,4.96370,1.01700,2.74530,1.16430,0.03570,25,0,1,2197,8,0,155,129,0,4426,0
439,4.99870,1.09590,2.69610,1.15680,0.04860,55,0,1,2197,9,0,158,132,0,4401,0
440,4.63800,0.69510,2.78480,1.12090,0.03530,10,0,1,2198,9,0,162,135,0,4310,0
441,4.69330,0.70920,2.76320,1.18630,0.03240,10,0,1,2199,9,0,164,136,0,4261,0
442,5.36160,1.17440,2.93520,1.21540,0.03520,14,0,1,2201,9,0,166,139,0,4252,0
443,4.98160,1.03910,2.73510,1.17130,0.03410,36,0,1,2203,9,0,170,144,0,4213,0
444,4.70090,0.68780,2.90870,1.06910,0.03420,6,0,1,2204,9,0,172,148,0,4192,0
445,5.08320,1.18170,2.73550,1.13420,0.03060,23,0,1,2207,9,0,174,148,0,4159,0
446,6.09640,0.64290,4.10390,1.30600,0.04230,8,0,1,2208,9,0,176,143,0,4128,0
447,5.46780,1.04290,2.83530,1.55100,0.03720,17,0,1,2210,9,0,179,146,0,4136,0
448,5.45400,1.30910,2.83770,1.27450,0.03160,16,0,1,2213,9,0,179,149,0,4128,0
449,4.38660,0.37940,2.86440,1.09270,0.04900,0,0,1,2213,9,0,181,150,0,4118,0
450,4.48340,0.41810,2.85300,1.17690,0.03410,0,0,1,2213,9,0,184,153,0,4064,0
451,9.01360,3.07100,4.52540,1.38070,0.03460,26,0,1,2215,9,0,188,156,0,4070,0
452,6.58440,0.73190,4.54060,1.28330,0.02750,9,0,1,2216,9,0,191,159,0,4008,0
453,6.46460,1.35170,3.83700,1.24950,0.02500,35,0,1,2219,9,0,191,157,0,3962,0
454,6.79580,1.40440,4.14800,1.22060,0.02190,77,0,1,2220,10,0,195,160,0,3950,0
455,5.03950,0.39230,3.07460,1.54110,0.03050,0,0,1,2220,10,0,197,161,0,3930,0
456,5.20260,1.00920,3.03180,1.13040,0.03000,19,0,1,2222,10,0,201,164,0,3895,0
457,5.40880,1.32240,2.97180,1.08670,0.02650,46,0,1,2226,10,0,202,166,0,3881,0
458,5.00890,0.88560,3.02810,1.06980,0.02420,8,0,1,2228,10,0,204,167,0,3869,0
459,5.43820,1.13560,3.07910,1.18960,0.03260,24,0,1,2231,10,0,211,168,0,3804,0
460,5.39830,1.11910,3.12400,1.12210,0.03170,26,0,1,2234,10,0,213,175,0,3822,0
461,4.73730,0.58130,2.94770,1.18550,0.02190,11,0,1,2235,10,0,216,174,0,3772,0
462,5.93790,0.63540,4.14010,1.13320,0.02830,13,0,1,2236,10,0,218,178,0,3776,0
463,5.12330,1.02740,2.92950,1.13490,0.03040,14,0,1,2239,10,0,221,182,0,3761,0
464,4.65320,0.64540,2.71520,1.26180,0.02980,6,0,1,2240,10,0,221,182,0,3730,0
465,4.43860,0.46960,2.75870,1.17960,0.02940,0,0,1,2240,10,0,227,192,0,3724,0
466,6.42060,2.58590,2.70000,1.11300,0.02050,14,0,1,2241,10,0,229,190,0,3727,0
467,4.41680,0.68580,2.60760,1.09640,0.02610,6,0,1,2242,10,0,232,191,0,3691,0
468,4.84830,1.08520,2.62140,1.11750,0.02310,18,0,1,2244,10,0,235,194,0,3642,0
469,4.70540,1.00860,2.61150,1.05480,0.02970,53,0,1,2244,11,0,236,195,0,3612,0
470,4.33850,0.62480,2.60870,1.06190,0.04210,7,0,1,2245,11,0,238,199,0,3594,0
471,4.78590,0.75300,2.88660,1.11830,0.02680,15,0,1,2247,11,0,240,202,0,3561,0
472,5.66320,1.73620,2.81210,1.08260,0.03100,52,0,1,2252,11,0,245,208,0,3515,0
473,4.39760,0.57720,2.67490,1.10970,0.03490,5,0,1,2253,11,0,251,214,0,3513,0
474,4.48300,0.65030,2.72920,1.06210,0.03970,6,0,1,2254,11,0,256,217,0,3491,0
475,4.86540,1.07520,2.67670,1.08810,0.02450,19,0,1,2257,11,0,260,221,0,3509,0
476,4.30390,0.62010,2.66910,0.98990,0.02350,12,0,1,2258,11,0,261,223,0,3444,0
477,4.69570,1.01000,2.63380,1.01990,0.03060,29,0,1,2261,11,0,263,225,0,3400,0
478,4.92730,1.31020,2.61380,0.97680,0.02500,32,0,1,2262,12,0,267,227,0,3394,0
479,4.38470,0.68350,2.67410,1.00200,0.02420,6,0,1,2263,12,0,270,231,0,3391,0
480,4.06260,0.39840,2.59990,1.03340,0.02980,0,0,1,2263,12,0,273,234,0,3343,0
481,6.56410,2.42510,3.09260,1.00310,0.04140,11,0,1,2264,12,0,274,235,0,3315,0
482,5.82550,0.37680,4.27840,1.12610,0.04240,0,0,1,2264,12,0,278,240,0,3278,0
483,5.64760,0.39210,4.12570,1.10220,0.02650,0,0,1,2264,12,0,279,241,0,3269,0
484,5.84800,1.31560,3.48220,1.02620,0.02280,59,0,1,2265,13,0,283,246,0,3272,0
485,4.87810,0.66320,3.15580,1.03690,0.02130,6,0,1,2266,13,0,284,248,0,3294,0
486,5.30360,0.81560,3.41340,1.05030,0.02220,5,0,1,2267,13,0,287,248,0,3259,0
487,5.16730,1.09710,2.98140,1.06390,0.02390,26,0,1,2269,14,0,290,250,0,3237,0
488,4.73690,0.90250,2.82930,0.98300,0.02110,12,0,1,2271,14,0,298,262,0,3271,0
489,4.39670,0.60290,2.77180,0.99450,0.02640,6,0,1,2272,14,0,300,259,0,3208,0
490,4.83840,0.87930,2.88030,1.04530,0.03230,6,0,1,2273,14,0,303,262,0,3177,0
491,4.71750,0.97340,2.65390,1.05850,0.03000,13,0,1,2275,14,0,309,265,0,3155,0
492,5.34830,1.83410,2.49220,0.99330,0.02620,49,0,1,2280,14,0,312,268,0,3152,0
493,4.53820,0.98170,2.55280,0.97800,0.02390,26,0,1,2280,15,0,314,274,0,3124,0
494,4.42780,0.71880,2.67590,1.00390,0.02760,7,0,1,2281,15,0,315,273,0,3092,0
495,4.44600,0.66530,2.64020,1.11240,0.02680,5,0,1,2282,15,0,318,274,0,3107,0
496,5.98530,2.29290,2.60700,1.05310,0.03110,5,0,1,2283,15,0,323,277,0,3069,0
497,4.31870,0.62450,2.58390,1.08420,0.02540,4,0,1,2284,15,0,324,280,0,3022,0
498,4.57430,0.68230,2.62710,1.23760,0.02620,6,0,1,2285,15,0,325,282,0,2991,0
499,4.47660,0.97940,2.48320,0.98960,0.02320,47,0,1,2285,16,0,326,284,0,2973,0
500,3.93170,0.33890,2.56860,0.99470,0.02820,0,0,1,2285,16,0,329,283,0,2939,0
501,4.32000,0.62370,2.60710,1.06520,0.02290,5,0,1,2286,16,0,332,288,0,2975,0
502,4.19470,0.65190,2.55430,0.96260,0.02500,18,0,1,2287,16,0,336,289,0,2983,0
503,3.97790,0.36460,2.59080,0.99760,0.02400,0,0,1,2287,16,0,341,302,0,2962,0
504,3.92490,0.32460,2.57000,1.00040,0.02910,0,0,1,2287,16,0,347,306,0,2968,0
505,4.16580,0.60980,2.55850,0.97480,0.02190,4,0,1,2288,16,0,351,310,0,2952,0
506,4.11670,0.59930,2.55700,0.93290,0.02650,4,0,1,2289,16,0,352,310,0,2931,0
507,4.66400,1.05190,2.55960,1.02150,0.02980,25,0,1,2292,16,0,353,312,0,2915,0
508,4.46350,0.86210,2.60220,0.97350,0.02470,25,0,1,2292,17,0,356,317,0,2903,0
509,4.13580,0.56440,2.51980,1.02460,0.02610,4,0,1,2293,17,0,359,319,0,2849,0
510,4.15410,0.59530,2.56650,0.96630,0.02500,10,0,1,2294,17,0,363,323,0,2831,0
511,7.48000,2.78510,3.55670,1.11180,0.02450,22,0,1,2296,17,0,365,327,0,2785,0
512,4.71960,0.62820,3.07810,0.99430,0.01820,7,0,1,2297,17,0,370,333,0,2785,0
513,4.41260,0.36200,3.06150,0.96760,0.02080,0,0,1,2297,17,0,375,339,0,2763,0
514,4.90020,0.94210,2.98400,0.95500,0.01810,43,0,1,2297,18,0,379,337,0,2754,0
515,4.31950,0.39400,2.90460,0.99290,0.02710,0,0,1,2297,18,0,380,333,0,2714,0
516,5.01900,1.06860,2.89110,1.01830,0.03980,12,0,1,2299,18,0,385,340,0,2669,0
517,4.31640,0.39120,2.90810,0.98480,0.03140,0,0,1,2299,18,0,387,346,0,2661,0
518,4.80240,0.87870,2.84920,1.04330,0.02990,10,0,1,2301,18,0,387,344,0,2632,0
519,4.55370,0.65510,2.88270,0.98600,0.02860,17,0,1,2302,18,0,392,353,0,2623,0
520,4.93000,0.53940,3.38040,0.98590,0.02290,4,0,1,2303,18,0,398,353,0,2608,0
521,4.28460,0.40380,2.90140,0.95680,0.02130,0,0,1,2303,18,0,404,363,0,2569,0
522,5.10270,0.81040,3.28300,0.98340,0.02480,17,0,1,2305,18,0,408,365,0,2568,0
523,5.00540,1.13360,2.88820,0.96030,0.02230,37,0,1,2306,19,0,413,368,0,2577,0
524,4.61900,0.50850,3.09580,0.98450,0.02910,4,0,1,2307,19,0,417,370,0,2534,0
525,4.55630,0.82850,2.73150,0.96350,0.03190,14,0,1,2309,19,0,421,373,0,2568,0
526,5.95000,2.21320,2.69070,1.01830,0.02690,16,0,1,2310,19,0,425,377,0,2531,0
527,3.99740,0.35690,2.66670,0.94390,0.02840,0,0,1,2310,19,0,429,376,0,2515,0
528,4.04850,0.38140,2.61970,1.01800,0.02850,0,0,1,2310,19,0,431,383,0,2493,0
529,4.27370,0.58950,2.63860,1.01340,0.03110,6,0,1,2311,19,0,433,383,0,2489,0
530,4.39280,0.36400,2.91690,1.08370,0.02730,0,0,1,2311,19,0,436,385,0,2453,0
531,4.62570,0.85980,2.68470,1.05280,0.02760,12,0,1,2313,19,0,437,384,0,2429,0
532,4.35210,0.37350,2.98700,0.96820,0.02170,0,0,1,2313,19,0,440,392,0,2433,0
533,4.58980,0.80880,2.77180,0.98500,0.02300,12,0,1,2315,19,0,443,389,0,2422,0
534,4.50000,0.85120,2.70230,0.92690,0.01860,21,0,1,2317,19,0,447,396,0,2436,0
535,4.24470,0.49870,2.69210,1.02630,0.02680,4,0,1,2318,19,0,450,393,0,2440,0
536,4.18750,0.58350,2.61170,0.96700,0.02420,10,0,1,2319,19,0,452,401,0,2414,0
537,3.90300,0.34260,2.64090,0.89040,0.02840,0,0,1,2319,19,0,458,405,0,2393,0
538,4.92830,1.11100,2.72190,1.05220,0.04240,37,0,1,2320,20,0,460,406,0,2338,0
539,4.02020,0.52170,2.56820,0.90060,0.02870,4,0,1,2321,20,0,462,411,0,2327,0
540,4.01530,0.35340,2.69230,0.94370,0.02480,0,0,1,2321,20,0,465,411,0,2327,0
541,4.74380,1.25820,2.56530,0.89570,0.02230,0,0,1,2321,20,0,470,412,0,2327,0
542,4.24860,0.67090,2.57810,0.96980,0.02890,6,0,1,2322,20,0,476,418,0,2317,0
543,4.24890,0.68600,2.56630,0.96760,0.02820,6,0,1,2323,20,0,478,422,0,2304,0
544,3.90140,0.39010,2.54430,0.93330,0.03270,0,0,1,2323,20,0,483,423,0,2301,0
545,3.94770,0.41120,2.59020,0.91910,0.02650,0,0,1,2323,20,0,487,429,0,2285,0
546,4.76810,1.20470,2.60030,0.93290,0.02940,18,0,1,2326,20,0,490,431,0,2311,0
547,4.37070,0.92510,2.51690,0.90550,0.02240,11,0,1,2328,21,0,492,434,0,2312,0
548,4.25250,0.73200,2.59750,0.89630,0.02560,13,0,1,2330,21,0,501,440,0,2294,0
549,4.38430,0.91680,2.52680,0.91970,0.01990,26,0,1,2333,21,0,503,445,0,2266,0
550,3.95470,0.38930,2.55160,0.99100,0.02170,0,0,1,2333,21,0,507,446,0,2239,0
551,4.02120,0.55590,2.55560,0.88590,0.02280,9,0,1,2334,21,0,510,449,0,2236,0
552,3.95180,0.39700,2.61040,0.91990,0.02350,0,0,1,2334,21,0,512,447,0,2238,0
553,3.76070,0.37180,2.47100,0.88940,0.02680,0,0,1,2334,21,0,514,452,0,2221,0
554,4.56180,1.09810,2.50330,0.93690,0.02170,14,0,1,2336,21,0,517,455,0,2197,0
555,3.77660,0.38300,2.49140,0.87750,0.02360,0,0,1,2336,21,0,519,454,0,2208,0
556,4.99640,1.43360,2.54820,0.93940,0.07360,0,0,1,2336,21,0,522,458,0,2200,0
557,4.49060,1.02920,2.53360,0.90020,0.02630,12,0,1,2338,21,0,528,464,0,2186,0
558,4.32340,0.72490,2.62630,0.94110,0.03000,5,0,1,2339,21,0,530,462,0,2183,0
559,4.04140,0.42350,2.63730,0.95190,0.02740,0,0,1,2339,21,0,532,463,0,2181,0
560,4.33390,0.67840,2.58650,1.04120,0.02700,6,0,1,2340,21,0,537,468,0,2176,0
561,4.08050,0.68340,2.49480,0.87150,0.02970,10,0,1,2341,21,0,540,472,0,2169,0
562,6.80850,0.94330,4.71950,1.11080,0.03250,11,0,1,2343,21,0,541,474,0,2144,0
563,4.36660,0.60090,2.84360,0.88790,0.03320,2,0,1,2344,21,0,544,479,0,2145,0
564,3.84040,0.39710,2.53540,0.87990,0.02720,0,0,1,2344,21,0,546,485,0,2135,0
565,4.12240,0.64390,2.58020,0.86810,0.02930,4,0,1,2345,21,0,548,490,0,2140,0
566,4.07930,0.63790,2.55830,0.85540,0.02680,10,0,1,2346,21,0,549,488,0,2146,0
567,3.88630,0.40310,2.59240,0.86620,0.02350,0,0,1,2346,21,0,553,484,0,2124,0
568,3.70480,0.39090,2.39830,0.88210,0.03240,0,0,1,2346,21,0,557,493,0,2116,0
569,4.61850,1.08880,2.62040,0.87980,0.02820,24,0,1,2348,21,0,560,496,0,2154,0
570,4.26610,0.66640,2.61800,0.93390,0.04590,5,0,1,2349,21,0,563,501,0,2152,0
571,7.26640,3.12340,3.22740,0.88900,0.02480,6,0,1,2350,21,0,567,502,0,2136,0
572,5.50820,0.48950,4.04050,0.95840,0.01890,0,0,1,2350,21,0,569,504,0,2143,0
573,5.35580,0.38070,3.97020,0.98190,0.02210,0,0,1,2350,21,0,570,504,0,2140,0
574,4.90720,0.67030,3.27560,0.88910,0.07110,3,0,1,2351,21,0,572,505,0,2125,0
575,4.47420,0.48350,3.05870,0.90710,0.02390,0,0,1,2351,21,0,574,506,0,2142,0
576,4.68960,0.69540,3.04380,0.92650,0.02300,10,0,1,2352,21,0,579,508,0,2103,0
577,6.00190,1.17720,3.61530,1.17770,0.03090,14,0,1,2355,21,0,584,515,0,2091,0
578,4.29480,0.40600,2.96860,0.89750,0.02180,0,0,1,2355,21,0,585,520,0,2059,0
579,4.24100,0.64380,2.64700,0.92750,0.02180,4,0,1,2356,21,0,590,530,0,2042,0
580,4.50780,0.64330,2.89320,0.94610,0.02420,4,0,1,2357,21,0,595,530,0,2029,0
581,5.18770,0.42350,3.82520,0.91150,0.02670,0,0,1,2357,21,0,600,541,0,2022,0
582,3.96670,0.37760,2.66200,0.90230,0.02400,0,0,1,2357,21,0,604,540,0,2009,0
583,3.90440,0.42370,2.58000,0.87440,0.02550,0,0,1,2357,21,0,606,542,0,2024,0
584,4.66350,0.69730,2.94950,0.98990,0.02600,10,0,1,2358,21,0,608,546,0,2031,0
585,4.58150,0.91820,2.67940,0.95810,0.02480,6,0,1,2360,21,0,610,553,0,2020,0
586,5.78080,1.95970,2.87000,0.92860,0.02160,0,0,1,2360,21,0,613,558,0,2044,0
587,4.23460,0.41230,2.84410,0.95230,0.02490,0,0,1,2360,21,0,617,563,0,2029,0
588,3.80840,0.40150,2.46180,0.92010,0.02410,0,0,1,2360,21,0,619,565,0,2021,0
589,3.75620,0.40130,2.47150,0.86150,0.02080,0,0,1,2360,21,0,622,566,0,2038,0
590,3.82890,0.39750,2.47080,0.93620,0.02300,0,0,1,2360,21,0,624,569,0,2049,0
591,4.19130,0.68680,2.60840,0.87010,0.02510,10,0,1,2361,21,0,626,571,0,2047,0
592,5.00530,1.08500,2.96010,0.92650,0.03240,9,0,1,2363,21,0,632,578,0,2039,0
593,4.51380,0.41080,3.18470,0.88770,0.02930,0,0,1,2363,21,0,633,578,0,2011,0
594,4.13310,0.69390,2.51270,0.89410,0.03090,4,0,1,2364,21,0,635,584,0,2010,0
595,3.83890,0.39530,2.53210,0.87760,0.03270,0,0,1,2364,21,0,639,589,0,1997,0
596,3.91910,0.40660,2.52050,0.96260,0.02840,0,0,1,2364,21,0,643,593,0,1992,0
597,3.85200,0.39970,2.53830,0.88670,0.02650,0,0,1,2364,21,0,645,592,0,1990,0
598,4.25880,0.66880,2.65210,0.89940,0.03720,5,0,1,2365,21,0,647,596,0,1970,0
599,4.04610,0.69610,2.45110,0.87240,0.02520,5,0,1,2366,21,0,649,598,0,1978,0
600,4.73030,1.17670,2.54950,0.97350,0.02930,16,0,1,2369,21,0,653,600,0,1974,0
601,5.72170,2.02760,2.81850,0.85250,0.02140,0,0,1,2369,21,0,659,605,0,1969,0
602,4.71860,0.94170,2.82750,0.92900,0.01960,13,0,1,2371,21,0,661,607,0,1951,0
603,3.94270,0.37750,2.58730,0.95060,0.02640,0,0,1,2371,21,0,665,609,0,1957,0
604,4.18610,0.62120,2.70700,0.83760,0.01940,4,0,1,2372,21,0,667,611,0,1979,0
605,3.85170,0.37140,2.64830,0.81320,0.01770,0,0,1,2372,21,0,669,620,0,1978,0
606,4.15290,0.63940,2.62790,0.86190,0.02300,9,0,1,2373,21,0,671,620,0,1959,0
607,4.21340,0.71880,2.62970,0.84180,0.02230,11,0,1,2374,22,0,677,625,0,1946,0
608,3.80220,0.37880,2.51090,0.88950,0.02230,0,0,1,2374,22,0,680,627,0,1939,0
609,3.67320,0.35710,2.46790,0.82530,0.02210,0,0,1,2374,22,0,680,626,0,1926,0
610,3.87310,0.36450,2.56280,0.92590,0.01920,0,0,1,2374,22,0,681,624,0,1926,0
611,3.83070,0.36550,2.52050,0.92050,0.02320,0,0,1,2374,22,0,682,625,0,1918,0
612,4.09100,0.62060,2.51620,0.92890,0.02460,6,0,1,2375,22,0,684,626,0,1913,0
613,3.92080,0.60760,2.45310,0.83550,0.02380,5,0,1,2376,22,0,687,630,0,1925,0
614,3.67080,0.35760,2.45350,0.83500,0.02370,0,0,1,2376,22,0,689,633,0,1925,0
615,4.33130,0.93690,2.47180,0.89100,0.03010,12,0,1,2378,22,0,689,638,0,1923,0
616,5.54410,2.17370,2.47190,0.86770,0.02950,11,0,1,2379,22,0,694,647,0,1920,0
617,3.68150,0.32930,2.46760,0.86380,0.02000,0,0,1,2379,22,0,697,650,0,1905,0
618,3.62450,0.33390,2.42750,0.83570,0.02640,0,0,1,2379,22,0,702,655,0,1911,0
619,3.82310,0.33960,2.54800,0.89380,0.04080,0,0,1,2379,22,0,705,659,0,1908,0
620,3.83190,0.56950,2.41010,0.82660,0.02490,4,0,1,2380,22,0,708,665,0,1895,0
621,3.94640,0.55610,2.49080,0.87610,0.02280,9,0,1,2381,22,0,712,666,0,1895,0
622,4.07810,0.77040,2.46720,0.81080,0.02880,9,0,1,2383,22,0,714,668,0,1900,0
623,3.77000,0.31570,2.56450,0.86040,0.02770,0,0,1,2383,22,0,716,674,0,1898,0
624,3.75080,0.33750,2.50610,0.87910,0.02730,0,0,1,2383,22,0,720,675,0,1889,0
625,3.58110,0.31360,2.38370,0.85550,0.02730,0,0,1,2383,22,0,722,680,0,1880,0
626,3.68180,0.33580,2.43950,0.88290,0.02290,0,0,1,2383,22,0,726,684,0,1884,0
627,3.79210,0.34390,2.58340,0.83640,0.02760,0,0,1,2383,22,0,727,683,0,1883,0
628,3.82500,0.65570,2.31040,0.83020,0.02800,5,0,1,2384,22,0,728,685,0,1871,0
629,3.61600,0.33760,2.37690,0.87680,0.02370,0,0,1,2384,22,0,734,692,0,1885,0
630,3.86860,0.59520,2.41090,0.83790,0.02360,8,0,1,2385,22,0,737,692,0,1873,0
631,4.83860,1.43970,2.50230,0.86750,0.02680,0,0,1,2385,22,0,739,691,0,1860,0
632,3.68740,0.33940,2.40210,0.91250,0.03240,0,0,1,2385,22,0,742,696,0,1860,0
633,3.62380,0.34120,2.41360,0.83490,0.03330,0,0,1,2385,22,0,742,697,0,1835,0
634,3.79610,0.33860,2.44560,0.98310,0.02790,0,0,1,2385,22,0,747,702,0,1823,0
635,3.90090,0.56400,2.40010,0.91050,0.02550,4,0,1,2386,22,0,749,704,0,1812,0
636,4.21670,0.58680,2.67270,0.92750,0.02870,9,0,1,2387,22,0,752,708,0,1806,0
637,3.91680,0.54150,2.49410,0.85650,0.02380,4,0,1,2388,22,0,755,713,0,1795,0
638,3.92570,0.29230,2.73500,0.85630,0.04130,0,0,1,2388,22,0,760,720,0,1777,0
639,3.69540,0.33210,2.47670,0.86280,0.02290,0,0,1,2388,22,0,763,724,0,1783,0
640,3.98420,0.33000,2.66250,0.95800,0.03290,0,0,1,2388,22,0,764,724,0,1792,0
641,3.66590,0.31930,2.38800,0.92960,0.02800,0,0,1,2388,22,0,767,727,0,1807,0
642,3.84560,0.32930,2.64400,0.84880,0.02250,0,0,1,2388,22,0,768,729,0,1797,0
643,3.64690,0.31800,2.45700,0.84550,0.02550,0,0,1,2388,22,0,771,733,0,1799,0
644,3.45190,0.31720,2.30530,0.79760,0.03110,0,0,1,2388,22,0,773,735,0,1805,0
645,3.63860,0.32220,2.41090,0.86970,0.03430,0,0,1,2388,22,0,777,740,0,1799,0
646,6.05530,2.49620,2.56980,0.96400,0.02410,11,0,1,2390,22,0,778,742,0,1796,0
647,3.49520,0.33540,2.31940,0.80500,0.03480,0,0,1,2390,22,0,779,742,0,1781,0
648,3.56620,0.30800,2.34340,0.88910,0.02480,0,0,1,2390,22,0,783,747,0,1777,0
649,3.69800,0.55420,2.28790,0.82850,0.02650,6,0,1,2391,22,0,786,748,0,1788,0
650,3.84090,0.56580,2.42270,0.82310,0.02830,4,0,1,2392,22,0,789,752,0,1789,0
651,3.68590,0.54520,2.34100,0.77390,0.02450,9,0,1,2393,22,0,793,758,0,1791,0
652,3.54750,0.27710,2.40460,0.84060,0.02430,0,0,1,2393,22,0,795,754,0,1787,0
653,3.56050,0.32910,2.34630,0.83970,0.04450,0,0,1,2393,22,0,795,754,0,1792,0
654,3.49770,0.32290,2.34090,0.80940,0.02350,0,0,1,2393,22,0,796,759,0,1788,0
655,3.53970,0.31420,2.36560,0.83560,0.02360,0,0,1,2393,22,0,797,760,0,1781,0
656,3.60920,0.32150,2.39730,0.85850,0.03090,0,0,1,2393,22,0,801,763,0,1779,0
657,3.49390,0.30310,2.36790,0.79920,0.02280,0,0,1,2393,22,0,801,763,0,1777,0
658,3.63700,0.31870,2.45340,0.83910,0.02480,0,0,1,2393,22,0,802,764,0,1760,0
659,3.64670,0.32040,2.42580,0.86850,0.03110,0,0,1,2393,22,0,803,763,0,1765,0
660,3.50370,0.31780,2.36780,0.78970,0.02760,0,0,1,2393,22,0,805,765,0,1773,0
661,7.40800,2.54540,3.96840,0.86180,0.03080,5,0,1,2394,22,0,807,767,0,1761,0
662,5.39190,0.29620,4.24660,0.82850,0.01960,0,0,1,2394,22,0,808,764,0,1759,0
663,4.21130,0.32050,2.86410,0.99840,0.02760,0,0,1,2394,22,0,810,771,0,1765,0
664,3.92310,0.35160,2.75090,0.79860,0.02130,0,0,1,2394,22,0,813,777,0,1756,0
665,4.52890,0.53640,3.13570,0.83610,0.02000,4,0,1,2395,22,0,813,774,0,1752,0
666,4.22970,0.55810,2.85050,0.80190,0.01850,9,0,1,2396,22,0,815,777,0,1750,0
667,5.40840,0.35680,4.18290,0.84590,0.02200,0,0,1,2396,23,0,817,777,0,1747,0
668,3.97040,0.32210,2.75680,0.86810,0.02250,0,0,1,2396,23,0,819,782,0,1761,0
669,3.95900,0.30630,2.72150,0.89640,0.03380,0,0,1,2396,23,0,822,791,0,1759,0
670,4.89000,0.31530,3.60790,0.94200,0.02390,0,0,1,2396,23,0,823,790,0,1760,0
671,4.15320,0.55780,2.76090,0.81180,0.02190,6,0,1,2397,23,0,823,791,0,1759,0
672,3.92570,0.31820,2.77520,0.80620,0.02530,0,0,1,2397,23,0,824,791,0,1758,0
673,4.98120,0.30280,3.83700,0.79830,0.04210,0,0,1,2397,23,0,826,795,0,1755,0
674,3.94290,0.28630,2.84850,0.78630,0.02100,0,0,1,2397,23,0,828,797,0,1752,0
675,3.78880,0.29520,2.63790,0.82680,0.02790,0,0,1,2397,23,0,828,798,0,1751,0
676,5.98460,1.92500,3.08460,0.95370,0.02060,0,0,1,2397,23,0,831,804,0,1760,0
677,4.16680,0.33620,3.00830,0.80030,0.02120,0,0,1,2397,23,0,832,804,0,1754,0
678,5.39570,0.29240,4.06310,1.01050,0.02880,0,0,1,2397,23,0,833,803,0,1748,0
679,3.79390,0.30710,2.61980,0.84680,0.01930,0,0,1,2397,23,0,833,806,0,1761,0
680,3.73170,0.29840,2.59490,0.81370,0.02380,0,0,1,2397,23,0,833,804,0,1751,0
681,4.01580,0.55040,2.59000,0.85220,0.02240,9,0,1,2398,23,0,835,809,0,1741,0
682,3.73670,0.30010,2.60000,0.81500,0.02080,0,0,1,2398,23,0,839,812,0,1747,0
683,3.69140,0.28950,2.56700,0.81460,0.01940,0,0,1,2398,23,0,840,812,0,1746,0
684,5.17440,0.27460,4.02830,0.85060,0.02010,0,0,1,2398,23,0,843,815,0,1736,0
685,3.65850,0.28980,2.56240,0.78020,0.02510,0,0,1,2398,23,0,848,820,0,1734,0
686,3.68710,0.27950,2.60280,0.78120,0.02280,0,0,1,2398,23,0,850,823,0,1726,0
687,3.67660,0.28950,2.59880,0.76670,0.02070,0,0,1,2398,23,0,850,822,0,1721,0
688,3.82340,0.28780,2.64130,0.87260,0.02080,0,0,1,2398,23,0,855,831,0,1742,0
689,3.66400,0.27820,2.59140,0.77330,0.02020,0,0,1,2398,23,0,858,830,0,1736,0
690,5.05600,0.28390,3.92240,0.82780,0.02120,0,0,1,2398,23,0,860,833,0,1736,0
691,6.22630,2.08590,3.24810,0.86840,0.02200,0,0,1,2398,23,0,862,828,0,1726,0
692,4.91780,0.29780,3.76910,0.82510,0.02470,0,0,1,2398,23,0,862,834,0,1721,0
693,4.87520,0.24210,3.78770,0.82330,0.02120,0,0,1,2398,23,0,862,835,0,1723,0
694,4.94660,0.25260,3.83340,0.84280,0.01690,0,0,1,2398,23,0,865,838,0,1711,0
695,4.72960,0.25440,3.58480,0.86320,0.02630,0,0,1,2398,23,0,868,841,0,1708,0
696,4.16850,0.64040,2.71960,0.78760,0.02000,6,0,1,2399,23,0,869,843,0,1707,0
697,3.97610,0.27600,2.87930,0.80250,0.01750,0,0,1,2399,23,0,871,844,0,1717,0
698,3.76810,0.26180,2.69860,0.78930,0.01750,0,0,1,2399,23,0,874,847,0,1721,0
699,4.25770,0.27810,3.01800,0.93680,0.02390,0,0,1,2399,23,0,875,844,0,1710,0
700,5.19880,0.29120,4.07320,0.81310,0.02050,0,0,1,2399,23,0,878,848,0,1716,0
701,4.01130,0.35990,2.78310,0.84700,0.02040,0,0,1,2399,23,0,880,851,0,1715,0
702,3.76390,0.26600,2.69890,0.78070,0.01740,0,0,1,2399,23,0,882,852,0,1709,0
703,3.71350,0.23500,2.67350,0.78160,0.02240,0,0,1,2399,23,0,885,855,0,1713,0
704,3.77360,0.28100,2.69470,0.77550,0.02140,0,0,1,2399,23,0,886,858,0,1705,0
705,4.10070,0.24020,2.96730,0.86350,0.02900,0,0,1,2399,23,0,887,858,0,1700,0
706,5.48250,1.93670,2.68300,0.83980,0.02220,0,0,1,2399,23,0,890,861,0,1698,0
707,3.83920,0.27820,2.68250,0.83580,0.04160,0,0,1,2399,23,0,891,864,0,1695,0
708,4.44740,0.29430,3.22320,0.90730,0.02170,0,0,1,2399,23,0,893,868,0,1704,0
709,4.29850,0.53640,2.87830,0.86050,0.02240,9,0,1,2400,23,0,894,871,0,1697,0
710,3.79300,0.23840,2.74900,0.77860,0.02600,0,0,1,2400,23,0,894,870,0,1681,0
711,3.51680,0.26160,2.44150,0.78960,0.02320,0,0,1,2400,23,0,895,872,0,1686,0
712,3.48260,0.22400,2.45180,0.78180,0.02410,0,0,1,2400,23,0,897,874,0,1677,0
713,4.17380,0.73560,2.50220,0.78820,0.14680,7,0,1,2402,23,0,898,874,0,1679,0
714,3.64750,0.30530,2.48170,0.81050,0.04900,0,0,1,2402,23,0,899,876,0,1682,0
715,3.63650,0.27030,2.49500,0.84100,0.02940,0,0,1,2402,23,0,901,878,0,1676,0
716,4.31820,0.47730,2.86900,0.94260,0.02830,7,0,1,2403,23,0,902,880,0,1678,0
717,3.60810,0.23420,2.51440,0.83200,0.02670,0,0,1,2403,23,0,904,881,0,1680,0
718,3.50550,0.23940,2.45660,0.78390,0.02490,0,0,1,2403,23,0,905,883,0,1679,0
719,3.48770,0.23210,2.44640,0.78540,0.02250,0,0,1,2403,23,0,905,884,0,1672,0
720,3.48000,0.26880,2.42720,0.76060,0.02260,0,0,1,2403,23,0,905,884,0,1669,0
721,6.60710,1.94730,3.72430,0.90370,0.02990,0,0,1,2403,23,0,908,887,0,1668,0
722,5.50270,0.24710,4.37610,0.86070,0.01790,0,0,1,2403,23,0,909,888,0,1666,0
723,5.49500,0.35040,4.25120,0.87210,0.02030,0,0,1,2403,23,0,912,891,0,1660,0
724,4.96490,0.58650,3.49840,0.85180,0.02720,9,0,1,2404,23,0,916,894,0,1662,0
725,4.37940,0.29020,3.12090,0.93290,0.03440,0,0,1,2404,23,0,916,896,0,1665,0
726,4.14680,0.25670,3.07150,0.79960,0.01830,0,0,1,2404,23,0,917,896,0,1672,0
727,4.97220,0.34770,3.71510,0.88300,0.02550,0,0,1,2404,24,0,917,898,0,1670,0
728,4.59690,0.53620,3.17630,0.85740,0.02610,3,0,1,2405,24,0,919,901,0,1663,0
729,4.21050,0.24610,3.03610,0.89430,0.03300,0,0,1,2405,24,0,920,902,0,1664,0
730,4.19350,0.25210,3.05650,0.86460,0.01950,0,0,1,2405,24,0,922,904,0,1661,0
731,4.21590,0.24910,3.06650,0.82000,0.07950,0,0,1,2405,24,0,923,903,0,1657,0
732,4.27810,0.55700,2.90960,0.78810,0.02270,7,0,1,2406,24,0,925,905,0,1654,0
733,4.04630,0.24950,2.97250,0.80030,0.02330,0,0,1,2406,24,0,928,910,0,1642,0
734,3.73490,0.21710,2.62380,0.87290,0.02020,0,0,1,2406,24,0,929,911,0,1650,0
735,3.95210,0.24530,2.87290,0.80470,0.02820,0,0,1,2406,24,0,929,911,0,1645,0
736,5.35370,1.85780,2.69880,0.78100,0.01520,0,0,1,2406,24,0,929,912,0,1642,0
737,3.86640,0.45140,2.62790,0.76490,0.02100,2,0,1,2407,24,0,930,914,0,1641,0
738,4.17900,0.24910,3.03270,0.87020,0.02570,0,0,1,2407,24,0,931,914,0,1642,0
739,4.02880,0.57010,2.69400,0.74370,0.02000,9,0,1,2408,24,0,933,914,0,1650,0
740,3.75720,0.29410,2.63280,0.80410,0.02540,0,0,1,2408,24,0,933,915,0,1650,0
741,3.73290,0.22730,2.69780,0.78500,0.02130,0,0,1,2408,24,0,934,916,0,1645,0
742,4.44150,0.23660,3.30700,0.87200,0.02440,0,0,1,2408,24,0,934,916,0,1641,0
743,4.69770,0.49830,3.38820,0.78160,0.02850,3,0,1,2409,24,0,936,919,0,1637,0
744,4.43860,0.24650,3.34630,0.81590,0.02900,0,0,1,2409,24,0,937,920,0,1637,0
745,4.20470,0.26460,3.00150,0.91360,0.02420,0,0,1,2409,24,0,937,922,0,1641,0
746,4.25770,0.26230,3.19970,0.76770,0.02710,0,0,1,2409,24,0,937,920,0,1633,0
747,4.76810,0.25050,3.70760,0.78840,0.02080,0,0,1,2409,24,0,937,919,0,1634,0
748,3.58390,0.23630,2.48670,0.83840,0.02150,0,0,1,2409,24,0,938,920,0,1637,0
749,3.73650,0.21440,2.67220,0.82320,0.02590,0,0,1,2409,24,0,938,921,0,1642,0
750,4.73020,0.24240,3.66220,0.80000,0.02440,0,0,1,2409,24,0,939,922,0,1645,0
751,5.26300,1.92610,2.39260,0.91180,0.03010,0,0,1,2409,24,0,939,923,0,1652,0
752,3.72520,0.47750,2.46460,0.75590,0.02630,2,0,1,2410,24,0,940,923,0,1653,0
753,3.43870,0.26180,2.38040,0.76910,0.02650,0,0,1,2410,24,0,941,925,0,1654,0
754,3.69570,0.53030,2.35600,0.78330,0.02520,9,0,1,2411,24,0,941,926,0,1655,0
755,3.42260,0.24150,2.38560,0.76840,0.02620,0,0,1,2411,24,0,943,929,0,1656,0
756,3.40210,0.22820,2.38760,0.76000,0.02460,0,0,1,2411,24,0,943,928,0,1649,0
757,3.51440,0.25860,2.37240,0.85010,0.03240,0,0,1,2411,24,0,943,928,0,1645,0
758,3.48400,0.25750,2.42530,0.77310,0.02720,0,0,1,2411,24,0,944,929,0,1645,0
759,3.51420,0.25860,2.38330,0.84440,0.02710,0,0,1,2411,24,0,945,929,0,1649,0
760,3.39290,0.25920,2.30090,0.80550,0.02650,0,0,1,2411,24,0,946,933,0,1640,0
761,3.45190,0.24890,2.36850,0.80650,0.02730,0,0,1,2411,24,0,946,935,0,1643,0
762,3.46580,0.23300,2.36020,0.83820,0.03370,0,0,1,2411,24,0,946,933,0,1643,0
763,3.55090,0.26210,2.40100,0.85610,0.03080,0,0,1,2411,24,0,946,933,0,1638,0
764,3.61830,0.25190,2.54050,0.80080,0.02410,0,0,1,2411,24,0,947,933,0,1643,0
765,3.39420,0.24650,2.32860,0.78890,0.02930,0,0,1,2411,24,0,948,934,0,1646,0
766,5.06820,1.85750,2.39360,0.78690,0.02890,0,0,1,2411,24,0,948,934,0,1644,0
767,3.57850,0.48090,2.30080,0.76930,0.02660,3,0,1,2412,24,0,950,937,0,1642,0
768,3.51650,0.25420,2.41620,0.81390,0.03100,0,0,1,2412,24,0,952,939,0,1644,0
769,3.76100,0.54790,2.38800,0.79800,0.02620,9,0,1,2413,24,0,955,941,0,1638,0
770,3.46720,0.23830,2.37790,0.82230,0.02790,0,0,1,2413,24,0,955,942,0,1639,0
771,3.38690,0.23840,2.30730,0.81210,0.02840,0,0,1,2413,24,0,955,940,0,1643,0
772,3.45140,0.24650,2.35570,0.80960,0.03830,0,0,1,2413,24,0,955,940,0,1647,0
773,3.58710,0.26390,2.41460,0.87980,0.02780,0,0,1,2413,24,0,955,941,0,1638,0
774,3.40980,0.24410,2.32930,0.80520,0.03030,0,0,1,2413,24,0,956,942,0,1633,0
775,3.49680,0.25020,2.38590,0.83110,0.02870,0,0,1,2413,24,0,956,940,0,1632,0
776,3.41520,0.27450,2.30150,0.80810,0.03030,0,0,1,2413,24,0,957,943,0,1632,0
777,3.73710,0.24730,2.51890,0.93620,0.03370,0,0,1,2413,24,0,957,944,0,1632,0
778,3.39790,0.25150,2.31910,0.79130,0.03490,0,0,1,2413,24,0,958,944,0,1623,0
779,3.44260,0.27430,2.32110,0.81560,0.03060,0,0,1,2413,24,0,958,946,0,1623,0
780,3.39810,0.22540,2.29660,0.84780,0.02740,0,0,1,2413,24,0,958,946,0,1627,0
781,6.76870,2.13040,3.76670,0.85040,0.01910,0,0,1,2413,24,0,958,945,0,1623,0
782,5.01200,0.60280,3.56930,0.81970,0.01920,3,0,1,2414,24,0,959,944,0,1620,0
783,4.90870,0.23550,3.83590,0.81180,0.02470,0,0,1,2414,24,0,960,946,0,1621,0
784,5.32300,0.49270,3.83210,0.97680,0.02050,9,0,1,2415,24,0,960,945,0,1614,0
785,4.56250,0.22810,3.52450,0.79140,0.01760,0,0,1,2415,24,0,960,947,0,1615,0
786,4.14870,0.22380,2.95430,0.94110,0.02880,0,0,1,2415,24,0,960,946,0,1613,0
787,4.29020,0.28380,3.19570,0.78590,0.02400,0,0,1,2415,25,0,963,949,0,1619,0
788,4.07220,0.20940,3.01680,0.82270,0.02210,0,0,1,2415,25,0,964,951,0,1616,0
789,4.14200,0.22270,3.07330,0.82550,0.01960,0,0,1,2415,25,0,965,952,0,1617,0
790,5.24300,0.23140,4.11200,0.87580,0.02300,0,0,1,2415,25,0,965,952,0,1615,0
791,3.71910,0.22310,2.71000,0.76470,0.02040,0,0,1,2415,25,0,967,954,0,1615,0
792,3.63410,0.23900,2.60090,0.76960,0.02370,0,0,1,2415,25,0,968,954,0,1610,0
793,3.98530,0.22070,2.95370,0.78490,0.02520,0,0,1,2415,25,0,968,954,0,1607,0
794,3.72830,0.23800,2.71670,0.75420,0.01860,0,0,1,2415,25,0,969,957,0,1608,0
795,3.69950,0.24350,2.66900,0.76790,0.01830,0,0,1,2415,25,0,969,957,0,1608,0
796,6.71750,1.85750,4.05660,0.77850,0.02430,0,0,1,2415,25,0,969,959,0,1605,0
797,3.69010,0.23900,2.69510,0.73700,0.01800,0,0,1,2415,25,0,971,961,0,1611,0
798,3.87770,0.25800,2.72880,0.86770,0.02230,0,0,1,2415,25,0,973,964,0,1611,0
799,3.85090,0.48810,2.60780,0.73460,0.01950,9,0,1,2416,25,0,975,966,0,1613,0
800,3.53260,0.20620,2.55190,0.75180,0.02190,0,0,1,2416,25,0,976,965,0,1614,0
801,3.67570,0.24990,2.59900,0.80580,0.02010,0,0,1,2416,25,0,979,968,0,1613,0
802,3.63610,0.18920,2.59760,0.82690,0.02120,0,0,1,2416,25,0,979,969,0,1606,0
803,3.59470,0.24440,2.58130,0.73750,0.03070,0,0,1,2416,25,0,979,968,0,1606,0
804,3.54200,0.21440,2.55620,0.75270,0.01800,0,0,1,2416,25,0,979,970,0,1605,0
805,3.72800,0.21060,2.75160,0.72920,0.03570,0,0,1,2416,25,0,979,970,0,1601,0
806,3.54760,0.25430,2.43070,0.84220,0.01940,0,0,1,2416,25,0,979,969,0,1600,0
807,3.57030,0.23090,2.59010,0.72930,0.01920,0,0,1,2416,25,0,980,970,0,1596,0
808,4.76350,0.22730,3.75630,0.75200,0.02710,0,0,1,2416,25,0,982,973,0,1596,0
809,5.00610,0.23020,3.99980,0.75490,0.02040,0,0,1,2416,25,0,982,973,0,1597,0
810,3.44440,0.22870,2.40520,0.78600,0.02380,0,0,1,2416,25,0,983,975,0,1594,0
811,5.21070,1.92640,2.48480,0.77120,0.02690,0,0,1,2416,25,0,985,977,0,1594,0
812,3.38500,0.23930,2.34570,0.77300,0.02590,0,0,1,2416,25,0,985,979,0,1590,0
813,3.45940,0.22730,2.32590,0.87680,0.02840,0,0,1,2416,25,0,986,980,0,1590,0
814,3.51430,0.50850,2.24890,0.73060,0.02550,8,0,1,2417,25,0,986,980,0,1583,0
815,3.42620,0.26140,2.35450,0.78480,0.02460,0,0,1,2417,25,0,989,983,0,1593,0
816,3.47340,0.24740,2.39640,0.79880,0.03010,0,0,1,2417,25,0,991,985,0,1592,0
817,3.54670,0.22290,2.39110,0.90370,0.02830,0,0,1,2417,25,0,993,988,0,1587,0
818,3.61970,0.24970,2.51860,0.82010,0.03030,0,0,1,2417,25,0,993,990,0,1586,0
819,3.36910,0.21870,2.33720,0.78380,0.02870,0,0,1,2417,25,0,993,990,0,1586,0
820,3.29650,0.21830,2.21580,0.83660,0.02500,0,0,1,2417,25,0,993,988,0,1590,0
821,3.44860,0.21440,2.41310,0.79540,0.02490,0,0,1,2417,25,0,993,989,0,1590,0
822,3.40950,0.21610,2.38920,0.77780,0.02520,0,0,1,2417,25,0,994,990,0,1588,0
823,3.24440,0.22560,2.25760,0.73600,0.02440,0,0,1,2417,25,0,995,990,0,1587,0
824,3.17220,0.22190,2.18410,0.74240,0.02310,0,0,1,2417,25,0,995,991,0,1590,0
825,3.27120,0.23150,2.24090,0.77340,0.02450,0,0,1,2417,25,0,996,991,0,1588,0
826,4.95870,1.86900,2.33520,0.72720,0.02640,0,0,1,2417,25,0,997,993,0,1581,0
827,3.42270,0.22210,2.33240,0.84050,0.02670,0,0,1,2417,25,0,998,995,0,1585,0
828,3.22960,0.19650,2.25970,0.74750,0.02530,0,0,1,2417,25,0,998,994,0,1583,0
829,3.49580,0.50830,2.20920,0.74940,0.02810,8,0,1,2418,25,0,1000,995,0,1582,0
830,3.19100,0.21810,2.22240,0.72380,0.02590,0,0,1,2418,25,0,1000,996,0,1581,0
831,3.15800,0.23960,2.18220,0.70990,0.02550,0,0,1,2418,25,0,1000,997,0,1580,0
832,3.11880,0.24470,2.12890,0.71320,0.03120,0,0,1,2418,25,0,1000,994,0,1582,0
833,3.12460,0.23760,2.14870,0.71210,0.02540,0,0,1,2418,25,0,1000,995,0,1584,0
834,3.20850,0.20310,2.17370,0.79120,0.03940,0,0,1,2418,25,0,1000,996,0,1582,0
835,3.25290,0.22330,2.21330,0.78800,0.02750,0,0,1,2418,25,0,1000,995,0,1579,0
836,3.12920,0.23080,2.13970,0.72450,0.03330,0,0,1,2418,25,0,1000,997,0,1578,0
837,3.10380,0.21990,2.15120,0.70430,0.02760,0,0,1,2418,25,0,1000,996,0,1579,0
838,3.10010,0.21380,2.11210,0.74800,0.02540,0,0,1,2418,25,0,1000,995,0,1579,0
839,3.11780,0.23770,2.15760,0.69780,0.02410,0,0,1,2418,25,0,1000,996,0,1581,0
840,3.15560,0.23840,2.11410,0.77050,0.03180,0,0,1,2418,25,0,1000,995,0,1581,0
841,6.68790,2.14150,3.58200,0.93640,0.02590,0,0,1,2418,25,0,1000,996,0,1578,0
842,5.06820,0.19730,4.07280,0.78080,0.01620,0,0,1,2418,25,0,1001,997,0,1579,0
843,4.47560,0.18590,3.47420,0.79880,0.01580,0,0,1,2418,25,0,1001,997,0,1582,0
844,4.64990,0.46460,3.38940,0.77850,0.01630,8,0,1,2419,25,0,1001,996,0,1581,0
845,4.21160,0.19770,3.14940,0.83910,0.02430,0,0,1,2419,25,0,1001,995,0,1579,0
846,4.48070,0.22380,3.37180,0.86680,0.01770,0,0,1,2419,25,0,1001,997,0,1578,0
847,4.33870,0.25590,3.26240,0.80190,0.01780,0,0,1,2419,26,0,1001,997,0,1580,0
848,4.55390,0.19870,3.09810,1.23190,0.02430,0,0,1,2419,26,0,1001,996,0,1580,0
849,4.37240,0.18850,3.37740,0.78900,0.01720,0,0,1,2419,26,0,1002,998,0,1580,0
850,4.05660,0.18530,3.09510,0.75780,0.01770,0,0,1,2419,26,0,1003,999,0,1579,0
851,3.93890,0.18400,2.97260,0.76450,0.01700,0,0,1,2419,26,0,1003,1000,0,1581,0
852,3.88870,0.20810,2.83210,0.82860,0.01900,0,0,1,2419,26,0,1004,1000,0,1581,0
853,3.90350,0.17910,2.96000,0.74650,0.01710,0,0,1,2419,26,0,1004,1000,0,1582,0
854,3.86930,0.19950,2.85990,0.79000,0.01910,0,0,1,2419,26,0,1004,1000,0,1582,0
855,3.89920,0.18170,2.89880,0.80110,0.01700,0,0,1,2419,26,0,1004,999,0,1583,0
856,5.68330,1.86050,2.99280,0.81210,0.01720,0,0,1,2419,26,0,1005,999,0,1585,0
857,4.40530,0.20100,3.39760,0.78110,0.02520,0,0,1,2419,26,0,1005,1002,0,1583,0
858,3.98690,0.23650,2.94690,0.78600,0.01680,0,0,1,2419,26,0,1005,1001,0,1585,0
859,3.82040,0.43470,2.64600,0.72040,0.01860,8,0,1,2420,26,0,1005,1000,0,1585,0
860,4.91780,0.22180,3.86080,0.81300,0.02150,0,0,1,2420,26,0,1005,1000,0,1590,0
861,4.00560,0.18720,3.07860,0.71960,0.01900,0,0,1,2420,26,0,1006,1001,0,1590,0
862,4.48100,0.21350,3.44400,0.80000,0.02250,0,0,1,2420,26,0,1007,1002,0,1588,0
863,3.68450,0.20650,2.65000,0.80720,0.01950,0,0,1,2420,26,0,1008,1004,0,1585,0
864,3.78800,0.19610,2.78500,0.78500,0.02090,0,0,1,2420,26,0,1008,1005,0,1585,0
865,4.30220,0.25380,3.18400,0.84470,0.01820,0,0,1,2420,26,0,1008,1004,0,1583,0
866,4.17270,0.21720,3.11350,0.82200,0.01910,0,0,1,2420,26,0,1008,1004,0,1582,0
867,3.63020,0.17460,2.66030,0.77490,0.01920,0,0,1,2420,26,0,1008,1004,0,1580,0
868,4.26740,0.20420,3.24750,0.79400,0.02060,0,0,1,2420,26,0,1008,1004,0,1580,0
869,3.84790,0.20550,2.77350,0.83970,0.02820,0,0,1,2420,26,0,1008,1006,0,1582,0
870,3.59880,0.20880,2.60610,0.76400,0.01880,0,0,1,2420,26,0,1008,1006,0,1582,0
871,6.32000,1.89610,3.59350,0.80620,0.02240,0,0,1,2420,26,0,1008,1005,0,1581,0
872,5.75410,0.17120,4.73440,0.81840,0.02920,0,0,1,2420,26,0,1008,1005,0,1579,0
873,6.17760,0.20750,5.14780,0.80090,0.02060,0,0,1,2420,26,0,1009,1006,0,1579,0
874,5.10280,0.48350,3.79000,0.81020,0.01820,8,0,1,2421,26,0,1009,1007,0,1578,0
875,4.35150,0.17040,3.40450,0.75480,0.02120,0,0,1,2421,26,0,1009,1006,0,1577,0
876,3.49810,0.19470,2.55770,0.72340,0.02150,0,0,1,2421,26,0,1009,1006,0,1577,0
877,3.62840,0.18050,2.67680,0.75320,0.01710,0,0,1,2421,26,0,1009,1006,0,1575,0
878,4.51710,0.21230,3.51100,0.77270,0.02040,0,0,1,2421,26,0,1009,1006,0,1575,0
879,3.77610,0.19480,2.72470,0.83050,0.02550,0,0,1,2421,26,0,1009,1006,0,1579,0
880,3.71850,0.18590,2.68780,0.81980,0.02390,0,0,1,2421,26,0,1009,1006,0,1583,0
881,3.56750,0.19040,2.61040,0.74060,0.02540,0,0,1,2421,26,0,1010,1007,0,1586,0
882,3.68240,0.21050,2.70820,0.74130,0.02170,0,0,1,2421,26,0,1010,1006,0,1587,0
883,5.03530,0.18620,4.05410,0.76930,0.02480,0,0,1,2421,26,0,1010,1006,0,1586,0
884,3.69680,0.22220,2.63690,0.81480,0.02210,0,0,1,2421,26,0,1010,1007,0,1582,0
885,3.55970,0.18680,2.57750,0.76810,0.02630,0,0,1,2421,26,0,1010,1006,0,1582,0
886,5.41170,1.82170,2.72500,0.83630,0.02770,0,0,1,2421,26,0,1010,1006,0,1581,0
887,4.19920,0.20810,3.17420,0.79040,0.02550,0,0,1,2421,26,0,1010,1006,0,1578,0
888,3.82010,0.20590,2.84190,0.72550,0.04560,0,0,1,2421,26,0,1010,1006,0,1578,0
889,3.76440,0.53520,2.42360,0.78130,0.02350,8,0,1,2422,26,0,1010,1005,0,1580,0
890,3.45040,0.21950,2.43790,0.75980,0.03240,0,0,1,2422,26,0,1010,1005,0,1578,0
891,3.92620,0.18920,2.89990,0.81310,0.02310,0,0,1,2422,26,0,1010,1006,0,1577,0
892,3.99060,0.21070,2.96530,0.79120,0.02270,0,0,1,2422,26,0,1010,1006,0,1576,0
893,3.45070,0.20800,2.41530,0.80520,0.02130,0,0,1,2422,26,0,1010,1006,0,1576,0
894,4.63540,0.22100,3.53790,0.85280,0.02300,0,0,1,2422,26,0,1010,1005,0,1575,0
895,4.31480,0.21380,3.31510,0.76260,0.02240,0,0,1,2422,26,0,1010,1006,0,1577,0
896,3.37960,0.20780,2.39830,0.75000,0.02270,0,0,1,2422,26,0,1010,1005,0,1579,0
897,4.83730,0.22770,3.68050,0.90460,0.02370,0,0,1,2422,26,0,1010,1005,0,1580,0
898,3.63150,0.18780,2.57700,0.83770,0.02810,0,0,1,2422,26,0,1010,1005,0,1578,0
899,3.80770,0.21680,2.65210,0.91730,0.02080,0,0,1,2422,26,0,1010,1005,0,1578,0
900,3.38670,0.18590,2.28450,0.88450,0.03110,0,0,1,2422,26,0,1011,1006,0,1578,0
901,5.10590,1.87090,2.44350,0.76340,0.02580,0,0,1,2422,26,0,1012,1008,0,1577,0
902,3.23800,0.18650,2.28850,0.73230,0.02990,0,0,1,2422,26,0,1013,1009,0,1577,0
903,3.23260,0.19290,2.21560,0.79860,0.02480,0,0,1,2422,26,0,1013,1009,0,1580,0
904,3.43280,0.47920,2.20190,0.72390,0.02710,8,0,1,2423,26,0,1014,1010,0,1577,0
905,3.25870,0.19990,2.29750,0.73580,0.02500,0,0,1,2423,26,0,1014,1010,0,1577,0
906,3.35310,0.19310,2.26330,0.86780,0.02810,0,0,1,2423,26,0,1014,1011,0,1577,0
907,3.35460,0.24630,2.27750,0.80190,0.02800,0,0,1,2423,27,0,1014,1011,0,1575,0
908,3.37920,0.22310,2.32000,0.80760,0.02770,0,0,1,2423,27,0,1015,1012,0,1580,0
909,4.05120,0.20060,2.26860,1.54310,0.03790,0,0,1,2423,27,0,1015,1012,0,1580,0
910,3.26130,0.19060,2.26940,0.76820,0.03220,0,0,1,2423,27,0,1015,1012,0,1576,0
911,3.23750,0.19830,2.20230,0.81050,0.02560,0,0,1,2423,27,0,1015,1012,0,1575,0
912,3.26170,0.20340,2.25080,0.77880,0.02790,0,0,1,2423,27,0,1015,1012,0,1575,0
913,3.19630,0.20910,2.15710,0.79530,0.03400,0,0,1,2423,27,0,1015,1011,0,1575,0
914,3.21170,0.22050,2.16870,0.79490,0.02660,0,0,1,2423,27,0,1015,1012,0,1575,0
915,3.14810,0.20360,2.15910,0.75540,0.02940,0,0,1,2423,27,0,1015,1012,0,1574,0
916,4.88880,1.85110,2.26000,0.74410,0.03280,0,0,1,2423,27,0,1015,1013,0,1577,0
917,3.19260,0.21360,2.18870,0.75880,0.03080,0,0,1,2423,27,0,1015,1013,0,1575,0
918,3.28990,0.19890,2.16660,0.89330,0.03030,0,0,1,2423,27,0,1015,1013,0,1575,0
919,3.42880,0.47520,2.12080,0.80110,0.03100,8,0,1,2424,27,0,1015,1013,0,1573,0
920,3.14550,0.19850,2.18550,0.73460,0.02610,0,0,1,2424,27,0,1015,1013,0,1573,0
921,3.20090,0.21650,2.14800,0.80390,0.03170,0,0,1,2424,27,0,1015,1013,0,1571,0
922,3.06740,0.18080,2.11650,0.73710,0.03230,0,0,1,2424,27,0,1015,1013,0,1569,0
923,3.09690,0.21550,2.10810,0.74360,0.02890,0,0,1,2424,27,0,1015,1013,0,1569,0
924,3.15340,0.21050,2.17370,0.73940,0.02890,0,0,1,2424,27,0,1015,1013,0,1569,0
925,3.09490,0.20000,2.12140,0.74270,0.02980,0,0,1,2424,27,0,1015,1013,0,1569,0
926,3.18500,0.20940,2.21290,0.73040,0.03150,0,0,1,2424,27,0,1016,1013,0,1569,0
927,3.31560,0.21790,2.25850,0.80520,0.03290,0,0,1,2424,27,0,1016,1014,0,1568,0
928,3.03780,0.19200,2.08810,0.72970,0.02720,0,0,1,2424,27,0,1016,1014,0,1563,0
929,3.04040,0.20920,2.07570,0.72160,0.03300,0,0,1,2424,27,0,1016,1015,0,1566,0
930,3.13410,0.21060,2.13860,0.75230,0.03160,0,0,1,2424,27,0,1016,1013,0,1566,0
931,5.41410,1.86370,2.64580,0.87950,0.02350,0,0,1,2424,27,0,1016,1013,0,1566,0
932,3.48630,0.21760,2.53080,0.71440,0.02290,0,0,1,2424,27,0,1017,1014,0,1563,0
933,3.68890,0.21610,2.66820,0.78260,0.02110,0,0,1,2424,27,0,1017,1014,0,1563,0
934,3.80500,0.47010,2.57300,0.74410,0.01700,8,0,1,2425,27,0,1017,1014,0,1563,0
935,3.52890,0.20600,2.55930,0.73170,0.03120,0,0,1,2425,27,0,1017,1014,0,1563,0
936,3.64870,0.18110,2.65010,0.79250,0.02390,0,0,1,2425,27,0,1017,1014,0,1566,0
937,3.63950,0.26000,2.59820,0.76140,0.01900,0,0,1,2425,27,0,1018,1015,0,1566,0
938,3.47180,0.18260,2.51590,0.74430,0.02820,0,0,1,2425,27,0,1018,1015,0,1566,0
939,3.43650,0.18030,2.47460,0.75870,0.02210,0,0,1,2425,27,0,1018,1015,0,1566,0
940,3.59970,0.18440,2.64760,0.74750,0.01950,0,0,1,2425,27,0,1018,1015,0,1566,0
941,3.56860,0.17890,2.57910,0.78800,0.02180,0,0,1,2425,27,0,1018,1015,0,1562,0
942,3.52410,0.17470,2.51950,0.79920,0.03000,0,0,1,2425,27,0,1018,1015,0,1564,0
943,5.01330,0.27280,3.96030,0.75980,0.01970,0,0,1,2425,27,0,1018,1015,0,1565,0
944,3.68200,0.17750,2.72900,0.75190,0.02270,0,0,1,2425,27,0,1018,1015,0,1559,0
945,3.54390,0.17540,2.55550,0.79150,0.02070,0,0,1,2425,27,0,1018,1015,0,1559,0
946,5.29120,1.81440,2.68950,0.76580,0.02090,0,0,1,2425,27,0,1018,1015,0,1560,0
947,3.50780,0.23170,2.49870,0.75760,0.01900,0,0,1,2425,27,0,1018,1015,0,1560,0
948,3.69810,0.21560,2.53620,0.92080,0.02450,0,0,1,2425,27,0,1018,1015,0,1560,0
949,3.78250,0.48290,2.52090,0.75820,0.01970,7,0,1,2426,27,0,1018,1016,0,1560,0
950,3.50910,0.22670,2.50220,0.74700,0.03220,0,0,1,2426,27,0,1018,1016,0,1556,0
951,3.56670,0.17700,2.52910,0.83750,0.02210,0,0,1,2426,27,0,1018,1016,0,1556,0
952,3.50570,0.17570,2.57240,0.73460,0.02220,0,0,1,2426,27,0,1019,1017,0,1554,0
953,3.40840,0.21540,2.31390,0.85170,0.02650,0,0,1,2426,27,0,1019,1017,0,1558,0
954,3.21500,0.21100,2.25640,0.72150,0.02550,0,0,1,2426,27,0,1019,1017,0,1559,0
955,3.35850,0.20820,2.37810,0.74420,0.02730,0,0,1,2426,27,0,1019,1017,0,1559,0
956,3.53560,0.19660,2.52410,0.79060,0.02340,0,0,1,2426,27,0,1019,1017,0,1559,0
957,3.60220,0.28660,2.47800,0.80780,0.02880,0,0,1,2426,27,0,1019,1017,0,1559,0
958,3.27650,0.19820,2.32240,0.73330,0.02190,0,0,1,2426,27,0,1019,1017,0,1559,0
959,3.41970,0.20340,2.40850,0.77370,0.03320,0,0,1,2426,27,0,1019,1017,0,1559,0
960,3.24700,0.20380,2.24430,0.77670,0.02150,0,0,1,2426,27,0,1019,1017,0,1559,0
961,5.32270,1.94310,2.44420,0.90740,0.02590,0,0,1,2426,27,0,1019,1017,0,1559,0
962,3.41510,0.21130,2.36950,0.80890,0.02450,0,0,1,2426,27,0,1019,1018,0,1559,0
963,3.26250,0.22140,2.26740,0.74330,0.02930,0,0,1,2426,27,0,1019,1018,0,1559,0
964,3.50940,0.50120,2.25560,0.72490,0.02680,7,0,1,2427,27,0,1019,1018,0,1559,0
965,3.24220,0.20190,2.19850,0.81130,0.02970,0,0,1,2427,27,0,1019,1018,0,1559,0
966,3.19450,0.22280,2.18990,0.75390,0.02710,0,0,1,2427,27,0,1020,1019,0,1559,0
967,3.29330,0.24260,2.26390,0.75510,0.03090,0,0,1,2427,28,0,1020,1019,0,1559,0
968,3.24820,0.20380,2.21630,0.79610,0.03110,0,0,1,2427,28,0,1020,1019,0,1559,0
969,3.15460,0.21020,2.19290,0.72360,0.02710,0,0,1,2427,28,0,1020,1019,0,1559,0
970,3.27750,0.20030,2.20760,0.84060,0.02820,0,0,1,2427,28,0,1020,1020,0,1560,0
971,3.23060,0.22210,2.21420,0.76780,0.02590,0,0,1,2427,28,0,1020,1020,0,1555,0
972,3.20280,0.22930,2.13860,0.80660,0.02730,0,0,1,2427,28,0,1020,1020,0,1555,0
973,3.33650,0.21860,2.28190,0.80590,0.02920,0,0,1,2427,28,0,1020,1020,0,1555,0
974,3.34470,0.23440,2.27190,0.81100,0.02680,0,0,1,2427,28,0,1020,1020,0,1555,0
975,3.35260,0.22720,2.23070,0.86570,0.02830,0,0,1,2427,28,0,1020,1020,0,1555,0
976,5.04470,1.96520,2.28130,0.76780,0.02960,0,0,1,2427,28,0,1021,1021,0,1555,0
977,3.09660,0.21820,2.11330,0.73810,0.02610,0,0,1,2427,28,0,1021,1021,0,1555,0
978,3.23010,0.20270,2.25290,0.74800,0.02590,0,0,1,2427,28,0,1021,1021,0,1555,0
979,3.44200,0.45830,2.19550,0.75960,0.02780,5,0,1,2428,28,0,1021,1021,0,1555,0
980,3.28980,0.21810,2.18520,0.85680,0.02900,0,0,1,2428,28,0,1021,1021,0,1555,0
981,3.03720,0.22770,2.03250,0.74810,0.02800,0,0,1,2428,28,0,1021,1021,0,1555,0
982,3.26260,0.22630,2.20590,0.80200,0.02770,0,0,1,2428,28,0,1021,1021,0,1555,0
983,3.20590,0.20940,2.18120,0.77440,0.03970,0,0,1,2428,28,0,1021,1021,0,1555,0
984,3.16650,0.20170,2.17590,0.76160,0.02650,0,0,1,2428,28,0,1021,1021,0,1555,0
985,3.06350,0.20510,2.08570,0.74410,0.02780,0,0,1,2428,28,0,1021,1021,0,1555,0
986,3.13010,0.23190,2.09300,0.77670,0.02730,0,0,1,2428,28,0,1021,1021,0,1555,0
987,3.15660,0.22340,2.10540,0.79800,0.02900,0,0,1,2428,28,0,1021,1021,0,1555,0
988,3.11550,0.20960,2.09320,0.78440,0.02740,0,0,1,2428,28,0,1021,1021,0,1555,0
989,3.08190,0.22960,2.07660,0.74520,0.02980,0,0,1,2428,28,0,1021,1021,0,1555,0
990,3.24430,0.22420,2.19570,0.79600,0.02750,0,0,1,2428,28,0,1021,1021,0,1555,0
991,6.88990,1.94390,3.96150,0.95880,0.02470,0,0,1,2428,28,0,1021,1021,0,1556,0
992,6.14070,0.16990,5.05600,0.88970,0.02440,0,0,1,2428,28,0,1021,1021,0,1556,0
993,5.78260,0.16790,4.82400,0.77050,0.01940,0,0,1,2428,28,0,1021,1021,0,1556,0
994,4.94880,0.47650,3.63660,0.81640,0.01830,5,0,1,2429,28,0,1021,1021,0,1556,0
995,4.62800,0.16990,3.64140,0.79730,0.01830,0,0,1,2429,28,0,1021,1021,0,1556,0
996,4.91560,0.17930,3.95270,0.75480,0.02770,0,0,1,2429,28,0,1021,1021,0,1556,0
997,4.28780,0.20790,3.29370,0.76690,0.01850,0,0,1,2429,28,0,1021,1021,0,1556,0
998,4.90330,0.20130,3.82160,0.85770,0.02190,0,0,1,2429,28,0,1021,1021,0,1556,0
999,3.51550,0.17640,2.57870,0.73820,0.02130,0,0,1,2429,28,0,1021,1021,0,1556,0
1000,3.49320,0.17100,2.56920,0.72900,0.02330,0,0,1,2429,28,0,1021,1021,0,1556,0
1001,3.78150,0.20530,2.70810,0.84280,0.02450,0,0,1,2429,28,0,1021,1021,0,1556,0
1002,3.90580,0.20030,2.88290,0.79550,0.02630,0,0,1,2429,28,0,1021,1021,0,1556,0
1003,3.47770,0.20610,2.52720,0.72470,0.01890,0,0,1,2429,28,0,1021,1021,0,1556,0
1004,3.69370,0.20900,2.65570,0.78930,0.03880,0,0,1,2429,28,0,1021,1021,0,1556,0
1005,4.96960,0.19010,4.00430,0.75570,0.01880,0,0,1,2429,28,0,1021,1021,0,1556,0
1006,5.21000,1.82990,2.61250,0.74810,0.01860,0,0,1,2429,28,0,1021,1021,0,1556,0
1007,3.54010,0.20160,2.51450,0.80260,0.02070,0,0,1,2429,28,0,1021,1021,0,1556,0
1008,4.98650,0.18710,3.96840,0.81030,0.01980,0,0,1,2429,28,0,1021,1021,0,1556,0
1009,3.47980,0.19420,2.50070,0.76690,0.01720,0,0,1,2429,28,0,1021,1021,0,1556,0
1010,3.66960,0.22640,2.64990,0.77180,0.02060,0,0,1,2429,28,0,1021,1021,0,1556,0
1011,4.96220,0.19790,3.94340,0.80040,0.01960,0,0,1,2429,28,0,1021,1021,0,1554,0
1012,3.68480,0.17300,2.69920,0.79430,0.01780,0,0,1,2429,28,0,1021,1021,0,1554,0
1013,5.00030,0.17270,3.98290,0.82300,0.02080,0,0,1,2429,28,0,1021,1021,0,1554,0
1014,3.83680,0.17240,2.81760,0.82680,0.01930,0,0,1,2429,28,0,1021,1021,0,1554,0
1015,3.75640,0.21160,2.69280,0.81540,0.03570,0,0,1,2429,28,0,1021,1021,0,1554,0
1016,3.57550,0.19500,2.59540,0.75610,0.02800,0,0,1,2429,28,0,1021,1021,0,1554,0
1017,3.54330,0.25420,2.48420,0.77290,0.03090,0,0,1,2429,28,0,1021,1021,0,1554,0
1018,3.49050,0.20790,2.49590,0.76590,0.01990,0,0,1,2429,28,0,1021,1021,0,1554,0
1019,3.53650,0.23740,2.51790,0.76340,0.01690,0,0,1,2429,28,0,1022,1022,0,1554,0
1020,3.44870,0.23590,2.44240,0.74510,0.02440,0,0,1,2429,28,0,1022,1022,0,1554,0
1021,5.05700,1.85100,2.43330,0.74580,0.02470,0,0,1,2429,28,0,1022,1022,0,1554,0
1022,3.69750,0.19580,2.56500,0.90680,0.02910,0,0,1,2429,28,0,1022,1022,0,1554,0
1023,3.71380,0.20210,2.55240,0.92290,0.03560,0,0,1,2429,28,0,1022,1022,0,1554,0
1024,3.50660,0.20890,2.51110,0.75460,0.03110,0,0,1,2429,28,0,1022,1022,0,1554,0
1025,3.30470,0.20090,2.33180,0.74330,0.02780,0,0,1,2429,28,0,1022,1022,0,1554,0
1026,3.47620,0.20160,2.50840,0.73540,0.02990,0,0,1,2429,28,0,1022,1022,0,1554,0
1027,3.43270,0.24330,2.30280,0.85130,0.03450,0,0,1,2429,29,0,1022,1022,0,1554,0
1028,3.27050,0.19860,2.30100,0.73910,0.03090,0,0,1,2429,29,0,1022,1022,0,1554,0
1029,3.32040,0.20060,2.30080,0.78990,0.02820,0,0,1,2429,29,0,1022,1022,0,1554,0
1030,3.22420,0.20260,2.28070,0.71440,0.02570,0,0,1,2429,29,0,1022,1022,0,1554,0
1031,3.31010,0.18920,2.36320,0.73070,0.02620,0,0,1,2429,29,0,1022,1022,0,1554,0
1032,3.46860,0.20020,2.34170,0.89280,0.03320,0,0,1,2429,29,0,1022,1022,0,1554,0
1033,3.36450,0.20730,2.40910,0.72120,0.02610,0,0,1,2429,29,0,1022,1022,0,1554,0
1034,3.28520,0.22170,2.21560,0.81870,0.02820,0,0,1,2429,29,0,1022,1022,0,1554,0
1035,3.41440,0.22530,2.40640,0.75920,0.02290,0,0,1,2429,29,0,1022,1022,0,1554,0
1036,4.90020,1.83870,2.28510,0.74730,0.02840,0,0,1,2429,29,0,1022,1022,0,1554,0
1037,3.18550,0.22330,2.19790,0.74100,0.02250,0,0,1,2429,29,0,1022,1022,0,1554,0
1038,3.29670,0.22680,2.19460,0.77130,0.10320,0,0,1,2429,29,0,1022,1022,0,1554,0
1039,3.22100,0.22570,2.23460,0.73410,0.02580,0,0,1,2429,29,0,1022,1022,0,1554,0
1040,3.25850,0.21960,2.26560,0.75210,0.02040,0,0,1,2429,29,0,1022,1022,0,1554,0
1041,3.46230,0.23760,2.30270,0.89550,0.02550,0,0,1,2429,29,0,1022,1022,0,1554,0
1042,3.33740,0.19310,2.30490,0.81070,0.02780,0,0,1,2429,29,0,1022,1022,0,1554,0
1043,3.52530,0.23440,2.31650,0.91100,0.06240,0,0,1,2429,29,0,1022,1022,0,1554,0
1044,3.40390,0.22480,2.23820,0.91330,0.02680,0,0,1,2429,29,0,1022,1022,0,1554,0
1045,3.41040,0.23210,2.27370,0.87610,0.02760,0,0,1,2429,29,0,1022,1022,0,1555,0
1046,3.30890,0.21430,2.30750,0.76320,0.02320,0,0,1,2429,29,0,1022,1022,0,1555,0
1047,3.28490,0.23820,2.28790,0.73600,0.02200,0,0,1,2429,29,0,1022,1022,0,1555,0
1048,3.47700,0.18500,2.27570,0.90750,0.10800,0,0,1,2429,29,0,1022,1022,0,1555,0
1049,3.36300,0.21620,2.20970,0.90910,0.02710,0,0,1,2429,29,0,1022,1022,0,1555,0
1050,3.25730,0.21330,2.19490,0.81950,0.02890,0,0,1,2429,29,0,1022,1022,0,1555,0
1051,6.86550,1.97020,4.06240,0.81560,0.01560,0,0,1,2429,29,0,1022,1022,0,1555,0
1052,4.95610,0.17210,3.90670,0.84870,0.02770,0,0,1,2429,29,0,1022,1022,0,1555,0
1053,4.78180,0.15820,3.78580,0.82080,0.01600,0,0,1,2429,29,0,1022,1022,0,1555,0
1054,4.70910,0.29520,3.59720,0.80050,0.01540,0,0,1,2429,29,0,1022,1022,0,1555,0
1055,4.91980,0.15840,3.92070,0.82070,0.01900,0,0,1,2429,29,0,1022,1022,0,1555,0
1056,4.49030,0.17530,3.50440,0.78940,0.02030,0,0,1,2429,29,0,1022,1022,0,1555,0
1057,4.04390,0.19050,3.02070,0.81160,0.02010,0,0,1,2429,29,0,1022,1022,0,1555,0
1058,4.03170,0.17650,3.04580,0.79310,0.01560,0,0,1,2429,29,0,1022,1022,0,1555,0
1059,4.40530,0.17390,3.41450,0.79940,0.01670,0,0,1,2429,29,0,1022,1022,0,1557,0
1060,4.41970,0.18100,3.37500,0.82960,0.03320,0,0,1,2429,29,0,1022,1022,0,1557,0
1061,4.30640,0.16290,3.34320,0.78260,0.01700,0,0,1,2429,29,0,1022,1022,0,1557,0
1062,3.93910,0.18360,2.92450,0.81230,0.01780,0,0,1,2429,29,0,1022,1022,0,1557,0
1063,4.88180,0.18620,3.87520,0.80150,0.01800,0,0,1,2429,29,0,1022,1022,0,1557,0
1064,3.82980,0.16860,2.82050,0.82180,0.01800,0,0,1,2429,29,0,1022,1022,0,1557,0
1065,3.77810,0.17660,2.80350,0.77920,0.01810,0,0,1,2429,29,0,1022,1022,0,1557,0
1066,5.61370,1.81130,3.01250,0.76480,0.02420,0,0,1,2429,29,0,1022,1022,0,1557,0
1067,3.88650,0.18140,2.91020,0.77590,0.01830,0,0,1,2429,29,0,1022,1022,0,1557,0
1068,3.56760,0.17640,2.58880,0.77560,0.02620,0,0,1,2429,29,0,1022,1022,0,1557,0
1069,3.85880,0.19430,2.84150,0.80290,0.01930,0,0,1,2429,29,0,1022,1022,0,1557,0
1070,3.57780,0.16470,2.65700,0.73700,0.01840,0,0,1,2429,29,0,1022,1022,0,1557,0
1071,5.00950,0.18210,4.01120,0.79380,0.02160,0,0,1,2429,29,0,1022,1022,0,1557,0
1072,3.53350,0.21520,2.56780,0.72890,0.02080,0,0,1,2429,29,0,1022,1022,0,1557,0
1073,3.80720,0.17970,2.71840,0.88230,0.02590,0,0,1,2429,29,0,1022,1022,0,1559,0
1074,3.61540,0.21670,2.62420,0.75490,0.01900,0,0,1,2429,29,0,1022,1022,0,1559,0
1075,3.48420,0.18420,2.56780,0.70920,0.02220,0,0,1,2429,29,0,1022,1022,0,1559,0
1076,3.48840,0.16650,2.54580,0.75740,0.01790,0,0,1,2429,29,0,1022,1022,0,1559,0
1077,3.44100,0.19450,2.47620,0.74960,0.01990,0,0,1,2429,29,0,1022,1022,0,1559,0
1078,3.49970,0.20590,2.48140,0.79480,0.01680,0,0,1,2429,29,0,1022,1022,0,1559,0
1079,5.02030,0.17210,4.05100,0.77020,0.02640,0,0,1,2429,29,0,1022,1022,0,1559,0
1080,4.99590,0.18750,3.96190,0.81920,0.02650,0,0,1,2429,29,0,1022,1022,0,1559,0
1081,5.38180,1.86110,2.61430,0.87930,0.02530,0,0,1,2429,29,0,1022,1022,0,1559,0
1082,3.55310,0.23890,2.52390,0.76900,0.02060,0,0,1,2429,29,0,1022,1022,0,1559,0
1083,3.39320,0.17300,2.43410,0.75680,0.02840,0,0,1,2429,29,0,1022,1022,0,1559,0
1084,3.47220,0.22130,2.45680,0.76300,0.03020,0,0,1,2429,29,0,1022,1022,0,1559,0
1085,3.45810,0.21750,2.47170,0.74500,0.02310,0,0,1,2429,29,0,1022,1022,0,1559,0
1086,3.57160,0.21630,2.51010,0.78670,0.05760,0,0,1,2429,29,0,1022,1022,0,1559,0
1087,3.62590,0.29090,2.49660,0.80740,0.03010,0,0,1,2429,30,0,1022,1022,0,1562,0
1088,3.40300,0.20390,2.42510,0.74930,0.02410,0,0,1,2429,30,0,1022,1022,0,1562,0
1089,3.32360,0.21480,2.35780,0.72400,0.02620,0,0,1,2429,30,0,1022,1022,0,1562,0
1090,3.32770,0.22500,2.33060,0.74290,0.02840,0,0,1,2429,30,0,1022,1022,0,1562,0
1091,3.38280,0.23360,2.32200,0.79900,0.02740,0,0,1,2429,30,0,1022,1022,0,1562,0
1092,3.35700,0.21890,2.31420,0.79710,0.02620,0,0,1,2429,30,0,1022,1022,0,1562,0
1093,3.35920,0.22990,2.32660,0.77540,0.02650,0,0,1,2429,30,0,1022,1022,0,1562,0
1094,3.40030,0.20870,2.36190,0.80390,0.02500,0,0,1,2429,30,0,1022,1022,0,1562,0
1095,3.41550,0.22100,2.35000,0.81860,0.02530,0,0,1,2429,30,0,1022,1022,0,1562,0
1096,5.02670,1.82550,2.40510,0.76640,0.02900,0,0,1,2429,30,0,1022,1022,0,1562,0
1097,3.17680,0.19930,2.22170,0.72940,0.02540,0,0,1,2429,30,0,1022,1022,0,1562,0
1098,3.38750,0.21130,2.34710,0.79620,0.03220,0,0,1,2429,30,0,1022,1022,0,1562,0
1099,3.45480,0.23520,2.30210,0.88650,0.03020,0,0,1,2429,30,0,1022,1022,0,1562,0
1100,3.31170,0.22710,2.26860,0.78780,0.02750,0,0,1,2429,30,0,1022,1022,0,1562,0
1101,3.37170,0.19120,2.31850,0.82890,0.03210,0,0,1,2429,30,0,1022,1022,0,1560,0
1102,3.40150,0.22910,2.34340,0.80240,0.02560,0,0,1,2429,30,0,1022,1022,0,1560,0
1103,3.42600,0.22980,2.31570,0.84520,0.03450,0,0,1,2429,30,0,1022,1022,0,1560,0
1104,3.23980,0.24000,2.18300,0.78910,0.02690,0,0,1,2429,30,0,1022,1022,0,1560,0
1105,3.25050,0.20600,2.26120,0.75300,0.02950,0,0,1,2429,30,0,1022,1022,0,1560,0
1106,3.30740,0.22670,2.29670,0.75680,0.02630,0,0,1,2429,30,0,1022,1022,0,1560,0
1107,3.30900,0.23570,2.24920,0.77910,0.04420,0,0,1,2429,30,0,1022,1022,0,1560,0
1108,3.28560,0.22660,2.24260,0.78670,0.02880,0,0,1,2429,30,0,1022,1022,0,1560,0
1109,3.46620,0.22190,2.33420,0.88070,0.02850,0,0,1,2429,30,0,1022,1022,0,1560,0
1110,3.31320,0.22840,2.27440,0.78300,0.02680,0,0,1,2429,30,0,1022,1022,0,1560,0
1111,6.87740,1.89230,4.14100,0.82400,0.01890,0,0,1,2429,30,0,1022,1022,0,1560,0
1112,5.10800,0.17370,4.01670,0.88260,0.03410,0,0,1,2429,30,0,1022,1022,0,1560,0
1113,5.65480,0.17300,4.64930,0.81240,0.01930,0,0,1,2429,30,0,1022,1022,0,1560,0
1114,4.92400,0.15690,3.94910,0.80260,0.01470,0,0,1,2429,30,0,1022,1022,0,1560,0
1115,5.02330,0.15570,3.88700,0.95630,0.02360,0,0,1,2429,30,0,1022,1022,0,1560,0
1116,4.52110,0.31280,3.43330,0.75840,0.01570,0,0,1,2429,30,0,1022,1022,0,1560,0
1117,4.56740,0.17220,3.56510,0.81180,0.01730,0,0,1,2429,30,0,1022,1022,0,1560,0
1118,3.94420,0.18940,2.95270,0.78340,0.01770,0,0,1,2429,30,0,1022,1022,0,1560,0
1119,4.43310,0.17810,3.44990,0.78590,0.01850,0,0,1,2429,30,0,1022,1022,0,1559,0
1120,3.58290,0.17610,2.66140,0.72080,0.02380,0,0,1,2429,30,0,1022,1022,0,1559,0
1121,3.96250,0.18050,2.97480,0.78840,0.01800,0,0,1,2429,30,0,1022,1022,0,1559,0
1122,3.78080,0.17470,2.77760,0.77150,0.05610,0,0,1,2429,30,0,1022,1022,0,1559,0
1123,3.60490,0.21500,2.59580,0.77150,0.02190,0,0,1,2429,30,0,1022,1022,0,1559,0
1124,4.05200,0.17440,3.00260,0.84900,0.02520,0,0,1,2429,30,0,1022,1022,0,1559,0
1125,3.57070,0.17960,2.61000,0.75960,0.02070,0,0,1,2429,30,0,1022,1022,0,1559,0
1126,5.28830,1.78760,2.66540,0.80760,0.02680,0,0,1,2429,30,0,1022,1022,0,1559,0
1127,3.65510,0.17100,2.74250,0.72000,0.02080,0,0,1,2429,30,0,1022,1022,0,1559,0
1128,3.58090,0.17940,2.55940,0.81470,0.02660,0,0,1,2429,30,0,1022,1022,0,1559,0
1129,3.62170,0.17210,2.66420,0.76150,0.02330,0,0,1,2429,30,0,1022,1022,0,1559,0
1130,4.65220,0.17980,3.62020,0.83020,0.02130,0,0,1,2429,30,0,1022,1022,0,1559,0
1131,3.43490,0.17100,2.50820,0.73670,0.01820,0,0,1,2429,30,0,1022,1022,0,1559,0
1132,3.55170,0.26440,2.55150,0.71930,0.01580,0,0,1,2429,30,0,1022,1022,0,1559,0
1133,3.55970,0.20180,2.58400,0.74990,0.02330,0,0,1,2429,30,0,1022,1022,0,1556,0
1134,3.60900,0.19380,2.61950,0.77100,0.02380,0,0,1,2429,30,0,1022,1022,0,1556,0
1135,3.53730,0.24440,2.55430,0.71980,0.01800,0,0,1,2429,30,0,1022,1022,0,1555,0
1136,3.58690,0.21130,2.61530,0.74050,0.01890,0,0,1,2429,30,0,1022,1022,0,1555,0
1137,4.96710,0.19860,3.99320,0.75460,0.01990,0,0,1,2429,30,0,1022,1022,0,1555,0
1138,3.53600,0.19780,2.55230,0.76440,0.02080,0,0,1,2429,30,0,1022,1022,0,1555,0
1139,4.20500,0.21250,3.12580,0.83550,0.03030,0,0,1,2429,30,0,1022,1022,0,1555,0
1140,3.63020,0.17990,2.63630,0.79730,0.01590,0,0,1,2429,30,0,1022,1022,0,1555,0
1141,5.22360,1.86120,2.56010,0.77860,0.02280,0,0,1,2429,30,0,1022,1022,0,1555,0
1142,3.49240,0.21790,2.41190,0.83060,0.03120,0,0,1,2429,30,0,1022,1022,0,1555,0
1143,3.42220,0.22030,2.45050,0.72830,0.02230,0,0,1,2429,30,0,1022,1022,0,1555,0
1144,3.43340,0.21880,2.44250,0.74440,0.02700,0,0,1,2429,30,0,1022,1022,0,1555,0
1145,3.41260,0.22290,2.40650,0.75850,0.02390,0,0,1,2429,30,0,1022,1022,0,1555,0
1146,3.38400,0.21770,2.37620,0.76440,0.02490,0,0,1,2429,30,0,1022,1022,0,1555,0
1147,3.52870,0.27410,2.45560,0.77560,0.02250,0,0,1,2429,31,0,1022,1022,0,1555,0
1148,3.46560,0.21210,2.49220,0.73560,0.02470,0,0,1,2429,31,0,1022,1022,0,1555,0
1149,3.41330,0.22270,2.42900,0.73790,0.02280,0,0,1,2429,31,0,1022,1022,0,1555,0
1150,3.35030,0.22510,2.34080,0.75750,0.02600,0,0,1,2429,31,0,1022,1022,0,1555,0
1151,3.39590,0.20760,2.38170,0.78220,0.02360,0,0,1,2429,31,0,1023,1023,0,1555,0
1152,3.44160,0.20640,2.42820,0.78020,0.02580,0,0,1,2429,31,0,1023,1023,0,1555,0
1153,3.49050,0.20820,2.37800,0.86850,0.03490,0,0,1,2429,31,0,1023,1023,0,1555,0
1154,3.29230,0.22680,2.28340,0.75520,0.02630,0,0,1,2429,31,0,1023,1023,0,1555,0
1155,3.35770,0.19680,2.34500,0.78740,0.02760,0,0,1,2429,31,0,1023,1023,0,1555,0
1156,4.88530,1.81560,2.31150,0.73330,0.02380,0,0,1,2429,31,0,1023,1023,0,1555,0
1157,3.27880,0.21330,2.30710,0.73650,0.02110,0,0,1,2429,31,0,1023,1023,0,1555,0
1158,3.35410,0.18960,2.33610,0.79040,0.03700,0,0,1,2429,31,0,1023,1023,0,1555,0
1159,3.39470,0.20140,2.38920,0.77180,0.03090,0,0,1,2429,31,0,1023,1023,0,1555,0
1160,3.55070,0.19430,2.50550,0.82270,0.02700,0,0,1,2429,31,0,1023,1023,0,1555,0
1161,3.29660,0.21860,2.21820,0.83200,0.02630,0,0,1,2429,31,0,1023,1023,0,1555,0
1162,3.24410,0.18540,2.19660,0.83640,0.02490,0,0,1,2429,31,0,1023,1023,0,1555,0
1163,4.55080,0.18630,3.50480,0.83010,0.02860,0,0,1,2429,31,0,1023,1023,0,1555,0
1164,4.26760,0.20130,3.26840,0.76780,0.02920,0,0,1,2429,31,0,1023,1023,0,1555,0
1165,3.61170,0.20760,2.56020,0.82100,0.02210,0,0,1,2429,31,0,1023,1023,0,1555,0
1166,3.26900,0.20710,2.30400,0.73240,0.02470,0,0,1,2429,31,0,1023,1023,0,1555,0
1167,3.09110,0.18460,2.15580,0.72560,0.02430,0,0,1,2429,31,0,1023,1023,0,1555,0
1168,3.13700,0.18440,2.18480,0.74420,0.02270,0,0,1,2429,31,0,1023,1023,0,1555,0
1169,3.16610,0.20810,2.18810,0.74760,0.02140,0,0,1,2429,31,0,1023,1023,0,1555,0
1170,3.73200,0.21570,2.73100,0.76000,0.02460,0,0,1,2429,31,0,1023,1023,0,1555,0
1171,6.45840,1.91050,3.70270,0.82160,0.02180,0,0,1,2429,31,0,1023,1023,0,1555,0
1172,4.51300,0.16660,3.52860,0.79900,0.01800,0,0,1,2429,31,0,1023,1023,0,1555,0
1173,6.38840,0.16550,5.36790,0.83550,0.01890,0,0,1,2429,31,0,1023,1023,0,1555,0
1174,5.40790,0.18000,4.28090,0.93070,0.01550,0,0,1,2429,31,0,1023,1023,0,1555,0
1175,5.29530,0.16230,4.28380,0.81980,0.02840,0,0,1,2429,31,0,1023,1023,0,1555,0
1176,4.35340,0.17520,3.34970,0.81250,0.01530,0,0,1,2429,31,0,1023,1023,0,1555,0
1177,4.50410,0.17460,3.51280,0.79860,0.01730,0,0,1,2429,31,0,1023,1023,0,1555,0
1178,4.21000,0.17270,3.07270,0.93910,0.02460,0,0,1,2429,31,0,1023,1023,0,1555,0
1179,4.27960,0.19270,3.30050,0.76870,0.01680,0,0,1,2429,31,0,1023,1023,0,1555,0
1180,4.49760,0.17610,3.53790,0.76510,0.01780,0,0,1,2429,31,0,1023,1023,0,1555,0
1181,4.26720,0.17520,3.29590,0.77860,0.01670,0,0,1,2429,31,0,1023,1023,0,1555,0
1182,4.07720,0.25360,2.97190,0.83310,0.01760,0,0,1,2429,31,0,1023,1023,0,1555,0
1183,4.08650,0.22030,3.04830,0.79430,0.02280,0,0,1,2429,31,0,1023,1023,0,1555,0
1184,4.13810,0.17590,3.07730,0.86740,0.01690,0,0,1,2429,31,0,1023,1023,0,1555,0
1185,3.89100,0.17900,2.90330,0.79170,0.01620,0,0,1,2429,31,0,1023,1023,0,1555,0
1186,5.57040,1.82630,2.98010,0.74810,0.01550,0,0,1,2429,31,0,1023,1023,0,1555,0
1187,4.28880,0.17600,2.92840,1.15730,0.02650,0,0,1,2429,31,0,1023,1023,0,1555,0
1188,3.58070,0.19520,2.61740,0.75010,0.01750,0,0,1,2429,31,0,1023,1023,0,1555,0
1189,3.72100,0.24090,2.71790,0.74470,0.01670,0,0,1,2429,31,0,1023,1023,0,1555,0
1190,3.90960,0.19580,2.94790,0.74400,0.02110,0,0,1,2429,31,0,1023,1023,0,1555,0
1191,3.57940,0.18290,2.61460,0.75710,0.02400,0,0,1,2429,31,0,1023,1023,0,1555,0
1192,3.80550,0.18060,2.83800,0.76820,0.01790,0,0,1,2429,31,0,1023,1023,0,1555,0
1193,3.84960,0.18600,2.87630,0.76560,0.02090,0,0,1,2429,31,0,1023,1023,0,1555,0
1194,3.52580,0.18640,2.55890,0.75980,0.02010,0,0,1,2429,31,0,1023,1023,0,1555,0
1195,3.60690,0.19100,2.55350,0.84400,0.01750,0,0,1,2429,31,0,1023,1023,0,1555,0
1196,4.63340,0.19790,3.55840,0.85890,0.01750,0,0,1,2429,31,0,1023,1023,0,1555,0
1197,3.47410,0.19380,2.51550,0.74460,0.01970,0,0,1,2429,31,0,1023,1023,0,1555,0
1198,3.45310,0.18420,2.50700,0.74030,0.02080,0,0,1,2429,31,0,1023,1023,0,1555,0
1199,3.54510,0.17310,2.56870,0.76820,0.03430,0,0,1,2429,31,0,1023,1023,0,1555,0
1200,3.48130,0.20460,2.50290,0.75040,0.02250,0,0,1,2429,31,0,1023,1023,0,1555,0
1201,5.31420,1.87930,2.59000,0.82360,0.01910,0,0,1,2429,31,0,1023,1023,0,1555,0
1202,3.62150,0.18870,2.59220,0.81590,0.02390,0,0,1,2429,31,0,1023,1023,0,1555,0
1203,3.65090,0.16880,2.69220,0.76900,0.02000,0,0,1,2429,31,0,1023,1023,0,1555,0
1204,3.58790,0.19090,2.61830,0.75820,0.01970,0,0,1,2429,31,0,1023,1023,0,1555,0
1205,3.48130,0.18970,2.50360,0.75600,0.03090,0,0,1,2429,31,0,1023,1023,0,1555,0
1206,3.75130,0.20600,2.75090,0.77020,0.02360,0,0,1,2429,31,0,1023,1023,0,1555,0
1207,3.56430,0.22590,2.54020,0.76910,0.02810,0,0,1,2429,32,0,1023,1023,0,1555,0
1208,3.45040,0.17870,2.51240,0.73100,0.02770,0,0,1,2429,32,0,1023,1023,0,1555,0
1209,4.88430,0.19300,3.89430,0.76830,0.02800,0,0,1,2429,32,0,1023,1023,0,1555,0
1210,3.40350,0.19340,2.46440,0.72190,0.02300,0,0,1,2429,32,0,1023,1023,0,1555,0
1211,4.68210,0.20340,3.65750,0.79710,0.02340,0,0,1,2429,32,0,1023,1023,0,1555,0
1212,4.24380,0.20820,3.02310,0.98340,0.02810,0,0,1,2429,32,0,1023,1023,0,1555,0
1213,4.67060,0.19760,3.54430,0.90230,0.02550,0,0,1,2429,32,0,1023,1023,0,1555,0
1214,3.39790,0.19890,2.35690,0.81630,0.02500,0,0,1,2429,32,0,1023,1023,0,1555,0
1215,3.99160,0.20140,3.00670,0.75660,0.02610,0,0,1,2429,32,0,1023,1023,0,1555,0
1216,4.98420,1.81870,2.32600,0.81110,0.02760,0,0,1,2429,32,0,1023,1023,0,1555,0
1217,3.33770,0.19660,2.37280,0.74680,0.02070,0,0,1,2429,32,0,1023,1023,0,1555,0
1218,3.22850,0.18810,2.27690,0.73780,0.02470,0,0,1,2429,32,0,1023,1023,0,1555,0
1219,3.34210,0.19130,2.37310,0.74440,0.03240,0,0,1,2429,32,0,1023,1023,0,1555,0
1220,3.49100,0.20340,2.51500,0.74650,0.02540,0,0,1,2429,32,0,1023,1023,0,1555,0
1221,4.51310,0.20890,3.50100,0.77580,0.02660,0,0,1,2429,32,0,1023,1023,0,1555,0
1222,3.40060,0.21610,2.42900,0.73210,0.02270,0,0,1,2429,32,0,1023,1023,0,1555,0
1223,3.38060,0.20840,2.32760,0.81930,0.02430,0,0,1,2429,32,0,1023,1023,0,1555,0
1224,3.29680,0.21090,2.29270,0.76920,0.02340,0,0,1,2429,32,0,1023,1023,0,1555,0
1225,3.29510,0.19040,2.29530,0.78440,0.02420,0,0,1,2429,32,0,1023,1023,0,1555,0
1226,3.26690,0.17890,2.27690,0.78070,0.02980,0,0,1,2429,32,0,1023,1023,0,1555,0
1227,3.22220,0.20550,2.21950,0.75210,0.04400,0,0,1,2429,32,0,1023,1023,0,1555,0
1228,3.40270,0.22310,2.41850,0.73780,0.02260,0,0,1,2429,32,0,1023,1023,0,1555,0
1229,3.25860,0.20970,2.28900,0.73420,0.02490,0,0,1,2429,32,0,1023,1023,0,1555,0
1230,3.18820,0.18000,2.22480,0.75860,0.02400,0,0,1,2429,32,0,1023,1023,0,1555,0
1231,4.86010,1.83110,2.22730,0.75700,0.04260,0,0,1,2429,32,0,1023,1023,0,1555,0
1232,3.19660,0.21610,2.19750,0.74870,0.03350,0,0,1,2429,32,0,1023,1023,0,1555,0
1233,3.31300,0.19930,2.29150,0.79310,0.02800,0,0,1,2429,32,0,1023,1023,0,1555,0
1234,3.23920,0.21310,2.22430,0.77350,0.02750,0,0,1,2429,32,0,1023,1023,0,1555,0
1235,3.11560,0.19950,2.18220,0.70730,0.02600,0,0,1,2429,32,0,1023,1023,0,1555,0
1236,3.20850,0.21340,2.25060,0.71650,0.02740,0,0,1,2429,32,0,1023,1023,0,1555,0
1237,3.07620,0.19200,2.14710,0.70860,0.02760,0,0,1,2429,32,0,1023,1023,0,1555,0
1238,3.17940,0.20890,2.15780,0.77060,0.04120,0,0,1,2429,32,0,1023,1023,0,1555,0
1239,3.17200,0.21890,2.20510,0.72210,0.02510,0,0,1,2429,32,0,1023,1023,0,1555,0
1240,3.18680,0.21070,2.17770,0.76990,0.02770,0,0,1,2429,32,0,1023,1023,0,1555,0
1241,3.14960,0.19330,2.16790,0.76290,0.02470,0,0,1,2429,32,0,1023,1023,0,1555,0
1242,3.09640,0.18160,2.17640,0.71570,0.02210,0,0,1,2429,32,0,1023,1023,0,1555,0
1243,3.00840,0.19540,2.09990,0.68950,0.02280,0,0,1,2429,32,0,1023,1023,0,1555,0
1244,3.14500,0.21420,2.15920,0.74260,0.02820,0,0,1,2429,32,0,1023,1023,0,1555,0
1245,3.18350,0.20680,2.15010,0.78650,0.03930,0,0,1,2429,32,0,1023,1023,0,1555,0
1246,4.86260,1.80660,2.23570,0.77140,0.04810,0,0,1,2429,32,0,1023,1023,0,1555,0
1247,3.08550,0.20010,2.10890,0.74640,0.02930,0,0,1,2429,32,0,1023,1023,0,1555,0
1248,3.16830,0.21700,2.14290,0.76890,0.03890,0,0,1,2429,32,0,1023,1023,0,1555,0
1249,3.12280,0.21550,2.10460,0.77650,0.02540,0,0,1,2429,32,0,1023,1023,0,1555,0
1250,3.15220,0.21130,2.13750,0.77540,0.02700,0,0,1,2429,32,0,1023,1023,0,1555,0
1251,3.22650,0.22180,2.18260,0.78010,0.04120,0,0,1,2429,32,0,1023,1023,0,1555,0
1252,3.22340,0.20520,2.17450,0.81480,0.02820,0,0,1,2429,32,0,1023,1023,0,1555,0
1253,3.15280,0.22030,2.16060,0.74230,0.02890,0,0,1,2429,32,0,1023,1023,0,1555,0
1254,3.21580,0.20290,2.17610,0.80240,0.03360,0,0,1,2429,32,0,1023,1023,0,1555,0
1255,3.22870,0.21580,2.23150,0.74500,0.03560,0,0,1,2429,32,0,1023,1023,0,1555,0
1256,3.09750,0.22020,2.07810,0.76490,0.03330,0,0,1,2429,32,0,1023,1023,0,1555,0
1257,4.43070,0.21060,2.15560,0.75440,1.30920,0,0,1,2429,32,0,1023,1023,0,1555,0
1258,3.08380,0.20670,2.11900,0.72460,0.03280,0,0,1,2429,32,0,1023,1023,0,1555,0
1259,3.17250,0.21430,2.14340,0.78370,0.03010,0,0,1,2429,32,0,1023,1023,0,1555,0
1260,3.28560,0.21260,2.27070,0.76360,0.03790,0,0,1,2429,32,0,1023,1023,0,1555,0
1261,7.03760,1.92760,4.27720,0.81380,0.01700,0,0,1,2429,32,0,1023,1023,0,1555,0
1262,6.12760,0.18240,5.06890,0.85250,0.02280,0,0,1,2429,32,0,1023,1023,0,1555,0
1263,5.05020,0.18060,4.03970,0.80740,0.02190,0,0,1,2429,32,0,1023,1023,0,1555,0
1264,4.45990,0.18550,3.34800,0.89950,0.02610,0,0,1,2429,32,0,1023,1023,0,1555,0
1265,4.37850,0.17430,3.41090,0.77320,0.01930,0,0,1,2429,32,0,1023,1023,0,1555,0
1266,4.37860,0.17680,3.37330,0.80540,0.02230,0,0,1,2429,32,0,1023,1023,0,1555,0
1267,4.60790,0.34150,3.37610,0.87040,0.01900,0,0,1,2429,33,0,1023,1023,0,1555,0
1268,4.04150,0.19080,2.96200,0.86330,0.02480,0,0,1,2429,33,0,1023,1023,0,1555,0
1269,3.97440,0.17230,3.03560,0.74900,0.01680,0,0,1,2429,33,0,1023,1023,0,1555,0
1270,4.02780,0.17490,3.03690,0.79490,0.02030,0,0,1,2429,33,0,1023,1023,0,1555,0
1271,3.88880,0.17870,2.88760,0.80540,0.01650,0,0,1,2429,33,0,1023,1023,0,1555,0
1272,3.93250,0.17350,2.90320,0.83530,0.01970,0,0,1,2429,33,0,1023,1023,0,1555,0
1273,3.96220,0.17550,2.98680,0.77200,0.02700,0,0,1,2429,33,0,1023,1023,0,1555,0
1274,3.94790,0.20380,2.93290,0.78820,0.02220,0,0,1,2429,33,0,1023,1023,0,1555,0
1275,3.78320,0.17810,2.80360,0.78020,0.02040,0,0,1,2429,33,0,1023,1023,0,1555,0
1276,5.40570,1.79640,2.85590,0.72900,0.02350,0,0,1,2429,33,0,1023,1023,0,1555,0
1277,3.85210,0.17940,2.86430,0.79070,0.01690,0,0,1,2429,33,0,1023,1023,0,1555,0
1278,5.09830,0.17370,4.10880,0.79320,0.02180,0,0,1,2429,33,0,1023,1023,0,1555,0
1279,3.75050,0.17400,2.71840,0.83730,0.02020,0,0,1,2429,33,0,1023,1023,0,1555,0
1280,3.70850,0.17700,2.78030,0.73180,0.01870,0,0,1,2429,33,0,1023,1023,0,1555,0
1281,3.48940,0.16970,2.56970,0.73060,0.01850,0,0,1,2429,33,0,1023,1023,0,1555,0
1282,3.53390,0.17600,2.61530,0.72400,0.01790,0,0,1,2429,33,0,1023,1023,0,1555,0
1283,3.55490,0.17550,2.58850,0.77220,0.01780,0,0,1,2429,33,0,1023,1023,0,1555,0
1284,3.80770,0.17110,2.84750,0.76880,0.01860,0,0,1,2429,33,0,1023,1023,0,1555,0
1285,3.82600,0.19470,2.58830,1.02430,0.01790,0,0,1,2429,33,0,1023,1023,0,1555,0
1286,3.81240,0.19150,2.79600,0.79110,0.03280,0,0,1,2429,33,0,1023,1023,0,1555,0
1287,3.53240,0.20210,2.53480,0.75580,0.03900,0,0,1,2429,33,0,1023,1023,0,1555,0
1288,3.45000,0.20080,2.48130,0.74610,0.02100,0,0,1,2429,33,0,1023,1023,0,1555,0
1289,4.76320,0.17680,3.85170,0.71420,0.01960,0,0,1,2429,33,0,1023,1023,0,1555,0
1290,3.60190,0.27090,2.56790,0.73980,0.02220,0,0,1,2429,33,0,1023,1023,0,1555,0
1291,5.43020,1.83830,2.68430,0.87660,0.02880,0,0,1,2429,33,0,1023,1023,0,1555,0
1292,3.47430,0.18950,2.49080,0.77130,0.02200,0,0,1,2429,33,0,1023,1023,0,1555,0
1293,3.58110,0.18930,2.59300,0.77400,0.02400,0,0,1,2429,33,0,1023,1023,0,1555,0
1294,3.44770,0.19350,2.42240,0.80530,0.02600,0,0,1,2429,33,0,1023,1023,0,1555,0
1295,3.48660,0.18550,2.48770,0.78200,0.03060,0,0,1,2429,33,0,1023,1023,0,1555,0
1296,3.62240,0.22830,2.52770,0.84370,0.02200,0,0,1,2429,33,0,1023,1023,0,1555,0
1297,3.37270,0.17300,2.44880,0.72470,0.02540,0,0,1,2429,33,0,1023,1023,0,1555,0
1298,3.46330,0.22040,2.47020,0.74630,0.02550,0,0,1,2429,33,0,1023,1023,0,1555,0
1299,3.50420,0.22880,2.41610,0.82780,0.03050,0,0,1,2429,33,0,1023,1023,0,1555,0
1300,3.56210,0.22130,2.44690,0.86530,0.02780,0,0,1,2429,33,0,1023,1023,0,1555,0
1301,3.40810,0.21300,2.41990,0.74380,0.03040,0,0,1,2429,33,0,1023,1023,0,1555,0
1302,3.33010,0.22180,2.32690,0.75470,0.02580,0,0,1,2429,33,0,1023,1023,0,1555,0
1303,3.44910,0.21720,2.41210,0.79470,0.02420,0,0,1,2429,33,0,1023,1023,0,1555,0
1304,3.51490,0.22240,2.45900,0.80610,0.02650,0,0,1,2429,33,0,1023,1023,0,1555,0
1305,3.43180,0.21150,2.40750,0.78460,0.02740,0,0,1,2429,33,0,1023,1023,0,1555,0
1306,5.29990,1.91400,2.48490,0.86940,0.03040,0,0,1,2429,33,0,1023,1023,0,1555,0
1307,3.49910,0.21220,2.43090,0.82660,0.02840,0,0,1,2429,33,0,1023,1023,0,1555,0
1308,3.33920,0.21280,2.37720,0.72250,0.02580,0,0,1,2429,33,0,1023,1023,0,1555,0
1309,3.39630,0.23560,2.36420,0.77140,0.02420,0,0,1,2429,33,0,1023,1023,0,1555,0
1310,3.49460,0.20290,2.37730,0.88500,0.02850,0,0,1,2429,33,0,1023,1023,0,1555,0
1311,3.37450,0.21330,2.34590,0.78380,0.03060,0,0,1,2429,33,0,1023,1023,0,1555,0
1312,3.50820,0.21260,2.42040,0.84290,0.03140,0,0,1,2429,33,0,1023,1023,0,1555,0
1313,3.35420,0.20020,2.37990,0.74510,0.02840,0,0,1,2429,33,0,1023,1023,0,1555,0
1314,3.37400,0.21280,2.40490,0.72620,0.02910,0,0,1,2429,33,0,1023,1023,0,1555,0
1315,3.36270,0.21110,2.37720,0.73880,0.03480,0,0,1,2429,33,0,1023,1023,0,1555,0
1316,3.20610,0.19890,2.25090,0.72490,0.03050,0,0,1,2429,33,0,1023,1023,0,1555,0
1317,3.40600,0.20680,2.38970,0.78240,0.02620,0,0,1,2429,33,0,1023,1023,0,1555,0
1318,3.27850,0.20040,2.32550,0.72770,0.02410,0,0,1,2429,33,0,1023,1023,0,1555,0
1319,3.30600,0.20200,2.31080,0.76410,0.02810,0,0,1,2429,33,0,1023,1023,0,1555,0
1320,3.45520,0.21230,2.46310,0.75450,0.02440,0,0,1,2429,33,0,1023,1023,0,1555,0
1321,5.99610,2.00470,3.09700,0.87230,0.01960,0,0,1,2429,33,0,1023,1023,0,1555,0
1322,3.97490,0.21670,2.91780,0.82040,0.01930,0,0,1,2429,33,0,1023,1023,0,1555,0
1323,4.03930,0.18390,3.01840,0.81190,0.02390,0,0,1,2429,33,0,1023,1023,0,1555,0
1324,4.05510,0.21650,2.93130,0.79660,0.10980,0,0,1,2429,33,0,1023,1023,0,1555,0
1325,4.14480,0.25610,3.04430,0.82660,0.01710,0,0,1,2429,33,0,1023,1023,0,1555,0
1326,4.10550,0.17120,3.07130,0.83930,0.02270,0,0,1,2429,33,0,1023,1023,0,1555,0
1327,3.64760,0.23940,2.63810,0.74930,0.02010,0,0,1,2429,34,0,1023,1023,0,1555,0
1328,3.42530,0.17880,2.51140,0.71580,0.01860,0,0,1,2429,34,0,1023,1023,0,1555,0
1329,3.84780,0.16500,2.54800,1.10380,0.03020,0,0,1,2429,34,0,1023,1023,0,1555,0
1330,3.52400,0.17870,2.59650,0.72660,0.02150,0,0,1,2429,34,0,1023,1023,0,1555,0
1331,3.55950,0.16970,2.64330,0.72540,0.02030,0,0,1,2429,34,0,1023,1023,0,1555,0
1332,3.46000,0.17890,2.55050,0.70950,0.02050,0,0,1,2429,34,0,1023,1023,0,1555,0
1333,3.65280,0.18410,2.66110,0.78140,0.02530,0,0,1,2429,34,0,1023,1023,0,1555,0
1334,3.43560,0.17350,2.47750,0.76140,0.02260,0,0,1,2429,34,0,1023,1023,0,1555,0
1335,3.59590,0.23050,2.50810,0.83380,0.02280,0,0,1,2429,34,0,1023,1023,0,1555,0
1336,5.18200,1.81960,2.62260,0.71870,0.02060,0,0,1,2429,34,0,1023,1023,0,1555,0
1337,5.07570,0.18650,4.11390,0.75300,0.02150,0,0,1,2429,34,0,1023,1023,0,1555,0
1338,3.38190,0.18320,2.40830,0.76090,0.02860,0,0,1,2429,34,0,1023,1023,0,1555,0
1339,3.66350,0.18910,2.64980,0.79380,0.02980,0,0,1,2429,34,0,1023,1023,0,1555,0
1340,3.45430,0.23460,2.39540,0.79430,0.02920,0,0,1,2429,34,0,1023,1023,0,1555,0
1341,3.37110,0.20510,2.36510,0.77370,0.02650,0,0,1,2429,34,0,1023,1023,0,1555,0
1342,3.47630,0.22480,2.35400,0.87050,0.02600,0,0,1,2429,34,0,1023,1023,0,1555,0
1343,3.49380,0.22390,2.44420,0.79890,0.02580,0,0,1,2429,34,0,1023,1023,0,1555,0
1344,3.49300,0.21440,2.44400,0.80470,0.02890,0,0,1,2429,34,0,1023,1023,0,1555,0
1345,3.41520,0.22870,2.41530,0.74510,0.02530,0,0,1,2429,34,0,1023,1023,0,1555,0
1346,3.29100,0.19460,2.31260,0.76050,0.02240,0,0,1,2429,34,0,1023,1023,0,1555,0
1347,3.30590,0.23310,2.29980,0.74890,0.02330,0,0,1,2429,34,0,1023,1023,0,1555,0
1348,3.29460,0.21450,2.26580,0.79100,0.02240,0,0,1,2429,34,0,1023,1023,0,1555,0
1349,3.44120,0.22930,2.33450,0.84600,0.03050,0,0,1,2429,34,0,1023,1023,0,1555,0
1350,3.49050,0.23500,2.42240,0.80830,0.02390,0,0,1,2429,34,0,1023,1023,0,1555,0
1351,7.03480,1.92450,4.27540,0.81210,0.02160,0,0,1,2429,34,0,1023,1023,0,1555,0
1352,5.34020,0.15710,4.15410,1.00170,0.02640,0,0,1,2429,34,0,1023,1023,0,1555,0
1353,6.42820,0.15870,5.37020,0.88110,0.01760,0,0,1,2429,34,0,1023,1023,0,1555,0
1354,5.08220,0.20620,4.01590,0.84240,0.01690,0,0,1,2429,34,0,1023,1023,0,1555,0
1355,5.24640,0.17000,4.23950,0.82060,0.01550,0,0,1,2429,34,0,1023,1023,0,1555,0
1356,4.59470,0.15570,3.58570,0.82970,0.02270,0,0,1,2429,34,0,1023,1023,0,1555,0
1357,4.60290,0.16490,3.61730,0.80470,0.01530,0,0,1,2429,34,0,1023,1023,0,1555,0
1358,5.51200,0.21630,3.96690,1.29980,0.02810,0,0,1,2429,34,0,1023,1023,0,1555,0
1359,4.60370,0.19160,3.40470,0.98350,0.02320,0,0,1,2429,34,0,1023,1023,0,1555,0
1360,5.67230,0.18320,4.66360,0.80480,0.02010,0,0,1,2429,34,0,1023,1023,0,1555,0
1361,4.01030,0.17400,3.03620,0.77920,0.02030,0,0,1,2429,34,0,1023,1023,0,1555,0
1362,4.14940,0.17380,3.21500,0.73940,0.02040,0,0,1,2429,34,0,1023,1023,0,1555,0
1363,3.94080,0.17400,2.97300,0.77310,0.01980,0,0,1,2429,34,0,1023,1023,0,1555,0
1364,4.38650,0.18360,3.38950,0.79390,0.01850,0,0,1,2429,34,0,1023,1023,0,1555,0
1365,3.92710,0.17310,2.94960,0.78750,0.01600,0,0,1,2429,34,0,1023,1023,0,1555,0
1366,5.58790,1.82060,2.95060,0.79510,0.02120,0,0,1,2429,34,0,1023,1023,0,1555,0
1367,4.05600,0.25640,2.95780,0.82440,0.01670,0,0,1,2429,34,0,1023,1023,0,1555,0
1368,3.88800,0.18950,2.91380,0.76860,0.01520,0,0,1,2429,34,0,1023,1023,0,1555,0
1369,3.90680,0.18180,2.91490,0.78690,0.02250,0,0,1,2429,34,0,1023,1023,0,1555,0
1370,3.84620,0.18320,2.89730,0.74810,0.01670,0,0,1,2429,34,0,1023,1023,0,1555,0
1371,3.84720,0.16790,2.92290,0.73810,0.01760,0,0,1,2429,34,0,1023,1023,0,1555,0
1372,3.79420,0.16740,2.83870,0.76880,0.01860,0,0,1,2429,34,0,1023,1023,0,1555,0
1373,3.66330,0.17920,2.70530,0.75720,0.02090,0,0,1,2429,34,0,1023,1023,0,1555,0
1374,5.12090,0.17490,4.03520,0.81410,0.09550,0,0,1,2429,34,0,1023,1023,0,1555,0
1375,3.65770,0.25420,2.64610,0.73880,0.01800,0,0,1,2429,34,0,1023,1023,0,1555,0
1376,4.07760,0.18520,2.94200,0.92280,0.02680,0,0,1,2429,34,0,1023,1023,0,1555,0
1377,3.70190,0.19290,2.75750,0.73320,0.01750,0,0,1,2429,34,0,1023,1023,0,1555,0
1378,3.55610,0.17810,2.53370,0.82490,0.01850,0,0,1,2429,34,0,1023,1023,0,1555,0
1379,3.54430,0.18690,2.62340,0.71660,0.01670,0,0,1,2429,34,0,1023,1023,0,1555,0
1380,4.23710,0.21590,3.24320,0.75960,0.01760,0,0,1,2429,34,0,1023,1023,0,1555,0
1381,5.21560,1.85010,2.60690,0.73830,0.01910,0,0,1,2429,34,0,1023,1023,0,1555,0
1382,3.74420,0.20190,2.50910,1.00180,0.03060,0,0,1,2429,34,0,1023,1023,0,1555,0
1383,3.53560,0.19080,2.57190,0.75130,0.02090,0,0,1,2429,34,0,1023,1023,0,1555,0
1384,3.54200,0.17370,2.57900,0.76770,0.02080,0,0,1,2429,34,0,1023,1023,0,1555,0
1385,3.48360,0.18110,2.55990,0.72200,0.01960,0,0,1,2429,34,0,1023,1023,0,1555,0
1386,3.38300,0.18080,2.46900,0.71390,0.01860,0,0,1,2429,34,0,1023,1023,0,1555,0
1387,3.51240,0.23380,2.50860,0.74830,0.02080,0,0,1,2429,35,0,1023,1023,0,1555,0
1388,3.37190,0.18250,2.42680,0.74190,0.02000,0,0,1,2429,35,0,1023,1023,0,1555,0
1389,3.55450,0.17810,2.58440,0.76710,0.02420,0,0,1,2429,35,0,1023,1023,0,1555,0
1390,3.48310,0.17610,2.45020,0.82820,0.02770,0,0,1,2429,35,0,1023,1023,0,1555,0
1391,3.41730,0.18300,2.43760,0.76020,0.03590,0,0,1,2429,35,0,1023,1023,0,1555,0
1392,3.41250,0.19290,2.39710,0.79330,0.02840,0,0,1,2429,35,0,1023,1023,0,1555,0
1393,3.36140,0.22670,2.34840,0.75500,0.03060,0,0,1,2429,35,0,1023,1023,0,1555,0
1394,3.54880,0.19780,2.49340,0.82750,0.02910,0,0,1,2429,35,0,1023,1023,0,1555,0
1395,3.43790,0.21530,2.38900,0.80210,0.03060,0,0,1,2429,35,0,1023,1023,0,1555,0
1396,5.26910,1.93970,2.51460,0.78470,0.02920,0,0,1,2429,35,0,1023,1023,0,1555,0
1397,3.40880,0.21640,2.40820,0.75600,0.02720,0,0,1,2429,35,0,1023,1023,0,1555,0
1398,3.48180,0.20640,2.44880,0.79630,0.02940,0,0,1,2429,35,0,1023,1023,0,1555,0
1399,3.42500,0.21120,2.40420,0.78310,0.02560,0,0,1,2429,35,0,1023,1023,0,1555,0
1400,3.56970,0.20720,2.48630,0.83990,0.03550,0,0,1,2429,35,0,1023,1023,0,1555,0
1401,3.42830,0.23570,2.38280,0.78290,0.02610,0,0,1,2429,35,0,1023,1023,0,1555,0
1402,3.43400,0.22810,2.39590,0.78000,0.02900,0,0,1,2429,35,0,1023,1023,0,1555,0
1403,3.37050,0.20710,2.36580,0.76480,0.03200,0,0,1,2429,35,0,1023,1023,0,1555,0
1404,3.40110,0.20880,2.28700,0.86800,0.03650,0,0,1,2429,35,0,1023,1023,0,1555,0
1405,3.32900,0.21350,2.24560,0.84140,0.02780,0,0,1,2429,35,0,1023,1023,0,1555,0
1406,3.85120,0.22060,2.45420,1.15070,0.02500,0,0,1,2429,35,0,1023,1023,0,1555,0
1407,3.29680,0.19140,2.31280,0.75950,0.03230,0,0,1,2429,35,0,1023,1023,0,1555,0
1408,3.30490,0.20630,2.29560,0.77610,0.02610,0,0,1,2429,35,0,1023,1023,0,1555,0
1409,3.59420,0.20460,2.43270,0.92590,0.03000,0,0,1,2429,35,0,1023,1023,0,1555,0
1410,3.27200,0.19680,2.26920,0.77420,0.03100,0,0,1,2429,35,0,1023,1023,0,1555,0
1411,6.92610,2.06100,3.88610,0.86900,0.10890,0,0,1,2429,35,0,1023,1023,0,1555,0
1412,4.28850,0.39080,3.03740,0.83700,0.02270,0,0,1,2429,35,0,1023,1023,0,1555,0
1413,4.51190,0.17430,3.17410,1.13050,0.03220,0,0,1,2429,35,0,1023,1023,0,1555,0
1414,4.23690,0.17550,3.23730,0.80650,0.01700,0,0,1,2429,35,0,1023,1023,0,1555,0
1415,4.65060,0.16720,3.34730,1.11620,0.01930,0,0,1,2429,35,0,1023,1023,0,1555,0
1416,4.06400,0.17240,3.11100,0.76260,0.01740,0,0,1,2429,35,0,1023,1023,0,1555,0
1417,3.94520,0.18680,2.97080,0.76980,0.01700,0,0,1,2429,35,0,1023,1023,0,1555,0
1418,3.72270,0.18000,2.77700,0.74490,0.02000,0,0,1,2429,35,0,1023,1023,0,1555,0
1419,4.24340,0.16610,3.24800,0.81200,0.01650,0,0,1,2429,35,0,1023,1023,0,1555,0
1420,3.82430,0.17080,2.88430,0.75200,0.01620,0,0,1,2429,35,0,1023,1023,0,1555,0
1421,3.99580,0.17490,2.97590,0.82570,0.01860,0,0,1,2429,35,0,1023,1023,0,1555,0
1422,3.93390,0.17250,2.85800,0.88140,0.02120,0,0,1,2429,35,0,1023,1023,0,1555,0
1423,4.04290,0.18830,2.95490,0.87710,0.02190,0,0,1,2429,35,0,1023,1023,0,1555,0
1424,3.72670,0.17570,2.77380,0.75940,0.01710,0,0,1,2429,35,0,1023,1023,0,1555,0
1425,3.72590,0.16940,2.78330,0.75460,0.01780,0,0,1,2429,35,0,1023,1023,0,1555,0
1426,5.48960,1.83480,2.90800,0.72790,0.01810,0,0,1,2429,35,0,1023,1023,0,1555,0
1427,3.66320,0.16020,2.74450,0.74060,0.01710,0,0,1,2429,35,0,1023,1023,0,1555,0
1428,3.69500,0.19660,2.70810,0.75920,0.03040,0,0,1,2429,35,0,1023,1023,0,1555,0
1429,3.48140,0.17920,2.54000,0.74040,0.02090,0,0,1,2429,35,0,1023,1023,0,1555,0
1430,3.55760,0.20190,2.61350,0.72170,0.01990,0,0,1,2429,35,0,1023,1023,0,1555,0
1431,3.63060,0.18590,2.55750,0.86010,0.02630,0,0,1,2429,35,0,1023,1023,0,1555,0
1432,4.97430,0.19140,3.91100,0.84720,0.02390,0,0,1,2429,35,0,1023,1023,0,1555,0
1433,3.56070,0.19470,2.61830,0.72980,0.01750,0,0,1,2429,35,0,1023,1023,0,1555,0
1434,3.89800,0.18630,2.80200,0.89060,0.01830,0,0,1,2429,35,0,1023,1023,0,1555,0
1435,3.51100,0.19090,2.54170,0.75730,0.02030,0,0,1,2429,35,0,1023,1023,0,1555,0
1436,3.53350,0.19280,2.58810,0.73170,0.02000,0,0,1,2429,35,0,1023,1023,0,1555,0
1437,3.54600,0.19790,2.52810,0.79540,0.02360,0,0,1,2429,35,0,1023,1023,0,1555,0
1438,3.87430,0.20160,2.89500,0.75610,0.02050,0,0,1,2429,35,0,1023,1023,0,1555,0
1439,5.08090,0.17720,4.05710,0.82670,0.01910,0,0,1,2429,35,0,1023,1023,0,1555,0
1440,3.76260,0.17810,2.79230,0.77330,0.01810,0,0,1,2429,35,0,1023,1023,0,1555,0
1441,5.19090,1.90700,2.46380,0.79190,0.02730,0,0,1,2429,35,0,1023,1023,0,1555,0
1442,3.46930,0.20980,2.52930,0.71280,0.01670,0,0,1,2429,35,0,1023,1023,0,1555,0
1443,3.46810,0.19390,2.53330,0.72280,0.01730,0,0,1,2429,35,0,1023,1023,0,1555,0
1444,3.41370,0.18780,2.44290,0.76470,0.01750,0,0,1,2429,35,0,1023,1023,0,1555,0
1445,3.61790,0.19500,2.56590,0.83580,0.02040,0,0,1,2429,35,0,1023,1023,0,1555,0
1446,3.63520,0.19520,2.59810,0.82470,0.01660,0,0,1,2429,35,0,1023,1023,0,1555,0
1447,3.77950,0.22700,2.70320,0.82820,0.02050,0,0,1,2429,36,0,1023,1023,0,1555,0
1448,3.73110,0.19260,2.64840,0.86640,0.02300,0,0,1,2429,36,0,1023,1023,0,1555,0
1449,3.68410,0.17750,2.64290,0.84180,0.02110,0,0,1,2429,36,0,1023,1023,0,1555,0
1450,3.41110,0.19900,2.46660,0.72190,0.02280,0,0,1,2429,36,0,1023,1023,0,1555,0
1451,3.45090,0.18320,2.50690,0.74130,0.01870,0,0,1,2429,36,0,1023,1023,0,1555,0
1452,3.29250,0.23230,2.29010,0.74570,0.02360,0,0,1,2429,36,0,1023,1023,0,1555,0
1453,3.39240,0.23380,2.36870,0.76620,0.02270,0,0,1,2429,36,0,1023,1023,0,1555,0
1454,3.29030,0.20100,2.33430,0.73320,0.02100,0,0,1,2429,36,0,1023,1023,0,1555,0
1455,3.26800,0.18610,2.30210,0.75320,0.02570,0,0,1,2429,36,0,1023,1023,0,1555,0
1456,5.11600,1.83720,2.44380,0.81070,0.02350,0,0,1,2429,36,0,1023,1023,0,1555,0
1457,3.52950,0.21720,2.47760,0.81070,0.02330,0,0,1,2429,36,0,1023,1023,0,1555,0
1458,3.29850,0.20480,2.35330,0.71620,0.02340,0,0,1,2429,36,0,1023,1023,0,1555,0
1459,3.33950,0.21680,2.34430,0.75440,0.02330,0,0,1,2429,36,0,1023,1023,0,1555,0
1460,3.37390,0.22780,2.27810,0.84210,0.02500,0,0,1,2429,36,0,1023,1023,0,1555,0
1461,3.25240,0.22550,2.26870,0.73480,0.02270,0,0,1,2429,36,0,1023,1023,0,1555,0
1462,3.35590,0.20770,2.36000,0.76620,0.02120,0,0,1,2429,36,0,1023,1023,0,1555,0
1463,3.24240,0.20710,2.28700,0.72370,0.02370,0,0,1,2429,36,0,1023,1023,0,1555,0
1464,3.31840,0.23090,2.31340,0.73460,0.03870,0,0,1,2429,36,0,1023,1023,0,1555,0
1465,3.18410,0.19880,2.23610,0.72510,0.02330,0,0,1,2429,36,0,1023,1023,0,1555,0
1466,3.36650,0.18870,2.31480,0.83830,0.02380,0,0,1,2429,36,0,1023,1023,0,1555,0
1467,3.21940,0.22540,2.20340,0.73520,0.05470,0,0,1,2429,36,0,1023,1023,0,1555,0
1468,3.14460,0.19770,2.19980,0.72380,0.02260,0,0,1,2429,36,0,1023,1023,0,1555,0
1469,3.18380,0.18990,2.21710,0.75340,0.02250,0,0,1,2429,36,0,1023,1023,0,1555,0
1470,3.21830,0.18900,2.24920,0.75200,0.02720,0,0,1,2429,36,0,1023,1023,0,1555,0
1471,6.27450,1.88170,3.53270,0.83110,0.02740,0,0,1,2429,36,0,1023,1023,0,1555,0
1472,5.66330,0.16890,4.44380,1.00710,0.04250,0,0,1,2429,36,0,1023,1023,0,1555,0
1473,5.53090,0.16070,4.38800,0.87350,0.10790,0,0,1,2429,36,0,1023,1023,0,1555,0
1474,5.08380,0.17770,4.04900,0.83400,0.02240,0,0,1,2429,36,0,1023,1023,0,1555,0
1475,3.62450,0.17430,2.70090,0.72900,0.01950,0,0,1,2429,36,0,1023,1023,0,1555,0
1476,3.57900,0.16880,2.59320,0.78900,0.02720,0,0,1,2429,36,0,1023,1023,0,1555,0
1477,3.46330,0.18990,2.53090,0.72160,0.02010,0,0,1,2429,36,0,1023,1023,0,1555,0
1478,3.96050,0.18570,2.94420,0.81190,0.01800,0,0,1,2429,36,0,1023,1023,0,1555,0
1479,4.25330,0.17030,3.27400,0.79040,0.01760,0,0,1,2429,36,0,1023,1023,0,1555,0
1480,3.74770,0.16850,2.79230,0.76690,0.01910,0,0,1,2429,36,0,1023,1023,0,1555,0
1481,3.56270,0.17820,2.51950,0.84260,0.02160,0,0,1,2429,36,0,1023,1023,0,1555,0
1482,3.57090,0.17020,2.64030,0.73780,0.02190,0,0,1,2429,36,0,1023,1023,0,1555,0
1483,3.40210,0.16970,2.47700,0.73340,0.02120,0,0,1,2429,36,0,1023,1023,0,1555,0
1484,3.71130,0.16980,2.66480,0.83090,0.04500,0,0,1,2429,36,0,1023,1023,0,1555,0
1485,3.47360,0.16990,2.55890,0.72580,0.01810,0,0,1,2429,36,0,1023,1023,0,1555,0
1486,6.75730,1.77640,4.14280,0.81060,0.02680,0,0,1,2429,36,0,1023,1023,0,1555,0
1487,5.12400,0.20330,4.13830,0.75870,0.02250,0,0,1,2429,36,0,1023,1023,0,1555,0
1488,3.56060,0.17100,2.57810,0.78320,0.02740,0,0,1,2429,36,0,1023,1023,0,1555,0
1489,3.40920,0.17120,2.47630,0.74000,0.02090,0,0,1,2429,36,0,1023,1023,0,1555,0
1490,3.39790,0.17200,2.40090,0.80350,0.02060,0,0,1,2429,36,0,1023,1023,0,1555,0
1491,3.58310,0.18670,2.60300,0.77130,0.02140,0,0,1,2429,36,0,1023,1023,0,1555,0
1492,3.47390,0.21510,2.47940,0.74840,0.03020,0,0,1,2429,36,0,1023,1023,0,1555,0
1493,3.49840,0.22400,2.38750,0.85480,0.03120,0,0,1,2429,36,0,1023,1023,0,1555,0
1494,3.42100,0.22380,2.40340,0.76340,0.02950,0,0,1,2429,36,0,1023,1023,0,1555,0
1495,3.44360,0.22440,2.42230,0.77670,0.01930,0,0,1,2429,36,0,1023,1023,0,1555,0
1496,3.30990,0.18290,2.36730,0.73540,0.02340,0,0,1,2429,36,0,1023,1023,0,1555,0
1497,3.43820,0.21500,2.37390,0.82420,0.02430,0,0,1,2429,36,0,1023,1023,0,1555,0
1498,3.42460,0.21430,2.41900,0.76700,0.02340,0,0,1,2429,36,0,1023,1023,0,1555,0
1499,4.93390,0.21890,3.90860,0.78190,0.02390,0,0,1,2429,36,0,1023,1023,0,1555,0
1500,3.54130,0.19290,2.54700,0.76860,0.03180,0,0,1,2429,36,0,1023,1023,0,1555,0
1501,6.94630,1.94320,4.10550,0.87220,0.02390,0,0,1,2429,36,0,1023,1023,0,1555,0
1502,5.68470,0.18510,4.61650,0.86440,0.01780,0,0,1,2429,36,0,1023,1023,0,1555,0
1503,4.71140,0.17550,3.71600,0.80000,0.01940,0,0,1,2429,36,0,1023,1023,0,1555,0
1504,4.45040,0.17310,3.48720,0.77410,0.01540,0,0,1,2429,36,0,1023,1023,0,1555,0
1505,4.88470,0.17060,3.81240,0.85150,0.04940,0,0,1,2429,36,0,1023,1023,0,1555,0
1506,4.83560,0.17000,3.84150,0.80490,0.01820,0,0,1,2429,36,0,1023,1023,0,1555,0
1507,4.62470,0.22610,3.58470,0.79800,0.01510,0,0,1,2429,37,0,1023,1023,0,1555,0
1508,4.72000,0.18250,3.73030,0.78640,0.02010,0,0,1,2429,37,0,1023,1023,0,1555,0
1509,4.17920,0.15910,3.22370,0.77900,0.01660,0,0,1,2429,37,0,1023,1023,0,1555,0
1510,4.38500,0.16800,3.43100,0.76880,0.01640,0,0,1,2429,37,0,1023,1023,0,1555,0
1511,4.38400,0.19390,3.40020,0.76990,0.01910,0,0,1,2429,37,0,1023,1023,0,1555,0
1512,4.54890,0.18950,3.48730,0.85150,0.01990,0,0,1,2429,37,0,1023,1023,0,1555,0
1513,4.47080,0.20010,3.36830,0.88290,0.01880,0,0,1,2429,37,0,1023,1023,0,1555,0
1514,3.86900,0.18820,2.88940,0.77330,0.01760,0,0,1,2429,37,0,1023,1023,0,1555,0
1515,3.96940,0.17890,2.91390,0.85610,0.01980,0,0,1,2429,37,0,1023,1023,0,1555,0
1516,5.70860,1.79060,2.99200,0.90670,0.01850,0,0,1,2429,37,0,1023,1023,0,1555,0
1517,3.91520,0.17270,2.95790,0.76530,0.01850,0,0,1,2429,37,0,1023,1023,0,1555,0
1518,4.00190,0.18900,2.94040,0.85410,0.01760,0,0,1,2429,37,0,1023,1023,0,1555,0
1519,3.89840,0.19210,2.91300,0.77380,0.01850,0,0,1,2429,37,0,1023,1023,0,1555,0
1520,3.87280,0.19370,2.81670,0.84420,0.01730,0,0,1,2429,37,0,1023,1023,0,1555,0
1521,3.93500,0.19100,2.92710,0.79860,0.01780,0,0,1,2429,37,0,1023,1023,0,1555,0
1522,3.68860,0.18220,2.73740,0.74920,0.01910,0,0,1,2429,37,0,1023,1023,0,1555,0
1523,3.82330,0.20830,2.82970,0.76630,0.01830,0,0,1,2429,37,0,1023,1023,0,1555,0
1524,3.93980,0.19190,2.90910,0.81630,0.02180,0,0,1,2429,37,0,1023,1023,0,1555,0
1525,3.90620,0.17800,2.92870,0.78070,0.01800,0,0,1,2429,37,0,1023,1023,0,1555,0
1526,3.49270,0.19150,2.55200,0.72640,0.02230,0,0,1,2429,37,0,1023,1023,0,1555,0
1527,3.45450,0.17290,2.52380,0.73880,0.01850,0,0,1,2429,37,0,1023,1023,0,1555,0
1528,3.59040,0.22760,2.61920,0.72300,0.01970,0,0,1,2429,37,0,1023,1023,0,1555,0
1529,3.83530,0.17740,2.86750,0.77020,0.01940,0,0,1,2429,37,0,1023,1023,0,1555,0
1530,3.49160,0.19180,2.53800,0.72750,0.03340,0,0,1,2429,37,0,1023,1023,0,1555,0
1531,5.27320,1.87150,2.64960,0.72320,0.02660,0,0,1,2429,37,0,1023,1023,0,1555,0
1532,3.44290,0.17930,2.52830,0.71480,0.01990,0,0,1,2429,37,0,1023,1023,0,1555,0
1533,3.67440,0.17230,2.71950,0.74970,0.03200,0,0,1,2429,37,0,1023,1023,0,1555,0
1534,3.83400,0.18290,2.79490,0.78670,0.06860,0,0,1,2429,37,0,1023,1023,0,1555,0
1535,3.64800,0.23510,2.65580,0.73550,0.02100,0,0,1,2429,37,0,1023,1023,0,1555,0
1536,3.40860,0.17040,2.49420,0.72240,0.02080,0,0,1,2429,37,0,1023,1023,0,1555,0
1537,3.52310,0.18070,2.60170,0.71860,0.02110,0,0,1,2429,37,0,1023,1023,0,1555,0
1538,3.73660,0.17780,2.77400,0.76590,0.01830,0,0,1,2429,37,0,1023,1023,0,1555,0
1539,4.47570,0.18170,3.38210,0.88720,0.02390,0,0,1,2429,37,0,1023,1023,0,1555,0
1540,3.67950,0.19460,2.66990,0.79210,0.02210,0,0,1,2429,37,0,1023,1023,0,1555,0
1541,4.28350,0.19590,3.34090,0.71590,0.03000,0,0,1,2429,37,0,1023,1023,0,1555,0
1542,3.47890,0.18080,2.52230,0.73820,0.03660,0,0,1,2429,37,0,1023,1023,0,1555,0
1543,3.24230,0.19990,2.20990,0.80460,0.02710,0,0,1,2429,37,0,1023,1023,0,1555,0
1544,3.27920,0.20110,2.34290,0.71000,0.02440,0,0,1,2429,37,0,1023,1023,0,1555,0
1545,3.49490,0.18460,2.45520,0.83060,0.02350,0,0,1,2429,37,0,1023,1023,0,1555,0
1546,5.89340,1.81790,3.25830,0.79180,0.02460,0,0,1,2429,37,0,1023,1023,0,1555,0
1547,3.97640,0.20130,2.99200,0.76060,0.02180,0,0,1,2429,37,0,1023,1023,0,1555,0
1548,3.47370,0.19800,2.45530,0.79010,0.02940,0,0,1,2429,37,0,1023,1023,0,1555,0
1549,3.74280,0.20510,2.75790,0.75690,0.02200,0,0,1,2429,37,0,1023,1023,0,1555,0
1550,3.21190,0.20210,2.26570,0.71390,0.02940,0,0,1,2429,37,0,1023,1023,0,1555,0
1551,3.20180,0.21130,2.23840,0.72470,0.02660,0,0,1,2429,37,0,1023,1023,0,1555,0
1552,3.26130,0.18080,2.31510,0.73290,0.03170,0,0,1,2429,37,0,1023,1023,0,1555,0
1553,3.31860,0.18320,2.29390,0.81890,0.02170,0,0,1,2429,37,0,1023,1023,0,1555,0
1554,3.20640,0.20740,2.22680,0.74820,0.02320,0,0,1,2429,37,0,1023,1023,0,1555,0
1555,3.29430,0.21670,2.29230,0.76050,0.02410,0,0,1,2429,37,0,1023,1023,0,1555,0
1556,3.13860,0.20580,2.19450,0.71620,0.02130,0,0,1,2429,37,0,1023,1023,0,1555,0
1557,3.18700,0.21520,2.17580,0.76890,0.02630,0,0,1,2429,37,0,1023,1023,0,1555,0
1558,3.12500,0.21120,2.16770,0.72210,0.02330,0,0,1,2429,37,0,1023,1023,0,1555,0
1559,3.21210,0.22180,2.22620,0.74020,0.02290,0,0,1,2429,37,0,1023,1023,0,1555,0
1560,3.13580,0.17720,2.20840,0.71460,0.03490,0,0,1,2429,37,0,1023,1023,0,1555,0
1561,6.22350,1.99490,3.37770,0.81230,0.02390,0,0,1,2429,37,0,1023,1023,0,1555,0
1562,4.11400,0.19090,3.05810,0.84510,0.01890,0,0,1,2429,37,0,1023,1023,0,1555,0
1563,4.28810,0.19020,3.27840,0.80250,0.01620,0,0,1,2429,37,0,1023,1023,0,1555,0
1564,4.41970,0.17840,3.42710,0.79130,0.02210,0,0,1,2429,37,0,1023,1023,0,1555,0
1565,3.64750,0.17790,2.72110,0.72710,0.02050,0,0,1,2429,37,0,1023,1023,0,1555,0
1566,3.85250,0.17040,2.87650,0.78550,0.01940,0,0,1,2429,37,0,1023,1023,0,1555,0
1567,3.61920,0.22570,2.63290,0.73970,0.01990,0,0,1,2429,38,0,1023,1023,0,1555,0
1568,3.62490,0.16300,2.63510,0.80260,0.02330,0,0,1,2429,38,0,1023,1023,0,1555,0
1569,3.92370,0.17770,2.92150,0.80290,0.02090,0,0,1,2429,38,0,1023,1023,0,1555,0
1570,3.95460,0.17670,2.93240,0.82280,0.02190,0,0,1,2429,38,0,1023,1023,0,1555,0
1571,3.47000,0.17500,2.45860,0.81060,0.02480,0,0,1,2429,38,0,1023,1023,0,1555,0
1572,4.61490,0.18340,3.64230,0.76480,0.02340,0,0,1,2429,38,0,1023,1023,0,1555,0
1573,3.49110,0.18950,2.53850,0.74020,0.02190,0,0,1,2429,38,0,1023,1023,0,1555,0
1574,3.48960,0.18650,2.53710,0.74570,0.01950,0,0,1,2429,38,0,1023,1023,0,1555,0
1575,4.85800,0.20770,3.89420,0.73760,0.01770,0,0,1,2429,38,0,1023,1023,0,1555,0
1576,5.19640,1.80960,2.61760,0.74670,0.02180,0,0,1,2429,38,0,1023,1023,0,1555,0
1577,3.38230,0.19780,2.42120,0.71480,0.04750,0,0,1,2429,38,0,1023,1023,0,1555,0
1578,3.33830,0.19990,2.37990,0.73730,0.02030,0,0,1,2429,38,0,1023,1023,0,1555,0
1579,3.33170,0.20750,2.32670,0.77040,0.02640,0,0,1,2429,38,0,1023,1023,0,1555,0
1580,3.32400,0.20690,2.26490,0.82840,0.02290,0,0,1,2429,38,0,1023,1023,0,1555,0
1581,3.29220,0.19880,2.31570,0.75230,0.02450,0,0,1,2429,38,0,1023,1023,0,1555,0
1582,3.31450,0.18910,2.35140,0.75000,0.02350,0,0,1,2429,38,0,1023,1023,0,1555,0
1583,3.36860,0.19190,2.33740,0.81280,0.02570,0,0,1,2429,38,0,1023,1023,0,1555,0
1584,3.14770,0.19860,2.18910,0.73730,0.02190,0,0,1,2429,38,0,1023,1023,0,1555,0
1585,3.35700,0.20180,2.33180,0.79640,0.02570,0,0,1,2429,38,0,1023,1023,0,1555,0
1586,3.52770,0.20380,2.47810,0.81190,0.03300,0,0,1,2429,38,0,1023,1023,0,1555,0
1587,3.25430,0.20940,2.24330,0.78000,0.02060,0,0,1,2429,38,0,1023,1023,0,1555,0
1588,3.96410,0.20450,2.85770,0.87340,0.02770,0,0,1,2429,38,0,1023,1023,0,1555,0
1589,3.82970,0.20110,2.74460,0.85790,0.02500,0,0,1,2429,38,0,1023,1023,0,1555,0
1590,3.31390,0.22670,2.28240,0.77980,0.02430,0,0,1,2429,38,0,1023,1023,0,1555,0
1591,4.92440,1.83230,2.23570,0.82710,0.02750,0,0,1,2429,38,0,1023,1023,0,1555,0
1592,3.01490,0.20120,2.00500,0.77830,0.02960,0,0,1,2429,38,0,1023,1023,0,1555,0
1593,3.17500,0.17420,2.16940,0.73920,0.09130,0,0,1,2429,38,0,1023,1023,0,1555,0
1594,3.19330,0.23100,2.19920,0.72400,0.03830,0,0,1,2429,38,0,1023,1023,0,1555,0
1595,3.10590,0.21010,2.12770,0.74060,0.02660,0,0,1,2429,38,0,1023,1023,0,1555,0
1596,3.13230,0.20280,2.17830,0.72800,0.02230,0,0,1,2429,38,0,1023,1023,0,1555,0
1597,3.30680,0.23400,2.32810,0.71290,0.03090,0,0,1,2429,38,0,1023,1023,0,1555,0
1598,3.04290,0.20820,2.05350,0.75450,0.02600,0,0,1,2429,38,0,1023,1023,0,1555,0
1599,3.20770,0.21080,2.14640,0.82310,0.02680,0,0,1,2429,38,0,1023,1023,0,1555,0
1600,3.21610,0.22420,2.14060,0.82410,0.02660,0,0,1,2429,38,0,1023,1023,0,1555,0
1601,3.23050,0.20790,2.27910,0.71640,0.02650,0,0,1,2429,38,0,1023,1023,0,1555,0
1602,3.17290,0.20090,2.14170,0.80120,0.02830,0,0,1,2429,38,0,1023,1023,0,1555,0
1603,3.11370,0.22450,2.11160,0.75140,0.02560,0,0,1,2429,38,0,1023,1023,0,1555,0
1604,3.20780,0.18610,2.15760,0.83410,0.02940,0,0,1,2429,38,0,1023,1023,0,1555,0
1605,3.33910,0.20740,2.26080,0.84270,0.02740,0,0,1,2429,38,0,1023,1023,0,1555,0
1606,5.00660,1.83070,2.29480,0.84780,0.03270,0,0,1,2429,38,0,1023,1023,0,1555,0
1607,3.13550,0.23240,2.14660,0.72890,0.02690,0,0,1,2429,38,0,1023,1023,0,1555,0
1608,3.22770,0.20240,2.18840,0.80730,0.02860,0,0,1,2429,38,0,1023,1023,0,1555,0
1609,3.24220,0.22470,2.18730,0.80580,0.02340,0,0,1,2429,38,0,1023,1023,0,1555,0
1610,3.28770,0.21330,2.23640,0.81520,0.02210,0,0,1,2429,38,0,1023,1023,0,1555,0
1611,3.17710,0.22390,2.19250,0.71560,0.04440,0,0,1,2429,38,0,1023,1023,0,1555,0
1612,3.22040,0.22840,2.13560,0.83400,0.02170,0,0,1,2429,38,0,1023,1023,0,1555,0
1613,3.11890,0.20300,2.14320,0.72570,0.04630,0,0,1,2429,38,0,1023,1023,0,1555,0
1614,3.12490,0.23600,2.14190,0.72450,0.02180,0,0,1,2429,38,0,1023,1023,0,1555,0
1615,3.16270,0.21720,2.16910,0.75000,0.02550,0,0,1,2429,38,0,1023,1023,0,1555,0
1616,3.33670,0.22810,2.26960,0.81420,0.02370,0,0,1,2429,38,0,1023,1023,0,1555,0
1617,3.32260,0.20380,2.23980,0.85230,0.02610,0,0,1,2429,38,0,1023,1023,0,1555,0
1618,3.20930,0.17800,2.27090,0.72640,0.03320,0,0,1,2429,38,0,1023,1023,0,1555,0
1619,3.15720,0.21060,2.15660,0.76120,0.02780,0,0,1,2429,38,0,1023,1023,0,1555,0
1620,3.17260,0.19490,2.15470,0.79830,0.02370,0,0,1,2429,38,0,1023,1023,0,1555,0
1621,8.68520,1.95090,5.87400,0.83500,0.02430,0,0,1,2429,38,0,1023,1023,0,1555,0
1622,5.41490,0.17850,4.21310,1.00530,0.01740,0,0,1,2429,38,0,1023,1023,0,1555,0
1623,5.68410,0.18830,4.65840,0.81190,0.02480,0,0,1,2429,38,0,1023,1023,0,1555,0
1624,5.74080,0.17670,4.74150,0.80400,0.01770,0,0,1,2429,38,0,1023,1023,0,1555,0
1625,4.91540,0.16400,3.77880,0.95170,0.01990,0,0,1,2429,38,0,1023,1023,0,1555,0
1626,4.41840,0.17820,3.38570,0.83090,0.02290,0,0,1,2429,38,0,1023,1023,0,1555,0
1627,5.04040,0.24100,3.98170,0.79040,0.02640,0,0,1,2429,39,0,1023,1023,0,1555,0
1628,4.33900,0.18650,3.38090,0.74880,0.02200,0,0,1,2429,39,0,1023,1023,0,1555,0
1629,3.99510,0.19640,3.02710,0.75390,0.01690,0,0,1,2429,39,0,1023,1023,0,1555,0
1630,3.92920,0.17570,2.97050,0.76360,0.01870,0,0,1,2429,39,0,1023,1023,0,1555,0
1631,3.87520,0.18540,2.90490,0.76680,0.01700,0,0,1,2429,39,0,1023,1023,0,1555,0
1632,3.89820,0.17700,2.88080,0.82240,0.01720,0,0,1,2429,39,0,1023,1023,0,1555,0
1633,3.93100,0.17850,2.97370,0.76030,0.01760,0,0,1,2429,39,0,1023,1023,0,1555,0
1634,3.97090,0.18800,2.98970,0.77520,0.01720,0,0,1,2429,39,0,1023,1023,0,1555,0
1635,3.96050,0.18310,3.02190,0.73570,0.01900,0,0,1,2429,39,0,1023,1023,0,1555,0
1636,5.31100,1.81680,2.66790,0.80640,0.01840,0,0,1,2429,39,0,1023,1023,0,1555,0
1637,3.55880,0.17700,2.55600,0.80540,0.01890,0,0,1,2429,39,0,1023,1023,0,1555,0
1638,3.57300,0.18520,2.63370,0.73240,0.02100,0,0,1,2429,39,0,1023,1023,0,1555,0
1639,3.48280,0.17580,2.57220,0.71550,0.01820,0,0,1,2429,39,0,1023,1023,0,1555,0
1640,3.66540,0.20280,2.69740,0.74520,0.01920,0,0,1,2429,39,0,1023,1023,0,1555,0
1641,3.65440,0.19320,2.67710,0.76090,0.02220,0,0,1,2429,39,0,1023,1023,0,1555,0
1642,3.85680,0.18610,2.87550,0.76500,0.02950,0,0,1,2429,39,0,1023,1023,0,1555,0
1643,3.94430,0.20590,2.86970,0.84620,0.02180,0,0,1,2429,39,0,1023,1023,0,1555,0
1644,3.71400,0.18130,2.68230,0.82700,0.02280,0,0,1,2429,39,0,1023,1023,0,1555,0
1645,3.60990,0.17950,2.54740,0.85850,0.02370,0,0,1,2429,39,0,1023,1023,0,1555,0
1646,3.42180,0.18940,2.45720,0.75480,0.01970,0,0,1,2429,39,0,1023,1023,0,1555,0
1647,3.42640,0.19280,2.47990,0.73390,0.01890,0,0,1,2429,39,0,1023,1023,0,1555,0
1648,3.49420,0.16890,2.56550,0.73010,0.02880,0,0,1,2429,39,0,1023,1023,0,1555,0
1649,3.40440,0.20400,2.45620,0.71930,0.02400,0,0,1,2429,39,0,1023,1023,0,1555,0
1650,3.42920,0.19450,2.43420,0.77660,0.02290,0,0,1,2429,39,0,1023,1023,0,1555,0
1651,5.20410,1.87260,2.54940,0.75810,0.02160,0,0,1,2429,39,0,1023,1023,0,1555,0
1652,3.56460,0.21690,2.59030,0.73600,0.02060,0,0,1,2429,39,0,1023,1023,0,1555,0
1653,3.46500,0.30900,2.37250,0.75600,0.02690,0,0,1,2429,39,0,1023,1023,0,1555,0
1654,3.44040,0.21490,2.36090,0.84000,0.02380,0,0,1,2429,39,0,1023,1023,0,1555,0
1655,3.48220,0.22390,2.48270,0.75400,0.02070,0,0,1,2429,39,0,1023,1023,0,1555,0
1656,3.42880,0.20450,2.41540,0.78220,0.02600,0,0,1,2429,39,0,1023,1023,0,1555,0
1657,3.48050,0.26720,2.42750,0.75440,0.03080,0,0,1,2429,39,0,1023,1023,0,1555,0
1658,3.43470,0.21560,2.39020,0.80440,0.02370,0,0,1,2429,39,0,1023,1023,0,1555,0
1659,3.41000,0.20700,2.44730,0.73090,0.02420,0,0,1,2429,39,0,1023,1023,0,1555,0
1660,3.40610,0.20940,2.28700,0.87840,0.03050,0,0,1,2429,39,0,1023,1023,0,1555,0
1661,3.33620,0.19620,2.38300,0.73140,0.02460,0,0,1,2429,39,0,1023,1023,0,1555,0
1662,3.29230,0.21750,2.29800,0.75290,0.02310,0,0,1,2429,39,0,1023,1023,0,1555,0
1663,3.32730,0.22790,2.34200,0.73450,0.02220,0,0,1,2429,39,0,1023,1023,0,1555,0
1664,3.48480,0.20350,2.53600,0.72200,0.02240,0,0,1,2429,39,0,1023,1023,0,1555,0
1665,3.36140,0.23130,2.26520,0.83950,0.02450,0,0,1,2429,39,0,1023,1023,0,1555,0
1666,4.96510,1.79670,2.39410,0.75050,0.02310,0,0,1,2429,39,0,1023,1023,0,1555,0
1667,3.43280,0.19740,2.38310,0.82990,0.02150,0,0,1,2429,39,0,1023,1023,0,1555,0
1668,3.36630,0.22510,2.31240,0.80780,0.02040,0,0,1,2429,39,0,1023,1023,0,1555,0
1669,3.23070,0.20570,2.26170,0.74130,0.02120,0,0,1,2429,39,0,1023,1023,0,1555,0
1670,3.33950,0.20820,2.30750,0.80270,0.02030,0,0,1,2429,39,0,1023,1023,0,1555,0
1671,3.32630,0.23250,2.32610,0.74210,0.02490,0,0,1,2429,39,0,1023,1023,0,1555,0
1672,3.27450,0.22530,2.29910,0.72730,0.02200,0,0,1,2429,39,0,1023,1023,0,1555,0
1673,3.23280,0.23010,2.27060,0.70880,0.02230,0,0,1,2429,39,0,1023,1023,0,1555,0
1674,3.34950,0.18750,2.35900,0.78140,0.02080,0,0,1,2429,39,0,1023,1023,0,1555,0
1675,3.38330,0.23070,2.33430,0.79660,0.02120,0,0,1,2429,39,0,1023,1023,0,1555,0
1676,3.29690,0.23320,2.28400,0.74680,0.03220,0,0,1,2429,39,0,1023,1023,0,1555,0
1677,3.31460,0.20600,2.33550,0.75210,0.02030,0,0,1,2429,39,0,1023,1023,0,1555,0
1678,3.33890,0.20960,2.27120,0.79140,0.06590,0,0,1,2429,39,0,1023,1023,0,1555,0
1679,3.27170,0.22870,2.31580,0.70590,0.02060,0,0,1,2429,39,0,1023,1023,0,1555,0
1680,3.27450,0.20440,2.31200,0.73260,0.02350,0,0,1,2429,39,0,1023,1023,0,1555,0
1681,5.27830,1.88120,2.61970,0.75010,0.02600,0,0,1,2429,39,0,1023,1023,0,1555,0
1682,3.66770,0.19650,2.70280,0.74590,0.02160,0,0,1,2429,39,0,1023,1023,0,1555,0
1683,3.51760,0.20230,2.56240,0.73040,0.02140,0,0,1,2429,39,0,1023,1023,0,1555,0
1684,3.52510,0.20010,2.48150,0.81640,0.02630,0,0,1,2429,39,0,1023,1023,0,1555,0
1685,3.50480,0.20870,2.51860,0.75310,0.02380,0,0,1,2429,39,0,1023,1023,0,1555,0
1686,3.51050,0.20960,2.45530,0.81950,0.02530,0,0,1,2429,39,0,1023,1023,0,1555,0
1687,3.65350,0.27600,2.49910,0.85150,0.02610,0,0,1,2429,40,0,1023,1023,0,1555,0
1688,3.34780,0.22430,2.34460,0.73970,0.03820,0,0,1,2429,40,0,1023,1023,0,1555,0
1689,3.29770,0.22820,2.32000,0.72620,0.02250,0,0,1,2429,40,0,1023,1023,0,1555,0
1690,3.38890,0.20690,2.40250,0.75460,0.02400,0,0,1,2429,40,0,1023,1023,0,1555,0
1691,3.32170,0.21810,2.35080,0.72990,0.02210,0,0,1,2429,40,0,1023,1023,0,1555,0
1692,3.26680,0.19670,2.31410,0.73390,0.02130,0,0,1,2429,40,0,1023,1023,0,1555,0
1693,3.27860,0.23040,2.29430,0.73080,0.02220,0,0,1,2429,40,0,1023,1023,0,1555,0
1694,3.23250,0.19910,2.26530,0.74050,0.02680,0,0,1,2429,40,0,1023,1023,0,1555,0
1695,3.27670,0.20380,2.30450,0.73790,0.02980,0,0,1,2429,40,0,1023,1023,0,1555,0
1696,4.92170,1.82130,2.33780,0.72040,0.04140,0,0,1,2429,40,0,1023,1023,0,1555,0
1697,3.32980,0.23100,2.34200,0.73260,0.02350,0,0,1,2429,40,0,1023,1023,0,1555,0
1698,3.24060,0.18470,2.28270,0.74520,0.02740,0,0,1,2429,40,0,1023,1023,0,1555,0
1699,3.44950,0.20420,2.46840,0.75120,0.02500,0,0,1,2429,40,0,1023,1023,0,1555,0
1700,3.20900,0.18590,2.26570,0.73190,0.02470,0,0,1,2429,40,0,1023,1023,0,1555,0
1701,3.26860,0.21350,2.30690,0.72410,0.02330,0,0,1,2429,40,0,1023,1023,0,1555,0
1702,3.29210,0.19470,2.32220,0.75070,0.02370,0,0,1,2429,40,0,1023,1023,0,1555,0
1703,3.30960,0.21110,2.25710,0.81940,0.02100,0,0,1,2429,40,0,1023,1023,0,1555,0
1704,3.24360,0.23280,2.26210,0.72550,0.02260,0,0,1,2429,40,0,1023,1023,0,1555,0
1705,3.29630,0.24240,2.24970,0.78180,0.02170,0,0,1,2429,40,0,1023,1023,0,1555,0
1706,3.36510,0.22580,2.29920,0.80720,0.03200,0,0,1,2429,40,0,1023,1023,0,1555,0
1707,3.31070,0.23210,2.24760,0.80720,0.02300,0,0,1,2429,40,0,1023,1023,0,1555,0
1708,3.33070,0.20030,2.25530,0.84520,0.02920,0,0,1,2429,40,0,1023,1023,0,1555,0
1709,3.29210,0.22840,2.31020,0.73080,0.02220,0,0,1,2429,40,0,1023,1023,0,1555,0
1710,3.16510,0.22430,2.18030,0.73850,0.02130,0,0,1,2429,40,0,1023,1023,0,1555,0
1711,6.85070,1.98860,3.96370,0.87130,0.02610,0,0,1,2429,40,0,1023,1023,0,1555,0
1712,5.88210,0.17730,4.87510,0.80960,0.01930,0,0,1,2429,40,0,1023,1023,0,1555,0
1713,5.60500,0.18720,4.52160,0.87870,0.01650,0,0,1,2429,40,0,1023,1023,0,1555,0
1714,4.90390,0.23100,3.79760,0.84850,0.02610,0,0,1,2429,40,0,1023,1023,0,1555,0
1715,4.83130,0.17800,3.82950,0.80570,0.01720,0,0,1,2429,40,0,1023,1023,0,1555,0
1716,4.56020,0.18760,3.47360,0.87900,0.01920,0,0,1,2429,40,0,1023,1023,0,1555,0
1717,4.79180,0.16740,3.82760,0.77880,0.01740,0,0,1,2429,40,0,1023,1023,0,1555,0
1718,4.55270,0.18770,3.59500,0.74510,0.02410,0,0,1,2429,40,0,1023,1023,0,1555,0
1719,3.92680,0.18490,2.96530,0.75590,0.02010,0,0,1,2429,40,0,1023,1023,0,1555,0
1720,4.44200,0.17680,3.46870,0.77890,0.01710,0,0,1,2429,40,0,1023,1023,0,1555,0
1721,3.94690,0.18870,2.95310,0.78400,0.02040,0,0,1,2429,40,0,1023,1023,0,1555,0
1722,3.91610,0.20070,2.93970,0.75440,0.02030,0,0,1,2429,40,0,1023,1023,0,1555,0
1723,3.88100,0.18060,2.91820,0.76290,0.01860,0,0,1,2429,40,0,1023,1023,0,1555,0
1724,4.51370,0.19010,3.48410,0.80460,0.03420,0,0,1,2429,40,0,1023,1023,0,1555,0
1725,3.95610,0.18950,2.98240,0.76590,0.01760,0,0,1,2429,40,0,1023,1023,0,1555,0
1726,5.71340,1.85480,3.05190,0.78380,0.02200,0,0,1,2429,40,0,1023,1023,0,1555,0
1727,3.98690,0.18150,2.99620,0.79110,0.01720,0,0,1,2429,40,0,1023,1023,0,1555,0
1728,4.30280,0.18210,2.92160,1.17920,0.01900,0,0,1,2429,40,0,1023,1023,0,1555,0
1729,4.09410,0.19620,2.94370,0.93370,0.01970,0,0,1,2429,40,0,1023,1023,0,1555,0
1730,3.99450,0.19120,2.91320,0.87050,0.01890,0,0,1,2429,40,0,1023,1023,0,1555,0
1731,3.94790,0.18080,2.93950,0.80760,0.01910,0,0,1,2429,40,0,1023,1023,0,1555,0
1732,3.76410,0.19000,2.74490,0.81150,0.01700,0,0,1,2429,40,0,1023,1023,0,1555,0
1733,3.87710,0.18220,2.79900,0.83440,0.06070,0,0,1,2429,40,0,1023,1023,0,1555,0
1734,3.52650,0.21930,2.56210,0.72690,0.01750,0,0,1,2429,40,0,1023,1023,0,1555,0
1735,3.92850,0.18910,2.85120,0.86900,0.01830,0,0,1,2429,40,0,1023,1023,0,1555,0
1736,3.75490,0.17540,2.71370,0.84760,0.01750,0,0,1,2429,40,0,1023,1023,0,1555,0
1737,3.75550,0.19410,2.72410,0.81310,0.02360,0,0,1,2429,40,0,1023,1023,0,1555,0
1738,3.58260,0.17310,2.64430,0.74680,0.01770,0,0,1,2429,40,0,1023,1023,0,1555,0
1739,3.46420,0.18980,2.54540,0.71320,0.01530,0,0,1,2429,40,0,1023,1023,0,1555,0
1740,3.65620,0.17140,2.73670,0.72650,0.02090,0,0,1,2429,40,0,1023,1023,0,1555,0
1741,5.32650,1.94450,2.63670,0.71930,0.02440,0,0,1,2429,40,0,1023,1023,0,1555,0
1742,3.49160,0.17330,2.53780,0.75330,0.02610,0,0,1,2429,40,0,1023,1023,0,1555,0
1743,3.60500,0.17920,2.55280,0.84630,0.02550,0,0,1,2429,40,0,1023,1023,0,1555,0
1744,3.46910,0.18060,2.54030,0.73010,0.01760,0,0,1,2429,40,0,1023,1023,0,1555,0
1745,3.59310,0.17720,2.66630,0.72640,0.02240,0,0,1,2429,40,0,1023,1023,0,1555,0
1746,3.97820,0.20040,2.96810,0.78140,0.02690,0,0,1,2429,40,0,1023,1023,0,1555,0
1747,3.45830,0.23380,2.45870,0.73730,0.02750,0,0,1,2429,41,0,1023,1023,0,1555,0
1748,3.44840,0.18080,2.51630,0.72700,0.02360,0,0,1,2429,41,0,1023,1023,0,1555,0
1749,3.56230,0.18050,2.63320,0.72460,0.02300,0,0,1,2429,41,0,1023,1023,0,1555,0
1750,3.80470,0.19850,2.73240,0.84490,0.02780,0,0,1,2429,41,0,1023,1023,0,1555,0
1751,3.43620,0.19000,2.48960,0.72770,0.02800,0,0,1,2429,41,0,1023,1023,0,1555,0
1752,3.51580,0.18790,2.48510,0.81700,0.02340,0,0,1,2429,41,0,1023,1023,0,1555,0
1753,5.08420,0.19090,4.09790,0.76480,0.02890,0,0,1,2429,41,0,1023,1023,0,1555,0
1754,3.61210,0.18080,2.58950,0.80910,0.03170,0,0,1,2429,41,0,1023,1023,0,1555,0
1755,3.50800,0.18530,2.49100,0.80360,0.02720,0,0,1,2429,41,0,1023,1023,0,1555,0
1756,6.89310,1.83330,4.10590,0.92410,0.02840,0,0,1,2429,41,0,1023,1023,0,1555,0
1757,3.65490,0.20280,2.69130,0.74080,0.01910,0,0,1,2429,41,0,1023,1023,0,1555,0
1758,3.78900,0.19410,2.49370,1.07240,0.02810,0,0,1,2429,41,0,1023,1023,0,1555,0
1759,3.47470,0.20470,2.45850,0.78390,0.02660,0,0,1,2429,41,0,1023,1023,0,1555,0
1760,3.52150,0.21390,2.53890,0.74530,0.02230,0,0,1,2429,41,0,1023,1023,0,1555,0
1761,3.41980,0.21540,2.39170,0.78490,0.02670,0,0,1,2429,41,0,1023,1023,0,1555,0
1762,3.56800,0.19390,2.58550,0.76070,0.02720,0,0,1,2429,41,0,1023,1023,0,1555,0
1763,3.47830,0.22180,2.42790,0.79130,0.03630,0,0,1,2429,41,0,1023,1023,0,1555,0
1764,3.52190,0.20180,2.47910,0.81130,0.02880,0,0,1,2429,41,0,1023,1023,0,1555,0
1765,3.63930,0.20120,2.63010,0.77490,0.03210,0,0,1,2429,41,0,1023,1023,0,1555,0
1766,3.34960,0.18910,2.38570,0.75220,0.02160,0,0,1,2429,41,0,1023,1023,0,1555,0
1767,3.37370,0.18970,2.37170,0.78320,0.02830,0,0,1,2429,41,0,1023,1023,0,1555,0
1768,3.84060,0.20690,2.60960,0.98420,0.03880,0,0,1,2429,41,0,1023,1023,0,1555,0
1769,4.83560,0.20400,3.75760,0.84020,0.03080,0,0,1,2429,41,0,1023,1023,0,1555,0
1770,3.53720,0.20010,2.56540,0.74030,0.03060,0,0,1,2429,41,0,1023,1023,0,1555,0
1771,5.20670,1.84900,2.53510,0.78970,0.03090,0,0,1,2429,41,0,1023,1023,0,1555,0
1772,3.66370,0.19710,2.65620,0.77710,0.03230,0,0,1,2429,41,0,1023,1023,0,1555,0
1773,3.62020,0.19810,2.62330,0.76240,0.03520,0,0,1,2429,41,0,1023,1023,0,1555,0
1774,3.89390,0.20550,2.74190,0.90730,0.03840,0,0,1,2429,41,0,1023,1023,0,1555,0
1775,3.31960,0.20840,2.31520,0.76420,0.03080,0,0,1,2429,41,0,1023,1023,0,1555,0
1776,3.26730,0.21280,2.28120,0.74650,0.02580,0,0,1,2429,41,0,1023,1023,0,1555,0
1777,3.24450,0.21100,2.28160,0.72340,0.02700,0,0,1,2429,41,0,1023,1023,0,1555,0
1778,3.36120,0.21960,2.29790,0.80880,0.03380,0,0,1,2429,41,0,1023,1023,0,1555,0
1779,3.44770,0.20230,2.34850,0.82090,0.07520,0,0,1,2429,41,0,1023,1023,0,1555,0
1780,3.24710,0.19960,2.26560,0.75940,0.02160,0,0,1,2429,41,0,1023,1023,0,1555,0
1781,3.29180,0.20330,2.32770,0.73480,0.02490,0,0,1,2429,41,0,1023,1023,0,1555,0
1782,3.22520,0.22290,2.26360,0.71210,0.02540,0,0,1,2429,41,0,1023,1023,0,1555,0
1783,3.36550,0.21240,2.37400,0.75670,0.02030,0,0,1,2429,41,0,1023,1023,0,1555,0
1784,3.21530,0.19660,2.25120,0.74310,0.02320,0,0,1,2429,41,0,1023,1023,0,1555,0
1785,3.32550,0.19420,2.32240,0.74460,0.06330,0,0,1,2429,41,0,1023,1023,0,1555,0
1786,4.97160,1.82210,2.40760,0.71660,0.02440,0,0,1,2429,41,0,1023,1023,0,1555,0
1787,3.58510,0.21050,2.59680,0.75230,0.02430,0,0,1,2429,41,0,1023,1023,0,1555,0
1788,3.43620,0.20380,2.38040,0.82740,0.02350,0,0,1,2429,41,0,1023,1023,0,1555,0
1789,3.32830,0.19310,2.36780,0.74450,0.02200,0,0,1,2429,41,0,1023,1023,0,1555,0
1790,3.37300,0.20670,2.32430,0.81990,0.02090,0,0,1,2429,41,0,1023,1023,0,1555,0
1791,3.40350,0.20760,2.38370,0.78780,0.02360,0,0,1,2429,41,0,1023,1023,0,1555,0
1792,3.35880,0.21070,2.35140,0.76860,0.02700,0,0,1,2429,41,0,1023,1023,0,1555,0
1793,3.26380,0.22520,2.25130,0.76210,0.02410,0,0,1,2429,41,0,1023,1023,0,1555,0
1794,3.30230,0.20140,2.27190,0.80570,0.02220,0,0,1,2429,41,0,1023,1023,0,1555,0
1795,3.38320,0.20180,2.32360,0.83440,0.02230,0,0,1,2429,41,0,1023,1023,0,1555,0
1796,3.30090,0.20290,2.25210,0.81450,0.02990,0,0,1,2429,41,0,1023,1023,0,1555,0
1797,3.39430,0.28380,2.27280,0.81360,0.02270,0,0,1,2429,41,0,1023,1023,0,1555,0
1798,3.38170,0.20860,2.37390,0.76790,0.03000,0,0,1,2429,41,0,1023,1023,0,1555,0
1799,3.42660,0.23990,2.38570,0.77040,0.02930,0,0,1,2429,41,0,1023,1023,0,1555,0
1800,3.30470,0.22720,2.28690,0.75810,0.03130,0,0,1,2429,41,0,1023,1023,0,1555,0
