frame,tick,dropped_ticks,frame_ms,pack_ms,upload_ms,submit_ms,upload_bytes,latest_gpu_ms,gpu_timing_timestamp,simulation_cpu_ms
301,150,0,1.82370,0.00000,0.00000,0.02280,0,-1.00000,665230984171,0.00000
302,151,0,1.04030,1.17370,0.12480,0.02100,1280000,-1.00000,665230992515,0.00000
303,151,0,1.78490,0.00000,0.00000,0.02080,0,-1.00000,665231010360,0.00000
304,152,0,0.38110,1.20720,0.09300,0.02000,1280000,-1.00000,665231020133,0.00000
305,152,0,1.72760,0.00000,0.00000,0.01870,0,-1.00000,665231038368,0.00000
306,153,0,0.33020,1.21420,0.11190,0.02060,1280000,-1.00000,665231048769,0.00000
307,153,0,1.74240,0.00000,0.00000,0.01910,0,-1.00000,665231066618,0.00000
308,154,0,1.74650,1.43250,0.09820,0.02230,1280000,-1.00000,665231070425,0.00000
309,154,0,1.98040,0.00000,0.00000,0.01950,0,-1.00000,665231087690,0.00000
310,155,0,1.59000,1.21940,0.09870,0.02250,1280000,-1.00000,665231091000,0.00000
311,155,0,1.82640,0.00000,0.00000,0.01940,0,-1.00000,665231108415,0.00000
312,156,0,0.35170,1.27090,0.11070,0.02190,1280000,-1.00000,665231125893,0.00000
313,156,0,1.82860,0.00000,0.00000,0.01720,0,-1.00000,665231145693,0.00000
314,157,0,0.32890,1.67060,0.21740,0.02250,1280000,-1.00000,665231161599,0.00000
315,157,0,2.33540,0.00000,0.00000,0.01810,0,-1.00000,665231179851,0.00000
316,158,0,0.33480,1.24200,0.12010,0.02070,1280000,-1.00000,665231183371,0.00000
317,158,0,1.78520,0.00000,0.00000,0.01830,0,-1.00000,665231201662,0.00000
318,159,0,0.32040,1.21730,0.09650,0.01800,1280000,-1.00000,665231204946,0.00000
319,159,0,2.27290,0.00000,0.00000,0.02300,0,-1.00000,665231228307,0.00000
320,160,0,1.33250,1.25900,0.09960,0.02190,1280000,-1.00000,665231231648,0.00000
321,160,0,1.99050,0.00000,0.00000,0.06290,0,-1.00000,665231249502,0.00000
322,161,0,0.93750,1.18840,0.10060,0.03660,1280000,-1.00000,665231252705,0.00000
323,161,0,1.78870,0.00000,0.00000,0.01900,0,-1.00000,665231275446,0.00000
324,162,0,0.96640,1.25490,0.10540,0.02390,1280000,-1.00000,665231288766,0.00000
325,162,0,1.81620,0.00000,0.00000,0.01860,0,-1.00000,665231308674,0.00000
326,163,0,1.01180,1.21410,0.11260,0.01890,1280000,-1.00000,665231318054,0.00000
327,163,0,1.76290,0.00000,0.00000,0.01830,0,-1.00000,665231335933,0.00000
328,164,0,2.56290,1.20970,0.10200,0.02080,1280000,-1.00000,665231345600,0.00000
329,164,0,1.73920,0.00000,0.00000,0.01760,0,-1.00000,665231363758,0.00000
330,165,0,0.33440,1.41960,0.10870,0.01800,1280000,-1.00000,665231373877,0.00000
331,165,0,1.90980,0.00000,0.00000,0.01620,0,-1.00000,665231391502,0.00000
332,166,0,0.31670,1.41460,0.10840,0.02370,1280000,-1.00000,665231417132,0.00000
333,166,0,1.96001,0.00000,0.00000,0.01870,0,-1.00000,665231434524,0.00000
334,167,0,0.65709,1.22580,0.12220,0.02200,1280000,-1.00000,665231437868,0.00000
335,167,0,1.81240,0.00000,0.00000,0.01820,0,-1.00000,665231456963,0.00000
336,168,0,2.43740,1.22190,0.09510,0.01950,1280000,-1.00000,665231460132,0.00000
337,168,0,1.72640,0.00000,0.00000,0.01770,0,-1.00000,665231479735,0.00000
338,169,0,0.40560,1.37200,0.09980,0.01850,1280000,-1.00000,665231486307,0.00000
339,169,0,1.89120,0.00000,0.00000,0.01710,0,-1.00000,665231504427,0.00000
340,170,0,0.65770,1.25070,0.10200,0.01790,1280000,-1.00000,665231528810,0.00000
341,170,0,1.81250,0.00000,0.00000,0.01780,0,-1.00000,665231546066,0.00000
342,171,0,1.93050,1.28590,0.10800,0.03100,1280000,-1.00000,665231550160,0.00000
343,171,0,1.92210,0.00000,0.00000,0.02330,0,-1.00000,665231569033,0.00000
344,172,0,0.40720,1.25230,0.10100,0.02580,1280000,-1.00000,665231575610,0.00000
345,172,0,1.81900,0.00000,0.00000,0.01890,0,-1.00000,665231593735,0.00000
346,173,0,0.52380,1.41120,0.11260,0.02060,1280000,-1.00000,665231613046,0.00000
347,173,0,1.97930,0.00000,0.00000,0.01880,0,-1.00000,665231632267,0.00000
348,174,0,0.49799,1.83590,0.11290,0.02200,1280000,-1.00000,665231636344,0.00000
349,174,0,2.42611,0.00000,0.00000,0.02140,0,-1.00000,665231654524,0.00000
350,175,0,0.36780,1.35840,0.11300,0.02030,1280000,-1.00000,665231659766,0.00000
351,175,0,1.87970,0.00000,0.00000,0.01780,0,-1.00000,665231679560,0.00000
352,176,0,0.31170,1.30690,0.11320,0.01870,1280000,-1.00000,665231684534,0.00000
353,176,0,2.01790,0.00000,0.00000,0.01960,0,-1.00000,665231708795,0.00000
354,177,0,1.44710,1.22620,0.09880,0.01990,1280000,-1.00000,665231712470,0.00000
355,177,0,1.93120,0.00000,0.00000,0.01990,0,-1.00000,665231731269,0.00000
356,178,0,0.95030,1.31750,0.09010,0.02250,1280000,-1.00000,665231734386,0.00000
357,178,0,1.84230,0.00000,0.00000,0.05470,0,-1.00000,665231754567,0.00000
358,179,0,0.50340,1.18250,0.10840,0.02200,1280000,-1.00000,665231769044,0.00000
359,179,0,1.77750,0.00000,0.00000,0.01880,0,-1.00000,665231788352,0.00000
360,180,0,0.42030,1.20620,0.10640,0.02260,1280000,-1.00000,665231797859,0.00000
361,180,0,1.75540,0.00000,0.00000,0.01830,0,-1.00000,665231816284,0.00000
362,181,0,0.80890,1.24040,0.09800,0.01920,1280000,-1.00000,665231821312,0.00000
363,181,0,1.81740,0.00000,0.00000,0.01720,0,-1.00000,665231839089,0.00000
364,182,0,1.01110,1.20860,0.12170,0.01830,1280000,-1.00000,665231843286,0.00000
365,182,0,1.76229,0.00000,0.00000,0.01920,0,-1.00000,665231860843,0.00000
366,183,0,1.00900,1.20850,0.09930,0.02100,1280000,-1.00000,665231868933,0.00000
367,183,0,1.79790,0.00000,0.00000,0.01820,0,-1.00000,665231887104,0.00000
368,184,0,0.93550,1.25870,0.10560,0.02010,1280000,-1.00000,665231897215,0.00000
369,184,0,1.83570,0.00000,0.00000,0.02230,0,-1.00000,665231914838,0.00000
370,185,0,0.93900,1.75700,0.12040,0.03270,1280000,-1.00000,665231924927,0.00000
371,185,0,2.56200,0.00000,0.00000,0.02530,0,-1.00000,665231942908,0.00000
372,186,0,0.69430,1.24140,0.09400,0.02190,1280000,-1.00000,665231952261,0.00000
373,186,0,2.27450,0.00000,0.00000,0.02180,0,-1.00000,665231970622,0.00000
374,187,0,0.37550,1.20460,0.10690,0.02110,1280000,-1.00000,665231980013,0.00000
375,187,0,2.38180,0.00000,0.00000,0.02060,0,-1.00000,665232005746,0.00000
376,188,0,0.37370,1.42000,0.10900,0.02120,1280000,-1.00000,665232012578,0.00000
377,188,0,1.96800,0.00000,0.00000,0.01760,0,-1.00000,665232035318,0.00000
378,189,0,0.70580,1.18500,0.20560,0.01900,1280000,-1.00000,665232039072,0.00000
379,189,0,1.87890,0.00000,0.00000,0.01710,0,-1.00000,665232062897,0.00000
380,190,0,0.33210,1.83810,0.12220,0.02320,1280000,-1.00000,665232066627,0.00000
381,190,0,2.41720,0.00000,0.00000,0.02040,0,-1.00000,665232086307,0.00000
382,191,0,1.00170,1.16320,0.10600,0.02260,1280000,-1.00000,665232093363,0.00000
383,191,0,1.73340,0.00000,0.00000,0.01780,0,-1.00000,665232112157,0.00000
384,192,0,2.47540,1.24430,0.11290,0.01930,1280000,-1.00000,665232115475,0.00000
385,192,0,1.77500,0.00000,0.00000,0.01660,0,-1.00000,665232139640,0.00000
386,193,0,0.31900,1.15480,0.11080,0.01910,1280000,-1.00000,665232149670,0.00000
387,193,0,1.75390,0.00000,0.00000,0.02280,0,-1.00000,665232167001,0.00000
388,194,0,0.40960,1.24780,0.09740,0.01900,1280000,-1.00000,665232191763,0.00000
389,194,0,1.75910,0.00000,0.00000,0.01710,0,-1.00000,665232209503,0.00000
390,195,0,1.11190,1.16310,0.11520,0.02130,1280000,-1.00000,665232212692,0.00000
391,195,0,1.78369,0.00000,0.00000,0.02190,0,-1.00000,665232230247,0.00000
392,196,0,1.06210,1.29810,0.09850,0.02590,1280000,-1.00000,665232234333,0.00000
393,196,0,1.88430,0.00000,0.00000,0.01770,0,-1.00000,665232251922,0.00000
394,197,0,2.21520,1.20980,0.11420,0.02190,1280000,-1.00000,665232263045,0.00000
395,197,0,1.72920,0.00000,0.00000,0.01790,0,-1.00000,665232280872,0.00000
396,198,0,0.33120,1.23760,0.09660,0.01770,1280000,-1.00000,665232291508,0.00000
397,198,0,1.73870,0.00000,0.00000,0.01600,0,-1.00000,665232310343,0.00000
398,199,0,0.48030,1.20660,0.11390,0.01750,1280000,-1.00000,665232332498,0.00000
399,199,0,1.74131,0.00000,0.00000,0.01720,0,-1.00000,665232349782,0.00000
400,200,0,1.10020,1.32750,0.14350,0.02220,1280000,-1.00000,665232353092,0.00000
401,200,0,1.89970,0.00000,0.00000,0.01950,0,-1.00000,665232370479,0.00000
402,201,0,0.87389,1.19710,0.10350,0.01820,1280000,-1.00000,665232375279,0.00000
403,201,0,1.70990,0.00000,0.00000,0.01710,0,-1.00000,665232392698,0.00000
404,202,0,0.99970,1.19340,0.12190,0.01810,1280000,-1.00000,665232403711,0.00000
405,202,0,1.83090,0.00000,0.00000,0.02250,0,-1.00000,665232422697,0.00000
406,203,0,2.97479,1.24990,0.10830,0.02030,1280000,-1.00000,665232431440,0.00000
407,203,0,1.80340,0.00000,0.00000,0.01740,0,-1.00000,665232448534,0.00000
408,204,0,1.63140,1.23720,0.12120,0.02240,1280000,-1.00000,665232458533,0.00000
409,204,0,1.83080,0.00000,0.00000,0.01680,0,-1.00000,665232476841,0.00000
410,205,0,0.36530,1.26010,0.12310,0.02240,1280000,-1.00000,665232506590,0.00000
411,205,0,1.87360,0.00000,0.00000,0.02050,0,-1.00000,665232524624,0.00000
412,206,0,1.82950,1.18690,0.09840,0.01970,1280000,-1.00000,665232540933,0.00000
413,206,0,1.72720,0.00000,0.00000,0.01690,0,-1.00000,665232559252,0.00000
414,207,0,0.34120,1.74860,0.11870,0.02360,1280000,-1.00000,665232562902,0.00000
415,207,0,2.31890,0.00000,0.00000,0.02350,0,-1.00000,665232581639,0.00000
416,208,0,0.41710,1.75500,0.11960,0.02710,1280000,-1.00000,665232599936,0.00000
417,208,0,2.37781,0.00000,0.00000,0.01990,0,-1.00000,665232617201,0.00000
418,209,0,0.36939,1.73260,0.11520,0.02020,1280000,-1.00000,665232620611,0.00000
419,209,0,2.27870,0.00000,0.00000,0.02260,0,-1.00000,665232643810,0.00000
420,210,0,1.28851,1.31250,0.12250,0.05540,1280000,-1.00000,665232647976,0.00000
421,210,0,2.15750,0.00000,0.00000,0.02340,0,-1.00000,665232671759,0.00000
422,211,0,0.71730,1.44850,0.12720,0.03630,1280000,-1.00000,665232675444,0.00000
423,211,0,2.43210,0.00000,0.00000,0.02240,0,-1.00000,665232698240,0.00000
424,212,0,0.54150,1.43990,0.11170,0.02840,1280000,-1.00000,665232711136,0.00000
425,212,0,2.45960,0.00000,0.00000,0.01720,0,-1.00000,665232732728,0.00000
426,213,0,0.41069,1.17840,0.10970,0.01890,1280000,-1.00000,665232739892,0.00000
427,213,0,1.72310,0.00000,0.00000,0.01660,0,-1.00000,665232764214,0.00000
428,214,0,1.02550,1.22820,0.10840,0.01920,1280000,-1.00000,665232769633,0.00000
429,214,0,1.77050,0.00000,0.00000,0.01740,0,-1.00000,665232794213,0.00000
430,215,0,1.10790,1.18690,0.11420,0.02250,1280000,-1.00000,665232798303,0.00000
431,215,0,1.76640,0.00000,0.00000,0.01910,0,-1.00000,665232815535,0.00000
432,216,0,0.97700,1.22290,0.09710,0.02040,1280000,-1.00000,665232825798,0.00000
433,216,0,1.78480,0.00000,0.00000,0.01940,0,-1.00000,665232843495,0.00000
434,217,0,0.93290,1.13530,0.11220,0.01730,1280000,-1.00000,665232854579,0.00000
435,217,0,1.66060,0.00000,0.00000,0.01680,0,-1.00000,665232872238,0.00000
436,218,0,0.30520,1.18440,0.10140,0.01940,1280000,-1.00000,665232882013,0.00000
437,218,0,1.69540,0.00000,0.00000,0.02340,0,-1.00000,665232899857,0.00000
438,219,0,1.00350,1.15680,0.11140,0.02500,1280000,-1.00000,665232909189,0.00000
439,219,0,1.78300,0.00000,0.00000,0.01960,0,-1.00000,665232925789,0.00000
440,220,0,0.57550,1.22370,0.10330,0.01970,1280000,-1.00000,665232928840,0.00000
441,220,0,1.74810,0.00000,0.00000,0.01740,0,-1.00000,665232945797,0.00000
442,221,0,1.74090,1.18600,0.10700,0.02180,1280000,-1.00000,665232955838,0.00000
443,221,0,1.77370,0.00000,0.00000,0.01860,0,-1.00000,665232973664,0.00000
444,222,0,0.34180,1.22490,0.11380,0.01750,1280000,-1.00000,665232979417,0.00000
445,222,0,1.72550,0.00000,0.00000,0.01640,0,-1.00000,665232996898,0.00000
446,223,0,1.77140,1.31020,0.16990,0.02250,1280000,-1.00000,665233014314,0.00000
447,223,0,1.94720,0.00000,0.00000,0.01870,0,-1.00000,665233032044,0.00000
448,224,0,0.34310,1.21540,0.11090,0.02170,1280000,-1.00000,665233035462,0.00000
449,224,0,1.81070,0.00000,0.00000,0.01760,0,-1.00000,665233052714,0.00000
450,225,0,0.33780,1.71700,0.12360,0.02020,1280000,-1.00000,665233070441,0.00000
451,225,0,2.26640,0.00000,0.00000,0.01740,0,-1.00000,665233089904,0.00000
452,226,0,2.58080,1.80930,0.11760,0.02410,1280000,-1.00000,665233093339,0.00000
453,226,0,2.35120,0.00000,0.00000,0.01900,0,-1.00000,665233111441,0.00000
454,227,0,0.36070,1.74580,0.10220,0.01960,1280000,-1.00000,665233114817,0.00000
455,227,0,2.28490,0.00000,0.00000,0.01730,0,-1.00000,665233137485,0.00000
456,228,0,0.36030,1.18930,0.11350,0.02060,1280000,-1.00000,665233163300,0.00000
457,228,0,1.80750,0.00000,0.00000,0.02170,0,-1.00000,665233186804,0.00000
458,229,0,0.35530,1.75300,0.10610,0.02000,1280000,-1.00000,665233190412,0.00000
459,229,0,2.28270,0.00000,0.00000,0.01750,0,-1.00000,665233213261,0.00000
460,230,0,0.33330,1.82630,0.10740,0.02190,1280000,-1.00000,665233216862,0.00000
461,230,0,2.39830,0.00000,0.00000,0.01880,0,-1.00000,665233234939,0.00000
462,231,0,0.34180,1.69280,0.14400,0.02590,1280000,-1.00000,665233238490,0.00000
463,231,0,2.28680,0.00000,0.00000,0.02180,0,-1.00000,665233261317,0.00000
464,232,0,0.52720,1.23670,0.10650,0.02600,1280000,-1.00000,665233264648,0.00000
465,232,0,1.87780,0.00000,0.00000,0.02060,0,-1.00000,665233288635,0.00000
466,233,0,0.54720,1.70140,0.10250,0.01830,1280000,-1.00000,665233292052,0.00000
467,233,0,2.31390,0.00000,0.00000,0.01960,0,-1.00000,665233314922,0.00000
468,234,0,0.48151,1.26050,0.18290,0.02190,1280000,-1.00000,665233320194,0.00000
469,234,0,1.87680,0.00000,0.00000,0.02000,0,-1.00000,665233338972,0.00000
470,235,0,2.14040,1.11260,0.10910,0.01930,1280000,-1.00000,665233344446,0.00000
471,235,0,1.66870,0.00000,0.00000,0.01770,0,-1.00000,665233367578,0.00000
472,236,0,0.33760,1.41650,0.14920,0.02180,1280000,-1.00000,665233372390,0.00000
473,236,0,1.99490,0.00000,0.00000,0.01840,0,-1.00000,665233391161,0.00000
474,237,0,0.33840,1.69350,0.11250,0.01760,1280000,-1.00000,665233412565,0.00000
475,237,0,2.21930,0.00000,0.00000,0.01790,0,-1.00000,665233429252,0.00000
476,238,0,0.39830,1.19830,0.09870,0.02140,1280000,-1.00000,665233432627,0.00000
477,238,0,1.77080,0.00000,0.00000,0.01710,0,-1.00000,665233452577,0.00000
478,239,0,1.73501,1.15350,0.11190,0.01770,1280000,-1.00000,665233455960,0.00000
479,239,0,1.73780,0.00000,0.00000,0.01630,0,-1.00000,665233478151,0.00000
480,240,0,1.96410,1.27340,0.17980,0.02290,1280000,-1.00000,665233482145,0.00000
481,240,0,1.94040,0.00000,0.00000,0.02000,0,-1.00000,665233499865,0.00000
482,241,0,0.39500,1.15790,0.10680,0.01800,1280000,-1.00000,665233517201,0.00000
483,241,0,1.72390,0.00000,0.00000,0.01770,0,-1.00000,665233534573,0.00000
484,242,0,0.33460,1.15380,0.10580,0.02150,1280000,-1.00000,665233554223,0.00000
485,242,0,1.68530,0.00000,0.00000,0.02070,0,-1.00000,665233573622,0.00000
486,243,0,1.00060,1.18380,0.17040,0.03970,1280000,-1.00000,665233577568,0.00000
487,243,0,3.07110,0.00000,0.00000,0.06330,0,-1.00000,665233594809,0.00000
488,244,0,1.28970,1.51960,0.09650,0.03040,1280000,-1.00000,665233598152,0.00000
489,244,0,2.50630,0.00000,0.00000,0.02240,0,-1.00000,665233615010,0.00000
490,245,0,0.44250,1.12150,0.10230,0.02060,1280000,-1.00000,665233625018,0.00000
491,245,0,1.63680,0.00000,0.00000,0.01810,0,-1.00000,665233655825,0.00000
492,246,0,0.86490,1.23090,0.11330,0.02070,1280000,-1.00000,665233668727,0.00000
493,246,0,1.79720,0.00000,0.00000,0.01790,0,-1.00000,665233693703,0.00000
494,247,0,2.37260,1.12300,0.11110,0.01980,1280000,-1.00000,665233698112,0.00000
495,247,0,1.66020,0.00000,0.00000,0.01670,0,-1.00000,665233714478,0.00000
496,248,0,0.33200,1.21700,0.12280,0.02090,1280000,-1.00000,665233723136,0.00000
497,248,0,1.76220,0.00000,0.00000,0.01730,0,-1.00000,665233741101,0.00000
498,249,0,0.54380,1.16390,0.11120,0.01860,1280000,-1.00000,665233764827,0.00000
499,249,0,1.70560,0.00000,0.00000,0.01660,0,-1.00000,665233781426,0.00000
500,250,0,0.32010,1.74540,0.10330,0.02310,1280000,-1.00000,665233784744,0.00000
501,250,0,2.29680,0.00000,0.00000,0.02000,0,-1.00000,665233802370,0.00000
502,251,0,2.63650,1.16740,0.11420,0.01900,1280000,-1.00000,665233807811,0.00000
503,251,0,1.69510,0.00000,0.00000,0.01700,0,-1.00000,665233824864,0.00000
504,252,0,0.32200,1.57700,0.21250,0.02230,1280000,-1.00000,665233828066,0.00000
505,252,0,2.21880,0.00000,0.00000,0.01820,0,-1.00000,665233851034,0.00000
506,253,0,0.36730,1.12800,0.10130,0.01670,1280000,-1.00000,665233877399,0.00000
507,253,0,2.12210,0.00000,0.00000,0.02300,0,-1.00000,665233894347,0.00000
508,254,0,0.47500,1.74340,0.08950,0.01970,1280000,-1.00000,665233897565,0.00000
509,254,0,2.26770,0.00000,0.00000,0.02330,0,-1.00000,665233919755,0.00000
510,255,0,0.43860,1.42930,0.11850,0.02660,1280000,-1.00000,665233923426,0.00000
511,255,0,2.14810,0.00000,0.00000,0.02000,0,-1.00000,665233944654,0.00000
512,256,0,0.50740,1.20400,0.09380,0.02540,1280000,-1.00000,665233949397,0.00000
513,256,0,13.59810,0.00000,0.00000,0.02310,0,-1.00000,665233972082,0.00000
514,257,0,0.47550,1.16300,0.09250,0.01990,1280000,-1.00000,665233976464,0.00000
515,257,0,1.80310,0.00000,0.00000,0.01680,0,-1.00000,665233997951,0.00000
516,258,0,0.44070,1.09960,0.12560,0.01780,1280000,-1.00000,665234003020,0.00000
517,258,0,1.69250,0.00000,0.00000,0.01640,0,-1.00000,665234139011,0.00000
518,259,0,0.37990,1.23060,0.16650,0.02100,1280000,-1.00000,665234143755,0.00000
519,259,0,1.90320,0.00000,0.00000,0.02240,0,-1.00000,665234161783,0.00000
520,260,0,0.44570,1.15710,0.10250,0.02130,1280000,-1.00000,665234166188,0.00000
521,260,0,1.76770,0.00000,0.00000,0.01780,0,-1.00000,665234183113,0.00000
522,261,0,0.38070,1.14470,0.10180,0.01790,1280000,-1.00000,665234186913,0.00000
523,261,0,1.64020,0.00000,0.00000,0.01650,0,-1.00000,665234205950,0.00000
524,262,0,0.48180,1.18530,0.12120,0.02260,1280000,-1.00000,665234210400,0.00000
525,262,0,1.80950,0.00000,0.00000,0.02220,0,-1.00000,665234228081,0.00000
526,263,0,0.43010,1.16950,0.11240,0.02620,1280000,-1.00000,665234231884,0.00000
527,263,0,1.77100,0.00000,0.00000,0.01860,0,-1.00000,665234248289,0.00000
528,264,0,0.36640,1.19510,0.09400,0.02470,1280000,-1.00000,665234253112,0.00000
529,264,0,1.76190,0.00000,0.00000,0.02210,0,-1.00000,665234271209,0.00000
530,265,0,0.44980,1.17920,0.10660,0.02000,1280000,-1.00000,665234275498,0.00000
531,265,0,1.77400,0.00000,0.00000,0.01840,0,-1.00000,665234293226,0.00000
532,266,0,0.37530,1.82210,0.10730,0.02490,1280000,-1.00000,665234296888,0.00000
533,266,0,2.36100,0.00000,0.00000,0.01900,0,-1.00000,665234314498,0.00000
534,267,0,0.41090,1.75200,0.10950,0.01850,1280000,-1.00000,665234319001,0.00000
535,267,0,2.28760,0.00000,0.00000,0.01690,0,-1.00000,665234336739,0.00000
536,268,0,0.33590,1.22430,0.11420,0.01980,1280000,-1.00000,665234340488,0.00000
537,268,0,1.75360,0.00000,0.00000,0.01810,0,-1.00000,665234364096,0.00000
538,269,0,0.34270,1.23180,0.14780,0.02230,1280000,-1.00000,665234368199,0.00000
539,269,0,1.82900,0.00000,0.00000,0.02020,0,-1.00000,665234391082,0.00000
540,270,0,0.35260,1.22340,0.11220,0.01780,1280000,-1.00000,665234394441,0.00000
541,270,0,1.76380,0.00000,0.00000,0.01740,0,-1.00000,665234411975,0.00000
542,271,0,0.35810,1.70110,0.10650,0.01790,1280000,-1.00000,665234415402,0.00000
543,271,0,2.21690,0.00000,0.00000,0.01660,0,-1.00000,665234433700,0.00000
544,272,0,0.33000,1.18940,0.11820,0.01700,1280000,-1.00000,665234437219,0.00000
545,272,0,1.70610,0.00000,0.00000,0.01670,0,-1.00000,665234454858,0.00000
546,273,0,0.37750,1.21220,0.11340,0.02350,1280000,-1.00000,665234458436,0.00000
547,273,0,1.76580,0.00000,0.00000,0.02130,0,-1.00000,665234480607,0.00000
548,274,0,0.36930,1.22980,0.10070,0.02010,1280000,-1.00000,665234483906,0.00000
549,274,0,1.73960,0.00000,0.00000,0.01740,0,-1.00000,665234500966,0.00000
550,275,0,0.33109,1.74060,0.11200,0.01780,1280000,-1.00000,665234504752,0.00000
551,275,0,2.33970,0.00000,0.00000,0.02150,0,-1.00000,665234522412,0.00000
552,276,0,0.36740,1.15820,0.10520,0.02380,1280000,-1.00000,665234526096,0.00000
553,276,0,1.72020,0.00000,0.00000,0.01880,0,-1.00000,665234543494,0.00000
554,277,0,0.35900,1.40870,0.14060,0.02250,1280000,-1.00000,665234546800,0.00000
555,277,0,1.99010,0.00000,0.00000,0.01840,0,-1.00000,665234570201,0.00000
556,278,0,0.36330,1.18290,0.11090,0.02000,1280000,-1.00000,665234573881,0.00000
557,278,0,1.76580,0.00000,0.00000,0.01710,0,-1.00000,665234591079,0.00000
558,279,0,0.40360,1.12640,0.10840,0.02470,1280000,-1.00000,665234594667,0.00000
559,279,0,1.73620,0.00000,0.00000,0.01840,0,-1.00000,665234614570,0.00000
560,280,0,0.80400,1.22180,0.09900,0.02460,1280000,-1.00000,665234618199,0.00000
561,280,0,1.87190,0.00000,0.00000,0.01930,0,-1.00000,665234635857,0.00000
562,281,0,0.75900,1.16570,0.09650,0.02030,1280000,-1.00000,665234639897,0.00000
563,281,0,2.76910,0.00000,0.00000,0.02290,0,-1.00000,665234657263,0.00000
564,282,0,1.26890,1.22540,0.10450,0.02080,1280000,-1.00000,665234665303,0.00000
565,282,0,1.77590,0.00000,0.00000,0.01830,0,-1.00000,665234684016,0.00000
566,283,0,0.91640,1.11780,0.11890,0.02110,1280000,-1.00000,665234691608,0.00000
567,283,0,1.72240,0.00000,0.00000,0.01780,0,-1.00000,665234719307,0.00000
568,284,0,0.98700,1.23800,0.10080,0.02240,1280000,-1.00000,665234731983,0.00000
569,284,0,1.86310,0.00000,0.00000,0.01930,0,-1.00000,665234749741,0.00000
570,285,0,0.84320,1.13420,0.11480,0.01920,1280000,-1.00000,665234758910,0.00000
571,285,0,1.69800,0.00000,0.00000,0.02280,0,-1.00000,665234776126,0.00000
572,286,0,1.02929,1.22180,0.10440,0.02120,1280000,-1.00000,665234786015,0.00000
573,286,0,1.77080,0.00000,0.00000,0.01710,0,-1.00000,665234804638,0.00000
574,287,0,2.22990,1.13190,0.10740,0.02450,1280000,-1.00000,665234813068,0.00000
575,287,0,1.66940,0.00000,0.00000,0.02020,0,-1.00000,665234830045,0.00000
576,288,0,0.34350,1.18510,0.10990,0.01810,1280000,-1.00000,665234840338,0.00000
577,288,0,1.70240,0.00000,0.00000,0.02190,0,-1.00000,665234858046,0.00000
578,289,0,1.48180,1.72640,0.13990,0.02650,1280000,-1.00000,665234880349,0.00000
579,289,0,2.40440,0.00000,0.00000,0.02010,0,-1.00000,665234897043,0.00000
580,290,0,0.37490,1.32890,0.10630,0.02170,1280000,-1.00000,665234900472,0.00000
581,290,0,1.89259,0.00000,0.00000,0.01810,0,-1.00000,665234917504,0.00000
582,291,0,0.38941,1.35160,0.10120,0.02200,1280000,-1.00000,665234932321,0.00000
583,291,0,1.90699,0.00000,0.00000,0.01920,0,-1.00000,665234956372,0.00000
584,292,0,0.35371,1.15450,0.11440,0.02020,1280000,-1.00000,665234960115,0.00000
585,292,0,1.70339,0.00000,0.00000,0.02270,0,-1.00000,665234979047,0.00000
586,293,0,0.40700,1.49150,0.10370,0.02790,1280000,-1.00000,665234982930,0.00000
587,293,0,2.26100,0.00000,0.00000,0.02210,0,-1.00000,665235002002,0.00000
588,294,0,0.57399,2.04650,0.13360,0.05060,1280000,-1.00000,665235005539,0.00000
589,294,0,3.34211,0.00000,0.00000,0.03990,0,-1.00000,665235022579,0.00000
590,295,0,0.72389,1.77370,0.12790,0.04190,1280000,-1.00000,665235026650,0.00000
591,295,0,2.78920,0.00000,0.00000,0.03320,0,-1.00000,665235049271,0.00000
592,296,0,0.59960,1.41590,0.11330,0.02890,1280000,-1.00000,665235055021,0.00000
593,296,0,2.37550,0.00000,0.00000,0.03440,0,-1.00000,665235088475,0.00000
594,297,0,0.54650,1.13180,0.14730,0.03910,1280000,-1.00000,665235095679,0.00000
595,297,0,1.99561,0.00000,0.00000,0.02520,0,-1.00000,665235123589,0.00000
596,298,0,0.47569,1.55980,0.10640,0.03330,1280000,-1.00000,665235129556,0.00000
597,298,0,2.22230,0.00000,0.00000,0.01960,0,-1.00000,665235153345,0.00000
598,299,0,0.38570,1.25890,0.18460,0.02190,1280000,-1.00000,665235158768,0.00000
599,299,0,1.90240,0.00000,0.00000,0.02270,0,-1.00000,665235178750,0.00000
600,300,0,0.40510,1.22350,0.10080,0.02240,1280000,-1.00000,665235183493,0.00000
601,300,0,1.76700,0.00000,0.00000,0.02190,0,-1.00000,665235205723,0.00000
602,301,0,0.39850,1.20720,0.12760,0.02310,1280000,-1.00000,665235209557,0.00000
603,301,0,1.74940,0.00000,0.00000,0.02020,0,-1.00000,665235228578,0.00000
604,302,0,0.38720,1.18540,0.10540,0.02150,1280000,-1.00000,665235232629,0.00000
605,302,0,1.74220,0.00000,0.00000,0.01800,0,-1.00000,665235250309,0.00000
606,303,0,0.93870,1.11950,0.12860,0.03890,1280000,-1.00000,665235254284,0.00000
607,303,0,1.87240,0.00000,0.00000,0.02440,0,-1.00000,665235271782,0.00000
608,304,0,0.53120,1.71540,0.18280,0.02610,1280000,-1.00000,665235275647,0.00000
609,304,0,2.59169,0.00000,0.00000,0.03490,0,-1.00000,665235293072,0.00000
610,305,0,0.52240,1.26060,0.10250,0.02460,1280000,-1.00000,665235302457,0.00000
611,305,0,1.85631,0.00000,0.00000,0.02360,0,-1.00000,665235321216,0.00000
612,306,0,0.47370,1.17030,0.09650,0.02930,1280000,-1.00000,665235326522,0.00000
613,306,0,1.82930,0.00000,0.00000,0.02170,0,-1.00000,665235352443,0.00000
614,307,0,0.43190,1.12710,0.09860,0.02390,1280000,-1.00000,665235357636,0.00000
615,307,0,1.77420,0.00000,0.00000,0.02450,0,-1.00000,665235376216,0.00000
616,308,0,0.45200,1.17570,0.09940,0.03490,1280000,-1.00000,665235380934,0.00000
617,308,0,1.89800,0.00000,0.00000,0.02350,0,-1.00000,665235399236,0.00000
618,309,0,2.99750,1.14150,0.12060,0.03210,1280000,-1.00000,665235403557,0.00000
619,309,0,1.86270,0.00000,0.00000,0.02280,0,-1.00000,665235421297,0.00000
620,310,0,0.45820,1.18990,0.19360,0.02580,1280000,-1.00000,665235425809,0.00000
621,310,0,2.06700,0.00000,0.00000,0.02310,0,-1.00000,665235444799,0.00000
622,311,0,0.39870,1.10190,0.12450,0.02280,1280000,-1.00000,665235474792,0.00000
623,311,0,1.70080,0.00000,0.00000,0.01870,0,-1.00000,665235493400,0.00000
624,312,0,0.40680,1.28390,0.11490,0.02790,1280000,-1.00000,665235497972,0.00000
625,312,0,1.93620,0.00000,0.00000,0.02330,0,-1.00000,665235518654,0.00000
626,313,0,0.49220,1.14260,0.11970,0.02540,1280000,-1.00000,665235522633,0.00000
627,313,0,1.79450,0.00000,0.00000,0.02270,0,-1.00000,665235539640,0.00000
628,314,0,0.85520,1.24540,0.13360,0.04160,1280000,-1.00000,665235543708,0.00000
629,314,0,2.11500,0.00000,0.00000,0.02160,0,-1.00000,665235563089,0.00000
630,315,0,0.57820,1.11160,0.12310,0.03010,1280000,-1.00000,665235567989,0.00000
631,315,0,1.78600,0.00000,0.00000,0.01900,0,-1.00000,665235585943,0.00000
632,316,0,0.99140,1.32620,0.10560,0.02770,1280000,-1.00000,665235594497,0.00000
633,316,0,2.16790,0.00000,0.00000,0.02050,0,-1.00000,665235615667,0.00000
634,317,0,0.47940,1.17410,0.12490,0.02800,1280000,-1.00000,665235621425,0.00000
635,317,0,1.82200,0.00000,0.00000,0.03040,0,-1.00000,665235639287,0.00000
636,318,0,0.89560,1.19290,0.11580,0.03530,1280000,-1.00000,665235649224,0.00000
637,318,0,2.07209,0.00000,0.00000,0.03810,0,-1.00000,665235670887,0.00000
638,319,0,0.68321,1.09370,0.10790,0.02360,1280000,-1.00000,665235675669,0.00000
639,319,0,1.64390,0.00000,0.00000,0.02110,0,-1.00000,665235693894,0.00000
640,320,0,0.99180,1.16280,0.11090,0.02050,1280000,-1.00000,665235702845,0.00000
641,320,0,1.74110,0.00000,0.00000,0.01800,0,-1.00000,665235723594,0.00000
642,321,0,2.30950,1.10050,0.13060,0.02150,1280000,-1.00000,665235730397,0.00000
643,321,0,1.65080,0.00000,0.00000,0.02150,0,-1.00000,665235746838,0.00000
644,322,0,0.84740,1.15290,0.10370,0.01940,1280000,-1.00000,665235756752,0.00000
645,322,0,1.72980,0.00000,0.00000,0.01800,0,-1.00000,665235774159,0.00000
646,323,0,0.32070,1.12320,0.10680,0.02000,1280000,-1.00000,665235797264,0.00000
647,323,0,1.65689,0.00000,0.00000,0.01720,0,-1.00000,665235813762,0.00000
648,324,0,1.93170,1.13730,0.10610,0.01780,1280000,-1.00000,665235822240,0.00000
649,324,0,1.63410,0.00000,0.00000,0.01680,0,-1.00000,665235839534,0.00000
650,325,0,0.33490,1.71760,0.11250,0.02000,1280000,-1.00000,665235842741,0.00000
651,325,0,2.27060,0.00000,0.00000,0.02080,0,-1.00000,665235859311,0.00000
652,326,0,0.37920,1.70280,0.11190,0.02000,1280000,-1.00000,665235878634,0.00000
653,326,0,2.24740,0.00000,0.00000,0.01730,0,-1.00000,665235894967,0.00000
654,327,0,0.33310,1.67220,0.11500,0.01970,1280000,-1.00000,665235898318,0.00000
655,327,0,2.27790,0.00000,0.00000,0.01850,0,-1.00000,665235921030,0.00000
656,328,0,0.37460,2.01090,0.12510,0.04300,1280000,-1.00000,665235924817,0.00000
657,328,0,2.86830,0.00000,0.00000,0.02620,0,-1.00000,665235947289,0.00000
658,329,0,0.49170,1.45980,0.10300,0.02460,1280000,-1.00000,665235950620,0.00000
659,329,0,2.05630,0.00000,0.00000,0.02130,0,-1.00000,665235973406,0.00000
660,330,0,0.37160,1.42040,0.10270,0.02510,1280000,-1.00000,665235977156,0.00000
661,330,0,1.98870,0.00000,0.00000,0.01910,0,-1.00000,665236005884,0.00000
662,331,0,0.35420,1.07470,0.10180,0.02190,1280000,-1.00000,665236010748,0.00000
663,331,0,1.61170,0.00000,0.00000,0.01810,0,-1.00000,665236031313,0.00000
664,332,0,0.61560,1.12290,0.13540,0.01920,1280000,-1.00000,665236035032,0.00000
665,332,0,1.67590,0.00000,0.00000,0.01730,0,-1.00000,665236054917,0.00000
666,333,0,2.43280,1.12050,0.10830,0.02470,1280000,-1.00000,665236058458,0.00000
667,333,0,1.66850,0.00000,0.00000,0.03080,0,-1.00000,665236074572,0.00000
668,334,0,1.08450,1.18050,0.09700,0.01840,1280000,-1.00000,665236080728,0.00000
669,334,0,1.71110,0.00000,0.00000,0.01720,0,-1.00000,665236097485,0.00000
670,335,0,2.25660,1.07850,0.11490,0.01880,1280000,-1.00000,665236121819,0.00000
671,335,0,1.61040,0.00000,0.00000,0.01660,0,-1.00000,665236138501,0.00000
672,336,0,0.33140,1.74290,0.09890,0.01980,1280000,-1.00000,665236149357,0.00000
673,336,0,2.27140,0.00000,0.00000,0.01750,0,-1.00000,665236166456,0.00000
674,337,0,0.32700,1.11150,0.10770,0.01970,1280000,-1.00000,665236189027,0.00000
675,337,0,1.61090,0.00000,0.00000,0.01610,0,-1.00000,665236205125,0.00000
676,338,0,0.58380,1.11440,0.10840,0.01760,1280000,-1.00000,665236208440,0.00000
677,338,0,1.88900,0.00000,0.00000,0.02290,0,-1.00000,665236231154,0.00000
678,339,0,0.82370,1.90250,0.18000,0.03040,1280000,-1.00000,665236234421,0.00000
679,339,0,2.66080,0.00000,0.00000,0.02390,0,-1.00000,665236250529,0.00000
680,340,0,0.39000,1.69740,0.10680,0.02080,1280000,-1.00000,665236256372,0.00000
681,340,0,2.32900,0.00000,0.00000,0.01900,0,-1.00000,665236275266,0.00000
682,341,0,0.37140,1.10800,0.09560,0.01900,1280000,-1.00000,665236283510,0.00000
683,341,0,1.66040,0.00000,0.00000,0.01780,0,-1.00000,665236310119,0.00000
684,342,0,0.33600,1.73380,0.10200,0.01780,1280000,-1.00000,665236314009,0.00000
685,342,0,2.23000,0.00000,0.00000,0.01660,0,-1.00000,665236337301,0.00000
686,343,0,0.32890,1.70870,0.11530,0.02100,1280000,-1.00000,665236341009,0.00000
687,343,0,2.27180,0.00000,0.00000,0.01730,0,-1.00000,665236357614,0.00000
688,344,0,1.00930,1.76000,0.13040,0.02220,1280000,-1.00000,665236360972,0.00000
689,344,0,2.35901,0.00000,0.00000,0.01880,0,-1.00000,665236383273,0.00000
690,345,0,0.34709,1.66760,0.11590,0.01960,1280000,-1.00000,665236386561,0.00000
691,345,0,2.20660,0.00000,0.00000,0.01730,0,-1.00000,665236409284,0.00000
692,346,0,0.48560,1.82670,0.12130,0.02290,1280000,-1.00000,665236419382,0.00000
693,346,0,2.40470,0.00000,0.00000,0.01880,0,-1.00000,665236442969,0.00000
694,347,0,1.68860,1.11190,0.12400,0.02170,1280000,-1.00000,665236446436,0.00000
695,347,0,1.69540,0.00000,0.00000,0.01840,0,-1.00000,665236468501,0.00000
696,348,0,2.38520,1.69950,0.10390,0.01830,1280000,-1.00000,665236473357,0.00000
697,348,0,2.24710,0.00000,0.00000,0.01790,0,-1.00000,665236497409,0.00000
698,349,0,0.44240,1.71810,0.12180,0.02360,1280000,-1.00000,665236514286,0.00000
699,349,0,2.30680,0.00000,0.00000,0.01870,0,-1.00000,665236531246,0.00000
700,350,0,0.42500,1.75510,0.10990,0.02310,1280000,-1.00000,665236555100,0.00000
701,350,0,2.29900,0.00000,0.00000,0.01760,0,-1.00000,665236577566,0.00000
702,351,0,0.34080,1.70270,0.11250,0.02510,1280000,-1.00000,665236581993,0.00000
703,351,0,2.27740,0.00000,0.00000,0.01760,0,-1.00000,665236605066,0.00000
704,352,0,0.36600,1.11680,0.10430,0.02510,1280000,-1.00000,665236609323,0.00000
705,352,0,1.69560,0.00000,0.00000,0.01820,0,-1.00000,665236632298,0.00000
706,353,0,0.34860,1.66580,0.09530,0.02200,1280000,-1.00000,665236635704,0.00000
707,353,0,2.19080,0.00000,0.00000,0.01760,0,-1.00000,665236658492,0.00000
708,354,0,0.35800,1.20860,0.15560,0.02330,1280000,-1.00000,665236662136,0.00000
709,354,0,1.79660,0.00000,0.00000,0.01890,0,-1.00000,665236679098,0.00000
710,355,0,1.13520,1.07730,0.10210,0.01770,1280000,-1.00000,665236682588,0.00000
711,355,0,1.61450,0.00000,0.00000,0.01680,0,-1.00000,665236704493,0.00000
712,356,0,1.11361,1.15710,0.11000,0.02110,1280000,-1.00000,665236708071,0.00000
713,356,0,1.73980,0.00000,0.00000,0.01740,0,-1.00000,665236726037,0.00000
714,357,0,1.65700,1.06460,0.10780,0.01800,1280000,-1.00000,665236737392,0.00000
715,357,0,1.56030,0.00000,0.00000,0.01630,0,-1.00000,665236753531,0.00000
716,358,0,2.52749,1.15180,0.12150,0.02210,1280000,-1.00000,665236764684,0.00000
717,358,0,1.68430,0.00000,0.00000,0.01680,0,-1.00000,665236782070,0.00000
718,359,0,0.32450,1.70340,0.10260,0.01720,1280000,-1.00000,665236798643,0.00000
719,359,0,2.28940,0.00000,0.00000,0.02010,0,-1.00000,665236814241,0.00000
720,360,0,0.35300,1.15290,0.10100,0.02210,1280000,-1.00000,665236839523,0.00000
721,360,0,1.72830,0.00000,0.00000,0.02180,0,-1.00000,665236856361,0.00000
722,361,0,0.37170,1.11520,0.11580,0.02060,1280000,-1.00000,665236859602,0.00000
723,361,0,1.66130,0.00000,0.00000,0.02110,0,-1.00000,665236882501,0.00000
724,362,0,2.37320,1.70070,0.11830,0.03280,1280000,-1.00000,665236886033,0.00000
725,362,0,2.39020,0.00000,0.00000,0.02010,0,-1.00000,665236903308,0.00000
726,363,0,0.44460,1.71170,0.11300,0.04060,1280000,-1.00000,665236907027,0.00000
727,363,0,2.28520,0.00000,0.00000,0.01830,0,-1.00000,665236923647,0.00000
728,364,0,0.41490,1.73990,0.09890,0.02050,1280000,-1.00000,665236947378,0.00000
729,364,0,2.25911,0.00000,0.00000,0.01720,0,-1.00000,665236971287,0.00000
730,365,0,0.32399,1.70930,0.10850,0.01800,1280000,-1.00000,665236975714,0.00000
731,365,0,2.21070,0.00000,0.00000,0.01650,0,-1.00000,665236998577,0.00000
732,366,0,0.31660,1.24180,0.11170,0.02580,1280000,-1.00000,665237002727,0.00000
733,366,0,1.85790,0.00000,0.00000,0.02390,0,-1.00000,665237025313,0.00000
734,367,0,0.38650,1.73650,0.11380,0.02340,1280000,-1.00000,665237028551,0.00000
735,367,0,2.33540,0.00000,0.00000,0.01790,0,-1.00000,665237050659,0.00000
736,368,0,0.33440,1.72180,0.12390,0.01760,1280000,-1.00000,665237053826,0.00000
737,368,0,2.21230,0.00000,0.00000,0.01710,0,-1.00000,665237072416,0.00000
738,369,0,0.32410,1.82580,0.11120,0.02270,1280000,-1.00000,665237076272,0.00000
739,369,0,2.38520,0.00000,0.00000,0.01870,0,-1.00000,665237099627,0.00000
740,370,0,0.34460,1.68700,0.09570,0.01740,1280000,-1.00000,665237102967,0.00000
741,370,0,2.16840,0.00000,0.00000,0.01670,0,-1.00000,665237125090,0.00000
742,371,0,0.31610,1.69420,0.11080,0.01900,1280000,-1.00000,665237128328,0.00000
743,371,0,2.19619,0.00000,0.00000,0.01610,0,-1.00000,665237152186,0.00000
744,372,0,0.32580,1.23310,0.13140,0.02480,1280000,-1.00000,665237155628,0.00000
745,372,0,1.81910,0.00000,0.00000,0.01880,0,-1.00000,665237177311,0.00000
746,373,0,0.34190,1.09220,0.09500,0.01830,1280000,-1.00000,665237180472,0.00000
747,373,0,1.64640,0.00000,0.00000,0.02080,0,-1.00000,665237202434,0.00000
748,374,0,0.36450,1.14140,0.10840,0.02130,1280000,-1.00000,665237205695,0.00000
749,374,0,1.68080,0.00000,0.00000,0.01780,0,-1.00000,665237223886,0.00000
750,375,0,0.32530,1.05150,0.11390,0.01900,1280000,-1.00000,665237227303,0.00000
751,375,0,1.57170,0.00000,0.00000,0.01660,0,-1.00000,665237243774,0.00000
752,376,0,0.34680,1.10150,0.08780,0.01740,1280000,-1.00000,665237247415,0.00000
753,376,0,1.64131,0.00000,0.00000,0.01670,0,-1.00000,665237264223,0.00000
754,377,0,2.50340,1.14780,0.11000,0.02910,1280000,-1.00000,665237267474,0.00000
755,377,0,1.79560,0.00000,0.00000,0.01860,0,-1.00000,665237283190,0.00000
756,378,0,0.37320,1.68580,0.10580,0.07250,1280000,-1.00000,665237286656,0.00000
757,378,0,2.26589,0.00000,0.00000,0.01750,0,-1.00000,665237303074,0.00000
758,379,0,0.32410,1.69750,0.10990,0.01840,1280000,-1.00000,665237328121,0.00000
759,379,0,2.22290,0.00000,0.00000,0.01780,0,-1.00000,665237346067,0.00000
760,380,0,0.35040,1.14380,0.10720,0.01810,1280000,-1.00000,665237349796,0.00000
761,380,0,1.74121,0.00000,0.00000,0.02360,0,-1.00000,665237372460,0.00000
762,381,0,0.49120,1.65560,0.10460,0.02240,1280000,-1.00000,665237375694,0.00000
763,381,0,2.21060,0.00000,0.00000,0.01770,0,-1.00000,665237397925,0.00000
764,382,0,0.45789,1.68480,0.11190,0.01780,1280000,-1.00000,665237401426,0.00000
765,382,0,2.22580,0.00000,0.00000,0.02200,0,-1.00000,665237418848,0.00000
766,383,0,0.51721,1.69940,0.11530,0.02510,1280000,-1.00000,665237423753,0.00000
767,383,0,2.33279,0.00000,0.00000,0.01830,0,-1.00000,665237445858,0.00000
768,384,0,0.35741,1.10030,0.12310,0.01850,1280000,-1.00000,665237450443,0.00000
769,384,0,1.64259,0.00000,0.00000,0.01700,0,-1.00000,665237472688,0.00000
770,385,0,2.42431,1.08840,0.12800,0.02030,1280000,-1.00000,665237477870,0.00000
771,385,0,1.65740,0.00000,0.00000,0.01810,0,-1.00000,665237501200,0.00000
772,386,0,1.48430,1.09320,0.10420,0.01770,1280000,-1.00000,665237504768,0.00000
773,386,0,1.60651,0.00000,0.00000,0.01660,0,-1.00000,665237521194,0.00000
774,387,0,0.63850,1.13390,0.15980,0.02430,1280000,-1.00000,665237545435,0.00000
775,387,0,1.77389,0.00000,0.00000,0.01880,0,-1.00000,665237562015,0.00000
776,388,0,0.48650,1.74440,0.16910,0.02310,1280000,-1.00000,665237576862,0.00000
777,388,0,2.39250,0.00000,0.00000,0.02300,0,-1.00000,665237592919,0.00000
778,389,0,0.38480,1.69110,0.12060,0.02070,1280000,-1.00000,665237599305,0.00000
779,389,0,2.23090,0.00000,0.00000,0.01800,0,-1.00000,665237617043,0.00000
780,390,0,0.33240,1.83510,0.11440,0.03240,1280000,-1.00000,665237621929,0.00000
781,390,0,2.50190,0.00000,0.00000,0.02090,0,-1.00000,665237645844,0.00000
782,391,0,0.38800,1.13550,0.10540,0.02230,1280000,-1.00000,665237649685,0.00000
783,391,0,1.78870,0.00000,0.00000,0.02280,0,-1.00000,665237671991,0.00000
784,392,0,0.41970,1.43220,0.10380,0.03020,1280000,-1.00000,665237675316,0.00000
785,392,0,2.07710,0.00000,0.00000,0.02130,0,-1.00000,665237700354,0.00000
786,393,0,0.40780,1.14980,0.10890,0.02180,1280000,-1.00000,665237704215,0.00000
787,393,0,1.76200,0.00000,0.00000,0.01970,0,-1.00000,665237722212,0.00000
788,394,0,2.01770,1.17870,0.10720,0.01990,1280000,-1.00000,665237726293,0.00000
789,394,0,1.73130,0.00000,0.00000,0.01950,0,-1.00000,665237747091,0.00000
790,395,0,0.35911,1.99700,0.13760,0.02480,1280000,-1.00000,665237751146,0.00000
791,395,0,2.61280,0.00000,0.00000,0.02060,0,-1.00000,665237768778,0.00000
792,396,0,0.48520,1.45350,0.10900,0.02640,1280000,-1.00000,665237788949,0.00000
793,396,0,2.14030,0.00000,0.00000,0.02170,0,-1.00000,665237806262,0.00000
794,397,0,0.39720,1.24620,0.10860,0.02570,1280000,-1.00000,665237809848,0.00000
795,397,0,1.87280,0.00000,0.00000,0.01860,0,-1.00000,665237835979,0.00000
796,398,0,0.39980,1.69780,0.10240,0.03210,1280000,-1.00000,665237840850,0.00000
797,398,0,2.43310,0.00000,0.00000,0.01900,0,-1.00000,665237862248,0.00000
798,399,0,0.36130,1.21160,0.11080,0.01920,1280000,-1.00000,665237866205,0.00000
799,399,0,1.79830,0.00000,0.00000,0.01700,0,-1.00000,665237884951,0.00000
800,400,0,0.33790,1.09050,0.10540,0.02320,1280000,-1.00000,665237888931,0.00000
801,400,0,1.62630,0.00000,0.00000,0.01850,0,-1.00000,665237913284,0.00000
802,401,0,2.35210,1.69480,0.11570,0.02950,1280000,-1.00000,665237916871,0.00000
803,401,0,2.35950,0.00000,0.00000,0.02470,0,-1.00000,665237934862,0.00000
804,402,0,0.44240,1.67110,0.12420,0.02040,1280000,-1.00000,665237938242,0.00000
805,402,0,2.24110,0.00000,0.00000,0.01850,0,-1.00000,665237954501,0.00000
806,403,0,0.39720,1.03800,0.10280,0.01970,1280000,-1.00000,665237978020,0.00000
807,403,0,1.55500,0.00000,0.00000,0.01740,0,-1.00000,665238001638,0.00000
808,404,0,0.33890,1.71310,0.10730,0.01830,1280000,-1.00000,665238006042,0.00000
809,404,0,2.22590,0.00000,0.00000,0.01670,0,-1.00000,665238028450,0.00000
810,405,0,0.30930,1.64060,0.09140,0.01790,1280000,-1.00000,665238032428,0.00000
811,405,0,2.12040,0.00000,0.00000,0.01650,0,-1.00000,665238047972,0.00000
812,406,0,0.44230,1.67730,0.11750,0.02430,1280000,-1.00000,665238051360,0.00000
813,406,0,2.29590,0.00000,0.00000,0.01920,0,-1.00000,665238073617,0.00000
814,407,0,2.73020,1.08030,0.10930,0.02010,1280000,-1.00000,665238076709,0.00000
815,407,0,1.66830,0.00000,0.00000,0.01740,0,-1.00000,665238097915,0.00000
816,408,0,0.33540,1.24330,0.16220,0.02300,1280000,-1.00000,665238102334,0.00000
817,408,0,1.85270,0.00000,0.00000,0.01820,0,-1.00000,665238125303,0.00000
818,409,0,0.34330,1.64320,0.10880,0.01790,1280000,-1.00000,665238152607,0.00000
819,409,0,2.21220,0.00000,0.00000,0.02210,0,-1.00000,665238169284,0.00000
820,410,0,0.37210,1.67090,0.11140,0.02280,1280000,-1.00000,665238172636,0.00000
821,410,0,2.22790,0.00000,0.00000,0.01810,0,-1.00000,665238191166,0.00000
822,411,0,0.34520,1.67370,0.10420,0.01820,1280000,-1.00000,665238194595,0.00000
823,411,0,2.17240,0.00000,0.00000,0.01660,0,-1.00000,665238216715,0.00000
824,412,0,0.32380,1.66370,0.13200,0.02710,1280000,-1.00000,665238220440,0.00000
825,412,0,2.30880,0.00000,0.00000,0.01820,0,-1.00000,665238242720,0.00000
826,413,0,0.37770,1.68020,0.12370,0.01790,1280000,-1.00000,665238246171,0.00000
827,413,0,2.24090,0.00000,0.00000,0.01850,0,-1.00000,665238267896,0.00000
828,414,0,0.94680,1.70800,0.11230,0.01890,1280000,-1.00000,665238271133,0.00000
829,414,0,2.27970,0.00000,0.00000,0.01740,0,-1.00000,665238294235,0.00000
830,415,0,0.41270,1.06060,0.09820,0.01830,1280000,-1.00000,665238297998,0.00000
831,415,0,1.54660,0.00000,0.00000,0.01610,0,-1.00000,665238320407,0.00000
832,416,0,0.31640,1.07380,0.09780,0.01650,1280000,-1.00000,665238329877,0.00000
833,416,0,1.55159,0.00000,0.00000,0.01620,0,-1.00000,665238352673,0.00000
834,417,0,0.72050,1.04880,0.11340,0.01870,1280000,-1.00000,665238356797,0.00000
835,417,0,1.56130,0.00000,0.00000,0.01660,0,-1.00000,665238372264,0.00000
836,418,0,2.45680,1.08280,0.11330,0.02380,1280000,-1.00000,665238375426,0.00000
837,418,0,1.64780,0.00000,0.00000,0.01820,0,-1.00000,665238390943,0.00000
838,419,0,0.41960,1.81100,0.10400,0.01860,1280000,-1.00000,665238398147,0.00000
839,419,0,2.34260,0.00000,0.00000,0.01700,0,-1.00000,665238413763,0.00000
840,420,0,0.32750,1.11490,0.10930,0.01830,1280000,-1.00000,665238438323,0.00000
841,420,0,1.60879,0.00000,0.00000,0.01610,0,-1.00000,665238454813,0.00000
842,421,0,0.34780,1.67010,0.12160,0.01980,1280000,-1.00000,665238459009,0.00000
843,421,0,2.23500,0.00000,0.00000,0.02250,0,-1.00000,665238482430,0.00000
844,422,0,0.47240,1.66920,0.11040,0.01960,1280000,-1.00000,665238485706,0.00000
845,422,0,2.20651,0.00000,0.00000,0.01700,0,-1.00000,665238501793,0.00000
846,423,0,0.49500,1.01960,0.10850,0.01800,1280000,-1.00000,665238505271,0.00000
847,423,0,1.52920,0.00000,0.00000,0.01630,0,-1.00000,665238527620,0.00000
848,424,0,0.40390,1.07510,0.11740,0.02190,1280000,-1.00000,665238532345,0.00000
849,424,0,1.66320,0.00000,0.00000,0.02000,0,-1.00000,665238554410,0.00000
850,425,0,1.79550,1.01160,0.09730,0.01780,1280000,-1.00000,665238559352,0.00000
851,425,0,1.50310,0.00000,0.00000,0.01670,0,-1.00000,665238574649,0.00000
852,426,0,0.32770,1.66660,0.11980,0.02470,1280000,-1.00000,665238578690,0.00000
853,426,0,2.25741,0.00000,0.00000,0.02020,0,-1.00000,665238595324,0.00000
854,427,0,0.37940,1.63660,0.10160,0.02670,1280000,-1.00000,665238613283,0.00000
855,427,0,2.25240,0.00000,0.00000,0.02270,0,-1.00000,665238628307,0.00000
856,428,0,2.84980,1.70100,0.10910,0.02300,1280000,-1.00000,665238631584,0.00000
857,428,0,2.28400,0.00000,0.00000,0.01840,0,-1.00000,665238654173,0.00000
858,429,0,0.34730,1.05270,0.09630,0.01870,1280000,-1.00000,665238657965,0.00000
859,429,0,1.55600,0.00000,0.00000,0.01720,0,-1.00000,665238680485,0.00000
860,430,0,0.32610,1.09050,0.11630,0.02510,1280000,-1.00000,665238708985,0.00000
861,430,0,1.66460,0.00000,0.00000,0.01830,0,-1.00000,665238731818,0.00000
862,431,0,0.64630,1.01100,0.10860,0.01890,1280000,-1.00000,665238735290,0.00000
863,431,0,1.54540,0.00000,0.00000,0.01700,0,-1.00000,665238750849,0.00000
864,432,0,2.44140,1.11160,0.11130,0.02430,1280000,-1.00000,665238754109,0.00000
865,432,0,1.68870,0.00000,0.00000,0.01780,0,-1.00000,665238770768,0.00000
866,433,0,0.34730,1.04850,0.10600,0.01820,1280000,-1.00000,665238777220,0.00000
867,433,0,1.55290,0.00000,0.00000,0.01700,0,-1.00000,665238792674,0.00000
868,434,0,0.42420,1.66650,0.10790,0.01920,1280000,-1.00000,665238817086,0.00000
869,434,0,2.17480,0.00000,0.00000,0.02290,0,-1.00000,665238833979,0.00000
870,435,0,0.61510,1.01550,0.11310,0.02420,1280000,-1.00000,665238837449,0.00000
871,435,0,1.60030,0.00000,0.00000,0.02160,0,-1.00000,665238852978,0.00000
872,436,0,1.09730,1.06740,0.10970,0.01890,1280000,-1.00000,665238857223,0.00000
873,436,0,1.59410,0.00000,0.00000,0.01720,0,-1.00000,665238878971,0.00000
874,437,0,1.11300,1.62600,0.11680,0.02730,1280000,-1.00000,665238885123,0.00000
875,437,0,2.26710,0.00000,0.00000,0.01930,0,-1.00000,665238901123,0.00000
876,438,0,0.46090,1.69960,0.09850,0.01900,1280000,-1.00000,665238912100,0.00000
877,438,0,2.21891,0.00000,0.00000,0.01780,0,-1.00000,665238928034,0.00000
878,439,0,0.35529,1.41090,0.17390,0.02560,1280000,-1.00000,665238939167,0.00000
879,439,0,2.06310,0.00000,0.00000,0.02090,0,-1.00000,665238961853,0.00000
880,440,0,0.36540,1.65350,0.11150,0.01890,1280000,-1.00000,665238966448,0.00000
881,440,0,2.19221,0.00000,0.00000,0.01730,0,-1.00000,665238988636,0.00000
882,441,0,0.85290,1.06250,0.09380,0.02190,1280000,-1.00000,665238992187,0.00000
883,441,0,1.67150,0.00000,0.00000,0.02080,0,-1.00000,665239012823,0.00000
884,442,0,0.33900,1.11440,0.10700,0.01750,1280000,-1.00000,665239016474,0.00000
885,442,0,1.62820,0.00000,0.00000,0.01650,0,-1.00000,665239038393,0.00000
886,443,0,0.44340,1.67740,0.10670,0.01740,1280000,-1.00000,665239046924,0.00000
887,443,0,2.20020,0.00000,0.00000,0.01610,0,-1.00000,665239063646,0.00000
888,444,0,0.49370,1.10960,0.11330,0.01950,1280000,-1.00000,665239067025,0.00000
889,444,0,1.63920,0.00000,0.00000,0.01710,0,-1.00000,665239083310,0.00000
890,445,0,0.31720,1.66660,0.10990,0.01690,1280000,-1.00000,665239087742,0.00000
891,445,0,2.18560,0.00000,0.00000,0.01610,0,-1.00000,665239109745,0.00000
892,446,0,0.31870,1.65490,0.10120,0.01820,1280000,-1.00000,665239114680,0.00000
893,446,0,2.14720,0.00000,0.00000,0.01650,0,-1.00000,665239131075,0.00000
894,447,0,0.41060,1.66480,0.10290,0.02020,1280000,-1.00000,665239134244,0.00000
895,447,0,2.26600,0.00000,0.00000,0.02090,0,-1.00000,665239156099,0.00000
896,448,0,0.40869,1.84990,0.10780,0.02030,1280000,-1.00000,665239159287,0.00000
897,448,0,2.41850,0.00000,0.00000,0.01690,0,-1.00000,665239180760,0.00000
898,449,0,0.32660,1.05180,0.11270,0.01940,1280000,-1.00000,665239184867,0.00000
899,449,0,1.56390,0.00000,0.00000,0.01640,0,-1.00000,665239207528,0.00000
900,450,0,0.86570,1.12430,0.09600,0.02280,1280000,-1.00000,665239211631,0.00000
901,450,0,1.68690,0.00000,0.00000,0.01920,0,-1.00000,665239235797,0.00000
902,451,0,1.16271,1.09930,0.11930,0.02170,1280000,-1.00000,665239239062,0.00000
903,451,0,1.64940,0.00000,0.00000,0.02210,0,-1.00000,665239254710,0.00000
904,452,0,0.98290,1.07410,0.11520,0.02830,1280000,-1.00000,665239263369,0.00000
905,452,0,1.72090,0.00000,0.00000,0.01950,0,-1.00000,665239280237,0.00000
906,453,0,1.03810,1.06310,0.18370,0.02220,1280000,-1.00000,665239291866,0.00000
907,453,0,1.68900,0.00000,0.00000,0.02020,0,-1.00000,665239308354,0.00000
908,454,0,0.99240,1.11670,0.10530,0.02040,1280000,-1.00000,665239318193,0.00000
909,454,0,1.67180,0.00000,0.00000,0.02020,0,-1.00000,665239335393,0.00000
910,455,0,0.92480,1.01030,0.10460,0.01950,1280000,-1.00000,665239345774,0.00000
911,455,0,1.53690,0.00000,0.00000,0.01710,0,-1.00000,665239362659,0.00000
912,456,0,0.32579,1.70120,0.11270,0.02160,1280000,-1.00000,665239372593,0.00000
913,456,0,2.27781,0.00000,0.00000,0.01760,0,-1.00000,665239389310,0.00000
914,457,0,0.52920,1.05680,0.10530,0.02240,1280000,-1.00000,665239398555,0.00000
915,457,0,1.62200,0.00000,0.00000,0.01870,0,-1.00000,665239413918,0.00000
916,458,0,0.94320,1.06320,0.09810,0.01810,1280000,-1.00000,665239417177,0.00000
917,458,0,1.65830,0.00000,0.00000,0.01740,0,-1.00000,665239439958,0.00000
918,459,0,0.59110,1.07620,0.17830,0.02130,1280000,-1.00000,665239445252,0.00000
919,459,0,1.73030,0.00000,0.00000,0.01870,0,-1.00000,665239461476,0.00000
920,460,0,0.34889,1.65570,0.11630,0.01990,1280000,-1.00000,665239470913,0.00000
921,460,0,2.18380,0.00000,0.00000,0.01660,0,-1.00000,665239487486,0.00000
922,461,0,0.33320,1.62550,0.10040,0.01820,1280000,-1.00000,665239493554,0.00000
923,461,0,2.21550,0.00000,0.00000,0.02210,0,-1.00000,665239510700,0.00000
924,462,0,0.37480,1.66120,0.10250,0.02100,1280000,-1.00000,665239514184,0.00000
925,462,0,2.19840,0.00000,0.00000,0.01800,0,-1.00000,665239536024,0.00000
926,463,0,1.45750,1.62590,0.11470,0.02580,1280000,-1.00000,665239539351,0.00000
927,463,0,2.26650,0.00000,0.00000,0.01910,0,-1.00000,665239561506,0.00000
928,464,0,0.38880,1.14660,0.14380,0.02070,1280000,-1.00000,665239565256,0.00000
929,464,0,1.72950,0.00000,0.00000,0.02280,0,-1.00000,665239587245,0.00000
930,465,0,1.01710,1.01910,0.13640,0.02190,1280000,-1.00000,665239601821,0.00000
931,465,0,1.58460,0.00000,0.00000,0.01800,0,-1.00000,665239624496,0.00000
932,466,0,1.06220,1.06310,0.09600,0.02320,1280000,-1.00000,665239628373,0.00000
933,466,0,1.61759,0.00000,0.00000,0.02060,0,-1.00000,665239645679,0.00000
934,467,0,1.10230,1.00460,0.11180,0.01980,1280000,-1.00000,665239655845,0.00000
935,467,0,1.93810,0.00000,0.00000,0.02440,0,-1.00000,665239671684,0.00000
936,468,0,0.83560,1.10070,0.13250,0.01780,1280000,-1.00000,665239682308,0.00000
937,468,0,1.77060,0.00000,0.00000,0.01960,0,-1.00000,665239698480,0.00000
938,469,0,0.90980,1.01220,0.10420,0.01960,1280000,-1.00000,665239709512,0.00000
939,469,0,1.51520,0.00000,0.00000,0.01650,0,-1.00000,665239728889,0.00000
940,470,0,1.15540,1.11200,0.12380,0.02420,1280000,-1.00000,665239737242,0.00000
941,470,0,1.71330,0.00000,0.00000,0.01860,0,-1.00000,665239754943,0.00000
942,471,0,1.04780,1.04130,0.11470,0.02330,1280000,-1.00000,665239764040,0.00000
943,471,0,1.61340,0.00000,0.00000,0.01830,0,-1.00000,665239779196,0.00000
944,472,0,1.08620,1.08590,0.11700,0.02160,1280000,-1.00000,665239790754,0.00000
945,472,0,1.66420,0.00000,0.00000,0.01740,0,-1.00000,665239807885,0.00000
946,473,0,2.26229,1.00630,0.11070,0.02160,1280000,-1.00000,665239818371,0.00000
947,473,0,1.53030,0.00000,0.00000,0.01720,0,-1.00000,665239834495,0.00000
948,474,0,1.22980,1.07620,0.10510,0.02260,1280000,-1.00000,665239845364,0.00000
949,474,0,1.79210,0.00000,0.00000,0.02130,0,-1.00000,665239862000,0.00000
950,475,0,0.92740,1.00500,0.09730,0.02210,1280000,-1.00000,665239884626,0.00000
951,475,0,1.61860,0.00000,0.00000,0.01670,0,-1.00000,665239899925,0.00000
952,476,0,3.14250,1.12140,0.09930,0.09070,1280000,-1.00000,665239912226,0.00000
953,476,0,1.78060,0.00000,0.00000,0.01920,0,-1.00000,665239930135,0.00000
954,477,0,0.64120,1.02450,0.10620,0.02270,1280000,-1.00000,665239939423,0.00000
955,477,0,1.58900,0.00000,0.00000,0.01940,0,-1.00000,665239955605,0.00000
956,478,0,0.68740,1.10640,0.12900,0.01860,1280000,-1.00000,665239987038,0.00000
957,478,0,1.66550,0.00000,0.00000,0.01670,0,-1.00000,665240004840,0.00000
958,479,0,2.48360,1.06260,0.10030,0.02150,1280000,-1.00000,665240011250,0.00000
959,479,0,1.60030,0.00000,0.00000,0.01870,0,-1.00000,665240027142,0.00000
960,480,0,0.35640,1.66490,0.10690,0.02170,1280000,-1.00000,665240034017,0.00000
961,480,0,2.31310,0.00000,0.00000,0.01980,0,-1.00000,665240050667,0.00000
962,481,0,0.36790,1.66310,0.11290,0.02130,1280000,-1.00000,665240075501,0.00000
963,481,0,2.24620,0.00000,0.00000,0.01800,0,-1.00000,665240091515,0.00000
964,482,0,0.36330,1.07720,0.13060,0.02560,1280000,-1.00000,665240095072,0.00000
965,482,0,1.69169,0.00000,0.00000,0.02730,0,-1.00000,665240118193,0.00000
966,483,0,0.63750,1.63670,0.10730,0.02210,1280000,-1.00000,665240121885,0.00000
967,483,0,2.17710,0.00000,0.00000,0.01800,0,-1.00000,665240144342,0.00000
968,484,0,0.51470,1.07430,0.09390,0.01880,1280000,-1.00000,665240147974,0.00000
969,484,0,2.10850,0.00000,0.00000,0.02540,0,-1.00000,665240164900,0.00000
970,485,0,0.59470,1.63570,0.11040,0.02320,1280000,-1.00000,665240171262,0.00000
971,485,0,2.21240,0.00000,0.00000,0.01820,0,-1.00000,665240193041,0.00000
972,486,0,0.48110,1.66130,0.11080,0.02270,1280000,-1.00000,665240198173,0.00000
973,486,0,2.21400,0.00000,0.00000,0.01940,0,-1.00000,665240219279,0.00000
974,487,0,1.93110,1.02040,0.10090,0.02800,1280000,-1.00000,665240225205,0.00000
975,487,0,1.60300,0.00000,0.00000,0.11220,0,-1.00000,665240247345,0.00000
976,488,0,2.39180,1.08900,0.11800,0.02490,1280000,-1.00000,665240252149,0.00000
977,488,0,1.66020,0.00000,0.00000,0.01880,0,-1.00000,665240274295,0.00000
978,489,0,0.35490,1.67650,0.10380,0.02130,1280000,-1.00000,665240293613,0.00000
979,489,0,2.23790,0.00000,0.00000,0.02240,0,-1.00000,665240309644,0.00000
980,490,0,0.37880,1.65970,0.10220,0.02370,1280000,-1.00000,665240333561,0.00000
981,490,0,2.19010,0.00000,0.00000,0.01830,0,-1.00000,665240350155,0.00000
982,491,0,0.34170,1.62750,0.11300,0.01880,1280000,-1.00000,665240353708,0.00000
983,491,0,2.14921,0.00000,0.00000,0.01710,0,-1.00000,665240376075,0.00000
984,492,0,0.32080,1.69490,0.11350,0.01880,1280000,-1.00000,665240379873,0.00000
985,492,0,2.21900,0.00000,0.00000,0.01670,0,-1.00000,665240401771,0.00000
986,493,0,0.37800,1.48320,0.12660,0.01870,1280000,-1.00000,665240405187,0.00000
987,493,0,2.09650,0.00000,0.00000,0.01550,0,-1.00000,665240426678,0.00000
988,494,0,0.33330,1.11560,0.11030,0.01800,1280000,-1.00000,665240429885,0.00000
989,494,0,1.62090,0.00000,0.00000,0.01670,0,-1.00000,665240452075,0.00000
990,495,0,0.35760,1.63620,0.11510,0.02290,1280000,-1.00000,665240455856,0.00000
991,495,0,2.18980,0.00000,0.00000,0.01940,0,-1.00000,665240476819,0.00000
992,496,0,0.34921,1.11650,0.09930,0.01810,1280000,-1.00000,665240480153,0.00000
993,496,0,1.61630,0.00000,0.00000,0.01650,0,-1.00000,665240496362,0.00000
994,497,0,0.65180,1.02680,0.10880,0.01810,1280000,-1.00000,665240499936,0.00000
995,497,0,1.56780,0.00000,0.00000,0.01620,0,-1.00000,665240521841,0.00000
996,498,0,0.31500,1.07430,0.09800,0.01740,1280000,-1.00000,665240525327,0.00000
997,498,0,2.20959,0.00000,0.00000,0.01450,0,-1.00000,665240541489,0.00000
998,499,0,2.72540,1.06350,0.10200,0.01960,1280000,-1.00000,665240548014,0.00000
999,499,0,1.55930,0.00000,0.00000,0.03180,0,-1.00000,665240563691,0.00000
1000,500,0,0.33990,1.70400,0.13280,0.02610,1280000,-1.00000,665240566838,0.00000
1001,500,0,2.31300,0.00000,0.00000,0.01790,0,-1.00000,665240588939,0.00000
1002,501,0,0.35920,1.83980,0.11590,0.02480,1280000,-1.00000,665240616189,0.00000
1003,501,0,2.39250,0.00000,0.00000,0.01870,0,-1.00000,665240631782,0.00000
1004,502,0,0.34980,1.70980,0.11910,0.02110,1280000,-1.00000,665240635177,0.00000
1005,502,0,2.25770,0.00000,0.00000,0.01740,0,-1.00000,665240658326,0.00000
1006,503,0,0.33490,1.68930,0.11680,0.01750,1280000,-1.00000,665240661907,0.00000
1007,503,0,2.19040,0.00000,0.00000,0.01650,0,-1.00000,665240685831,0.00000
1008,504,0,0.33010,1.14650,0.17050,0.02120,1280000,-1.00000,665240689332,0.00000
1009,504,0,1.73410,0.00000,0.00000,0.02240,0,-1.00000,665240711906,0.00000
1010,505,0,0.40430,1.06700,0.10540,0.02050,1280000,-1.00000,665240715251,0.00000
1011,505,0,2.69600,0.00000,0.00000,0.02420,0,-1.00000,665240737155,0.00000
1012,506,0,0.54500,1.19350,0.14310,0.02340,1280000,-1.00000,665240740456,0.00000
1013,506,0,1.93530,0.00000,0.00000,0.02210,0,-1.00000,665240757801,0.00000
1014,507,0,0.45750,1.04730,0.11060,0.02180,1280000,-1.00000,665240761847,0.00000
1015,507,0,1.76350,0.00000,0.00000,0.02060,0,-1.00000,665240788831,0.00000
1016,508,0,0.42990,1.18390,0.12890,0.02260,1280000,-1.00000,665240794301,0.00000
1017,508,0,1.93270,0.00000,0.00000,0.01990,0,-1.00000,665240813607,0.00000
1018,509,0,0.43890,1.65500,0.10590,0.02100,1280000,-1.00000,665240818180,0.00000
1019,509,0,2.33000,0.00000,0.00000,0.01960,0,-1.00000,665240835817,0.00000
1020,510,0,0.43800,1.10980,0.11090,0.02260,1280000,-1.00000,665240840116,0.00000
1021,510,0,1.79930,0.00000,0.00000,0.01900,0,-1.00000,665240859440,0.00000
1022,511,0,0.41810,1.03740,0.10320,0.02440,1280000,-1.00000,665240863830,0.00000
1023,511,0,1.73270,0.00000,0.00000,0.01890,0,-1.00000,665240887129,0.00000
1024,512,0,2.15060,1.10000,0.11470,0.03380,1280000,-1.00000,665240891506,0.00000
1025,512,0,1.83490,0.00000,0.00000,0.01980,0,-1.00000,665240909502,0.00000
1026,513,0,0.45731,1.05500,0.09350,0.02140,1280000,-1.00000,665240913677,0.00000
1027,513,0,1.70620,0.00000,0.00000,0.01740,0,-1.00000,665240931007,0.00000
1028,514,0,0.43130,1.10460,0.11440,0.02360,1280000,-1.00000,665240952525,0.00000
1029,514,0,1.78310,0.00000,0.00000,0.01900,0,-1.00000,665240970867,0.00000
1030,515,0,0.54670,1.09800,0.10830,0.02430,1280000,-1.00000,665240975436,0.00000
1031,515,0,1.78790,0.00000,0.00000,0.01720,0,-1.00000,665240992498,0.00000
1032,516,0,0.96840,1.09510,0.10820,0.02340,1280000,-1.00000,665240996813,0.00000
1033,516,0,1.77520,0.00000,0.00000,0.02040,0,-1.00000,665241014647,0.00000
1034,517,0,0.92950,1.05320,0.10490,0.02220,1280000,-1.00000,665241020116,0.00000
1035,517,0,1.69841,0.00000,0.00000,0.02020,0,-1.00000,665241037984,0.00000
1036,518,0,1.44950,1.10870,0.10680,0.02260,1280000,-1.00000,665241047670,0.00000
1037,518,0,1.82610,0.00000,0.00000,0.01950,0,-1.00000,665241065425,0.00000
1038,519,0,0.45580,1.69250,0.09470,0.02180,1280000,-1.00000,665241074720,0.00000
1039,519,0,2.33200,0.00000,0.00000,0.01780,0,-1.00000,665241091703,0.00000
1040,520,0,0.40630,1.11290,0.11530,0.01950,1280000,-1.00000,665241106208,0.00000
1041,520,0,1.77250,0.00000,0.00000,0.01610,0,-1.00000,665241124458,0.00000
1042,521,0,0.80530,1.05790,0.10400,0.01860,1280000,-1.00000,665241129020,0.00000
1043,521,0,1.75250,0.00000,0.00000,0.02060,0,-1.00000,665241152338,0.00000
1044,522,0,0.91800,1.09530,0.10950,0.02010,1280000,-1.00000,665241156394,0.00000
1045,522,0,1.80010,0.00000,0.00000,0.01840,0,-1.00000,665241174130,0.00000
1046,523,0,0.82890,1.05830,0.10100,0.02410,1280000,-1.00000,665241182185,0.00000
1047,523,0,1.74730,0.00000,0.00000,0.02090,0,-1.00000,665241199710,0.00000
1048,524,0,0.97770,1.09860,0.10370,0.01920,1280000,-1.00000,665241208885,0.00000
1049,524,0,1.79730,0.00000,0.00000,0.01840,0,-1.00000,665241226880,0.00000
1050,525,0,2.88600,1.04830,0.12210,0.02640,1280000,-1.00000,665241235179,0.00000
1051,525,0,1.83900,0.00000,0.00000,0.02230,0,-1.00000,665241252647,0.00000
1052,526,0,1.19410,1.20620,0.12920,0.02160,1280000,-1.00000,665241262426,0.00000
1053,526,0,1.93580,0.00000,0.00000,0.02060,0,-1.00000,665241280396,0.00000
1054,527,0,0.44449,1.69470,0.10980,0.02140,1280000,-1.00000,665241309261,0.00000
1055,527,0,2.39661,0.00000,0.00000,0.02130,0,-1.00000,665241327661,0.00000
1056,528,0,0.56960,1.25750,0.14910,0.02070,1280000,-1.00000,665241339597,0.00000
1057,528,0,2.03639,0.00000,0.00000,0.01860,0,-1.00000,665241358946,0.00000
1058,529,0,0.50960,1.68510,0.11310,0.02370,1280000,-1.00000,665241363391,0.00000
1059,529,0,2.32880,0.00000,0.00000,0.01870,0,-1.00000,665241387357,0.00000
1060,530,0,0.50490,1.11060,0.10080,0.02210,1280000,-1.00000,665241393077,0.00000
1061,530,0,1.76560,0.00000,0.00000,0.01810,0,-1.00000,665241413417,0.00000
1062,531,0,0.44530,1.65130,0.10750,0.02270,1280000,-1.00000,665241418509,0.00000
1063,531,0,2.34380,0.00000,0.00000,0.01710,0,-1.00000,665241441808,0.00000
1064,532,0,0.43850,1.72140,0.10330,0.01890,1280000,-1.00000,665241446857,0.00000
1065,532,0,2.35860,0.00000,0.00000,0.01740,0,-1.00000,665241464496,0.00000
1066,533,0,1.23530,1.06280,0.11010,0.02480,1280000,-1.00000,665241468962,0.00000
1067,533,0,1.80090,0.00000,0.00000,0.01960,0,-1.00000,665241492398,0.00000
1068,534,0,1.30400,1.11440,0.10570,0.02290,1280000,-1.00000,665241496788,0.00000
1069,534,0,1.81310,0.00000,0.00000,0.01900,0,-1.00000,665241520368,0.00000
1070,535,0,0.43900,1.08720,0.10630,0.02080,1280000,-1.00000,665241532730,0.00000
1071,535,0,1.73540,0.00000,0.00000,0.01920,0,-1.00000,665241550737,0.00000
1072,536,0,0.99860,1.09390,0.10680,0.02380,1280000,-1.00000,665241563771,0.00000
1073,536,0,1.75660,0.00000,0.00000,0.02040,0,-1.00000,665241581898,0.00000
1074,537,0,0.93340,1.08510,0.10020,0.02190,1280000,-1.00000,665241586293,0.00000
1075,537,0,1.78720,0.00000,0.00000,0.01710,0,-1.00000,665241603647,0.00000
1076,538,0,0.83350,1.10640,0.16520,0.02490,1280000,-1.00000,665241613637,0.00000
1077,538,0,1.99510,0.00000,0.00000,0.02270,0,-1.00000,665241631203,0.00000
1078,539,0,0.70250,1.47170,0.10420,0.02740,1280000,-1.00000,665241640537,0.00000
1079,539,0,2.29470,0.00000,0.00000,0.01870,0,-1.00000,665241658401,0.00000
1080,540,0,0.44889,1.10910,0.09850,0.01960,1280000,-1.00000,665241666749,0.00000
1081,540,0,1.75090,0.00000,0.00000,0.01690,0,-1.00000,665241686711,0.00000
1082,541,0,0.86801,1.08870,0.10800,0.01730,1280000,-1.00000,665241693751,0.00000
1083,541,0,1.91990,0.00000,0.00000,0.02150,0,-1.00000,665241716667,0.00000
1084,542,0,0.73410,1.15070,0.10790,0.01990,1280000,-1.00000,665241721148,0.00000
1085,542,0,1.87090,0.00000,0.00000,0.01930,0,-1.00000,665241738662,0.00000
1086,543,0,0.45879,1.06000,0.11410,0.02160,1280000,-1.00000,665241747336,0.00000
1087,543,0,1.74221,0.00000,0.00000,0.02000,0,-1.00000,665241766534,0.00000
1088,544,0,0.42870,1.14540,0.10500,0.02060,1280000,-1.00000,665241773880,0.00000
1089,544,0,1.84710,0.00000,0.00000,0.01670,0,-1.00000,665241792582,0.00000
1090,545,0,1.79500,1.65910,0.11640,0.01940,1280000,-1.00000,665241797179,0.00000
1091,545,0,2.31730,0.00000,0.00000,0.01640,0,-1.00000,665241814587,0.00000
1092,546,0,0.39570,1.15070,0.10700,0.01750,1280000,-1.00000,665241818890,0.00000
1093,546,0,1.82170,0.00000,0.00000,0.01470,0,-1.00000,665241837356,0.00000
1094,547,0,0.86320,1.07560,0.10110,0.02260,1280000,-1.00000,665241855305,0.00000
1095,547,0,1.78680,0.00000,0.00000,0.02100,0,-1.00000,665241878475,0.00000
1096,548,0,2.26240,1.73310,0.10990,0.02180,1280000,-1.00000,665241882433,0.00000
1097,548,0,2.40950,0.00000,0.00000,0.01720,0,-1.00000,665241900649,0.00000
1098,549,0,0.43310,1.79540,0.11130,0.02810,1280000,-1.00000,665241909296,0.00000
1099,549,0,2.57330,0.00000,0.00000,0.02000,0,-1.00000,665241927159,0.00000
1100,550,0,0.47241,1.16340,0.09570,0.02400,1280000,-1.00000,665241949784,0.00000
1101,550,0,1.93350,0.00000,0.00000,0.02070,0,-1.00000,665241973872,0.00000
1102,551,0,0.51410,1.11150,0.10930,0.02250,1280000,-1.00000,665241978206,0.00000
1103,551,0,1.81040,0.00000,0.00000,0.01800,0,-1.00000,665242003954,0.00000
1104,552,0,0.47630,1.11300,0.10410,0.01980,1280000,-1.00000,665242008670,0.00000
1105,552,0,1.80980,0.00000,0.00000,0.01620,0,-1.00000,665242027996,0.00000
1106,553,0,0.47870,1.67920,0.10980,0.02140,1280000,-1.00000,665242033142,0.00000
1107,553,0,2.38330,0.00000,0.00000,0.01760,0,-1.00000,665242051242,0.00000
1108,554,0,0.47560,1.72640,0.11560,0.01910,1280000,-1.00000,665242056000,0.00000
1109,554,0,2.34790,0.00000,0.00000,0.01620,0,-1.00000,665242074100,0.00000
1110,555,0,0.43099,1.66800,0.10470,0.01770,1280000,-1.00000,665242078885,0.00000
1111,555,0,2.29540,0.00000,0.00000,0.01720,0,-1.00000,665242102727,0.00000
1112,556,0,0.47450,1.15570,0.10200,0.02330,1280000,-1.00000,665242107479,0.00000
1113,556,0,1.86990,0.00000,0.00000,0.01700,0,-1.00000,665242130957,0.00000
1114,557,0,0.46380,1.11460,0.10430,0.01660,1280000,-1.00000,665242135262,0.00000
1115,557,0,1.74230,0.00000,0.00000,0.01480,0,-1.00000,665242158226,0.00000
1116,558,0,0.42840,1.12420,0.12130,0.02020,1280000,-1.00000,665242162964,0.00000
1117,558,0,1.84610,0.00000,0.00000,0.02120,0,-1.00000,665242181664,0.00000
1118,559,0,0.54190,1.29330,0.09900,0.02250,1280000,-1.00000,665242186298,0.00000
1119,559,0,2.01200,0.00000,0.00000,0.02190,0,-1.00000,665242203724,0.00000
1120,560,0,0.69940,1.12000,0.10710,0.02080,1280000,-1.00000,665242208007,0.00000
1121,560,0,1.79430,0.00000,0.00000,0.02220,0,-1.00000,665242226481,0.00000
1122,561,0,0.93930,1.82620,0.19780,0.02900,1280000,-1.00000,665242231892,0.00000
1123,561,0,2.83199,0.00000,0.00000,0.02110,0,-1.00000,665242252011,0.00000
1124,562,0,0.88170,1.21060,0.09630,0.02130,1280000,-1.00000,665242258997,0.00000
1125,562,0,2.07560,0.00000,0.00000,0.02030,0,-1.00000,665242276936,0.00000
1126,563,0,0.42200,1.08630,0.10360,0.01990,1280000,-1.00000,665242286369,0.00000
1127,563,0,1.73460,0.00000,0.00000,0.01680,0,-1.00000,665242314675,0.00000
1128,564,0,0.41980,1.13540,0.10520,0.01680,1280000,-1.00000,665242323530,0.00000
1129,564,0,1.70640,0.00000,0.00000,0.01440,0,-1.00000,665242344232,0.00000
1130,565,0,0.38600,1.12770,0.09730,0.02070,1280000,-1.00000,665242348450,0.00000
1131,565,0,1.82080,0.00000,0.00000,0.01600,0,-1.00000,665242365795,0.00000
1132,566,0,0.46460,1.17120,0.11740,0.01930,1280000,-1.00000,665242369992,0.00000
1133,566,0,1.85010,0.00000,0.00000,0.01540,0,-1.00000,665242387055,0.00000
1134,567,0,0.44640,1.12930,0.09660,0.02380,1280000,-1.00000,665242390921,0.00000
1135,567,0,1.81091,0.00000,0.00000,0.01720,0,-1.00000,665242409130,0.00000
1136,568,0,0.68240,1.17080,0.11190,0.01710,1280000,-1.00000,665242413774,0.00000
1137,568,0,1.86740,0.00000,0.00000,0.02030,0,-1.00000,665242432274,0.00000
1138,569,0,0.88420,1.12410,0.10930,0.02220,1280000,-1.00000,665242436737,0.00000
1139,569,0,1.79889,0.00000,0.00000,0.02000,0,-1.00000,665242454847,0.00000
1140,570,0,2.28000,1.12920,0.10510,0.02100,1280000,-1.00000,665242461680,0.00000
1141,570,0,1.81300,0.00000,0.00000,0.01780,0,-1.00000,665242480348,0.00000
1142,571,0,0.48380,1.13830,0.09880,0.01860,1280000,-1.00000,665242489194,0.00000
1143,571,0,1.73270,0.00000,0.00000,0.01670,0,-1.00000,665242507176,0.00000
1144,572,0,0.45840,1.17800,0.10130,0.02110,1280000,-1.00000,665242529985,0.00000
1145,572,0,1.87569,0.00000,0.00000,0.01620,0,-1.00000,665242548112,0.00000
1146,573,0,0.43790,1.17620,0.10070,0.01870,1280000,-1.00000,665242552946,0.00000
1147,573,0,1.77200,0.00000,0.00000,0.02190,0,-1.00000,665242570272,0.00000
1148,574,0,0.75420,1.29770,0.11550,0.02470,1280000,-1.00000,665242574855,0.00000
1149,574,0,2.03040,0.00000,0.00000,0.02200,0,-1.00000,665242593612,0.00000
1150,575,0,0.69870,1.31010,0.11160,0.02890,1280000,-1.00000,665242597991,0.00000
1151,575,0,2.11010,0.00000,0.00000,0.02020,0,-1.00000,665242615721,0.00000
1152,576,0,1.00930,1.19370,0.09930,0.02400,1280000,-1.00000,665242623261,0.00000
1153,576,0,1.94841,0.00000,0.00000,0.01960,0,-1.00000,665242643564,0.00000
1154,577,0,0.72370,1.11570,0.11230,0.02020,1280000,-1.00000,665242650562,0.00000
1155,577,0,1.83330,0.00000,0.00000,0.01740,0,-1.00000,665242671641,0.00000
1156,578,0,0.40710,1.78050,0.11020,0.02300,1280000,-1.00000,665242681741,0.00000
1157,578,0,2.43700,0.00000,0.00000,0.01990,0,-1.00000,665242701227,0.00000
1158,579,0,0.42540,1.73990,0.10690,0.02360,1280000,-1.00000,665242708464,0.00000
1159,579,0,2.39880,0.00000,0.00000,0.01810,0,-1.00000,665242726796,0.00000
1160,580,0,0.44320,1.15170,0.10740,0.02320,1280000,-1.00000,665242730860,0.00000
1161,580,0,1.86660,0.00000,0.00000,0.01740,0,-1.00000,665242755221,0.00000
1162,581,0,0.47860,1.16010,0.13600,0.02250,1280000,-1.00000,665242759495,0.00000
1163,581,0,1.81470,0.00000,0.00000,0.02030,0,-1.00000,665242783470,0.00000
1164,582,0,1.01140,1.17380,0.17370,0.03060,1280000,-1.00000,665242787910,0.00000
1165,582,0,2.06020,0.00000,0.00000,0.02120,0,-1.00000,665242806574,0.00000
1166,583,0,0.69810,1.14380,0.11080,0.02410,1280000,-1.00000,665242811357,0.00000
1167,583,0,1.96260,0.00000,0.00000,0.01910,0,-1.00000,665242829510,0.00000
1168,584,0,0.64340,1.17210,0.10430,0.02580,1280000,-1.00000,665242839627,0.00000
1169,584,0,1.90010,0.00000,0.00000,0.01910,0,-1.00000,665242860246,0.00000
1170,585,0,0.81300,1.75270,0.12070,0.02220,1280000,-1.00000,665242867406,0.00000
1171,585,0,2.43740,0.00000,0.00000,0.01980,0,-1.00000,665242886839,0.00000
1172,586,0,0.51850,1.19250,0.11350,0.02630,1280000,-1.00000,665242893265,0.00000
1173,586,0,1.91250,0.00000,0.00000,0.02240,0,-1.00000,665242912259,0.00000
1174,587,0,0.52029,1.78200,0.10600,0.02460,1280000,-1.00000,665242920400,0.00000
1175,587,0,2.45760,0.00000,0.00000,0.02070,0,-1.00000,665242944778,0.00000
1176,588,0,0.49790,1.17130,0.11010,0.02450,1280000,-1.00000,665242949959,0.00000
1177,588,0,1.82480,0.00000,0.00000,0.01960,0,-1.00000,665242969076,0.00000
1178,589,0,0.64100,1.76190,0.11030,0.02150,1280000,-1.00000,665242974283,0.00000
1179,589,0,2.43550,0.00000,0.00000,0.01820,0,-1.00000,665242998859,0.00000
1180,590,0,0.41650,1.79640,0.11990,0.02240,1280000,-1.00000,665243003835,0.00000
1181,590,0,2.43250,0.00000,0.00000,0.01920,0,-1.00000,665243022084,0.00000
1182,591,0,0.39110,1.13810,0.10450,0.02370,1280000,-1.00000,665243028489,0.00000
1183,591,0,1.78460,0.00000,0.00000,0.01770,0,-1.00000,665243052854,0.00000
1184,592,0,0.47270,1.75410,0.11980,0.02340,1280000,-1.00000,665243057011,0.00000
1185,592,0,2.38820,0.00000,0.00000,0.01910,0,-1.00000,665243081341,0.00000
1186,593,0,0.38860,1.15320,0.10710,0.02000,1280000,-1.00000,665243085245,0.00000
1187,593,0,1.84580,0.00000,0.00000,0.01600,0,-1.00000,665243103093,0.00000
1188,594,0,0.47270,1.23220,0.10900,0.01970,1280000,-1.00000,665243107821,0.00000
1189,594,0,1.91420,0.00000,0.00000,0.01710,0,-1.00000,665243131710,0.00000
1190,595,0,1.99310,1.18890,0.09790,0.01840,1280000,-1.00000,665243135588,0.00000
1191,595,0,1.79330,0.00000,0.00000,0.01540,0,-1.00000,665243154049,0.00000
1192,596,0,0.42500,1.80210,0.10500,0.02140,1280000,-1.00000,665243158778,0.00000
1193,596,0,2.56470,0.00000,0.00000,0.02130,0,-1.00000,665243177924,0.00000
1194,597,0,0.73020,1.77300,0.10500,0.02440,1280000,-1.00000,665243197859,0.00000
1195,597,0,2.48970,0.00000,0.00000,0.01810,0,-1.00000,665243215783,0.00000
1196,598,0,0.44460,1.20080,0.10490,0.02170,1280000,-1.00000,665243220031,0.00000
1197,598,0,1.83600,0.00000,0.00000,0.01910,0,-1.00000,665243245687,0.00000
1198,599,0,0.45410,1.24360,0.12160,0.02730,1280000,-1.00000,665243253037,0.00000
1199,599,0,2.01890,0.00000,0.00000,0.02020,0,-1.00000,665243277879,0.00000
1200,600,0,0.43780,1.81030,0.10970,0.02470,1280000,-1.00000,665243282324,0.00000
1201,600,0,2.50490,0.00000,0.00000,0.02010,0,-1.00000,665243300682,0.00000
1202,601,0,0.44690,1.78320,0.11510,0.02430,1280000,-1.00000,665243305226,0.00000
1203,601,0,2.44360,0.00000,0.00000,0.02060,0,-1.00000,665243325427,0.00000
1204,602,0,0.40400,1.19960,0.12360,0.02140,1280000,-1.00000,665243329803,0.00000
1205,602,0,1.83060,0.00000,0.00000,0.01880,0,-1.00000,665243354843,0.00000
1206,603,0,0.51040,1.86810,0.11960,0.02300,1280000,-1.00000,665243359311,0.00000
1207,603,0,2.53320,0.00000,0.00000,0.02020,0,-1.00000,665243383749,0.00000
1208,604,0,0.45860,1.33930,0.15800,0.02040,1280000,-1.00000,665243387781,0.00000
1209,604,0,2.03300,0.00000,0.00000,0.01990,0,-1.00000,665243406088,0.00000
1210,605,0,0.47479,1.21090,0.09780,0.02060,1280000,-1.00000,665243411207,0.00000
1211,605,0,1.78140,0.00000,0.00000,0.01560,0,-1.00000,665243436533,0.00000
1212,606,0,0.46860,1.68390,0.21280,0.02130,1280000,-1.00000,665243441114,0.00000
1213,606,0,2.42410,0.00000,0.00000,0.01710,0,-1.00000,665243461448,0.00000
1214,607,0,0.48850,1.18560,0.10700,0.01900,1280000,-1.00000,665243466196,0.00000
1215,607,0,1.87370,0.00000,0.00000,0.01660,0,-1.00000,665243484005,0.00000
1216,608,0,0.52100,1.52760,0.11980,0.02710,1280000,-1.00000,665243488688,0.00000
1217,608,0,2.18570,0.00000,0.00000,0.01620,0,-1.00000,665243512932,0.00000
1218,609,0,0.52871,1.22920,0.11920,0.02890,1280000,-1.00000,665243517821,0.00000
1219,609,0,1.98180,0.00000,0.00000,0.01730,0,-1.00000,665243536553,0.00000
1220,610,0,0.74160,1.79760,0.12490,0.03820,1280000,-1.00000,665243541757,0.00000
1221,610,0,2.70390,0.00000,0.00000,0.01520,0,-1.00000,665243563637,0.00000
1222,611,0,0.52600,1.23310,0.09250,0.01840,1280000,-1.00000,665243568908,0.00000
1223,611,0,1.90540,0.00000,0.00000,0.01570,0,-1.00000,665243588743,0.00000
1224,612,0,0.94680,1.20820,0.10830,0.01870,1280000,-1.00000,665243596143,0.00000
1225,612,0,1.83750,0.00000,0.00000,0.01520,0,-1.00000,665243623207,0.00000
1226,613,0,0.38120,1.17790,0.10680,0.02340,1280000,-1.00000,665243628453,0.00000
1227,613,0,1.87119,0.00000,0.00000,0.01680,0,-1.00000,665243647500,0.00000
1228,614,0,0.36050,1.50790,0.11130,0.01790,1280000,-1.00000,665243656978,0.00000
1229,614,0,2.17890,0.00000,0.00000,0.02210,0,-1.00000,665243675342,0.00000
1230,615,0,0.49240,1.79080,0.10860,0.02320,1280000,-1.00000,665243679146,0.00000
1231,615,0,2.45880,0.00000,0.00000,0.01990,0,-1.00000,665243697860,0.00000
1232,616,0,0.40230,1.24740,0.11770,0.01920,1280000,-1.00000,665243701463,0.00000
1233,616,0,1.81081,0.00000,0.00000,0.01510,0,-1.00000,665243723256,0.00000
1234,617,0,1.09740,1.21660,0.10420,0.01710,1280000,-1.00000,665243728177,0.00000
1235,617,0,1.89150,0.00000,0.00000,0.01500,0,-1.00000,665243752772,0.00000
1236,618,0,0.74230,1.24410,0.10550,0.01870,1280000,-1.00000,665243756791,0.00000
1237,618,0,1.86229,0.00000,0.00000,0.01710,0,-1.00000,665243774898,0.00000
1238,619,0,0.84470,1.18450,0.11330,0.02520,1280000,-1.00000,665243785872,0.00000
1239,619,0,1.83620,0.00000,0.00000,0.01760,0,-1.00000,665243804787,0.00000
1240,620,0,0.88940,1.24690,0.10230,0.01870,1280000,-1.00000,665243812225,0.00000
1241,620,0,1.85110,0.00000,0.00000,0.01500,0,-1.00000,665243830839,0.00000
1242,621,0,0.86110,1.17990,0.11030,0.01790,1280000,-1.00000,665243839280,0.00000
1243,621,0,1.97090,0.00000,0.00000,0.02170,0,-1.00000,665243857646,0.00000
1244,622,0,0.69410,1.22780,0.09650,0.02350,1280000,-1.00000,665243866548,0.00000
1245,622,0,1.88331,0.00000,0.00000,0.01960,0,-1.00000,665243885048,0.00000
1246,623,0,0.85020,1.74850,0.09330,0.01990,1280000,-1.00000,665243893663,0.00000
1247,623,0,2.37880,0.00000,0.00000,0.02120,0,-1.00000,665243913372,0.00000
1248,624,0,0.52630,1.53680,0.12340,0.02390,1280000,-1.00000,665243920314,0.00000
1249,624,0,2.28680,0.00000,0.00000,0.02910,0,-1.00000,665243939146,0.00000
1250,625,0,0.61920,1.82270,0.10920,0.02300,1280000,-1.00000,665243947656,0.00000
1251,625,0,2.59600,0.00000,0.00000,0.02020,0,-1.00000,665243971426,0.00000
1252,626,0,0.42590,1.79210,0.10200,0.02430,1280000,-1.00000,665243976694,0.00000
1253,626,0,2.50040,0.00000,0.00000,0.02080,0,-1.00000,665243999591,0.00000
1254,627,0,0.38560,1.74710,0.11080,0.02300,1280000,-1.00000,665244005764,0.00000
1255,627,0,2.36420,0.00000,0.00000,0.01690,0,-1.00000,665244031715,0.00000
1256,628,0,0.47030,1.23110,0.20610,0.02140,1280000,-1.00000,665244035970,0.00000
1257,628,0,2.02240,0.00000,0.00000,0.01850,0,-1.00000,665244060970,0.00000
1258,629,0,0.46260,1.22030,0.10670,0.02120,1280000,-1.00000,665244064836,0.00000
1259,629,0,1.81260,0.00000,0.00000,0.01650,0,-1.00000,665244088473,0.00000
1260,630,0,1.34160,1.21160,0.10300,0.02240,1280000,-1.00000,665244093183,0.00000
1261,630,0,1.94540,0.00000,0.00000,0.01840,0,-1.00000,665244113403,0.00000
1262,631,0,0.81910,1.78580,0.10960,0.01940,1280000,-1.00000,665244118024,0.00000
1263,631,0,2.47490,0.00000,0.00000,0.02140,0,-1.00000,665244136143,0.00000
1264,632,0,0.47420,1.33650,0.11370,0.02130,1280000,-1.00000,665244149576,0.00000
1265,632,0,1.95900,0.00000,0.00000,0.01830,0,-1.00000,665244169022,0.00000
1266,633,0,0.48470,1.21430,0.10200,0.01890,1280000,-1.00000,665244177223,0.00000
1267,633,0,1.83540,0.00000,0.00000,0.01680,0,-1.00000,665244201971,0.00000
1268,634,0,0.38090,1.81340,0.13210,0.01790,1280000,-1.00000,665244206709,0.00000
1269,634,0,2.50150,0.00000,0.00000,0.02140,0,-1.00000,665244226303,0.00000
1270,635,0,0.45470,1.21680,0.09920,0.01840,1280000,-1.00000,665244231145,0.00000
1271,635,0,1.81120,0.00000,0.00000,0.01560,0,-1.00000,665244249502,0.00000
1272,636,0,0.40330,1.22270,0.10890,0.02340,1280000,-1.00000,665244253308,0.00000
1273,636,0,1.89230,0.00000,0.00000,0.01880,0,-1.00000,665244278319,0.00000
1274,637,0,0.46920,1.22920,0.12650,0.02420,1280000,-1.00000,665244282872,0.00000
1275,637,0,2.00250,0.00000,0.00000,0.01720,0,-1.00000,665244300979,0.00000
1276,638,0,0.48540,1.82630,0.11190,0.02350,1280000,-1.00000,665244305010,0.00000
1277,638,0,2.51190,0.00000,0.00000,0.02190,0,-1.00000,665244323941,0.00000
1278,639,0,0.45910,1.24300,0.10090,0.02270,1280000,-1.00000,665244328633,0.00000
1279,639,0,1.87280,0.00000,0.00000,0.01890,0,-1.00000,665244348670,0.00000
1280,640,0,0.44060,1.24800,0.09470,0.02250,1280000,-1.00000,665244353519,0.00000
1281,640,0,1.92130,0.00000,0.00000,0.01830,0,-1.00000,665244378624,0.00000
1282,641,0,0.85660,1.20870,0.10410,0.01920,1280000,-1.00000,665244383220,0.00000
1283,641,0,1.84529,0.00000,0.00000,0.01770,0,-1.00000,665244401954,0.00000
1284,642,0,0.84320,1.24610,0.11020,0.02050,1280000,-1.00000,665244406346,0.00000
1285,642,0,1.85710,0.00000,0.00000,0.01530,0,-1.00000,665244425568,0.00000
1286,643,0,0.77490,1.50390,0.09760,0.01980,1280000,-1.00000,665244434140,0.00000
1287,643,0,2.19340,0.00000,0.00000,0.01520,0,-1.00000,665244452587,0.00000
1288,644,0,0.53320,1.24730,0.10680,0.01730,1280000,-1.00000,665244461018,0.00000
1289,644,0,1.86340,0.00000,0.00000,0.01640,0,-1.00000,665244479585,0.00000
1290,645,0,2.20900,1.21400,0.11040,0.01660,1280000,-1.00000,665244487339,0.00000
1291,645,0,1.81400,0.00000,0.00000,0.01630,0,-1.00000,665244509273,0.00000
1292,646,0,0.42720,1.80500,0.10230,0.02280,1280000,-1.00000,665244514605,0.00000
1293,646,0,2.43440,0.00000,0.00000,0.01970,0,-1.00000,665244533245,0.00000
1294,647,0,0.40440,1.20900,0.11470,0.01840,1280000,-1.00000,665244555329,0.00000
1295,647,0,1.77300,0.00000,0.00000,0.01530,0,-1.00000,665244573468,0.00000
1296,648,0,0.42430,1.20950,0.12180,0.02100,1280000,-1.00000,665244577743,0.00000
1297,648,0,1.88450,0.00000,0.00000,0.01880,0,-1.00000,665244602081,0.00000
1298,649,0,0.94560,1.22170,0.10190,0.02450,1280000,-1.00000,665244606124,0.00000
1299,649,0,1.94060,0.00000,0.00000,0.02260,0,-1.00000,665244623856,0.00000
1300,650,0,0.47290,1.76150,0.14770,0.02360,1280000,-1.00000,665244628102,0.00000
1301,650,0,2.45060,0.00000,0.00000,0.01960,0,-1.00000,665244646962,0.00000
1302,651,0,0.40840,1.20530,0.10490,0.02150,1280000,-1.00000,665244656438,0.00000
1303,651,0,1.79440,0.00000,0.00000,0.01660,0,-1.00000,665244675816,0.00000
1304,652,0,0.40480,1.20300,0.10580,0.01760,1280000,-1.00000,665244680539,0.00000
1305,652,0,1.84520,0.00000,0.00000,0.01590,0,-1.00000,665244705045,0.00000
1306,653,0,0.78099,1.18430,0.10630,0.02370,1280000,-1.00000,665244709126,0.00000
1307,653,0,1.85741,0.00000,0.00000,0.01740,0,-1.00000,665244727071,0.00000
1308,654,0,2.20280,1.19990,0.10350,0.01960,1280000,-1.00000,665244731128,0.00000
1309,654,0,1.77900,0.00000,0.00000,0.02180,0,-1.00000,665244749572,0.00000
1310,655,0,0.47550,1.24760,0.10530,0.01890,1280000,-1.00000,665244757385,0.00000
1311,655,0,1.91850,0.00000,0.00000,0.01640,0,-1.00000,665244775954,0.00000
1312,656,0,0.42320,1.19840,0.10460,0.02220,1280000,-1.00000,665244797988,0.00000
1313,656,0,1.84430,0.00000,0.00000,0.01810,0,-1.00000,665244815763,0.00000
1314,657,0,0.36850,1.17170,0.12490,0.01850,1280000,-1.00000,665244820528,0.00000
1315,657,0,1.76070,0.00000,0.00000,0.01620,0,-1.00000,665244839714,0.00000
1316,658,0,2.20700,1.24080,0.11260,0.01850,1280000,-1.00000,665244843945,0.00000
1317,658,0,1.91040,0.00000,0.00000,0.01510,0,-1.00000,665244862388,0.00000
1318,659,0,0.85050,1.21150,0.12260,0.02480,1280000,-1.00000,665244866070,0.00000
1319,659,0,1.96330,0.00000,0.00000,0.02210,0,-1.00000,665244883677,0.00000
1320,660,0,0.68270,1.81230,0.11370,0.02800,1280000,-1.00000,665244905750,0.00000
1321,660,0,2.56580,0.00000,0.00000,0.02240,0,-1.00000,665244924850,0.00000
1322,661,0,0.40310,1.56660,0.17670,0.02120,1280000,-1.00000,665244933355,0.00000
1323,661,0,2.31589,0.00000,0.00000,0.02150,0,-1.00000,665244953002,0.00000
1324,662,0,0.43750,1.81190,0.10770,0.02110,1280000,-1.00000,665244959828,0.00000
1325,662,0,2.44131,0.00000,0.00000,0.01770,0,-1.00000,665244985484,0.00000
1326,663,0,0.44320,1.16950,0.09190,0.01820,1280000,-1.00000,665244989506,0.00000
1327,663,0,1.92160,0.00000,0.00000,0.01960,0,-1.00000,665245012662,0.00000
1328,664,0,0.44810,1.20860,0.10480,0.02160,1280000,-1.00000,665245017045,0.00000
1329,664,0,2.38250,0.00000,0.00000,0.02200,0,-1.00000,665245041458,0.00000
1330,665,0,0.44460,1.18930,0.11460,0.02140,1280000,-1.00000,665245045886,0.00000
1331,665,0,1.96310,0.00000,0.00000,0.02200,0,-1.00000,665245065100,0.00000
1332,666,0,1.75840,1.21750,0.09430,0.02410,1280000,-1.00000,665245069579,0.00000
1333,666,0,1.88080,0.00000,0.00000,0.01900,0,-1.00000,665245093417,0.00000
1334,667,0,0.43550,1.17100,0.11090,0.01920,1280000,-1.00000,665245097856,0.00000
1335,667,0,1.86830,0.00000,0.00000,0.01810,0,-1.00000,665245117500,0.00000
1336,668,0,0.47940,1.60600,0.20120,0.02190,1280000,-1.00000,665245135081,0.00000
1337,668,0,2.37870,0.00000,0.00000,0.01850,0,-1.00000,665245153877,0.00000
1338,669,0,0.43550,1.16830,0.10530,0.02130,1280000,-1.00000,665245158233,0.00000
1339,669,0,1.81490,0.00000,0.00000,0.01730,0,-1.00000,665245176916,0.00000
1340,670,0,0.46110,1.37550,0.16130,0.02220,1280000,-1.00000,665245181710,0.00000
1341,670,0,2.07440,0.00000,0.00000,0.01970,0,-1.00000,665245205497,0.00000
1342,671,0,0.41270,1.21770,0.17270,0.02200,1280000,-1.00000,665245209855,0.00000
1343,671,0,2.00440,0.00000,0.00000,0.01870,0,-1.00000,665245227999,0.00000
1344,672,0,0.41380,1.20470,0.10730,0.02360,1280000,-1.00000,665245232615,0.00000
1345,672,0,1.84520,0.00000,0.00000,0.01960,0,-1.00000,665245253360,0.00000
1346,673,0,0.45640,1.38980,0.16050,0.02770,1280000,-1.00000,665245257476,0.00000
1347,673,0,2.14330,0.00000,0.00000,0.01920,0,-1.00000,665245277526,0.00000
1348,674,0,0.48671,1.26580,0.18000,0.02210,1280000,-1.00000,665245281667,0.00000
1349,674,0,1.97080,0.00000,0.00000,0.01930,0,-1.00000,665245300115,0.00000
1350,675,0,0.38500,1.15770,0.10320,0.02190,1280000,-1.00000,665245304682,0.00000
1351,675,0,1.83070,0.00000,0.00000,0.01840,0,-1.00000,665245326117,0.00000
1352,676,0,0.45310,1.20280,0.11630,0.02310,1280000,-1.00000,665245330993,0.00000
1353,676,0,1.84200,0.00000,0.00000,0.01840,0,-1.00000,665245350695,0.00000
1354,677,0,2.28920,1.18330,0.10800,0.02360,1280000,-1.00000,665245354539,0.00000
1355,677,0,1.86680,0.00000,0.00000,0.02040,0,-1.00000,665245372850,0.00000
1356,678,0,0.39030,1.22640,0.09990,0.01670,1280000,-1.00000,665245377373,0.00000
1357,678,0,1.75080,0.00000,0.00000,0.01450,0,-1.00000,665245395793,0.00000
1358,679,0,0.38909,1.78810,0.10510,0.02270,1280000,-1.00000,665245418694,0.00000
1359,679,0,2.41531,0.00000,0.00000,0.01870,0,-1.00000,665245437360,0.00000
1360,680,0,0.39780,1.34140,0.16970,0.02120,1280000,-1.00000,665245441255,0.00000
1361,680,0,2.03760,0.00000,0.00000,0.01850,0,-1.00000,665245458764,0.00000
1362,681,0,0.51670,1.15880,0.10680,0.02290,1280000,-1.00000,665245462649,0.00000
1363,681,0,1.82650,0.00000,0.00000,0.01820,0,-1.00000,665245486809,0.00000
1364,682,0,0.93470,1.31120,0.16500,0.02160,1280000,-1.00000,665245490791,0.00000
1365,682,0,2.09120,0.00000,0.00000,0.02180,0,-1.00000,665245511164,0.00000
1366,683,0,0.51520,1.41600,0.17370,0.02090,1280000,-1.00000,665245516330,0.00000
1367,683,0,2.20850,0.00000,0.00000,0.02060,0,-1.00000,665245534596,0.00000
1368,684,0,0.42750,1.23280,0.15410,0.02150,1280000,-1.00000,665245543949,0.00000
1369,684,0,1.96130,0.00000,0.00000,0.01770,0,-1.00000,665245564858,0.00000
1370,685,0,0.50050,1.15380,0.11440,0.02530,1280000,-1.00000,665245570046,0.00000
1371,685,0,1.86610,0.00000,0.00000,0.01760,0,-1.00000,665245592098,0.00000
1372,686,0,0.41880,1.75930,0.11650,0.02270,1280000,-1.00000,665245596364,0.00000
1373,686,0,2.41631,0.00000,0.00000,0.01960,0,-1.00000,665245615996,0.00000
1374,687,0,0.63500,1.18610,0.10860,0.02150,1280000,-1.00000,665245620990,0.00000
1375,687,0,1.88240,0.00000,0.00000,0.02780,0,-1.00000,665245639656,0.00000
1376,688,0,0.80290,1.19550,0.10740,0.02200,1280000,-1.00000,665245643835,0.00000
1377,688,0,1.87320,0.00000,0.00000,0.02170,0,-1.00000,665245668001,0.00000
1378,689,0,0.77020,1.17110,0.11770,0.02190,1280000,-1.00000,665245674357,0.00000
1379,689,0,1.80960,0.00000,0.00000,0.02060,0,-1.00000,665245693236,0.00000
1380,690,0,0.41759,1.21970,0.10940,0.01880,1280000,-1.00000,665245701213,0.00000
1381,690,0,1.74931,0.00000,0.00000,0.01770,0,-1.00000,665245719940,0.00000
1382,691,0,1.36720,1.18420,0.12120,0.02140,1280000,-1.00000,665245727646,0.00000
1383,691,0,1.75740,0.00000,0.00000,0.01730,0,-1.00000,665245745734,0.00000
1384,692,0,0.34330,1.26420,0.12240,0.02210,1280000,-1.00000,665245749908,0.00000
1385,692,0,1.86280,0.00000,0.00000,0.01850,0,-1.00000,665245767401,0.00000
1386,693,0,0.39770,1.16890,0.10280,0.01860,1280000,-1.00000,665245781077,0.00000
1387,693,0,1.69031,0.00000,0.00000,0.01660,0,-1.00000,665245798646,0.00000
1388,694,0,0.72430,1.74460,0.10940,0.02210,1280000,-1.00000,665245802079,0.00000
1389,694,0,2.40130,0.00000,0.00000,0.01900,0,-1.00000,665245820710,0.00000
1390,695,0,0.37450,1.17550,0.10470,0.01900,1280000,-1.00000,665245824684,0.00000
1391,695,0,1.74520,0.00000,0.00000,0.01650,0,-1.00000,665245841586,0.00000
1392,696,0,0.87260,1.32430,0.09900,0.02120,1280000,-1.00000,665245848833,0.00000
1393,696,0,1.99640,0.00000,0.00000,0.02040,0,-1.00000,665245872844,0.00000
1394,697,0,0.70320,1.17170,0.10980,0.02150,1280000,-1.00000,665245876587,0.00000
1395,697,0,1.76230,0.00000,0.00000,0.01770,0,-1.00000,665245894039,0.00000
1396,698,0,0.86710,1.21140,0.11190,0.01780,1280000,-1.00000,665245902767,0.00000
1397,698,0,1.76710,0.00000,0.00000,0.01810,0,-1.00000,665245922735,0.00000
1398,699,0,0.90910,1.76650,0.12090,0.02950,1280000,-1.00000,665245929767,0.00000
1399,699,0,2.44301,0.00000,0.00000,0.01880,0,-1.00000,665245947387,0.00000
1400,700,0,0.37890,1.18170,0.12130,0.02250,1280000,-1.00000,665245956063,0.00000
1401,700,0,1.95760,0.00000,0.00000,0.05100,0,-1.00000,665245973727,0.00000
1402,701,0,0.74710,1.17610,0.09890,0.02110,1280000,-1.00000,665245982836,0.00000
1403,701,0,2.40720,0.00000,0.00000,0.01780,0,-1.00000,665246007257,0.00000
1404,702,0,0.35170,1.78920,0.11540,0.02170,1280000,-1.00000,665246011039,0.00000
1405,702,0,2.45650,0.00000,0.00000,0.02080,0,-1.00000,665246030671,0.00000
1406,703,0,0.38010,1.74990,0.10560,0.02300,1280000,-1.00000,665246038103,0.00000
1407,703,0,2.31190,0.00000,0.00000,0.01750,0,-1.00000,665246062161,0.00000
1408,704,0,0.35830,1.19950,0.10870,0.01780,1280000,-1.00000,665246065675,0.00000
1409,704,0,1.70990,0.00000,0.00000,0.01650,0,-1.00000,665246090243,0.00000
1410,705,0,0.78970,1.74930,0.11010,0.02040,1280000,-1.00000,665246094045,0.00000
1411,705,0,2.33650,0.00000,0.00000,0.01810,0,-1.00000,665246117160,0.00000
1412,706,0,0.35290,1.21050,0.10540,0.01930,1280000,-1.00000,665246120740,0.00000
1413,706,0,1.75610,0.00000,0.00000,0.01710,0,-1.00000,665246137837,0.00000
1414,707,0,2.17160,1.12000,0.11640,0.02860,1280000,-1.00000,665246145751,0.00000
1415,707,0,1.71891,0.00000,0.00000,0.02150,0,-1.00000,665246169106,0.00000
1416,708,0,0.93880,1.18040,0.11080,0.02350,1280000,-1.00000,665246172634,0.00000
1417,708,0,1.77610,0.00000,0.00000,0.01920,0,-1.00000,665246190197,0.00000
1418,709,0,0.92640,1.15700,0.12580,0.02050,1280000,-1.00000,665246211922,0.00000
1419,709,0,1.82830,0.00000,0.00000,0.02070,0,-1.00000,665246229102,0.00000
1420,710,0,0.83099,1.75460,0.09820,0.02260,1280000,-1.00000,665246238490,0.00000
1421,710,0,2.33140,0.00000,0.00000,0.01790,0,-1.00000,665246256249,0.00000
1422,711,0,0.41500,1.11780,0.11730,0.02200,1280000,-1.00000,665246265516,0.00000
1423,711,0,1.66580,0.00000,0.00000,0.01830,0,-1.00000,665246283797,0.00000
1424,712,0,2.26830,1.20280,0.09760,0.01950,1280000,-1.00000,665246292107,0.00000
1425,712,0,1.71960,0.00000,0.00000,0.01680,0,-1.00000,665246315424,0.00000
1426,713,0,0.33930,1.11840,0.10610,0.01730,1280000,-1.00000,665246319571,0.00000
1427,713,0,1.71200,0.00000,0.00000,0.01820,0,-1.00000,665246336228,0.00000
1428,714,0,0.47110,1.82720,0.10780,0.01820,1280000,-1.00000,665246358913,0.00000
1429,714,0,2.41650,0.00000,0.00000,0.01640,0,-1.00000,665246376104,0.00000
1430,715,0,0.47210,1.75790,0.10030,0.01650,1280000,-1.00000,665246379495,0.00000
1431,715,0,2.25880,0.00000,0.00000,0.01600,0,-1.00000,665246396619,0.00000
1432,716,0,0.50840,1.79000,0.10810,0.02230,1280000,-1.00000,665246401347,0.00000
1433,716,0,2.35890,0.00000,0.00000,0.01910,0,-1.00000,665246425494,0.00000
1434,717,0,0.35750,1.34550,0.10680,0.02090,1280000,-1.00000,665246430216,0.00000
1435,717,0,1.92060,0.00000,0.00000,0.01890,0,-1.00000,665246452801,0.00000
1436,718,0,0.38350,1.75130,0.10530,0.02360,1280000,-1.00000,665246457878,0.00000
1437,718,0,2.38220,0.00000,0.00000,0.02210,0,-1.00000,665246481478,0.00000
1438,719,0,0.37570,1.74940,0.10520,0.01910,1280000,-1.00000,665246485049,0.00000
1439,719,0,2.30140,0.00000,0.00000,0.01710,0,-1.00000,665246504258,0.00000
1440,720,0,0.32460,1.20370,0.13400,0.01870,1280000,-1.00000,665246508100,0.00000
1441,720,0,1.74750,0.00000,0.00000,0.01650,0,-1.00000,665246531915,0.00000
1442,721,0,0.32500,1.16120,0.10650,0.01640,1280000,-1.00000,665246535666,0.00000
1443,721,0,1.65740,0.00000,0.00000,0.01580,0,-1.00000,665246558681,0.00000
1444,722,0,2.88070,1.16220,0.12660,0.02210,1280000,-1.00000,665246561928,0.00000
1445,722,0,1.80500,0.00000,0.00000,0.01630,0,-1.00000,665246579405,0.00000
1446,723,0,0.45471,1.42900,0.10280,0.03210,1280000,-1.00000,665246582655,0.00000
1447,723,0,2.11280,0.00000,0.00000,0.01980,0,-1.00000,665246599227,0.00000
1448,724,0,0.37720,1.16420,0.09380,0.01840,1280000,-1.00000,665246628040,0.00000
1449,724,0,1.66030,0.00000,0.00000,0.01690,0,-1.00000,665246646089,0.00000
1450,725,0,0.33810,1.15170,0.09430,0.01800,1280000,-1.00000,665246650643,0.00000
1451,725,0,1.67640,0.00000,0.00000,0.02210,0,-1.00000,665246671778,0.00000
1452,726,0,0.89950,1.20430,0.10870,0.02170,1280000,-1.00000,665246675536,0.00000
1453,726,0,1.78030,0.00000,0.00000,0.01780,0,-1.00000,665246692136,0.00000
1454,727,0,2.27050,1.15940,0.10930,0.02080,1280000,-1.00000,665246695517,0.00000
1455,727,0,1.71210,0.00000,0.00000,0.01720,0,-1.00000,665246712291,0.00000
1456,728,0,0.34220,1.22980,0.23690,0.02140,1280000,-1.00000,665246721285,0.00000
1457,728,0,1.89100,0.00000,0.00000,0.01860,0,-1.00000,665246739082,0.00000
1458,729,0,0.35770,1.11960,0.12310,0.02560,1280000,-1.00000,665246761781,0.00000
1459,729,0,1.79630,0.00000,0.00000,0.02210,0,-1.00000,665246778906,0.00000
1460,730,0,0.58890,1.21280,0.10240,0.02110,1280000,-1.00000,665246782329,0.00000
1461,730,0,1.79160,0.00000,0.00000,0.01770,0,-1.00000,665246801240,0.00000
1462,731,0,0.93220,1.16620,0.12040,0.02070,1280000,-1.00000,665246804814,0.00000
1463,731,0,1.73300,0.00000,0.00000,0.01780,0,-1.00000,665246822786,0.00000
1464,732,0,0.43460,1.15740,0.11070,0.02400,1280000,-1.00000,665246828668,0.00000
1465,732,0,1.77370,0.00000,0.00000,0.02240,0,-1.00000,665246846582,0.00000
1466,733,0,1.42360,1.22690,0.09610,0.02210,1280000,-1.00000,665246855916,0.00000
1467,733,0,1.77299,0.00000,0.00000,0.01830,0,-1.00000,665246873236,0.00000
1468,734,0,1.41361,1.18770,0.10910,0.02920,1280000,-1.00000,665246877578,0.00000
1469,734,0,1.88390,0.00000,0.00000,0.02460,0,-1.00000,665246895328,0.00000
1470,735,0,0.42260,1.13480,0.09830,0.02630,1280000,-1.00000,665246909563,0.00000
1471,735,0,1.75110,0.00000,0.00000,0.02180,0,-1.00000,665246927286,0.00000
1472,736,0,0.42270,1.22620,0.14260,0.02130,1280000,-1.00000,665246941430,0.00000
1473,736,0,1.83480,0.00000,0.00000,0.02300,0,-1.00000,665246960282,0.00000
1474,737,0,1.17950,1.12250,0.11810,0.02500,1280000,-1.00000,665246964494,0.00000
1475,737,0,1.70680,0.00000,0.00000,0.02030,0,-1.00000,665246982007,0.00000
1476,738,0,0.99370,1.26530,0.09520,0.02320,1280000,-1.00000,665246986224,0.00000
1477,738,0,1.83900,0.00000,0.00000,0.02120,0,-1.00000,665247004580,0.00000
1478,739,0,0.37400,1.70820,0.11400,0.01970,1280000,-1.00000,665247016371,0.00000
1479,739,0,2.26180,0.00000,0.00000,0.01890,0,-1.00000,665247033438,0.00000
1480,740,0,0.34470,1.75830,0.11620,0.02170,1280000,-1.00000,665247043379,0.00000
1481,740,0,2.31260,0.00000,0.00000,0.01820,0,-1.00000,665247061765,0.00000
1482,741,0,0.40320,1.12320,0.11280,0.02180,1280000,-1.00000,665247065505,0.00000
1483,741,0,1.67410,0.00000,0.00000,0.02090,0,-1.00000,665247088124,0.00000
1484,742,0,0.38710,1.82520,0.10360,0.02480,1280000,-1.00000,665247091565,0.00000
1485,742,0,2.38061,0.00000,0.00000,0.01860,0,-1.00000,665247114693,0.00000
1486,743,0,0.34700,1.70580,0.10050,0.02360,1280000,-1.00000,665247118728,0.00000
1487,743,0,2.24860,0.00000,0.00000,0.01870,0,-1.00000,665247135469,0.00000
1488,744,0,0.34349,1.21260,0.09800,0.01850,1280000,-1.00000,665247139342,0.00000
1489,744,0,1.70160,0.00000,0.00000,0.01730,0,-1.00000,665247163145,0.00000
1490,745,0,2.21190,1.11850,0.11500,0.02210,1280000,-1.00000,665247166617,0.00000
1491,745,0,1.68660,0.00000,0.00000,0.01960,0,-1.00000,665247189098,0.00000
1492,746,0,0.36300,1.20590,0.16870,0.01970,1280000,-1.00000,665247192532,0.00000
1493,746,0,1.77530,0.00000,0.00000,0.02130,0,-1.00000,665247209548,0.00000
1494,747,0,0.35680,1.52900,0.10930,0.02120,1280000,-1.00000,665247231678,0.00000
1495,747,0,2.08010,0.00000,0.00000,0.01760,0,-1.00000,665247248540,0.00000
1496,748,0,0.38009,1.17530,0.13830,0.02390,1280000,-1.00000,665247252170,0.00000
1497,748,0,1.91200,0.00000,0.00000,0.02240,0,-1.00000,665247269918,0.00000
1498,749,0,2.17950,1.16810,0.11110,0.02470,1280000,-1.00000,665247273486,0.00000
1499,749,0,1.73350,0.00000,0.00000,0.01890,0,-1.00000,665247294285,0.00000
1500,750,0,2.26310,1.19490,0.10370,0.01980,1280000,-1.00000,665247298086,0.00000
1501,750,0,1.72060,0.00000,0.00000,0.01790,0,-1.00000,665247317223,0.00000
1502,751,0,0.95910,1.14940,0.09950,0.01830,1280000,-1.00000,665247339018,0.00000
1503,751,0,1.64970,0.00000,0.00000,0.01700,0,-1.00000,665247356343,0.00000
1504,752,0,0.41910,1.53600,0.12160,0.02300,1280000,-1.00000,665247378976,0.00000
1505,752,0,2.10870,0.00000,0.00000,0.01970,0,-1.00000,665247396175,0.00000
1506,753,0,0.34660,1.74290,0.10850,0.01740,1280000,-1.00000,665247405771,0.00000
1507,753,0,2.24340,0.00000,0.00000,0.01700,0,-1.00000,665247422259,0.00000
1508,754,0,0.31880,1.76740,0.11000,0.02040,1280000,-1.00000,665247426454,0.00000
1509,754,0,2.27820,0.00000,0.00000,0.01740,0,-1.00000,665247447545,0.00000
1510,755,0,0.32810,1.73520,0.11540,0.01710,1280000,-1.00000,665247451005,0.00000
1511,755,0,2.23710,0.00000,0.00000,0.01640,0,-1.00000,665247473439,0.00000
1512,756,0,0.31720,1.72040,0.11040,0.02330,1280000,-1.00000,665247476624,0.00000
1513,756,0,2.28940,0.00000,0.00000,0.02390,0,-1.00000,665247499409,0.00000
1514,757,0,0.37840,1.70290,0.10840,0.02330,1280000,-1.00000,665247502689,0.00000
1515,757,0,2.27170,0.00000,0.00000,0.01850,0,-1.00000,665247525061,0.00000
1516,758,0,0.34410,1.19670,0.13640,0.02160,1280000,-1.00000,665247528231,0.00000
1517,758,0,1.75060,0.00000,0.00000,0.01940,0,-1.00000,665247551137,0.00000
1518,759,0,0.88600,1.23010,0.10960,0.02260,1280000,-1.00000,665247554912,0.00000
1519,759,0,1.80111,0.00000,0.00000,0.01860,0,-1.00000,665247577632,0.00000
1520,760,0,0.93130,1.18990,0.11290,0.02140,1280000,-1.00000,665247581071,0.00000
1521,760,0,1.73650,0.00000,0.00000,0.01820,0,-1.00000,665247598573,0.00000
1522,761,0,0.32780,1.69470,0.12880,0.02430,1280000,-1.00000,665247607439,0.00000
1523,761,0,2.28110,0.00000,0.00000,0.01950,0,-1.00000,665247625450,0.00000
1524,762,0,0.37400,1.82050,0.11100,0.02500,1280000,-1.00000,665247634765,0.00000
1525,762,0,2.37950,0.00000,0.00000,0.01780,0,-1.00000,665247652124,0.00000
1526,763,0,0.36080,1.73540,0.12660,0.01900,1280000,-1.00000,665247655401,0.00000
1527,763,0,2.24770,0.00000,0.00000,0.02250,0,-1.00000,665247678221,0.00000
1528,764,0,0.37960,1.75800,0.09800,0.02210,1280000,-1.00000,665247681963,0.00000
1529,764,0,2.29500,0.00000,0.00000,0.01900,0,-1.00000,665247705756,0.00000
1530,765,0,0.81440,1.87070,0.12420,0.01910,1280000,-1.00000,665247709359,0.00000
1531,765,0,2.48880,0.00000,0.00000,0.01650,0,-1.00000,665247731837,0.00000
1532,766,0,0.31390,1.71550,0.09720,0.01810,1280000,-1.00000,665247735629,0.00000
1533,766,0,2.22040,0.00000,0.00000,0.01600,0,-1.00000,665247758584,0.00000
1534,767,0,0.30540,1.84800,0.10770,0.02250,1280000,-1.00000,665247766797,0.00000
1535,767,0,2.38250,0.00000,0.00000,0.01870,0,-1.00000,665247791611,0.00000
1536,768,0,0.34740,1.79760,0.11200,0.02100,1280000,-1.00000,665247794748,0.00000
1537,768,0,2.35570,0.00000,0.00000,0.01860,0,-1.00000,665247816952,0.00000
1538,769,0,0.33990,1.23890,0.17940,0.02040,1280000,-1.00000,665247820007,0.00000
1539,769,0,1.84820,0.00000,0.00000,0.01880,0,-1.00000,665247843832,0.00000
1540,770,0,0.33890,1.18760,0.13920,0.02410,1280000,-1.00000,665247847305,0.00000
1541,770,0,1.76110,0.00000,0.00000,0.01960,0,-1.00000,665247870944,0.00000
1542,771,0,0.34750,1.81500,0.10660,0.02240,1280000,-1.00000,665247874263,0.00000
1543,771,0,2.35600,0.00000,0.00000,0.01840,0,-1.00000,665247892745,0.00000
1544,772,0,0.35300,1.19830,0.09650,0.01680,1280000,-1.00000,665247896132,0.00000
1545,772,0,1.67820,0.00000,0.00000,0.01780,0,-1.00000,665247913749,0.00000
1546,773,0,0.88980,1.09640,0.11570,0.02680,1280000,-1.00000,665247917220,0.00000
1547,773,0,1.71730,0.00000,0.00000,0.02200,0,-1.00000,665247940782,0.00000
1548,774,0,2.33070,1.18760,0.11060,0.02330,1280000,-1.00000,665247944308,0.00000
1549,774,0,1.75281,0.00000,0.00000,0.01860,0,-1.00000,665247961092,0.00000
1550,775,0,0.98980,1.09420,0.10950,0.01900,1280000,-1.00000,665247969992,0.00000
1551,775,0,1.62510,0.00000,0.00000,0.01700,0,-1.00000,665247987182,0.00000
1552,776,0,1.00770,1.81440,0.11920,0.02440,1280000,-1.00000,665248010482,0.00000
1553,776,0,2.40300,0.00000,0.00000,0.02080,0,-1.00000,665248028001,0.00000
1554,777,0,0.45020,1.69300,0.11430,0.01910,1280000,-1.00000,665248037903,0.00000
1555,777,0,2.22770,0.00000,0.00000,0.01720,0,-1.00000,665248054150,0.00000
1556,778,0,0.34700,1.73870,0.11210,0.02280,1280000,-1.00000,665248064224,0.00000
1557,778,0,2.33060,0.00000,0.00000,0.01880,0,-1.00000,665248088259,0.00000
1558,779,0,0.37420,1.13710,0.11620,0.02230,1280000,-1.00000,665248092759,0.00000
1559,779,0,1.68501,0.00000,0.00000,0.01770,0,-1.00000,665248115034,0.00000
1560,780,0,0.99060,1.18040,0.10410,0.01940,1280000,-1.00000,665248118501,0.00000
1561,780,0,1.69860,0.00000,0.00000,0.01670,0,-1.00000,665248141812,0.00000
1562,781,0,0.31630,1.68470,0.11480,0.01790,1280000,-1.00000,665248145556,0.00000
1563,781,0,2.21310,0.00000,0.00000,0.01700,0,-1.00000,665248162401,0.00000
1564,782,0,0.34629,1.78690,0.11380,0.02120,1280000,-1.00000,665248172310,0.00000
1565,782,0,2.33730,0.00000,0.00000,0.01680,0,-1.00000,665248189291,0.00000
1566,783,0,0.32190,1.12970,0.10200,0.01680,1280000,-1.00000,665248192455,0.00000
1567,783,0,1.61990,0.00000,0.00000,0.01600,0,-1.00000,665248214588,0.00000
1568,784,0,0.48290,1.13330,0.11190,0.02500,1280000,-1.00000,665248218060,0.00000
1569,784,0,1.67460,0.00000,0.00000,0.02000,0,-1.00000,665248241424,0.00000
1570,785,0,2.85450,1.09240,0.11260,0.02380,1280000,-1.00000,665248244641,0.00000
1571,785,0,1.66711,0.00000,0.00000,0.02010,0,-1.00000,665248260839,0.00000
1572,786,0,0.36190,1.13150,0.13600,0.02330,1280000,-1.00000,665248265670,0.00000
1573,786,0,1.73540,0.00000,0.00000,0.02310,0,-1.00000,665248282420,0.00000
1574,787,0,0.39930,1.72750,0.11730,0.02300,1280000,-1.00000,665248310970,0.00000
1575,787,0,2.31590,0.00000,0.00000,0.02130,0,-1.00000,665248327636,0.00000
1576,788,0,0.40079,1.17570,0.12410,0.02090,1280000,-1.00000,665248331250,0.00000
1577,788,0,1.73740,0.00000,0.00000,0.01830,0,-1.00000,665248348614,0.00000
1578,789,0,0.34571,1.72210,0.10460,0.01780,1280000,-1.00000,665248352597,0.00000
1579,789,0,2.22569,0.00000,0.00000,0.01670,0,-1.00000,665248375749,0.00000
1580,790,0,0.32710,1.13200,0.11240,0.01900,1280000,-1.00000,665248379767,0.00000
1581,790,0,1.66669,0.00000,0.00000,0.01730,0,-1.00000,665248397142,0.00000
1582,791,0,0.34450,1.08650,0.09510,0.01900,1280000,-1.00000,665248400598,0.00000
1583,791,0,1.58330,0.00000,0.00000,0.01630,0,-1.00000,665248422853,0.00000
1584,792,0,0.31970,1.74440,0.10060,0.01640,1280000,-1.00000,665248426123,0.00000
1585,792,0,2.25609,0.00000,0.00000,0.01710,0,-1.00000,665248442792,0.00000
1586,793,0,3.33090,1.71680,0.10860,0.02160,1280000,-1.00000,665248446234,0.00000
1587,793,0,2.27050,0.00000,0.00000,0.01690,0,-1.00000,665248462068,0.00000
1588,794,0,0.32440,1.17360,0.11680,0.01690,1280000,-1.00000,665248465264,0.00000
1589,794,0,1.69960,0.00000,0.00000,0.01680,0,-1.00000,665248487826,0.00000
1590,795,0,0.30880,1.72270,0.11640,0.01910,1280000,-1.00000,665248521145,0.00000
1591,795,0,2.22290,0.00000,0.00000,0.01630,0,-1.00000,665248543844,0.00000
1592,796,0,0.30690,1.52310,0.15700,0.02350,1280000,-1.00000,665248547086,0.00000
1593,796,0,2.19600,0.00000,0.00000,0.01780,0,-1.00000,665248564083,0.00000
1594,797,0,0.39330,1.71810,0.11760,0.01930,1280000,-1.00000,665248567167,0.00000
1595,797,0,2.29510,0.00000,0.00000,0.02250,0,-1.00000,665248589397,0.00000
1596,798,0,0.42029,1.26610,0.12090,0.02720,1280000,-1.00000,665248592465,0.00000
1597,798,0,1.93061,0.00000,0.00000,0.01930,0,-1.00000,665248614432,0.00000
1598,799,0,0.36640,1.67510,0.13910,0.01870,1280000,-1.00000,665248618368,0.00000
1599,799,0,2.22590,0.00000,0.00000,0.01670,0,-1.00000,665248641312,0.00000
1600,800,0,1.85040,1.12570,0.13770,0.02030,1280000,-1.00000,665248645529,0.00000
1601,800,0,1.68510,0.00000,0.00000,0.01660,0,-1.00000,665248664828,0.00000
1602,801,0,0.33300,1.67290,0.13800,0.01710,1280000,-1.00000,665248668491,0.00000
1603,801,0,2.20779,0.00000,0.00000,0.01640,0,-1.00000,665248690742,0.00000
1604,802,0,0.35450,1.73280,0.10310,0.01730,1280000,-1.00000,665248709250,0.00000
1605,802,0,2.23861,0.00000,0.00000,0.01630,0,-1.00000,665248726099,0.00000
1606,803,0,0.31920,1.11030,0.10760,0.01700,1280000,-1.00000,665248729427,0.00000
1607,803,0,1.61550,0.00000,0.00000,0.01600,0,-1.00000,665248751507,0.00000
1608,804,0,2.51910,1.17630,0.11340,0.01970,1280000,-1.00000,665248755051,0.00000
1609,804,0,1.68470,0.00000,0.00000,0.01600,0,-1.00000,665248777436,0.00000
1610,805,0,0.32250,1.07350,0.12980,0.02430,1280000,-1.00000,665248780626,0.00000
1611,805,0,1.75730,0.00000,0.00000,0.02010,0,-1.00000,665248796783,0.00000
1612,806,0,0.34190,1.70310,0.11060,0.02080,1280000,-1.00000,665248821980,0.00000
1613,806,0,2.21800,0.00000,0.00000,0.01710,0,-1.00000,665248838819,0.00000
1614,807,0,0.32590,1.58680,0.16300,0.02290,1280000,-1.00000,665248842046,0.00000
1615,807,0,2.21290,0.00000,0.00000,0.02250,0,-1.00000,665248859619,0.00000
1616,808,0,0.37250,1.73310,0.11100,0.02100,1280000,-1.00000,665248863037,0.00000
1617,808,0,2.28800,0.00000,0.00000,0.01790,0,-1.00000,665248885217,0.00000
1618,809,0,0.37710,1.71260,0.10840,0.01910,1280000,-1.00000,665248888476,0.00000
1619,809,0,2.23810,0.00000,0.00000,0.01650,0,-1.00000,665248910609,0.00000
1620,810,0,0.32029,1.73580,0.11330,0.01790,1280000,-1.00000,665248914330,0.00000
1621,810,0,2.23520,0.00000,0.00000,0.01670,0,-1.00000,665248937213,0.00000
1622,811,0,0.33470,1.10590,0.11850,0.02330,1280000,-1.00000,665248940983,0.00000
1623,811,0,1.66589,0.00000,0.00000,0.02390,0,-1.00000,665248963365,0.00000
1624,812,0,1.09090,1.11880,0.10490,0.02600,1280000,-1.00000,665248966565,0.00000
1625,812,0,1.69230,0.00000,0.00000,0.02320,0,-1.00000,665248988919,0.00000
1626,813,0,0.90370,1.10700,0.09700,0.02320,1280000,-1.00000,665248992265,0.00000
1627,813,0,1.77530,0.00000,0.00000,0.02010,0,-1.00000,665249008935,0.00000
1628,814,0,2.26500,1.14960,0.11710,0.01880,1280000,-1.00000,665249019837,0.00000
1629,814,0,1.66940,0.00000,0.00000,0.01730,0,-1.00000,665249036766,0.00000
1630,815,0,0.32170,1.11270,0.09900,0.02260,1280000,-1.00000,665249045800,0.00000
1631,815,0,1.64190,0.00000,0.00000,0.01960,0,-1.00000,665249063551,0.00000
1632,816,0,0.39400,1.73770,0.11700,0.01820,1280000,-1.00000,665249086200,0.00000
1633,816,0,2.25950,0.00000,0.00000,0.01630,0,-1.00000,665249102891,0.00000
1634,817,0,0.33310,1.63370,0.12980,0.02300,1280000,-1.00000,665249106107,0.00000
1635,817,0,2.20940,0.00000,0.00000,0.02230,0,-1.00000,665249122531,0.00000
1636,818,0,0.51300,1.57010,0.11650,0.02980,1280000,-1.00000,665249126466,0.00000
1637,818,0,2.31740,0.00000,0.00000,0.01790,0,-1.00000,665249149061,0.00000
1638,819,0,0.42350,1.80630,0.10360,0.03750,1280000,-1.00000,665249152392,0.00000
1639,819,0,2.51600,0.00000,0.00000,0.02310,0,-1.00000,665249174497,0.00000
1640,820,0,0.46139,2.00950,0.10020,0.03300,1280000,-1.00000,665249179619,0.00000
1641,820,0,2.66010,0.00000,0.00000,0.02160,0,-1.00000,665249202808,0.00000
1642,821,0,0.39270,1.84410,0.11620,0.02230,1280000,-1.00000,665249207028,0.00000
1643,821,0,2.39819,0.00000,0.00000,0.01920,0,-1.00000,665249232218,0.00000
1644,822,0,0.33980,1.70610,0.11230,0.03240,1280000,-1.00000,665249236803,0.00000
1645,822,0,2.53630,0.00000,0.00000,0.01980,0,-1.00000,665249263417,0.00000
1646,823,0,0.42640,1.29740,0.10760,0.02940,1280000,-1.00000,665249267329,0.00000
1647,823,0,2.08750,0.00000,0.00000,0.02210,0,-1.00000,665249291309,0.00000
1648,824,0,0.41120,1.26580,0.13620,0.03130,1280000,-1.00000,665249294708,0.00000
1649,824,0,1.92990,0.00000,0.00000,0.02210,0,-1.00000,665249320103,0.00000
1650,825,0,0.45731,1.19620,0.09860,0.01990,1280000,-1.00000,665249324339,0.00000
1651,825,0,1.73099,0.00000,0.00000,0.01760,0,-1.00000,665249345237,0.00000
1652,826,0,1.95880,1.15660,0.12600,0.01780,1280000,-1.00000,665249349325,0.00000
1653,826,0,1.68260,0.00000,0.00000,0.01670,0,-1.00000,665249368638,0.00000
1654,827,0,2.49610,1.18650,0.10810,0.01980,1280000,-1.00000,665249373205,0.00000
1655,827,0,1.67470,0.00000,0.00000,0.01670,0,-1.00000,665249390503,0.00000
1656,828,0,0.31910,1.15370,0.12050,0.01770,1280000,-1.00000,665249410095,0.00000
1657,828,0,1.66110,0.00000,0.00000,0.01630,0,-1.00000,665249426917,0.00000
1658,829,0,0.41390,1.09510,0.11580,0.01740,1280000,-1.00000,665249451881,0.00000
1659,829,0,2.57490,0.00000,0.00000,0.02050,0,-1.00000,665249468625,0.00000
1660,830,0,0.34390,1.15120,0.10190,0.01830,1280000,-1.00000,665249471816,0.00000
1661,830,0,1.64350,0.00000,0.00000,0.01700,0,-1.00000,665249488429,0.00000
1662,831,0,0.71550,1.10190,0.13480,0.01720,1280000,-1.00000,665249492564,0.00000
1663,831,0,1.65160,0.00000,0.00000,0.01740,0,-1.00000,665249518327,0.00000
1664,832,0,2.48100,1.14140,0.10170,0.01900,1280000,-1.00000,665249521755,0.00000
1665,832,0,1.62240,0.00000,0.00000,0.01640,0,-1.00000,665249538191,0.00000
1666,833,0,0.41270,1.70400,0.11270,0.01900,1280000,-1.00000,665249545355,0.00000
1667,833,0,2.24090,0.00000,0.00000,0.01770,0,-1.00000,665249561863,0.00000
1668,834,0,0.33920,1.15040,0.11000,0.01710,1280000,-1.00000,665249586675,0.00000
1669,834,0,1.64470,0.00000,0.00000,0.01580,0,-1.00000,665249602894,0.00000
1670,835,0,0.42090,1.66950,0.11960,0.02190,1280000,-1.00000,665249607027,0.00000
1671,835,0,2.24841,0.00000,0.00000,0.01880,0,-1.00000,665249629432,0.00000
1672,836,0,0.93840,1.73640,0.11140,0.01990,1280000,-1.00000,665249632821,0.00000
1673,836,0,2.35270,0.00000,0.00000,0.01700,0,-1.00000,665249649268,0.00000
1674,837,0,0.33150,1.66120,0.10770,0.01840,1280000,-1.00000,665249653479,0.00000
1675,837,0,2.18970,0.00000,0.00000,0.01730,0,-1.00000,665249675973,0.00000
1676,838,0,0.33250,1.72920,0.10540,0.01790,1280000,-1.00000,665249685379,0.00000
1677,838,0,2.22860,0.00000,0.00000,0.01590,0,-1.00000,665249708876,0.00000
1678,839,0,0.31580,1.70560,0.11330,0.01680,1280000,-1.00000,665249712188,0.00000
1679,839,0,2.23480,0.00000,0.00000,0.01660,0,-1.00000,665249734089,0.00000
1680,840,0,0.45069,1.66730,0.11720,0.02440,1280000,-1.00000,665249737410,0.00000
1681,840,0,2.27110,0.00000,0.00000,0.01860,0,-1.00000,665249759697,0.00000
1682,841,0,0.34530,1.66060,0.11100,0.01740,1280000,-1.00000,665249762855,0.00000
1683,841,0,2.17270,0.00000,0.00000,0.01650,0,-1.00000,665249785205,0.00000
1684,842,0,0.51490,1.72670,0.11170,0.02020,1280000,-1.00000,665249789714,0.00000
1685,842,0,2.29900,0.00000,0.00000,0.01670,0,-1.00000,665249812424,0.00000
1686,843,0,0.39550,1.06970,0.10790,0.02320,1280000,-1.00000,665249815873,0.00000
1687,843,0,1.63410,0.00000,0.00000,0.01760,0,-1.00000,665249837602,0.00000
1688,844,0,1.12680,1.10220,0.11490,0.02390,1280000,-1.00000,665249842750,0.00000
1689,844,0,1.68400,0.00000,0.00000,0.01710,0,-1.00000,665249865742,0.00000
1690,845,0,2.32070,1.11580,0.10460,0.02290,1280000,-1.00000,665249869695,0.00000
1691,845,0,1.66510,0.00000,0.00000,0.01890,0,-1.00000,665249886036,0.00000
1692,846,0,0.36580,1.19510,0.10640,0.02160,1280000,-1.00000,665249897314,0.00000
1693,846,0,1.76590,0.00000,0.00000,0.01870,0,-1.00000,665249914145,0.00000
1694,847,0,0.37890,1.69580,0.10250,0.02690,1280000,-1.00000,665249937356,0.00000
1695,847,0,2.30130,0.00000,0.00000,0.01870,0,-1.00000,665249954008,0.00000
1696,848,0,0.36330,1.72340,0.10270,0.01940,1280000,-1.00000,665249957663,0.00000
1697,848,0,2.23500,0.00000,0.00000,0.01690,0,-1.00000,665249975325,0.00000
1698,849,0,0.40320,1.69960,0.11380,0.01820,1280000,-1.00000,665249979109,0.00000
1699,849,0,2.22750,0.00000,0.00000,0.01660,0,-1.00000,665250002125,0.00000
1700,850,0,0.47220,1.73190,0.11500,0.01870,1280000,-1.00000,665250005753,0.00000
1701,850,0,2.25640,0.00000,0.00000,0.01630,0,-1.00000,665250028105,0.00000
1702,851,0,0.45020,1.08680,0.10170,0.02480,1280000,-1.00000,665250032137,0.00000
1703,851,0,1.62390,0.00000,0.00000,0.01830,0,-1.00000,665250054412,0.00000
1704,852,0,2.35090,1.14840,0.09960,0.02520,1280000,-1.00000,665250059126,0.00000
1705,852,0,1.73440,0.00000,0.00000,0.01770,0,-1.00000,665250081699,0.00000
1706,853,0,0.35400,1.70040,0.10580,0.01790,1280000,-1.00000,665250086187,0.00000
1707,853,0,2.21600,0.00000,0.00000,0.01670,0,-1.00000,665250102439,0.00000
1708,854,0,0.31640,1.71690,0.10650,0.01670,1280000,-1.00000,665250125959,0.00000
1709,854,0,2.22090,0.00000,0.00000,0.01570,0,-1.00000,665250143292,0.00000
1710,855,0,0.31370,1.06370,0.09910,0.02200,1280000,-1.00000,665250146831,0.00000
1711,855,0,1.62380,0.00000,0.00000,0.02030,0,-1.00000,665250168994,0.00000
1712,856,0,0.84960,1.13700,0.12650,0.02010,1280000,-1.00000,665250172152,0.00000
1713,856,0,1.67640,0.00000,0.00000,0.01710,0,-1.00000,665250194362,0.00000
1714,857,0,0.98240,1.05720,0.11450,0.02090,1280000,-1.00000,665250197501,0.00000
1715,857,0,1.64820,0.00000,0.00000,0.01900,0,-1.00000,665250213740,0.00000
1716,858,0,0.34280,1.71910,0.09470,0.01930,1280000,-1.00000,665250222237,0.00000
1717,858,0,2.22570,0.00000,0.00000,0.01660,0,-1.00000,665250238998,0.00000
1718,859,0,0.32299,1.64820,0.11180,0.01690,1280000,-1.00000,665250248834,0.00000
1719,859,0,2.14950,0.00000,0.00000,0.01640,0,-1.00000,665250265309,0.00000
1720,860,0,0.37400,1.71670,0.12980,0.02510,1280000,-1.00000,665250268732,0.00000
1721,860,0,2.31310,0.00000,0.00000,0.01970,0,-1.00000,665250290990,0.00000
1722,861,0,0.40360,1.12510,0.11480,0.02800,1280000,-1.00000,665250294219,0.00000
1723,861,0,1.74491,0.00000,0.00000,0.01990,0,-1.00000,665250315714,0.00000
1724,862,0,0.34410,1.19600,0.11220,0.01840,1280000,-1.00000,665250319453,0.00000
1725,862,0,1.71520,0.00000,0.00000,0.01730,0,-1.00000,665250342591,0.00000
1726,863,0,1.34010,1.07700,0.11770,0.01960,1280000,-1.00000,665250346633,0.00000
1727,863,0,1.61330,0.00000,0.00000,0.01710,0,-1.00000,665250364075,0.00000
1728,864,0,2.34590,1.13290,0.11630,0.02060,1280000,-1.00000,665250367514,0.00000
1729,864,0,1.68110,0.00000,0.00000,0.01770,0,-1.00000,665250384666,0.00000
1730,865,0,0.44110,1.64750,0.10480,0.01830,1280000,-1.00000,665250398072,0.00000
1731,865,0,2.14550,0.00000,0.00000,0.01650,0,-1.00000,665250414200,0.00000
1732,866,0,0.32750,1.70990,0.10820,0.01820,1280000,-1.00000,665250437662,0.00000
1733,866,0,2.19970,0.00000,0.00000,0.01570,0,-1.00000,665250454468,0.00000
1734,867,0,0.30270,1.68720,0.11750,0.02000,1280000,-1.00000,665250458878,0.00000
1735,867,0,2.23400,0.00000,0.00000,0.01730,0,-1.00000,665250480335,0.00000
1736,868,0,0.32510,1.71310,0.11090,0.01820,1280000,-1.00000,665250483608,0.00000
1737,868,0,2.23360,0.00000,0.00000,0.01640,0,-1.00000,665250505605,0.00000
1738,869,0,0.31811,1.28850,0.10890,0.02300,1280000,-1.00000,665250508629,0.00000
1739,869,0,1.89070,0.00000,0.00000,0.02180,0,-1.00000,665250530975,0.00000
1740,870,0,0.74980,1.71520,0.11490,0.02380,1280000,-1.00000,665250534224,0.00000
1741,870,0,2.28050,0.00000,0.00000,0.01800,0,-1.00000,665250556561,0.00000
1742,871,0,0.33160,1.15260,0.17720,0.02210,1280000,-1.00000,665250559740,0.00000
1743,871,0,1.89940,0.00000,0.00000,0.02000,0,-1.00000,665250578652,0.00000
1744,872,0,0.87820,1.20890,0.12270,0.02600,1280000,-1.00000,665250586151,0.00000
1745,872,0,1.80950,0.00000,0.00000,0.02230,0,-1.00000,665250608952,0.00000
1746,873,0,0.85350,1.07560,0.09640,0.02140,1280000,-1.00000,665250612267,0.00000
1747,873,0,1.87970,0.00000,0.00000,0.01760,0,-1.00000,665250631260,0.00000
1748,874,0,0.79950,1.12350,0.10820,0.02010,1280000,-1.00000,665250640047,0.00000
1749,874,0,1.75120,0.00000,0.00000,0.01660,0,-1.00000,665250658153,0.00000
1750,875,0,0.94230,1.07750,0.10470,0.01870,1280000,-1.00000,665250666846,0.00000
1751,875,0,1.63260,0.00000,0.00000,0.01710,0,-1.00000,665250685474,0.00000
1752,876,0,0.32320,1.67160,0.10440,0.01980,1280000,-1.00000,665250693469,0.00000
1753,876,0,2.18790,0.00000,0.00000,0.01640,0,-1.00000,665250710980,0.00000
1754,877,0,2.65920,1.02900,0.10790,0.01920,1280000,-1.00000,665250720405,0.00000
1755,877,0,1.55140,0.00000,0.00000,0.01630,0,-1.00000,665250736727,0.00000
1756,878,0,0.31550,1.71860,0.11290,0.01900,1280000,-1.00000,665250739958,0.00000
1757,878,0,2.28189,0.00000,0.00000,0.01690,0,-1.00000,665250761839,0.00000
1758,879,0,0.33080,1.06440,0.11130,0.01870,1280000,-1.00000,665250788434,0.00000
1759,879,0,1.56020,0.00000,0.00000,0.01600,0,-1.00000,665250803941,0.00000
1760,880,0,2.00840,1.08130,0.11020,0.01950,1280000,-1.00000,665250807096,0.00000
1761,880,0,1.59790,0.00000,0.00000,0.01700,0,-1.00000,665250829921,0.00000
1762,881,0,0.32470,1.07440,0.17680,0.02260,1280000,-1.00000,665250833224,0.00000
1763,881,0,1.69510,0.00000,0.00000,0.01920,0,-1.00000,665250848825,0.00000
1764,882,0,0.48700,1.66940,0.10200,0.01970,1280000,-1.00000,665250868916,0.00000
1765,882,0,2.16870,0.00000,0.00000,0.01670,0,-1.00000,665250884891,0.00000
1766,883,0,0.42550,1.68210,0.10480,0.01830,1280000,-1.00000,665250888135,0.00000
1767,883,0,2.18410,0.00000,0.00000,0.01650,0,-1.00000,665250905091,0.00000
1768,884,0,0.63370,1.70270,0.11290,0.01640,1280000,-1.00000,665250909952,0.00000
1769,884,0,2.24330,0.00000,0.00000,0.01570,0,-1.00000,665250931648,0.00000
1770,885,0,0.37650,1.32430,0.18400,0.01830,1280000,-1.00000,665250935889,0.00000
1771,885,0,1.92119,0.00000,0.00000,0.01630,0,-1.00000,665250957744,0.00000
1772,886,0,0.72290,1.73440,0.11290,0.02900,1280000,-1.00000,665250964069,0.00000
1773,886,0,2.38290,0.00000,0.00000,0.01870,0,-1.00000,665250986513,0.00000
1774,887,0,0.37050,1.63590,0.10590,0.01910,1280000,-1.00000,665250990273,0.00000
1775,887,0,2.14140,0.00000,0.00000,0.01760,0,-1.00000,665251009490,0.00000
1776,888,0,0.49640,1.70000,0.10300,0.01820,1280000,-1.00000,665251016723,0.00000
1777,888,0,2.20190,0.00000,0.00000,0.01760,0,-1.00000,665251040563,0.00000
1778,889,0,0.48861,1.05670,0.10600,0.01760,1280000,-1.00000,665251044255,0.00000
1779,889,0,1.55230,0.00000,0.00000,0.01690,0,-1.00000,665251065667,0.00000
1780,890,0,0.32890,1.70170,0.11040,0.01980,1280000,-1.00000,665251070624,0.00000
1781,890,0,2.24170,0.00000,0.00000,0.01660,0,-1.00000,665251092651,0.00000
1782,891,0,0.46160,1.09040,0.17910,0.02300,1280000,-1.00000,665251097523,0.00000
1783,891,0,1.73090,0.00000,0.00000,0.01770,0,-1.00000,665251113058,0.00000
1784,892,0,1.83650,1.16120,0.15540,0.02170,1280000,-1.00000,665251116344,0.00000
1785,892,0,1.74520,0.00000,0.00000,0.01870,0,-1.00000,665251138766,0.00000
1786,893,0,0.34910,1.16250,0.16510,0.02080,1280000,-1.00000,665251143370,0.00000
1787,893,0,1.74060,0.00000,0.00000,0.01810,0,-1.00000,665251160691,0.00000
1788,894,0,0.35620,1.66620,0.10570,0.03060,1280000,-1.00000,665251179057,0.00000
1789,894,0,2.42410,0.00000,0.00000,0.02020,0,-1.00000,665251196508,0.00000
1790,895,0,0.37460,1.03250,0.10670,0.02520,1280000,-1.00000,665251199996,0.00000
1791,895,0,1.65360,0.00000,0.00000,0.01860,0,-1.00000,665251217404,0.00000
1792,896,0,0.85810,1.20090,0.16620,0.02780,1280000,-1.00000,665251220970,0.00000
1793,896,0,1.95461,0.00000,0.00000,0.01800,0,-1.00000,665251245232,0.00000
1794,897,0,0.33289,1.33920,0.12440,0.02820,1280000,-1.00000,665251248954,0.00000
1795,897,0,2.06990,0.00000,0.00000,0.02500,0,-1.00000,665251265499,0.00000
1796,898,0,1.01750,1.18710,0.17230,0.04250,1280000,-1.00000,665251274109,0.00000
1797,898,0,2.14920,0.00000,0.00000,0.02650,0,-1.00000,665251293627,0.00000
1798,899,0,0.47670,1.12320,0.11350,0.02880,1280000,-1.00000,665251296942,0.00000
1799,899,0,2.10060,0.00000,0.00000,0.02490,0,-1.00000,665251317683,0.00000
1800,900,0,0.61740,1.12350,0.11900,0.02750,1280000,-1.00000,665251327857,0.00000
1801,900,0,1.74270,0.00000,0.00000,0.01830,0,-1.00000,665251349352,0.00000
1802,901,0,0.99460,1.02760,0.10930,0.02520,1280000,-1.00000,665251354081,0.00000
1803,901,0,1.77170,0.00000,0.00000,0.01860,0,-1.00000,665251375098,0.00000
1804,902,0,2.36700,1.73700,0.11120,0.04020,1280000,-1.00000,665251381261,0.00000
1805,902,0,2.47540,0.00000,0.00000,0.01960,0,-1.00000,665251398700,0.00000
1806,903,0,0.40910,1.05730,0.10380,0.02390,1280000,-1.00000,665251408633,0.00000
1807,903,0,1.62290,0.00000,0.00000,0.01830,0,-1.00000,665251426363,0.00000
1808,904,0,0.37460,1.25490,0.10460,0.02630,1280000,-1.00000,665251450036,0.00000
1809,904,0,1.86541,0.00000,0.00000,0.01850,0,-1.00000,665251474799,0.00000
1810,905,0,0.40609,1.23830,0.18200,0.02610,1280000,-1.00000,665251478861,0.00000
1811,905,0,1.95340,0.00000,0.00000,0.02200,0,-1.00000,665251495106,0.00000
1812,906,0,0.43090,1.49380,0.11280,0.02670,1280000,-1.00000,665251498838,0.00000
1813,906,0,2.13410,0.00000,0.00000,0.01870,0,-1.00000,665251517504,0.00000
1814,907,0,0.39000,1.76920,0.11690,0.03450,1280000,-1.00000,665251521559,0.00000
1815,907,0,2.51380,0.00000,0.00000,0.02170,0,-1.00000,665251541091,0.00000
1816,908,0,0.41600,1.73350,0.10770,0.04740,1280000,-1.00000,665251545396,0.00000
1817,908,0,2.46190,0.00000,0.00000,0.01920,0,-1.00000,665251566748,0.00000
1818,909,0,0.44380,1.07160,0.10600,0.02220,1280000,-1.00000,665251570646,0.00000
1819,909,0,1.65930,0.00000,0.00000,0.01830,0,-1.00000,665251595795,0.00000
1820,910,0,0.33330,1.11290,0.10630,0.01930,1280000,-1.00000,665251599932,0.00000
1821,910,0,1.90070,0.00000,0.00000,0.05850,0,-1.00000,665251624584,0.00000
1822,911,0,1.14320,2.02700,0.11870,0.04940,1280000,-1.00000,665251628992,0.00000
1823,911,0,3.02800,0.00000,0.00000,0.02390,0,-1.00000,665251645591,0.00000
1824,912,0,0.45590,1.10210,0.13050,0.02770,1280000,-1.00000,665251648917,0.00000
1825,912,0,1.78350,0.00000,0.00000,0.02140,0,-1.00000,665251667976,0.00000
1826,913,0,0.40520,1.03540,0.11420,0.02240,1280000,-1.00000,665251679419,0.00000
1827,913,0,1.63920,0.00000,0.00000,0.01940,0,-1.00000,665251709677,0.00000
1828,914,0,0.79180,1.62830,0.09820,0.03400,1280000,-1.00000,665251714193,0.00000
1829,914,0,2.35760,0.00000,0.00000,0.02230,0,-1.00000,665251732042,0.00000
1830,915,0,0.48330,1.01620,0.11670,0.02780,1280000,-1.00000,665251736082,0.00000
1831,915,0,1.63210,0.00000,0.00000,0.02240,0,-1.00000,665251752484,0.00000
1832,916,0,0.92820,1.12740,0.18790,0.03120,1280000,-1.00000,665251760397,0.00000
1833,916,0,1.89460,0.00000,0.00000,0.01940,0,-1.00000,665251783985,0.00000
1834,917,0,0.74830,1.02170,0.10520,0.02780,1280000,-1.00000,665251788811,0.00000
1835,917,0,1.65680,0.00000,0.00000,0.01950,0,-1.00000,665251805134,0.00000
1836,918,0,1.05860,1.15350,0.14840,0.02680,1280000,-1.00000,665251814410,0.00000
1837,918,0,1.90260,0.00000,0.00000,0.01960,0,-1.00000,665251833365,0.00000
1838,919,0,0.84050,1.55170,0.11330,0.03810,1280000,-1.00000,665251840838,0.00000
1839,919,0,2.36351,0.00000,0.00000,0.02430,0,-1.00000,665251857414,0.00000
1840,920,0,0.46550,1.18390,0.10590,0.02540,1280000,-1.00000,665251867992,0.00000
1841,920,0,1.79150,0.00000,0.00000,0.02290,0,-1.00000,665251887021,0.00000
1842,921,0,0.71300,1.05480,0.11190,0.02410,1280000,-1.00000,665251895423,0.00000
1843,921,0,1.66450,0.00000,0.00000,0.01890,0,-1.00000,665251919088,0.00000
1844,922,0,2.41590,1.30510,0.11490,0.04560,1280000,-1.00000,665251923710,0.00000
1845,922,0,2.25070,0.00000,0.00000,0.02190,0,-1.00000,665251941634,0.00000
1846,923,0,0.42780,1.14530,0.12540,0.02490,1280000,-1.00000,665251948763,0.00000
1847,923,0,1.77480,0.00000,0.00000,0.01880,0,-1.00000,665251965413,0.00000
1848,924,0,0.88860,1.11420,0.11200,0.02250,1280000,-1.00000,665251989614,0.00000
1849,924,0,1.77760,0.00000,0.00000,0.01750,0,-1.00000,665252012090,0.00000
1850,925,0,0.32720,1.01310,0.10510,0.01920,1280000,-1.00000,665252016343,0.00000
1851,925,0,2.40150,0.00000,0.00000,0.01650,0,-1.00000,665252034101,0.00000
1852,926,0,0.93800,1.07200,0.09530,0.02520,1280000,-1.00000,665252042982,0.00000
1853,926,0,1.73720,0.00000,0.00000,0.02130,0,-1.00000,665252060755,0.00000
1854,927,0,2.90550,1.10650,0.11290,0.02550,1280000,-1.00000,665252064023,0.00000
1855,927,0,1.70690,0.00000,0.00000,0.01870,0,-1.00000,665252088041,0.00000
1856,928,0,0.35640,1.27010,0.11220,0.02240,1280000,-1.00000,665252097427,0.00000
1857,928,0,1.82360,0.00000,0.00000,0.01890,0,-1.00000,665252114788,0.00000
1858,929,0,0.34160,1.07190,0.15700,0.02090,1280000,-1.00000,665252143854,0.00000
1859,929,0,1.66100,0.00000,0.00000,0.01990,0,-1.00000,665252160918,0.00000
1860,930,0,0.36070,1.69900,0.10420,0.01950,1280000,-1.00000,665252164478,0.00000
1861,930,0,2.22749,0.00000,0.00000,0.01740,0,-1.00000,665252182714,0.00000
1862,931,0,0.35180,1.04110,0.10520,0.01720,1280000,-1.00000,665252186130,0.00000
1863,931,0,1.56001,0.00000,0.00000,0.01650,0,-1.00000,665252202744,0.00000
1864,932,0,0.31139,1.11140,0.11220,0.01700,1280000,-1.00000,665252206347,0.00000
1865,932,0,2.18000,0.00000,0.00000,0.02180,0,-1.00000,665252228622,0.00000
1866,933,0,1.40060,1.04690,0.09810,0.02600,1280000,-1.00000,665252232139,0.00000
1867,933,0,1.69910,0.00000,0.00000,0.02440,0,-1.00000,665252247739,0.00000
1868,934,0,0.85320,1.70510,0.09760,0.02250,1280000,-1.00000,665252250852,0.00000
1869,934,0,2.31610,0.00000,0.00000,0.01840,0,-1.00000,665252272656,0.00000
1870,935,0,0.49751,1.33050,0.11490,0.02830,1280000,-1.00000,665252286693,0.00000
1871,935,0,1.97190,0.00000,0.00000,0.01910,0,-1.00000,665252303652,0.00000
1872,936,0,0.79050,1.10480,0.10200,0.02270,1280000,-1.00000,665252312188,0.00000
1873,936,0,1.65310,0.00000,0.00000,0.01850,0,-1.00000,665252335345,0.00000
1874,937,0,0.96490,1.62960,0.11150,0.02030,1280000,-1.00000,665252340316,0.00000
1875,937,0,2.20410,0.00000,0.00000,0.01770,0,-1.00000,665252360049,0.00000
1876,938,0,0.47120,1.10190,0.11830,0.02050,1280000,-1.00000,665252367953,0.00000
1877,938,0,1.64130,0.00000,0.00000,0.01650,0,-1.00000,665252384477,0.00000
1878,939,0,1.05950,1.68530,0.13560,0.02700,1280000,-1.00000,665252394121,0.00000
1879,939,0,2.35870,0.00000,0.00000,0.02170,0,-1.00000,665252416168,0.00000
1880,940,0,0.37299,1.35900,0.11410,0.01950,1280000,-1.00000,665252420868,0.00000
1881,940,0,1.91320,0.00000,0.00000,0.01750,0,-1.00000,665252437294,0.00000
1882,941,0,2.05000,1.66730,0.12170,0.02300,1280000,-1.00000,665252447923,0.00000
1883,941,0,2.25100,0.00000,0.00000,0.01770,0,-1.00000,665252471484,0.00000
1884,942,0,0.33720,1.10320,0.16750,0.02240,1280000,-1.00000,665252475202,0.00000
1885,942,0,1.73400,0.00000,0.00000,0.02170,0,-1.00000,665252494333,0.00000
1886,943,0,0.36560,1.06470,0.14750,0.02360,1280000,-1.00000,665252514837,0.00000
1887,943,0,1.69470,0.00000,0.00000,0.02020,0,-1.00000,665252537347,0.00000
1888,944,0,0.47180,1.30220,0.09820,0.02090,1280000,-1.00000,665252540715,0.00000
1889,944,0,1.84630,0.00000,0.00000,0.01790,0,-1.00000,665252558047,0.00000
1890,945,0,0.35940,1.04450,0.11220,0.01910,1280000,-1.00000,665252561709,0.00000
1891,945,0,1.56740,0.00000,0.00000,0.01730,0,-1.00000,665252578661,0.00000
1892,946,0,1.51390,1.66260,0.11980,0.02900,1280000,-1.00000,665252583389,0.00000
1893,946,0,2.41350,0.00000,0.00000,0.01910,0,-1.00000,665252601839,0.00000
1894,947,0,0.38681,1.22840,0.09800,0.01810,1280000,-1.00000,665252605434,0.00000
1895,947,0,1.74359,0.00000,0.00000,0.01690,0,-1.00000,665252621106,0.00000
1896,948,0,2.20620,1.08750,0.10460,0.02440,1280000,-1.00000,665252636247,0.00000
1897,948,0,1.63660,0.00000,0.00000,0.02090,0,-1.00000,665252660396,0.00000
1898,949,0,0.37570,1.46730,0.11970,0.02870,1280000,-1.00000,665252664253,0.00000
1899,949,0,2.39160,0.00000,0.00000,0.03930,0,-1.00000,665252681687,0.00000
1900,950,0,0.77360,1.97210,0.15090,0.03270,1280000,-1.00000,665252703756,0.00000
1901,950,0,2.76700,0.00000,0.00000,0.02350,0,-1.00000,665252720111,0.00000
1902,951,0,0.58040,1.25600,0.11400,0.02620,1280000,-1.00000,665252723867,0.00000
1903,951,0,1.95260,0.00000,0.00000,0.06320,0,-1.00000,665252747830,0.00000
1904,952,0,0.91080,1.94190,0.10990,0.02710,1280000,-1.00000,665252755548,0.00000
1905,952,0,2.60150,0.00000,0.00000,0.02010,0,-1.00000,665252783267,0.00000
1906,953,0,0.42640,1.10440,0.10760,0.02340,1280000,-1.00000,665252789018,0.00000
1907,953,0,1.69780,0.00000,0.00000,0.01860,0,-1.00000,665252808546,0.00000
1908,954,0,0.34050,1.26250,0.09650,0.02180,1280000,-1.00000,665252817642,0.00000
1909,954,0,1.78620,0.00000,0.00000,0.01690,0,-1.00000,665252843659,0.00000
1910,955,0,0.33390,1.61380,0.10770,0.01770,1280000,-1.00000,665252847918,0.00000
1911,955,0,2.17310,0.00000,0.00000,0.01650,0,-1.00000,665252864889,0.00000
1912,956,0,0.32760,1.19570,0.11060,0.01800,1280000,-1.00000,665252868300,0.00000
1913,956,0,1.71570,0.00000,0.00000,0.01650,0,-1.00000,665252886156,0.00000
1914,957,0,0.33000,1.06220,0.09560,0.01710,1280000,-1.00000,665252889493,0.00000
1915,957,0,1.59160,0.00000,0.00000,0.01680,0,-1.00000,665252911226,0.00000
1916,958,0,2.73090,1.70600,0.09800,0.01810,1280000,-1.00000,665252914501,0.00000
1917,958,0,2.39280,0.00000,0.00000,0.02220,0,-1.00000,665252931656,0.00000
1918,959,0,0.40060,1.51920,0.10840,0.02600,1280000,-1.00000,665252934955,0.00000
1919,959,0,2.15490,0.00000,0.00000,0.02280,0,-1.00000,665252950876,0.00000
1920,960,0,0.61280,1.84610,0.09000,0.02210,1280000,-1.00000,665252978185,0.00000
1921,960,0,2.43630,0.00000,0.00000,0.02060,0,-1.00000,665253002114,0.00000
1922,961,0,0.43940,1.45730,0.09620,0.01950,1280000,-1.00000,665253006119,0.00000
1923,961,0,2.03720,0.00000,0.00000,0.01780,0,-1.00000,665253027680,0.00000
1924,962,0,0.34900,1.17990,0.10230,0.01840,1280000,-1.00000,665253033819,0.00000
1925,962,0,1.70790,0.00000,0.00000,0.01650,0,-1.00000,665253058159,0.00000
1926,963,0,0.31700,1.24280,0.13190,0.01690,1280000,-1.00000,665253062584,0.00000
1927,963,0,1.81570,0.00000,0.00000,0.01710,0,-1.00000,665253082924,0.00000
1928,964,0,0.91160,1.11180,0.10490,0.01790,1280000,-1.00000,665253086412,0.00000
1929,964,0,1.61740,0.00000,0.00000,0.01620,0,-1.00000,665253103491,0.00000
1930,965,0,2.41910,1.01610,0.13490,0.01870,1280000,-1.00000,665253106659,0.00000
1931,965,0,1.53810,0.00000,0.00000,0.01700,0,-1.00000,665253124819,0.00000
1932,966,0,0.32930,1.22120,0.17030,0.02230,1280000,-1.00000,665253133933,0.00000
1933,966,0,1.89930,0.00000,0.00000,0.01910,0,-1.00000,665253150106,0.00000
1934,967,0,0.36060,1.42670,0.11040,0.02040,1280000,-1.00000,665253174302,0.00000
1935,967,0,1.99250,0.00000,0.00000,0.01820,0,-1.00000,665253189681,0.00000
1936,968,0,0.55060,1.44040,0.10660,0.01790,1280000,-1.00000,665253192972,0.00000
1937,968,0,2.02120,0.00000,0.00000,0.01700,0,-1.00000,665253211975,0.00000
1938,969,0,0.62440,1.02440,0.11040,0.02300,1280000,-1.00000,665253215571,0.00000
1939,969,0,1.63970,0.00000,0.00000,0.01840,0,-1.00000,665253235497,0.00000
1940,970,0,1.12430,1.08240,0.15060,0.02530,1280000,-1.00000,665253241017,0.00000
1941,970,0,1.70220,0.00000,0.00000,0.02230,0,-1.00000,665253261216,0.00000
1942,971,0,0.98300,1.38160,0.10320,0.02240,1280000,-1.00000,665253267640,0.00000
1943,971,0,2.02160,0.00000,0.00000,0.01810,0,-1.00000,665253283859,0.00000
1944,972,0,0.60710,1.12360,0.11690,0.01850,1280000,-1.00000,665253295097,0.00000
1945,972,0,1.73800,0.00000,0.00000,0.01790,0,-1.00000,665253312123,0.00000
1946,973,0,1.06420,1.05520,0.12180,0.02540,1280000,-1.00000,665253321988,0.00000
1947,973,0,1.61750,0.00000,0.00000,0.01990,0,-1.00000,665253342170,0.00000
1948,974,0,2.37251,1.12530,0.10830,0.01970,1280000,-1.00000,665253348237,0.00000
1949,974,0,1.63830,0.00000,0.00000,0.01730,0,-1.00000,665253365620,0.00000
1950,975,0,0.33360,1.05490,0.11010,0.02260,1280000,-1.00000,665253376255,0.00000
1951,975,0,1.62000,0.00000,0.00000,0.02290,0,-1.00000,665253392438,0.00000
1952,976,0,1.09619,1.12190,0.10600,0.02160,1280000,-1.00000,665253416163,0.00000
1953,976,0,1.71181,0.00000,0.00000,0.01610,0,-1.00000,665253432545,0.00000
1954,977,0,0.37640,1.06890,0.12600,0.01830,1280000,-1.00000,665253435878,0.00000
1955,977,0,1.61640,0.00000,0.00000,0.01730,0,-1.00000,665253452080,0.00000
1956,978,0,0.33209,1.12930,0.11270,0.01790,1280000,-1.00000,665253463040,0.00000
1957,978,0,1.73110,0.00000,0.00000,0.01840,0,-1.00000,665253480159,0.00000
1958,979,0,0.38350,1.17330,0.10050,0.01760,1280000,-1.00000,665253483926,0.00000
1959,979,0,1.66860,0.00000,0.00000,0.01680,0,-1.00000,665253500087,0.00000
1960,980,0,1.01620,1.13030,0.10600,0.02060,1280000,-1.00000,665253503406,0.00000
1961,980,0,1.68240,0.00000,0.00000,0.01800,0,-1.00000,665253520733,0.00000
1962,981,0,0.32230,1.09720,0.09910,0.01720,1280000,-1.00000,665253524556,0.00000
1963,981,0,3.39900,0.00000,0.00000,0.02120,0,-1.00000,665253541240,0.00000
1964,982,0,0.35520,1.08430,0.10680,0.02260,1280000,-1.00000,665253551415,0.00000
1965,982,0,1.63580,0.00000,0.00000,0.01760,0,-1.00000,665253568228,0.00000
1966,983,0,2.01860,1.06950,0.11550,0.01850,1280000,-1.00000,665253571450,0.00000
1967,983,0,1.58300,0.00000,0.00000,0.02210,0,-1.00000,665253605442,0.00000
1968,984,0,0.38380,2.38790,0.16570,0.06540,1280000,-1.00000,665253608994,0.00000
1969,984,0,3.70840,0.00000,0.00000,0.03600,0,-1.00000,665253625351,0.00000
1970,985,0,0.78670,1.66120,0.11850,0.03750,1280000,-1.00000,665253645537,0.00000
1971,985,0,2.66760,0.00000,0.00000,0.02400,0,-1.00000,665253661365,0.00000
1972,986,0,0.44540,1.15980,0.11440,0.03100,1280000,-1.00000,665253665209,0.00000
1973,986,0,1.81490,0.00000,0.00000,0.02000,0,-1.00000,665253702348,0.00000
1974,987,0,0.38070,1.20010,0.12970,0.03740,1280000,-1.00000,665253710181,0.00000
1975,987,0,1.83099,0.00000,0.00000,0.02000,0,-1.00000,665253736858,0.00000
1976,988,0,0.39330,1.41870,0.11260,0.02840,1280000,-1.00000,665253741294,0.00000
1977,988,0,2.12550,0.00000,0.00000,0.02070,0,-1.00000,665253759445,0.00000
1978,989,0,0.36600,1.06240,0.13070,0.02730,1280000,-1.00000,665253763241,0.00000
1979,989,0,1.86880,0.00000,0.00000,0.01780,0,-1.00000,665253781564,0.00000
1980,990,0,0.35940,1.32520,0.11590,0.01800,1280000,-1.00000,665253785486,0.00000
1981,990,0,1.87510,0.00000,0.00000,0.02310,0,-1.00000,665253806752,0.00000
1982,991,0,0.38870,1.43240,0.10360,0.02180,1280000,-1.00000,665253810398,0.00000
1983,991,0,1.93970,0.00000,0.00000,0.02140,0,-1.00000,665253829117,0.00000
1984,992,0,0.37050,1.22860,0.09580,0.01890,1280000,-1.00000,665253832681,0.00000
1985,992,0,1.73970,0.00000,0.00000,0.01720,0,-1.00000,665253851435,0.00000
1986,993,0,0.32090,1.24710,0.09590,0.01970,1280000,-1.00000,665253855311,0.00000
1987,993,0,1.76939,0.00000,0.00000,0.01840,0,-1.00000,665253874717,0.00000
1988,994,0,1.09320,1.09690,0.09610,0.02510,1280000,-1.00000,665253878418,0.00000
1989,994,0,1.68130,0.00000,0.00000,0.02190,0,-1.00000,665253895817,0.00000
1990,995,0,1.10030,1.08060,0.11880,0.02100,1280000,-1.00000,665253899025,0.00000
1991,995,0,1.89110,0.00000,0.00000,0.02270,0,-1.00000,665253916721,0.00000
1992,996,0,0.81760,1.51890,0.11700,0.04450,1280000,-1.00000,665253927663,0.00000
1993,996,0,2.32180,0.00000,0.00000,0.01810,0,-1.00000,665253944468,0.00000
1994,997,0,0.35240,1.34020,0.09320,0.01780,1280000,-1.00000,665253955466,0.00000
1995,997,0,1.85180,0.00000,0.00000,0.01720,0,-1.00000,665253974403,0.00000
1996,998,0,2.20710,1.20750,0.11660,0.02330,1280000,-1.00000,665253982602,0.00000
1997,998,0,1.87320,0.00000,0.00000,0.02250,0,-1.00000,665254005780,0.00000
1998,999,0,0.77300,1.70260,0.10130,0.02330,1280000,-1.00000,665254009297,0.00000
1999,999,0,2.40100,0.00000,0.00000,0.02260,0,-1.00000,665254027817,0.00000
2000,1000,0,0.44460,1.20970,0.11310,0.02390,1280000,-1.00000,665254049895,0.00000
2001,1000,0,1.82920,0.00000,0.00000,0.02230,0,-1.00000,665254068630,0.00000
2002,1001,0,0.66560,1.29680,0.12250,0.02290,1280000,-1.00000,665254076361,0.00000
2003,1001,0,1.96180,0.00000,0.00000,0.02320,0,-1.00000,665254100367,0.00000
2004,1002,0,2.24330,1.16120,0.09990,0.02460,1280000,-1.00000,665254104813,0.00000
2005,1002,0,1.74570,0.00000,0.00000,0.02060,0,-1.00000,665254123105,0.00000
2006,1003,0,0.46990,1.15110,0.09620,0.02290,1280000,-1.00000,665254129764,0.00000
2007,1003,0,1.74850,0.00000,0.00000,0.01910,0,-1.00000,665254149381,0.00000
2008,1004,0,0.42190,1.20110,0.09680,0.02270,1280000,-1.00000,665254171816,0.00000
2009,1004,0,1.79840,0.00000,0.00000,0.02230,0,-1.00000,665254189267,0.00000
2010,1005,0,0.44510,1.14160,0.12810,0.02210,1280000,-1.00000,665254193959,0.00000
2011,1005,0,1.68650,0.00000,0.00000,0.01890,0,-1.00000,665254211437,0.00000
2012,1006,0,2.41920,1.13180,0.11120,0.02500,1280000,-1.00000,665254215673,0.00000
2013,1006,0,1.75040,0.00000,0.00000,0.01940,0,-1.00000,665254233655,0.00000
2014,1007,0,0.45990,1.13600,0.09840,0.02220,1280000,-1.00000,665254238108,0.00000
2015,1007,0,1.77730,0.00000,0.00000,0.02480,0,-1.00000,665254254966,0.00000
2016,1008,0,0.64150,1.62040,0.13290,0.02820,1280000,-1.00000,665254279171,0.00000
2017,1008,0,2.41220,0.00000,0.00000,0.04110,0,-1.00000,665254296665,0.00000
2018,1009,0,0.79650,1.38470,0.13920,0.02250,1280000,-1.00000,665254301267,0.00000
2019,1009,0,2.11310,0.00000,0.00000,0.02240,0,-1.00000,665254319040,0.00000
2020,1010,0,0.43620,1.16260,0.09970,0.02490,1280000,-1.00000,665254325479,0.00000
2021,1010,0,1.70180,0.00000,0.00000,0.02260,0,-1.00000,665254349588,0.00000
2022,1011,0,0.57650,1.17610,0.10480,0.02040,1280000,-1.00000,665254357544,0.00000
2023,1011,0,1.71351,0.00000,0.00000,0.01760,0,-1.00000,665254378673,0.00000
2024,1012,0,0.33630,1.14130,0.11530,0.01780,1280000,-1.00000,665254383035,0.00000
2025,1012,0,1.64150,0.00000,0.00000,0.01690,0,-1.00000,665254400055,0.00000
2026,1013,0,1.04130,1.04690,0.10030,0.02480,1280000,-1.00000,665254405812,0.00000
2027,1013,0,1.61850,0.00000,0.00000,0.02160,0,-1.00000,665254422946,0.00000
2028,1014,0,1.15350,1.16440,0.10450,0.01950,1280000,-1.00000,665254426308,0.00000
2029,1014,0,1.72320,0.00000,0.00000,0.01750,0,-1.00000,665254442725,0.00000
2030,1015,0,0.90410,1.05470,0.12650,0.02120,1280000,-1.00000,665254453144,0.00000
2031,1015,0,1.61830,0.00000,0.00000,0.02190,0,-1.00000,665254469327,0.00000
2032,1016,0,0.35850,1.15520,0.16730,0.01900,1280000,-1.00000,665254480858,0.00000
2033,1016,0,2.08090,0.00000,0.00000,0.01900,0,-1.00000,665254498088,0.00000
2034,1017,0,1.34850,1.04840,0.13960,0.05830,1280000,-1.00000,665254507126,0.00000
2035,1017,0,1.71050,0.00000,0.00000,0.01820,0,-1.00000,665254523315,0.00000
2036,1018,0,1.00750,1.17120,0.18580,0.02200,1280000,-1.00000,665254526898,0.00000
2037,1018,0,1.82100,0.00000,0.00000,0.01900,0,-1.00000,665254547712,0.00000
2038,1019,0,0.83470,1.09740,0.11880,0.02250,1280000,-1.00000,665254561200,0.00000
2039,1019,0,1.69690,0.00000,0.00000,0.01850,0,-1.00000,665254578298,0.00000
2040,1020,0,0.94790,1.10990,0.13570,0.02630,1280000,-1.00000,665254588371,0.00000
2041,1020,0,1.74460,0.00000,0.00000,0.02190,0,-1.00000,665254606583,0.00000
2042,1021,0,1.00940,1.09570,0.11740,0.02110,1280000,-1.00000,665254614933,0.00000
2043,1021,0,1.67990,0.00000,0.00000,0.01860,0,-1.00000,665254631897,0.00000
2044,1022,0,2.34010,1.23810,0.09800,0.02300,1280000,-1.00000,665254641381,0.00000
2045,1022,0,1.75930,0.00000,0.00000,0.01990,0,-1.00000,665254658822,0.00000
2046,1023,0,0.98180,1.11690,0.10780,0.02040,1280000,-1.00000,665254668933,0.00000
2047,1023,0,1.68790,0.00000,0.00000,0.01910,0,-1.00000,665254685717,0.00000
2048,1024,0,0.89180,1.16180,0.16540,0.02160,1280000,-1.00000,665254709119,0.00000
2049,1024,0,1.78500,0.00000,0.00000,0.01940,0,-1.00000,665254726709,0.00000
2050,1025,0,0.89610,1.12650,0.10240,0.02200,1280000,-1.00000,665254736537,0.00000
2051,1025,0,1.69440,0.00000,0.00000,0.01890,0,-1.00000,665254753408,0.00000
2052,1026,0,0.34680,1.39960,0.09340,0.02170,1280000,-1.00000,665254762326,0.00000
2053,1026,0,1.90370,0.00000,0.00000,0.01770,0,-1.00000,665254780179,0.00000
2054,1027,0,0.35000,1.24620,0.09960,0.01650,1280000,-1.00000,665254789143,0.00000
2055,1027,0,1.74270,0.00000,0.00000,0.01600,0,-1.00000,665254806079,0.00000
2056,1028,0,2.11740,1.14310,0.10650,0.01740,1280000,-1.00000,665254809547,0.00000
2057,1028,0,1.63910,0.00000,0.00000,0.01740,0,-1.00000,665254828587,0.00000
2058,1029,0,0.32660,1.10270,0.10010,0.01740,1280000,-1.00000,665254832086,0.00000
2059,1029,0,1.58990,0.00000,0.00000,0.01650,0,-1.00000,665254849511,0.00000
2060,1030,0,0.96620,1.11990,0.09810,0.01900,1280000,-1.00000,665254870693,0.00000
2061,1030,0,1.66920,0.00000,0.00000,0.01720,0,-1.00000,665254887077,0.00000
2062,1031,0,0.33180,1.18540,0.10860,0.02300,1280000,-1.00000,665254890342,0.00000
2063,1031,0,1.73900,0.00000,0.00000,0.01820,0,-1.00000,665254906237,0.00000
2064,1032,0,0.32700,1.21550,0.11670,0.01700,1280000,-1.00000,665254915909,0.00000
2065,1032,0,1.71770,0.00000,0.00000,0.01610,0,-1.00000,665254932597,0.00000
2066,1033,0,0.50200,1.15340,0.10620,0.01770,1280000,-1.00000,665254935911,0.00000
2067,1033,0,1.64600,0.00000,0.00000,0.01670,0,-1.00000,665254953302,0.00000
2068,1034,0,0.92730,1.26280,0.12520,0.02720,1280000,-1.00000,665254956571,0.00000
2069,1034,0,1.94780,0.00000,0.00000,0.01950,0,-1.00000,665254973748,0.00000
2070,1035,0,0.91440,1.14830,0.09950,0.02260,1280000,-1.00000,665254978772,0.00000
2071,1035,0,1.73729,0.00000,0.00000,0.01920,0,-1.00000,665254995230,0.00000
2072,1036,0,2.23900,1.16410,0.10490,0.02170,1280000,-1.00000,665255004524,0.00000
2073,1036,0,1.70350,0.00000,0.00000,0.01850,0,-1.00000,665255023991,0.00000
2074,1037,0,2.26130,1.08160,0.10510,0.02010,1280000,-1.00000,665255033157,0.00000
2075,1037,0,1.60590,0.00000,0.00000,0.01730,0,-1.00000,665255050499,0.00000
2076,1038,0,0.32990,1.25370,0.17000,0.02310,1280000,-1.00000,665255072900,0.00000
2077,1038,0,1.87000,0.00000,0.00000,0.01810,0,-1.00000,665255089925,0.00000
2078,1039,0,0.35490,1.07690,0.10710,0.01740,1280000,-1.00000,665255112542,0.00000
2079,1039,0,1.59630,0.00000,0.00000,0.01660,0,-1.00000,665255128595,0.00000
2080,1040,0,1.01149,1.76970,0.10680,0.02450,1280000,-1.00000,665255131892,0.00000
2081,1040,0,2.36271,0.00000,0.00000,0.01920,0,-1.00000,665255150595,0.00000
2082,1041,0,0.36840,1.50520,0.22320,0.03220,1280000,-1.00000,665255154140,0.00000
2083,1041,0,2.51860,0.00000,0.00000,0.02390,0,-1.00000,665255170106,0.00000
2084,1042,0,0.71860,1.52150,0.11230,0.04560,1280000,-1.00000,665255180223,0.00000
2085,1042,0,2.39300,0.00000,0.00000,0.02500,0,-1.00000,665255203862,0.00000
2086,1043,0,0.44190,1.14070,0.09630,0.02060,1280000,-1.00000,665255207533,0.00000
2087,1043,0,1.67630,0.00000,0.00000,0.01760,0,-1.00000,665255232758,0.00000
2088,1044,0,0.34491,1.17900,0.12590,0.01770,1280000,-1.00000,665255239963,0.00000
2089,1044,0,1.72150,0.00000,0.00000,0.01740,0,-1.00000,665255263866,0.00000
2090,1045,0,1.36100,1.17420,0.11180,0.03070,1280000,-1.00000,665255268257,0.00000
2091,1045,0,1.85410,0.00000,0.00000,0.02310,0,-1.00000,665255285019,0.00000
2092,1046,0,0.82850,1.17690,0.09410,0.02260,1280000,-1.00000,665255288466,0.00000
2093,1046,0,1.90680,0.00000,0.00000,0.02290,0,-1.00000,665255305685,0.00000
2094,1047,0,0.37920,1.13930,0.10830,0.02100,1280000,-1.00000,665255319301,0.00000
2095,1047,0,1.78410,0.00000,0.00000,0.01960,0,-1.00000,665255337850,0.00000
2096,1048,0,0.56590,1.39370,0.10290,0.01960,1280000,-1.00000,665255346128,0.00000
2097,1048,0,1.96540,0.00000,0.00000,0.01670,0,-1.00000,665255365190,0.00000
2098,1049,0,0.33050,1.30680,0.13010,0.02470,1280000,-1.00000,665255368976,0.00000
2099,1049,0,1.90430,0.00000,0.00000,0.01810,0,-1.00000,665255386826,0.00000
2100,1050,0,0.41880,1.97160,0.10060,0.02470,1280000,-1.00000,665255392497,0.00000
