frame,tick,dropped_ticks,frame_ms,pack_ms,upload_ms,submit_ms,upload_bytes,latest_gpu_ms,gpu_timing_timestamp,simulation_cpu_ms
301,150,0,3.08760,0.00000,0.00000,0.01570,0,-1.00000,665561303471,0.00000
302,151,0,3.66740,2.23890,0.22390,0.03250,2560000,-1.00000,665561320047,0.00000
303,151,0,3.30609,0.00000,0.00000,0.02290,0,-1.00000,665561352154,0.00000
304,152,0,0.50230,2.15850,0.23310,0.02450,2560000,-1.00000,665561394393,0.00000
305,152,0,3.04330,0.00000,0.00000,0.01920,0,-1.00000,665561425268,0.00000
306,153,0,0.48650,2.24200,0.35710,0.04970,2560000,-1.00000,665561461939,0.00000
307,153,0,3.23850,0.00000,0.00000,0.02120,0,-1.00000,665561495012,0.00000
308,154,0,0.46690,2.20050,0.20180,0.02090,2560000,-1.00000,665561500021,0.00000
309,154,0,2.89420,0.00000,0.00000,0.01800,0,-1.00000,665561530470,0.00000
310,155,0,3.20800,2.35860,0.21860,0.03710,2560000,-1.00000,665561535320,0.00000
311,155,0,3.24830,0.00000,0.00000,0.01930,0,-1.00000,665561567715,0.00000
312,156,0,0.40080,2.26540,0.20210,0.02360,2560000,-1.00000,665561572369,0.00000
313,156,0,3.07400,0.00000,0.00000,0.01970,0,-1.00000,665561601317,0.00000
314,157,0,0.58819,2.26710,0.21260,0.02140,2560000,-1.00000,665561633405,0.00000
315,157,0,3.02190,0.00000,0.00000,0.02100,0,-1.00000,665561665890,0.00000
316,158,0,1.50330,2.35130,0.21420,0.02300,2560000,-1.00000,665561669883,0.00000
317,158,0,3.17460,0.00000,0.00000,0.01840,0,-1.00000,665561700634,0.00000
318,159,0,1.82800,2.29200,0.30630,0.02230,2560000,-1.00000,665561706511,0.00000
319,159,0,3.13620,0.00000,0.00000,0.01820,0,-1.00000,665561736732,0.00000
320,160,0,1.84150,2.22720,0.23250,0.02300,2560000,-1.00000,665561751758,0.00000
321,160,0,3.02900,0.00000,0.00000,0.01680,0,-1.00000,665561783508,0.00000
322,161,0,1.48080,2.27250,0.22440,0.02270,2560000,-1.00000,665561801792,0.00000
323,161,0,3.14850,0.00000,0.00000,0.02620,0,-1.00000,665561833150,0.00000
324,162,0,1.93340,2.32250,0.21350,0.02050,2560000,-1.00000,665561851564,0.00000
325,162,0,3.22720,0.00000,0.00000,0.01560,0,-1.00000,665561881852,0.00000
326,163,0,1.27340,2.28720,0.20440,0.03190,2560000,-1.00000,665561896655,0.00000
327,163,0,3.39980,0.00000,0.00000,0.02110,0,-1.00000,665561928155,0.00000
328,164,0,2.36930,2.35990,0.27380,0.02250,2560000,-1.00000,665561947482,0.00000
329,164,0,3.21891,0.00000,0.00000,0.02030,0,-1.00000,665561979756,0.00000
330,165,0,3.59640,2.08240,0.22490,0.02570,2560000,-1.00000,665561992484,0.00000
331,165,0,2.95779,0.00000,0.00000,0.01890,0,-1.00000,665562026494,0.00000
332,166,0,0.45330,2.35480,0.18840,0.02120,2560000,-1.00000,665562050179,0.00000
333,166,0,3.24430,0.00000,0.00000,0.01890,0,-1.00000,665562082373,0.00000
334,167,0,0.42830,2.07940,0.23350,0.02120,2560000,-1.00000,665562118334,0.00000
335,167,0,2.86930,0.00000,0.00000,0.02110,0,-1.00000,665562147912,0.00000
336,168,0,1.37470,2.15630,0.24070,0.02540,2560000,-1.00000,665562152442,0.00000
337,168,0,4.65910,0.00000,0.00000,0.02130,0,-1.00000,665562184895,0.00000
338,169,0,0.40830,2.26650,0.24550,0.02980,2560000,-1.00000,665562189160,0.00000
339,169,0,3.24490,0.00000,0.00000,0.03320,0,-1.00000,665562217865,0.00000
340,170,0,4.32701,2.20290,0.19700,0.02550,2560000,-1.00000,665562231608,0.00000
341,170,0,3.08980,0.00000,0.00000,0.01920,0,-1.00000,665562278210,0.00000
342,171,0,0.47620,2.26110,0.19340,0.02400,2560000,-1.00000,665562282273,0.00000
343,171,0,3.05740,0.00000,0.00000,0.02150,0,-1.00000,665562314748,0.00000
344,172,0,3.69120,2.30370,0.18930,0.02260,2560000,-1.00000,665562358003,0.00000
345,172,0,3.06690,0.00000,0.00000,0.01860,0,-1.00000,665562388903,0.00000
346,173,0,0.46450,2.20610,0.22360,0.02110,2560000,-1.00000,665562393660,0.00000
347,173,0,2.98510,0.00000,0.00000,0.01820,0,-1.00000,665562424249,0.00000
348,174,0,0.56361,2.19610,0.24020,0.02210,2560000,-1.00000,665562461147,0.00000
349,174,0,3.11810,0.00000,0.00000,0.01570,0,-1.00000,665562491824,0.00000
350,175,0,3.56200,2.11400,0.20520,0.02420,2560000,-1.00000,665562496461,0.00000
351,175,0,2.92341,0.00000,0.00000,0.01880,0,-1.00000,665562526316,0.00000
352,176,0,0.46080,2.24740,0.23820,0.02260,2560000,-1.00000,665562531955,0.00000
353,176,0,3.11220,0.00000,0.00000,0.02360,0,-1.00000,665562563189,0.00000
354,177,0,0.51610,2.10400,0.20490,0.02730,2560000,-1.00000,665562598750,0.00000
355,177,0,2.99600,0.00000,0.00000,0.02340,0,-1.00000,665562627986,0.00000
356,178,0,1.60060,2.08760,0.22820,0.02830,2560000,-1.00000,665562632589,0.00000
357,178,0,3.01750,0.00000,0.00000,0.01930,0,-1.00000,665562663719,0.00000
358,179,0,3.97910,2.25550,0.27040,0.04290,2560000,-1.00000,665562668879,0.00000
359,179,0,3.28690,0.00000,0.00000,0.02330,0,-1.00000,665562698845,0.00000
360,180,0,0.54060,2.48300,0.19500,0.03230,2560000,-1.00000,665562714843,0.00000
361,180,0,3.48490,0.00000,0.00000,0.02460,0,-1.00000,665562745020,0.00000
362,181,0,0.45450,2.31050,0.20210,0.03290,2560000,-1.00000,665562784807,0.00000
363,181,0,3.24050,0.00000,0.00000,0.02500,0,-1.00000,665562817705,0.00000
364,182,0,0.54990,2.21990,0.21700,0.02550,2560000,-1.00000,665562823083,0.00000
365,182,0,3.00110,0.00000,0.00000,0.01840,0,-1.00000,665562857950,0.00000
366,183,0,0.35320,2.31350,0.24190,0.02790,2560000,-1.00000,665562862468,0.00000
367,183,0,3.28170,0.00000,0.00000,0.02140,0,-1.00000,665562894911,0.00000
368,184,0,0.53090,2.22100,0.23960,0.02570,2560000,-1.00000,665562900381,0.00000
369,184,0,3.02800,0.00000,0.00000,0.01780,0,-1.00000,665562930394,0.00000
370,185,0,1.01700,2.27370,0.25690,0.02100,2560000,-1.00000,665562933919,0.00000
371,185,0,3.31570,0.00000,0.00000,0.02200,0,-1.00000,665562966753,0.00000
372,186,0,4.59450,2.21800,0.22970,0.02190,2560000,-1.00000,665562972049,0.00000
373,186,0,3.00140,0.00000,0.00000,0.02110,0,-1.00000,665563002330,0.00000
374,187,0,1.31440,2.34630,0.24400,0.02300,2560000,-1.00000,665563012503,0.00000
375,187,0,3.17010,0.00000,0.00000,0.02150,0,-1.00000,665563045661,0.00000
376,188,0,2.87190,2.19320,0.22660,0.02790,2560000,-1.00000,665563091600,0.00000
377,188,0,3.08000,0.00000,0.00000,0.01980,0,-1.00000,665563121620,0.00000
378,189,0,1.58540,2.26420,0.22510,0.02390,2560000,-1.00000,665563134760,0.00000
379,189,0,3.12209,0.00000,0.00000,0.02110,0,-1.00000,665563166470,0.00000
380,190,0,3.67691,2.09670,0.36430,0.03650,2560000,-1.00000,665563195179,0.00000
381,190,0,3.17170,0.00000,0.00000,0.02090,0,-1.00000,665563225983,0.00000
382,191,0,3.66550,2.09330,0.19520,0.02720,2560000,-1.00000,665563241832,0.00000
383,191,0,3.05970,0.00000,0.00000,0.01970,0,-1.00000,665563273067,0.00000
384,192,0,0.47550,2.05440,0.21400,0.01930,2560000,-1.00000,665563309822,0.00000
385,192,0,2.91579,0.00000,0.00000,0.02150,0,-1.00000,665563341559,0.00000
386,193,0,0.49770,2.29740,0.23130,0.02350,2560000,-1.00000,665563378197,0.00000
387,193,0,3.09020,0.00000,0.00000,0.01700,0,-1.00000,665563408799,0.00000
388,194,0,3.56930,2.05390,0.20900,0.02790,2560000,-1.00000,665563413546,0.00000
389,194,0,2.92410,0.00000,0.00000,0.01920,0,-1.00000,665563442709,0.00000
390,195,0,4.06290,2.18920,0.20250,0.02260,2560000,-1.00000,665563447680,0.00000
391,195,0,3.03070,0.00000,0.00000,0.02130,0,-1.00000,665563478580,0.00000
392,196,0,0.46540,2.26690,0.22750,0.03050,2560000,-1.00000,665563514283,0.00000
393,196,0,3.47130,0.00000,0.00000,0.02280,0,-1.00000,665563543521,0.00000
394,197,0,0.61040,2.19860,0.23720,0.02190,2560000,-1.00000,665563584147,0.00000
395,197,0,3.07220,0.00000,0.00000,0.02280,0,-1.00000,665563614457,0.00000
396,198,0,3.10250,2.11540,0.24650,0.02210,2560000,-1.00000,665563619106,0.00000
397,198,0,2.95000,0.00000,0.00000,0.02130,0,-1.00000,665563653850,0.00000
398,199,0,0.42450,2.09270,0.23670,0.02060,2560000,-1.00000,665563659926,0.00000
399,199,0,2.87170,0.00000,0.00000,0.01430,0,-1.00000,665563690654,0.00000
400,200,0,3.93340,2.04810,0.20970,0.02490,2560000,-1.00000,665563721671,0.00000
401,200,0,2.93030,0.00000,0.00000,0.01860,0,-1.00000,665563751180,0.00000
402,201,0,0.46550,2.11350,0.22180,0.02170,2560000,-1.00000,665563755408,0.00000
403,201,0,3.16050,0.00000,0.00000,0.01860,0,-1.00000,665563784129,0.00000
404,202,0,0.41330,2.19180,0.21790,0.02080,2560000,-1.00000,665563823470,0.00000
405,202,0,2.95610,0.00000,0.00000,0.02050,0,-1.00000,665563852776,0.00000
406,203,0,0.47160,2.11690,0.22310,0.02170,2560000,-1.00000,665563857423,0.00000
407,203,0,2.94600,0.00000,0.00000,0.01870,0,-1.00000,665563889035,0.00000
408,204,0,0.53680,2.31270,0.21430,0.02340,2560000,-1.00000,665563893157,0.00000
409,204,0,3.13330,0.00000,0.00000,0.01860,0,-1.00000,665563922728,0.00000
410,205,0,0.39620,2.30020,0.32790,0.03140,2560000,-1.00000,665563927434,0.00000
411,205,0,3.35950,0.00000,0.00000,0.02050,0,-1.00000,665563956905,0.00000
412,206,0,0.48590,2.14870,0.22480,0.02670,2560000,-1.00000,665563962266,0.00000
413,206,0,3.04470,0.00000,0.00000,0.01920,0,-1.00000,665563993612,0.00000
414,207,0,2.03560,2.06370,0.26480,0.02330,2560000,-1.00000,665563997565,0.00000
415,207,0,2.99000,0.00000,0.00000,0.02280,0,-1.00000,665564031172,0.00000
416,208,0,1.53000,2.04570,0.22500,0.02510,2560000,-1.00000,665564036018,0.00000
417,208,0,2.91090,0.00000,0.00000,0.01990,0,-1.00000,665564066475,0.00000
418,209,0,1.71120,2.06510,0.21960,0.02070,2560000,-1.00000,665564086820,0.00000
419,209,0,2.84640,0.00000,0.00000,0.02350,0,-1.00000,665564116861,0.00000
420,210,0,4.12820,2.29680,0.19970,0.02160,2560000,-1.00000,665564132022,0.00000
421,210,0,3.13600,0.00000,0.00000,0.01930,0,-1.00000,665564161133,0.00000
422,211,0,1.24120,2.11360,0.26630,0.04000,2560000,-1.00000,665564178242,0.00000
423,211,0,3.23640,0.00000,0.00000,0.02480,0,-1.00000,665564206709,0.00000
424,212,0,1.49680,2.22930,0.25200,0.02290,2560000,-1.00000,665564248027,0.00000
425,212,0,3.27610,0.00000,0.00000,0.02220,0,-1.00000,665564279348,0.00000
426,213,0,1.18820,2.20790,0.21580,0.02140,2560000,-1.00000,665564291767,0.00000
427,213,0,3.11490,0.00000,0.00000,0.01710,0,-1.00000,665564324146,0.00000
428,214,0,1.37640,2.25180,0.28580,0.02200,2560000,-1.00000,665564339093,0.00000
429,214,0,3.10680,0.00000,0.00000,0.01660,0,-1.00000,665564371861,0.00000
430,215,0,1.38909,2.17420,0.24770,0.02450,2560000,-1.00000,665564383741,0.00000
431,215,0,3.09170,0.00000,0.00000,0.01660,0,-1.00000,665564414882,0.00000
432,216,0,0.38780,2.25090,0.25600,0.02410,2560000,-1.00000,665564428645,0.00000
433,216,0,3.02630,0.00000,0.00000,0.01830,0,-1.00000,665564459712,0.00000
434,217,0,0.41820,2.16820,0.24620,0.02100,2560000,-1.00000,665564473605,0.00000
435,217,0,2.94910,0.00000,0.00000,0.01670,0,-1.00000,665564504519,0.00000
436,218,0,0.43370,2.32380,0.28920,0.02370,2560000,-1.00000,665564508396,0.00000
437,218,0,3.10340,0.00000,0.00000,0.01860,0,-1.00000,665564538666,0.00000
438,219,0,0.41120,2.31750,0.23440,0.02280,2560000,-1.00000,665564542839,0.00000
439,219,0,3.09020,0.00000,0.00000,0.02010,0,-1.00000,665564572334,0.00000
440,220,0,1.28951,2.28770,0.24670,0.03560,2560000,-1.00000,665564576679,0.00000
441,220,0,3.27380,0.00000,0.00000,0.02810,0,-1.00000,665564607729,0.00000
442,221,0,0.45850,2.18830,0.23400,0.02390,2560000,-1.00000,665564611824,0.00000
443,221,0,3.02050,0.00000,0.00000,0.02220,0,-1.00000,665564642736,0.00000
444,222,0,0.37029,2.22580,0.26440,0.02490,2560000,-1.00000,665564655614,0.00000
445,222,0,3.08440,0.00000,0.00000,0.02110,0,-1.00000,665564688383,0.00000
446,223,0,1.35400,2.17090,0.31660,0.02240,2560000,-1.00000,665564692942,0.00000
447,223,0,3.07010,0.00000,0.00000,0.02600,0,-1.00000,665564723148,0.00000
448,224,0,3.60230,2.20310,0.23870,0.02420,2560000,-1.00000,665564726843,0.00000
449,224,0,2.98410,0.00000,0.00000,0.01820,0,-1.00000,665564757704,0.00000
450,225,0,0.36290,2.26410,0.25220,0.02280,2560000,-1.00000,665564771232,0.00000
451,225,0,3.10750,0.00000,0.00000,0.01990,0,-1.00000,665564801939,0.00000
452,226,0,0.48230,2.22580,0.21600,0.02080,2560000,-1.00000,665564837954,0.00000
453,226,0,3.00350,0.00000,0.00000,0.02020,0,-1.00000,665564867799,0.00000
454,227,0,1.56580,2.13950,0.27360,0.03660,2560000,-1.00000,665564871422,0.00000
455,227,0,3.12710,0.00000,0.00000,0.01910,0,-1.00000,665564902505,0.00000
456,228,0,1.47600,2.14130,0.28630,0.02140,2560000,-1.00000,665564907323,0.00000
457,228,0,2.91960,0.00000,0.00000,0.01820,0,-1.00000,665564937357,0.00000
458,229,0,0.32790,2.15830,0.31850,0.02260,2560000,-1.00000,665564953013,0.00000
459,229,0,3.01860,0.00000,0.00000,0.02010,0,-1.00000,665564984312,0.00000
460,230,0,0.65940,2.53900,0.28830,0.02670,2560000,-1.00000,665564999055,0.00000
461,230,0,3.47701,0.00000,0.00000,0.01750,0,-1.00000,665565028247,0.00000
462,231,0,0.93660,2.15150,0.21600,0.01960,2560000,-1.00000,665565031525,0.00000
463,231,0,2.83380,0.00000,0.00000,0.02120,0,-1.00000,665565061714,0.00000
464,232,0,0.35920,2.23900,0.20090,0.02170,2560000,-1.00000,665565068298,0.00000
465,232,0,2.95350,0.00000,0.00000,0.01590,0,-1.00000,665565103082,0.00000
466,233,0,2.95680,2.30300,0.26240,0.03370,2560000,-1.00000,665565112440,0.00000
467,233,0,3.20381,0.00000,0.00000,0.01680,0,-1.00000,665565140775,0.00000
468,234,0,0.43819,2.18620,0.19240,0.02280,2560000,-1.00000,665565144365,0.00000
469,234,0,3.01240,0.00000,0.00000,0.02070,0,-1.00000,665565173901,0.00000
470,235,0,0.40490,2.15610,0.29260,0.01890,2560000,-1.00000,665565203473,0.00000
471,235,0,3.03720,0.00000,0.00000,0.01680,0,-1.00000,665565235520,0.00000
472,236,0,3.56351,2.35830,0.26780,0.03640,2560000,-1.00000,665565239894,0.00000
473,236,0,3.39780,0.00000,0.00000,0.01790,0,-1.00000,665565270021,0.00000
474,237,0,1.11340,2.16640,0.20650,0.03170,2560000,-1.00000,665565274058,0.00000
475,237,0,2.98320,0.00000,0.00000,0.01930,0,-1.00000,665565304435,0.00000
476,238,0,1.49170,2.14040,0.23400,0.02560,2560000,-1.00000,665565340087,0.00000
477,238,0,3.19720,0.00000,0.00000,0.02120,0,-1.00000,665565374116,0.00000
478,239,0,3.76030,1.98110,0.21850,0.02520,2560000,-1.00000,665565385196,0.00000
479,239,0,2.98681,0.00000,0.00000,0.02430,0,-1.00000,665565415022,0.00000
480,240,0,0.52890,2.01160,0.22220,0.02180,2560000,-1.00000,665565429925,0.00000
481,240,0,2.95570,0.00000,0.00000,0.02130,0,-1.00000,665565461911,0.00000
482,241,0,0.53321,2.20560,0.20570,0.02090,2560000,-1.00000,665565499510,0.00000
483,241,0,3.02820,0.00000,0.00000,0.01840,0,-1.00000,665565529392,0.00000
484,242,0,0.40070,2.06070,0.23320,0.08840,2560000,-1.00000,665565534667,0.00000
485,242,0,2.97010,0.00000,0.00000,0.02070,0,-1.00000,665565564235,0.00000
486,243,0,0.44810,2.20600,0.20460,0.02890,2560000,-1.00000,665565569555,0.00000
487,243,0,3.09180,0.00000,0.00000,0.02210,0,-1.00000,665565599838,0.00000
488,244,0,1.18310,2.21840,0.21430,0.02790,2560000,-1.00000,665565603840,0.00000
489,244,0,3.21740,0.00000,0.00000,0.02190,0,-1.00000,665565633555,0.00000
490,245,0,3.58610,2.27810,0.21020,0.02220,2560000,-1.00000,665565638029,0.00000
491,245,0,3.09910,0.00000,0.00000,0.01880,0,-1.00000,665565668962,0.00000
492,246,0,0.41430,2.08440,0.21740,0.02100,2560000,-1.00000,665565680777,0.00000
493,246,0,2.91570,0.00000,0.00000,0.01930,0,-1.00000,665565712965,0.00000
494,247,0,0.42710,2.06440,0.21500,0.02020,2560000,-1.00000,665565748811,0.00000
495,247,0,2.89290,0.00000,0.00000,0.01930,0,-1.00000,665565779802,0.00000
496,248,0,1.70680,1.99920,0.20800,0.02310,2560000,-1.00000,665565783935,0.00000
497,248,0,2.81750,0.00000,0.00000,0.01630,0,-1.00000,665565813104,0.00000
498,249,0,3.99880,2.03140,0.22070,0.02790,2560000,-1.00000,665565817364,0.00000
499,249,0,2.88620,0.00000,0.00000,0.01720,0,-1.00000,665565846307,0.00000
500,250,0,0.45340,2.14790,0.22620,0.02590,2560000,-1.00000,665565863366,0.00000
501,250,0,3.02500,0.00000,0.00000,0.01940,0,-1.00000,665565891543,0.00000
502,251,0,0.56260,2.27040,0.20510,0.03690,2560000,-1.00000,665565931536,0.00000
503,251,0,3.13610,0.00000,0.00000,0.02280,0,-1.00000,665565960396,0.00000
504,252,0,3.60960,2.00840,0.21820,0.02510,2560000,-1.00000,665565964931,0.00000
505,252,0,2.86049,0.00000,0.00000,0.01900,0,-1.00000,665565995185,0.00000
506,253,0,1.69790,2.23900,0.29330,0.02370,2560000,-1.00000,665566000804,0.00000
507,253,0,4.43560,0.00000,0.00000,0.01720,0,-1.00000,665566032186,0.00000
508,254,0,0.51090,2.21780,0.19750,0.02540,2560000,-1.00000,665566068262,0.00000
509,254,0,3.05860,0.00000,0.00000,0.01930,0,-1.00000,665566096870,0.00000
510,255,0,1.05990,2.30020,0.25500,0.02260,2560000,-1.00000,665566113840,0.00000
511,255,0,3.14900,0.00000,0.00000,0.01890,0,-1.00000,665566158208,0.00000
512,256,0,0.45590,2.02740,0.20430,0.02030,2560000,-1.00000,665566163315,0.00000
513,256,0,2.88230,0.00000,0.00000,0.02330,0,-1.00000,665566193909,0.00000
514,257,0,0.49270,2.14220,0.26080,0.02550,2560000,-1.00000,665566204494,0.00000
515,257,0,3.02960,0.00000,0.00000,0.02260,0,-1.00000,665566235990,0.00000
516,258,0,1.48300,2.23500,0.21090,0.02670,2560000,-1.00000,665566240543,0.00000
517,258,0,3.08350,0.00000,0.00000,0.02050,0,-1.00000,665566269379,0.00000
518,259,0,1.43920,2.24180,0.23450,0.02520,2560000,-1.00000,665566274295,0.00000
519,259,0,3.09440,0.00000,0.00000,0.02140,0,-1.00000,665566304605,0.00000
520,260,0,3.91310,2.17050,0.22100,0.02240,2560000,-1.00000,665566319428,0.00000
521,260,0,2.93430,0.00000,0.00000,0.01710,0,-1.00000,665566350263,0.00000
522,261,0,1.46160,2.25040,0.20850,0.02690,2560000,-1.00000,665566364646,0.00000
523,261,0,3.11859,0.00000,0.00000,0.01900,0,-1.00000,665566395593,0.00000
524,262,0,3.77440,2.01460,0.22480,0.02300,2560000,-1.00000,665566434727,0.00000
525,262,0,2.85440,0.00000,0.00000,0.02110,0,-1.00000,665566464065,0.00000
526,263,0,1.68930,2.11080,0.21940,0.02280,2560000,-1.00000,665566478684,0.00000
527,263,0,3.01340,0.00000,0.00000,0.01850,0,-1.00000,665566509867,0.00000
528,264,0,1.52270,2.24480,0.26670,0.03040,2560000,-1.00000,665566547609,0.00000
529,264,0,3.20260,0.00000,0.00000,0.02280,0,-1.00000,665566576159,0.00000
530,265,0,1.41560,2.03740,0.20390,0.02330,2560000,-1.00000,665566593048,0.00000
531,265,0,3.17829,0.00000,0.00000,0.02420,0,-1.00000,665566623278,0.00000
532,266,0,3.46520,2.19170,0.25630,0.02700,2560000,-1.00000,665566638409,0.00000
533,266,0,3.05320,0.00000,0.00000,0.02170,0,-1.00000,665566670459,0.00000
534,267,0,0.45570,1.99360,0.21090,0.02360,2560000,-1.00000,665566684592,0.00000
535,267,0,2.87660,0.00000,0.00000,0.01950,0,-1.00000,665566716382,0.00000
536,268,0,2.92440,2.09500,0.19540,0.02340,2560000,-1.00000,665566751026,0.00000
537,268,0,2.78010,0.00000,0.00000,0.01740,0,-1.00000,665566781564,0.00000
538,269,0,4.09950,2.10410,0.23430,0.02240,2560000,-1.00000,665566786113,0.00000
539,269,0,3.01040,0.00000,0.00000,0.02480,0,-1.00000,665566814884,0.00000
540,270,0,0.42860,2.05920,0.28630,0.04120,2560000,-1.00000,665566844125,0.00000
541,270,0,3.26450,0.00000,0.00000,0.05560,0,-1.00000,665566871920,0.00000
542,271,0,4.62290,1.98760,0.21190,0.02730,2560000,-1.00000,665566912922,0.00000
543,271,0,2.75380,0.00000,0.00000,0.02270,0,-1.00000,665566943028,0.00000
544,272,0,0.45660,2.00060,0.27250,0.02500,2560000,-1.00000,665566947305,0.00000
545,272,0,2.92310,0.00000,0.00000,0.01950,0,-1.00000,665566979984,0.00000
546,273,0,0.73649,2.08410,0.21780,0.02450,2560000,-1.00000,665567026189,0.00000
547,273,0,2.97110,0.00000,0.00000,0.01900,0,-1.00000,665567053726,0.00000
548,274,0,1.55060,2.22200,0.23940,0.02470,2560000,-1.00000,665567058292,0.00000
549,274,0,3.08490,0.00000,0.00000,0.01580,0,-1.00000,665567087524,0.00000
550,275,0,3.79940,1.97660,0.19870,0.02370,2560000,-1.00000,665567094886,0.00000
551,275,0,2.80720,0.00000,0.00000,0.01900,0,-1.00000,665567124598,0.00000
552,276,0,0.41610,2.11150,0.21390,0.02240,2560000,-1.00000,665567140102,0.00000
553,276,0,2.88900,0.00000,0.00000,0.01860,0,-1.00000,665567170950,0.00000
554,277,0,3.00300,1.97800,0.28440,0.02890,2560000,-1.00000,665567208944,0.00000
555,277,0,2.95340,0.00000,0.00000,0.01920,0,-1.00000,665567237016,0.00000
556,278,0,0.46910,2.02880,0.18960,0.02950,2560000,-1.00000,665567241174,0.00000
557,278,0,2.87039,0.00000,0.00000,0.02220,0,-1.00000,665567270076,0.00000
558,279,0,0.53880,2.15210,0.19780,0.02350,2560000,-1.00000,665567300098,0.00000
559,279,0,2.91520,0.00000,0.00000,0.01850,0,-1.00000,665567329639,0.00000
560,280,0,1.61680,2.24080,0.23340,0.02380,2560000,-1.00000,665567334325,0.00000
561,280,0,3.07340,0.00000,0.00000,0.02100,0,-1.00000,665567363041,0.00000
562,281,0,3.64210,1.98040,0.24210,0.02290,2560000,-1.00000,665567368561,0.00000
563,281,0,2.78760,0.00000,0.00000,0.02050,0,-1.00000,665567397583,0.00000
564,282,0,0.46330,1.99790,0.21440,0.02140,2560000,-1.00000,665567413734,0.00000
565,282,0,2.79340,0.00000,0.00000,0.02150,0,-1.00000,665567444480,0.00000
566,283,0,0.35710,2.32000,0.29380,0.02870,2560000,-1.00000,665567480891,0.00000
567,283,0,3.18099,0.00000,0.00000,0.01840,0,-1.00000,665567508775,0.00000
568,284,0,0.38510,2.13330,0.22560,0.02360,2560000,-1.00000,665567513401,0.00000
569,284,0,2.85840,0.00000,0.00000,0.02030,0,-1.00000,665567541335,0.00000
570,285,0,3.22070,2.20540,0.30810,0.03280,2560000,-1.00000,665567544895,0.00000
571,285,0,3.23820,0.00000,0.00000,0.02370,0,-1.00000,665567576723,0.00000
572,286,0,0.39860,2.11500,0.22850,0.02120,2560000,-1.00000,665567580561,0.00000
573,286,0,3.04320,0.00000,0.00000,0.02120,0,-1.00000,665567609275,0.00000
574,287,0,0.43090,2.08960,0.19670,0.02330,2560000,-1.00000,665567641358,0.00000
575,287,0,2.84730,0.00000,0.00000,0.01720,0,-1.00000,665567673745,0.00000
576,288,0,3.70500,2.14820,0.24970,0.02200,2560000,-1.00000,665567677719,0.00000
577,288,0,2.94250,0.00000,0.00000,0.01740,0,-1.00000,665567708163,0.00000
578,289,0,3.72470,2.10800,0.20700,0.02960,2560000,-1.00000,665567712458,0.00000
579,289,0,2.89600,0.00000,0.00000,0.02150,0,-1.00000,665567740938,0.00000
580,290,0,0.44660,2.21180,0.23540,0.02040,2560000,-1.00000,665567777989,0.00000
581,290,0,2.94980,0.00000,0.00000,0.01930,0,-1.00000,665567807411,0.00000
582,291,0,0.42070,2.01140,0.20220,0.02380,2560000,-1.00000,665567844653,0.00000
583,291,0,2.86160,0.00000,0.00000,0.01910,0,-1.00000,665567873626,0.00000
584,292,0,0.47450,1.98540,0.20780,0.02070,2560000,-1.00000,665567878079,0.00000
585,292,0,2.73740,0.00000,0.00000,0.02140,0,-1.00000,665567907578,0.00000
586,293,0,0.41320,2.06730,0.27460,0.02770,2560000,-1.00000,665567911788,0.00000
587,293,0,3.08120,0.00000,0.00000,0.02570,0,-1.00000,665567940414,0.00000
588,294,0,0.47240,2.16140,0.19280,0.02240,2560000,-1.00000,665567945150,0.00000
589,294,0,2.94660,0.00000,0.00000,0.02170,0,-1.00000,665567972529,0.00000
590,295,0,0.92640,2.09850,0.23750,0.02250,2560000,-1.00000,665567976652,0.00000
591,295,0,3.46670,0.00000,0.00000,0.01860,0,-1.00000,665568007500,0.00000
592,296,0,1.06650,2.15730,0.22330,0.02120,2560000,-1.00000,665568012198,0.00000
593,296,0,2.87250,0.00000,0.00000,0.01720,0,-1.00000,665568041663,0.00000
594,297,0,0.34860,2.13590,0.29250,0.02190,2560000,-1.00000,665568050922,0.00000
595,297,0,2.99870,0.00000,0.00000,0.02100,0,-1.00000,665568085593,0.00000
596,298,0,0.79010,2.20470,0.20080,0.02140,2560000,-1.00000,665568096251,0.00000
597,298,0,2.96770,0.00000,0.00000,0.01940,0,-1.00000,665568124977,0.00000
598,299,0,1.34180,2.09240,0.23540,0.02230,2560000,-1.00000,665568128461,0.00000
599,299,0,2.83189,0.00000,0.00000,0.01700,0,-1.00000,665568158451,0.00000
600,300,0,0.31220,2.10000,0.23310,0.02250,2560000,-1.00000,665568166351,0.00000
601,300,0,2.81010,0.00000,0.00000,0.01620,0,-1.00000,665568196036,0.00000
602,301,0,0.95580,2.07760,0.30720,0.03390,2560000,-1.00000,665568209445,0.00000
603,301,0,3.05650,0.00000,0.00000,0.02300,0,-1.00000,665568237768,0.00000
604,302,0,0.41980,2.23170,0.22620,0.02500,2560000,-1.00000,665568240882,0.00000
605,302,0,3.06950,0.00000,0.00000,0.01960,0,-1.00000,665568268983,0.00000
606,303,0,0.34630,2.16830,0.20520,0.02510,2560000,-1.00000,665568278564,0.00000
607,303,0,2.90850,0.00000,0.00000,0.01800,0,-1.00000,665568309132,0.00000
608,304,0,1.59889,2.16860,0.23460,0.02650,2560000,-1.00000,665568313314,0.00000
609,304,0,3.05130,0.00000,0.00000,0.02090,0,-1.00000,665568344014,0.00000
610,305,0,1.49500,2.08590,0.29740,0.01970,2560000,-1.00000,665568347467,0.00000
611,305,0,3.56960,0.00000,0.00000,0.02030,0,-1.00000,665568376557,0.00000
612,306,0,4.28460,2.10770,0.24730,0.02290,2560000,-1.00000,665568392544,0.00000
613,306,0,2.93180,0.00000,0.00000,0.01840,0,-1.00000,665568423059,0.00000
614,307,0,1.60500,2.13010,0.30020,0.01950,2560000,-1.00000,665568437997,0.00000
615,307,0,3.11790,0.00000,0.00000,0.02120,0,-1.00000,665568473704,0.00000
616,308,0,0.67050,2.13620,0.21380,0.01960,2560000,-1.00000,665568516552,0.00000
617,308,0,2.93190,0.00000,0.00000,0.01730,0,-1.00000,665568545872,0.00000
618,309,0,3.79870,2.08680,0.20970,0.03930,2560000,-1.00000,665568561912,0.00000
619,309,0,3.13380,0.00000,0.00000,0.02420,0,-1.00000,665568593099,0.00000
620,310,0,0.43430,2.18130,0.23010,0.02350,2560000,-1.00000,665568599847,0.00000
621,310,0,3.04050,0.00000,0.00000,0.02220,0,-1.00000,665568629116,0.00000
622,311,0,0.40400,2.08860,0.24180,0.02230,2560000,-1.00000,665568667120,0.00000
623,311,0,2.83230,0.00000,0.00000,0.11830,0,-1.00000,665568698455,0.00000
624,312,0,1.58279,2.14750,0.20830,0.02310,2560000,-1.00000,665568702786,0.00000
625,312,0,2.90350,0.00000,0.00000,0.02120,0,-1.00000,665568733196,0.00000
626,313,0,3.87290,2.17250,0.24550,0.02500,2560000,-1.00000,665568737228,0.00000
627,313,0,3.02830,0.00000,0.00000,0.01990,0,-1.00000,665568765557,0.00000
628,314,0,0.41750,2.09000,0.23270,0.02170,2560000,-1.00000,665568781382,0.00000
629,314,0,2.86130,0.00000,0.00000,0.01880,0,-1.00000,665568810417,0.00000
630,315,0,0.47980,2.10350,0.21450,0.02150,2560000,-1.00000,665568849145,0.00000
631,315,0,2.93310,0.00000,0.00000,0.01890,0,-1.00000,665568879443,0.00000
632,316,0,3.78740,2.07800,0.22480,0.03930,2560000,-1.00000,665568883603,0.00000
633,316,0,2.98861,0.00000,0.00000,0.01960,0,-1.00000,665568912227,0.00000
634,317,0,4.00740,1.94500,0.25330,0.03150,2560000,-1.00000,665568917016,0.00000
635,317,0,2.74350,0.00000,0.00000,0.02210,0,-1.00000,665568946351,0.00000
636,318,0,0.46509,2.11600,0.23170,0.02040,2560000,-1.00000,665568984243,0.00000
637,318,0,2.95340,0.00000,0.00000,0.01840,0,-1.00000,665569014108,0.00000
638,319,0,0.53670,2.03810,0.24000,0.02770,2560000,-1.00000,665569054180,0.00000
639,319,0,2.92701,0.00000,0.00000,0.01840,0,-1.00000,665569081622,0.00000
640,320,0,0.43870,1.99980,0.23820,0.03530,2560000,-1.00000,665569086269,0.00000
641,320,0,2.82020,0.00000,0.00000,0.02090,0,-1.00000,665569115806,0.00000
642,321,0,3.04050,2.06960,0.20410,0.02200,2560000,-1.00000,665569121174,0.00000
643,321,0,2.91880,0.00000,0.00000,0.01840,0,-1.00000,665569150446,0.00000
644,322,0,0.42280,2.17580,0.30100,0.02680,2560000,-1.00000,665569154826,0.00000
645,322,0,3.15020,0.00000,0.00000,0.01840,0,-1.00000,665569183030,0.00000
646,323,0,2.61180,2.13490,0.24510,0.02780,2560000,-1.00000,665569213435,0.00000
647,323,0,3.06280,0.00000,0.00000,0.01910,0,-1.00000,665569242622,0.00000
648,324,0,0.49410,2.28100,0.23110,0.02500,2560000,-1.00000,665569246848,0.00000
649,324,0,3.15480,0.00000,0.00000,0.01880,0,-1.00000,665569278359,0.00000
650,325,0,0.45360,2.07910,0.27940,0.02340,2560000,-1.00000,665569304471,0.00000
651,325,0,3.00290,0.00000,0.00000,0.01870,0,-1.00000,665569335114,0.00000
652,326,0,3.51400,2.14840,0.23150,0.02340,2560000,-1.00000,665569340035,0.00000
653,326,0,2.98430,0.00000,0.00000,0.01930,0,-1.00000,665569371597,0.00000
654,327,0,3.74900,2.08270,0.24280,0.02470,2560000,-1.00000,665569376121,0.00000
655,327,0,2.92650,0.00000,0.00000,0.01950,0,-1.00000,665569406156,0.00000
656,328,0,0.44660,2.02920,0.19940,0.02170,2560000,-1.00000,665569441295,0.00000
657,328,0,2.85030,0.00000,0.00000,0.01890,0,-1.00000,665569471141,0.00000
658,329,0,2.88050,1.90780,0.26620,0.02300,2560000,-1.00000,665569508624,0.00000
659,329,0,2.93050,0.00000,0.00000,0.02230,0,-1.00000,665569537906,0.00000
660,330,0,0.49160,2.13410,0.20770,0.02670,2560000,-1.00000,665569542355,0.00000
661,330,0,3.09751,0.00000,0.00000,0.01930,0,-1.00000,665569570867,0.00000
662,331,0,0.46310,2.03550,0.22990,0.02160,2560000,-1.00000,665569599663,0.00000
663,331,0,2.89030,0.00000,0.00000,0.01890,0,-1.00000,665569628979,0.00000
664,332,0,3.82710,1.93230,0.25690,0.02720,2560000,-1.00000,665569633885,0.00000
665,332,0,2.79100,0.00000,0.00000,0.01870,0,-1.00000,665569664870,0.00000
666,333,0,4.10550,2.14950,0.24520,0.02350,2560000,-1.00000,665569669491,0.00000
667,333,0,2.96690,0.00000,0.00000,0.02030,0,-1.00000,665569698398,0.00000
668,334,0,0.49590,1.93840,0.20280,0.02030,2560000,-1.00000,665569736665,0.00000
669,334,0,2.73140,0.00000,0.00000,0.02130,0,-1.00000,665569764580,0.00000
670,335,0,2.81950,1.95000,0.32090,0.03590,2560000,-1.00000,665569805631,0.00000
671,335,0,3.01770,0.00000,0.00000,0.02350,0,-1.00000,665569835298,0.00000
672,336,0,0.57780,2.08360,0.29400,0.04300,2560000,-1.00000,665569840257,0.00000
673,336,0,3.11050,0.00000,0.00000,0.02680,0,-1.00000,665569867574,0.00000
674,337,0,0.47130,2.07000,0.22810,0.03730,2560000,-1.00000,665569895767,0.00000
675,337,0,3.17210,0.00000,0.00000,0.02280,0,-1.00000,665569925967,0.00000
676,338,0,0.53350,2.10180,0.21010,0.02880,2560000,-1.00000,665569931723,0.00000
677,338,0,3.01270,0.00000,0.00000,0.02070,0,-1.00000,665569962858,0.00000
678,339,0,3.22290,2.18600,0.37820,0.04450,2560000,-1.00000,665569967539,0.00000
679,339,0,3.40540,0.00000,0.00000,0.02600,0,-1.00000,665569999298,0.00000
680,340,0,0.51310,1.98740,0.20450,0.04250,2560000,-1.00000,665570004598,0.00000
681,340,0,3.03230,0.00000,0.00000,0.02540,0,-1.00000,665570034727,0.00000
682,341,0,1.17750,2.08090,0.22050,0.02510,2560000,-1.00000,665570066963,0.00000
683,341,0,2.96240,0.00000,0.00000,0.02770,0,-1.00000,665570101040,0.00000
684,342,0,1.59009,2.49470,0.21100,0.02910,2560000,-1.00000,665570106141,0.00000
685,342,0,3.35011,0.00000,0.00000,0.03110,0,-1.00000,665570136488,0.00000
686,343,0,3.33180,2.06620,0.20340,0.02330,2560000,-1.00000,665570148291,0.00000
687,343,0,2.87260,0.00000,0.00000,0.02050,0,-1.00000,665570177861,0.00000
688,344,0,0.46599,2.16090,0.20080,0.03250,2560000,-1.00000,665570193763,0.00000
689,344,0,3.08270,0.00000,0.00000,0.02160,0,-1.00000,665570227270,0.00000
690,345,0,0.52920,2.13530,0.23510,0.02050,2560000,-1.00000,665570260574,0.00000
691,345,0,3.11060,0.00000,0.00000,0.02030,0,-1.00000,665570289308,0.00000
692,346,0,1.55580,2.07960,0.22270,0.02420,2560000,-1.00000,665570293963,0.00000
693,346,0,2.91940,0.00000,0.00000,0.02080,0,-1.00000,665570324805,0.00000
694,347,0,0.64660,2.10460,0.21970,0.02480,2560000,-1.00000,665570330077,0.00000
695,347,0,2.91530,0.00000,0.00000,0.01760,0,-1.00000,665570361197,0.00000
696,348,0,0.40440,2.09160,0.23710,0.02350,2560000,-1.00000,665570376746,0.00000
697,348,0,2.93370,0.00000,0.00000,0.01860,0,-1.00000,665570405942,0.00000
698,349,0,1.57180,2.24080,0.25800,0.02530,2560000,-1.00000,665570412406,0.00000
699,349,0,3.11150,0.00000,0.00000,0.01950,0,-1.00000,665570441557,0.00000
700,350,0,1.63680,2.13300,0.23570,0.02400,2560000,-1.00000,665570445598,0.00000
701,350,0,3.00561,0.00000,0.00000,0.02190,0,-1.00000,665570474940,0.00000
702,351,0,1.40210,2.01160,0.20150,0.02510,2560000,-1.00000,665570490652,0.00000
703,351,0,2.87850,0.00000,0.00000,0.02110,0,-1.00000,665570521779,0.00000
704,352,0,1.58700,2.14510,0.24620,0.02470,2560000,-1.00000,665570538144,0.00000
705,352,0,3.02791,0.00000,0.00000,0.01990,0,-1.00000,665570568204,0.00000
706,353,0,1.68469,2.16170,0.21680,0.03710,2560000,-1.00000,665570582214,0.00000
707,353,0,3.08270,0.00000,0.00000,0.02130,0,-1.00000,665570611012,0.00000
708,354,0,1.37690,2.04010,0.20110,0.02270,2560000,-1.00000,665570626869,0.00000
709,354,0,2.83370,0.00000,0.00000,0.02090,0,-1.00000,665570657171,0.00000
710,355,0,5.82800,2.12780,0.22250,0.02780,2560000,-1.00000,665570674010,0.00000
711,355,0,3.04280,0.00000,0.00000,0.02330,0,-1.00000,665570704843,0.00000
712,356,0,0.55900,2.02590,0.21790,0.02290,2560000,-1.00000,665570718596,0.00000
713,356,0,2.89000,0.00000,0.00000,0.01910,0,-1.00000,665570746940,0.00000
714,357,0,0.44440,1.96170,0.23330,0.02670,2560000,-1.00000,665570805213,0.00000
715,357,0,2.81360,0.00000,0.00000,0.03920,0,-1.00000,665570835651,0.00000
716,358,0,0.46720,1.99330,0.21190,0.02220,2560000,-1.00000,665570841231,0.00000
717,358,0,2.79800,0.00000,0.00000,0.01710,0,-1.00000,665570870136,0.00000
718,359,0,0.40730,2.09450,0.28850,0.02990,2560000,-1.00000,665570874572,0.00000
719,359,0,3.13840,0.00000,0.00000,0.02150,0,-1.00000,665570902720,0.00000
720,360,0,1.76600,2.10560,0.20730,0.02780,2560000,-1.00000,665570907385,0.00000
721,360,0,3.24360,0.00000,0.00000,0.02140,0,-1.00000,665570935364,0.00000
722,361,0,0.54850,2.16610,0.22460,0.02580,2560000,-1.00000,665570939430,0.00000
723,361,0,3.08951,0.00000,0.00000,0.01610,0,-1.00000,665570970847,0.00000
724,362,0,0.55530,2.03540,0.22330,0.03520,2560000,-1.00000,665570988524,0.00000
725,362,0,2.97720,0.00000,0.00000,0.02070,0,-1.00000,665571020981,0.00000
726,363,0,3.84450,2.10180,0.22890,0.02910,2560000,-1.00000,665571026400,0.00000
727,363,0,3.12170,0.00000,0.00000,0.02040,0,-1.00000,665571057292,0.00000
728,364,0,0.56880,1.99690,0.20050,0.01960,2560000,-1.00000,665571062840,0.00000
729,364,0,2.98680,0.00000,0.00000,0.02010,0,-1.00000,665571092620,0.00000
730,365,0,0.54381,2.21690,0.29350,0.02200,2560000,-1.00000,665571131065,0.00000
731,365,0,3.24330,0.00000,0.00000,0.01820,0,-1.00000,665571162299,0.00000
732,366,0,0.47410,2.18670,0.24770,0.02490,2560000,-1.00000,665571167973,0.00000
733,366,0,3.17640,0.00000,0.00000,0.01620,0,-1.00000,665571197873,0.00000
734,367,0,0.50090,2.29200,0.31670,0.02510,2560000,-1.00000,665571203273,0.00000
735,367,0,3.31170,0.00000,0.00000,0.02140,0,-1.00000,665571235708,0.00000
736,368,0,0.52890,2.27950,0.26010,0.02940,2560000,-1.00000,665571240443,0.00000
737,368,0,3.29870,0.00000,0.00000,0.02060,0,-1.00000,665571272212,0.00000
738,369,0,1.31070,2.19540,0.22390,0.02450,2560000,-1.00000,665571277227,0.00000
739,369,0,3.13850,0.00000,0.00000,0.01860,0,-1.00000,665571310339,0.00000
740,370,0,1.17740,2.23520,0.23530,0.02380,2560000,-1.00000,665571315626,0.00000
741,370,0,3.21020,0.00000,0.00000,0.02060,0,-1.00000,665571348632,0.00000
742,371,0,0.57050,2.17690,0.23920,0.04860,2560000,-1.00000,665571361728,0.00000
743,371,0,3.29720,0.00000,0.00000,0.02000,0,-1.00000,665571393108,0.00000
744,372,0,0.56130,2.21660,0.19940,0.02830,2560000,-1.00000,665571404891,0.00000
745,372,0,3.60360,0.00000,0.00000,0.02490,0,-1.00000,665571436982,0.00000
746,373,0,0.53310,2.20450,0.29640,0.03750,2560000,-1.00000,665571442688,0.00000
747,373,0,3.20220,0.00000,0.00000,0.02300,0,-1.00000,665571475680,0.00000
748,374,0,3.49940,2.27280,0.29980,0.02500,2560000,-1.00000,665571481271,0.00000
749,374,0,3.33420,0.00000,0.00000,0.02030,0,-1.00000,665571517330,0.00000
750,375,0,4.48681,2.04690,0.21760,0.03420,2560000,-1.00000,665571522638,0.00000
751,375,0,3.23080,0.00000,0.00000,0.01890,0,-1.00000,665571554665,0.00000
752,376,0,0.52320,2.23240,0.30520,0.02050,2560000,-1.00000,665571589657,0.00000
753,376,0,3.28200,0.00000,0.00000,0.02160,0,-1.00000,665571623000,0.00000
754,377,0,0.59220,2.16520,0.31210,0.02550,2560000,-1.00000,665571667876,0.00000
755,377,0,3.21660,0.00000,0.00000,0.02660,0,-1.00000,665571700319,0.00000
756,378,0,0.49230,2.13460,0.21820,0.02540,2560000,-1.00000,665571705407,0.00000
757,378,0,3.03720,0.00000,0.00000,0.02720,0,-1.00000,665571738233,0.00000
758,379,0,2.97040,2.21070,0.23150,0.02500,2560000,-1.00000,665571744154,0.00000
759,379,0,3.17440,0.00000,0.00000,0.01930,0,-1.00000,665571776318,0.00000
760,380,0,0.46650,2.12230,0.23900,0.02410,2560000,-1.00000,665571781233,0.00000
761,380,0,3.04250,0.00000,0.00000,0.02170,0,-1.00000,665571811612,0.00000
762,381,0,0.52020,2.20380,0.25690,0.02490,2560000,-1.00000,665571841316,0.00000
763,381,0,3.15570,0.00000,0.00000,0.02100,0,-1.00000,665571873056,0.00000
764,382,0,1.03350,2.16250,0.23300,0.02480,2560000,-1.00000,665571877720,0.00000
765,382,0,3.08650,0.00000,0.00000,0.01970,0,-1.00000,665571908151,0.00000
766,383,0,1.61419,2.20700,0.21080,0.03300,2560000,-1.00000,665571913350,0.00000
767,383,0,3.32300,0.00000,0.00000,0.02120,0,-1.00000,665571944911,0.00000
768,384,0,1.11130,2.01850,0.21980,0.02250,2560000,-1.00000,665571955243,0.00000
769,384,0,2.98260,0.00000,0.00000,0.01900,0,-1.00000,665571986107,0.00000
770,385,0,1.70710,2.14910,0.30980,0.02210,2560000,-1.00000,665572002259,0.00000
771,385,0,3.18861,0.00000,0.00000,0.01920,0,-1.00000,665572035486,0.00000
772,386,0,1.26139,2.19930,0.20350,0.02370,2560000,-1.00000,665572046589,0.00000
773,386,0,3.16670,0.00000,0.00000,0.01920,0,-1.00000,665572076421,0.00000
774,387,0,1.31210,2.09730,0.20400,0.02330,2560000,-1.00000,665572093505,0.00000
775,387,0,3.01229,0.00000,0.00000,0.01920,0,-1.00000,665572125376,0.00000
776,388,0,1.61531,2.18290,0.23170,0.02390,2560000,-1.00000,665572137987,0.00000
777,388,0,3.21560,0.00000,0.00000,0.02000,0,-1.00000,665572169655,0.00000
778,389,0,1.40270,2.13700,0.36480,0.02890,2560000,-1.00000,665572182781,0.00000
779,389,0,3.29780,0.00000,0.00000,0.02400,0,-1.00000,665572212898,0.00000
780,390,0,1.24449,2.21590,0.23650,0.02510,2560000,-1.00000,665572229060,0.00000
781,390,0,3.37370,0.00000,0.00000,0.02190,0,-1.00000,665572261209,0.00000
782,391,0,1.23720,2.15300,0.21980,0.02490,2560000,-1.00000,665572275233,0.00000
783,391,0,3.29020,0.00000,0.00000,0.02020,0,-1.00000,665572308236,0.00000
784,392,0,1.22520,2.13150,0.22250,0.02290,2560000,-1.00000,665572320667,0.00000
785,392,0,3.11530,0.00000,0.00000,0.02150,0,-1.00000,665572354411,0.00000
786,393,0,3.80400,2.13530,0.31290,0.02340,2560000,-1.00000,665572366773,0.00000
787,393,0,3.13290,0.00000,0.00000,0.02140,0,-1.00000,665572399680,0.00000
788,394,0,0.50080,2.22740,0.23630,0.02390,2560000,-1.00000,665572411925,0.00000
789,394,0,3.18350,0.00000,0.00000,0.01930,0,-1.00000,665572443074,0.00000
790,395,0,0.51880,2.23520,0.21290,0.02490,2560000,-1.00000,665572481115,0.00000
791,395,0,3.18810,0.00000,0.00000,0.01970,0,-1.00000,665572512446,0.00000
792,396,0,0.86290,2.15600,0.22840,0.02650,2560000,-1.00000,665572517450,0.00000
793,396,0,3.20330,0.00000,0.00000,0.02290,0,-1.00000,665572549289,0.00000
794,397,0,1.54770,2.11340,0.21780,0.03030,2560000,-1.00000,665572554469,0.00000
795,397,0,3.17190,0.00000,0.00000,0.01990,0,-1.00000,665572586351,0.00000
796,398,0,1.27140,2.24950,0.23390,0.02870,2560000,-1.00000,665572594987,0.00000
797,398,0,3.41900,0.00000,0.00000,0.02260,0,-1.00000,665572627018,0.00000
798,399,0,1.30530,2.25960,0.22670,0.04630,2560000,-1.00000,665572642500,0.00000
799,399,0,3.45340,0.00000,0.00000,0.02580,0,-1.00000,665572674230,0.00000
800,400,0,0.92119,2.22400,0.30050,0.02910,2560000,-1.00000,665572686934,0.00000
801,400,0,3.30471,0.00000,0.00000,0.02240,0,-1.00000,665572721133,0.00000
802,401,0,1.40439,2.16130,0.28970,0.02570,2560000,-1.00000,665572734177,0.00000
803,401,0,3.24741,0.00000,0.00000,0.01880,0,-1.00000,665572768750,0.00000
804,402,0,1.20770,2.10110,0.23280,0.06940,2560000,-1.00000,665572777926,0.00000
805,402,0,2.98980,0.00000,0.00000,0.02040,0,-1.00000,665572810967,0.00000
806,403,0,1.69390,2.14380,0.27360,0.02330,2560000,-1.00000,665572825006,0.00000
807,403,0,3.19930,0.00000,0.00000,0.01780,0,-1.00000,665572857487,0.00000
808,404,0,1.33730,2.18850,0.21930,0.03260,2560000,-1.00000,665572869557,0.00000
809,404,0,3.24580,0.00000,0.00000,0.02450,0,-1.00000,665572899454,0.00000
810,405,0,1.23880,2.11920,0.30340,0.08310,2560000,-1.00000,665572916398,0.00000
811,405,0,3.20970,0.00000,0.00000,0.01930,0,-1.00000,665572948391,0.00000
812,406,0,1.20390,2.17360,0.23160,0.02310,2560000,-1.00000,665572961762,0.00000
813,406,0,3.12040,0.00000,0.00000,0.01880,0,-1.00000,665572994231,0.00000
814,407,0,0.52940,2.13000,0.23450,0.02300,2560000,-1.00000,665573006608,0.00000
815,407,0,3.07140,0.00000,0.00000,0.02330,0,-1.00000,665573038717,0.00000
816,408,0,2.56679,2.18230,0.22400,0.02530,2560000,-1.00000,665573050748,0.00000
817,408,0,3.07720,0.00000,0.00000,0.02270,0,-1.00000,665573081950,0.00000
818,409,0,0.54330,2.14320,0.21130,0.02390,2560000,-1.00000,665573087240,0.00000
819,409,0,3.06060,0.00000,0.00000,0.01990,0,-1.00000,665573117949,0.00000
820,410,0,1.17971,2.15900,0.23110,0.02340,2560000,-1.00000,665573143628,0.00000
821,410,0,3.07399,0.00000,0.00000,0.01840,0,-1.00000,665573174393,0.00000
822,411,0,0.61430,2.12730,0.23700,0.02060,2560000,-1.00000,665573179832,0.00000
823,411,0,3.06261,0.00000,0.00000,0.01790,0,-1.00000,665573210439,0.00000
824,412,0,3.65190,2.00020,0.18040,0.03660,2560000,-1.00000,665573222228,0.00000
825,412,0,3.15150,0.00000,0.00000,0.01910,0,-1.00000,665573252966,0.00000
826,413,0,1.60210,2.08900,0.27820,0.02570,2560000,-1.00000,665573259116,0.00000
827,413,0,3.14610,0.00000,0.00000,0.01890,0,-1.00000,665573289738,0.00000
828,414,0,1.37161,2.05960,0.15420,0.02330,2560000,-1.00000,665573326384,0.00000
829,414,0,2.88850,0.00000,0.00000,0.02210,0,-1.00000,665573357787,0.00000
830,415,0,1.81910,2.03060,0.25020,0.02500,2560000,-1.00000,665573373794,0.00000
831,415,0,2.99440,0.00000,0.00000,0.02060,0,-1.00000,665573405258,0.00000
832,416,0,1.38010,2.15820,0.21770,0.02320,2560000,-1.00000,665573418979,0.00000
833,416,0,3.04760,0.00000,0.00000,0.02110,0,-1.00000,665573447866,0.00000
834,417,0,3.82440,2.00790,0.24300,0.02810,2560000,-1.00000,665573466051,0.00000
835,417,0,3.00580,0.00000,0.00000,0.01800,0,-1.00000,665573495998,0.00000
836,418,0,0.55150,2.11860,0.23310,0.03660,2560000,-1.00000,665573509799,0.00000
837,418,0,3.23850,0.00000,0.00000,0.02410,0,-1.00000,665573540269,0.00000
838,419,0,0.71850,2.06970,0.20590,0.02630,2560000,-1.00000,665573578510,0.00000
839,419,0,3.08470,0.00000,0.00000,0.01910,0,-1.00000,665573608567,0.00000
840,420,0,0.78960,2.09890,0.22810,0.02270,2560000,-1.00000,665573614086,0.00000
841,420,0,3.08890,0.00000,0.00000,0.01890,0,-1.00000,665573646501,0.00000
842,421,0,3.78670,1.99300,0.34520,0.02420,2560000,-1.00000,665573653659,0.00000
843,421,0,3.14190,0.00000,0.00000,0.02360,0,-1.00000,665573684505,0.00000
844,422,0,0.58230,2.06240,0.19900,0.02280,2560000,-1.00000,665573692397,0.00000
845,422,0,2.99480,0.00000,0.00000,0.02090,0,-1.00000,665573723288,0.00000
846,423,0,0.54890,1.92930,0.21250,0.01890,2560000,-1.00000,665573761158,0.00000
847,423,0,2.96060,0.00000,0.00000,0.02480,0,-1.00000,665573792581,0.00000
848,424,0,4.45900,1.92780,0.21300,0.02280,2560000,-1.00000,665573798394,0.00000
849,424,0,2.83910,0.00000,0.00000,0.01950,0,-1.00000,665573828345,0.00000
850,425,0,0.73100,2.00910,0.26130,0.02210,2560000,-1.00000,665573833834,0.00000
851,425,0,3.01560,0.00000,0.00000,0.01810,0,-1.00000,665573863436,0.00000
852,426,0,2.08700,2.23160,0.32510,0.03290,2560000,-1.00000,665573908026,0.00000
853,426,0,3.55090,0.00000,0.00000,0.02320,0,-1.00000,665573936424,0.00000
854,427,0,0.55140,1.96420,0.24510,0.02570,2560000,-1.00000,665573943728,0.00000
855,427,0,2.98380,0.00000,0.00000,0.01940,0,-1.00000,665573973888,0.00000
856,428,0,1.57570,2.03350,0.35600,0.02530,2560000,-1.00000,665573994771,0.00000
857,428,0,3.33620,0.00000,0.00000,0.02280,0,-1.00000,665574030277,0.00000
858,429,0,1.19040,1.96120,0.25570,0.02410,2560000,-1.00000,665574035785,0.00000
859,429,0,2.99010,0.00000,0.00000,0.02050,0,-1.00000,665574065618,0.00000
860,430,0,1.51160,1.91840,0.24540,0.02310,2560000,-1.00000,665574081378,0.00000
861,430,0,2.92040,0.00000,0.00000,0.01870,0,-1.00000,665574114893,0.00000
862,431,0,1.68950,1.99500,0.32570,0.02140,2560000,-1.00000,665574126643,0.00000
863,431,0,3.03810,0.00000,0.00000,0.01850,0,-1.00000,665574156546,0.00000
864,432,0,3.95940,2.04670,0.24470,0.04190,2560000,-1.00000,665574171658,0.00000
865,432,0,3.26290,0.00000,0.00000,0.02120,0,-1.00000,665574200858,0.00000
866,433,0,1.13220,1.98590,0.20710,0.02450,2560000,-1.00000,665574217750,0.00000
867,433,0,2.93840,0.00000,0.00000,0.02080,0,-1.00000,665574248133,0.00000
868,434,0,1.78320,2.15160,0.19950,0.02270,2560000,-1.00000,665574287733,0.00000
869,434,0,3.08810,0.00000,0.00000,0.02020,0,-1.00000,665574320387,0.00000
870,435,0,1.32600,1.97430,0.21610,0.02190,2560000,-1.00000,665574331686,0.00000
871,435,0,2.93130,0.00000,0.00000,0.02030,0,-1.00000,665574361071,0.00000
872,436,0,1.74370,1.98800,0.22820,0.02450,2560000,-1.00000,665574378896,0.00000
873,436,0,2.96860,0.00000,0.00000,0.01800,0,-1.00000,665574409782,0.00000
874,437,0,3.81470,2.08250,0.26030,0.02520,2560000,-1.00000,665574423038,0.00000
875,437,0,3.09670,0.00000,0.00000,0.02060,0,-1.00000,665574452354,0.00000
876,438,0,0.58800,1.95290,0.22330,0.02290,2560000,-1.00000,665574469915,0.00000
877,438,0,2.96660,0.00000,0.00000,0.01790,0,-1.00000,665574499493,0.00000
878,439,0,0.51170,2.08220,0.23720,0.02010,2560000,-1.00000,665574537628,0.00000
879,439,0,3.03610,0.00000,0.00000,0.02380,0,-1.00000,665574568594,0.00000
880,440,0,1.14320,2.03760,0.26980,0.03180,2560000,-1.00000,665574574466,0.00000
881,440,0,3.16480,0.00000,0.00000,0.02160,0,-1.00000,665574604143,0.00000
882,441,0,1.44921,1.98420,0.28520,0.02590,2560000,-1.00000,665574609249,0.00000
883,441,0,3.03890,0.00000,0.00000,0.02130,0,-1.00000,665574639609,0.00000
884,442,0,1.57070,1.98380,0.19360,0.02350,2560000,-1.00000,665574651041,0.00000
885,442,0,3.05390,0.00000,0.00000,0.02170,0,-1.00000,665574682716,0.00000
886,443,0,1.35689,1.96560,0.21200,0.02440,2560000,-1.00000,665574697193,0.00000
887,443,0,2.91490,0.00000,0.00000,0.01830,0,-1.00000,665574727585,0.00000
888,444,0,0.54660,2.03810,0.23900,0.01990,2560000,-1.00000,665574743287,0.00000
889,444,0,3.00600,0.00000,0.00000,0.02070,0,-1.00000,665574773829,0.00000
890,445,0,0.56940,2.05300,0.28070,0.04120,2560000,-1.00000,665574787387,0.00000
891,445,0,3.06990,0.00000,0.00000,0.02120,0,-1.00000,665574816538,0.00000
892,446,0,1.39360,2.03910,0.23620,0.02600,2560000,-1.00000,665574822036,0.00000
893,446,0,2.98300,0.00000,0.00000,0.02120,0,-1.00000,665574852064,0.00000
894,447,0,1.58870,2.66630,0.29310,0.07010,2560000,-1.00000,665574857757,0.00000
895,447,0,4.19180,0.00000,0.00000,0.03120,0,-1.00000,665574888465,0.00000
896,448,0,0.90490,2.28400,0.25390,0.05490,2560000,-1.00000,665574902399,0.00000
897,448,0,3.54420,0.00000,0.00000,0.02590,0,-1.00000,665574932230,0.00000
898,449,0,0.64470,2.09630,0.24500,0.04460,2560000,-1.00000,665574948118,0.00000
899,449,0,3.21270,0.00000,0.00000,0.02560,0,-1.00000,665574990073,0.00000
900,450,0,1.21530,2.09300,0.22150,0.04420,2560000,-1.00000,665574999085,0.00000
901,450,0,3.26030,0.00000,0.00000,0.03400,0,-1.00000,665575034567,0.00000
902,451,0,1.29500,2.09190,0.26180,0.04180,2560000,-1.00000,665575040972,0.00000
903,451,0,3.22540,0.00000,0.00000,0.02640,0,-1.00000,665575073141,0.00000
904,452,0,1.34400,2.42110,0.27780,0.06490,2560000,-1.00000,665575085263,0.00000
905,452,0,3.77230,0.00000,0.00000,0.02610,0,-1.00000,665575117885,0.00000
906,453,0,0.83820,2.16850,0.25620,0.03010,2560000,-1.00000,665575130812,0.00000
907,453,0,3.14380,0.00000,0.00000,0.02340,0,-1.00000,665575163091,0.00000
908,454,0,1.37220,2.07570,0.23720,0.03680,2560000,-1.00000,665575176515,0.00000
909,454,0,3.07590,0.00000,0.00000,0.02600,0,-1.00000,665575214274,0.00000
910,455,0,3.64330,2.10270,0.31730,0.06120,2560000,-1.00000,665575222604,0.00000
911,455,0,3.44870,0.00000,0.00000,0.03320,0,-1.00000,665575254054,0.00000
912,456,0,0.55330,2.53290,0.33710,0.07100,2560000,-1.00000,665575267774,0.00000
913,456,0,3.92061,0.00000,0.00000,0.02960,0,-1.00000,665575298540,0.00000
914,457,0,0.55120,2.23050,0.27340,0.02990,2560000,-1.00000,665575334982,0.00000
915,457,0,3.27690,0.00000,0.00000,0.02300,0,-1.00000,665575369503,0.00000
916,458,0,0.58250,2.22260,0.34990,0.04590,2560000,-1.00000,665575374978,0.00000
917,458,0,3.53030,0.00000,0.00000,0.03280,0,-1.00000,665575414224,0.00000
918,459,0,0.58280,2.82380,0.24450,0.04380,2560000,-1.00000,665575419692,0.00000
919,459,0,4.03990,0.00000,0.00000,0.02310,0,-1.00000,665575452470,0.00000
920,460,0,0.56300,2.49830,0.27310,0.03990,2560000,-1.00000,665575458283,0.00000
921,460,0,3.57600,0.00000,0.00000,0.02680,0,-1.00000,665575493616,0.00000
922,461,0,0.52460,2.17500,0.23540,0.03550,2560000,-1.00000,665575499417,0.00000
923,461,0,3.15900,0.00000,0.00000,0.02390,0,-1.00000,665575539833,0.00000
924,462,0,0.56290,2.06420,0.29080,0.04340,2560000,-1.00000,665575545438,0.00000
925,462,0,3.28800,0.00000,0.00000,0.10790,0,-1.00000,665575581247,0.00000
926,463,0,0.61600,2.08830,0.20330,0.03290,2560000,-1.00000,665575586453,0.00000
927,463,0,3.03940,0.00000,0.00000,0.02110,0,-1.00000,665575618072,0.00000
928,464,0,0.65090,2.11110,0.22630,0.02400,2560000,-1.00000,665575623669,0.00000
929,464,0,2.98860,0.00000,0.00000,0.01870,0,-1.00000,665575656597,0.00000
930,465,0,0.37270,2.06480,0.26510,0.02010,2560000,-1.00000,665575662713,0.00000
931,465,0,2.91400,0.00000,0.00000,0.01930,0,-1.00000,665575693113,0.00000
932,466,0,2.97980,2.04190,0.31510,0.03880,2560000,-1.00000,665575699608,0.00000
933,466,0,3.03300,0.00000,0.00000,0.02410,0,-1.00000,665575729496,0.00000
934,467,0,1.67830,2.07310,0.24010,0.02670,2560000,-1.00000,665575733221,0.00000
935,467,0,2.94680,0.00000,0.00000,0.02190,0,-1.00000,665575762365,0.00000
936,468,0,1.44540,2.12030,0.30410,0.02360,2560000,-1.00000,665575792158,0.00000
937,468,0,2.98009,0.00000,0.00000,0.02150,0,-1.00000,665575822521,0.00000
938,469,0,1.42280,2.10750,0.24510,0.02590,2560000,-1.00000,665575839283,0.00000
939,469,0,2.91960,0.00000,0.00000,0.02090,0,-1.00000,665575868747,0.00000
940,470,0,4.00740,2.05760,0.24010,0.03690,2560000,-1.00000,665575883198,0.00000
941,470,0,2.99910,0.00000,0.00000,0.02200,0,-1.00000,665575913000,0.00000
942,471,0,1.58860,2.04240,0.22380,0.02730,2560000,-1.00000,665575927228,0.00000
943,471,0,2.88790,0.00000,0.00000,0.02140,0,-1.00000,665575956422,0.00000
944,472,0,1.69190,2.03130,0.25310,0.02300,2560000,-1.00000,665575996497,0.00000
945,472,0,2.81440,0.00000,0.00000,0.01830,0,-1.00000,665576026495,0.00000
946,473,0,1.73410,2.04810,0.24690,0.02540,2560000,-1.00000,665576042375,0.00000
947,473,0,2.97950,0.00000,0.00000,0.01840,0,-1.00000,665576071256,0.00000
948,474,0,1.56890,2.12190,0.22810,0.02500,2560000,-1.00000,665576088171,0.00000
949,474,0,3.05101,0.00000,0.00000,0.02310,0,-1.00000,665576116319,0.00000
950,475,0,2.43850,2.09280,0.21460,0.03570,2560000,-1.00000,665576133654,0.00000
951,475,0,3.07440,0.00000,0.00000,0.01980,0,-1.00000,665576163453,0.00000
952,476,0,2.80170,2.08450,0.20880,0.04080,2560000,-1.00000,665576179140,0.00000
953,476,0,3.08610,0.00000,0.00000,0.02620,0,-1.00000,665576209647,0.00000
954,477,0,1.45830,2.04570,0.21100,0.02360,2560000,-1.00000,665576234043,0.00000
955,477,0,2.88279,0.00000,0.00000,0.02350,0,-1.00000,665576264796,0.00000
956,478,0,1.66220,2.13470,0.31250,0.02570,2560000,-1.00000,665576292812,0.00000
957,478,0,3.05110,0.00000,0.00000,0.02120,0,-1.00000,665576323675,0.00000
958,479,0,3.75890,2.05370,0.23440,0.03550,2560000,-1.00000,665576338237,0.00000
959,479,0,3.01970,0.00000,0.00000,0.01990,0,-1.00000,665576367069,0.00000
960,480,0,0.45240,2.09280,0.22980,0.02510,2560000,-1.00000,665576383691,0.00000
961,480,0,2.93170,0.00000,0.00000,0.01840,0,-1.00000,665576414204,0.00000
962,481,0,0.51901,2.06090,0.21900,0.02310,2560000,-1.00000,665576451802,0.00000
963,481,0,2.84750,0.00000,0.00000,0.02290,0,-1.00000,665576482000,0.00000
964,482,0,1.75890,2.04760,0.29060,0.03740,2560000,-1.00000,665576486506,0.00000
965,482,0,3.12130,0.00000,0.00000,0.02390,0,-1.00000,665576515828,0.00000
966,483,0,1.31960,2.07550,0.23300,0.02460,2560000,-1.00000,665576521020,0.00000
967,483,0,2.96660,0.00000,0.00000,0.02070,0,-1.00000,665576549500,0.00000
968,484,0,1.70070,2.09330,0.27660,0.03970,2560000,-1.00000,665576567073,0.00000
969,484,0,3.14770,0.00000,0.00000,0.01960,0,-1.00000,665576598314,0.00000
970,485,0,1.30030,2.07710,0.30510,0.02360,2560000,-1.00000,665576611494,0.00000
971,485,0,3.02380,0.00000,0.00000,0.01820,0,-1.00000,665576641158,0.00000
972,486,0,1.40890,2.08110,0.20890,0.02600,2560000,-1.00000,665576658165,0.00000
973,486,0,2.96791,0.00000,0.00000,0.01990,0,-1.00000,665576689655,0.00000
974,487,0,1.68379,2.14910,0.30620,0.02200,2560000,-1.00000,665576702649,0.00000
975,487,0,3.07071,0.00000,0.00000,0.02140,0,-1.00000,665576732883,0.00000
976,488,0,1.47350,2.03760,0.24810,0.03740,2560000,-1.00000,665576746969,0.00000
977,488,0,3.03280,0.00000,0.00000,0.01850,0,-1.00000,665576776707,0.00000
978,489,0,1.54520,2.20700,0.26220,0.02700,2560000,-1.00000,665576793490,0.00000
979,489,0,3.12490,0.00000,0.00000,0.02150,0,-1.00000,665576824188,0.00000
980,490,0,1.41520,2.08990,0.23700,0.02740,2560000,-1.00000,665576838932,0.00000
981,490,0,2.94110,0.00000,0.00000,0.02280,0,-1.00000,665576869281,0.00000
982,491,0,1.61420,2.12740,0.33700,0.02940,2560000,-1.00000,665576884706,0.00000
983,491,0,3.26350,0.00000,0.00000,0.02450,0,-1.00000,665576915968,0.00000
984,492,0,1.28580,2.13730,0.34070,0.03540,2560000,-1.00000,665576930107,0.00000
985,492,0,3.37950,0.00000,0.00000,0.02410,0,-1.00000,665576959530,0.00000
986,493,0,1.22000,2.17520,0.27410,0.02530,2560000,-1.00000,665576975675,0.00000
987,493,0,3.18960,0.00000,0.00000,0.02230,0,-1.00000,665577008308,0.00000
988,494,0,1.37480,1.93660,0.23570,0.02420,2560000,-1.00000,665577021160,0.00000
989,494,0,2.81640,0.00000,0.00000,0.01820,0,-1.00000,665577054976,0.00000
990,495,0,1.72770,2.02110,0.28680,0.02320,2560000,-1.00000,665577067155,0.00000
991,495,0,2.96200,0.00000,0.00000,0.02140,0,-1.00000,665577099060,0.00000
992,496,0,1.55980,2.11290,0.21580,0.02430,2560000,-1.00000,665577112794,0.00000
993,496,0,2.96610,0.00000,0.00000,0.02340,0,-1.00000,665577140964,0.00000
994,497,0,1.54600,2.02730,0.36900,0.06410,2560000,-1.00000,665577158238,0.00000
995,497,0,3.38070,0.00000,0.00000,0.02400,0,-1.00000,665577187988,0.00000
996,498,0,0.53720,2.07760,0.21180,0.02120,2560000,-1.00000,665577203460,0.00000
997,498,0,2.95450,0.00000,0.00000,0.02520,0,-1.00000,665577233122,0.00000
998,499,0,0.61410,2.01960,0.20380,0.03110,2560000,-1.00000,665577248579,0.00000
999,499,0,2.95410,0.00000,0.00000,0.02280,0,-1.00000,665577282408,0.00000
1000,500,0,1.04439,2.07360,0.27570,0.04450,2560000,-1.00000,665577287767,0.00000
1001,500,0,3.12360,0.00000,0.00000,0.02390,0,-1.00000,665577317313,0.00000
1002,501,0,1.43580,2.14840,0.22930,0.02400,2560000,-1.00000,665577323446,0.00000
1003,501,0,3.11290,0.00000,0.00000,0.02310,0,-1.00000,665577353005,0.00000
1004,502,0,0.61631,2.56580,0.27570,0.03870,2560000,-1.00000,665577363429,0.00000
1005,502,0,3.52569,0.00000,0.00000,0.02260,0,-1.00000,665577394675,0.00000
1006,503,0,0.54890,2.13490,0.22520,0.02620,2560000,-1.00000,665577409026,0.00000
1007,503,0,2.94460,0.00000,0.00000,0.01670,0,-1.00000,665577440158,0.00000
1008,504,0,0.56790,2.15370,0.29230,0.02460,2560000,-1.00000,665577446311,0.00000
1009,504,0,2.97480,0.00000,0.00000,0.02090,0,-1.00000,665577481587,0.00000
1010,505,0,1.69190,2.12900,0.23970,0.02380,2560000,-1.00000,665577487053,0.00000
1011,505,0,2.90130,0.00000,0.00000,0.02380,0,-1.00000,665577516504,0.00000
1012,506,0,1.56500,2.16970,0.25390,0.03160,2560000,-1.00000,665577522174,0.00000
1013,506,0,3.08310,0.00000,0.00000,0.02350,0,-1.00000,665577551929,0.00000
1014,507,0,1.49660,2.14940,0.24760,0.03040,2560000,-1.00000,665577568854,0.00000
1015,507,0,3.09680,0.00000,0.00000,0.02290,0,-1.00000,665577597862,0.00000
1016,508,0,1.34240,2.67430,0.22540,0.03830,2560000,-1.00000,665577613519,0.00000
1017,508,0,3.60291,0.00000,0.00000,0.02480,0,-1.00000,665577644369,0.00000
1018,509,0,0.51480,2.08360,0.21740,0.02240,2560000,-1.00000,665577659316,0.00000
1019,509,0,2.88270,0.00000,0.00000,0.02280,0,-1.00000,665577690329,0.00000
1020,510,0,2.21070,2.15650,0.23500,0.02280,2560000,-1.00000,665577703708,0.00000
1021,510,0,3.01630,0.00000,0.00000,0.02450,0,-1.00000,665577739744,0.00000
1022,511,0,1.46630,2.16730,0.22820,0.02470,2560000,-1.00000,665577744878,0.00000
1023,511,0,3.23680,0.00000,0.00000,0.02480,0,-1.00000,665577773712,0.00000
1024,512,0,3.73520,2.01260,0.23080,0.03080,2560000,-1.00000,665577795814,0.00000
1025,512,0,2.93780,0.00000,0.00000,0.02240,0,-1.00000,665577825978,0.00000
1026,513,0,3.84581,2.16710,0.33310,0.04530,2560000,-1.00000,665577840693,0.00000
1027,513,0,3.32140,0.00000,0.00000,0.02870,0,-1.00000,665577873039,0.00000
1028,514,0,0.71959,2.11890,0.20770,0.03000,2560000,-1.00000,665577910366,0.00000
1029,514,0,3.03790,0.00000,0.00000,0.02170,0,-1.00000,665577939738,0.00000
1030,515,0,0.51980,2.05660,0.23220,0.02960,2560000,-1.00000,665577978199,0.00000
1031,515,0,3.05320,0.00000,0.00000,0.01910,0,-1.00000,665578011435,0.00000
1032,516,0,0.76679,2.11860,0.31170,0.03970,2560000,-1.00000,665578018602,0.00000
1033,516,0,3.41220,0.00000,0.00000,0.02990,0,-1.00000,665578049006,0.00000
1034,517,0,1.21240,2.21550,0.21410,0.03610,2560000,-1.00000,665578054180,0.00000
1035,517,0,3.24860,0.00000,0.00000,0.02580,0,-1.00000,665578084724,0.00000
1036,518,0,1.27050,2.02420,0.24410,0.03360,2560000,-1.00000,665578092378,0.00000
1037,518,0,3.09170,0.00000,0.00000,0.02160,0,-1.00000,665578126541,0.00000
1038,519,0,1.43390,2.06340,0.24960,0.03580,2560000,-1.00000,665578138634,0.00000
1039,519,0,3.14420,0.00000,0.00000,0.02460,0,-1.00000,665578171275,0.00000
1040,520,0,1.45509,2.11520,0.29030,0.06730,2560000,-1.00000,665578183818,0.00000
1041,520,0,3.63900,0.00000,0.00000,0.02200,0,-1.00000,665578214758,0.00000
1042,521,0,0.91230,2.01960,0.21820,0.03230,2560000,-1.00000,665578229078,0.00000
1043,521,0,3.09890,0.00000,0.00000,0.02210,0,-1.00000,665578260539,0.00000
1044,522,0,1.55310,2.21800,0.22530,0.02770,2560000,-1.00000,665578275063,0.00000
1045,522,0,3.23140,0.00000,0.00000,0.02050,0,-1.00000,665578311497,0.00000
1046,523,0,1.20820,2.24010,0.23630,0.03160,2560000,-1.00000,665578320591,0.00000
1047,523,0,3.33890,0.00000,0.00000,0.02240,0,-1.00000,665578351587,0.00000
1048,524,0,3.49610,2.43720,0.21940,0.04600,2560000,-1.00000,665578367105,0.00000
1049,524,0,3.59870,0.00000,0.00000,0.02620,0,-1.00000,665578399428,0.00000
1050,525,0,3.30460,2.07660,0.22860,0.03490,2560000,-1.00000,665578411501,0.00000
1051,525,0,3.02540,0.00000,0.00000,0.02430,0,-1.00000,665578444902,0.00000
1052,526,0,0.54130,2.11260,0.22490,0.02770,2560000,-1.00000,665578479881,0.00000
1053,526,0,3.09560,0.00000,0.00000,0.02310,0,-1.00000,665578515865,0.00000
1054,527,0,0.65140,1.98840,0.23150,0.02800,2560000,-1.00000,665578548885,0.00000
1055,527,0,2.98080,0.00000,0.00000,0.02490,0,-1.00000,665578579145,0.00000
1056,528,0,1.05470,2.15250,0.25880,0.04640,2560000,-1.00000,665578584541,0.00000
1057,528,0,3.29100,0.00000,0.00000,0.02000,0,-1.00000,665578615521,0.00000
1058,529,0,1.30940,2.12470,0.26380,0.03980,2560000,-1.00000,665578622019,0.00000
1059,529,0,3.39240,0.00000,0.00000,0.02970,0,-1.00000,665578651846,0.00000
1060,530,0,1.18241,2.48610,0.28430,0.04110,2560000,-1.00000,665578662380,0.00000
1061,530,0,3.66830,0.00000,0.00000,0.02590,0,-1.00000,665578695315,0.00000
1062,531,0,0.85390,2.07470,0.22870,0.03130,2560000,-1.00000,665578708379,0.00000
1063,531,0,3.04600,0.00000,0.00000,0.02240,0,-1.00000,665578742332,0.00000
1064,532,0,3.84180,2.14890,0.23480,0.03260,2560000,-1.00000,665578754130,0.00000
1065,532,0,2.95850,0.00000,0.00000,0.02240,0,-1.00000,665578790838,0.00000
1066,533,0,1.58210,2.07160,0.23540,0.04650,2560000,-1.00000,665578799344,0.00000
1067,533,0,3.16500,0.00000,0.00000,0.02480,0,-1.00000,665578829817,0.00000
1068,534,0,1.36590,1.99900,0.26220,0.03810,2560000,-1.00000,665578868235,0.00000
1069,534,0,2.98440,0.00000,0.00000,0.02680,0,-1.00000,665578897818,0.00000
1070,535,0,1.59440,2.07850,0.29210,0.02920,2560000,-1.00000,665578913638,0.00000
1071,535,0,2.98940,0.00000,0.00000,0.01980,0,-1.00000,665578945304,0.00000
1072,536,0,1.57030,2.18510,0.27380,0.02550,2560000,-1.00000,665578958943,0.00000
1073,536,0,3.05180,0.00000,0.00000,0.01900,0,-1.00000,665578988812,0.00000
1074,537,0,1.49170,2.22280,0.22080,0.02420,2560000,-1.00000,665579004730,0.00000
1075,537,0,3.00880,0.00000,0.00000,0.02380,0,-1.00000,665579034623,0.00000
1076,538,0,1.57450,2.18830,0.22600,0.03810,2560000,-1.00000,665579050327,0.00000
1077,538,0,3.12980,0.00000,0.00000,0.02400,0,-1.00000,665579080849,0.00000
1078,539,0,1.45850,2.20160,0.26030,0.03130,2560000,-1.00000,665579095762,0.00000
1079,539,0,3.15250,0.00000,0.00000,0.02340,0,-1.00000,665579125850,0.00000
1080,540,0,1.42060,2.00330,0.24190,0.02510,2560000,-1.00000,665579141596,0.00000
1081,540,0,2.81370,0.00000,0.00000,0.02120,0,-1.00000,665579172916,0.00000
1082,541,0,0.39350,2.01860,0.22440,0.02430,2560000,-1.00000,665579187473,0.00000
1083,541,0,2.77930,0.00000,0.00000,0.02100,0,-1.00000,665579219019,0.00000
1084,542,0,0.82590,1.99910,0.28260,0.02480,2560000,-1.00000,665579233212,0.00000
1085,542,0,2.83430,0.00000,0.00000,0.02450,0,-1.00000,665579261350,0.00000
1086,543,0,0.43730,2.18700,0.25950,0.02970,2560000,-1.00000,665579265278,0.00000
1087,543,0,3.04230,0.00000,0.00000,0.02210,0,-1.00000,665579293077,0.00000
1088,544,0,0.40760,2.21230,0.22320,0.02560,2560000,-1.00000,665579301329,0.00000
1089,544,0,3.01550,0.00000,0.00000,0.02120,0,-1.00000,665579329681,0.00000
1090,545,0,1.70440,1.99630,0.27410,0.02440,2560000,-1.00000,665579334046,0.00000
1091,545,0,2.84830,0.00000,0.00000,0.01790,0,-1.00000,665579364482,0.00000
1092,546,0,1.67850,2.06110,0.23410,0.02490,2560000,-1.00000,665579368543,0.00000
1093,546,0,2.85980,0.00000,0.00000,0.01970,0,-1.00000,665579398707,0.00000
1094,547,0,3.97200,2.15590,0.24760,0.03400,2560000,-1.00000,665579415738,0.00000
1095,547,0,3.33180,0.00000,0.00000,0.02140,0,-1.00000,665579444233,0.00000
1096,548,0,0.44960,2.15990,0.21030,0.03590,2560000,-1.00000,665579461015,0.00000
1097,548,0,3.09010,0.00000,0.00000,0.02540,0,-1.00000,665579489618,0.00000
1098,549,0,0.47690,2.04090,0.30260,0.02660,2560000,-1.00000,665579529331,0.00000
1099,549,0,3.07000,0.00000,0.00000,0.02320,0,-1.00000,665579562658,0.00000
1100,550,0,1.00000,2.17600,0.22420,0.03060,2560000,-1.00000,665579567151,0.00000
1101,550,0,3.01400,0.00000,0.00000,0.02340,0,-1.00000,665579598060,0.00000
1102,551,0,1.54040,2.12570,0.23420,0.02620,2560000,-1.00000,665579602814,0.00000
1103,551,0,2.93220,0.00000,0.00000,0.01910,0,-1.00000,665579633534,0.00000
1104,552,0,1.58570,2.15220,0.22630,0.03590,2560000,-1.00000,665579643524,0.00000
1105,552,0,3.22050,0.00000,0.00000,0.02660,0,-1.00000,665579673667,0.00000
1106,553,0,1.41740,2.15920,0.25690,0.03920,2560000,-1.00000,665579689061,0.00000
1107,553,0,3.04650,0.00000,0.00000,0.01780,0,-1.00000,665579718387,0.00000
1108,554,0,1.45940,2.25240,0.23360,0.02370,2560000,-1.00000,665579734236,0.00000
1109,554,0,3.16940,0.00000,0.00000,0.02060,0,-1.00000,665579766464,0.00000
1110,555,0,1.44290,2.11720,0.23650,0.02620,2560000,-1.00000,665579780615,0.00000
1111,555,0,3.02960,0.00000,0.00000,0.02390,0,-1.00000,665579811083,0.00000
1112,556,0,0.50830,2.13240,0.23140,0.02650,2560000,-1.00000,665579825677,0.00000
1113,556,0,2.96540,0.00000,0.00000,0.02150,0,-1.00000,665579857369,0.00000
1114,557,0,0.45480,2.09360,0.23500,0.02250,2560000,-1.00000,665579871798,0.00000
1115,557,0,2.92410,0.00000,0.00000,0.02070,0,-1.00000,665579902109,0.00000
1116,558,0,1.45730,2.41970,0.27930,0.04930,2560000,-1.00000,665579907312,0.00000
1117,558,0,3.59571,0.00000,0.00000,0.02470,0,-1.00000,665579936835,0.00000
1118,559,0,1.10720,2.14050,0.22740,0.02730,2560000,-1.00000,665579941378,0.00000
1119,559,0,2.99730,0.00000,0.00000,0.02150,0,-1.00000,665579970625,0.00000
1120,560,0,1.55990,2.15140,0.33130,0.02620,2560000,-1.00000,665579985194,0.00000
1121,560,0,3.24629,0.00000,0.00000,0.02300,0,-1.00000,665580021188,0.00000
1122,561,0,1.24121,2.14140,0.24150,0.02360,2560000,-1.00000,665580032231,0.00000
1123,561,0,2.94170,0.00000,0.00000,0.01820,0,-1.00000,665580062204,0.00000
1124,562,0,1.55911,2.22860,0.20800,0.04250,2560000,-1.00000,665580077798,0.00000
1125,562,0,3.30680,0.00000,0.00000,0.02510,0,-1.00000,665580110269,0.00000
1126,563,0,1.30990,2.08960,0.22190,0.02550,2560000,-1.00000,665580122670,0.00000
1127,563,0,3.21280,0.00000,0.00000,0.01780,0,-1.00000,665580152085,0.00000
1128,564,0,1.28050,2.08010,0.20130,0.02010,2560000,-1.00000,665580167680,0.00000
1129,564,0,2.84900,0.00000,0.00000,0.02500,0,-1.00000,665580200775,0.00000
1130,565,0,1.73400,2.11900,0.20630,0.03930,2560000,-1.00000,665580213843,0.00000
1131,565,0,3.08459,0.00000,0.00000,0.02440,0,-1.00000,665580245977,0.00000
1132,566,0,1.55210,2.29290,0.26130,0.04770,2560000,-1.00000,665580258772,0.00000
1133,566,0,3.45510,0.00000,0.00000,0.02450,0,-1.00000,665580287279,0.00000
1134,567,0,1.22090,2.26930,0.20160,0.02690,2560000,-1.00000,665580304614,0.00000
1135,567,0,3.12280,0.00000,0.00000,0.02070,0,-1.00000,665580335475,0.00000
1136,568,0,1.32691,2.31130,0.25480,0.02420,2560000,-1.00000,665580350978,0.00000
1137,568,0,3.25730,0.00000,0.00000,0.02500,0,-1.00000,665580385557,0.00000
1138,569,0,1.41980,2.70700,0.24270,0.02520,2560000,-1.00000,665580397733,0.00000
1139,569,0,3.59200,0.00000,0.00000,0.01660,0,-1.00000,665580428971,0.00000
1140,570,0,0.80490,2.14220,0.20730,0.02460,2560000,-1.00000,665580442230,0.00000
1141,570,0,2.93160,0.00000,0.00000,0.01750,0,-1.00000,665580474810,0.00000
1142,571,0,1.67350,2.19000,0.26550,0.08990,2560000,-1.00000,665580489008,0.00000
1143,571,0,3.20580,0.00000,0.00000,0.02120,0,-1.00000,665580524927,0.00000
1144,572,0,1.36840,2.20860,0.20870,0.03360,2560000,-1.00000,665580532971,0.00000
1145,572,0,3.12550,0.00000,0.00000,0.02820,0,-1.00000,665580562290,0.00000
1146,573,0,1.57810,2.15630,0.33630,0.03160,2560000,-1.00000,665580579019,0.00000
1147,573,0,3.14570,0.00000,0.00000,0.02020,0,-1.00000,665580611111,0.00000
1148,574,0,1.24730,2.29500,0.23410,0.02520,2560000,-1.00000,665580624773,0.00000
1149,574,0,3.09880,0.00000,0.00000,0.01870,0,-1.00000,665580656047,0.00000
1150,575,0,0.39880,2.22490,0.24600,0.02580,2560000,-1.00000,665580671806,0.00000
1151,575,0,3.37760,0.00000,0.00000,0.02970,0,-1.00000,665580703261,0.00000
1152,576,0,2.14460,2.23730,0.24420,0.04180,2560000,-1.00000,665580715736,0.00000
1153,576,0,3.22410,0.00000,0.00000,0.02740,0,-1.00000,665580746718,0.00000
1154,577,0,0.59060,2.15880,0.24630,0.02140,2560000,-1.00000,665580750705,0.00000
1155,577,0,3.00470,0.00000,0.00000,0.02550,0,-1.00000,665580784498,0.00000
1156,578,0,0.47120,2.16200,0.20560,0.02350,2560000,-1.00000,665580805946,0.00000
1157,578,0,3.01860,0.00000,0.00000,0.02220,0,-1.00000,665580838195,0.00000
1158,579,0,3.51760,2.32040,0.24210,0.04430,2560000,-1.00000,665580844073,0.00000
1159,579,0,3.29770,0.00000,0.00000,0.02610,0,-1.00000,665580874130,0.00000
1160,580,0,0.51370,2.26420,0.22260,0.02740,2560000,-1.00000,665580878841,0.00000
1161,580,0,3.04780,0.00000,0.00000,0.01910,0,-1.00000,665580909025,0.00000
1162,581,0,0.45270,2.39820,0.25650,0.03990,2560000,-1.00000,665580944200,0.00000
1163,581,0,3.31480,0.00000,0.00000,0.02050,0,-1.00000,665580977212,0.00000
1164,582,0,0.93080,2.31190,0.29790,0.02480,2560000,-1.00000,665580982316,0.00000
1165,582,0,3.19160,0.00000,0.00000,0.01930,0,-1.00000,665581012793,0.00000
1166,583,0,1.34370,2.29570,0.30410,0.02380,2560000,-1.00000,665581017317,0.00000
1167,583,0,3.15390,0.00000,0.00000,0.02350,0,-1.00000,665581050483,0.00000
1168,584,0,1.39920,2.27590,0.21880,0.02270,2560000,-1.00000,665581059779,0.00000
1169,584,0,3.06020,0.00000,0.00000,0.02100,0,-1.00000,665581091693,0.00000
1170,585,0,1.53600,2.31110,0.24090,0.03700,2560000,-1.00000,665581105135,0.00000
1171,585,0,3.21280,0.00000,0.00000,0.02430,0,-1.00000,665581136670,0.00000
1172,586,0,1.33220,2.44890,0.27540,0.02680,2560000,-1.00000,665581150659,0.00000
1173,586,0,3.26330,0.00000,0.00000,0.01940,0,-1.00000,665581181258,0.00000
1174,587,0,1.35180,2.79860,0.25660,0.03590,2560000,-1.00000,665581196623,0.00000
1175,587,0,3.67950,0.00000,0.00000,0.02380,0,-1.00000,665581228771,0.00000
1176,588,0,0.85500,2.36710,0.32120,0.03130,2560000,-1.00000,665581242070,0.00000
1177,588,0,3.33070,0.00000,0.00000,0.02080,0,-1.00000,665581274708,0.00000
1178,589,0,1.24360,2.96790,0.25710,0.03700,2560000,-1.00000,665581288218,0.00000
1179,589,0,3.93600,0.00000,0.00000,0.02320,0,-1.00000,665581325035,0.00000
1180,590,0,0.64340,2.76710,0.41430,0.05590,2560000,-1.00000,665581333587,0.00000
1181,590,0,4.02610,0.00000,0.00000,0.04040,0,-1.00000,665581366878,0.00000
1182,591,0,0.78720,2.59990,0.24760,0.04520,2560000,-1.00000,665581379301,0.00000
1183,591,0,3.61610,0.00000,0.00000,0.02200,0,-1.00000,665581418683,0.00000
1184,592,0,0.72050,2.34140,0.22380,0.02160,2560000,-1.00000,665581425119,0.00000
1185,592,0,3.11140,0.00000,0.00000,0.02000,0,-1.00000,665581465415,0.00000
1186,593,0,1.47039,2.68220,0.25170,0.04520,2560000,-1.00000,665581473269,0.00000
1187,593,0,3.87120,0.00000,0.00000,0.04650,0,-1.00000,665581509427,0.00000
1188,594,0,0.85110,3.17130,0.26300,0.05620,2560000,-1.00000,665581516607,0.00000
1189,594,0,4.33340,0.00000,0.00000,0.02540,0,-1.00000,665581547719,0.00000
1190,595,0,0.53630,2.72280,0.26650,0.04560,2560000,-1.00000,665581562444,0.00000
1191,595,0,3.79960,0.00000,0.00000,0.02440,0,-1.00000,665581601189,0.00000
1192,596,0,1.27010,2.53060,0.20220,0.02210,2560000,-1.00000,665581609681,0.00000
1193,596,0,3.36210,0.00000,0.00000,0.01820,0,-1.00000,665581653029,0.00000
1194,597,0,0.36680,3.21360,0.25750,0.02430,2560000,-1.00000,665581658380,0.00000
1195,597,0,4.02580,0.00000,0.00000,0.02350,0,-1.00000,665581696366,0.00000
1196,598,0,0.42140,2.99620,0.20820,0.02590,2560000,-1.00000,665581709036,0.00000
1197,598,0,3.76720,0.00000,0.00000,0.01840,0,-1.00000,665581742663,0.00000
1198,599,0,0.37350,3.00340,0.25250,0.03000,2560000,-1.00000,665581746321,0.00000
1199,599,0,3.86200,0.00000,0.00000,0.02120,0,-1.00000,665581786582,0.00000
1200,600,0,0.39390,2.72240,0.33800,0.03260,2560000,-1.00000,665581790785,0.00000
1201,600,0,3.77620,0.00000,0.00000,0.01860,0,-1.00000,665581828474,0.00000
1202,601,0,0.39610,3.01290,0.26810,0.02880,2560000,-1.00000,665581832200,0.00000
1203,601,0,3.82860,0.00000,0.00000,0.01980,0,-1.00000,665581870834,0.00000
1204,602,0,0.37990,2.36800,0.23590,0.02300,2560000,-1.00000,665581874768,0.00000
1205,602,0,3.25440,0.00000,0.00000,0.01920,0,-1.00000,665581912532,0.00000
1206,603,0,0.50400,2.61120,0.22510,0.04060,2560000,-1.00000,665581916484,0.00000
1207,603,0,3.53950,0.00000,0.00000,0.02060,0,-1.00000,665581954773,0.00000
1208,604,0,3.37130,2.63610,0.31020,0.03570,2560000,-1.00000,665581958572,0.00000
1209,604,0,3.64180,0.00000,0.00000,0.02800,0,-1.00000,665581991118,0.00000
1210,605,0,0.97560,2.45390,0.25290,0.02640,2560000,-1.00000,665581996158,0.00000
1211,605,0,3.26300,0.00000,0.00000,0.01820,0,-1.00000,665582031567,0.00000
1212,606,0,1.33070,2.34910,0.22820,0.02870,2560000,-1.00000,665582065272,0.00000
1213,606,0,3.15660,0.00000,0.00000,0.02440,0,-1.00000,665582101696,0.00000
1214,607,0,3.77130,2.39740,0.22200,0.03680,2560000,-1.00000,665582111443,0.00000
1215,607,0,3.34300,0.00000,0.00000,0.02140,0,-1.00000,665582144067,0.00000
1216,608,0,1.09000,2.95720,0.22110,0.03550,2560000,-1.00000,665582157369,0.00000
1217,608,0,3.79809,0.00000,0.00000,0.02050,0,-1.00000,665582188965,0.00000
1218,609,0,0.90320,2.99710,0.24460,0.03550,2560000,-1.00000,665582226654,0.00000
1219,609,0,3.93600,0.00000,0.00000,0.02070,0,-1.00000,665582260106,0.00000
1220,610,0,0.46220,2.40690,0.31610,0.02660,2560000,-1.00000,665582270978,0.00000
1221,610,0,3.23400,0.00000,0.00000,0.02320,0,-1.00000,665582308982,0.00000
1222,611,0,1.26960,2.41490,0.30780,0.02210,2560000,-1.00000,665582318000,0.00000
1223,611,0,3.31480,0.00000,0.00000,0.01850,0,-1.00000,665582357371,0.00000
1224,612,0,1.34400,2.35370,0.29880,0.03260,2560000,-1.00000,665582361976,0.00000
1225,612,0,3.35260,0.00000,0.00000,0.02290,0,-1.00000,665582394315,0.00000
1226,613,0,1.22310,2.37450,0.20760,0.02700,2560000,-1.00000,665582407012,0.00000
1227,613,0,3.24340,0.00000,0.00000,0.02020,0,-1.00000,665582440160,0.00000
1228,614,0,1.36010,2.39030,0.23100,0.02380,2560000,-1.00000,665582453599,0.00000
1229,614,0,3.16290,0.00000,0.00000,0.02020,0,-1.00000,665582487144,0.00000
1230,615,0,1.38330,2.40820,0.31140,0.02190,2560000,-1.00000,665582499367,0.00000
1231,615,0,3.22330,0.00000,0.00000,0.01750,0,-1.00000,665582531797,0.00000
1232,616,0,1.36261,2.37790,0.27130,0.03760,2560000,-1.00000,665582545403,0.00000
1233,616,0,3.43279,0.00000,0.00000,0.02400,0,-1.00000,665582577023,0.00000
1234,617,0,1.21290,2.33860,0.20660,0.02370,2560000,-1.00000,665582590850,0.00000
1235,617,0,3.21260,0.00000,0.00000,0.02040,0,-1.00000,665582623086,0.00000
1236,618,0,3.49040,2.43280,0.24570,0.02280,2560000,-1.00000,665582636720,0.00000
1237,618,0,3.31310,0.00000,0.00000,0.01800,0,-1.00000,665582671061,0.00000
1238,619,0,1.24490,2.27450,0.22760,0.02320,2560000,-1.00000,665582683175,0.00000
1239,619,0,3.07440,0.00000,0.00000,0.01770,0,-1.00000,665582715300,0.00000
1240,620,0,1.53690,2.42990,0.26640,0.04490,2560000,-1.00000,665582750200,0.00000
1241,620,0,3.48760,0.00000,0.00000,0.02800,0,-1.00000,665582783338,0.00000
1242,621,0,1.06020,2.41560,0.22700,0.04170,2560000,-1.00000,665582795776,0.00000
1243,621,0,3.48510,0.00000,0.00000,0.02550,0,-1.00000,665582826524,0.00000
1244,622,0,1.13760,2.36200,0.35960,0.03990,2560000,-1.00000,665582841886,0.00000
1245,622,0,3.56600,0.00000,0.00000,0.02340,0,-1.00000,665582876806,0.00000
1246,623,0,0.99140,2.25890,0.21190,0.02320,2560000,-1.00000,665582887376,0.00000
1247,623,0,3.05820,0.00000,0.00000,0.01860,0,-1.00000,665582922260,0.00000
1248,624,0,1.43900,2.27080,0.31250,0.02680,2560000,-1.00000,665582933602,0.00000
1249,624,0,3.24450,0.00000,0.00000,0.01980,0,-1.00000,665582969290,0.00000
1250,625,0,1.34670,2.37720,0.27140,0.03910,2560000,-1.00000,665582979174,0.00000
1251,625,0,3.42820,0.00000,0.00000,0.02470,0,-1.00000,665583009756,0.00000
1252,626,0,1.21290,2.27750,0.22450,0.02510,2560000,-1.00000,665583024146,0.00000
1253,626,0,3.11150,0.00000,0.00000,0.01920,0,-1.00000,665583056584,0.00000
1254,627,0,1.43880,2.25000,0.31310,0.02020,2560000,-1.00000,665583070062,0.00000
1255,627,0,3.08440,0.00000,0.00000,0.01710,0,-1.00000,665583104377,0.00000
1256,628,0,2.47860,2.24450,0.22860,0.02330,2560000,-1.00000,665583116476,0.00000
1257,628,0,2.99740,0.00000,0.00000,0.01580,0,-1.00000,665583147586,0.00000
1258,629,0,2.58240,2.37040,0.24670,0.02320,2560000,-1.00000,665583161967,0.00000
1259,629,0,3.23590,0.00000,0.00000,0.01820,0,-1.00000,665583192849,0.00000
1260,630,0,0.41521,2.42650,0.24710,0.03480,2560000,-1.00000,665583217597,0.00000
1261,630,0,3.35420,0.00000,0.00000,0.02820,0,-1.00000,665583247574,0.00000
1262,631,0,0.51050,2.48940,0.26420,0.02230,2560000,-1.00000,665583273402,0.00000
1263,631,0,3.39680,0.00000,0.00000,0.01820,0,-1.00000,665583305759,0.00000
1264,632,0,1.79780,2.29500,0.30600,0.02060,2560000,-1.00000,665583309905,0.00000
1265,632,0,3.27140,0.00000,0.00000,0.02410,0,-1.00000,665583343481,0.00000
1266,633,0,0.47440,2.27400,0.21410,0.02370,2560000,-1.00000,665583348559,0.00000
1267,633,0,3.09990,0.00000,0.00000,0.03040,0,-1.00000,665583382533,0.00000
1268,634,0,1.27440,2.22020,0.29520,0.02990,2560000,-1.00000,665583400504,0.00000
1269,634,0,3.31040,0.00000,0.00000,0.02380,0,-1.00000,665583433229,0.00000
1270,635,0,1.35360,2.22390,0.21720,0.02620,2560000,-1.00000,665583438030,0.00000
1271,635,0,3.09180,0.00000,0.00000,0.02540,0,-1.00000,665583468958,0.00000
1272,636,0,0.55490,2.39970,0.20230,0.02390,2560000,-1.00000,665583481699,0.00000
1273,636,0,3.27670,0.00000,0.00000,0.02140,0,-1.00000,665583514820,0.00000
1274,637,0,0.44751,2.29430,0.25540,0.02650,2560000,-1.00000,665583528346,0.00000
1275,637,0,3.27960,0.00000,0.00000,0.02590,0,-1.00000,665583559427,0.00000
1276,638,0,0.71580,2.26740,0.28470,0.02680,2560000,-1.00000,665583564807,0.00000
1277,638,0,3.22781,0.00000,0.00000,0.01830,0,-1.00000,665583597576,0.00000
1278,639,0,1.50730,2.37120,0.20000,0.03550,2560000,-1.00000,665583602047,0.00000
1279,639,0,3.32160,0.00000,0.00000,0.02990,0,-1.00000,665583634878,0.00000
1280,640,0,1.13990,2.28890,0.22400,0.12730,2560000,-1.00000,665583642010,0.00000
1281,640,0,3.19439,0.00000,0.00000,0.02080,0,-1.00000,665583674291,0.00000
1282,641,0,1.52200,2.21150,0.22980,0.02440,2560000,-1.00000,665583689358,0.00000
1283,641,0,3.07060,0.00000,0.00000,0.01850,0,-1.00000,665583722588,0.00000
1284,642,0,1.31010,2.26160,0.23900,0.01840,2560000,-1.00000,665583733974,0.00000
1285,642,0,3.05201,0.00000,0.00000,0.02060,0,-1.00000,665583765922,0.00000
1286,643,0,1.69369,2.32170,0.23300,0.02210,2560000,-1.00000,665583781138,0.00000
1287,643,0,3.11981,0.00000,0.00000,0.01670,0,-1.00000,665583811844,0.00000
1288,644,0,3.58810,2.24800,0.21840,0.03350,2560000,-1.00000,665583824939,0.00000
1289,644,0,3.12140,0.00000,0.00000,0.01910,0,-1.00000,665583855467,0.00000
1290,645,0,1.48360,2.49600,0.22420,0.03950,2560000,-1.00000,665583872408,0.00000
1291,645,0,3.44560,0.00000,0.00000,0.01920,0,-1.00000,665583903641,0.00000
1292,646,0,1.12370,2.39520,0.23590,0.02630,2560000,-1.00000,665583939488,0.00000
1293,646,0,3.24030,0.00000,0.00000,0.01800,0,-1.00000,665583970696,0.00000
1294,647,0,2.10980,2.22450,0.23520,0.02090,2560000,-1.00000,665583985528,0.00000
1295,647,0,3.02770,0.00000,0.00000,0.01690,0,-1.00000,665584020000,0.00000
1296,648,0,1.72389,2.28600,0.31250,0.01880,2560000,-1.00000,665584031232,0.00000
1297,648,0,3.15330,0.00000,0.00000,0.01620,0,-1.00000,665584063627,0.00000
1298,649,0,1.39700,2.25430,0.30760,0.03230,2560000,-1.00000,665584084725,0.00000
1299,649,0,3.38740,0.00000,0.00000,0.01830,0,-1.00000,665584114998,0.00000
1300,650,0,0.42910,2.21590,0.24680,0.02290,2560000,-1.00000,665584132246,0.00000
1301,650,0,3.02350,0.00000,0.00000,0.02130,0,-1.00000,665584163769,0.00000
1302,651,0,0.43760,2.39460,0.30700,0.02050,2560000,-1.00000,665584177756,0.00000
1303,651,0,3.28160,0.00000,0.00000,0.02080,0,-1.00000,665584211622,0.00000
1304,652,0,0.43350,2.32430,0.21000,0.03370,2560000,-1.00000,665584215904,0.00000
1305,652,0,3.36750,0.00000,0.00000,0.02240,0,-1.00000,665584246147,0.00000
1306,653,0,0.80350,2.22670,0.20630,0.02230,2560000,-1.00000,665584250520,0.00000
1307,653,0,3.00530,0.00000,0.00000,0.01930,0,-1.00000,665584283333,0.00000
1308,654,0,1.46660,2.27690,0.24080,0.02300,2560000,-1.00000,665584287669,0.00000
1309,654,0,3.08099,0.00000,0.00000,0.02100,0,-1.00000,665584321364,0.00000
1310,655,0,1.59830,2.25830,0.27880,0.02140,2560000,-1.00000,665584329512,0.00000
1311,655,0,3.13931,0.00000,0.00000,0.01720,0,-1.00000,665584359441,0.00000
1312,656,0,1.31869,2.21650,0.21470,0.02290,2560000,-1.00000,665584374106,0.00000
1313,656,0,3.01960,0.00000,0.00000,0.02160,0,-1.00000,665584404904,0.00000
1314,657,0,1.63600,2.38400,0.22720,0.02600,2560000,-1.00000,665584420898,0.00000
1315,657,0,3.22760,0.00000,0.00000,0.01820,0,-1.00000,665584452285,0.00000
1316,658,0,1.21319,2.37420,0.20020,0.02100,2560000,-1.00000,665584465471,0.00000
1317,658,0,3.13130,0.00000,0.00000,0.02020,0,-1.00000,665584495670,0.00000
1318,659,0,1.53270,2.19340,0.21350,0.02150,2560000,-1.00000,665584512028,0.00000
1319,659,0,3.01870,0.00000,0.00000,0.01700,0,-1.00000,665584544309,0.00000
1320,660,0,1.43120,2.27580,0.28090,0.03900,2560000,-1.00000,665584556438,0.00000
1321,660,0,3.21750,0.00000,0.00000,0.02180,0,-1.00000,665584587754,0.00000
1322,661,0,1.48199,2.23000,0.20310,0.02490,2560000,-1.00000,665584603074,0.00000
1323,661,0,3.01940,0.00000,0.00000,0.01800,0,-1.00000,665584633263,0.00000
1324,662,0,1.46280,2.19450,0.22420,0.02370,2560000,-1.00000,665584647568,0.00000
1325,662,0,2.96271,0.00000,0.00000,0.01850,0,-1.00000,665584679779,0.00000
1326,663,0,1.56849,2.18150,0.23360,0.02560,2560000,-1.00000,665584694574,0.00000
1327,663,0,3.09240,0.00000,0.00000,0.01960,0,-1.00000,665584724763,0.00000
1328,664,0,1.44940,2.23660,0.22710,0.02870,2560000,-1.00000,665584739394,0.00000
1329,664,0,3.13480,0.00000,0.00000,0.02320,0,-1.00000,665584769021,0.00000
1330,665,0,1.45690,2.18220,0.22320,0.02270,2560000,-1.00000,665584784703,0.00000
1331,665,0,3.23400,0.00000,0.00000,0.01710,0,-1.00000,665584815618,0.00000
1332,666,0,1.36710,2.18480,0.21500,0.02350,2560000,-1.00000,665584830121,0.00000
1333,666,0,3.03600,0.00000,0.00000,0.01790,0,-1.00000,665584861484,0.00000
1334,667,0,1.52820,2.41650,0.23340,0.04330,2560000,-1.00000,665584876036,0.00000
1335,667,0,3.44510,0.00000,0.00000,0.02450,0,-1.00000,665584908381,0.00000
1336,668,0,1.07399,2.23840,0.29570,0.02370,2560000,-1.00000,665584922053,0.00000
1337,668,0,3.22781,0.00000,0.00000,0.01810,0,-1.00000,665584952411,0.00000
1338,669,0,3.63549,2.20700,0.22320,0.02940,2560000,-1.00000,665584967696,0.00000
1339,669,0,3.01670,0.00000,0.00000,0.02110,0,-1.00000,665585002155,0.00000
1340,670,0,0.46010,2.31840,0.29390,0.03030,2560000,-1.00000,665585012887,0.00000
1341,670,0,3.43620,0.00000,0.00000,0.02270,0,-1.00000,665585045168,0.00000
1342,671,0,0.41120,2.33080,0.26640,0.05950,2560000,-1.00000,665585081519,0.00000
1343,671,0,3.44381,0.00000,0.00000,0.02690,0,-1.00000,665585111684,0.00000
1344,672,0,0.54780,2.29530,0.19760,0.02820,2560000,-1.00000,665585116278,0.00000
1345,672,0,3.26650,0.00000,0.00000,0.02190,0,-1.00000,665585150660,0.00000
1346,673,0,3.56360,2.20770,0.23170,0.02380,2560000,-1.00000,665585154765,0.00000
1347,673,0,3.06880,0.00000,0.00000,0.01720,0,-1.00000,665585189234,0.00000
1348,674,0,0.37160,2.38200,0.28710,0.03280,2560000,-1.00000,665585194676,0.00000
1349,674,0,3.40090,0.00000,0.00000,0.02670,0,-1.00000,665585227350,0.00000
1350,675,0,0.49930,2.45690,0.19780,0.02920,2560000,-1.00000,665585263185,0.00000
1351,675,0,3.36550,0.00000,0.00000,0.02240,0,-1.00000,665585293661,0.00000
1352,676,0,0.61150,2.23340,0.23270,0.02130,2560000,-1.00000,665585297376,0.00000
1353,676,0,3.11419,0.00000,0.00000,0.01820,0,-1.00000,665585331424,0.00000
1354,677,0,0.38591,2.37630,0.25690,0.02280,2560000,-1.00000,665585336388,0.00000
1355,677,0,3.23000,0.00000,0.00000,0.01720,0,-1.00000,665585370057,0.00000
1356,678,0,0.38110,2.37210,0.28730,0.03080,2560000,-1.00000,665585376145,0.00000
1357,678,0,3.28900,0.00000,0.00000,0.01980,0,-1.00000,665585407292,0.00000
1358,679,0,1.15340,2.34180,0.25820,0.02360,2560000,-1.00000,665585411148,0.00000
1359,679,0,3.19230,0.00000,0.00000,0.01820,0,-1.00000,665585443458,0.00000
1360,680,0,1.40320,2.31710,0.25770,0.02020,2560000,-1.00000,665585447299,0.00000
1361,680,0,3.11280,0.00000,0.00000,0.02230,0,-1.00000,665585480164,0.00000
1362,681,0,1.42880,2.16220,0.22820,0.02350,2560000,-1.00000,665585491696,0.00000
1363,681,0,2.94970,0.00000,0.00000,0.02000,0,-1.00000,665585523608,0.00000
1364,682,0,1.56050,2.31310,0.20840,0.03800,2560000,-1.00000,665585537650,0.00000
1365,682,0,3.28450,0.00000,0.00000,0.02710,0,-1.00000,665585568774,0.00000
1366,683,0,2.23810,2.38050,0.21350,0.02300,2560000,-1.00000,665585583056,0.00000
1367,683,0,3.26360,0.00000,0.00000,0.01970,0,-1.00000,665585612557,0.00000
1368,684,0,1.29230,2.20190,0.19950,0.02110,2560000,-1.00000,665585628203,0.00000
1369,684,0,3.05911,0.00000,0.00000,0.01760,0,-1.00000,665585661021,0.00000
1370,685,0,2.79820,2.22950,0.24120,0.02650,2560000,-1.00000,665585683387,0.00000
1371,685,0,3.03199,0.00000,0.00000,0.02070,0,-1.00000,665585716023,0.00000
1372,686,0,0.42000,2.33570,0.26890,0.02370,2560000,-1.00000,665585728955,0.00000
1373,686,0,3.15570,0.00000,0.00000,0.01820,0,-1.00000,665585759538,0.00000
1374,687,0,0.50270,2.17600,0.23840,0.02290,2560000,-1.00000,665585787521,0.00000
1375,687,0,2.97340,0.00000,0.00000,0.01740,0,-1.00000,665585817840,0.00000
1376,688,0,1.27151,2.15120,0.24620,0.02420,2560000,-1.00000,665585822034,0.00000
1377,688,0,3.09009,0.00000,0.00000,0.02040,0,-1.00000,665585853592,0.00000
1378,689,0,1.49360,2.21580,0.22400,0.03170,2560000,-1.00000,665585858619,0.00000
1379,689,0,3.23810,0.00000,0.00000,0.02200,0,-1.00000,665585888359,0.00000
1380,690,0,1.23210,2.24470,0.19820,0.02910,2560000,-1.00000,665585901067,0.00000
1381,690,0,3.11810,0.00000,0.00000,0.01910,0,-1.00000,665585931976,0.00000
1382,691,0,1.44230,2.30730,0.23240,0.02520,2560000,-1.00000,665585946926,0.00000
1383,691,0,3.11229,0.00000,0.00000,0.01700,0,-1.00000,665585979302,0.00000
1384,692,0,1.51170,2.31260,0.21800,0.02630,2560000,-1.00000,665585991608,0.00000
1385,692,0,3.06230,0.00000,0.00000,0.01900,0,-1.00000,665586022794,0.00000
1386,693,0,1.42700,2.38900,0.29790,0.02150,2560000,-1.00000,665586037219,0.00000
1387,693,0,3.21670,0.00000,0.00000,0.02180,0,-1.00000,665586068336,0.00000
1388,694,0,1.32420,2.41320,0.22910,0.02390,2560000,-1.00000,665586083452,0.00000
1389,694,0,3.16320,0.00000,0.00000,0.02140,0,-1.00000,665586114081,0.00000
1390,695,0,1.35880,2.21410,0.20740,0.02350,2560000,-1.00000,665586128362,0.00000
1391,695,0,2.99760,0.00000,0.00000,0.01730,0,-1.00000,665586160508,0.00000
1392,696,0,1.56230,2.13990,0.23300,0.02480,2560000,-1.00000,665586173754,0.00000
1393,696,0,3.02450,0.00000,0.00000,0.02250,0,-1.00000,665586205386,0.00000
1394,697,0,1.53870,2.34170,0.21690,0.02930,2560000,-1.00000,665586218974,0.00000
1395,697,0,3.22990,0.00000,0.00000,0.01930,0,-1.00000,665586248956,0.00000
1396,698,0,1.25500,2.14450,0.23490,0.02280,2560000,-1.00000,665586264579,0.00000
1397,698,0,2.94910,0.00000,0.00000,0.01760,0,-1.00000,665586294829,0.00000
1398,699,0,1.58970,2.22320,0.21300,0.02720,2560000,-1.00000,665586310210,0.00000
1399,699,0,3.04250,0.00000,0.00000,0.01840,0,-1.00000,665586342509,0.00000
1400,700,0,1.56280,2.17150,0.20080,0.02020,2560000,-1.00000,665586355054,0.00000
1401,700,0,2.97560,0.00000,0.00000,0.01800,0,-1.00000,665586384546,0.00000
1402,701,0,2.50260,2.15570,0.23380,0.01870,2560000,-1.00000,665586400443,0.00000
1403,701,0,2.99700,0.00000,0.00000,0.01900,0,-1.00000,665586430872,0.00000
1404,702,0,0.57151,2.28300,0.24540,0.02340,2560000,-1.00000,665586446500,0.00000
1405,702,0,3.14709,0.00000,0.00000,0.01690,0,-1.00000,665586476257,0.00000
1406,703,0,3.58890,2.20910,0.23600,0.02280,2560000,-1.00000,665586501281,0.00000
1407,703,0,3.02120,0.00000,0.00000,0.01710,0,-1.00000,665586531252,0.00000
1408,704,0,0.39780,2.20570,0.29740,0.03370,2560000,-1.00000,665586536956,0.00000
1409,704,0,3.21110,0.00000,0.00000,0.02620,0,-1.00000,665586568435,0.00000
1410,705,0,0.53130,2.33170,0.29500,0.04010,2560000,-1.00000,665586604322,0.00000
1411,705,0,3.31530,0.00000,0.00000,0.03120,0,-1.00000,665586634532,0.00000
1412,706,0,0.92410,2.15210,0.21180,0.02400,2560000,-1.00000,665586638506,0.00000
1413,706,0,2.97270,0.00000,0.00000,0.02440,0,-1.00000,665586670639,0.00000
1414,707,0,1.52900,2.11840,0.32010,0.02390,2560000,-1.00000,665586675936,0.00000
1415,707,0,3.00910,0.00000,0.00000,0.01850,0,-1.00000,665586709099,0.00000
1416,708,0,1.59840,2.12890,0.26600,0.02760,2560000,-1.00000,665586718337,0.00000
1417,708,0,2.95130,0.00000,0.00000,0.01890,0,-1.00000,665586748065,0.00000
1418,709,0,1.57929,2.21350,0.27650,0.02380,2560000,-1.00000,665586763344,0.00000
1419,709,0,3.30060,0.00000,0.00000,0.01940,0,-1.00000,665586793437,0.00000
1420,710,0,1.22300,2.17240,0.22790,0.02150,2560000,-1.00000,665586809435,0.00000
1421,710,0,2.96400,0.00000,0.00000,0.02090,0,-1.00000,665586838937,0.00000
1422,711,0,1.53750,2.17250,0.25240,0.03250,2560000,-1.00000,665586854731,0.00000
1423,711,0,3.08430,0.00000,0.00000,0.01860,0,-1.00000,665586887738,0.00000
1424,712,0,1.48850,2.37380,0.20540,0.02750,2560000,-1.00000,665586899966,0.00000
1425,712,0,3.20350,0.00000,0.00000,0.02240,0,-1.00000,665586929701,0.00000
1426,713,0,1.33270,2.16270,0.26030,0.02030,2560000,-1.00000,665586944986,0.00000
1427,713,0,3.04070,0.00000,0.00000,0.02100,0,-1.00000,665586975838,0.00000
1428,714,0,1.55600,2.16250,0.22610,0.02520,2560000,-1.00000,665586990714,0.00000
1429,714,0,2.94110,0.00000,0.00000,0.01910,0,-1.00000,665587022752,0.00000
1430,715,0,1.52300,2.23520,0.21790,0.02270,2560000,-1.00000,665587036066,0.00000
1431,715,0,3.07330,0.00000,0.00000,0.01880,0,-1.00000,665587066476,0.00000
1432,716,0,1.46470,2.16520,0.25300,0.02580,2560000,-1.00000,665587082039,0.00000
1433,716,0,3.11410,0.00000,0.00000,0.01760,0,-1.00000,665587111449,0.00000
1434,717,0,2.35640,2.26290,0.22630,0.02410,2560000,-1.00000,665587126674,0.00000
1435,717,0,3.11980,0.00000,0.00000,0.01990,0,-1.00000,665587157407,0.00000
1436,718,0,0.48980,2.20520,0.29770,0.01970,2560000,-1.00000,665587172058,0.00000
1437,718,0,3.05990,0.00000,0.00000,0.01690,0,-1.00000,665587203200,0.00000
1438,719,0,2.53770,2.36830,0.23260,0.03900,2560000,-1.00000,665587226757,0.00000
1439,719,0,3.39240,0.00000,0.00000,0.02470,0,-1.00000,665587257965,0.00000
1440,720,0,0.52380,2.15310,0.21840,0.02560,2560000,-1.00000,665587262855,0.00000
1441,720,0,3.00790,0.00000,0.00000,0.01730,0,-1.00000,665587293455,0.00000
1442,721,0,1.17020,2.16220,0.22880,0.02310,2560000,-1.00000,665587318833,0.00000
1443,721,0,2.99350,0.00000,0.00000,0.01790,0,-1.00000,665587352784,0.00000
1444,722,0,3.77910,2.23220,0.22650,0.02300,2560000,-1.00000,665587358000,0.00000
1445,722,0,3.04210,0.00000,0.00000,0.02350,0,-1.00000,665587388078,0.00000
1446,723,0,1.61110,2.17900,0.20510,0.02090,2560000,-1.00000,665587399780,0.00000
1447,723,0,2.97450,0.00000,0.00000,0.01780,0,-1.00000,665587429713,0.00000
1448,724,0,1.42520,2.20080,0.24000,0.02620,2560000,-1.00000,665587467502,0.00000
1449,724,0,3.12490,0.00000,0.00000,0.01880,0,-1.00000,665587497933,0.00000
1450,725,0,1.56120,2.14790,0.27800,0.02830,2560000,-1.00000,665587514035,0.00000
1451,725,0,3.28180,0.00000,0.00000,0.02140,0,-1.00000,665587543782,0.00000
1452,726,0,1.11670,2.20150,0.19890,0.02600,2560000,-1.00000,665587558027,0.00000
1453,726,0,2.98810,0.00000,0.00000,0.02360,0,-1.00000,665587589283,0.00000
1454,727,0,1.73260,2.13610,0.22980,0.02070,2560000,-1.00000,665587604889,0.00000
1455,727,0,2.99450,0.00000,0.00000,0.01730,0,-1.00000,665587637741,0.00000
1456,728,0,1.39600,2.04530,0.20180,0.02310,2560000,-1.00000,665587648885,0.00000
1457,728,0,2.93440,0.00000,0.00000,0.01820,0,-1.00000,665587678760,0.00000
1458,729,0,3.90580,2.01020,0.22990,0.02850,2560000,-1.00000,665587696081,0.00000
1459,729,0,2.83160,0.00000,0.00000,0.02140,0,-1.00000,665587726029,0.00000
1460,730,0,0.43260,2.22560,0.23120,0.02410,2560000,-1.00000,665587739987,0.00000
1461,730,0,3.05810,0.00000,0.00000,0.01880,0,-1.00000,665587769343,0.00000
1462,731,0,0.48170,2.13390,0.22440,0.02150,2560000,-1.00000,665587808396,0.00000
1463,731,0,2.92020,0.00000,0.00000,0.01900,0,-1.00000,665587836713,0.00000
1464,732,0,3.94520,2.22640,0.20610,0.02340,2560000,-1.00000,665587841027,0.00000
1465,732,0,3.07350,0.00000,0.00000,0.01860,0,-1.00000,665587871625,0.00000
1466,733,0,1.43440,2.11070,0.23190,0.03390,2560000,-1.00000,665587876434,0.00000
1467,733,0,3.06780,0.00000,0.00000,0.02000,0,-1.00000,665587905640,0.00000
1468,734,0,2.41640,2.14280,0.21480,0.02680,2560000,-1.00000,665587945088,0.00000
1469,734,0,3.08199,0.00000,0.00000,0.01890,0,-1.00000,665587975838,0.00000
1470,735,0,0.48210,2.12840,0.27380,0.02490,2560000,-1.00000,665587990168,0.00000
1471,735,0,3.27390,0.00000,0.00000,0.01920,0,-1.00000,665588020856,0.00000
1472,736,0,3.62010,2.20210,0.19830,0.02460,2560000,-1.00000,665588045011,0.00000
1473,736,0,2.95180,0.00000,0.00000,0.02020,0,-1.00000,665588075849,0.00000
1474,737,0,3.86049,2.17740,0.18810,0.02150,2560000,-1.00000,665588080643,0.00000
1475,737,0,2.94440,0.00000,0.00000,0.01830,0,-1.00000,665588113395,0.00000
1476,738,0,0.45260,2.20310,0.23510,0.02720,2560000,-1.00000,665588149591,0.00000
1477,738,0,3.05170,0.00000,0.00000,0.01910,0,-1.00000,665588179120,0.00000
1478,739,0,0.52300,2.22310,0.42640,0.04170,2560000,-1.00000,665588217712,0.00000
1479,739,0,3.41040,0.00000,0.00000,0.02330,0,-1.00000,665588247162,0.00000
1480,740,0,1.10330,2.03280,0.21360,0.02370,2560000,-1.00000,665588251685,0.00000
1481,740,0,2.80470,0.00000,0.00000,0.02310,0,-1.00000,665588282208,0.00000
1482,741,0,1.59311,2.00260,0.20190,0.02330,2560000,-1.00000,665588287433,0.00000
1483,741,0,2.73700,0.00000,0.00000,0.02200,0,-1.00000,665588321556,0.00000
1484,742,0,1.89610,2.23450,0.23010,0.02300,2560000,-1.00000,665588332568,0.00000
1485,742,0,3.04400,0.00000,0.00000,0.02130,0,-1.00000,665588360622,0.00000
1486,743,0,1.36650,2.10950,0.21390,0.02140,2560000,-1.00000,665588376543,0.00000
1487,743,0,2.90021,0.00000,0.00000,0.02140,0,-1.00000,665588403921,0.00000
1488,744,0,1.75240,2.19180,0.22340,0.02290,2560000,-1.00000,665588422875,0.00000
1489,744,0,2.95170,0.00000,0.00000,0.01700,0,-1.00000,665588453322,0.00000
1490,745,0,1.43771,2.14270,0.22840,0.02530,2560000,-1.00000,665588466977,0.00000
1491,745,0,2.96570,0.00000,0.00000,0.01840,0,-1.00000,665588495985,0.00000
1492,746,0,1.73840,2.14980,0.23440,0.02200,2560000,-1.00000,665588513500,0.00000
1493,746,0,2.91080,0.00000,0.00000,0.02040,0,-1.00000,665588543026,0.00000
1494,747,0,1.51100,2.10310,0.26500,0.03520,2560000,-1.00000,665588557398,0.00000
1495,747,0,3.07610,0.00000,0.00000,0.01880,0,-1.00000,665588587059,0.00000
1496,748,0,1.51010,2.13820,0.23720,0.02440,2560000,-1.00000,665588604443,0.00000
1497,748,0,2.92480,0.00000,0.00000,0.01840,0,-1.00000,665588633552,0.00000
1498,749,0,1.57580,2.14990,0.27390,0.02140,2560000,-1.00000,665588648661,0.00000
1499,749,0,2.97970,0.00000,0.00000,0.04740,0,-1.00000,665588679440,0.00000
1500,750,0,1.58650,2.21310,0.23730,0.02210,2560000,-1.00000,665588694524,0.00000
1501,750,0,2.93280,0.00000,0.00000,0.01810,0,-1.00000,665588723782,0.00000
1502,751,0,1.55779,1.98560,0.22560,0.02250,2560000,-1.00000,665588739527,0.00000
1503,751,0,2.85420,0.00000,0.00000,0.01880,0,-1.00000,665588769330,0.00000
1504,752,0,1.68300,2.18360,0.20980,0.02370,2560000,-1.00000,665588785190,0.00000
1505,752,0,3.12340,0.00000,0.00000,0.01880,0,-1.00000,665588814516,0.00000
1506,753,0,1.31470,2.19620,0.24680,0.02330,2560000,-1.00000,665588830089,0.00000
1507,753,0,3.05360,0.00000,0.00000,0.01930,0,-1.00000,665588858646,0.00000
1508,754,0,0.45500,2.09440,0.23500,0.04800,2560000,-1.00000,665588875465,0.00000
1509,754,0,3.03320,0.00000,0.00000,0.02340,0,-1.00000,665588906703,0.00000
1510,755,0,0.44900,2.09020,0.25160,0.02120,2560000,-1.00000,665588919842,0.00000
1511,755,0,2.90510,0.00000,0.00000,0.02180,0,-1.00000,665588950380,0.00000
1512,756,0,1.71760,2.21520,0.24910,0.02330,2560000,-1.00000,665588954930,0.00000
1513,756,0,2.97970,0.00000,0.00000,0.01700,0,-1.00000,665588985285,0.00000
1514,757,0,1.44800,2.21410,0.20880,0.02340,2560000,-1.00000,665588989752,0.00000
1515,757,0,3.06760,0.00000,0.00000,0.02110,0,-1.00000,665589018813,0.00000
1516,758,0,1.48090,2.05300,0.25520,0.03380,2560000,-1.00000,665589036040,0.00000
1517,758,0,2.93350,0.00000,0.00000,0.01860,0,-1.00000,665589065782,0.00000
1518,759,0,1.63130,2.21340,0.24600,0.02930,2560000,-1.00000,665589080260,0.00000
1519,759,0,3.07479,0.00000,0.00000,0.01960,0,-1.00000,665589110938,0.00000
1520,760,0,1.46001,2.15540,0.23770,0.01950,2560000,-1.00000,665589125742,0.00000
1521,760,0,3.02040,0.00000,0.00000,0.01800,0,-1.00000,665589155086,0.00000
1522,761,0,1.45360,2.12130,0.23190,0.02210,2560000,-1.00000,665589171392,0.00000
1523,761,0,2.98420,0.00000,0.00000,0.01890,0,-1.00000,665589202148,0.00000
1524,762,0,3.96750,2.17200,0.20440,0.03920,2560000,-1.00000,665589216737,0.00000
1525,762,0,3.04230,0.00000,0.00000,0.02440,0,-1.00000,665589246942,0.00000
1526,763,0,1.35330,2.16770,0.20890,0.02220,2560000,-1.00000,665589261481,0.00000
1527,763,0,3.16980,0.00000,0.00000,0.02340,0,-1.00000,665589291328,0.00000
1528,764,0,0.42520,2.07550,0.22790,0.01990,2560000,-1.00000,665589331031,0.00000
1529,764,0,3.03070,0.00000,0.00000,0.02160,0,-1.00000,665589361433,0.00000
1530,765,0,0.46770,2.15240,0.20380,0.02230,2560000,-1.00000,665589374956,0.00000
1531,765,0,3.04130,0.00000,0.00000,0.01850,0,-1.00000,665589406665,0.00000
1532,766,0,3.50480,2.19220,0.19190,0.02450,2560000,-1.00000,665589410898,0.00000
1533,766,0,2.93140,0.00000,0.00000,0.02290,0,-1.00000,665589441218,0.00000
1534,767,0,1.57970,1.99600,0.21610,0.02450,2560000,-1.00000,665589445888,0.00000
1535,767,0,2.83490,0.00000,0.00000,0.01820,0,-1.00000,665589476306,0.00000
1536,768,0,0.47110,2.02050,0.23680,0.02230,2560000,-1.00000,665589511349,0.00000
1537,768,0,2.79870,0.00000,0.00000,0.01490,0,-1.00000,665589540669,0.00000
1538,769,0,0.75960,2.05800,0.21890,0.03520,2560000,-1.00000,665589556461,0.00000
1539,769,0,3.12600,0.00000,0.00000,0.02320,0,-1.00000,665589584817,0.00000
1540,770,0,1.44100,2.00360,0.22150,0.02460,2560000,-1.00000,665589589520,0.00000
1541,770,0,2.80320,0.00000,0.00000,0.01910,0,-1.00000,665589617501,0.00000
1542,771,0,3.97500,2.02040,0.24740,0.02680,2560000,-1.00000,665589625109,0.00000
1543,771,0,2.93180,0.00000,0.00000,0.01900,0,-1.00000,665589656388,0.00000
1544,772,0,0.47920,2.08210,0.21570,0.02410,2560000,-1.00000,665589670774,0.00000
1545,772,0,3.02660,0.00000,0.00000,0.02250,0,-1.00000,665589698808,0.00000
1546,773,0,4.82460,2.16290,0.21170,0.02480,2560000,-1.00000,665589738555,0.00000
1547,773,0,2.99740,0.00000,0.00000,0.01900,0,-1.00000,665589767884,0.00000
1548,774,0,0.46250,1.94730,0.21390,0.01940,2560000,-1.00000,665589772667,0.00000
1549,774,0,2.76840,0.00000,0.00000,0.01860,0,-1.00000,665589802939,0.00000
1550,775,0,2.93370,2.03920,0.20500,0.02340,2560000,-1.00000,665589851177,0.00000
1551,775,0,2.86660,0.00000,0.00000,0.01850,0,-1.00000,665589881161,0.00000
1552,776,0,0.47029,2.20500,0.23040,0.03350,2560000,-1.00000,665589885777,0.00000
1553,776,0,3.21940,0.00000,0.00000,0.02120,0,-1.00000,665589913463,0.00000
1554,777,0,4.88680,1.95260,0.19880,0.02750,2560000,-1.00000,665589942799,0.00000
1555,777,0,2.82600,0.00000,0.00000,0.02190,0,-1.00000,665589971471,0.00000
1556,778,0,0.48411,2.02110,0.23870,0.02250,2560000,-1.00000,665589976166,0.00000
1557,778,0,2.95609,0.00000,0.00000,0.02140,0,-1.00000,665590008387,0.00000
1558,779,0,0.40770,2.24660,0.22160,0.02750,2560000,-1.00000,665590057233,0.00000
1559,779,0,3.13770,0.00000,0.00000,0.02120,0,-1.00000,665590085511,0.00000
1560,780,0,1.35180,2.06040,0.23170,0.02650,2560000,-1.00000,665590090330,0.00000
1561,780,0,2.80500,0.00000,0.00000,0.02130,0,-1.00000,665590119894,0.00000
1562,781,0,1.77390,2.02960,0.23690,0.02430,2560000,-1.00000,665590123969,0.00000
1563,781,0,2.80830,0.00000,0.00000,0.02120,0,-1.00000,665590155356,0.00000
1564,782,0,1.70260,2.20620,0.27830,0.02100,2560000,-1.00000,665590168864,0.00000
1565,782,0,3.07440,0.00000,0.00000,0.02520,0,-1.00000,665590196917,0.00000
1566,783,0,1.48650,2.01620,0.20370,0.03430,2560000,-1.00000,665590214653,0.00000
1567,783,0,2.95550,0.00000,0.00000,0.02180,0,-1.00000,665590242742,0.00000
1568,784,0,1.58840,1.94660,0.22390,0.02370,2560000,-1.00000,665590259759,0.00000
1569,784,0,2.71800,0.00000,0.00000,0.02330,0,-1.00000,665590290501,0.00000
1570,785,0,1.83280,2.05900,0.23850,0.02500,2560000,-1.00000,665590305375,0.00000
1571,785,0,2.83250,0.00000,0.00000,0.02420,0,-1.00000,665590334940,0.00000
1572,786,0,3.90670,1.96100,0.21550,0.02620,2560000,-1.00000,665590350807,0.00000
1573,786,0,2.85150,0.00000,0.00000,0.01990,0,-1.00000,665590377996,0.00000
1574,787,0,4.01870,1.94340,0.22930,0.02350,2560000,-1.00000,665590396318,0.00000
1575,787,0,2.66970,0.00000,0.00000,0.01710,0,-1.00000,665590424644,0.00000
1576,788,0,0.43030,2.12050,0.23760,0.02030,2560000,-1.00000,665590463711,0.00000
1577,788,0,2.92029,0.00000,0.00000,0.01850,0,-1.00000,665590492232,0.00000
1578,789,0,3.05800,2.20770,0.22390,0.02390,2560000,-1.00000,665590532411,0.00000
1579,789,0,3.04540,0.00000,0.00000,0.01540,0,-1.00000,665590559105,0.00000
1580,790,0,0.50610,2.02280,0.20810,0.03170,2560000,-1.00000,665590563411,0.00000
1581,790,0,2.96780,0.00000,0.00000,0.02120,0,-1.00000,665590592621,0.00000
1582,791,0,0.46750,1.95190,0.20660,0.02350,2560000,-1.00000,665590623195,0.00000
1583,791,0,2.77970,0.00000,0.00000,0.01850,0,-1.00000,665590653654,0.00000
1584,792,0,1.50620,2.20890,0.29960,0.02780,2560000,-1.00000,665590658713,0.00000
1585,792,0,3.22310,0.00000,0.00000,0.01820,0,-1.00000,665590688403,0.00000
1586,793,0,0.49100,1.91640,0.20870,0.02410,2560000,-1.00000,665590693063,0.00000
1587,793,0,2.75959,0.00000,0.00000,0.02010,0,-1.00000,665590720868,0.00000
1588,794,0,0.40450,2.09210,0.24270,0.02010,2560000,-1.00000,665590735921,0.00000
1589,794,0,3.14000,0.00000,0.00000,0.01890,0,-1.00000,665590768151,0.00000
1590,795,0,3.84130,2.12340,0.20000,0.02460,2560000,-1.00000,665590773063,0.00000
1591,795,0,2.89800,0.00000,0.00000,0.01870,0,-1.00000,665590800662,0.00000
1592,796,0,0.44100,2.16630,0.20980,0.02360,2560000,-1.00000,665590804699,0.00000
1593,796,0,2.90970,0.00000,0.00000,0.01890,0,-1.00000,665590836116,0.00000
1594,797,0,0.45300,2.08340,0.25870,0.02840,2560000,-1.00000,665590874514,0.00000
1595,797,0,3.04480,0.00000,0.00000,0.02170,0,-1.00000,665590903501,0.00000
1596,798,0,0.43390,2.13300,0.18670,0.02170,2560000,-1.00000,665590907905,0.00000
1597,798,0,2.99820,0.00000,0.00000,0.02130,0,-1.00000,665590937008,0.00000
1598,799,0,0.46190,1.95110,0.20290,0.02140,2560000,-1.00000,665590941532,0.00000
1599,799,0,2.78990,0.00000,0.00000,0.01880,0,-1.00000,665590972008,0.00000
1600,800,0,1.65680,2.30280,0.19980,0.02400,2560000,-1.00000,665590976317,0.00000
1601,800,0,3.13030,0.00000,0.00000,0.01980,0,-1.00000,665591006315,0.00000
1602,801,0,3.76330,2.05520,0.24680,0.02540,2560000,-1.00000,665591010921,0.00000
1603,801,0,2.92960,0.00000,0.00000,0.01870,0,-1.00000,665591038830,0.00000
1604,802,0,0.43070,1.91460,0.22860,0.02240,2560000,-1.00000,665591055390,0.00000
1605,802,0,2.79530,0.00000,0.00000,0.01940,0,-1.00000,665591086701,0.00000
1606,803,0,0.46940,2.03790,0.19960,0.02180,2560000,-1.00000,665591124326,0.00000
1607,803,0,2.82600,0.00000,0.00000,0.01860,0,-1.00000,665591153624,0.00000
1608,804,0,1.76150,2.06890,0.25370,0.02530,2560000,-1.00000,665591157928,0.00000
1609,804,0,2.91920,0.00000,0.00000,0.01890,0,-1.00000,665591185887,0.00000
1610,805,0,4.09260,2.07110,0.26340,0.03000,2560000,-1.00000,665591190574,0.00000
1611,805,0,3.02550,0.00000,0.00000,0.02080,0,-1.00000,665591218840,0.00000
1612,806,0,0.52010,2.06780,0.21460,0.02460,2560000,-1.00000,665591236453,0.00000
1613,806,0,2.97820,0.00000,0.00000,0.01890,0,-1.00000,665591265645,0.00000
1614,807,0,0.43320,2.13000,0.19370,0.02300,2560000,-1.00000,665591306565,0.00000
1615,807,0,3.00650,0.00000,0.00000,0.01890,0,-1.00000,665591336846,0.00000
1616,808,0,0.37000,2.01460,0.20640,0.01990,2560000,-1.00000,665591342025,0.00000
1617,808,0,2.84750,0.00000,0.00000,0.01780,0,-1.00000,665591371809,0.00000
1618,809,0,0.40210,1.91460,0.21970,0.02050,2560000,-1.00000,665591376135,0.00000
1619,809,0,2.70330,0.00000,0.00000,0.01850,0,-1.00000,665591406220,0.00000
1620,810,0,4.27160,2.12680,0.22320,0.02280,2560000,-1.00000,665591409896,0.00000
1621,810,0,2.91570,0.00000,0.00000,0.01830,0,-1.00000,665591438384,0.00000
1622,811,0,1.50230,1.93090,0.19680,0.02880,2560000,-1.00000,665591442395,0.00000
1623,811,0,2.80820,0.00000,0.00000,0.01930,0,-1.00000,665591469438,0.00000
1624,812,0,1.94170,1.94410,0.25080,0.02260,2560000,-1.00000,665591512145,0.00000
1625,812,0,2.85960,0.00000,0.00000,0.02010,0,-1.00000,665591541311,0.00000
1626,813,0,1.54570,2.10440,0.18860,0.02570,2560000,-1.00000,665591556328,0.00000
1627,813,0,2.91160,0.00000,0.00000,0.02240,0,-1.00000,665591584415,0.00000
1628,814,0,3.95800,2.06080,0.32530,0.02990,2560000,-1.00000,665591603826,0.00000
1629,814,0,3.03160,0.00000,0.00000,0.02260,0,-1.00000,665591632457,0.00000
1630,815,0,1.50090,1.95560,0.22550,0.02280,2560000,-1.00000,665591647885,0.00000
1631,815,0,2.86451,0.00000,0.00000,0.02180,0,-1.00000,665591676999,0.00000
1632,816,0,3.91049,1.88390,0.20470,0.02120,2560000,-1.00000,665591716577,0.00000
1633,816,0,2.60030,0.00000,0.00000,0.02170,0,-1.00000,665591746900,0.00000
1634,817,0,0.50360,2.06260,0.20780,0.02270,2560000,-1.00000,665591761902,0.00000
1635,817,0,2.94320,0.00000,0.00000,0.03010,0,-1.00000,665591790548,0.00000
1636,818,0,3.19390,2.04480,0.23400,0.02340,2560000,-1.00000,665591829651,0.00000
1637,818,0,2.84401,0.00000,0.00000,0.01770,0,-1.00000,665591855650,0.00000
1638,819,0,1.58450,1.96250,0.23420,0.02690,2560000,-1.00000,665591860689,0.00000
1639,819,0,2.93140,0.00000,0.00000,0.02020,0,-1.00000,665591890128,0.00000
1640,820,0,1.75090,2.04380,0.23080,0.02950,2560000,-1.00000,665591922062,0.00000
1641,820,0,2.97431,0.00000,0.00000,0.02320,0,-1.00000,665591950501,0.00000
1642,821,0,3.89610,2.01220,0.24820,0.02370,2560000,-1.00000,665591966342,0.00000
1643,821,0,2.96980,0.00000,0.00000,0.01860,0,-1.00000,665591995673,0.00000
1644,822,0,0.47241,2.02480,0.20190,0.01910,2560000,-1.00000,665592013175,0.00000
1645,822,0,2.84809,0.00000,0.00000,0.01900,0,-1.00000,665592042924,0.00000
1646,823,0,0.50770,2.15040,0.21660,0.02290,2560000,-1.00000,665592081873,0.00000
1647,823,0,2.94510,0.00000,0.00000,0.02630,0,-1.00000,665592111580,0.00000
1648,824,0,1.61730,1.88280,0.21310,0.02630,2560000,-1.00000,665592116293,0.00000
1649,824,0,2.77900,0.00000,0.00000,0.01920,0,-1.00000,665592144780,0.00000
1650,825,0,1.77630,1.93730,0.24460,0.02480,2560000,-1.00000,665592149848,0.00000
1651,825,0,2.81010,0.00000,0.00000,0.01840,0,-1.00000,665592179308,0.00000
1652,826,0,4.19130,2.06320,0.22410,0.03440,2560000,-1.00000,665592195477,0.00000
1653,826,0,2.98260,0.00000,0.00000,0.02330,0,-1.00000,665592223271,0.00000
1654,827,0,1.47680,1.88010,0.23120,0.02810,2560000,-1.00000,665592241031,0.00000
1655,827,0,2.78920,0.00000,0.00000,0.01940,0,-1.00000,665592269136,0.00000
1656,828,0,4.22130,2.12400,0.21170,0.02240,2560000,-1.00000,665592311054,0.00000
1657,828,0,2.94410,0.00000,0.00000,0.01900,0,-1.00000,665592340875,0.00000
1658,829,0,1.44380,2.10220,0.21010,0.02180,2560000,-1.00000,665592355637,0.00000
1659,829,0,2.95890,0.00000,0.00000,0.02200,0,-1.00000,665592383533,0.00000
1660,830,0,1.52770,2.13560,0.19480,0.02310,2560000,-1.00000,665592425740,0.00000
1661,830,0,2.97350,0.00000,0.00000,0.01820,0,-1.00000,665592455184,0.00000
1662,831,0,1.68160,1.99180,0.20210,0.02130,2560000,-1.00000,665592469625,0.00000
1663,831,0,2.86780,0.00000,0.00000,0.02320,0,-1.00000,665592499214,0.00000
1664,832,0,4.06430,2.02460,0.26330,0.02620,2560000,-1.00000,665592514486,0.00000
1665,832,0,3.15980,0.00000,0.00000,0.02400,0,-1.00000,665592544228,0.00000
1666,833,0,0.70910,2.01380,0.18640,0.03150,2560000,-1.00000,665592561038,0.00000
1667,833,0,2.91550,0.00000,0.00000,0.02000,0,-1.00000,665592589723,0.00000
1668,834,0,0.47320,1.95550,0.22280,0.02740,2560000,-1.00000,665592630358,0.00000
1669,834,0,2.88720,0.00000,0.00000,0.02030,0,-1.00000,665592661979,0.00000
1670,835,0,1.29330,1.94760,0.22380,0.03890,2560000,-1.00000,665592669103,0.00000
1671,835,0,3.10590,0.00000,0.00000,0.02650,0,-1.00000,665592698220,0.00000
1672,836,0,1.47810,1.94150,0.23920,0.02550,2560000,-1.00000,665592702934,0.00000
1673,836,0,2.81840,0.00000,0.00000,0.01880,0,-1.00000,665592731952,0.00000
1674,837,0,1.62030,2.00050,0.20590,0.03870,2560000,-1.00000,665592744743,0.00000
1675,837,0,3.05360,0.00000,0.00000,0.02850,0,-1.00000,665592775833,0.00000
1676,838,0,3.94300,2.01860,0.19230,0.04050,2560000,-1.00000,665592790580,0.00000
1677,838,0,3.04370,0.00000,0.00000,0.02550,0,-1.00000,665592818772,0.00000
1678,839,0,0.52700,2.72950,0.33940,0.07400,2560000,-1.00000,665592834990,0.00000
1679,839,0,3.98140,0.00000,0.00000,0.02580,0,-1.00000,665592865531,0.00000
1680,840,0,0.57550,1.95930,0.23100,0.03410,2560000,-1.00000,665592904961,0.00000
1681,840,0,2.92630,0.00000,0.00000,0.02520,0,-1.00000,665592935380,0.00000
1682,841,0,0.49940,1.90020,0.23030,0.03590,2560000,-1.00000,665592940638,0.00000
1683,841,0,2.85290,0.00000,0.00000,0.02550,0,-1.00000,665592980497,0.00000
1684,842,0,1.66360,2.03260,0.21180,0.02720,2560000,-1.00000,665592986212,0.00000
1685,842,0,2.93450,0.00000,0.00000,0.02230,0,-1.00000,665593015503,0.00000
1686,843,0,1.43440,2.20840,0.25510,0.02810,2560000,-1.00000,665593020471,0.00000
1687,843,0,3.10021,0.00000,0.00000,0.02010,0,-1.00000,665593049028,0.00000
1688,844,0,0.43459,2.05230,0.29800,0.02490,2560000,-1.00000,665593065695,0.00000
1689,844,0,2.89820,0.00000,0.00000,0.01950,0,-1.00000,665593094984,0.00000
1690,845,0,0.47431,2.11130,0.28240,0.02190,2560000,-1.00000,665593109318,0.00000
1691,845,0,2.90920,0.00000,0.00000,0.01700,0,-1.00000,665593140328,0.00000
1692,846,0,0.43020,2.12210,0.28040,0.02080,2560000,-1.00000,665593144665,0.00000
1693,846,0,2.96200,0.00000,0.00000,0.01880,0,-1.00000,665593173651,0.00000
1694,847,0,2.86020,2.17730,0.28270,0.02450,2560000,-1.00000,665593178387,0.00000
1695,847,0,3.11830,0.00000,0.00000,0.01800,0,-1.00000,665593207487,0.00000
1696,848,0,0.41110,2.04030,0.28130,0.02920,2560000,-1.00000,665593211788,0.00000
1697,848,0,3.00510,0.00000,0.00000,0.02300,0,-1.00000,665593241409,0.00000
1698,849,0,0.49480,2.03950,0.19820,0.02270,2560000,-1.00000,665593270010,0.00000
1699,849,0,2.99150,0.00000,0.00000,0.02090,0,-1.00000,665593301196,0.00000
1700,850,0,0.41270,2.05380,0.22810,0.02130,2560000,-1.00000,665593305297,0.00000
1701,850,0,2.82170,0.00000,0.00000,0.02410,0,-1.00000,665593335375,0.00000
1702,851,0,0.48120,2.04080,0.25040,0.02350,2560000,-1.00000,665593340434,0.00000
1703,851,0,2.86170,0.00000,0.00000,0.01970,0,-1.00000,665593370226,0.00000
1704,852,0,1.74100,1.98160,0.23770,0.02300,2560000,-1.00000,665593374375,0.00000
1705,852,0,2.75101,0.00000,0.00000,0.02140,0,-1.00000,665593402569,0.00000
1706,853,0,1.79690,2.03370,0.22970,0.02350,2560000,-1.00000,665593407368,0.00000
1707,853,0,2.83100,0.00000,0.00000,0.01960,0,-1.00000,665593435984,0.00000
1708,854,0,2.64349,2.04220,0.23470,0.02090,2560000,-1.00000,665593453393,0.00000
1709,854,0,2.90210,0.00000,0.00000,0.01940,0,-1.00000,665593480907,0.00000
1710,855,0,0.79930,2.14620,0.21780,0.02390,2560000,-1.00000,665593498877,0.00000
1711,855,0,2.96420,0.00000,0.00000,0.01970,0,-1.00000,665593527194,0.00000
1712,856,0,2.47660,2.08920,0.20090,0.02910,2560000,-1.00000,665593553619,0.00000
1713,856,0,2.96230,0.00000,0.00000,0.02240,0,-1.00000,665593582655,0.00000
1714,857,0,0.50030,2.01190,0.26440,0.02500,2560000,-1.00000,665593590633,0.00000
1715,857,0,2.85780,0.00000,0.00000,0.01890,0,-1.00000,665593620284,0.00000
1716,858,0,0.40770,2.08050,0.19260,0.02170,2560000,-1.00000,665593645058,0.00000
1717,858,0,2.94070,0.00000,0.00000,0.02220,0,-1.00000,665593674679,0.00000
1718,859,0,0.76850,2.26500,0.20960,0.02410,2560000,-1.00000,665593679672,0.00000
1719,859,0,3.03289,0.00000,0.00000,0.01840,0,-1.00000,665593708251,0.00000
1720,860,0,0.37030,2.11050,0.28990,0.02560,2560000,-1.00000,665593712323,0.00000
1721,860,0,2.92280,0.00000,0.00000,0.02180,0,-1.00000,665593741744,0.00000
1722,861,0,0.58390,2.12160,0.24360,0.02220,2560000,-1.00000,665593749418,0.00000
1723,861,0,2.86910,0.00000,0.00000,0.02340,0,-1.00000,665593779755,0.00000
1724,862,0,1.69680,2.11200,0.24920,0.02580,2560000,-1.00000,665593783448,0.00000
1725,862,0,3.32781,0.00000,0.00000,0.02180,0,-1.00000,665593812682,0.00000
1726,863,0,1.27140,2.13770,0.28670,0.02570,2560000,-1.00000,665593818520,0.00000
1727,863,0,2.95370,0.00000,0.00000,0.01930,0,-1.00000,665593847202,0.00000
1728,864,0,0.35599,2.09920,0.31440,0.02460,2560000,-1.00000,665593864176,0.00000
1729,864,0,2.98630,0.00000,0.00000,0.01970,0,-1.00000,665593897456,0.00000
1730,865,0,0.62170,2.11260,0.26370,0.04030,2560000,-1.00000,665593910167,0.00000
1731,865,0,3.20930,0.00000,0.00000,0.02580,0,-1.00000,665593939709,0.00000
1732,866,0,1.23570,2.22200,0.25670,0.02650,2560000,-1.00000,665593943265,0.00000
1733,866,0,3.07320,0.00000,0.00000,0.02240,0,-1.00000,665593973131,0.00000
1734,867,0,1.66040,2.12510,0.22990,0.02400,2560000,-1.00000,665593979347,0.00000
1735,867,0,2.89890,0.00000,0.00000,0.01840,0,-1.00000,665594011467,0.00000
1736,868,0,1.51660,2.15140,0.21350,0.02420,2560000,-1.00000,665594023799,0.00000
1737,868,0,2.89240,0.00000,0.00000,0.02040,0,-1.00000,665594054539,0.00000
1738,869,0,1.62350,2.11100,0.31150,0.02370,2560000,-1.00000,665594071135,0.00000
1739,869,0,2.93900,0.00000,0.00000,0.02070,0,-1.00000,665594100128,0.00000
1740,870,0,1.61720,2.13850,0.23810,0.02390,2560000,-1.00000,665594115290,0.00000
1741,870,0,3.11770,0.00000,0.00000,0.03080,0,-1.00000,665594144208,0.00000
1742,871,0,1.50790,2.16280,0.22360,0.02610,2560000,-1.00000,665594160448,0.00000
1743,871,0,3.06330,0.00000,0.00000,0.01940,0,-1.00000,665594189832,0.00000
1744,872,0,1.44900,2.38070,0.20740,0.03700,2560000,-1.00000,665594206007,0.00000
1745,872,0,3.27570,0.00000,0.00000,0.02380,0,-1.00000,665594237205,0.00000
1746,873,0,1.33620,2.32730,0.21810,0.02250,2560000,-1.00000,665594252264,0.00000
1747,873,0,3.07190,0.00000,0.00000,0.01720,0,-1.00000,665594282894,0.00000
1748,874,0,1.50420,2.11790,0.22100,0.02470,2560000,-1.00000,665594297389,0.00000
1749,874,0,3.04751,0.00000,0.00000,0.01820,0,-1.00000,665594330149,0.00000
1750,875,0,1.54090,2.07480,0.30370,0.02460,2560000,-1.00000,665594343504,0.00000
1751,875,0,2.96239,0.00000,0.00000,0.02200,0,-1.00000,665594374226,0.00000
1752,876,0,1.53370,2.12940,0.24250,0.02540,2560000,-1.00000,665594389269,0.00000
1753,876,0,3.00890,0.00000,0.00000,0.01780,0,-1.00000,665594419748,0.00000
1754,877,0,1.74100,2.03000,0.25880,0.02680,2560000,-1.00000,665594435152,0.00000
1755,877,0,3.14710,0.00000,0.00000,0.02060,0,-1.00000,665594464774,0.00000
1756,878,0,1.28210,1.98450,0.21430,0.02480,2560000,-1.00000,665594480113,0.00000
1757,878,0,2.83270,0.00000,0.00000,0.02090,0,-1.00000,665594510202,0.00000
1758,879,0,4.02380,2.05520,0.28940,0.03230,2560000,-1.00000,665594527614,0.00000
1759,879,0,3.02580,0.00000,0.00000,0.02230,0,-1.00000,665594559088,0.00000
1760,880,0,0.48450,2.15420,0.24790,0.02380,2560000,-1.00000,665594571903,0.00000
1761,880,0,3.16540,0.00000,0.00000,0.02280,0,-1.00000,665594600238,0.00000
1762,881,0,0.57210,2.07670,0.31170,0.02030,2560000,-1.00000,665594640473,0.00000
1763,881,0,3.01390,0.00000,0.00000,0.02160,0,-1.00000,665594670751,0.00000
1764,882,0,3.45540,2.03570,0.24210,0.02290,2560000,-1.00000,665594675578,0.00000
1765,882,0,2.85520,0.00000,0.00000,0.02190,0,-1.00000,665594707236,0.00000
1766,883,0,3.96580,2.28160,0.21710,0.02420,2560000,-1.00000,665594712946,0.00000
1767,883,0,3.18189,0.00000,0.00000,0.02140,0,-1.00000,665594743086,0.00000
1768,884,0,0.50620,2.21250,0.19500,0.02130,2560000,-1.00000,665594777640,0.00000
1769,884,0,2.98600,0.00000,0.00000,0.01680,0,-1.00000,665594806191,0.00000
1770,885,0,0.39170,2.07270,0.23230,0.02020,2560000,-1.00000,665594845848,0.00000
1771,885,0,2.85040,0.00000,0.00000,0.02090,0,-1.00000,665594877677,0.00000
1772,886,0,1.45710,2.14690,0.19650,0.03240,2560000,-1.00000,665594882731,0.00000
1773,886,0,3.01960,0.00000,0.00000,0.02460,0,-1.00000,665594912590,0.00000
1774,887,0,1.58310,1.98860,0.21710,0.02230,2560000,-1.00000,665594916536,0.00000
1775,887,0,2.81040,0.00000,0.00000,0.01860,0,-1.00000,665594945011,0.00000
1776,888,0,1.74581,1.94450,0.31650,0.02330,2560000,-1.00000,665594959581,0.00000
1777,888,0,2.84340,0.00000,0.00000,0.01820,0,-1.00000,665594989828,0.00000
1778,889,0,1.78780,1.98900,0.31560,0.02180,2560000,-1.00000,665595005604,0.00000
1779,889,0,2.90440,0.00000,0.00000,0.01660,0,-1.00000,665595033711,0.00000
1780,890,0,1.68009,1.94500,0.32610,0.02370,2560000,-1.00000,665595051169,0.00000
1781,890,0,2.84740,0.00000,0.00000,0.02070,0,-1.00000,665595079609,0.00000
1782,891,0,2.47820,1.94960,0.30880,0.02280,2560000,-1.00000,665595097483,0.00000
1783,891,0,2.82360,0.00000,0.00000,0.01990,0,-1.00000,665595126523,0.00000
1784,892,0,0.96721,2.06760,0.23480,0.02540,2560000,-1.00000,665595143331,0.00000
1785,892,0,2.92110,0.00000,0.00000,0.02200,0,-1.00000,665595171806,0.00000
1786,893,0,1.64661,1.91810,0.24880,0.02100,2560000,-1.00000,665595196586,0.00000
1787,893,0,2.69920,0.00000,0.00000,0.01860,0,-1.00000,665595224822,0.00000
1788,894,0,4.25660,2.22040,0.20310,0.04320,2560000,-1.00000,665595234493,0.00000
1789,894,0,3.22450,0.00000,0.00000,0.02180,0,-1.00000,665595263708,0.00000
1790,895,0,1.20130,1.86390,0.21410,0.02480,2560000,-1.00000,665595280166,0.00000
1791,895,0,2.67980,0.00000,0.00000,0.02340,0,-1.00000,665595307162,0.00000
1792,896,0,1.99060,2.01700,0.24300,0.02420,2560000,-1.00000,665595349745,0.00000
1793,896,0,2.90950,0.00000,0.00000,0.02200,0,-1.00000,665595381983,0.00000
1794,897,0,1.55620,2.56460,0.27470,0.02980,2560000,-1.00000,665595393988,0.00000
1795,897,0,3.61631,0.00000,0.00000,0.02300,0,-1.00000,665595420785,0.00000
1796,898,0,1.87000,1.99550,0.22230,0.02180,2560000,-1.00000,665595440692,0.00000
1797,898,0,2.90100,0.00000,0.00000,0.02120,0,-1.00000,665595469789,0.00000
1798,899,0,0.72910,1.90600,0.20180,0.02000,2560000,-1.00000,665595485350,0.00000
1799,899,0,2.71430,0.00000,0.00000,0.02130,0,-1.00000,665595521515,0.00000
1800,900,0,2.01470,2.15810,0.24150,0.03130,2560000,-1.00000,665595540209,0.00000
1801,900,0,3.13270,0.00000,0.00000,0.02620,0,-1.00000,665595569227,0.00000
1802,901,0,1.19370,2.03650,0.22210,0.02460,2560000,-1.00000,665595576509,0.00000
1803,901,0,2.87970,0.00000,0.00000,0.01860,0,-1.00000,665595603665,0.00000
1804,902,0,0.42690,2.16480,0.22940,0.02320,2560000,-1.00000,665595623803,0.00000
1805,902,0,2.92500,0.00000,0.00000,0.01810,0,-1.00000,665595655144,0.00000
1806,903,0,0.76450,2.00660,0.27860,0.02230,2560000,-1.00000,665595667070,0.00000
1807,903,0,2.90420,0.00000,0.00000,0.01910,0,-1.00000,665595695868,0.00000
1808,904,0,1.63320,1.98050,0.25340,0.02420,2560000,-1.00000,665595700131,0.00000
1809,904,0,2.79200,0.00000,0.00000,0.01840,0,-1.00000,665595729418,0.00000
1810,905,0,1.82400,1.94820,0.26520,0.02270,2560000,-1.00000,665595737029,0.00000
1811,905,0,2.80740,0.00000,0.00000,0.01840,0,-1.00000,665595766071,0.00000
1812,906,0,1.76750,1.99860,0.22020,0.02330,2560000,-1.00000,665595782398,0.00000
1813,906,0,2.87790,0.00000,0.00000,0.02080,0,-1.00000,665595810324,0.00000
1814,907,0,3.90960,1.94970,0.30590,0.02650,2560000,-1.00000,665595828560,0.00000
1815,907,0,2.92910,0.00000,0.00000,0.02220,0,-1.00000,665595856633,0.00000
1816,908,0,0.43490,2.08610,0.24690,0.04210,2560000,-1.00000,665595874306,0.00000
1817,908,0,2.98930,0.00000,0.00000,0.01880,0,-1.00000,665595903091,0.00000
1818,909,0,0.60690,2.10300,0.20140,0.02340,2560000,-1.00000,665595942189,0.00000
1819,909,0,2.87849,0.00000,0.00000,0.01860,0,-1.00000,665595971481,0.00000
1820,910,0,1.64160,2.01310,0.24660,0.02200,2560000,-1.00000,665595975820,0.00000
1821,910,0,2.89940,0.00000,0.00000,0.01690,0,-1.00000,665596005728,0.00000
1822,911,0,1.61440,1.96910,0.26380,0.03510,2560000,-1.00000,665596011783,0.00000
1823,911,0,3.04140,0.00000,0.00000,0.02250,0,-1.00000,665596040561,0.00000
1824,912,0,1.55410,2.18720,0.21940,0.02640,2560000,-1.00000,665596056988,0.00000
1825,912,0,3.07000,0.00000,0.00000,0.02200,0,-1.00000,665596085977,0.00000
1826,913,0,3.62020,2.01860,0.23280,0.02360,2560000,-1.00000,665596102392,0.00000
1827,913,0,2.82100,0.00000,0.00000,0.01940,0,-1.00000,665596132559,0.00000
1828,914,0,0.43120,2.18120,0.21780,0.02450,2560000,-1.00000,665596148083,0.00000
1829,914,0,3.02800,0.00000,0.00000,0.01970,0,-1.00000,665596178779,0.00000
1830,915,0,0.45950,2.10450,0.27010,0.04030,2560000,-1.00000,665596214977,0.00000
1831,915,0,3.14680,0.00000,0.00000,0.02390,0,-1.00000,665596243192,0.00000
1832,916,0,0.46920,1.92400,0.29270,0.02090,2560000,-1.00000,665596247498,0.00000
1833,916,0,2.83130,0.00000,0.00000,0.02200,0,-1.00000,665596277786,0.00000
1834,917,0,0.74980,1.94840,0.32200,0.02150,2560000,-1.00000,665596282370,0.00000
1835,917,0,2.81070,0.00000,0.00000,0.01970,0,-1.00000,665596313868,0.00000
1836,918,0,1.59709,2.08020,0.24580,0.02320,2560000,-1.00000,665596318533,0.00000
1837,918,0,2.94481,0.00000,0.00000,0.01770,0,-1.00000,665596346855,0.00000
1838,919,0,1.80850,1.93910,0.26960,0.02160,2560000,-1.00000,665596354350,0.00000
1839,919,0,2.86750,0.00000,0.00000,0.02150,0,-1.00000,665596382466,0.00000
1840,920,0,1.57490,1.77420,0.22910,0.02180,2560000,-1.00000,665596398424,0.00000
1841,920,0,2.62340,0.00000,0.00000,0.01860,0,-1.00000,665596427874,0.00000
1842,921,0,4.19770,1.89800,0.25630,0.02540,2560000,-1.00000,665596445956,0.00000
1843,921,0,2.81110,0.00000,0.00000,0.02220,0,-1.00000,665596474642,0.00000
1844,922,0,0.56210,1.85590,0.26350,0.02060,2560000,-1.00000,665596490386,0.00000
1845,922,0,2.73650,0.00000,0.00000,0.02210,0,-1.00000,665596516615,0.00000
1846,923,0,0.58640,1.91640,0.23550,0.02220,2560000,-1.00000,665596558592,0.00000
1847,923,0,2.76780,0.00000,0.00000,0.02380,0,-1.00000,665596586713,0.00000
1848,924,0,1.89820,2.05630,0.35250,0.03030,2560000,-1.00000,665596592328,0.00000
1849,924,0,3.09500,0.00000,0.00000,0.02280,0,-1.00000,665596619695,0.00000
1850,925,0,4.77920,2.01270,0.23230,0.02680,2560000,-1.00000,665596625557,0.00000
1851,925,0,2.88670,0.00000,0.00000,0.02270,0,-1.00000,665596653242,0.00000
1852,926,0,0.43570,1.95820,0.31590,0.02140,2560000,-1.00000,665596672229,0.00000
1853,926,0,2.87260,0.00000,0.00000,0.02110,0,-1.00000,665596703175,0.00000
1854,927,0,0.41960,2.05680,0.23540,0.02110,2560000,-1.00000,665596750962,0.00000
1855,927,0,2.91000,0.00000,0.00000,0.01930,0,-1.00000,665596779829,0.00000
1856,928,0,0.41300,2.02550,0.21750,0.02030,2560000,-1.00000,665596784177,0.00000
1857,928,0,2.77890,0.00000,0.00000,0.02160,0,-1.00000,665596812912,0.00000
1858,929,0,0.45800,2.02700,0.23900,0.02270,2560000,-1.00000,665596817098,0.00000
1859,929,0,2.85921,0.00000,0.00000,0.02070,0,-1.00000,665596846204,0.00000
1860,930,0,3.42880,1.96540,0.26360,0.03090,2560000,-1.00000,665596850329,0.00000
1861,930,0,2.90150,0.00000,0.00000,0.02320,0,-1.00000,665596878129,0.00000
1862,931,0,1.79290,1.90070,0.25080,0.02550,2560000,-1.00000,665596882732,0.00000
1863,931,0,2.74260,0.00000,0.00000,0.02170,0,-1.00000,665596911298,0.00000
1864,932,0,1.71200,2.12210,0.23500,0.02810,2560000,-1.00000,665596945572,0.00000
1865,932,0,2.97980,0.00000,0.00000,0.01910,0,-1.00000,665596974614,0.00000
1866,933,0,1.71400,2.02910,0.32710,0.02360,2560000,-1.00000,665596992531,0.00000
1867,933,0,2.98550,0.00000,0.00000,0.02010,0,-1.00000,665597019956,0.00000
1868,934,0,1.41769,1.95890,0.23080,0.02000,2560000,-1.00000,665597037070,0.00000
1869,934,0,2.75840,0.00000,0.00000,0.01790,0,-1.00000,665597066875,0.00000
1870,935,0,1.95440,2.48450,0.19140,0.02350,2560000,-1.00000,665597084065,0.00000
1871,935,0,3.37220,0.00000,0.00000,0.02100,0,-1.00000,665597113868,0.00000
1872,936,0,3.34660,2.07740,0.25360,0.02150,2560000,-1.00000,665597128038,0.00000
1873,936,0,2.86260,0.00000,0.00000,0.02450,0,-1.00000,665597155629,0.00000
1874,937,0,3.94780,1.96690,0.29890,0.03470,2560000,-1.00000,665597175170,0.00000
1875,937,0,2.97500,0.00000,0.00000,0.03630,0,-1.00000,665597208907,0.00000
1876,938,0,0.60210,2.02800,0.26010,0.02520,2560000,-1.00000,665597242359,0.00000
1877,938,0,2.86480,0.00000,0.00000,0.01920,0,-1.00000,665597270989,0.00000
1878,939,0,0.44860,1.95850,0.24700,0.02260,2560000,-1.00000,665597310468,0.00000
1879,939,0,2.76600,0.00000,0.00000,0.01780,0,-1.00000,665597340373,0.00000
1880,940,0,1.69439,1.95630,0.35940,0.02200,2560000,-1.00000,665597346240,0.00000
1881,940,0,2.88750,0.00000,0.00000,0.01810,0,-1.00000,665597374886,0.00000
1882,941,0,1.71981,1.92340,0.32570,0.01780,2560000,-1.00000,665597379370,0.00000
1883,941,0,2.82170,0.00000,0.00000,0.02380,0,-1.00000,665597407029,0.00000
1884,942,0,2.73870,2.05260,0.23300,0.02510,2560000,-1.00000,665597423967,0.00000
1885,942,0,2.93090,0.00000,0.00000,0.02110,0,-1.00000,665597452849,0.00000
1886,943,0,1.56350,1.88450,0.32490,0.02250,2560000,-1.00000,665597470048,0.00000
1887,943,0,2.77120,0.00000,0.00000,0.01660,0,-1.00000,665597498263,0.00000
1888,944,0,2.91890,2.04370,0.20600,0.03280,2560000,-1.00000,665597525679,0.00000
1889,944,0,2.97740,0.00000,0.00000,0.02710,0,-1.00000,665597554958,0.00000
1890,945,0,1.68770,2.02260,0.20750,0.02650,2560000,-1.00000,665597570591,0.00000
1891,945,0,2.89820,0.00000,0.00000,0.02200,0,-1.00000,665597598305,0.00000
1892,946,0,1.76250,1.82950,0.27330,0.03030,2560000,-1.00000,665597627492,0.00000
1893,946,0,2.72110,0.00000,0.00000,0.01940,0,-1.00000,665597657284,0.00000
1894,947,0,4.06070,1.95650,0.22410,0.02380,2560000,-1.00000,665597674143,0.00000
1895,947,0,2.82860,0.00000,0.00000,0.02220,0,-1.00000,665597703127,0.00000
1896,948,0,0.43061,1.87830,0.21480,0.02290,2560000,-1.00000,665597720746,0.00000
1897,948,0,2.67650,0.00000,0.00000,0.02160,0,-1.00000,665597747961,0.00000
1898,949,0,3.16030,1.94340,0.23630,0.02260,2560000,-1.00000,665597788565,0.00000
1899,949,0,2.76230,0.00000,0.00000,0.01920,0,-1.00000,665597816859,0.00000
1900,950,0,0.44860,1.97920,0.20820,0.02100,2560000,-1.00000,665597821157,0.00000
1901,950,0,2.80470,0.00000,0.00000,0.01860,0,-1.00000,665597847930,0.00000
1902,951,0,0.80991,1.93910,0.22260,0.02100,2560000,-1.00000,665597879530,0.00000
1903,951,0,2.75210,0.00000,0.00000,0.01840,0,-1.00000,665597907156,0.00000
1904,952,0,1.71500,1.87500,0.19940,0.03190,2560000,-1.00000,665597911638,0.00000
1905,952,0,2.71840,0.00000,0.00000,0.02220,0,-1.00000,665597939693,0.00000
1906,953,0,4.15770,1.96800,0.22340,0.02340,2560000,-1.00000,665597947780,0.00000
1907,953,0,2.79630,0.00000,0.00000,0.02130,0,-1.00000,665597975313,0.00000
1908,954,0,0.40740,1.97010,0.22430,0.02180,2560000,-1.00000,665597992460,0.00000
1909,954,0,2.73450,0.00000,0.00000,0.02080,0,-1.00000,665598019657,0.00000
1910,955,0,0.91939,1.97000,0.21870,0.02530,2560000,-1.00000,665598061219,0.00000
1911,955,0,2.83160,0.00000,0.00000,0.01980,0,-1.00000,665598089183,0.00000
1912,956,0,1.61920,1.94620,0.23680,0.02110,2560000,-1.00000,665598093248,0.00000
1913,956,0,2.67320,0.00000,0.00000,0.01700,0,-1.00000,665598120605,0.00000
1914,957,0,4.31260,1.92130,0.21790,0.02360,2560000,-1.00000,665598129789,0.00000
1915,957,0,2.62860,0.00000,0.00000,0.02120,0,-1.00000,665598158112,0.00000
1916,958,0,0.45291,1.90830,0.34040,0.03520,2560000,-1.00000,665598174299,0.00000
1917,958,0,2.97420,0.00000,0.00000,0.02020,0,-1.00000,665598201030,0.00000
1918,959,0,0.68580,1.91810,0.31300,0.02500,2560000,-1.00000,665598244158,0.00000
1919,959,0,3.30670,0.00000,0.00000,0.03760,0,-1.00000,665598270450,0.00000
1920,960,0,1.26380,2.01170,0.20640,0.02400,2560000,-1.00000,665598274974,0.00000
1921,960,0,4.55660,0.00000,0.00000,0.02180,0,-1.00000,665598304738,0.00000
1922,961,0,0.41250,1.82200,0.21840,0.02320,2560000,-1.00000,665598311579,0.00000
1923,961,0,2.67620,0.00000,0.00000,0.01890,0,-1.00000,665598344643,0.00000
1924,962,0,0.44240,2.00130,0.22660,0.02200,2560000,-1.00000,665598357280,0.00000
1925,962,0,2.80150,0.00000,0.00000,0.01770,0,-1.00000,665598402849,0.00000
1926,963,0,0.49820,1.79430,0.22340,0.02380,2560000,-1.00000,665598406972,0.00000
1927,963,0,2.63590,0.00000,0.00000,0.01910,0,-1.00000,665598433738,0.00000
1928,964,0,1.98310,1.91780,0.22800,0.02240,2560000,-1.00000,665598438155,0.00000
1929,964,0,2.80980,0.00000,0.00000,0.01800,0,-1.00000,665598466173,0.00000
1930,965,0,3.98260,1.99880,0.23500,0.02550,2560000,-1.00000,665598471152,0.00000
1931,965,0,2.93690,0.00000,0.00000,0.01880,0,-1.00000,665598497519,0.00000
1932,966,0,0.47040,1.85830,0.23010,0.02130,2560000,-1.00000,665598517344,0.00000
1933,966,0,2.64089,0.00000,0.00000,0.01500,0,-1.00000,665598545449,0.00000
1934,967,0,0.73941,1.94190,0.25320,0.03440,2560000,-1.00000,665598585268,0.00000
1935,967,0,3.04020,0.00000,0.00000,0.02530,0,-1.00000,665598614643,0.00000
1936,968,0,0.41409,1.95970,0.26220,0.02790,2560000,-1.00000,665598619339,0.00000
1937,968,0,2.86091,0.00000,0.00000,0.02090,0,-1.00000,665598645745,0.00000
1938,969,0,0.54860,1.94320,0.21280,0.02510,2560000,-1.00000,665598653145,0.00000
1939,969,0,2.84970,0.00000,0.00000,0.01860,0,-1.00000,665598683631,0.00000
1940,970,0,1.63410,1.96400,0.21030,0.03730,2560000,-1.00000,665598687684,0.00000
1941,970,0,2.78120,0.00000,0.00000,0.02030,0,-1.00000,665598716322,0.00000
1942,971,0,1.93960,1.95080,0.27850,0.02940,2560000,-1.00000,665598721782,0.00000
1943,971,0,2.89090,0.00000,0.00000,0.02220,0,-1.00000,665598750275,0.00000
1944,972,0,1.66820,2.08710,0.29150,0.02220,2560000,-1.00000,665598766621,0.00000
1945,972,0,2.93190,0.00000,0.00000,0.02150,0,-1.00000,665598794439,0.00000
1946,973,0,1.46800,2.04190,0.23990,0.02900,2560000,-1.00000,665598813827,0.00000
1947,973,0,3.35060,0.00000,0.00000,0.02120,0,-1.00000,665598842745,0.00000
1948,974,0,3.49550,1.94660,0.24990,0.03680,2560000,-1.00000,665598859416,0.00000
1949,974,0,2.84910,0.00000,0.00000,0.01960,0,-1.00000,665598888738,0.00000
1950,975,0,1.72720,1.94230,0.23210,0.02710,2560000,-1.00000,665598903546,0.00000
1951,975,0,2.87760,0.00000,0.00000,0.01880,0,-1.00000,665598936928,0.00000
1952,976,0,0.34790,2.04940,0.30720,0.02350,2560000,-1.00000,665598971886,0.00000
1953,976,0,2.89510,0.00000,0.00000,0.02110,0,-1.00000,665599000377,0.00000
1954,977,0,0.68491,1.96290,0.33210,0.02180,2560000,-1.00000,665599017638,0.00000
1955,977,0,3.23490,0.00000,0.00000,0.01780,0,-1.00000,665599046417,0.00000
1956,978,0,1.30720,1.83180,0.22110,0.02180,2560000,-1.00000,665599049897,0.00000
1957,978,0,3.19870,0.00000,0.00000,0.01830,0,-1.00000,665599078847,0.00000
1958,979,0,1.20360,2.05820,0.24370,0.02450,2560000,-1.00000,665599085691,0.00000
1959,979,0,2.83480,0.00000,0.00000,0.01760,0,-1.00000,665599118170,0.00000
1960,980,0,1.87750,1.84630,0.20630,0.03280,2560000,-1.00000,665599131107,0.00000
1961,980,0,2.66220,0.00000,0.00000,0.02070,0,-1.00000,665599163115,0.00000
1962,981,0,1.80020,2.01660,0.23280,0.02320,2560000,-1.00000,665599175137,0.00000
1963,981,0,2.88000,0.00000,0.00000,0.01720,0,-1.00000,665599203485,0.00000
1964,982,0,1.77650,2.04400,0.23690,0.03960,2560000,-1.00000,665599222267,0.00000
1965,982,0,3.12760,0.00000,0.00000,0.01900,0,-1.00000,665599248890,0.00000
1966,983,0,1.48260,2.05240,0.22960,0.02530,2560000,-1.00000,665599266886,0.00000
1967,983,0,2.82860,0.00000,0.00000,0.01850,0,-1.00000,665599295686,0.00000
1968,984,0,1.65230,2.00050,0.19920,0.01850,2560000,-1.00000,665599313452,0.00000
1969,984,0,2.73170,0.00000,0.00000,0.02010,0,-1.00000,665599344750,0.00000
1970,985,0,1.63570,2.08530,0.26000,0.02340,2560000,-1.00000,665599359555,0.00000
1971,985,0,2.92640,0.00000,0.00000,0.01720,0,-1.00000,665599387844,0.00000
1972,986,0,1.76271,1.99690,0.24950,0.02260,2560000,-1.00000,665599404358,0.00000
1973,986,0,2.83360,0.00000,0.00000,0.01440,0,-1.00000,665599431682,0.00000
1974,987,0,3.98920,1.97840,0.22960,0.02510,2560000,-1.00000,665599448034,0.00000
1975,987,0,2.73700,0.00000,0.00000,0.01660,0,-1.00000,665599477299,0.00000
1976,988,0,0.44909,2.04130,0.23290,0.02180,2560000,-1.00000,665599494921,0.00000
1977,988,0,3.03141,0.00000,0.00000,0.02060,0,-1.00000,665599523259,0.00000
1978,989,0,0.50040,2.01550,0.22270,0.03030,2560000,-1.00000,665599563160,0.00000
1979,989,0,2.97990,0.00000,0.00000,0.02160,0,-1.00000,665599590523,0.00000
1980,990,0,3.96970,1.84970,0.22320,0.02700,2560000,-1.00000,665599595017,0.00000
1981,990,0,2.60120,0.00000,0.00000,0.02090,0,-1.00000,665599625336,0.00000
1982,991,0,1.95160,2.02400,0.19750,0.02220,2560000,-1.00000,665599630341,0.00000
1983,991,0,2.86060,0.00000,0.00000,0.02640,0,-1.00000,665599660155,0.00000
1984,992,0,3.95390,1.84170,0.21610,0.02100,2560000,-1.00000,665599699836,0.00000
1985,992,0,2.75590,0.00000,0.00000,0.02010,0,-1.00000,665599725847,0.00000
1986,993,0,5.07230,1.87910,0.21680,0.02320,2560000,-1.00000,665599745357,0.00000
1987,993,0,2.64150,0.00000,0.00000,0.01690,0,-1.00000,665599773972,0.00000
1988,994,0,0.40370,1.94590,0.22310,0.02240,2560000,-1.00000,665599813502,0.00000
1989,994,0,2.78331,0.00000,0.00000,0.01900,0,-1.00000,665599841064,0.00000
1990,995,0,0.47770,1.96220,0.21000,0.01920,2560000,-1.00000,665599891786,0.00000
1991,995,0,2.83580,0.00000,0.00000,0.01860,0,-1.00000,665599918202,0.00000
1992,996,0,3.50010,1.84940,0.21580,0.03520,2560000,-1.00000,665599922241,0.00000
1993,996,0,2.81690,0.00000,0.00000,0.02160,0,-1.00000,665599950083,0.00000
1994,997,0,1.75770,1.83180,0.21880,0.02370,2560000,-1.00000,665599954846,0.00000
1995,997,0,2.67900,0.00000,0.00000,0.01880,0,-1.00000,665599983215,0.00000
1996,998,0,1.81940,2.06530,0.23020,0.02220,2560000,-1.00000,665600018217,0.00000
1997,998,0,2.92110,0.00000,0.00000,0.01730,0,-1.00000,665600046382,0.00000
1998,999,0,1.59660,1.89830,0.23310,0.03470,2560000,-1.00000,665600063951,0.00000
1999,999,0,2.86940,0.00000,0.00000,0.01980,0,-1.00000,665600090746,0.00000
2000,1000,0,4.00130,1.89740,0.21150,0.02510,2560000,-1.00000,665600108936,0.00000
2001,1000,0,2.82209,0.00000,0.00000,0.01910,0,-1.00000,665600138147,0.00000
2002,1001,0,3.98790,2.13390,0.23690,0.04130,2560000,-1.00000,665600154114,0.00000
2003,1001,0,3.27670,0.00000,0.00000,0.02570,0,-1.00000,665600182821,0.00000
2004,1002,0,0.49500,1.90080,0.22280,0.02370,2560000,-1.00000,665600222847,0.00000
2005,1002,0,2.71610,0.00000,0.00000,0.02250,0,-1.00000,665600251052,0.00000
2006,1003,0,0.42960,2.04330,0.22010,0.02130,2560000,-1.00000,665600290924,0.00000
2007,1003,0,2.79140,0.00000,0.00000,0.02120,0,-1.00000,665600323713,0.00000
2008,1004,0,1.63850,1.97460,0.22430,0.02310,2560000,-1.00000,665600328638,0.00000
2009,1004,0,2.87540,0.00000,0.00000,0.02110,0,-1.00000,665600355807,0.00000
2010,1005,0,1.86500,1.98330,0.20040,0.02240,2560000,-1.00000,665600360092,0.00000
2011,1005,0,2.78080,0.00000,0.00000,0.02140,0,-1.00000,665600388008,0.00000
2012,1006,0,1.62470,2.07930,0.24900,0.02120,2560000,-1.00000,665600404391,0.00000
2013,1006,0,2.85550,0.00000,0.00000,0.02060,0,-1.00000,665600433157,0.00000
2014,1007,0,1.66730,1.87840,0.21440,0.02150,2560000,-1.00000,665600451800,0.00000
2015,1007,0,2.62680,0.00000,0.00000,0.01930,0,-1.00000,665600479616,0.00000
2016,1008,0,1.91980,1.90180,0.19980,0.02520,2560000,-1.00000,665600495859,0.00000
2017,1008,0,2.66120,0.00000,0.00000,0.01880,0,-1.00000,665600524405,0.00000
2018,1009,0,2.02090,1.89690,0.25800,0.02880,2560000,-1.00000,665600541076,0.00000
2019,1009,0,3.16510,0.00000,0.00000,0.01950,0,-1.00000,665600567346,0.00000
2020,1010,0,1.34200,1.86330,0.20680,0.02540,2560000,-1.00000,665600586542,0.00000
2021,1010,0,2.77880,0.00000,0.00000,0.01940,0,-1.00000,665600613156,0.00000
2022,1011,0,4.82570,1.94680,0.36970,0.02820,2560000,-1.00000,665600633368,0.00000
2023,1011,0,3.00530,0.00000,0.00000,0.02220,0,-1.00000,665600665036,0.00000
2024,1012,0,0.47170,2.04140,0.24200,0.02340,2560000,-1.00000,665600678438,0.00000
2025,1012,0,2.99080,0.00000,0.00000,0.02160,0,-1.00000,665600706233,0.00000
2026,1013,0,4.09860,1.88570,0.19570,0.02270,2560000,-1.00000,665600754485,0.00000
2027,1013,0,2.69240,0.00000,0.00000,0.01860,0,-1.00000,665600784552,0.00000
2028,1014,0,0.48549,1.94710,0.21100,0.02230,2560000,-1.00000,665600789256,0.00000
2029,1014,0,2.79060,0.00000,0.00000,0.02170,0,-1.00000,665600819170,0.00000
2030,1015,0,0.84660,2.01650,0.32530,0.02480,2560000,-1.00000,665600860148,0.00000
2031,1015,0,3.11050,0.00000,0.00000,0.02300,0,-1.00000,665600887074,0.00000
2032,1016,0,3.61380,1.95400,0.21430,0.03090,2560000,-1.00000,665600891929,0.00000
2033,1016,0,2.86260,0.00000,0.00000,0.02060,0,-1.00000,665600919838,0.00000
2034,1017,0,4.11410,1.97720,0.22210,0.02100,2560000,-1.00000,665600928293,0.00000
2035,1017,0,2.81050,0.00000,0.00000,0.01860,0,-1.00000,665600959418,0.00000
2036,1018,0,0.55640,2.21080,0.23050,0.03720,2560000,-1.00000,665600995549,0.00000
2037,1018,0,3.34910,0.00000,0.00000,0.02290,0,-1.00000,665601024177,0.00000
2038,1019,0,0.64830,2.10990,0.33370,0.04230,2560000,-1.00000,665601065310,0.00000
2039,1019,0,3.25710,0.00000,0.00000,0.02040,0,-1.00000,665601093417,0.00000
2040,1020,0,0.45660,2.32330,0.25740,0.04050,2560000,-1.00000,665601098976,0.00000
2041,1020,0,3.29840,0.00000,0.00000,0.02180,0,-1.00000,665601132811,0.00000
2042,1021,0,0.59770,2.24740,0.24940,0.03960,2560000,-1.00000,665601138959,0.00000
2043,1021,0,3.48130,0.00000,0.00000,0.02500,0,-1.00000,665601171600,0.00000
2044,1022,0,0.57850,2.20490,0.21420,0.04460,2560000,-1.00000,665601176084,0.00000
2045,1022,0,3.29800,0.00000,0.00000,0.02310,0,-1.00000,665601209095,0.00000
2046,1023,0,0.52950,1.92360,0.26290,0.02690,2560000,-1.00000,665601215051,0.00000
2047,1023,0,2.86340,0.00000,0.00000,0.02670,0,-1.00000,665601249895,0.00000
2048,1024,0,0.44640,2.06430,0.20980,0.03570,2560000,-1.00000,665601255647,0.00000
2049,1024,0,2.99660,0.00000,0.00000,0.02330,0,-1.00000,665601288677,0.00000
2050,1025,0,0.47400,1.98320,0.20690,0.02610,2560000,-1.00000,665601293930,0.00000
2051,1025,0,2.71930,0.00000,0.00000,0.01940,0,-1.00000,665601322581,0.00000
2052,1026,0,1.74610,2.06530,0.20780,0.03050,2560000,-1.00000,665601327018,0.00000
2053,1026,0,3.04060,0.00000,0.00000,0.02490,0,-1.00000,665601357014,0.00000
2054,1027,0,0.61410,1.93600,0.22340,0.02340,2560000,-1.00000,665601361730,0.00000
2055,1027,0,2.82129,0.00000,0.00000,0.01820,0,-1.00000,665601388929,0.00000
2056,1028,0,0.52450,1.93490,0.27010,0.02400,2560000,-1.00000,665601406388,0.00000
2057,1028,0,2.84170,0.00000,0.00000,0.01860,0,-1.00000,665601436837,0.00000
2058,1029,0,3.98770,2.00130,0.19460,0.02410,2560000,-1.00000,665601442927,0.00000
2059,1029,0,2.87970,0.00000,0.00000,0.01910,0,-1.00000,665601471145,0.00000
2060,1030,0,0.49960,1.92910,0.21460,0.02010,2560000,-1.00000,665601476387,0.00000
2061,1030,0,2.80620,0.00000,0.00000,0.01840,0,-1.00000,665601504808,0.00000
2062,1031,0,0.48750,2.09400,0.25630,0.03000,2560000,-1.00000,665601544681,0.00000
2063,1031,0,3.15280,0.00000,0.00000,0.02500,0,-1.00000,665601573491,0.00000
2064,1032,0,0.54040,2.07260,0.22340,0.02450,2560000,-1.00000,665601578472,0.00000
2065,1032,0,2.97480,0.00000,0.00000,0.02630,0,-1.00000,665601606538,0.00000
2066,1033,0,0.46120,2.09270,0.21350,0.02360,2560000,-1.00000,665601611410,0.00000
2067,1033,0,2.96600,0.00000,0.00000,0.01900,0,-1.00000,665601642959,0.00000
2068,1034,0,1.58680,2.05670,0.22950,0.02510,2560000,-1.00000,665601648345,0.00000
2069,1034,0,3.13810,0.00000,0.00000,0.02600,0,-1.00000,665601678265,0.00000
2070,1035,0,1.21230,1.90970,0.20880,0.02360,2560000,-1.00000,665601682705,0.00000
2071,1035,0,2.85400,0.00000,0.00000,0.02280,0,-1.00000,665601712368,0.00000
2072,1036,0,0.51271,2.09640,0.22940,0.02340,2560000,-1.00000,665601728233,0.00000
2073,1036,0,2.96859,0.00000,0.00000,0.01870,0,-1.00000,665601759751,0.00000
2074,1037,0,0.62480,2.12010,0.25320,0.02530,2560000,-1.00000,665601771735,0.00000
2075,1037,0,3.05130,0.00000,0.00000,0.01850,0,-1.00000,665601800287,0.00000
2076,1038,0,3.98070,2.35550,0.20590,0.02760,2560000,-1.00000,665601805403,0.00000
2077,1038,0,3.22450,0.00000,0.00000,0.02160,0,-1.00000,665601835095,0.00000
2078,1039,0,3.47730,2.02780,0.27200,0.03630,2560000,-1.00000,665601841335,0.00000
2079,1039,0,3.09480,0.00000,0.00000,0.08380,0,-1.00000,665601871853,0.00000
2080,1040,0,0.55750,2.32750,0.22460,0.02600,2560000,-1.00000,665601911659,0.00000
2081,1040,0,3.26800,0.00000,0.00000,0.02230,0,-1.00000,665601943907,0.00000
2082,1041,0,0.50650,2.21700,0.18500,0.02100,2560000,-1.00000,665601978672,0.00000
2083,1041,0,3.05890,0.00000,0.00000,0.01920,0,-1.00000,665602009645,0.00000
2084,1042,0,3.20550,2.11230,0.20850,0.02260,2560000,-1.00000,665602015193,0.00000
2085,1042,0,3.02390,0.00000,0.00000,0.01890,0,-1.00000,665602047887,0.00000
2086,1043,0,0.49460,2.11840,0.18950,0.02160,2560000,-1.00000,665602052942,0.00000
2087,1043,0,2.92950,0.00000,0.00000,0.02170,0,-1.00000,665602083533,0.00000
2088,1044,0,0.65330,2.26290,0.19120,0.02240,2560000,-1.00000,665602115585,0.00000
2089,1044,0,3.13279,0.00000,0.00000,0.02170,0,-1.00000,665602145829,0.00000
2090,1045,0,1.22660,2.14840,0.20660,0.02140,2560000,-1.00000,665602150762,0.00000
2091,1045,0,3.02930,0.00000,0.00000,0.02130,0,-1.00000,665602180060,0.00000
2092,1046,0,4.61300,2.29630,0.19570,0.03000,2560000,-1.00000,665602186593,0.00000
2093,1046,0,3.16250,0.00000,0.00000,0.02300,0,-1.00000,665602217931,0.00000
2094,1047,0,0.44190,2.18350,0.21980,0.02640,2560000,-1.00000,665602230193,0.00000
2095,1047,0,3.06680,0.00000,0.00000,0.02320,0,-1.00000,665602260482,0.00000
2096,1048,0,0.43800,2.12850,0.29320,0.02880,2560000,-1.00000,665602306617,0.00000
2097,1048,0,3.03580,0.00000,0.00000,0.01910,0,-1.00000,665602338240,0.00000
2098,1049,0,0.49550,2.23050,0.24090,0.03570,2560000,-1.00000,665602342658,0.00000
2099,1049,0,3.14560,0.00000,0.00000,0.02540,0,-1.00000,665602373349,0.00000
2100,1050,0,1.51380,2.13270,0.23960,0.03620,2560000,-1.00000,665602377707,0.00000
