frame,tick,dropped_ticks,frame_ms,pack_ms,upload_ms,submit_ms,upload_bytes,latest_gpu_ms,gpu_timing_timestamp,simulation_cpu_ms
301,150,0,4.63720,0.00000,0.00000,0.02360,0,-1.00000,666261576709,0.00000
302,151,0,1.20699,3.19770,0.13110,0.02150,3840000,-1.00000,666261617369,0.00000
303,151,0,4.00940,0.00000,0.00000,0.02040,0,-1.00000,666261665829,0.00000
304,152,0,4.23930,3.45760,0.15500,0.02940,3840000,-1.00000,666261671304,0.00000
305,152,0,4.31420,0.00000,0.00000,0.02360,0,-1.00000,666261717688,0.00000
306,153,0,0.53450,3.36930,0.16900,0.02250,3840000,-1.00000,666261729742,0.00000
307,153,0,4.19629,0.00000,0.00000,0.02590,0,-1.00000,666261769842,0.00000
308,154,0,3.87920,3.58950,0.26050,0.05140,3840000,-1.00000,666261812233,0.00000
309,154,0,4.79470,0.00000,0.00000,0.02280,0,-1.00000,666261855376,0.00000
310,155,0,1.42440,3.38020,0.15960,0.02370,3840000,-1.00000,666261860714,0.00000
311,155,0,4.26229,0.00000,0.00000,0.01900,0,-1.00000,666261902685,0.00000
312,156,0,0.48151,3.16500,0.14060,0.02120,3840000,-1.00000,666261941471,0.00000
313,156,0,3.97060,0.00000,0.00000,0.01920,0,-1.00000,666261989444,0.00000
314,157,0,4.33320,3.13210,0.18330,0.02620,3840000,-1.00000,666262003660,0.00000
315,157,0,4.03630,0.00000,0.00000,0.01840,0,-1.00000,666262046290,0.00000
316,158,0,5.70371,3.16710,0.22520,0.05230,3840000,-1.00000,666262051099,0.00000
317,158,0,4.14300,0.00000,0.00000,0.02790,0,-1.00000,666262090812,0.00000
318,159,0,0.57910,3.49790,0.22820,0.02800,3840000,-1.00000,666262134143,0.00000
319,159,0,4.45660,0.00000,0.00000,0.01930,0,-1.00000,666262174505,0.00000
320,160,0,0.46070,3.49500,0.32310,0.05960,3840000,-1.00000,666262231537,0.00000
321,160,0,5.16939,0.00000,0.00000,0.02530,0,-1.00000,666262272976,0.00000
322,161,0,1.41330,3.67280,0.18530,0.03750,3840000,-1.00000,666262278757,0.00000
323,161,0,4.67510,0.00000,0.00000,0.02600,0,-1.00000,666262323334,0.00000
324,162,0,6.08330,3.16520,0.18210,0.03240,3840000,-1.00000,666262328059,0.00000
325,162,0,4.00090,0.00000,0.00000,0.01830,0,-1.00000,666262379680,0.00000
326,163,0,4.44620,3.33100,0.22590,0.06200,3840000,-1.00000,666262393779,0.00000
327,163,0,4.55270,0.00000,0.00000,0.03190,0,-1.00000,666262440529,0.00000
328,164,0,0.58369,3.38950,0.30860,0.02910,3840000,-1.00000,666262501348,0.00000
329,164,0,4.48061,0.00000,0.00000,0.02240,0,-1.00000,666262541351,0.00000
330,165,0,1.32880,3.44550,0.19410,0.03180,3840000,-1.00000,666262585882,0.00000
331,165,0,4.39480,0.00000,0.00000,0.02300,0,-1.00000,666262631380,0.00000
332,166,0,0.70090,3.39550,0.33800,0.06420,3840000,-1.00000,666262637176,0.00000
333,166,0,4.72800,0.00000,0.00000,0.02290,0,-1.00000,666262681994,0.00000
334,167,0,0.55160,3.42280,0.23670,0.03220,3840000,-1.00000,666262695270,0.00000
335,167,0,4.51380,0.00000,0.00000,0.03380,0,-1.00000,666262739240,0.00000
336,168,0,0.51730,3.36600,0.16540,0.02610,3840000,-1.00000,666262746227,0.00000
337,168,0,4.16540,0.00000,0.00000,0.02230,0,-1.00000,666262793555,0.00000
338,169,0,1.80920,3.18780,0.19020,0.02210,3840000,-1.00000,666262799035,0.00000
339,169,0,4.04709,0.00000,0.00000,0.02240,0,-1.00000,666262844181,0.00000
340,170,0,2.49550,3.47090,0.24460,0.04480,3840000,-1.00000,666262849335,0.00000
341,170,0,4.51840,0.00000,0.00000,0.02330,0,-1.00000,666262891001,0.00000
342,171,0,5.12120,3.46580,0.16640,0.02350,3840000,-1.00000,666262909084,0.00000
343,171,0,4.33420,0.00000,0.00000,0.01920,0,-1.00000,666262949558,0.00000
344,172,0,5.09460,3.57640,0.24390,0.04450,3840000,-1.00000,666262974508,0.00000
345,172,0,4.66950,0.00000,0.00000,0.02220,0,-1.00000,666263019721,0.00000
346,173,0,0.55420,3.38860,0.17370,0.02180,3840000,-1.00000,666263070907,0.00000
347,173,0,4.14860,0.00000,0.00000,0.02130,0,-1.00000,666263114250,0.00000
348,174,0,0.43320,3.26470,0.24200,0.03000,3840000,-1.00000,666263165193,0.00000
349,174,0,4.38880,0.00000,0.00000,0.01970,0,-1.00000,666263211918,0.00000
350,175,0,0.52319,3.21010,0.20590,0.03300,3840000,-1.00000,666263217429,0.00000
351,175,0,4.17251,0.00000,0.00000,0.01870,0,-1.00000,666263258921,0.00000
352,176,0,0.44820,3.31140,0.14130,0.02100,3840000,-1.00000,666263263244,0.00000
353,176,0,4.09850,0.00000,0.00000,0.01870,0,-1.00000,666263307155,0.00000
354,177,0,0.47670,3.49270,0.18130,0.03860,3840000,-1.00000,666263312368,0.00000
355,177,0,4.56900,0.00000,0.00000,0.02260,0,-1.00000,666263354104,0.00000
356,178,0,0.68820,3.41360,0.24900,0.03100,3840000,-1.00000,666263358572,0.00000
357,178,0,4.46290,0.00000,0.00000,0.02560,0,-1.00000,666263399559,0.00000
358,179,0,0.45520,3.39150,0.20850,0.03130,3840000,-1.00000,666263404322,0.00000
359,179,0,4.72720,0.00000,0.00000,0.01960,0,-1.00000,666263450054,0.00000
360,180,0,0.48110,3.43880,0.19450,0.02550,3840000,-1.00000,666263456896,0.00000
361,180,0,4.28819,0.00000,0.00000,0.02260,0,-1.00000,666263501555,0.00000
362,181,0,4.91060,3.35400,0.21990,0.04660,3840000,-1.00000,666263506078,0.00000
363,181,0,4.37990,0.00000,0.00000,0.02480,0,-1.00000,666263553365,0.00000
364,182,0,3.36610,3.18450,0.18820,0.02550,3840000,-1.00000,666263558209,0.00000
365,182,0,4.08310,0.00000,0.00000,0.02260,0,-1.00000,666263601057,0.00000
366,183,0,0.48870,3.52610,0.24530,0.03740,3840000,-1.00000,666263650156,0.00000
367,183,0,4.64620,0.00000,0.00000,0.01920,0,-1.00000,666263693976,0.00000
368,184,0,0.46060,3.48240,0.30720,0.04890,3840000,-1.00000,666263727609,0.00000
369,184,0,4.67580,0.00000,0.00000,0.02130,0,-1.00000,666263768443,0.00000
370,185,0,0.48990,3.27910,0.17790,0.02230,3840000,-1.00000,666263773326,0.00000
371,185,0,4.61800,0.00000,0.00000,0.01580,0,-1.00000,666263819812,0.00000
372,186,0,1.61400,3.38070,0.26100,0.04740,3840000,-1.00000,666263824396,0.00000
373,186,0,4.38410,0.00000,0.00000,0.01930,0,-1.00000,666263871186,0.00000
374,187,0,0.39301,3.46980,0.22890,0.03090,3840000,-1.00000,666263876046,0.00000
375,187,0,4.47659,0.00000,0.00000,0.01920,0,-1.00000,666263922237,0.00000
376,188,0,0.47130,3.34230,0.23920,0.02590,3840000,-1.00000,666263938369,0.00000
377,188,0,4.26780,0.00000,0.00000,0.02160,0,-1.00000,666263982236,0.00000
378,189,0,5.61830,3.34040,0.14910,0.02740,3840000,-1.00000,666263986143,0.00000
379,189,0,4.08559,0.00000,0.00000,0.02080,0,-1.00000,666264030921,0.00000
380,190,0,5.45940,3.35200,0.21420,0.04800,3840000,-1.00000,666264035615,0.00000
381,190,0,4.43280,0.00000,0.00000,0.02140,0,-1.00000,666264078307,0.00000
382,191,0,0.46950,3.36180,0.19340,0.02420,3840000,-1.00000,666264134484,0.00000
383,191,0,4.27290,0.00000,0.00000,0.02260,0,-1.00000,666264175339,0.00000
384,192,0,0.61930,3.34070,0.17640,0.03090,3840000,-1.00000,666264229978,0.00000
385,192,0,4.30490,0.00000,0.00000,0.02060,0,-1.00000,666264274273,0.00000
386,193,0,0.48710,3.43720,0.20260,0.02520,3840000,-1.00000,666264278957,0.00000
387,193,0,4.34440,0.00000,0.00000,0.02110,0,-1.00000,666264321703,0.00000
388,194,0,0.38570,3.33940,0.24210,0.03840,3840000,-1.00000,666264327882,0.00000
389,194,0,4.40010,0.00000,0.00000,0.02250,0,-1.00000,666264370938,0.00000
390,195,0,2.09790,3.39760,0.29120,0.02440,3840000,-1.00000,666264375795,0.00000
391,195,0,4.29060,0.00000,0.00000,0.02150,0,-1.00000,666264419250,0.00000
392,196,0,2.14560,3.37230,0.19200,0.02650,3840000,-1.00000,666264423096,0.00000
393,196,0,4.16930,0.00000,0.00000,0.02200,0,-1.00000,666264467119,0.00000
394,197,0,5.48209,3.35530,0.21680,0.04500,3840000,-1.00000,666264488078,0.00000
395,197,0,4.33900,0.00000,0.00000,0.02330,0,-1.00000,666264530989,0.00000
396,198,0,0.48150,3.45090,0.19230,0.02230,3840000,-1.00000,666264552440,0.00000
397,198,0,4.28761,0.00000,0.00000,0.02280,0,-1.00000,666264594143,0.00000
398,199,0,0.49719,3.45370,0.18540,0.02320,3840000,-1.00000,666264648983,0.00000
399,199,0,4.18160,0.00000,0.00000,0.01870,0,-1.00000,666264692353,0.00000
400,200,0,0.42150,3.31320,0.28940,0.02320,3840000,-1.00000,666264697159,0.00000
401,200,0,4.19700,0.00000,0.00000,0.02110,0,-1.00000,666264740171,0.00000
402,201,0,0.79830,3.39770,0.19980,0.04080,3840000,-1.00000,666264745006,0.00000
403,201,0,4.45280,0.00000,0.00000,0.04170,0,-1.00000,666264786820,0.00000
404,202,0,2.12480,3.35120,0.18630,0.02960,3840000,-1.00000,666264791040,0.00000
405,202,0,4.30990,0.00000,0.00000,0.02090,0,-1.00000,666264833009,0.00000
406,203,0,2.01380,3.34700,0.21580,0.03590,3840000,-1.00000,666264840984,0.00000
407,203,0,4.56100,0.00000,0.00000,0.02180,0,-1.00000,666264885543,0.00000
408,204,0,5.02701,3.39800,0.28000,0.04100,3840000,-1.00000,666264906881,0.00000
409,204,0,4.50310,0.00000,0.00000,0.02430,0,-1.00000,666264949871,0.00000
410,205,0,0.47610,3.40200,0.24540,0.02170,3840000,-1.00000,666264970003,0.00000
411,205,0,4.71230,0.00000,0.00000,0.01880,0,-1.00000,666265015648,0.00000
412,206,0,0.48440,3.30830,0.15070,0.02200,3840000,-1.00000,666265065898,0.00000
413,206,0,5.92919,0.00000,0.00000,0.02240,0,-1.00000,666265110929,0.00000
414,207,0,6.36361,3.50120,0.18120,0.03940,3840000,-1.00000,666265115675,0.00000
415,207,0,4.61270,0.00000,0.00000,0.02250,0,-1.00000,666265162802,0.00000
416,208,0,4.99210,3.10260,0.21710,0.02540,3840000,-1.00000,666265167640,0.00000
417,208,0,3.98150,0.00000,0.00000,0.01850,0,-1.00000,666265226950,0.00000
418,209,0,5.48610,3.54010,0.19820,0.03910,3840000,-1.00000,666265290574,0.00000
419,209,0,4.72659,0.00000,0.00000,0.02520,0,-1.00000,666265336727,0.00000
420,210,0,0.46200,3.16430,0.17960,0.02220,3840000,-1.00000,666265386624,0.00000
421,210,0,3.97330,0.00000,0.00000,0.02930,0,-1.00000,666265426436,0.00000
422,211,0,0.49090,3.34960,0.17090,0.02230,3840000,-1.00000,666265481298,0.00000
423,211,0,4.20070,0.00000,0.00000,0.01850,0,-1.00000,666265528585,0.00000
424,212,0,0.41080,3.18490,0.20110,0.03270,3840000,-1.00000,666265533183,0.00000
425,212,0,4.34650,0.00000,0.00000,0.02240,0,-1.00000,666265572914,0.00000
426,213,0,0.96340,3.29400,0.22260,0.03280,3840000,-1.00000,666265577821,0.00000
427,213,0,4.27560,0.00000,0.00000,0.02200,0,-1.00000,666265619832,0.00000
428,214,0,5.22200,3.39450,0.24450,0.03610,3840000,-1.00000,666265623930,0.00000
429,214,0,4.37800,0.00000,0.00000,0.02050,0,-1.00000,666265667427,0.00000
430,215,0,2.30160,3.16820,0.19480,0.02210,3840000,-1.00000,666265677089,0.00000
431,215,0,4.01260,0.00000,0.00000,0.02120,0,-1.00000,666265719804,0.00000
432,216,0,0.45520,3.36020,0.21740,0.03890,3840000,-1.00000,666265772021,0.00000
433,216,0,4.30930,0.00000,0.00000,0.01870,0,-1.00000,666265815804,0.00000
434,217,0,0.48930,3.40810,0.23500,0.03720,3840000,-1.00000,666265838809,0.00000
435,217,0,4.37280,0.00000,0.00000,0.02850,0,-1.00000,666265878935,0.00000
436,218,0,0.48350,3.29090,0.17320,0.02550,3840000,-1.00000,666265883485,0.00000
437,218,0,4.22600,0.00000,0.00000,0.01930,0,-1.00000,666265926599,0.00000
438,219,0,0.48390,3.26720,0.19930,0.02200,3840000,-1.00000,666265931476,0.00000
439,219,0,4.26310,0.00000,0.00000,0.01730,0,-1.00000,666265975227,0.00000
440,220,0,0.57611,3.34000,0.24220,0.04470,3840000,-1.00000,666265980040,0.00000
441,220,0,4.93180,0.00000,0.00000,0.02070,0,-1.00000,666266022306,0.00000
442,221,0,6.58190,3.31490,0.18250,0.02710,3840000,-1.00000,666266027134,0.00000
443,221,0,4.25200,0.00000,0.00000,0.01860,0,-1.00000,666266069766,0.00000
444,222,0,0.48140,3.38740,0.19460,0.02340,3840000,-1.00000,666266075522,0.00000
445,222,0,4.20180,0.00000,0.00000,0.01870,0,-1.00000,666266124878,0.00000
446,223,0,0.45880,3.27430,0.19020,0.02530,3840000,-1.00000,666266190671,0.00000
447,223,0,4.21210,0.00000,0.00000,0.02120,0,-1.00000,666266233195,0.00000
448,224,0,0.39910,3.25550,0.16840,0.02790,3840000,-1.00000,666266237998,0.00000
449,224,0,8.35520,0.00000,0.00000,0.02900,0,-1.00000,666266280023,0.00000
450,225,0,0.50540,3.14620,0.20030,0.02450,3840000,-1.00000,666266284602,0.00000
451,225,0,4.01520,0.00000,0.00000,0.01870,0,-1.00000,666266326735,0.00000
452,226,0,4.95640,3.16630,0.18450,0.03820,3840000,-1.00000,666266330711,0.00000
453,226,0,4.25370,0.00000,0.00000,0.02060,0,-1.00000,666266414291,0.00000
454,227,0,2.22420,3.07300,0.17400,0.02480,3840000,-1.00000,666266419323,0.00000
455,227,0,3.85930,0.00000,0.00000,0.01870,0,-1.00000,666266459479,0.00000
456,228,0,5.70550,3.27000,0.21470,0.03890,3840000,-1.00000,666266509047,0.00000
457,228,0,4.22090,0.00000,0.00000,0.02000,0,-1.00000,666266551588,0.00000
458,229,0,5.18510,3.09900,0.21710,0.06420,3840000,-1.00000,666266573816,0.00000
459,229,0,4.18830,0.00000,0.00000,0.02390,0,-1.00000,666266612413,0.00000
460,230,0,0.44210,3.16680,0.18320,0.02150,3840000,-1.00000,666266669480,0.00000
461,230,0,3.94590,0.00000,0.00000,0.01820,0,-1.00000,666266711681,0.00000
462,231,0,0.37200,3.24070,0.17230,0.02110,3840000,-1.00000,666266763550,0.00000
463,231,0,4.03029,0.00000,0.00000,0.01690,0,-1.00000,666266805426,0.00000
464,232,0,0.37860,3.17340,0.24760,0.03040,3840000,-1.00000,666266809825,0.00000
465,232,0,4.14630,0.00000,0.00000,0.01890,0,-1.00000,666266849285,0.00000
466,233,0,1.68370,3.24190,0.19560,0.03490,3840000,-1.00000,666266853005,0.00000
467,233,0,4.28750,0.00000,0.00000,0.02210,0,-1.00000,666266893311,0.00000
468,234,0,0.48050,3.25980,0.20610,0.03040,3840000,-1.00000,666266897089,0.00000
469,234,0,4.39370,0.00000,0.00000,0.01770,0,-1.00000,666266938589,0.00000
470,235,0,0.42580,3.22290,0.17280,0.02130,3840000,-1.00000,666266955408,0.00000
471,235,0,3.96030,0.00000,0.00000,0.01750,0,-1.00000,666266998289,0.00000
472,236,0,5.57970,3.10220,0.18200,0.03600,3840000,-1.00000,666267003081,0.00000
473,236,0,4.31440,0.00000,0.00000,0.02210,0,-1.00000,666267047027,0.00000
474,237,0,0.46580,3.06010,0.18260,0.02170,3840000,-1.00000,666267051269,0.00000
475,237,0,3.85320,0.00000,0.00000,0.01990,0,-1.00000,666267090874,0.00000
476,238,0,0.40760,3.09560,0.16200,0.01900,3840000,-1.00000,666267146668,0.00000
477,238,0,3.83110,0.00000,0.00000,0.01800,0,-1.00000,666267189846,0.00000
478,239,0,0.42129,3.28280,0.21550,0.04350,3840000,-1.00000,666267194474,0.00000
479,239,0,4.27000,0.00000,0.00000,0.02030,0,-1.00000,666267233013,0.00000
480,240,0,4.93210,3.16030,0.25580,0.11990,3840000,-1.00000,666267237075,0.00000
481,240,0,4.21000,0.00000,0.00000,0.02000,0,-1.00000,666267275392,0.00000
482,241,0,5.21260,3.07230,0.17820,0.03870,3840000,-1.00000,666267279606,0.00000
483,241,0,3.90690,0.00000,0.00000,0.02090,0,-1.00000,666267322328,0.00000
484,242,0,5.83020,3.24520,0.23980,0.04210,3840000,-1.00000,666267371642,0.00000
485,242,0,4.21380,0.00000,0.00000,0.02060,0,-1.00000,666267413735,0.00000
486,243,0,0.47570,3.16120,0.16850,0.02020,3840000,-1.00000,666267465852,0.00000
487,243,0,3.91460,0.00000,0.00000,0.02190,0,-1.00000,666267504928,0.00000
488,244,0,0.56070,3.11570,0.27670,0.04060,3840000,-1.00000,666267563247,0.00000
489,244,0,4.14480,0.00000,0.00000,0.02110,0,-1.00000,666267605365,0.00000
490,245,0,9.18650,3.27540,0.21030,0.04590,3840000,-1.00000,666267610112,0.00000
491,245,0,4.36181,0.00000,0.00000,0.01820,0,-1.00000,666267649268,0.00000
492,246,0,5.00540,3.41550,0.20910,0.03940,3840000,-1.00000,666267654873,0.00000
493,246,0,4.33620,0.00000,0.00000,0.02020,0,-1.00000,666267696334,0.00000
494,247,0,0.43060,3.26830,0.41760,0.04000,3840000,-1.00000,666267788218,0.00000
495,247,0,4.45150,0.00000,0.00000,0.02100,0,-1.00000,666267831816,0.00000
496,248,0,0.53440,3.40720,0.20330,0.02470,3840000,-1.00000,666267881861,0.00000
497,248,0,4.28780,0.00000,0.00000,0.01830,0,-1.00000,666267925227,0.00000
498,249,0,0.43360,3.03490,0.15490,0.01790,3840000,-1.00000,666267929520,0.00000
499,249,0,3.81880,0.00000,0.00000,0.01650,0,-1.00000,666267974142,0.00000
500,250,0,0.91170,3.17490,0.15250,0.02100,3840000,-1.00000,666267979392,0.00000
501,250,0,3.92900,0.00000,0.00000,0.01820,0,-1.00000,666268022264,0.00000
502,251,0,3.94890,3.17020,0.20370,0.03050,3840000,-1.00000,666268026591,0.00000
503,251,0,4.10830,0.00000,0.00000,0.01970,0,-1.00000,666268064783,0.00000
504,252,0,0.47510,3.16800,0.33000,0.03710,3840000,-1.00000,666268073902,0.00000
505,252,0,4.25641,0.00000,0.00000,0.01780,0,-1.00000,666268113187,0.00000
506,253,0,2.47659,3.20910,0.18150,0.02560,3840000,-1.00000,666268152689,0.00000
507,253,0,4.11760,0.00000,0.00000,0.01890,0,-1.00000,666268193768,0.00000
508,254,0,0.35980,3.46670,0.20460,0.04310,3840000,-1.00000,666268198513,0.00000
509,254,0,4.98100,0.00000,0.00000,0.02000,0,-1.00000,666268241096,0.00000
510,255,0,0.41430,3.30250,0.20840,0.03960,3840000,-1.00000,666268265844,0.00000
511,255,0,4.25550,0.00000,0.00000,0.01770,0,-1.00000,666268307030,0.00000
512,256,0,1.82270,3.18140,0.18140,0.02440,3840000,-1.00000,666268310615,0.00000
513,256,0,4.07320,0.00000,0.00000,0.02210,0,-1.00000,666268360447,0.00000
514,257,0,0.42730,3.23400,0.13590,0.02320,3840000,-1.00000,666268364570,0.00000
515,257,0,3.99040,0.00000,0.00000,0.02090,0,-1.00000,666268407146,0.00000
516,258,0,4.21120,3.28550,0.18980,0.02500,3840000,-1.00000,666268425357,0.00000
517,258,0,4.04210,0.00000,0.00000,0.02060,0,-1.00000,666268466094,0.00000
518,259,0,0.37940,3.38410,0.20130,0.03570,3840000,-1.00000,666268470360,0.00000
519,259,0,4.30990,0.00000,0.00000,0.02170,0,-1.00000,666268510269,0.00000
520,260,0,0.48090,3.18160,0.20110,0.02570,3840000,-1.00000,666268552376,0.00000
521,260,0,4.00371,0.00000,0.00000,0.01740,0,-1.00000,666268592805,0.00000
522,261,0,6.30690,3.01060,0.16060,0.02370,3840000,-1.00000,666268596584,0.00000
523,261,0,3.76600,0.00000,0.00000,0.01660,0,-1.00000,666268639719,0.00000
524,262,0,2.67370,3.14780,0.23170,0.03750,3840000,-1.00000,666268644540,0.00000
525,262,0,4.15620,0.00000,0.00000,0.01820,0,-1.00000,666268684537,0.00000
526,263,0,5.26630,3.03940,0.17610,0.02970,3840000,-1.00000,666268747606,0.00000
527,263,0,3.95070,0.00000,0.00000,0.01800,0,-1.00000,666268785271,0.00000
528,264,0,0.42310,3.18700,0.15440,0.02510,3840000,-1.00000,666268812009,0.00000
529,264,0,3.98390,0.00000,0.00000,0.02120,0,-1.00000,666268853569,0.00000
530,265,0,1.04170,3.21350,0.18240,0.02780,3840000,-1.00000,666268906229,0.00000
531,265,0,4.13750,0.00000,0.00000,0.02100,0,-1.00000,666268945739,0.00000
532,266,0,5.65390,3.27240,0.19550,0.03960,3840000,-1.00000,666268949961,0.00000
533,266,0,4.18110,0.00000,0.00000,0.01850,0,-1.00000,666268989816,0.00000
534,267,0,0.43289,3.20810,0.16260,0.01850,3840000,-1.00000,666269000224,0.00000
535,267,0,3.93300,0.00000,0.00000,0.01690,0,-1.00000,666269041604,0.00000
536,268,0,0.51250,3.23640,0.20860,0.03580,3840000,-1.00000,666269098152,0.00000
537,268,0,4.24841,0.00000,0.00000,0.01790,0,-1.00000,666269139955,0.00000
538,269,0,1.00310,3.23900,0.20100,0.03200,3840000,-1.00000,666269144272,0.00000
539,269,0,4.22840,0.00000,0.00000,0.02260,0,-1.00000,666269183600,0.00000
540,270,0,0.44560,3.27410,0.19760,0.03690,3840000,-1.00000,666269188729,0.00000
541,270,0,4.17470,0.00000,0.00000,0.01690,0,-1.00000,666269231234,0.00000
542,271,0,0.40300,3.22050,0.16010,0.02130,3840000,-1.00000,666269241249,0.00000
543,271,0,3.91920,0.00000,0.00000,0.01710,0,-1.00000,666269283534,0.00000
544,272,0,4.43501,3.26050,0.20030,0.03740,3840000,-1.00000,666269287988,0.00000
545,272,0,4.11600,0.00000,0.00000,0.01690,0,-1.00000,666269329744,0.00000
546,273,0,0.43580,3.23310,0.15260,0.02350,3840000,-1.00000,666269333756,0.00000
547,273,0,3.93870,0.00000,0.00000,0.02450,0,-1.00000,666269372962,0.00000
548,274,0,1.23250,3.28440,0.16360,0.03300,3840000,-1.00000,666269417308,0.00000
549,274,0,4.01880,0.00000,0.00000,0.01810,0,-1.00000,666269458469,0.00000
550,275,0,5.43870,3.20770,0.14150,0.01970,3840000,-1.00000,666269462815,0.00000
551,275,0,3.96310,0.00000,0.00000,0.02980,0,-1.00000,666269502214,0.00000
552,276,0,0.47120,3.38960,0.20830,0.04100,3840000,-1.00000,666269514532,0.00000
553,276,0,4.42710,0.00000,0.00000,0.01610,0,-1.00000,666269554719,0.00000
554,277,0,0.44430,3.07750,0.17680,0.06780,3840000,-1.00000,666269609107,0.00000
555,277,0,3.98940,0.00000,0.00000,0.01700,0,-1.00000,666269648789,0.00000
556,278,0,2.87290,3.04070,0.16600,0.02080,3840000,-1.00000,666269653452,0.00000
557,278,0,3.92010,0.00000,0.00000,0.01840,0,-1.00000,666269697743,0.00000
558,279,0,2.29651,3.26640,0.21180,0.04010,3840000,-1.00000,666269702160,0.00000
559,279,0,4.29439,0.00000,0.00000,0.01660,0,-1.00000,666269742060,0.00000
560,280,0,2.27760,3.18580,0.17420,0.02210,3840000,-1.00000,666269770783,0.00000
561,280,0,4.02560,0.00000,0.00000,0.01710,0,-1.00000,666269809991,0.00000
562,281,0,0.39530,3.32090,0.21250,0.04490,3840000,-1.00000,666269832952,0.00000
563,281,0,8.23270,0.00000,0.00000,0.02210,0,-1.00000,666269875919,0.00000
564,282,0,0.43710,3.19180,0.18740,0.02170,3840000,-1.00000,666269898674,0.00000
565,282,0,3.94930,0.00000,0.00000,0.01880,0,-1.00000,666269938933,0.00000
566,283,0,2.08380,3.59900,0.20720,0.03450,3840000,-1.00000,666269942880,0.00000
567,283,0,4.73200,0.00000,0.00000,0.02780,0,-1.00000,666270025245,0.00000
568,284,0,0.70240,3.15230,0.18470,0.02310,3840000,-1.00000,666270029584,0.00000
569,284,0,4.04571,0.00000,0.00000,0.01970,0,-1.00000,666270069076,0.00000
570,285,0,3.15740,3.14760,0.13660,0.02130,3840000,-1.00000,666270089919,0.00000
571,285,0,3.96450,0.00000,0.00000,0.01990,0,-1.00000,666270137254,0.00000
572,286,0,2.27940,3.07030,0.18830,0.04240,3840000,-1.00000,666270144257,0.00000
573,286,0,4.06280,0.00000,0.00000,0.02250,0,-1.00000,666270184715,0.00000
574,287,0,2.45381,2.97760,0.22220,0.03330,3840000,-1.00000,666270216287,0.00000
575,287,0,4.71229,0.00000,0.00000,0.01880,0,-1.00000,666270255934,0.00000
576,288,0,1.58930,3.10240,0.18900,0.02560,3840000,-1.00000,666270278737,0.00000
577,288,0,4.01190,0.00000,0.00000,0.01690,0,-1.00000,666270319374,0.00000
578,289,0,0.78390,2.94720,0.18850,0.02220,3840000,-1.00000,666270343917,0.00000
579,289,0,3.77430,0.00000,0.00000,0.01750,0,-1.00000,666270391022,0.00000
580,290,0,7.55200,2.95050,0.28300,0.04480,3840000,-1.00000,666270406911,0.00000
581,290,0,3.98360,0.00000,0.00000,0.01970,0,-1.00000,666270447050,0.00000
582,291,0,0.43670,3.26910,0.20190,0.03870,3840000,-1.00000,666270454865,0.00000
583,291,0,4.23110,0.00000,0.00000,0.01790,0,-1.00000,666270492612,0.00000
584,292,0,0.43000,3.14910,0.20180,0.03090,3840000,-1.00000,666270568150,0.00000
585,292,0,4.07240,0.00000,0.00000,0.02190,0,-1.00000,666270607969,0.00000
586,293,0,2.64270,3.13100,0.20260,0.03190,3840000,-1.00000,666270612335,0.00000
587,293,0,4.02650,0.00000,0.00000,0.01810,0,-1.00000,666270654661,0.00000
588,294,0,2.47750,3.36460,0.18660,0.02520,3840000,-1.00000,666270658941,0.00000
589,294,0,4.24040,0.00000,0.00000,0.01780,0,-1.00000,666270699683,0.00000
590,295,0,5.31580,3.32140,0.22650,0.04350,3840000,-1.00000,666270726100,0.00000
591,295,0,4.44089,0.00000,0.00000,0.02200,0,-1.00000,666270766371,0.00000
592,296,0,5.13321,3.22670,0.19900,0.05170,3840000,-1.00000,666270791137,0.00000
593,296,0,4.30700,0.00000,0.00000,0.02150,0,-1.00000,666270833538,0.00000
594,297,0,0.47409,3.20180,0.32780,0.04770,3840000,-1.00000,666270886704,0.00000
595,297,0,4.27500,0.00000,0.00000,0.02360,0,-1.00000,666270931115,0.00000
596,298,0,0.56680,3.88470,0.43830,0.07150,3840000,-1.00000,666270982457,0.00000
597,298,0,5.21400,0.00000,0.00000,0.02910,0,-1.00000,666271025534,0.00000
598,299,0,1.16330,3.31480,0.27670,0.02540,3840000,-1.00000,666271030243,0.00000
599,299,0,4.16500,0.00000,0.00000,0.01970,0,-1.00000,666271073022,0.00000
600,300,0,2.24900,3.26970,0.15760,0.02420,3840000,-1.00000,666271078668,0.00000
601,300,0,4.05920,0.00000,0.00000,0.01790,0,-1.00000,666271130845,0.00000
602,301,0,0.35940,3.17570,0.15470,0.02430,3840000,-1.00000,666271142442,0.00000
603,301,0,3.99700,0.00000,0.00000,0.01900,0,-1.00000,666271184091,0.00000
604,302,0,5.54340,3.33780,0.21100,0.03890,3840000,-1.00000,666271206586,0.00000
605,302,0,4.36910,0.00000,0.00000,0.02250,0,-1.00000,666271247170,0.00000
606,303,0,0.48780,3.12960,0.23330,0.02180,3840000,-1.00000,666271250759,0.00000
607,303,0,4.00230,0.00000,0.00000,0.01730,0,-1.00000,666271290740,0.00000
608,304,0,0.41920,3.13520,0.15520,0.02090,3840000,-1.00000,666271346182,0.00000
609,304,0,3.84800,0.00000,0.00000,0.01830,0,-1.00000,666271389864,0.00000
610,305,0,0.43670,3.09520,0.15040,0.01880,3840000,-1.00000,666271394733,0.00000
611,305,0,3.89780,0.00000,0.00000,0.01990,0,-1.00000,666271434763,0.00000
612,306,0,3.73500,3.14840,0.16890,0.02530,3840000,-1.00000,666271438947,0.00000
613,306,0,3.93910,0.00000,0.00000,0.01790,0,-1.00000,666271477446,0.00000
614,307,0,2.58740,3.15950,0.16880,0.02630,3840000,-1.00000,666271481795,0.00000
615,307,0,3.99810,0.00000,0.00000,0.01650,0,-1.00000,666271520778,0.00000
616,308,0,5.45779,3.00490,0.22860,0.03180,3840000,-1.00000,666271558124,0.00000
617,308,0,3.91541,0.00000,0.00000,0.01930,0,-1.00000,666271597525,0.00000
618,309,0,0.48330,3.17150,0.17550,0.03600,3840000,-1.00000,666271623391,0.00000
619,309,0,4.02570,0.00000,0.00000,0.01960,0,-1.00000,666271663384,0.00000
620,310,0,1.25519,3.17680,0.23460,0.02770,3840000,-1.00000,666271717961,0.00000
621,310,0,4.09770,0.00000,0.00000,0.02060,0,-1.00000,666271757126,0.00000
622,311,0,0.44270,3.19270,0.16380,0.02350,3840000,-1.00000,666271761934,0.00000
623,311,0,4.95490,0.00000,0.00000,0.01840,0,-1.00000,666271802204,0.00000
624,312,0,3.18090,3.14690,0.29250,0.03860,3840000,-1.00000,666271814746,0.00000
625,312,0,4.25540,0.00000,0.00000,0.02010,0,-1.00000,666271855743,0.00000
626,313,0,1.98790,3.12680,0.23740,0.04270,3840000,-1.00000,666271860148,0.00000
627,313,0,4.31740,0.00000,0.00000,0.02260,0,-1.00000,666271909709,0.00000
628,314,0,2.40660,3.16690,0.20020,0.02560,3840000,-1.00000,666271941512,0.00000
629,314,0,4.06120,0.00000,0.00000,0.01760,0,-1.00000,666271984086,0.00000
630,315,0,5.35330,2.96450,0.24360,0.03400,3840000,-1.00000,666272003946,0.00000
631,315,0,3.97230,0.00000,0.00000,0.02250,0,-1.00000,666272047138,0.00000
632,316,0,2.43460,2.97560,0.20990,0.02570,3840000,-1.00000,666272071180,0.00000
633,316,0,3.85790,0.00000,0.00000,0.01830,0,-1.00000,666272111799,0.00000
634,317,0,5.75860,3.24860,0.28300,0.05960,3840000,-1.00000,666272165335,0.00000
635,317,0,4.58690,0.00000,0.00000,0.02390,0,-1.00000,666272205059,0.00000
636,318,0,0.63310,2.97520,0.20250,0.02860,3840000,-1.00000,666272229393,0.00000
637,318,0,3.80960,0.00000,0.00000,0.02060,0,-1.00000,666272267978,0.00000
638,319,0,0.40370,3.02160,0.20360,0.02280,3840000,-1.00000,666272325591,0.00000
639,319,0,3.78510,0.00000,0.00000,0.01910,0,-1.00000,666272371473,0.00000
640,320,0,0.41530,2.94690,0.19480,0.02530,3840000,-1.00000,666272377771,0.00000
641,320,0,3.84790,0.00000,0.00000,0.01860,0,-1.00000,666272415861,0.00000
642,321,0,6.38300,2.91440,0.16520,0.02300,3840000,-1.00000,666272419891,0.00000
643,321,0,3.73400,0.00000,0.00000,0.02080,0,-1.00000,666272457745,0.00000
644,322,0,0.39880,3.05990,0.24120,0.04610,3840000,-1.00000,666272461897,0.00000
645,322,0,4.18710,0.00000,0.00000,0.02190,0,-1.00000,666272500382,0.00000
646,323,0,3.03110,3.06530,0.23080,0.02270,3840000,-1.00000,666272564211,0.00000
647,323,0,3.91940,0.00000,0.00000,0.02090,0,-1.00000,666272601555,0.00000
648,324,0,2.44670,2.92490,0.20560,0.02260,3840000,-1.00000,666272605537,0.00000
649,324,0,3.93050,0.00000,0.00000,0.02250,0,-1.00000,666272647444,0.00000
650,325,0,0.47251,3.01900,0.17800,0.03060,3840000,-1.00000,666272677730,0.00000
651,325,0,3.88000,0.00000,0.00000,0.02310,0,-1.00000,666272716920,0.00000
652,326,0,0.52870,3.22720,0.31820,0.05460,3840000,-1.00000,666272741379,0.00000
653,326,0,4.54160,0.00000,0.00000,0.02320,0,-1.00000,666272780694,0.00000
654,327,0,5.84480,3.09130,0.19630,0.02650,3840000,-1.00000,666272785404,0.00000
655,327,0,3.91840,0.00000,0.00000,0.01830,0,-1.00000,666272824231,0.00000
656,328,0,5.92070,3.07530,0.19260,0.03610,3840000,-1.00000,666272829497,0.00000
657,328,0,3.96810,0.00000,0.00000,0.02180,0,-1.00000,666272874948,0.00000
658,329,0,5.40220,2.95030,0.25720,0.02800,3840000,-1.00000,666272933365,0.00000
659,329,0,3.89030,0.00000,0.00000,0.02220,0,-1.00000,666272972548,0.00000
660,330,0,0.42190,2.88830,0.16140,0.01920,3840000,-1.00000,666273031761,0.00000
661,330,0,3.71180,0.00000,0.00000,0.01570,0,-1.00000,666273071438,0.00000
662,331,0,1.46451,3.09990,0.15700,0.02190,3840000,-1.00000,666273125461,0.00000
663,331,0,4.00149,0.00000,0.00000,0.01740,0,-1.00000,666273164365,0.00000
664,332,0,5.77560,3.06370,0.21070,0.03470,3840000,-1.00000,666273168571,0.00000
665,332,0,3.97140,0.00000,0.00000,0.01750,0,-1.00000,666273205696,0.00000
666,333,0,0.42040,2.87050,0.16000,0.01720,3840000,-1.00000,666273220334,0.00000
667,333,0,3.53360,0.00000,0.00000,0.01730,0,-1.00000,666273260356,0.00000
668,334,0,5.64720,2.90420,0.17290,0.02870,3840000,-1.00000,666273318121,0.00000
669,334,0,3.73771,0.00000,0.00000,0.01870,0,-1.00000,666273357827,0.00000
670,335,0,0.42960,3.00160,0.14370,0.01990,3840000,-1.00000,666273362022,0.00000
671,335,0,3.76049,0.00000,0.00000,0.02040,0,-1.00000,666273397362,0.00000
672,336,0,1.03550,3.22060,0.20720,0.04360,3840000,-1.00000,666273453839,0.00000
673,336,0,4.17550,0.00000,0.00000,0.02260,0,-1.00000,666273491215,0.00000
674,337,0,2.02800,2.93240,0.19530,0.02050,3840000,-1.00000,666273495507,0.00000
675,337,0,3.66400,0.00000,0.00000,0.01870,0,-1.00000,666273533117,0.00000
676,338,0,0.41190,3.00100,0.20870,0.03960,3840000,-1.00000,666273543466,0.00000
677,338,0,3.99110,0.00000,0.00000,0.01530,0,-1.00000,666273585250,0.00000
678,339,0,4.76010,3.02150,0.19730,0.02660,3840000,-1.00000,666273605506,0.00000
679,339,0,3.85810,0.00000,0.00000,0.01960,0,-1.00000,666273642143,0.00000
680,340,0,2.68450,2.93210,0.15500,0.02070,3840000,-1.00000,666273646265,0.00000
681,340,0,3.69160,0.00000,0.00000,0.01720,0,-1.00000,666273686235,0.00000
682,341,0,0.42260,3.18700,0.17650,0.02550,3840000,-1.00000,666273733781,0.00000
683,341,0,5.54540,0.00000,0.00000,0.01910,0,-1.00000,666273772358,0.00000
684,342,0,6.48200,3.02740,0.19240,0.03640,3840000,-1.00000,666273799196,0.00000
685,342,0,4.03810,0.00000,0.00000,0.01990,0,-1.00000,666273836119,0.00000
686,343,0,5.40680,2.93950,0.19250,0.02780,3840000,-1.00000,666273840342,0.00000
687,343,0,3.84770,0.00000,0.00000,0.02200,0,-1.00000,666273895806,0.00000
688,344,0,0.49189,2.85920,0.14970,0.02140,3840000,-1.00000,666273960623,0.00000
689,344,0,3.62140,0.00000,0.00000,0.01700,0,-1.00000,666274001010,0.00000
690,345,0,4.89900,3.15280,0.18080,0.02610,3840000,-1.00000,666274055069,0.00000
691,345,0,4.07630,0.00000,0.00000,0.01910,0,-1.00000,666274093548,0.00000
692,346,0,5.72360,3.02680,0.17210,0.02420,3840000,-1.00000,666274098463,0.00000
693,346,0,3.90760,0.00000,0.00000,0.02190,0,-1.00000,666274134678,0.00000
694,347,0,2.48290,3.36030,0.18530,0.03240,3840000,-1.00000,666274183670,0.00000
695,347,0,4.42299,0.00000,0.00000,0.02020,0,-1.00000,666274224433,0.00000
696,348,0,5.07750,2.82350,0.14500,0.02340,3840000,-1.00000,666274281671,0.00000
697,348,0,3.60760,0.00000,0.00000,0.02170,0,-1.00000,666274320751,0.00000
698,349,0,0.52360,3.00030,0.14980,0.02460,3840000,-1.00000,666274345581,0.00000
699,349,0,3.80700,0.00000,0.00000,0.01860,0,-1.00000,666274389806,0.00000
700,350,0,0.47130,2.86410,0.17860,0.02210,3840000,-1.00000,666274440575,0.00000
701,350,0,3.78400,0.00000,0.00000,0.01760,0,-1.00000,666274476655,0.00000
702,351,0,4.09970,3.04260,0.23740,0.03520,3840000,-1.00000,666274481889,0.00000
703,351,0,4.18469,0.00000,0.00000,0.02340,0,-1.00000,666274519972,0.00000
704,352,0,3.63110,3.02190,0.18810,0.02680,3840000,-1.00000,666274524671,0.00000
705,352,0,3.89950,0.00000,0.00000,0.01880,0,-1.00000,666274562509,0.00000
706,353,0,0.42260,2.93740,0.14920,0.02430,3840000,-1.00000,666274603507,0.00000
707,353,0,3.86930,0.00000,0.00000,0.01850,0,-1.00000,666274645383,0.00000
708,354,0,4.67389,2.91570,0.17620,0.02860,3840000,-1.00000,666274681671,0.00000
709,354,0,3.83960,0.00000,0.00000,0.01900,0,-1.00000,666274720663,0.00000
710,355,0,0.40900,2.94910,0.14500,0.02150,3840000,-1.00000,666274724877,0.00000
711,355,0,3.77210,0.00000,0.00000,0.01650,0,-1.00000,666274763584,0.00000
712,356,0,0.41390,3.06990,0.14030,0.02230,3840000,-1.00000,666274810320,0.00000
713,356,0,3.79150,0.00000,0.00000,0.01900,0,-1.00000,666274848715,0.00000
714,357,0,5.62090,3.05390,0.19870,0.04030,3840000,-1.00000,666274852802,0.00000
715,357,0,4.20930,0.00000,0.00000,0.01970,0,-1.00000,666274890528,0.00000
716,358,0,5.53941,2.88480,0.31470,0.02740,3840000,-1.00000,666274894663,0.00000
717,358,0,3.87839,0.00000,0.00000,0.01930,0,-1.00000,666274932587,0.00000
718,359,0,5.58951,2.90880,0.25860,0.02580,3840000,-1.00000,666274988834,0.00000
719,359,0,3.84320,0.00000,0.00000,0.02170,0,-1.00000,666275030896,0.00000
720,360,0,0.52610,2.97530,0.13500,0.02050,3840000,-1.00000,666275086347,0.00000
721,360,0,4.62070,0.00000,0.00000,0.02190,0,-1.00000,666275125078,0.00000
722,361,0,0.52950,3.08630,0.22250,0.04410,3840000,-1.00000,666275180957,0.00000
723,361,0,4.33150,0.00000,0.00000,0.02240,0,-1.00000,666275219393,0.00000
724,362,0,2.45020,3.14550,0.15530,0.02400,3840000,-1.00000,666275224646,0.00000
725,362,0,4.06630,0.00000,0.00000,0.02330,0,-1.00000,666275270870,0.00000
726,363,0,2.03810,3.02810,0.18040,0.02350,3840000,-1.00000,666275276199,0.00000
727,363,0,3.99970,0.00000,0.00000,0.01920,0,-1.00000,666275319493,0.00000
728,364,0,0.57070,2.84250,0.18450,0.02620,3840000,-1.00000,666275343965,0.00000
729,364,0,3.74400,0.00000,0.00000,0.01830,0,-1.00000,666275384634,0.00000
730,365,0,0.53040,2.99350,0.20830,0.02410,3840000,-1.00000,666275405010,0.00000
731,365,0,3.89540,0.00000,0.00000,0.01820,0,-1.00000,666275445011,0.00000
732,366,0,6.56520,2.93660,0.17680,0.02270,3840000,-1.00000,666275450713,0.00000
733,366,0,3.99120,0.00000,0.00000,0.01890,0,-1.00000,666275488157,0.00000
734,367,0,0.63580,3.36160,0.30960,0.05340,3840000,-1.00000,666275493456,0.00000
735,367,0,4.74080,0.00000,0.00000,0.02400,0,-1.00000,666275532415,0.00000
736,368,0,0.59490,3.25190,0.22630,0.10560,3840000,-1.00000,666275598064,0.00000
737,368,0,4.38310,0.00000,0.00000,0.02150,0,-1.00000,666275637978,0.00000
738,369,0,3.43290,3.13010,0.19360,0.02510,3840000,-1.00000,666275644328,0.00000
739,369,0,4.11630,0.00000,0.00000,0.02160,0,-1.00000,666275691780,0.00000
740,370,0,0.50561,3.05150,0.21770,0.02320,3840000,-1.00000,666275697695,0.00000
741,370,0,4.03230,0.00000,0.00000,0.02100,0,-1.00000,666275741531,0.00000
742,371,0,0.50410,3.08500,0.15400,0.02350,3840000,-1.00000,666275775848,0.00000
743,371,0,4.17450,0.00000,0.00000,0.02260,0,-1.00000,666275817016,0.00000
744,372,0,0.55350,3.12980,0.17610,0.02290,3840000,-1.00000,666275822071,0.00000
745,372,0,4.07420,0.00000,0.00000,0.02170,0,-1.00000,666275862397,0.00000
746,373,0,0.55110,3.12160,0.20000,0.02970,3840000,-1.00000,666275867427,0.00000
747,373,0,4.19280,0.00000,0.00000,0.02080,0,-1.00000,666275909189,0.00000
748,374,0,1.55100,3.08730,0.18460,0.02630,3840000,-1.00000,666275914714,0.00000
749,374,0,3.97960,0.00000,0.00000,0.01970,0,-1.00000,666275955465,0.00000
750,375,0,0.55910,3.04470,0.16720,0.02430,3840000,-1.00000,666275960972,0.00000
751,375,0,3.98480,0.00000,0.00000,0.01870,0,-1.00000,666276002911,0.00000
752,376,0,4.32020,2.95790,0.19690,0.02160,3840000,-1.00000,666276018403,0.00000
753,376,0,3.82610,0.00000,0.00000,0.02280,0,-1.00000,666276058198,0.00000
754,377,0,0.51610,2.89720,0.16020,0.02040,3840000,-1.00000,666276063787,0.00000
755,377,0,3.82620,0.00000,0.00000,0.01680,0,-1.00000,666276103647,0.00000
756,378,0,4.73570,2.77800,0.27700,0.02480,3840000,-1.00000,666276146838,0.00000
757,378,0,3.89590,0.00000,0.00000,0.01710,0,-1.00000,666276185103,0.00000
758,379,0,2.53990,2.83720,0.31470,0.04020,3840000,-1.00000,666276190256,0.00000
759,379,0,4.07920,0.00000,0.00000,0.02460,0,-1.00000,666276228526,0.00000
760,380,0,5.72710,2.97520,0.17320,0.02180,3840000,-1.00000,666276275883,0.00000
761,380,0,3.83330,0.00000,0.00000,0.02110,0,-1.00000,666276314846,0.00000
762,381,0,0.55490,2.92610,0.15670,0.01940,3840000,-1.00000,666276340259,0.00000
763,381,0,3.81840,0.00000,0.00000,0.01820,0,-1.00000,666276381040,0.00000
764,382,0,4.49220,2.95250,0.18260,0.02040,3840000,-1.00000,666276438306,0.00000
765,382,0,3.98000,0.00000,0.00000,0.01950,0,-1.00000,666276476640,0.00000
766,383,0,2.36680,2.98190,0.17920,0.03710,3840000,-1.00000,666276482185,0.00000
767,383,0,4.06540,0.00000,0.00000,0.01870,0,-1.00000,666276520377,0.00000
768,384,0,0.56210,2.87010,0.26040,0.02460,3840000,-1.00000,666276565290,0.00000
769,384,0,3.95280,0.00000,0.00000,0.02010,0,-1.00000,666276605094,0.00000
770,385,0,4.26310,2.76840,0.15590,0.02120,3840000,-1.00000,666276628766,0.00000
771,385,0,3.72030,0.00000,0.00000,0.01760,0,-1.00000,666276669418,0.00000
772,386,0,0.53530,2.93850,0.17990,0.02040,3840000,-1.00000,666276675031,0.00000
773,386,0,3.92660,0.00000,0.00000,0.02480,0,-1.00000,666276714561,0.00000
774,387,0,4.66640,3.05610,0.24470,0.03530,3840000,-1.00000,666276757193,0.00000
775,387,0,4.21420,0.00000,0.00000,0.02090,0,-1.00000,666276794397,0.00000
776,388,0,0.61990,2.92680,0.15730,0.01860,3840000,-1.00000,666276799745,0.00000
777,388,0,3.89440,0.00000,0.00000,0.02130,0,-1.00000,666276839034,0.00000
778,389,0,1.08690,3.07610,0.24910,0.05020,3840000,-1.00000,666276885690,0.00000
779,389,0,4.38990,0.00000,0.00000,0.02050,0,-1.00000,666276927827,0.00000
780,390,0,0.71270,3.04260,0.18920,0.02970,3840000,-1.00000,666276934014,0.00000
781,390,0,4.07840,0.00000,0.00000,0.02110,0,-1.00000,666276972963,0.00000
782,391,0,0.54230,3.06880,0.16870,0.03080,3840000,-1.00000,666276983836,0.00000
783,391,0,4.17630,0.00000,0.00000,0.02330,0,-1.00000,666277027764,0.00000
784,392,0,0.60339,3.16930,0.20920,0.03840,3840000,-1.00000,666277034863,0.00000
785,392,0,4.75821,0.00000,0.00000,0.01760,0,-1.00000,666277075653,0.00000
786,393,0,3.30450,2.97060,0.19030,0.02880,3840000,-1.00000,666277081065,0.00000
787,393,0,3.93180,0.00000,0.00000,0.02160,0,-1.00000,666277122843,0.00000
788,394,0,0.54491,2.97650,0.17510,0.02260,3840000,-1.00000,666277128857,0.00000
789,394,0,3.99850,0.00000,0.00000,0.02260,0,-1.00000,666277176455,0.00000
790,395,0,0.62540,2.89230,0.18310,0.03050,3840000,-1.00000,666277209492,0.00000
791,395,0,3.99510,0.00000,0.00000,0.01920,0,-1.00000,666277248816,0.00000
792,396,0,2.84160,2.94980,0.19250,0.02260,3840000,-1.00000,666277254252,0.00000
793,396,0,4.00271,0.00000,0.00000,0.02340,0,-1.00000,666277294259,0.00000
794,397,0,2.46400,2.79880,0.29510,0.02700,3840000,-1.00000,666277300492,0.00000
795,397,0,3.92200,0.00000,0.00000,0.02030,0,-1.00000,666277340467,0.00000
796,398,0,0.56390,2.96250,0.19860,0.02500,3840000,-1.00000,666277368863,0.00000
797,398,0,5.15030,0.00000,0.00000,0.01840,0,-1.00000,666277408900,0.00000
798,399,0,3.18590,3.00000,0.18790,0.02400,3840000,-1.00000,666277433529,0.00000
799,399,0,4.02230,0.00000,0.00000,0.02080,0,-1.00000,666277472761,0.00000
800,400,0,2.42470,2.80980,0.31430,0.03950,3840000,-1.00000,666277478391,0.00000
801,400,0,4.07610,0.00000,0.00000,0.02430,0,-1.00000,666277529899,0.00000
802,401,0,2.37950,2.97420,0.23840,0.04420,3840000,-1.00000,666277561747,0.00000
803,401,0,4.09770,0.00000,0.00000,0.02070,0,-1.00000,666277601986,0.00000
804,402,0,5.50250,3.01580,0.20650,0.03310,3840000,-1.00000,666277626224,0.00000
805,402,0,4.12000,0.00000,0.00000,0.02240,0,-1.00000,666277667015,0.00000
806,403,0,0.52120,2.90370,0.19880,0.02310,3840000,-1.00000,666277690802,0.00000
807,403,0,3.78640,0.00000,0.00000,0.01570,0,-1.00000,666277731770,0.00000
808,404,0,4.38550,3.11230,0.28390,0.05020,3840000,-1.00000,666277786787,0.00000
809,404,0,4.53530,0.00000,0.00000,0.03710,0,-1.00000,666277827997,0.00000
810,405,0,1.01420,3.08040,0.28040,0.05380,3840000,-1.00000,666277833189,0.00000
811,405,0,4.52010,0.00000,0.00000,0.02100,0,-1.00000,666277871076,0.00000
812,406,0,0.56849,2.98170,0.22590,0.02470,3840000,-1.00000,666277914921,0.00000
813,406,0,4.02081,0.00000,0.00000,0.01740,0,-1.00000,666277960314,0.00000
814,407,0,4.46250,2.76130,0.18890,0.02590,3840000,-1.00000,666277970432,0.00000
815,407,0,3.76470,0.00000,0.00000,0.01990,0,-1.00000,666278015642,0.00000
816,408,0,0.53880,2.94460,0.19050,0.02450,3840000,-1.00000,666278021295,0.00000
817,408,0,3.80280,0.00000,0.00000,0.02430,0,-1.00000,666278061500,0.00000
818,409,0,0.55750,2.79570,0.18310,0.02390,3840000,-1.00000,666278106125,0.00000
819,409,0,3.75400,0.00000,0.00000,0.02250,0,-1.00000,666278143777,0.00000
820,410,0,3.85440,2.94800,0.22910,0.02930,3840000,-1.00000,666278149160,0.00000
821,410,0,4.01980,0.00000,0.00000,0.02390,0,-1.00000,666278187194,0.00000
822,411,0,0.61200,3.35200,0.23380,0.04280,3840000,-1.00000,666278192763,0.00000
823,411,0,4.48470,0.00000,0.00000,0.01740,0,-1.00000,666278230313,0.00000
824,412,0,0.53650,2.82460,0.19460,0.02540,3840000,-1.00000,666278268857,0.00000
825,412,0,3.83180,0.00000,0.00000,0.02220,0,-1.00000,666278309055,0.00000
826,413,0,2.75330,2.88610,0.21450,0.03190,3840000,-1.00000,666278315163,0.00000
827,413,0,3.92020,0.00000,0.00000,0.01860,0,-1.00000,666278360032,0.00000
828,414,0,5.55290,3.32520,0.23800,0.04650,3840000,-1.00000,666278365375,0.00000
829,414,0,4.42500,0.00000,0.00000,0.01850,0,-1.00000,666278403709,0.00000
830,415,0,0.53570,2.85740,0.16920,0.02370,3840000,-1.00000,666278431228,0.00000
831,415,0,3.63810,0.00000,0.00000,0.01900,0,-1.00000,666278470437,0.00000
832,416,0,1.19230,2.95910,0.26010,0.04570,3840000,-1.00000,666278525969,0.00000
833,416,0,4.09470,0.00000,0.00000,0.01930,0,-1.00000,666278570220,0.00000
834,417,0,2.10570,2.78900,0.19580,0.02860,3840000,-1.00000,666278575560,0.00000
835,417,0,3.71149,0.00000,0.00000,0.01780,0,-1.00000,666278611947,0.00000
836,418,0,2.92180,2.88240,0.19020,0.02890,3840000,-1.00000,666278623876,0.00000
837,418,0,3.74770,0.00000,0.00000,0.02000,0,-1.00000,666278664840,0.00000
838,419,0,2.46451,2.89030,0.17850,0.02890,3840000,-1.00000,666278685875,0.00000
839,419,0,6.46409,0.00000,0.00000,0.02370,0,-1.00000,666278722996,0.00000
840,420,0,0.52900,2.95020,0.18800,0.02680,3840000,-1.00000,666278752207,0.00000
841,420,0,3.76780,0.00000,0.00000,0.01760,0,-1.00000,666278789681,0.00000
842,421,0,2.11400,2.70360,0.18210,0.02370,3840000,-1.00000,666278814331,0.00000
843,421,0,3.54850,0.00000,0.00000,0.02420,0,-1.00000,666278878993,0.00000
844,422,0,2.94130,2.87100,0.24360,0.05550,3840000,-1.00000,666278884255,0.00000
845,422,0,4.36850,0.00000,0.00000,0.02150,0,-1.00000,666278921943,0.00000
846,423,0,1.85890,2.94640,0.20730,0.02880,3840000,-1.00000,666278943081,0.00000
847,423,0,4.00810,0.00000,0.00000,0.02330,0,-1.00000,666278978571,0.00000
848,424,0,9.15640,3.07580,0.22270,0.04360,3840000,-1.00000,666279008006,0.00000
849,424,0,4.14980,0.00000,0.00000,0.02600,0,-1.00000,666279051691,0.00000
850,425,0,5.32710,3.15850,0.25250,0.05360,3840000,-1.00000,666279070259,0.00000
851,425,0,4.39240,0.00000,0.00000,0.02200,0,-1.00000,666279110342,0.00000
852,426,0,0.61849,2.95390,0.22640,0.02900,3840000,-1.00000,666279201909,0.00000
853,426,0,4.15050,0.00000,0.00000,0.02610,0,-1.00000,666279243413,0.00000
854,427,0,0.58690,3.21740,0.22030,0.03890,3840000,-1.00000,666279296679,0.00000
855,427,0,4.23840,0.00000,0.00000,0.02000,0,-1.00000,666279340612,0.00000
856,428,0,0.58530,2.97270,0.22200,0.03490,3840000,-1.00000,666279346776,0.00000
857,428,0,4.69300,0.00000,0.00000,0.02600,0,-1.00000,666279388296,0.00000
858,429,0,3.36630,3.03080,0.22350,0.05350,3840000,-1.00000,666279394150,0.00000
859,429,0,4.15740,0.00000,0.00000,0.02720,0,-1.00000,666279436547,0.00000
860,430,0,2.37251,3.10320,0.23510,0.04050,3840000,-1.00000,666279442379,0.00000
861,430,0,4.16810,0.00000,0.00000,0.02230,0,-1.00000,666279489339,0.00000
862,431,0,0.54200,3.41010,0.32910,0.12840,3840000,-1.00000,666279522984,0.00000
863,431,0,4.76740,0.00000,0.00000,0.02490,0,-1.00000,666279564571,0.00000
864,432,0,0.70030,3.14470,0.21310,0.03070,3840000,-1.00000,666279588279,0.00000
865,432,0,4.14430,0.00000,0.00000,0.01980,0,-1.00000,666279629972,0.00000
866,433,0,1.51250,3.13450,0.23230,0.03810,3840000,-1.00000,666279635375,0.00000
867,433,0,4.23141,0.00000,0.00000,0.02350,0,-1.00000,666279683095,0.00000
868,434,0,2.25770,3.14940,0.26050,0.05040,3840000,-1.00000,666279690059,0.00000
869,434,0,4.17970,0.00000,0.00000,0.02070,0,-1.00000,666279731500,0.00000
870,435,0,2.22190,3.16160,0.25360,0.03410,3840000,-1.00000,666279746622,0.00000
871,435,0,4.09390,0.00000,0.00000,0.02520,0,-1.00000,666279788955,0.00000
872,436,0,0.53680,3.08880,0.24720,0.04030,3840000,-1.00000,666279811517,0.00000
873,436,0,4.09160,0.00000,0.00000,0.02320,0,-1.00000,666279853329,0.00000
874,437,0,0.69230,3.14830,0.20660,0.03630,3840000,-1.00000,666279875537,0.00000
875,437,0,4.60460,0.00000,0.00000,0.02050,0,-1.00000,666279916482,0.00000
876,438,0,1.83810,3.10960,0.18830,0.03300,3840000,-1.00000,666279921834,0.00000
877,438,0,4.01120,0.00000,0.00000,0.02350,0,-1.00000,666279962780,0.00000
878,439,0,0.42470,3.12390,0.19690,0.03400,3840000,-1.00000,666279969676,0.00000
879,439,0,4.11100,0.00000,0.00000,0.02280,0,-1.00000,666280015745,0.00000
880,440,0,0.42860,3.05020,0.19600,0.02890,3840000,-1.00000,666280034101,0.00000
881,440,0,3.93980,0.00000,0.00000,0.02410,0,-1.00000,666280074226,0.00000
882,441,0,6.22650,3.17590,0.20910,0.03350,3840000,-1.00000,666280078461,0.00000
883,441,0,4.15300,0.00000,0.00000,0.02160,0,-1.00000,666280119578,0.00000
884,442,0,0.56950,3.13630,0.19850,0.02510,3840000,-1.00000,666280123853,0.00000
885,442,0,3.98350,0.00000,0.00000,0.01840,0,-1.00000,666280163266,0.00000
886,443,0,1.22209,3.13670,0.27990,0.04600,3840000,-1.00000,666280225522,0.00000
887,443,0,4.23980,0.00000,0.00000,0.02170,0,-1.00000,666280267059,0.00000
888,444,0,5.23360,3.12110,0.26670,0.03600,3840000,-1.00000,666280272743,0.00000
889,444,0,4.12770,0.00000,0.00000,0.02370,0,-1.00000,666280312593,0.00000
890,445,0,0.46720,3.09060,0.17270,0.02680,3840000,-1.00000,666280324804,0.00000
891,445,0,3.88250,0.00000,0.00000,0.02370,0,-1.00000,666280367208,0.00000
892,446,0,0.55940,3.07880,0.19890,0.03070,3840000,-1.00000,666280419537,0.00000
893,446,0,4.12010,0.00000,0.00000,0.02360,0,-1.00000,666280460825,0.00000
894,447,0,3.07900,3.05930,0.28490,0.03820,3840000,-1.00000,666280465486,0.00000
895,447,0,4.10250,0.00000,0.00000,0.02520,0,-1.00000,666280504321,0.00000
896,448,0,0.54660,3.12400,0.19430,0.04730,3840000,-1.00000,666280509906,0.00000
897,448,0,4.10440,0.00000,0.00000,0.01970,0,-1.00000,666280551120,0.00000
898,449,0,1.01730,3.06380,0.22850,0.03530,3840000,-1.00000,666280581899,0.00000
899,449,0,4.06020,0.00000,0.00000,0.02440,0,-1.00000,666280622940,0.00000
900,450,0,3.61210,3.12190,0.22920,0.04920,3840000,-1.00000,666280628385,0.00000
901,450,0,4.19970,0.00000,0.00000,0.02520,0,-1.00000,666280669450,0.00000
902,451,0,0.79190,3.14380,0.21050,0.03460,3840000,-1.00000,666280679610,0.00000
903,451,0,4.08099,0.00000,0.00000,0.02180,0,-1.00000,666280720214,0.00000
904,452,0,2.48470,3.11160,0.28620,0.04000,3840000,-1.00000,666280756349,0.00000
905,452,0,4.28580,0.00000,0.00000,0.02560,0,-1.00000,666280798335,0.00000
906,453,0,5.28340,3.04100,0.26460,0.04210,3840000,-1.00000,666280806245,0.00000
907,453,0,4.05630,0.00000,0.00000,0.01830,0,-1.00000,666280847062,0.00000
908,454,0,2.35520,2.90330,0.25640,0.02860,3840000,-1.00000,666280871904,0.00000
909,454,0,3.82830,0.00000,0.00000,0.02100,0,-1.00000,666280914763,0.00000
910,455,0,0.42781,3.10410,0.16400,0.02350,3840000,-1.00000,666280967596,0.00000
911,455,0,3.92370,0.00000,0.00000,0.01980,0,-1.00000,666281008173,0.00000
912,456,0,1.25090,3.87170,0.17060,0.02510,3840000,-1.00000,666281031707,0.00000
913,456,0,4.59690,0.00000,0.00000,0.01860,0,-1.00000,666281069997,0.00000
914,457,0,1.95190,3.00540,0.15850,0.02420,3840000,-1.00000,666281074265,0.00000
915,457,0,3.77440,0.00000,0.00000,0.02020,0,-1.00000,666281113510,0.00000
916,458,0,0.42590,3.01930,0.18790,0.02510,3840000,-1.00000,666281126008,0.00000
917,458,0,3.79480,0.00000,0.00000,0.02020,0,-1.00000,666281171981,0.00000
918,459,0,4.83390,3.05460,0.25450,0.03940,3840000,-1.00000,666281191496,0.00000
919,459,0,4.44340,0.00000,0.00000,0.02350,0,-1.00000,666281229248,0.00000
920,460,0,2.00640,3.11720,0.18880,0.02480,3840000,-1.00000,666281233497,0.00000
921,460,0,3.94850,0.00000,0.00000,0.02150,0,-1.00000,666281271450,0.00000
922,461,0,0.37820,3.17630,0.23200,0.02090,3840000,-1.00000,666281319802,0.00000
923,461,0,3.94090,0.00000,0.00000,0.01930,0,-1.00000,666281364233,0.00000
924,462,0,7.69650,2.97700,0.22430,0.02450,3840000,-1.00000,666281384299,0.00000
925,462,0,3.80930,0.00000,0.00000,0.02070,0,-1.00000,666281423777,0.00000
926,463,0,2.62340,2.94080,0.19660,0.02120,3840000,-1.00000,666281427548,0.00000
927,463,0,3.77710,0.00000,0.00000,0.02190,0,-1.00000,666281466969,0.00000
928,464,0,0.44670,3.54410,0.25590,0.05160,3840000,-1.00000,666281543931,0.00000
929,464,0,5.58120,0.00000,0.00000,0.02350,0,-1.00000,666281582020,0.00000
930,465,0,3.03860,3.06080,0.26550,0.05470,3840000,-1.00000,666281608251,0.00000
931,465,0,4.34160,0.00000,0.00000,0.02940,0,-1.00000,666281646029,0.00000
932,466,0,2.01830,2.84010,0.34710,0.06110,3840000,-1.00000,666281650497,0.00000
933,466,0,4.13580,0.00000,0.00000,0.02400,0,-1.00000,666281706345,0.00000
934,467,0,2.31930,3.15100,0.29710,0.05780,3840000,-1.00000,666281736719,0.00000
935,467,0,4.36260,0.00000,0.00000,0.02020,0,-1.00000,666281780143,0.00000
936,468,0,2.03320,2.78290,0.39270,0.06890,3840000,-1.00000,666281800294,0.00000
937,468,0,4.13730,0.00000,0.00000,0.02890,0,-1.00000,666281841677,0.00000
938,469,0,2.31500,2.81560,0.33520,0.07990,3840000,-1.00000,666281864850,0.00000
939,469,0,4.16070,0.00000,0.00000,0.02420,0,-1.00000,666281908489,0.00000
940,470,0,2.25210,2.88920,0.30650,0.06160,3840000,-1.00000,666281928806,0.00000
941,470,0,4.12261,0.00000,0.00000,0.03240,0,-1.00000,666281970215,0.00000
942,471,0,2.33070,3.01640,0.29470,0.06020,3840000,-1.00000,666281993364,0.00000
943,471,0,4.19150,0.00000,0.00000,0.02480,0,-1.00000,666282034985,0.00000
944,472,0,2.17331,2.82590,0.34390,0.06380,3840000,-1.00000,666282057459,0.00000
945,472,0,4.10490,0.00000,0.00000,0.03230,0,-1.00000,666282098707,0.00000
946,473,0,0.60930,2.79470,0.29640,0.05090,3840000,-1.00000,666282121990,0.00000
947,473,0,3.99710,0.00000,0.00000,0.02150,0,-1.00000,666282163937,0.00000
948,474,0,7.17350,2.95940,0.32780,0.06790,3840000,-1.00000,666282185653,0.00000
949,474,0,4.27910,0.00000,0.00000,0.03080,0,-1.00000,666282226719,0.00000
950,475,0,0.63550,3.03160,0.27240,0.05260,3840000,-1.00000,666282232766,0.00000
951,475,0,4.23100,0.00000,0.00000,0.04420,0,-1.00000,666282272766,0.00000
952,476,0,0.63510,3.68880,0.35850,0.06830,3840000,-1.00000,666282344569,0.00000
953,476,0,5.05470,0.00000,0.00000,0.02390,0,-1.00000,666282387325,0.00000
954,477,0,4.54230,3.26610,0.31690,0.07090,3840000,-1.00000,666282393627,0.00000
955,477,0,4.53379,0.00000,0.00000,0.02640,0,-1.00000,666282435992,0.00000
956,478,0,2.01130,3.09860,0.32360,0.06640,3840000,-1.00000,666282442290,0.00000
957,478,0,4.43300,0.00000,0.00000,0.04090,0,-1.00000,666282492872,0.00000
958,479,0,0.62170,3.32930,0.28270,0.05170,3840000,-1.00000,666282538311,0.00000
959,479,0,4.52430,0.00000,0.00000,0.04630,0,-1.00000,666282583635,0.00000
960,480,0,6.29940,3.00520,0.25190,0.03710,3840000,-1.00000,666282603726,0.00000
961,480,0,4.05000,0.00000,0.00000,0.02240,0,-1.00000,666282648092,0.00000
962,481,0,5.72120,2.93120,0.22040,0.05650,3840000,-1.00000,666282654257,0.00000
963,481,0,4.08930,0.00000,0.00000,0.10560,0,-1.00000,666282699563,0.00000
964,482,0,1.91010,2.86030,0.21220,0.02730,3840000,-1.00000,666282762508,0.00000
965,482,0,3.77230,0.00000,0.00000,0.01930,0,-1.00000,666282803002,0.00000
966,483,0,0.46610,2.88820,0.20720,0.03350,3840000,-1.00000,666282860253,0.00000
967,483,0,3.87470,0.00000,0.00000,0.01780,0,-1.00000,666282901117,0.00000
968,484,0,1.69300,2.95000,0.24580,0.02470,3840000,-1.00000,666282920204,0.00000
969,484,0,3.79580,0.00000,0.00000,0.01710,0,-1.00000,666282957922,0.00000
970,485,0,2.60850,2.97660,0.21540,0.02850,3840000,-1.00000,666282962575,0.00000
971,485,0,3.90060,0.00000,0.00000,0.02040,0,-1.00000,666283001347,0.00000
972,486,0,2.47600,2.97080,0.22960,0.02290,3840000,-1.00000,666283018258,0.00000
973,486,0,3.78810,0.00000,0.00000,0.02000,0,-1.00000,666283056215,0.00000
974,487,0,0.40230,3.20490,0.17320,0.02660,3840000,-1.00000,666283082300,0.00000
975,487,0,3.97110,0.00000,0.00000,0.02210,0,-1.00000,666283121315,0.00000
976,488,0,0.49640,3.88110,0.18030,0.02190,3840000,-1.00000,666283146061,0.00000
977,488,0,5.00020,0.00000,0.00000,0.04660,0,-1.00000,666283183949,0.00000
978,489,0,5.59990,2.95590,0.25950,0.04560,3840000,-1.00000,666283187963,0.00000
979,489,0,3.98320,0.00000,0.00000,0.03900,0,-1.00000,666283227686,0.00000
980,490,0,0.70590,3.21580,0.22280,0.03490,3840000,-1.00000,666283232649,0.00000
981,490,0,4.16330,0.00000,0.00000,0.01900,0,-1.00000,666283282699,0.00000
982,491,0,0.44620,3.37700,0.19930,0.03060,3840000,-1.00000,666283338662,0.00000
983,491,0,5.09160,0.00000,0.00000,0.04490,0,-1.00000,666283378515,0.00000
984,492,0,1.44520,3.51930,0.31490,0.03610,3840000,-1.00000,666283385568,0.00000
985,492,0,4.67390,0.00000,0.00000,0.02910,0,-1.00000,666283427181,0.00000
986,493,0,0.65770,4.01190,0.32330,0.03630,3840000,-1.00000,666283431643,0.00000
987,493,0,5.53460,0.00000,0.00000,0.05240,0,-1.00000,666283482601,0.00000
988,494,0,2.11990,4.38130,0.39230,0.08100,3840000,-1.00000,666283497004,0.00000
989,494,0,5.90900,0.00000,0.00000,0.03320,0,-1.00000,666283543771,0.00000
990,495,0,0.56850,3.82100,0.30360,0.06540,3840000,-1.00000,666283550343,0.00000
991,495,0,5.23570,0.00000,0.00000,0.02910,0,-1.00000,666283605722,0.00000
992,496,0,4.34920,3.77980,0.34160,0.06690,3840000,-1.00000,666283626893,0.00000
993,496,0,5.45150,0.00000,0.00000,0.05700,0,-1.00000,666283686018,0.00000
994,497,0,1.01390,3.24510,0.33230,0.07480,3840000,-1.00000,666283691643,0.00000
995,497,0,4.64470,0.00000,0.00000,0.02480,0,-1.00000,666283744051,0.00000
996,498,0,1.69520,3.13400,0.35300,0.05980,3840000,-1.00000,666283787537,0.00000
997,498,0,4.57960,0.00000,0.00000,0.02570,0,-1.00000,666283842094,0.00000
998,499,0,1.82611,4.23680,0.28630,0.06130,3840000,-1.00000,666283852142,0.00000
999,499,0,5.35760,0.00000,0.00000,0.02330,0,-1.00000,666283898621,0.00000
1000,500,0,1.01390,3.20480,0.27690,0.06040,3840000,-1.00000,666283915563,0.00000
1001,500,0,4.36600,0.00000,0.00000,0.02270,0,-1.00000,666283961383,0.00000
1002,501,0,2.04880,3.81430,0.37530,0.05600,3840000,-1.00000,666283979620,0.00000
1003,501,0,5.28720,0.00000,0.00000,0.02790,0,-1.00000,666284033248,0.00000
1004,502,0,1.06510,3.28600,0.20330,0.04940,3840000,-1.00000,666284043319,0.00000
1005,502,0,4.35770,0.00000,0.00000,0.02500,0,-1.00000,666284086985,0.00000
1006,503,0,2.11790,3.68610,0.27600,0.06630,3840000,-1.00000,666284107478,0.00000
1007,503,0,4.99530,0.00000,0.00000,0.02560,0,-1.00000,666284160362,0.00000
1008,504,0,0.49380,3.51720,0.33130,0.05260,3840000,-1.00000,666284170986,0.00000
1009,504,0,4.76700,0.00000,0.00000,0.02580,0,-1.00000,666284214598,0.00000
1010,505,0,0.52940,3.12620,0.21920,0.04410,3840000,-1.00000,666284235755,0.00000
1011,505,0,4.18870,0.00000,0.00000,0.02580,0,-1.00000,666284285736,0.00000
1012,506,0,0.47389,3.27430,0.31340,0.03670,3840000,-1.00000,666284290626,0.00000
1013,506,0,4.45500,0.00000,0.00000,0.03640,0,-1.00000,666284338334,0.00000
1014,507,0,0.71990,3.13490,0.22360,0.04140,3840000,-1.00000,666284343601,0.00000
1015,507,0,4.12360,0.00000,0.00000,0.03890,0,-1.00000,666284385507,0.00000
1016,508,0,0.67580,3.09800,0.32740,0.05230,3840000,-1.00000,666284390225,0.00000
1017,508,0,4.35650,0.00000,0.00000,0.02430,0,-1.00000,666284434808,0.00000
1018,509,0,0.48830,3.45010,0.24680,0.04080,3840000,-1.00000,666284441969,0.00000
1019,509,0,4.98610,0.00000,0.00000,0.01820,0,-1.00000,666284483238,0.00000
1020,510,0,6.24250,3.03630,0.27220,0.05590,3840000,-1.00000,666284489957,0.00000
1021,510,0,4.14690,0.00000,0.00000,0.02080,0,-1.00000,666284533557,0.00000
1022,511,0,0.47390,3.13240,0.25070,0.02700,3840000,-1.00000,666284538402,0.00000
1023,511,0,4.06700,0.00000,0.00000,0.02050,0,-1.00000,666284588294,0.00000
1024,512,0,4.32920,3.09630,0.22490,0.04460,3840000,-1.00000,666284650756,0.00000
1025,512,0,4.05360,0.00000,0.00000,0.02240,0,-1.00000,666284692182,0.00000
1026,513,0,0.46670,3.03160,0.18420,0.02170,3840000,-1.00000,666284696900,0.00000
1027,513,0,3.79320,0.00000,0.00000,0.01780,0,-1.00000,666284737590,0.00000
1028,514,0,1.26030,2.99760,0.18040,0.01930,3840000,-1.00000,666284780868,0.00000
1029,514,0,3.79780,0.00000,0.00000,0.02310,0,-1.00000,666284821424,0.00000
1030,515,0,0.41040,3.13270,0.18970,0.02510,3840000,-1.00000,666284826067,0.00000
1031,515,0,5.56700,0.00000,0.00000,0.01970,0,-1.00000,666284864001,0.00000
1032,516,0,3.03930,3.06600,0.24680,0.04110,3840000,-1.00000,666284876602,0.00000
1033,516,0,4.08330,0.00000,0.00000,0.02140,0,-1.00000,666284914586,0.00000
1034,517,0,2.31280,3.77870,0.17370,0.03120,3840000,-1.00000,666284918686,0.00000
1035,517,0,4.74070,0.00000,0.00000,0.02500,0,-1.00000,666284974372,0.00000
1036,518,0,5.08900,2.94240,0.19590,0.03030,3840000,-1.00000,666285004771,0.00000
1037,518,0,3.85290,0.00000,0.00000,0.01900,0,-1.00000,666285045584,0.00000
1038,519,0,2.28950,3.85530,0.20260,0.03730,3840000,-1.00000,666285068705,0.00000
1039,519,0,4.75860,0.00000,0.00000,0.01960,0,-1.00000,666285116134,0.00000
1040,520,0,1.81490,3.11140,0.22940,0.04160,3840000,-1.00000,666285167012,0.00000
1041,520,0,4.19960,0.00000,0.00000,0.01850,0,-1.00000,666285205620,0.00000
1042,521,0,0.41170,3.15390,0.19190,0.03100,3840000,-1.00000,666285228432,0.00000
1043,521,0,4.87110,0.00000,0.00000,0.01780,0,-1.00000,666285276029,0.00000
1044,522,0,3.15830,3.05640,0.22250,0.03530,3840000,-1.00000,666285294180,0.00000
1045,522,0,3.97590,0.00000,0.00000,0.01920,0,-1.00000,666285336174,0.00000
1046,523,0,2.41920,2.99900,0.19410,0.02430,3840000,-1.00000,666285340274,0.00000
1047,523,0,3.83800,0.00000,0.00000,0.01690,0,-1.00000,666285388997,0.00000
1048,524,0,0.51800,3.14330,0.18090,0.02610,3840000,-1.00000,666285420585,0.00000
1049,524,0,3.96811,0.00000,0.00000,0.06320,0,-1.00000,666285460337,0.00000
1050,525,0,4.49160,3.06090,0.20290,0.03270,3840000,-1.00000,666285484522,0.00000
1051,525,0,3.92380,0.00000,0.00000,0.02320,0,-1.00000,666285522903,0.00000
1052,526,0,0.55970,3.84780,0.22390,0.03810,3840000,-1.00000,666285528089,0.00000
1053,526,0,4.95850,0.00000,0.00000,0.10480,0,-1.00000,666285567768,0.00000
1054,527,0,0.74000,3.63590,0.21410,0.03330,3840000,-1.00000,666285612684,0.00000
1055,527,0,4.58090,0.00000,0.00000,0.02220,0,-1.00000,666285651934,0.00000
1056,528,0,1.34080,3.22560,0.19320,0.02510,3840000,-1.00000,666285657534,0.00000
1057,528,0,4.14840,0.00000,0.00000,0.01830,0,-1.00000,666285707136,0.00000
1058,529,0,5.51340,3.09050,0.22250,0.04170,3840000,-1.00000,666285714531,0.00000
1059,529,0,4.14940,0.00000,0.00000,0.03600,0,-1.00000,666285760322,0.00000
1060,530,0,2.38740,4.43570,0.26110,0.05090,3840000,-1.00000,666285773738,0.00000
1061,530,0,5.57970,0.00000,0.00000,0.02370,0,-1.00000,666285815206,0.00000
1062,531,0,0.52270,3.09090,0.23060,0.02910,3840000,-1.00000,666285870333,0.00000
1063,531,0,4.01640,0.00000,0.00000,0.02220,0,-1.00000,666285911873,0.00000
1064,532,0,2.60400,2.95120,0.19880,0.03600,3840000,-1.00000,666285935699,0.00000
1065,532,0,3.88080,0.00000,0.00000,0.02220,0,-1.00000,666285991542,0.00000
1066,533,0,0.43130,3.35760,0.17520,0.02520,3840000,-1.00000,666285996733,0.00000
1067,533,0,5.09820,0.00000,0.00000,0.01930,0,-1.00000,666286036908,0.00000
1068,534,0,6.44080,2.95300,0.22980,0.03280,3840000,-1.00000,666286062933,0.00000
1069,534,0,3.97071,0.00000,0.00000,0.02030,0,-1.00000,666286101753,0.00000
1070,535,0,2.48729,3.01410,0.27140,0.04250,3840000,-1.00000,666286106049,0.00000
1071,535,0,4.06590,0.00000,0.00000,0.03130,0,-1.00000,666286157046,0.00000
1072,536,0,2.28490,3.09670,0.26260,0.04100,3840000,-1.00000,666286221444,0.00000
1073,536,0,4.12370,0.00000,0.00000,0.01620,0,-1.00000,666286261156,0.00000
1074,537,0,5.44810,2.98190,0.20520,0.02800,3840000,-1.00000,666286286033,0.00000
1075,537,0,3.87760,0.00000,0.00000,0.01810,0,-1.00000,666286326703,0.00000
1076,538,0,0.41390,2.93940,0.20780,0.03080,3840000,-1.00000,666286349543,0.00000
1077,538,0,3.80680,0.00000,0.00000,0.01730,0,-1.00000,666286390776,0.00000
1078,539,0,1.56590,2.87240,0.28390,0.02680,3840000,-1.00000,666286445249,0.00000
1079,539,0,3.80900,0.00000,0.00000,0.02080,0,-1.00000,666286484030,0.00000
1080,540,0,0.47180,2.95850,0.19290,0.02690,3840000,-1.00000,666286488160,0.00000
1081,540,0,3.83430,0.00000,0.00000,0.02360,0,-1.00000,666286526242,0.00000
1082,541,0,1.67479,3.02920,0.25040,0.05600,3840000,-1.00000,666286541888,0.00000
1083,541,0,4.08830,0.00000,0.00000,0.02320,0,-1.00000,666286579990,0.00000
1084,542,0,0.46510,2.96410,0.19570,0.02830,3840000,-1.00000,666286584697,0.00000
1085,542,0,3.77010,0.00000,0.00000,0.01710,0,-1.00000,666286623059,0.00000
1086,543,0,4.36499,3.07140,0.17580,0.02840,3840000,-1.00000,666286639810,0.00000
1087,543,0,3.90140,0.00000,0.00000,0.01840,0,-1.00000,666286680706,0.00000
1088,544,0,0.43930,3.18870,0.18780,0.02680,3840000,-1.00000,666286685324,0.00000
1089,544,0,3.99270,0.00000,0.00000,0.01970,0,-1.00000,666286723027,0.00000
1090,545,0,7.70790,3.09390,0.24550,0.02810,3840000,-1.00000,666286766674,0.00000
1091,545,0,4.03060,0.00000,0.00000,0.02040,0,-1.00000,666286805705,0.00000
1092,546,0,0.46920,3.05060,0.28260,0.03910,3840000,-1.00000,666286810081,0.00000
1093,546,0,4.14540,0.00000,0.00000,0.02330,0,-1.00000,666286850009,0.00000
1094,547,0,1.10700,3.42510,0.20720,0.02550,3840000,-1.00000,666286927085,0.00000
1095,547,0,4.24140,0.00000,0.00000,0.02120,0,-1.00000,666286967413,0.00000
1096,548,0,0.49670,3.05400,0.18910,0.03180,3840000,-1.00000,666286972088,0.00000
1097,548,0,4.73730,0.00000,0.00000,0.01780,0,-1.00000,666287013568,0.00000
1098,549,0,2.99809,2.89980,0.19390,0.02760,3840000,-1.00000,666287024607,0.00000
1099,549,0,3.77180,0.00000,0.00000,0.01850,0,-1.00000,666287067028,0.00000
1100,550,0,0.41310,2.96470,0.15960,0.02200,3840000,-1.00000,666287071986,0.00000
1101,550,0,3.69300,0.00000,0.00000,0.01710,0,-1.00000,666287119376,0.00000
1102,551,0,0.38300,3.03060,0.14340,0.01990,3840000,-1.00000,666287149345,0.00000
1103,551,0,3.69360,0.00000,0.00000,0.01650,0,-1.00000,666287187067,0.00000
1104,552,0,0.36499,3.01600,0.23620,0.04540,3840000,-1.00000,666287191189,0.00000
1105,552,0,4.02660,0.00000,0.00000,0.02050,0,-1.00000,666287228126,0.00000
1106,553,0,3.06690,2.99670,0.21000,0.02410,3840000,-1.00000,666287231948,0.00000
1107,553,0,3.81290,0.00000,0.00000,0.01820,0,-1.00000,666287268888,0.00000
1108,554,0,5.81091,3.06770,0.19520,0.02930,3840000,-1.00000,666287272545,0.00000
1109,554,0,3.90030,0.00000,0.00000,0.01800,0,-1.00000,666287312889,0.00000
1110,555,0,0.43000,3.06410,0.16020,0.01820,3840000,-1.00000,666287343482,0.00000
1111,555,0,3.81250,0.00000,0.00000,0.01690,0,-1.00000,666287381602,0.00000
1112,556,0,1.46170,3.12850,0.16760,0.02160,3840000,-1.00000,666287439717,0.00000
1113,556,0,3.91370,0.00000,0.00000,0.01720,0,-1.00000,666287478714,0.00000
1114,557,0,0.37260,3.08220,0.17910,0.02600,3840000,-1.00000,666287483011,0.00000
1115,557,0,3.89900,0.00000,0.00000,0.01830,0,-1.00000,666287521145,0.00000
1116,558,0,2.69070,3.11830,0.22210,0.04100,3840000,-1.00000,666287535757,0.00000
1117,558,0,4.19620,0.00000,0.00000,0.01990,0,-1.00000,666287574892,0.00000
1118,559,0,1.07350,3.34390,0.21270,0.03430,3840000,-1.00000,666287578616,0.00000
1119,559,0,4.18720,0.00000,0.00000,0.02270,0,-1.00000,666287617616,0.00000
1120,560,0,3.70320,3.25700,0.21540,0.03650,3840000,-1.00000,666287644514,0.00000
1121,560,0,4.37810,0.00000,0.00000,0.02360,0,-1.00000,666287686505,0.00000
1122,561,0,0.43420,3.36390,0.29570,0.02390,3840000,-1.00000,666287697220,0.00000
1123,561,0,4.33510,0.00000,0.00000,0.02190,0,-1.00000,666287739106,0.00000
1124,562,0,0.40350,3.24360,0.17680,0.03140,3840000,-1.00000,666287776130,0.00000
1125,562,0,4.05630,0.00000,0.00000,0.02290,0,-1.00000,666287819909,0.00000
1126,563,0,0.42860,3.34800,0.21050,0.03060,3840000,-1.00000,666287824240,0.00000
1127,563,0,5.24870,0.00000,0.00000,0.02480,0,-1.00000,666287867602,0.00000
1128,564,0,1.84540,3.25460,0.27470,0.04800,3840000,-1.00000,666287871625,0.00000
1129,564,0,4.38620,0.00000,0.00000,0.02590,0,-1.00000,666287912206,0.00000
1130,565,0,5.35540,3.40460,0.21040,0.03330,3840000,-1.00000,666287916478,0.00000
1131,565,0,4.40690,0.00000,0.00000,0.02330,0,-1.00000,666287969046,0.00000
1132,566,0,0.56860,3.05780,0.21080,0.02680,3840000,-1.00000,666287987424,0.00000
1133,566,0,3.99220,0.00000,0.00000,0.02390,0,-1.00000,666288031300,0.00000
1134,567,0,3.82500,3.18440,0.18860,0.03570,3840000,-1.00000,666288084844,0.00000
1135,567,0,4.16660,0.00000,0.00000,0.02360,0,-1.00000,666288128934,0.00000
1136,568,0,5.36530,3.32850,0.26160,0.05260,3840000,-1.00000,666288134592,0.00000
1137,568,0,4.45190,0.00000,0.00000,0.02370,0,-1.00000,666288174524,0.00000
1138,569,0,0.54660,3.22650,0.21990,0.02730,3840000,-1.00000,666288212825,0.00000
1139,569,0,4.14900,0.00000,0.00000,0.01900,0,-1.00000,666288254455,0.00000
1140,570,0,0.60690,3.30920,0.18130,0.02860,3840000,-1.00000,666288308212,0.00000
1141,570,0,4.16870,0.00000,0.00000,0.02020,0,-1.00000,666288352639,0.00000
1142,571,0,2.26049,3.18240,0.16520,0.02250,3840000,-1.00000,666288358069,0.00000
1143,571,0,3.95580,0.00000,0.00000,0.02130,0,-1.00000,666288399562,0.00000
1144,572,0,5.60040,3.11720,0.19680,0.03540,3840000,-1.00000,666288405622,0.00000
1145,572,0,4.09110,0.00000,0.00000,0.01820,0,-1.00000,666288447312,0.00000
1146,573,0,0.50870,3.25700,0.24370,0.04420,3840000,-1.00000,666288469911,0.00000
1147,573,0,4.36670,0.00000,0.00000,0.02260,0,-1.00000,666288509482,0.00000
1148,574,0,3.87950,3.11010,0.17310,0.02780,3840000,-1.00000,666288565480,0.00000
1149,574,0,3.99610,0.00000,0.00000,0.01980,0,-1.00000,666288606396,0.00000
1150,575,0,2.66930,3.14140,0.17690,0.02270,3840000,-1.00000,666288611474,0.00000
1151,575,0,4.00000,0.00000,0.00000,0.01730,0,-1.00000,666288655167,0.00000
1152,576,0,0.48380,3.14340,0.24460,0.02920,3840000,-1.00000,666288693942,0.00000
1153,576,0,4.14380,0.00000,0.00000,0.02280,0,-1.00000,666288733909,0.00000
1154,577,0,4.15260,3.22220,0.18080,0.02840,3840000,-1.00000,666288760599,0.00000
1155,577,0,4.03980,0.00000,0.00000,0.01910,0,-1.00000,666288800598,0.00000
1156,578,0,2.32020,3.15700,0.22140,0.03690,3840000,-1.00000,666288805425,0.00000
1157,578,0,4.33530,0.00000,0.00000,0.02510,0,-1.00000,666288846877,0.00000
1158,579,0,6.75959,3.01260,0.21110,0.03400,3840000,-1.00000,666288888396,0.00000
1159,579,0,4.09530,0.00000,0.00000,0.01760,0,-1.00000,666288928797,0.00000
1160,580,0,0.94050,3.02360,0.19950,0.05400,3840000,-1.00000,666288951992,0.00000
1161,580,0,3.89670,0.00000,0.00000,0.02000,0,-1.00000,666288995373,0.00000
1162,581,0,15.38020,3.06560,0.28120,0.04990,3840000,-1.00000,666289062960,0.00000
1163,581,0,4.22029,0.00000,0.00000,0.02490,0,-1.00000,666289103908,0.00000
1164,582,0,0.51320,3.12110,0.16690,0.01910,3840000,-1.00000,666289113308,0.00000
1165,582,0,3.95390,0.00000,0.00000,0.01960,0,-1.00000,666289152274,0.00000
1166,583,0,4.21380,3.20620,0.20420,0.03710,3840000,-1.00000,666289306097,0.00000
1167,583,0,4.12440,0.00000,0.00000,0.02220,0,-1.00000,666289348324,0.00000
1168,584,0,5.24710,3.25560,0.21540,0.05740,3840000,-1.00000,666289353401,0.00000
1169,584,0,4.33520,0.00000,0.00000,0.01920,0,-1.00000,666289392945,0.00000
1170,585,0,0.44340,3.39050,0.24810,0.04030,3840000,-1.00000,666289435084,0.00000
1171,585,0,4.39000,0.00000,0.00000,0.02490,0,-1.00000,666289476341,0.00000
1172,586,0,0.72010,3.54420,0.32630,0.04810,3840000,-1.00000,666289528804,0.00000
1173,586,0,4.64980,0.00000,0.00000,0.02470,0,-1.00000,666289572166,0.00000
1174,587,0,0.40020,3.34840,0.22340,0.02580,3840000,-1.00000,666289576586,0.00000
1175,587,0,4.79610,0.00000,0.00000,0.02230,0,-1.00000,666289620511,0.00000
1176,588,0,3.02230,3.26520,0.19970,0.02680,3840000,-1.00000,666289627693,0.00000
1177,588,0,4.04400,0.00000,0.00000,0.02240,0,-1.00000,666289674218,0.00000
1178,589,0,3.57990,3.08480,0.15080,0.02260,3840000,-1.00000,666289678187,0.00000
1179,589,0,3.82000,0.00000,0.00000,0.02100,0,-1.00000,666289726149,0.00000
1180,590,0,4.60590,3.18910,0.18970,0.02930,3840000,-1.00000,666289756379,0.00000
1181,590,0,4.14980,0.00000,0.00000,0.02200,0,-1.00000,666289796817,0.00000
1182,591,0,0.56070,3.14700,0.17750,0.03660,3840000,-1.00000,666289832607,0.00000
1183,591,0,4.03530,0.00000,0.00000,0.01740,0,-1.00000,666289870812,0.00000
1184,592,0,0.89110,3.18120,0.14100,0.01930,3840000,-1.00000,666289916869,0.00000
1185,592,0,3.90960,0.00000,0.00000,0.02180,0,-1.00000,666289958387,0.00000
1186,593,0,5.52760,3.29040,0.17660,0.02830,3840000,-1.00000,666289963971,0.00000
1187,593,0,4.17700,0.00000,0.00000,0.01920,0,-1.00000,666290004332,0.00000
1188,594,0,0.47150,3.19580,0.15390,0.02120,3840000,-1.00000,666290013236,0.00000
1189,594,0,3.92240,0.00000,0.00000,0.02080,0,-1.00000,666290052339,0.00000
1190,595,0,0.45070,3.31210,0.14500,0.02280,3840000,-1.00000,666290107609,0.00000
1191,595,0,4.11820,0.00000,0.00000,0.02460,0,-1.00000,666290149385,0.00000
1192,596,0,0.41470,3.27280,0.12940,0.02170,3840000,-1.00000,666290154091,0.00000
1193,596,0,4.11150,0.00000,0.00000,0.02030,0,-1.00000,666290193313,0.00000
1194,597,0,1.97180,3.30730,0.22060,0.03920,3840000,-1.00000,666290197821,0.00000
1195,597,0,4.25490,0.00000,0.00000,0.01700,0,-1.00000,666290239009,0.00000
1196,598,0,5.21920,3.27140,0.13970,0.02430,3840000,-1.00000,666290243152,0.00000
1197,598,0,4.13010,0.00000,0.00000,0.01990,0,-1.00000,666290284272,0.00000
1198,599,0,5.65070,3.15930,0.13450,0.02160,3840000,-1.00000,666290303986,0.00000
1199,599,0,3.90689,0.00000,0.00000,0.01890,0,-1.00000,666290346549,0.00000
1200,600,0,0.45551,3.20990,0.13360,0.02120,3840000,-1.00000,666290398729,0.00000
1201,600,0,3.94850,0.00000,0.00000,0.02180,0,-1.00000,666290440038,0.00000
1202,601,0,4.39920,3.25010,0.16880,0.03350,3840000,-1.00000,666290496535,0.00000
1203,601,0,4.25020,0.00000,0.00000,0.01930,0,-1.00000,666290535608,0.00000
1204,602,0,2.30560,3.26820,0.17900,0.02480,3840000,-1.00000,666290540151,0.00000
1205,602,0,4.10420,0.00000,0.00000,0.01920,0,-1.00000,666290579650,0.00000
1206,603,0,0.54110,3.13890,0.16260,0.02160,3840000,-1.00000,666290623637,0.00000
1207,603,0,3.99210,0.00000,0.00000,0.01840,0,-1.00000,666290666149,0.00000
1208,604,0,4.08730,3.23720,0.13990,0.02240,3840000,-1.00000,666290689195,0.00000
1209,604,0,4.06730,0.00000,0.00000,0.01880,0,-1.00000,666290730241,0.00000
1210,605,0,2.41351,3.15690,0.12960,0.04470,3840000,-1.00000,666290735647,0.00000
1211,605,0,4.01920,0.00000,0.00000,0.01890,0,-1.00000,666290775571,0.00000
1212,606,0,0.42380,3.19900,0.13740,0.02050,3840000,-1.00000,666290816441,0.00000
1213,606,0,4.02870,0.00000,0.00000,0.01900,0,-1.00000,666290857118,0.00000
1214,607,0,1.10320,3.24800,0.17880,0.03540,3840000,-1.00000,666290881247,0.00000
1215,607,0,4.28671,0.00000,0.00000,0.02280,0,-1.00000,666290921448,0.00000
1216,608,0,0.48099,3.36100,0.24530,0.02520,3840000,-1.00000,666290925669,0.00000
1217,608,0,4.26820,0.00000,0.00000,0.01950,0,-1.00000,666290965969,0.00000
1218,609,0,0.54960,3.33090,0.17470,0.02210,3840000,-1.00000,666290976997,0.00000
1219,609,0,4.15110,0.00000,0.00000,0.02480,0,-1.00000,666291019883,0.00000
1220,610,0,0.47740,3.31480,0.16040,0.02160,3840000,-1.00000,666291024675,0.00000
1221,610,0,4.04330,0.00000,0.00000,0.02410,0,-1.00000,666291067369,0.00000
1222,611,0,4.14010,3.30650,0.15800,0.02310,3840000,-1.00000,666291072853,0.00000
1223,611,0,4.17960,0.00000,0.00000,0.01880,0,-1.00000,666291114367,0.00000
1224,612,0,1.43490,3.31680,0.23890,0.03420,3840000,-1.00000,666291119139,0.00000
1225,612,0,4.29600,0.00000,0.00000,0.02230,0,-1.00000,666291159571,0.00000
1226,613,0,0.44200,3.51260,0.29550,0.02850,3840000,-1.00000,666291200972,0.00000
1227,613,0,4.49090,0.00000,0.00000,0.02010,0,-1.00000,666291242770,0.00000
1228,614,0,4.53590,3.21410,0.15630,0.02300,3840000,-1.00000,666291257116,0.00000
1229,614,0,4.06730,0.00000,0.00000,0.01900,0,-1.00000,666291300094,0.00000
1230,615,0,0.46870,3.23190,0.14580,0.02260,3840000,-1.00000,666291304500,0.00000
1231,615,0,4.02590,0.00000,0.00000,0.01870,0,-1.00000,666291349417,0.00000
1232,616,0,0.48330,3.31230,0.17030,0.02290,3840000,-1.00000,666291394766,0.00000
1233,616,0,4.26640,0.00000,0.00000,0.01870,0,-1.00000,666291435445,0.00000
1234,617,0,0.43720,3.26340,0.16630,0.02170,3840000,-1.00000,666291440125,0.00000
1235,617,0,5.45880,0.00000,0.00000,0.02090,0,-1.00000,666291480387,0.00000
1236,618,0,6.60160,3.43520,0.20410,0.04110,3840000,-1.00000,666291485217,0.00000
1237,618,0,4.53310,0.00000,0.00000,0.02200,0,-1.00000,666291527888,0.00000
1238,619,0,4.98530,3.18040,0.18840,0.03170,3840000,-1.00000,666291532253,0.00000
1239,619,0,4.05911,0.00000,0.00000,0.01800,0,-1.00000,666291586841,0.00000
1240,620,0,2.30090,3.64760,0.19130,0.02900,3840000,-1.00000,666291652859,0.00000
1241,620,0,4.55760,0.00000,0.00000,0.02110,0,-1.00000,666291698213,0.00000
1242,621,0,1.90420,3.35450,0.14930,0.02370,3840000,-1.00000,666291748041,0.00000
1243,621,0,4.17140,0.00000,0.00000,0.01880,0,-1.00000,666291788637,0.00000
1244,622,0,5.45239,3.25100,0.29730,0.04090,3840000,-1.00000,666291811641,0.00000
1245,622,0,4.26820,0.00000,0.00000,0.02220,0,-1.00000,666291857230,0.00000
1246,623,0,2.26700,3.15920,0.14450,0.02220,3840000,-1.00000,666291876258,0.00000
1247,623,0,3.91850,0.00000,0.00000,0.01870,0,-1.00000,666291917977,0.00000
1248,624,0,0.45709,3.21900,0.19360,0.02440,3840000,-1.00000,666291972516,0.00000
1249,624,0,4.04970,0.00000,0.00000,0.01870,0,-1.00000,666292015190,0.00000
1250,625,0,1.24840,3.44140,0.15870,0.02400,3840000,-1.00000,666292037849,0.00000
1251,625,0,4.20220,0.00000,0.00000,0.01970,0,-1.00000,666292077042,0.00000
1252,626,0,0.45910,3.24780,0.14500,0.02250,3840000,-1.00000,666292081603,0.00000
1253,626,0,4.13910,0.00000,0.00000,0.01620,0,-1.00000,666292122106,0.00000
1254,627,0,0.58940,3.18900,0.13300,0.02120,3840000,-1.00000,666292134585,0.00000
1255,627,0,4.24080,0.00000,0.00000,0.02340,0,-1.00000,666292176614,0.00000
1256,628,0,2.21750,3.34190,0.24340,0.05100,3840000,-1.00000,666292181197,0.00000
1257,628,0,4.47660,0.00000,0.00000,0.02270,0,-1.00000,666292222590,0.00000
1258,629,0,6.77980,3.33480,0.21330,0.02580,3840000,-1.00000,666292228484,0.00000
1259,629,0,4.17500,0.00000,0.00000,0.02040,0,-1.00000,666292270901,0.00000
1260,630,0,0.49990,3.17030,0.20240,0.02200,3840000,-1.00000,666292293068,0.00000
1261,630,0,4.00920,0.00000,0.00000,0.02110,0,-1.00000,666292337907,0.00000
1262,631,0,0.47690,3.26550,0.13960,0.02170,3840000,-1.00000,666292405632,0.00000
1263,631,0,4.10920,0.00000,0.00000,0.02120,0,-1.00000,666292447388,0.00000
1264,632,0,0.45240,3.23610,0.13560,0.02000,3840000,-1.00000,666292452378,0.00000
1265,632,0,4.21980,0.00000,0.00000,0.02200,0,-1.00000,666292492477,0.00000
1266,633,0,3.01280,3.44800,0.22670,0.04590,3840000,-1.00000,666292497239,0.00000
1267,633,0,4.56590,0.00000,0.00000,0.02010,0,-1.00000,666292538337,0.00000
1268,634,0,0.44640,3.23370,0.17300,0.02050,3840000,-1.00000,666292542856,0.00000
1269,634,0,3.98860,0.00000,0.00000,0.01760,0,-1.00000,666292585069,0.00000
1270,635,0,0.41010,3.33550,0.18680,0.02420,3840000,-1.00000,666292615192,0.00000
1271,635,0,4.10550,0.00000,0.00000,0.01770,0,-1.00000,666292660861,0.00000
1272,636,0,2.60650,3.38990,0.17940,0.03440,3840000,-1.00000,666292665301,0.00000
1273,636,0,4.25030,0.00000,0.00000,0.02090,0,-1.00000,666292705189,0.00000
1274,637,0,2.21110,3.28090,0.24630,0.04900,3840000,-1.00000,666292709292,0.00000
1275,637,0,4.39780,0.00000,0.00000,0.02420,0,-1.00000,666292750357,0.00000
1276,638,0,0.49320,3.40140,0.19590,0.02520,3840000,-1.00000,666292776406,0.00000
1277,638,0,4.88050,0.00000,0.00000,0.01910,0,-1.00000,666292818923,0.00000
1278,639,0,3.03760,3.33600,0.20730,0.03650,3840000,-1.00000,666292841034,0.00000
1279,639,0,4.28080,0.00000,0.00000,0.01700,0,-1.00000,666292885021,0.00000
1280,640,0,2.16420,3.20670,0.15220,0.02220,3840000,-1.00000,666292889932,0.00000
1281,640,0,4.08070,0.00000,0.00000,0.01890,0,-1.00000,666292938761,0.00000
1282,641,0,5.63680,3.14380,0.18660,0.02470,3840000,-1.00000,666292969114,0.00000
1283,641,0,4.00880,0.00000,0.00000,0.01970,0,-1.00000,666293011939,0.00000
1284,642,0,0.46620,3.30430,0.16480,0.02500,3840000,-1.00000,666293033564,0.00000
1285,642,0,4.06300,0.00000,0.00000,0.01900,0,-1.00000,666293074382,0.00000
1286,643,0,0.50220,3.19980,0.14770,0.06890,3840000,-1.00000,666293130744,0.00000
1287,643,0,4.03310,0.00000,0.00000,0.01870,0,-1.00000,666293170834,0.00000
1288,644,0,0.48350,3.34280,0.20330,0.03430,3840000,-1.00000,666293175484,0.00000
1289,644,0,4.33140,0.00000,0.00000,0.02060,0,-1.00000,666293216136,0.00000
1290,645,0,6.04430,3.20700,0.18980,0.02410,3840000,-1.00000,666293221144,0.00000
1291,645,0,3.99581,0.00000,0.00000,0.02220,0,-1.00000,666293261482,0.00000
1292,646,0,0.50670,3.12640,0.15660,0.02020,3840000,-1.00000,666293266310,0.00000
1293,646,0,3.95910,0.00000,0.00000,0.01860,0,-1.00000,666293309647,0.00000
1294,647,0,4.39120,3.33180,0.17050,0.02690,3840000,-1.00000,666293370074,0.00000
1295,647,0,4.18720,0.00000,0.00000,0.02400,0,-1.00000,666293410033,0.00000
1296,648,0,0.48520,3.11570,0.20320,0.02150,3840000,-1.00000,666293415092,0.00000
1297,648,0,3.95419,0.00000,0.00000,0.02090,0,-1.00000,666293454684,0.00000
1298,649,0,0.43190,3.18880,0.13390,0.02190,3840000,-1.00000,666293498594,0.00000
1299,649,0,3.88320,0.00000,0.00000,0.01880,0,-1.00000,666293540475,0.00000
1300,650,0,0.55270,3.29460,0.22020,0.03880,3840000,-1.00000,666293545320,0.00000
1301,650,0,4.40080,0.00000,0.00000,0.02210,0,-1.00000,666293584868,0.00000
1302,651,0,6.38320,3.31650,0.19260,0.02780,3840000,-1.00000,666293589180,0.00000
1303,651,0,4.12100,0.00000,0.00000,0.02360,0,-1.00000,666293628016,0.00000
1304,652,0,0.42920,3.31210,0.11700,0.02050,3840000,-1.00000,666293633539,0.00000
1305,652,0,4.13620,0.00000,0.00000,0.01990,0,-1.00000,666293677575,0.00000
1306,653,0,0.51390,3.43570,0.18350,0.02350,3840000,-1.00000,666293741383,0.00000
1307,653,0,4.26350,0.00000,0.00000,0.01860,0,-1.00000,666293782593,0.00000
1308,654,0,5.84740,3.19050,0.20710,0.04090,3840000,-1.00000,666293786877,0.00000
1309,654,0,4.18480,0.00000,0.00000,0.02180,0,-1.00000,666293828249,0.00000
1310,655,0,5.64520,3.76410,0.27370,0.06670,3840000,-1.00000,666293833383,0.00000
1311,655,0,5.03390,0.00000,0.00000,0.02830,0,-1.00000,666293876026,0.00000
1312,656,0,4.38480,3.34070,0.21050,0.03870,3840000,-1.00000,666293934492,0.00000
1313,656,0,4.28880,0.00000,0.00000,0.02240,0,-1.00000,666293976385,0.00000
1314,657,0,0.48000,3.34870,0.28360,0.05420,3840000,-1.00000,666294032814,0.00000
1315,657,0,4.46950,0.00000,0.00000,0.02390,0,-1.00000,666294083184,0.00000
1316,658,0,0.52120,3.31910,0.24610,0.05110,3840000,-1.00000,666294126983,0.00000
1317,658,0,4.34030,0.00000,0.00000,0.01950,0,-1.00000,666294169888,0.00000
1318,659,0,0.42500,3.13260,0.19040,0.02220,3840000,-1.00000,666294174664,0.00000
1319,659,0,3.95010,0.00000,0.00000,0.01710,0,-1.00000,666294219398,0.00000
1320,660,0,0.48370,3.36440,0.19680,0.03670,3840000,-1.00000,666294224572,0.00000
1321,660,0,4.30850,0.00000,0.00000,0.02010,0,-1.00000,666294267992,0.00000
1322,661,0,0.41310,3.17490,0.20590,0.02120,3840000,-1.00000,666294272221,0.00000
1323,661,0,3.96160,0.00000,0.00000,0.01870,0,-1.00000,666294311861,0.00000
1324,662,0,1.20830,3.23460,0.15550,0.02100,3840000,-1.00000,666294316565,0.00000
1325,662,0,4.07110,0.00000,0.00000,0.01910,0,-1.00000,666294359657,0.00000
1326,663,0,2.37640,3.40460,0.17510,0.02620,3840000,-1.00000,666294363776,0.00000
1327,663,0,4.33459,0.00000,0.00000,0.01930,0,-1.00000,666294403399,0.00000
1328,664,0,2.01790,3.07440,0.16100,0.01960,3840000,-1.00000,666294415474,0.00000
1329,664,0,3.88180,0.00000,0.00000,0.02240,0,-1.00000,666294456194,0.00000
1330,665,0,0.41220,3.48810,0.18100,0.02790,3840000,-1.00000,666294479963,0.00000
1331,665,0,8.57820,0.00000,0.00000,0.02160,0,-1.00000,666294523302,0.00000
1332,666,0,0.51210,3.11230,0.19900,0.02810,3840000,-1.00000,666294543474,0.00000
1333,666,0,4.01140,0.00000,0.00000,0.01800,0,-1.00000,666294582302,0.00000
1334,667,0,1.98860,3.52310,0.17060,0.02440,3840000,-1.00000,666294586414,0.00000
1335,667,0,4.33380,0.00000,0.00000,0.01870,0,-1.00000,666294672229,0.00000
1336,668,0,0.52820,3.26160,0.13810,0.03020,3840000,-1.00000,666294677327,0.00000
1337,668,0,7.88990,0.00000,0.00000,0.02110,0,-1.00000,666294717442,0.00000
1338,669,0,0.41120,3.20490,0.13310,0.02020,3840000,-1.00000,666294737323,0.00000
1339,669,0,3.95280,0.00000,0.00000,0.01570,0,-1.00000,666294780664,0.00000
1340,670,0,5.19250,3.19690,0.22770,0.04950,3840000,-1.00000,666294785943,0.00000
1341,670,0,4.26690,0.00000,0.00000,0.01860,0,-1.00000,666294864851,0.00000
1342,671,0,5.34260,3.23700,0.19050,0.02790,3840000,-1.00000,666294868946,0.00000
1343,671,0,4.07890,0.00000,0.00000,0.02050,0,-1.00000,666294908486,0.00000
1344,672,0,0.51730,3.36430,0.17250,0.02170,3840000,-1.00000,666294960419,0.00000
1345,672,0,4.07860,0.00000,0.00000,0.02410,0,-1.00000,666295003098,0.00000
1346,673,0,4.36049,3.29830,0.15810,0.02560,3840000,-1.00000,666295056502,0.00000
1347,673,0,4.18311,0.00000,0.00000,0.01870,0,-1.00000,666295097302,0.00000
1348,674,0,1.95400,3.26820,0.15280,0.02350,3840000,-1.00000,666295102462,0.00000
1349,674,0,4.07870,0.00000,0.00000,0.02270,0,-1.00000,666295143252,0.00000
1350,675,0,0.43660,3.35100,0.18620,0.02930,3840000,-1.00000,666295186855,0.00000
1351,675,0,4.38260,0.00000,0.00000,0.02430,0,-1.00000,666295228689,0.00000
1352,676,0,0.69930,3.20840,0.21730,0.02210,3840000,-1.00000,666295248224,0.00000
1353,676,0,4.05160,0.00000,0.00000,0.02140,0,-1.00000,666295289020,0.00000
1354,677,0,5.46409,3.09920,0.18300,0.02690,3840000,-1.00000,666295293374,0.00000
1355,677,0,3.95201,0.00000,0.00000,0.01860,0,-1.00000,666295337215,0.00000
1356,678,0,0.40920,3.35410,0.14020,0.02040,3840000,-1.00000,666295344197,0.00000
1357,678,0,4.21440,0.00000,0.00000,0.01840,0,-1.00000,666295384766,0.00000
1358,679,0,0.44100,3.11330,0.16210,0.02080,3840000,-1.00000,666295439355,0.00000
1359,679,0,3.88950,0.00000,0.00000,0.01860,0,-1.00000,666295478880,0.00000
1360,680,0,0.43890,3.26450,0.14110,0.02060,3840000,-1.00000,666295482957,0.00000
1361,680,0,4.26050,0.00000,0.00000,0.02050,0,-1.00000,666295525116,0.00000
1362,681,0,1.76240,3.20410,0.21930,0.03500,3840000,-1.00000,666295529521,0.00000
1363,681,0,4.20339,0.00000,0.00000,0.02000,0,-1.00000,666295568421,0.00000
1364,682,0,0.44050,3.22310,0.17220,0.02670,3840000,-1.00000,666295572804,0.00000
1365,682,0,4.08020,0.00000,0.00000,0.02180,0,-1.00000,666295615416,0.00000
1366,683,0,7.25190,3.18680,0.12780,0.02270,3840000,-1.00000,666295633036,0.00000
1367,683,0,3.94550,0.00000,0.00000,0.01900,0,-1.00000,666295675083,0.00000
1368,684,0,0.43860,3.37860,0.13080,0.02050,3840000,-1.00000,666295679474,0.00000
1369,684,0,4.10880,0.00000,0.00000,0.01890,0,-1.00000,666295720285,0.00000
1370,685,0,0.45800,3.16360,0.12590,0.02040,3840000,-1.00000,666295792794,0.00000
1371,685,0,3.88410,0.00000,0.00000,0.01900,0,-1.00000,666295832255,0.00000
1372,686,0,0.46730,3.35830,0.19720,0.03010,3840000,-1.00000,666295836629,0.00000
1373,686,0,4.33190,0.00000,0.00000,0.01890,0,-1.00000,666295877727,0.00000
1374,687,0,4.72330,3.17340,0.21890,0.03120,3840000,-1.00000,666295882303,0.00000
1375,687,0,4.05230,0.00000,0.00000,0.01640,0,-1.00000,666295921155,0.00000
1376,688,0,5.49290,3.18560,0.26330,0.04060,3840000,-1.00000,666295925816,0.00000
1377,688,0,4.19560,0.00000,0.00000,0.02210,0,-1.00000,666295969154,0.00000
1378,689,0,5.49910,3.12200,0.15190,0.02550,3840000,-1.00000,666296016375,0.00000
1379,689,0,3.85400,0.00000,0.00000,0.02100,0,-1.00000,666296056887,0.00000
1380,690,0,0.53390,3.25150,0.15930,0.02230,3840000,-1.00000,666296111826,0.00000
1381,690,0,4.06290,0.00000,0.00000,0.01850,0,-1.00000,666296153786,0.00000
1382,691,0,1.02560,3.44380,0.21650,0.04140,3840000,-1.00000,666296208767,0.00000
1383,691,0,4.45430,0.00000,0.00000,0.02190,0,-1.00000,666296247315,0.00000
1384,692,0,1.94620,3.39220,0.14720,0.02120,3840000,-1.00000,666296252643,0.00000
1385,692,0,4.27590,0.00000,0.00000,0.01750,0,-1.00000,666296293278,0.00000
1386,693,0,2.17230,3.30090,0.16220,0.02570,3840000,-1.00000,666296303533,0.00000
1387,693,0,4.27330,0.00000,0.00000,0.01890,0,-1.00000,666296348100,0.00000
1388,694,0,0.38110,3.19960,0.16840,0.02330,3840000,-1.00000,666296367537,0.00000
1389,694,0,4.01280,0.00000,0.00000,0.02240,0,-1.00000,666296410298,0.00000
1390,695,0,0.44560,3.09520,0.12390,0.02000,3840000,-1.00000,666296432126,0.00000
1391,695,0,3.93340,0.00000,0.00000,0.02100,0,-1.00000,666296474755,0.00000
1392,696,0,7.42190,3.27720,0.19920,0.03570,3840000,-1.00000,666296478558,0.00000
1393,696,0,4.27960,0.00000,0.00000,0.01960,0,-1.00000,666296518701,0.00000
1394,697,0,0.41480,3.07540,0.28880,0.01910,3840000,-1.00000,666296523143,0.00000
1395,697,0,4.09590,0.00000,0.00000,0.01870,0,-1.00000,666296562485,0.00000
1396,698,0,5.81030,3.17280,0.13700,0.02420,3840000,-1.00000,666296636713,0.00000
1397,698,0,3.96870,0.00000,0.00000,0.01800,0,-1.00000,666296679502,0.00000
1398,699,0,0.65680,3.08750,0.13090,0.01940,3840000,-1.00000,666296683646,0.00000
1399,699,0,3.79070,0.00000,0.00000,0.01860,0,-1.00000,666296724605,0.00000
1400,700,0,0.40390,3.09370,0.12810,0.01980,3840000,-1.00000,666296782706,0.00000
1401,700,0,4.03550,0.00000,0.00000,0.01630,0,-1.00000,666296822395,0.00000
1402,701,0,6.32460,3.26630,0.24030,0.04380,3840000,-1.00000,666296828961,0.00000
1403,701,0,4.25770,0.00000,0.00000,0.02300,0,-1.00000,666296866870,0.00000
1404,702,0,0.45940,3.06530,0.18300,0.02160,3840000,-1.00000,666296870900,0.00000
1405,702,0,3.81170,0.00000,0.00000,0.01830,0,-1.00000,666296911261,0.00000
1406,703,0,0.39440,3.20420,0.15140,0.02200,3840000,-1.00000,666296974511,0.00000
1407,703,0,4.25190,0.00000,0.00000,0.02180,0,-1.00000,666297017097,0.00000
1408,704,0,6.00239,3.00820,0.19820,0.02410,3840000,-1.00000,666297021674,0.00000
1409,704,0,3.87650,0.00000,0.00000,0.01860,0,-1.00000,666297059795,0.00000
1410,705,0,0.55750,3.01980,0.15340,0.02300,3840000,-1.00000,666297063735,0.00000
1411,705,0,3.84230,0.00000,0.00000,0.01830,0,-1.00000,666297106265,0.00000
1412,706,0,4.21450,3.19660,0.22370,0.03670,3840000,-1.00000,666297166285,0.00000
1413,706,0,4.22890,0.00000,0.00000,0.02040,0,-1.00000,666297205049,0.00000
1414,707,0,5.54751,3.08770,0.14800,0.02380,3840000,-1.00000,666297210621,0.00000
1415,707,0,3.93520,0.00000,0.00000,0.01910,0,-1.00000,666297249051,0.00000
1416,708,0,0.42120,3.00920,0.12700,0.02140,3840000,-1.00000,666297291194,0.00000
1417,708,0,3.82800,0.00000,0.00000,0.01870,0,-1.00000,666297333491,0.00000
1418,709,0,4.64410,3.17540,0.19740,0.02340,3840000,-1.00000,666297388955,0.00000
1419,709,0,3.94580,0.00000,0.00000,0.01740,0,-1.00000,666297428310,0.00000
1420,710,0,0.39960,3.21690,0.18460,0.02640,3840000,-1.00000,666297432515,0.00000
1421,710,0,5.15070,0.00000,0.00000,0.01780,0,-1.00000,666297470803,0.00000
1422,711,0,0.40940,3.18690,0.17260,0.02370,3840000,-1.00000,666297517239,0.00000
1423,711,0,4.05680,0.00000,0.00000,0.02100,0,-1.00000,666297556702,0.00000
1424,712,0,1.80240,3.08250,0.27540,0.03070,3840000,-1.00000,666297560694,0.00000
1425,712,0,3.99560,0.00000,0.00000,0.02350,0,-1.00000,666297612206,0.00000
1426,713,0,0.43990,3.08490,0.16140,0.01850,3840000,-1.00000,666297616289,0.00000
1427,713,0,3.80900,0.00000,0.00000,0.01730,0,-1.00000,666297656874,0.00000
1428,714,0,4.60520,3.18570,0.18530,0.02190,3840000,-1.00000,666297674892,0.00000
1429,714,0,3.90380,0.00000,0.00000,0.02130,0,-1.00000,666297714857,0.00000
1430,715,0,2.24360,3.09190,0.16390,0.02600,3840000,-1.00000,666297719240,0.00000
1431,715,0,3.88410,0.00000,0.00000,0.02120,0,-1.00000,666297757341,0.00000
1432,716,0,2.62030,3.21830,0.20190,0.03520,3840000,-1.00000,666297803377,0.00000
1433,716,0,4.15890,0.00000,0.00000,0.02160,0,-1.00000,666297842418,0.00000
1434,717,0,0.53330,3.31420,0.20210,0.02470,3840000,-1.00000,666297864858,0.00000
1435,717,0,4.16670,0.00000,0.00000,0.01760,0,-1.00000,666297903705,0.00000
1436,718,0,0.43540,3.05830,0.19170,0.02380,3840000,-1.00000,666297929902,0.00000
1437,718,0,3.91880,0.00000,0.00000,0.01550,0,-1.00000,666297971517,0.00000
1438,719,0,0.41001,3.24010,0.17710,0.02120,3840000,-1.00000,666297976821,0.00000
1439,719,0,4.07350,0.00000,0.00000,0.01470,0,-1.00000,666298018494,0.00000
1440,720,0,1.59230,3.14780,0.16690,0.02410,3840000,-1.00000,666298022839,0.00000
1441,720,0,3.95911,0.00000,0.00000,0.01840,0,-1.00000,666298062037,0.00000
1442,721,0,5.64110,3.00990,0.19310,0.03660,3840000,-1.00000,666298066125,0.00000
1443,721,0,3.93630,0.00000,0.00000,0.02210,0,-1.00000,666298106861,0.00000
1444,722,0,0.47500,3.19960,0.16100,0.02120,3840000,-1.00000,666298122785,0.00000
1445,722,0,4.01320,0.00000,0.00000,0.01740,0,-1.00000,666298162384,0.00000
1446,723,0,4.40670,3.03830,0.19370,0.03560,3840000,-1.00000,666298218838,0.00000
1447,723,0,3.94520,0.00000,0.00000,0.02420,0,-1.00000,666298258170,0.00000
1448,724,0,5.71620,3.19410,0.15930,0.02220,3840000,-1.00000,666298262902,0.00000
1449,724,0,4.03650,0.00000,0.00000,0.01850,0,-1.00000,666298303034,0.00000
1450,725,0,0.55410,3.25500,0.16750,0.02150,3840000,-1.00000,666298347117,0.00000
1451,725,0,4.04970,0.00000,0.00000,0.01920,0,-1.00000,666298386563,0.00000
1452,726,0,4.13030,3.16220,0.16620,0.02210,3840000,-1.00000,666298443718,0.00000
1453,726,0,3.93730,0.00000,0.00000,0.02090,0,-1.00000,666298484085,0.00000
1454,727,0,5.48170,3.17970,0.25030,0.05070,3840000,-1.00000,666298489619,0.00000
1455,727,0,4.22980,0.00000,0.00000,0.01720,0,-1.00000,666298530126,0.00000
1456,728,0,2.23580,3.15310,0.18160,0.02560,3840000,-1.00000,666298571423,0.00000
1457,728,0,4.02520,0.00000,0.00000,0.01780,0,-1.00000,666298610803,0.00000
1458,729,0,0.41140,3.03950,0.25590,0.02580,3840000,-1.00000,666298665621,0.00000
1459,729,0,3.92230,0.00000,0.00000,0.01830,0,-1.00000,666298707929,0.00000
1460,730,0,5.14120,2.99260,0.19600,0.07760,3840000,-1.00000,666298730265,0.00000
1461,730,0,3.92610,0.00000,0.00000,0.01920,0,-1.00000,666298770528,0.00000
1462,731,0,4.02920,3.20440,0.19160,0.02830,3840000,-1.00000,666298774633,0.00000
1463,731,0,4.14890,0.00000,0.00000,0.02370,0,-1.00000,666298813864,0.00000
1464,732,0,0.55100,3.31820,0.21190,0.03660,3840000,-1.00000,666298865273,0.00000
1465,732,0,4.31260,0.00000,0.00000,0.01690,0,-1.00000,666298904534,0.00000
1466,733,0,0.51190,3.17450,0.17480,0.02380,3840000,-1.00000,666298944825,0.00000
1467,733,0,3.92871,0.00000,0.00000,0.02590,0,-1.00000,666298986321,0.00000
1468,734,0,0.41930,2.97950,0.16110,0.02120,3840000,-1.00000,666298991821,0.00000
1469,734,0,3.68860,0.00000,0.00000,0.01770,0,-1.00000,666299034958,0.00000
1470,735,0,2.59311,3.01730,0.16180,0.02450,3840000,-1.00000,666299040072,0.00000
1471,735,0,3.78030,0.00000,0.00000,0.01830,0,-1.00000,666299079352,0.00000
1472,736,0,2.38639,3.13180,0.15910,0.02230,3840000,-1.00000,666299083543,0.00000
1473,736,0,3.99320,0.00000,0.00000,0.01830,0,-1.00000,666299120433,0.00000
1474,737,0,0.56050,3.72590,0.20350,0.02730,3840000,-1.00000,666299146367,0.00000
1475,737,0,5.17720,0.00000,0.00000,0.02220,0,-1.00000,666299184168,0.00000
1476,738,0,3.27660,3.03010,0.18010,0.02350,3840000,-1.00000,666299208033,0.00000
1477,738,0,3.87070,0.00000,0.00000,0.02000,0,-1.00000,666299247969,0.00000
1478,739,0,5.62060,3.05190,0.17430,0.02460,3840000,-1.00000,666299253565,0.00000
1479,739,0,3.79760,0.00000,0.00000,0.02090,0,-1.00000,666299305371,0.00000
1480,740,0,5.94841,3.14530,0.17410,0.02310,3840000,-1.00000,666299338115,0.00000
1481,740,0,3.93130,0.00000,0.00000,0.01880,0,-1.00000,666299376823,0.00000
1482,741,0,5.51310,3.38280,0.25360,0.05690,3840000,-1.00000,666299433024,0.00000
1483,741,0,4.54050,0.00000,0.00000,0.02010,0,-1.00000,666299471005,0.00000
1484,742,0,0.53270,3.19640,0.19480,0.02500,3840000,-1.00000,666299530479,0.00000
1485,742,0,4.02950,0.00000,0.00000,0.01820,0,-1.00000,666299569791,0.00000
1486,743,0,0.42240,3.14920,0.14870,0.02130,3840000,-1.00000,666299624948,0.00000
1487,743,0,3.95220,0.00000,0.00000,0.01630,0,-1.00000,666299670346,0.00000
1488,744,0,5.71460,3.02950,0.17940,0.02720,3840000,-1.00000,666299675658,0.00000
1489,744,0,3.84140,0.00000,0.00000,0.02120,0,-1.00000,666299716002,0.00000
1490,745,0,2.53260,2.98440,0.16310,0.02060,3840000,-1.00000,666299720171,0.00000
1491,745,0,3.83500,0.00000,0.00000,0.01600,0,-1.00000,666299759695,0.00000
1492,746,0,0.43061,2.98280,0.18690,0.02590,3840000,-1.00000,666299816845,0.00000
1493,746,0,3.98770,0.00000,0.00000,0.01940,0,-1.00000,666299855259,0.00000
1494,747,0,1.33480,3.22100,0.19800,0.02630,3840000,-1.00000,666299880584,0.00000
1495,747,0,4.06040,0.00000,0.00000,0.02140,0,-1.00000,666299918956,0.00000
1496,748,0,0.41290,3.14950,0.15370,0.01930,3840000,-1.00000,666299923233,0.00000
1497,748,0,3.84140,0.00000,0.00000,0.01880,0,-1.00000,666299963148,0.00000
1498,749,0,4.31920,2.98770,0.19130,0.04110,3840000,-1.00000,666299976468,0.00000
1499,749,0,3.92060,0.00000,0.00000,0.01880,0,-1.00000,666300017072,0.00000
1500,750,0,0.42620,3.18680,0.15990,0.01790,3840000,-1.00000,666300021194,0.00000
1501,750,0,3.88490,0.00000,0.00000,0.01690,0,-1.00000,666300059608,0.00000
1502,751,0,1.49380,3.18370,0.16970,0.02780,3840000,-1.00000,666300102818,0.00000
1503,751,0,4.00660,0.00000,0.00000,0.01770,0,-1.00000,666300142010,0.00000
1504,752,0,5.57050,3.05230,0.31720,0.03850,3840000,-1.00000,666300146264,0.00000
1505,752,0,4.09320,0.00000,0.00000,0.02110,0,-1.00000,666300185126,0.00000
1506,753,0,0.43290,3.46350,0.18920,0.02680,3840000,-1.00000,666300200054,0.00000
1507,753,0,4.32220,0.00000,0.00000,0.02180,0,-1.00000,666300240130,0.00000
1508,754,0,0.73570,3.15450,0.13040,0.02010,3840000,-1.00000,666300295830,0.00000
1509,754,0,3.84780,0.00000,0.00000,0.01830,0,-1.00000,666300336783,0.00000
1510,755,0,5.59530,2.95580,0.14810,0.02150,3840000,-1.00000,666300341086,0.00000
1511,755,0,3.76170,0.00000,0.00000,0.01890,0,-1.00000,666300384321,0.00000
1512,756,0,0.43330,3.09680,0.16060,0.02700,3840000,-1.00000,666300391664,0.00000
1513,756,0,4.00580,0.00000,0.00000,0.01850,0,-1.00000,666300430151,0.00000
1514,757,0,4.70910,3.02600,0.17920,0.04000,3840000,-1.00000,666300486108,0.00000
1515,757,0,4.03270,0.00000,0.00000,0.01950,0,-1.00000,666300523724,0.00000
1516,758,0,2.29560,3.20140,0.16740,0.02690,3840000,-1.00000,666300528049,0.00000
1517,758,0,3.99130,0.00000,0.00000,0.01780,0,-1.00000,666300568116,0.00000
1518,759,0,0.46010,3.03950,0.15090,0.02120,3840000,-1.00000,666300615199,0.00000
1519,759,0,3.84301,0.00000,0.00000,0.01430,0,-1.00000,666300655543,0.00000
1520,760,0,0.36880,3.16510,0.15970,0.02020,3840000,-1.00000,666300678489,0.00000
1521,760,0,3.85699,0.00000,0.00000,0.02130,0,-1.00000,666300718401,0.00000
1522,761,0,6.86470,3.09520,0.13350,0.02570,3840000,-1.00000,666300722994,0.00000
1523,761,0,3.95890,0.00000,0.00000,0.01900,0,-1.00000,666300761425,0.00000
1524,762,0,0.46510,2.95180,0.15830,0.02350,3840000,-1.00000,666300765110,0.00000
1525,762,0,3.90770,0.00000,0.00000,0.02110,0,-1.00000,666300803685,0.00000
1526,763,0,1.15800,3.14620,0.29950,0.04360,3840000,-1.00000,666300872332,0.00000
1527,763,0,4.21361,0.00000,0.00000,0.02190,0,-1.00000,666300911920,0.00000
1528,764,0,0.53140,3.04400,0.16260,0.02570,3840000,-1.00000,666300916574,0.00000
1529,764,0,3.83360,0.00000,0.00000,0.01810,0,-1.00000,666300955652,0.00000
1530,765,0,1.02460,3.19210,0.14450,0.01910,3840000,-1.00000,666300967230,0.00000
1531,765,0,3.90480,0.00000,0.00000,0.01730,0,-1.00000,666301009389,0.00000
1532,766,0,0.37611,3.16560,0.13340,0.01990,3840000,-1.00000,666301014678,0.00000
1533,766,0,3.85259,0.00000,0.00000,0.01860,0,-1.00000,666301053013,0.00000
1534,767,0,0.42660,3.14660,0.12850,0.02040,3840000,-1.00000,666301063255,0.00000
1535,767,0,3.92150,0.00000,0.00000,0.01720,0,-1.00000,666301102309,0.00000
1536,768,0,0.44920,3.02960,0.15050,0.01950,3840000,-1.00000,666301106062,0.00000
1537,768,0,4.42170,0.00000,0.00000,0.01480,0,-1.00000,666301144595,0.00000
1538,769,0,0.45040,3.01170,0.14800,0.01720,3840000,-1.00000,666301148869,0.00000
1539,769,0,3.70900,0.00000,0.00000,0.01690,0,-1.00000,666301188081,0.00000
1540,770,0,0.49200,3.25450,0.18470,0.04580,3840000,-1.00000,666301192564,0.00000
1541,770,0,4.33380,0.00000,0.00000,0.01690,0,-1.00000,666301236789,0.00000
1542,771,0,5.32850,3.03540,0.20220,0.02410,3840000,-1.00000,666301241288,0.00000
1543,771,0,3.91060,0.00000,0.00000,0.02140,0,-1.00000,666301278798,0.00000
1544,772,0,0.42770,3.10420,0.12950,0.02110,3840000,-1.00000,666301283346,0.00000
1545,772,0,4.12260,0.00000,0.00000,0.01800,0,-1.00000,666301326658,0.00000
1546,773,0,7.65090,3.07230,0.17830,0.02410,3840000,-1.00000,666301379922,0.00000
1547,773,0,3.85400,0.00000,0.00000,0.02040,0,-1.00000,666301419038,0.00000
1548,774,0,0.48990,3.06150,0.15240,0.02210,3840000,-1.00000,666301423303,0.00000
1549,774,0,3.83820,0.00000,0.00000,0.01970,0,-1.00000,666301464535,0.00000
1550,775,0,0.47680,3.16250,0.21500,0.04200,3840000,-1.00000,666301541039,0.00000
1551,775,0,4.22290,0.00000,0.00000,0.02180,0,-1.00000,666301579585,0.00000
1552,776,0,3.30780,2.93480,0.16860,0.02300,3840000,-1.00000,666301584475,0.00000
1553,776,0,3.87490,0.00000,0.00000,0.01780,0,-1.00000,666301622872,0.00000
1554,777,0,8.77479,2.93700,0.13740,0.02280,3840000,-1.00000,666301627630,0.00000
1555,777,0,3.69620,0.00000,0.00000,0.01750,0,-1.00000,666301669890,0.00000
1556,778,0,2.44660,2.99840,0.13170,0.01860,3840000,-1.00000,666301702936,0.00000
1557,778,0,3.81570,0.00000,0.00000,0.02460,0,-1.00000,666301741693,0.00000
1558,779,0,2.62420,3.12700,0.20260,0.04450,3840000,-1.00000,666301829433,0.00000
1559,779,0,4.13090,0.00000,0.00000,0.01870,0,-1.00000,666301866391,0.00000
1560,780,0,2.46040,3.13250,0.14880,0.02190,3840000,-1.00000,666301890855,0.00000
1561,780,0,3.86430,0.00000,0.00000,0.01760,0,-1.00000,666301929026,0.00000
1562,781,0,2.25770,3.20070,0.16540,0.02600,3840000,-1.00000,666301955267,0.00000
1563,781,0,3.94100,0.00000,0.00000,0.01800,0,-1.00000,666301996580,0.00000
1564,782,0,2.60090,3.27060,0.16370,0.02150,3840000,-1.00000,666302021172,0.00000
1565,782,0,4.50560,0.00000,0.00000,0.02270,0,-1.00000,666302059812,0.00000
1566,783,0,2.01700,3.31850,0.28400,0.02900,3840000,-1.00000,666302082390,0.00000
1567,783,0,4.29450,0.00000,0.00000,0.02100,0,-1.00000,666302121803,0.00000
1568,784,0,1.85110,3.08040,0.16520,0.02080,3840000,-1.00000,666302147809,0.00000
1569,784,0,3.90520,0.00000,0.00000,0.02100,0,-1.00000,666302192935,0.00000
1570,785,0,0.40710,3.28860,0.19110,0.03240,3840000,-1.00000,666302213037,0.00000
1571,785,0,4.31250,0.00000,0.00000,0.01580,0,-1.00000,666302255994,0.00000
1572,786,0,0.45270,2.94050,0.16650,0.02210,3840000,-1.00000,666302274490,0.00000
1573,786,0,3.83870,0.00000,0.00000,0.02000,0,-1.00000,666302313547,0.00000
1574,787,0,0.43020,3.25230,0.19610,0.04100,3840000,-1.00000,666302317622,0.00000
1575,787,0,5.06960,0.00000,0.00000,0.01910,0,-1.00000,666302360758,0.00000
1576,788,0,0.43430,3.30130,0.40890,0.06590,3840000,-1.00000,666302365268,0.00000
1577,788,0,4.87260,0.00000,0.00000,0.02530,0,-1.00000,666302403662,0.00000
1578,789,0,1.86400,3.36210,0.21420,0.03100,3840000,-1.00000,666302407969,0.00000
1579,789,0,4.34680,0.00000,0.00000,0.01910,0,-1.00000,666302458677,0.00000
1580,790,0,5.32880,3.06340,0.22210,0.03610,3840000,-1.00000,666302462989,0.00000
1581,790,0,4.08280,0.00000,0.00000,0.02000,0,-1.00000,666302511763,0.00000
1582,791,0,5.56520,3.27560,0.31650,0.07100,3840000,-1.00000,666302530371,0.00000
1583,791,0,4.56670,0.00000,0.00000,0.02460,0,-1.00000,666302573842,0.00000
1584,792,0,0.59210,3.31860,0.24480,0.04620,3840000,-1.00000,666302627127,0.00000
1585,792,0,4.48720,0.00000,0.00000,0.02380,0,-1.00000,666302667953,0.00000
1586,793,0,0.50651,3.13060,0.21220,0.02390,3840000,-1.00000,666302723641,0.00000
1587,793,0,4.05730,0.00000,0.00000,0.02250,0,-1.00000,666302769349,0.00000
1588,794,0,1.78570,3.27730,0.20290,0.02900,3840000,-1.00000,666302775192,0.00000
1589,794,0,4.22120,0.00000,0.00000,0.01680,0,-1.00000,666302820090,0.00000
1590,795,0,0.44780,3.10430,0.15730,0.01840,3840000,-1.00000,666302825122,0.00000
1591,795,0,3.85730,0.00000,0.00000,0.01710,0,-1.00000,666302865707,0.00000
1592,796,0,0.39311,3.18440,0.18610,0.03310,3840000,-1.00000,666302883566,0.00000
1593,796,0,7.32820,0.00000,0.00000,0.05760,0,-1.00000,666302925772,0.00000
1594,797,0,2.97230,3.28020,0.27200,0.03730,3840000,-1.00000,666302930241,0.00000
1595,797,0,4.34290,0.00000,0.00000,0.02170,0,-1.00000,666302968815,0.00000
1596,798,0,0.49370,3.13800,0.23360,0.02690,3840000,-1.00000,666302972742,0.00000
1597,798,0,4.03480,0.00000,0.00000,0.02120,0,-1.00000,666303046108,0.00000
1598,799,0,0.43140,3.19450,0.17630,0.02390,3840000,-1.00000,666303075754,0.00000
1599,799,0,4.04660,0.00000,0.00000,0.01770,0,-1.00000,666303119216,0.00000
1600,800,0,2.54790,3.07350,0.17850,0.02180,3840000,-1.00000,666303124132,0.00000
1601,800,0,3.88900,0.00000,0.00000,0.01720,0,-1.00000,666303164474,0.00000
1602,801,0,2.51090,3.31770,0.20040,0.04090,3840000,-1.00000,666303168775,0.00000
1603,801,0,4.37610,0.00000,0.00000,0.01920,0,-1.00000,666303209247,0.00000
1604,802,0,0.44070,3.07440,0.29070,0.02230,3840000,-1.00000,666303234726,0.00000
1605,802,0,3.97020,0.00000,0.00000,0.01840,0,-1.00000,666303273612,0.00000
1606,803,0,4.03840,3.15000,0.17800,0.03510,3840000,-1.00000,666303298737,0.00000
1607,803,0,3.95160,0.00000,0.00000,0.01700,0,-1.00000,666303342491,0.00000
1608,804,0,2.60111,3.10820,0.21020,0.03530,3840000,-1.00000,666303346889,0.00000
1609,804,0,4.06310,0.00000,0.00000,0.02580,0,-1.00000,666303386593,0.00000
1610,805,0,2.35290,3.11680,0.20010,0.03020,3840000,-1.00000,666303426978,0.00000
1611,805,0,4.02830,0.00000,0.00000,0.01950,0,-1.00000,666303466493,0.00000
1612,806,0,2.20780,3.03700,0.15870,0.02560,3840000,-1.00000,666303492500,0.00000
1613,806,0,4.04120,0.00000,0.00000,0.02340,0,-1.00000,666303533159,0.00000
1614,807,0,2.53350,3.19180,0.20830,0.04010,3840000,-1.00000,666303556682,0.00000
1615,807,0,4.27690,0.00000,0.00000,0.02200,0,-1.00000,666303596955,0.00000
1616,808,0,2.32710,3.13800,0.17310,0.02450,3840000,-1.00000,666303619024,0.00000
1617,808,0,4.08330,0.00000,0.00000,0.01950,0,-1.00000,666303659461,0.00000
1618,809,0,0.47490,3.25320,0.15460,0.02470,3840000,-1.00000,666303684781,0.00000
1619,809,0,7.95370,0.00000,0.00000,0.02170,0,-1.00000,666303727564,0.00000
1620,810,0,0.52370,3.10150,0.14670,0.02100,3840000,-1.00000,666303750817,0.00000
1621,810,0,3.89080,0.00000,0.00000,0.01930,0,-1.00000,666303791653,0.00000
1622,811,0,0.49290,2.89780,0.25830,0.03070,3840000,-1.00000,666303796397,0.00000
1623,811,0,3.92870,0.00000,0.00000,0.02010,0,-1.00000,666303875951,0.00000
1624,812,0,1.00650,3.15190,0.21580,0.03300,3840000,-1.00000,666303881170,0.00000
1625,812,0,4.12390,0.00000,0.00000,0.01910,0,-1.00000,666303920085,0.00000
1626,813,0,5.26860,2.98220,0.14460,0.03730,3840000,-1.00000,666303925007,0.00000
1627,813,0,3.84790,0.00000,0.00000,0.01950,0,-1.00000,666303964312,0.00000
1628,814,0,0.51750,3.14500,0.28010,0.04600,3840000,-1.00000,666303974365,0.00000
1629,814,0,4.24860,0.00000,0.00000,0.02180,0,-1.00000,666304015607,0.00000
1630,815,0,7.58480,3.13010,0.17320,0.02730,3840000,-1.00000,666304068288,0.00000
1631,815,0,4.03320,0.00000,0.00000,0.02210,0,-1.00000,666304106765,0.00000
1632,816,0,0.47521,3.45940,0.25130,0.05310,3840000,-1.00000,666304111938,0.00000
1633,816,0,4.59079,0.00000,0.00000,0.02040,0,-1.00000,666304154450,0.00000
1634,817,0,0.49921,3.33780,0.29490,0.03020,3840000,-1.00000,666304230279,0.00000
1635,817,0,4.44330,0.00000,0.00000,0.03680,0,-1.00000,666304270610,0.00000
1636,818,0,0.53860,3.07230,0.16260,0.02280,3840000,-1.00000,666304275358,0.00000
1637,818,0,3.78870,0.00000,0.00000,0.01830,0,-1.00000,666304321300,0.00000
1638,819,0,0.96540,3.08230,0.14210,0.02380,3840000,-1.00000,666304326263,0.00000
1639,819,0,3.81410,0.00000,0.00000,0.01790,0,-1.00000,666304370701,0.00000
1640,820,0,5.65910,3.13060,0.17820,0.02490,3840000,-1.00000,666304376077,0.00000
1641,820,0,3.89020,0.00000,0.00000,0.02010,0,-1.00000,666304413964,0.00000
1642,821,0,0.52230,3.14330,0.20700,0.10390,3840000,-1.00000,666304423623,0.00000
1643,821,0,4.18660,0.00000,0.00000,0.02310,0,-1.00000,666304461760,0.00000
1644,822,0,4.37000,3.11980,0.23610,0.03530,3840000,-1.00000,666304518349,0.00000
1645,822,0,4.13620,0.00000,0.00000,0.01990,0,-1.00000,666304557259,0.00000
1646,823,0,5.56140,4.04540,0.19940,0.04090,3840000,-1.00000,666304562476,0.00000
1647,823,0,5.15840,0.00000,0.00000,0.03860,0,-1.00000,666304604357,0.00000
1648,824,0,4.40810,2.85970,0.17460,0.02250,3840000,-1.00000,666304648052,0.00000
1649,824,0,3.68540,0.00000,0.00000,0.01810,0,-1.00000,666304689412,0.00000
1650,825,0,5.97960,2.91250,0.22870,0.02290,3840000,-1.00000,666304745023,0.00000
1651,825,0,3.77620,0.00000,0.00000,0.01980,0,-1.00000,666304796619,0.00000
1652,826,0,2.65080,3.06300,0.21260,0.05560,3840000,-1.00000,666304840680,0.00000
1653,826,0,4.10820,0.00000,0.00000,0.02230,0,-1.00000,666304877537,0.00000
1654,827,0,0.60670,3.06440,0.18800,0.02360,3840000,-1.00000,666304937331,0.00000
1655,827,0,3.91270,0.00000,0.00000,0.01880,0,-1.00000,666304975095,0.00000
1656,828,0,0.58900,2.95400,0.13850,0.02180,3840000,-1.00000,666305001615,0.00000
1657,828,0,3.85750,0.00000,0.00000,0.01890,0,-1.00000,666305042690,0.00000
1658,829,0,3.19590,3.02760,0.22500,0.04030,3840000,-1.00000,666305048751,0.00000
1659,829,0,4.12691,0.00000,0.00000,0.02330,0,-1.00000,666305087879,0.00000
1660,830,0,5.31460,3.06590,0.27270,0.05260,3840000,-1.00000,666305093767,0.00000
1661,830,0,4.18300,0.00000,0.00000,0.02640,0,-1.00000,666305132344,0.00000
1662,831,0,0.55840,3.05140,0.21640,0.02740,3840000,-1.00000,666305164303,0.00000
1663,831,0,4.12130,0.00000,0.00000,0.02040,0,-1.00000,666305205593,0.00000
1664,832,0,0.50400,2.92560,0.14770,0.02460,3840000,-1.00000,666305258749,0.00000
1665,832,0,3.76390,0.00000,0.00000,0.01900,0,-1.00000,666305300571,0.00000
1666,833,0,0.44840,3.01820,0.19370,0.03850,3840000,-1.00000,666305306145,0.00000
1667,833,0,3.98280,0.00000,0.00000,0.02170,0,-1.00000,666305347345,0.00000
1668,834,0,0.46090,3.03800,0.19540,0.02330,3840000,-1.00000,666305352384,0.00000
1669,834,0,3.85330,0.00000,0.00000,0.02120,0,-1.00000,666305390022,0.00000
1670,835,0,0.63160,3.06830,0.17470,0.03360,3840000,-1.00000,666305394507,0.00000
1671,835,0,4.11780,0.00000,0.00000,0.02380,0,-1.00000,666305434357,0.00000
1672,836,0,0.55880,3.84180,0.28300,0.06260,3840000,-1.00000,666305438946,0.00000
1673,836,0,5.08570,0.00000,0.00000,0.02330,0,-1.00000,666305477483,0.00000
1674,837,0,1.26410,3.76210,0.26000,0.03820,3840000,-1.00000,666305483787,0.00000
1675,837,0,4.82200,0.00000,0.00000,0.02250,0,-1.00000,666305525052,0.00000
1676,838,0,0.45159,3.05750,0.29910,0.06350,3840000,-1.00000,666305530567,0.00000
1677,838,0,4.31100,0.00000,0.00000,0.02120,0,-1.00000,666305581601,0.00000
1678,839,0,0.46240,2.98930,0.26540,0.05270,3840000,-1.00000,666305594063,0.00000
1679,839,0,4.79990,0.00000,0.00000,0.02360,0,-1.00000,666305642300,0.00000
1680,840,0,6.35640,3.14360,0.20530,0.04360,3840000,-1.00000,666305646802,0.00000
1681,840,0,4.22380,0.00000,0.00000,0.02080,0,-1.00000,666305689981,0.00000
1682,841,0,2.34120,3.08200,0.17400,0.02120,3840000,-1.00000,666305694527,0.00000
1683,841,0,3.91470,0.00000,0.00000,0.01810,0,-1.00000,666305742556,0.00000
1684,842,0,0.44390,3.03410,0.14050,0.02420,3840000,-1.00000,666305806104,0.00000
1685,842,0,5.10230,0.00000,0.00000,0.02480,0,-1.00000,666305848401,0.00000
1686,843,0,3.21200,3.23660,0.25870,0.04450,3840000,-1.00000,666305871737,0.00000
1687,843,0,4.30040,0.00000,0.00000,0.01640,0,-1.00000,666305910884,0.00000
1688,844,0,5.41760,3.13260,0.18140,0.02680,3840000,-1.00000,666305915320,0.00000
1689,844,0,3.96080,0.00000,0.00000,0.02270,0,-1.00000,666305966360,0.00000
1690,845,0,2.41991,3.06130,0.18020,0.02410,3840000,-1.00000,666305998473,0.00000
1691,845,0,3.98099,0.00000,0.00000,0.02360,0,-1.00000,666306041490,0.00000
1692,846,0,2.48190,3.02050,0.21580,0.03020,3840000,-1.00000,666306095650,0.00000
1693,846,0,3.96220,0.00000,0.00000,0.01800,0,-1.00000,666306135255,0.00000
1694,847,0,2.48930,3.04150,0.29420,0.05490,3840000,-1.00000,666306159450,0.00000
1695,847,0,4.39770,0.00000,0.00000,0.02080,0,-1.00000,666306199278,0.00000
1696,848,0,2.00420,2.86950,0.26350,0.02800,3840000,-1.00000,666306224092,0.00000
1697,848,0,3.82400,0.00000,0.00000,0.01820,0,-1.00000,666306263707,0.00000
1698,849,0,2.61060,3.06710,0.23100,0.04230,3840000,-1.00000,666306288648,0.00000
1699,849,0,4.12340,0.00000,0.00000,0.01840,0,-1.00000,666306332595,0.00000
1700,850,0,0.46350,3.00080,0.18420,0.02150,3840000,-1.00000,666306352618,0.00000
1701,850,0,3.79360,0.00000,0.00000,0.02170,0,-1.00000,666306390861,0.00000
1702,851,0,4.46840,2.95050,0.26750,0.03240,3840000,-1.00000,666306416966,0.00000
1703,851,0,3.89940,0.00000,0.00000,0.02690,0,-1.00000,666306458215,0.00000
1704,852,0,0.47170,3.02180,0.22350,0.02640,3840000,-1.00000,666306462832,0.00000
1705,852,0,4.10110,0.00000,0.00000,0.02370,0,-1.00000,666306500812,0.00000
1706,853,0,0.53690,3.12110,0.18910,0.02650,3840000,-1.00000,666306545448,0.00000
1707,853,0,4.08950,0.00000,0.00000,0.01850,0,-1.00000,666306584458,0.00000
1708,854,0,0.43600,3.12830,0.16770,0.01940,3840000,-1.00000,666306589156,0.00000
1709,854,0,3.87380,0.00000,0.00000,0.02130,0,-1.00000,666306630196,0.00000
1710,855,0,0.46670,3.05470,0.17240,0.02360,3840000,-1.00000,666306635553,0.00000
1711,855,0,3.89529,0.00000,0.00000,0.02080,0,-1.00000,666306676443,0.00000
1712,856,0,0.65840,2.95820,0.15940,0.02150,3840000,-1.00000,666306680794,0.00000
1713,856,0,3.78150,0.00000,0.00000,0.01860,0,-1.00000,666306719545,0.00000
1714,857,0,0.43240,3.02920,0.15460,0.02380,3840000,-1.00000,666306724205,0.00000
1715,857,0,3.79560,0.00000,0.00000,0.01710,0,-1.00000,666306763163,0.00000
1716,858,0,0.47100,3.01900,0.21890,0.04040,3840000,-1.00000,666306769732,0.00000
1717,858,0,10.98300,0.00000,0.00000,0.03000,0,-1.00000,666306807557,0.00000
1718,859,0,6.55770,3.25830,0.33920,0.06660,3840000,-1.00000,666306811879,0.00000
1719,859,0,4.60600,0.00000,0.00000,0.03360,0,-1.00000,666306849834,0.00000
1720,860,0,4.90320,3.11720,0.26820,0.09040,3840000,-1.00000,666306854547,0.00000
1721,860,0,4.27790,0.00000,0.00000,0.02310,0,-1.00000,666306964433,0.00000
1722,861,0,0.52180,3.23610,0.28660,0.04290,3840000,-1.00000,666307029995,0.00000
1723,861,0,4.41370,0.00000,0.00000,0.02210,0,-1.00000,666307076045,0.00000
1724,862,0,0.57100,3.09450,0.23220,0.03220,3840000,-1.00000,666307125067,0.00000
1725,862,0,4.05150,0.00000,0.00000,0.01770,0,-1.00000,666307167850,0.00000
1726,863,0,2.39160,3.06650,0.26570,0.05860,3840000,-1.00000,666307173043,0.00000
1727,863,0,4.29259,0.00000,0.00000,0.01890,0,-1.00000,666307217194,0.00000
1728,864,0,1.96420,3.14010,0.20360,0.03920,3840000,-1.00000,666307222884,0.00000
1729,864,0,4.28390,0.00000,0.00000,0.02980,0,-1.00000,666307263405,0.00000
1730,865,0,2.30780,3.10580,0.19480,0.03390,3840000,-1.00000,666307287327,0.00000
1731,865,0,4.09030,0.00000,0.00000,0.02430,0,-1.00000,666307330277,0.00000
1732,866,0,2.30140,3.16830,0.29810,0.05810,3840000,-1.00000,666307349897,0.00000
1733,866,0,4.50069,0.00000,0.00000,0.02300,0,-1.00000,666307392756,0.00000
1734,867,0,1.79540,2.87790,0.21320,0.02860,3840000,-1.00000,666307415811,0.00000
1735,867,0,3.87490,0.00000,0.00000,0.02420,0,-1.00000,666307456721,0.00000
1736,868,0,2.49640,2.92030,0.17740,0.02810,3840000,-1.00000,666307479743,0.00000
1737,868,0,3.90800,0.00000,0.00000,0.02210,0,-1.00000,666307524756,0.00000
1738,869,0,0.48940,3.15970,0.18280,0.04140,3840000,-1.00000,666307542690,0.00000
1739,869,0,4.25180,0.00000,0.00000,0.02190,0,-1.00000,666307581444,0.00000
1740,870,0,1.12570,2.94760,0.22540,0.02350,3840000,-1.00000,666307606392,0.00000
1741,870,0,3.89380,0.00000,0.00000,0.02170,0,-1.00000,666307645486,0.00000
1742,871,0,0.73210,3.04650,0.16890,0.02730,3840000,-1.00000,666307650401,0.00000
1743,871,0,3.84660,0.00000,0.00000,0.02380,0,-1.00000,666307692920,0.00000
1744,872,0,1.12040,3.08040,0.18140,0.02620,3840000,-1.00000,666307704150,0.00000
1745,872,0,3.93740,0.00000,0.00000,0.01740,0,-1.00000,666307743088,0.00000
1746,873,0,2.46180,3.05840,0.32280,0.04700,3840000,-1.00000,666307750402,0.00000
1747,873,0,4.76930,0.00000,0.00000,0.02410,0,-1.00000,666307788881,0.00000
1748,874,0,0.47470,3.10140,0.24890,0.03360,3840000,-1.00000,666307800072,0.00000
1749,874,0,4.11310,0.00000,0.00000,0.02250,0,-1.00000,666307839452,0.00000
1750,875,0,3.38640,3.10120,0.28350,0.03530,3840000,-1.00000,666307864063,0.00000
1751,875,0,4.08380,0.00000,0.00000,0.01890,0,-1.00000,666307911784,0.00000
1752,876,0,0.43940,2.97560,0.18310,0.02490,3840000,-1.00000,666307916509,0.00000
1753,876,0,3.75970,0.00000,0.00000,0.02040,0,-1.00000,666307957662,0.00000
1754,877,0,0.44460,3.00800,0.22860,0.03530,3840000,-1.00000,666307991515,0.00000
1755,877,0,3.95830,0.00000,0.00000,0.02230,0,-1.00000,666308032346,0.00000
1756,878,0,3.52210,3.03210,0.26410,0.06120,3840000,-1.00000,666308036729,0.00000
1757,878,0,4.22360,0.00000,0.00000,0.02320,0,-1.00000,666308074336,0.00000
1758,879,0,2.21300,3.01240,0.21590,0.02360,3840000,-1.00000,666308078778,0.00000
1759,879,0,3.89790,0.00000,0.00000,0.01990,0,-1.00000,666308118367,0.00000
1760,880,0,2.52580,3.07350,0.25040,0.04000,3840000,-1.00000,666308153628,0.00000
1761,880,0,4.27380,0.00000,0.00000,0.02380,0,-1.00000,666308195847,0.00000
1762,881,0,0.54630,2.92340,0.22260,0.03370,3840000,-1.00000,666308217945,0.00000
1763,881,0,4.95599,0.00000,0.00000,0.02580,0,-1.00000,666308256932,0.00000
1764,882,0,3.01780,3.01010,0.26810,0.03010,3840000,-1.00000,666308282181,0.00000
1765,882,0,3.98900,0.00000,0.00000,0.02150,0,-1.00000,666308324954,0.00000
1766,883,0,2.43840,3.09620,0.23220,0.04370,3840000,-1.00000,666308330400,0.00000
1767,883,0,4.12660,0.00000,0.00000,0.02380,0,-1.00000,666308379982,0.00000
1768,884,0,2.32520,2.93730,0.24890,0.02570,3840000,-1.00000,666308410123,0.00000
1769,884,0,3.87460,0.00000,0.00000,0.01930,0,-1.00000,666308450022,0.00000
1770,885,0,2.53019,2.86380,0.24800,0.04510,3840000,-1.00000,666308474401,0.00000
1771,885,0,3.93370,0.00000,0.00000,0.01920,0,-1.00000,666308515685,0.00000
1772,886,0,5.69440,2.92770,0.20830,0.04610,3840000,-1.00000,666308538909,0.00000
1773,886,0,3.86640,0.00000,0.00000,0.01810,0,-1.00000,666308577658,0.00000
1774,887,0,2.59610,3.04350,0.25310,0.04020,3840000,-1.00000,666308602963,0.00000
1775,887,0,4.10980,0.00000,0.00000,0.01900,0,-1.00000,666308642320,0.00000
1776,888,0,2.34280,3.01570,0.17630,0.02570,3840000,-1.00000,666308699243,0.00000
1777,888,0,3.82610,0.00000,0.00000,0.01910,0,-1.00000,666308737923,0.00000
1778,889,0,0.41870,3.17410,0.14900,0.02650,3840000,-1.00000,666308763882,0.00000
1779,889,0,4.02540,0.00000,0.00000,0.01940,0,-1.00000,666308804975,0.00000
1780,890,0,4.45780,3.07930,0.23280,0.04830,3840000,-1.00000,666308828396,0.00000
1781,890,0,4.20160,0.00000,0.00000,0.02560,0,-1.00000,666308866655,0.00000
1782,891,0,0.59120,3.02930,0.24130,0.02770,3840000,-1.00000,666308870845,0.00000
1783,891,0,3.99960,0.00000,0.00000,0.02260,0,-1.00000,666308911102,0.00000
1784,892,0,0.51270,3.02810,0.17440,0.02110,3840000,-1.00000,666308955708,0.00000
1785,892,0,3.85930,0.00000,0.00000,0.01950,0,-1.00000,666308997711,0.00000
1786,893,0,6.40641,3.13790,0.21450,0.04410,3840000,-1.00000,666309003607,0.00000
1787,893,0,4.27319,0.00000,0.00000,0.02440,0,-1.00000,666309043612,0.00000
1788,894,0,0.57390,3.38510,0.21530,0.03100,3840000,-1.00000,666309048719,0.00000
1789,894,0,4.28390,0.00000,0.00000,0.02190,0,-1.00000,666309087318,0.00000
1790,895,0,0.46130,2.91660,0.20630,0.02090,3840000,-1.00000,666309151386,0.00000
1791,895,0,3.74330,0.00000,0.00000,0.01720,0,-1.00000,666309194169,0.00000
1792,896,0,0.35731,2.96470,0.21830,0.03530,3840000,-1.00000,666309199854,0.00000
1793,896,0,5.59050,0.00000,0.00000,0.02350,0,-1.00000,666309242704,0.00000
1794,897,0,3.07370,3.45570,0.24470,0.05140,3840000,-1.00000,666309247301,0.00000
1795,897,0,4.55360,0.00000,0.00000,0.02540,0,-1.00000,666309284737,0.00000
1796,898,0,5.05811,2.83970,0.20320,0.02400,3840000,-1.00000,666309288306,0.00000
1797,898,0,3.66149,0.00000,0.00000,0.01810,0,-1.00000,666309344240,0.00000
1798,899,0,2.90430,3.03130,0.21610,0.04990,3840000,-1.00000,666309374978,0.00000
1799,899,0,4.07050,0.00000,0.00000,0.02170,0,-1.00000,666309420504,0.00000
1800,900,0,2.38750,3.03630,0.20230,0.02750,3840000,-1.00000,666309471070,0.00000
1801,900,0,3.94560,0.00000,0.00000,0.02340,0,-1.00000,666309507682,0.00000
1802,901,0,5.53720,2.90280,0.26950,0.04640,3840000,-1.00000,666309536741,0.00000
1803,901,0,3.91150,0.00000,0.00000,0.02050,0,-1.00000,666309577440,0.00000
1804,902,0,2.51650,2.89310,0.26940,0.04370,3840000,-1.00000,666309601307,0.00000
1805,902,0,3.90740,0.00000,0.00000,0.01800,0,-1.00000,666309640767,0.00000
1806,903,0,2.52810,2.95410,0.23800,0.02500,3840000,-1.00000,666309696148,0.00000
1807,903,0,3.82110,0.00000,0.00000,0.01760,0,-1.00000,666309735252,0.00000
1808,904,0,0.38690,3.00350,0.16430,0.02300,3840000,-1.00000,666309760416,0.00000
1809,904,0,3.74910,0.00000,0.00000,0.01770,0,-1.00000,666309799503,0.00000
1810,905,0,0.41970,3.13180,0.25310,0.02190,3840000,-1.00000,666309824785,0.00000
1811,905,0,4.00860,0.00000,0.00000,0.02320,0,-1.00000,666309862983,0.00000
1812,906,0,8.39630,2.87210,0.27180,0.05120,3840000,-1.00000,666309866845,0.00000
1813,906,0,3.97489,0.00000,0.00000,0.01990,0,-1.00000,666309904340,0.00000
1814,907,0,4.10260,3.07790,0.21140,0.02630,3840000,-1.00000,666309908537,0.00000
1815,907,0,3.97130,0.00000,0.00000,0.02020,0,-1.00000,666309948773,0.00000
1816,908,0,0.45560,2.70710,0.20880,0.02160,3840000,-1.00000,666310032627,0.00000
1817,908,0,3.48610,0.00000,0.00000,0.01710,0,-1.00000,666310072355,0.00000
1818,909,0,1.79670,3.21610,0.20570,0.04990,3840000,-1.00000,666310113359,0.00000
1819,909,0,4.46870,0.00000,0.00000,0.02300,0,-1.00000,666310153086,0.00000
1820,910,0,5.18700,3.29200,0.23750,0.05340,3840000,-1.00000,666310157627,0.00000
1821,910,0,4.41510,0.00000,0.00000,0.02030,0,-1.00000,666310192490,0.00000
1822,911,0,2.13580,2.99230,0.24990,0.04220,3840000,-1.00000,666310210478,0.00000
1823,911,0,4.10530,0.00000,0.00000,0.02390,0,-1.00000,666310255164,0.00000
1824,912,0,2.20959,3.35280,0.22710,0.02780,3840000,-1.00000,666310307020,0.00000
1825,912,0,4.27840,0.00000,0.00000,0.01910,0,-1.00000,666310351193,0.00000
1826,913,0,5.26540,2.83300,0.20860,0.03040,3840000,-1.00000,666310372528,0.00000
1827,913,0,3.81290,0.00000,0.00000,0.02050,0,-1.00000,666310413607,0.00000
1828,914,0,5.81060,2.86470,0.18060,0.05300,3840000,-1.00000,666310435679,0.00000
1829,914,0,4.00310,0.00000,0.00000,0.02230,0,-1.00000,666310478466,0.00000
1830,915,0,0.54720,3.51160,0.18820,0.02600,3840000,-1.00000,666310531115,0.00000
1831,915,0,4.41590,0.00000,0.00000,0.01980,0,-1.00000,666310569253,0.00000
1832,916,0,0.48280,2.95530,0.20150,0.02500,3840000,-1.00000,666310627406,0.00000
1833,916,0,3.89740,0.00000,0.00000,0.02050,0,-1.00000,666310667394,0.00000
1834,917,0,0.62010,3.12940,0.21810,0.03210,3840000,-1.00000,666310672856,0.00000
1835,917,0,4.23750,0.00000,0.00000,0.03350,0,-1.00000,666310717017,0.00000
1836,918,0,1.14060,2.69830,0.17440,0.02610,3840000,-1.00000,666310721840,0.00000
1837,918,0,3.57220,0.00000,0.00000,0.02670,0,-1.00000,666310760822,0.00000
1838,919,0,0.55910,2.92880,0.14100,0.02010,3840000,-1.00000,666310767047,0.00000
1839,919,0,3.67280,0.00000,0.00000,0.02430,0,-1.00000,666310809428,0.00000
1840,920,0,0.44160,2.97370,0.16380,0.02670,3840000,-1.00000,666310820798,0.00000
1841,920,0,7.75400,0.00000,0.00000,0.02310,0,-1.00000,666310856526,0.00000
1842,921,0,0.49570,3.12180,0.19310,0.03410,3840000,-1.00000,666310862107,0.00000
1843,921,0,4.10610,0.00000,0.00000,0.02250,0,-1.00000,666310898843,0.00000
1844,922,0,4.97000,2.92480,0.23570,0.03040,3840000,-1.00000,666310903249,0.00000
1845,922,0,3.88750,0.00000,0.00000,0.01940,0,-1.00000,666310980812,0.00000
1846,923,0,2.40170,2.97380,0.19660,0.02450,3840000,-1.00000,666310985754,0.00000
1847,923,0,3.90040,0.00000,0.00000,0.01850,0,-1.00000,666311026829,0.00000
1848,924,0,2.59520,2.97710,0.21610,0.03800,3840000,-1.00000,666311076518,0.00000
1849,924,0,4.05200,0.00000,0.00000,0.02630,0,-1.00000,666311115389,0.00000
1850,925,0,0.62530,3.60050,0.19850,0.02770,3840000,-1.00000,666311139402,0.00000
1851,925,0,4.57240,0.00000,0.00000,0.02700,0,-1.00000,666311178408,0.00000
1852,926,0,3.66640,3.08470,0.19430,0.02680,3840000,-1.00000,666311204354,0.00000
1853,926,0,3.98450,0.00000,0.00000,0.03250,0,-1.00000,666311244902,0.00000
1854,927,0,0.47290,3.07010,0.14180,0.02260,3840000,-1.00000,666311251132,0.00000
1855,927,0,3.81880,0.00000,0.00000,0.02290,0,-1.00000,666311296883,0.00000
1856,928,0,4.39990,3.06460,0.13850,0.02090,3840000,-1.00000,666311333521,0.00000
1857,928,0,3.81790,0.00000,0.00000,0.07830,0,-1.00000,666311373368,0.00000
1858,929,0,0.58710,3.74790,0.13350,0.02170,3840000,-1.00000,666311378093,0.00000
1859,929,0,4.51990,0.00000,0.00000,0.02070,0,-1.00000,666311416322,0.00000
1860,930,0,4.04230,2.96550,0.16060,0.02260,3840000,-1.00000,666311460283,0.00000
1861,930,0,3.81400,0.00000,0.00000,0.01870,0,-1.00000,666311498465,0.00000
1862,931,0,2.69270,2.94740,0.19480,0.03830,3840000,-1.00000,666311504330,0.00000
1863,931,0,3.86360,0.00000,0.00000,0.02510,0,-1.00000,666311549571,0.00000
1864,932,0,5.63840,2.94280,0.19060,0.02180,3840000,-1.00000,666311589950,0.00000
1865,932,0,3.75270,0.00000,0.00000,0.01960,0,-1.00000,666311628097,0.00000
1866,933,0,0.44870,2.95600,0.19210,0.02310,3840000,-1.00000,666311655154,0.00000
1867,933,0,3.73819,0.00000,0.00000,0.01940,0,-1.00000,666311693665,0.00000
1868,934,0,8.23640,2.76820,0.18150,0.04580,3840000,-1.00000,666311750040,0.00000
1869,934,0,3.72940,0.00000,0.00000,0.01970,0,-1.00000,666311787567,0.00000
1870,935,0,2.38830,2.83970,0.26210,0.03480,3840000,-1.00000,666311792053,0.00000
1871,935,0,4.03190,0.00000,0.00000,0.02040,0,-1.00000,666311829437,0.00000
1872,936,0,0.49709,2.78930,0.16670,0.02350,3840000,-1.00000,666311911799,0.00000
1873,936,0,3.49240,0.00000,0.00000,0.02390,0,-1.00000,666311949099,0.00000
1874,937,0,0.45980,2.72400,0.16250,0.02220,3840000,-1.00000,666311972987,0.00000
1875,937,0,3.51010,0.00000,0.00000,0.02160,0,-1.00000,666312013304,0.00000
1876,938,0,4.23700,2.77110,0.27080,0.03240,3840000,-1.00000,666312018264,0.00000
1877,938,0,3.79160,0.00000,0.00000,0.02040,0,-1.00000,666312053196,0.00000
1878,939,0,0.49100,2.89540,0.17590,0.02520,3840000,-1.00000,666312057784,0.00000
1879,939,0,3.70660,0.00000,0.00000,0.01790,0,-1.00000,666312092890,0.00000
1880,940,0,1.68970,2.76840,0.16940,0.02790,3840000,-1.00000,666312135263,0.00000
1881,940,0,3.76180,0.00000,0.00000,0.01930,0,-1.00000,666312173179,0.00000
1882,941,0,0.38660,2.73770,0.12770,0.01930,3840000,-1.00000,666312178080,0.00000
1883,941,0,3.59460,0.00000,0.00000,0.01670,0,-1.00000,666312215154,0.00000
1884,942,0,4.97670,2.80970,0.18970,0.04480,3840000,-1.00000,666312232047,0.00000
1885,942,0,3.87450,0.00000,0.00000,0.03530,0,-1.00000,666312269674,0.00000
1886,943,0,0.49111,2.89950,0.18430,0.02590,3840000,-1.00000,666312273528,0.00000
1887,943,0,3.80390,0.00000,0.00000,0.02060,0,-1.00000,666312309479,0.00000
1888,944,0,1.48710,3.00020,0.39460,0.05980,3840000,-1.00000,666312359273,0.00000
1889,944,0,4.39580,0.00000,0.00000,0.02310,0,-1.00000,666312397997,0.00000
1890,945,0,5.14600,2.80810,0.20740,0.02490,3840000,-1.00000,666312402897,0.00000
1891,945,0,3.65790,0.00000,0.00000,0.02180,0,-1.00000,666312440945,0.00000
1892,946,0,2.83040,2.96620,0.23110,0.03830,3840000,-1.00000,666312455810,0.00000
1893,946,0,4.00640,0.00000,0.00000,0.02190,0,-1.00000,666312499805,0.00000
1894,947,0,0.46120,2.86950,0.15210,0.02310,3840000,-1.00000,666312551231,0.00000
1895,947,0,4.97890,0.00000,0.00000,0.01900,0,-1.00000,666312587811,0.00000
1896,948,0,3.18080,2.64110,0.22900,0.02650,3840000,-1.00000,666312616114,0.00000
1897,948,0,13.08580,0.00000,0.00000,0.03890,0,-1.00000,666312656193,0.00000
1898,949,0,0.58790,2.98140,0.19490,0.06260,3840000,-1.00000,666312660786,0.00000
1899,949,0,3.99740,0.00000,0.00000,0.02100,0,-1.00000,666312710586,0.00000
1900,950,0,0.52720,3.54290,0.17730,0.02400,3840000,-1.00000,666312742386,0.00000
1901,950,0,4.37680,0.00000,0.00000,0.02020,0,-1.00000,666312873307,0.00000
1902,951,0,2.87150,3.06690,0.20470,0.03590,3840000,-1.00000,666312879133,0.00000
1903,951,0,4.12930,0.00000,0.00000,0.02220,0,-1.00000,666312919103,0.00000
1904,952,0,0.35590,2.83190,0.17570,0.02110,3840000,-1.00000,666312924370,0.00000
1905,952,0,3.65880,0.00000,0.00000,0.02160,0,-1.00000,666312968138,0.00000
1906,953,0,4.67650,2.91510,0.13260,0.02420,3840000,-1.00000,666312996855,0.00000
1907,953,0,3.84220,0.00000,0.00000,0.02240,0,-1.00000,666313038162,0.00000
1908,954,0,0.36960,2.88430,0.15150,0.02000,3840000,-1.00000,666313041692,0.00000
1909,954,0,3.54580,0.00000,0.00000,0.02120,0,-1.00000,666313078291,0.00000
1910,955,0,0.42450,2.88980,0.16950,0.02410,3840000,-1.00000,666313125056,0.00000
1911,955,0,3.71750,0.00000,0.00000,0.02220,0,-1.00000,666313163486,0.00000
1912,956,0,0.43700,2.86350,0.14560,0.02220,3840000,-1.00000,666313167169,0.00000
1913,956,0,7.08370,0.00000,0.00000,0.02670,0,-1.00000,666313202632,0.00000
1914,957,0,0.51020,2.83850,0.18990,0.02810,3840000,-1.00000,666313206877,0.00000
1915,957,0,3.72790,0.00000,0.00000,0.02180,0,-1.00000,666313244059,0.00000
1916,958,0,2.25770,2.87770,0.14540,0.02520,3840000,-1.00000,666313248422,0.00000
1917,958,0,3.72870,0.00000,0.00000,0.02110,0,-1.00000,666313319278,0.00000
1918,959,0,8.07890,2.74780,0.17500,0.02210,3840000,-1.00000,666313324362,0.00000
1919,959,0,3.56280,0.00000,0.00000,0.01860,0,-1.00000,666313361643,0.00000
1920,960,0,0.65310,2.73980,0.21290,0.02400,3840000,-1.00000,666313384217,0.00000
1921,960,0,3.63360,0.00000,0.00000,0.01990,0,-1.00000,666313421511,0.00000
1922,961,0,0.49560,2.76410,0.16330,0.02280,3840000,-1.00000,666313502292,0.00000
1923,961,0,3.46770,0.00000,0.00000,0.02030,0,-1.00000,666313537925,0.00000
1924,962,0,0.47660,2.86590,0.21710,0.03230,3840000,-1.00000,666313544452,0.00000
1925,962,0,3.80560,0.00000,0.00000,0.02260,0,-1.00000,666313580790,0.00000
1926,963,0,3.90740,2.93790,0.21430,0.02950,3840000,-1.00000,666313585741,0.00000
1927,963,0,3.87130,0.00000,0.00000,0.01940,0,-1.00000,666313620423,0.00000
1928,964,0,2.68170,2.77410,0.17930,0.02450,3840000,-1.00000,666313625183,0.00000
1929,964,0,3.62660,0.00000,0.00000,0.01950,0,-1.00000,666313663267,0.00000
1930,965,0,5.86090,3.00790,0.23020,0.04030,3840000,-1.00000,666313702321,0.00000
1931,965,0,4.14201,0.00000,0.00000,0.02200,0,-1.00000,666313741036,0.00000
1932,966,0,0.45950,2.87320,0.14760,0.02150,3840000,-1.00000,666313767847,0.00000
1933,966,0,3.67090,0.00000,0.00000,0.02080,0,-1.00000,666313804117,0.00000
1934,967,0,4.59590,3.26000,0.24040,0.04360,3840000,-1.00000,666313862724,0.00000
1935,967,0,4.30160,0.00000,0.00000,0.02060,0,-1.00000,666313904157,0.00000
1936,968,0,2.05530,2.91170,0.17740,0.02490,3840000,-1.00000,666313908736,0.00000
1937,968,0,3.82400,0.00000,0.00000,0.01920,0,-1.00000,666313945448,0.00000
1938,969,0,5.60950,2.95580,0.16420,0.02420,3840000,-1.00000,666313991421,0.00000
1939,969,0,3.69330,0.00000,0.00000,0.02000,0,-1.00000,666314034426,0.00000
1940,970,0,6.14600,2.74960,0.24710,0.02810,3840000,-1.00000,666314054975,0.00000
1941,970,0,3.61160,0.00000,0.00000,0.02320,0,-1.00000,666314093219,0.00000
1942,971,0,0.46620,2.95620,0.21450,0.02890,3840000,-1.00000,666314149309,0.00000
1943,971,0,5.54430,0.00000,0.00000,0.02370,0,-1.00000,666314186243,0.00000
1944,972,0,0.44380,3.12170,0.28180,0.04380,3840000,-1.00000,666314247701,0.00000
1945,972,0,4.17240,0.00000,0.00000,0.02280,0,-1.00000,666314283818,0.00000
1946,973,0,1.73590,4.09350,0.40170,0.05880,3840000,-1.00000,666314288478,0.00000
1947,973,0,5.54250,0.00000,0.00000,0.02250,0,-1.00000,666314343948,0.00000
1948,974,0,0.66910,3.01620,0.37040,0.06530,3840000,-1.00000,666314348359,0.00000
1949,974,0,4.45900,0.00000,0.00000,0.02550,0,-1.00000,666314390112,0.00000
1950,975,0,0.51541,3.15730,0.27930,0.06110,3840000,-1.00000,666314407473,0.00000
1951,975,0,4.28850,0.00000,0.00000,0.02360,0,-1.00000,666314462902,0.00000
1952,976,0,0.58840,3.04420,0.25720,0.04130,3840000,-1.00000,666314469564,0.00000
1953,976,0,4.12780,0.00000,0.00000,0.02530,0,-1.00000,666314514195,0.00000
1954,977,0,0.42800,3.21620,0.27660,0.06950,3840000,-1.00000,666314519309,0.00000
1955,977,0,4.92250,0.00000,0.00000,0.02840,0,-1.00000,666314562217,0.00000
1956,978,0,3.21220,3.52130,0.27930,0.05970,3840000,-1.00000,666314568066,0.00000
1957,978,0,4.68480,0.00000,0.00000,0.02750,0,-1.00000,666314609370,0.00000
1958,979,0,0.48910,3.04640,0.33670,0.05460,3840000,-1.00000,666314613631,0.00000
1959,979,0,4.65110,0.00000,0.00000,0.02750,0,-1.00000,666314662906,0.00000
1960,980,0,0.45890,3.17530,0.24210,0.03510,3840000,-1.00000,666314694986,0.00000
1961,980,0,5.80080,0.00000,0.00000,0.02800,0,-1.00000,666314741867,0.00000
1962,981,0,6.49750,3.15740,0.26200,0.05330,3840000,-1.00000,666314746722,0.00000
1963,981,0,4.21260,0.00000,0.00000,0.02080,0,-1.00000,666314793256,0.00000
1964,982,0,5.26830,3.09290,0.24810,0.05990,3840000,-1.00000,666314797819,0.00000
1965,982,0,4.18030,0.00000,0.00000,0.01800,0,-1.00000,666314855852,0.00000
1966,983,0,5.47910,3.07280,0.22440,0.02760,3840000,-1.00000,666314920820,0.00000
1967,983,0,3.94630,0.00000,0.00000,0.01890,0,-1.00000,666314962944,0.00000
1968,984,0,2.56310,3.03030,0.16620,0.02030,3840000,-1.00000,666315015652,0.00000
1969,984,0,3.94680,0.00000,0.00000,0.02110,0,-1.00000,666315057429,0.00000
1970,985,0,5.47260,3.00210,0.25500,0.04510,3840000,-1.00000,666315112207,0.00000
1971,985,0,4.19780,0.00000,0.00000,0.02220,0,-1.00000,666315151666,0.00000
1972,986,0,0.51660,2.78060,0.18090,0.01950,3840000,-1.00000,666315177292,0.00000
1973,986,0,3.58320,0.00000,0.00000,0.01770,0,-1.00000,666315216770,0.00000
1974,987,0,1.12400,2.97240,0.20650,0.02420,3840000,-1.00000,666315271489,0.00000
1975,987,0,3.89860,0.00000,0.00000,0.01950,0,-1.00000,666315313488,0.00000
1976,988,0,2.64290,3.41240,0.19270,0.02920,3840000,-1.00000,666315318628,0.00000
1977,988,0,4.24680,0.00000,0.00000,0.01970,0,-1.00000,666315354464,0.00000
1978,989,0,2.25509,3.01570,0.16090,0.02000,3840000,-1.00000,666315365701,0.00000
1979,989,0,3.87800,0.00000,0.00000,0.02280,0,-1.00000,666315404695,0.00000
1980,990,0,0.59190,2.94870,0.15490,0.01910,3840000,-1.00000,666315431119,0.00000
1981,990,0,3.69270,0.00000,0.00000,0.02080,0,-1.00000,666315473590,0.00000
1982,991,0,2.85500,2.76830,0.14110,0.02290,3840000,-1.00000,666315496134,0.00000
1983,991,0,3.73110,0.00000,0.00000,0.01800,0,-1.00000,666315534926,0.00000
1984,992,0,0.53790,3.81040,0.24690,0.03380,3840000,-1.00000,666315540837,0.00000
1985,992,0,4.86901,0.00000,0.00000,0.01700,0,-1.00000,666315577763,0.00000
1986,993,0,0.50000,2.93970,0.17530,0.01970,3840000,-1.00000,666315606311,0.00000
1987,993,0,3.80900,0.00000,0.00000,0.01610,0,-1.00000,666315643626,0.00000
1988,994,0,0.46150,3.05400,0.17860,0.02310,3840000,-1.00000,666315649007,0.00000
1989,994,0,3.83819,0.00000,0.00000,0.01740,0,-1.00000,666315697784,0.00000
1990,995,0,6.32421,3.01250,0.16960,0.02290,3840000,-1.00000,666315702697,0.00000
1991,995,0,3.82579,0.00000,0.00000,0.01660,0,-1.00000,666315740783,0.00000
1992,996,0,0.46850,3.03870,0.17610,0.02380,3840000,-1.00000,666315745399,0.00000
1993,996,0,3.81330,0.00000,0.00000,0.01980,0,-1.00000,666315783794,0.00000
1994,997,0,0.45660,4.09600,0.21630,0.03980,3840000,-1.00000,666315847020,0.00000
1995,997,0,5.10140,0.00000,0.00000,0.01950,0,-1.00000,666315885284,0.00000
1996,998,0,2.15400,2.96200,0.17460,0.02020,3840000,-1.00000,666315889959,0.00000
1997,998,0,3.80050,0.00000,0.00000,0.01790,0,-1.00000,666315928105,0.00000
1998,999,0,0.42840,3.08730,0.17590,0.02610,3840000,-1.00000,666315932663,0.00000
1999,999,0,3.90900,0.00000,0.00000,0.01820,0,-1.00000,666315983700,0.00000
2000,1000,0,0.41530,2.79490,0.16000,0.01750,3840000,-1.00000,666316005224,0.00000
2001,1000,0,3.55350,0.00000,0.00000,0.02160,0,-1.00000,666316043226,0.00000
2002,1001,0,0.43170,2.94750,0.15300,0.01880,3840000,-1.00000,666316047503,0.00000
2003,1001,0,3.73591,0.00000,0.00000,0.01450,0,-1.00000,666316086602,0.00000
2004,1002,0,6.35190,2.96320,0.19460,0.02740,3840000,-1.00000,666316090746,0.00000
2005,1002,0,3.84240,0.00000,0.00000,0.01850,0,-1.00000,666316126292,0.00000
2006,1003,0,5.95940,2.83900,0.22300,0.03830,3840000,-1.00000,666316130603,0.00000
2007,1003,0,3.89080,0.00000,0.00000,0.02390,0,-1.00000,666316167959,0.00000
2008,1004,0,2.31679,3.05200,0.16100,0.02280,3840000,-1.00000,666316231487,0.00000
2009,1004,0,3.91590,0.00000,0.00000,0.01760,0,-1.00000,666316269905,0.00000
2010,1005,0,2.60450,2.90650,0.14670,0.02140,3840000,-1.00000,666316329513,0.00000
2011,1005,0,3.68570,0.00000,0.00000,0.01740,0,-1.00000,666316368439,0.00000
2012,1006,0,0.54280,2.91650,0.16600,0.02170,3840000,-1.00000,666316391578,0.00000
2013,1006,0,3.73460,0.00000,0.00000,0.01860,0,-1.00000,666316430737,0.00000
2014,1007,0,0.52730,3.10270,0.12850,0.01850,3840000,-1.00000,666316456776,0.00000
2015,1007,0,4.27810,0.00000,0.00000,0.01580,0,-1.00000,666316493642,0.00000
2016,1008,0,6.37900,2.94840,0.35660,0.04240,3840000,-1.00000,666316499068,0.00000
2017,1008,0,4.15250,0.00000,0.00000,0.02050,0,-1.00000,666316536421,0.00000
2018,1009,0,5.49180,3.00900,0.17570,0.02250,3840000,-1.00000,666316541687,0.00000
2019,1009,0,3.89090,0.00000,0.00000,0.02160,0,-1.00000,666316584472,0.00000
2020,1010,0,0.49910,2.91970,0.16060,0.02260,3840000,-1.00000,666316648273,0.00000
2021,1010,0,3.79230,0.00000,0.00000,0.01950,0,-1.00000,666316689790,0.00000
2022,1011,0,1.48990,3.01390,0.15460,0.02370,3840000,-1.00000,666316744697,0.00000
2023,1011,0,3.86100,0.00000,0.00000,0.01890,0,-1.00000,666316783610,0.00000
2024,1012,0,5.70630,2.79340,0.21120,0.02840,3840000,-1.00000,666316788597,0.00000
2025,1012,0,3.59360,0.00000,0.00000,0.01480,0,-1.00000,666316826523,0.00000
2026,1013,0,5.89410,3.81140,0.31650,0.06570,3840000,-1.00000,666316841419,0.00000
2027,1013,0,5.11690,0.00000,0.00000,0.02210,0,-1.00000,666316880046,0.00000
2028,1014,0,0.56020,2.86930,0.22810,0.02730,3840000,-1.00000,666316937098,0.00000
2029,1014,0,3.93950,0.00000,0.00000,0.02200,0,-1.00000,666316973024,0.00000
2030,1015,0,0.47360,3.79780,0.26120,0.05570,3840000,-1.00000,666317032027,0.00000
2031,1015,0,5.00011,0.00000,0.00000,0.02750,0,-1.00000,666317083190,0.00000
2032,1016,0,4.39539,3.86570,0.22990,0.04720,3840000,-1.00000,666317088743,0.00000
2033,1016,0,4.91081,0.00000,0.00000,0.06980,0,-1.00000,666317128148,0.00000
2034,1017,0,0.59060,2.90540,0.21560,0.03360,3840000,-1.00000,666317132884,0.00000
2035,1017,0,4.07600,0.00000,0.00000,0.02320,0,-1.00000,666317182912,0.00000
2036,1018,0,6.28230,2.89470,0.25840,0.02700,3840000,-1.00000,666317226867,0.00000
2037,1018,0,3.81600,0.00000,0.00000,0.02450,0,-1.00000,666317275943,0.00000
2038,1019,0,5.98920,2.90580,0.15920,0.02370,3840000,-1.00000,666317281840,0.00000
2039,1019,0,3.70520,0.00000,0.00000,0.02070,0,-1.00000,666317322621,0.00000
2040,1020,0,0.43160,2.80470,0.16010,0.02110,3840000,-1.00000,666317385428,0.00000
2041,1020,0,3.49340,0.00000,0.00000,0.02020,0,-1.00000,666317423591,0.00000
2042,1021,0,5.00840,3.22440,0.20580,0.02870,3840000,-1.00000,666317483478,0.00000
2043,1021,0,4.09690,0.00000,0.00000,0.02330,0,-1.00000,666317520533,0.00000
2044,1022,0,0.42730,3.00970,0.22280,0.02860,3840000,-1.00000,666317524840,0.00000
2045,1022,0,3.89190,0.00000,0.00000,0.01850,0,-1.00000,666317559782,0.00000
2046,1023,0,4.45840,3.07110,0.15420,0.02270,3840000,-1.00000,666317609862,0.00000
2047,1023,0,3.83080,0.00000,0.00000,0.01820,0,-1.00000,666317650843,0.00000
2048,1024,0,0.42900,3.02810,0.17070,0.02180,3840000,-1.00000,666317655100,0.00000
2049,1024,0,3.73400,0.00000,0.00000,0.02600,0,-1.00000,666317694029,0.00000
2050,1025,0,0.48170,3.03990,0.15080,0.01900,3840000,-1.00000,666317738605,0.00000
2051,1025,0,3.76300,0.00000,0.00000,0.01920,0,-1.00000,666317776913,0.00000
2052,1026,0,0.58660,2.92310,0.15010,0.02070,3840000,-1.00000,666317781200,0.00000
2053,1026,0,3.67900,0.00000,0.00000,0.01830,0,-1.00000,666317818548,0.00000
2054,1027,0,0.36210,2.88410,0.14430,0.01970,3840000,-1.00000,666317823361,0.00000
2055,1027,0,3.71500,0.00000,0.00000,0.01970,0,-1.00000,666317861030,0.00000
2056,1028,0,0.46550,3.01860,0.20280,0.03710,3840000,-1.00000,666317866851,0.00000
2057,1028,0,4.62500,0.00000,0.00000,0.02270,0,-1.00000,666317903645,0.00000
2058,1029,0,0.44530,2.94610,0.17510,0.02260,3840000,-1.00000,666317907264,0.00000
2059,1029,0,5.99940,0.00000,0.00000,0.01700,0,-1.00000,666317944423,0.00000
2060,1030,0,6.24840,3.21450,0.17510,0.02230,3840000,-1.00000,666317949073,0.00000
2061,1030,0,4.00540,0.00000,0.00000,0.01750,0,-1.00000,666317995348,0.00000
2062,1031,0,0.39661,3.16760,0.17600,0.03230,3840000,-1.00000,666317999775,0.00000
2063,1031,0,4.06460,0.00000,0.00000,0.02040,0,-1.00000,666318059773,0.00000
2064,1032,0,0.44470,2.93750,0.18500,0.01910,3840000,-1.00000,666318122251,0.00000
2065,1032,0,3.81010,0.00000,0.00000,0.01540,0,-1.00000,666318162307,0.00000
2066,1033,0,0.41891,2.98240,0.16430,0.02270,3840000,-1.00000,666318166268,0.00000
2067,1033,0,3.89359,0.00000,0.00000,0.01830,0,-1.00000,666318206932,0.00000
2068,1034,0,0.38630,3.32020,0.29520,0.06500,3840000,-1.00000,666318211363,0.00000
2069,1034,0,4.44540,0.00000,0.00000,0.02540,0,-1.00000,666318249467,0.00000
2070,1035,0,4.15460,3.08650,0.21250,0.02500,3840000,-1.00000,666318253650,0.00000
2071,1035,0,6.46030,0.00000,0.00000,0.01810,0,-1.00000,666318292596,0.00000
2072,1036,0,3.01880,3.04910,0.17940,0.02210,3840000,-1.00000,666318296452,0.00000
2073,1036,0,3.87230,0.00000,0.00000,0.01770,0,-1.00000,666318340954,0.00000
2074,1037,0,0.37960,3.07520,0.14730,0.02100,3840000,-1.00000,666318382461,0.00000
2075,1037,0,3.76780,0.00000,0.00000,0.01720,0,-1.00000,666318447067,0.00000
2076,1038,0,1.70000,3.26060,0.18640,0.02660,3840000,-1.00000,666318477248,0.00000
2077,1038,0,4.09680,0.00000,0.00000,0.01890,0,-1.00000,666318515973,0.00000
2078,1039,0,5.51970,3.16810,0.21240,0.04570,3840000,-1.00000,666318519761,0.00000
2079,1039,0,4.35700,0.00000,0.00000,0.02310,0,-1.00000,666318557444,0.00000
2080,1040,0,0.42090,3.14930,0.16570,0.02510,3840000,-1.00000,666318574438,0.00000
2081,1040,0,3.93400,0.00000,0.00000,0.02030,0,-1.00000,666318615425,0.00000
2082,1041,0,0.67640,3.08450,0.16570,0.02370,3840000,-1.00000,666318670624,0.00000
2083,1041,0,3.87380,0.00000,0.00000,0.01800,0,-1.00000,666318714191,0.00000
2084,1042,0,0.39840,3.13060,0.26450,0.02270,3840000,-1.00000,666318718385,0.00000
2085,1042,0,3.95510,0.00000,0.00000,0.01750,0,-1.00000,666318757732,0.00000
2086,1043,0,4.78930,3.08040,0.22420,0.03860,3840000,-1.00000,666318764491,0.00000
2087,1043,0,4.04880,0.00000,0.00000,0.02230,0,-1.00000,666318803232,0.00000
2088,1044,0,0.63070,2.91120,0.25280,0.02570,3840000,-1.00000,666318807209,0.00000
2089,1044,0,3.90230,0.00000,0.00000,0.02100,0,-1.00000,666318846764,0.00000
2090,1045,0,0.41950,3.04950,0.21950,0.04110,3840000,-1.00000,666318894658,0.00000
2091,1045,0,4.04860,0.00000,0.00000,0.01770,0,-1.00000,666318935171,0.00000
2092,1046,0,6.13760,2.92200,0.17120,0.02590,3840000,-1.00000,666318941453,0.00000
2093,1046,0,3.73199,0.00000,0.00000,0.01800,0,-1.00000,666318980482,0.00000
2094,1047,0,0.40220,3.15700,0.14720,0.01920,3840000,-1.00000,666318984675,0.00000
2095,1047,0,3.83500,0.00000,0.00000,0.01730,0,-1.00000,666319025176,0.00000
2096,1048,0,0.43440,3.09070,0.14760,0.01720,3840000,-1.00000,666319086537,0.00000
2097,1048,0,3.86520,0.00000,0.00000,0.01760,0,-1.00000,666319123855,0.00000
2098,1049,0,0.58840,3.00950,0.14850,0.01900,3840000,-1.00000,666319127874,0.00000
2099,1049,0,3.81010,0.00000,0.00000,0.01650,0,-1.00000,666319166221,0.00000
2100,1050,0,6.02870,3.11100,0.21040,0.03650,3840000,-1.00000,666319170563,0.00000
