tick,total_ms,navigation_ms,neighbors_ms,avoidance_ms,integration_ms,expanded,pending,failed,coarse,fallbacks,replans,first_arrived,current_arrived,never_ready,safety_pair_checks,limited
1,12.75810,7.70850,4.12210,0.90120,0.02530,529,942,0,16,0,0,0,0,942,1534,0
2,8.19530,3.40660,3.84690,0.91740,0.02370,509,926,0,32,0,0,0,0,926,1534,0
3,7.55970,3.02880,3.73900,0.77630,0.01510,402,910,0,48,0,0,0,0,910,1541,0
4,7.89110,3.21600,3.79040,0.86520,0.01870,467,894,0,64,0,0,0,0,894,1541,0
5,7.96970,3.76520,3.40630,0.76820,0.02880,500,878,0,80,0,0,0,0,878,1533,0
6,6.98470,3.23370,2.93480,0.76260,0.05150,416,862,0,96,0,0,0,0,862,1527,0
7,6.42790,3.14070,2.55810,0.70550,0.02210,372,846,0,112,0,0,0,0,846,1532,0
8,7.04920,3.19180,3.07310,0.75790,0.02510,469,832,0,128,0,0,0,0,830,1532,0
9,7.24790,3.80660,2.64930,0.76680,0.02410,689,817,0,144,0,0,0,0,814,1537,0
10,7.11340,3.50890,2.85650,0.72420,0.02270,711,801,0,160,0,0,0,0,798,1532,0
11,6.59870,3.14710,2.64670,0.78010,0.02310,353,785,0,176,0,0,0,0,782,1533,0
12,7.50810,3.39650,3.29190,0.78650,0.03150,439,769,0,192,0,0,0,0,766,1535,0
13,7.28640,3.60620,2.82530,0.82950,0.02400,420,754,0,208,0,0,0,0,750,1530,0
14,7.60630,3.61830,3.18310,0.77880,0.02450,591,739,0,224,0,0,0,0,734,1542,0
15,7.06010,3.86240,2.35050,0.81350,0.03210,434,723,0,240,0,0,0,0,718,1539,0
16,8.86000,5.09680,2.92720,0.80980,0.02490,429,707,0,256,0,0,0,0,702,1551,0
17,6.98250,3.20380,2.89090,0.86170,0.02480,340,692,0,272,0,0,0,0,686,1571,0
18,6.89410,3.17030,2.90060,0.79030,0.03210,636,676,0,288,0,0,0,0,670,1567,0
19,6.75670,3.78560,2.20270,0.73340,0.03340,602,660,0,304,0,0,0,0,654,1564,0
20,5.87940,2.87840,2.21550,0.75690,0.02750,326,645,0,320,0,0,0,0,638,1563,0
21,6.34100,3.02770,2.41470,0.87340,0.02420,501,629,0,336,0,0,0,0,622,1557,0
22,5.88420,2.76400,2.23780,0.85060,0.03090,414,613,0,352,0,0,0,0,606,1542,0
23,6.11500,3.10130,2.25020,0.74050,0.02220,595,598,0,368,0,0,0,0,590,1547,0
24,5.73170,2.82360,2.10710,0.77610,0.02370,330,584,0,384,0,0,0,0,574,1546,0
25,6.06850,3.13200,2.17880,0.73180,0.02450,511,569,0,400,0,0,0,0,558,1536,0
26,5.91620,2.80670,2.23440,0.85010,0.02380,419,553,0,416,0,0,0,0,542,1545,0
27,6.48510,2.80480,2.87980,0.77080,0.02870,449,538,0,432,0,0,0,0,526,1545,0
28,6.05900,3.06730,2.20920,0.74960,0.03190,445,523,0,448,0,0,0,0,510,1537,0
29,6.31100,3.28610,2.21510,0.77970,0.02860,367,508,0,464,1,0,0,0,494,1554,0
30,9.90380,6.93720,2.19600,0.73800,0.03180,1713,492,0,479,1,0,0,0,478,1549,0
31,10.01940,5.26570,3.88140,0.84750,0.02310,713,476,0,495,1,0,0,0,462,1549,0
32,7.83320,2.89030,4.11870,0.79880,0.02410,430,461,0,511,1,0,0,0,446,1565,0
33,7.02900,3.17890,3.01030,0.82000,0.01800,496,446,0,527,1,0,0,0,430,1580,0
34,6.72530,2.84050,2.97600,0.83980,0.06810,478,432,0,543,1,0,0,0,414,1588,0
35,6.44880,2.91540,2.73090,0.77930,0.02200,336,416,0,559,1,0,0,0,398,1578,0
36,7.30860,3.05720,3.37710,0.85300,0.02040,521,400,0,575,1,0,0,0,382,1568,0
37,6.56880,3.13430,2.62990,0.78210,0.02150,513,385,0,591,1,0,0,0,366,1592,0
38,6.51900,2.93540,2.72620,0.82980,0.02670,438,369,0,607,1,0,0,0,350,1594,0
39,6.69160,3.13080,2.70430,0.83200,0.02390,362,353,0,623,1,0,0,0,334,1605,0
40,6.39430,3.21480,2.26660,0.88640,0.02510,708,337,0,639,1,0,0,0,318,1609,0
41,6.93720,3.28160,2.74320,0.88170,0.02950,420,321,0,655,1,0,0,0,302,1635,0
42,6.24580,2.97320,2.40900,0.82850,0.03410,623,306,0,671,1,0,0,0,286,1650,0
43,6.57800,2.85860,2.81390,0.87470,0.03000,337,291,0,687,1,0,0,0,270,1653,0
44,6.57570,3.38460,2.31810,0.78150,0.09050,861,276,0,703,1,0,0,0,254,1670,0
45,6.81530,3.19940,2.76500,0.82570,0.02420,412,260,0,719,1,0,0,0,238,1704,0
46,7.98840,4.91620,2.29030,0.75940,0.02170,457,244,0,735,1,0,0,0,222,1717,0
47,6.09440,3.01840,2.29080,0.76180,0.02250,359,228,0,751,1,0,0,0,206,1710,0
48,6.14640,3.00760,2.33570,0.77810,0.02420,500,213,0,767,1,0,0,0,190,1709,0
49,9.75720,5.74320,2.88070,1.09080,0.04170,1490,198,0,783,2,0,0,0,174,1723,0
50,15.41390,12.15490,2.26560,0.96070,0.03170,3775,182,0,798,2,0,0,0,158,1739,0
51,6.12840,2.96490,2.33200,0.79240,0.03780,556,166,0,814,2,0,0,0,142,1731,0
52,6.22790,2.98660,2.37620,0.84160,0.02250,580,150,0,830,2,0,0,0,126,1752,0
53,9.75210,6.46820,2.41080,0.84320,0.02900,1683,135,0,846,3,0,0,0,110,1776,0
54,16.50670,13.34460,2.36610,0.77470,0.02020,4096,124,0,860,3,0,0,0,96,1772,0
55,16.69080,13.38330,2.38980,0.89320,0.02350,4096,112,0,875,3,0,0,0,81,1764,0
56,16.75840,13.48180,2.33410,0.90990,0.03160,4096,100,0,889,3,0,0,0,67,1789,0
57,15.84460,12.46380,2.33660,1.01620,0.02660,4096,86,0,903,3,0,0,0,53,1795,0
58,15.69790,12.42980,2.32070,0.91740,0.02890,4096,73,0,917,3,0,0,0,39,1810,0
59,16.61990,13.09200,2.58360,0.91340,0.02990,4096,58,0,932,3,0,0,0,24,1856,0
60,15.96130,12.68080,2.33790,0.91350,0.02790,4096,43,0,947,3,0,0,0,9,1876,0
61,19.08390,13.94880,4.12780,0.98730,0.01890,4096,33,0,957,4,0,0,0,1,1892,0
62,20.54510,13.38170,6.11490,1.03140,0.01600,4096,22,0,972,4,0,0,0,1,1921,0
63,16.68140,11.80820,3.81780,0.96640,0.08780,4096,7,0,987,4,0,0,0,1,1921,0
64,16.81800,11.96430,3.71180,1.11570,0.02510,4096,1,0,994,4,0,0,0,1,1943,0
65,15.30240,11.19380,3.18090,0.90880,0.01780,4096,1,0,996,4,0,0,0,1,1966,0
66,14.71500,10.41370,3.40390,0.87860,0.01800,4096,1,0,996,4,0,0,0,1,1983,0
67,14.70530,11.02530,2.74820,0.83370,0.09710,4096,1,0,998,4,0,0,0,1,1984,0
68,15.30490,11.67370,2.77390,0.83570,0.02090,4096,1,0,1003,4,0,0,0,1,2026,0
69,13.54280,9.68480,2.91340,0.92330,0.02040,4096,1,0,1007,4,0,0,0,1,2069,0
70,14.75250,10.56840,3.15530,1.00130,0.02660,4096,1,0,1009,4,0,0,0,1,2071,0
71,13.62450,9.87910,2.86300,0.86100,0.02060,4096,1,0,1009,4,0,0,0,1,2096,0
72,16.41950,11.13640,3.97610,1.27310,0.03230,4096,1,0,1010,4,0,0,0,1,2115,0
73,15.27240,11.53930,2.79590,0.91240,0.02350,4096,1,0,1012,4,0,0,0,1,2186,0
74,14.17830,10.30070,2.96220,0.88950,0.02460,4096,1,0,1012,4,0,0,0,1,2179,0
75,16.20540,11.19770,4.01620,0.95530,0.03460,4096,1,0,1015,4,0,0,0,1,2222,0
76,18.33850,14.55870,2.83090,0.91750,0.02970,4096,1,0,1016,4,0,0,0,1,2242,0
77,16.76810,12.82300,2.97180,0.94490,0.02700,4096,1,0,1021,4,0,0,0,1,2258,0
78,14.67180,10.97840,2.61590,1.03220,0.04400,4011,0,0,1021,4,0,0,0,0,2288,0
79,5.17490,1.35070,2.86390,0.93330,0.02590,49,0,0,1024,4,0,0,0,0,2300,0
80,4.48900,0.64180,2.80090,1.01530,0.03000,16,0,0,1025,4,0,0,0,0,2310,0
81,4.13650,0.59770,2.56300,0.93380,0.04100,12,0,0,1026,4,0,0,0,0,2324,0
82,4.00260,0.41660,2.60070,0.94850,0.03590,0,0,0,1026,4,0,0,0,0,2331,0
83,5.00550,1.34490,2.69970,0.92780,0.03190,88,0,0,1029,4,0,0,0,0,2360,0
84,4.38850,0.91940,2.54930,0.89620,0.02280,31,0,0,1031,4,0,0,0,0,2374,0
85,4.47740,0.90160,2.58540,0.96690,0.02270,48,0,0,1033,4,0,0,0,0,2405,0
86,4.17110,0.64700,2.50850,0.99020,0.02480,178,0,0,1034,4,0,0,0,0,2421,0
87,4.52250,1.07380,2.44400,0.98000,0.02400,64,0,0,1038,4,0,0,0,0,2430,0
88,4.04900,0.54260,2.52720,0.95080,0.02730,17,0,0,1039,4,0,0,0,0,2452,0
89,4.02980,0.41780,2.55650,1.03490,0.01980,0,0,0,1039,4,0,0,0,0,2499,0
90,4.96390,1.37490,2.57830,0.98170,0.02810,110,0,0,1045,4,0,0,0,0,2531,0
91,8.44280,3.28110,4.09750,1.04250,0.01960,95,0,0,1048,4,0,0,0,0,2559,0
92,5.50540,0.73980,3.32450,1.40830,0.03180,15,0,0,1049,4,0,0,0,0,2568,0
93,6.37700,0.78570,4.46320,1.10460,0.02260,26,0,0,1050,4,0,0,0,0,2614,0
94,5.73490,1.24310,3.39520,1.05630,0.03270,55,0,0,1053,4,0,0,0,0,2635,0
95,4.58620,0.64860,2.88920,1.02660,0.02090,12,0,0,1054,4,0,0,0,0,2607,0
96,5.96420,0.65240,4.30330,0.98360,0.02390,17,0,0,1055,4,0,0,0,0,2629,0
97,4.78600,0.69490,2.88760,1.14860,0.05390,22,0,0,1056,4,0,0,0,0,2651,0
98,4.97770,0.98430,3.02250,0.94920,0.02070,37,0,0,1058,4,0,0,0,0,2695,0
99,4.44500,0.62290,2.77490,1.02020,0.02600,13,0,0,1059,4,0,0,0,0,2764,0
100,5.59660,1.55880,2.95520,1.05600,0.02560,75,0,0,1063,4,0,0,0,0,2821,0
101,4.93980,0.92550,2.90260,1.08350,0.02740,51,0,0,1066,4,0,0,0,0,2856,0
102,6.43960,1.22100,4.07770,1.07500,0.06490,61,0,0,1070,4,0,0,0,0,2876,0
103,4.70620,0.64990,2.92500,1.10110,0.02910,22,0,0,1071,4,0,0,0,0,2935,0
104,5.10070,0.94800,2.90300,1.20370,0.04510,53,0,0,1073,4,0,0,0,0,2924,0
105,5.29290,1.46310,2.81100,0.98400,0.03360,124,0,0,1079,4,0,0,0,0,2913,0
106,7.40440,3.02260,3.10650,1.23330,0.04060,240,0,0,1082,4,0,0,0,0,2955,0
107,5.05860,1.11140,2.79900,1.10070,0.04620,42,0,0,1085,4,0,0,0,0,2970,0
108,4.44200,0.69020,2.67270,1.04760,0.03070,26,0,0,1086,4,0,0,0,0,2991,0
109,5.08170,1.33670,2.63610,1.07970,0.02810,73,0,0,1090,4,0,0,0,0,3028,0
110,4.06830,0.38740,2.64440,0.99900,0.03640,0,0,0,1090,4,0,0,0,0,3037,0
111,4.66950,0.92660,2.65210,1.06230,0.02740,29,0,0,1092,4,0,0,0,0,3036,0
112,4.56980,0.93560,2.59370,1.00900,0.03050,35,0,0,1094,4,0,0,0,0,3029,0
113,4.50680,0.68740,2.73670,1.04850,0.03320,17,0,0,1095,4,0,0,0,0,3051,0
114,4.59530,0.94750,2.62540,0.99370,0.02790,35,0,0,1097,4,0,0,0,0,3080,0
115,4.69050,1.00180,2.60320,1.05490,0.02970,57,0,0,1099,4,0,0,0,0,3089,0
116,4.45030,0.73780,2.66550,0.99210,0.05360,129,0,0,1100,4,0,0,0,0,3095,0
117,4.82290,0.97700,2.72660,1.09150,0.02600,59,0,0,1102,4,0,0,0,0,3085,0
118,4.59310,0.61780,2.76940,1.16510,0.03980,13,0,0,1103,4,0,0,0,0,3135,0
119,4.91690,1.15090,2.64310,1.09130,0.03070,71,0,0,1107,4,0,0,0,0,3150,0
120,4.82080,1.00580,2.73160,1.05130,0.03110,73,0,0,1110,4,0,0,0,0,3200,0
121,7.30610,2.58650,3.55250,1.14010,0.02570,18,0,0,1111,4,0,0,0,0,3199,0
122,6.25990,1.70360,3.45050,1.08120,0.02350,225,0,0,1116,4,0,0,0,0,3209,0
123,6.21580,0.75540,4.17320,1.26570,0.02060,28,0,0,1118,4,0,0,0,0,3227,0
124,6.27840,1.37540,3.67090,1.20410,0.02680,107,0,0,1124,4,0,0,0,0,3271,0
125,5.03280,0.81170,3.14430,1.00040,0.07550,32,0,0,1126,4,0,0,0,0,3313,0
126,5.25200,0.94150,3.24060,1.03700,0.03160,49,0,0,1128,4,0,0,0,0,3340,0
127,6.81080,1.06480,4.56430,1.15570,0.02500,32,0,0,1130,4,0,0,0,0,3393,0
128,5.41940,1.10240,3.12320,1.16890,0.02380,89,0,0,1133,4,0,0,0,0,3395,0
129,4.81250,0.67640,3.01160,1.09860,0.02510,107,0,0,1134,4,0,0,0,0,3427,0
130,5.22420,0.99650,3.15020,1.02160,0.05480,53,0,0,1137,4,0,0,0,0,3452,0
131,5.49410,1.08200,3.03850,1.35300,0.01980,59,0,0,1141,4,0,0,0,0,3470,0
132,5.29530,1.17400,2.92760,1.16710,0.02580,95,0,0,1145,4,0,0,0,0,3531,0
133,4.67580,0.50820,3.11080,1.03650,0.01950,13,0,0,1146,4,0,0,0,0,3534,0
134,4.76160,0.76250,2.94550,1.03120,0.02110,35,0,0,1148,4,0,0,0,0,3513,0
135,5.00560,0.70440,3.20680,1.07420,0.01890,26,0,0,1150,4,0,0,0,0,3531,0
136,6.80700,2.88540,2.84380,1.04190,0.03510,77,0,0,1154,4,0,0,0,0,3527,0
137,5.29810,1.41510,2.79330,1.06150,0.02720,247,0,0,1160,4,0,0,0,0,3551,0
138,4.54980,0.67600,2.82590,1.02250,0.02460,30,0,0,1162,4,0,0,0,0,3598,0
139,4.24290,0.51230,2.68840,1.01880,0.02260,21,0,0,1163,4,0,0,0,0,3579,0
140,5.05050,0.78390,3.09830,1.14280,0.02460,37,0,0,1165,4,0,0,0,0,3647,0
141,4.56520,0.78220,2.73650,1.01890,0.02670,35,0,0,1167,4,0,0,0,0,3576,0
142,4.33920,0.53800,2.73850,1.04090,0.02110,20,0,0,1168,4,0,0,0,0,3616,0
143,5.09090,1.25790,2.82370,0.98320,0.02540,115,0,0,1173,4,0,0,0,0,3636,0
144,5.04810,1.07790,2.90090,1.04800,0.02050,151,0,0,1177,4,0,0,0,0,3675,0
145,4.37050,0.55210,2.78360,1.01020,0.02390,21,0,0,1178,4,0,0,0,0,3672,0
146,4.28060,0.39440,2.77640,1.08480,0.02440,0,0,0,1178,4,0,0,0,0,3696,0
147,4.54410,0.69870,2.76540,1.05790,0.02130,29,0,0,1180,4,0,0,0,0,3707,0
148,4.39930,0.52080,2.74670,1.10380,0.02720,13,0,0,1181,4,0,0,0,0,3706,0
149,4.46050,0.68180,2.70400,1.05220,0.02160,30,0,0,1183,4,0,0,0,0,3739,0
150,4.49080,0.58280,2.78610,1.09970,0.02140,17,0,0,1184,4,0,0,0,0,3761,0
151,8.66430,2.71290,4.69490,1.23010,0.02490,42,0,0,1186,4,0,0,0,0,3754,0
152,9.09390,1.55140,6.21670,1.30860,0.01620,229,0,0,1191,4,0,0,0,0,3737,0
153,6.82540,0.54070,4.71760,1.54140,0.02480,18,0,0,1192,4,0,0,0,0,3785,0
154,5.97990,0.96190,3.90190,1.09590,0.01940,63,0,0,1196,4,0,0,0,0,3811,0
155,6.79330,0.56930,4.98390,1.22400,0.01540,18,0,0,1197,4,0,0,0,0,3801,0
156,5.38500,0.52060,3.70620,1.12780,0.02940,13,0,0,1198,4,0,0,0,0,3809,0
157,5.71760,0.74040,3.71520,1.23700,0.02420,41,0,0,1200,4,0,0,0,0,3795,0
158,5.75340,1.01740,3.57720,1.13740,0.02060,53,0,0,1204,4,0,0,0,0,3814,0
159,6.50300,1.45470,3.74550,1.28180,0.02020,90,0,0,1211,4,0,0,0,0,3864,0
160,5.21220,0.40040,3.69540,1.08260,0.03290,0,0,0,1211,4,0,0,0,0,3896,0
161,5.43530,0.57500,3.73130,1.11010,0.01830,14,0,0,1212,4,0,0,0,0,3922,0
162,5.89890,0.93960,3.75930,1.18160,0.01760,47,0,0,1215,4,0,0,0,0,3957,0
163,5.38890,0.51880,3.73200,1.11970,0.01780,14,0,0,1216,4,0,0,0,0,3968,0
164,5.61930,0.71430,3.41870,1.46310,0.02240,40,0,0,1218,4,0,0,0,0,3943,0
165,5.05630,0.37390,3.54340,1.11910,0.01920,0,0,0,1218,4,0,0,0,0,3991,0
166,6.97580,2.37520,3.40780,1.16150,0.03060,42,0,0,1220,4,0,0,0,0,4050,0
167,6.00040,1.16900,3.63410,1.17730,0.01920,205,0,0,1224,4,0,0,0,0,4095,0
168,5.01580,0.37800,3.43160,1.18120,0.02430,0,0,0,1224,4,0,0,0,0,4114,0
169,5.23700,0.80010,3.32200,1.09470,0.01940,47,0,0,1227,4,0,0,0,0,4114,0
170,5.72490,0.56200,3.93760,1.20550,0.01900,18,0,0,1228,4,0,0,0,0,4106,0
171,5.76680,0.70000,3.49920,1.54780,0.01910,57,0,0,1230,4,0,0,0,0,4131,0
172,5.03710,0.56190,3.34080,1.11370,0.02000,16,0,0,1231,4,0,0,0,0,4124,0
173,5.36310,0.88100,3.32540,1.13300,0.02310,40,0,0,1234,4,0,0,0,0,4148,0
174,5.19760,0.71590,3.35040,1.11250,0.01780,27,0,0,1236,4,0,0,0,0,4180,0
175,6.08830,0.68540,3.99630,1.38370,0.02200,22,0,0,1238,4,0,0,0,0,4187,0
176,4.99980,0.56990,3.28430,1.12680,0.01820,12,0,0,1239,4,0,0,0,0,4191,0
177,5.02060,0.57810,3.39320,1.02270,0.02550,21,0,0,1240,4,0,0,0,0,4242,0
178,5.33680,0.73530,3.29930,1.28160,0.02000,31,0,0,1242,4,0,0,0,0,4299,0
179,4.73630,0.35720,3.28270,1.07810,0.01770,0,0,0,1242,4,0,0,0,0,4325,0
180,5.16030,0.71310,3.37010,1.05300,0.02340,21,0,0,1244,4,0,0,0,0,4323,0
181,8.07710,2.21970,4.68510,1.14940,0.02090,0,0,0,1244,4,0,0,0,0,4374,0
182,6.97870,1.07200,4.67770,1.20270,0.02570,154,0,0,1246,4,0,0,0,0,4405,0
183,6.82280,0.69520,4.93350,1.17030,0.02330,13,0,0,1247,4,0,0,0,0,4492,0
184,7.64910,1.47320,4.58330,1.56120,0.02990,68,0,0,1251,4,0,0,0,0,4503,0
185,5.71030,0.37450,4.12720,1.17920,0.02860,0,0,0,1251,4,0,0,0,0,4486,0
186,5.60950,0.40670,4.05340,1.11920,0.02910,0,0,0,1251,4,0,0,0,0,4516,0
187,6.51490,0.67440,4.58170,1.22030,0.02480,16,0,0,1252,4,0,0,0,0,4553,0
188,6.39330,0.71070,4.46650,1.19510,0.02000,8,0,0,1253,4,0,0,0,0,4599,0
189,6.00210,0.39920,4.37780,1.20150,0.02270,0,0,0,1253,4,0,0,0,0,4641,0
190,5.81720,0.68050,3.61390,1.47340,0.04850,13,0,0,1254,4,0,0,0,0,4677,0
191,5.64880,0.36710,3.98990,1.26260,0.02800,0,0,0,1254,4,0,0,0,0,4710,0
192,7.18730,1.82140,4.17900,1.16270,0.02350,123,0,0,1259,4,0,0,0,0,4732,0
193,5.43660,0.56810,3.65760,1.18140,0.02880,14,0,0,1260,4,0,0,0,0,4768,0
194,6.06780,1.50070,3.43380,1.10260,0.02970,71,0,0,1265,4,0,0,0,0,4751,0
195,5.88540,0.64450,3.70500,1.47420,0.06100,14,0,0,1266,4,0,0,0,0,4753,0
196,7.39900,2.05880,4.13630,1.18010,0.02300,0,0,0,1266,4,0,0,0,0,4770,0
197,5.21980,0.62150,3.34050,1.22650,0.03030,19,0,0,1267,4,0,0,0,0,4822,0
198,4.99060,0.62910,3.25080,1.08600,0.02390,11,0,0,1268,4,0,0,0,0,4816,0
199,5.16710,0.77160,3.23840,1.13540,0.02100,37,0,0,1270,4,0,0,0,0,4830,0
200,4.65740,0.37470,3.13730,1.12050,0.02420,0,0,0,1270,4,0,0,0,0,4847,0
201,4.94040,0.52610,3.11780,1.26950,0.02640,7,0,0,1271,4,0,0,0,0,4876,0
202,4.87870,0.44310,3.21500,1.19760,0.02240,0,0,0,1271,4,0,0,0,0,4913,0
203,4.90020,0.49490,3.19520,1.18660,0.02300,8,0,0,1272,4,0,0,0,0,4951,0
204,5.06980,0.63920,3.20170,1.20500,0.02330,18,0,0,1273,4,0,0,0,0,4986,0
205,5.12340,0.72470,3.17390,1.18820,0.03500,20,0,0,1275,4,0,0,0,0,5021,0
206,5.09040,0.66920,3.23330,1.15850,0.02770,24,0,0,1276,4,0,0,0,0,5083,0
207,6.23650,1.63620,3.31480,1.25040,0.03380,118,0,0,1281,4,0,0,0,0,5176,0
208,5.00020,0.58240,3.18380,1.21150,0.02140,14,0,0,1282,4,0,1,1,0,5202,0
209,5.15810,0.97640,2.98830,1.16760,0.02480,38,0,0,1285,4,0,1,1,0,5162,0
210,4.92720,0.54800,3.19850,1.15190,0.02820,16,0,0,1286,4,0,1,1,0,5188,0
211,9.26880,3.02120,4.80360,1.40720,0.03480,54,0,0,1288,4,0,1,1,0,5194,0
212,6.15010,0.58060,4.34750,1.18980,0.03120,0,0,0,1288,4,0,1,1,0,5173,0
213,7.59570,1.34790,4.96890,1.25160,0.02610,37,0,0,1291,4,0,1,1,0,5213,0
214,6.41190,0.99440,3.80520,1.57930,0.03180,33,0,0,1293,4,0,1,1,0,5241,0
215,6.05140,0.72290,3.76920,1.53210,0.02610,16,0,0,1294,4,0,1,1,0,5301,0
216,5.95090,1.04040,3.57220,1.24910,0.08800,33,0,0,1296,4,0,1,1,0,5332,0
217,5.73480,0.36550,4.14650,1.19500,0.02670,0,0,0,1296,4,0,1,1,0,5336,0
218,5.57480,0.72720,3.54150,1.27430,0.03060,11,0,0,1297,4,0,1,1,0,5378,0
219,6.04120,1.08780,3.71080,1.19350,0.04760,27,0,0,1299,4,0,1,1,0,5417,0
220,5.17760,0.64110,3.29220,1.20070,0.04260,14,0,0,1300,4,0,1,1,0,5463,0
221,4.87570,0.34420,3.29980,1.19910,0.03160,0,0,0,1300,4,0,1,1,0,5462,0
222,6.89470,1.27260,4.23190,1.35380,0.03540,45,0,0,1303,4,0,1,1,0,5544,0
223,5.22390,0.67910,3.27490,1.24090,0.02800,12,0,0,1304,4,0,1,1,0,5590,0
224,5.55350,1.09720,3.24250,1.18710,0.02590,51,0,0,1307,4,0,1,1,0,5606,0
225,5.52740,0.83120,3.34580,1.31140,0.03810,20,0,0,1309,4,0,1,1,0,5638,0
226,8.09560,3.23750,3.53070,1.29890,0.02730,45,0,0,1311,4,0,1,1,0,5603,0
227,5.27770,0.62190,3.34400,1.27730,0.03300,9,0,0,1312,4,0,1,1,0,5662,0
228,5.59870,1.07890,3.32040,1.15830,0.04020,34,0,0,1315,4,0,1,1,0,5653,0
229,5.69640,1.17360,3.30070,1.17250,0.04840,54,0,0,1318,4,0,1,1,0,5652,0
230,5.36380,0.71330,3.33300,1.28940,0.02680,10,0,0,1319,4,0,1,1,0,5638,0
231,4.89380,0.36520,3.25460,1.24980,0.02350,0,0,0,1319,4,0,1,1,0,5677,0
232,5.08070,0.40230,3.35350,1.27360,0.05040,0,0,0,1319,4,0,1,1,0,5678,0
233,5.57750,0.60760,3.69280,1.23800,0.03820,11,0,0,1320,4,0,1,1,0,5710,0
234,5.87030,1.33780,3.31010,1.18770,0.03360,53,0,0,1324,4,0,1,1,0,5694,0
235,5.27070,0.75820,3.26970,1.21540,0.02630,22,0,0,1326,4,0,1,1,0,5707,0
236,5.28570,0.59300,3.37620,1.27700,0.03830,8,0,0,1327,4,0,1,1,0,5683,0
237,6.21170,1.47130,3.39370,1.31350,0.03190,53,0,0,1331,4,0,1,1,0,5658,0
238,5.15900,0.64390,3.25820,1.22450,0.03110,8,0,0,1332,4,0,1,1,0,5675,0
239,5.78260,1.23090,3.29490,1.22620,0.02960,52,0,0,1335,4,0,1,1,0,5681,0
240,5.51330,0.88670,3.36450,1.23170,0.02920,81,0,0,1337,4,0,1,1,0,5643,0
241,9.00330,3.08000,4.42810,1.45010,0.04350,29,0,0,1340,4,0,1,1,0,5623,0
242,5.86620,0.81160,3.87400,1.15980,0.02020,33,0,0,1342,4,0,1,1,0,5649,0
243,5.68180,0.71650,3.81480,1.12070,0.02900,26,0,0,1344,4,0,1,1,0,5686,0
244,5.46980,0.57160,3.65120,1.21390,0.03220,24,0,0,1345,4,0,1,1,0,5698,0
245,5.29930,0.37760,3.71000,1.18490,0.02590,0,0,0,1345,4,0,2,2,0,5720,0
246,6.08580,0.88800,3.96470,1.20300,0.02930,31,0,0,1347,4,0,2,2,0,5679,0
247,5.44340,0.59590,3.61550,1.20610,0.02470,23,0,0,1348,4,0,2,2,0,5676,0
248,5.56080,0.59140,3.68630,1.25260,0.02980,11,0,0,1349,4,0,2,2,0,5720,0
249,5.98100,0.38880,4.26140,1.30550,0.02450,0,0,0,1349,4,0,3,3,0,5736,0
250,6.21700,0.83620,4.05160,1.30670,0.02190,30,0,0,1351,4,0,3,3,0,5764,0
251,5.26760,0.37640,3.59060,1.27670,0.02310,0,0,0,1351,4,0,3,3,0,5783,0
252,6.21460,0.88270,4.09840,1.21100,0.02170,33,0,0,1354,4,0,3,2,0,5836,0
253,5.21490,0.64220,3.36240,1.18020,0.02920,17,0,0,1356,4,0,5,4,0,5845,0
254,6.62560,1.25820,4.14940,1.19250,0.02490,70,0,0,1361,4,0,5,4,0,5870,0
255,5.22170,0.67950,3.36990,1.14720,0.02420,35,0,0,1363,4,0,5,4,0,5798,0
256,6.54340,2.02960,3.34180,1.14970,0.02170,0,0,0,1363,4,0,5,4,0,5822,0
257,5.28560,0.67200,3.33180,1.25640,0.02490,32,0,0,1365,4,0,6,5,0,5835,0
258,5.03600,0.52320,3.29520,1.19290,0.02400,11,0,0,1366,4,0,7,6,0,5788,0
259,4.89490,0.38110,3.30650,1.18310,0.02350,0,0,0,1366,4,0,7,5,0,5785,0
260,4.69210,0.30310,3.17020,1.18690,0.03110,0,0,0,1366,4,0,7,4,0,5793,0
261,5.28010,0.66800,3.32080,1.26390,0.02670,31,0,0,1368,4,0,8,6,0,5755,0
262,5.20000,0.69710,3.29490,1.18510,0.02190,28,0,0,1370,4,0,8,6,0,5717,0
263,4.94710,0.37960,3.31090,1.23100,0.02490,0,0,0,1370,4,0,8,6,0,5750,0
264,5.14220,0.69740,3.22810,1.19440,0.02160,17,0,0,1372,4,0,8,7,0,5772,0
265,5.21850,0.72040,3.27880,1.19680,0.02180,29,0,0,1374,4,0,8,7,0,5796,0
266,5.11880,0.67050,3.22240,1.20340,0.02170,17,0,0,1376,4,0,8,7,0,5734,0
267,4.80310,0.45120,3.21760,1.11170,0.02200,8,0,0,1377,4,0,8,7,0,5693,0
268,5.67630,1.32180,3.15960,1.16970,0.02450,73,0,0,1384,4,0,10,9,0,5709,0
269,5.29220,0.93040,3.19880,1.13700,0.02520,40,0,0,1388,4,0,10,9,0,5690,0
270,4.60910,0.35460,3.16500,1.06740,0.02140,0,0,0,1388,4,0,11,10,0,5653,0
271,9.72060,2.66550,5.65750,1.36080,0.03570,19,0,0,1390,4,0,11,10,0,5666,0
272,6.95410,0.94960,4.69250,1.27520,0.03580,24,0,0,1392,4,0,12,11,0,5596,0
273,7.69850,0.88990,5.24390,1.52640,0.03740,60,0,0,1395,4,0,12,11,0,5572,0
274,6.56310,0.37830,4.92430,1.22500,0.03450,0,0,0,1395,4,0,12,11,0,5510,0
275,6.69160,0.60730,4.85580,1.19680,0.03070,12,0,0,1396,4,0,13,11,0,5467,0
276,6.68740,1.06370,4.30210,1.28530,0.03530,47,0,0,1398,4,0,13,11,0,5426,0
277,5.24970,0.63660,3.48780,1.09600,0.02850,6,0,0,1399,4,0,13,11,0,5430,0
278,5.63770,0.63110,3.80110,1.18130,0.02350,5,0,0,1400,4,0,13,10,0,5407,0
279,5.52580,0.37750,3.99910,1.11430,0.03380,0,0,0,1400,4,0,13,11,0,5419,0
280,5.32320,0.94340,3.21530,1.13430,0.02980,24,0,0,1402,4,0,13,11,0,5415,0
281,5.53000,0.99500,3.29690,1.20800,0.02890,27,0,0,1404,4,0,13,11,0,5351,0
282,5.61890,0.55850,3.60380,1.39410,0.06150,4,0,0,1405,4,0,13,12,0,5350,0
283,5.92330,0.81190,3.88470,1.19350,0.03230,15,0,0,1407,4,0,13,11,0,5306,0
284,6.60940,1.39120,4.01390,1.16700,0.03570,6,0,0,1408,4,0,13,11,0,5269,0
285,4.66710,0.38310,3.16200,1.09810,0.02310,0,0,0,1408,4,0,13,12,0,5210,0
286,6.90900,2.63290,3.09700,1.15390,0.02450,29,0,0,1410,4,0,13,13,0,5241,0
287,5.08040,0.82800,3.09920,1.12260,0.02980,22,0,0,1412,4,0,13,13,0,5181,0
288,5.27260,1.01310,3.08460,1.15030,0.02410,105,0,0,1416,4,0,13,13,0,5168,0
289,4.63060,0.38940,3.05170,1.16640,0.02270,0,0,0,1416,4,0,13,12,0,5154,0
290,4.91960,0.80520,3.04840,1.04470,0.02080,21,0,0,1419,4,0,14,13,0,5115,0
291,5.00730,0.90860,2.97080,1.10280,0.02390,68,0,0,1422,4,0,14,14,0,5058,0
292,4.54070,0.37460,2.98980,1.15050,0.02480,0,0,0,1422,4,0,16,16,0,5059,0
293,4.89980,0.77770,2.97430,1.12700,0.01980,13,0,0,1424,4,0,16,16,0,5050,0
294,4.63300,0.36440,3.06120,1.18280,0.02390,0,0,0,1424,4,0,16,16,0,5021,0
295,4.72250,0.54600,2.99030,1.16100,0.02450,8,0,0,1425,4,0,17,17,0,4990,0
296,4.46170,0.36680,2.92160,1.15020,0.02230,0,0,0,1425,4,0,19,19,0,4962,0
297,4.70310,0.52630,3.04500,1.10580,0.02540,11,0,0,1426,4,0,20,20,0,4922,0
298,4.51800,0.34430,2.99820,1.14740,0.02750,0,0,0,1426,4,0,20,20,0,4922,0
299,4.93860,0.82380,2.95410,1.13810,0.02200,21,0,0,1429,4,0,20,20,0,4894,0
300,4.80040,0.59750,3.01760,1.16270,0.02190,22,0,0,1431,4,0,20,20,0,4866,0
301,9.06120,2.90270,4.87030,1.26410,0.02290,34,0,0,1433,4,0,22,22,0,4789,0
302,6.83140,0.37840,5.24030,1.18780,0.02420,0,0,0,1433,4,0,22,22,0,4750,0
303,9.06690,0.85670,6.81280,1.37980,0.01660,70,0,0,1435,4,0,24,23,0,4709,0
304,7.23600,0.40020,5.72330,1.09210,0.01960,0,0,0,1435,4,0,25,24,0,4660,0
305,6.37180,0.51040,4.51300,1.33040,0.01740,5,0,0,1436,4,0,27,25,0,4659,0
306,6.75860,1.62170,3.91340,1.08600,0.13650,105,0,0,1444,4,0,28,26,0,4619,0
307,5.77980,0.50940,4.11660,1.13360,0.01960,8,0,0,1445,4,0,28,26,0,4580,0
308,5.56800,0.62500,3.87670,1.04490,0.02050,17,0,0,1447,4,0,28,24,0,4567,0
309,5.09470,0.66670,3.35780,1.04370,0.02520,17,0,0,1448,4,0,29,27,0,4551,0
310,5.07330,0.61650,3.34640,1.08780,0.02160,9,0,0,1449,4,0,30,28,0,4566,0
311,5.65830,0.35890,3.85840,1.41450,0.02490,0,0,0,1449,4,0,30,29,0,4533,0
312,5.54820,0.95310,3.42450,1.14380,0.02580,15,0,0,1451,4,0,32,31,0,4441,0
313,5.08820,0.58290,3.33200,1.14990,0.02270,5,0,0,1452,4,0,32,31,0,4445,0
314,5.03510,0.58210,3.35730,1.07580,0.01910,6,0,0,1453,4,0,32,31,0,4401,0
315,4.95360,0.66260,3.27980,0.98850,0.02200,22,0,0,1455,4,0,34,33,0,4397,0
316,6.55510,2.21240,3.27140,1.01790,0.05270,16,0,0,1456,4,0,34,33,0,4383,0
317,4.55860,0.34400,3.24980,0.94450,0.01980,0,0,0,1456,4,0,35,34,0,4313,0
318,5.28000,0.89960,3.30620,1.05470,0.01870,77,0,0,1459,4,0,35,34,0,4279,0
319,4.61530,0.35530,3.18300,1.05600,0.02030,0,0,0,1459,4,0,36,35,0,4243,0
320,4.88240,0.53460,3.21050,1.10980,0.02660,7,0,0,1460,4,0,39,38,0,4220,0
321,6.34770,1.20290,4.06830,1.05520,0.02070,49,0,0,1465,4,0,43,42,0,4157,0
322,4.78240,0.62920,3.12920,0.98530,0.03730,9,0,0,1467,4,0,45,43,0,4142,0
323,4.92440,0.47640,3.37880,1.04710,0.02140,10,0,0,1468,4,0,48,45,0,4117,0
324,4.67700,0.35420,3.27800,1.02070,0.02330,0,0,0,1468,4,0,49,44,0,4092,0
325,4.68750,0.53020,3.12380,1.01220,0.02070,25,0,0,1469,4,0,51,45,0,4031,0
326,4.30890,0.34190,2.91190,1.03270,0.02170,0,0,0,1469,4,0,55,50,0,3985,0
327,4.27140,0.50450,2.81240,0.93210,0.02170,15,0,0,1470,4,0,56,48,0,3930,0
328,4.55820,0.69270,2.88710,0.95760,0.02020,20,0,0,1472,4,0,56,52,0,3858,0
329,5.00000,0.74320,3.13600,1.09610,0.02370,22,0,0,1475,4,0,57,52,0,3784,0
330,4.46840,0.66350,2.80660,0.97380,0.02350,42,0,0,1477,4,0,57,49,0,3787,0
331,8.49040,2.38680,5.00490,1.07390,0.02340,6,0,0,1478,4,0,58,50,0,3784,0
332,8.24770,0.39400,6.45160,1.37870,0.02260,0,0,0,1478,4,0,59,51,0,3774,0
333,7.94040,0.68060,6.13380,1.10260,0.02280,51,0,0,1479,4,0,59,53,0,3761,0
334,5.93830,0.44790,4.34580,1.11340,0.03030,0,0,0,1479,4,0,60,52,0,3694,0
335,5.33400,0.42980,3.69530,1.17550,0.03270,0,0,0,1479,4,0,60,53,0,3680,0
336,7.45530,1.22080,5.12110,1.09390,0.01880,46,0,0,1483,4,0,61,54,0,3620,0
337,5.69010,0.48880,4.20590,0.97710,0.01730,3,0,0,1484,4,0,63,57,0,3584,0
338,5.16500,0.48110,3.62500,1.02900,0.02910,10,0,0,1485,4,0,67,60,0,3566,0
339,5.13700,0.34840,3.69020,1.07920,0.01840,0,0,0,1485,4,0,68,62,0,3535,0
340,4.90590,0.39550,3.42330,0.99470,0.09160,0,0,0,1485,4,0,68,63,0,3481,0
341,5.38230,0.76030,3.61230,0.98840,0.02070,10,0,0,1487,4,0,69,62,0,3478,0
342,4.69710,0.44330,3.22890,1.00020,0.02380,0,0,0,1487,4,0,70,61,0,3477,0
343,5.84520,0.85470,3.63680,1.33320,0.01980,22,0,0,1489,4,0,71,60,0,3470,0
344,5.65990,1.01850,3.59220,1.02290,0.02530,25,0,0,1493,4,0,72,61,0,3471,0
345,5.11150,0.65140,3.42470,1.01530,0.01930,49,0,0,1495,4,0,74,65,0,3452,0
346,6.26590,2.14070,3.16280,0.93800,0.02370,7,0,0,1496,4,0,74,64,0,3442,0
347,4.83270,0.49710,3.05910,1.25440,0.02140,11,0,0,1497,4,0,74,65,0,3423,0
348,4.84800,0.71010,3.06430,1.05570,0.01730,60,0,0,1499,4,0,77,67,0,3408,0
349,4.69000,0.49360,3.10060,1.06080,0.03420,6,0,0,1500,4,0,77,68,0,3345,0
350,4.37520,0.37900,3.05970,0.91470,0.02110,0,0,0,1500,4,0,80,67,0,3323,0
351,4.20670,0.34840,2.93770,0.88880,0.03100,0,0,0,1500,4,0,81,70,0,3248,0
352,4.55530,0.90880,2.70340,0.92070,0.02160,21,0,0,1503,4,0,84,72,0,3240,0
353,4.34620,0.51660,2.90110,0.90900,0.01870,7,0,0,1504,4,0,85,74,0,3226,0
354,4.38370,0.36620,2.99100,1.00550,0.02020,0,0,0,1504,4,0,86,75,0,3199,0
355,5.00290,0.38230,3.64180,0.95250,0.02570,0,0,0,1504,4,0,86,77,0,3197,0
356,4.30210,0.67090,2.66820,0.93660,0.02560,14,0,0,1506,4,0,88,77,0,3169,0
357,4.02990,0.36370,2.70760,0.93710,0.02070,0,0,0,1506,4,0,89,79,0,3178,0
358,4.51650,0.89210,2.71440,0.88760,0.02140,50,0,0,1509,4,0,90,79,0,3128,0
359,4.33450,0.67840,2.67360,0.95670,0.02490,15,0,0,1511,4,0,93,81,0,3098,0
360,3.94820,0.35790,2.64680,0.91420,0.02870,0,0,0,1511,4,0,96,84,0,3030,0
361,9.18920,2.11580,6.01520,1.03610,0.02040,0,0,0,1511,4,0,98,88,0,2995,0
362,8.57190,0.92110,6.53320,1.09840,0.01810,15,0,0,1513,4,0,100,88,0,2978,0
363,7.17560,0.58380,5.54510,1.02810,0.01750,6,0,0,1514,4,0,101,89,0,2932,0
364,6.43820,0.60820,4.06910,1.72740,0.03260,30,0,0,1515,4,0,104,93,0,2871,0
365,5.83550,0.60880,4.27430,0.93520,0.01640,9,0,0,1516,4,0,107,93,0,2844,0
366,6.42880,1.08190,4.37060,0.95960,0.01580,20,0,0,1519,4,0,111,95,0,2855,0
367,5.72150,0.64530,4.12000,0.92760,0.02770,17,0,0,1521,4,0,112,95,0,2819,0
368,5.43540,0.46870,3.95080,0.98520,0.02990,4,0,0,1522,4,0,114,95,0,2816,0
369,4.86970,0.34840,3.46900,0.92990,0.12150,0,0,0,1522,4,0,115,97,0,2771,0
370,4.85070,0.39170,3.50640,0.92930,0.02240,0,0,0,1522,4,0,115,96,0,2773,0
371,5.32070,0.51640,3.84300,0.94370,0.01690,9,0,0,1523,4,0,117,97,0,2748,0
372,5.11010,0.69810,3.41040,0.97940,0.02140,19,0,0,1525,4,0,120,99,0,2697,0
373,5.12360,0.50160,3.40090,1.19910,0.02120,5,0,0,1526,4,0,123,100,0,2656,0
374,4.84980,0.57530,3.34370,0.91370,0.01660,10,0,0,1527,4,0,126,104,0,2652,0
375,4.89000,0.53690,3.35030,0.98660,0.01570,26,0,0,1528,4,0,129,105,0,2635,0
376,6.21200,2.07740,3.24300,0.87290,0.01810,0,0,0,1528,4,0,134,110,0,2607,0
377,4.66490,0.35880,3.38620,0.89830,0.02100,0,0,0,1528,4,0,137,117,0,2595,0
378,4.68450,0.38240,3.30210,0.97570,0.02360,0,0,0,1528,4,0,137,114,0,2587,0
379,5.09140,0.74610,3.41510,0.91250,0.01680,20,0,0,1530,4,0,142,119,0,2600,0
380,4.61800,0.36370,3.27490,0.90340,0.07530,0,0,0,1530,4,0,145,120,0,2550,0
381,4.67700,0.69540,3.00890,0.95340,0.01810,15,0,0,1532,4,0,149,123,0,2507,0
382,4.68770,0.51280,3.25820,0.89700,0.01900,6,0,0,1533,4,0,151,125,0,2493,0
383,5.70690,0.67210,4.01850,0.98800,0.02730,16,0,0,1535,4,0,154,129,0,2481,0
384,5.03550,0.51020,3.59730,0.90780,0.01980,6,0,0,1536,4,0,158,131,0,2436,0
385,5.61050,0.54170,3.83450,1.21320,0.02050,31,0,0,1537,4,0,160,133,0,2432,0
386,4.48020,0.76770,2.82220,0.86200,0.02760,13,0,0,1539,4,0,161,132,0,2410,0
387,4.29280,0.50280,2.90970,0.85620,0.02340,11,0,0,1540,4,0,166,135,0,2395,0
388,4.50840,0.36380,3.15890,0.96240,0.02260,0,0,0,1540,4,0,168,139,0,2346,0
389,4.23440,0.35520,3.01610,0.84390,0.01840,0,0,0,1540,4,0,171,143,0,2332,0
390,4.23400,0.58170,2.77690,0.85320,0.02140,26,0,0,1541,4,0,173,142,0,2326,0
391,8.16030,2.39320,4.46490,1.13600,0.16410,10,0,0,1542,4,0,177,146,0,2293,0
392,7.30630,0.73990,5.57280,0.97460,0.01820,10,0,0,1543,4,0,180,148,0,2274,0
393,6.13170,0.54430,4.62300,0.91970,0.04380,5,0,0,1544,4,0,180,149,0,2270,0
394,5.29400,0.57600,3.79070,0.90730,0.01910,7,0,0,1545,4,0,182,151,0,2272,0
395,5.98440,0.36030,4.48960,1.11220,0.02150,0,0,0,1545,4,0,188,154,0,2274,0
396,5.80930,0.53170,4.34480,0.91370,0.01850,11,0,0,1546,4,0,195,161,0,2244,0
397,5.56110,0.50370,4.15050,0.88950,0.01660,6,0,0,1547,4,0,201,166,0,2217,0
398,5.18520,0.52660,3.71530,0.92240,0.02000,5,0,0,1548,4,0,202,167,0,2188,0
399,4.75210,0.54830,3.30050,0.88570,0.01690,6,0,0,1549,4,0,204,169,0,2176,0
400,5.13460,0.55330,3.62120,0.94030,0.01930,8,0,0,1550,4,0,209,170,0,2152,0
401,5.15440,0.65560,3.58330,0.89830,0.01680,14,0,0,1552,4,0,212,176,0,2166,0
402,4.89670,0.63200,3.33210,0.91190,0.01980,9,0,0,1553,4,0,214,177,0,2144,0
403,4.76340,0.50540,3.16110,1.07300,0.02310,2,0,0,1554,4,0,219,183,0,2149,0
404,4.48040,0.34710,3.19490,0.91820,0.01980,0,0,0,1554,4,0,220,182,0,2129,0
405,4.40840,0.38750,3.15440,0.84770,0.01780,0,0,0,1554,4,0,222,183,0,2097,0
406,6.21150,2.13200,3.16830,0.86420,0.04620,11,0,0,1555,4,0,226,185,0,2078,0
407,4.11480,0.35250,2.90520,0.83420,0.02230,0,0,0,1555,4,0,231,193,0,2056,0
408,4.56780,0.51580,3.08550,0.94860,0.01730,5,0,0,1556,4,0,234,198,0,2032,0
409,4.34870,0.53120,2.95790,0.84010,0.01880,7,0,0,1557,4,0,241,199,0,2022,0
410,4.24570,0.40080,2.98270,0.84110,0.02030,0,0,0,1557,4,0,244,202,0,1996,0
411,4.26850,0.34920,3.01910,0.87840,0.02100,0,0,0,1557,4,0,251,210,0,1967,0
412,5.21410,0.31190,4.02630,0.85130,0.02390,0,0,0,1557,4,0,254,214,0,1933,0
413,4.14800,0.34640,2.94440,0.83950,0.01690,0,0,0,1557,4,0,258,218,0,1904,0
414,4.03070,0.35710,2.81070,0.84450,0.01770,0,0,0,1557,4,0,263,223,0,1894,0
415,5.47490,0.51580,4.01460,0.92700,0.01670,6,0,0,1558,4,0,265,221,0,1914,0
416,5.30570,0.85750,3.41690,1.01120,0.01900,27,0,0,1561,4,0,266,220,0,1913,0
417,4.24790,0.46600,2.93850,0.82140,0.02120,11,0,0,1562,4,0,269,225,0,1911,0
418,4.02040,0.34270,2.83950,0.82130,0.01640,0,0,0,1562,4,0,274,235,0,1887,0
419,3.79110,0.31590,2.66340,0.78890,0.02220,0,0,0,1562,4,0,276,234,0,1880,0
420,3.86630,0.31980,2.72940,0.79850,0.01800,0,0,0,1562,4,0,277,235,0,1866,0
421,8.55190,2.18480,5.43790,0.90680,0.02110,0,0,0,1562,4,0,279,236,0,1864,0
422,8.03320,0.59390,6.46620,0.95360,0.01830,9,0,0,1563,4,0,283,240,0,1855,0
423,6.51090,0.33610,4.99400,1.13880,0.04120,0,0,0,1563,4,0,285,242,0,1832,0
424,5.72880,0.43340,4.46710,0.80670,0.02050,0,0,0,1563,4,0,289,245,0,1819,0
425,4.43270,0.36300,3.23590,0.81430,0.01880,0,0,0,1563,4,0,291,243,0,1807,0
426,5.07950,0.34640,3.89850,0.80920,0.02350,0,0,0,1563,4,0,295,247,0,1812,0
427,4.53180,0.34280,3.25290,0.91800,0.01740,0,0,0,1563,4,0,298,251,0,1788,0
428,4.87000,0.39990,3.60390,0.84990,0.01560,0,0,0,1563,4,0,298,257,0,1789,0
429,3.95570,0.41040,2.74030,0.78580,0.01810,0,0,0,1563,4,0,302,254,0,1773,0
430,4.23540,0.63030,2.79750,0.78950,0.01740,7,0,0,1564,4,0,308,261,0,1748,0
431,4.24960,0.59070,2.85520,0.78080,0.02230,6,0,0,1565,4,0,312,266,0,1749,0
432,3.92430,0.35060,2.72790,0.82620,0.01890,0,0,0,1565,4,0,313,269,0,1757,0
433,3.94110,0.38070,2.76230,0.77680,0.02050,0,0,0,1565,4,0,317,274,0,1736,0
434,3.95440,0.33810,2.75830,0.83820,0.01910,0,0,0,1565,4,0,324,279,0,1711,0
435,4.86260,0.34330,3.61430,0.88790,0.01660,0,0,0,1565,4,0,331,287,0,1717,0
436,6.58990,2.04490,3.72580,0.79780,0.02060,0,0,0,1565,4,0,334,290,0,1717,0
437,4.11680,0.57150,2.73450,0.79140,0.01880,9,0,0,1566,4,0,343,303,0,1714,0
438,3.87650,0.33220,2.73970,0.78100,0.02310,0,0,0,1566,4,0,348,307,0,1719,0
439,4.21340,0.35270,2.98010,0.85780,0.02200,0,0,0,1566,4,0,352,308,0,1698,0
440,5.20640,0.33560,4.02040,0.83040,0.01940,0,0,0,1566,4,0,355,306,0,1717,0
441,3.86300,0.33850,2.68230,0.82370,0.01790,0,0,0,1566,4,0,357,310,0,1715,0
442,3.83060,0.33900,2.65850,0.81560,0.01690,0,0,0,1566,4,0,360,308,0,1715,0
443,3.87650,0.34000,2.68210,0.83680,0.01710,0,0,0,1566,4,0,363,313,0,1692,0
444,3.85940,0.33860,2.73770,0.76450,0.01800,0,0,0,1566,4,0,367,316,0,1713,0
445,5.40030,0.58290,3.98600,0.81190,0.01860,7,0,0,1567,4,0,369,319,0,1714,0
446,4.03780,0.52920,2.68310,0.80620,0.01850,6,0,0,1568,4,0,372,319,0,1706,0
447,3.85840,0.34220,2.68540,0.74160,0.08850,0,0,0,1568,4,0,377,323,0,1698,0
448,5.27410,0.36330,4.08230,0.80550,0.02250,0,0,0,1568,4,0,383,329,0,1699,0
449,3.98600,0.33860,2.71900,0.90810,0.01940,0,0,0,1568,4,0,384,329,0,1686,0
450,3.78130,0.36550,2.61930,0.77670,0.01900,0,0,0,1568,4,0,389,336,0,1679,0
451,6.42830,2.08870,3.43670,0.87690,0.02390,0,0,0,1568,4,0,393,338,0,1674,0
452,4.63200,0.37070,3.32710,0.91170,0.02150,0,0,0,1568,4,0,397,342,0,1661,0
453,4.41830,0.35730,3.12610,0.91440,0.01930,0,0,0,1568,4,0,402,346,0,1665,0
454,5.17240,0.38180,3.92180,0.84920,0.01870,0,0,0,1568,4,0,407,352,0,1676,0
455,4.24930,0.42430,3.00890,0.79620,0.01860,0,0,0,1568,4,0,411,356,0,1685,0
456,5.08250,0.34520,3.86060,0.85600,0.01990,0,0,0,1568,4,0,413,357,0,1688,0
457,4.17440,0.30910,3.00020,0.84460,0.01970,0,0,0,1568,4,0,417,362,0,1657,0
458,6.00480,0.83490,4.18440,0.95640,0.02850,11,0,0,1570,4,0,420,367,0,1640,0
459,3.99510,0.36260,2.75110,0.86160,0.01900,0,0,0,1570,4,0,423,372,0,1641,0
460,4.13460,0.55880,2.76200,0.79420,0.01870,7,0,0,1571,4,0,425,372,0,1646,0
461,4.06770,0.55500,2.66530,0.82400,0.02280,7,0,0,1572,4,0,431,372,0,1637,0
462,3.82420,0.35900,2.64080,0.80260,0.02100,0,0,0,1572,4,0,433,384,0,1627,0
463,4.03700,0.35040,2.81760,0.84870,0.01980,0,0,0,1572,4,0,437,383,0,1637,0
464,3.79670,0.34050,2.63360,0.79930,0.02250,0,0,0,1572,4,0,442,392,0,1608,0
465,3.67430,0.34090,2.53730,0.77360,0.02200,0,0,0,1572,4,0,446,393,0,1614,0
466,6.86260,1.96680,4.07650,0.79570,0.02280,0,0,0,1572,4,0,448,392,0,1632,0
467,3.91420,0.28040,2.75170,0.85760,0.02380,0,0,0,1572,4,0,453,393,0,1642,0
468,3.82700,0.33740,2.64870,0.82220,0.01800,0,0,0,1572,4,0,455,398,0,1640,0
469,3.63100,0.36290,2.42570,0.82110,0.02080,0,0,0,1572,4,0,456,397,0,1632,0
470,3.65140,0.33310,2.49810,0.79520,0.02420,0,0,0,1572,4,0,460,402,0,1637,0
471,3.53170,0.29760,2.40270,0.80820,0.02260,0,0,0,1572,4,0,464,407,0,1645,0
472,4.20530,0.32770,3.06030,0.79410,0.02270,0,0,0,1572,4,0,465,411,0,1631,0
473,4.94260,0.57070,3.58050,0.76740,0.02330,7,0,0,1573,4,0,466,410,0,1625,0
474,3.76690,0.55120,2.40730,0.77750,0.03010,6,0,0,1574,4,0,469,416,0,1610,0
475,4.14950,0.52330,2.81460,0.78650,0.02440,7,0,0,1575,4,0,475,422,0,1629,0
476,3.59620,0.31780,2.44000,0.80650,0.03130,0,0,0,1575,4,0,481,430,0,1651,0
477,3.46990,0.32590,2.35290,0.76740,0.02270,0,0,0,1575,4,0,484,433,0,1658,0
478,4.12400,0.32400,2.94190,0.82290,0.03430,0,0,0,1575,4,0,486,436,0,1664,0
479,3.46270,0.30880,2.35030,0.77810,0.02470,0,0,0,1575,4,0,491,439,0,1669,0
480,3.43080,0.29300,2.36250,0.75160,0.02290,0,0,0,1575,4,0,494,441,0,1667,0
481,6.53260,2.46450,3.16550,0.88010,0.02050,0,0,0,1575,4,0,499,445,0,1654,0
482,4.68770,0.36620,3.37330,0.91500,0.03240,0,0,0,1575,4,0,501,451,0,1660,0
483,4.62090,0.56430,3.06510,0.96710,0.02350,4,0,0,1576,4,0,505,453,0,1667,0
484,5.52170,0.31880,4.29610,0.88740,0.01860,0,0,0,1576,4,0,512,458,0,1665,0
485,5.20310,0.35090,3.98450,0.84140,0.02540,0,0,0,1576,4,0,516,461,0,1651,0
486,5.68960,0.33460,4.41350,0.91370,0.02680,0,0,0,1576,4,0,522,471,0,1631,0
487,4.79310,0.33800,3.40560,1.02470,0.02410,0,0,0,1576,4,0,526,477,0,1614,0
488,4.15790,0.58910,2.73740,0.80140,0.02910,7,0,0,1577,4,0,529,480,0,1625,0
489,4.11650,0.54800,2.71370,0.77880,0.07510,6,0,0,1578,4,0,533,485,0,1632,0
490,4.35760,0.58280,2.76880,0.95680,0.04750,6,0,0,1579,4,0,540,493,0,1632,0
491,4.25980,0.32530,2.99880,0.90920,0.02570,0,0,0,1579,4,0,540,489,0,1606,0
492,3.73830,0.32580,2.60840,0.77550,0.02790,0,0,0,1579,4,0,542,496,0,1593,0
493,3.98850,0.52560,2.60350,0.83420,0.02440,6,0,0,1580,4,0,545,505,0,1584,0
494,3.73280,0.30690,2.66510,0.73810,0.02230,0,0,0,1580,4,0,549,506,0,1573,0
495,3.58580,0.29350,2.45890,0.79830,0.03430,0,0,0,1580,4,0,553,505,0,1569,0
496,5.22220,1.97090,2.45660,0.76180,0.03210,0,0,0,1580,4,0,560,510,0,1571,0
497,3.49570,0.33430,2.38390,0.75180,0.02490,0,0,0,1580,4,0,562,514,0,1580,0
498,3.41860,0.31870,2.34930,0.72730,0.02250,0,0,0,1580,4,0,566,521,0,1563,0
499,3.60410,0.29330,2.48040,0.80400,0.02580,0,0,0,1580,4,0,571,526,0,1589,0
500,3.47460,0.32210,2.36890,0.76030,0.02270,0,0,0,1580,4,0,574,524,0,1574,0
501,3.62320,0.33950,2.42900,0.83190,0.02190,0,0,0,1580,4,0,576,525,0,1578,0
502,3.49630,0.32820,2.37700,0.76760,0.02280,0,0,0,1580,4,0,580,534,0,1553,0
503,3.44220,0.32310,2.33760,0.75830,0.02250,0,0,0,1580,4,0,588,538,0,1548,0
504,3.38250,0.33630,2.27560,0.74710,0.02260,0,0,0,1580,4,0,591,539,0,1550,0
505,3.68100,0.56740,2.36220,0.72600,0.02470,6,0,0,1581,4,0,593,543,0,1530,0
506,3.40910,0.28250,2.32320,0.77820,0.02450,0,0,0,1581,4,0,593,543,0,1534,0
507,3.46600,0.30830,2.33810,0.79430,0.02450,0,0,0,1581,4,0,595,548,0,1554,0
508,3.49740,0.54140,2.14190,0.78600,0.02750,6,0,0,1582,4,0,599,554,0,1567,0
509,3.47860,0.31860,2.34770,0.79060,0.02110,0,0,0,1582,4,0,603,555,0,1554,0
510,3.36920,0.28220,2.30430,0.75850,0.02360,0,0,0,1582,4,0,604,560,0,1557,0
511,6.18610,2.16640,3.14280,0.85320,0.02230,0,0,0,1582,4,0,607,565,0,1564,0
512,4.35220,0.33390,3.17440,0.82650,0.01670,0,0,0,1582,4,0,612,569,0,1563,0
513,4.35840,0.38310,3.00920,0.93480,0.03040,0,0,0,1582,4,0,615,570,0,1573,0
514,4.46620,0.35060,3.13370,0.95520,0.02610,0,0,0,1582,4,0,616,575,0,1558,0
515,3.89620,0.39340,2.60650,0.86470,0.03100,0,0,0,1582,4,0,621,577,0,1560,0
516,4.35410,0.34520,3.18030,0.81000,0.01800,0,0,0,1582,4,0,623,578,0,1549,0
517,4.48590,0.33740,3.17290,0.94850,0.02630,0,0,0,1582,4,0,628,588,0,1538,0
518,3.98280,0.32100,2.73510,0.89470,0.03130,0,0,0,1582,4,0,631,587,0,1528,0
519,3.78640,0.35310,2.61880,0.79210,0.02170,0,0,0,1582,4,0,633,591,0,1535,0
520,4.31760,0.83320,2.67400,0.78840,0.02140,14,0,0,1584,4,0,635,595,0,1548,0
521,3.76350,0.33420,2.64390,0.76360,0.02110,0,0,0,1584,4,0,637,597,0,1552,0
522,3.97200,0.33700,2.71060,0.90000,0.02360,0,0,0,1584,4,0,643,600,0,1553,0
523,3.67260,0.32410,2.58620,0.74200,0.01960,0,0,0,1584,4,0,646,605,0,1543,0
524,3.78620,0.31090,2.59490,0.85610,0.02350,0,0,0,1584,4,0,648,604,0,1550,0
525,3.89580,0.53720,2.54120,0.79350,0.02310,3,0,0,1585,4,0,650,606,0,1555,0
526,5.57580,2.18730,2.64320,0.72170,0.02290,0,0,0,1585,4,0,654,612,0,1569,0
527,3.65470,0.31530,2.54810,0.76500,0.02560,0,0,0,1585,4,0,657,615,0,1580,0
528,5.09570,0.30560,4.01160,0.75290,0.02480,0,0,0,1585,4,0,662,617,0,1570,0
529,3.84830,0.31290,2.70790,0.80040,0.02610,0,0,0,1585,4,0,665,619,0,1552,0
530,3.53910,0.27530,2.42080,0.81610,0.02600,0,0,0,1585,4,0,668,624,0,1570,0
531,3.60410,0.30310,2.48220,0.79620,0.02200,0,0,0,1585,4,0,671,626,0,1568,0
532,3.56950,0.31050,2.46780,0.76690,0.02360,0,0,0,1585,4,0,676,630,0,1573,0
533,3.54210,0.29860,2.44090,0.77760,0.02430,0,0,0,1585,4,0,681,631,0,1571,0
534,3.52340,0.30430,2.42670,0.76850,0.02300,0,0,0,1585,4,0,684,637,0,1574,0
535,4.07910,0.79590,2.43340,0.81680,0.03230,14,0,0,1587,4,0,686,642,0,1581,0
536,3.74380,0.30290,2.62930,0.78660,0.02420,0,0,0,1587,4,0,688,642,0,1588,0
537,3.70370,0.30440,2.59080,0.77300,0.03450,0,0,0,1587,4,0,691,645,0,1596,0
538,3.58480,0.31430,2.41200,0.83780,0.01990,0,0,0,1587,4,0,694,646,0,1599,0
539,4.10720,0.29840,2.84920,0.92940,0.02900,0,0,0,1587,4,0,700,656,0,1602,0
540,5.32390,0.53500,3.99540,0.77100,0.02200,3,0,0,1588,4,0,704,662,0,1585,0
541,6.80660,2.16530,3.70630,0.90580,0.02720,0,0,0,1588,4,0,707,662,0,1594,0
542,4.23850,0.28010,3.13420,0.80600,0.01730,0,0,0,1588,4,0,715,673,0,1604,0
543,4.37170,0.27800,3.20440,0.84750,0.04090,0,0,0,1588,4,0,720,674,0,1602,0
544,4.30300,0.34520,3.14610,0.79480,0.01610,0,0,0,1588,4,0,724,680,0,1605,0
545,4.28950,0.30710,3.12850,0.83140,0.02170,0,0,0,1588,4,0,731,691,0,1598,0
546,4.56830,0.29080,3.49700,0.76280,0.01670,0,0,0,1588,4,0,735,696,0,1601,0
547,4.31160,0.29980,3.08580,0.90290,0.02240,0,0,0,1588,4,0,735,696,0,1602,0
548,4.12320,0.28820,3.01160,0.80680,0.01620,0,0,0,1588,4,0,735,698,0,1604,0
549,4.15410,0.30380,3.02560,0.80820,0.01600,0,0,0,1588,4,0,738,701,0,1596,0
550,4.36500,0.54010,2.99440,0.81090,0.01880,6,0,0,1589,4,0,741,700,0,1587,0
551,5.35500,0.32170,3.92510,1.08430,0.02270,0,0,0,1589,4,0,743,706,0,1594,0
552,4.00400,0.30100,2.81410,0.85640,0.03160,0,0,0,1589,4,0,748,713,0,1594,0
553,4.17420,0.32750,3.01980,0.80820,0.01710,0,0,0,1589,4,0,749,717,0,1595,0
554,3.87180,0.31120,2.73060,0.80830,0.02100,0,0,0,1589,4,0,751,720,0,1599,0
555,4.24630,0.53280,2.88530,0.80400,0.02360,1,0,0,1590,4,0,753,719,0,1597,0
556,5.85940,1.91900,3.05620,0.85940,0.02390,0,0,0,1590,4,0,759,727,0,1598,0
557,4.98920,0.28580,3.92950,0.75390,0.01920,0,0,0,1590,4,0,761,729,0,1581,0
558,3.74020,0.27750,2.63700,0.80630,0.01870,0,0,0,1590,4,0,763,728,0,1580,0
559,3.98580,0.28650,2.89580,0.78420,0.01880,0,0,0,1590,4,0,764,733,0,1585,0
560,3.96460,0.28650,2.88910,0.76780,0.02060,0,0,0,1590,4,0,768,738,0,1584,0
561,4.13400,0.29500,3.04400,0.77550,0.01880,0,0,0,1590,4,0,769,735,0,1576,0
562,3.64060,0.26880,2.65480,0.69550,0.02080,0,0,0,1590,4,0,771,737,0,1569,0
563,3.64020,0.29470,2.58400,0.73770,0.02280,0,0,0,1590,4,0,774,742,0,1575,0
564,3.56660,0.30160,2.51320,0.73230,0.01850,0,0,0,1590,4,0,779,747,0,1551,0
565,3.84230,0.54350,2.44010,0.82680,0.03080,6,0,0,1591,4,0,784,750,0,1548,0
566,3.56440,0.29630,2.47090,0.77540,0.02120,0,0,0,1591,4,0,786,752,0,1541,0
567,3.74340,0.27960,2.68910,0.75010,0.02350,0,0,0,1591,4,0,787,752,0,1549,0
568,3.73790,0.29260,2.66830,0.75610,0.02010,0,0,0,1591,4,0,789,754,0,1548,0
569,3.60380,0.31210,2.49830,0.74550,0.04700,0,0,0,1591,4,0,791,761,0,1564,0
570,4.13120,0.54780,2.72630,0.83100,0.02530,4,0,0,1591,5,0,794,763,0,1554,0
571,7.01390,2.19920,3.98110,0.80530,0.02640,0,0,0,1591,5,0,799,770,0,1551,0
572,6.46510,0.24440,5.28540,0.91400,0.02050,0,0,0,1591,5,0,801,769,0,1554,0
573,6.50520,0.28260,5.34050,0.86630,0.01510,0,0,0,1591,5,0,804,773,0,1557,0
574,5.52730,0.25220,4.35490,0.90010,0.01950,0,0,0,1591,5,0,808,779,0,1554,0
575,4.74500,0.35830,3.58730,0.77620,0.02240,0,0,0,1591,5,0,810,779,0,1555,0
576,5.02830,0.26610,3.93790,0.80610,0.01760,0,0,0,1591,5,0,812,777,0,1561,0
577,5.06300,0.26490,3.87780,0.88920,0.03060,0,0,0,1591,5,0,813,779,0,1558,0
578,4.84140,0.26120,3.69670,0.86300,0.01980,0,0,0,1591,5,0,818,785,0,1568,0
579,4.69800,0.26610,3.55720,0.84750,0.02660,0,0,0,1591,5,0,822,791,0,1570,0
580,5.33380,0.50060,4.01870,0.79590,0.01770,6,0,0,1592,5,0,827,797,0,1571,0
581,4.27150,0.28320,3.20420,0.76780,0.01560,0,0,0,1592,5,0,829,798,0,1571,0
582,4.60230,0.25970,3.52310,0.80170,0.01720,0,0,0,1592,5,0,831,800,0,1565,0
583,4.23470,0.27290,3.10750,0.82760,0.02590,0,0,0,1592,5,0,834,803,0,1566,0
584,4.48230,0.23730,3.42170,0.80410,0.01820,0,0,0,1592,5,0,836,810,0,1562,0
585,4.57700,0.49940,3.20190,0.76430,0.11040,6,0,0,1593,5,0,840,813,0,1568,0
586,7.37250,1.98650,4.52030,0.84280,0.02210,0,0,0,1593,5,0,841,813,0,1567,0
587,4.11910,0.26200,3.05480,0.78460,0.01690,0,0,0,1593,5,0,842,816,0,1563,0
588,4.13600,0.23410,3.10260,0.77590,0.02260,0,0,0,1593,5,0,844,815,0,1572,0
589,4.15800,0.26620,3.07120,0.79920,0.02070,0,0,0,1593,5,0,846,819,0,1564,0
590,4.82360,0.27440,3.76420,0.76200,0.02230,0,0,0,1593,5,0,849,822,0,1551,0
591,3.74440,0.26500,2.71300,0.74390,0.02170,0,0,0,1593,5,0,852,825,0,1549,0
592,4.11900,0.26510,3.02640,0.80710,0.01960,0,0,0,1593,5,0,855,829,0,1556,0
593,4.62510,0.21760,3.59030,0.79760,0.01890,0,0,0,1593,5,0,855,830,0,1563,0
594,4.11730,0.30830,3.02170,0.76800,0.01840,0,0,0,1593,5,0,857,832,0,1562,0
595,3.97880,0.49220,2.70960,0.75670,0.01960,6,0,0,1594,5,0,858,832,0,1557,0
596,4.01970,0.24370,2.95900,0.79550,0.02070,0,0,0,1594,5,0,859,830,0,1557,0
597,3.78250,0.28560,2.62670,0.81160,0.05790,0,0,0,1594,5,0,863,837,0,1548,0
598,3.62390,0.25000,2.57540,0.76130,0.03650,0,0,0,1594,5,0,866,841,0,1548,0
599,3.60380,0.25520,2.58880,0.73890,0.01980,0,0,0,1594,5,0,867,839,0,1548,0
600,3.71540,0.25450,2.66170,0.76910,0.02930,0,0,0,1594,5,0,870,844,0,1552,0
601,5.49430,1.93820,2.76620,0.76220,0.02600,0,0,0,1594,5,0,870,845,0,1550,0
602,3.62200,0.24470,2.63830,0.72150,0.01630,0,0,0,1594,5,0,875,849,0,1552,0
603,3.86330,0.25300,2.84410,0.74430,0.02110,0,0,0,1594,5,0,878,853,0,1557,0
604,3.66640,0.26170,2.63850,0.72180,0.04350,0,0,0,1594,5,0,879,854,0,1553,0
605,3.64760,0.26340,2.63210,0.72880,0.02260,0,0,0,1594,5,0,880,856,0,1557,0
606,3.69370,0.24070,2.72900,0.70440,0.01880,0,0,0,1594,5,0,880,859,0,1552,0
607,3.60150,0.24170,2.59440,0.74480,0.01980,0,0,0,1594,5,0,880,855,0,1557,0
608,3.83060,0.25770,2.75260,0.77400,0.04550,0,0,0,1594,5,0,883,861,0,1560,0
609,3.71240,0.26230,2.66230,0.71820,0.06860,0,0,0,1594,5,0,886,864,0,1559,0
610,3.83410,0.52330,2.53720,0.74870,0.02390,5,0,0,1595,5,0,889,866,0,1564,0
611,3.45170,0.24980,2.43120,0.74470,0.02520,0,0,0,1595,5,0,890,868,0,1561,0
612,3.47630,0.26140,2.42810,0.76060,0.02540,0,0,0,1595,5,0,891,873,0,1568,0
613,3.49320,0.27090,2.45930,0.73300,0.02940,0,0,0,1595,5,0,893,875,0,1567,0
614,3.62450,0.24810,2.45460,0.89420,0.02670,0,0,0,1595,5,0,897,877,0,1564,0
615,3.51100,0.24220,2.44710,0.79980,0.02150,0,0,0,1595,5,0,898,874,0,1559,0
616,5.40500,1.97490,2.66680,0.72480,0.03720,0,0,0,1595,5,0,899,878,0,1564,0
617,3.90990,0.49550,2.64900,0.73660,0.02810,3,0,0,1596,5,0,899,875,0,1571,0
618,3.89190,0.27130,2.83440,0.76110,0.02420,0,0,0,1596,5,0,901,878,0,1573,0
619,3.43530,0.26160,2.35620,0.79070,0.02600,0,0,0,1596,5,0,901,880,0,1575,0
620,3.33090,0.27320,2.26600,0.76640,0.02450,0,0,0,1596,5,0,901,877,0,1573,0
621,3.26160,0.27110,2.24390,0.72080,0.02480,0,0,0,1596,5,0,902,881,0,1579,0
622,4.12530,0.25530,2.99960,0.84620,0.02340,0,0,0,1596,5,0,906,883,0,1574,0
623,3.27490,0.28480,2.21120,0.75480,0.02280,0,0,0,1596,5,0,906,885,0,1579,0
624,3.34660,0.22990,2.32340,0.77120,0.02130,0,0,0,1596,5,0,909,891,0,1582,0
625,3.23590,0.26660,2.20870,0.73590,0.02360,0,0,0,1596,5,0,911,893,0,1593,0
626,3.51270,0.24720,2.48070,0.76000,0.02400,0,0,0,1596,5,0,912,894,0,1589,0
627,3.44190,0.22250,2.32770,0.86200,0.02880,0,0,0,1596,5,0,913,892,0,1589,0
628,3.59910,0.23790,2.51570,0.79120,0.05360,0,0,0,1596,5,0,916,895,0,1592,0
629,3.28130,0.24970,2.25940,0.74790,0.02330,0,0,0,1596,5,0,916,898,0,1591,0
630,3.24820,0.25980,2.23400,0.72270,0.03090,0,0,0,1596,5,0,917,899,0,1596,0
631,5.15300,1.90610,2.30530,0.91050,0.02920,0,0,0,1596,5,0,919,901,0,1591,0
632,3.32330,0.29600,2.25990,0.74560,0.02120,0,0,0,1596,5,0,922,907,0,1589,0
633,3.50670,0.26860,2.29570,0.89470,0.04710,0,0,0,1596,5,0,922,906,0,1590,0
634,3.15970,0.25370,2.14770,0.72950,0.02810,0,0,0,1596,5,0,923,904,0,1589,0
635,3.33650,0.27840,2.25370,0.77750,0.02620,0,0,0,1596,5,0,927,908,0,1596,0
636,3.20500,0.25450,2.21080,0.71200,0.02700,0,0,0,1596,5,0,929,909,0,1596,0
637,3.29230,0.27230,2.24810,0.74650,0.02480,0,0,0,1596,5,0,929,912,0,1603,0
638,3.21720,0.24070,2.22560,0.72820,0.02190,0,0,0,1596,5,0,931,914,0,1602,0
639,3.15770,0.24500,2.17920,0.70220,0.03040,0,0,0,1596,5,0,932,916,0,1605,0
640,3.28240,0.25950,2.26490,0.72710,0.03020,0,0,0,1596,5,0,934,917,0,1608,0
641,3.09440,0.25040,2.11250,0.69850,0.03230,0,0,0,1596,5,0,936,918,0,1612,0
642,3.21330,0.25240,2.13640,0.78920,0.03450,0,0,0,1596,5,0,937,920,0,1609,0
643,3.16950,0.25200,2.17190,0.71340,0.03150,0,0,0,1596,5,0,938,921,0,1608,0
644,3.38430,0.25190,2.29290,0.80950,0.02920,0,0,0,1596,5,0,940,923,0,1607,0
645,3.22360,0.24640,2.17610,0.76720,0.03310,0,0,0,1596,5,0,940,924,0,1599,0
646,5.18060,2.01740,2.34790,0.77880,0.03560,0,0,0,1596,5,0,942,927,0,1589,0
647,3.31940,0.24460,2.25150,0.79530,0.02720,0,0,0,1596,5,0,943,928,0,1594,0
648,3.26940,0.27840,2.22660,0.73110,0.03240,0,0,0,1596,5,0,944,928,0,1593,0
649,3.18460,0.24330,2.18860,0.71840,0.03320,0,0,0,1596,5,0,944,929,0,1602,0
650,3.37860,0.24940,2.23720,0.85960,0.03150,0,0,0,1596,5,0,945,930,0,1599,0
651,3.05210,0.22640,2.04780,0.75530,0.02180,0,0,0,1596,5,0,946,931,0,1596,0
652,3.43200,0.23810,2.26350,0.90160,0.02780,0,0,0,1596,5,0,946,930,0,1601,0
653,3.21520,0.22130,2.23390,0.72780,0.03160,0,0,0,1596,5,0,948,932,0,1602,0
654,3.39950,0.28530,2.29800,0.79120,0.02430,0,0,0,1596,5,0,949,934,0,1605,0
655,3.27890,0.24660,2.14690,0.85060,0.03410,0,0,0,1596,5,0,950,936,0,1606,0
656,3.17530,0.19780,2.23820,0.71400,0.02450,0,0,0,1596,5,0,953,939,0,1601,0
657,3.15960,0.23460,2.18220,0.70880,0.03330,0,0,0,1596,5,0,953,938,0,1601,0
658,3.15610,0.24000,2.17450,0.71510,0.02590,0,0,0,1596,5,0,954,939,0,1597,0
659,3.11670,0.22940,2.15540,0.70400,0.02710,0,0,0,1596,5,0,956,942,0,1593,0
660,3.15440,0.24550,2.18420,0.70120,0.02290,0,0,0,1596,5,0,957,945,0,1596,0
661,7.75220,1.95490,4.46620,1.28390,0.04600,0,0,0,1596,5,0,957,944,0,1598,0
662,5.02300,0.22720,3.97200,0.79920,0.02400,0,0,0,1596,5,0,957,943,0,1599,0
663,5.33500,0.22410,4.14830,0.93610,0.02590,0,0,0,1596,5,0,958,942,0,1600,0
664,5.19400,0.23630,3.91780,1.00410,0.03460,0,0,0,1596,5,0,960,948,0,1598,0
665,5.21990,0.21130,4.25590,0.73380,0.01830,0,0,0,1596,5,0,961,946,0,1595,0
666,5.66170,0.23590,4.49840,0.89890,0.02800,0,0,0,1596,5,0,964,946,0,1586,0
667,5.37460,0.21620,4.36690,0.76110,0.02980,0,0,0,1596,5,0,964,950,0,1584,0
668,4.12960,0.19650,3.09840,0.81010,0.02390,0,0,0,1596,5,0,964,948,0,1582,0
669,3.91260,0.22150,2.90720,0.75870,0.02460,0,0,0,1596,5,0,965,947,0,1586,0
670,3.72080,0.26000,2.70380,0.73730,0.01900,0,0,0,1596,5,0,966,947,0,1586,0
671,4.38590,0.24020,3.38790,0.73780,0.01940,0,0,0,1596,5,0,967,947,0,1591,0
672,3.72470,0.21370,2.76820,0.72150,0.02060,0,0,0,1596,5,0,968,952,0,1590,0
673,3.96950,0.30120,2.91380,0.73410,0.01960,0,0,0,1596,5,0,968,953,0,1589,0
674,3.61940,0.23530,2.56350,0.79870,0.02130,0,0,0,1596,5,0,969,955,0,1591,0
675,3.86080,0.28460,2.56690,0.98220,0.02660,0,0,0,1596,5,0,970,955,0,1591,0
676,5.36100,1.82820,2.78770,0.72490,0.01940,0,0,0,1596,5,0,971,956,0,1586,0
677,3.55410,0.24720,2.58970,0.69640,0.02020,0,0,0,1596,5,0,973,959,0,1586,0
678,3.58300,0.24050,2.60860,0.71360,0.01930,0,0,0,1596,5,0,973,960,0,1583,0
679,3.53230,0.20830,2.60700,0.69290,0.02360,0,0,0,1596,5,0,973,960,0,1584,0
680,3.66310,0.24880,2.62360,0.77220,0.01800,0,0,0,1596,5,0,974,960,0,1590,0
681,3.52070,0.23910,2.47910,0.77880,0.02310,0,0,0,1596,5,0,975,965,0,1590,0
682,5.19930,0.48630,3.97620,0.70390,0.03200,11,0,0,1597,5,0,976,966,0,1589,0
683,3.60900,0.25650,2.55520,0.77450,0.02220,0,0,0,1597,5,0,976,965,0,1589,0
684,3.44620,0.18690,2.49770,0.73650,0.02440,0,0,0,1597,5,0,976,966,0,1588,0
685,5.16670,0.24700,4.11920,0.77300,0.02670,0,0,0,1597,5,0,976,965,0,1588,0
686,3.55710,0.23810,2.54580,0.74530,0.02720,0,0,0,1597,5,0,977,967,0,1587,0
687,3.39480,0.20570,2.44580,0.71540,0.02730,0,0,0,1597,5,0,977,967,0,1590,0
688,3.70880,0.24660,2.69660,0.73670,0.02820,0,0,0,1597,5,0,979,968,0,1593,0
689,3.45970,0.23290,2.45710,0.74430,0.02480,0,0,0,1597,5,0,980,969,0,1594,0
690,3.50420,0.23190,2.53170,0.71780,0.02230,0,0,0,1597,5,0,980,970,0,1594,0
691,8.22370,2.06640,5.29710,0.83740,0.02150,0,0,0,1597,5,0,980,969,0,1594,0
692,6.29470,0.27290,5.21300,0.78860,0.01960,0,0,0,1597,5,0,980,971,0,1596,0
693,6.94650,0.22130,5.87650,0.82770,0.02040,0,0,0,1597,5,0,982,974,0,1597,0
694,5.03860,0.20160,4.00500,0.81280,0.01830,0,0,0,1597,5,0,982,974,0,1598,0
695,6.72020,0.19150,5.75880,0.74870,0.02050,0,0,0,1597,5,0,982,973,0,1596,0
696,5.30710,0.22280,4.24730,0.81630,0.01970,0,0,0,1597,5,0,982,972,0,1597,0
697,5.89860,0.45650,4.60470,0.81590,0.02050,11,0,0,1598,5,0,982,972,0,1598,0
698,4.47430,0.19160,3.51510,0.74290,0.02390,0,0,0,1598,5,0,982,972,0,1593,0
699,4.67000,0.18140,3.70280,0.76550,0.01980,0,0,0,1598,5,0,984,975,0,1583,0
700,4.47210,0.20150,3.41740,0.83360,0.01900,0,0,0,1598,5,0,986,978,0,1582,0
701,4.10090,0.20570,3.06320,0.81460,0.01680,0,0,0,1598,5,0,987,980,0,1585,0
702,5.15650,0.20690,4.10910,0.82170,0.01800,0,0,0,1598,5,0,989,981,0,1587,0
703,4.53580,0.17560,3.59760,0.74410,0.01790,0,0,0,1598,5,0,989,982,0,1585,0
704,3.85650,0.19120,2.90220,0.74400,0.01830,0,0,0,1598,5,0,990,983,0,1583,0
705,3.87860,0.22570,2.87060,0.76610,0.01550,0,0,0,1598,5,0,990,984,0,1581,0
706,5.66820,1.79410,3.03000,0.80310,0.04010,0,0,0,1598,5,0,991,985,0,1577,0
707,4.13450,0.29090,3.01670,0.80820,0.01790,0,0,0,1598,5,0,991,984,0,1579,0
708,4.09000,0.31880,2.92800,0.82540,0.01720,0,0,0,1598,5,0,991,985,0,1581,0
709,4.18030,0.22180,3.20770,0.72370,0.02630,0,0,0,1598,5,0,991,985,0,1578,0
710,3.49980,0.23030,2.56430,0.68770,0.01650,0,0,0,1598,5,0,991,984,0,1582,0
711,3.61680,0.27760,2.56490,0.74330,0.03020,0,0,0,1598,5,0,991,984,0,1581,0
712,3.89330,0.50900,2.57300,0.78920,0.02120,11,0,0,1599,5,0,992,987,0,1581,0
713,3.93290,0.19030,2.98850,0.73200,0.02120,0,0,0,1599,5,0,992,986,0,1584,0
714,3.65640,0.21890,2.67510,0.70900,0.05220,0,0,0,1599,5,0,994,989,0,1584,0
715,4.61000,0.18820,3.61570,0.78190,0.02310,0,0,0,1599,5,0,994,988,0,1585,0
716,3.68150,0.21820,2.71630,0.72270,0.02370,0,0,0,1599,5,0,997,992,0,1583,0
717,3.47890,0.19970,2.51380,0.73840,0.02660,0,0,0,1599,5,0,997,993,0,1585,0
718,3.59430,0.22930,2.62810,0.71460,0.02170,0,0,0,1599,5,0,997,994,0,1584,0
719,3.49310,0.18450,2.57380,0.71620,0.01790,0,0,0,1599,5,0,997,993,0,1584,0
720,4.23490,0.23310,3.22880,0.75430,0.01800,0,0,0,1599,5,0,998,993,0,1586,0
721,5.75390,1.92130,2.77100,1.03770,0.02260,0,0,0,1599,5,0,998,994,0,1586,0
722,3.65010,0.23690,2.64130,0.75110,0.02030,0,0,0,1599,5,0,999,993,0,1586,0
723,3.59110,0.19290,2.61030,0.76380,0.02350,0,0,0,1599,5,0,1000,996,0,1586,0
724,3.46910,0.18100,2.58450,0.68360,0.01940,0,0,0,1599,5,0,1000,995,0,1587,0
725,3.60580,0.17900,2.59870,0.80370,0.02360,0,0,0,1599,5,0,1001,996,0,1583,0
726,3.48550,0.22650,2.52000,0.71820,0.02020,0,0,0,1599,5,0,1001,996,0,1582,0
727,3.59630,0.25650,2.49230,0.82170,0.02510,0,0,0,1599,5,0,1001,998,0,1582,0
728,3.51580,0.25600,2.53830,0.69190,0.02900,0,0,0,1599,5,0,1001,997,0,1581,0
729,3.43600,0.19970,2.50330,0.70880,0.02340,0,0,0,1599,5,0,1001,998,0,1582,0
730,3.54200,0.18470,2.59210,0.74250,0.02220,0,0,0,1599,5,0,1001,996,0,1582,0
731,3.37140,0.24050,2.39780,0.70870,0.02400,0,0,0,1599,5,0,1001,996,0,1581,0
732,3.58340,0.28410,2.58590,0.69370,0.01900,0,0,0,1599,5,0,1001,996,0,1582,0
733,4.89040,0.23130,3.91710,0.71940,0.02190,0,0,0,1599,5,0,1001,999,0,1581,0
734,3.41730,0.23170,2.48390,0.67650,0.02460,0,0,0,1599,5,0,1001,997,0,1582,0
735,3.53260,0.18250,2.59160,0.73710,0.02080,0,0,0,1599,5,0,1002,998,0,1582,0
736,5.46110,1.86080,2.83530,0.74230,0.02220,0,0,0,1599,5,0,1002,997,0,1585,0
737,3.66140,0.23470,2.65540,0.74760,0.02310,0,0,0,1599,5,0,1002,998,0,1581,0
738,3.56010,0.21300,2.57910,0.74750,0.01960,0,0,0,1599,5,0,1003,999,0,1581,0
739,3.41050,0.24110,2.46040,0.68870,0.01960,0,0,0,1599,5,0,1003,999,0,1580,0
740,3.41690,0.16980,2.48890,0.73870,0.01880,0,0,0,1599,5,0,1004,999,0,1580,0
741,3.44450,0.19690,2.53900,0.68830,0.01940,0,0,0,1599,5,0,1005,1001,0,1578,0
742,3.39920,0.23560,2.37380,0.76850,0.02080,0,0,0,1599,5,0,1005,1001,0,1578,0
743,3.45340,0.17990,2.55710,0.69610,0.01970,0,0,0,1599,5,0,1006,1002,0,1574,0
744,3.39550,0.18050,2.51460,0.67990,0.01980,0,0,0,1599,5,0,1006,1002,0,1573,0
745,3.69560,0.19870,2.72420,0.74080,0.03130,0,0,0,1599,5,0,1006,1002,0,1572,0
746,3.38050,0.22620,2.37750,0.75280,0.02320,0,0,0,1599,5,0,1006,1002,0,1574,0
747,3.45990,0.22010,2.42110,0.79730,0.02090,0,0,0,1599,5,0,1006,1003,0,1575,0
748,3.66690,0.22290,2.62740,0.79210,0.02380,0,0,0,1599,5,0,1006,1003,0,1575,0
749,3.39480,0.24700,2.38430,0.74160,0.02110,0,0,0,1599,5,0,1007,1005,0,1574,0
750,3.46760,0.21690,2.41090,0.81200,0.02720,0,0,0,1599,5,0,1007,1005,0,1574,0
751,6.44960,2.01500,3.58380,0.82510,0.02430,0,0,0,1599,5,0,1007,1005,0,1575,0
752,4.44410,0.18410,3.47200,0.76850,0.01860,0,0,0,1599,5,0,1007,1004,0,1575,0
753,4.90990,0.19850,3.91600,0.77970,0.01490,0,0,0,1599,5,0,1007,1003,0,1578,0
754,4.44980,0.18380,3.43470,0.80720,0.02340,0,0,0,1599,5,0,1007,1003,0,1579,0
755,4.51270,0.18790,3.41640,0.83640,0.07140,0,0,0,1599,5,0,1007,1003,0,1584,0
756,3.96120,0.18010,2.97430,0.78480,0.02120,0,0,0,1599,5,0,1007,1004,0,1583,0
757,4.08690,0.19280,3.11710,0.75790,0.01850,0,0,0,1599,5,0,1007,1004,0,1581,0
758,5.08710,0.20160,4.10510,0.75730,0.02250,0,0,0,1599,5,0,1008,1005,0,1581,0
759,4.38230,0.19190,2.98200,1.18740,0.02020,0,0,0,1599,5,0,1008,1004,0,1581,0
760,3.99540,0.17820,3.03260,0.76530,0.01860,0,0,0,1599,5,0,1008,1004,0,1581,0
761,5.00850,0.19380,3.97260,0.82350,0.01800,0,0,0,1599,5,0,1009,1005,0,1581,0
762,3.54640,0.19580,2.55370,0.77570,0.02030,0,0,0,1599,5,0,1009,1005,0,1580,0
763,3.82320,0.17690,2.90660,0.72150,0.01740,0,0,0,1599,5,0,1009,1005,0,1579,0
764,3.96770,0.20240,2.94870,0.77470,0.04110,0,0,0,1599,5,0,1009,1006,0,1579,0
765,3.94240,0.21050,2.97200,0.73710,0.02200,0,0,0,1599,5,0,1009,1006,0,1580,0
766,6.39150,1.99200,3.46790,0.90780,0.02260,0,0,0,1599,5,0,1010,1007,0,1580,0
767,3.85620,0.19030,2.82020,0.81340,0.03110,0,0,0,1599,5,0,1010,1007,0,1581,0
768,5.27960,0.26380,3.98650,0.99920,0.02890,0,0,0,1599,5,0,1010,1007,0,1581,0
769,3.77140,0.19400,2.76860,0.78880,0.01920,0,0,0,1599,5,0,1010,1007,0,1582,0
770,4.19530,0.22960,3.07360,0.86870,0.02260,0,0,0,1599,5,0,1010,1007,0,1582,0
771,3.77870,0.23780,2.70530,0.79730,0.03670,0,0,0,1599,5,0,1010,1007,0,1585,0
772,4.06070,0.23610,3.06780,0.72870,0.02690,0,0,0,1599,5,0,1010,1007,0,1585,0
773,3.62220,0.21460,2.61530,0.76760,0.02340,0,0,0,1599,5,0,1010,1007,0,1584,0
774,3.57920,0.22960,2.55250,0.76320,0.03300,0,0,0,1599,5,0,1010,1007,0,1584,0
775,3.51090,0.22620,2.48280,0.77710,0.02390,0,0,0,1599,5,0,1010,1007,0,1585,0
776,3.50820,0.19690,2.55510,0.73150,0.02370,0,0,0,1599,5,0,1010,1007,0,1585,0
777,3.70710,0.19130,2.74510,0.74610,0.02340,0,0,0,1599,5,0,1010,1007,0,1586,0
778,4.98400,0.19760,3.97950,0.78190,0.02370,0,0,0,1599,5,0,1010,1008,0,1586,0
779,4.28460,0.23070,3.27110,0.75990,0.02230,0,0,0,1599,5,0,1010,1008,0,1588,0
780,3.99510,0.20760,3.00800,0.73350,0.04540,0,0,0,1599,5,0,1010,1008,0,1590,0
781,6.46400,1.96670,3.67390,0.80070,0.02080,0,0,0,1599,5,0,1010,1008,0,1588,0
782,4.72060,0.21340,3.73960,0.73510,0.03180,0,0,0,1599,5,0,1010,1008,0,1584,0
783,3.63410,0.20310,2.66730,0.74010,0.02320,0,0,0,1599,5,0,1010,1009,0,1581,0
784,4.00080,0.18080,2.92860,0.86520,0.02550,0,0,0,1599,5,0,1010,1009,0,1581,0
785,3.49890,0.22240,2.54920,0.70790,0.01870,0,0,0,1599,5,0,1010,1009,0,1581,0
786,3.58610,0.17730,2.61050,0.77310,0.02450,0,0,0,1599,5,0,1010,1009,0,1581,0
787,3.61250,0.21980,2.65690,0.70860,0.02660,0,0,0,1599,5,0,1010,1009,0,1581,0
788,3.85350,0.16520,2.80470,0.85660,0.02620,0,0,0,1599,5,0,1011,1010,0,1582,0
789,3.44950,0.20690,2.51710,0.70470,0.02010,0,0,0,1599,5,0,1011,1010,0,1581,0
790,3.60550,0.17350,2.57990,0.82720,0.02420,0,0,0,1599,5,0,1011,1010,0,1583,0
791,3.37870,0.16950,2.46160,0.72070,0.02630,0,0,0,1599,5,0,1011,1010,0,1580,0
792,3.43020,0.18140,2.52290,0.70170,0.02330,0,0,0,1599,5,0,1011,1011,0,1583,0
793,3.43450,0.21580,2.48340,0.71440,0.02020,0,0,0,1599,5,0,1011,1011,0,1583,0
794,3.49950,0.18830,2.59100,0.69950,0.02020,0,0,0,1599,5,0,1012,1012,0,1582,0
795,3.53110,0.18600,2.60560,0.70110,0.03740,0,0,0,1599,5,0,1012,1012,0,1582,0
796,5.68590,1.85520,3.09250,0.71650,0.02100,0,0,0,1599,5,0,1012,1012,0,1582,0
797,3.46050,0.19650,2.53300,0.70860,0.02180,0,0,0,1599,5,0,1012,1012,0,1582,0
798,3.40750,0.19780,2.43670,0.74780,0.02460,0,0,0,1599,5,0,1012,1012,0,1583,0
799,3.46840,0.19580,2.52740,0.72340,0.02130,0,0,0,1599,5,0,1012,1012,0,1581,0
800,4.78120,0.20550,3.82340,0.72980,0.02180,0,0,0,1599,5,0,1012,1012,0,1581,0
801,4.04680,0.21860,3.08400,0.72010,0.02350,0,0,0,1599,5,0,1012,1012,0,1581,0
802,4.24320,0.19650,3.26710,0.75420,0.02480,0,0,0,1599,5,0,1012,1012,0,1581,0
803,3.64820,0.21710,2.65980,0.74460,0.02620,0,0,0,1599,5,0,1012,1012,0,1581,0
804,3.20540,0.18140,2.19180,0.69730,0.13410,0,0,0,1599,5,0,1012,1012,0,1581,0
805,3.42560,0.19590,2.45620,0.75050,0.02250,0,0,0,1599,5,0,1012,1012,0,1581,0
806,3.25830,0.21150,2.32160,0.69220,0.03230,0,0,0,1599,5,0,1012,1012,0,1580,0
807,3.27810,0.20710,2.33940,0.70720,0.02370,0,0,0,1599,5,0,1012,1012,0,1580,0
808,3.24360,0.21030,2.32110,0.68970,0.02190,0,0,0,1599,5,0,1012,1012,0,1580,0
809,3.23240,0.20560,2.30550,0.69680,0.02370,0,0,0,1599,5,0,1012,1012,0,1579,0
810,3.22220,0.20780,2.27750,0.71340,0.02300,0,0,0,1599,5,0,1012,1012,0,1582,0
811,4.86600,1.85540,2.25810,0.72610,0.02450,0,0,0,1599,5,0,1013,1013,0,1579,0
812,3.22300,0.31260,2.21590,0.66720,0.02660,0,0,0,1599,5,0,1013,1013,0,1579,0
813,3.33230,0.21590,2.37250,0.71850,0.02470,0,0,0,1599,5,0,1013,1013,0,1579,0
814,3.14520,0.20440,2.17850,0.73260,0.02900,0,0,0,1599,5,0,1013,1013,0,1580,0
815,3.18750,0.20740,2.25280,0.70410,0.02260,0,0,0,1599,5,0,1013,1013,0,1580,0
816,3.14460,0.17810,2.21900,0.71570,0.03110,0,0,0,1599,5,0,1013,1013,0,1577,0
817,3.21790,0.21330,2.23500,0.74630,0.02260,0,0,0,1599,5,0,1013,1013,0,1577,0
818,3.34940,0.19290,2.32600,0.79960,0.03020,0,0,0,1599,5,0,1013,1013,0,1577,0
819,3.22300,0.21170,2.16460,0.81870,0.02750,0,0,0,1599,5,0,1013,1013,0,1578,0
820,3.18490,0.19020,2.23250,0.73200,0.02940,0,0,0,1599,5,0,1013,1013,0,1579,0
821,3.24800,0.21460,2.22110,0.77980,0.03170,0,0,0,1599,5,0,1013,1013,0,1580,0
822,3.19290,0.23360,2.18690,0.74200,0.02950,0,0,0,1599,5,0,1013,1013,0,1580,0
823,3.23250,0.24310,2.24150,0.71480,0.03240,0,0,0,1599,5,0,1013,1013,0,1580,0
824,3.30630,0.23130,2.21950,0.82990,0.02480,0,0,0,1599,5,0,1013,1013,0,1580,0
825,3.17350,0.24840,2.16950,0.72550,0.02920,0,0,0,1599,5,0,1014,1014,0,1580,0
826,5.14450,1.94700,2.31790,0.84930,0.02960,0,0,0,1599,5,0,1014,1014,0,1583,0
827,3.21560,0.24100,2.17360,0.77130,0.02910,0,0,0,1599,5,0,1014,1014,0,1582,0
828,3.24560,0.22620,2.24840,0.74640,0.02390,0,0,0,1599,5,0,1014,1014,0,1582,0
829,3.31330,0.25270,2.19650,0.83550,0.02790,0,0,0,1599,5,0,1014,1014,0,1581,0
830,3.18920,0.22290,2.25890,0.68420,0.02260,0,0,0,1599,5,0,1016,1016,0,1581,0
831,3.06230,0.18400,2.15450,0.70160,0.02160,0,0,0,1599,5,0,1016,1016,0,1580,0
832,3.29400,0.22000,2.20030,0.84600,0.02700,0,0,0,1599,5,0,1016,1016,0,1581,0
833,3.05110,0.17730,2.13890,0.70750,0.02670,0,0,0,1599,5,0,1016,1016,0,1583,0
834,3.21850,0.23320,2.19730,0.75930,0.02790,0,0,0,1599,5,0,1016,1016,0,1581,0
835,3.43700,0.21030,2.41330,0.78250,0.02990,0,0,0,1599,5,0,1016,1015,0,1584,0
836,3.26620,0.23570,2.29170,0.71540,0.02280,0,0,0,1599,5,0,1016,1016,0,1584,0
837,3.10610,0.20240,2.11180,0.76480,0.02650,0,0,0,1599,5,0,1016,1015,0,1585,0
838,3.05110,0.20530,2.07090,0.74910,0.02500,0,0,0,1599,5,0,1016,1015,0,1585,0
839,3.13830,0.22940,2.11840,0.76780,0.02190,0,0,0,1599,5,0,1016,1016,0,1585,0
840,3.18340,0.23400,2.18400,0.74180,0.02300,0,0,0,1599,5,0,1016,1015,0,1585,0
841,6.76910,2.04250,3.87830,0.82230,0.02480,0,0,0,1599,5,0,1016,1015,0,1585,0
842,5.11490,0.17610,4.11860,0.79800,0.02160,0,0,0,1599,5,0,1016,1015,0,1587,0
843,5.54840,0.17240,4.56260,0.79540,0.01730,0,0,0,1599,5,0,1016,1015,0,1587,0
844,4.86460,0.15860,3.96250,0.72470,0.01800,0,0,0,1599,5,0,1016,1014,0,1586,0
845,4.10900,0.32930,3.01020,0.75240,0.01630,0,0,0,1599,5,0,1016,1014,0,1587,0
846,4.49350,0.17300,3.46970,0.82840,0.02170,0,0,0,1599,5,0,1016,1014,0,1586,0
847,4.51370,0.18200,3.39640,0.90180,0.03280,0,0,0,1599,5,0,1016,1015,0,1583,0
848,4.33570,0.18130,3.38510,0.75300,0.01580,0,0,0,1599,5,0,1017,1015,0,1583,0
849,4.41440,0.17030,3.01940,1.19710,0.02680,0,0,0,1599,5,0,1017,1015,0,1583,0
850,4.35290,0.18100,3.06890,1.06170,0.04070,0,0,0,1599,5,0,1017,1016,0,1584,0
851,3.81060,0.18590,2.84190,0.76440,0.01770,0,0,0,1599,5,0,1017,1015,0,1584,0
852,3.80990,0.16890,2.88560,0.72900,0.02590,0,0,0,1599,5,0,1017,1015,0,1584,0
853,3.55690,0.22720,2.60610,0.70160,0.02120,0,0,0,1599,5,0,1017,1015,0,1584,0
854,3.65830,0.16870,2.71540,0.75280,0.02070,0,0,0,1599,5,0,1018,1016,0,1589,0
855,3.74280,0.18130,2.80470,0.73800,0.01810,0,0,0,1599,5,0,1018,1016,0,1587,0
856,5.39680,1.78440,2.86410,0.72960,0.01800,0,0,0,1599,5,0,1018,1016,0,1587,0
857,3.66450,0.16550,2.74140,0.73840,0.01820,0,0,0,1599,5,0,1018,1016,0,1587,0
858,3.60380,0.19070,2.66950,0.72100,0.02190,0,0,0,1599,5,0,1018,1016,0,1587,0
859,3.66890,0.20300,2.71170,0.73090,0.02270,0,0,0,1599,5,0,1018,1016,0,1587,0
860,3.56700,0.20090,2.55050,0.79050,0.02430,0,0,0,1599,5,0,1018,1016,0,1586,0
861,5.30200,0.17140,4.02690,0.93930,0.16350,0,0,0,1599,5,0,1018,1016,0,1585,0
862,3.55970,0.24800,2.60070,0.69080,0.01960,0,0,0,1599,5,0,1018,1016,0,1585,0
863,3.44360,0.18330,2.54040,0.69630,0.02300,0,0,0,1599,5,0,1018,1017,0,1587,0
864,3.34300,0.18150,2.45950,0.67900,0.02220,0,0,0,1599,5,0,1018,1017,0,1587,0
865,4.91900,0.18090,3.97990,0.73700,0.02050,0,0,0,1599,5,0,1018,1017,0,1587,0
866,3.41400,0.23790,2.44160,0.70680,0.02710,0,0,0,1599,5,0,1018,1016,0,1587,0
867,3.49310,0.19100,2.57410,0.70880,0.01840,0,0,0,1599,5,0,1018,1016,0,1587,0
868,3.42080,0.19630,2.50910,0.69520,0.01950,0,0,0,1599,5,0,1018,1016,0,1587,0
869,3.37810,0.20170,2.36100,0.74210,0.07270,0,0,0,1599,5,0,1018,1016,0,1587,0
870,3.52950,0.22760,2.56030,0.72070,0.02050,0,0,0,1599,5,0,1018,1016,0,1582,0
871,6.50360,2.15100,3.56100,0.77030,0.02000,0,0,0,1599,5,0,1018,1016,0,1581,0
872,4.66450,0.20130,3.68020,0.76670,0.01570,0,0,0,1599,5,0,1019,1017,0,1579,0
873,4.87030,0.17190,3.92950,0.75280,0.01550,0,0,0,1599,5,0,1019,1017,0,1579,0
874,4.38200,0.18310,2.98180,1.19080,0.02560,0,0,0,1599,5,0,1019,1017,0,1576,0
875,4.05480,0.19600,3.04760,0.78500,0.02550,0,0,0,1599,5,0,1019,1017,0,1576,0
876,3.84240,0.16610,2.92540,0.73540,0.01500,0,0,0,1599,5,0,1019,1017,0,1576,0
877,4.41760,0.16250,3.51180,0.72650,0.01640,0,0,0,1599,5,0,1019,1017,0,1574,0
878,4.45750,0.18660,3.01630,1.22850,0.02550,0,0,0,1599,5,0,1019,1017,0,1574,0
879,4.16790,0.21440,3.01250,0.92160,0.01890,0,0,0,1599,5,0,1019,1017,0,1574,0
880,3.85620,0.18590,2.92520,0.72900,0.01550,0,0,0,1599,5,0,1019,1017,0,1577,0
881,3.92150,0.17950,2.97550,0.74480,0.02100,0,0,0,1599,5,0,1020,1018,0,1577,0
882,4.01600,0.18160,2.98260,0.83090,0.02020,0,0,0,1599,5,0,1020,1018,0,1577,0
883,3.87840,0.19570,2.77280,0.80680,0.10250,0,0,0,1599,5,0,1020,1018,0,1577,0
884,3.96800,0.23620,2.94880,0.76280,0.01950,0,0,0,1599,5,0,1020,1018,0,1577,0
885,3.91940,0.20810,2.93730,0.75440,0.01900,0,0,0,1599,5,0,1020,1019,0,1577,0
886,5.49660,1.82580,2.93200,0.71960,0.01860,0,0,0,1599,5,0,1020,1019,0,1576,0
887,3.75990,0.18580,2.83260,0.72490,0.01590,0,0,0,1599,5,0,1020,1019,0,1577,0
888,4.13550,0.17950,3.22400,0.71300,0.01810,0,0,0,1599,5,0,1020,1019,0,1577,0
889,3.69400,0.19140,2.73680,0.74550,0.01980,0,0,0,1599,5,0,1020,1019,0,1577,0
890,4.93290,0.18040,3.99610,0.73340,0.02260,0,0,0,1599,5,0,1020,1019,0,1577,0
891,3.64700,0.17600,2.66930,0.77480,0.02620,0,0,0,1599,5,0,1020,1019,0,1577,0
892,4.12630,0.21940,3.15660,0.72640,0.02340,0,0,0,1599,5,0,1020,1019,0,1577,0
893,3.47710,0.22110,2.51170,0.72680,0.01690,0,0,0,1599,5,0,1020,1019,0,1577,0
894,3.49460,0.17970,2.53570,0.75890,0.01960,0,0,0,1599,5,0,1020,1020,0,1577,0
895,3.47360,0.18430,2.55840,0.70490,0.02530,0,0,0,1599,5,0,1022,1022,0,1574,0
896,3.68150,0.21190,2.66280,0.78500,0.02120,0,0,0,1599,5,0,1022,1022,0,1574,0
897,3.42970,0.18230,2.52520,0.70220,0.01960,0,0,0,1599,5,0,1022,1022,0,1574,0
898,3.54860,0.20870,2.57410,0.74700,0.01790,0,0,0,1599,5,0,1022,1022,0,1574,0
899,3.65860,0.21350,2.56000,0.86200,0.02240,0,0,0,1599,5,0,1022,1022,0,1574,0
900,3.52260,0.21420,2.51870,0.76950,0.01930,0,0,0,1599,5,0,1022,1022,0,1574,0
901,5.03720,1.87660,2.40820,0.72020,0.03050,0,0,0,1599,5,0,1022,1022,0,1574,0
902,3.34190,0.18030,2.41640,0.71990,0.02470,0,0,0,1599,5,0,1023,1023,0,1574,0
903,3.37630,0.22590,2.40860,0.71660,0.02450,0,0,0,1599,5,0,1023,1023,0,1574,0
904,3.29580,0.21620,2.31340,0.74100,0.02460,0,0,0,1599,5,0,1023,1023,0,1570,0
905,3.47580,0.22550,2.37520,0.83260,0.04170,0,0,0,1599,5,0,1023,1023,0,1570,0
906,3.31170,0.20100,2.34470,0.74570,0.01970,0,0,0,1599,5,0,1023,1023,0,1570,0
907,3.23350,0.19050,2.29560,0.71440,0.03230,0,0,0,1599,5,0,1023,1023,0,1570,0
908,3.49700,0.21210,2.54380,0.71430,0.02610,0,0,0,1599,5,0,1023,1023,0,1570,0
909,3.23260,0.21530,2.29970,0.69270,0.02450,0,0,0,1599,5,0,1023,1023,0,1570,0
910,3.35180,0.23120,2.37450,0.72120,0.02410,0,0,0,1599,5,0,1023,1023,0,1570,0
911,3.22680,0.21590,2.27220,0.71620,0.02190,0,0,0,1599,5,0,1023,1023,0,1570,0
912,3.35590,0.22450,2.24410,0.78050,0.10590,0,0,0,1599,5,0,1023,1023,0,1570,0
913,3.32460,0.23850,2.26930,0.78840,0.02780,0,0,0,1599,5,0,1023,1023,0,1570,0
914,3.14840,0.23230,2.18820,0.70050,0.02680,0,0,0,1599,5,0,1023,1023,0,1570,0
915,3.37980,0.19610,2.30680,0.84970,0.02660,0,0,0,1599,5,0,1023,1023,0,1570,0
916,5.01770,1.96800,2.31080,0.70930,0.02890,0,0,0,1599,5,0,1023,1023,0,1570,0
917,3.41230,0.23020,2.44060,0.71600,0.02480,0,0,0,1599,5,0,1023,1023,0,1570,0
918,3.35460,0.22250,2.25630,0.83420,0.04100,0,0,0,1599,5,0,1023,1023,0,1570,0
919,3.33610,0.20810,2.32680,0.69980,0.10070,0,0,0,1599,5,0,1023,1023,0,1570,0
920,3.29640,0.22360,2.34710,0.70160,0.02340,0,0,0,1599,5,0,1023,1023,0,1570,0
921,3.22860,0.21790,2.26640,0.71580,0.02780,0,0,0,1599,5,0,1023,1023,0,1570,0
922,3.20920,0.17850,2.27860,0.72600,0.02550,0,0,0,1599,5,0,1023,1023,0,1570,0
923,3.45280,0.23910,2.30050,0.88630,0.02630,0,0,0,1599,5,0,1023,1023,0,1570,0
924,3.25760,0.24310,2.26550,0.72520,0.02330,0,0,0,1599,5,0,1023,1023,0,1570,0
925,3.30380,0.23690,2.30710,0.73650,0.02280,0,0,0,1599,5,0,1023,1023,0,1568,0
926,3.34790,0.23760,2.34060,0.74350,0.02560,0,0,0,1599,5,0,1023,1023,0,1568,0
927,3.14070,0.21310,2.20430,0.70080,0.02190,0,0,0,1599,5,0,1023,1023,0,1568,0
928,3.26090,0.21800,2.24120,0.77770,0.02340,0,0,0,1599,5,0,1023,1023,0,1568,0
929,3.30630,0.20030,2.35650,0.72640,0.02240,0,0,0,1599,5,0,1023,1023,0,1568,0
930,3.17420,0.17860,2.26270,0.70660,0.02560,0,0,0,1599,5,0,1023,1023,0,1568,0
931,6.81530,1.99050,4.02330,0.77990,0.02050,0,0,0,1599,5,0,1023,1023,0,1568,0
932,5.98310,0.15880,5.04520,0.76390,0.01460,0,0,0,1599,5,0,1023,1023,0,1568,0
933,6.17080,0.15550,5.19360,0.80070,0.02030,0,0,0,1599,5,0,1023,1023,0,1568,0
934,4.66590,0.16720,3.75830,0.72010,0.01980,0,0,0,1599,5,0,1023,1023,0,1568,0
935,4.85020,0.16480,3.92000,0.74370,0.02100,0,0,0,1599,5,0,1023,1023,0,1568,0
936,4.49830,0.16020,3.53190,0.73940,0.06600,0,0,0,1599,5,0,1024,1024,0,1568,0
937,4.12050,0.21880,3.16740,0.71270,0.02110,0,0,0,1599,5,0,1024,1024,0,1568,0
938,4.24000,0.16270,3.34450,0.71300,0.01920,0,0,0,1599,5,0,1024,1024,0,1568,0
939,4.49740,0.18590,3.52020,0.74960,0.04090,0,0,0,1599,5,0,1024,1024,0,1568,0
940,3.56710,0.24360,2.60260,0.69770,0.02250,0,0,0,1599,5,0,1024,1024,0,1568,0
941,3.41240,0.18310,2.53240,0.67860,0.01780,0,0,0,1599,5,0,1024,1024,0,1568,0
942,3.71500,0.24570,2.74030,0.71200,0.01630,0,0,0,1599,5,0,1024,1024,0,1568,0
943,3.51400,0.19120,2.63180,0.67240,0.01800,0,0,0,1599,5,0,1024,1024,0,1568,0
944,3.51200,0.19360,2.54580,0.72550,0.04640,0,0,0,1599,5,0,1024,1024,0,1568,0
945,3.49820,0.23180,2.51480,0.72970,0.02120,0,0,0,1599,5,0,1024,1024,0,1568,0
946,5.43530,1.85500,2.80840,0.74870,0.02270,0,0,0,1599,5,0,1024,1024,0,1568,0
947,3.41690,0.18000,2.53790,0.67880,0.01950,0,0,0,1599,5,0,1024,1024,0,1568,0
948,3.51790,0.19080,2.59600,0.71190,0.01860,0,0,0,1599,5,0,1024,1024,0,1568,0
949,3.47680,0.16490,2.54260,0.74880,0.01960,0,0,0,1599,5,0,1024,1024,0,1568,0
950,4.97620,0.19120,4.02830,0.73220,0.02310,0,0,0,1599,5,0,1024,1024,0,1568,0
951,3.47570,0.22110,2.49560,0.72820,0.03010,0,0,0,1599,5,0,1024,1024,0,1568,0
952,3.46470,0.19280,2.54690,0.70550,0.01900,0,0,0,1599,5,0,1024,1024,0,1568,0
953,3.35780,0.18370,2.37710,0.72120,0.07490,0,0,0,1599,5,0,1024,1024,0,1568,0
954,3.36170,0.22710,2.38410,0.72750,0.02220,0,0,0,1599,5,0,1024,1024,0,1568,0
955,3.34010,0.22520,2.34480,0.74610,0.02350,0,0,0,1599,5,0,1024,1024,0,1568,0
956,3.55710,0.22200,2.42090,0.88670,0.02690,0,0,0,1599,5,0,1024,1024,0,1568,0
957,3.42360,0.20810,2.40870,0.78150,0.02470,0,0,0,1599,5,0,1024,1024,0,1568,0
958,3.38070,0.23450,2.40580,0.71500,0.02460,0,0,0,1599,5,0,1024,1024,0,1568,0
959,3.35880,0.24100,2.36160,0.73160,0.02390,0,0,0,1599,5,0,1024,1024,0,1568,0
960,3.31080,0.21090,2.35100,0.72680,0.02130,0,0,0,1599,5,0,1024,1024,0,1568,0
961,5.02780,1.84430,2.31050,0.83770,0.03390,0,0,0,1599,5,0,1024,1024,0,1568,0
962,3.34610,0.19420,2.27050,0.85450,0.02600,0,0,0,1599,5,0,1024,1024,0,1568,0
963,3.27410,0.21900,2.28970,0.74460,0.02010,0,0,0,1599,5,0,1024,1024,0,1568,0
964,3.43600,0.24200,2.45360,0.71340,0.02620,0,0,0,1599,5,0,1024,1024,0,1568,0
965,3.28280,0.20380,2.34070,0.71210,0.02560,0,0,0,1599,5,0,1024,1024,0,1568,0
966,3.36990,0.21240,2.23960,0.88200,0.03520,0,0,0,1599,5,0,1024,1024,0,1568,0
967,3.51470,0.22350,2.39080,0.86280,0.03710,0,0,0,1599,5,0,1024,1024,0,1568,0
968,3.36520,0.18070,2.29230,0.85870,0.03280,0,0,0,1599,5,0,1024,1024,0,1568,0
969,3.29260,0.20640,2.31880,0.73880,0.02810,0,0,0,1599,5,0,1024,1024,0,1568,0
970,3.31110,0.21650,2.29010,0.77500,0.02860,0,0,0,1599,5,0,1024,1024,0,1568,0
971,3.33500,0.21820,2.31320,0.76750,0.03520,0,0,0,1599,5,0,1024,1024,0,1568,0
972,3.42520,0.22580,2.28290,0.87960,0.03630,0,0,0,1599,5,0,1024,1024,0,1568,0
973,3.38090,0.20910,2.22980,0.90300,0.03610,0,0,0,1599,5,0,1024,1024,0,1568,0
974,3.26300,0.21440,2.26190,0.75550,0.03060,0,0,0,1599,5,0,1024,1024,0,1568,0
975,3.20220,0.21870,2.22920,0.70880,0.04490,0,0,0,1599,5,0,1024,1024,0,1568,0
976,5.12000,1.99140,2.35070,0.74970,0.02740,0,0,0,1599,5,0,1024,1024,0,1568,0
977,3.27620,0.21020,2.26080,0.78020,0.02420,0,0,0,1599,5,0,1024,1024,0,1568,0
978,3.30560,0.19740,2.23560,0.81550,0.05650,0,0,0,1599,5,0,1024,1024,0,1568,0
979,3.13010,0.21510,2.15460,0.71810,0.03140,0,0,0,1599,5,0,1024,1024,0,1568,0
980,3.26320,0.23340,2.22580,0.77380,0.02930,0,0,0,1599,5,0,1024,1024,0,1568,0
981,3.31300,0.23240,2.20140,0.84860,0.03000,0,0,0,1599,5,0,1024,1024,0,1568,0
982,3.22450,0.22980,2.14450,0.81790,0.03160,0,0,0,1599,5,0,1024,1024,0,1568,0
983,3.01190,0.22320,2.03170,0.72930,0.02710,0,0,0,1599,5,0,1024,1024,0,1568,0
984,3.16280,0.20750,2.17180,0.75950,0.02330,0,0,0,1599,5,0,1024,1024,0,1568,0
985,3.26900,0.22610,2.24640,0.76560,0.03000,0,0,0,1599,5,0,1024,1024,0,1568,0
986,3.31640,0.22490,2.24480,0.81040,0.03530,0,0,0,1599,5,0,1024,1024,0,1568,0
987,3.14330,0.22280,2.16170,0.72930,0.02890,0,0,0,1599,5,0,1024,1024,0,1568,0
988,3.21550,0.22550,2.18280,0.77910,0.02740,0,0,0,1599,5,0,1024,1024,0,1568,0
989,3.20670,0.23620,2.20530,0.73520,0.02930,0,0,0,1599,5,0,1024,1024,0,1568,0
990,3.42910,0.23080,2.40670,0.76520,0.02560,0,0,0,1599,5,0,1024,1024,0,1568,0
991,8.48560,2.40070,5.27260,0.79240,0.01850,0,0,0,1599,5,0,1024,1024,0,1568,0
992,6.67250,0.17880,5.72280,0.74720,0.02330,0,0,0,1599,5,0,1024,1024,0,1568,0
993,7.66790,0.17120,6.65930,0.76260,0.07410,0,0,0,1599,5,0,1024,1024,0,1568,0
994,4.97250,0.29520,3.90810,0.74910,0.01950,0,0,0,1599,5,0,1024,1024,0,1568,0
995,4.56980,0.16600,3.48720,0.89640,0.01930,0,0,0,1599,5,0,1024,1024,0,1568,0
996,4.48760,0.16900,3.56680,0.73680,0.01440,0,0,0,1599,5,0,1024,1024,0,1568,0
997,5.05880,0.15440,4.11410,0.76030,0.02950,0,0,0,1599,5,0,1024,1024,0,1568,0
998,4.35070,0.17770,3.38430,0.76820,0.01980,0,0,0,1599,5,0,1024,1024,0,1568,0
999,4.71080,0.16110,3.75220,0.76910,0.02770,0,0,0,1599,5,0,1024,1024,0,1568,0
1000,4.85310,0.17230,3.78260,0.82450,0.07290,0,0,0,1599,5,0,1024,1024,0,1568,0
1001,4.06260,0.25690,3.01470,0.76890,0.02150,0,0,0,1599,5,0,1024,1024,0,1568,0
1002,3.90230,0.17450,2.96360,0.74600,0.01760,0,0,0,1599,5,0,1024,1024,0,1568,0
1003,3.99860,0.18660,3.06230,0.73300,0.01590,0,0,0,1599,5,0,1024,1024,0,1568,0
1004,4.54780,0.21350,3.53360,0.78030,0.01970,0,0,0,1599,5,0,1024,1024,0,1568,0
1005,4.29890,0.16180,3.34020,0.78130,0.01510,0,0,0,1599,5,0,1024,1024,0,1568,0
1006,5.64020,1.81130,3.07820,0.72640,0.02370,0,0,0,1599,5,0,1024,1024,0,1568,0
1007,3.86300,0.16990,2.94550,0.73010,0.01670,0,0,0,1599,5,0,1024,1024,0,1568,0
1008,4.02190,0.17580,2.96870,0.79170,0.08490,0,0,0,1599,5,0,1024,1024,0,1568,0
1009,3.97280,0.23140,2.95580,0.76490,0.01930,0,0,0,1599,5,0,1024,1024,0,1568,0
1010,4.14330,0.17900,3.16750,0.77950,0.01680,0,0,0,1599,5,0,1024,1024,0,1568,0
1011,3.84710,0.17120,2.90660,0.75230,0.01640,0,0,0,1599,5,0,1024,1024,0,1568,0
1012,3.83820,0.16680,2.93370,0.71960,0.01750,0,0,0,1599,5,0,1024,1024,0,1568,0
1013,3.46770,0.15940,2.61840,0.67060,0.01850,0,0,0,1599,5,0,1024,1024,0,1568,0
1014,3.55250,0.18600,2.64320,0.70350,0.01940,0,0,0,1599,5,0,1024,1024,0,1568,0
1015,3.60650,0.17480,2.69200,0.71800,0.02110,0,0,0,1599,5,0,1024,1024,0,1568,0
1016,3.43980,0.18130,2.54310,0.69750,0.01730,0,0,0,1599,5,0,1024,1024,0,1568,0
1017,3.69020,0.19550,2.71060,0.73630,0.04700,0,0,0,1599,5,0,1024,1024,0,1568,0
1018,3.61160,0.21160,2.63570,0.74190,0.02170,0,0,0,1599,5,0,1024,1024,0,1568,0
1019,3.54790,0.18640,2.58400,0.69120,0.08560,0,0,0,1599,5,0,1024,1024,0,1568,0
1020,3.47490,0.20150,2.51380,0.74070,0.01830,0,0,0,1599,5,0,1024,1024,0,1568,0
1021,5.24340,1.87830,2.64770,0.69590,0.02000,0,0,0,1599,5,0,1024,1024,0,1568,0
1022,3.52780,0.17320,2.62950,0.70680,0.01780,0,0,0,1599,5,0,1024,1024,0,1568,0
1023,3.46850,0.16760,2.58670,0.69650,0.01720,0,0,0,1599,5,0,1024,1024,0,1568,0
1024,3.50460,0.16860,2.61720,0.70280,0.01540,0,0,0,1599,5,0,1024,1024,0,1568,0
1025,3.48050,0.18620,2.56570,0.70940,0.01860,0,0,0,1599,5,0,1024,1024,0,1568,0
1026,3.51680,0.18250,2.54340,0.76860,0.02170,0,0,0,1599,5,0,1024,1024,0,1568,0
1027,3.42920,0.16760,2.52360,0.70280,0.03450,0,0,0,1599,5,0,1024,1024,0,1568,0
1028,3.55000,0.18560,2.61340,0.72660,0.02350,0,0,0,1599,5,0,1024,1024,0,1568,0
1029,3.73480,0.17110,2.82820,0.71600,0.01890,0,0,0,1599,5,0,1024,1024,0,1568,0
1030,3.40830,0.21500,2.45970,0.71050,0.02240,0,0,0,1599,5,0,1024,1024,0,1568,0
1031,3.30780,0.19120,2.37790,0.71110,0.02700,0,0,0,1599,5,0,1024,1024,0,1568,0
1032,3.43120,0.22490,2.43440,0.74200,0.02910,0,0,0,1599,5,0,1024,1024,0,1568,0
1033,3.21920,0.21020,2.30330,0.68050,0.02440,0,0,0,1599,5,0,1024,1024,0,1568,0
1034,3.25740,0.18330,2.34360,0.70720,0.02240,0,0,0,1599,5,0,1024,1024,0,1568,0
1035,3.30280,0.18960,2.38580,0.70200,0.02450,0,0,0,1599,5,0,1024,1024,0,1568,0
1036,5.32220,1.82500,2.79670,0.67590,0.02370,0,0,0,1599,5,0,1024,1024,0,1568,0
1037,3.19410,0.20380,2.22110,0.74180,0.02660,0,0,0,1599,5,0,1024,1024,0,1568,0
1038,3.21800,0.18860,2.31840,0.68730,0.02300,0,0,0,1599,5,0,1024,1024,0,1568,0
1039,3.22590,0.21010,2.29510,0.69280,0.02710,0,0,0,1599,5,0,1024,1024,0,1568,0
1040,3.24790,0.21230,2.30340,0.70770,0.02360,0,0,0,1599,5,0,1024,1024,0,1568,0
1041,3.26610,0.18840,2.34290,0.71010,0.02370,0,0,0,1599,5,0,1024,1024,0,1568,0
1042,3.41200,0.18780,2.39280,0.80460,0.02610,0,0,0,1599,5,0,1024,1024,0,1568,0
1043,3.23050,0.20670,2.27920,0.72150,0.02250,0,0,0,1599,5,0,1024,1024,0,1568,0
1044,3.22140,0.20220,2.31310,0.68140,0.02410,0,0,0,1599,5,0,1024,1024,0,1568,0
1045,3.29400,0.19640,2.30150,0.76990,0.02560,0,0,0,1599,5,0,1024,1024,0,1568,0
1046,3.11100,0.20900,2.21310,0.66460,0.02360,0,0,0,1599,5,0,1024,1024,0,1568,0
1047,3.15630,0.18530,2.20330,0.73880,0.02810,0,0,0,1599,5,0,1024,1024,0,1568,0
1048,3.28090,0.20720,2.28260,0.76480,0.02560,0,0,0,1599,5,0,1024,1024,0,1568,0
1049,3.25010,0.23090,2.26680,0.70900,0.04300,0,0,0,1599,5,0,1024,1024,0,1568,0
1050,3.18020,0.22280,2.21220,0.71400,0.03060,0,0,0,1599,5,0,1024,1024,0,1568,0
1051,5.20110,1.84210,2.54600,0.78090,0.02990,0,0,0,1599,5,0,1024,1024,0,1568,0
1052,3.20910,0.20990,2.23940,0.73500,0.02440,0,0,0,1599,5,0,1024,1024,0,1568,0
1053,3.08530,0.20070,2.18690,0.66590,0.03110,0,0,0,1599,5,0,1024,1024,0,1568,0
1054,3.83670,0.18410,2.88090,0.74080,0.03030,0,0,0,1599,5,0,1024,1024,0,1568,0
1055,3.15140,0.18690,2.16230,0.76850,0.03310,0,0,0,1599,5,0,1024,1024,0,1568,0
1056,3.07140,0.22240,2.11970,0.69580,0.03280,0,0,0,1599,5,0,1024,1024,0,1568,0
1057,3.08960,0.20490,2.16950,0.68200,0.03260,0,0,0,1599,5,0,1024,1024,0,1568,0
1058,3.11760,0.19760,2.16980,0.71640,0.03300,0,0,0,1599,5,0,1024,1024,0,1568,0
1059,3.11680,0.19740,2.15260,0.73410,0.03190,0,0,0,1599,5,0,1024,1024,0,1568,0
1060,3.14840,0.20940,2.19550,0.70970,0.03310,0,0,0,1599,5,0,1024,1024,0,1568,0
1061,3.16470,0.22170,2.13890,0.76980,0.03350,0,0,0,1599,5,0,1024,1024,0,1568,0
1062,3.17210,0.20920,2.20130,0.72310,0.03780,0,0,0,1599,5,0,1024,1024,0,1568,0
1063,3.20220,0.22050,2.19140,0.75690,0.03280,0,0,0,1599,5,0,1024,1024,0,1568,0
1064,3.13800,0.22010,2.18980,0.69580,0.03170,0,0,0,1599,5,0,1024,1024,0,1568,0
1065,3.01400,0.19640,2.10120,0.68360,0.03210,0,0,0,1599,5,0,1024,1024,0,1568,0
1066,4.94180,1.92830,2.25850,0.72070,0.03360,0,0,0,1599,5,0,1024,1024,0,1568,0
1067,3.17380,0.22510,2.17310,0.73140,0.04340,0,0,0,1599,5,0,1024,1024,0,1568,0
1068,3.26570,0.21770,2.24040,0.77670,0.03020,0,0,0,1599,5,0,1024,1024,0,1568,0
1069,3.12470,0.22060,2.13570,0.73490,0.03280,0,0,0,1599,5,0,1024,1024,0,1568,0
1070,3.08280,0.21280,2.13490,0.70220,0.03240,0,0,0,1599,5,0,1024,1024,0,1568,0
1071,3.08970,0.20890,2.15150,0.69480,0.03360,0,0,0,1599,5,0,1024,1024,0,1568,0
1072,3.08170,0.21710,2.12760,0.70190,0.03430,0,0,0,1599,5,0,1024,1024,0,1568,0
1073,3.14420,0.22480,2.14650,0.73820,0.03390,0,0,0,1599,5,0,1024,1024,0,1568,0
1074,3.09950,0.20510,2.15970,0.70060,0.03350,0,0,0,1599,5,0,1024,1024,0,1568,0
1075,3.23430,0.20260,2.19470,0.80210,0.03420,0,0,0,1599,5,0,1024,1024,0,1568,0
1076,3.10570,0.21120,2.09770,0.76370,0.03250,0,0,0,1599,5,0,1024,1024,0,1568,0
1077,3.12670,0.20120,2.17980,0.71650,0.02860,0,0,0,1599,5,0,1024,1024,0,1568,0
1078,3.10840,0.22200,2.12150,0.73270,0.03150,0,0,0,1599,5,0,1024,1024,0,1568,0
1079,3.04190,0.21350,2.09950,0.69630,0.03190,0,0,0,1599,5,0,1024,1024,0,1568,0
1080,3.14620,0.20260,2.14060,0.77120,0.03110,0,0,0,1599,5,0,1024,1024,0,1568,0
1081,6.84560,2.02000,4.02800,0.77730,0.01930,0,0,0,1599,5,0,1024,1024,0,1568,0
1082,5.40030,0.16850,4.46690,0.74800,0.01610,0,0,0,1599,5,0,1024,1024,0,1568,0
1083,4.91530,0.17280,3.81590,0.78300,0.14280,0,0,0,1599,5,0,1024,1024,0,1568,0
1084,4.70630,0.29540,3.63120,0.76340,0.01560,0,0,0,1599,5,0,1024,1024,0,1568,0
1085,4.43430,0.16900,3.51080,0.73470,0.01930,0,0,0,1599,5,0,1024,1024,0,1568,0
1086,4.90940,0.17050,3.96830,0.75070,0.01930,0,0,0,1599,5,0,1024,1024,0,1568,0
1087,4.77760,0.17140,3.82790,0.76240,0.01530,0,0,0,1599,5,0,1024,1024,0,1568,0
1088,4.42900,0.17690,3.50170,0.73310,0.01630,0,0,0,1599,5,0,1024,1024,0,1568,0
1089,4.18550,0.18780,3.09300,0.88070,0.02300,0,0,0,1599,5,0,1024,1024,0,1568,0
1090,4.40580,0.17900,3.39900,0.79440,0.03290,0,0,0,1599,5,0,1024,1024,0,1568,0
1091,4.53210,0.17080,3.44000,0.89170,0.02890,0,0,0,1599,5,0,1024,1024,0,1568,0
1092,4.31940,0.16330,3.36100,0.77450,0.02000,0,0,0,1599,5,0,1024,1024,0,1568,0
1093,4.29080,0.16210,3.35930,0.74860,0.02030,0,0,0,1599,5,0,1024,1024,0,1568,0
1094,4.00910,0.19250,3.02300,0.77570,0.01740,0,0,0,1599,5,0,1024,1024,0,1568,0
1095,4.07290,0.19960,2.95580,0.83340,0.08280,0,0,0,1599,5,0,1024,1024,0,1568,0
1096,5.54490,1.81300,2.97990,0.72690,0.02460,0,0,0,1599,5,0,1024,1024,0,1568,0
1097,3.94920,0.19020,3.01510,0.72100,0.02230,0,0,0,1599,5,0,1024,1024,0,1568,0
1098,3.97040,0.20180,2.95570,0.79460,0.01770,0,0,0,1599,5,0,1024,1024,0,1568,0
1099,3.90880,0.17510,2.96390,0.75170,0.01760,0,0,0,1599,5,0,1024,1024,0,1568,0
1100,3.74930,0.16730,2.82520,0.74040,0.01580,0,0,0,1599,5,0,1024,1024,0,1568,0
1101,4.81350,0.18880,3.84860,0.75390,0.02150,0,0,0,1599,5,0,1024,1024,0,1568,0
1102,3.97780,0.20500,2.97910,0.75030,0.04280,0,0,0,1599,5,0,1024,1024,0,1568,0
1103,3.89060,0.20290,2.89570,0.77200,0.01950,0,0,0,1599,5,0,1024,1024,0,1568,0
1104,3.78840,0.19020,2.83690,0.74030,0.02040,0,0,0,1599,5,0,1024,1024,0,1568,0
1105,4.27070,0.18240,3.21060,0.85700,0.02000,0,0,0,1599,5,0,1024,1024,0,1568,0
1106,3.80180,0.20090,2.85490,0.72680,0.01870,0,0,0,1599,5,0,1024,1024,0,1568,0
1107,3.47710,0.22350,2.53380,0.69980,0.01940,0,0,0,1599,5,0,1024,1024,0,1568,0
1108,3.57960,0.21360,2.61120,0.73130,0.02310,0,0,0,1599,5,0,1024,1024,0,1568,0
1109,3.57520,0.20610,2.58890,0.75530,0.02410,0,0,0,1599,5,0,1024,1024,0,1568,0
1110,3.59540,0.22020,2.59260,0.75930,0.02260,0,0,0,1599,5,0,1024,1024,0,1568,0
1111,6.73340,2.15630,3.69280,0.85600,0.02610,0,0,0,1599,5,0,1024,1024,0,1568,0
1112,6.09140,0.19450,4.55000,1.30700,0.03890,0,0,0,1599,5,0,1024,1024,0,1568,0
1113,4.69700,0.19280,3.70780,0.77190,0.02390,0,0,0,1599,5,0,1024,1024,0,1568,0
1114,4.18970,0.18110,3.08320,0.89880,0.02460,0,0,0,1599,5,0,1024,1024,0,1568,0
1115,4.17630,0.17860,3.21760,0.76210,0.01730,0,0,0,1599,5,0,1024,1024,0,1568,0
1116,4.79710,0.18710,3.83540,0.74800,0.02580,0,0,0,1599,5,0,1024,1024,0,1568,0
1117,3.66280,0.18040,2.78830,0.67230,0.02110,0,0,0,1599,5,0,1024,1024,0,1568,0
1118,4.01610,0.18310,2.96930,0.82810,0.03510,0,0,0,1599,5,0,1024,1024,0,1568,0
1119,4.43850,0.17640,3.33610,0.90380,0.02160,0,0,0,1599,5,0,1024,1024,0,1568,0
1120,3.89840,0.17480,2.93350,0.76890,0.02060,0,0,0,1599,5,0,1024,1024,0,1568,0
1121,3.52960,0.17550,2.61140,0.71920,0.02280,0,0,0,1599,5,0,1024,1024,0,1568,0
1122,4.51610,0.16830,3.58590,0.74070,0.02060,0,0,0,1599,5,0,1024,1024,0,1568,0
1123,4.30310,0.19680,3.34300,0.74730,0.01530,0,0,0,1599,5,0,1024,1024,0,1568,0
1124,3.38500,0.19190,2.49100,0.68140,0.01990,0,0,0,1599,5,0,1024,1024,0,1568,0
1125,3.49780,0.17720,2.61880,0.68100,0.02020,0,0,0,1599,5,0,1024,1024,0,1568,0
1126,5.17890,1.84310,2.61590,0.69440,0.02490,0,0,0,1599,5,0,1024,1024,0,1568,0
1127,3.31590,0.17720,2.40850,0.69750,0.03180,0,0,0,1599,5,0,1024,1024,0,1568,0
1128,3.42320,0.17730,2.44770,0.77570,0.02190,0,0,0,1599,5,0,1024,1024,0,1568,0
1129,3.37110,0.17670,2.50780,0.66410,0.02190,0,0,0,1599,5,0,1024,1024,0,1568,0
1130,4.82750,0.17930,3.89290,0.72580,0.02880,0,0,0,1599,5,0,1024,1024,0,1568,0
1131,4.84750,0.19380,3.89980,0.72170,0.03150,0,0,0,1599,5,0,1024,1024,0,1568,0
1132,3.33530,0.19460,2.39680,0.71400,0.02920,0,0,0,1599,5,0,1024,1024,0,1568,0
1133,3.41280,0.18700,2.48600,0.71280,0.02630,0,0,0,1599,5,0,1024,1024,0,1568,0
1134,3.23960,0.20860,2.32500,0.68280,0.02260,0,0,0,1599,5,0,1024,1024,0,1568,0
1135,3.36570,0.20710,2.42470,0.71180,0.02170,0,0,0,1599,5,0,1024,1024,0,1568,0
1136,3.32710,0.18160,2.36830,0.75310,0.02350,0,0,0,1599,5,0,1024,1024,0,1568,0
1137,3.42840,0.20400,2.32830,0.87000,0.02540,0,0,0,1599,5,0,1024,1024,0,1568,0
1138,3.26240,0.19090,2.34740,0.70520,0.01830,0,0,0,1599,5,0,1024,1024,0,1568,0
1139,3.44170,0.17740,2.49820,0.74330,0.02210,0,0,0,1599,5,0,1024,1024,0,1568,0
1140,3.16240,0.20460,2.23500,0.69690,0.02530,0,0,0,1599,5,0,1024,1024,0,1568,0
1141,5.03060,1.82690,2.45840,0.71660,0.02720,0,0,0,1599,5,0,1024,1024,0,1568,0
1142,3.34050,0.18570,2.40190,0.72260,0.02960,0,0,0,1599,5,0,1024,1024,0,1568,0
1143,3.07360,0.18730,2.17630,0.68290,0.02640,0,0,0,1599,5,0,1024,1024,0,1568,0
1144,3.21580,0.19530,2.27580,0.71480,0.02940,0,0,0,1599,5,0,1024,1024,0,1568,0
1145,3.46650,0.21540,2.47700,0.73910,0.03420,0,0,0,1599,5,0,1024,1024,0,1568,0
1146,3.26920,0.18610,2.33450,0.72060,0.02740,0,0,0,1599,5,0,1024,1024,0,1568,0
1147,3.29490,0.20480,2.34380,0.71730,0.02830,0,0,0,1599,5,0,1024,1024,0,1568,0
1148,3.43920,0.23860,2.29340,0.86780,0.03900,0,0,0,1599,5,0,1024,1024,0,1568,0
1149,3.19690,0.19320,2.23560,0.72410,0.04310,0,0,0,1599,5,0,1024,1024,0,1568,0
1150,3.34420,0.20490,2.38230,0.72900,0.02720,0,0,0,1599,5,0,1024,1024,0,1568,0
1151,3.38210,0.18700,2.38310,0.78370,0.02770,0,0,0,1599,5,0,1024,1024,0,1568,0
1152,3.19620,0.19520,2.27520,0.70220,0.02230,0,0,0,1599,5,0,1024,1024,0,1568,0
1153,3.16100,0.18570,2.20760,0.74120,0.02580,0,0,0,1599,5,0,1024,1024,0,1568,0
1154,3.01160,0.19880,2.11090,0.67720,0.02410,0,0,0,1599,5,0,1024,1024,0,1568,0
1155,3.20480,0.20830,2.21270,0.75340,0.02980,0,0,0,1599,5,0,1024,1024,0,1568,0
1156,4.96050,1.82620,2.35210,0.75590,0.02560,0,0,0,1599,5,0,1024,1024,0,1568,0
1157,3.29860,0.22450,2.33660,0.71220,0.02450,0,0,0,1599,5,0,1024,1024,0,1568,0
1158,3.18590,0.21870,2.23040,0.71210,0.02410,0,0,0,1599,5,0,1024,1024,0,1568,0
1159,3.19030,0.20260,2.24630,0.70980,0.03110,0,0,0,1599,5,0,1024,1024,0,1568,0
1160,3.04740,0.20400,2.14390,0.67360,0.02530,0,0,0,1599,5,0,1024,1024,0,1568,0
1161,3.16720,0.20980,2.17380,0.76000,0.02320,0,0,0,1599,5,0,1024,1024,0,1568,0
1162,3.09860,0.19040,2.15510,0.72160,0.03080,0,0,0,1599,5,0,1024,1024,0,1568,0
1163,3.27820,0.19540,2.34750,0.70280,0.03180,0,0,0,1599,5,0,1024,1024,0,1568,0
1164,3.08270,0.20470,2.14940,0.70520,0.02270,0,0,0,1599,5,0,1024,1024,0,1568,0
1165,3.11790,0.21130,2.18490,0.69510,0.02580,0,0,0,1599,5,0,1024,1024,0,1568,0
1166,3.13770,0.19720,2.17770,0.73650,0.02570,0,0,0,1599,5,0,1024,1024,0,1568,0
1167,3.11880,0.19150,2.18670,0.71420,0.02570,0,0,0,1599,5,0,1024,1024,0,1568,0
1168,3.04600,0.19440,2.10330,0.72420,0.02350,0,0,0,1599,5,0,1024,1024,0,1568,0
1169,3.21500,0.23110,2.19820,0.75600,0.02900,0,0,0,1599,5,0,1024,1024,0,1568,0
1170,3.12550,0.20380,2.17310,0.71660,0.03120,0,0,0,1599,5,0,1024,1024,0,1568,0
1171,7.35760,1.98570,4.35850,0.97940,0.03190,0,0,0,1599,5,0,1024,1024,0,1568,0
1172,4.73600,0.16330,3.79750,0.75080,0.02370,0,0,0,1599,5,0,1024,1024,0,1568,0
1173,4.49550,0.18940,3.54160,0.74500,0.01870,0,0,0,1599,5,0,1024,1024,0,1568,0
1174,4.80950,0.18910,3.86910,0.73190,0.01890,0,0,0,1599,5,0,1024,1024,0,1568,0
1175,4.60770,0.24630,3.60680,0.73440,0.01960,0,0,0,1599,5,0,1024,1024,0,1568,0
1176,4.84720,0.18750,3.89730,0.74600,0.01550,0,0,0,1599,5,0,1024,1024,0,1568,0
1177,4.45440,0.16320,3.53390,0.74070,0.01600,0,0,0,1599,5,0,1024,1024,0,1568,0
1178,3.98650,0.17640,3.06040,0.73310,0.01600,0,0,0,1599,5,0,1024,1024,0,1568,0
1179,4.34160,0.17120,3.41530,0.73360,0.02080,0,0,0,1599,5,0,1024,1024,0,1568,0
1180,4.24980,0.15920,3.35700,0.71760,0.01550,0,0,0,1599,5,0,1024,1024,0,1568,0
1181,4.11080,0.16540,3.19550,0.73040,0.01880,0,0,0,1599,5,0,1024,1024,0,1568,0
1182,4.16470,0.19650,3.15370,0.74510,0.06870,0,0,0,1599,5,0,1024,1024,0,1568,0
1183,5.00060,0.26680,3.97910,0.73680,0.01740,0,0,0,1599,5,0,1024,1024,0,1568,0
1184,4.15030,0.19400,2.95410,0.97540,0.02620,0,0,0,1599,5,0,1024,1024,0,1568,0
1185,3.94680,0.19930,2.98090,0.74830,0.01790,0,0,0,1599,5,0,1024,1024,0,1568,0
1186,5.64330,1.81790,2.94240,0.85820,0.02410,0,0,0,1599,5,0,1024,1024,0,1568,0
1187,3.95430,0.18230,3.02830,0.72500,0.01800,0,0,0,1599,5,0,1024,1024,0,1568,0
1188,3.84870,0.18290,2.91390,0.73240,0.01810,0,0,0,1599,5,0,1024,1024,0,1568,0
1189,4.10010,0.19240,2.92460,0.96450,0.01780,0,0,0,1599,5,0,1024,1024,0,1568,0
1190,3.96660,0.19050,2.91580,0.82110,0.03850,0,0,0,1599,5,0,1024,1024,0,1568,0
1191,3.73470,0.21580,2.78400,0.71530,0.01910,0,0,0,1599,5,0,1024,1024,0,1568,0
1192,3.75080,0.16360,2.80480,0.76020,0.02150,0,0,0,1599,5,0,1024,1024,0,1568,0
1193,3.91500,0.19850,2.96340,0.73440,0.01810,0,0,0,1599,5,0,1024,1024,0,1568,0
1194,3.76510,0.16870,2.85880,0.71670,0.02030,0,0,0,1599,5,0,1024,1024,0,1568,0
1195,4.81110,0.19510,3.86090,0.73730,0.01700,0,0,0,1599,5,0,1024,1024,0,1568,0
1196,3.42460,0.17930,2.53030,0.68240,0.03210,0,0,0,1599,5,0,1024,1024,0,1568,0
1197,3.46930,0.16200,2.61670,0.67090,0.01900,0,0,0,1599,5,0,1024,1024,0,1568,0
1198,3.49270,0.17630,2.56280,0.72830,0.02460,0,0,0,1599,5,0,1024,1024,0,1568,0
1199,3.53690,0.20580,2.57100,0.73340,0.02600,0,0,0,1599,5,0,1024,1024,0,1568,0
1200,3.78870,0.18350,2.82840,0.75920,0.01690,0,0,0,1599,5,0,1024,1024,0,1568,0
1201,4.90760,1.93420,2.23670,0.71080,0.02440,0,0,0,1599,5,0,1024,1024,0,1568,0
1202,3.10160,0.21920,2.09110,0.76660,0.02390,0,0,0,1599,5,0,1024,1024,0,1568,0
1203,3.06760,0.22390,2.09680,0.71930,0.02690,0,0,0,1599,5,0,1024,1024,0,1568,0
1204,3.14330,0.21010,2.19870,0.71140,0.02220,0,0,0,1599,5,0,1024,1024,0,1568,0
1205,3.01510,0.21520,2.07760,0.69880,0.02290,0,0,0,1599,5,0,1024,1024,0,1568,0
1206,3.03610,0.22040,2.07280,0.71840,0.02390,0,0,0,1599,5,0,1024,1024,0,1568,0
1207,3.11490,0.22200,2.13390,0.73620,0.02230,0,0,0,1599,5,0,1024,1024,0,1568,0
1208,3.02720,0.19720,2.10470,0.70080,0.02370,0,0,0,1599,5,0,1024,1024,0,1568,0
1209,3.07670,0.22410,2.11820,0.71140,0.02240,0,0,0,1599,5,0,1024,1024,0,1568,0
1210,3.15060,0.22870,2.16010,0.74260,0.01870,0,0,0,1599,5,0,1024,1024,0,1568,0
1211,3.19560,0.22100,2.20910,0.74260,0.02230,0,0,0,1599,5,0,1024,1024,0,1568,0
1212,3.20540,0.23550,2.18990,0.75160,0.02790,0,0,0,1599,5,0,1024,1024,0,1568,0
1213,3.08390,0.22870,2.12470,0.70540,0.02440,0,0,0,1599,5,0,1024,1024,0,1568,0
1214,3.11770,0.21510,2.15880,0.71790,0.02530,0,0,0,1599,5,0,1024,1024,0,1568,0
1215,3.06620,0.20770,2.14060,0.69210,0.02520,0,0,0,1599,5,0,1024,1024,0,1568,0
1216,5.04080,1.90270,2.34300,0.77070,0.02380,0,0,0,1599,5,0,1024,1024,0,1568,0
1217,3.05180,0.22130,2.04440,0.76140,0.02390,0,0,0,1599,5,0,1024,1024,0,1568,0
1218,3.07030,0.20940,2.11630,0.72020,0.02380,0,0,0,1599,5,0,1024,1024,0,1568,0
1219,3.28250,0.21600,2.19620,0.84200,0.02780,0,0,0,1599,5,0,1024,1024,0,1568,0
1220,3.09100,0.23540,2.06710,0.75920,0.02860,0,0,0,1599,5,0,1024,1024,0,1568,0
1221,3.13520,0.20080,2.17260,0.73630,0.02450,0,0,0,1599,5,0,1024,1024,0,1568,0
1222,3.15070,0.21320,2.17810,0.73450,0.02430,0,0,0,1599,5,0,1024,1024,0,1568,0
1223,3.16000,0.23070,2.12660,0.77680,0.02530,0,0,0,1599,5,0,1024,1024,0,1568,0
1224,3.14810,0.22210,2.10810,0.78380,0.03340,0,0,0,1599,5,0,1024,1024,0,1568,0
1225,3.34320,0.23860,2.27680,0.80200,0.02500,0,0,0,1599,5,0,1024,1024,0,1568,0
1226,3.16140,0.21920,2.18690,0.73120,0.02350,0,0,0,1599,5,0,1024,1024,0,1568,0
1227,3.09950,0.20190,2.11070,0.75960,0.02640,0,0,0,1599,5,0,1024,1024,0,1568,0
1228,3.13090,0.22090,2.14870,0.73690,0.02360,0,0,0,1599,5,0,1024,1024,0,1568,0
1229,3.34810,0.22730,2.22670,0.86490,0.02860,0,0,0,1599,5,0,1024,1024,0,1568,0
1230,3.12660,0.23270,2.15590,0.71320,0.02430,0,0,0,1599,5,0,1024,1024,0,1568,0
1231,6.34210,1.90880,3.62700,0.78500,0.02000,0,0,0,1599,5,0,1024,1024,0,1568,0
1232,5.33900,0.16940,4.38540,0.76800,0.01540,0,0,0,1599,5,0,1024,1024,0,1568,0
1233,6.11600,0.17380,5.06190,0.86410,0.01540,0,0,0,1599,5,0,1024,1024,0,1568,0
1234,5.11120,0.17410,4.13320,0.78310,0.02030,0,0,0,1599,5,0,1024,1024,0,1568,0
1235,4.75710,0.17150,3.75680,0.81300,0.01510,0,0,0,1599,5,0,1024,1024,0,1568,0
1236,4.50700,0.20460,3.53310,0.74730,0.02120,0,0,0,1599,5,0,1024,1024,0,1568,0
1237,4.44100,0.16700,3.49600,0.75100,0.02640,0,0,0,1599,5,0,1024,1024,0,1568,0
1238,4.18810,0.16980,3.11410,0.87910,0.02450,0,0,0,1599,5,0,1024,1024,0,1568,0
1239,4.90930,0.19040,3.53040,1.16490,0.02300,0,0,0,1599,5,0,1024,1024,0,1568,0
1240,3.94950,0.18760,3.02750,0.71690,0.01700,0,0,0,1599,5,0,1024,1024,0,1568,0
1241,4.06740,0.16460,3.13440,0.74990,0.01780,0,0,0,1599,5,0,1024,1024,0,1568,0
1242,3.94870,0.17550,2.98970,0.76250,0.02040,0,0,0,1599,5,0,1024,1024,0,1568,0
1243,3.86780,0.19960,2.92220,0.72720,0.01830,0,0,0,1599,5,0,1024,1024,0,1568,0
1244,3.90010,0.17910,2.92290,0.77780,0.01980,0,0,0,1599,5,0,1024,1024,0,1568,0
1245,3.83340,0.18830,2.90490,0.72300,0.01670,0,0,0,1599,5,0,1024,1024,0,1568,0
1246,5.77830,1.92450,3.00890,0.82500,0.01840,0,0,0,1599,5,0,1024,1024,0,1568,0
1247,4.16440,0.17320,3.21190,0.75650,0.02230,0,0,0,1599,5,0,1024,1024,0,1568,0
1248,3.79570,0.17950,2.85460,0.74410,0.01700,0,0,0,1599,5,0,1024,1024,0,1568,0
1249,3.82590,0.17450,2.91780,0.71540,0.01760,0,0,0,1599,5,0,1024,1024,0,1568,0
1250,3.86450,0.18170,2.87710,0.78320,0.02190,0,0,0,1599,5,0,1024,1024,0,1568,0
1251,3.80820,0.19720,2.86080,0.72920,0.02050,0,0,0,1599,5,0,1024,1024,0,1568,0
1252,3.92620,0.18940,2.87100,0.84780,0.01760,0,0,0,1599,5,0,1024,1024,0,1568,0
1253,3.72680,0.20550,2.74460,0.70670,0.06930,0,0,0,1599,5,0,1024,1024,0,1568,0
1254,3.98350,0.24840,2.92000,0.79150,0.02310,0,0,0,1599,5,0,1024,1024,0,1568,0
1255,3.94150,0.22320,2.91850,0.77750,0.02150,0,0,0,1599,5,0,1024,1024,0,1568,0
1256,3.87290,0.19170,2.89100,0.77050,0.01900,0,0,0,1599,5,0,1024,1024,0,1568,0
1257,3.90440,0.16620,2.93220,0.76260,0.04250,0,0,0,1599,5,0,1024,1024,0,1568,0
1258,3.65390,0.19720,2.71910,0.71990,0.01720,0,0,0,1599,5,0,1024,1024,0,1568,0
1259,3.83710,0.19460,2.87220,0.75110,0.01850,0,0,0,1599,5,0,1024,1024,0,1568,0
1260,3.84900,0.18580,2.92600,0.71620,0.02040,0,0,0,1599,5,0,1024,1024,0,1568,0
1261,5.60730,2.03280,2.69520,0.85350,0.02450,0,0,0,1599,5,0,1024,1024,0,1568,0
1262,3.74960,0.18940,2.84030,0.70150,0.01770,0,0,0,1599,5,0,1024,1024,0,1568,0
1263,3.57740,0.18640,2.65610,0.71340,0.02080,0,0,0,1599,5,0,1024,1024,0,1568,0
1264,3.79250,0.23890,2.63260,0.89550,0.02490,0,0,0,1599,5,0,1024,1024,0,1568,0
1265,3.54940,0.19030,2.64500,0.69460,0.01880,0,0,0,1599,5,0,1024,1024,0,1568,0
1266,3.62480,0.19010,2.69070,0.72200,0.02110,0,0,0,1599,5,0,1024,1024,0,1568,0
1267,3.68140,0.17970,2.62780,0.85030,0.02290,0,0,0,1599,5,0,1024,1024,0,1568,0
1268,3.71070,0.17860,2.67120,0.83580,0.02410,0,0,0,1599,5,0,1024,1024,0,1568,0
1269,3.60880,0.17980,2.70230,0.70650,0.01930,0,0,0,1599,5,0,1024,1024,0,1568,0
1270,3.49690,0.18300,2.56810,0.72530,0.01980,0,0,0,1599,5,0,1024,1024,0,1568,0
1271,3.63800,0.19380,2.71600,0.70940,0.01820,0,0,0,1599,5,0,1024,1024,0,1568,0
1272,3.62300,0.18930,2.57560,0.83530,0.02220,0,0,0,1599,5,0,1024,1024,0,1568,0
1273,3.69970,0.17300,2.70200,0.80210,0.02170,0,0,0,1599,5,0,1024,1024,0,1568,0
1274,4.93880,0.20780,3.98140,0.72720,0.02160,0,0,0,1599,5,0,1024,1024,0,1568,0
1275,3.46430,0.17230,2.51360,0.75340,0.02420,0,0,0,1599,5,0,1024,1024,0,1568,0
1276,5.49390,1.86170,2.88080,0.73330,0.01760,0,0,0,1599,5,0,1024,1024,0,1568,0
1277,4.95990,0.18880,3.92120,0.80800,0.04130,0,0,0,1599,5,0,1024,1024,0,1568,0
1278,3.54810,0.24140,2.54300,0.74610,0.01700,0,0,0,1599,5,0,1024,1024,0,1568,0
1279,3.58050,0.18270,2.62870,0.74840,0.01990,0,0,0,1599,5,0,1024,1024,0,1568,0
1280,4.90380,0.21790,3.91990,0.74850,0.01680,0,0,0,1599,5,0,1024,1024,0,1568,0
1281,3.85160,0.22000,2.83290,0.77690,0.02140,0,0,0,1599,5,0,1024,1024,0,1568,0
1282,3.49460,0.19660,2.50730,0.75230,0.03790,0,0,0,1599,5,0,1024,1024,0,1568,0
1283,3.41240,0.17990,2.43870,0.77180,0.02130,0,0,0,1599,5,0,1024,1024,0,1568,0
1284,3.47030,0.22810,2.48780,0.73140,0.02230,0,0,0,1599,5,0,1024,1024,0,1568,0
1285,3.58040,0.21280,2.49670,0.82550,0.04460,0,0,0,1599,5,0,1024,1024,0,1568,0
1286,4.93800,0.25660,3.91940,0.73960,0.02160,0,0,0,1599,5,0,1024,1024,0,1568,0
1287,3.53250,0.19740,2.57530,0.73820,0.02100,0,0,0,1599,5,0,1024,1024,0,1568,0
1288,3.73980,0.21980,2.76860,0.73180,0.01900,0,0,0,1599,5,0,1024,1024,0,1568,0
1289,3.51010,0.20540,2.55100,0.73160,0.02140,0,0,0,1599,5,0,1024,1024,0,1568,0
1290,3.60460,0.23340,2.48380,0.85750,0.02930,0,0,0,1599,5,0,1024,1024,0,1568,0
1291,5.15830,1.89960,2.50100,0.72980,0.02620,0,0,0,1599,5,0,1024,1024,0,1568,0
1292,3.35480,0.21180,2.41690,0.69990,0.02540,0,0,0,1599,5,0,1024,1024,0,1568,0
1293,3.42600,0.21010,2.44680,0.74330,0.02490,0,0,0,1599,5,0,1024,1024,0,1568,0
1294,3.45340,0.20250,2.48410,0.73120,0.03490,0,0,0,1599,5,0,1024,1024,0,1568,0
1295,3.43540,0.20960,2.46900,0.73250,0.02360,0,0,0,1599,5,0,1024,1024,0,1568,0
1296,3.23560,0.17440,2.31210,0.72340,0.02510,0,0,0,1599,5,0,1024,1024,0,1568,0
1297,3.32310,0.19780,2.37900,0.72060,0.02500,0,0,0,1599,5,0,1024,1024,0,1568,0
1298,3.22550,0.22470,2.29150,0.68500,0.02380,0,0,0,1599,5,0,1024,1024,0,1568,0
1299,3.54250,0.21770,2.42620,0.86740,0.03040,0,0,0,1599,5,0,1024,1024,0,1568,0
1300,3.32060,0.21330,2.32970,0.74460,0.03220,0,0,0,1599,5,0,1024,1024,0,1568,0
1301,3.26550,0.22110,2.31280,0.70760,0.02320,0,0,0,1599,5,0,1024,1024,0,1568,0
1302,3.32050,0.22720,2.34620,0.72110,0.02520,0,0,0,1599,5,0,1024,1024,0,1568,0
1303,3.24230,0.20820,2.31180,0.69570,0.02590,0,0,0,1599,5,0,1024,1024,0,1568,0
1304,3.47800,0.19090,2.54620,0.70350,0.03660,0,0,0,1599,5,0,1024,1024,0,1568,0
1305,3.20580,0.21750,2.28030,0.68720,0.02000,0,0,0,1599,5,0,1024,1024,0,1568,0
1306,5.13980,1.86760,2.51280,0.73110,0.02770,0,0,0,1599,5,0,1024,1024,0,1568,0
1307,3.28310,0.17540,2.34460,0.73480,0.02750,0,0,0,1599,5,0,1024,1024,0,1568,0
1308,3.36340,0.20400,2.42620,0.70680,0.02560,0,0,0,1599,5,0,1024,1024,0,1568,0
1309,3.13680,0.19970,2.22310,0.68890,0.02440,0,0,0,1599,5,0,1024,1024,0,1568,0
1310,3.16440,0.18970,2.26670,0.68180,0.02560,0,0,0,1599,5,0,1024,1024,0,1568,0
1311,3.16400,0.20990,2.18630,0.72010,0.04720,0,0,0,1599,5,0,1024,1024,0,1568,0
1312,3.26320,0.23960,2.30660,0.69450,0.02180,0,0,0,1599,5,0,1024,1024,0,1568,0
1313,3.20720,0.19750,2.23860,0.73540,0.03500,0,0,0,1599,5,0,1024,1024,0,1568,0
1314,3.31670,0.21680,2.33640,0.73970,0.02280,0,0,0,1599,5,0,1024,1024,0,1568,0
1315,3.27860,0.19440,2.25680,0.79230,0.03450,0,0,0,1599,5,0,1024,1024,0,1568,0
1316,3.42110,0.19800,2.44490,0.75180,0.02550,0,0,0,1599,5,0,1024,1024,0,1568,0
1317,3.26100,0.19520,2.24080,0.79000,0.03430,0,0,0,1599,5,0,1024,1024,0,1568,0
1318,3.23480,0.20150,2.31580,0.69250,0.02420,0,0,0,1599,5,0,1024,1024,0,1568,0
1319,3.28340,0.20410,2.30770,0.74490,0.02590,0,0,0,1599,5,0,1024,1024,0,1568,0
1320,3.14660,0.22980,2.15800,0.73040,0.02770,0,0,0,1599,5,0,1024,1024,0,1568,0
1321,6.50220,2.00400,3.47660,0.98790,0.03220,0,0,0,1599,5,0,1024,1024,0,1568,0
1322,4.68460,0.16270,3.75000,0.74910,0.02230,0,0,0,1599,5,0,1024,1024,0,1568,0
1323,5.49730,0.15300,4.50710,0.81780,0.01850,0,0,0,1599,5,0,1024,1024,0,1568,0
1324,6.25970,0.17100,5.07130,0.91120,0.10540,0,0,0,1599,5,0,1024,1024,0,1568,0
1325,4.91040,0.15460,3.88770,0.84180,0.02570,0,0,0,1599,5,0,1024,1024,0,1568,0
1326,3.87030,0.17760,2.96120,0.71520,0.01600,0,0,0,1599,5,0,1024,1024,0,1568,0
1327,4.38900,0.18300,3.39640,0.77230,0.03650,0,0,0,1599,5,0,1024,1024,0,1568,0
1328,3.93350,0.16670,2.99640,0.74720,0.02260,0,0,0,1599,5,0,1024,1024,0,1568,0
1329,4.01970,0.16610,3.10530,0.73180,0.01600,0,0,0,1599,5,0,1024,1024,0,1568,0
1330,4.49670,0.17390,3.38620,0.91150,0.02440,0,0,0,1599,5,0,1024,1024,0,1568,0
1331,4.42500,0.17410,3.45360,0.77250,0.02350,0,0,0,1599,5,0,1024,1024,0,1568,0
1332,3.86730,0.17900,2.95140,0.71920,0.01690,0,0,0,1599,5,0,1024,1024,0,1568,0
1333,3.91560,0.17400,2.93560,0.75280,0.05250,0,0,0,1599,5,0,1024,1024,0,1568,0
1334,3.92180,0.21240,2.95400,0.73800,0.01670,0,0,0,1599,5,0,1024,1024,0,1568,0
1335,3.85560,0.17550,2.90250,0.76090,0.01610,0,0,0,1599,5,0,1024,1024,0,1568,0
1336,5.78630,1.96650,3.07350,0.72830,0.01740,0,0,0,1599,5,0,1024,1024,0,1568,0
1337,3.87360,0.17710,2.92410,0.75400,0.01790,0,0,0,1599,5,0,1024,1024,0,1568,0
1338,3.97340,0.18630,3.05500,0.70710,0.02420,0,0,0,1599,5,0,1024,1024,0,1568,0
1339,3.92010,0.21510,2.91240,0.77330,0.01870,0,0,0,1599,5,0,1024,1024,0,1568,0
1340,3.85980,0.16760,2.92130,0.75290,0.01730,0,0,0,1599,5,0,1024,1024,0,1568,0
1341,3.91750,0.18330,2.92490,0.77530,0.03340,0,0,0,1599,5,0,1024,1024,0,1568,0
1342,3.56630,0.21330,2.64360,0.68730,0.02160,0,0,0,1599,5,0,1024,1024,0,1568,0
1343,3.82440,0.20740,2.85030,0.74430,0.02160,0,0,0,1599,5,0,1024,1024,0,1568,0
1344,4.22850,0.19290,3.24830,0.76560,0.02080,0,0,0,1599,5,0,1024,1024,0,1568,0
1345,3.52280,0.22900,2.56980,0.70080,0.02250,0,0,0,1599,5,0,1024,1024,0,1568,0
1346,3.47820,0.19770,2.55970,0.70270,0.01740,0,0,0,1599,5,0,1024,1024,0,1568,0
1347,3.41760,0.17670,2.51360,0.69950,0.02710,0,0,0,1599,5,0,1024,1024,0,1568,0
1348,3.50530,0.21960,2.54540,0.71880,0.02080,0,0,0,1599,5,0,1024,1024,0,1568,0
1349,3.76100,0.17040,2.60710,0.96060,0.02210,0,0,0,1599,5,0,1024,1024,0,1568,0
1350,3.62090,0.22100,2.61340,0.76330,0.02260,0,0,0,1599,5,0,1024,1024,0,1568,0
1351,5.45200,1.93930,2.75810,0.73470,0.01810,0,0,0,1599,5,0,1024,1024,0,1568,0
1352,3.39530,0.16690,2.51380,0.69440,0.01960,0,0,0,1599,5,0,1024,1024,0,1568,0
1353,3.64840,0.20170,2.62160,0.80170,0.02280,0,0,0,1599,5,0,1024,1024,0,1568,0
1354,3.86830,0.20010,2.84530,0.79850,0.02370,0,0,0,1599,5,0,1024,1024,0,1568,0
1355,3.43010,0.21510,2.47250,0.72110,0.02090,0,0,0,1599,5,0,1024,1024,0,1568,0
1356,3.53270,0.22980,2.57470,0.68830,0.03940,0,0,0,1599,5,0,1024,1024,0,1568,0
1357,3.57220,0.17570,2.60840,0.75610,0.03120,0,0,0,1599,5,0,1024,1024,0,1568,0
1358,3.39990,0.18110,2.48090,0.70980,0.02750,0,0,0,1599,5,0,1024,1024,0,1568,0
1359,3.59930,0.22390,2.54950,0.80180,0.02350,0,0,0,1599,5,0,1024,1024,0,1568,0
1360,3.52120,0.22000,2.57900,0.69350,0.02820,0,0,0,1599,5,0,1024,1024,0,1568,0
1361,3.52110,0.20520,2.48540,0.78270,0.04720,0,0,0,1599,5,0,1024,1024,0,1568,0
1362,3.36870,0.20920,2.41580,0.71840,0.02450,0,0,0,1599,5,0,1024,1024,0,1568,0
1363,3.44560,0.21660,2.38110,0.79100,0.05610,0,0,0,1599,5,0,1024,1024,0,1568,0
1364,3.28560,0.17480,2.37260,0.71330,0.02420,0,0,0,1599,5,0,1024,1024,0,1568,0
1365,3.29990,0.19840,2.37270,0.69220,0.03570,0,0,0,1599,5,0,1024,1024,0,1568,0
1366,4.82480,1.82010,2.29690,0.68160,0.02500,0,0,0,1599,5,0,1024,1024,0,1568,0
1367,3.36260,0.19840,2.43750,0.70020,0.02570,0,0,0,1599,5,0,1024,1024,0,1568,0
1368,3.30650,0.19520,2.31910,0.76400,0.02760,0,0,0,1599,5,0,1024,1024,0,1568,0
1369,3.26610,0.21170,2.28610,0.74000,0.02760,0,0,0,1599,5,0,1024,1024,0,1568,0
1370,3.09100,0.18670,2.21630,0.66180,0.02540,0,0,0,1599,5,0,1024,1024,0,1568,0
1371,3.30720,0.19320,2.35930,0.72910,0.02470,0,0,0,1599,5,0,1024,1024,0,1568,0
1372,3.20330,0.21160,2.28750,0.67960,0.02400,0,0,0,1599,5,0,1024,1024,0,1568,0
1373,3.49710,0.20590,2.38030,0.88250,0.02770,0,0,0,1599,5,0,1024,1024,0,1568,0
1374,3.41020,0.20460,2.35800,0.82110,0.02570,0,0,0,1599,5,0,1024,1024,0,1568,0
1375,3.26940,0.19750,2.31610,0.73030,0.02500,0,0,0,1599,5,0,1024,1024,0,1568,0
1376,3.19480,0.22050,2.22860,0.72040,0.02470,0,0,0,1599,5,0,1024,1024,0,1568,0
1377,3.21290,0.22550,2.26070,0.70350,0.02220,0,0,0,1599,5,0,1024,1024,0,1568,0
1378,3.18270,0.20430,2.18090,0.77220,0.02470,0,0,0,1599,5,0,1024,1024,0,1568,0
1379,3.14000,0.21400,2.23770,0.66170,0.02600,0,0,0,1599,5,0,1024,1024,0,1568,0
1380,3.11730,0.23300,2.12870,0.73140,0.02360,0,0,0,1599,5,0,1024,1024,0,1568,0
1381,8.06850,1.93160,5.24460,0.86630,0.02470,0,0,0,1599,5,0,1024,1024,0,1568,0
1382,6.16910,0.15740,5.09780,0.88600,0.02740,0,0,0,1599,5,0,1024,1024,0,1568,0
1383,5.14160,0.16080,4.18740,0.76970,0.02280,0,0,0,1599,5,0,1024,1024,0,1568,0
1384,6.68000,0.16850,5.39630,1.08050,0.03380,0,0,0,1599,5,0,1024,1024,0,1568,0
1385,4.36250,0.16670,3.40220,0.77820,0.01470,0,0,0,1599,5,0,1024,1024,0,1568,0
1386,4.97840,0.16310,3.73410,0.98170,0.09870,0,0,0,1599,5,0,1024,1024,0,1568,0
1387,4.71040,0.29520,3.63270,0.76630,0.01550,0,0,0,1599,5,0,1024,1024,0,1568,0
1388,4.85940,0.18020,3.89650,0.76230,0.01970,0,0,0,1599,5,0,1024,1024,0,1568,0
1389,5.07410,0.16410,4.04170,0.76260,0.10500,0,0,0,1599,5,0,1024,1024,0,1568,0
1390,4.50990,0.19570,3.51610,0.77680,0.02060,0,0,0,1599,5,0,1024,1024,0,1568,0
1391,4.35350,0.18020,3.39620,0.76120,0.01530,0,0,0,1599,5,0,1024,1024,0,1568,0
1392,4.38980,0.16450,3.47440,0.73350,0.01680,0,0,0,1599,5,0,1024,1024,0,1568,0
1393,4.36340,0.16700,3.37000,0.80850,0.01720,0,0,0,1599,5,0,1024,1024,0,1568,0
1394,4.43090,0.17050,3.51570,0.72790,0.01600,0,0,0,1599,5,0,1024,1024,0,1568,0
1395,4.58780,0.17100,3.64410,0.74680,0.02520,0,0,0,1599,5,0,1024,1024,0,1568,0
1396,5.88950,2.08190,3.04820,0.74170,0.01710,0,0,0,1599,5,0,1024,1024,0,1568,0
1397,3.88300,0.16160,2.95770,0.74490,0.01810,0,0,0,1599,5,0,1024,1024,0,1568,0
1398,3.94090,0.18390,3.01330,0.72400,0.01900,0,0,0,1599,5,0,1024,1024,0,1568,0
1399,4.58620,0.19100,3.01040,1.36140,0.02240,0,0,0,1599,5,0,1024,1024,0,1568,0
1400,4.05180,0.19250,3.03550,0.76210,0.06110,0,0,0,1599,5,0,1024,1024,0,1568,0
1401,3.54670,0.24430,2.60530,0.67230,0.02410,0,0,0,1599,5,0,1024,1024,0,1568,0
1402,3.85080,0.17470,2.85700,0.79020,0.02820,0,0,0,1599,5,0,1024,1024,0,1568,0
1403,3.45780,0.18350,2.57140,0.68670,0.01560,0,0,0,1599,5,0,1024,1024,0,1568,0
1404,3.48110,0.18830,2.54860,0.71440,0.02920,0,0,0,1599,5,0,1024,1024,0,1568,0
1405,3.47550,0.17740,2.57470,0.70210,0.02050,0,0,0,1599,5,0,1024,1024,0,1568,0
1406,3.60300,0.17610,2.58510,0.82290,0.01830,0,0,0,1599,5,0,1024,1024,0,1568,0
1407,3.62750,0.17860,2.73060,0.69550,0.02210,0,0,0,1599,5,0,1024,1024,0,1568,0
1408,3.50950,0.21820,2.55870,0.71370,0.01810,0,0,0,1599,5,0,1024,1024,0,1568,0
1409,4.07600,0.19710,2.88840,0.96880,0.02090,0,0,0,1599,5,0,1024,1024,0,1568,0
1410,3.47740,0.20180,2.53090,0.72510,0.01880,0,0,0,1599,5,0,1024,1024,0,1568,0
1411,5.54460,1.94110,2.75240,0.82690,0.02270,0,0,0,1599,5,0,1024,1024,0,1568,0
1412,3.48840,0.21970,2.57000,0.67780,0.02040,0,0,0,1599,5,0,1024,1024,0,1568,0
1413,3.53030,0.17210,2.60270,0.73050,0.02420,0,0,0,1599,5,0,1024,1024,0,1568,0
1414,3.53720,0.19310,2.62900,0.69440,0.02000,0,0,0,1599,5,0,1024,1024,0,1568,0
1415,3.51590,0.16400,2.64430,0.68850,0.01830,0,0,0,1599,5,0,1024,1024,0,1568,0
1416,3.34070,0.18510,2.40630,0.72370,0.02510,0,0,0,1599,5,0,1024,1024,0,1568,0
1417,3.64820,0.21770,2.60550,0.73050,0.09400,0,0,0,1599,5,0,1024,1024,0,1568,0
1418,3.45230,0.17700,2.55650,0.69870,0.01920,0,0,0,1599,5,0,1024,1024,0,1568,0
1419,3.43010,0.17150,2.55480,0.68470,0.01880,0,0,0,1599,5,0,1024,1024,0,1568,0
1420,3.41310,0.16660,2.49470,0.73040,0.02060,0,0,0,1599,5,0,1024,1024,0,1568,0
1421,3.43630,0.17900,2.58130,0.65410,0.02140,0,0,0,1599,5,0,1024,1024,0,1568,0
1422,3.39110,0.17930,2.48980,0.70050,0.02100,0,0,0,1599,5,0,1024,1024,0,1568,0
1423,4.97180,0.17700,4.03270,0.74180,0.01980,0,0,0,1599,5,0,1024,1024,0,1568,0
1424,3.33830,0.18120,2.44360,0.68850,0.02460,0,0,0,1599,5,0,1024,1024,0,1568,0
1425,3.42210,0.22050,2.41570,0.73010,0.05520,0,0,0,1599,5,0,1024,1024,0,1568,0
1426,6.71980,1.88540,4.09120,0.72150,0.02120,0,0,0,1599,5,0,1024,1024,0,1568,0
1427,3.40350,0.17160,2.47710,0.72890,0.02510,0,0,0,1599,5,0,1024,1024,0,1568,0
1428,3.60340,0.23850,2.61910,0.71950,0.02560,0,0,0,1599,5,0,1024,1024,0,1568,0
1429,3.70660,0.19830,2.69930,0.78620,0.02220,0,0,0,1599,5,0,1024,1024,0,1568,0
1430,3.45710,0.18380,2.49360,0.75760,0.02150,0,0,0,1599,5,0,1024,1024,0,1568,0
1431,3.41230,0.17120,2.49030,0.72210,0.02800,0,0,0,1599,5,0,1024,1024,0,1568,0
1432,3.46330,0.21490,2.52990,0.69690,0.02100,0,0,0,1599,5,0,1024,1024,0,1568,0
1433,3.52530,0.16940,2.51660,0.81430,0.02450,0,0,0,1599,5,0,1024,1024,0,1568,0
1434,3.32840,0.21280,2.40130,0.68980,0.02400,0,0,0,1599,5,0,1024,1024,0,1568,0
1435,3.31160,0.20350,2.38700,0.69690,0.02350,0,0,0,1599,5,0,1024,1024,0,1568,0
1436,3.48300,0.20260,2.46840,0.78620,0.02520,0,0,0,1599,5,0,1024,1024,0,1568,0
1437,3.39610,0.21390,2.41480,0.74290,0.02400,0,0,0,1599,5,0,1024,1024,0,1568,0
1438,3.55960,0.22760,2.50480,0.80430,0.02220,0,0,0,1599,5,0,1024,1024,0,1568,0
1439,3.36300,0.18700,2.41240,0.74180,0.02100,0,0,0,1599,5,0,1024,1024,0,1568,0
1440,3.46290,0.21270,2.37580,0.84950,0.02440,0,0,0,1599,5,0,1024,1024,0,1568,0
1441,10.66850,2.18640,7.51530,0.93020,0.03540,0,0,0,1599,5,0,1024,1024,0,1568,0
1442,9.53650,0.21280,8.37300,0.91770,0.03160,0,0,0,1599,5,0,1024,1024,0,1568,0
1443,5.88110,0.16540,4.96060,0.72700,0.02730,0,0,0,1599,5,0,1024,1024,0,1568,0
1444,4.38450,0.19270,3.38100,0.78660,0.02340,0,0,0,1599,5,0,1024,1024,0,1568,0
1445,5.82370,0.15860,4.77000,0.87360,0.02090,0,0,0,1599,5,0,1024,1024,0,1568,0
1446,5.28160,0.17520,4.18080,0.90730,0.01770,0,0,0,1599,5,0,1024,1024,0,1568,0
1447,4.92790,0.16430,3.76600,0.96490,0.03180,0,0,0,1599,5,0,1024,1024,0,1568,0
1448,3.82510,0.17370,2.91070,0.71960,0.02040,0,0,0,1599,5,0,1024,1024,0,1568,0
1449,3.86020,0.17670,2.89630,0.76760,0.01870,0,0,0,1599,5,0,1024,1024,0,1568,0
1450,3.92650,0.16770,2.91410,0.82380,0.02020,0,0,0,1599,5,0,1024,1024,0,1568,0
1451,4.62310,0.17340,3.64580,0.77820,0.02450,0,0,0,1599,5,0,1024,1024,0,1568,0
1452,4.06000,0.21050,3.04830,0.77920,0.02100,0,0,0,1599,5,0,1024,1024,0,1568,0
1453,3.94360,0.18400,2.90390,0.83110,0.02380,0,0,0,1599,5,0,1024,1024,0,1568,0
1454,4.20260,0.19690,3.18700,0.79700,0.02090,0,0,0,1599,5,0,1024,1024,0,1568,0
1455,3.61050,0.19190,2.70430,0.69100,0.02250,0,0,0,1599,5,0,1024,1024,0,1568,0
1456,5.87670,1.85240,3.26410,0.73990,0.01900,0,0,0,1599,5,0,1024,1024,0,1568,0
1457,4.24970,0.18860,3.33800,0.70180,0.02050,0,0,0,1599,5,0,1024,1024,0,1568,0
1458,3.85120,0.19470,2.86590,0.76500,0.02470,0,0,0,1599,5,0,1024,1024,0,1568,0
1459,3.97830,0.17580,3.01130,0.76640,0.02340,0,0,0,1599,5,0,1024,1024,0,1568,0
1460,3.50380,0.22280,2.55690,0.70310,0.02030,0,0,0,1599,5,0,1024,1024,0,1568,0
1461,3.53260,0.21240,2.58180,0.71830,0.01940,0,0,0,1599,5,0,1024,1024,0,1568,0
1462,3.47370,0.16610,2.57870,0.69830,0.02970,0,0,0,1599,5,0,1024,1024,0,1568,0
1463,4.54730,0.18310,3.61750,0.72840,0.01770,0,0,0,1599,5,0,1024,1024,0,1568,0
1464,3.46190,0.18490,2.57650,0.68020,0.01980,0,0,0,1599,5,0,1024,1024,0,1568,0
1465,3.36530,0.19390,2.45610,0.69600,0.01880,0,0,0,1599,5,0,1024,1024,0,1568,0
1466,3.44100,0.19150,2.53690,0.69060,0.02140,0,0,0,1599,5,0,1024,1024,0,1568,0
1467,3.49050,0.20760,2.54400,0.71640,0.02200,0,0,0,1599,5,0,1024,1024,0,1568,0
1468,3.35310,0.20990,2.42930,0.68460,0.02870,0,0,0,1599,5,0,1024,1024,0,1568,0
1469,3.36930,0.19570,2.45190,0.69650,0.02450,0,0,0,1599,5,0,1024,1024,0,1568,0
1470,3.22970,0.21540,2.28130,0.70940,0.02290,0,0,0,1599,5,0,1024,1024,0,1568,0
1471,4.97240,1.87980,2.36530,0.69710,0.02800,0,0,0,1599,5,0,1024,1024,0,1568,0
1472,3.32150,0.18460,2.39610,0.71310,0.02700,0,0,0,1599,5,0,1024,1024,0,1568,0
1473,3.26120,0.19020,2.33570,0.70870,0.02610,0,0,0,1599,5,0,1024,1024,0,1568,0
1474,3.31050,0.20570,2.38340,0.69170,0.02920,0,0,0,1599,5,0,1024,1024,0,1568,0
1475,3.34600,0.19130,2.39910,0.72840,0.02660,0,0,0,1599,5,0,1024,1024,0,1568,0
1476,3.38800,0.19230,2.42650,0.73660,0.03190,0,0,0,1599,5,0,1024,1024,0,1568,0
1477,3.27700,0.19460,2.32940,0.71580,0.03670,0,0,0,1599,5,0,1024,1024,0,1568,0
1478,3.55380,0.20140,2.51360,0.81160,0.02620,0,0,0,1599,5,0,1024,1024,0,1568,0
1479,3.27370,0.18570,2.33120,0.72930,0.02680,0,0,0,1599,5,0,1024,1024,0,1568,0
1480,3.43130,0.19780,2.43130,0.76840,0.03320,0,0,0,1599,5,0,1024,1024,0,1568,0
1481,3.46050,0.21340,2.39600,0.81750,0.03280,0,0,0,1599,5,0,1024,1024,0,1568,0
1482,3.28500,0.20160,2.30520,0.75000,0.02730,0,0,0,1599,5,0,1024,1024,0,1568,0
1483,3.61230,0.22230,2.59180,0.76720,0.03030,0,0,0,1599,5,0,1024,1024,0,1568,0
1484,4.56160,0.21740,3.55280,0.76320,0.02750,0,0,0,1599,5,0,1024,1024,0,1568,0
1485,3.33090,0.20910,2.36050,0.72570,0.03470,0,0,0,1599,5,0,1024,1024,0,1568,0
1486,5.81150,1.92380,3.09440,0.76720,0.02530,0,0,0,1599,5,0,1024,1024,0,1568,0
1487,3.31570,0.22690,2.30340,0.76180,0.02230,0,0,0,1599,5,0,1024,1024,0,1568,0
1488,3.26630,0.21370,2.30890,0.70040,0.04230,0,0,0,1599,5,0,1024,1024,0,1568,0
1489,3.41940,0.23410,2.39440,0.76420,0.02600,0,0,0,1599,5,0,1024,1024,0,1568,0
1490,3.30420,0.21490,2.29220,0.77040,0.02590,0,0,0,1599,5,0,1024,1024,0,1568,0
1491,3.11870,0.19870,2.18240,0.71230,0.02450,0,0,0,1599,5,0,1024,1024,0,1568,0
1492,3.37970,0.22400,2.30320,0.82450,0.02710,0,0,0,1599,5,0,1024,1024,0,1568,0
1493,3.34660,0.20990,2.32490,0.78540,0.02580,0,0,0,1599,5,0,1024,1024,0,1568,0
1494,3.29010,0.21120,2.32380,0.72520,0.02890,0,0,0,1599,5,0,1024,1024,0,1568,0
1495,3.52140,0.22160,2.31430,0.95040,0.03430,0,0,0,1599,5,0,1024,1024,0,1568,0
1496,3.62780,0.20550,2.46530,0.91570,0.04030,0,0,0,1599,5,0,1024,1024,0,1568,0
1497,3.42600,0.22620,2.34820,0.82670,0.02420,0,0,0,1599,5,0,1024,1024,0,1568,0
1498,3.36820,0.22280,2.33590,0.77950,0.02880,0,0,0,1599,5,0,1024,1024,0,1568,0
1499,3.17700,0.19570,2.21260,0.74420,0.02380,0,0,0,1599,5,0,1024,1024,0,1568,0
1500,3.22410,0.20760,2.24490,0.73700,0.03360,0,0,0,1599,5,0,1024,1024,0,1568,0
1501,6.68370,1.89240,4.02430,0.74620,0.01910,0,0,0,1599,5,0,1024,1024,0,1568,0
1502,5.73350,0.18250,4.71290,0.80980,0.02750,0,0,0,1599,5,0,1024,1024,0,1568,0
1503,3.86070,0.18940,2.89810,0.75570,0.01720,0,0,0,1599,5,0,1024,1024,0,1568,0
1504,4.46950,0.18070,3.42440,0.78470,0.07860,0,0,0,1599,5,0,1024,1024,0,1568,0
1505,3.91000,0.20570,2.91480,0.76640,0.02240,0,0,0,1599,5,0,1024,1024,0,1568,0
1506,4.22210,0.15590,3.30380,0.74470,0.01710,0,0,0,1599,5,0,1024,1024,0,1568,0
1507,4.76860,0.16210,3.80350,0.78310,0.01910,0,0,0,1599,5,0,1024,1024,0,1568,0
1508,4.75280,0.18770,3.82210,0.72170,0.02070,0,0,0,1599,5,0,1024,1024,0,1568,0
1509,3.55560,0.17500,2.66800,0.68540,0.02630,0,0,0,1599,5,0,1024,1024,0,1568,0
1510,3.43870,0.17320,2.54720,0.67270,0.04510,0,0,0,1599,5,0,1024,1024,0,1568,0
1511,4.07320,0.18170,3.01480,0.85450,0.02170,0,0,0,1599,5,0,1024,1024,0,1568,0
1512,3.83380,0.17520,2.90500,0.73580,0.01720,0,0,0,1599,5,0,1024,1024,0,1568,0
1513,3.71630,0.17190,2.80550,0.72030,0.01800,0,0,0,1599,5,0,1024,1024,0,1568,0
1514,3.58630,0.16870,2.69540,0.70470,0.01700,0,0,0,1599,5,0,1024,1024,0,1568,0
1515,3.50110,0.16460,2.61260,0.70320,0.01990,0,0,0,1599,5,0,1024,1024,0,1568,0
1516,5.40670,1.84440,2.68500,0.85440,0.02220,0,0,0,1599,5,0,1024,1024,0,1568,0
1517,3.62390,0.17850,2.70660,0.71680,0.02140,0,0,0,1599,5,0,1024,1024,0,1568,0
1518,3.87470,0.16800,2.84970,0.83250,0.02400,0,0,0,1599,5,0,1024,1024,0,1568,0
1519,3.56360,0.19090,2.64990,0.69690,0.02530,0,0,0,1599,5,0,1024,1024,0,1568,0
1520,4.92330,0.18230,4.00250,0.71970,0.01820,0,0,0,1599,5,0,1024,1024,0,1568,0
1521,4.17930,0.19280,3.28020,0.68480,0.02080,0,0,0,1599,5,0,1024,1024,0,1568,0
1522,3.54720,0.19410,2.65040,0.68550,0.01650,0,0,0,1599,5,0,1024,1024,0,1568,0
1523,5.07330,0.18710,4.11270,0.74860,0.02440,0,0,0,1599,5,0,1024,1024,0,1568,0
1524,3.65730,0.16470,2.73260,0.74160,0.01760,0,0,0,1599,5,0,1024,1024,0,1568,0
1525,3.54320,0.19200,2.54910,0.77910,0.02260,0,0,0,1599,5,0,1024,1024,0,1568,0
1526,4.97330,0.18010,4.06200,0.71200,0.01870,0,0,0,1599,5,0,1024,1024,0,1568,0
1527,3.83130,0.18880,2.75450,0.86070,0.02660,0,0,0,1599,5,0,1024,1024,0,1568,0
1528,3.83190,0.19010,2.88860,0.72970,0.02270,0,0,0,1599,5,0,1024,1024,0,1568,0
1529,3.55860,0.20140,2.58620,0.74660,0.02360,0,0,0,1599,5,0,1024,1024,0,1568,0
1530,3.61150,0.17890,2.68830,0.71720,0.02650,0,0,0,1599,5,0,1024,1024,0,1568,0
1531,5.33010,1.89670,2.60590,0.77540,0.05020,0,0,0,1599,5,0,1024,1024,0,1568,0
1532,3.40810,0.21990,2.44480,0.71820,0.02460,0,0,0,1599,5,0,1024,1024,0,1568,0
1533,3.51170,0.21790,2.38430,0.88200,0.02690,0,0,0,1599,5,0,1024,1024,0,1568,0
1534,3.34400,0.23150,2.38550,0.70170,0.02470,0,0,0,1599,5,0,1024,1024,0,1568,0
1535,3.45420,0.22750,2.49280,0.71060,0.02240,0,0,0,1599,5,0,1024,1024,0,1568,0
1536,3.51540,0.22290,2.48710,0.78170,0.02300,0,0,0,1599,5,0,1024,1024,0,1568,0
1537,3.35090,0.22220,2.36750,0.73710,0.02350,0,0,0,1599,5,0,1024,1024,0,1568,0
1538,3.67400,0.21330,2.39570,1.03420,0.03020,0,0,0,1599,5,0,1024,1024,0,1568,0
1539,3.44150,0.20880,2.48560,0.72160,0.02480,0,0,0,1599,5,0,1024,1024,0,1568,0
1540,3.38600,0.20850,2.44670,0.70540,0.02470,0,0,0,1599,5,0,1024,1024,0,1568,0
1541,3.44570,0.20950,2.48010,0.72620,0.02930,0,0,0,1599,5,0,1024,1024,0,1568,0
1542,3.34100,0.19480,2.42300,0.69650,0.02620,0,0,0,1599,5,0,1024,1024,0,1568,0
1543,3.43340,0.20480,2.39710,0.80720,0.02370,0,0,0,1599,5,0,1024,1024,0,1568,0
1544,3.29810,0.19730,2.37830,0.69760,0.02430,0,0,0,1599,5,0,1024,1024,0,1568,0
1545,3.37520,0.22290,2.40750,0.71920,0.02500,0,0,0,1599,5,0,1024,1024,0,1568,0
1546,5.06670,1.91020,2.43290,0.70130,0.02150,0,0,0,1599,5,0,1024,1024,0,1568,0
1547,3.32360,0.21180,2.36660,0.72260,0.02180,0,0,0,1599,5,0,1024,1024,0,1568,0
1548,3.32940,0.19610,2.40940,0.70150,0.02180,0,0,0,1599,5,0,1024,1024,0,1568,0
1549,3.46870,0.19090,2.44270,0.80920,0.02530,0,0,0,1599,5,0,1024,1024,0,1568,0
1550,3.32430,0.21600,2.32540,0.75600,0.02620,0,0,0,1599,5,0,1024,1024,0,1568,0
1551,3.67990,0.21230,2.66940,0.77340,0.02400,0,0,0,1599,5,0,1024,1024,0,1568,0
1552,3.38650,0.20830,2.38040,0.75920,0.03770,0,0,0,1599,5,0,1024,1024,0,1568,0
1553,3.35060,0.22450,2.38840,0.71350,0.02330,0,0,0,1599,5,0,1024,1024,0,1568,0
1554,3.33560,0.21900,2.37510,0.71810,0.02250,0,0,0,1599,5,0,1024,1024,0,1568,0
1555,3.59570,0.21300,2.52060,0.83690,0.02420,0,0,0,1599,5,0,1024,1024,0,1568,0
1556,3.45350,0.22950,2.49390,0.70300,0.02640,0,0,0,1599,5,0,1024,1024,0,1568,0
1557,5.27200,0.22290,4.05780,0.96360,0.02660,0,0,0,1599,5,0,1024,1024,0,1568,0
1558,3.35090,0.22180,2.35930,0.74640,0.02290,0,0,0,1599,5,0,1024,1024,0,1568,0
1559,3.47770,0.22260,2.36550,0.86560,0.02340,0,0,0,1599,5,0,1024,1024,0,1568,0
1560,3.40020,0.21450,2.38840,0.76700,0.02970,0,0,0,1599,5,0,1024,1024,0,1568,0
1561,7.02490,2.11160,4.08380,0.80910,0.01870,0,0,0,1599,5,0,1024,1024,0,1568,0
1562,5.65950,0.20400,4.64230,0.79350,0.01920,0,0,0,1599,5,0,1024,1024,0,1568,0
1563,4.45860,0.15710,3.52420,0.76130,0.01530,0,0,0,1599,5,0,1024,1024,0,1568,0
1564,4.72250,0.16970,3.77680,0.76060,0.01500,0,0,0,1599,5,0,1024,1024,0,1568,0
1565,4.60630,0.19130,3.67450,0.72370,0.01600,0,0,0,1599,5,0,1024,1024,0,1568,0
1566,4.48680,0.17000,3.44320,0.81170,0.06120,0,0,0,1599,5,0,1024,1024,0,1568,0
1567,4.04940,0.23180,3.03840,0.75850,0.02020,0,0,0,1599,5,0,1024,1024,0,1568,0
1568,4.63460,0.17770,3.69950,0.73850,0.01830,0,0,0,1599,5,0,1024,1024,0,1568,0
1569,3.95510,0.19550,3.01510,0.72460,0.01890,0,0,0,1599,5,0,1024,1024,0,1568,0
1570,4.24380,0.18410,2.88520,1.15320,0.02060,0,0,0,1599,5,0,1024,1024,0,1568,0
1571,3.82830,0.17520,2.92380,0.70800,0.02090,0,0,0,1599,5,0,1024,1024,0,1568,0
1572,3.83100,0.17480,2.89930,0.73950,0.01690,0,0,0,1599,5,0,1024,1024,0,1568,0
1573,3.93720,0.17530,2.96890,0.76640,0.02590,0,0,0,1599,5,0,1024,1024,0,1568,0
1574,4.23910,0.16050,3.27410,0.78450,0.01930,0,0,0,1599,5,0,1024,1024,0,1568,0
1575,3.87040,0.17980,2.90840,0.76300,0.01850,0,0,0,1599,5,0,1024,1024,0,1568,0
1576,5.40930,1.81360,2.84450,0.73470,0.01590,0,0,0,1599,5,0,1024,1024,0,1568,0
1577,3.76760,0.18450,2.84800,0.71330,0.02120,0,0,0,1599,5,0,1024,1024,0,1568,0
1578,3.83140,0.17580,2.88440,0.75070,0.01980,0,0,0,1599,5,0,1024,1024,0,1568,0
1579,3.65610,0.18450,2.72810,0.72360,0.01920,0,0,0,1599,5,0,1024,1024,0,1568,0
1580,3.69390,0.16270,2.80360,0.70850,0.01850,0,0,0,1599,5,0,1024,1024,0,1568,0
1581,3.85420,0.20530,2.92120,0.70820,0.01880,0,0,0,1599,5,0,1024,1024,0,1568,0
1582,3.55450,0.18480,2.56430,0.73680,0.06790,0,0,0,1599,5,0,1024,1024,0,1568,0
1583,3.46320,0.20120,2.55220,0.68520,0.02390,0,0,0,1599,5,0,1024,1024,0,1568,0
1584,3.42580,0.17420,2.55790,0.67640,0.01690,0,0,0,1599,5,0,1024,1024,0,1568,0
1585,3.72430,0.17610,2.78250,0.74710,0.01790,0,0,0,1599,5,0,1024,1024,0,1568,0
1586,3.65670,0.21310,2.70390,0.71970,0.01930,0,0,0,1599,5,0,1024,1024,0,1568,0
1587,3.44020,0.18180,2.54810,0.68820,0.02150,0,0,0,1599,5,0,1024,1024,0,1568,0
1588,3.46350,0.17010,2.48960,0.78390,0.01920,0,0,0,1599,5,0,1024,1024,0,1568,0
1589,3.56820,0.18460,2.59320,0.77070,0.01900,0,0,0,1599,5,0,1024,1024,0,1568,0
1590,4.95770,0.19290,4.00780,0.72890,0.02740,0,0,0,1599,5,0,1024,1024,0,1568,0
1591,5.29510,1.88150,2.58750,0.79350,0.03110,0,0,0,1599,5,0,1024,1024,0,1568,0
1592,3.41400,0.21620,2.45490,0.71920,0.02310,0,0,0,1599,5,0,1024,1024,0,1568,0
1593,3.56450,0.21770,2.57660,0.74850,0.02100,0,0,0,1599,5,0,1024,1024,0,1568,0
1594,3.52550,0.18440,2.47230,0.84190,0.02620,0,0,0,1599,5,0,1024,1024,0,1568,0
1595,3.33530,0.19200,2.40510,0.71420,0.02330,0,0,0,1599,5,0,1024,1024,0,1568,0
1596,3.45780,0.18280,2.50150,0.75000,0.02280,0,0,0,1599,5,0,1024,1024,0,1568,0
1597,3.71720,0.19150,2.56500,0.93230,0.02760,0,0,0,1599,5,0,1024,1024,0,1568,0
1598,3.56540,0.21890,2.53340,0.77620,0.03600,0,0,0,1599,5,0,1024,1024,0,1568,0
1599,3.57640,0.19510,2.50090,0.85370,0.02590,0,0,0,1599,5,0,1024,1024,0,1568,0
1600,3.51830,0.22470,2.47840,0.78640,0.02820,0,0,0,1599,5,0,1024,1024,0,1568,0
1601,3.65520,0.19340,2.63880,0.79510,0.02730,0,0,0,1599,5,0,1024,1024,0,1568,0
1602,3.52560,0.20430,2.55020,0.74700,0.02340,0,0,0,1599,5,0,1024,1024,0,1568,0
1603,5.14160,0.19230,4.06330,0.85660,0.02880,0,0,0,1599,5,0,1024,1024,0,1568,0
1604,4.94410,0.18110,4.03680,0.70340,0.02220,0,0,0,1599,5,0,1024,1024,0,1568,0
1605,5.03620,0.23820,3.98410,0.78950,0.02350,0,0,0,1599,5,0,1024,1024,0,1568,0
1606,5.69900,1.80110,3.15780,0.71540,0.02400,0,0,0,1599,5,0,1024,1024,0,1568,0
1607,4.11020,0.17870,3.17490,0.73270,0.02320,0,0,0,1599,5,0,1024,1024,0,1568,0
1608,3.66280,0.20510,2.56840,0.86480,0.02380,0,0,0,1599,5,0,1024,1024,0,1568,0
1609,3.40370,0.22690,2.45500,0.70210,0.01910,0,0,0,1599,5,0,1024,1024,0,1568,0
1610,4.15480,0.20570,3.16840,0.70530,0.07460,0,0,0,1599,5,0,1024,1024,0,1568,0
1611,3.31840,0.21080,2.35760,0.72630,0.02310,0,0,0,1599,5,0,1024,1024,0,1568,0
1612,3.30830,0.22040,2.38130,0.68640,0.01970,0,0,0,1599,5,0,1024,1024,0,1568,0
1613,3.40910,0.21020,2.49260,0.68250,0.02300,0,0,0,1599,5,0,1024,1024,0,1568,0
1614,3.34140,0.21170,2.38560,0.71470,0.02870,0,0,0,1599,5,0,1024,1024,0,1568,0
1615,3.39050,0.21020,2.43320,0.72020,0.02630,0,0,0,1599,5,0,1024,1024,0,1568,0
1616,3.23970,0.21210,2.31460,0.68840,0.02400,0,0,0,1599,5,0,1024,1024,0,1568,0
1617,3.36890,0.18980,2.41910,0.73600,0.02320,0,0,0,1599,5,0,1024,1024,0,1568,0
1618,3.63400,0.20720,2.64410,0.75910,0.02300,0,0,0,1599,5,0,1024,1024,0,1568,0
1619,3.36470,0.20670,2.40000,0.72900,0.02840,0,0,0,1599,5,0,1024,1024,0,1568,0
1620,3.52550,0.21870,2.47080,0.80890,0.02640,0,0,0,1599,5,0,1024,1024,0,1568,0
1621,6.74600,1.96820,4.00080,0.75500,0.02060,0,0,0,1599,5,0,1024,1024,0,1568,0
1622,4.82760,0.20530,3.84570,0.75730,0.01850,0,0,0,1599,5,0,1024,1024,0,1568,0
1623,5.00850,0.18670,3.92590,0.86330,0.03150,0,0,0,1599,5,0,1024,1024,0,1568,0
1624,4.66570,0.18040,3.71510,0.74520,0.02440,0,0,0,1599,5,0,1024,1024,0,1568,0
1625,4.78710,0.18790,3.88010,0.70000,0.01850,0,0,0,1599,5,0,1024,1024,0,1568,0
1626,4.77680,0.17180,3.79860,0.78250,0.02330,0,0,0,1599,5,0,1024,1024,0,1568,0
1627,3.75640,0.17020,2.85190,0.71400,0.01980,0,0,0,1599,5,0,1024,1024,0,1568,0
1628,3.50120,0.19900,2.58580,0.69510,0.02040,0,0,0,1599,5,0,1024,1024,0,1568,0
1629,4.09390,0.18060,3.16910,0.72310,0.02050,0,0,0,1599,5,0,1024,1024,0,1568,0
1630,3.44910,0.17110,2.54380,0.71490,0.01870,0,0,0,1599,5,0,1024,1024,0,1568,0
1631,3.46280,0.18620,2.55910,0.69710,0.01970,0,0,0,1599,5,0,1024,1024,0,1568,0
1632,3.58510,0.18980,2.66230,0.71270,0.01970,0,0,0,1599,5,0,1024,1024,0,1568,0
1633,3.56820,0.19010,2.65250,0.70560,0.01940,0,0,0,1599,5,0,1024,1024,0,1568,0
1634,4.18530,0.17730,3.27450,0.71280,0.01890,0,0,0,1599,5,0,1024,1024,0,1568,0
1635,3.42480,0.16670,2.54670,0.69310,0.01780,0,0,0,1599,5,0,1024,1024,0,1568,0
1636,5.21150,1.85090,2.66160,0.67770,0.02090,0,0,0,1599,5,0,1024,1024,0,1568,0
1637,3.50950,0.17930,2.56910,0.73970,0.02060,0,0,0,1599,5,0,1024,1024,0,1568,0
1638,4.85640,0.17420,3.87430,0.78780,0.01940,0,0,0,1599,5,0,1024,1024,0,1568,0
1639,3.49320,0.19150,2.62350,0.65620,0.02120,0,0,0,1599,5,0,1024,1024,0,1568,0
1640,3.59160,0.18500,2.58330,0.79370,0.02840,0,0,0,1599,5,0,1024,1024,0,1568,0
1641,3.50820,0.21240,2.55800,0.71820,0.01890,0,0,0,1599,5,0,1024,1024,0,1568,0
1642,3.45630,0.18540,2.55610,0.68630,0.02810,0,0,0,1599,5,0,1024,1024,0,1568,0
1643,4.91830,0.19490,3.90830,0.78740,0.02700,0,0,0,1599,5,0,1024,1024,0,1568,0
1644,3.41450,0.19140,2.50190,0.70320,0.01760,0,0,0,1599,5,0,1024,1024,0,1568,0
1645,3.40980,0.18950,2.50890,0.69130,0.01960,0,0,0,1599,5,0,1024,1024,0,1568,0
1646,3.58120,0.18530,2.66020,0.70070,0.03420,0,0,0,1599,5,0,1024,1024,0,1568,0
1647,3.41930,0.17430,2.49890,0.71140,0.03280,0,0,0,1599,5,0,1024,1024,0,1568,0
1648,3.56010,0.19430,2.61080,0.72730,0.02640,0,0,0,1599,5,0,1024,1024,0,1568,0
1649,3.53180,0.19630,2.57500,0.73300,0.02620,0,0,0,1599,5,0,1024,1024,0,1568,0
1650,3.41650,0.19520,2.48720,0.71140,0.02180,0,0,0,1599,5,0,1024,1024,0,1568,0
1651,5.18270,1.85480,2.47600,0.82220,0.02830,0,0,0,1599,5,0,1024,1024,0,1568,0
1652,3.46130,0.22440,2.38500,0.82280,0.02840,0,0,0,1599,5,0,1024,1024,0,1568,0
1653,3.36580,0.20370,2.42570,0.71230,0.02340,0,0,0,1599,5,0,1024,1024,0,1568,0
1654,3.29450,0.20900,2.37400,0.68600,0.02490,0,0,0,1599,5,0,1024,1024,0,1568,0
1655,3.32230,0.21450,2.32920,0.75130,0.02650,0,0,0,1599,5,0,1024,1024,0,1568,0
1656,3.41650,0.21500,2.45750,0.71830,0.02490,0,0,0,1599,5,0,1024,1024,0,1568,0
1657,3.21370,0.19540,2.28660,0.70070,0.03040,0,0,0,1599,5,0,1024,1024,0,1568,0
1658,3.24430,0.20000,2.28540,0.73000,0.02830,0,0,0,1599,5,0,1024,1024,0,1568,0
1659,3.20970,0.21340,2.19880,0.77580,0.02110,0,0,0,1599,5,0,1024,1024,0,1568,0
1660,3.28900,0.19810,2.24020,0.82050,0.02940,0,0,0,1599,5,0,1024,1024,0,1568,0
1661,3.31510,0.21700,2.28180,0.78830,0.02710,0,0,0,1599,5,0,1024,1024,0,1568,0
1662,3.14700,0.19920,2.24070,0.68290,0.02370,0,0,0,1599,5,0,1024,1024,0,1568,0
1663,3.17960,0.19950,2.25140,0.70310,0.02510,0,0,0,1599,5,0,1024,1024,0,1568,0
1664,3.19850,0.19880,2.30570,0.67080,0.02250,0,0,0,1599,5,0,1024,1024,0,1568,0
1665,3.30360,0.20580,2.28300,0.78200,0.03190,0,0,0,1599,5,0,1024,1024,0,1568,0
1666,5.00020,1.93670,2.35170,0.67950,0.03160,0,0,0,1599,5,0,1024,1024,0,1568,0
1667,3.36750,0.20250,2.32400,0.81360,0.02680,0,0,0,1599,5,0,1024,1024,0,1568,0
1668,3.15630,0.20150,2.23720,0.69310,0.02390,0,0,0,1599,5,0,1024,1024,0,1568,0
1669,3.21380,0.18530,2.31030,0.69210,0.02550,0,0,0,1599,5,0,1024,1024,0,1568,0
1670,3.05620,0.19650,2.17930,0.65660,0.02330,0,0,0,1599,5,0,1024,1024,0,1568,0
1671,3.11510,0.18380,2.22880,0.67990,0.02210,0,0,0,1599,5,0,1024,1024,0,1568,0
1672,3.10050,0.19280,2.20520,0.67500,0.02680,0,0,0,1599,5,0,1024,1024,0,1568,0
1673,3.11360,0.18030,2.20130,0.70600,0.02550,0,0,0,1599,5,0,1024,1024,0,1568,0
1674,3.17980,0.19320,2.25210,0.71040,0.02340,0,0,0,1599,5,0,1024,1024,0,1568,0
1675,3.76490,0.20780,2.74020,0.79320,0.02300,0,0,0,1599,5,0,1024,1024,0,1568,0
1676,3.24120,0.21250,2.29460,0.70900,0.02460,0,0,0,1599,5,0,1024,1024,0,1568,0
1677,3.25080,0.21700,2.28620,0.72070,0.02630,0,0,0,1599,5,0,1024,1024,0,1568,0
1678,3.25210,0.20310,2.21280,0.80780,0.02770,0,0,0,1599,5,0,1024,1024,0,1568,0
1679,3.17930,0.22020,2.18740,0.74490,0.02600,0,0,0,1599,5,0,1024,1024,0,1568,0
1680,3.58980,0.21250,2.62200,0.72330,0.03130,0,0,0,1599,5,0,1024,1024,0,1568,0
1681,8.22970,2.11460,5.16780,0.92550,0.02040,0,0,0,1599,5,0,1024,1024,0,1568,0
1682,5.17420,0.18300,4.16590,0.80780,0.01680,0,0,0,1599,5,0,1024,1024,0,1568,0
1683,5.61780,0.17760,4.58000,0.83300,0.02650,0,0,0,1599,5,0,1024,1024,0,1568,0
1684,4.26800,0.17770,3.05210,1.01790,0.01970,0,0,0,1599,5,0,1024,1024,0,1568,0
1685,4.72980,0.17310,3.76220,0.77160,0.02230,0,0,0,1599,5,0,1024,1024,0,1568,0
1686,4.66070,0.26640,3.61410,0.75780,0.02190,0,0,0,1599,5,0,1024,1024,0,1568,0
1687,4.77100,0.17460,3.79840,0.77460,0.02260,0,0,0,1599,5,0,1024,1024,0,1568,0
1688,4.59600,0.17630,3.64710,0.75360,0.01830,0,0,0,1599,5,0,1024,1024,0,1568,0
1689,3.87010,0.19160,2.95420,0.70580,0.01790,0,0,0,1599,5,0,1024,1024,0,1568,0
1690,3.57670,0.16270,2.68670,0.70670,0.01970,0,0,0,1599,5,0,1024,1024,0,1568,0
1691,3.41800,0.18410,2.52460,0.68330,0.02540,0,0,0,1599,5,0,1024,1024,0,1568,0
1692,3.55600,0.18350,2.66020,0.69170,0.01960,0,0,0,1599,5,0,1024,1024,0,1568,0
1693,3.57110,0.17050,2.58710,0.79050,0.02210,0,0,0,1599,5,0,1024,1024,0,1568,0
1694,3.52350,0.19500,2.59160,0.71890,0.01740,0,0,0,1599,5,0,1024,1024,0,1568,0
1695,3.43550,0.18540,2.55000,0.67890,0.02040,0,0,0,1599,5,0,1024,1024,0,1568,0
1696,5.24610,1.88390,2.60510,0.73700,0.01950,0,0,0,1599,5,0,1024,1024,0,1568,0
1697,3.52610,0.23580,2.56380,0.70300,0.02290,0,0,0,1599,5,0,1024,1024,0,1568,0
1698,3.69170,0.23570,2.58740,0.84620,0.02170,0,0,0,1599,5,0,1024,1024,0,1568,0
1699,4.93950,0.20150,3.97650,0.74140,0.01940,0,0,0,1599,5,0,1024,1024,0,1568,0
1700,3.65230,0.16140,2.75890,0.71100,0.02010,0,0,0,1599,5,0,1024,1024,0,1568,0
1701,3.42820,0.18400,2.53540,0.68940,0.01890,0,0,0,1599,5,0,1024,1024,0,1568,0
1702,3.47410,0.19550,2.51980,0.73210,0.02610,0,0,0,1599,5,0,1024,1024,0,1568,0
1703,3.39810,0.20460,2.41160,0.74630,0.03510,0,0,0,1599,5,0,1024,1024,0,1568,0
1704,3.39160,0.22820,2.38970,0.74530,0.02760,0,0,0,1599,5,0,1024,1024,0,1568,0
1705,3.49800,0.29660,2.42210,0.75270,0.02580,0,0,0,1599,5,0,1024,1024,0,1568,0
1706,3.55360,0.23220,2.47530,0.82060,0.02480,0,0,0,1599,5,0,1024,1024,0,1568,0
1707,3.45840,0.22230,2.49270,0.71580,0.02700,0,0,0,1599,5,0,1024,1024,0,1568,0
1708,3.35140,0.21150,2.39490,0.72190,0.02250,0,0,0,1599,5,0,1024,1024,0,1568,0
1709,3.31440,0.18820,2.39180,0.71070,0.02320,0,0,0,1599,5,0,1024,1024,0,1568,0
1710,3.36690,0.22950,2.35300,0.76260,0.02100,0,0,0,1599,5,0,1024,1024,0,1568,0
1711,7.08590,1.95150,4.15170,0.94890,0.03200,0,0,0,1599,5,0,1024,1024,0,1568,0
1712,5.71740,0.15660,4.73040,0.80630,0.02340,0,0,0,1599,5,0,1024,1024,0,1568,0
1713,3.97260,0.17620,3.02410,0.74720,0.02460,0,0,0,1599,5,0,1024,1024,0,1568,0
1714,4.46000,0.16490,3.43460,0.83240,0.02740,0,0,0,1599,5,0,1024,1024,0,1568,0
1715,4.37970,0.16770,3.39140,0.79640,0.02370,0,0,0,1599,5,0,1024,1024,0,1568,0
1716,4.61570,0.16610,3.39270,0.79690,0.25920,0,0,0,1599,5,0,1024,1024,0,1568,0
1717,4.08940,0.29970,3.00380,0.76600,0.01930,0,0,0,1599,5,0,1024,1024,0,1568,0
1718,4.38080,0.16840,3.44010,0.75090,0.02080,0,0,0,1599,5,0,1024,1024,0,1568,0
1719,3.84500,0.19180,2.84800,0.77390,0.03030,0,0,0,1599,5,0,1024,1024,0,1568,0
1720,3.95960,0.16350,3.04060,0.73720,0.01760,0,0,0,1599,5,0,1024,1024,0,1568,0
1721,3.88890,0.17700,2.92520,0.76750,0.01840,0,0,0,1599,5,0,1024,1024,0,1568,0
1722,3.62170,0.18490,2.64130,0.77390,0.02100,0,0,0,1599,5,0,1024,1024,0,1568,0
1723,3.71830,0.17320,2.78070,0.74320,0.02050,0,0,0,1599,5,0,1024,1024,0,1568,0
1724,3.88180,0.19170,2.92760,0.74460,0.01720,0,0,0,1599,5,0,1024,1024,0,1568,0
1725,3.81790,0.18060,2.81080,0.80280,0.02300,0,0,0,1599,5,0,1024,1024,0,1568,0
1726,5.23320,1.85530,2.67430,0.68480,0.01820,0,0,0,1599,5,0,1024,1024,0,1568,0
1727,3.72110,0.19200,2.69330,0.81670,0.01840,0,0,0,1599,5,0,1024,1024,0,1568,0
1728,3.50660,0.17440,2.61500,0.69770,0.01900,0,0,0,1599,5,0,1024,1024,0,1568,0
1729,3.46140,0.20460,2.53740,0.70300,0.01610,0,0,0,1599,5,0,1024,1024,0,1568,0
1730,3.49840,0.17790,2.61500,0.67720,0.02770,0,0,0,1599,5,0,1024,1024,0,1568,0
1731,3.59690,0.18770,2.63160,0.76030,0.01670,0,0,0,1599,5,0,1024,1024,0,1568,0
1732,3.48740,0.19510,2.56460,0.71040,0.01670,0,0,0,1599,5,0,1024,1024,0,1568,0
1733,3.66860,0.16490,2.66760,0.81280,0.02250,0,0,0,1599,5,0,1024,1024,0,1568,0
1734,3.47700,0.19240,2.55520,0.70640,0.02230,0,0,0,1599,5,0,1024,1024,0,1568,0
1735,3.49540,0.18090,2.57960,0.71350,0.02070,0,0,0,1599,5,0,1024,1024,0,1568,0
1736,3.45440,0.18700,2.54530,0.70090,0.02060,0,0,0,1599,5,0,1024,1024,0,1568,0
1737,3.51570,0.18290,2.60840,0.70140,0.02240,0,0,0,1599,5,0,1024,1024,0,1568,0
1738,3.52160,0.20820,2.57970,0.71180,0.02130,0,0,0,1599,5,0,1024,1024,0,1568,0
1739,3.47750,0.19500,2.54010,0.71800,0.02370,0,0,0,1599,5,0,1024,1024,0,1568,0
1740,3.43820,0.17620,2.52610,0.71810,0.01730,0,0,0,1599,5,0,1024,1024,0,1568,0
1741,8.30290,2.11410,5.29860,0.83980,0.04900,0,0,0,1599,5,0,1024,1024,0,1568,0
1742,5.29350,0.19980,4.28170,0.78520,0.02560,0,0,0,1599,5,0,1024,1024,0,1568,0
1743,6.24570,0.18700,5.19370,0.84040,0.02380,0,0,0,1599,5,0,1024,1024,0,1568,0
1744,4.74130,0.16010,3.78080,0.78080,0.01900,0,0,0,1599,5,0,1024,1024,0,1568,0
1745,5.11160,0.16830,4.12100,0.79350,0.02810,0,0,0,1599,5,0,1024,1024,0,1568,0
1746,4.44510,0.18320,3.47150,0.76850,0.02110,0,0,0,1599,5,0,1024,1024,0,1568,0
1747,3.89640,0.21320,2.89270,0.77400,0.01590,0,0,0,1599,5,0,1024,1024,0,1568,0
1748,3.96990,0.18000,3.06050,0.70860,0.02030,0,0,0,1599,5,0,1024,1024,0,1568,0
1749,3.88330,0.19070,2.91050,0.76300,0.01830,0,0,0,1599,5,0,1024,1024,0,1568,0
1750,3.62220,0.21480,2.67450,0.71500,0.01700,0,0,0,1599,5,0,1024,1024,0,1568,0
1751,4.29130,0.19650,2.93010,1.14490,0.01670,0,0,0,1599,5,0,1024,1024,0,1568,0
1752,3.91050,0.16330,2.98660,0.74170,0.01830,0,0,0,1599,5,0,1024,1024,0,1568,0
1753,3.86820,0.17420,2.91360,0.76080,0.01890,0,0,0,1599,5,0,1024,1024,0,1568,0
1754,3.58670,0.19130,2.60300,0.71540,0.07640,0,0,0,1599,5,0,1024,1024,0,1568,0
1755,3.50450,0.23090,2.57750,0.67090,0.02430,0,0,0,1599,5,0,1024,1024,0,1568,0
1756,5.57200,1.83250,2.94740,0.76860,0.02210,0,0,0,1599,5,0,1024,1024,0,1568,0
1757,3.48200,0.17620,2.52870,0.75190,0.02430,0,0,0,1599,5,0,1024,1024,0,1568,0
1758,3.56320,0.18530,2.57930,0.77920,0.01880,0,0,0,1599,5,0,1024,1024,0,1568,0
1759,3.57290,0.18490,2.63020,0.73620,0.02100,0,0,0,1599,5,0,1024,1024,0,1568,0
1760,3.91960,0.18110,2.98460,0.73010,0.02280,0,0,0,1599,5,0,1024,1024,0,1568,0
1761,3.83010,0.21880,2.87080,0.72110,0.01870,0,0,0,1599,5,0,1024,1024,0,1568,0
1762,3.53450,0.19570,2.59100,0.71190,0.03510,0,0,0,1599,5,0,1024,1024,0,1568,0
1763,3.61630,0.25710,2.54070,0.79630,0.02160,0,0,0,1599,5,0,1024,1024,0,1568,0
1764,3.47380,0.18900,2.55370,0.71200,0.01870,0,0,0,1599,5,0,1024,1024,0,1568,0
1765,3.43840,0.17260,2.53740,0.70870,0.01910,0,0,0,1599,5,0,1024,1024,0,1568,0
1766,3.45550,0.18400,2.55560,0.69280,0.02250,0,0,0,1599,5,0,1024,1024,0,1568,0
1767,3.33690,0.17950,2.42050,0.71600,0.02030,0,0,0,1599,5,0,1024,1024,0,1568,0
1768,3.45590,0.22640,2.44470,0.75830,0.02580,0,0,0,1599,5,0,1024,1024,0,1568,0
1769,3.48760,0.23610,2.47180,0.75820,0.02080,0,0,0,1599,5,0,1024,1024,0,1568,0
1770,5.01390,0.17800,4.12340,0.69010,0.02180,0,0,0,1599,5,0,1024,1024,0,1568,0
1771,6.57250,2.05840,3.72000,0.77450,0.01820,0,0,0,1599,5,0,1024,1024,0,1568,0
1772,5.23220,0.18960,4.27160,0.75030,0.02010,0,0,0,1599,5,0,1024,1024,0,1568,0
1773,4.35720,0.15470,3.42450,0.75720,0.02010,0,0,0,1599,5,0,1024,1024,0,1568,0
1774,5.33500,0.16710,4.35780,0.76020,0.04910,0,0,0,1599,5,0,1024,1024,0,1568,0
1775,5.98470,0.17160,5.02270,0.76910,0.02060,0,0,0,1599,5,0,1024,1024,0,1568,0
1776,3.91010,0.18880,2.94140,0.75940,0.01960,0,0,0,1599,5,0,1024,1024,0,1568,0
1777,4.46800,0.16580,3.54820,0.73500,0.01850,0,0,0,1599,5,0,1024,1024,0,1568,0
1778,4.33600,0.16000,3.39400,0.76470,0.01670,0,0,0,1599,5,0,1024,1024,0,1568,0
1779,4.77050,0.17380,3.43740,1.13130,0.02740,0,0,0,1599,5,0,1024,1024,0,1568,0
1780,4.34530,0.16480,3.40920,0.74780,0.02270,0,0,0,1599,5,0,1024,1024,0,1568,0
1781,4.35510,0.18120,3.37980,0.77070,0.02280,0,0,0,1599,5,0,1024,1024,0,1568,0
1782,3.66890,0.16600,2.75410,0.72970,0.01850,0,0,0,1599,5,0,1024,1024,0,1568,0
1783,3.81390,0.19640,2.78890,0.71890,0.10880,0,0,0,1599,5,0,1024,1024,0,1568,0
1784,3.56240,0.19060,2.63740,0.70300,0.03050,0,0,0,1599,5,0,1024,1024,0,1568,0
1785,3.40900,0.16740,2.53520,0.68300,0.02260,0,0,0,1599,5,0,1024,1024,0,1568,0
1786,5.65880,1.80980,3.09050,0.71820,0.03970,0,0,0,1599,5,0,1024,1024,0,1568,0
1787,3.89590,0.19610,2.92810,0.74980,0.02090,0,0,0,1599,5,0,1024,1024,0,1568,0
1788,3.48640,0.17910,2.57350,0.71430,0.01880,0,0,0,1599,5,0,1024,1024,0,1568,0
1789,3.45130,0.17990,2.54820,0.70170,0.02100,0,0,0,1599,5,0,1024,1024,0,1568,0
1790,4.54240,0.20190,3.55130,0.76830,0.02020,0,0,0,1599,5,0,1024,1024,0,1568,0
1791,3.50130,0.18900,2.52840,0.72400,0.05880,0,0,0,1599,5,0,1024,1024,0,1568,0
1792,4.57620,0.24060,3.57460,0.73780,0.02240,0,0,0,1599,5,0,1024,1024,0,1568,0
1793,3.63800,0.18910,2.68630,0.74110,0.02070,0,0,0,1599,5,0,1024,1024,0,1568,0
1794,3.91340,0.20570,2.87200,0.81360,0.02100,0,0,0,1599,5,0,1024,1024,0,1568,0
1795,3.95420,0.18610,2.98000,0.76470,0.02260,0,0,0,1599,5,0,1024,1024,0,1568,0
1796,4.25280,0.21320,3.25610,0.76200,0.02070,0,0,0,1599,5,0,1024,1024,0,1568,0
1797,3.64100,0.22690,2.66720,0.72440,0.02110,0,0,0,1599,5,0,1024,1024,0,1568,0
1798,3.46750,0.17320,2.55060,0.72040,0.02190,0,0,0,1599,5,0,1024,1024,0,1568,0
1799,3.52810,0.18780,2.58720,0.72420,0.02800,0,0,0,1599,5,0,1024,1024,0,1568,0
1800,4.94910,0.20240,3.95340,0.76520,0.02680,0,0,0,1599,5,0,1024,1024,0,1568,0
