tick,total_ms,navigation_ms,neighbors_ms,avoidance_ms,integration_ms,expanded,pending,failed,coarse,fallbacks,replans,first_arrived,current_arrived,never_ready,safety_pair_checks,limited
1,13.71620,8.54060,4.36510,0.77980,0.02920,529,942,0,16,0,0,0,0,942,1534,0
2,7.70830,3.70190,3.19450,0.78980,0.02150,509,926,0,32,0,0,0,0,926,1534,0
3,6.91390,3.10560,3.02510,0.75270,0.02990,402,910,0,48,0,0,0,0,910,1541,0
4,8.19490,3.50370,3.82470,0.83970,0.02590,467,894,0,64,0,0,0,0,894,1541,0
5,8.40990,3.63360,3.98370,0.77120,0.02030,500,878,0,80,0,0,0,0,878,1533,0
6,6.12660,2.77420,2.61220,0.72020,0.01860,416,862,0,96,0,0,0,0,862,1527,0
7,6.65420,2.97380,2.90510,0.75260,0.02190,372,846,0,112,0,0,0,0,846,1532,0
8,6.34190,2.92870,2.67300,0.71980,0.01940,469,832,0,128,0,0,0,0,830,1532,0
9,6.73230,3.34440,2.62640,0.73890,0.02160,689,817,0,144,0,0,0,0,814,1537,0
10,6.24190,3.09030,2.38840,0.74010,0.02210,711,801,0,160,0,0,0,0,798,1532,0
11,5.90740,2.85490,2.27400,0.75090,0.02680,353,785,0,176,0,0,0,0,782,1533,0
12,6.84030,2.82010,3.24430,0.75060,0.02450,439,769,0,192,0,0,0,0,766,1535,0
13,6.67660,2.89400,2.97920,0.77970,0.02300,420,754,0,208,0,0,0,0,750,1530,0
14,6.23350,3.03200,2.36160,0.81850,0.02090,591,739,0,224,0,0,0,0,734,1542,0
15,6.63680,2.87130,2.99620,0.74660,0.02200,434,723,0,240,0,0,0,0,718,1539,0
16,7.57260,4.46660,2.33090,0.74910,0.02480,429,707,0,256,0,0,0,0,702,1551,0
17,6.73910,2.69110,3.21390,0.80250,0.03080,340,692,0,272,0,0,0,0,686,1571,0
18,6.14820,3.07680,2.29080,0.76000,0.01990,636,676,0,288,0,0,0,0,670,1567,0
19,6.24460,3.21990,2.29530,0.70630,0.02210,602,660,0,304,0,0,0,0,654,1564,0
20,5.86490,2.80250,2.31360,0.72470,0.02300,326,645,0,320,0,0,0,0,638,1563,0
21,5.88940,2.91630,2.22630,0.72100,0.02520,501,629,0,336,0,0,0,0,622,1557,0
22,5.83960,2.81190,2.25630,0.74380,0.02680,414,613,0,352,0,0,0,0,606,1542,0
23,6.11860,3.11500,2.22010,0.75560,0.02700,595,598,0,368,0,0,0,0,590,1547,0
24,5.95340,2.76420,2.27740,0.86750,0.04320,330,584,0,384,0,0,0,0,574,1546,0
25,5.92420,2.86660,2.28570,0.74920,0.02190,511,569,0,400,0,0,0,0,558,1536,0
26,5.86000,2.83280,2.26220,0.74050,0.02360,419,553,0,416,0,0,0,0,542,1545,0
27,6.09210,2.82540,2.47620,0.76700,0.02250,449,538,0,432,0,0,0,0,526,1545,0
28,5.92940,2.80730,2.29230,0.80200,0.02700,445,523,0,448,0,0,0,0,510,1537,0
29,6.04530,2.96950,2.25550,0.76360,0.05590,367,508,0,464,1,0,0,0,494,1554,0
30,9.77500,6.75310,2.22480,0.76940,0.02690,1713,492,0,479,1,0,0,0,478,1549,0
31,10.30790,5.25200,4.04310,0.98380,0.02740,713,476,0,495,1,0,0,0,462,1549,0
32,8.10510,2.93420,4.26280,0.88910,0.01820,430,461,0,511,1,0,0,0,446,1565,0
33,9.00660,3.12950,4.97400,0.88590,0.01640,496,446,0,527,1,0,0,0,430,1580,0
34,7.30240,2.85320,3.58900,0.83990,0.01960,478,432,0,543,1,0,0,0,414,1588,0
35,7.26180,2.77490,3.63250,0.83540,0.01790,336,416,0,559,1,0,0,0,398,1578,0
36,7.90980,3.17060,3.84970,0.87230,0.01660,521,400,0,575,1,0,0,0,382,1568,0
37,7.32270,3.17990,3.26980,0.85470,0.01740,513,385,0,591,1,0,0,0,366,1592,0
38,6.94500,2.91990,3.16350,0.82690,0.03390,438,369,0,607,1,0,0,0,350,1594,0
39,8.34270,2.89280,4.11040,1.31060,0.02800,362,353,0,623,1,0,0,0,334,1605,0
40,7.61410,3.24520,3.40820,0.93600,0.02400,708,337,0,639,1,0,0,0,318,1609,0
41,6.60810,3.00730,2.79570,0.77950,0.02490,420,321,0,655,1,0,0,0,302,1635,0
42,6.46220,2.96470,2.66490,0.81090,0.02110,623,306,0,671,1,0,0,0,286,1650,0
43,6.69890,2.97240,2.85710,0.81600,0.05190,337,291,0,687,1,0,0,0,270,1653,0
44,6.90400,3.35870,2.70090,0.82420,0.01930,861,276,0,703,1,0,0,0,254,1670,0
45,6.86420,3.08440,2.90590,0.85540,0.01770,412,260,0,719,1,0,0,0,238,1704,0
46,8.11300,4.52560,2.78410,0.77530,0.02700,457,244,0,735,1,0,0,0,222,1717,0
47,7.77430,3.24270,3.59540,0.91260,0.02290,359,228,0,751,1,0,0,0,206,1710,0
48,6.34740,2.85080,2.67260,0.80530,0.01800,500,213,0,767,1,0,0,0,190,1709,0
49,9.56850,5.65260,3.03490,0.86050,0.01980,1490,198,0,783,2,0,0,0,174,1723,0
50,15.63810,12.12660,2.65140,0.83510,0.02400,3775,182,0,798,2,0,0,0,158,1739,0
51,6.49370,3.00680,2.67530,0.79010,0.02070,556,166,0,814,2,0,0,0,142,1731,0
52,6.52640,3.05100,2.66370,0.79210,0.01880,580,150,0,830,2,0,0,0,126,1752,0
53,9.69180,6.21400,2.60560,0.85260,0.01890,1683,135,0,846,3,0,0,0,110,1776,0
54,16.91910,13.43230,2.61290,0.83640,0.03650,4096,124,0,860,3,0,0,0,96,1772,0
55,17.45980,13.98630,2.62870,0.82170,0.02220,4096,112,0,875,3,0,0,0,81,1764,0
56,16.10920,12.59720,2.66740,0.82500,0.01880,4096,100,0,889,3,0,0,0,67,1789,0
57,15.91640,12.39720,2.61480,0.88030,0.02330,4096,86,0,903,3,0,0,0,53,1795,0
58,15.52420,12.01010,2.65220,0.83950,0.02160,4096,73,0,917,3,0,0,0,39,1810,0
59,17.88160,12.62370,4.04990,1.18290,0.02430,4096,58,0,932,3,0,0,0,24,1856,0
60,16.19770,12.60100,2.65930,0.91340,0.02310,4096,43,0,947,3,0,0,0,9,1876,0
61,19.97750,14.90490,3.97510,1.06540,0.03070,4096,33,0,957,4,0,0,0,1,1892,0
62,17.42540,13.92880,2.65400,0.82370,0.01800,4096,22,0,972,4,0,0,0,1,1921,0
63,15.93650,12.24500,2.71400,0.94330,0.03260,4096,7,0,987,4,0,0,0,1,1921,0
64,15.07100,11.31950,2.73340,0.98480,0.03210,4096,1,0,994,4,0,0,0,1,1943,0
65,16.33380,11.25950,4.03160,1.01360,0.02810,4096,1,0,996,4,0,0,0,1,1966,0
66,13.99820,10.40950,2.70770,0.85840,0.02180,4096,1,0,996,4,0,0,0,1,1983,0
67,14.34370,10.80910,2.65750,0.85030,0.02580,4096,1,0,998,4,0,0,0,1,1984,0
68,15.77020,11.21000,3.42330,1.09390,0.04210,4096,1,0,1003,4,0,0,0,1,2026,0
69,13.13820,9.63470,2.57160,0.90790,0.02300,4096,1,0,1007,4,0,0,0,1,2069,0
70,15.15150,11.09210,3.00900,1.01430,0.03430,4096,1,0,1009,4,0,0,0,1,2071,0
71,13.39090,9.94580,2.50180,0.89840,0.02420,4096,1,0,1009,4,0,0,0,1,2096,0
72,14.46940,11.02360,2.52690,0.89260,0.02540,4096,1,0,1010,4,0,0,0,1,2115,0
73,14.87910,11.06220,2.79080,0.98630,0.03880,4096,1,0,1012,4,0,0,0,1,2186,0
74,14.48400,10.71670,2.74730,0.98210,0.03670,4096,1,0,1012,4,0,0,0,1,2179,0
75,14.87030,11.13460,2.76750,0.93080,0.03510,4096,1,0,1015,4,0,0,0,1,2222,0
76,17.47730,14.01110,2.58180,0.85940,0.02370,4096,1,0,1016,4,0,0,0,1,2242,0
77,16.20780,12.76620,2.52240,0.88740,0.03070,4096,1,0,1021,4,0,0,0,1,2258,0
78,14.90390,11.18820,2.72920,0.95270,0.03240,4011,0,0,1021,4,0,0,0,0,2288,0
79,4.79170,1.28120,2.60260,0.87640,0.03040,49,0,0,1024,4,0,0,0,0,2300,0
80,4.25760,0.68360,2.56320,0.97450,0.03540,16,0,0,1025,4,0,0,0,0,2310,0
81,4.06660,0.60180,2.47570,0.94310,0.04510,12,0,0,1026,4,0,0,0,0,2324,0
82,4.21710,0.41490,2.73980,1.02430,0.03710,0,0,0,1026,4,0,0,0,0,2331,0
83,4.83360,1.18020,2.56410,1.06000,0.02860,88,0,0,1029,4,0,0,0,0,2360,0
84,4.43070,0.87960,2.53570,0.98780,0.02670,31,0,0,1031,4,0,0,0,0,2374,0
85,4.40670,0.87700,2.58450,0.90730,0.03660,48,0,0,1033,4,0,0,0,0,2405,0
86,4.17810,0.71550,2.39170,1.04420,0.02580,178,0,0,1034,4,0,0,0,0,2421,0
87,4.90140,1.41160,2.45890,1.00560,0.02440,64,0,0,1038,4,0,0,0,0,2430,0
88,4.08880,0.53270,2.47300,1.05610,0.02620,17,0,0,1039,4,0,0,0,0,2452,0
89,3.94600,0.43580,2.46060,1.02480,0.02410,0,0,0,1039,4,0,0,0,0,2499,0
90,4.82890,1.31660,2.48860,0.98430,0.03840,110,0,0,1045,4,0,0,0,0,2531,0
91,9.36500,3.20460,4.90920,1.22550,0.02410,95,0,0,1048,4,0,0,0,0,2559,0
92,6.26280,0.73750,4.19130,1.30440,0.02880,15,0,0,1049,4,0,0,0,0,2568,0
93,5.67150,0.70780,3.66940,1.26220,0.03120,26,0,0,1050,4,0,0,0,0,2614,0
94,6.41560,1.33530,3.95980,1.08950,0.03000,55,0,0,1053,4,0,0,0,0,2635,0
95,5.67520,0.66230,3.88560,1.10140,0.02490,12,0,0,1054,4,0,0,0,0,2607,0
96,5.46640,0.72680,3.67920,1.04040,0.01920,17,0,0,1055,4,0,0,0,0,2629,0
97,4.67460,0.72350,2.93680,0.97980,0.03360,22,0,0,1056,4,0,0,0,0,2651,0
98,4.91020,1.03180,2.89760,0.95980,0.02030,37,0,0,1058,4,0,0,0,0,2695,0
99,5.44950,0.70940,3.70130,1.01710,0.02090,13,0,0,1059,4,0,0,0,0,2764,0
100,6.17130,1.60290,3.59210,0.94750,0.02750,75,0,0,1063,4,0,0,0,0,2821,0
101,5.26890,1.04950,3.17300,1.02030,0.02530,51,0,0,1066,4,0,0,0,0,2856,0
102,4.87080,1.09410,2.80090,0.92700,0.04740,61,0,0,1070,4,0,0,0,0,2876,0
103,4.82750,0.63230,2.92040,1.25070,0.02320,22,0,0,1071,4,0,0,0,0,2935,0
104,5.34140,0.89850,3.12800,1.28360,0.03020,53,0,0,1073,4,0,0,0,0,2924,0
105,5.54170,1.53300,2.90210,1.05760,0.04830,124,0,0,1079,4,0,0,0,0,2913,0
106,6.67070,2.71780,2.88040,1.04090,0.03040,240,0,0,1082,4,0,0,0,0,2955,0
107,4.90660,0.99290,2.86590,1.01240,0.03450,42,0,0,1085,4,0,0,0,0,2970,0
108,4.62220,0.70470,2.86050,1.03010,0.02600,26,0,0,1086,4,0,0,0,0,2991,0
109,6.27650,1.16020,4.04260,1.04300,0.02990,73,0,0,1090,4,0,0,0,0,3028,0
110,4.02990,0.33930,2.65000,1.01040,0.02890,0,0,0,1090,4,0,0,0,0,3037,0
111,5.04060,1.06320,2.64810,1.29250,0.03550,29,0,0,1092,4,0,0,0,0,3036,0
112,4.93720,1.12200,2.75000,1.03030,0.03300,35,0,0,1094,4,0,0,0,0,3029,0
113,4.39770,0.66940,2.62680,1.07250,0.02810,17,0,0,1095,4,0,0,0,0,3051,0
114,5.12520,1.05690,2.96090,1.06730,0.03910,35,0,0,1097,4,0,0,0,0,3080,0
115,4.87970,1.11560,2.74670,0.97720,0.03910,57,0,0,1099,4,0,0,0,0,3089,0
116,4.48640,0.74130,2.67420,1.02630,0.04360,129,0,0,1100,4,0,0,0,0,3095,0
117,4.92880,1.02830,2.79150,1.07150,0.03650,59,0,0,1102,4,0,0,0,0,3085,0
118,4.76310,0.61470,2.99630,1.12200,0.02900,13,0,0,1103,4,0,0,0,0,3135,0
119,5.28290,1.30440,2.66430,1.27230,0.04070,71,0,0,1107,4,0,0,0,0,3150,0
120,4.92160,1.12740,2.70180,1.05850,0.03290,73,0,0,1110,4,0,0,0,0,3200,0
121,8.35470,2.86780,4.41470,1.04990,0.02090,18,0,0,1111,4,0,0,0,0,3199,0
122,6.73750,1.96680,3.60940,1.13900,0.02100,225,0,0,1116,4,0,0,0,0,3209,0
123,6.13600,0.84090,4.10190,1.17000,0.02250,28,0,0,1118,4,0,0,0,0,3227,0
124,6.55830,1.41100,4.00110,1.10150,0.04370,107,0,0,1124,4,0,0,0,0,3271,0
125,5.01950,0.90220,3.04010,1.04230,0.03390,32,0,0,1126,4,0,0,0,0,3313,0
126,5.10820,1.06670,2.97860,1.04140,0.02060,49,0,0,1128,4,0,0,0,0,3340,0
127,5.89530,0.95470,3.54440,1.37250,0.02280,32,0,0,1130,4,0,0,0,0,3393,0
128,6.10590,1.01070,3.94080,1.12520,0.02820,89,0,0,1133,4,0,0,0,0,3395,0
129,4.45170,0.62270,2.81130,0.99500,0.02180,107,0,0,1134,4,0,0,0,0,3427,0
130,4.84970,0.90240,2.83070,1.09450,0.02160,53,0,0,1137,4,0,0,0,0,3452,0
131,5.01320,1.00940,2.92950,1.05210,0.02150,59,0,0,1141,4,0,0,0,0,3470,0
132,4.83300,1.09700,2.71570,0.99680,0.02260,95,0,0,1145,4,0,0,0,0,3531,0
133,4.22330,0.55410,2.64460,1.00310,0.02070,13,0,0,1146,4,0,0,0,0,3534,0
134,4.58890,0.75130,2.69360,1.11670,0.02630,35,0,0,1148,4,0,0,0,0,3513,0
135,4.53320,0.70350,2.77780,1.02950,0.02190,26,0,0,1150,4,0,0,0,0,3531,0
136,6.58930,2.72840,2.84290,0.98680,0.03040,77,0,0,1154,4,0,0,0,0,3527,0
137,5.35180,1.45960,2.75890,1.10590,0.02660,247,0,0,1160,4,0,0,0,0,3551,0
138,4.45000,0.69070,2.76540,0.97010,0.02310,30,0,0,1162,4,0,0,0,0,3598,0
139,4.24600,0.51900,2.67120,1.03270,0.02250,21,0,0,1163,4,0,0,0,0,3579,0
140,4.57210,0.72870,2.79300,1.02350,0.02610,37,0,0,1165,4,0,0,0,0,3647,0
141,4.61320,0.73230,2.80040,1.05410,0.02570,35,0,0,1167,4,0,0,0,0,3576,0
142,4.26080,0.53940,2.75360,0.94360,0.02310,20,0,0,1168,4,0,0,0,0,3616,0
143,5.15060,1.22330,2.80430,1.10020,0.02210,115,0,0,1173,4,0,0,0,0,3636,0
144,4.76350,1.03620,2.71980,0.98550,0.02120,151,0,0,1177,4,0,0,0,0,3675,0
145,4.28900,0.56410,2.73390,0.96630,0.02400,21,0,0,1178,4,0,0,0,0,3672,0
146,4.18140,0.37630,2.74770,1.03520,0.02140,0,0,0,1178,4,0,0,0,0,3696,0
147,4.50950,0.72030,2.75340,1.00840,0.02660,29,0,0,1180,4,0,0,0,0,3707,0
148,4.37450,0.52860,2.75870,1.06180,0.02470,13,0,0,1181,4,0,0,0,0,3706,0
149,4.47850,0.69330,2.70000,1.06270,0.02170,30,0,0,1183,4,0,0,0,0,3739,0
150,4.34170,0.58810,2.70570,1.02140,0.02570,17,0,0,1184,4,0,0,0,0,3761,0
151,7.16850,2.62700,3.20080,1.30120,0.03770,42,0,0,1186,4,0,0,0,0,3754,0
152,6.94410,1.52520,4.12760,1.27470,0.01580,229,0,0,1191,4,0,0,0,0,3737,0
153,6.11030,0.55850,4.30780,1.22380,0.01910,18,0,0,1192,4,0,0,0,0,3785,0
154,6.95470,1.27420,4.34170,1.30520,0.03280,63,0,0,1196,4,0,0,0,0,3811,0
155,5.20450,0.73100,3.34620,1.10880,0.01790,18,0,0,1197,4,0,0,0,0,3801,0
156,5.29080,0.52330,3.66240,1.08660,0.01770,13,0,0,1198,4,0,0,0,0,3809,0
157,5.72330,0.77420,3.80060,1.12860,0.01910,41,0,0,1200,4,0,0,0,0,3795,0
158,5.83140,1.09570,3.63260,1.07770,0.02490,53,0,0,1204,4,0,0,0,0,3814,0
159,6.87140,1.58100,3.73800,1.51920,0.03220,90,0,0,1211,4,0,0,0,0,3864,0
160,5.30550,0.40810,3.64040,1.22810,0.02830,0,0,0,1211,4,0,0,0,0,3896,0
161,5.39240,0.57850,3.53060,1.25290,0.02960,14,0,0,1212,4,0,0,0,0,3922,0
162,5.75760,1.32100,3.37070,1.04530,0.01970,47,0,0,1215,4,0,0,0,0,3957,0
163,5.49090,0.57940,3.78960,1.10090,0.02020,14,0,0,1216,4,0,0,0,0,3968,0
164,5.19700,0.82030,3.25050,1.10530,0.02010,40,0,0,1218,4,0,0,0,0,3943,0
165,4.93510,0.38410,3.27080,1.24560,0.03380,0,0,0,1218,4,0,0,0,0,3991,0
166,7.40130,2.43710,3.66600,1.26490,0.03270,42,0,0,1220,4,0,0,0,0,4050,0
167,6.24330,1.24600,3.76100,1.21080,0.02460,205,0,0,1224,4,0,0,0,0,4095,0
168,5.82180,0.39370,4.19690,1.20430,0.02620,0,0,0,1224,4,0,0,0,0,4114,0
169,5.51030,0.93640,3.42350,1.12860,0.02120,47,0,0,1227,4,0,0,0,0,4114,0
170,5.29510,0.57120,3.51630,1.18790,0.01900,18,0,0,1228,4,0,0,0,0,4106,0
171,5.61560,0.73160,3.69520,1.16950,0.01870,57,0,0,1230,4,0,0,0,0,4131,0
172,5.52440,0.61370,3.83220,1.06070,0.01710,16,0,0,1231,4,0,0,0,0,4124,0
173,5.24750,0.86910,3.28490,1.07090,0.02190,40,0,0,1234,4,0,0,0,0,4148,0
174,5.55030,0.75590,3.53950,1.23270,0.02160,27,0,0,1236,4,0,0,0,0,4180,0
175,5.27540,0.71790,3.42160,1.09100,0.04420,22,0,0,1238,4,0,0,0,0,4187,0
176,5.07180,0.57170,3.41170,1.07080,0.01670,12,0,0,1239,4,0,0,0,0,4191,0
177,5.40530,0.58240,3.62160,1.18180,0.01870,21,0,0,1240,4,0,0,0,0,4242,0
178,5.31590,0.77590,3.40220,1.11900,0.01840,31,0,0,1242,4,0,0,0,0,4299,0
179,4.83210,0.41400,3.33040,1.06640,0.02080,0,0,0,1242,4,0,0,0,0,4325,0
180,5.46070,0.71080,3.66460,1.06740,0.01710,21,0,0,1244,4,0,0,0,0,4323,0
181,10.38140,2.14430,6.78680,1.42950,0.01920,0,0,0,1244,4,0,0,0,0,4374,0
182,9.31330,0.98810,7.01030,1.29440,0.01980,154,0,0,1246,4,0,0,0,0,4405,0
183,8.40230,0.65830,6.35150,1.37680,0.01460,13,0,0,1247,4,0,0,0,0,4492,0
184,7.28380,1.20180,4.94050,1.12410,0.01680,68,0,0,1251,4,0,0,0,0,4503,0
185,8.85960,0.42090,7.01210,1.40330,0.02260,0,0,0,1251,4,0,0,0,0,4486,0
186,6.27160,0.35670,4.66390,1.23000,0.02020,0,0,0,1251,4,0,0,0,0,4516,0
187,7.10950,0.65300,5.15220,1.28460,0.01890,16,0,0,1252,4,0,0,0,0,4553,0
188,7.02090,0.69060,5.10520,1.20640,0.01790,8,0,0,1253,4,0,0,0,0,4599,0
189,6.24710,0.39810,4.63210,1.17740,0.03870,0,0,0,1253,4,0,0,0,0,4641,0
190,5.85810,0.67330,4.01880,1.14670,0.01840,13,0,0,1254,4,0,0,0,0,4677,0
191,5.25940,0.32940,3.78030,1.12520,0.02320,0,0,0,1254,4,0,0,0,0,4710,0
192,6.85230,1.77720,3.80850,1.21160,0.05370,123,0,0,1259,4,0,0,0,0,4732,0
193,5.90680,0.64600,4.13300,1.10390,0.02270,14,0,0,1260,4,0,0,0,0,4768,0
194,6.84400,1.60900,3.89170,1.32140,0.02070,71,0,0,1265,4,0,0,0,0,4751,0
195,5.34430,0.69710,3.49390,1.12600,0.02610,14,0,0,1266,4,0,0,0,0,4753,0
196,6.93040,2.12830,3.59730,1.17230,0.03140,0,0,0,1266,4,0,0,0,0,4770,0
197,5.32850,0.68020,3.55940,1.06630,0.02030,19,0,0,1267,4,0,0,0,0,4822,0
198,6.10200,0.69200,4.14400,1.24270,0.02160,11,0,0,1268,4,0,0,0,0,4816,0
199,5.58590,0.91690,3.49310,1.15540,0.01980,37,0,0,1270,4,0,0,0,0,4830,0
200,5.09940,0.46900,3.47950,1.12680,0.02330,0,0,0,1270,4,0,0,0,0,4847,0
201,5.52990,0.61880,3.75390,1.13150,0.02510,7,0,0,1271,4,0,0,0,0,4876,0
202,5.05560,0.35240,3.50570,1.17330,0.02330,0,0,0,1271,4,0,0,0,0,4913,0
203,5.48490,0.64870,3.52230,1.29310,0.02010,8,0,0,1272,4,0,0,0,0,4951,0
204,5.42030,0.61640,3.54460,1.23650,0.02210,18,0,0,1273,4,0,0,0,0,4986,0
205,5.39200,0.76690,3.40430,1.19580,0.02430,20,0,0,1275,4,0,0,0,0,5021,0
206,4.99820,0.54110,3.27250,1.15920,0.02450,24,0,0,1276,4,0,0,0,0,5083,0
207,5.72250,1.32950,3.21250,1.15550,0.02390,118,0,0,1281,4,0,0,0,0,5176,0
208,6.01660,0.48700,4.19300,1.31030,0.02540,14,0,0,1282,4,0,1,1,0,5202,0
209,5.37660,0.90930,3.31950,1.12330,0.02370,38,0,0,1285,4,0,1,1,0,5162,0
210,4.96960,0.54490,3.25260,1.14610,0.02510,16,0,0,1286,4,0,1,1,0,5188,0
211,9.68140,2.96880,5.45360,1.22700,0.03050,54,0,0,1288,4,0,1,1,0,5194,0
212,8.61960,0.43370,6.69410,1.46100,0.02970,0,0,0,1288,4,0,1,1,0,5173,0
213,6.01550,1.16800,3.68030,1.14140,0.02500,37,0,0,1291,4,0,1,1,0,5213,0
214,5.73900,0.75590,3.65600,1.29980,0.02630,33,0,0,1293,4,0,1,1,0,5241,0
215,6.63180,0.54240,4.79450,1.27160,0.02230,16,0,0,1294,4,0,1,1,0,5301,0
216,5.86390,1.03740,3.55610,1.24300,0.02620,33,0,0,1296,4,0,1,1,0,5332,0
217,5.76560,0.38880,4.21620,1.13710,0.02270,0,0,0,1296,4,0,1,1,0,5336,0
218,5.27790,0.62030,3.35590,1.27400,0.02690,11,0,0,1297,4,0,1,1,0,5378,0
219,5.72530,1.02210,3.47540,1.20230,0.02350,27,0,0,1299,4,0,1,1,0,5417,0
220,5.72480,0.59330,3.85130,1.25390,0.02540,14,0,0,1300,4,0,1,1,0,5463,0
221,4.81490,0.34870,3.25400,1.18920,0.02230,0,0,0,1300,4,0,1,1,0,5462,0
222,5.56380,1.12680,3.26380,1.15020,0.02220,45,0,0,1303,4,0,1,1,0,5544,0
223,5.06370,0.55400,3.27890,1.20940,0.02080,12,0,0,1304,4,0,1,1,0,5590,0
224,5.28950,0.97460,3.10540,1.18560,0.02310,51,0,0,1307,4,0,1,1,0,5606,0
225,5.24950,0.75500,3.22420,1.23930,0.03030,20,0,0,1309,4,0,1,1,0,5638,0
226,7.17850,2.49680,3.39590,1.26050,0.02460,45,0,0,1311,4,0,1,1,0,5603,0
227,5.01480,0.52660,3.24860,1.21240,0.02630,9,0,0,1312,4,0,1,1,0,5662,0
228,5.18200,0.97810,3.06460,1.10450,0.03420,34,0,0,1315,4,0,1,1,0,5653,0
229,5.45010,0.87460,3.32690,1.22190,0.02570,54,0,0,1318,4,0,1,1,0,5652,0
230,5.01190,0.52130,3.27550,1.19320,0.02100,10,0,0,1319,4,0,1,1,0,5638,0
231,4.69190,0.33750,3.21300,1.11520,0.02570,0,0,0,1319,4,0,1,1,0,5677,0
232,4.55750,0.34310,3.05750,1.12140,0.03470,0,0,0,1319,4,0,1,1,0,5678,0
233,5.05990,0.53460,3.30430,1.19510,0.02530,11,0,0,1320,4,0,1,1,0,5710,0
234,5.28670,1.02950,3.13400,1.10320,0.01970,53,0,0,1324,4,0,1,1,0,5694,0
235,5.07470,0.60310,3.23250,1.20540,0.03270,22,0,0,1326,4,0,1,1,0,5707,0
236,4.66700,0.49610,3.07560,1.07240,0.02160,8,0,0,1327,4,0,1,1,0,5683,0
237,5.18300,0.98920,3.07090,1.10040,0.02180,53,0,0,1331,4,0,1,1,0,5658,0
238,4.95210,0.44040,3.22230,1.25600,0.03260,8,0,0,1332,4,0,1,1,0,5675,0
239,5.42600,0.90280,3.26310,1.23330,0.02600,52,0,0,1335,4,0,1,1,0,5681,0
240,4.88640,0.70680,2.99410,1.15970,0.02500,81,0,0,1337,4,0,1,1,0,5643,0
241,11.35880,2.85060,7.08370,1.40080,0.02170,29,0,0,1340,4,0,1,1,0,5623,0
242,7.07500,0.85010,4.93360,1.27090,0.01940,33,0,0,1342,4,0,1,1,0,5649,0
243,7.09840,0.67060,5.19560,1.20860,0.02260,26,0,0,1344,4,0,1,1,0,5686,0
244,6.87280,0.58400,5.00820,1.26100,0.01880,24,0,0,1345,4,0,1,1,0,5698,0
245,6.96250,0.35770,5.04950,1.53520,0.01920,0,0,0,1345,4,0,2,2,0,5720,0
246,6.63850,0.66610,4.36470,1.58930,0.01740,31,0,0,1347,4,0,2,2,0,5679,0
247,6.04170,0.58900,4.16000,1.26640,0.02510,23,0,0,1348,4,0,2,2,0,5676,0
248,6.13210,0.70840,4.22420,1.17740,0.02140,11,0,0,1349,4,0,2,2,0,5720,0
249,5.94910,0.30310,4.30050,1.32660,0.01810,0,0,0,1349,4,0,3,3,0,5736,0
250,6.34500,0.75620,4.30970,1.25920,0.01900,30,0,0,1351,4,0,3,3,0,5764,0
251,5.96330,0.40880,4.21250,1.32050,0.02070,0,0,0,1351,4,0,3,3,0,5783,0
252,6.41390,1.00550,4.15580,1.23370,0.01810,33,0,0,1354,4,0,3,2,0,5836,0
253,5.96800,0.66710,4.12610,1.15540,0.01860,17,0,0,1356,4,0,5,4,0,5845,0
254,6.53780,1.30000,4.02350,1.19150,0.02190,70,0,0,1361,4,0,5,4,0,5870,0
255,6.39170,0.71140,4.26130,1.39110,0.02710,35,0,0,1363,4,0,5,4,0,5798,0
256,7.56180,2.03260,4.26360,1.24520,0.01970,0,0,0,1363,4,0,5,4,0,5822,0
257,6.16640,0.77120,4.18640,1.18670,0.02150,32,0,0,1365,4,0,6,5,0,5835,0
258,5.76910,0.57670,3.95650,1.21580,0.01950,11,0,0,1366,4,0,7,6,0,5788,0
259,6.04200,0.35410,4.13350,1.53520,0.01850,0,0,0,1366,4,0,7,5,0,5785,0
260,5.79330,0.40300,4.14110,1.22770,0.02080,0,0,0,1366,4,0,7,4,0,5793,0
261,5.71500,0.73710,3.74490,1.21110,0.02070,31,0,0,1368,4,0,8,6,0,5755,0
262,6.44990,0.93030,4.20460,1.28210,0.03210,28,0,0,1370,4,0,8,6,0,5717,0
263,6.32640,0.38370,4.25780,1.66400,0.02030,0,0,0,1370,4,0,8,6,0,5750,0
264,6.17000,0.83550,4.14440,1.17070,0.01870,17,0,0,1372,4,0,8,7,0,5772,0
265,5.48160,0.70000,3.53710,1.22400,0.01970,29,0,0,1374,4,0,8,7,0,5796,0
266,5.43110,0.69010,3.50690,1.21380,0.01960,17,0,0,1376,4,0,8,7,0,5734,0
267,5.29080,0.49960,3.56280,1.20110,0.02650,8,0,0,1377,4,0,8,7,0,5693,0
268,6.27830,1.42450,3.52860,1.29440,0.03010,73,0,0,1384,4,0,10,9,0,5709,0
269,5.50630,1.01670,3.35270,1.11720,0.01910,40,0,0,1388,4,0,10,9,0,5690,0
270,5.14500,0.36110,3.53670,1.21760,0.02880,0,0,0,1388,4,0,11,10,0,5653,0
271,10.00090,2.69090,6.01240,1.27500,0.02130,19,0,0,1390,4,0,11,10,0,5666,0
272,7.99550,0.78490,5.98050,1.21010,0.01890,24,0,0,1392,4,0,12,11,0,5596,0
273,7.49090,1.08620,5.12400,1.25900,0.01860,60,0,0,1395,4,0,12,11,0,5572,0
274,7.24770,0.38650,5.55680,1.28890,0.01490,0,0,0,1395,4,0,12,11,0,5510,0
275,6.79770,0.53790,5.01150,1.22840,0.01920,12,0,0,1396,4,0,13,11,0,5467,0
276,6.95150,0.78760,4.80590,1.34000,0.01730,47,0,0,1398,4,0,13,11,0,5426,0
277,7.15550,0.49930,4.93100,1.70190,0.02250,6,0,0,1399,4,0,13,11,0,5430,0
278,5.92600,0.50550,4.16280,1.23850,0.01830,5,0,0,1400,4,0,13,10,0,5407,0
279,6.06700,0.41130,4.27740,1.35130,0.02620,0,0,0,1400,4,0,13,11,0,5419,0
280,6.22550,0.89590,4.12530,1.18300,0.02070,24,0,0,1402,4,0,13,11,0,5415,0
281,6.23810,0.86490,4.09730,1.25390,0.02110,27,0,0,1404,4,0,13,11,0,5351,0
282,5.96340,0.48910,4.16470,1.28580,0.02290,4,0,0,1405,4,0,13,12,0,5350,0
283,5.80810,0.71060,3.94090,1.13770,0.01810,15,0,0,1407,4,0,13,11,0,5306,0
284,5.71970,0.50860,3.96580,1.22270,0.02200,6,0,0,1408,4,0,13,11,0,5269,0
285,5.56670,0.37800,3.65720,1.50940,0.02140,0,0,0,1408,4,0,13,12,0,5210,0
286,7.36670,2.58110,3.59640,1.16860,0.01980,29,0,0,1410,4,0,13,13,0,5241,0
287,5.63990,0.78360,3.61610,1.21900,0.02030,22,0,0,1412,4,0,13,13,0,5181,0
288,5.87840,1.01830,3.72010,1.12050,0.01840,105,0,0,1416,4,0,13,13,0,5168,0
289,5.15800,0.32760,3.65890,1.12200,0.04830,0,0,0,1416,4,0,13,12,0,5154,0
290,5.58150,0.87040,3.54240,1.14420,0.02390,21,0,0,1419,4,0,14,13,0,5115,0
291,5.46600,0.87960,3.42350,1.14180,0.02040,68,0,0,1422,4,0,14,14,0,5058,0
292,5.69660,0.36210,4.10080,1.20110,0.03180,0,0,0,1422,4,0,16,16,0,5059,0
293,5.96150,0.68600,4.09550,1.15790,0.02070,13,0,0,1424,4,0,16,16,0,5050,0
294,5.07930,0.36220,3.46370,1.23070,0.02190,0,0,0,1424,4,0,16,16,0,5021,0
295,5.09570,0.51460,3.37080,1.19080,0.01880,8,0,0,1425,4,0,17,17,0,4990,0
296,5.58070,0.36560,4.10540,1.09180,0.01710,0,0,0,1425,4,0,19,19,0,4962,0
297,4.98870,0.55270,3.35070,1.06780,0.01700,11,0,0,1426,4,0,20,20,0,4922,0
298,4.86400,0.36050,3.30370,1.17820,0.02110,0,0,0,1426,4,0,20,20,0,4922,0
299,5.32710,0.79120,3.32050,1.19100,0.02380,21,0,0,1429,4,0,20,20,0,4894,0
300,5.10220,0.64220,3.31120,1.12180,0.02610,22,0,0,1431,4,0,20,20,0,4866,0
301,8.95060,2.79750,4.76900,1.36190,0.02070,34,0,0,1433,4,0,22,22,0,4789,0
302,7.48810,0.37970,5.65720,1.42310,0.02730,0,0,0,1433,4,0,22,22,0,4750,0
303,6.67220,0.92110,4.53690,1.19500,0.01840,70,0,0,1435,4,0,24,23,0,4709,0
304,6.00270,0.43000,4.37330,1.18220,0.01640,0,0,0,1435,4,0,25,24,0,4660,0
305,6.50730,0.50120,4.63010,1.32790,0.04730,5,0,0,1436,4,0,27,25,0,4659,0
306,7.31600,1.69230,4.04570,1.55450,0.02270,105,0,0,1444,4,0,28,26,0,4619,0
307,5.77270,0.50770,4.15680,1.08840,0.01900,8,0,0,1445,4,0,28,26,0,4580,0
308,5.65080,0.66820,3.72190,1.23470,0.02510,17,0,0,1447,4,0,28,24,0,4567,0
309,5.57690,0.54100,3.86240,1.15460,0.01830,17,0,0,1448,4,0,29,27,0,4551,0
310,5.50150,0.53880,3.82420,1.11770,0.02000,9,0,0,1449,4,0,30,28,0,4566,0
311,4.83360,0.38620,3.42330,1.00650,0.01710,0,0,0,1449,4,0,30,29,0,4533,0
312,5.18630,0.66470,3.40270,1.08240,0.03570,15,0,0,1451,4,0,32,31,0,4441,0
313,4.96950,0.49450,3.36830,1.08460,0.02160,5,0,0,1452,4,0,32,31,0,4445,0
314,4.92520,0.52410,3.39400,0.98750,0.01890,6,0,0,1453,4,0,32,31,0,4401,0
315,5.14570,0.61860,3.42350,1.08070,0.02220,22,0,0,1455,4,0,34,33,0,4397,0
316,7.91890,2.14050,4.69430,1.06240,0.02120,16,0,0,1456,4,0,34,33,0,4383,0
317,4.73000,0.37950,3.30590,1.00690,0.03700,0,0,0,1456,4,0,35,34,0,4313,0
318,5.35490,0.91920,3.33960,1.02830,0.06680,77,0,0,1459,4,0,35,34,0,4279,0
319,4.77250,0.39100,3.27280,1.08010,0.02780,0,0,0,1459,4,0,36,35,0,4243,0
320,4.76250,0.49350,3.17760,1.07210,0.01820,7,0,0,1460,4,0,39,38,0,4220,0
321,5.53350,1.18010,3.27830,1.05120,0.02310,49,0,0,1465,4,0,43,42,0,4157,0
322,4.79190,0.64270,3.14250,0.98390,0.02220,9,0,0,1467,4,0,45,43,0,4142,0
323,4.66980,0.48270,3.15630,1.01080,0.01930,10,0,0,1468,4,0,48,45,0,4117,0
324,5.48680,0.36340,4.07510,1.01900,0.02870,0,0,0,1468,4,0,49,44,0,4092,0
325,4.69830,0.54630,3.11220,1.01760,0.02160,25,0,0,1469,4,0,51,45,0,4031,0
326,4.44830,0.36660,3.06670,0.99470,0.01960,0,0,0,1469,4,0,55,50,0,3985,0
327,4.60320,0.51740,3.06300,0.99920,0.02280,15,0,0,1470,4,0,56,48,0,3930,0
328,4.81000,0.76030,3.04130,0.98610,0.02150,20,0,0,1472,4,0,56,52,0,3858,0
329,4.66180,0.77450,2.84540,1.01880,0.02250,22,0,0,1475,4,0,57,52,0,3784,0
330,5.76480,0.68040,4.09360,0.96650,0.02350,42,0,0,1477,4,0,57,49,0,3787,0
331,6.31200,2.46180,2.75200,1.05140,0.04470,6,0,0,1478,4,0,58,50,0,3784,0
332,4.11910,0.35750,2.80270,0.93430,0.02410,0,0,0,1478,4,0,59,51,0,3774,0
333,4.42800,0.67600,2.77780,0.94510,0.02840,51,0,0,1479,4,0,59,53,0,3761,0
334,4.17630,0.37860,2.84340,0.92570,0.02820,0,0,0,1479,4,0,60,52,0,3694,0
335,4.22410,0.38400,2.83830,0.97490,0.02620,0,0,0,1479,4,0,60,53,0,3680,0
336,4.97370,1.17000,2.79710,0.97820,0.02440,46,0,0,1483,4,0,61,54,0,3620,0
337,4.25450,0.48030,2.77300,0.97040,0.03000,3,0,0,1484,4,0,63,57,0,3584,0
338,4.39590,0.47390,2.88480,1.01170,0.02480,10,0,0,1485,4,0,67,60,0,3566,0
339,4.13700,0.37600,2.80820,0.92550,0.02690,0,0,0,1485,4,0,68,62,0,3535,0
340,4.17340,0.36850,2.78920,0.98880,0.02630,0,0,0,1485,4,0,68,63,0,3481,0
341,4.76670,0.75230,3.02060,0.97090,0.02200,10,0,0,1487,4,0,69,62,0,3478,0
342,4.14480,0.31880,2.91190,0.88690,0.02670,0,0,0,1487,4,0,70,61,0,3477,0
343,4.79860,0.90010,2.85000,1.02140,0.02540,22,0,0,1489,4,0,71,60,0,3470,0
344,5.21180,1.33620,2.77430,1.06670,0.03370,25,0,0,1493,4,0,72,61,0,3471,0
345,4.92110,0.85320,3.06640,0.97170,0.02890,49,0,0,1495,4,0,74,65,0,3452,0
346,6.00530,2.23700,2.80950,0.93070,0.02690,7,0,0,1496,4,0,74,64,0,3442,0
347,4.44880,0.60720,2.79170,1.02450,0.02420,11,0,0,1497,4,0,74,65,0,3423,0
348,4.71310,0.92760,2.76420,0.99680,0.02370,60,0,0,1499,4,0,77,67,0,3408,0
349,4.30900,0.55980,2.72570,0.99920,0.02350,6,0,0,1500,4,0,77,68,0,3345,0
350,3.93210,0.36110,2.65650,0.88860,0.02520,0,0,0,1500,4,0,80,67,0,3323,0
351,3.98320,0.35860,2.66350,0.93630,0.02400,0,0,0,1500,4,0,81,70,0,3248,0
352,4.83150,1.20170,2.62520,0.97730,0.02630,21,0,0,1503,4,0,84,72,0,3240,0
353,4.01930,0.61380,2.48870,0.89100,0.02500,7,0,0,1504,4,0,85,74,0,3226,0
354,3.97660,0.37850,2.64710,0.92490,0.02540,0,0,0,1504,4,0,86,75,0,3199,0
355,4.18520,0.34540,2.55200,1.25370,0.03330,0,0,0,1504,4,0,86,77,0,3197,0
356,4.28350,0.71270,2.57240,0.96590,0.03140,14,0,0,1506,4,0,88,77,0,3169,0
357,3.81460,0.36330,2.54110,0.87940,0.03020,0,0,0,1506,4,0,89,79,0,3178,0
358,4.89980,0.94030,2.88930,1.02800,0.04080,50,0,0,1509,4,0,90,79,0,3128,0
359,4.30860,0.72070,2.59740,0.96000,0.02990,15,0,0,1511,4,0,93,81,0,3098,0
360,3.79780,0.35530,2.53710,0.87570,0.02910,0,0,0,1511,4,0,96,84,0,3030,0
361,7.73870,2.21700,4.53180,0.96410,0.02410,0,0,0,1511,4,0,98,88,0,2995,0
362,6.41580,0.90040,4.39610,1.09650,0.02210,15,0,0,1513,4,0,100,88,0,2978,0
363,5.88220,0.62700,4.27980,0.95530,0.01950,6,0,0,1514,4,0,101,89,0,2932,0
364,6.19850,0.59640,4.58970,0.99680,0.01490,30,0,0,1515,4,0,104,93,0,2871,0
365,5.07390,0.50610,3.62070,0.92890,0.01730,9,0,0,1516,4,0,107,93,0,2844,0
366,5.26150,0.95090,3.36390,0.92580,0.02020,20,0,0,1519,4,0,111,95,0,2855,0
367,4.94010,0.68130,3.29430,0.94020,0.02340,17,0,0,1521,4,0,112,95,0,2819,0
368,4.80210,0.47320,3.37330,0.93380,0.02130,4,0,0,1522,4,0,114,95,0,2816,0
369,4.63120,0.35370,3.32330,0.93800,0.01550,0,0,0,1522,4,0,115,97,0,2771,0
370,4.64350,0.35240,3.37050,0.90110,0.01870,0,0,0,1522,4,0,115,96,0,2773,0
371,4.90030,0.51490,3.44980,0.91810,0.01660,9,0,0,1523,4,0,117,97,0,2748,0
372,4.71440,0.69080,3.11400,0.89050,0.01830,19,0,0,1525,4,0,120,99,0,2697,0
373,4.72590,0.51510,3.28420,0.90790,0.01800,5,0,0,1526,4,0,123,100,0,2656,0
374,4.97080,0.60730,3.24260,1.09750,0.02270,10,0,0,1527,4,0,126,104,0,2652,0
375,4.40570,0.50690,2.91260,0.96260,0.02290,26,0,0,1528,4,0,129,105,0,2635,0
376,5.88050,1.96690,3.03180,0.86360,0.01760,0,0,0,1528,4,0,134,110,0,2607,0
377,4.05100,0.33300,2.86800,0.83170,0.01770,0,0,0,1528,4,0,137,117,0,2595,0
378,4.40220,0.34380,3.13650,0.90350,0.01730,0,0,0,1528,4,0,137,114,0,2587,0
379,4.49690,0.67080,2.83460,0.97030,0.02070,20,0,0,1530,4,0,142,119,0,2600,0
380,4.20830,0.40630,2.83190,0.94410,0.02550,0,0,0,1530,4,0,145,120,0,2550,0
381,4.50290,0.67600,2.87550,0.92850,0.02210,15,0,0,1532,4,0,149,123,0,2507,0
382,4.19670,0.50940,2.81570,0.85300,0.01820,6,0,0,1533,4,0,151,125,0,2493,0
383,4.51240,0.66570,2.95970,0.86660,0.01970,16,0,0,1535,4,0,154,129,0,2481,0
384,4.17270,0.47590,2.83430,0.84240,0.01950,6,0,0,1536,4,0,158,131,0,2436,0
385,4.21110,0.51090,2.85630,0.82630,0.01680,31,0,0,1537,4,0,160,133,0,2432,0
386,4.45090,0.67040,2.90730,0.85490,0.01750,13,0,0,1539,4,0,161,132,0,2410,0
387,4.23510,0.50880,2.80060,0.90470,0.02040,11,0,0,1540,4,0,166,135,0,2395,0
388,4.14340,0.39450,2.85680,0.86990,0.02150,0,0,0,1540,4,0,168,139,0,2346,0
389,4.12150,0.37620,2.80140,0.92360,0.01950,0,0,0,1540,4,0,171,143,0,2332,0
390,5.41620,0.57450,4.04620,0.77250,0.02230,26,0,0,1541,4,0,173,142,0,2326,0
391,9.10900,2.46970,5.68300,0.93640,0.01830,10,0,0,1542,4,0,177,146,0,2293,0
392,7.52140,0.65640,5.81490,1.02760,0.02150,10,0,0,1543,4,0,180,148,0,2274,0
393,7.12410,0.70480,5.45690,0.94240,0.01890,5,0,0,1544,4,0,180,149,0,2270,0
394,6.19190,0.58020,4.67350,0.92190,0.01550,7,0,0,1545,4,0,182,151,0,2272,0
395,7.02270,0.37310,5.63580,0.98510,0.02770,0,0,0,1545,4,0,188,154,0,2274,0
396,6.95150,0.51720,5.41130,1.00540,0.01670,11,0,0,1546,4,0,195,161,0,2244,0
397,5.59230,0.55590,4.10720,0.91400,0.01480,6,0,0,1547,4,0,201,166,0,2217,0
398,5.71420,0.52730,4.15700,1.00910,0.02010,5,0,0,1548,4,0,202,167,0,2188,0
399,6.29700,0.52750,4.34980,1.39950,0.01950,6,0,0,1549,4,0,204,169,0,2176,0
400,5.70080,0.55620,4.12050,0.99400,0.02940,8,0,0,1550,4,0,209,170,0,2152,0
401,5.16110,0.71640,3.38160,0.96050,0.10160,14,0,0,1552,4,0,212,176,0,2166,0
402,4.64910,0.54030,3.21760,0.87140,0.01910,9,0,0,1553,4,0,214,177,0,2144,0
403,4.60730,0.46980,3.22020,0.89690,0.01970,2,0,0,1554,4,0,219,183,0,2149,0
404,5.10110,0.36460,3.82220,0.89470,0.01910,0,0,0,1554,4,0,220,182,0,2129,0
405,4.38620,0.34800,3.20700,0.81250,0.01790,0,0,0,1554,4,0,222,183,0,2097,0
406,6.14740,2.12520,3.08620,0.91740,0.01780,11,0,0,1555,4,0,226,185,0,2078,0
407,4.03290,0.35040,2.82660,0.83850,0.01660,0,0,0,1555,4,0,231,193,0,2056,0
408,4.13200,0.49030,2.72050,0.88570,0.03450,5,0,0,1556,4,0,234,198,0,2032,0
409,4.19970,0.51980,2.72970,0.93270,0.01680,7,0,0,1557,4,0,241,199,0,2022,0
410,4.07530,0.33500,2.87280,0.83850,0.02810,0,0,0,1557,4,0,244,202,0,1996,0
411,3.73830,0.31120,2.61000,0.79340,0.02300,0,0,0,1557,4,0,251,210,0,1967,0
412,3.82930,0.31250,2.60380,0.89280,0.01950,0,0,0,1557,4,0,254,214,0,1933,0
413,3.91250,0.30770,2.63750,0.93760,0.02870,0,0,0,1557,4,0,258,218,0,1904,0
414,3.89650,0.38820,2.68150,0.80430,0.02160,0,0,0,1557,4,0,263,223,0,1894,0
415,4.16270,0.55470,2.77910,0.80650,0.02160,6,0,0,1558,4,0,265,221,0,1914,0
416,4.48110,0.97350,2.63080,0.85580,0.02030,27,0,0,1561,4,0,266,220,0,1913,0
417,3.92500,0.45660,2.64460,0.80620,0.01700,11,0,0,1562,4,0,269,225,0,1911,0
418,4.12350,0.35180,2.79730,0.94810,0.02570,0,0,0,1562,4,0,274,235,0,1887,0
419,3.97020,0.34190,2.74880,0.83030,0.04840,0,0,0,1562,4,0,276,234,0,1880,0
420,3.62620,0.33110,2.49020,0.78390,0.02020,0,0,0,1562,4,0,277,235,0,1866,0
421,8.67310,2.04980,5.61160,0.98910,0.02130,0,0,0,1562,4,0,279,236,0,1864,0
422,7.05760,0.57460,5.45730,1.01070,0.01420,9,0,0,1563,4,0,283,240,0,1855,0
423,7.50850,0.34870,5.97760,1.05320,0.12830,0,0,0,1563,4,0,285,242,0,1832,0
424,6.71360,0.36020,5.36520,0.97220,0.01540,0,0,0,1563,4,0,289,245,0,1819,0
425,5.73200,0.30080,4.49960,0.91030,0.02050,0,0,0,1563,4,0,291,243,0,1807,0
426,4.95730,0.36600,3.64370,0.92440,0.02210,0,0,0,1563,4,0,295,247,0,1812,0
427,6.74330,0.35010,5.39000,0.90800,0.09450,0,0,0,1563,4,0,298,251,0,1788,0
428,5.13030,0.37310,3.88550,0.84510,0.02560,0,0,0,1563,4,0,298,257,0,1789,0
429,4.19870,0.37640,2.99180,0.81290,0.01680,0,0,0,1563,4,0,302,254,0,1773,0
430,4.59840,0.63920,3.09700,0.84310,0.01840,7,0,0,1564,4,0,308,261,0,1748,0
431,4.61810,0.60470,3.05460,0.88220,0.07550,6,0,0,1565,4,0,312,266,0,1749,0
432,4.51880,0.35010,3.22500,0.91880,0.02370,0,0,0,1565,4,0,313,269,0,1757,0
433,4.33020,0.36350,3.06410,0.86140,0.03990,0,0,0,1565,4,0,317,274,0,1736,0
434,4.28960,0.37310,3.02590,0.83900,0.05070,0,0,0,1565,4,0,324,279,0,1711,0
435,4.25610,0.37180,3.01740,0.84900,0.01710,0,0,0,1565,4,0,331,287,0,1717,0
436,6.31240,1.95760,3.16690,1.16090,0.02550,0,0,0,1565,4,0,334,290,0,1717,0
437,4.73460,0.64620,3.15000,0.90230,0.03480,9,0,0,1566,4,0,343,303,0,1714,0
438,3.80590,0.37840,2.63750,0.76960,0.01940,0,0,0,1566,4,0,348,307,0,1719,0
439,4.39760,0.36110,2.89350,1.12110,0.02070,0,0,0,1566,4,0,352,308,0,1698,0
440,4.15140,0.34090,2.93560,0.85500,0.01950,0,0,0,1566,4,0,355,306,0,1717,0
441,4.95900,0.34330,3.76120,0.83520,0.01850,0,0,0,1566,4,0,357,310,0,1715,0
442,3.88810,0.32920,2.69170,0.84710,0.01930,0,0,0,1566,4,0,360,308,0,1715,0
443,3.79320,0.36800,2.64640,0.75760,0.02040,0,0,0,1566,4,0,363,313,0,1692,0
444,4.11960,0.32700,2.89770,0.87530,0.01880,0,0,0,1566,4,0,367,316,0,1713,0
445,4.06300,0.58700,2.61950,0.83380,0.02210,7,0,0,1567,4,0,369,319,0,1714,0
446,4.09060,0.57410,2.70770,0.78450,0.02360,6,0,0,1568,4,0,372,319,0,1706,0
447,3.99960,0.34350,2.82860,0.80530,0.02130,0,0,0,1568,4,0,377,323,0,1698,0
448,4.99040,0.34900,3.78090,0.83990,0.02000,0,0,0,1568,4,0,383,329,0,1699,0
449,3.90960,0.33260,2.73460,0.81400,0.02780,0,0,0,1568,4,0,384,329,0,1686,0
450,3.86120,0.35460,2.69080,0.79670,0.01840,0,0,0,1568,4,0,389,336,0,1679,0
451,5.39350,2.03660,2.54480,0.78040,0.02970,0,0,0,1568,4,0,393,338,0,1674,0
452,3.68470,0.35770,2.49380,0.80190,0.03060,0,0,0,1568,4,0,397,342,0,1661,0
453,3.62860,0.33480,2.48700,0.78060,0.02550,0,0,0,1568,4,0,402,346,0,1665,0
454,3.56440,0.34600,2.36840,0.81430,0.03490,0,0,0,1568,4,0,407,352,0,1676,0
455,4.21590,0.34670,2.97300,0.83930,0.05610,0,0,0,1568,4,0,411,356,0,1685,0
456,3.86240,0.31610,2.57250,0.94780,0.02530,0,0,0,1568,4,0,413,357,0,1688,0
457,3.77920,0.31410,2.62560,0.81430,0.02450,0,0,0,1568,4,0,417,362,0,1657,0
458,4.01290,0.84570,2.35920,0.77610,0.03120,11,0,0,1570,4,0,420,367,0,1640,0
459,3.49970,0.32860,2.38010,0.76460,0.02570,0,0,0,1570,4,0,423,372,0,1641,0
460,3.84930,0.56770,2.44260,0.81130,0.02680,7,0,0,1571,4,0,425,372,0,1646,0
461,3.72800,0.56690,2.32580,0.80130,0.03330,7,0,0,1572,4,0,431,372,0,1637,0
462,3.56650,0.36110,2.40320,0.77420,0.02690,0,0,0,1572,4,0,433,384,0,1627,0
463,3.46900,0.33700,2.31540,0.78910,0.02660,0,0,0,1572,4,0,437,383,0,1637,0
464,3.54920,0.34870,2.37360,0.80070,0.02550,0,0,0,1572,4,0,442,392,0,1608,0
465,3.45080,0.33900,2.32210,0.76210,0.02690,0,0,0,1572,4,0,446,393,0,1614,0
466,5.14030,1.96460,2.37770,0.77050,0.02680,0,0,0,1572,4,0,448,392,0,1632,0
467,3.57760,0.32140,2.36240,0.86690,0.02610,0,0,0,1572,4,0,453,393,0,1642,0
468,3.42250,0.35630,2.26830,0.77010,0.02620,0,0,0,1572,4,0,455,398,0,1640,0
469,3.58150,0.36950,2.33510,0.84940,0.02670,0,0,0,1572,4,0,456,397,0,1632,0
470,3.36080,0.33890,2.22830,0.76780,0.02510,0,0,0,1572,4,0,460,402,0,1637,0
471,3.32110,0.31490,2.23640,0.74200,0.02720,0,0,0,1572,4,0,464,407,0,1645,0
472,3.35900,0.30760,2.20500,0.81600,0.02960,0,0,0,1572,4,0,465,411,0,1631,0
473,3.68260,0.58170,2.25720,0.81450,0.02840,7,0,0,1573,4,0,466,410,0,1625,0
474,3.53300,0.57190,2.19220,0.74250,0.02560,6,0,0,1574,4,0,469,416,0,1610,0
475,3.58400,0.52850,2.25740,0.77050,0.02680,7,0,0,1575,4,0,475,422,0,1629,0
476,3.35570,0.29930,2.21880,0.80820,0.02850,0,0,0,1575,4,0,481,430,0,1651,0
477,3.29540,0.29120,2.24560,0.72810,0.02990,0,0,0,1575,4,0,484,433,0,1658,0
478,3.39460,0.26840,2.30340,0.78950,0.03250,0,0,0,1575,4,0,486,436,0,1664,0
479,3.26440,0.30460,2.21770,0.71590,0.02550,0,0,0,1575,4,0,491,439,0,1669,0
480,3.40570,0.31380,2.32580,0.73600,0.02920,0,0,0,1575,4,0,494,441,0,1667,0
481,7.69770,2.04350,4.78710,0.85000,0.01570,0,0,0,1575,4,0,499,445,0,1654,0
482,5.95500,0.35230,4.70100,0.88650,0.01460,0,0,0,1575,4,0,501,451,0,1660,0
483,6.76580,0.54260,5.27710,0.92850,0.01670,4,0,0,1576,4,0,505,453,0,1667,0
484,5.52380,0.32310,4.29880,0.88590,0.01530,0,0,0,1576,4,0,512,458,0,1665,0
485,6.26300,0.32310,4.94510,0.97240,0.02160,0,0,0,1576,4,0,516,461,0,1651,0
486,4.88460,0.33010,3.67970,0.85560,0.01850,0,0,0,1576,4,0,522,471,0,1631,0
487,5.44200,0.34970,4.23670,0.84010,0.01480,0,0,0,1576,4,0,526,477,0,1614,0
488,5.64690,0.56640,4.15250,0.87590,0.05110,7,0,0,1577,4,0,529,480,0,1625,0
489,5.50810,0.58110,3.68220,1.21780,0.02610,6,0,0,1578,4,0,533,485,0,1632,0
490,4.78240,0.63390,3.21420,0.91070,0.02280,6,0,0,1579,4,0,540,493,0,1632,0
491,4.48540,0.31730,3.19340,0.94910,0.02480,0,0,0,1579,4,0,540,489,0,1606,0
492,4.66410,0.33430,3.13720,1.16890,0.02310,0,0,0,1579,4,0,542,496,0,1593,0
493,5.02300,0.54140,3.63930,0.82610,0.01560,6,0,0,1580,4,0,545,505,0,1584,0
494,4.59780,0.29460,3.53970,0.74530,0.01750,0,0,0,1580,4,0,549,506,0,1573,0
495,4.17300,0.33470,3.00740,0.81110,0.01890,0,0,0,1580,4,0,553,505,0,1569,0
496,5.79470,2.14580,2.82950,0.80030,0.01840,0,0,0,1580,4,0,560,510,0,1571,0
497,4.12130,0.33980,2.71360,1.04690,0.02050,0,0,0,1580,4,0,562,514,0,1580,0
498,3.87720,0.30260,2.77960,0.77350,0.02090,0,0,0,1580,4,0,566,521,0,1563,0
499,3.85770,0.33800,2.75060,0.74820,0.01990,0,0,0,1580,4,0,571,526,0,1589,0
500,3.91040,0.38340,2.75960,0.74090,0.02560,0,0,0,1580,4,0,574,524,0,1574,0
501,3.91280,0.35150,2.66700,0.87550,0.01810,0,0,0,1580,4,0,576,525,0,1578,0
502,3.83410,0.34300,2.64540,0.82690,0.01810,0,0,0,1580,4,0,580,534,0,1553,0
503,3.76420,0.33730,2.67060,0.73850,0.01730,0,0,0,1580,4,0,588,538,0,1548,0
504,3.80510,0.32250,2.64830,0.81510,0.01810,0,0,0,1580,4,0,591,539,0,1550,0
505,5.20690,0.54700,3.75380,0.88530,0.01980,6,0,0,1581,4,0,593,543,0,1530,0
506,5.19240,0.30280,4.03330,0.82070,0.03450,0,0,0,1581,4,0,593,543,0,1534,0
507,4.39000,0.36290,3.06700,0.91510,0.04390,0,0,0,1581,4,0,595,548,0,1554,0
508,4.39760,0.55680,2.96400,0.85670,0.01950,6,0,0,1582,4,0,599,554,0,1567,0
509,3.80200,0.29540,2.69600,0.77590,0.03430,0,0,0,1582,4,0,603,555,0,1554,0
510,3.75890,0.29980,2.62230,0.79500,0.04100,0,0,0,1582,4,0,604,560,0,1557,0
511,7.11850,2.05240,4.21560,0.82160,0.02730,0,0,0,1582,4,0,607,565,0,1564,0
512,5.46200,0.33280,4.27560,0.83330,0.01950,0,0,0,1582,4,0,612,569,0,1563,0
513,5.62190,0.32930,4.40690,0.86680,0.01830,0,0,0,1582,4,0,615,570,0,1573,0
514,5.24000,0.39120,3.94240,0.88310,0.02270,0,0,0,1582,4,0,616,575,0,1558,0
515,5.68260,0.29880,4.55160,0.81370,0.01760,0,0,0,1582,4,0,621,577,0,1560,0
516,4.71720,0.29590,3.46640,0.93130,0.02280,0,0,0,1582,4,0,623,578,0,1549,0
517,4.57530,0.32080,3.43260,0.80380,0.01740,0,0,0,1582,4,0,628,588,0,1538,0
518,4.26520,0.33410,3.11030,0.79730,0.02260,0,0,0,1582,4,0,631,587,0,1528,0
519,4.67380,0.33410,3.44430,0.87560,0.01910,0,0,0,1582,4,0,633,591,0,1535,0
520,4.50890,0.90320,2.81380,0.77240,0.01880,14,0,0,1584,4,0,635,595,0,1548,0
521,4.20160,0.31080,3.06680,0.80630,0.01700,0,0,0,1584,4,0,637,597,0,1552,0
522,4.32130,0.39990,2.84530,1.05250,0.02270,0,0,0,1584,4,0,643,600,0,1553,0
523,3.90980,0.33370,2.76730,0.78380,0.02450,0,0,0,1584,4,0,646,605,0,1543,0
524,4.21720,0.32550,3.07730,0.79590,0.01780,0,0,0,1584,4,0,648,604,0,1550,0
525,4.33350,0.53010,2.91210,0.87170,0.01900,3,0,0,1585,4,0,650,606,0,1555,0
526,5.28070,1.91050,2.60180,0.74920,0.01830,0,0,0,1585,4,0,654,612,0,1569,0
527,4.08810,0.34510,2.88550,0.83830,0.01840,0,0,0,1585,4,0,657,615,0,1580,0
528,4.06360,0.32020,2.90840,0.81360,0.02060,0,0,0,1585,4,0,662,617,0,1570,0
529,3.83580,0.31060,2.72740,0.77650,0.02040,0,0,0,1585,4,0,665,619,0,1552,0
530,3.76200,0.28830,2.62420,0.81860,0.02980,0,0,0,1585,4,0,668,624,0,1570,0
531,3.70030,0.28190,2.66370,0.72800,0.02590,0,0,0,1585,4,0,671,626,0,1568,0
532,3.62480,0.30220,2.55880,0.73820,0.02500,0,0,0,1585,4,0,676,630,0,1573,0
533,5.18190,0.31020,4.08520,0.75890,0.02700,0,0,0,1585,4,0,681,631,0,1571,0
534,3.76960,0.33410,2.60020,0.81380,0.02060,0,0,0,1585,4,0,684,637,0,1574,0
535,4.60260,0.85160,2.85130,0.87330,0.02570,14,0,0,1587,4,0,686,642,0,1581,0
536,4.95050,0.32440,3.82510,0.77590,0.02440,0,0,0,1587,4,0,688,642,0,1588,0
537,5.15150,0.30830,4.05530,0.76830,0.01890,0,0,0,1587,4,0,691,645,0,1596,0
538,4.50790,0.30790,3.41230,0.76500,0.02200,0,0,0,1587,4,0,694,646,0,1599,0
539,4.11610,0.30500,2.88120,0.90810,0.02100,0,0,0,1587,4,0,700,656,0,1602,0
540,4.00070,0.49140,2.71980,0.76500,0.02390,3,0,0,1588,4,0,704,662,0,1585,0
541,7.58620,2.19680,4.45260,0.91610,0.01860,0,0,0,1588,4,0,707,662,0,1594,0
542,5.57500,0.36320,4.38390,0.80750,0.01960,0,0,0,1588,4,0,715,673,0,1604,0
543,4.97660,0.30870,3.56940,1.06580,0.03170,0,0,0,1588,4,0,720,674,0,1602,0
544,4.88040,0.30890,3.30010,1.24160,0.02870,0,0,0,1588,4,0,724,680,0,1605,0
545,5.06460,0.31710,3.94370,0.78500,0.01820,0,0,0,1588,4,0,731,691,0,1598,0
546,4.63980,0.27860,3.58460,0.75640,0.01950,0,0,0,1588,4,0,735,696,0,1601,0
547,4.90520,0.31750,3.79610,0.77090,0.01980,0,0,0,1588,4,0,735,696,0,1602,0
548,3.69660,0.25950,2.67940,0.73720,0.01970,0,0,0,1588,4,0,735,698,0,1604,0
549,3.72140,0.33220,2.63320,0.73490,0.02030,0,0,0,1588,4,0,738,701,0,1596,0
550,3.98000,0.55450,2.68480,0.71940,0.02050,6,0,0,1589,4,0,741,700,0,1587,0
551,5.51200,0.31660,4.42270,0.75470,0.01710,0,0,0,1589,4,0,743,706,0,1594,0
552,5.51590,0.27810,4.10210,1.11350,0.02120,0,0,0,1589,4,0,748,713,0,1594,0
553,3.65060,0.29370,2.54690,0.78810,0.02120,0,0,0,1589,4,0,749,717,0,1595,0
554,3.87230,0.28380,2.74630,0.81620,0.02530,0,0,0,1589,4,0,751,720,0,1599,0
555,4.56090,0.49850,3.10730,0.93260,0.02180,1,0,0,1590,4,0,753,719,0,1597,0
556,5.53690,1.90810,2.75560,0.84970,0.02290,0,0,0,1590,4,0,759,727,0,1598,0
557,3.69860,0.26390,2.63550,0.77590,0.02280,0,0,0,1590,4,0,761,729,0,1581,0
558,3.67970,0.30020,2.59160,0.76270,0.02410,0,0,0,1590,4,0,763,728,0,1580,0
559,3.55760,0.30250,2.47230,0.75610,0.02580,0,0,0,1590,4,0,764,733,0,1585,0
560,3.57240,0.30380,2.48780,0.75650,0.02370,0,0,0,1590,4,0,768,738,0,1584,0
561,3.63300,0.28720,2.57270,0.74950,0.02300,0,0,0,1590,4,0,769,735,0,1576,0
562,3.54850,0.29300,2.51660,0.71410,0.02410,0,0,0,1590,4,0,771,737,0,1569,0
563,3.69920,0.29100,2.59620,0.77840,0.03290,0,0,0,1590,4,0,774,742,0,1575,0
564,3.47570,0.25570,2.45420,0.73950,0.02570,0,0,0,1590,4,0,779,747,0,1551,0
565,3.78320,0.50850,2.51290,0.72960,0.03140,6,0,0,1591,4,0,784,750,0,1548,0
566,3.59390,0.30300,2.49150,0.77100,0.02750,0,0,0,1591,4,0,786,752,0,1541,0
567,3.51800,0.29040,2.46400,0.73780,0.02510,0,0,0,1591,4,0,787,752,0,1549,0
568,3.49510,0.28150,2.45770,0.72410,0.03110,0,0,0,1591,4,0,789,754,0,1548,0
569,3.55390,0.28210,2.45220,0.79280,0.02590,0,0,0,1591,4,0,791,761,0,1564,0
570,3.78460,0.51330,2.46960,0.76540,0.03570,4,0,0,1591,5,0,794,763,0,1554,0
571,8.44420,2.20380,5.42020,0.80200,0.01710,0,0,0,1591,5,0,799,770,0,1551,0
572,5.48490,0.26600,4.33420,0.86720,0.01670,0,0,0,1591,5,0,801,769,0,1554,0
573,5.16520,0.28900,4.00940,0.84740,0.01870,0,0,0,1591,5,0,804,773,0,1557,0
574,5.51330,0.25090,4.28210,0.95490,0.02440,0,0,0,1591,5,0,808,779,0,1554,0
575,5.44890,0.26240,4.22640,0.94320,0.01640,0,0,0,1591,5,0,810,779,0,1555,0
576,4.57380,0.29300,3.47200,0.79290,0.01520,0,0,0,1591,5,0,812,777,0,1561,0
577,4.32870,0.32860,3.14560,0.83230,0.02120,0,0,0,1591,5,0,813,779,0,1558,0
578,4.22980,0.24360,3.20440,0.76400,0.01720,0,0,0,1591,5,0,818,785,0,1568,0
579,4.21920,0.28460,3.16720,0.75110,0.01550,0,0,0,1591,5,0,822,791,0,1570,0
580,4.64910,0.50070,3.34600,0.78240,0.01940,6,0,0,1592,5,0,827,797,0,1571,0
581,3.89700,0.30990,2.74120,0.81770,0.02690,0,0,0,1592,5,0,829,798,0,1571,0
582,4.03630,0.28520,2.92810,0.80350,0.01900,0,0,0,1592,5,0,831,800,0,1565,0
583,4.23820,0.29440,3.15340,0.77270,0.01670,0,0,0,1592,5,0,834,803,0,1566,0
584,4.00980,0.23490,2.91360,0.83350,0.02670,0,0,0,1592,5,0,836,810,0,1562,0
585,4.12060,0.60210,2.77260,0.72400,0.02100,6,0,0,1593,5,0,840,813,0,1568,0
586,5.61970,1.88400,2.99370,0.71720,0.02370,0,0,0,1593,5,0,841,813,0,1567,0
587,3.69830,0.26010,2.64280,0.77320,0.02120,0,0,0,1593,5,0,842,816,0,1563,0
588,3.68620,0.26000,2.60540,0.80200,0.01820,0,0,0,1593,5,0,844,815,0,1572,0
589,3.61440,0.25830,2.58000,0.75320,0.02230,0,0,0,1593,5,0,846,819,0,1564,0
590,3.56680,0.27240,2.46010,0.81040,0.02300,0,0,0,1593,5,0,849,822,0,1551,0
591,3.68960,0.25350,2.60590,0.81000,0.01940,0,0,0,1593,5,0,852,825,0,1549,0
592,3.62470,0.27770,2.54000,0.78490,0.02140,0,0,0,1593,5,0,855,829,0,1556,0
593,3.70600,0.26920,2.68890,0.72660,0.02070,0,0,0,1593,5,0,855,830,0,1563,0
594,3.50270,0.26910,2.49870,0.71330,0.02120,0,0,0,1593,5,0,857,832,0,1562,0
595,3.74440,0.51830,2.44080,0.76320,0.02120,6,0,0,1594,5,0,858,832,0,1557,0
596,3.49410,0.26080,2.50810,0.70190,0.02250,0,0,0,1594,5,0,859,830,0,1557,0
597,3.67480,0.29610,2.55990,0.79420,0.02400,0,0,0,1594,5,0,863,837,0,1548,0
598,3.46540,0.21240,2.47910,0.75620,0.01720,0,0,0,1594,5,0,866,841,0,1548,0
599,3.46910,0.25810,2.46810,0.72170,0.02050,0,0,0,1594,5,0,867,839,0,1548,0
600,3.38760,0.27000,2.35610,0.74120,0.01970,0,0,0,1594,5,0,870,844,0,1552,0
601,5.23930,1.90960,2.45210,0.84530,0.03080,0,0,0,1594,5,0,870,845,0,1550,0
602,3.43720,0.25250,2.42020,0.73690,0.02670,0,0,0,1594,5,0,875,849,0,1552,0
603,3.33090,0.25390,2.32310,0.72670,0.02630,0,0,0,1594,5,0,878,853,0,1557,0
604,3.46810,0.25660,2.43970,0.74470,0.02630,0,0,0,1594,5,0,879,854,0,1553,0
605,3.39770,0.28570,2.35620,0.72440,0.03050,0,0,0,1594,5,0,880,856,0,1557,0
606,3.39420,0.23540,2.38190,0.75040,0.02570,0,0,0,1594,5,0,880,859,0,1552,0
607,3.34610,0.25140,2.35280,0.71160,0.02970,0,0,0,1594,5,0,880,855,0,1557,0
608,3.31830,0.25690,2.29780,0.73490,0.02790,0,0,0,1594,5,0,883,861,0,1560,0
609,3.35690,0.25270,2.27200,0.80010,0.03130,0,0,0,1594,5,0,886,864,0,1559,0
610,3.76160,0.47800,2.39690,0.85240,0.03360,5,0,0,1595,5,0,889,866,0,1564,0
611,3.34700,0.25190,2.26250,0.79440,0.03760,0,0,0,1595,5,0,890,868,0,1561,0
612,3.33980,0.25620,2.32050,0.73440,0.02780,0,0,0,1595,5,0,891,873,0,1568,0
613,3.23720,0.25400,2.21710,0.73400,0.03110,0,0,0,1595,5,0,893,875,0,1567,0
614,3.51350,0.27510,2.35920,0.84090,0.03750,0,0,0,1595,5,0,897,877,0,1564,0
615,3.34530,0.26530,2.31610,0.73750,0.02570,0,0,0,1595,5,0,898,874,0,1559,0
616,4.98110,2.03320,2.18370,0.73130,0.03210,0,0,0,1595,5,0,899,878,0,1564,0
617,3.48690,0.47540,2.28080,0.69870,0.03130,3,0,0,1596,5,0,899,875,0,1571,0
618,3.24570,0.27050,2.20000,0.74550,0.02900,0,0,0,1596,5,0,901,878,0,1573,0
619,3.35830,0.25360,2.32810,0.75030,0.02560,0,0,0,1596,5,0,901,880,0,1575,0
620,3.31700,0.26210,2.29130,0.73100,0.03170,0,0,0,1596,5,0,901,877,0,1573,0
621,3.44170,0.24450,2.25630,0.90920,0.03080,0,0,0,1596,5,0,902,881,0,1579,0
622,3.27930,0.25950,2.25520,0.73110,0.03280,0,0,0,1596,5,0,906,883,0,1574,0
623,3.20900,0.26640,2.19840,0.71630,0.02720,0,0,0,1596,5,0,906,885,0,1579,0
624,3.44310,0.24650,2.36640,0.79470,0.03480,0,0,0,1596,5,0,909,891,0,1582,0
625,3.20920,0.23020,2.19170,0.75420,0.03210,0,0,0,1596,5,0,911,893,0,1593,0
626,3.33380,0.25380,2.31370,0.74120,0.02430,0,0,0,1596,5,0,912,894,0,1589,0
627,3.34500,0.25690,2.32170,0.74210,0.02340,0,0,0,1596,5,0,913,892,0,1589,0
628,3.28190,0.26460,2.25870,0.72480,0.03300,0,0,0,1596,5,0,916,895,0,1592,0
629,3.32050,0.24830,2.30060,0.74100,0.02980,0,0,0,1596,5,0,916,898,0,1591,0
630,3.42860,0.22520,2.25890,0.91550,0.02810,0,0,0,1596,5,0,917,899,0,1596,0
631,7.81980,1.97710,5.01950,0.80090,0.02080,0,0,0,1596,5,0,919,901,0,1591,0
632,5.26670,0.23080,4.02290,0.98280,0.02950,0,0,0,1596,5,0,922,907,0,1589,0
633,5.97800,0.21650,4.96750,0.77200,0.02130,0,0,0,1596,5,0,922,906,0,1590,0
634,6.30860,0.23560,5.18760,0.86750,0.01690,0,0,0,1596,5,0,923,904,0,1589,0
635,4.40890,0.31240,3.32870,0.74920,0.01780,0,0,0,1596,5,0,927,908,0,1596,0
636,4.06150,0.24130,3.00650,0.78920,0.02390,0,0,0,1596,5,0,929,909,0,1596,0
637,3.78730,0.23370,2.79880,0.73570,0.01850,0,0,0,1596,5,0,929,912,0,1603,0
638,4.01910,0.22970,3.00750,0.76340,0.01770,0,0,0,1596,5,0,931,914,0,1602,0
639,3.78640,0.23770,2.77420,0.74980,0.02410,0,0,0,1596,5,0,932,916,0,1605,0
640,3.75780,0.23020,2.78090,0.72390,0.02170,0,0,0,1596,5,0,934,917,0,1608,0
641,3.80660,0.21380,2.81060,0.76080,0.02070,0,0,0,1596,5,0,936,918,0,1612,0
642,3.69240,0.25630,2.70390,0.70610,0.02570,0,0,0,1596,5,0,937,920,0,1609,0
643,3.69690,0.36280,2.59380,0.72210,0.01740,0,0,0,1596,5,0,938,921,0,1608,0
644,4.99730,0.23390,3.99940,0.74180,0.02160,0,0,0,1596,5,0,940,923,0,1607,0
645,3.62120,0.25430,2.58910,0.75660,0.02060,0,0,0,1596,5,0,940,924,0,1599,0
646,5.26740,1.88440,2.64500,0.71560,0.02180,0,0,0,1596,5,0,942,927,0,1589,0
647,3.86130,0.22840,2.80880,0.77530,0.04770,0,0,0,1596,5,0,943,928,0,1594,0
648,5.00920,0.22590,4.02770,0.73630,0.01860,0,0,0,1596,5,0,944,928,0,1593,0
649,3.63730,0.25340,2.57370,0.79120,0.01830,0,0,0,1596,5,0,944,929,0,1602,0
650,3.70380,0.30160,2.58060,0.80100,0.02000,0,0,0,1596,5,0,945,930,0,1599,0
651,3.63850,0.20420,2.58390,0.82220,0.02750,0,0,0,1596,5,0,946,931,0,1596,0
652,4.31200,0.23820,3.23100,0.81910,0.02300,0,0,0,1596,5,0,946,930,0,1601,0
653,3.52350,0.20290,2.55550,0.74070,0.02370,0,0,0,1596,5,0,948,932,0,1602,0
654,3.48550,0.25270,2.49000,0.72050,0.02190,0,0,0,1596,5,0,949,934,0,1605,0
655,3.59530,0.25060,2.52090,0.78350,0.03960,0,0,0,1596,5,0,950,936,0,1606,0
656,3.57990,0.25640,2.50150,0.78320,0.03790,0,0,0,1596,5,0,953,939,0,1601,0
657,5.04680,0.21100,4.03340,0.77990,0.02200,0,0,0,1596,5,0,953,938,0,1601,0
658,3.41480,0.24750,2.41500,0.73090,0.02050,0,0,0,1596,5,0,954,939,0,1597,0
659,3.71980,0.27400,2.47010,0.94210,0.03290,0,0,0,1596,5,0,956,942,0,1593,0
660,3.49560,0.26630,2.46490,0.74270,0.02110,0,0,0,1596,5,0,957,945,0,1596,0
661,5.18490,1.89050,2.52920,0.70950,0.05400,0,0,0,1596,5,0,957,944,0,1598,0
662,3.57580,0.24260,2.44640,0.85180,0.03430,0,0,0,1596,5,0,957,943,0,1599,0
663,3.51200,0.23220,2.45720,0.78760,0.03430,0,0,0,1596,5,0,958,942,0,1600,0
664,3.39590,0.22900,2.43270,0.70220,0.03120,0,0,0,1596,5,0,960,948,0,1598,0
665,3.42080,0.24270,2.43270,0.71400,0.03080,0,0,0,1596,5,0,961,946,0,1595,0
666,3.41270,0.22320,2.43400,0.72410,0.03080,0,0,0,1596,5,0,964,946,0,1586,0
667,3.86800,0.23080,2.72450,0.87840,0.03360,0,0,0,1596,5,0,964,950,0,1584,0
668,3.55670,0.23550,2.41400,0.87170,0.03480,0,0,0,1596,5,0,964,948,0,1582,0
669,3.56450,0.24400,2.41160,0.87350,0.03460,0,0,0,1596,5,0,965,947,0,1586,0
670,3.40850,0.24240,2.30030,0.83000,0.03510,0,0,0,1596,5,0,966,947,0,1586,0
671,3.36860,0.24090,2.33730,0.73720,0.04210,0,0,0,1596,5,0,967,947,0,1591,0
672,3.37620,0.23480,2.39630,0.71450,0.03000,0,0,0,1596,5,0,968,952,0,1590,0
673,3.30880,0.23430,2.33370,0.71080,0.02940,0,0,0,1596,5,0,968,953,0,1589,0
674,3.27950,0.22250,2.34060,0.68730,0.02840,0,0,0,1596,5,0,969,955,0,1591,0
675,3.30100,0.22640,2.33540,0.71040,0.02830,0,0,0,1596,5,0,970,955,0,1591,0
676,5.09470,1.83290,2.48670,0.74290,0.03130,0,0,0,1596,5,0,971,956,0,1586,0
677,3.34220,0.23970,2.31130,0.75990,0.03070,0,0,0,1596,5,0,973,959,0,1586,0
678,3.37300,0.21990,2.39660,0.72510,0.03080,0,0,0,1596,5,0,973,960,0,1583,0
679,3.24710,0.20270,2.32350,0.69120,0.02920,0,0,0,1596,5,0,973,960,0,1584,0
680,3.27370,0.22850,2.30200,0.71350,0.02900,0,0,0,1596,5,0,974,960,0,1590,0
681,3.28380,0.23120,2.33400,0.68820,0.02970,0,0,0,1596,5,0,975,965,0,1590,0
682,3.63100,0.46750,2.31030,0.82400,0.02860,11,0,0,1597,5,0,976,966,0,1589,0
683,3.29200,0.22540,2.32420,0.71250,0.02910,0,0,0,1597,5,0,976,965,0,1589,0
684,3.32890,0.21770,2.36290,0.71920,0.02840,0,0,0,1597,5,0,976,966,0,1588,0
685,3.25980,0.22920,2.31030,0.69350,0.02630,0,0,0,1597,5,0,976,965,0,1588,0
686,3.42250,0.25530,2.37090,0.76590,0.02980,0,0,0,1597,5,0,977,967,0,1587,0
687,3.28060,0.20540,2.34690,0.70130,0.02630,0,0,0,1597,5,0,977,967,0,1590,0
688,3.29290,0.23520,2.31170,0.71610,0.02940,0,0,0,1597,5,0,979,968,0,1593,0
689,3.47670,0.23490,2.40430,0.81010,0.02660,0,0,0,1597,5,0,980,969,0,1594,0
690,3.32650,0.22890,2.35920,0.71010,0.02770,0,0,0,1597,5,0,980,970,0,1594,0
691,6.73000,1.86320,3.97810,0.86300,0.02400,0,0,0,1597,5,0,980,969,0,1594,0
692,6.30040,0.20040,5.23540,0.84010,0.02380,0,0,0,1597,5,0,980,971,0,1596,0
693,5.44800,0.18540,4.46440,0.77690,0.02030,0,0,0,1597,5,0,982,974,0,1597,0
694,4.35180,0.19750,3.34700,0.78770,0.01910,0,0,0,1597,5,0,982,974,0,1598,0
695,4.45590,0.20020,3.48440,0.75130,0.01930,0,0,0,1597,5,0,982,973,0,1596,0
696,4.60940,0.22780,3.62410,0.73780,0.01900,0,0,0,1597,5,0,982,972,0,1597,0
697,4.85810,0.44360,3.60460,0.79100,0.01820,11,0,0,1598,5,0,982,972,0,1598,0
698,4.88700,0.22950,3.88150,0.75900,0.01610,0,0,0,1598,5,0,982,972,0,1593,0
699,4.42750,0.20360,3.21790,0.97820,0.02720,0,0,0,1598,5,0,984,975,0,1583,0
700,4.27130,0.22570,3.20450,0.82030,0.02010,0,0,0,1598,5,0,986,978,0,1582,0
701,4.03160,0.22290,3.05710,0.73530,0.01560,0,0,0,1598,5,0,987,980,0,1585,0
702,4.31710,0.19400,3.37380,0.73140,0.01740,0,0,0,1598,5,0,989,981,0,1587,0
703,4.06460,0.22630,3.04130,0.77900,0.01730,0,0,0,1598,5,0,989,982,0,1585,0
704,4.25600,0.21180,3.28050,0.74670,0.01630,0,0,0,1598,5,0,990,983,0,1583,0
705,3.75160,0.21150,2.82020,0.70020,0.01900,0,0,0,1598,5,0,990,984,0,1581,0
706,5.83090,2.03210,2.99010,0.77830,0.02990,0,0,0,1598,5,0,991,985,0,1577,0
707,3.64860,0.19470,2.69390,0.74140,0.01790,0,0,0,1598,5,0,991,984,0,1579,0
708,4.41220,0.20150,3.42790,0.76200,0.01980,0,0,0,1598,5,0,991,985,0,1581,0
709,4.18340,0.19300,3.19380,0.76550,0.03040,0,0,0,1598,5,0,991,985,0,1578,0
710,3.50650,0.20950,2.58540,0.68870,0.02170,0,0,0,1598,5,0,991,984,0,1582,0
711,4.66080,0.21520,3.67490,0.74810,0.02190,0,0,0,1598,5,0,991,984,0,1581,0
712,5.37560,0.46710,4.09900,0.78580,0.02300,11,0,0,1599,5,0,992,987,0,1581,0
713,3.59710,0.24110,2.60620,0.72840,0.02060,0,0,0,1599,5,0,992,986,0,1584,0
714,4.27170,0.22310,3.28020,0.74490,0.02260,0,0,0,1599,5,0,994,989,0,1584,0
715,3.56760,0.18740,2.61470,0.73400,0.03080,0,0,0,1599,5,0,994,988,0,1585,0
716,3.61630,0.25130,2.59790,0.74410,0.02230,0,0,0,1599,5,0,997,992,0,1583,0
717,3.96180,0.20840,2.89110,0.83750,0.02420,0,0,0,1599,5,0,997,993,0,1585,0
718,3.60710,0.22190,2.57950,0.78250,0.02260,0,0,0,1599,5,0,997,994,0,1584,0
719,4.56670,0.21000,3.58380,0.74440,0.02760,0,0,0,1599,5,0,997,993,0,1584,0
720,4.75110,0.20670,3.78430,0.73930,0.02010,0,0,0,1599,5,0,998,993,0,1586,0
721,5.61420,1.91400,2.95790,0.71360,0.02630,0,0,0,1599,5,0,998,994,0,1586,0
722,3.59980,0.21930,2.50350,0.84800,0.02810,0,0,0,1599,5,0,999,993,0,1586,0
723,3.52870,0.19730,2.57250,0.73200,0.02630,0,0,0,1599,5,0,1000,996,0,1586,0
724,3.54320,0.22150,2.59710,0.69780,0.02590,0,0,0,1599,5,0,1000,995,0,1587,0
725,4.73200,0.22560,3.72820,0.74870,0.02860,0,0,0,1599,5,0,1001,996,0,1583,0
726,3.36720,0.22580,2.37520,0.73740,0.02780,0,0,0,1599,5,0,1001,996,0,1582,0
727,3.30350,0.23200,2.29560,0.74640,0.02850,0,0,0,1599,5,0,1001,998,0,1582,0
728,3.28900,0.22460,2.22760,0.80180,0.03390,0,0,0,1599,5,0,1001,997,0,1581,0
729,3.27140,0.24740,2.25110,0.74720,0.02500,0,0,0,1599,5,0,1001,998,0,1582,0
730,3.25870,0.22080,2.28750,0.72120,0.02770,0,0,0,1599,5,0,1001,996,0,1582,0
731,3.23730,0.22870,2.23720,0.74480,0.02540,0,0,0,1599,5,0,1001,996,0,1581,0
732,3.19530,0.22540,2.18360,0.75630,0.02830,0,0,0,1599,5,0,1001,996,0,1582,0
733,3.32120,0.22530,2.33630,0.72690,0.03180,0,0,0,1599,5,0,1001,999,0,1581,0
734,3.13900,0.22520,2.17090,0.70760,0.03480,0,0,0,1599,5,0,1001,997,0,1582,0
735,3.24250,0.23610,2.24860,0.73200,0.02490,0,0,0,1599,5,0,1002,998,0,1582,0
736,5.09300,1.96400,2.37920,0.72550,0.02370,0,0,0,1599,5,0,1002,997,0,1585,0
737,3.19720,0.23200,2.23560,0.70150,0.02740,0,0,0,1599,5,0,1002,998,0,1581,0
738,3.20850,0.22210,2.25190,0.71150,0.02210,0,0,0,1599,5,0,1003,999,0,1581,0
739,3.30020,0.21030,2.36210,0.70610,0.02100,0,0,0,1599,5,0,1003,999,0,1580,0
740,3.46020,0.23080,2.39610,0.79460,0.03750,0,0,0,1599,5,0,1004,999,0,1580,0
741,3.43150,0.22020,2.45060,0.73380,0.02620,0,0,0,1599,5,0,1005,1001,0,1578,0
742,3.19250,0.22650,2.23930,0.70350,0.02260,0,0,0,1599,5,0,1005,1001,0,1578,0
743,3.12590,0.19280,2.17390,0.72500,0.03360,0,0,0,1599,5,0,1006,1002,0,1574,0
744,3.25040,0.21450,2.33220,0.68000,0.02310,0,0,0,1599,5,0,1006,1002,0,1573,0
745,3.35300,0.23260,2.39850,0.69990,0.02150,0,0,0,1599,5,0,1006,1002,0,1572,0
746,3.29740,0.20380,2.28490,0.78280,0.02510,0,0,0,1599,5,0,1006,1002,0,1574,0
747,3.10990,0.23020,2.18620,0.67130,0.02160,0,0,0,1599,5,0,1006,1003,0,1575,0
748,3.32120,0.18990,2.33680,0.77120,0.02200,0,0,0,1599,5,0,1006,1003,0,1575,0
749,3.22490,0.21470,2.26580,0.71710,0.02670,0,0,0,1599,5,0,1007,1005,0,1574,0
750,3.21130,0.21500,2.28700,0.68550,0.02320,0,0,0,1599,5,0,1007,1005,0,1574,0
751,7.33630,2.05820,4.18940,1.05260,0.03470,0,0,0,1599,5,0,1007,1005,0,1575,0
752,4.19750,0.18030,3.23280,0.74660,0.03710,0,0,0,1599,5,0,1007,1004,0,1575,0
753,4.05590,0.17660,3.09060,0.76600,0.02200,0,0,0,1599,5,0,1007,1003,0,1578,0
754,4.30200,0.21160,3.31270,0.75310,0.02410,0,0,0,1599,5,0,1007,1003,0,1579,0
755,4.03270,0.18600,3.09070,0.73620,0.01910,0,0,0,1599,5,0,1007,1003,0,1584,0
756,3.97350,0.17600,2.97140,0.80590,0.01930,0,0,0,1599,5,0,1007,1004,0,1583,0
757,4.10380,0.23430,3.01620,0.82790,0.02480,0,0,0,1599,5,0,1007,1004,0,1581,0
758,3.74780,0.21990,2.76850,0.73640,0.02250,0,0,0,1599,5,0,1008,1005,0,1581,0
759,3.69220,0.17530,2.76600,0.72820,0.02190,0,0,0,1599,5,0,1008,1004,0,1581,0
760,3.88510,0.19500,2.89850,0.76690,0.02400,0,0,0,1599,5,0,1008,1004,0,1581,0
761,4.10410,0.19550,3.13400,0.75030,0.02360,0,0,0,1599,5,0,1009,1005,0,1581,0
762,3.51180,0.25990,2.49620,0.73250,0.02260,0,0,0,1599,5,0,1009,1005,0,1580,0
763,3.44980,0.18320,2.50050,0.73410,0.03150,0,0,0,1599,5,0,1009,1005,0,1579,0
764,3.59620,0.20490,2.60870,0.75710,0.02480,0,0,0,1599,5,0,1009,1006,0,1579,0
765,4.73780,0.20820,3.73320,0.76760,0.02800,0,0,0,1599,5,0,1009,1006,0,1580,0
766,5.90540,2.09180,3.01080,0.77340,0.02860,0,0,0,1599,5,0,1010,1007,0,1580,0
767,3.16650,0.21030,2.23250,0.69820,0.02490,0,0,0,1599,5,0,1010,1007,0,1581,0
768,3.39700,0.20850,2.41540,0.74630,0.02630,0,0,0,1599,5,0,1010,1007,0,1581,0
769,3.22890,0.21900,2.28340,0.69700,0.02880,0,0,0,1599,5,0,1010,1007,0,1582,0
770,3.39200,0.20440,2.43710,0.71860,0.03120,0,0,0,1599,5,0,1010,1007,0,1582,0
771,3.23270,0.21160,2.23460,0.75790,0.02780,0,0,0,1599,5,0,1010,1007,0,1585,0
772,3.27430,0.21780,2.32880,0.70080,0.02610,0,0,0,1599,5,0,1010,1007,0,1585,0
773,3.29100,0.23190,2.27840,0.75560,0.02430,0,0,0,1599,5,0,1010,1007,0,1584,0
774,3.22080,0.20570,2.22500,0.69780,0.09160,0,0,0,1599,5,0,1010,1007,0,1584,0
775,3.18510,0.20980,2.24380,0.70610,0.02460,0,0,0,1599,5,0,1010,1007,0,1585,0
776,3.20180,0.18330,2.30050,0.69320,0.02400,0,0,0,1599,5,0,1010,1007,0,1585,0
777,3.24610,0.21530,2.27350,0.72850,0.02830,0,0,0,1599,5,0,1010,1007,0,1586,0
778,3.19260,0.24230,2.22380,0.70640,0.01920,0,0,0,1599,5,0,1010,1008,0,1586,0
779,3.11650,0.21250,2.20000,0.68000,0.02340,0,0,0,1599,5,0,1010,1008,0,1588,0
780,3.12440,0.22070,2.21140,0.66530,0.02630,0,0,0,1599,5,0,1010,1008,0,1590,0
781,5.03110,1.91370,2.38810,0.70170,0.02570,0,0,0,1599,5,0,1010,1008,0,1588,0
782,3.24930,0.24610,2.26530,0.70700,0.03030,0,0,0,1599,5,0,1010,1008,0,1584,0
783,3.24030,0.23420,2.27880,0.69520,0.03140,0,0,0,1599,5,0,1010,1009,0,1581,0
784,3.30970,0.19500,2.31130,0.76700,0.03570,0,0,0,1599,5,0,1010,1009,0,1581,0
785,3.18850,0.20120,2.23270,0.72140,0.03250,0,0,0,1599,5,0,1010,1009,0,1581,0
786,3.13260,0.19880,2.20340,0.70020,0.02960,0,0,0,1599,5,0,1010,1009,0,1581,0
787,3.09330,0.20480,2.13370,0.72520,0.02910,0,0,0,1599,5,0,1010,1009,0,1581,0
788,3.17910,0.19420,2.24000,0.71780,0.02590,0,0,0,1599,5,0,1011,1010,0,1582,0
789,3.16450,0.22160,2.24270,0.67410,0.02560,0,0,0,1599,5,0,1011,1010,0,1581,0
790,3.33700,0.19760,2.40650,0.70190,0.03020,0,0,0,1599,5,0,1011,1010,0,1583,0
791,3.23290,0.20170,2.30160,0.70330,0.02550,0,0,0,1599,5,0,1011,1010,0,1580,0
792,3.13000,0.22080,2.18920,0.69240,0.02700,0,0,0,1599,5,0,1011,1011,0,1583,0
793,3.15730,0.21000,2.23590,0.68550,0.02530,0,0,0,1599,5,0,1011,1011,0,1583,0
794,3.26990,0.20540,2.27280,0.75960,0.03150,0,0,0,1599,5,0,1012,1012,0,1582,0
795,3.23220,0.22140,2.27870,0.70230,0.02920,0,0,0,1599,5,0,1012,1012,0,1582,0
796,4.89030,1.81680,2.35360,0.69600,0.02310,0,0,0,1599,5,0,1012,1012,0,1582,0
797,3.18980,0.21060,2.20810,0.73980,0.03050,0,0,0,1599,5,0,1012,1012,0,1582,0
798,3.19180,0.20620,2.27920,0.68050,0.02520,0,0,0,1599,5,0,1012,1012,0,1583,0
799,3.16730,0.20920,2.15620,0.77200,0.02920,0,0,0,1599,5,0,1012,1012,0,1581,0
800,3.25950,0.23470,2.22540,0.76720,0.03140,0,0,0,1599,5,0,1012,1012,0,1581,0
801,3.18900,0.19860,2.22660,0.73510,0.02800,0,0,0,1599,5,0,1012,1012,0,1581,0
802,4.53450,0.20980,3.53650,0.76270,0.02430,0,0,0,1599,5,0,1012,1012,0,1581,0
803,3.24370,0.19800,2.21790,0.79830,0.02890,0,0,0,1599,5,0,1012,1012,0,1581,0
804,3.29300,0.22860,2.20700,0.82770,0.02910,0,0,0,1599,5,0,1012,1012,0,1581,0
805,3.29630,0.22990,2.26140,0.77860,0.02590,0,0,0,1599,5,0,1012,1012,0,1581,0
806,3.30010,0.19320,2.31780,0.76110,0.02730,0,0,0,1599,5,0,1012,1012,0,1580,0
807,3.16870,0.22250,2.23130,0.69010,0.02410,0,0,0,1599,5,0,1012,1012,0,1580,0
808,3.19620,0.21410,2.19190,0.76710,0.02240,0,0,0,1599,5,0,1012,1012,0,1580,0
809,3.33240,0.23310,2.27380,0.72920,0.09540,0,0,0,1599,5,0,1012,1012,0,1579,0
810,3.22630,0.22510,2.21400,0.76150,0.02490,0,0,0,1599,5,0,1012,1012,0,1582,0
811,6.84340,1.91700,4.10030,0.80040,0.02450,0,0,0,1599,5,0,1013,1013,0,1579,0
812,5.01420,0.18400,3.84900,0.95100,0.02960,0,0,0,1599,5,0,1013,1013,0,1579,0
813,5.33130,0.29160,4.05600,0.96000,0.02300,0,0,0,1599,5,0,1013,1013,0,1579,0
814,5.64350,0.16810,4.70200,0.75670,0.01590,0,0,0,1599,5,0,1013,1013,0,1580,0
815,4.69480,0.17280,3.69530,0.81160,0.01470,0,0,0,1599,5,0,1013,1013,0,1580,0
816,4.75710,0.16030,3.74220,0.82810,0.02570,0,0,0,1599,5,0,1013,1013,0,1577,0
817,4.58960,0.19100,3.45110,0.91790,0.02890,0,0,0,1599,5,0,1013,1013,0,1577,0
818,5.22340,0.27980,4.11470,0.81270,0.01550,0,0,0,1599,5,0,1013,1013,0,1577,0
819,4.88190,0.24720,3.85750,0.76090,0.01560,0,0,0,1599,5,0,1013,1013,0,1578,0
820,4.20660,0.17580,3.29030,0.71530,0.02440,0,0,0,1599,5,0,1013,1013,0,1579,0
821,4.09800,0.17870,3.04950,0.83230,0.03680,0,0,0,1599,5,0,1013,1013,0,1580,0
822,4.55920,0.24270,3.56810,0.72740,0.02030,0,0,0,1599,5,0,1013,1013,0,1580,0
823,3.84280,0.18240,2.92730,0.70750,0.02500,0,0,0,1599,5,0,1013,1013,0,1580,0
824,3.94650,0.16700,2.95440,0.74750,0.07690,0,0,0,1599,5,0,1013,1013,0,1580,0
825,4.08110,0.23660,2.95870,0.86410,0.02080,0,0,0,1599,5,0,1014,1014,0,1580,0
826,5.32180,1.80790,2.70710,0.78390,0.02220,0,0,0,1599,5,0,1014,1014,0,1583,0
827,3.93420,0.18270,3.00330,0.72780,0.01980,0,0,0,1599,5,0,1014,1014,0,1582,0
828,4.47280,0.17610,3.55040,0.72430,0.02140,0,0,0,1599,5,0,1014,1014,0,1582,0
829,3.52710,0.21860,2.58530,0.70270,0.01990,0,0,0,1599,5,0,1014,1014,0,1581,0
830,3.35430,0.17380,2.48490,0.67590,0.01910,0,0,0,1599,5,0,1016,1016,0,1581,0
831,4.96480,0.19080,4.03340,0.71680,0.02300,0,0,0,1599,5,0,1016,1016,0,1580,0
832,4.87130,0.16320,3.95860,0.72240,0.02640,0,0,0,1599,5,0,1016,1016,0,1581,0
833,3.40110,0.20990,2.48960,0.68130,0.01960,0,0,0,1599,5,0,1016,1016,0,1583,0
834,3.37430,0.22480,2.41310,0.71570,0.02020,0,0,0,1599,5,0,1016,1016,0,1581,0
835,3.40340,0.18170,2.47620,0.72630,0.01850,0,0,0,1599,5,0,1016,1015,0,1584,0
836,3.43780,0.21470,2.49830,0.70460,0.01950,0,0,0,1599,5,0,1016,1016,0,1584,0
837,3.40370,0.20000,2.49440,0.69010,0.01860,0,0,0,1599,5,0,1016,1015,0,1585,0
838,3.34840,0.17830,2.43520,0.70940,0.02470,0,0,0,1599,5,0,1016,1015,0,1585,0
839,3.26310,0.21500,2.31280,0.71180,0.02270,0,0,0,1599,5,0,1016,1016,0,1585,0
840,4.74810,0.21360,3.73700,0.77270,0.02400,0,0,0,1599,5,0,1016,1015,0,1585,0
841,5.23570,1.90150,2.44190,0.85090,0.03960,0,0,0,1599,5,0,1016,1015,0,1585,0
842,3.49480,0.19680,2.41520,0.84520,0.03700,0,0,0,1599,5,0,1016,1015,0,1587,0
843,3.43020,0.19430,2.50680,0.69980,0.02870,0,0,0,1599,5,0,1016,1015,0,1587,0
844,3.26980,0.17630,2.36320,0.70050,0.02910,0,0,0,1599,5,0,1016,1014,0,1586,0
845,3.37510,0.21770,2.44060,0.69170,0.02450,0,0,0,1599,5,0,1016,1014,0,1587,0
846,3.36430,0.22340,2.33910,0.77410,0.02710,0,0,0,1599,5,0,1016,1014,0,1586,0
847,3.36950,0.24060,2.35020,0.74970,0.02830,0,0,0,1599,5,0,1016,1015,0,1583,0
848,3.49780,0.22120,2.41890,0.82880,0.02830,0,0,0,1599,5,0,1017,1015,0,1583,0
849,3.49600,0.23180,2.45980,0.77840,0.02540,0,0,0,1599,5,0,1017,1015,0,1583,0
850,3.58960,0.21000,2.52180,0.81740,0.03960,0,0,0,1599,5,0,1017,1016,0,1584,0
851,3.39120,0.23610,2.33490,0.71390,0.10560,0,0,0,1599,5,0,1017,1015,0,1584,0
852,3.40050,0.23460,2.37370,0.76300,0.02850,0,0,0,1599,5,0,1017,1015,0,1584,0
853,3.35030,0.24560,2.31730,0.75510,0.03150,0,0,0,1599,5,0,1017,1015,0,1584,0
854,3.26680,0.18470,2.32640,0.72620,0.02880,0,0,0,1599,5,0,1018,1016,0,1589,0
855,3.33060,0.19170,2.35350,0.75620,0.02850,0,0,0,1599,5,0,1018,1016,0,1587,0
856,5.35950,2.00130,2.53960,0.76750,0.05040,0,0,0,1599,5,0,1018,1016,0,1587,0
857,3.42840,0.23860,2.40470,0.75840,0.02590,0,0,0,1599,5,0,1018,1016,0,1587,0
858,3.32900,0.22790,2.35490,0.71670,0.02870,0,0,0,1599,5,0,1018,1016,0,1587,0
859,3.53810,0.22790,2.48280,0.77570,0.05110,0,0,0,1599,5,0,1018,1016,0,1587,0
860,3.48920,0.21380,2.46540,0.78060,0.02870,0,0,0,1599,5,0,1018,1016,0,1586,0
861,3.36330,0.23690,2.31640,0.77950,0.03000,0,0,0,1599,5,0,1018,1016,0,1585,0
862,3.48140,0.19710,2.38440,0.86880,0.03020,0,0,0,1599,5,0,1018,1016,0,1585,0
863,3.29290,0.21830,2.31650,0.72710,0.02600,0,0,0,1599,5,0,1018,1017,0,1587,0
864,3.26060,0.19970,2.27700,0.75090,0.03210,0,0,0,1599,5,0,1018,1017,0,1587,0
865,3.27640,0.23300,2.28930,0.72600,0.02730,0,0,0,1599,5,0,1018,1017,0,1587,0
866,3.38530,0.23010,2.31430,0.81000,0.03030,0,0,0,1599,5,0,1018,1016,0,1587,0
867,3.47130,0.21200,2.33610,0.89570,0.02680,0,0,0,1599,5,0,1018,1016,0,1587,0
868,3.28980,0.23410,2.30780,0.72250,0.02490,0,0,0,1599,5,0,1018,1016,0,1587,0
869,3.38400,0.22960,2.29460,0.83290,0.02620,0,0,0,1599,5,0,1018,1016,0,1587,0
870,3.45230,0.21770,2.40080,0.80770,0.02550,0,0,0,1599,5,0,1018,1016,0,1582,0
871,5.52970,2.08830,2.67730,0.73860,0.02350,0,0,0,1599,5,0,1018,1016,0,1581,0
872,3.30920,0.24480,2.34890,0.69050,0.02430,0,0,0,1599,5,0,1019,1017,0,1579,0
873,3.33220,0.21270,2.22730,0.85170,0.04000,0,0,0,1599,5,0,1019,1017,0,1579,0
874,3.17680,0.20980,2.24970,0.68610,0.03060,0,0,0,1599,5,0,1019,1017,0,1576,0
875,3.30500,0.22250,2.36110,0.69660,0.02410,0,0,0,1599,5,0,1019,1017,0,1576,0
876,3.26620,0.18800,2.37560,0.67820,0.02380,0,0,0,1599,5,0,1019,1017,0,1576,0
877,3.41770,0.22210,2.27710,0.89090,0.02690,0,0,0,1599,5,0,1019,1017,0,1574,0
878,3.26960,0.21310,2.30410,0.70580,0.04600,0,0,0,1599,5,0,1019,1017,0,1574,0
879,3.46000,0.21560,2.35620,0.86150,0.02600,0,0,0,1599,5,0,1019,1017,0,1574,0
880,3.59360,0.19680,2.60150,0.76480,0.02990,0,0,0,1599,5,0,1019,1017,0,1577,0
881,3.25130,0.19270,2.29050,0.74140,0.02600,0,0,0,1599,5,0,1020,1018,0,1577,0
882,3.28750,0.19360,2.27280,0.78990,0.03040,0,0,0,1599,5,0,1020,1018,0,1577,0
883,3.42860,0.23180,2.30340,0.86630,0.02640,0,0,0,1599,5,0,1020,1018,0,1577,0
884,3.18930,0.19970,2.25200,0.70890,0.02790,0,0,0,1599,5,0,1020,1018,0,1577,0
885,3.29490,0.21040,2.32430,0.72830,0.03120,0,0,0,1599,5,0,1020,1019,0,1577,0
886,4.99650,1.93930,2.31250,0.71080,0.03320,0,0,0,1599,5,0,1020,1019,0,1576,0
887,3.24160,0.21860,2.24970,0.74340,0.02910,0,0,0,1599,5,0,1020,1019,0,1577,0
888,3.44120,0.22170,2.36180,0.82120,0.03600,0,0,0,1599,5,0,1020,1019,0,1577,0
889,3.47150,0.20160,2.37060,0.86630,0.03220,0,0,0,1599,5,0,1020,1019,0,1577,0
890,3.19430,0.22560,2.18050,0.75240,0.03490,0,0,0,1599,5,0,1020,1019,0,1577,0
891,3.17350,0.20130,2.21220,0.73170,0.02770,0,0,0,1599,5,0,1020,1019,0,1577,0
892,3.18550,0.21090,2.25630,0.68490,0.03260,0,0,0,1599,5,0,1020,1019,0,1577,0
893,3.12290,0.18560,2.20870,0.70170,0.02610,0,0,0,1599,5,0,1020,1019,0,1577,0
894,3.11660,0.19500,2.19670,0.69670,0.02740,0,0,0,1599,5,0,1020,1020,0,1577,0
895,3.12230,0.17890,2.22540,0.68870,0.02860,0,0,0,1599,5,0,1022,1022,0,1574,0
896,3.12570,0.21230,2.19470,0.69040,0.02760,0,0,0,1599,5,0,1022,1022,0,1574,0
897,3.10180,0.19250,2.19860,0.68370,0.02630,0,0,0,1599,5,0,1022,1022,0,1574,0
898,3.04930,0.19820,2.13900,0.68370,0.02770,0,0,0,1599,5,0,1022,1022,0,1574,0
899,3.28230,0.21230,2.22060,0.80910,0.03970,0,0,0,1599,5,0,1022,1022,0,1574,0
900,3.30610,0.21250,2.23100,0.83550,0.02660,0,0,0,1599,5,0,1022,1022,0,1574,0
901,6.01030,2.01500,3.25320,0.71830,0.02240,0,0,0,1599,5,0,1022,1022,0,1574,0
902,3.85860,0.16780,2.95070,0.71640,0.02290,0,0,0,1599,5,0,1023,1023,0,1574,0
903,4.58450,0.16420,3.62760,0.77600,0.01580,0,0,0,1599,5,0,1023,1023,0,1574,0
904,3.98690,0.17070,3.05740,0.73840,0.01980,0,0,0,1599,5,0,1023,1023,0,1570,0
905,4.51220,0.16860,3.53480,0.79220,0.01580,0,0,0,1599,5,0,1023,1023,0,1570,0
906,4.34600,0.17760,3.39030,0.76180,0.01590,0,0,0,1599,5,0,1023,1023,0,1570,0
907,4.75070,0.17660,3.42420,1.10720,0.04190,0,0,0,1599,5,0,1023,1023,0,1570,0
908,3.44850,0.16280,2.56090,0.70660,0.01770,0,0,0,1599,5,0,1023,1023,0,1570,0
909,3.49510,0.16260,2.63030,0.68340,0.01820,0,0,0,1599,5,0,1023,1023,0,1570,0
910,3.80830,0.16710,2.70880,0.90530,0.02650,0,0,0,1599,5,0,1023,1023,0,1570,0
911,3.44200,0.17890,2.56480,0.67950,0.01830,0,0,0,1599,5,0,1023,1023,0,1570,0
912,3.62290,0.18700,2.73360,0.68260,0.01910,0,0,0,1599,5,0,1023,1023,0,1570,0
913,3.43990,0.16300,2.58570,0.67260,0.01780,0,0,0,1599,5,0,1023,1023,0,1570,0
914,3.82080,0.16940,2.92700,0.70490,0.01910,0,0,0,1599,5,0,1023,1023,0,1570,0
915,3.39960,0.16920,2.54850,0.66280,0.01840,0,0,0,1599,5,0,1023,1023,0,1570,0
916,6.88970,2.00130,4.13300,0.73550,0.01920,0,0,0,1599,5,0,1023,1023,0,1570,0
917,3.66760,0.18040,2.75640,0.71030,0.01970,0,0,0,1599,5,0,1023,1023,0,1570,0
918,3.39960,0.17570,2.51060,0.69330,0.01940,0,0,0,1599,5,0,1023,1023,0,1570,0
919,3.71740,0.17190,2.58070,0.94110,0.02310,0,0,0,1599,5,0,1023,1023,0,1570,0
920,4.92790,0.16980,4.06580,0.66590,0.02590,0,0,0,1599,5,0,1023,1023,0,1570,0
921,3.66550,0.19070,2.62310,0.82790,0.02320,0,0,0,1599,5,0,1023,1023,0,1570,0
922,5.23140,0.18140,4.08790,0.93840,0.02290,0,0,0,1599,5,0,1023,1023,0,1570,0
923,3.47840,0.19620,2.54100,0.71980,0.02080,0,0,0,1599,5,0,1023,1023,0,1570,0
924,3.60760,0.17200,2.71300,0.69470,0.02720,0,0,0,1599,5,0,1023,1023,0,1570,0
925,3.74290,0.18270,2.74670,0.78420,0.02850,0,0,0,1599,5,0,1023,1023,0,1568,0
926,3.64780,0.19460,2.64490,0.78250,0.02510,0,0,0,1599,5,0,1023,1023,0,1568,0
927,3.46470,0.17250,2.51650,0.73060,0.04430,0,0,0,1599,5,0,1023,1023,0,1568,0
928,3.51400,0.19290,2.59360,0.70750,0.01900,0,0,0,1599,5,0,1023,1023,0,1568,0
929,3.44590,0.18900,2.44510,0.79080,0.02030,0,0,0,1599,5,0,1023,1023,0,1568,0
930,4.58220,0.18410,3.65930,0.71600,0.02220,0,0,0,1599,5,0,1023,1023,0,1568,0
931,5.33350,2.14280,2.44280,0.72010,0.02560,0,0,0,1599,5,0,1023,1023,0,1568,0
932,3.53040,0.19780,2.55050,0.74830,0.03310,0,0,0,1599,5,0,1023,1023,0,1568,0
933,3.37380,0.21250,2.44050,0.69490,0.02470,0,0,0,1599,5,0,1023,1023,0,1568,0
934,3.38510,0.18390,2.45270,0.72100,0.02690,0,0,0,1599,5,0,1023,1023,0,1568,0
935,3.91170,0.21660,2.58670,1.07790,0.02950,0,0,0,1599,5,0,1023,1023,0,1568,0
936,3.64530,0.17880,2.69920,0.73210,0.03420,0,0,0,1599,5,0,1024,1024,0,1568,0
937,5.06540,0.32950,3.96510,0.74360,0.02600,0,0,0,1599,5,0,1024,1024,0,1568,0
938,3.55730,0.20290,2.47490,0.82720,0.05100,0,0,0,1599,5,0,1024,1024,0,1568,0
939,3.57170,0.23260,2.58710,0.72730,0.02370,0,0,0,1599,5,0,1024,1024,0,1568,0
940,3.53940,0.19710,2.53500,0.77310,0.03370,0,0,0,1599,5,0,1024,1024,0,1568,0
941,3.38920,0.20800,2.40420,0.74760,0.02810,0,0,0,1599,5,0,1024,1024,0,1568,0
942,3.41240,0.19140,2.29180,0.89360,0.03460,0,0,0,1599,5,0,1024,1024,0,1568,0
943,3.42180,0.20820,2.42470,0.75660,0.03080,0,0,0,1599,5,0,1024,1024,0,1568,0
944,3.30510,0.21160,2.32130,0.74690,0.02440,0,0,0,1599,5,0,1024,1024,0,1568,0
945,3.47680,0.20570,2.54080,0.70400,0.02550,0,0,0,1599,5,0,1024,1024,0,1568,0
946,5.47520,2.25670,2.45710,0.73160,0.02900,0,0,0,1599,5,0,1024,1024,0,1568,0
947,3.38580,0.21480,2.38780,0.73560,0.04640,0,0,0,1599,5,0,1024,1024,0,1568,0
948,3.57940,0.23570,2.53290,0.78050,0.02920,0,0,0,1599,5,0,1024,1024,0,1568,0
949,3.86220,0.20320,2.89870,0.73190,0.02770,0,0,0,1599,5,0,1024,1024,0,1568,0
950,3.43390,0.19400,2.45340,0.75330,0.03240,0,0,0,1599,5,0,1024,1024,0,1568,0
951,3.76760,0.26070,2.58570,0.88750,0.03250,0,0,0,1599,5,0,1024,1024,0,1568,0
952,3.94200,0.21510,2.87660,0.81610,0.03320,0,0,0,1599,5,0,1024,1024,0,1568,0
953,4.06000,0.24060,2.87260,0.90830,0.03710,0,0,0,1599,5,0,1024,1024,0,1568,0
954,3.96220,0.31840,2.81730,0.78930,0.03610,0,0,0,1599,5,0,1024,1024,0,1568,0
955,3.30900,0.20230,2.29600,0.78100,0.02910,0,0,0,1599,5,0,1024,1024,0,1568,0
956,3.18820,0.22220,2.21260,0.72060,0.03160,0,0,0,1599,5,0,1024,1024,0,1568,0
957,3.25310,0.27420,2.19180,0.75780,0.02800,0,0,0,1599,5,0,1024,1024,0,1568,0
958,3.13150,0.20050,2.16530,0.74190,0.02310,0,0,0,1599,5,0,1024,1024,0,1568,0
959,3.38660,0.19170,2.42790,0.74250,0.02370,0,0,0,1599,5,0,1024,1024,0,1568,0
960,3.46820,0.19530,2.51860,0.72600,0.02760,0,0,0,1599,5,0,1024,1024,0,1568,0
961,5.72020,2.16340,2.76630,0.75960,0.02890,0,0,0,1599,5,0,1024,1024,0,1568,0
962,3.70380,0.19320,2.70480,0.77530,0.02960,0,0,0,1599,5,0,1024,1024,0,1568,0
963,3.75370,0.19450,2.78970,0.74360,0.02460,0,0,0,1599,5,0,1024,1024,0,1568,0
964,4.05830,0.18900,3.11520,0.73410,0.01930,0,0,0,1599,5,0,1024,1024,0,1568,0
965,3.61320,0.18450,2.63630,0.76350,0.02830,0,0,0,1599,5,0,1024,1024,0,1568,0
966,3.79080,0.18990,2.80470,0.77490,0.02030,0,0,0,1599,5,0,1024,1024,0,1568,0
967,3.51700,0.18430,2.59060,0.72050,0.02080,0,0,0,1599,5,0,1024,1024,0,1568,0
968,3.43760,0.18250,2.51760,0.70070,0.03590,0,0,0,1599,5,0,1024,1024,0,1568,0
969,3.38580,0.20640,2.40820,0.74350,0.02680,0,0,0,1599,5,0,1024,1024,0,1568,0
970,4.02640,0.19130,3.01020,0.79890,0.02530,0,0,0,1599,5,0,1024,1024,0,1568,0
971,3.55170,0.19500,2.61430,0.71870,0.02270,0,0,0,1599,5,0,1024,1024,0,1568,0
972,3.46090,0.19480,2.48890,0.74750,0.02890,0,0,0,1599,5,0,1024,1024,0,1568,0
973,3.43830,0.23160,2.43690,0.73690,0.03170,0,0,0,1599,5,0,1024,1024,0,1568,0
974,3.78500,0.34490,2.60420,0.80200,0.03300,0,0,0,1599,5,0,1024,1024,0,1568,0
975,3.52620,0.19610,2.51630,0.78220,0.03080,0,0,0,1599,5,0,1024,1024,0,1568,0
976,5.55600,2.06080,2.72180,0.74540,0.02720,0,0,0,1599,5,0,1024,1024,0,1568,0
977,3.42800,0.18970,2.46120,0.74960,0.02670,0,0,0,1599,5,0,1024,1024,0,1568,0
978,3.46420,0.20080,2.52150,0.71600,0.02510,0,0,0,1599,5,0,1024,1024,0,1568,0
979,3.70840,0.30050,2.59170,0.78630,0.02880,0,0,0,1599,5,0,1024,1024,0,1568,0
980,4.20250,0.27550,2.91600,0.97490,0.03400,0,0,0,1599,5,0,1024,1024,0,1568,0
981,4.07800,0.29250,2.73970,1.00300,0.04120,0,0,0,1599,5,0,1024,1024,0,1568,0
982,4.00920,0.21330,2.96430,0.79880,0.03170,0,0,0,1599,5,0,1024,1024,0,1568,0
983,3.39990,0.20800,2.45400,0.71440,0.02230,0,0,0,1599,5,0,1024,1024,0,1568,0
984,3.30560,0.20220,2.35040,0.71970,0.03240,0,0,0,1599,5,0,1024,1024,0,1568,0
985,3.25020,0.18470,2.28510,0.74850,0.03100,0,0,0,1599,5,0,1024,1024,0,1568,0
986,3.20200,0.19070,2.20600,0.77490,0.02950,0,0,0,1599,5,0,1024,1024,0,1568,0
987,3.31880,0.20430,2.35960,0.72960,0.02450,0,0,0,1599,5,0,1024,1024,0,1568,0
988,3.42090,0.20380,2.45190,0.73550,0.02870,0,0,0,1599,5,0,1024,1024,0,1568,0
989,3.37590,0.22190,2.37670,0.73000,0.04580,0,0,0,1599,5,0,1024,1024,0,1568,0
990,3.45940,0.22930,2.47000,0.73000,0.02910,0,0,0,1599,5,0,1024,1024,0,1568,0
991,5.25960,2.12160,2.36240,0.74480,0.02890,0,0,0,1599,5,0,1024,1024,0,1568,0
992,3.45890,0.21310,2.49040,0.71050,0.04410,0,0,0,1599,5,0,1024,1024,0,1568,0
993,3.34240,0.24460,2.25410,0.80960,0.03280,0,0,0,1599,5,0,1024,1024,0,1568,0
994,3.16360,0.20650,2.21110,0.71070,0.03400,0,0,0,1599,5,0,1024,1024,0,1568,0
995,3.18210,0.20600,2.22270,0.72510,0.02730,0,0,0,1599,5,0,1024,1024,0,1568,0
996,3.14000,0.18580,2.21640,0.71100,0.02570,0,0,0,1599,5,0,1024,1024,0,1568,0
997,3.16720,0.18070,2.22240,0.74050,0.02270,0,0,0,1599,5,0,1024,1024,0,1568,0
998,3.14000,0.21570,2.17480,0.72320,0.02550,0,0,0,1599,5,0,1024,1024,0,1568,0
999,3.16340,0.19940,2.20840,0.72270,0.03210,0,0,0,1599,5,0,1024,1024,0,1568,0
1000,3.11280,0.23580,2.15060,0.69330,0.03240,0,0,0,1599,5,0,1024,1024,0,1568,0
1001,3.21250,0.18980,2.13040,0.84770,0.04350,0,0,0,1599,5,0,1024,1024,0,1568,0
1002,3.15000,0.21550,2.15190,0.75340,0.02800,0,0,0,1599,5,0,1024,1024,0,1568,0
1003,3.30420,0.23860,2.29340,0.74150,0.02990,0,0,0,1599,5,0,1024,1024,0,1568,0
1004,3.12840,0.21930,2.16770,0.70930,0.03120,0,0,0,1599,5,0,1024,1024,0,1568,0
1005,3.17480,0.23600,2.17000,0.73840,0.02950,0,0,0,1599,5,0,1024,1024,0,1568,0
1006,5.12890,2.07110,2.30890,0.71160,0.03630,0,0,0,1599,5,0,1024,1024,0,1568,0
1007,3.08310,0.20070,2.13440,0.71750,0.02980,0,0,0,1599,5,0,1024,1024,0,1568,0
1008,3.19730,0.24110,2.15860,0.76320,0.03360,0,0,0,1599,5,0,1024,1024,0,1568,0
1009,3.04790,0.23010,2.06040,0.73130,0.02550,0,0,0,1599,5,0,1024,1024,0,1568,0
1010,3.09780,0.19400,2.14470,0.73260,0.02580,0,0,0,1599,5,0,1024,1024,0,1568,0
1011,3.09580,0.19150,2.13350,0.74280,0.02710,0,0,0,1599,5,0,1024,1024,0,1568,0
1012,3.16170,0.21240,2.15910,0.75880,0.03040,0,0,0,1599,5,0,1024,1024,0,1568,0
1013,3.26490,0.23740,2.29540,0.70740,0.02390,0,0,0,1599,5,0,1024,1024,0,1568,0
1014,3.06410,0.20660,2.14120,0.68780,0.02780,0,0,0,1599,5,0,1024,1024,0,1568,0
1015,3.01290,0.17610,2.11730,0.69200,0.02670,0,0,0,1599,5,0,1024,1024,0,1568,0
1016,3.14820,0.21530,2.18800,0.71380,0.03030,0,0,0,1599,5,0,1024,1024,0,1568,0
1017,3.19650,0.22570,2.19200,0.74260,0.03540,0,0,0,1599,5,0,1024,1024,0,1568,0
1018,3.14750,0.20190,2.20170,0.71470,0.02850,0,0,0,1599,5,0,1024,1024,0,1568,0
1019,3.12600,0.23630,2.15070,0.71210,0.02620,0,0,0,1599,5,0,1024,1024,0,1568,0
1020,3.15780,0.21500,2.16840,0.74580,0.02790,0,0,0,1599,5,0,1024,1024,0,1568,0
1021,5.55200,2.01100,2.77500,0.72570,0.03850,0,0,0,1599,5,0,1024,1024,0,1568,0
1022,4.12840,0.19000,3.17370,0.74590,0.01770,0,0,0,1599,5,0,1024,1024,0,1568,0
1023,3.71370,0.17680,2.77130,0.74070,0.02390,0,0,0,1599,5,0,1024,1024,0,1568,0
1024,4.34250,0.18890,3.38380,0.74750,0.02160,0,0,0,1599,5,0,1024,1024,0,1568,0
1025,3.88190,0.17950,2.94500,0.72660,0.03010,0,0,0,1599,5,0,1024,1024,0,1568,0
1026,3.49480,0.17590,2.59910,0.69450,0.02450,0,0,0,1599,5,0,1024,1024,0,1568,0
1027,3.41380,0.18580,2.51850,0.69170,0.01730,0,0,0,1599,5,0,1024,1024,0,1568,0
1028,3.70400,0.17290,2.77190,0.73160,0.02660,0,0,0,1599,5,0,1024,1024,0,1568,0
1029,3.86210,0.17790,2.84780,0.80600,0.02940,0,0,0,1599,5,0,1024,1024,0,1568,0
1030,3.46580,0.18230,2.55760,0.69730,0.02780,0,0,0,1599,5,0,1024,1024,0,1568,0
1031,3.58330,0.19100,2.65060,0.71650,0.02430,0,0,0,1599,5,0,1024,1024,0,1568,0
1032,3.79020,0.19600,2.83090,0.73330,0.02920,0,0,0,1599,5,0,1024,1024,0,1568,0
1033,3.55080,0.19220,2.58280,0.75060,0.02440,0,0,0,1599,5,0,1024,1024,0,1568,0
1034,3.45450,0.20520,2.49960,0.72500,0.02360,0,0,0,1599,5,0,1024,1024,0,1568,0
1035,3.70180,0.19910,2.74990,0.71940,0.03220,0,0,0,1599,5,0,1024,1024,0,1568,0
1036,5.23060,2.05410,2.43490,0.72090,0.01990,0,0,0,1599,5,0,1024,1024,0,1568,0
1037,3.59030,0.22520,2.59260,0.74530,0.02660,0,0,0,1599,5,0,1024,1024,0,1568,0
1038,3.48260,0.20420,2.45810,0.79770,0.02200,0,0,0,1599,5,0,1024,1024,0,1568,0
1039,4.03290,0.18920,2.91560,0.89840,0.02900,0,0,0,1599,5,0,1024,1024,0,1568,0
1040,3.50990,0.26670,2.50770,0.70860,0.02610,0,0,0,1599,5,0,1024,1024,0,1568,0
1041,3.58480,0.21020,2.48870,0.85710,0.02810,0,0,0,1599,5,0,1024,1024,0,1568,0
1042,3.89050,0.27410,2.75820,0.82710,0.02980,0,0,0,1599,5,0,1024,1024,0,1568,0
1043,3.77800,0.29910,2.60230,0.85330,0.02210,0,0,0,1599,5,0,1024,1024,0,1568,0
1044,3.49210,0.20990,2.49550,0.75540,0.03060,0,0,0,1599,5,0,1024,1024,0,1568,0
1045,3.42250,0.22180,2.41240,0.76570,0.02200,0,0,0,1599,5,0,1024,1024,0,1568,0
1046,3.29750,0.21870,2.35040,0.70500,0.02250,0,0,0,1599,5,0,1024,1024,0,1568,0
1047,3.30350,0.23620,2.33540,0.70740,0.02390,0,0,0,1599,5,0,1024,1024,0,1568,0
1048,3.17150,0.21060,2.24430,0.69200,0.02390,0,0,0,1599,5,0,1024,1024,0,1568,0
1049,3.54360,0.20560,2.59080,0.71950,0.02690,0,0,0,1599,5,0,1024,1024,0,1568,0
1050,3.36310,0.19260,2.41260,0.72490,0.03210,0,0,0,1599,5,0,1024,1024,0,1568,0
1051,5.49630,2.13280,2.59500,0.73930,0.02650,0,0,0,1599,5,0,1024,1024,0,1568,0
1052,3.70150,0.22710,2.68320,0.76100,0.02910,0,0,0,1599,5,0,1024,1024,0,1568,0
1053,3.39540,0.20910,2.43830,0.72180,0.02560,0,0,0,1599,5,0,1024,1024,0,1568,0
1054,3.90070,0.26370,2.85520,0.75160,0.02900,0,0,0,1599,5,0,1024,1024,0,1568,0
1055,3.72220,0.25350,2.67350,0.76230,0.03220,0,0,0,1599,5,0,1024,1024,0,1568,0
1056,3.48050,0.23890,2.42940,0.75940,0.05210,0,0,0,1599,5,0,1024,1024,0,1568,0
1057,3.81170,0.29660,2.73690,0.73320,0.04360,0,0,0,1599,5,0,1024,1024,0,1568,0
1058,3.59050,0.20960,2.58950,0.76050,0.02980,0,0,0,1599,5,0,1024,1024,0,1568,0
1059,3.58960,0.29860,2.47620,0.78470,0.02900,0,0,0,1599,5,0,1024,1024,0,1568,0
1060,3.58630,0.26530,2.50010,0.78090,0.03890,0,0,0,1599,5,0,1024,1024,0,1568,0
1061,3.48290,0.29360,2.36970,0.77240,0.04600,0,0,0,1599,5,0,1024,1024,0,1568,0
1062,3.35620,0.21510,2.35430,0.75360,0.03240,0,0,0,1599,5,0,1024,1024,0,1568,0
1063,3.64210,0.20580,2.36530,1.03840,0.03130,0,0,0,1599,5,0,1024,1024,0,1568,0
1064,3.64020,0.22600,2.51390,0.87130,0.02800,0,0,0,1599,5,0,1024,1024,0,1568,0
1065,3.17150,0.21160,2.19620,0.73460,0.02820,0,0,0,1599,5,0,1024,1024,0,1568,0
1066,5.73030,2.30880,2.52010,0.85740,0.04270,0,0,0,1599,5,0,1024,1024,0,1568,0
1067,3.34630,0.19310,2.35430,0.74250,0.05530,0,0,0,1599,5,0,1024,1024,0,1568,0
1068,3.23580,0.21510,2.25120,0.74380,0.02480,0,0,0,1599,5,0,1024,1024,0,1568,0
1069,3.43060,0.20800,2.28600,0.90310,0.03210,0,0,0,1599,5,0,1024,1024,0,1568,0
1070,3.41460,0.22340,2.37420,0.78380,0.03210,0,0,0,1599,5,0,1024,1024,0,1568,0
1071,3.36230,0.20880,2.35820,0.76400,0.02950,0,0,0,1599,5,0,1024,1024,0,1568,0
1072,3.60290,0.25400,2.51870,0.79160,0.03690,0,0,0,1599,5,0,1024,1024,0,1568,0
1073,5.18490,0.22990,4.14950,0.77910,0.02520,0,0,0,1599,5,0,1024,1024,0,1568,0
1074,3.54210,0.21230,2.50260,0.79710,0.02880,0,0,0,1599,5,0,1024,1024,0,1568,0
1075,3.25040,0.21910,2.27860,0.72290,0.02900,0,0,0,1599,5,0,1024,1024,0,1568,0
1076,3.48590,0.23380,2.46310,0.75690,0.03140,0,0,0,1599,5,0,1024,1024,0,1568,0
1077,3.73980,0.30590,2.56610,0.82950,0.03690,0,0,0,1599,5,0,1024,1024,0,1568,0
1078,3.19200,0.19490,2.24350,0.72280,0.03000,0,0,0,1599,5,0,1024,1024,0,1568,0
1079,3.39170,0.21380,2.29990,0.84630,0.03090,0,0,0,1599,5,0,1024,1024,0,1568,0
1080,3.61370,0.21280,2.64660,0.72980,0.02370,0,0,0,1599,5,0,1024,1024,0,1568,0
1081,5.78870,2.03430,2.97120,0.75210,0.02940,0,0,0,1599,5,0,1024,1024,0,1568,0
1082,3.85090,0.20400,2.90790,0.71330,0.02490,0,0,0,1599,5,0,1024,1024,0,1568,0
1083,3.64950,0.18490,2.68420,0.75040,0.02930,0,0,0,1599,5,0,1024,1024,0,1568,0
1084,3.49920,0.20010,2.53980,0.72910,0.02940,0,0,0,1599,5,0,1024,1024,0,1568,0
1085,3.49090,0.21890,2.52960,0.71630,0.02550,0,0,0,1599,5,0,1024,1024,0,1568,0
1086,3.43740,0.17290,2.50530,0.72630,0.03210,0,0,0,1599,5,0,1024,1024,0,1568,0
1087,3.37810,0.20080,2.42970,0.71460,0.03200,0,0,0,1599,5,0,1024,1024,0,1568,0
1088,3.69280,0.19560,2.75300,0.71810,0.02530,0,0,0,1599,5,0,1024,1024,0,1568,0
1089,3.36090,0.19400,2.42070,0.71970,0.02570,0,0,0,1599,5,0,1024,1024,0,1568,0
1090,3.12180,0.18140,2.18590,0.72010,0.03370,0,0,0,1599,5,0,1024,1024,0,1568,0
1091,4.27030,0.19790,3.26240,0.77640,0.03290,0,0,0,1599,5,0,1024,1024,0,1568,0
1092,3.33060,0.19930,2.39290,0.71450,0.02310,0,0,0,1599,5,0,1024,1024,0,1568,0
1093,3.75320,0.26010,2.69800,0.75090,0.04350,0,0,0,1599,5,0,1024,1024,0,1568,0
1094,3.52560,0.24280,2.49520,0.75620,0.03040,0,0,0,1599,5,0,1024,1024,0,1568,0
1095,4.21450,0.22600,3.10040,0.82890,0.05830,0,0,0,1599,5,0,1024,1024,0,1568,0
1096,5.34480,2.01810,2.36120,0.91270,0.05160,0,0,0,1599,5,0,1024,1024,0,1568,0
1097,3.73930,0.24780,2.69530,0.76870,0.02640,0,0,0,1599,5,0,1024,1024,0,1568,0
1098,3.43060,0.19010,2.47310,0.74010,0.02660,0,0,0,1599,5,0,1024,1024,0,1568,0
1099,3.43670,0.19900,2.48750,0.71910,0.03050,0,0,0,1599,5,0,1024,1024,0,1568,0
1100,3.39260,0.20660,2.40630,0.75290,0.02590,0,0,0,1599,5,0,1024,1024,0,1568,0
1101,3.30280,0.20810,2.31760,0.75080,0.02560,0,0,0,1599,5,0,1024,1024,0,1568,0
1102,3.27670,0.20500,2.33990,0.70360,0.02760,0,0,0,1599,5,0,1024,1024,0,1568,0
1103,3.22870,0.20230,2.23400,0.73890,0.05270,0,0,0,1599,5,0,1024,1024,0,1568,0
1104,3.55060,0.22460,2.50750,0.78700,0.03050,0,0,0,1599,5,0,1024,1024,0,1568,0
1105,3.31360,0.20900,2.29810,0.77670,0.02900,0,0,0,1599,5,0,1024,1024,0,1568,0
1106,3.21250,0.21220,2.20630,0.76570,0.02770,0,0,0,1599,5,0,1024,1024,0,1568,0
1107,3.37820,0.21180,2.36290,0.77300,0.02980,0,0,0,1599,5,0,1024,1024,0,1568,0
1108,3.36940,0.20930,2.38780,0.74420,0.02730,0,0,0,1599,5,0,1024,1024,0,1568,0
1109,3.43830,0.20790,2.40870,0.79190,0.02870,0,0,0,1599,5,0,1024,1024,0,1568,0
1110,3.40960,0.30050,2.32850,0.74850,0.03110,0,0,0,1599,5,0,1024,1024,0,1568,0
1111,5.84610,2.03980,3.09840,0.68610,0.02040,0,0,0,1599,5,0,1024,1024,0,1568,0
1112,3.92400,0.16480,3.00380,0.72460,0.02980,0,0,0,1599,5,0,1024,1024,0,1568,0
1113,4.01310,0.19540,3.05580,0.74180,0.01930,0,0,0,1599,5,0,1024,1024,0,1568,0
1114,3.81840,0.17750,2.83970,0.76990,0.03060,0,0,0,1599,5,0,1024,1024,0,1568,0
1115,3.40310,0.21290,2.44890,0.71600,0.02450,0,0,0,1599,5,0,1024,1024,0,1568,0
1116,3.70590,0.18850,2.77180,0.71440,0.03030,0,0,0,1599,5,0,1024,1024,0,1568,0
1117,3.56460,0.18150,2.50730,0.84600,0.02870,0,0,0,1599,5,0,1024,1024,0,1568,0
1118,3.79540,0.21070,2.76710,0.78890,0.02780,0,0,0,1599,5,0,1024,1024,0,1568,0
1119,3.62330,0.21580,2.50650,0.86650,0.03350,0,0,0,1599,5,0,1024,1024,0,1568,0
1120,3.98960,0.28870,2.90470,0.76190,0.03280,0,0,0,1599,5,0,1024,1024,0,1568,0
1121,3.88480,0.20890,2.87610,0.76690,0.03190,0,0,0,1599,5,0,1024,1024,0,1568,0
1122,3.61120,0.21950,2.60640,0.75590,0.02810,0,0,0,1599,5,0,1024,1024,0,1568,0
1123,3.48710,0.29310,2.36930,0.79130,0.03220,0,0,0,1599,5,0,1024,1024,0,1568,0
1124,3.13580,0.18290,2.20670,0.71420,0.03110,0,0,0,1599,5,0,1024,1024,0,1568,0
1125,3.34490,0.23950,2.31670,0.76320,0.02480,0,0,0,1599,5,0,1024,1024,0,1568,0
1126,5.18430,2.01630,2.39520,0.74480,0.02710,0,0,0,1599,5,0,1024,1024,0,1568,0
1127,3.57790,0.20780,2.49530,0.84420,0.02990,0,0,0,1599,5,0,1024,1024,0,1568,0
1128,3.31620,0.18960,2.34370,0.75710,0.02510,0,0,0,1599,5,0,1024,1024,0,1568,0
1129,3.16460,0.24190,2.16010,0.73230,0.02940,0,0,0,1599,5,0,1024,1024,0,1568,0
1130,3.29190,0.21730,2.16230,0.87770,0.03370,0,0,0,1599,5,0,1024,1024,0,1568,0
1131,3.17690,0.21530,2.21480,0.71180,0.03430,0,0,0,1599,5,0,1024,1024,0,1568,0
1132,3.35800,0.19640,2.40910,0.72760,0.02410,0,0,0,1599,5,0,1024,1024,0,1568,0
1133,3.16640,0.20880,2.20560,0.71840,0.03290,0,0,0,1599,5,0,1024,1024,0,1568,0
1134,3.50500,0.19590,2.49420,0.78580,0.02840,0,0,0,1599,5,0,1024,1024,0,1568,0
1135,3.23240,0.20450,2.18100,0.81620,0.02980,0,0,0,1599,5,0,1024,1024,0,1568,0
1136,3.19520,0.23040,2.15700,0.77140,0.03540,0,0,0,1599,5,0,1024,1024,0,1568,0
1137,3.31590,0.20630,2.35630,0.72380,0.02870,0,0,0,1599,5,0,1024,1024,0,1568,0
1138,3.16280,0.21110,2.20080,0.71560,0.03470,0,0,0,1599,5,0,1024,1024,0,1568,0
1139,3.23780,0.24890,2.25500,0.69850,0.03460,0,0,0,1599,5,0,1024,1024,0,1568,0
1140,3.17400,0.20380,2.21270,0.72890,0.02790,0,0,0,1599,5,0,1024,1024,0,1568,0
1141,6.16040,2.23530,3.13690,0.74170,0.04510,0,0,0,1599,5,0,1024,1024,0,1568,0
1142,4.06750,0.18730,3.10440,0.75340,0.02180,0,0,0,1599,5,0,1024,1024,0,1568,0
1143,3.86990,0.18220,2.92670,0.73640,0.02380,0,0,0,1599,5,0,1024,1024,0,1568,0
1144,4.02140,0.17510,2.95950,0.85730,0.02880,0,0,0,1599,5,0,1024,1024,0,1568,0
1145,3.53960,0.18580,2.61720,0.71270,0.02300,0,0,0,1599,5,0,1024,1024,0,1568,0
1146,3.60220,0.18320,2.63690,0.75610,0.02540,0,0,0,1599,5,0,1024,1024,0,1568,0
1147,3.59980,0.18620,2.64000,0.75150,0.02130,0,0,0,1599,5,0,1024,1024,0,1568,0
1148,5.17030,0.20390,4.14940,0.78210,0.03380,0,0,0,1599,5,0,1024,1024,0,1568,0
1149,4.04570,0.22070,3.04910,0.73920,0.03550,0,0,0,1599,5,0,1024,1024,0,1568,0
1150,3.54160,0.18540,2.56840,0.73900,0.04790,0,0,0,1599,5,0,1024,1024,0,1568,0
1151,3.60530,0.21240,2.61630,0.74290,0.03270,0,0,0,1599,5,0,1024,1024,0,1568,0
1152,3.48300,0.21860,2.48220,0.74440,0.03710,0,0,0,1599,5,0,1024,1024,0,1568,0
1153,3.71250,0.19380,2.71120,0.78350,0.02330,0,0,0,1599,5,0,1024,1024,0,1568,0
1154,3.83610,0.19590,2.81710,0.78970,0.03230,0,0,0,1599,5,0,1024,1024,0,1568,0
1155,4.03830,0.21220,2.97160,0.81760,0.03510,0,0,0,1599,5,0,1024,1024,0,1568,0
1156,6.03260,2.09230,3.10550,0.80270,0.03090,0,0,0,1599,5,0,1024,1024,0,1568,0
1157,3.76130,0.19050,2.78150,0.75880,0.02970,0,0,0,1599,5,0,1024,1024,0,1568,0
1158,4.11520,0.19420,3.15800,0.74050,0.02180,0,0,0,1599,5,0,1024,1024,0,1568,0
1159,3.39990,0.22590,2.27900,0.85380,0.03910,0,0,0,1599,5,0,1024,1024,0,1568,0
1160,3.60250,0.20050,2.59920,0.76360,0.03850,0,0,0,1599,5,0,1024,1024,0,1568,0
1161,4.05870,0.19970,3.07650,0.75360,0.02750,0,0,0,1599,5,0,1024,1024,0,1568,0
1162,4.07190,0.19130,3.08960,0.76740,0.02290,0,0,0,1599,5,0,1024,1024,0,1568,0
1163,3.51620,0.21290,2.47100,0.76500,0.06620,0,0,0,1599,5,0,1024,1024,0,1568,0
1164,3.30930,0.21240,2.26090,0.80330,0.03210,0,0,0,1599,5,0,1024,1024,0,1568,0
1165,3.35450,0.19650,2.41400,0.72060,0.02280,0,0,0,1599,5,0,1024,1024,0,1568,0
1166,3.35240,0.23450,2.36740,0.72470,0.02510,0,0,0,1599,5,0,1024,1024,0,1568,0
1167,3.10580,0.18690,2.16280,0.72110,0.03430,0,0,0,1599,5,0,1024,1024,0,1568,0
1168,3.48220,0.19360,2.38150,0.85530,0.05100,0,0,0,1599,5,0,1024,1024,0,1568,0
1169,3.28750,0.21370,2.17980,0.86510,0.02790,0,0,0,1599,5,0,1024,1024,0,1568,0
1170,3.09090,0.17820,2.15900,0.72730,0.02580,0,0,0,1599,5,0,1024,1024,0,1568,0
1171,7.32630,1.99430,4.05760,1.24180,0.03100,0,0,0,1599,5,0,1024,1024,0,1568,0
1172,4.99410,0.18400,4.01900,0.76710,0.02350,0,0,0,1599,5,0,1024,1024,0,1568,0
1173,4.49310,0.19360,3.21550,1.06040,0.02300,0,0,0,1599,5,0,1024,1024,0,1568,0
1174,4.09990,0.19160,2.99630,0.88510,0.02630,0,0,0,1599,5,0,1024,1024,0,1568,0
1175,3.58090,0.17940,2.65780,0.71350,0.02950,0,0,0,1599,5,0,1024,1024,0,1568,0
1176,4.13890,0.20080,3.16010,0.75060,0.02670,0,0,0,1599,5,0,1024,1024,0,1568,0
1177,4.50530,0.17350,3.48330,0.81560,0.03210,0,0,0,1599,5,0,1024,1024,0,1568,0
1178,3.75000,0.18510,2.80220,0.72650,0.03510,0,0,0,1599,5,0,1024,1024,0,1568,0
1179,3.52190,0.18890,2.60520,0.69500,0.03210,0,0,0,1599,5,0,1024,1024,0,1568,0
1180,5.05160,0.17670,4.06820,0.78330,0.02280,0,0,0,1599,5,0,1024,1024,0,1568,0
1181,3.47420,0.17680,2.54980,0.72590,0.02090,0,0,0,1599,5,0,1024,1024,0,1568,0
1182,3.38380,0.19910,2.44100,0.71980,0.02340,0,0,0,1599,5,0,1024,1024,0,1568,0
1183,3.51940,0.20010,2.52170,0.76400,0.03300,0,0,0,1599,5,0,1024,1024,0,1568,0
1184,3.36650,0.20370,2.42150,0.71420,0.02640,0,0,0,1599,5,0,1024,1024,0,1568,0
1185,3.32050,0.17950,2.42990,0.68770,0.02290,0,0,0,1599,5,0,1024,1024,0,1568,0
1186,5.20450,1.91970,2.43420,0.82710,0.02260,0,0,0,1599,5,0,1024,1024,0,1568,0
1187,3.31060,0.19030,2.36870,0.72620,0.02470,0,0,0,1599,5,0,1024,1024,0,1568,0
1188,3.22520,0.19450,2.30970,0.69670,0.02350,0,0,0,1599,5,0,1024,1024,0,1568,0
1189,3.23490,0.22360,2.24440,0.74080,0.02540,0,0,0,1599,5,0,1024,1024,0,1568,0
1190,3.26240,0.18650,2.31080,0.73980,0.02470,0,0,0,1599,5,0,1024,1024,0,1568,0
1191,3.19550,0.20970,2.24430,0.71650,0.02440,0,0,0,1599,5,0,1024,1024,0,1568,0
1192,3.38300,0.17870,2.37590,0.79960,0.02800,0,0,0,1599,5,0,1024,1024,0,1568,0
1193,3.45600,0.20860,2.45810,0.76460,0.02400,0,0,0,1599,5,0,1024,1024,0,1568,0
1194,3.25760,0.19690,2.31380,0.72150,0.02450,0,0,0,1599,5,0,1024,1024,0,1568,0
1195,3.29480,0.21630,2.29240,0.76000,0.02540,0,0,0,1599,5,0,1024,1024,0,1568,0
1196,3.33310,0.20340,2.30060,0.80030,0.02780,0,0,0,1599,5,0,1024,1024,0,1568,0
1197,3.29930,0.19570,2.32400,0.75100,0.02790,0,0,0,1599,5,0,1024,1024,0,1568,0
1198,3.21220,0.21740,2.25930,0.71230,0.02240,0,0,0,1599,5,0,1024,1024,0,1568,0
1199,3.34630,0.19280,2.36950,0.75660,0.02680,0,0,0,1599,5,0,1024,1024,0,1568,0
1200,3.29690,0.21490,2.35300,0.70200,0.02630,0,0,0,1599,5,0,1024,1024,0,1568,0
1201,6.08280,1.89850,3.41210,0.74210,0.02780,0,0,0,1599,5,0,1024,1024,0,1568,0
1202,3.14180,0.19370,2.16540,0.75460,0.02740,0,0,0,1599,5,0,1024,1024,0,1568,0
1203,3.14290,0.18060,2.23110,0.70930,0.02140,0,0,0,1599,5,0,1024,1024,0,1568,0
1204,3.16170,0.20700,2.23740,0.69410,0.02240,0,0,0,1599,5,0,1024,1024,0,1568,0
1205,3.41750,0.20830,2.45500,0.72410,0.02940,0,0,0,1599,5,0,1024,1024,0,1568,0
1206,3.38350,0.19390,2.36630,0.79160,0.03100,0,0,0,1599,5,0,1024,1024,0,1568,0
1207,3.17800,0.21230,2.19850,0.73570,0.03090,0,0,0,1599,5,0,1024,1024,0,1568,0
1208,3.18170,0.20670,2.21760,0.72950,0.02720,0,0,0,1599,5,0,1024,1024,0,1568,0
1209,3.26280,0.20160,2.23850,0.78910,0.03290,0,0,0,1599,5,0,1024,1024,0,1568,0
1210,3.39210,0.21040,2.43900,0.71350,0.02850,0,0,0,1599,5,0,1024,1024,0,1568,0
1211,3.12820,0.21360,2.19830,0.69000,0.02570,0,0,0,1599,5,0,1024,1024,0,1568,0
1212,3.28480,0.20560,2.32510,0.72570,0.02760,0,0,0,1599,5,0,1024,1024,0,1568,0
1213,3.15910,0.20790,2.17520,0.74730,0.02820,0,0,0,1599,5,0,1024,1024,0,1568,0
1214,3.16550,0.19740,2.24580,0.69760,0.02410,0,0,0,1599,5,0,1024,1024,0,1568,0
1215,3.21770,0.21850,2.26270,0.70560,0.03020,0,0,0,1599,5,0,1024,1024,0,1568,0
1216,4.87570,1.90050,2.24480,0.70610,0.02380,0,0,0,1599,5,0,1024,1024,0,1568,0
1217,3.27590,0.20000,2.29990,0.73750,0.03790,0,0,0,1599,5,0,1024,1024,0,1568,0
1218,4.43290,0.21100,3.45340,0.72850,0.03940,0,0,0,1599,5,0,1024,1024,0,1568,0
1219,3.18630,0.22080,2.16760,0.77000,0.02710,0,0,0,1599,5,0,1024,1024,0,1568,0
1220,3.23600,0.23280,2.23810,0.71720,0.04700,0,0,0,1599,5,0,1024,1024,0,1568,0
1221,3.09270,0.19630,2.15560,0.71500,0.02500,0,0,0,1599,5,0,1024,1024,0,1568,0
1222,3.09330,0.19110,2.18670,0.69250,0.02240,0,0,0,1599,5,0,1024,1024,0,1568,0
1223,3.13890,0.20860,2.17550,0.72950,0.02460,0,0,0,1599,5,0,1024,1024,0,1568,0
1224,3.08030,0.19530,2.16200,0.69590,0.02650,0,0,0,1599,5,0,1024,1024,0,1568,0
1225,3.01820,0.18850,2.10320,0.69580,0.03000,0,0,0,1599,5,0,1024,1024,0,1568,0
1226,3.23210,0.22960,2.26640,0.70920,0.02610,0,0,0,1599,5,0,1024,1024,0,1568,0
1227,3.26130,0.20810,2.20860,0.81650,0.02720,0,0,0,1599,5,0,1024,1024,0,1568,0
1228,3.12560,0.19360,2.14770,0.74310,0.04050,0,0,0,1599,5,0,1024,1024,0,1568,0
1229,3.18730,0.21650,2.21070,0.73300,0.02630,0,0,0,1599,5,0,1024,1024,0,1568,0
1230,3.12880,0.20280,2.17340,0.72220,0.02980,0,0,0,1599,5,0,1024,1024,0,1568,0
1231,5.88070,2.06060,3.02370,0.77650,0.01860,0,0,0,1599,5,0,1024,1024,0,1568,0
1232,4.37530,0.17530,2.98490,1.19210,0.02250,0,0,0,1599,5,0,1024,1024,0,1568,0
1233,4.04610,0.25250,2.95010,0.81320,0.02970,0,0,0,1599,5,0,1024,1024,0,1568,0
1234,4.39250,0.17890,3.40910,0.78220,0.02160,0,0,0,1599,5,0,1024,1024,0,1568,0
1235,4.33820,0.16530,3.36950,0.76900,0.03380,0,0,0,1599,5,0,1024,1024,0,1568,0
1236,3.71760,0.16110,2.82590,0.71130,0.01850,0,0,0,1599,5,0,1024,1024,0,1568,0
1237,3.53230,0.18390,2.62850,0.70230,0.01720,0,0,0,1599,5,0,1024,1024,0,1568,0
1238,3.63330,0.17080,2.68810,0.75090,0.02300,0,0,0,1599,5,0,1024,1024,0,1568,0
1239,3.62340,0.18830,2.61700,0.77550,0.04200,0,0,0,1599,5,0,1024,1024,0,1568,0
1240,3.52810,0.17240,2.63560,0.68160,0.03780,0,0,0,1599,5,0,1024,1024,0,1568,0
1241,3.45880,0.18360,2.49690,0.70670,0.07100,0,0,0,1599,5,0,1024,1024,0,1568,0
1242,3.51000,0.22760,2.56210,0.69440,0.02510,0,0,0,1599,5,0,1024,1024,0,1568,0
1243,3.49120,0.16190,2.64010,0.67170,0.01690,0,0,0,1599,5,0,1024,1024,0,1568,0
1244,3.51950,0.17910,2.63350,0.68650,0.01970,0,0,0,1599,5,0,1024,1024,0,1568,0
1245,3.68570,0.18820,2.79320,0.68740,0.01640,0,0,0,1599,5,0,1024,1024,0,1568,0
1246,6.71820,1.90550,4.03630,0.75590,0.02000,0,0,0,1599,5,0,1024,1024,0,1568,0
1247,3.63740,0.15950,2.73450,0.72380,0.01870,0,0,0,1599,5,0,1024,1024,0,1568,0
1248,3.54670,0.17620,2.64870,0.69590,0.02500,0,0,0,1599,5,0,1024,1024,0,1568,0
1249,3.65510,0.17750,2.76080,0.68970,0.02620,0,0,0,1599,5,0,1024,1024,0,1568,0
1250,3.60080,0.20380,2.66810,0.69670,0.03150,0,0,0,1599,5,0,1024,1024,0,1568,0
1251,3.51720,0.18710,2.58690,0.71800,0.02410,0,0,0,1599,5,0,1024,1024,0,1568,0
1252,3.46840,0.20400,2.49430,0.74910,0.02010,0,0,0,1599,5,0,1024,1024,0,1568,0
1253,3.89070,0.21010,2.87820,0.76290,0.03870,0,0,0,1599,5,0,1024,1024,0,1568,0
1254,3.44050,0.18860,2.52210,0.70510,0.02380,0,0,0,1599,5,0,1024,1024,0,1568,0
1255,3.41140,0.18810,2.48400,0.71810,0.02030,0,0,0,1599,5,0,1024,1024,0,1568,0
1256,3.48750,0.18170,2.56270,0.71960,0.02300,0,0,0,1599,5,0,1024,1024,0,1568,0
1257,3.41550,0.16820,2.45380,0.74970,0.04300,0,0,0,1599,5,0,1024,1024,0,1568,0
1258,3.37620,0.19650,2.37770,0.76620,0.03510,0,0,0,1599,5,0,1024,1024,0,1568,0
1259,3.44410,0.19840,2.47040,0.74230,0.03230,0,0,0,1599,5,0,1024,1024,0,1568,0
1260,3.34750,0.18730,2.42120,0.71400,0.02430,0,0,0,1599,5,0,1024,1024,0,1568,0
1261,5.26520,1.90620,2.51190,0.81660,0.02890,0,0,0,1599,5,0,1024,1024,0,1568,0
1262,3.40650,0.18410,2.49170,0.70600,0.02400,0,0,0,1599,5,0,1024,1024,0,1568,0
1263,3.37830,0.19510,2.38400,0.76700,0.03140,0,0,0,1599,5,0,1024,1024,0,1568,0
1264,3.42750,0.19660,2.45910,0.74390,0.02700,0,0,0,1599,5,0,1024,1024,0,1568,0
1265,3.38770,0.19780,2.46880,0.69590,0.02450,0,0,0,1599,5,0,1024,1024,0,1568,0
1266,3.35710,0.18920,2.41540,0.72870,0.02310,0,0,0,1599,5,0,1024,1024,0,1568,0
1267,3.20120,0.18420,2.30690,0.68760,0.02180,0,0,0,1599,5,0,1024,1024,0,1568,0
1268,3.35400,0.21380,2.36300,0.74880,0.02770,0,0,0,1599,5,0,1024,1024,0,1568,0
1269,3.39300,0.20520,2.40770,0.75060,0.02870,0,0,0,1599,5,0,1024,1024,0,1568,0
1270,3.29920,0.18180,2.35670,0.72720,0.03290,0,0,0,1599,5,0,1024,1024,0,1568,0
1271,3.49440,0.33490,2.40340,0.71900,0.03610,0,0,0,1599,5,0,1024,1024,0,1568,0
1272,3.30440,0.18300,2.37390,0.71830,0.02850,0,0,0,1599,5,0,1024,1024,0,1568,0
1273,3.35860,0.19870,2.40350,0.66650,0.08900,0,0,0,1599,5,0,1024,1024,0,1568,0
1274,3.28430,0.18570,2.40840,0.66330,0.02640,0,0,0,1599,5,0,1024,1024,0,1568,0
1275,3.21230,0.20470,2.27630,0.70040,0.03030,0,0,0,1599,5,0,1024,1024,0,1568,0
1276,5.07210,1.85550,2.44500,0.74010,0.03050,0,0,0,1599,5,0,1024,1024,0,1568,0
1277,3.18850,0.19940,2.23110,0.73490,0.02240,0,0,0,1599,5,0,1024,1024,0,1568,0
1278,3.32510,0.20880,2.38040,0.70420,0.03080,0,0,0,1599,5,0,1024,1024,0,1568,0
1279,3.35070,0.20220,2.40460,0.70570,0.03740,0,0,0,1599,5,0,1024,1024,0,1568,0
1280,3.43280,0.26610,2.43490,0.68220,0.04850,0,0,0,1599,5,0,1024,1024,0,1568,0
1281,3.38850,0.23480,2.39610,0.72330,0.03320,0,0,0,1599,5,0,1024,1024,0,1568,0
1282,3.23190,0.20980,2.29410,0.69480,0.03240,0,0,0,1599,5,0,1024,1024,0,1568,0
1283,3.51520,0.19490,2.55990,0.72740,0.03230,0,0,0,1599,5,0,1024,1024,0,1568,0
1284,3.43090,0.21570,2.45880,0.71410,0.04160,0,0,0,1599,5,0,1024,1024,0,1568,0
1285,3.44630,0.24090,2.45000,0.72660,0.02760,0,0,0,1599,5,0,1024,1024,0,1568,0
1286,3.24620,0.19020,2.26180,0.74120,0.05220,0,0,0,1599,5,0,1024,1024,0,1568,0
1287,3.38040,0.23300,2.40300,0.71020,0.03340,0,0,0,1599,5,0,1024,1024,0,1568,0
1288,3.32860,0.19790,2.34790,0.75520,0.02670,0,0,0,1599,5,0,1024,1024,0,1568,0
1289,3.09860,0.19150,2.14950,0.71590,0.04110,0,0,0,1599,5,0,1024,1024,0,1568,0
1290,3.01330,0.20890,2.08450,0.69010,0.02900,0,0,0,1599,5,0,1024,1024,0,1568,0
1291,5.48640,1.91750,2.79580,0.74490,0.02670,0,0,0,1599,5,0,1024,1024,0,1568,0
1292,3.60790,0.26050,2.50690,0.80230,0.03720,0,0,0,1599,5,0,1024,1024,0,1568,0
1293,4.09010,0.20990,3.07840,0.77510,0.02610,0,0,0,1599,5,0,1024,1024,0,1568,0
1294,3.98960,0.16320,3.02520,0.78070,0.01970,0,0,0,1599,5,0,1024,1024,0,1568,0
1295,4.04640,0.17220,3.01030,0.80790,0.05520,0,0,0,1599,5,0,1024,1024,0,1568,0
1296,3.90440,0.20590,2.93780,0.74240,0.01760,0,0,0,1599,5,0,1024,1024,0,1568,0
1297,4.10530,0.18190,3.18290,0.71560,0.02410,0,0,0,1599,5,0,1024,1024,0,1568,0
1298,3.38850,0.19300,2.43560,0.73930,0.01980,0,0,0,1599,5,0,1024,1024,0,1568,0
1299,3.51640,0.18840,2.51380,0.78170,0.03190,0,0,0,1599,5,0,1024,1024,0,1568,0
1300,3.48590,0.22480,2.50440,0.73350,0.02250,0,0,0,1599,5,0,1024,1024,0,1568,0
1301,3.52580,0.18740,2.51680,0.79510,0.02580,0,0,0,1599,5,0,1024,1024,0,1568,0
1302,3.50980,0.19130,2.55480,0.73500,0.02770,0,0,0,1599,5,0,1024,1024,0,1568,0
1303,4.53830,0.18790,3.56590,0.74020,0.04360,0,0,0,1599,5,0,1024,1024,0,1568,0
1304,3.39870,0.23330,2.39530,0.74550,0.02370,0,0,0,1599,5,0,1024,1024,0,1568,0
1305,3.43510,0.21850,2.47110,0.72400,0.02080,0,0,0,1599,5,0,1024,1024,0,1568,0
1306,5.26630,1.94820,2.54240,0.74710,0.02770,0,0,0,1599,5,0,1024,1024,0,1568,0
1307,3.45290,0.20300,2.47490,0.75040,0.02390,0,0,0,1599,5,0,1024,1024,0,1568,0
1308,3.56330,0.22090,2.47560,0.84190,0.02410,0,0,0,1599,5,0,1024,1024,0,1568,0
1309,3.47910,0.21510,2.49560,0.74020,0.02720,0,0,0,1599,5,0,1024,1024,0,1568,0
1310,3.44810,0.21380,2.39570,0.80960,0.02790,0,0,0,1599,5,0,1024,1024,0,1568,0
1311,3.19070,0.19740,2.25900,0.70730,0.02640,0,0,0,1599,5,0,1024,1024,0,1568,0
1312,3.19710,0.20540,2.18060,0.78930,0.02110,0,0,0,1599,5,0,1024,1024,0,1568,0
1313,3.20550,0.20760,2.25220,0.71810,0.02640,0,0,0,1599,5,0,1024,1024,0,1568,0
1314,3.35960,0.20580,2.33520,0.79030,0.02770,0,0,0,1599,5,0,1024,1024,0,1568,0
1315,3.25160,0.21370,2.28250,0.72730,0.02750,0,0,0,1599,5,0,1024,1024,0,1568,0
1316,3.28360,0.20710,2.29780,0.75270,0.02520,0,0,0,1599,5,0,1024,1024,0,1568,0
1317,3.49540,0.22690,2.40830,0.83210,0.02710,0,0,0,1599,5,0,1024,1024,0,1568,0
1318,3.48120,0.20730,2.50660,0.73680,0.02950,0,0,0,1599,5,0,1024,1024,0,1568,0
1319,3.19630,0.19970,2.23020,0.73820,0.02750,0,0,0,1599,5,0,1024,1024,0,1568,0
1320,3.25730,0.20190,2.31610,0.71390,0.02470,0,0,0,1599,5,0,1024,1024,0,1568,0
1321,5.05530,1.89390,2.39400,0.72410,0.04120,0,0,0,1599,5,0,1024,1024,0,1568,0
1322,3.29000,0.20940,2.32830,0.72280,0.02880,0,0,0,1599,5,0,1024,1024,0,1568,0
1323,3.14050,0.20680,2.20280,0.70610,0.02400,0,0,0,1599,5,0,1024,1024,0,1568,0
1324,3.30220,0.18710,2.29250,0.79430,0.02770,0,0,0,1599,5,0,1024,1024,0,1568,0
1325,3.27650,0.19440,2.22520,0.82960,0.02680,0,0,0,1599,5,0,1024,1024,0,1568,0
1326,3.12420,0.19930,2.13900,0.74680,0.03860,0,0,0,1599,5,0,1024,1024,0,1568,0
1327,3.08400,0.20660,2.17100,0.68080,0.02490,0,0,0,1599,5,0,1024,1024,0,1568,0
1328,3.07050,0.20280,2.16610,0.67290,0.02790,0,0,0,1599,5,0,1024,1024,0,1568,0
1329,3.21570,0.20690,2.13270,0.84840,0.02690,0,0,0,1599,5,0,1024,1024,0,1568,0
1330,3.18760,0.19170,2.28500,0.67990,0.03030,0,0,0,1599,5,0,1024,1024,0,1568,0
1331,3.38730,0.18770,2.44800,0.71730,0.03310,0,0,0,1599,5,0,1024,1024,0,1568,0
1332,3.44050,0.20150,2.38370,0.82780,0.02650,0,0,0,1599,5,0,1024,1024,0,1568,0
1333,3.20500,0.23820,2.18400,0.74190,0.03980,0,0,0,1599,5,0,1024,1024,0,1568,0
1334,3.44840,0.22200,2.46180,0.73520,0.02850,0,0,0,1599,5,0,1024,1024,0,1568,0
1335,3.65150,0.21900,2.60610,0.79870,0.02690,0,0,0,1599,5,0,1024,1024,0,1568,0
1336,5.12770,2.02510,2.30580,0.76700,0.02890,0,0,0,1599,5,0,1024,1024,0,1568,0
1337,3.31270,0.20730,2.36530,0.70860,0.03070,0,0,0,1599,5,0,1024,1024,0,1568,0
1338,3.15540,0.23120,2.14280,0.75120,0.02940,0,0,0,1599,5,0,1024,1024,0,1568,0
1339,3.24270,0.22970,2.23190,0.75040,0.03000,0,0,0,1599,5,0,1024,1024,0,1568,0
1340,3.21770,0.20710,2.23150,0.74390,0.03420,0,0,0,1599,5,0,1024,1024,0,1568,0
1341,3.30820,0.26120,2.28010,0.73360,0.03210,0,0,0,1599,5,0,1024,1024,0,1568,0
1342,3.55950,0.30460,2.35230,0.87030,0.03090,0,0,0,1599,5,0,1024,1024,0,1568,0
1343,3.44560,0.20270,2.30520,0.90330,0.03360,0,0,0,1599,5,0,1024,1024,0,1568,0
1344,3.35980,0.20970,2.34990,0.76920,0.03030,0,0,0,1599,5,0,1024,1024,0,1568,0
1345,3.57060,0.20100,2.48040,0.85320,0.03500,0,0,0,1599,5,0,1024,1024,0,1568,0
1346,3.22660,0.23270,2.23350,0.72840,0.03120,0,0,0,1599,5,0,1024,1024,0,1568,0
1347,2.99540,0.19250,2.00540,0.76680,0.03000,0,0,0,1599,5,0,1024,1024,0,1568,0
1348,3.08140,0.18710,2.14080,0.72400,0.02870,0,0,0,1599,5,0,1024,1024,0,1568,0
1349,3.12090,0.20030,2.15630,0.73700,0.02670,0,0,0,1599,5,0,1024,1024,0,1568,0
1350,3.11180,0.19410,2.19110,0.69900,0.02700,0,0,0,1599,5,0,1024,1024,0,1568,0
1351,5.96950,2.06560,2.99330,0.87500,0.03400,0,0,0,1599,5,0,1024,1024,0,1568,0
1352,4.84080,0.18690,3.82880,0.79550,0.02890,0,0,0,1599,5,0,1024,1024,0,1568,0
1353,4.84740,0.16970,3.81530,0.82920,0.03240,0,0,0,1599,5,0,1024,1024,0,1568,0
1354,3.88760,0.18390,2.91650,0.76650,0.01990,0,0,0,1599,5,0,1024,1024,0,1568,0
1355,3.44110,0.18810,2.55050,0.68060,0.02130,0,0,0,1599,5,0,1024,1024,0,1568,0
1356,3.65430,0.17120,2.73410,0.72610,0.02220,0,0,0,1599,5,0,1024,1024,0,1568,0
1357,3.56330,0.17860,2.66130,0.70310,0.01970,0,0,0,1599,5,0,1024,1024,0,1568,0
1358,3.43490,0.18920,2.55010,0.67730,0.01760,0,0,0,1599,5,0,1024,1024,0,1568,0
1359,3.48090,0.18650,2.57960,0.69580,0.01830,0,0,0,1599,5,0,1024,1024,0,1568,0
1360,3.78970,0.18220,2.84280,0.73040,0.03360,0,0,0,1599,5,0,1024,1024,0,1568,0
1361,3.53330,0.21000,2.56760,0.71500,0.03970,0,0,0,1599,5,0,1024,1024,0,1568,0
1362,3.67300,0.18230,2.72500,0.73700,0.02780,0,0,0,1599,5,0,1024,1024,0,1568,0
1363,4.05030,0.18600,3.10340,0.74010,0.02010,0,0,0,1599,5,0,1024,1024,0,1568,0
1364,3.50210,0.18180,2.59980,0.69750,0.02240,0,0,0,1599,5,0,1024,1024,0,1568,0
1365,4.87950,0.17570,3.92580,0.73870,0.03840,0,0,0,1599,5,0,1024,1024,0,1568,0
1366,5.27070,1.83800,2.64120,0.77310,0.01770,0,0,0,1599,5,0,1024,1024,0,1568,0
1367,3.53310,0.20490,2.52990,0.77010,0.02750,0,0,0,1599,5,0,1024,1024,0,1568,0
1368,3.40980,0.18790,2.48030,0.72030,0.02050,0,0,0,1599,5,0,1024,1024,0,1568,0
1369,3.74010,0.20840,2.63950,0.85900,0.03240,0,0,0,1599,5,0,1024,1024,0,1568,0
1370,3.34530,0.21770,2.34110,0.75600,0.02940,0,0,0,1599,5,0,1024,1024,0,1568,0
1371,3.24280,0.20160,2.31770,0.69800,0.02480,0,0,0,1599,5,0,1024,1024,0,1568,0
1372,3.57580,0.20130,2.60590,0.74230,0.02550,0,0,0,1599,5,0,1024,1024,0,1568,0
1373,3.35350,0.19380,2.41980,0.71250,0.02680,0,0,0,1599,5,0,1024,1024,0,1568,0
1374,3.38510,0.18240,2.45900,0.71540,0.02770,0,0,0,1599,5,0,1024,1024,0,1568,0
1375,3.51710,0.23970,2.33720,0.90870,0.03060,0,0,0,1599,5,0,1024,1024,0,1568,0
1376,3.34510,0.23770,2.35580,0.72430,0.02600,0,0,0,1599,5,0,1024,1024,0,1568,0
1377,3.21640,0.19110,2.26140,0.73900,0.02400,0,0,0,1599,5,0,1024,1024,0,1568,0
1378,3.32150,0.19140,2.33740,0.76520,0.02680,0,0,0,1599,5,0,1024,1024,0,1568,0
1379,3.12730,0.20720,2.19340,0.70380,0.02230,0,0,0,1599,5,0,1024,1024,0,1568,0
1380,3.26470,0.21760,2.28290,0.73600,0.02760,0,0,0,1599,5,0,1024,1024,0,1568,0
1381,5.93790,2.03200,3.06810,0.81230,0.02270,0,0,0,1599,5,0,1024,1024,0,1568,0
1382,4.42140,0.20600,3.48930,0.70300,0.02250,0,0,0,1599,5,0,1024,1024,0,1568,0
1383,4.24920,0.19220,3.34520,0.69090,0.02020,0,0,0,1599,5,0,1024,1024,0,1568,0
1384,4.01410,0.16680,3.09480,0.72680,0.02480,0,0,0,1599,5,0,1024,1024,0,1568,0
1385,3.96550,0.18260,2.96160,0.76200,0.05860,0,0,0,1599,5,0,1024,1024,0,1568,0
1386,3.55620,0.23020,2.61580,0.69110,0.01840,0,0,0,1599,5,0,1024,1024,0,1568,0
1387,3.80190,0.16840,2.86930,0.74000,0.02380,0,0,0,1599,5,0,1024,1024,0,1568,0
1388,4.04940,0.18120,3.08950,0.75100,0.02680,0,0,0,1599,5,0,1024,1024,0,1568,0
1389,3.56910,0.20530,2.62150,0.71660,0.02500,0,0,0,1599,5,0,1024,1024,0,1568,0
1390,3.91960,0.18020,2.99270,0.72450,0.02140,0,0,0,1599,5,0,1024,1024,0,1568,0
1391,4.69570,0.18680,3.75780,0.73200,0.01850,0,0,0,1599,5,0,1024,1024,0,1568,0
1392,3.41750,0.17310,2.54760,0.67820,0.01770,0,0,0,1599,5,0,1024,1024,0,1568,0
1393,3.58330,0.17430,2.68140,0.69350,0.03330,0,0,0,1599,5,0,1024,1024,0,1568,0
1394,3.71620,0.22900,2.72210,0.73780,0.02660,0,0,0,1599,5,0,1024,1024,0,1568,0
1395,3.48890,0.17030,2.60560,0.69200,0.02040,0,0,0,1599,5,0,1024,1024,0,1568,0
1396,5.23140,1.94110,2.56080,0.70610,0.02220,0,0,0,1599,5,0,1024,1024,0,1568,0
1397,3.60160,0.18050,2.63540,0.75680,0.02820,0,0,0,1599,5,0,1024,1024,0,1568,0
1398,3.40330,0.19110,2.45390,0.73650,0.02100,0,0,0,1599,5,0,1024,1024,0,1568,0
1399,3.14840,0.19670,2.22750,0.69890,0.02410,0,0,0,1599,5,0,1024,1024,0,1568,0
1400,3.35280,0.19910,2.38070,0.74000,0.03220,0,0,0,1599,5,0,1024,1024,0,1568,0
1401,3.33010,0.21580,2.32160,0.76860,0.02280,0,0,0,1599,5,0,1024,1024,0,1568,0
1402,3.41040,0.23380,2.34680,0.79960,0.02910,0,0,0,1599,5,0,1024,1024,0,1568,0
1403,3.33600,0.20750,2.32660,0.76800,0.03270,0,0,0,1599,5,0,1024,1024,0,1568,0
1404,3.38110,0.23600,2.38610,0.73350,0.02470,0,0,0,1599,5,0,1024,1024,0,1568,0
1405,3.50240,0.18630,2.48800,0.80280,0.02450,0,0,0,1599,5,0,1024,1024,0,1568,0
1406,3.13430,0.20120,2.16370,0.74450,0.02400,0,0,0,1599,5,0,1024,1024,0,1568,0
1407,3.12500,0.21120,2.15600,0.73410,0.02280,0,0,0,1599,5,0,1024,1024,0,1568,0
1408,3.13020,0.20060,2.17670,0.72770,0.02420,0,0,0,1599,5,0,1024,1024,0,1568,0
1409,3.17710,0.20730,2.21040,0.72870,0.02980,0,0,0,1599,5,0,1024,1024,0,1568,0
1410,3.11230,0.20280,2.16390,0.71990,0.02520,0,0,0,1599,5,0,1024,1024,0,1568,0
1411,5.80400,1.96400,3.07030,0.74320,0.02430,0,0,0,1599,5,0,1024,1024,0,1568,0
1412,3.92330,0.16290,2.99000,0.74440,0.02500,0,0,0,1599,5,0,1024,1024,0,1568,0
1413,4.16030,0.17280,3.07310,0.89050,0.02300,0,0,0,1599,5,0,1024,1024,0,1568,0
1414,4.06970,0.23340,3.07950,0.72690,0.02890,0,0,0,1599,5,0,1024,1024,0,1568,0
1415,4.83930,0.18220,3.89350,0.72500,0.03750,0,0,0,1599,5,0,1024,1024,0,1568,0
1416,3.63570,0.21110,2.66650,0.72910,0.02760,0,0,0,1599,5,0,1024,1024,0,1568,0
1417,3.69210,0.18960,2.72320,0.74640,0.03150,0,0,0,1599,5,0,1024,1024,0,1568,0
1418,3.37050,0.19700,2.39960,0.74870,0.02430,0,0,0,1599,5,0,1024,1024,0,1568,0
1419,3.55300,0.20280,2.64420,0.68120,0.02410,0,0,0,1599,5,0,1024,1024,0,1568,0
1420,3.67120,0.17020,2.72470,0.75490,0.02040,0,0,0,1599,5,0,1024,1024,0,1568,0
1421,4.47170,0.19570,3.47430,0.78030,0.02080,0,0,0,1599,5,0,1024,1024,0,1568,0
1422,3.49720,0.21920,2.54550,0.70270,0.02890,0,0,0,1599,5,0,1024,1024,0,1568,0
1423,3.19190,0.19210,2.28220,0.69350,0.02280,0,0,0,1599,5,0,1024,1024,0,1568,0
1424,3.38840,0.18540,2.45540,0.72100,0.02570,0,0,0,1599,5,0,1024,1024,0,1568,0
1425,4.13740,0.20870,3.19280,0.71280,0.02210,0,0,0,1599,5,0,1024,1024,0,1568,0
1426,5.96370,1.85790,3.28410,0.79580,0.02500,0,0,0,1599,5,0,1024,1024,0,1568,0
1427,3.26570,0.20080,2.32560,0.71760,0.02090,0,0,0,1599,5,0,1024,1024,0,1568,0
1428,3.21570,0.19190,2.30040,0.70230,0.02050,0,0,0,1599,5,0,1024,1024,0,1568,0
1429,3.24940,0.23790,2.24140,0.73470,0.03440,0,0,0,1599,5,0,1024,1024,0,1568,0
1430,3.27370,0.21090,2.31090,0.72790,0.02310,0,0,0,1599,5,0,1024,1024,0,1568,0
1431,3.20360,0.20360,2.23970,0.73710,0.02250,0,0,0,1599,5,0,1024,1024,0,1568,0
1432,3.21760,0.18300,2.27610,0.73380,0.02410,0,0,0,1599,5,0,1024,1024,0,1568,0
1433,3.08670,0.19540,2.17390,0.69100,0.02570,0,0,0,1599,5,0,1024,1024,0,1568,0
1434,3.44630,0.20320,2.45620,0.76240,0.02360,0,0,0,1599,5,0,1024,1024,0,1568,0
1435,3.25720,0.19440,2.31480,0.72520,0.02200,0,0,0,1599,5,0,1024,1024,0,1568,0
1436,3.35110,0.19900,2.33720,0.78240,0.03170,0,0,0,1599,5,0,1024,1024,0,1568,0
1437,3.14350,0.18340,2.21090,0.72290,0.02540,0,0,0,1599,5,0,1024,1024,0,1568,0
1438,3.24010,0.19150,2.23980,0.78500,0.02280,0,0,0,1599,5,0,1024,1024,0,1568,0
1439,3.23540,0.21070,2.23340,0.76450,0.02600,0,0,0,1599,5,0,1024,1024,0,1568,0
1440,3.13580,0.18920,2.13120,0.78830,0.02640,0,0,0,1599,5,0,1024,1024,0,1568,0
1441,5.00160,1.85710,2.40020,0.71020,0.03190,0,0,0,1599,5,0,1024,1024,0,1568,0
1442,3.42750,0.18700,2.46890,0.74020,0.03090,0,0,0,1599,5,0,1024,1024,0,1568,0
1443,3.76550,0.19370,2.81950,0.72300,0.02850,0,0,0,1599,5,0,1024,1024,0,1568,0
1444,3.24910,0.16970,2.37820,0.67210,0.02830,0,0,0,1599,5,0,1024,1024,0,1568,0
1445,3.74710,0.17430,2.80150,0.71720,0.05340,0,0,0,1599,5,0,1024,1024,0,1568,0
1446,4.31280,0.19960,3.39290,0.70130,0.01790,0,0,0,1599,5,0,1024,1024,0,1568,0
1447,3.38120,0.19280,2.48950,0.68110,0.01700,0,0,0,1599,5,0,1024,1024,0,1568,0
1448,3.32360,0.17900,2.28530,0.82710,0.03130,0,0,0,1599,5,0,1024,1024,0,1568,0
1449,3.24660,0.19810,2.31660,0.70100,0.03010,0,0,0,1599,5,0,1024,1024,0,1568,0
1450,3.05270,0.19400,2.16270,0.66410,0.03120,0,0,0,1599,5,0,1024,1024,0,1568,0
1451,3.32880,0.18180,2.26540,0.84470,0.03570,0,0,0,1599,5,0,1024,1024,0,1568,0
1452,3.07180,0.17350,2.14870,0.71000,0.03890,0,0,0,1599,5,0,1024,1024,0,1568,0
1453,3.15930,0.21230,2.23670,0.68370,0.02580,0,0,0,1599,5,0,1024,1024,0,1568,0
1454,3.23870,0.20890,2.29750,0.70030,0.03130,0,0,0,1599,5,0,1024,1024,0,1568,0
1455,3.06780,0.19130,2.15990,0.68580,0.02990,0,0,0,1599,5,0,1024,1024,0,1568,0
1456,4.80540,1.87730,2.21790,0.68460,0.02470,0,0,0,1599,5,0,1024,1024,0,1568,0
1457,3.10270,0.18820,2.18960,0.69950,0.02430,0,0,0,1599,5,0,1024,1024,0,1568,0
1458,3.21260,0.20480,2.27740,0.70450,0.02520,0,0,0,1599,5,0,1024,1024,0,1568,0
1459,3.18050,0.20270,2.23300,0.71560,0.02820,0,0,0,1599,5,0,1024,1024,0,1568,0
1460,3.18570,0.17680,2.18940,0.78200,0.03690,0,0,0,1599,5,0,1024,1024,0,1568,0
1461,3.21890,0.21260,2.24840,0.73080,0.02630,0,0,0,1599,5,0,1024,1024,0,1568,0
1462,3.17220,0.18130,2.28370,0.68210,0.02410,0,0,0,1599,5,0,1024,1024,0,1568,0
1463,3.21570,0.19920,2.25080,0.73570,0.02910,0,0,0,1599,5,0,1024,1024,0,1568,0
1464,3.14360,0.19610,2.21330,0.70600,0.02720,0,0,0,1599,5,0,1024,1024,0,1568,0
1465,3.26190,0.19480,2.23950,0.79630,0.03040,0,0,0,1599,5,0,1024,1024,0,1568,0
1466,3.64660,0.19850,2.60860,0.80680,0.03100,0,0,0,1599,5,0,1024,1024,0,1568,0
1467,3.32740,0.19660,2.30730,0.79110,0.03150,0,0,0,1599,5,0,1024,1024,0,1568,0
1468,3.35240,0.19660,2.36610,0.75910,0.02980,0,0,0,1599,5,0,1024,1024,0,1568,0
1469,3.50850,0.19330,2.51800,0.76620,0.03000,0,0,0,1599,5,0,1024,1024,0,1568,0
1470,3.25620,0.18750,2.25100,0.78620,0.03070,0,0,0,1599,5,0,1024,1024,0,1568,0
1471,5.07980,1.95550,2.29370,0.79040,0.03790,0,0,0,1599,5,0,1024,1024,0,1568,0
1472,3.19480,0.18710,2.26300,0.71470,0.02930,0,0,0,1599,5,0,1024,1024,0,1568,0
1473,3.26490,0.18910,2.35640,0.68720,0.03160,0,0,0,1599,5,0,1024,1024,0,1568,0
1474,3.20780,0.19630,2.28180,0.70460,0.02430,0,0,0,1599,5,0,1024,1024,0,1568,0
1475,3.16090,0.19860,2.24190,0.69280,0.02660,0,0,0,1599,5,0,1024,1024,0,1568,0
1476,3.20630,0.18870,2.26560,0.72280,0.02770,0,0,0,1599,5,0,1024,1024,0,1568,0
1477,3.14660,0.19410,2.19760,0.71590,0.03740,0,0,0,1599,5,0,1024,1024,0,1568,0
1478,3.20520,0.19740,2.28810,0.69290,0.02590,0,0,0,1599,5,0,1024,1024,0,1568,0
1479,3.25450,0.20450,2.32210,0.70050,0.02650,0,0,0,1599,5,0,1024,1024,0,1568,0
1480,3.13260,0.19910,2.18890,0.72080,0.02240,0,0,0,1599,5,0,1024,1024,0,1568,0
1481,3.26840,0.19740,2.23180,0.80740,0.03050,0,0,0,1599,5,0,1024,1024,0,1568,0
1482,3.20720,0.19330,2.21760,0.76940,0.02620,0,0,0,1599,5,0,1024,1024,0,1568,0
1483,3.39160,0.17500,2.45510,0.73220,0.02850,0,0,0,1599,5,0,1024,1024,0,1568,0
1484,3.18990,0.22290,2.21450,0.72630,0.02550,0,0,0,1599,5,0,1024,1024,0,1568,0
1485,3.24770,0.23150,2.18770,0.80240,0.02540,0,0,0,1599,5,0,1024,1024,0,1568,0
1486,4.86500,1.94670,2.18380,0.70660,0.02730,0,0,0,1599,5,0,1024,1024,0,1568,0
1487,3.03870,0.19630,2.11590,0.69990,0.02610,0,0,0,1599,5,0,1024,1024,0,1568,0
1488,3.21310,0.19150,2.16940,0.82280,0.02890,0,0,0,1599,5,0,1024,1024,0,1568,0
1489,3.15480,0.19380,2.22900,0.70220,0.02820,0,0,0,1599,5,0,1024,1024,0,1568,0
1490,3.12220,0.18480,2.19730,0.71510,0.02400,0,0,0,1599,5,0,1024,1024,0,1568,0
1491,3.23050,0.19030,2.21900,0.79400,0.02600,0,0,0,1599,5,0,1024,1024,0,1568,0
1492,3.15160,0.20070,2.21540,0.70790,0.02670,0,0,0,1599,5,0,1024,1024,0,1568,0
1493,3.13730,0.19140,2.16980,0.74410,0.03160,0,0,0,1599,5,0,1024,1024,0,1568,0
1494,3.10580,0.18710,2.19840,0.69500,0.02460,0,0,0,1599,5,0,1024,1024,0,1568,0
1495,3.27110,0.21700,2.26460,0.74410,0.04440,0,0,0,1599,5,0,1024,1024,0,1568,0
1496,3.38930,0.21670,2.33780,0.80640,0.02720,0,0,0,1599,5,0,1024,1024,0,1568,0
1497,4.63270,0.22190,3.62090,0.75930,0.02970,0,0,0,1599,5,0,1024,1024,0,1568,0
1498,3.18220,0.20470,2.12850,0.81300,0.03520,0,0,0,1599,5,0,1024,1024,0,1568,0
1499,3.11460,0.18290,2.20140,0.69660,0.03300,0,0,0,1599,5,0,1024,1024,0,1568,0
1500,3.17940,0.20040,2.23600,0.71340,0.02860,0,0,0,1599,5,0,1024,1024,0,1568,0
1501,5.30350,1.97200,2.56240,0.73230,0.03490,0,0,0,1599,5,0,1024,1024,0,1568,0
1502,3.53950,0.22200,2.57480,0.71840,0.02350,0,0,0,1599,5,0,1024,1024,0,1568,0
1503,3.42840,0.29990,2.40290,0.69630,0.02830,0,0,0,1599,5,0,1024,1024,0,1568,0
1504,3.44120,0.20530,2.48390,0.72160,0.02970,0,0,0,1599,5,0,1024,1024,0,1568,0
1505,3.46630,0.17440,2.47210,0.72540,0.09350,0,0,0,1599,5,0,1024,1024,0,1568,0
1506,3.54780,0.18130,2.61550,0.71720,0.03300,0,0,0,1599,5,0,1024,1024,0,1568,0
1507,3.35490,0.18930,2.42860,0.71360,0.02250,0,0,0,1599,5,0,1024,1024,0,1568,0
1508,3.22960,0.20800,2.32410,0.66820,0.02850,0,0,0,1599,5,0,1024,1024,0,1568,0
1509,3.23650,0.20910,2.28960,0.70720,0.03000,0,0,0,1599,5,0,1024,1024,0,1568,0
1510,3.39630,0.20640,2.42650,0.73300,0.02950,0,0,0,1599,5,0,1024,1024,0,1568,0
1511,3.30110,0.18180,2.32670,0.76080,0.03110,0,0,0,1599,5,0,1024,1024,0,1568,0
1512,3.16930,0.17790,2.27870,0.66240,0.04960,0,0,0,1599,5,0,1024,1024,0,1568,0
1513,3.32870,0.24640,2.30770,0.74580,0.02780,0,0,0,1599,5,0,1024,1024,0,1568,0
1514,3.31830,0.22060,2.36780,0.70200,0.02640,0,0,0,1599,5,0,1024,1024,0,1568,0
1515,3.29280,0.18200,2.34570,0.73970,0.02450,0,0,0,1599,5,0,1024,1024,0,1568,0
1516,5.02760,1.95030,2.29640,0.75310,0.02690,0,0,0,1599,5,0,1024,1024,0,1568,0
1517,3.18240,0.19800,2.22280,0.73270,0.02840,0,0,0,1599,5,0,1024,1024,0,1568,0
1518,3.09050,0.18700,2.16030,0.71320,0.02920,0,0,0,1599,5,0,1024,1024,0,1568,0
1519,3.39870,0.19530,2.44720,0.73190,0.02360,0,0,0,1599,5,0,1024,1024,0,1568,0
1520,3.16240,0.21570,2.21330,0.70440,0.02820,0,0,0,1599,5,0,1024,1024,0,1568,0
1521,3.24250,0.21120,2.22440,0.77210,0.03420,0,0,0,1599,5,0,1024,1024,0,1568,0
1522,3.28610,0.19730,2.24030,0.80190,0.04580,0,0,0,1599,5,0,1024,1024,0,1568,0
1523,3.15470,0.22300,2.18510,0.72150,0.02420,0,0,0,1599,5,0,1024,1024,0,1568,0
1524,3.31230,0.20130,2.33200,0.74490,0.03300,0,0,0,1599,5,0,1024,1024,0,1568,0
1525,3.47490,0.19900,2.38310,0.85990,0.03210,0,0,0,1599,5,0,1024,1024,0,1568,0
1526,3.53410,0.21960,2.37490,0.90840,0.03020,0,0,0,1599,5,0,1024,1024,0,1568,0
1527,3.25560,0.20650,2.24460,0.77270,0.03110,0,0,0,1599,5,0,1024,1024,0,1568,0
1528,3.15420,0.21240,2.20980,0.70750,0.02390,0,0,0,1599,5,0,1024,1024,0,1568,0
1529,3.20900,0.20530,2.22570,0.75040,0.02690,0,0,0,1599,5,0,1024,1024,0,1568,0
1530,3.22440,0.22220,2.24440,0.72500,0.03230,0,0,0,1599,5,0,1024,1024,0,1568,0
1531,5.91310,1.91600,3.23930,0.73320,0.02300,0,0,0,1599,5,0,1024,1024,0,1568,0
1532,3.48890,0.19670,2.56590,0.70500,0.02030,0,0,0,1599,5,0,1024,1024,0,1568,0
1533,3.56730,0.18490,2.53270,0.82030,0.02860,0,0,0,1599,5,0,1024,1024,0,1568,0
1534,3.57850,0.18620,2.69200,0.67530,0.02440,0,0,0,1599,5,0,1024,1024,0,1568,0
1535,3.49850,0.18980,2.56100,0.72160,0.02520,0,0,0,1599,5,0,1024,1024,0,1568,0
1536,3.60280,0.25760,2.60760,0.71520,0.02150,0,0,0,1599,5,0,1024,1024,0,1568,0
1537,3.44900,0.18180,2.51870,0.72310,0.02460,0,0,0,1599,5,0,1024,1024,0,1568,0
1538,4.07740,0.18110,3.17170,0.70440,0.01940,0,0,0,1599,5,0,1024,1024,0,1568,0
1539,3.45750,0.17730,2.47450,0.75190,0.05310,0,0,0,1599,5,0,1024,1024,0,1568,0
1540,3.39290,0.19250,2.46000,0.71000,0.02970,0,0,0,1599,5,0,1024,1024,0,1568,0
1541,3.35590,0.18580,2.43530,0.70140,0.03270,0,0,0,1599,5,0,1024,1024,0,1568,0
1542,3.39340,0.19070,2.46570,0.70920,0.02710,0,0,0,1599,5,0,1024,1024,0,1568,0
1543,3.49500,0.20560,2.49110,0.77010,0.02720,0,0,0,1599,5,0,1024,1024,0,1568,0
1544,3.50360,0.17610,2.42270,0.87590,0.02830,0,0,0,1599,5,0,1024,1024,0,1568,0
1545,3.42120,0.16920,2.52930,0.69990,0.02220,0,0,0,1599,5,0,1024,1024,0,1568,0
1546,5.20220,1.93370,2.53790,0.70010,0.02960,0,0,0,1599,5,0,1024,1024,0,1568,0
1547,3.29010,0.18740,2.38230,0.68670,0.03300,0,0,0,1599,5,0,1024,1024,0,1568,0
1548,3.47470,0.19500,2.48890,0.75890,0.03120,0,0,0,1599,5,0,1024,1024,0,1568,0
1549,3.49870,0.20830,2.53930,0.72010,0.03020,0,0,0,1599,5,0,1024,1024,0,1568,0
1550,3.24790,0.19330,2.28490,0.73410,0.03450,0,0,0,1599,5,0,1024,1024,0,1568,0
1551,3.29780,0.20400,2.40330,0.66750,0.02230,0,0,0,1599,5,0,1024,1024,0,1568,0
1552,3.66070,0.19680,2.73890,0.70210,0.02230,0,0,0,1599,5,0,1024,1024,0,1568,0
1553,3.33760,0.21410,2.44240,0.65790,0.02230,0,0,0,1599,5,0,1024,1024,0,1568,0
1554,3.41100,0.22300,2.30700,0.85330,0.02680,0,0,0,1599,5,0,1024,1024,0,1568,0
1555,3.34680,0.22640,2.39420,0.70210,0.02340,0,0,0,1599,5,0,1024,1024,0,1568,0
1556,3.18450,0.18660,2.27970,0.69530,0.02200,0,0,0,1599,5,0,1024,1024,0,1568,0
1557,3.27060,0.22700,2.29600,0.72340,0.02360,0,0,0,1599,5,0,1024,1024,0,1568,0
1558,3.26970,0.18850,2.33430,0.72470,0.02130,0,0,0,1599,5,0,1024,1024,0,1568,0
1559,3.34840,0.22520,2.40080,0.69800,0.02370,0,0,0,1599,5,0,1024,1024,0,1568,0
1560,3.32370,0.20530,2.36780,0.72390,0.02590,0,0,0,1599,5,0,1024,1024,0,1568,0
1561,5.73440,1.92730,2.97810,0.79620,0.03070,0,0,0,1599,5,0,1024,1024,0,1568,0
1562,3.50760,0.19620,2.53690,0.74210,0.03170,0,0,0,1599,5,0,1024,1024,0,1568,0
1563,3.59190,0.18940,2.65280,0.72290,0.02530,0,0,0,1599,5,0,1024,1024,0,1568,0
1564,3.53110,0.19540,2.58420,0.71590,0.03480,0,0,0,1599,5,0,1024,1024,0,1568,0
1565,3.41870,0.20140,2.46310,0.72500,0.02870,0,0,0,1599,5,0,1024,1024,0,1568,0
1566,3.52550,0.17100,2.61390,0.71670,0.02310,0,0,0,1599,5,0,1024,1024,0,1568,0
1567,3.50330,0.17670,2.58150,0.71890,0.02550,0,0,0,1599,5,0,1024,1024,0,1568,0
1568,3.55270,0.20880,2.59570,0.71300,0.03430,0,0,0,1599,5,0,1024,1024,0,1568,0
1569,3.46050,0.18500,2.55550,0.69290,0.02650,0,0,0,1599,5,0,1024,1024,0,1568,0
1570,3.54610,0.17960,2.43180,0.90630,0.02750,0,0,0,1599,5,0,1024,1024,0,1568,0
1571,3.40880,0.22430,2.37550,0.77960,0.02870,0,0,0,1599,5,0,1024,1024,0,1568,0
1572,3.25230,0.18290,2.35490,0.68520,0.02850,0,0,0,1599,5,0,1024,1024,0,1568,0
1573,3.34390,0.19830,2.35130,0.76230,0.03110,0,0,0,1599,5,0,1024,1024,0,1568,0
1574,3.49990,0.19460,2.36620,0.91080,0.02770,0,0,0,1599,5,0,1024,1024,0,1568,0
1575,3.34630,0.19650,2.39560,0.72360,0.02980,0,0,0,1599,5,0,1024,1024,0,1568,0
1576,5.34700,1.97970,2.58880,0.74880,0.02870,0,0,0,1599,5,0,1024,1024,0,1568,0
1577,3.30290,0.19140,2.28110,0.80560,0.02410,0,0,0,1599,5,0,1024,1024,0,1568,0
1578,3.25200,0.18290,2.34560,0.69650,0.02640,0,0,0,1599,5,0,1024,1024,0,1568,0
1579,3.26450,0.22520,2.31250,0.70230,0.02390,0,0,0,1599,5,0,1024,1024,0,1568,0
1580,3.27960,0.22810,2.26800,0.75120,0.03150,0,0,0,1599,5,0,1024,1024,0,1568,0
1581,3.39730,0.20520,2.35970,0.79630,0.03530,0,0,0,1599,5,0,1024,1024,0,1568,0
1582,3.41230,0.21710,2.42680,0.74380,0.02390,0,0,0,1599,5,0,1024,1024,0,1568,0
1583,3.45600,0.20710,2.42400,0.79670,0.02740,0,0,0,1599,5,0,1024,1024,0,1568,0
1584,3.66550,0.24820,2.60900,0.76970,0.03780,0,0,0,1599,5,0,1024,1024,0,1568,0
1585,3.21340,0.20050,2.31500,0.66710,0.03020,0,0,0,1599,5,0,1024,1024,0,1568,0
1586,3.12630,0.18910,2.17300,0.73220,0.03120,0,0,0,1599,5,0,1024,1024,0,1568,0
1587,3.28840,0.19010,2.37480,0.69770,0.02490,0,0,0,1599,5,0,1024,1024,0,1568,0
1588,3.47070,0.21110,2.42050,0.81160,0.02670,0,0,0,1599,5,0,1024,1024,0,1568,0
1589,3.30370,0.22380,2.31350,0.74070,0.02480,0,0,0,1599,5,0,1024,1024,0,1568,0
1590,3.34670,0.19910,2.38440,0.73300,0.02950,0,0,0,1599,5,0,1024,1024,0,1568,0
1591,5.84710,1.97580,3.08720,0.75800,0.02460,0,0,0,1599,5,0,1024,1024,0,1568,0
1592,5.67920,0.17170,4.67070,0.81270,0.02310,0,0,0,1599,5,0,1024,1024,0,1568,0
1593,3.91600,0.19420,2.95470,0.74200,0.02420,0,0,0,1599,5,0,1024,1024,0,1568,0
1594,3.94540,0.17530,3.05260,0.69080,0.02620,0,0,0,1599,5,0,1024,1024,0,1568,0
1595,3.49870,0.18210,2.60040,0.67630,0.03910,0,0,0,1599,5,0,1024,1024,0,1568,0
1596,3.44330,0.17980,2.54220,0.70340,0.01730,0,0,0,1599,5,0,1024,1024,0,1568,0
1597,3.50830,0.17690,2.57490,0.73090,0.02510,0,0,0,1599,5,0,1024,1024,0,1568,0
1598,3.46860,0.19310,2.56550,0.68370,0.02580,0,0,0,1599,5,0,1024,1024,0,1568,0
1599,3.60990,0.16210,2.71150,0.71390,0.02120,0,0,0,1599,5,0,1024,1024,0,1568,0
1600,3.67440,0.17840,2.77190,0.70300,0.02060,0,0,0,1599,5,0,1024,1024,0,1568,0
1601,3.98080,0.18590,3.03240,0.73680,0.02440,0,0,0,1599,5,0,1024,1024,0,1568,0
1602,3.58060,0.18970,2.58850,0.76540,0.03610,0,0,0,1599,5,0,1024,1024,0,1568,0
1603,3.40390,0.19430,2.46790,0.70670,0.03430,0,0,0,1599,5,0,1024,1024,0,1568,0
1604,3.51880,0.19570,2.48330,0.80800,0.03120,0,0,0,1599,5,0,1024,1024,0,1568,0
1605,3.68150,0.23550,2.43440,0.98220,0.02870,0,0,0,1599,5,0,1024,1024,0,1568,0
1606,5.30850,2.02630,2.48650,0.77000,0.02430,0,0,0,1599,5,0,1024,1024,0,1568,0
1607,3.54680,0.19290,2.52050,0.80760,0.02500,0,0,0,1599,5,0,1024,1024,0,1568,0
1608,3.54300,0.20880,2.57020,0.73930,0.02370,0,0,0,1599,5,0,1024,1024,0,1568,0
1609,4.00820,0.21240,2.91950,0.84880,0.02650,0,0,0,1599,5,0,1024,1024,0,1568,0
1610,3.37180,0.21340,2.41380,0.72290,0.02100,0,0,0,1599,5,0,1024,1024,0,1568,0
1611,3.38090,0.20380,2.38760,0.76450,0.02430,0,0,0,1599,5,0,1024,1024,0,1568,0
1612,3.41230,0.19380,2.41230,0.78060,0.02470,0,0,0,1599,5,0,1024,1024,0,1568,0
1613,3.14130,0.18880,2.21470,0.71520,0.02200,0,0,0,1599,5,0,1024,1024,0,1568,0
1614,3.29730,0.19790,2.37300,0.70190,0.02350,0,0,0,1599,5,0,1024,1024,0,1568,0
1615,3.23550,0.21090,2.30070,0.69880,0.02420,0,0,0,1599,5,0,1024,1024,0,1568,0
1616,3.12880,0.18960,2.23690,0.67650,0.02490,0,0,0,1599,5,0,1024,1024,0,1568,0
1617,4.04890,0.21280,2.96460,0.83650,0.03410,0,0,0,1599,5,0,1024,1024,0,1568,0
1618,4.23250,0.23190,3.17630,0.80030,0.02310,0,0,0,1599,5,0,1024,1024,0,1568,0
1619,3.35810,0.21680,2.34570,0.77280,0.02200,0,0,0,1599,5,0,1024,1024,0,1568,0
1620,4.16210,0.19410,3.20970,0.73410,0.02320,0,0,0,1599,5,0,1024,1024,0,1568,0
1621,4.88440,1.89270,2.27850,0.68550,0.02570,0,0,0,1599,5,0,1024,1024,0,1568,0
1622,3.42230,0.17950,2.48420,0.72380,0.03360,0,0,0,1599,5,0,1024,1024,0,1568,0
1623,3.12620,0.18830,2.20940,0.69980,0.02770,0,0,0,1599,5,0,1024,1024,0,1568,0
1624,3.17930,0.19380,2.17120,0.76810,0.04530,0,0,0,1599,5,0,1024,1024,0,1568,0
1625,3.42760,0.26630,2.31540,0.81020,0.03410,0,0,0,1599,5,0,1024,1024,0,1568,0
1626,3.11490,0.20290,2.17490,0.70640,0.02990,0,0,0,1599,5,0,1024,1024,0,1568,0
1627,3.20620,0.20350,2.23280,0.73730,0.03180,0,0,0,1599,5,0,1024,1024,0,1568,0
1628,3.26360,0.23000,2.20130,0.80150,0.02960,0,0,0,1599,5,0,1024,1024,0,1568,0
1629,3.27550,0.22380,2.25430,0.76570,0.03080,0,0,0,1599,5,0,1024,1024,0,1568,0
1630,3.20570,0.21590,2.21960,0.73970,0.02980,0,0,0,1599,5,0,1024,1024,0,1568,0
1631,3.25160,0.20700,2.22590,0.78960,0.02830,0,0,0,1599,5,0,1024,1024,0,1568,0
1632,3.18840,0.22180,2.21260,0.72230,0.03090,0,0,0,1599,5,0,1024,1024,0,1568,0
1633,3.29080,0.20940,2.25320,0.77840,0.04900,0,0,0,1599,5,0,1024,1024,0,1568,0
1634,3.16860,0.20290,2.15800,0.77850,0.02860,0,0,0,1599,5,0,1024,1024,0,1568,0
1635,3.15630,0.22250,2.17540,0.72840,0.02920,0,0,0,1599,5,0,1024,1024,0,1568,0
1636,5.17490,1.98740,2.33250,0.82740,0.02690,0,0,0,1599,5,0,1024,1024,0,1568,0
1637,3.18060,0.23530,2.18390,0.72960,0.03100,0,0,0,1599,5,0,1024,1024,0,1568,0
1638,3.21110,0.21760,2.22780,0.73570,0.02930,0,0,0,1599,5,0,1024,1024,0,1568,0
1639,3.28600,0.20340,2.26170,0.79090,0.02940,0,0,0,1599,5,0,1024,1024,0,1568,0
1640,3.09700,0.20110,2.16000,0.70500,0.03010,0,0,0,1599,5,0,1024,1024,0,1568,0
1641,3.31150,0.20170,2.30580,0.77150,0.03150,0,0,0,1599,5,0,1024,1024,0,1568,0
1642,3.26790,0.21140,2.29200,0.73480,0.02900,0,0,0,1599,5,0,1024,1024,0,1568,0
1643,3.21290,0.20050,2.19680,0.78560,0.02940,0,0,0,1599,5,0,1024,1024,0,1568,0
1644,3.14290,0.20030,2.20010,0.71770,0.02400,0,0,0,1599,5,0,1024,1024,0,1568,0
1645,3.28050,0.20430,2.30760,0.73530,0.03250,0,0,0,1599,5,0,1024,1024,0,1568,0
1646,3.13320,0.21590,2.17430,0.71310,0.02930,0,0,0,1599,5,0,1024,1024,0,1568,0
1647,3.18830,0.20570,2.20540,0.74540,0.03060,0,0,0,1599,5,0,1024,1024,0,1568,0
1648,3.24300,0.21250,2.25460,0.75120,0.02390,0,0,0,1599,5,0,1024,1024,0,1568,0
1649,3.63030,0.19980,2.61190,0.78400,0.03370,0,0,0,1599,5,0,1024,1024,0,1568,0
1650,3.60330,0.19190,2.63010,0.73650,0.04390,0,0,0,1599,5,0,1024,1024,0,1568,0
1651,5.44600,1.90460,2.72930,0.77860,0.03210,0,0,0,1599,5,0,1024,1024,0,1568,0
1652,3.48770,0.18780,2.57830,0.69400,0.02680,0,0,0,1599,5,0,1024,1024,0,1568,0
1653,3.46460,0.18470,2.53460,0.71820,0.02650,0,0,0,1599,5,0,1024,1024,0,1568,0
1654,3.50810,0.19000,2.56990,0.71730,0.03010,0,0,0,1599,5,0,1024,1024,0,1568,0
1655,3.71270,0.18250,2.66600,0.80980,0.05340,0,0,0,1599,5,0,1024,1024,0,1568,0
1656,3.41620,0.18540,2.52600,0.68320,0.02110,0,0,0,1599,5,0,1024,1024,0,1568,0
1657,3.41570,0.18320,2.50860,0.69780,0.02530,0,0,0,1599,5,0,1024,1024,0,1568,0
1658,3.56730,0.21630,2.52040,0.78450,0.04530,0,0,0,1599,5,0,1024,1024,0,1568,0
1659,3.23200,0.19680,2.31640,0.69570,0.02230,0,0,0,1599,5,0,1024,1024,0,1568,0
1660,3.27010,0.22740,2.29010,0.71840,0.03350,0,0,0,1599,5,0,1024,1024,0,1568,0
1661,3.26700,0.21420,2.28590,0.73830,0.02770,0,0,0,1599,5,0,1024,1024,0,1568,0
1662,3.32780,0.20670,2.35210,0.73320,0.03500,0,0,0,1599,5,0,1024,1024,0,1568,0
1663,3.63320,0.21530,2.68000,0.71180,0.02570,0,0,0,1599,5,0,1024,1024,0,1568,0
1664,3.34660,0.21470,2.31140,0.78370,0.03580,0,0,0,1599,5,0,1024,1024,0,1568,0
1665,3.42950,0.18280,2.45840,0.74650,0.04090,0,0,0,1599,5,0,1024,1024,0,1568,0
1666,6.37220,2.09070,3.53550,0.70070,0.04430,0,0,0,1599,5,0,1024,1024,0,1568,0
1667,3.30400,0.23110,2.24330,0.80090,0.02800,0,0,0,1599,5,0,1024,1024,0,1568,0
1668,3.18540,0.17550,2.24690,0.73090,0.03150,0,0,0,1599,5,0,1024,1024,0,1568,0
1669,3.22400,0.20540,2.22260,0.75960,0.03570,0,0,0,1599,5,0,1024,1024,0,1568,0
1670,3.17510,0.21290,2.21330,0.72010,0.02820,0,0,0,1599,5,0,1024,1024,0,1568,0
1671,3.17240,0.19150,2.19010,0.74890,0.03970,0,0,0,1599,5,0,1024,1024,0,1568,0
1672,3.28470,0.21800,2.34150,0.70200,0.02220,0,0,0,1599,5,0,1024,1024,0,1568,0
1673,3.36290,0.18760,2.45530,0.69880,0.02030,0,0,0,1599,5,0,1024,1024,0,1568,0
1674,3.13010,0.17090,2.20340,0.73100,0.02410,0,0,0,1599,5,0,1024,1024,0,1568,0
1675,3.30540,0.26990,2.17790,0.82710,0.02910,0,0,0,1599,5,0,1024,1024,0,1568,0
1676,3.39900,0.23330,2.35450,0.76470,0.04560,0,0,0,1599,5,0,1024,1024,0,1568,0
1677,3.28280,0.21640,2.26010,0.78120,0.02430,0,0,0,1599,5,0,1024,1024,0,1568,0
1678,3.30460,0.20140,2.28240,0.77650,0.04350,0,0,0,1599,5,0,1024,1024,0,1568,0
1679,3.51980,0.21730,2.44290,0.82640,0.03270,0,0,0,1599,5,0,1024,1024,0,1568,0
1680,3.18460,0.20770,2.22510,0.72080,0.03040,0,0,0,1599,5,0,1024,1024,0,1568,0
1681,5.44710,2.06630,2.66080,0.68630,0.03230,0,0,0,1599,5,0,1024,1024,0,1568,0
1682,3.53630,0.17300,2.60900,0.73170,0.02200,0,0,0,1599,5,0,1024,1024,0,1568,0
1683,3.81470,0.18230,2.86760,0.73950,0.02450,0,0,0,1599,5,0,1024,1024,0,1568,0
1684,3.44420,0.20460,2.50700,0.70420,0.02750,0,0,0,1599,5,0,1024,1024,0,1568,0
1685,3.36260,0.20670,2.35840,0.76390,0.03280,0,0,0,1599,5,0,1024,1024,0,1568,0
1686,3.39700,0.20430,2.45980,0.70430,0.02780,0,0,0,1599,5,0,1024,1024,0,1568,0
1687,3.29580,0.18550,2.34520,0.74100,0.02310,0,0,0,1599,5,0,1024,1024,0,1568,0
1688,3.61020,0.20120,2.65610,0.71880,0.03290,0,0,0,1599,5,0,1024,1024,0,1568,0
1689,3.53790,0.20140,2.48660,0.81670,0.03250,0,0,0,1599,5,0,1024,1024,0,1568,0
1690,3.47500,0.21750,2.48700,0.72320,0.04670,0,0,0,1599,5,0,1024,1024,0,1568,0
1691,3.48710,0.20510,2.53790,0.71770,0.02570,0,0,0,1599,5,0,1024,1024,0,1568,0
1692,3.35230,0.19990,2.37910,0.74430,0.02810,0,0,0,1599,5,0,1024,1024,0,1568,0
1693,3.58330,0.19880,2.43440,0.90470,0.04430,0,0,0,1599,5,0,1024,1024,0,1568,0
1694,3.60650,0.20960,2.57580,0.79230,0.02780,0,0,0,1599,5,0,1024,1024,0,1568,0
1695,3.63210,0.21600,2.44780,0.92950,0.03770,0,0,0,1599,5,0,1024,1024,0,1568,0
1696,5.38560,1.87760,2.50170,0.94920,0.05640,0,0,0,1599,5,0,1024,1024,0,1568,0
1697,3.44020,0.20090,2.39520,0.81270,0.03070,0,0,0,1599,5,0,1024,1024,0,1568,0
1698,3.14240,0.19610,2.22460,0.69500,0.02610,0,0,0,1599,5,0,1024,1024,0,1568,0
1699,3.11780,0.18950,2.18420,0.69790,0.04490,0,0,0,1599,5,0,1024,1024,0,1568,0
1700,3.34950,0.20690,2.39660,0.72360,0.02170,0,0,0,1599,5,0,1024,1024,0,1568,0
1701,3.45970,0.22230,2.39990,0.80680,0.03000,0,0,0,1599,5,0,1024,1024,0,1568,0
1702,3.40040,0.20110,2.35980,0.80830,0.03050,0,0,0,1599,5,0,1024,1024,0,1568,0
1703,3.29610,0.20970,2.26950,0.78810,0.02800,0,0,0,1599,5,0,1024,1024,0,1568,0
1704,3.25670,0.19250,2.28630,0.74790,0.02930,0,0,0,1599,5,0,1024,1024,0,1568,0
1705,3.28530,0.19610,2.28920,0.76980,0.02870,0,0,0,1599,5,0,1024,1024,0,1568,0
1706,3.17980,0.21010,2.24080,0.70400,0.02400,0,0,0,1599,5,0,1024,1024,0,1568,0
1707,3.18010,0.18490,2.24590,0.70880,0.03980,0,0,0,1599,5,0,1024,1024,0,1568,0
1708,3.11050,0.20580,2.16700,0.69940,0.03730,0,0,0,1599,5,0,1024,1024,0,1568,0
1709,3.22720,0.21370,2.22990,0.75520,0.02760,0,0,0,1599,5,0,1024,1024,0,1568,0
1710,3.24280,0.20940,2.18130,0.82100,0.03020,0,0,0,1599,5,0,1024,1024,0,1568,0
1711,5.29540,1.91840,2.64990,0.70500,0.02050,0,0,0,1599,5,0,1024,1024,0,1568,0
1712,3.69050,0.17960,2.60700,0.87160,0.03150,0,0,0,1599,5,0,1024,1024,0,1568,0
1713,3.49790,0.16790,2.56670,0.74120,0.02140,0,0,0,1599,5,0,1024,1024,0,1568,0
1714,3.40920,0.17990,2.50970,0.69420,0.02490,0,0,0,1599,5,0,1024,1024,0,1568,0
1715,3.66590,0.17330,2.72810,0.74320,0.02050,0,0,0,1599,5,0,1024,1024,0,1568,0
1716,3.50390,0.20330,2.57500,0.69900,0.02600,0,0,0,1599,5,0,1024,1024,0,1568,0
1717,3.23680,0.18470,2.28760,0.73450,0.02930,0,0,0,1599,5,0,1024,1024,0,1568,0
1718,3.62560,0.20370,2.51550,0.87230,0.03340,0,0,0,1599,5,0,1024,1024,0,1568,0
1719,3.53500,0.19560,2.50130,0.80660,0.03080,0,0,0,1599,5,0,1024,1024,0,1568,0
1720,3.20130,0.18880,2.22030,0.73840,0.05320,0,0,0,1599,5,0,1024,1024,0,1568,0
1721,3.46620,0.21170,2.45060,0.76600,0.03710,0,0,0,1599,5,0,1024,1024,0,1568,0
1722,3.53100,0.20370,2.51300,0.78070,0.03290,0,0,0,1599,5,0,1024,1024,0,1568,0
1723,3.50980,0.20070,2.56400,0.71680,0.02720,0,0,0,1599,5,0,1024,1024,0,1568,0
1724,3.25120,0.20080,2.28390,0.73690,0.02890,0,0,0,1599,5,0,1024,1024,0,1568,0
1725,3.24750,0.20180,2.27210,0.74680,0.02570,0,0,0,1599,5,0,1024,1024,0,1568,0
1726,5.16840,1.88960,2.38230,0.85740,0.03740,0,0,0,1599,5,0,1024,1024,0,1568,0
1727,3.36720,0.20490,2.40020,0.72760,0.03370,0,0,0,1599,5,0,1024,1024,0,1568,0
1728,3.44180,0.21080,2.47150,0.73100,0.02760,0,0,0,1599,5,0,1024,1024,0,1568,0
1729,3.22550,0.21160,2.29860,0.69160,0.02280,0,0,0,1599,5,0,1024,1024,0,1568,0
1730,3.34270,0.21580,2.22320,0.86810,0.03440,0,0,0,1599,5,0,1024,1024,0,1568,0
1731,3.36600,0.23640,2.33660,0.76280,0.02930,0,0,0,1599,5,0,1024,1024,0,1568,0
1732,3.27540,0.19400,2.30410,0.74790,0.02810,0,0,0,1599,5,0,1024,1024,0,1568,0
1733,3.22270,0.19280,2.27620,0.72540,0.02700,0,0,0,1599,5,0,1024,1024,0,1568,0
1734,3.39310,0.19650,2.29060,0.87070,0.03450,0,0,0,1599,5,0,1024,1024,0,1568,0
1735,3.23520,0.21860,2.23610,0.75560,0.02390,0,0,0,1599,5,0,1024,1024,0,1568,0
1736,3.18760,0.22040,2.21880,0.72320,0.02420,0,0,0,1599,5,0,1024,1024,0,1568,0
1737,3.38630,0.22360,2.30080,0.83610,0.02460,0,0,0,1599,5,0,1024,1024,0,1568,0
1738,3.26820,0.20860,2.22360,0.81170,0.02360,0,0,0,1599,5,0,1024,1024,0,1568,0
1739,3.31560,0.21410,2.30670,0.76980,0.02420,0,0,0,1599,5,0,1024,1024,0,1568,0
1740,3.16020,0.20570,2.19200,0.73800,0.02380,0,0,0,1599,5,0,1024,1024,0,1568,0
1741,5.35530,1.91710,2.70550,0.71030,0.02090,0,0,0,1599,5,0,1024,1024,0,1568,0
1742,3.44610,0.17070,2.53640,0.71460,0.02360,0,0,0,1599,5,0,1024,1024,0,1568,0
1743,3.54290,0.17100,2.53760,0.80630,0.02730,0,0,0,1599,5,0,1024,1024,0,1568,0
1744,3.44420,0.18210,2.55200,0.68810,0.02130,0,0,0,1599,5,0,1024,1024,0,1568,0
1745,3.88620,0.18080,2.93810,0.74600,0.02080,0,0,0,1599,5,0,1024,1024,0,1568,0
1746,3.70970,0.17980,2.77570,0.73200,0.02140,0,0,0,1599,5,0,1024,1024,0,1568,0
1747,3.54280,0.18540,2.62380,0.70900,0.02380,0,0,0,1599,5,0,1024,1024,0,1568,0
1748,3.54570,0.17570,2.62720,0.71820,0.02400,0,0,0,1599,5,0,1024,1024,0,1568,0
1749,3.44490,0.18750,2.47670,0.75630,0.02380,0,0,0,1599,5,0,1024,1024,0,1568,0
1750,3.65960,0.22240,2.54840,0.84880,0.03930,0,0,0,1599,5,0,1024,1024,0,1568,0
1751,3.82230,0.21090,2.59760,0.97760,0.03520,0,0,0,1599,5,0,1024,1024,0,1568,0
1752,3.43910,0.20130,2.45200,0.75580,0.02920,0,0,0,1599,5,0,1024,1024,0,1568,0
1753,3.49140,0.21340,2.48450,0.75980,0.03280,0,0,0,1599,5,0,1024,1024,0,1568,0
1754,3.54390,0.19730,2.55290,0.75010,0.04290,0,0,0,1599,5,0,1024,1024,0,1568,0
1755,3.40130,0.21880,2.40430,0.74900,0.02830,0,0,0,1599,5,0,1024,1024,0,1568,0
1756,5.17190,1.95500,2.39040,0.79800,0.02780,0,0,0,1599,5,0,1024,1024,0,1568,0
1757,3.23550,0.18970,2.27720,0.73910,0.02870,0,0,0,1599,5,0,1024,1024,0,1568,0
1758,3.25410,0.18600,2.34380,0.69740,0.02600,0,0,0,1599,5,0,1024,1024,0,1568,0
1759,3.41600,0.20070,2.40420,0.77740,0.03280,0,0,0,1599,5,0,1024,1024,0,1568,0
1760,3.50410,0.21630,2.46850,0.78760,0.03110,0,0,0,1599,5,0,1024,1024,0,1568,0
1761,3.33500,0.22360,2.33520,0.75290,0.02270,0,0,0,1599,5,0,1024,1024,0,1568,0
1762,3.63330,0.18700,2.31550,1.09630,0.03390,0,0,0,1599,5,0,1024,1024,0,1568,0
1763,3.21820,0.20450,2.28060,0.70480,0.02730,0,0,0,1599,5,0,1024,1024,0,1568,0
1764,3.31750,0.19590,2.34720,0.74940,0.02430,0,0,0,1599,5,0,1024,1024,0,1568,0
1765,3.41100,0.21280,2.31000,0.85860,0.02890,0,0,0,1599,5,0,1024,1024,0,1568,0
1766,3.34630,0.18660,2.27020,0.85690,0.03180,0,0,0,1599,5,0,1024,1024,0,1568,0
1767,3.27270,0.20690,2.29510,0.74400,0.02570,0,0,0,1599,5,0,1024,1024,0,1568,0
1768,3.35370,0.22060,2.33840,0.76420,0.02990,0,0,0,1599,5,0,1024,1024,0,1568,0
1769,3.35200,0.20730,2.38320,0.73210,0.02860,0,0,0,1599,5,0,1024,1024,0,1568,0
1770,3.49520,0.23630,2.45490,0.78040,0.02300,0,0,0,1599,5,0,1024,1024,0,1568,0
1771,5.01930,1.92250,2.33360,0.72200,0.03920,0,0,0,1599,5,0,1024,1024,0,1568,0
1772,3.36050,0.20610,2.39950,0.72610,0.02790,0,0,0,1599,5,0,1024,1024,0,1568,0
1773,3.20330,0.19850,2.26250,0.70790,0.03330,0,0,0,1599,5,0,1024,1024,0,1568,0
1774,3.35400,0.20450,2.22800,0.88180,0.03850,0,0,0,1599,5,0,1024,1024,0,1568,0
1775,3.19130,0.19830,2.25920,0.71120,0.02200,0,0,0,1599,5,0,1024,1024,0,1568,0
1776,3.14650,0.17860,2.19450,0.73010,0.04250,0,0,0,1599,5,0,1024,1024,0,1568,0
1777,3.09830,0.20490,2.17120,0.69040,0.03130,0,0,0,1599,5,0,1024,1024,0,1568,0
1778,3.28260,0.18500,2.25280,0.81740,0.02650,0,0,0,1599,5,0,1024,1024,0,1568,0
1779,3.33080,0.19700,2.26210,0.84180,0.02920,0,0,0,1599,5,0,1024,1024,0,1568,0
1780,3.23030,0.21470,2.19870,0.79150,0.02460,0,0,0,1599,5,0,1024,1024,0,1568,0
1781,3.34520,0.18480,2.40540,0.72400,0.03050,0,0,0,1599,5,0,1024,1024,0,1568,0
1782,3.38420,0.19790,2.17780,0.97180,0.03580,0,0,0,1599,5,0,1024,1024,0,1568,0
1783,3.26460,0.20180,2.30540,0.70690,0.04940,0,0,0,1599,5,0,1024,1024,0,1568,0
1784,3.21530,0.21140,2.26930,0.70610,0.02770,0,0,0,1599,5,0,1024,1024,0,1568,0
1785,3.21540,0.19710,2.26230,0.73140,0.02390,0,0,0,1599,5,0,1024,1024,0,1568,0
1786,4.90270,1.90310,2.25540,0.71250,0.03080,0,0,0,1599,5,0,1024,1024,0,1568,0
1787,3.24610,0.26820,2.19900,0.75390,0.02430,0,0,0,1599,5,0,1024,1024,0,1568,0
1788,3.11800,0.20390,2.18450,0.70470,0.02410,0,0,0,1599,5,0,1024,1024,0,1568,0
1789,3.03440,0.18530,2.14220,0.67990,0.02640,0,0,0,1599,5,0,1024,1024,0,1568,0
1790,3.14340,0.19800,2.16260,0.75380,0.02830,0,0,0,1599,5,0,1024,1024,0,1568,0
1791,3.59600,0.26520,2.48450,0.82170,0.02380,0,0,0,1599,5,0,1024,1024,0,1568,0
1792,3.26750,0.20490,2.31420,0.71820,0.02950,0,0,0,1599,5,0,1024,1024,0,1568,0
1793,3.14490,0.19980,2.16950,0.74600,0.02880,0,0,0,1599,5,0,1024,1024,0,1568,0
1794,3.16800,0.20720,2.10870,0.82700,0.02430,0,0,0,1599,5,0,1024,1024,0,1568,0
1795,3.21980,0.21910,2.20330,0.76500,0.03160,0,0,0,1599,5,0,1024,1024,0,1568,0
1796,3.23540,0.22130,2.24770,0.73590,0.02980,0,0,0,1599,5,0,1024,1024,0,1568,0
1797,3.32870,0.20850,2.24110,0.84640,0.03190,0,0,0,1599,5,0,1024,1024,0,1568,0
1798,3.08640,0.18210,2.19310,0.68550,0.02520,0,0,0,1599,5,0,1024,1024,0,1568,0
1799,3.12930,0.20820,2.19420,0.70390,0.02260,0,0,0,1599,5,0,1024,1024,0,1568,0
1800,3.48240,0.24140,2.45080,0.76310,0.02630,0,0,0,1599,5,0,1024,1024,0,1568,0
