tick,total_ms,navigation_ms,neighbors_ms,avoidance_ms,integration_ms,expanded,pending,failed,coarse,fallbacks,replans,first_arrived,current_arrived,never_ready,safety_pair_checks,limited
1,11.85480,7.87500,2.49720,1.45160,0.02970,529,942,0,16,0,0,0,0,942,1534,0
2,7.66900,3.71310,3.10700,0.82790,0.01990,509,926,0,32,0,0,0,0,926,1534,0
3,6.60730,2.93060,2.87900,0.77670,0.02010,402,910,0,48,0,0,0,0,910,1541,0
4,6.99590,3.33710,2.87280,0.76830,0.01690,467,894,0,64,0,0,0,0,894,1541,0
5,8.01570,3.44300,2.94280,1.57050,0.05860,500,878,0,80,0,0,0,0,878,1533,0
6,6.47970,2.92970,2.76230,0.76520,0.02180,416,862,0,96,0,0,0,0,862,1527,0
7,7.65800,2.91050,2.88780,1.83250,0.02660,372,846,0,112,0,0,0,0,846,1532,0
8,7.36550,2.80440,2.83960,1.69560,0.02520,469,832,0,128,0,0,0,0,830,1532,0
9,7.17460,3.48200,2.88540,0.78840,0.01800,689,817,0,144,0,0,0,0,814,1537,0
10,6.61550,3.29950,2.56890,0.72520,0.02060,711,801,0,160,0,0,0,0,798,1532,0
11,6.93860,2.79130,3.34620,0.78080,0.01970,353,785,0,176,0,0,0,0,782,1533,0
12,6.52960,2.84610,2.85780,0.80540,0.01950,439,769,0,192,0,0,0,0,766,1535,0
13,6.33920,2.93080,2.64870,0.73890,0.01990,420,754,0,208,0,0,0,0,750,1530,0
14,6.50350,3.20750,2.52360,0.74780,0.02360,591,739,0,224,0,0,0,0,734,1542,0
15,6.50820,3.04890,2.65180,0.77690,0.02960,434,723,0,240,0,0,0,0,718,1539,0
16,8.56660,4.76800,2.96020,0.81340,0.02400,429,707,0,256,0,0,0,0,702,1551,0
17,6.54450,2.97590,2.79800,0.74630,0.02340,340,692,0,272,0,0,0,0,686,1571,0
18,7.00480,3.46090,2.52560,0.99280,0.02420,636,676,0,288,0,0,0,0,670,1567,0
19,7.55170,3.75710,2.98270,0.76020,0.05080,602,660,0,304,0,0,0,0,654,1564,0
20,6.30200,2.97210,2.54400,0.75870,0.02600,326,645,0,320,0,0,0,0,638,1563,0
21,6.53130,3.24070,2.41280,0.84800,0.02830,501,629,0,336,0,0,0,0,622,1557,0
22,6.60770,3.08670,2.65910,0.80780,0.05310,414,613,0,352,0,0,0,0,606,1542,0
23,6.59660,3.19300,2.57990,0.79540,0.02710,595,598,0,368,0,0,0,0,590,1547,0
24,6.46690,3.18350,2.45770,0.79650,0.02780,330,584,0,384,0,0,0,0,574,1546,0
25,6.24330,3.01650,2.42910,0.76820,0.02860,511,569,0,400,0,0,0,0,558,1536,0
26,6.68840,3.33640,2.44730,0.86590,0.03740,419,553,0,416,0,0,0,0,542,1545,0
27,6.61240,3.26400,2.40460,0.91670,0.02620,449,538,0,432,0,0,0,0,526,1545,0
28,6.41220,3.08400,2.48360,0.80690,0.03660,445,523,0,448,0,0,0,0,510,1537,0
29,7.04540,3.67700,2.50260,0.81050,0.05370,367,508,0,464,1,0,0,0,494,1554,0
30,10.89900,7.72810,2.34710,0.79310,0.02940,1713,492,0,479,1,0,0,0,478,1549,0
31,9.20820,5.59040,2.79870,0.78980,0.02770,713,476,0,495,1,0,0,0,462,1549,0
32,8.49690,3.37510,4.26230,0.82630,0.03180,430,461,0,511,1,0,0,0,446,1565,0
33,6.90460,3.28270,2.81880,0.77950,0.02290,496,446,0,527,1,0,0,0,430,1580,0
34,6.31460,2.84250,2.69470,0.75510,0.02150,478,432,0,543,1,0,0,0,414,1588,0
35,6.15190,2.85800,2.47760,0.77300,0.04250,336,416,0,559,1,0,0,0,398,1578,0
36,6.31660,3.05200,2.39450,0.83160,0.03740,521,400,0,575,1,0,0,0,382,1568,0
37,6.45110,3.18550,2.45520,0.78220,0.02740,513,385,0,591,1,0,0,0,366,1592,0
38,6.13750,2.84070,2.47720,0.79830,0.02050,438,369,0,607,1,0,0,0,350,1594,0
39,6.21770,2.99190,2.40840,0.79080,0.02550,362,353,0,623,1,0,0,0,334,1605,0
40,6.13540,3.01250,2.29260,0.80460,0.02500,708,337,0,639,1,0,0,0,318,1609,0
41,6.39310,3.06490,2.42640,0.86360,0.03690,420,321,0,655,1,0,0,0,302,1635,0
42,6.30220,3.09630,2.36960,0.80610,0.02920,623,306,0,671,1,0,0,0,286,1650,0
43,5.95810,2.79690,2.35930,0.77670,0.02440,337,291,0,687,1,0,0,0,270,1653,0
44,6.44720,3.17530,2.40070,0.84060,0.02990,861,276,0,703,1,0,0,0,254,1670,0
45,6.67560,3.43740,2.40840,0.80440,0.02420,412,260,0,719,1,0,0,0,238,1704,0
46,8.17070,4.87980,2.46750,0.79860,0.02320,457,244,0,735,1,0,0,0,222,1717,0
47,7.64650,3.42350,3.34890,0.84070,0.03230,359,228,0,751,1,0,0,0,206,1710,0
48,6.78460,3.15630,2.73040,0.86920,0.02740,500,213,0,767,1,0,0,0,190,1709,0
49,9.58480,6.25000,2.47950,0.82340,0.03040,1490,198,0,783,2,0,0,0,174,1723,0
50,16.32300,12.91030,2.52440,0.85520,0.03210,3775,182,0,798,2,0,0,0,158,1739,0
51,6.74860,3.19640,2.65130,0.86680,0.03310,556,166,0,814,2,0,0,0,142,1731,0
52,6.57090,3.26660,2.43470,0.84250,0.02600,580,150,0,830,2,0,0,0,126,1752,0
53,9.94900,6.81840,2.26980,0.83430,0.02550,1683,135,0,846,3,0,0,0,110,1776,0
54,17.56430,14.45530,2.28140,0.79990,0.02590,4096,124,0,860,3,0,0,0,96,1772,0
55,17.62160,14.25050,2.44510,0.89020,0.03450,4096,112,0,875,3,0,0,0,81,1764,0
56,18.13250,13.77010,2.84890,1.48140,0.03040,4096,100,0,889,3,0,0,0,67,1789,0
57,17.28040,13.57790,2.68860,0.98400,0.02860,4096,86,0,903,3,0,0,0,53,1795,0
58,16.00170,12.74790,2.35070,0.87080,0.03100,4096,73,0,917,3,0,0,0,39,1810,0
59,15.77000,12.55630,2.32940,0.85320,0.03020,4096,58,0,932,3,0,0,0,24,1856,0
60,15.83900,12.59350,2.38020,0.83690,0.02760,4096,43,0,947,3,0,0,0,9,1876,0
61,19.34420,14.36620,3.90740,1.02890,0.04030,4096,33,0,957,4,0,0,0,1,1892,0
62,17.52580,13.29640,3.30420,0.90700,0.01700,4096,22,0,972,4,0,0,0,1,1921,0
63,15.80680,11.57420,3.23510,0.97650,0.02000,4096,7,0,987,4,0,0,0,1,1921,0
64,15.84040,11.21130,3.68840,0.91730,0.02230,4096,1,0,994,4,0,0,0,1,1943,0
65,15.09810,11.00460,3.17030,0.90140,0.02120,4096,1,0,996,4,0,0,0,1,1966,0
66,14.81740,10.71010,3.16000,0.92520,0.02130,4096,1,0,996,4,0,0,0,1,1983,0
67,14.65920,10.78170,2.96490,0.89260,0.01900,4096,1,0,998,4,0,0,0,1,1984,0
68,15.93970,11.14900,3.74010,1.01470,0.03490,4096,1,0,1003,4,0,0,0,1,2026,0
69,13.94600,9.55730,3.49860,0.87170,0.01780,4096,1,0,1007,4,0,0,0,1,2069,0
70,14.85930,10.68510,3.23050,0.92330,0.01960,4096,1,0,1009,4,0,0,0,1,2071,0
71,14.28290,10.19490,2.93740,1.12900,0.02050,4096,1,0,1009,4,0,0,0,1,2096,0
72,15.12610,10.82280,3.09270,1.17760,0.03100,4096,1,0,1010,4,0,0,0,1,2115,0
73,14.57400,10.80530,2.86080,0.88590,0.02090,4096,1,0,1012,4,0,0,0,1,2186,0
74,15.85910,10.79070,4.13050,0.91820,0.01900,4096,1,0,1012,4,0,0,0,1,2179,0
75,14.29470,10.47920,2.93150,0.86140,0.02160,4096,1,0,1015,4,0,0,0,1,2222,0
76,18.30750,14.13380,3.19640,0.95270,0.02360,4096,1,0,1016,4,0,0,0,1,2242,0
77,16.08380,12.21410,2.88480,0.96200,0.02190,4096,1,0,1021,4,0,0,0,1,2258,0
78,14.87080,11.06540,2.86530,0.91990,0.01930,4011,0,0,1021,4,0,0,0,0,2288,0
79,5.29040,1.02750,3.32040,0.92180,0.01990,49,0,0,1024,4,0,0,0,0,2300,0
80,4.42260,0.56630,2.94390,0.89290,0.01880,16,0,0,1025,4,0,0,0,0,2310,0
81,4.30400,0.55730,2.84460,0.88270,0.01890,12,0,0,1026,4,0,0,0,0,2324,0
82,4.45250,0.35900,3.08160,0.99000,0.02120,0,0,0,1026,4,0,0,0,0,2331,0
83,4.74450,0.96250,2.84470,0.91640,0.02000,88,0,0,1029,4,0,0,0,0,2360,0
84,4.51980,0.77790,2.84560,0.87590,0.01930,31,0,0,1031,4,0,0,0,0,2374,0
85,5.82720,0.73710,4.07000,1.00040,0.01890,48,0,0,1033,4,0,0,0,0,2405,0
86,4.28670,0.60520,2.76480,0.89510,0.02070,178,0,0,1034,4,0,0,0,0,2421,0
87,4.98370,1.11530,2.85420,0.99220,0.02110,64,0,0,1038,4,0,0,0,0,2430,0
88,5.52760,0.52630,4.04850,0.93110,0.02090,17,0,0,1039,4,0,0,0,0,2452,0
89,4.26190,0.43800,2.83420,0.96830,0.02070,0,0,0,1039,4,0,0,0,0,2499,0
90,5.21340,1.34470,2.87650,0.96780,0.02340,110,0,0,1045,4,0,0,0,0,2531,0
91,8.98660,3.05890,4.81400,1.08810,0.02370,95,0,0,1048,4,0,0,0,0,2559,0
92,7.69950,0.82190,5.72650,1.13250,0.01770,15,0,0,1049,4,0,0,0,0,2568,0
93,5.94240,0.59110,4.24850,1.08420,0.01780,26,0,0,1050,4,0,0,0,0,2614,0
94,6.15380,1.02650,4.01050,1.10030,0.01560,55,0,0,1053,4,0,0,0,0,2635,0
95,5.77520,0.66840,3.93050,1.15000,0.02550,12,0,0,1054,4,0,0,0,0,2607,0
96,5.59570,0.56880,3.97970,1.03020,0.01630,17,0,0,1055,4,0,0,0,0,2629,0
97,5.44220,0.64530,3.40940,1.36200,0.02440,22,0,0,1056,4,0,0,0,0,2651,0
98,5.17950,0.77080,3.35860,1.03250,0.01680,37,0,0,1058,4,0,0,0,0,2695,0
99,4.95610,0.52130,3.41430,1.00270,0.01690,13,0,0,1059,4,0,0,0,0,2764,0
100,6.68240,1.13050,4.42830,1.10180,0.02100,75,0,0,1063,4,0,0,0,0,2821,0
101,5.12430,0.84080,3.20360,1.05810,0.02080,51,0,0,1066,4,0,0,0,0,2856,0
102,5.49190,1.34650,3.12570,0.99390,0.02440,61,0,0,1070,4,0,0,0,0,2876,0
103,4.81730,0.56140,3.07980,1.15510,0.02010,22,0,0,1071,4,0,0,0,0,2935,0
104,5.22600,0.85420,3.39020,0.95730,0.02330,53,0,0,1073,4,0,0,0,0,2924,0
105,5.50330,1.35480,3.11380,0.94580,0.08730,124,0,0,1079,4,0,0,0,0,2913,0
106,7.68720,3.17580,3.39660,1.08730,0.02510,240,0,0,1082,4,0,0,0,0,2955,0
107,5.10130,1.07690,2.91950,1.05940,0.03130,42,0,0,1085,4,0,0,0,0,2970,0
108,4.96040,0.64920,3.22240,1.06380,0.02410,26,0,0,1086,4,0,0,0,0,2991,0
109,5.23490,1.34020,2.86960,1.00010,0.02400,73,0,0,1090,4,0,0,0,0,3028,0
110,4.42530,0.44040,2.90800,1.03560,0.04030,0,0,0,1090,4,0,0,0,0,3037,0
111,4.89180,0.87840,2.94090,1.04640,0.02520,29,0,0,1092,4,0,0,0,0,3036,0
112,4.99820,0.96680,2.98230,1.00300,0.04530,35,0,0,1094,4,0,0,0,0,3029,0
113,4.57850,0.61050,2.85310,1.06500,0.04810,17,0,0,1095,4,0,0,0,0,3051,0
114,4.59800,0.88890,2.71250,0.97220,0.02360,35,0,0,1097,4,0,0,0,0,3080,0
115,4.76890,0.96770,2.76770,1.00750,0.02480,57,0,0,1099,4,0,0,0,0,3089,0
116,4.52920,0.74610,2.69890,1.05560,0.02760,129,0,0,1100,4,0,0,0,0,3095,0
117,4.78800,0.99760,2.73610,1.01240,0.04070,59,0,0,1102,4,0,0,0,0,3085,0
118,4.63140,0.61970,2.97000,1.00700,0.03380,13,0,0,1103,4,0,0,0,0,3135,0
119,5.06540,1.38920,2.65050,0.99500,0.02990,71,0,0,1107,4,0,0,0,0,3150,0
120,5.02660,1.00550,2.91370,1.06340,0.04330,73,0,0,1110,4,0,0,0,0,3200,0
121,8.93960,2.59630,5.19260,1.13040,0.01880,18,0,0,1111,4,0,0,0,0,3199,0
122,6.72590,1.75240,3.77060,1.07190,0.12970,225,0,0,1116,4,0,0,0,0,3209,0
123,5.84720,1.00630,3.70650,1.11280,0.02070,28,0,0,1118,4,0,0,0,0,3227,0
124,6.21940,1.49300,3.62600,1.07810,0.02140,107,0,0,1124,4,0,0,0,0,3271,0
125,5.44090,0.71740,3.52740,1.17540,0.01980,32,0,0,1126,4,0,0,0,0,3313,0
126,5.13180,0.73640,3.16540,1.20370,0.02540,49,0,0,1128,4,0,0,0,0,3340,0
127,5.36900,0.73450,3.56330,1.05340,0.01710,32,0,0,1130,4,0,0,0,0,3393,0
128,6.13970,1.05570,3.50080,1.55280,0.02950,89,0,0,1133,4,0,0,0,0,3395,0
129,5.78990,0.64660,3.95010,1.16650,0.02590,107,0,0,1134,4,0,0,0,0,3427,0
130,5.20480,0.95080,3.16880,1.06760,0.01690,53,0,0,1137,4,0,0,0,0,3452,0
131,5.77340,1.02890,3.15630,1.53750,0.04990,59,0,0,1141,4,0,0,0,0,3470,0
132,6.45910,1.11800,4.15140,1.16780,0.02100,95,0,0,1145,4,0,0,0,0,3531,0
133,5.94010,0.52510,4.27260,1.12120,0.02050,13,0,0,1146,4,0,0,0,0,3534,0
134,5.92830,0.79600,4.05890,1.05080,0.02180,35,0,0,1148,4,0,0,0,0,3513,0
135,5.29280,0.73540,3.39410,1.13980,0.02250,26,0,0,1150,4,0,0,0,0,3531,0
136,7.08510,2.77390,3.18790,1.10330,0.01930,77,0,0,1154,4,0,0,0,0,3527,0
137,5.48470,1.39170,3.00690,1.06690,0.01820,247,0,0,1160,4,0,0,0,0,3551,0
138,5.45970,0.76970,3.47830,1.17770,0.03300,30,0,0,1162,4,0,0,0,0,3598,0
139,5.75450,0.61190,4.02770,1.08780,0.02580,21,0,0,1163,4,0,0,0,0,3579,0
140,5.18150,1.11230,2.97460,1.06070,0.03310,37,0,0,1165,4,0,0,0,0,3647,0
141,5.28280,1.04560,3.07470,1.10260,0.05900,35,0,0,1167,4,0,0,0,0,3576,0
142,4.90120,0.61320,3.21230,1.04410,0.02590,20,0,0,1168,4,0,0,0,0,3616,0
143,6.73460,1.45640,4.13490,1.11320,0.02870,115,0,0,1173,4,0,0,0,0,3636,0
144,5.48720,1.20110,3.16150,1.10030,0.02330,151,0,0,1177,4,0,0,0,0,3675,0
145,4.85220,0.58590,3.15680,1.08280,0.02600,21,0,0,1178,4,0,0,0,0,3672,0
146,5.63720,0.37500,4.12480,1.10000,0.03610,0,0,0,1178,4,0,0,0,0,3696,0
147,5.05720,0.93090,3.01610,1.07930,0.02990,29,0,0,1180,4,0,0,0,0,3707,0
148,4.71990,0.59920,2.91040,1.17790,0.03160,13,0,0,1181,4,0,0,0,0,3706,0
149,4.85060,0.88020,2.83450,1.10430,0.03070,30,0,0,1183,4,0,0,0,0,3739,0
150,5.02550,0.67040,3.18490,1.14520,0.02410,17,0,0,1184,4,0,0,0,0,3761,0
151,6.90110,2.85800,2.88900,1.12750,0.02490,42,0,0,1186,4,0,0,0,0,3754,0
152,5.49540,1.67690,2.75450,1.04030,0.02240,229,0,0,1191,4,0,0,0,0,3737,0
153,4.52250,0.52970,2.83060,1.12580,0.03510,18,0,0,1192,4,0,0,0,0,3785,0
154,5.27350,1.39730,2.76000,1.08970,0.02550,63,0,0,1196,4,0,0,0,0,3811,0
155,4.56120,0.68340,2.75190,1.09870,0.02640,18,0,0,1197,4,0,0,0,0,3801,0
156,4.48010,0.63940,2.75750,1.05560,0.02680,13,0,0,1198,4,0,0,0,0,3809,0
157,4.79570,0.86540,2.82120,1.08420,0.02410,41,0,0,1200,4,0,0,0,0,3795,0
158,4.71220,0.97780,2.66640,1.04030,0.02700,53,0,0,1204,4,0,0,0,0,3814,0
159,5.25260,1.37780,2.76500,1.08270,0.02640,90,0,0,1211,4,0,0,0,0,3864,0
160,4.29190,0.42460,2.78100,1.06410,0.02180,0,0,0,1211,4,0,0,0,0,3896,0
161,4.38460,0.53220,2.78120,1.04820,0.02260,14,0,0,1212,4,0,0,0,0,3922,0
162,4.69230,0.85470,2.76920,1.04510,0.02270,47,0,0,1215,4,0,0,0,0,3957,0
163,4.46720,0.52880,2.79340,1.11900,0.02530,14,0,0,1216,4,0,0,0,0,3968,0
164,4.64930,0.72300,2.82220,1.07900,0.02450,40,0,0,1218,4,0,0,0,0,3943,0
165,4.28100,0.43030,2.70220,1.12110,0.02670,0,0,0,1218,4,0,0,0,0,3991,0
166,6.30920,2.41350,2.82320,1.04770,0.02410,42,0,0,1220,4,0,0,0,0,4050,0
167,5.04680,1.09590,2.82630,1.09860,0.02530,205,0,0,1224,4,0,0,0,0,4095,0
168,4.16920,0.36050,2.66290,1.12370,0.02150,0,0,0,1224,4,0,0,0,0,4114,0
169,4.94010,0.89180,2.90880,1.11690,0.02210,47,0,0,1227,4,0,0,0,0,4114,0
170,4.62740,0.55190,2.92820,1.12120,0.02540,18,0,0,1228,4,0,0,0,0,4106,0
171,4.70700,0.72620,2.83670,1.11940,0.02420,57,0,0,1230,4,0,0,0,0,4131,0
172,4.47710,0.50700,2.88250,1.06270,0.02430,16,0,0,1231,4,0,0,0,0,4124,0
173,4.92610,0.82980,2.96130,1.10770,0.02660,40,0,0,1234,4,0,0,0,0,4148,0
174,4.44830,0.66920,2.65490,1.10470,0.01880,27,0,0,1236,4,0,0,0,0,4180,0
175,4.59210,0.67410,2.82460,1.07120,0.02150,22,0,0,1238,4,0,0,0,0,4187,0
176,4.66470,0.57010,2.95210,1.11940,0.02230,12,0,0,1239,4,0,0,0,0,4191,0
177,4.56720,0.53870,2.90170,1.10260,0.02320,21,0,0,1240,4,0,0,0,0,4242,0
178,4.79240,0.68330,2.90450,1.16360,0.04030,31,0,0,1242,4,0,0,0,0,4299,0
179,4.35140,0.37410,2.82480,1.12090,0.03110,0,0,0,1242,4,0,0,0,0,4325,0
180,4.67760,0.69830,2.88650,1.06550,0.02660,21,0,0,1244,4,0,0,0,0,4323,0
181,8.86860,2.15910,5.25250,1.43260,0.02290,0,0,0,1244,4,0,0,0,0,4374,0
182,8.88630,1.01800,6.57410,1.25660,0.03660,154,0,0,1246,4,0,0,0,0,4405,0
183,7.83510,0.65440,5.74830,1.41290,0.01840,13,0,0,1247,4,0,0,0,0,4492,0
184,7.70060,1.06980,5.39060,1.22240,0.01670,68,0,0,1251,4,0,0,0,0,4503,0
185,6.62300,0.39170,4.73270,1.47280,0.02480,0,0,0,1251,4,0,0,0,0,4486,0
186,6.34840,0.42010,4.65540,1.25390,0.01840,0,0,0,1251,4,0,0,0,0,4516,0
187,6.56660,0.52100,4.75090,1.27030,0.02370,16,0,0,1252,4,0,0,0,0,4553,0
188,6.17260,0.56850,4.02950,1.55660,0.01720,8,0,0,1253,4,0,0,0,0,4599,0
189,5.81990,0.37250,4.06170,1.36640,0.01840,0,0,0,1253,4,0,0,0,0,4641,0
190,5.71650,0.60930,3.89240,1.19100,0.02300,13,0,0,1254,4,0,0,0,0,4677,0
191,5.95630,0.38240,4.04770,1.50190,0.02360,0,0,0,1254,4,0,0,0,0,4710,0
192,6.31030,1.41880,3.65620,1.21390,0.02040,123,0,0,1259,4,0,0,0,0,4732,0
193,5.76710,0.53580,3.99090,1.22170,0.01770,14,0,0,1260,4,0,0,0,0,4768,0
194,5.99390,1.15560,3.64030,1.17680,0.02010,71,0,0,1265,4,0,0,0,0,4751,0
195,5.97790,0.53030,3.97840,1.43880,0.02960,14,0,0,1266,4,0,0,0,0,4753,0
196,7.38980,2.11830,4.06420,1.17600,0.02990,0,0,0,1266,4,0,0,0,0,4770,0
197,5.43900,0.71460,3.52870,1.16400,0.03020,19,0,0,1267,4,0,0,0,0,4822,0
198,5.78100,0.63920,3.84400,1.25510,0.04160,11,0,0,1268,4,0,0,0,0,4816,0
199,5.58480,0.85960,3.40420,1.29120,0.02880,37,0,0,1270,4,0,0,0,0,4830,0
200,4.94680,0.37490,3.36740,1.16800,0.03560,0,0,0,1270,4,0,0,0,0,4847,0
201,5.07060,0.62040,3.26120,1.15540,0.03270,7,0,0,1271,4,0,0,0,0,4876,0
202,4.73310,0.37370,3.14080,1.18740,0.03030,0,0,0,1271,4,0,0,0,0,4913,0
203,5.12470,0.60930,3.28810,1.20210,0.02410,8,0,0,1272,4,0,0,0,0,4951,0
204,5.13930,0.66710,3.21860,1.23020,0.02270,18,0,0,1273,4,0,0,0,0,4986,0
205,5.42030,1.00230,3.22460,1.16540,0.02710,20,0,0,1275,4,0,0,0,0,5021,0
206,4.81910,0.73690,2.94360,1.11520,0.02240,24,0,0,1276,4,0,0,0,0,5083,0
207,5.98020,1.49830,3.18890,1.26010,0.03200,118,0,0,1281,4,0,0,0,0,5176,0
208,4.74070,0.52920,2.98490,1.19850,0.02750,14,0,0,1282,4,0,1,1,0,5202,0
209,4.97730,0.90460,2.93930,1.10280,0.02960,38,0,0,1285,4,0,1,1,0,5162,0
210,4.79340,0.53600,3.04340,1.18530,0.02790,16,0,0,1286,4,0,1,1,0,5188,0
211,9.30400,2.74020,5.08840,1.45110,0.02260,54,0,0,1288,4,0,1,1,0,5194,0
212,6.74850,0.38960,4.51180,1.82200,0.02430,0,0,0,1288,4,0,1,1,0,5173,0
213,6.72380,1.02140,4.32570,1.27850,0.09760,37,0,0,1291,4,0,1,1,0,5213,0
214,7.08700,0.74170,4.84060,1.47700,0.02680,33,0,0,1293,4,0,1,1,0,5241,0
215,6.63270,0.51330,4.85800,1.24310,0.01780,16,0,0,1294,4,0,1,1,0,5301,0
216,6.38900,0.70290,4.23910,1.41540,0.03050,33,0,0,1296,4,0,1,1,0,5332,0
217,5.92900,0.38250,4.22440,1.29900,0.02230,0,0,0,1296,4,0,1,1,0,5336,0
218,6.11510,0.51900,4.31780,1.25340,0.02400,11,0,0,1297,4,0,1,1,0,5378,0
219,6.11390,0.73580,4.15790,1.19930,0.02010,27,0,0,1299,4,0,1,1,0,5417,0
220,5.99350,0.57690,4.00800,1.37350,0.03430,14,0,0,1300,4,0,1,1,0,5463,0
221,5.90660,0.36370,4.20930,1.29300,0.03980,0,0,0,1300,4,0,1,1,0,5462,0
222,6.45630,0.98340,4.23290,1.22190,0.01720,45,0,0,1303,4,0,1,1,0,5544,0
223,5.89520,0.54460,4.07150,1.25650,0.02170,12,0,0,1304,4,0,1,1,0,5590,0
224,6.73520,0.95240,4.08310,1.66630,0.03180,51,0,0,1307,4,0,1,1,0,5606,0
225,6.04970,0.70480,4.10000,1.22350,0.02070,20,0,0,1309,4,0,1,1,0,5638,0
226,7.65290,2.34240,4.04480,1.24340,0.02140,45,0,0,1311,4,0,1,1,0,5603,0
227,6.00690,0.52570,4.19170,1.25670,0.03190,9,0,0,1312,4,0,1,1,0,5662,0
228,5.85630,0.89190,3.78380,1.15970,0.02030,34,0,0,1315,4,0,1,1,0,5653,0
229,6.25790,0.87190,4.12730,1.24000,0.01790,54,0,0,1318,4,0,1,1,0,5652,0
230,5.73830,0.51330,4.04630,1.15920,0.01880,10,0,0,1319,4,0,1,1,0,5638,0
231,5.45870,0.40360,3.81870,1.21810,0.01750,0,0,0,1319,4,0,1,1,0,5677,0
232,5.31180,0.37150,3.69050,1.22560,0.02350,0,0,0,1319,4,0,1,1,0,5678,0
233,5.87360,0.55800,4.01870,1.27310,0.02270,11,0,0,1320,4,0,1,1,0,5710,0
234,6.64940,1.29320,4.06210,1.27240,0.02070,53,0,0,1324,4,0,1,1,0,5694,0
235,5.79190,0.89400,3.60480,1.26990,0.02220,22,0,0,1326,4,0,1,1,0,5707,0
236,6.01630,0.61620,4.17470,1.19220,0.03200,8,0,0,1327,4,0,1,1,0,5683,0
237,6.12650,1.40450,3.54440,1.14530,0.03130,53,0,0,1331,4,0,1,1,0,5658,0
238,5.88630,0.66150,3.93730,1.26030,0.02570,8,0,0,1332,4,0,1,1,0,5675,0
239,6.47110,1.28130,3.93400,1.22660,0.02770,52,0,0,1335,4,0,1,1,0,5681,0
240,5.59570,1.01370,3.33690,1.21720,0.02660,81,0,0,1337,4,0,1,1,0,5643,0
241,7.40800,2.84850,3.29690,1.23310,0.02800,29,0,0,1340,4,0,1,1,0,5623,0
242,5.33320,0.80260,3.34010,1.15780,0.03210,33,0,0,1342,4,0,1,1,0,5649,0
243,5.19590,0.72300,3.33410,1.11150,0.02650,26,0,0,1344,4,0,1,1,0,5686,0
244,5.05960,0.56020,3.34170,1.13160,0.02530,24,0,0,1345,4,0,1,1,0,5698,0
245,4.93730,0.37400,3.36370,1.17250,0.02640,0,0,0,1345,4,0,2,2,0,5720,0
246,5.27050,0.76810,3.27850,1.19860,0.02440,31,0,0,1347,4,0,2,2,0,5679,0
247,5.15320,0.54700,3.37120,1.20470,0.02920,23,0,0,1348,4,0,2,2,0,5676,0
248,4.97400,0.54990,3.25120,1.14390,0.02810,11,0,0,1349,4,0,2,2,0,5720,0
249,4.85020,0.35010,3.27300,1.18970,0.03660,0,0,0,1349,4,0,3,3,0,5736,0
250,5.43080,0.83820,3.31500,1.24160,0.03510,30,0,0,1351,4,0,3,3,0,5764,0
251,4.76280,0.36100,3.17560,1.19770,0.02770,0,0,0,1351,4,0,3,3,0,5783,0
252,5.38560,0.97270,3.22530,1.16450,0.02230,33,0,0,1354,4,0,3,2,0,5836,0
253,5.07770,0.64150,3.24960,1.16220,0.02370,17,0,0,1356,4,0,5,4,0,5845,0
254,5.58860,1.13820,3.18900,1.23320,0.02740,70,0,0,1361,4,0,5,4,0,5870,0
255,5.22680,0.76530,3.26180,1.17110,0.02770,35,0,0,1363,4,0,5,4,0,5798,0
256,6.57970,2.04640,3.26830,1.23800,0.02620,0,0,0,1363,4,0,5,4,0,5822,0
257,5.60990,0.86950,3.54800,1.16480,0.02680,32,0,0,1365,4,0,6,5,0,5835,0
258,4.83380,0.54990,3.13670,1.11990,0.02630,11,0,0,1366,4,0,7,6,0,5788,0
259,4.76520,0.34490,3.19900,1.19200,0.02840,0,0,0,1366,4,0,7,5,0,5785,0
260,4.73140,0.33850,3.16890,1.19470,0.02880,0,0,0,1366,4,0,7,4,0,5793,0
261,5.15780,0.78590,3.18690,1.15730,0.02670,31,0,0,1368,4,0,8,6,0,5755,0
262,5.17010,0.76520,3.21220,1.16220,0.02960,28,0,0,1370,4,0,8,6,0,5717,0
263,4.80060,0.37270,3.15610,1.24150,0.02980,0,0,0,1370,4,0,8,6,0,5750,0
264,5.19600,0.80090,3.19090,1.17690,0.02670,17,0,0,1372,4,0,8,7,0,5772,0
265,5.08180,0.73800,3.16670,1.13820,0.03780,29,0,0,1374,4,0,8,7,0,5796,0
266,5.03920,0.69370,3.14630,1.17010,0.02840,17,0,0,1376,4,0,8,7,0,5734,0
267,4.81870,0.48630,3.17660,1.12880,0.02650,8,0,0,1377,4,0,8,7,0,5693,0
268,6.94330,1.32680,3.20950,2.38380,0.02240,73,0,0,1384,4,0,10,9,0,5709,0
269,5.15680,0.92400,3.15890,1.05150,0.02170,40,0,0,1388,4,0,10,9,0,5690,0
270,4.50850,0.32780,3.08250,1.07070,0.02670,0,0,0,1388,4,0,11,10,0,5653,0
271,9.08740,2.66900,5.05610,1.33950,0.02130,19,0,0,1390,4,0,11,10,0,5666,0
272,7.57900,0.90240,5.41720,1.23500,0.02340,24,0,0,1392,4,0,12,11,0,5596,0
273,7.51910,0.88310,4.86090,1.75100,0.02330,60,0,0,1395,4,0,12,11,0,5572,0
274,5.82400,0.37840,4.28590,1.14090,0.01790,0,0,0,1395,4,0,12,11,0,5510,0
275,6.77710,0.55990,4.88030,1.31550,0.02040,12,0,0,1396,4,0,13,11,0,5467,0
276,7.03530,0.83400,4.65500,1.52670,0.01910,47,0,0,1398,4,0,13,11,0,5426,0
277,6.23690,0.49490,4.16730,1.55190,0.02190,6,0,0,1399,4,0,13,11,0,5430,0
278,5.90350,0.50500,4.18240,1.19560,0.01980,5,0,0,1400,4,0,13,10,0,5407,0
279,5.87290,0.37980,4.23420,1.24000,0.01810,0,0,0,1400,4,0,13,11,0,5419,0
280,6.12400,0.72380,4.11050,1.20030,0.08850,24,0,0,1402,4,0,13,11,0,5415,0
281,5.69590,0.74410,3.72100,1.20610,0.02350,27,0,0,1404,4,0,13,11,0,5351,0
282,5.82090,0.48970,4.08320,1.22520,0.02200,4,0,0,1405,4,0,13,12,0,5350,0
283,5.77820,0.59580,3.91890,1.23970,0.02290,15,0,0,1407,4,0,13,11,0,5306,0
284,5.70220,0.48910,3.94950,1.24290,0.02020,6,0,0,1408,4,0,13,11,0,5269,0
285,5.67310,0.37300,4.06760,1.21180,0.02000,0,0,0,1408,4,0,13,12,0,5210,0
286,7.21660,2.32730,3.70220,1.16540,0.02110,29,0,0,1410,4,0,13,13,0,5241,0
287,5.99970,0.74060,4.10460,1.13160,0.02210,22,0,0,1412,4,0,13,13,0,5181,0
288,5.74700,1.01390,3.55520,1.15530,0.02140,105,0,0,1416,4,0,13,13,0,5168,0
289,5.27810,0.33450,3.56330,1.35500,0.02460,0,0,0,1416,4,0,13,12,0,5154,0
290,5.82090,0.99990,3.49210,1.30830,0.01880,21,0,0,1419,4,0,14,13,0,5115,0
291,5.92220,0.90710,3.54240,1.45360,0.01840,68,0,0,1422,4,0,14,14,0,5058,0
292,5.50400,0.37710,3.91880,1.18410,0.02320,0,0,0,1422,4,0,16,16,0,5059,0
293,5.97450,0.71070,4.09370,1.15070,0.01880,13,0,0,1424,4,0,16,16,0,5050,0
294,4.86390,0.32630,3.39970,1.11560,0.02150,0,0,0,1424,4,0,16,16,0,5021,0
295,5.18010,0.53000,3.48390,1.14720,0.01820,8,0,0,1425,4,0,17,17,0,4990,0
296,4.96390,0.38590,3.42090,1.13560,0.02090,0,0,0,1425,4,0,19,19,0,4962,0
297,5.06150,0.52270,3.32810,1.16530,0.04000,11,0,0,1426,4,0,20,20,0,4922,0
298,5.66380,0.35220,4.13660,1.15210,0.02220,0,0,0,1426,4,0,20,20,0,4922,0
299,5.39760,0.77550,3.44510,1.15580,0.02060,21,0,0,1429,4,0,20,20,0,4894,0
300,5.18850,0.60640,3.37430,1.17440,0.03270,22,0,0,1431,4,0,20,20,0,4866,0
301,8.79920,2.64940,4.83990,1.28520,0.02310,34,0,0,1433,4,0,22,22,0,4789,0
302,6.20490,0.36710,4.53840,1.27930,0.01930,0,0,0,1433,4,0,22,22,0,4750,0
303,7.17070,0.87240,5.07210,1.18590,0.03950,70,0,0,1435,4,0,24,23,0,4709,0
304,5.49740,0.39400,3.90280,1.18020,0.01940,0,0,0,1435,4,0,25,24,0,4660,0
305,6.24940,0.49630,4.57710,1.15980,0.01560,5,0,0,1436,4,0,27,25,0,4659,0
306,7.55450,1.85740,4.49070,1.18770,0.01750,105,0,0,1444,4,0,28,26,0,4619,0
307,5.72190,0.57970,4.04080,1.08090,0.01960,8,0,0,1445,4,0,28,26,0,4580,0
308,6.04890,0.68320,3.85920,1.48430,0.02130,17,0,0,1447,4,0,28,24,0,4567,0
309,5.72180,0.53650,3.78570,1.37620,0.02270,17,0,0,1448,4,0,29,27,0,4551,0
310,5.56170,0.55120,3.81840,1.17040,0.02080,9,0,0,1449,4,0,30,28,0,4566,0
311,5.39740,0.36700,3.94790,1.06520,0.01670,0,0,0,1449,4,0,30,29,0,4533,0
312,5.67150,0.65050,3.91350,1.08900,0.01770,15,0,0,1451,4,0,32,31,0,4441,0
313,5.27660,0.47860,3.62510,1.15300,0.01910,5,0,0,1452,4,0,32,31,0,4445,0
314,5.44650,0.47220,3.88270,1.07330,0.01770,6,0,0,1453,4,0,32,31,0,4401,0
315,5.09330,0.66740,3.38310,1.02370,0.01810,22,0,0,1455,4,0,34,33,0,4397,0
316,6.91490,2.16670,3.75690,0.97020,0.02030,16,0,0,1456,4,0,34,33,0,4383,0
317,4.85530,0.37750,3.37010,1.07590,0.03110,0,0,0,1456,4,0,35,34,0,4313,0
318,5.39740,0.90880,3.37090,1.09850,0.01860,77,0,0,1459,4,0,35,34,0,4279,0
319,5.29780,0.36890,3.82190,1.08830,0.01780,0,0,0,1459,4,0,36,35,0,4243,0
320,4.92950,0.49300,3.30520,1.11490,0.01590,7,0,0,1460,4,0,39,38,0,4220,0
321,5.59560,1.12860,3.31010,1.13690,0.01920,49,0,0,1465,4,0,43,42,0,4157,0
322,5.03070,0.62320,3.34170,1.04650,0.01830,9,0,0,1467,4,0,45,43,0,4142,0
323,4.85190,0.46290,3.36930,0.99990,0.01870,10,0,0,1468,4,0,48,45,0,4117,0
324,4.60710,0.36110,3.27310,0.95530,0.01690,0,0,0,1468,4,0,49,44,0,4092,0
325,4.98300,0.52860,3.40280,1.03360,0.01740,25,0,0,1469,4,0,51,45,0,4031,0
326,5.72260,0.35980,4.22500,1.11870,0.01850,0,0,0,1469,4,0,55,50,0,3985,0
327,4.81250,0.51460,3.23420,1.04420,0.01860,15,0,0,1470,4,0,56,48,0,3930,0
328,5.13030,0.71490,3.36560,1.03180,0.01740,20,0,0,1472,4,0,56,52,0,3858,0
329,4.95600,0.78410,3.17040,0.98340,0.01750,22,0,0,1475,4,0,57,52,0,3784,0
330,4.97160,0.68430,3.19340,1.07140,0.02200,42,0,0,1477,4,0,57,49,0,3787,0
331,7.65760,2.41630,3.74150,1.46860,0.02920,6,0,0,1478,4,0,58,50,0,3784,0
332,5.24460,0.33710,3.89150,0.99770,0.01770,0,0,0,1478,4,0,59,51,0,3774,0
333,5.21550,0.71270,3.44990,1.03340,0.01860,51,0,0,1479,4,0,59,53,0,3761,0
334,4.95690,0.37960,3.56450,0.99470,0.01730,0,0,0,1479,4,0,60,52,0,3694,0
335,5.10590,0.37230,3.62940,1.08490,0.01840,0,0,0,1479,4,0,60,53,0,3680,0
336,5.94420,1.16750,3.62810,1.12810,0.01950,46,0,0,1483,4,0,61,54,0,3620,0
337,5.59690,0.51070,3.46400,1.59980,0.02130,3,0,0,1484,4,0,63,57,0,3584,0
338,5.08610,0.57740,3.17160,1.31460,0.02190,10,0,0,1485,4,0,67,60,0,3566,0
339,4.63300,0.39670,3.14890,1.06140,0.02520,0,0,0,1485,4,0,68,62,0,3535,0
340,4.54610,0.33440,3.18290,1.00230,0.02570,0,0,0,1485,4,0,68,63,0,3481,0
341,4.84620,0.71230,3.11270,1.00230,0.01800,10,0,0,1487,4,0,69,62,0,3478,0
342,4.56400,0.42430,3.16600,0.95390,0.01880,0,0,0,1487,4,0,70,61,0,3477,0
343,4.86220,0.73990,3.09370,0.99910,0.02880,22,0,0,1489,4,0,71,60,0,3470,0
344,5.25170,0.97410,3.23940,1.01630,0.02130,25,0,0,1493,4,0,72,61,0,3471,0
345,4.76340,0.65630,3.11200,0.97510,0.01920,49,0,0,1495,4,0,74,65,0,3452,0
346,7.30540,2.18390,4.07350,1.03160,0.01560,7,0,0,1496,4,0,74,64,0,3442,0
347,4.46670,0.47180,3.05820,0.91670,0.01960,11,0,0,1497,4,0,74,65,0,3423,0
348,5.75820,0.68280,4.04230,1.01430,0.01810,60,0,0,1499,4,0,77,67,0,3408,0
349,4.54950,0.50900,3.05590,0.96370,0.02000,6,0,0,1500,4,0,77,68,0,3345,0
350,4.23610,0.35310,2.96000,0.90240,0.01980,0,0,0,1500,4,0,80,67,0,3323,0
351,4.27770,0.35880,3.03290,0.86480,0.02050,0,0,0,1500,4,0,81,70,0,3248,0
352,6.10910,0.88200,4.18110,1.02430,0.02080,21,0,0,1503,4,0,84,72,0,3240,0
353,5.62370,0.51910,4.07150,1.01120,0.02130,7,0,0,1504,4,0,85,74,0,3226,0
354,4.29490,0.36150,2.95590,0.95960,0.01730,0,0,0,1504,4,0,86,75,0,3199,0
355,5.44040,0.36500,4.08100,0.97610,0.01770,0,0,0,1504,4,0,86,77,0,3197,0
356,4.55350,0.69010,2.90770,0.93130,0.02380,14,0,0,1506,4,0,88,77,0,3169,0
357,4.32760,0.33750,3.06940,0.90330,0.01680,0,0,0,1506,4,0,89,79,0,3178,0
358,4.94020,0.89000,3.09320,0.92290,0.03340,50,0,0,1509,4,0,90,79,0,3128,0
359,4.57220,0.67060,2.98640,0.89520,0.01910,15,0,0,1511,4,0,93,81,0,3098,0
360,5.38820,0.36410,4.09400,0.90900,0.02050,0,0,0,1511,4,0,96,84,0,3030,0
361,8.64540,2.22910,5.36840,1.02810,0.01850,0,0,0,1511,4,0,98,88,0,2995,0
362,6.92440,0.86100,4.97850,1.05250,0.03160,15,0,0,1513,4,0,100,88,0,2978,0
363,6.40700,0.66200,4.72200,1.00210,0.02000,6,0,0,1514,4,0,101,89,0,2932,0
364,6.19090,0.60030,4.38480,1.17360,0.03130,30,0,0,1515,4,0,104,93,0,2871,0
365,5.72940,0.58760,4.08370,1.03890,0.01850,9,0,0,1516,4,0,107,93,0,2844,0
366,6.40180,0.85210,4.47890,1.03900,0.03080,20,0,0,1519,4,0,111,95,0,2855,0
367,5.95470,0.66210,3.81370,1.45430,0.02350,17,0,0,1521,4,0,112,95,0,2819,0
368,4.91110,0.51430,3.42750,0.94880,0.01970,4,0,0,1522,4,0,114,95,0,2816,0
369,5.38720,0.36570,3.96880,1.03570,0.01640,0,0,0,1522,4,0,115,97,0,2771,0
370,5.29390,0.36600,3.94300,0.96110,0.02320,0,0,0,1522,4,0,115,96,0,2773,0
371,5.45830,0.48990,3.97730,0.97210,0.01820,9,0,0,1523,4,0,117,97,0,2748,0
372,5.34230,0.66770,3.30670,1.34580,0.02120,19,0,0,1525,4,0,120,99,0,2697,0
373,4.82020,0.46440,3.29750,0.96720,0.09060,5,0,0,1526,4,0,123,100,0,2656,0
374,4.93710,0.54890,3.44960,0.91870,0.01890,10,0,0,1527,4,0,126,104,0,2652,0
375,4.84010,0.59860,3.31230,0.91210,0.01640,26,0,0,1528,4,0,129,105,0,2635,0
376,6.53950,2.07260,3.30150,1.14420,0.02040,0,0,0,1528,4,0,134,110,0,2607,0
377,4.75080,0.35860,3.44740,0.91900,0.02500,0,0,0,1528,4,0,137,117,0,2595,0
378,4.84080,0.55160,3.39840,0.87430,0.01570,0,0,0,1528,4,0,137,114,0,2587,0
379,4.54600,0.81470,2.81100,0.88590,0.03330,20,0,0,1530,4,0,142,119,0,2600,0
380,4.04190,0.34870,2.84550,0.82170,0.02490,0,0,0,1530,4,0,145,120,0,2550,0
381,4.52200,0.87750,2.76540,0.85440,0.02350,15,0,0,1532,4,0,149,123,0,2507,0
382,4.26490,0.62090,2.75250,0.85560,0.03490,6,0,0,1533,4,0,151,125,0,2493,0
383,4.58480,0.95250,2.69290,0.91530,0.02300,16,0,0,1535,4,0,154,129,0,2481,0
384,4.38550,0.65390,2.75740,0.94710,0.02590,6,0,0,1536,4,0,158,131,0,2436,0
385,4.46850,0.66370,2.89020,0.88880,0.02520,31,0,0,1537,4,0,160,133,0,2432,0
386,4.42520,0.83030,2.70200,0.86740,0.02480,13,0,0,1539,4,0,161,132,0,2410,0
387,3.94210,0.49710,2.57380,0.85030,0.02020,11,0,0,1540,4,0,166,135,0,2395,0
388,3.78460,0.34180,2.59180,0.82930,0.02080,0,0,0,1540,4,0,168,139,0,2346,0
389,3.95520,0.33350,2.76290,0.83470,0.02330,0,0,0,1540,4,0,171,143,0,2332,0
390,4.16920,0.54570,2.74490,0.85890,0.01900,26,0,0,1541,4,0,173,142,0,2326,0
391,8.98660,2.31390,5.72460,0.92840,0.01860,10,0,0,1542,4,0,177,146,0,2293,0
392,7.66090,0.61990,5.98240,1.03030,0.02770,10,0,0,1543,4,0,180,148,0,2274,0
393,9.10460,0.53680,7.56070,0.99150,0.01490,5,0,0,1544,4,0,180,149,0,2270,0
394,7.03200,0.55600,5.51740,0.94090,0.01700,7,0,0,1545,4,0,182,151,0,2272,0
395,6.89960,0.34880,5.57030,0.95560,0.02430,0,0,0,1545,4,0,188,154,0,2274,0
396,6.75920,0.50640,5.17110,0.98190,0.09890,11,0,0,1546,4,0,195,161,0,2244,0
397,5.98770,0.57790,4.09310,1.28640,0.02950,6,0,0,1547,4,0,201,166,0,2217,0
398,5.66430,0.57420,4.15010,0.92020,0.01910,5,0,0,1548,4,0,202,167,0,2188,0
399,5.51810,0.53390,4.08040,0.88450,0.01850,6,0,0,1549,4,0,204,169,0,2176,0
400,5.42450,0.53160,4.02690,0.84600,0.01920,8,0,0,1550,4,0,209,170,0,2152,0
401,4.95980,0.75320,3.29630,0.89140,0.01820,14,0,0,1552,4,0,212,176,0,2166,0
402,4.26050,0.46250,2.91480,0.86530,0.01730,9,0,0,1553,4,0,214,177,0,2144,0
403,4.81900,0.48480,3.26350,1.04950,0.02040,2,0,0,1554,4,0,219,183,0,2149,0
404,4.46440,0.36100,3.21880,0.86620,0.01750,0,0,0,1554,4,0,220,182,0,2129,0
405,4.14290,0.33130,2.93300,0.86090,0.01690,0,0,0,1554,4,0,222,183,0,2097,0
406,6.02500,2.15430,2.87680,0.96960,0.02360,11,0,0,1555,4,0,226,185,0,2078,0
407,5.33780,0.36740,4.01020,0.94020,0.01950,0,0,0,1555,4,0,231,193,0,2056,0
408,4.15720,0.49320,2.73640,0.83820,0.08850,5,0,0,1556,4,0,234,198,0,2032,0
409,4.33190,0.52730,2.92420,0.85950,0.02020,7,0,0,1557,4,0,241,199,0,2022,0
410,3.90400,0.33290,2.74110,0.80990,0.01940,0,0,0,1557,4,0,244,202,0,1996,0
411,3.97950,0.34660,2.75750,0.85690,0.01780,0,0,0,1557,4,0,251,210,0,1967,0
412,3.92800,0.34690,2.76690,0.79630,0.01680,0,0,0,1557,4,0,254,214,0,1933,0
413,4.22760,0.35090,2.74740,1.11020,0.01810,0,0,0,1557,4,0,258,218,0,1904,0
414,4.34090,0.33450,2.88840,1.09650,0.02080,0,0,0,1557,4,0,263,223,0,1894,0
415,4.22070,0.59560,2.73860,0.86680,0.01900,6,0,0,1558,4,0,265,221,0,1914,0
416,4.61200,1.02290,2.75400,0.81580,0.01840,27,0,0,1561,4,0,266,220,0,1913,0
417,5.49750,0.47560,4.06460,0.93480,0.02170,11,0,0,1562,4,0,269,225,0,1911,0
418,3.84360,0.34120,2.69790,0.78720,0.01660,0,0,0,1562,4,0,274,235,0,1887,0
419,3.96170,0.32010,2.81620,0.80420,0.02050,0,0,0,1562,4,0,276,234,0,1880,0
420,3.86470,0.35240,2.68800,0.80770,0.01590,0,0,0,1562,4,0,277,235,0,1866,0
421,8.46890,2.12650,5.42070,0.89890,0.02140,0,0,0,1562,4,0,279,236,0,1864,0
422,6.85120,0.51860,5.42990,0.88060,0.02130,9,0,0,1563,4,0,283,240,0,1855,0
423,6.81670,0.29950,5.52080,0.97510,0.02060,0,0,0,1563,4,0,285,242,0,1832,0
424,5.67950,0.33430,4.46960,0.85740,0.01740,0,0,0,1563,4,0,289,245,0,1819,0
425,5.27550,0.32790,4.03660,0.89090,0.01950,0,0,0,1563,4,0,291,243,0,1807,0
426,5.21830,0.33920,3.97820,0.87570,0.02450,0,0,0,1563,4,0,295,247,0,1812,0
427,4.96720,0.37870,3.71970,0.84880,0.01930,0,0,0,1563,4,0,298,251,0,1788,0
428,4.95260,0.43690,3.66180,0.83520,0.01790,0,0,0,1563,4,0,298,257,0,1789,0
429,4.41650,0.33370,3.20350,0.86240,0.01620,0,0,0,1563,4,0,302,254,0,1773,0
430,5.11630,0.55940,3.68650,0.85110,0.01850,7,0,0,1564,4,0,308,261,0,1748,0
431,5.08570,0.52150,3.71490,0.83350,0.01510,6,0,0,1565,4,0,312,266,0,1749,0
432,4.88570,0.33550,3.53800,0.89750,0.11400,0,0,0,1565,4,0,313,269,0,1757,0
433,4.45130,0.39820,3.20290,0.83310,0.01630,0,0,0,1565,4,0,317,274,0,1736,0
434,4.29030,0.36070,3.07520,0.83970,0.01380,0,0,0,1565,4,0,324,279,0,1711,0
435,4.34400,0.33980,3.11910,0.85460,0.02980,0,0,0,1565,4,0,331,287,0,1717,0
436,6.00830,1.95030,3.20340,0.83490,0.01900,0,0,0,1565,4,0,334,290,0,1717,0
437,4.48770,0.53720,3.08690,0.84680,0.01600,9,0,0,1566,4,0,343,303,0,1714,0
438,4.41540,0.31260,3.16630,0.85050,0.08510,0,0,0,1566,4,0,348,307,0,1719,0
439,4.01230,0.39270,2.74530,0.85550,0.01800,0,0,0,1566,4,0,352,308,0,1698,0
440,4.26690,0.34310,2.99900,0.90730,0.01680,0,0,0,1566,4,0,355,306,0,1717,0
441,3.90050,0.34600,2.74410,0.79370,0.01620,0,0,0,1566,4,0,357,310,0,1715,0
442,4.27960,0.32010,3.11830,0.82350,0.01710,0,0,0,1566,4,0,360,308,0,1715,0
443,3.90800,0.33510,2.77940,0.77530,0.01760,0,0,0,1566,4,0,363,313,0,1692,0
444,3.95430,0.33130,2.76140,0.84220,0.01890,0,0,0,1566,4,0,367,316,0,1713,0
445,5.30080,0.55540,3.87590,0.84880,0.02000,7,0,0,1567,4,0,369,319,0,1714,0
446,4.02300,0.51430,2.70330,0.78560,0.01910,6,0,0,1568,4,0,372,319,0,1706,0
447,4.09950,0.31980,2.88800,0.87170,0.01930,0,0,0,1568,4,0,377,323,0,1698,0
448,3.90300,0.37290,2.71920,0.79430,0.01600,0,0,0,1568,4,0,383,329,0,1699,0
449,3.96020,0.33570,2.74590,0.86130,0.01660,0,0,0,1568,4,0,384,329,0,1686,0
450,5.16710,0.34630,3.87840,0.92490,0.01670,0,0,0,1568,4,0,389,336,0,1679,0
451,8.36290,2.08870,5.34970,0.89670,0.02680,0,0,0,1568,4,0,393,338,0,1674,0
452,7.03790,0.34540,5.62260,1.00300,0.06600,0,0,0,1568,4,0,397,342,0,1661,0
453,4.94690,0.41820,3.64760,0.86110,0.01900,0,0,0,1568,4,0,402,346,0,1665,0
454,5.61320,0.35470,4.34100,0.89750,0.01940,0,0,0,1568,4,0,407,352,0,1676,0
455,5.09970,0.42460,3.75790,0.90090,0.01530,0,0,0,1568,4,0,411,356,0,1685,0
456,5.13800,0.33700,3.88760,0.89820,0.01450,0,0,0,1568,4,0,413,357,0,1688,0
457,4.71070,0.33000,3.49560,0.86820,0.01600,0,0,0,1568,4,0,417,362,0,1657,0
458,5.01000,0.83540,3.25140,0.90310,0.01930,11,0,0,1570,4,0,420,367,0,1640,0
459,4.82980,0.35370,3.44560,1.00750,0.02220,0,0,0,1570,4,0,423,372,0,1641,0
460,5.18920,0.58040,3.57850,1.00510,0.02440,7,0,0,1571,4,0,425,372,0,1646,0
461,5.05300,0.54980,3.53670,0.94010,0.02560,7,0,0,1572,4,0,431,372,0,1637,0
462,4.33280,0.34880,3.13260,0.83320,0.01750,0,0,0,1572,4,0,433,384,0,1627,0
463,4.43900,0.35710,3.22270,0.84130,0.01710,0,0,0,1572,4,0,437,383,0,1637,0
464,4.96080,0.35440,3.74090,0.84820,0.01670,0,0,0,1572,4,0,442,392,0,1608,0
465,4.25820,0.36000,3.04600,0.83570,0.01590,0,0,0,1572,4,0,446,393,0,1614,0
466,5.97550,1.99330,3.14240,0.82380,0.01550,0,0,0,1572,4,0,448,392,0,1632,0
467,4.31120,0.36650,3.09640,0.82650,0.02110,0,0,0,1572,4,0,453,393,0,1642,0
468,4.28830,0.35700,3.05090,0.86230,0.01750,0,0,0,1572,4,0,455,398,0,1640,0
469,4.23540,0.35600,3.04320,0.81990,0.01570,0,0,0,1572,4,0,456,397,0,1632,0
470,4.10510,0.45200,2.80080,0.82850,0.02290,0,0,0,1572,4,0,460,402,0,1637,0
471,4.39360,0.36260,3.16100,0.84350,0.02560,0,0,0,1572,4,0,464,407,0,1645,0
472,3.86460,0.33680,2.72940,0.77760,0.01990,0,0,0,1572,4,0,465,411,0,1631,0
473,5.74980,0.63180,4.31380,0.78240,0.02070,7,0,0,1573,4,0,466,410,0,1625,0
474,4.28830,0.63290,2.86000,0.77520,0.01910,6,0,0,1574,4,0,469,416,0,1610,0
475,4.65280,0.63740,3.05110,0.93200,0.03060,7,0,0,1575,4,0,475,422,0,1629,0
476,4.99280,0.38740,3.75660,0.82850,0.01920,0,0,0,1575,4,0,481,430,0,1651,0
477,4.33320,0.39610,3.04500,0.86940,0.02170,0,0,0,1575,4,0,484,433,0,1658,0
478,4.32580,0.38960,3.10150,0.81300,0.02070,0,0,0,1575,4,0,486,436,0,1664,0
479,3.84760,0.35220,2.64510,0.82870,0.02070,0,0,0,1575,4,0,491,439,0,1669,0
480,3.93750,0.35070,2.71810,0.84540,0.02180,0,0,0,1575,4,0,494,441,0,1667,0
481,6.63870,2.15910,3.56350,0.89380,0.02100,0,0,0,1575,4,0,499,445,0,1654,0
482,5.21220,0.36010,3.95910,0.87160,0.02070,0,0,0,1575,4,0,501,451,0,1660,0
483,5.31740,0.56670,3.90600,0.82710,0.01700,4,0,0,1576,4,0,505,453,0,1667,0
484,4.80230,0.35920,3.53960,0.88110,0.02150,0,0,0,1576,4,0,512,458,0,1665,0
485,4.69500,0.33980,3.51300,0.81710,0.02460,0,0,0,1576,4,0,516,461,0,1651,0
486,4.18430,0.34880,2.96250,0.85120,0.02090,0,0,0,1576,4,0,522,471,0,1631,0
487,4.63300,0.34390,3.37080,0.89250,0.02500,0,0,0,1576,4,0,526,477,0,1614,0
488,4.22740,0.56510,2.85120,0.79040,0.02010,7,0,0,1577,4,0,529,480,0,1625,0
489,4.11760,0.52830,2.73470,0.83100,0.02280,6,0,0,1578,4,0,533,485,0,1632,0
490,5.06740,0.53730,3.64440,0.86230,0.02240,6,0,0,1579,4,0,540,493,0,1632,0
491,5.11910,0.34570,3.82730,0.91910,0.02610,0,0,0,1579,4,0,540,489,0,1606,0
492,4.17250,0.35050,2.95370,0.84580,0.02180,0,0,0,1579,4,0,542,496,0,1593,0
493,3.89690,0.54630,2.51230,0.81500,0.02260,6,0,0,1580,4,0,545,505,0,1584,0
494,3.66840,0.31430,2.54390,0.78370,0.02570,0,0,0,1580,4,0,549,506,0,1573,0
495,3.57870,0.31510,2.45190,0.78970,0.02120,0,0,0,1580,4,0,553,505,0,1569,0
496,5.57710,1.93980,2.73750,0.87110,0.02790,0,0,0,1580,4,0,560,510,0,1571,0
497,3.49480,0.28880,2.41400,0.76620,0.02500,0,0,0,1580,4,0,562,514,0,1580,0
498,3.45790,0.29290,2.37330,0.77200,0.01900,0,0,0,1580,4,0,566,521,0,1563,0
499,3.53510,0.28850,2.44030,0.78060,0.02500,0,0,0,1580,4,0,571,526,0,1589,0
500,4.67990,0.32820,2.36060,1.96660,0.02390,0,0,0,1580,4,0,574,524,0,1574,0
501,3.42870,0.32540,2.32850,0.74890,0.02540,0,0,0,1580,4,0,576,525,0,1578,0
502,3.53140,0.31180,2.38340,0.81120,0.02410,0,0,0,1580,4,0,580,534,0,1553,0
503,3.40150,0.27200,2.34780,0.75710,0.02380,0,0,0,1580,4,0,588,538,0,1548,0
504,3.83960,0.37780,2.64720,0.78840,0.02480,0,0,0,1580,4,0,591,539,0,1550,0
505,3.70130,0.60400,2.30950,0.75280,0.03390,6,0,0,1581,4,0,593,543,0,1530,0
506,3.44920,0.34110,2.31810,0.76450,0.02490,0,0,0,1581,4,0,593,543,0,1534,0
507,3.49920,0.33150,2.34170,0.79780,0.02740,0,0,0,1581,4,0,595,548,0,1554,0
508,3.72590,0.55460,2.33010,0.81500,0.02540,6,0,0,1582,4,0,599,554,0,1567,0
509,3.39410,0.30420,2.31180,0.75490,0.02200,0,0,0,1582,4,0,603,555,0,1554,0
510,3.88700,0.29110,2.77920,0.79290,0.02270,0,0,0,1582,4,0,604,560,0,1557,0
511,5.67710,2.02250,2.89400,0.73970,0.01980,0,0,0,1582,4,0,607,565,0,1564,0
512,4.19070,0.32770,3.05050,0.79230,0.01940,0,0,0,1582,4,0,612,569,0,1563,0
513,4.54000,0.33010,3.44030,0.74640,0.02240,0,0,0,1582,4,0,615,570,0,1573,0
514,3.99470,0.35190,2.78380,0.83220,0.02590,0,0,0,1582,4,0,616,575,0,1558,0
515,3.75110,0.32960,2.64540,0.75640,0.01910,0,0,0,1582,4,0,621,577,0,1560,0
516,3.89780,0.35340,2.68590,0.83730,0.02050,0,0,0,1582,4,0,623,578,0,1549,0
517,3.84200,0.38280,2.70950,0.73010,0.01890,0,0,0,1582,4,0,628,588,0,1538,0
518,3.76890,0.31860,2.65380,0.77670,0.01920,0,0,0,1582,4,0,631,587,0,1528,0
519,5.25310,0.33310,4.17130,0.71990,0.02790,0,0,0,1582,4,0,633,591,0,1535,0
520,4.34400,0.90210,2.65030,0.76730,0.02350,14,0,0,1584,4,0,635,595,0,1548,0
521,3.71410,0.33060,2.55330,0.80440,0.02510,0,0,0,1584,4,0,637,597,0,1552,0
522,3.77620,0.33310,2.55720,0.84590,0.03920,0,0,0,1584,4,0,643,600,0,1553,0
523,3.72870,0.34290,2.55140,0.80650,0.02720,0,0,0,1584,4,0,646,605,0,1543,0
524,3.71990,0.32290,2.54450,0.82550,0.02630,0,0,0,1584,4,0,648,604,0,1550,0
525,5.39280,0.53910,4.02840,0.80000,0.02450,3,0,0,1585,4,0,650,606,0,1555,0
526,5.52080,1.99430,2.66740,0.82990,0.02840,0,0,0,1585,4,0,654,612,0,1569,0
527,5.32020,0.29230,4.10640,0.89140,0.02930,0,0,0,1585,4,0,657,615,0,1580,0
528,3.78860,0.30500,2.61380,0.84250,0.02650,0,0,0,1585,4,0,662,617,0,1570,0
529,3.74350,0.31800,2.58960,0.80930,0.02570,0,0,0,1585,4,0,665,619,0,1552,0
530,3.82800,0.31890,2.62070,0.85990,0.02780,0,0,0,1585,4,0,668,624,0,1570,0
531,3.93520,0.37360,2.64550,0.88640,0.02890,0,0,0,1585,4,0,671,626,0,1568,0
532,3.81820,0.32970,2.63190,0.82950,0.02650,0,0,0,1585,4,0,676,630,0,1573,0
533,3.90460,0.33900,2.68500,0.85160,0.02820,0,0,0,1585,4,0,681,631,0,1571,0
534,3.76480,0.33500,2.61780,0.78090,0.03030,0,0,0,1585,4,0,684,637,0,1574,0
535,4.34960,0.82690,2.69700,0.80040,0.02430,14,0,0,1587,4,0,686,642,0,1581,0
536,3.78160,0.32950,2.59050,0.80940,0.05150,0,0,0,1587,4,0,688,642,0,1588,0
537,3.73060,0.33590,2.57960,0.78520,0.02910,0,0,0,1587,4,0,691,645,0,1596,0
538,3.83820,0.38680,2.59030,0.82940,0.03070,0,0,0,1587,4,0,694,646,0,1599,0
539,4.00440,0.32260,2.75340,0.89710,0.03050,0,0,0,1587,4,0,700,656,0,1602,0
540,4.17180,0.48690,2.83180,0.82680,0.02520,3,0,0,1588,4,0,704,662,0,1585,0
541,5.52130,2.02080,2.61810,0.84830,0.03240,0,0,0,1588,4,0,707,662,0,1594,0
542,3.72800,0.32790,2.56270,0.81120,0.02570,0,0,0,1588,4,0,715,673,0,1604,0
543,3.49650,0.29870,2.42380,0.75160,0.02160,0,0,0,1588,4,0,720,674,0,1602,0
544,3.54090,0.26480,2.46270,0.78900,0.02370,0,0,0,1588,4,0,724,680,0,1605,0
545,3.55680,0.29280,2.45310,0.78570,0.02430,0,0,0,1588,4,0,731,691,0,1598,0
546,3.64950,0.29800,2.45950,0.86080,0.03030,0,0,0,1588,4,0,735,696,0,1601,0
547,3.61640,0.32100,2.47440,0.79600,0.02420,0,0,0,1588,4,0,735,696,0,1602,0
548,3.55600,0.31270,2.45060,0.74890,0.04300,0,0,0,1588,4,0,735,698,0,1604,0
549,3.44080,0.28250,2.38360,0.75120,0.02280,0,0,0,1588,4,0,738,701,0,1596,0
550,3.76750,0.52760,2.47080,0.74360,0.02470,6,0,0,1589,4,0,741,700,0,1587,0
551,3.64690,0.29690,2.41570,0.90640,0.02720,0,0,0,1589,4,0,743,706,0,1594,0
552,3.46500,0.28350,2.40390,0.75090,0.02600,0,0,0,1589,4,0,748,713,0,1594,0
553,3.58570,0.29430,2.36430,0.89610,0.03040,0,0,0,1589,4,0,749,717,0,1595,0
554,3.48860,0.30270,2.42530,0.73460,0.02550,0,0,0,1589,4,0,751,720,0,1599,0
555,3.63820,0.50630,2.35000,0.75780,0.02330,1,0,0,1590,4,0,753,719,0,1597,0
556,5.19890,1.96040,2.47560,0.73820,0.02400,0,0,0,1590,4,0,759,727,0,1598,0
557,3.37400,0.25940,2.33790,0.75140,0.02450,0,0,0,1590,4,0,761,729,0,1581,0
558,3.47200,0.30780,2.39440,0.74420,0.02480,0,0,0,1590,4,0,763,728,0,1580,0
559,3.58850,0.28690,2.38450,0.88440,0.03190,0,0,0,1590,4,0,764,733,0,1585,0
560,3.67290,0.28520,2.47700,0.88110,0.02880,0,0,0,1590,4,0,768,738,0,1584,0
561,3.51750,0.26300,2.42190,0.80430,0.02750,0,0,0,1590,4,0,769,735,0,1576,0
562,3.52810,0.29530,2.46600,0.74050,0.02580,0,0,0,1590,4,0,771,737,0,1569,0
563,3.52900,0.29740,2.39620,0.81090,0.02370,0,0,0,1590,4,0,774,742,0,1575,0
564,3.47900,0.30790,2.39050,0.74920,0.03090,0,0,0,1590,4,0,779,747,0,1551,0
565,3.73870,0.51440,2.37210,0.82930,0.02220,6,0,0,1591,4,0,784,750,0,1548,0
566,3.42710,0.30200,2.34950,0.75000,0.02500,0,0,0,1591,4,0,786,752,0,1541,0
567,3.61830,0.28780,2.44480,0.86030,0.02470,0,0,0,1591,4,0,787,752,0,1549,0
568,3.39800,0.28910,2.32210,0.75690,0.02930,0,0,0,1591,4,0,789,754,0,1548,0
569,3.46230,0.28160,2.36690,0.78990,0.02310,0,0,0,1591,4,0,791,761,0,1564,0
570,3.69050,0.55150,2.36340,0.75340,0.02120,4,0,0,1591,5,0,794,763,0,1554,0
571,8.34870,2.18470,5.31280,0.83150,0.01860,0,0,0,1591,5,0,799,770,0,1551,0
572,6.29310,0.28030,4.97080,0.97220,0.06890,0,0,0,1591,5,0,801,769,0,1554,0
573,4.75010,0.46000,3.49800,0.77020,0.02120,0,0,0,1591,5,0,804,773,0,1557,0
574,4.06470,0.28230,2.97460,0.79130,0.01580,0,0,0,1591,5,0,808,779,0,1554,0
575,4.31590,0.28440,3.25610,0.75810,0.01650,0,0,0,1591,5,0,810,779,0,1555,0
576,4.46470,0.28440,3.39220,0.76970,0.01760,0,0,0,1591,5,0,812,777,0,1561,0
577,4.12190,0.25200,3.06530,0.78730,0.01660,0,0,0,1591,5,0,813,779,0,1558,0
578,4.63290,0.27470,3.27020,1.06340,0.02350,0,0,0,1591,5,0,818,785,0,1568,0
579,4.12540,0.27650,3.01130,0.76690,0.06980,0,0,0,1591,5,0,822,791,0,1570,0
580,4.30750,0.62740,2.81170,0.84330,0.02410,6,0,0,1592,5,0,827,797,0,1571,0
581,3.93050,0.27850,2.85380,0.77950,0.01800,0,0,0,1592,5,0,829,798,0,1571,0
582,4.30700,0.25640,3.14650,0.87820,0.02500,0,0,0,1592,5,0,831,800,0,1565,0
583,4.13040,0.26490,3.01510,0.82550,0.02440,0,0,0,1592,5,0,834,803,0,1566,0
584,3.80480,0.26830,2.76560,0.75030,0.01970,0,0,0,1592,5,0,836,810,0,1562,0
585,4.52800,0.57110,3.15970,0.77800,0.01840,6,0,0,1593,5,0,840,813,0,1568,0
586,5.45830,1.89350,2.75000,0.79860,0.01530,0,0,0,1593,5,0,841,813,0,1567,0
587,3.72070,0.27500,2.63960,0.78940,0.01620,0,0,0,1593,5,0,842,816,0,1563,0
588,3.74770,0.26620,2.71800,0.74520,0.01790,0,0,0,1593,5,0,844,815,0,1572,0
589,3.68130,0.26510,2.68230,0.71420,0.01900,0,0,0,1593,5,0,846,819,0,1564,0
590,3.68160,0.25900,2.67790,0.72180,0.02180,0,0,0,1593,5,0,849,822,0,1551,0
591,3.55200,0.26940,2.55050,0.71220,0.01900,0,0,0,1593,5,0,852,825,0,1549,0
592,3.78770,0.29090,2.71550,0.76090,0.01960,0,0,0,1593,5,0,855,829,0,1556,0
593,3.53680,0.26920,2.50550,0.74060,0.02060,0,0,0,1593,5,0,855,830,0,1563,0
594,4.00300,0.27570,2.83900,0.86560,0.02190,0,0,0,1593,5,0,857,832,0,1562,0
595,3.83360,0.51140,2.57440,0.72780,0.01930,6,0,0,1594,5,0,858,832,0,1557,0
596,3.95900,0.26310,2.78930,0.88130,0.02450,0,0,0,1594,5,0,859,830,0,1557,0
597,3.55620,0.28830,2.45680,0.78960,0.02070,0,0,0,1594,5,0,863,837,0,1548,0
598,3.50620,0.27850,2.44570,0.75770,0.02360,0,0,0,1594,5,0,866,841,0,1548,0
599,3.53520,0.27260,2.40620,0.82890,0.02670,0,0,0,1594,5,0,867,839,0,1548,0
600,3.68930,0.23990,2.60120,0.82230,0.02510,0,0,0,1594,5,0,870,844,0,1552,0
601,6.91900,2.13420,3.87380,0.86870,0.04100,0,0,0,1594,5,0,870,845,0,1550,0
602,5.28150,0.25480,4.19530,0.81190,0.01850,0,0,0,1594,5,0,875,849,0,1552,0
603,5.38110,0.35100,4.14690,0.86170,0.02080,0,0,0,1594,5,0,878,853,0,1557,0
604,5.02890,0.24810,3.98540,0.77890,0.01570,0,0,0,1594,5,0,879,854,0,1553,0
605,4.78500,0.36940,3.49920,0.85940,0.05600,0,0,0,1594,5,0,880,856,0,1557,0
606,4.70620,0.29120,3.63120,0.76260,0.02060,0,0,0,1594,5,0,880,859,0,1552,0
607,4.69940,0.25390,3.51300,0.90640,0.02530,0,0,0,1594,5,0,880,855,0,1557,0
608,4.50090,0.26460,3.39360,0.82030,0.02200,0,0,0,1594,5,0,883,861,0,1560,0
609,4.08580,0.26440,3.03860,0.76320,0.01860,0,0,0,1594,5,0,886,864,0,1559,0
610,4.75500,0.47480,3.42010,0.84090,0.01830,5,0,0,1595,5,0,889,866,0,1564,0
611,4.54590,0.22460,3.39080,0.90840,0.02120,0,0,0,1595,5,0,890,868,0,1561,0
612,4.53190,0.25480,3.41550,0.84250,0.01860,0,0,0,1595,5,0,891,873,0,1568,0
613,4.57070,0.23970,3.49290,0.81690,0.02040,0,0,0,1595,5,0,893,875,0,1567,0
614,4.25930,0.26720,3.20510,0.76990,0.01650,0,0,0,1595,5,0,897,877,0,1564,0
615,3.99890,0.24590,2.98740,0.74970,0.01530,0,0,0,1595,5,0,898,874,0,1559,0
616,5.71080,1.86630,3.09360,0.73360,0.01680,0,0,0,1595,5,0,899,878,0,1564,0
617,4.30780,0.47900,3.06700,0.74520,0.01590,3,0,0,1596,5,0,899,875,0,1571,0
618,4.45450,0.23830,3.41930,0.77830,0.01810,0,0,0,1596,5,0,901,878,0,1573,0
619,4.14060,0.26730,3.02060,0.83050,0.02140,0,0,0,1596,5,0,901,880,0,1575,0
620,4.08920,0.28750,3.00340,0.78170,0.01580,0,0,0,1596,5,0,901,877,0,1573,0
621,4.62990,0.23550,3.58950,0.78090,0.02330,0,0,0,1596,5,0,902,881,0,1579,0
622,3.92740,0.28820,2.85100,0.77040,0.01710,0,0,0,1596,5,0,906,883,0,1574,0
623,4.04180,0.25340,2.98290,0.78960,0.01530,0,0,0,1596,5,0,906,885,0,1579,0
624,3.85200,0.21340,2.87060,0.74950,0.01800,0,0,0,1596,5,0,909,891,0,1582,0
625,3.97390,0.25210,2.93590,0.76830,0.01710,0,0,0,1596,5,0,911,893,0,1593,0
626,4.59900,0.22910,3.58660,0.76540,0.01750,0,0,0,1596,5,0,912,894,0,1589,0
627,3.61910,0.26050,2.60930,0.72630,0.02240,0,0,0,1596,5,0,913,892,0,1589,0
628,3.89050,0.22990,2.88060,0.76040,0.01890,0,0,0,1596,5,0,916,895,0,1592,0
629,4.56830,0.24360,3.54420,0.76050,0.01920,0,0,0,1596,5,0,916,898,0,1591,0
630,3.89360,0.24730,2.86920,0.75620,0.02030,0,0,0,1596,5,0,917,899,0,1596,0
631,5.63600,2.01320,2.81640,0.75640,0.04880,0,0,0,1596,5,0,919,901,0,1591,0
632,3.78410,0.24980,2.61020,0.89950,0.02380,0,0,0,1596,5,0,922,907,0,1589,0
633,3.63890,0.25310,2.60490,0.76240,0.01770,0,0,0,1596,5,0,922,906,0,1590,0
634,3.56720,0.28840,2.54880,0.70950,0.01980,0,0,0,1596,5,0,923,904,0,1589,0
635,3.54680,0.25500,2.58810,0.68580,0.01730,0,0,0,1596,5,0,927,908,0,1596,0
636,3.62460,0.27100,2.61140,0.72340,0.01830,0,0,0,1596,5,0,929,909,0,1596,0
637,3.66130,0.23840,2.63920,0.73160,0.05130,0,0,0,1596,5,0,929,912,0,1603,0
638,3.66940,0.27720,2.67220,0.69270,0.02240,0,0,0,1596,5,0,931,914,0,1602,0
639,3.65710,0.26550,2.60830,0.76510,0.01770,0,0,0,1596,5,0,932,916,0,1605,0
640,3.62170,0.25810,2.57600,0.76450,0.02250,0,0,0,1596,5,0,934,917,0,1608,0
641,3.57680,0.28240,2.49770,0.75790,0.03790,0,0,0,1596,5,0,936,918,0,1612,0
642,3.44230,0.24080,2.45990,0.71950,0.02130,0,0,0,1596,5,0,937,920,0,1609,0
643,5.14530,0.27320,4.03780,0.81280,0.02080,0,0,0,1596,5,0,938,921,0,1608,0
644,3.42030,0.26680,2.42760,0.70720,0.01810,0,0,0,1596,5,0,940,923,0,1607,0
645,3.57440,0.20590,2.61180,0.72470,0.03110,0,0,0,1596,5,0,940,924,0,1599,0
646,5.48360,2.18310,2.49180,0.77580,0.03170,0,0,0,1596,5,0,942,927,0,1589,0
647,3.33140,0.25530,2.31190,0.73610,0.02730,0,0,0,1596,5,0,943,928,0,1594,0
648,3.42300,0.25400,2.43270,0.71380,0.02210,0,0,0,1596,5,0,944,928,0,1593,0
649,3.35850,0.23710,2.35640,0.73980,0.02430,0,0,0,1596,5,0,944,929,0,1602,0
650,3.27570,0.23360,2.32840,0.68900,0.02410,0,0,0,1596,5,0,945,930,0,1599,0
651,3.30630,0.25380,2.30460,0.72020,0.02660,0,0,0,1596,5,0,946,931,0,1596,0
652,3.28740,0.24700,2.28760,0.72750,0.02420,0,0,0,1596,5,0,946,930,0,1601,0
653,3.46350,0.26180,2.36420,0.81340,0.02320,0,0,0,1596,5,0,948,932,0,1602,0
654,3.26840,0.24950,2.24900,0.74630,0.02290,0,0,0,1596,5,0,949,934,0,1605,0
655,3.26020,0.27720,2.24000,0.71780,0.02460,0,0,0,1596,5,0,950,936,0,1606,0
656,3.36420,0.20600,2.38060,0.75200,0.02490,0,0,0,1596,5,0,953,939,0,1601,0
657,3.31030,0.24120,2.29890,0.74860,0.02100,0,0,0,1596,5,0,953,938,0,1601,0
658,3.37340,0.26800,2.30300,0.77800,0.02360,0,0,0,1596,5,0,954,939,0,1597,0
659,3.32010,0.24240,2.30060,0.74710,0.02930,0,0,0,1596,5,0,956,942,0,1593,0
660,3.27860,0.20620,2.28990,0.75730,0.02420,0,0,0,1596,5,0,957,945,0,1596,0
661,7.63590,1.97230,4.85260,0.78380,0.02480,0,0,0,1596,5,0,957,944,0,1598,0
662,6.87420,0.22930,5.81980,0.79980,0.02440,0,0,0,1596,5,0,957,943,0,1599,0
663,3.63750,0.27090,2.60920,0.73570,0.02100,0,0,0,1596,5,0,958,942,0,1600,0
664,4.52530,0.25250,3.46680,0.78580,0.01950,0,0,0,1596,5,0,960,948,0,1598,0
665,4.05500,0.19900,3.07470,0.76140,0.01930,0,0,0,1596,5,0,961,946,0,1595,0
666,4.22440,0.21780,3.24610,0.74300,0.01680,0,0,0,1596,5,0,964,946,0,1586,0
667,4.42600,0.22760,3.39190,0.77880,0.02740,0,0,0,1596,5,0,964,950,0,1584,0
668,3.81210,0.20330,2.84950,0.73130,0.02740,0,0,0,1596,5,0,964,948,0,1582,0
669,3.62930,0.21410,2.62490,0.76740,0.02220,0,0,0,1596,5,0,965,947,0,1586,0
670,4.78040,0.21830,3.78110,0.75570,0.02460,0,0,0,1596,5,0,966,947,0,1586,0
671,3.46950,0.21620,2.54540,0.68960,0.01770,0,0,0,1596,5,0,967,947,0,1591,0
672,3.75570,0.21250,2.79980,0.71980,0.02280,0,0,0,1596,5,0,968,952,0,1590,0
673,3.53290,0.24020,2.57270,0.70060,0.01890,0,0,0,1596,5,0,968,953,0,1589,0
674,3.80640,0.20700,2.70710,0.80790,0.08360,0,0,0,1596,5,0,969,955,0,1591,0
675,3.79120,0.34640,2.62730,0.79570,0.02100,0,0,0,1596,5,0,970,955,0,1591,0
676,6.55700,1.82900,3.96110,0.74680,0.01940,0,0,0,1596,5,0,971,956,0,1586,0
677,5.08950,0.19780,4.05210,0.81520,0.02370,0,0,0,1596,5,0,973,959,0,1586,0
678,3.43030,0.20900,2.49020,0.69810,0.03230,0,0,0,1596,5,0,973,960,0,1583,0
679,3.54900,0.19050,2.58870,0.74960,0.01960,0,0,0,1596,5,0,973,960,0,1584,0
680,3.48840,0.21120,2.49760,0.75290,0.02600,0,0,0,1596,5,0,974,960,0,1590,0
681,3.68740,0.25380,2.54650,0.83330,0.05310,0,0,0,1596,5,0,975,965,0,1590,0
682,3.90360,0.48200,2.61290,0.77370,0.03440,11,0,0,1597,5,0,976,966,0,1589,0
683,5.07150,0.22890,3.99160,0.82940,0.02100,0,0,0,1597,5,0,976,965,0,1589,0
684,4.99330,0.23450,3.98320,0.75390,0.02100,0,0,0,1597,5,0,976,966,0,1588,0
685,3.50960,0.23580,2.55050,0.70290,0.01990,0,0,0,1597,5,0,976,965,0,1588,0
686,3.88630,0.24270,2.79190,0.83010,0.02080,0,0,0,1597,5,0,977,967,0,1587,0
687,3.51000,0.25060,2.47560,0.76420,0.01890,0,0,0,1597,5,0,977,967,0,1590,0
688,3.42290,0.22260,2.43190,0.74150,0.02630,0,0,0,1597,5,0,979,968,0,1593,0
689,3.47570,0.23780,2.47510,0.74090,0.02130,0,0,0,1597,5,0,980,969,0,1594,0
690,5.03080,0.24260,3.95800,0.80950,0.02000,0,0,0,1597,5,0,980,970,0,1594,0
691,8.31600,2.16230,5.35080,0.77680,0.02490,0,0,0,1597,5,0,980,969,0,1594,0
692,5.20390,0.19570,4.12650,0.85110,0.02990,0,0,0,1597,5,0,980,971,0,1596,0
693,5.28330,0.18260,4.21390,0.86610,0.02000,0,0,0,1597,5,0,982,974,0,1597,0
694,5.11970,0.20240,4.13760,0.75640,0.02240,0,0,0,1597,5,0,982,974,0,1598,0
695,4.28580,0.20890,3.29890,0.75300,0.02390,0,0,0,1597,5,0,982,973,0,1596,0
696,4.54020,0.23010,3.44500,0.82000,0.04420,0,0,0,1597,5,0,982,972,0,1597,0
697,4.25010,0.52500,2.94990,0.75450,0.01870,11,0,0,1598,5,0,982,972,0,1598,0
698,3.97740,0.22450,2.98100,0.75190,0.01940,0,0,0,1598,5,0,982,972,0,1593,0
699,4.06950,0.22630,3.08420,0.74040,0.01780,0,0,0,1598,5,0,984,975,0,1583,0
700,5.35250,0.21800,4.37650,0.73850,0.01860,0,0,0,1598,5,0,986,978,0,1582,0
701,3.48760,0.25280,2.49870,0.71620,0.01930,0,0,0,1598,5,0,987,980,0,1585,0
702,3.56640,0.19110,2.61330,0.73760,0.02350,0,0,0,1598,5,0,989,981,0,1587,0
703,3.47830,0.24260,2.49060,0.72630,0.01810,0,0,0,1598,5,0,989,982,0,1585,0
704,3.56620,0.26740,2.55760,0.72000,0.02050,0,0,0,1598,5,0,990,983,0,1583,0
705,3.56230,0.20480,2.58550,0.75070,0.02050,0,0,0,1598,5,0,990,984,0,1581,0
706,5.25550,1.80070,2.67730,0.75200,0.02480,0,0,0,1598,5,0,991,985,0,1577,0
707,3.38590,0.23140,2.39330,0.73740,0.02320,0,0,0,1598,5,0,991,984,0,1579,0
708,3.37650,0.22800,2.40290,0.72100,0.02390,0,0,0,1598,5,0,991,985,0,1581,0
709,3.43410,0.25080,2.41410,0.74630,0.02210,0,0,0,1598,5,0,991,985,0,1578,0
710,3.41750,0.24480,2.37810,0.77320,0.02090,0,0,0,1598,5,0,991,984,0,1582,0
711,3.47530,0.19770,2.41690,0.79820,0.06180,0,0,0,1598,5,0,991,984,0,1581,0
712,3.62840,0.48690,2.36980,0.74700,0.02410,11,0,0,1599,5,0,992,987,0,1581,0
713,3.43430,0.22330,2.39010,0.78570,0.03430,0,0,0,1599,5,0,992,986,0,1584,0
714,3.52380,0.23470,2.47470,0.79070,0.02290,0,0,0,1599,5,0,994,989,0,1584,0
715,3.43500,0.23480,2.37300,0.80190,0.02460,0,0,0,1599,5,0,994,988,0,1585,0
716,3.43470,0.26030,2.41160,0.73930,0.02260,0,0,0,1599,5,0,997,992,0,1583,0
717,3.35680,0.22920,2.35760,0.74600,0.02340,0,0,0,1599,5,0,997,993,0,1585,0
718,3.39240,0.25550,2.37780,0.73410,0.02440,0,0,0,1599,5,0,997,994,0,1584,0
719,3.33950,0.25420,2.31420,0.74930,0.02120,0,0,0,1599,5,0,997,993,0,1584,0
720,3.35050,0.26590,2.29700,0.75770,0.02930,0,0,0,1599,5,0,998,993,0,1586,0
721,5.07320,1.85680,2.44290,0.74580,0.02630,0,0,0,1599,5,0,998,994,0,1586,0
722,3.55010,0.24090,2.40820,0.86830,0.03200,0,0,0,1599,5,0,999,993,0,1586,0
723,3.15210,0.21910,2.21460,0.69220,0.02560,0,0,0,1599,5,0,1000,996,0,1586,0
724,3.53250,0.21250,2.38670,0.89760,0.03470,0,0,0,1599,5,0,1000,995,0,1587,0
725,3.42170,0.20760,2.32240,0.85460,0.03630,0,0,0,1599,5,0,1001,996,0,1583,0
726,3.37890,0.22060,2.41020,0.72100,0.02660,0,0,0,1599,5,0,1001,996,0,1582,0
727,3.36000,0.22120,2.33520,0.76960,0.03320,0,0,0,1599,5,0,1001,998,0,1582,0
728,3.43230,0.20620,2.33410,0.85760,0.03370,0,0,0,1599,5,0,1001,997,0,1581,0
729,3.29780,0.21490,2.32020,0.73400,0.02800,0,0,0,1599,5,0,1001,998,0,1582,0
730,3.17030,0.21200,2.23620,0.69450,0.02690,0,0,0,1599,5,0,1001,996,0,1582,0
731,3.27980,0.22310,2.32050,0.71040,0.02510,0,0,0,1599,5,0,1001,996,0,1581,0
732,3.26700,0.22880,2.30000,0.71110,0.02640,0,0,0,1599,5,0,1001,996,0,1582,0
733,3.24310,0.23020,2.27860,0.70480,0.02900,0,0,0,1599,5,0,1001,999,0,1581,0
734,3.42310,0.24230,2.35210,0.80300,0.02490,0,0,0,1599,5,0,1001,997,0,1582,0
735,3.20360,0.23240,2.24510,0.69990,0.02570,0,0,0,1599,5,0,1002,998,0,1582,0
736,5.22050,1.94200,2.44660,0.80520,0.02630,0,0,0,1599,5,0,1002,997,0,1585,0
737,3.31380,0.22680,2.31110,0.74740,0.02800,0,0,0,1599,5,0,1002,998,0,1581,0
738,3.32360,0.21390,2.32360,0.75220,0.03330,0,0,0,1599,5,0,1003,999,0,1581,0
739,3.31420,0.22790,2.29920,0.76160,0.02470,0,0,0,1599,5,0,1003,999,0,1580,0
740,3.31840,0.22630,2.33810,0.72870,0.02470,0,0,0,1599,5,0,1004,999,0,1580,0
741,3.30110,0.23360,2.26230,0.77850,0.02620,0,0,0,1599,5,0,1005,1001,0,1578,0
742,3.25170,0.21660,2.29960,0.71030,0.02460,0,0,0,1599,5,0,1005,1001,0,1578,0
743,3.25750,0.21490,2.23520,0.77950,0.02750,0,0,0,1599,5,0,1006,1002,0,1574,0
744,3.16570,0.22260,2.19360,0.71300,0.03580,0,0,0,1599,5,0,1006,1002,0,1573,0
745,3.23540,0.26550,2.24350,0.70190,0.02410,0,0,0,1599,5,0,1006,1002,0,1572,0
746,3.29120,0.20880,2.29350,0.76290,0.02530,0,0,0,1599,5,0,1006,1002,0,1574,0
747,3.24780,0.22300,2.28830,0.71010,0.02590,0,0,0,1599,5,0,1006,1003,0,1575,0
748,3.33190,0.21790,2.30540,0.76500,0.04280,0,0,0,1599,5,0,1006,1003,0,1575,0
749,3.18130,0.21350,2.21160,0.73030,0.02540,0,0,0,1599,5,0,1007,1005,0,1574,0
750,3.20480,0.20560,2.20850,0.76330,0.02660,0,0,0,1599,5,0,1007,1005,0,1574,0
751,6.96570,2.09580,3.94160,0.80550,0.12160,0,0,0,1599,5,0,1007,1005,0,1575,0
752,6.34850,0.43150,5.08340,0.80540,0.02740,0,0,0,1599,5,0,1007,1004,0,1575,0
753,6.63650,0.18030,5.62960,0.79690,0.02880,0,0,0,1599,5,0,1007,1003,0,1578,0
754,5.67100,0.18590,4.70030,0.75620,0.02790,0,0,0,1599,5,0,1007,1003,0,1579,0
755,4.12150,0.18780,3.13740,0.77790,0.01750,0,0,0,1599,5,0,1007,1003,0,1584,0
756,4.43980,0.19840,3.47160,0.75190,0.01730,0,0,0,1599,5,0,1007,1004,0,1583,0
757,4.03990,0.18600,2.96100,0.78910,0.10310,0,0,0,1599,5,0,1007,1004,0,1581,0
758,4.04310,0.25650,3.00770,0.76200,0.01620,0,0,0,1599,5,0,1008,1005,0,1581,0
759,4.52210,0.18130,3.53420,0.78560,0.02020,0,0,0,1599,5,0,1008,1004,0,1581,0
760,4.40280,0.19220,3.44580,0.74350,0.02060,0,0,0,1599,5,0,1008,1004,0,1581,0
761,3.92350,0.18460,2.93190,0.78930,0.01690,0,0,0,1599,5,0,1009,1005,0,1581,0
762,3.92190,0.16840,3.01190,0.71790,0.02290,0,0,0,1599,5,0,1009,1005,0,1580,0
763,3.94510,0.18060,2.97770,0.76560,0.02060,0,0,0,1599,5,0,1009,1005,0,1579,0
764,3.89190,0.20150,2.93600,0.73510,0.01880,0,0,0,1599,5,0,1009,1006,0,1579,0
765,4.04000,0.22040,3.03400,0.76810,0.01690,0,0,0,1599,5,0,1009,1006,0,1580,0
766,5.68170,1.83070,3.05400,0.75360,0.04280,0,0,0,1599,5,0,1010,1007,0,1580,0
767,3.68900,0.18590,2.73900,0.71690,0.04650,0,0,0,1599,5,0,1010,1007,0,1581,0
768,3.79470,0.16890,2.84440,0.76050,0.02010,0,0,0,1599,5,0,1010,1007,0,1581,0
769,3.78510,0.17790,2.88200,0.70700,0.01740,0,0,0,1599,5,0,1010,1007,0,1582,0
770,3.63930,0.19890,2.71640,0.70510,0.01820,0,0,0,1599,5,0,1010,1007,0,1582,0
771,3.79580,0.22200,2.78920,0.75890,0.02500,0,0,0,1599,5,0,1010,1007,0,1585,0
772,3.69870,0.17440,2.75950,0.74520,0.01900,0,0,0,1599,5,0,1010,1007,0,1585,0
773,3.68310,0.21600,2.64900,0.79270,0.02460,0,0,0,1599,5,0,1010,1007,0,1584,0
774,3.53920,0.21470,2.60220,0.70110,0.02050,0,0,0,1599,5,0,1010,1007,0,1584,0
775,3.55040,0.19680,2.61480,0.71500,0.02310,0,0,0,1599,5,0,1010,1007,0,1585,0
776,3.70600,0.18420,2.76010,0.73910,0.02190,0,0,0,1599,5,0,1010,1007,0,1585,0
777,3.61750,0.23700,2.63200,0.72540,0.02260,0,0,0,1599,5,0,1010,1007,0,1586,0
778,3.71930,0.23480,2.72450,0.73740,0.02210,0,0,0,1599,5,0,1010,1008,0,1586,0
779,4.68380,0.21810,3.58410,0.77990,0.10100,0,0,0,1599,5,0,1010,1008,0,1588,0
780,3.59420,0.20440,2.63730,0.71600,0.03590,0,0,0,1599,5,0,1010,1008,0,1590,0
781,6.13450,1.91370,3.46420,0.72220,0.03240,0,0,0,1599,5,0,1010,1008,0,1588,0
782,4.12960,0.21330,3.12660,0.76740,0.02150,0,0,0,1599,5,0,1010,1008,0,1584,0
783,3.62970,0.23610,2.59930,0.76730,0.02580,0,0,0,1599,5,0,1010,1009,0,1581,0
784,3.42430,0.21370,2.47380,0.70760,0.02820,0,0,0,1599,5,0,1010,1009,0,1581,0
785,3.42230,0.21450,2.43090,0.74420,0.03170,0,0,0,1599,5,0,1010,1009,0,1581,0
786,3.62010,0.20150,2.66250,0.73000,0.02540,0,0,0,1599,5,0,1010,1009,0,1581,0
787,3.94580,0.24870,2.88090,0.78930,0.02570,0,0,0,1599,5,0,1010,1009,0,1581,0
788,3.67600,0.20190,2.59230,0.85050,0.03040,0,0,0,1599,5,0,1011,1010,0,1582,0
789,4.63410,0.22040,3.46460,0.90720,0.04080,0,0,0,1599,5,0,1011,1010,0,1581,0
790,3.32040,0.21620,2.37350,0.70220,0.02760,0,0,0,1599,5,0,1011,1010,0,1583,0
791,3.34880,0.20450,2.32600,0.79090,0.02640,0,0,0,1599,5,0,1011,1010,0,1580,0
792,3.33210,0.20440,2.39420,0.70400,0.02890,0,0,0,1599,5,0,1011,1011,0,1583,0
793,3.21910,0.19920,2.28900,0.70470,0.02540,0,0,0,1599,5,0,1011,1011,0,1583,0
794,3.34880,0.22000,2.33440,0.76490,0.02890,0,0,0,1599,5,0,1012,1012,0,1582,0
795,3.38060,0.20830,2.36140,0.78000,0.03010,0,0,0,1599,5,0,1012,1012,0,1582,0
796,5.19310,1.97750,2.42420,0.76250,0.02830,0,0,0,1599,5,0,1012,1012,0,1582,0
797,3.22540,0.20990,2.25110,0.73290,0.03080,0,0,0,1599,5,0,1012,1012,0,1582,0
798,3.31980,0.24090,2.33410,0.71650,0.02740,0,0,0,1599,5,0,1012,1012,0,1583,0
799,3.26640,0.20560,2.29490,0.73460,0.03060,0,0,0,1599,5,0,1012,1012,0,1581,0
800,3.41330,0.20050,2.37020,0.81730,0.02430,0,0,0,1599,5,0,1012,1012,0,1581,0
801,3.52540,0.22430,2.45220,0.81750,0.03050,0,0,0,1599,5,0,1012,1012,0,1581,0
802,3.20830,0.23040,2.23280,0.72070,0.02370,0,0,0,1599,5,0,1012,1012,0,1581,0
803,3.26410,0.20720,2.31500,0.71840,0.02280,0,0,0,1599,5,0,1012,1012,0,1581,0
804,3.34420,0.23150,2.37300,0.70340,0.03560,0,0,0,1599,5,0,1012,1012,0,1581,0
805,3.33490,0.19360,2.36020,0.75500,0.02530,0,0,0,1599,5,0,1012,1012,0,1581,0
806,3.27660,0.21850,2.26700,0.76550,0.02490,0,0,0,1599,5,0,1012,1012,0,1580,0
807,3.18520,0.21780,2.25150,0.68350,0.03170,0,0,0,1599,5,0,1012,1012,0,1580,0
808,3.17870,0.20690,2.23120,0.71730,0.02260,0,0,0,1599,5,0,1012,1012,0,1580,0
809,3.25470,0.21630,2.32940,0.68520,0.02290,0,0,0,1599,5,0,1012,1012,0,1579,0
810,3.15020,0.20250,2.24480,0.67880,0.02340,0,0,0,1599,5,0,1012,1012,0,1582,0
811,5.16520,1.91030,2.48700,0.73360,0.03230,0,0,0,1599,5,0,1013,1013,0,1579,0
812,3.27190,0.21140,2.28100,0.75160,0.02720,0,0,0,1599,5,0,1013,1013,0,1579,0
813,3.18850,0.22320,2.17750,0.76210,0.02520,0,0,0,1599,5,0,1013,1013,0,1579,0
814,3.12560,0.19850,2.17430,0.72660,0.02560,0,0,0,1599,5,0,1013,1013,0,1580,0
815,3.19770,0.20300,2.20140,0.76660,0.02580,0,0,0,1599,5,0,1013,1013,0,1580,0
816,3.12470,0.20230,2.20800,0.68790,0.02540,0,0,0,1599,5,0,1013,1013,0,1577,0
817,3.09760,0.20380,2.19220,0.67570,0.02530,0,0,0,1599,5,0,1013,1013,0,1577,0
818,3.08210,0.19160,2.17410,0.69210,0.02370,0,0,0,1599,5,0,1013,1013,0,1577,0
819,3.07740,0.19350,2.15140,0.70550,0.02630,0,0,0,1599,5,0,1013,1013,0,1578,0
820,3.03680,0.18120,2.16450,0.66430,0.02630,0,0,0,1599,5,0,1013,1013,0,1579,0
821,3.17100,0.20870,2.20190,0.73280,0.02690,0,0,0,1599,5,0,1013,1013,0,1580,0
822,3.07800,0.21160,2.14370,0.69460,0.02760,0,0,0,1599,5,0,1013,1013,0,1580,0
823,3.17460,0.19860,2.25890,0.69280,0.02360,0,0,0,1599,5,0,1013,1013,0,1580,0
824,3.18790,0.19880,2.21750,0.74440,0.02640,0,0,0,1599,5,0,1013,1013,0,1580,0
825,3.11000,0.21240,2.14470,0.71840,0.03390,0,0,0,1599,5,0,1014,1014,0,1580,0
826,4.75620,1.81030,2.23240,0.68680,0.02620,0,0,0,1599,5,0,1014,1014,0,1583,0
827,3.26330,0.21540,2.32710,0.69190,0.02770,0,0,0,1599,5,0,1014,1014,0,1582,0
828,3.15750,0.20620,2.24480,0.68130,0.02450,0,0,0,1599,5,0,1014,1014,0,1582,0
829,3.11640,0.22110,2.13300,0.73370,0.02790,0,0,0,1599,5,0,1014,1014,0,1581,0
830,3.06360,0.19170,2.16720,0.67710,0.02670,0,0,0,1599,5,0,1016,1016,0,1581,0
831,3.20500,0.18940,2.25470,0.72730,0.03290,0,0,0,1599,5,0,1016,1016,0,1580,0
832,3.12780,0.20690,2.18070,0.65450,0.08510,0,0,0,1599,5,0,1016,1016,0,1581,0
833,3.14530,0.20390,2.18330,0.72880,0.02850,0,0,0,1599,5,0,1016,1016,0,1583,0
834,3.07080,0.21850,2.13090,0.69410,0.02690,0,0,0,1599,5,0,1016,1016,0,1581,0
835,3.08110,0.19290,2.17490,0.68570,0.02670,0,0,0,1599,5,0,1016,1015,0,1584,0
836,3.09580,0.20790,2.19820,0.66250,0.02660,0,0,0,1599,5,0,1016,1016,0,1584,0
837,3.11690,0.19360,2.12480,0.77070,0.02730,0,0,0,1599,5,0,1016,1015,0,1585,0
838,3.12700,0.20020,2.16890,0.73090,0.02640,0,0,0,1599,5,0,1016,1015,0,1585,0
839,3.04930,0.18680,2.15460,0.67790,0.02920,0,0,0,1599,5,0,1016,1016,0,1585,0
840,3.14020,0.18540,2.17350,0.75200,0.02840,0,0,0,1599,5,0,1016,1015,0,1585,0
841,6.49320,2.03660,3.64440,0.79050,0.01970,0,0,0,1599,5,0,1016,1015,0,1585,0
842,5.05170,0.16090,3.93640,0.91940,0.03180,0,0,0,1599,5,0,1016,1015,0,1587,0
843,3.94580,0.17730,3.02340,0.72370,0.02060,0,0,0,1599,5,0,1016,1015,0,1587,0
844,4.23730,0.21110,3.11930,0.88000,0.02600,0,0,0,1599,5,0,1016,1014,0,1586,0
845,4.31800,0.17250,3.34930,0.78070,0.01500,0,0,0,1599,5,0,1016,1014,0,1587,0
846,4.06460,0.23120,3.03630,0.77950,0.01680,0,0,0,1599,5,0,1016,1014,0,1586,0
847,3.94270,0.16700,3.01920,0.73970,0.01610,0,0,0,1599,5,0,1016,1015,0,1583,0
848,4.11800,0.16440,3.13140,0.80370,0.01780,0,0,0,1599,5,0,1017,1015,0,1583,0
849,4.02770,0.16800,3.06980,0.76710,0.02200,0,0,0,1599,5,0,1017,1015,0,1583,0
850,3.91200,0.17910,2.95550,0.75950,0.01710,0,0,0,1599,5,0,1017,1016,0,1584,0
851,3.97000,0.19230,2.98020,0.78010,0.01640,0,0,0,1599,5,0,1017,1015,0,1584,0
852,3.73980,0.18430,2.80610,0.73200,0.01690,0,0,0,1599,5,0,1017,1015,0,1584,0
853,3.85110,0.16470,2.89030,0.77830,0.01710,0,0,0,1599,5,0,1017,1015,0,1584,0
854,3.98230,0.16480,2.90340,0.79850,0.11470,0,0,0,1599,5,0,1018,1016,0,1589,0
855,3.57710,0.24200,2.60800,0.70830,0.01810,0,0,0,1599,5,0,1018,1016,0,1587,0
856,5.33490,1.81820,2.77130,0.72650,0.01810,0,0,0,1599,5,0,1018,1016,0,1587,0
857,3.59750,0.17430,2.70680,0.69380,0.02200,0,0,0,1599,5,0,1018,1016,0,1587,0
858,3.83800,0.20880,2.86330,0.74670,0.01850,0,0,0,1599,5,0,1018,1016,0,1587,0
859,4.00650,0.19980,2.93530,0.84670,0.02400,0,0,0,1599,5,0,1018,1016,0,1587,0
860,3.90630,0.21420,2.91410,0.75110,0.02620,0,0,0,1599,5,0,1018,1016,0,1586,0
861,3.68400,0.19330,2.72020,0.74120,0.02850,0,0,0,1599,5,0,1018,1016,0,1585,0
862,3.53550,0.19200,2.50200,0.81400,0.02680,0,0,0,1599,5,0,1018,1016,0,1585,0
863,3.57970,0.21020,2.54560,0.79480,0.02860,0,0,0,1599,5,0,1018,1017,0,1587,0
864,3.45880,0.19100,2.51640,0.72160,0.02930,0,0,0,1599,5,0,1018,1017,0,1587,0
865,3.52430,0.18570,2.59850,0.71650,0.02300,0,0,0,1599,5,0,1018,1017,0,1587,0
866,3.46330,0.22200,2.51110,0.69830,0.03120,0,0,0,1599,5,0,1018,1016,0,1587,0
867,3.48680,0.22140,2.54160,0.69830,0.02490,0,0,0,1599,5,0,1018,1016,0,1587,0
868,3.49030,0.18610,2.56460,0.71280,0.02600,0,0,0,1599,5,0,1018,1016,0,1587,0
869,3.50780,0.19850,2.58320,0.69750,0.02790,0,0,0,1599,5,0,1018,1016,0,1587,0
870,5.01140,0.23580,3.94600,0.80320,0.02560,0,0,0,1599,5,0,1018,1016,0,1582,0
871,5.42880,1.89190,2.76400,0.75300,0.01860,0,0,0,1599,5,0,1018,1016,0,1581,0
872,3.75110,0.22010,2.67310,0.83360,0.02370,0,0,0,1599,5,0,1019,1017,0,1579,0
873,3.50800,0.16460,2.61990,0.70370,0.01920,0,0,0,1599,5,0,1019,1017,0,1579,0
874,3.41210,0.20180,2.51610,0.67690,0.01690,0,0,0,1599,5,0,1019,1017,0,1576,0
875,3.56720,0.20990,2.63510,0.70260,0.01900,0,0,0,1599,5,0,1019,1017,0,1576,0
876,3.42880,0.17820,2.44660,0.76920,0.03410,0,0,0,1599,5,0,1019,1017,0,1576,0
877,3.43790,0.17000,2.52520,0.72120,0.02080,0,0,0,1599,5,0,1019,1017,0,1574,0
878,3.50290,0.18170,2.59700,0.70440,0.01930,0,0,0,1599,5,0,1019,1017,0,1574,0
879,3.40660,0.17100,2.48310,0.72930,0.02250,0,0,0,1599,5,0,1019,1017,0,1574,0
880,3.48330,0.22090,2.44610,0.78880,0.02690,0,0,0,1599,5,0,1019,1017,0,1577,0
881,3.64080,0.23330,2.61040,0.76990,0.02640,0,0,0,1599,5,0,1020,1018,0,1577,0
882,3.86990,0.23230,2.56930,1.03780,0.02960,0,0,0,1599,5,0,1020,1018,0,1577,0
883,3.54750,0.23440,2.54240,0.74450,0.02550,0,0,0,1599,5,0,1020,1018,0,1577,0
884,3.47010,0.20790,2.45120,0.78100,0.02930,0,0,0,1599,5,0,1020,1018,0,1577,0
885,3.76200,0.22990,2.75510,0.75810,0.01830,0,0,0,1599,5,0,1020,1019,0,1577,0
886,5.44420,1.88740,2.70330,0.82830,0.02440,0,0,0,1599,5,0,1020,1019,0,1576,0
887,3.52480,0.22760,2.56190,0.70820,0.02640,0,0,0,1599,5,0,1020,1019,0,1577,0
888,3.38330,0.18880,2.43580,0.73430,0.02380,0,0,0,1599,5,0,1020,1019,0,1577,0
889,3.52770,0.22910,2.48850,0.77180,0.03750,0,0,0,1599,5,0,1020,1019,0,1577,0
890,3.52510,0.24160,2.50160,0.74000,0.04130,0,0,0,1599,5,0,1020,1019,0,1577,0
891,3.78390,0.22180,2.56890,0.95670,0.03560,0,0,0,1599,5,0,1020,1019,0,1577,0
892,3.64200,0.21690,2.56880,0.82600,0.02960,0,0,0,1599,5,0,1020,1019,0,1577,0
893,3.51810,0.24020,2.50170,0.74950,0.02600,0,0,0,1599,5,0,1020,1019,0,1577,0
894,3.56380,0.23110,2.45360,0.84600,0.03240,0,0,0,1599,5,0,1020,1020,0,1577,0
895,3.32440,0.21390,2.36630,0.71400,0.02960,0,0,0,1599,5,0,1022,1022,0,1574,0
896,3.51320,0.21030,2.50130,0.77330,0.02760,0,0,0,1599,5,0,1022,1022,0,1574,0
897,3.28430,0.23340,2.31190,0.71240,0.02600,0,0,0,1599,5,0,1022,1022,0,1574,0
898,3.28870,0.19360,2.35440,0.71510,0.02490,0,0,0,1599,5,0,1022,1022,0,1574,0
899,3.32140,0.21160,2.34800,0.73380,0.02730,0,0,0,1599,5,0,1022,1022,0,1574,0
900,3.34800,0.23470,2.35950,0.72670,0.02640,0,0,0,1599,5,0,1022,1022,0,1574,0
901,4.91640,1.85240,2.31720,0.71150,0.03400,0,0,0,1599,5,0,1022,1022,0,1574,0
902,3.28940,0.22860,2.33690,0.69820,0.02480,0,0,0,1599,5,0,1023,1023,0,1574,0
903,3.30630,0.20880,2.34650,0.72470,0.02540,0,0,0,1599,5,0,1023,1023,0,1574,0
904,3.24890,0.22310,2.29320,0.70770,0.02450,0,0,0,1599,5,0,1023,1023,0,1570,0
905,3.32550,0.20300,2.37800,0.71890,0.02480,0,0,0,1599,5,0,1023,1023,0,1570,0
906,3.36620,0.19990,2.33730,0.79540,0.03280,0,0,0,1599,5,0,1023,1023,0,1570,0
907,3.32280,0.21550,2.35480,0.72690,0.02500,0,0,0,1599,5,0,1023,1023,0,1570,0
908,3.44130,0.21840,2.42210,0.77250,0.02760,0,0,0,1599,5,0,1023,1023,0,1570,0
909,3.48750,0.22610,2.49960,0.73630,0.02490,0,0,0,1599,5,0,1023,1023,0,1570,0
910,3.28630,0.20400,2.33420,0.72170,0.02560,0,0,0,1599,5,0,1023,1023,0,1570,0
911,3.55280,0.21800,2.44120,0.85140,0.04140,0,0,0,1599,5,0,1023,1023,0,1570,0
912,3.32210,0.20870,2.35410,0.73300,0.02560,0,0,0,1599,5,0,1023,1023,0,1570,0
913,3.38970,0.23030,2.26170,0.86100,0.03610,0,0,0,1599,5,0,1023,1023,0,1570,0
914,3.53520,0.21020,2.41930,0.86870,0.03620,0,0,0,1599,5,0,1023,1023,0,1570,0
915,3.58050,0.22180,2.44860,0.87940,0.03000,0,0,0,1599,5,0,1023,1023,0,1570,0
916,5.08630,1.89350,2.40280,0.76230,0.02710,0,0,0,1599,5,0,1023,1023,0,1570,0
917,3.49720,0.23120,2.42770,0.80860,0.02900,0,0,0,1599,5,0,1023,1023,0,1570,0
918,3.34390,0.23800,2.33450,0.74320,0.02760,0,0,0,1599,5,0,1023,1023,0,1570,0
919,3.22180,0.20850,2.27580,0.70990,0.02700,0,0,0,1599,5,0,1023,1023,0,1570,0
920,3.35450,0.21970,2.32790,0.78220,0.02400,0,0,0,1599,5,0,1023,1023,0,1570,0
921,3.41680,0.23910,2.25140,0.89810,0.02750,0,0,0,1599,5,0,1023,1023,0,1570,0
922,3.13830,0.21070,2.19480,0.70460,0.02730,0,0,0,1599,5,0,1023,1023,0,1570,0
923,3.16620,0.20130,2.21630,0.71970,0.02820,0,0,0,1599,5,0,1023,1023,0,1570,0
924,3.54860,0.22910,2.35700,0.92650,0.03500,0,0,0,1599,5,0,1023,1023,0,1570,0
925,3.28640,0.19070,2.37090,0.69640,0.02770,0,0,0,1599,5,0,1023,1023,0,1568,0
926,3.60250,0.18720,2.63340,0.74830,0.03250,0,0,0,1599,5,0,1023,1023,0,1568,0
927,4.17240,0.25610,3.15320,0.73780,0.02430,0,0,0,1599,5,0,1023,1023,0,1568,0
928,3.33420,0.22100,2.34590,0.74670,0.01990,0,0,0,1599,5,0,1023,1023,0,1568,0
929,3.50930,0.20520,2.49780,0.77600,0.02910,0,0,0,1599,5,0,1023,1023,0,1568,0
930,4.65030,0.19210,3.65730,0.77720,0.02290,0,0,0,1599,5,0,1023,1023,0,1568,0
931,4.93930,1.91680,2.27530,0.72100,0.02450,0,0,0,1599,5,0,1023,1023,0,1568,0
932,3.20560,0.23560,2.22160,0.72130,0.02650,0,0,0,1599,5,0,1023,1023,0,1568,0
933,3.19200,0.21610,2.24550,0.70480,0.02500,0,0,0,1599,5,0,1023,1023,0,1568,0
934,3.27030,0.19140,2.23240,0.81940,0.02650,0,0,0,1599,5,0,1023,1023,0,1568,0
935,3.16640,0.22070,2.21690,0.70260,0.02560,0,0,0,1599,5,0,1023,1023,0,1568,0
936,3.28470,0.19170,2.20830,0.85680,0.02710,0,0,0,1599,5,0,1024,1024,0,1568,0
937,3.13090,0.20470,2.18730,0.71170,0.02640,0,0,0,1599,5,0,1024,1024,0,1568,0
938,3.24370,0.21030,2.28240,0.72780,0.02240,0,0,0,1599,5,0,1024,1024,0,1568,0
939,3.00130,0.21800,2.07660,0.68320,0.02280,0,0,0,1599,5,0,1024,1024,0,1568,0
940,3.06960,0.19540,2.10370,0.74150,0.02830,0,0,0,1599,5,0,1024,1024,0,1568,0
941,3.31710,0.23310,2.26120,0.79340,0.02890,0,0,0,1599,5,0,1024,1024,0,1568,0
942,3.22700,0.23990,2.22020,0.72660,0.03960,0,0,0,1599,5,0,1024,1024,0,1568,0
943,3.17350,0.23650,2.20050,0.71050,0.02520,0,0,0,1599,5,0,1024,1024,0,1568,0
944,3.29910,0.23330,2.23920,0.79630,0.02960,0,0,0,1599,5,0,1024,1024,0,1568,0
945,3.22170,0.23000,2.18720,0.77550,0.02850,0,0,0,1599,5,0,1024,1024,0,1568,0
946,4.88990,1.83820,2.23620,0.78610,0.02860,0,0,0,1599,5,0,1024,1024,0,1568,0
947,3.16070,0.21570,2.20150,0.71500,0.02760,0,0,0,1599,5,0,1024,1024,0,1568,0
948,3.25800,0.23670,2.20180,0.79400,0.02460,0,0,0,1599,5,0,1024,1024,0,1568,0
949,3.29060,0.24730,2.20040,0.81030,0.03180,0,0,0,1599,5,0,1024,1024,0,1568,0
950,3.26800,0.21290,2.26000,0.76420,0.03040,0,0,0,1599,5,0,1024,1024,0,1568,0
951,3.27750,0.20530,2.17520,0.86830,0.02780,0,0,0,1599,5,0,1024,1024,0,1568,0
952,3.11110,0.22340,2.14200,0.72190,0.02330,0,0,0,1599,5,0,1024,1024,0,1568,0
953,3.26420,0.17700,2.20610,0.85480,0.02570,0,0,0,1599,5,0,1024,1024,0,1568,0
954,3.07450,0.20210,2.18410,0.66440,0.02330,0,0,0,1599,5,0,1024,1024,0,1568,0
955,3.35040,0.21160,2.21780,0.89260,0.02770,0,0,0,1599,5,0,1024,1024,0,1568,0
956,3.17000,0.20940,2.20310,0.73260,0.02410,0,0,0,1599,5,0,1024,1024,0,1568,0
957,3.12970,0.17440,2.17690,0.75560,0.02210,0,0,0,1599,5,0,1024,1024,0,1568,0
958,3.14110,0.18630,2.14780,0.76550,0.04080,0,0,0,1599,5,0,1024,1024,0,1568,0
959,3.03710,0.20810,2.14950,0.65860,0.02040,0,0,0,1599,5,0,1024,1024,0,1568,0
960,3.09180,0.18290,2.16290,0.71760,0.02770,0,0,0,1599,5,0,1024,1024,0,1568,0
961,6.81940,2.06680,3.95450,0.77500,0.02170,0,0,0,1599,5,0,1024,1024,0,1568,0
962,5.28610,0.31130,4.17490,0.78410,0.01530,0,0,0,1599,5,0,1024,1024,0,1568,0
963,4.88350,0.22290,3.84480,0.79610,0.01860,0,0,0,1599,5,0,1024,1024,0,1568,0
964,4.43010,0.17160,3.46380,0.77540,0.01860,0,0,0,1599,5,0,1024,1024,0,1568,0
965,4.36310,0.16220,3.41620,0.76430,0.01980,0,0,0,1599,5,0,1024,1024,0,1568,0
966,4.43670,0.16800,3.46070,0.79160,0.01560,0,0,0,1599,5,0,1024,1024,0,1568,0
967,4.42100,0.16980,3.49750,0.73620,0.01680,0,0,0,1599,5,0,1024,1024,0,1568,0
968,3.98670,0.24120,2.98620,0.74110,0.01720,0,0,0,1599,5,0,1024,1024,0,1568,0
969,3.90760,0.18190,2.90450,0.79770,0.02280,0,0,0,1599,5,0,1024,1024,0,1568,0
970,3.87700,0.16310,2.93650,0.75960,0.01710,0,0,0,1599,5,0,1024,1024,0,1568,0
971,4.00750,0.16710,3.05990,0.76140,0.01850,0,0,0,1599,5,0,1024,1024,0,1568,0
972,3.83630,0.17050,2.88680,0.76140,0.01670,0,0,0,1599,5,0,1024,1024,0,1568,0
973,4.26350,0.16150,2.94170,1.12780,0.03180,0,0,0,1599,5,0,1024,1024,0,1568,0
974,3.74780,0.18190,2.68770,0.85190,0.02560,0,0,0,1599,5,0,1024,1024,0,1568,0
975,3.53400,0.17440,2.63920,0.69650,0.02310,0,0,0,1599,5,0,1024,1024,0,1568,0
976,5.31430,1.83910,2.75550,0.70030,0.01850,0,0,0,1599,5,0,1024,1024,0,1568,0
977,3.48820,0.17940,2.60760,0.68010,0.02030,0,0,0,1599,5,0,1024,1024,0,1568,0
978,3.62100,0.18940,2.70750,0.69950,0.02390,0,0,0,1599,5,0,1024,1024,0,1568,0
979,3.39150,0.18180,2.49500,0.69290,0.02110,0,0,0,1599,5,0,1024,1024,0,1568,0
980,3.74480,0.16450,2.65540,0.89380,0.03010,0,0,0,1599,5,0,1024,1024,0,1568,0
981,3.41330,0.20060,2.51570,0.67700,0.01960,0,0,0,1599,5,0,1024,1024,0,1568,0
982,3.39540,0.22410,2.48070,0.66690,0.02310,0,0,0,1599,5,0,1024,1024,0,1568,0
983,3.67990,0.16080,2.68510,0.80550,0.02790,0,0,0,1599,5,0,1024,1024,0,1568,0
984,4.94910,0.18040,3.96720,0.74060,0.06020,0,0,0,1599,5,0,1024,1024,0,1568,0
985,3.55600,0.26440,2.55650,0.71290,0.02150,0,0,0,1599,5,0,1024,1024,0,1568,0
986,3.36040,0.17780,2.46050,0.69780,0.02360,0,0,0,1599,5,0,1024,1024,0,1568,0
987,3.53000,0.21170,2.58380,0.70760,0.02630,0,0,0,1599,5,0,1024,1024,0,1568,0
988,3.37950,0.22030,2.37810,0.75470,0.02580,0,0,0,1599,5,0,1024,1024,0,1568,0
989,3.32110,0.19990,2.36470,0.72980,0.02600,0,0,0,1599,5,0,1024,1024,0,1568,0
990,3.31830,0.20830,2.36210,0.71830,0.02900,0,0,0,1599,5,0,1024,1024,0,1568,0
991,6.88710,1.94940,4.12030,0.79490,0.02060,0,0,0,1599,5,0,1024,1024,0,1568,0
992,4.83150,0.15940,3.86490,0.78350,0.02290,0,0,0,1599,5,0,1024,1024,0,1568,0
993,5.09370,0.18450,4.16390,0.72220,0.02240,0,0,0,1599,5,0,1024,1024,0,1568,0
994,4.82650,0.19390,3.87270,0.73630,0.02290,0,0,0,1599,5,0,1024,1024,0,1568,0
995,5.84890,0.18050,4.86260,0.79060,0.01460,0,0,0,1599,5,0,1024,1024,0,1568,0
996,4.82100,0.16330,3.82510,0.80520,0.02670,0,0,0,1599,5,0,1024,1024,0,1568,0
997,3.85900,0.17110,2.89480,0.77630,0.01630,0,0,0,1599,5,0,1024,1024,0,1568,0
998,4.12230,0.28990,3.06310,0.74660,0.02210,0,0,0,1599,5,0,1024,1024,0,1568,0
999,3.90690,0.15970,2.96470,0.76040,0.02150,0,0,0,1599,5,0,1024,1024,0,1568,0
1000,4.05880,0.17480,3.13010,0.73700,0.01630,0,0,0,1599,5,0,1024,1024,0,1568,0
1001,3.92180,0.17420,2.97700,0.74990,0.02010,0,0,0,1599,5,0,1024,1024,0,1568,0
1002,3.90980,0.19370,2.91280,0.78510,0.01750,0,0,0,1599,5,0,1024,1024,0,1568,0
1003,3.49340,0.16090,2.61140,0.70240,0.01800,0,0,0,1599,5,0,1024,1024,0,1568,0
1004,3.66450,0.16130,2.77190,0.71000,0.02070,0,0,0,1599,5,0,1024,1024,0,1568,0
1005,3.75690,0.19320,2.79580,0.74750,0.01960,0,0,0,1599,5,0,1024,1024,0,1568,0
1006,5.39330,1.85510,2.77900,0.73810,0.02040,0,0,0,1599,5,0,1024,1024,0,1568,0
1007,3.73450,0.16280,2.86950,0.68280,0.01860,0,0,0,1599,5,0,1024,1024,0,1568,0
1008,3.89530,0.17370,2.95890,0.74500,0.01720,0,0,0,1599,5,0,1024,1024,0,1568,0
1009,5.21180,0.17890,4.27790,0.73630,0.01780,0,0,0,1599,5,0,1024,1024,0,1568,0
1010,3.84830,0.17280,2.84630,0.80930,0.01920,0,0,0,1599,5,0,1024,1024,0,1568,0
1011,3.62550,0.21330,2.53970,0.83930,0.03240,0,0,0,1599,5,0,1024,1024,0,1568,0
1012,3.38880,0.17970,2.48010,0.70060,0.02760,0,0,0,1599,5,0,1024,1024,0,1568,0
1013,3.51670,0.21570,2.57780,0.69280,0.02970,0,0,0,1599,5,0,1024,1024,0,1568,0
1014,3.49760,0.19050,2.59160,0.68940,0.02560,0,0,0,1599,5,0,1024,1024,0,1568,0
1015,3.48760,0.17080,2.57390,0.71810,0.02420,0,0,0,1599,5,0,1024,1024,0,1568,0
1016,3.53320,0.23140,2.49940,0.75650,0.04520,0,0,0,1599,5,0,1024,1024,0,1568,0
1017,3.40660,0.21720,2.46890,0.69770,0.02220,0,0,0,1599,5,0,1024,1024,0,1568,0
1018,3.42270,0.20880,2.47080,0.72100,0.02140,0,0,0,1599,5,0,1024,1024,0,1568,0
1019,3.43020,0.22360,2.40590,0.77500,0.02510,0,0,0,1599,5,0,1024,1024,0,1568,0
1020,3.57790,0.20320,2.54650,0.80430,0.02320,0,0,0,1599,5,0,1024,1024,0,1568,0
1021,5.18790,1.90600,2.53800,0.71620,0.02600,0,0,0,1599,5,0,1024,1024,0,1568,0
1022,3.47360,0.21530,2.44010,0.79210,0.02520,0,0,0,1599,5,0,1024,1024,0,1568,0
1023,3.49070,0.20420,2.53940,0.72170,0.02460,0,0,0,1599,5,0,1024,1024,0,1568,0
1024,3.42660,0.20670,2.49010,0.70570,0.02320,0,0,0,1599,5,0,1024,1024,0,1568,0
1025,3.47360,0.21290,2.48230,0.75010,0.02760,0,0,0,1599,5,0,1024,1024,0,1568,0
1026,3.41440,0.22650,2.45910,0.68860,0.03960,0,0,0,1599,5,0,1024,1024,0,1568,0
1027,3.18940,0.19350,2.25280,0.71380,0.02880,0,0,0,1599,5,0,1024,1024,0,1568,0
1028,3.25660,0.18970,2.27580,0.76200,0.02810,0,0,0,1599,5,0,1024,1024,0,1568,0
1029,3.50950,0.19640,2.39660,0.88950,0.02620,0,0,0,1599,5,0,1024,1024,0,1568,0
1030,3.21960,0.18290,2.29960,0.70630,0.03010,0,0,0,1599,5,0,1024,1024,0,1568,0
1031,3.13940,0.19700,2.21880,0.69130,0.03160,0,0,0,1599,5,0,1024,1024,0,1568,0
1032,3.24130,0.20940,2.29970,0.70220,0.02940,0,0,0,1599,5,0,1024,1024,0,1568,0
1033,3.45490,0.21510,2.52410,0.68840,0.02650,0,0,0,1599,5,0,1024,1024,0,1568,0
1034,3.14180,0.17530,2.23330,0.70600,0.02650,0,0,0,1599,5,0,1024,1024,0,1568,0
1035,3.40050,0.21300,2.27670,0.87040,0.03980,0,0,0,1599,5,0,1024,1024,0,1568,0
1036,4.95530,1.80370,2.38630,0.74160,0.02310,0,0,0,1599,5,0,1024,1024,0,1568,0
1037,3.22180,0.20890,2.25410,0.73280,0.02540,0,0,0,1599,5,0,1024,1024,0,1568,0
1038,3.39740,0.18270,2.30420,0.88250,0.02730,0,0,0,1599,5,0,1024,1024,0,1568,0
1039,3.18720,0.21770,2.18890,0.75800,0.02190,0,0,0,1599,5,0,1024,1024,0,1568,0
1040,3.24890,0.18830,2.18060,0.85180,0.02760,0,0,0,1599,5,0,1024,1024,0,1568,0
1041,3.28480,0.20870,2.23680,0.80460,0.03390,0,0,0,1599,5,0,1024,1024,0,1568,0
1042,3.27360,0.21830,2.16410,0.86040,0.02990,0,0,0,1599,5,0,1024,1024,0,1568,0
1043,3.19440,0.18520,2.26030,0.72090,0.02730,0,0,0,1599,5,0,1024,1024,0,1568,0
1044,3.34490,0.22590,2.35920,0.72890,0.03040,0,0,0,1599,5,0,1024,1024,0,1568,0
1045,3.10590,0.22190,2.16920,0.68790,0.02630,0,0,0,1599,5,0,1024,1024,0,1568,0
1046,3.15070,0.21360,2.17310,0.73670,0.02670,0,0,0,1599,5,0,1024,1024,0,1568,0
1047,3.21890,0.22160,2.20380,0.77150,0.02140,0,0,0,1599,5,0,1024,1024,0,1568,0
1048,3.11890,0.22220,2.10660,0.76640,0.02300,0,0,0,1599,5,0,1024,1024,0,1568,0
1049,3.22970,0.23190,2.26920,0.70630,0.02170,0,0,0,1599,5,0,1024,1024,0,1568,0
1050,3.14580,0.21880,2.19070,0.71250,0.02320,0,0,0,1599,5,0,1024,1024,0,1568,0
1051,6.71400,2.09090,3.84380,0.75850,0.01950,0,0,0,1599,5,0,1024,1024,0,1568,0
1052,5.19980,0.15780,4.14190,0.79480,0.10480,0,0,0,1599,5,0,1024,1024,0,1568,0
1053,4.75180,0.16380,3.85050,0.72020,0.01670,0,0,0,1599,5,0,1024,1024,0,1568,0
1054,4.53280,0.16020,3.63930,0.71470,0.01810,0,0,0,1599,5,0,1024,1024,0,1568,0
1055,4.73790,0.16200,3.73380,0.82620,0.01530,0,0,0,1599,5,0,1024,1024,0,1568,0
1056,4.77070,0.15750,3.85040,0.74770,0.01470,0,0,0,1599,5,0,1024,1024,0,1568,0
1057,4.37430,0.16250,3.48690,0.70540,0.01890,0,0,0,1599,5,0,1024,1024,0,1568,0
1058,3.85190,0.15910,2.95910,0.71760,0.01550,0,0,0,1599,5,0,1024,1024,0,1568,0
1059,4.10240,0.18920,2.96960,0.92180,0.01990,0,0,0,1599,5,0,1024,1024,0,1568,0
1060,3.83350,0.17520,2.91780,0.72400,0.01570,0,0,0,1599,5,0,1024,1024,0,1568,0
1061,5.24550,0.17450,4.22170,0.82660,0.02230,0,0,0,1599,5,0,1024,1024,0,1568,0
1062,3.83840,0.18000,2.89590,0.73980,0.02190,0,0,0,1599,5,0,1024,1024,0,1568,0
1063,4.96510,0.16760,3.95650,0.82040,0.01970,0,0,0,1599,5,0,1024,1024,0,1568,0
1064,3.43020,0.17500,2.54710,0.68710,0.02020,0,0,0,1599,5,0,1024,1024,0,1568,0
1065,3.66990,0.17000,2.73090,0.75170,0.01660,0,0,0,1599,5,0,1024,1024,0,1568,0
1066,5.18830,1.84780,2.62540,0.69660,0.01780,0,0,0,1599,5,0,1024,1024,0,1568,0
1067,3.51040,0.16270,2.61530,0.71130,0.02040,0,0,0,1599,5,0,1024,1024,0,1568,0
1068,3.91110,0.16230,2.78240,0.94540,0.02050,0,0,0,1599,5,0,1024,1024,0,1568,0
1069,3.70090,0.17490,2.76000,0.74480,0.02050,0,0,0,1599,5,0,1024,1024,0,1568,0
1070,3.45380,0.16160,2.58270,0.69040,0.01830,0,0,0,1599,5,0,1024,1024,0,1568,0
1071,3.53480,0.17630,2.64790,0.69210,0.01780,0,0,0,1599,5,0,1024,1024,0,1568,0
1072,3.45880,0.20610,2.58520,0.64540,0.02150,0,0,0,1599,5,0,1024,1024,0,1568,0
1073,3.42950,0.19340,2.53820,0.67780,0.01960,0,0,0,1599,5,0,1024,1024,0,1568,0
1074,3.69380,0.20960,2.73860,0.72660,0.01840,0,0,0,1599,5,0,1024,1024,0,1568,0
1075,3.48560,0.17350,2.54880,0.74350,0.01920,0,0,0,1599,5,0,1024,1024,0,1568,0
1076,3.42590,0.27560,2.43490,0.67810,0.03660,0,0,0,1599,5,0,1024,1024,0,1568,0
1077,3.69310,0.27350,2.68580,0.71030,0.02250,0,0,0,1599,5,0,1024,1024,0,1568,0
1078,3.35120,0.19680,2.43750,0.69390,0.02250,0,0,0,1599,5,0,1024,1024,0,1568,0
1079,3.37870,0.19570,2.46780,0.69380,0.02100,0,0,0,1599,5,0,1024,1024,0,1568,0
1080,3.30870,0.18290,2.41840,0.68700,0.01980,0,0,0,1599,5,0,1024,1024,0,1568,0
1081,5.10090,1.90990,2.36970,0.74320,0.07570,0,0,0,1599,5,0,1024,1024,0,1568,0
1082,3.20680,0.20690,2.25500,0.72290,0.02120,0,0,0,1599,5,0,1024,1024,0,1568,0
1083,3.34380,0.22550,2.36960,0.72430,0.02390,0,0,0,1599,5,0,1024,1024,0,1568,0
1084,3.45360,0.20840,2.46860,0.73110,0.04470,0,0,0,1599,5,0,1024,1024,0,1568,0
1085,3.28270,0.17860,2.34690,0.70660,0.04970,0,0,0,1599,5,0,1024,1024,0,1568,0
1086,3.42050,0.20970,2.47380,0.71450,0.02200,0,0,0,1599,5,0,1024,1024,0,1568,0
1087,3.34750,0.22100,2.36120,0.73870,0.02600,0,0,0,1599,5,0,1024,1024,0,1568,0
1088,3.40920,0.21010,2.43840,0.73130,0.02870,0,0,0,1599,5,0,1024,1024,0,1568,0
1089,3.10170,0.22410,2.19910,0.65490,0.02310,0,0,0,1599,5,0,1024,1024,0,1568,0
1090,3.14730,0.19290,2.22380,0.70070,0.02860,0,0,0,1599,5,0,1024,1024,0,1568,0
1091,3.32210,0.20700,2.39140,0.69510,0.02760,0,0,0,1599,5,0,1024,1024,0,1568,0
1092,3.26770,0.22160,2.32010,0.70150,0.02390,0,0,0,1599,5,0,1024,1024,0,1568,0
1093,3.28320,0.21600,2.31740,0.72320,0.02590,0,0,0,1599,5,0,1024,1024,0,1568,0
1094,3.27540,0.24370,2.30900,0.69730,0.02480,0,0,0,1599,5,0,1024,1024,0,1568,0
1095,3.29630,0.21190,2.28660,0.77250,0.02460,0,0,0,1599,5,0,1024,1024,0,1568,0
1096,5.07370,1.82990,2.36190,0.82860,0.05260,0,0,0,1599,5,0,1024,1024,0,1568,0
1097,3.32410,0.21510,2.25420,0.82810,0.02610,0,0,0,1599,5,0,1024,1024,0,1568,0
1098,3.24000,0.19360,2.20220,0.81790,0.02560,0,0,0,1599,5,0,1024,1024,0,1568,0
1099,3.29530,0.22130,2.33270,0.71870,0.02200,0,0,0,1599,5,0,1024,1024,0,1568,0
1100,3.19170,0.22730,2.22930,0.71220,0.02230,0,0,0,1599,5,0,1024,1024,0,1568,0
1101,3.34050,0.24050,2.30850,0.75970,0.03110,0,0,0,1599,5,0,1024,1024,0,1568,0
1102,3.29330,0.23060,2.31850,0.71970,0.02390,0,0,0,1599,5,0,1024,1024,0,1568,0
1103,3.20820,0.21790,2.25020,0.71890,0.02080,0,0,0,1599,5,0,1024,1024,0,1568,0
1104,3.10520,0.21250,2.07570,0.78510,0.03130,0,0,0,1599,5,0,1024,1024,0,1568,0
1105,3.18520,0.21290,2.20640,0.74200,0.02330,0,0,0,1599,5,0,1024,1024,0,1568,0
1106,3.44380,0.22700,2.27030,0.91380,0.03190,0,0,0,1599,5,0,1024,1024,0,1568,0
1107,3.36190,0.21960,2.30280,0.80700,0.03180,0,0,0,1599,5,0,1024,1024,0,1568,0
1108,3.19070,0.21970,2.21000,0.73420,0.02610,0,0,0,1599,5,0,1024,1024,0,1568,0
1109,3.14580,0.20900,2.19710,0.71300,0.02610,0,0,0,1599,5,0,1024,1024,0,1568,0
1110,3.22010,0.19010,2.21380,0.78800,0.02740,0,0,0,1599,5,0,1024,1024,0,1568,0
1111,5.06730,1.86230,2.35310,0.82060,0.02960,0,0,0,1599,5,0,1024,1024,0,1568,0
1112,3.32080,0.23070,2.27790,0.78570,0.02590,0,0,0,1599,5,0,1024,1024,0,1568,0
1113,3.04060,0.20200,2.11510,0.70050,0.02240,0,0,0,1599,5,0,1024,1024,0,1568,0
1114,3.49630,0.21870,2.46740,0.77130,0.03790,0,0,0,1599,5,0,1024,1024,0,1568,0
1115,3.23090,0.22580,2.19310,0.78210,0.02940,0,0,0,1599,5,0,1024,1024,0,1568,0
1116,3.06940,0.21010,2.14380,0.68850,0.02650,0,0,0,1599,5,0,1024,1024,0,1568,0
1117,3.11000,0.19990,2.17170,0.71540,0.02240,0,0,0,1599,5,0,1024,1024,0,1568,0
1118,3.24880,0.25310,2.18560,0.77900,0.03030,0,0,0,1599,5,0,1024,1024,0,1568,0
1119,3.13780,0.20860,2.16360,0.73750,0.02750,0,0,0,1599,5,0,1024,1024,0,1568,0
1120,3.11000,0.20080,2.19870,0.68650,0.02340,0,0,0,1599,5,0,1024,1024,0,1568,0
1121,3.03310,0.22450,2.08900,0.69610,0.02300,0,0,0,1599,5,0,1024,1024,0,1568,0
1122,3.01300,0.21870,2.07460,0.68650,0.03260,0,0,0,1599,5,0,1024,1024,0,1568,0
1123,3.39450,0.36760,2.29360,0.70620,0.02620,0,0,0,1599,5,0,1024,1024,0,1568,0
1124,3.07320,0.20800,2.12330,0.71490,0.02630,0,0,0,1599,5,0,1024,1024,0,1568,0
1125,3.09880,0.20620,2.12580,0.73930,0.02690,0,0,0,1599,5,0,1024,1024,0,1568,0
1126,4.86000,1.82000,2.31980,0.69490,0.02460,0,0,0,1599,5,0,1024,1024,0,1568,0
1127,3.15530,0.23600,2.16930,0.72550,0.02390,0,0,0,1599,5,0,1024,1024,0,1568,0
1128,3.30220,0.22100,2.17800,0.87470,0.02770,0,0,0,1599,5,0,1024,1024,0,1568,0
1129,3.12230,0.21880,2.12310,0.74830,0.03130,0,0,0,1599,5,0,1024,1024,0,1568,0
1130,3.26060,0.20640,2.21430,0.80500,0.03400,0,0,0,1599,5,0,1024,1024,0,1568,0
1131,3.36120,0.20040,2.34540,0.78720,0.02720,0,0,0,1599,5,0,1024,1024,0,1568,0
1132,3.20830,0.21340,2.13640,0.82230,0.03530,0,0,0,1599,5,0,1024,1024,0,1568,0
1133,3.11360,0.19600,2.19660,0.69460,0.02570,0,0,0,1599,5,0,1024,1024,0,1568,0
1134,3.19620,0.20460,2.26190,0.70450,0.02440,0,0,0,1599,5,0,1024,1024,0,1568,0
1135,3.25400,0.19270,2.20670,0.82390,0.02950,0,0,0,1599,5,0,1024,1024,0,1568,0
1136,3.05460,0.19290,2.13870,0.69690,0.02530,0,0,0,1599,5,0,1024,1024,0,1568,0
1137,3.21550,0.21020,2.19740,0.77750,0.02940,0,0,0,1599,5,0,1024,1024,0,1568,0
1138,3.15370,0.20020,2.17770,0.74260,0.03210,0,0,0,1599,5,0,1024,1024,0,1568,0
1139,3.39470,0.20850,2.27010,0.87820,0.03700,0,0,0,1599,5,0,1024,1024,0,1568,0
1140,3.13910,0.21920,2.18130,0.70780,0.02960,0,0,0,1599,5,0,1024,1024,0,1568,0
1141,6.00970,1.91290,3.34750,0.72640,0.02120,0,0,0,1599,5,0,1024,1024,0,1568,0
1142,3.83620,0.21940,2.86280,0.73220,0.02100,0,0,0,1599,5,0,1024,1024,0,1568,0
1143,3.76600,0.19060,2.83060,0.72630,0.01780,0,0,0,1599,5,0,1024,1024,0,1568,0
1144,3.76860,0.22000,2.80020,0.72850,0.01940,0,0,0,1599,5,0,1024,1024,0,1568,0
1145,4.05080,0.18800,2.85680,0.98300,0.02230,0,0,0,1599,5,0,1024,1024,0,1568,0
1146,3.70550,0.16850,2.80060,0.71720,0.01870,0,0,0,1599,5,0,1024,1024,0,1568,0
1147,4.54180,0.21460,3.59440,0.71340,0.01890,0,0,0,1599,5,0,1024,1024,0,1568,0
1148,3.65670,0.17630,2.65500,0.80330,0.02140,0,0,0,1599,5,0,1024,1024,0,1568,0
1149,3.35110,0.17590,2.44000,0.71400,0.02060,0,0,0,1599,5,0,1024,1024,0,1568,0
1150,3.38360,0.17660,2.39390,0.78270,0.02980,0,0,0,1599,5,0,1024,1024,0,1568,0
1151,3.78640,0.17250,2.83500,0.75880,0.01940,0,0,0,1599,5,0,1024,1024,0,1568,0
1152,4.11240,0.20770,3.17440,0.71070,0.01890,0,0,0,1599,5,0,1024,1024,0,1568,0
1153,3.49260,0.19880,2.51170,0.76360,0.01790,0,0,0,1599,5,0,1024,1024,0,1568,0
1154,4.84070,0.17260,3.91390,0.73370,0.01990,0,0,0,1599,5,0,1024,1024,0,1568,0
1155,4.23740,0.21710,3.28510,0.71420,0.02010,0,0,0,1599,5,0,1024,1024,0,1568,0
1156,5.13890,1.83890,2.50570,0.76380,0.02980,0,0,0,1599,5,0,1024,1024,0,1568,0
1157,3.19920,0.21130,2.27480,0.68820,0.02420,0,0,0,1599,5,0,1024,1024,0,1568,0
1158,3.26160,0.19450,2.34120,0.70280,0.02260,0,0,0,1599,5,0,1024,1024,0,1568,0
1159,3.25670,0.21340,2.33700,0.68470,0.02090,0,0,0,1599,5,0,1024,1024,0,1568,0
1160,3.70100,0.20900,2.67590,0.79210,0.02320,0,0,0,1599,5,0,1024,1024,0,1568,0
1161,3.43680,0.19190,2.51170,0.70740,0.02490,0,0,0,1599,5,0,1024,1024,0,1568,0
1162,3.21180,0.21030,2.28460,0.69160,0.02470,0,0,0,1599,5,0,1024,1024,0,1568,0
1163,3.22600,0.20970,2.29710,0.69360,0.02500,0,0,0,1599,5,0,1024,1024,0,1568,0
1164,3.16130,0.19440,2.22720,0.71890,0.02000,0,0,0,1599,5,0,1024,1024,0,1568,0
1165,3.33730,0.17630,2.38930,0.74260,0.02850,0,0,0,1599,5,0,1024,1024,0,1568,0
1166,3.23330,0.20440,2.30640,0.69140,0.03040,0,0,0,1599,5,0,1024,1024,0,1568,0
1167,3.21440,0.20020,2.29740,0.68940,0.02690,0,0,0,1599,5,0,1024,1024,0,1568,0
1168,3.05770,0.19330,2.20250,0.63510,0.02570,0,0,0,1599,5,0,1024,1024,0,1568,0
1169,3.23270,0.19280,2.27260,0.73780,0.02850,0,0,0,1599,5,0,1024,1024,0,1568,0
1170,3.33280,0.19480,2.34250,0.76670,0.02800,0,0,0,1599,5,0,1024,1024,0,1568,0
1171,5.01050,1.90670,2.35510,0.71810,0.02880,0,0,0,1599,5,0,1024,1024,0,1568,0
1172,3.25080,0.20850,2.32650,0.69100,0.02330,0,0,0,1599,5,0,1024,1024,0,1568,0
1173,3.20290,0.19800,2.24570,0.73140,0.02730,0,0,0,1599,5,0,1024,1024,0,1568,0
1174,3.16580,0.21040,2.24880,0.67980,0.02590,0,0,0,1599,5,0,1024,1024,0,1568,0
1175,3.05870,0.20330,2.14970,0.68220,0.02280,0,0,0,1599,5,0,1024,1024,0,1568,0
1176,3.09770,0.21460,2.14620,0.70170,0.03460,0,0,0,1599,5,0,1024,1024,0,1568,0
1177,3.15610,0.17770,2.21790,0.72240,0.03750,0,0,0,1599,5,0,1024,1024,0,1568,0
1178,3.20250,0.19440,2.16830,0.80890,0.03020,0,0,0,1599,5,0,1024,1024,0,1568,0
1179,3.19400,0.20130,2.27940,0.68700,0.02560,0,0,0,1599,5,0,1024,1024,0,1568,0
1180,3.13190,0.19210,2.20800,0.69960,0.03150,0,0,0,1599,5,0,1024,1024,0,1568,0
1181,3.22830,0.19450,2.32180,0.68590,0.02550,0,0,0,1599,5,0,1024,1024,0,1568,0
1182,3.43080,0.21160,2.18420,1.00720,0.02700,0,0,0,1599,5,0,1024,1024,0,1568,0
1183,3.17670,0.20700,2.11070,0.82590,0.03240,0,0,0,1599,5,0,1024,1024,0,1568,0
1184,3.06040,0.19260,2.15310,0.68220,0.03200,0,0,0,1599,5,0,1024,1024,0,1568,0
1185,3.10920,0.21180,2.20980,0.65650,0.03050,0,0,0,1599,5,0,1024,1024,0,1568,0
1186,4.93130,1.83430,2.22000,0.84410,0.03210,0,0,0,1599,5,0,1024,1024,0,1568,0
1187,3.10640,0.21550,2.17610,0.68200,0.03210,0,0,0,1599,5,0,1024,1024,0,1568,0
1188,3.23210,0.21710,2.16100,0.81960,0.03370,0,0,0,1599,5,0,1024,1024,0,1568,0
1189,3.06720,0.23100,2.12400,0.67930,0.03250,0,0,0,1599,5,0,1024,1024,0,1568,0
1190,3.16720,0.21120,2.23070,0.69780,0.02670,0,0,0,1599,5,0,1024,1024,0,1568,0
1191,3.14050,0.19550,2.23070,0.69010,0.02370,0,0,0,1599,5,0,1024,1024,0,1568,0
1192,3.00220,0.18210,2.13560,0.65280,0.03110,0,0,0,1599,5,0,1024,1024,0,1568,0
1193,3.11800,0.21380,2.19990,0.67680,0.02690,0,0,0,1599,5,0,1024,1024,0,1568,0
1194,3.12770,0.20290,2.21120,0.68780,0.02520,0,0,0,1599,5,0,1024,1024,0,1568,0
1195,3.05450,0.20010,2.15730,0.66460,0.03210,0,0,0,1599,5,0,1024,1024,0,1568,0
1196,3.10150,0.19060,2.20610,0.67880,0.02530,0,0,0,1599,5,0,1024,1024,0,1568,0
1197,3.36440,0.17130,2.31460,0.84910,0.02850,0,0,0,1599,5,0,1024,1024,0,1568,0
1198,2.97210,0.20460,2.04820,0.68700,0.03150,0,0,0,1599,5,0,1024,1024,0,1568,0
1199,3.09860,0.20310,2.18270,0.68130,0.03090,0,0,0,1599,5,0,1024,1024,0,1568,0
1200,3.13690,0.19610,2.19390,0.70320,0.04310,0,0,0,1599,5,0,1024,1024,0,1568,0
1201,6.60570,1.95750,3.90030,0.72610,0.02070,0,0,0,1599,5,0,1024,1024,0,1568,0
1202,3.96190,0.16230,3.06610,0.71670,0.01630,0,0,0,1599,5,0,1024,1024,0,1568,0
1203,4.99760,0.16530,4.03850,0.77550,0.01780,0,0,0,1599,5,0,1024,1024,0,1568,0
1204,4.64740,0.17990,3.67170,0.77140,0.02380,0,0,0,1599,5,0,1024,1024,0,1568,0
1205,4.42950,0.17760,3.47520,0.75820,0.01810,0,0,0,1599,5,0,1024,1024,0,1568,0
1206,4.65980,0.16780,3.47290,0.99820,0.02040,0,0,0,1599,5,0,1024,1024,0,1568,0
1207,3.87290,0.19530,2.90730,0.75010,0.01940,0,0,0,1599,5,0,1024,1024,0,1568,0
1208,3.64620,0.17320,2.75000,0.70260,0.01970,0,0,0,1599,5,0,1024,1024,0,1568,0
1209,3.82370,0.17200,2.91200,0.72350,0.01560,0,0,0,1599,5,0,1024,1024,0,1568,0
1210,3.82710,0.17290,2.92720,0.71110,0.01540,0,0,0,1599,5,0,1024,1024,0,1568,0
1211,4.13920,0.15880,2.90940,1.05010,0.02040,0,0,0,1599,5,0,1024,1024,0,1568,0
1212,3.81400,0.17310,2.88010,0.74460,0.01560,0,0,0,1599,5,0,1024,1024,0,1568,0
1213,4.68250,0.17380,3.71120,0.77900,0.01780,0,0,0,1599,5,0,1024,1024,0,1568,0
1214,4.83820,0.17200,3.89200,0.75720,0.01640,0,0,0,1599,5,0,1024,1024,0,1568,0
1215,3.82820,0.16360,2.88860,0.75790,0.01680,0,0,0,1599,5,0,1024,1024,0,1568,0
1216,5.38610,1.81990,2.83410,0.71500,0.01650,0,0,0,1599,5,0,1024,1024,0,1568,0
1217,3.83740,0.16570,2.91510,0.73840,0.01780,0,0,0,1599,5,0,1024,1024,0,1568,0
1218,3.82380,0.17650,2.90010,0.73000,0.01660,0,0,0,1599,5,0,1024,1024,0,1568,0
1219,4.00960,0.16630,2.78340,1.04130,0.01810,0,0,0,1599,5,0,1024,1024,0,1568,0
1220,3.94270,0.17570,2.88330,0.86500,0.01820,0,0,0,1599,5,0,1024,1024,0,1568,0
1221,3.81780,0.17640,2.87270,0.75060,0.01760,0,0,0,1599,5,0,1024,1024,0,1568,0
1222,3.57570,0.21340,2.55940,0.78020,0.02230,0,0,0,1599,5,0,1024,1024,0,1568,0
1223,3.84990,0.16550,2.91690,0.75060,0.01660,0,0,0,1599,5,0,1024,1024,0,1568,0
1224,3.90450,0.17650,2.90490,0.80380,0.01890,0,0,0,1599,5,0,1024,1024,0,1568,0
1225,3.43160,0.18000,2.55030,0.67800,0.02290,0,0,0,1599,5,0,1024,1024,0,1568,0
1226,3.48360,0.17150,2.57690,0.71170,0.02300,0,0,0,1599,5,0,1024,1024,0,1568,0
1227,3.77820,0.17650,2.64630,0.93420,0.02050,0,0,0,1599,5,0,1024,1024,0,1568,0
1228,3.93980,0.21760,2.84840,0.85130,0.02170,0,0,0,1599,5,0,1024,1024,0,1568,0
1229,3.48200,0.16300,2.57730,0.72080,0.02010,0,0,0,1599,5,0,1024,1024,0,1568,0
1230,3.46500,0.16280,2.57130,0.71270,0.01760,0,0,0,1599,5,0,1024,1024,0,1568,0
1231,5.36570,1.87270,2.76570,0.70250,0.02360,0,0,0,1599,5,0,1024,1024,0,1568,0
1232,3.46920,0.21910,2.54330,0.68880,0.01730,0,0,0,1599,5,0,1024,1024,0,1568,0
1233,3.44900,0.22410,2.48550,0.70610,0.03270,0,0,0,1599,5,0,1024,1024,0,1568,0
1234,3.53130,0.21200,2.56860,0.72970,0.02010,0,0,0,1599,5,0,1024,1024,0,1568,0
1235,3.50090,0.20920,2.57280,0.69790,0.02020,0,0,0,1599,5,0,1024,1024,0,1568,0
1236,3.51950,0.19350,2.58250,0.72340,0.01950,0,0,0,1599,5,0,1024,1024,0,1568,0
1237,3.64570,0.17540,2.75300,0.69400,0.02260,0,0,0,1599,5,0,1024,1024,0,1568,0
1238,3.34910,0.16760,2.46580,0.69260,0.02270,0,0,0,1599,5,0,1024,1024,0,1568,0
1239,3.35020,0.17000,2.47860,0.68090,0.02030,0,0,0,1599,5,0,1024,1024,0,1568,0
1240,3.49820,0.19090,2.59830,0.68730,0.02100,0,0,0,1599,5,0,1024,1024,0,1568,0
1241,3.43230,0.17870,2.51440,0.71710,0.02150,0,0,0,1599,5,0,1024,1024,0,1568,0
1242,3.43870,0.16170,2.56270,0.69440,0.01930,0,0,0,1599,5,0,1024,1024,0,1568,0
1243,3.47650,0.20940,2.54340,0.70350,0.01960,0,0,0,1599,5,0,1024,1024,0,1568,0
1244,3.42410,0.16420,2.52080,0.70810,0.03040,0,0,0,1599,5,0,1024,1024,0,1568,0
1245,3.35330,0.19070,2.44640,0.69520,0.02060,0,0,0,1599,5,0,1024,1024,0,1568,0
1246,5.12830,1.82570,2.54390,0.73120,0.02690,0,0,0,1599,5,0,1024,1024,0,1568,0
1247,3.43090,0.18880,2.52070,0.69530,0.02540,0,0,0,1599,5,0,1024,1024,0,1568,0
1248,3.43820,0.22630,2.51220,0.68110,0.01790,0,0,0,1599,5,0,1024,1024,0,1568,0
1249,3.50110,0.18670,2.54720,0.74650,0.02010,0,0,0,1599,5,0,1024,1024,0,1568,0
1250,3.38120,0.17600,2.48480,0.69970,0.02010,0,0,0,1599,5,0,1024,1024,0,1568,0
1251,3.35590,0.18790,2.43650,0.71030,0.02060,0,0,0,1599,5,0,1024,1024,0,1568,0
1252,3.32330,0.23060,2.34280,0.72610,0.02320,0,0,0,1599,5,0,1024,1024,0,1568,0
1253,3.36440,0.20660,2.38740,0.74780,0.02200,0,0,0,1599,5,0,1024,1024,0,1568,0
1254,3.43780,0.22080,2.43120,0.76250,0.02280,0,0,0,1599,5,0,1024,1024,0,1568,0
1255,3.36800,0.23760,2.33710,0.77090,0.02180,0,0,0,1599,5,0,1024,1024,0,1568,0
1256,3.43490,0.22880,2.47190,0.70880,0.02470,0,0,0,1599,5,0,1024,1024,0,1568,0
1257,3.43290,0.21480,2.43290,0.76320,0.02120,0,0,0,1599,5,0,1024,1024,0,1568,0
1258,3.39000,0.19150,2.40470,0.75270,0.04040,0,0,0,1599,5,0,1024,1024,0,1568,0
1259,3.25360,0.19050,2.30170,0.73910,0.02170,0,0,0,1599,5,0,1024,1024,0,1568,0
1260,3.13710,0.20920,2.21380,0.68910,0.02440,0,0,0,1599,5,0,1024,1024,0,1568,0
1261,5.25740,1.91040,2.45650,0.85870,0.02990,0,0,0,1599,5,0,1024,1024,0,1568,0
1262,3.14110,0.18840,2.24870,0.67310,0.03030,0,0,0,1599,5,0,1024,1024,0,1568,0
1263,3.26630,0.20410,2.31130,0.71610,0.03430,0,0,0,1599,5,0,1024,1024,0,1568,0
1264,3.21820,0.19520,2.22530,0.76440,0.03260,0,0,0,1599,5,0,1024,1024,0,1568,0
1265,3.27580,0.18810,2.30030,0.75290,0.03370,0,0,0,1599,5,0,1024,1024,0,1568,0
1266,3.23500,0.21300,2.28870,0.70380,0.02890,0,0,0,1599,5,0,1024,1024,0,1568,0
1267,3.20220,0.21600,2.23950,0.71760,0.02860,0,0,0,1599,5,0,1024,1024,0,1568,0
1268,3.37280,0.23050,2.39030,0.72390,0.02760,0,0,0,1599,5,0,1024,1024,0,1568,0
1269,3.33960,0.21320,2.36880,0.72910,0.02780,0,0,0,1599,5,0,1024,1024,0,1568,0
1270,3.34200,0.22600,2.27230,0.81470,0.02840,0,0,0,1599,5,0,1024,1024,0,1568,0
1271,3.13490,0.22090,2.17490,0.70000,0.03810,0,0,0,1599,5,0,1024,1024,0,1568,0
1272,3.38050,0.23010,2.28700,0.83570,0.02690,0,0,0,1599,5,0,1024,1024,0,1568,0
1273,3.34190,0.21650,2.29340,0.78770,0.04360,0,0,0,1599,5,0,1024,1024,0,1568,0
1274,3.27460,0.22720,2.27250,0.74590,0.02810,0,0,0,1599,5,0,1024,1024,0,1568,0
1275,3.42460,0.24120,2.39790,0.75640,0.02830,0,0,0,1599,5,0,1024,1024,0,1568,0
1276,5.25370,1.96080,2.48160,0.77720,0.03330,0,0,0,1599,5,0,1024,1024,0,1568,0
1277,3.39040,0.23700,2.35220,0.77540,0.02530,0,0,0,1599,5,0,1024,1024,0,1568,0
1278,3.24910,0.23640,2.27510,0.71040,0.02660,0,0,0,1599,5,0,1024,1024,0,1568,0
1279,3.43490,0.22820,2.35180,0.74930,0.10460,0,0,0,1599,5,0,1024,1024,0,1568,0
1280,3.20340,0.21250,2.21920,0.74610,0.02490,0,0,0,1599,5,0,1024,1024,0,1568,0
1281,3.31170,0.24450,2.24770,0.79090,0.02780,0,0,0,1599,5,0,1024,1024,0,1568,0
1282,3.30990,0.22890,2.32050,0.73320,0.02660,0,0,0,1599,5,0,1024,1024,0,1568,0
1283,3.46640,0.21730,2.31700,0.82230,0.10900,0,0,0,1599,5,0,1024,1024,0,1568,0
1284,3.22310,0.22770,2.20070,0.76880,0.02510,0,0,0,1599,5,0,1024,1024,0,1568,0
1285,3.14600,0.22000,2.10990,0.78460,0.03080,0,0,0,1599,5,0,1024,1024,0,1568,0
1286,3.21590,0.22260,2.21270,0.75290,0.02690,0,0,0,1599,5,0,1024,1024,0,1568,0
1287,3.16800,0.23250,2.17900,0.72810,0.02780,0,0,0,1599,5,0,1024,1024,0,1568,0
1288,3.30520,0.22240,2.24040,0.78260,0.05900,0,0,0,1599,5,0,1024,1024,0,1568,0
1289,3.26430,0.23120,2.16780,0.83290,0.03190,0,0,0,1599,5,0,1024,1024,0,1568,0
1290,3.22100,0.22900,2.20090,0.76230,0.02820,0,0,0,1599,5,0,1024,1024,0,1568,0
1291,4.99980,1.84600,2.30170,0.82150,0.02890,0,0,0,1599,5,0,1024,1024,0,1568,0
1292,3.14590,0.23020,2.15130,0.73820,0.02540,0,0,0,1599,5,0,1024,1024,0,1568,0
1293,3.09270,0.21620,2.16790,0.68280,0.02530,0,0,0,1599,5,0,1024,1024,0,1568,0
1294,3.12930,0.21270,2.18100,0.70860,0.02610,0,0,0,1599,5,0,1024,1024,0,1568,0
1295,3.03920,0.21550,2.09560,0.70020,0.02720,0,0,0,1599,5,0,1024,1024,0,1568,0
1296,3.27260,0.19450,2.28970,0.75820,0.02960,0,0,0,1599,5,0,1024,1024,0,1568,0
1297,3.16510,0.22740,2.13630,0.77380,0.02690,0,0,0,1599,5,0,1024,1024,0,1568,0
1298,3.16820,0.22900,2.15610,0.75520,0.02730,0,0,0,1599,5,0,1024,1024,0,1568,0
1299,3.28630,0.22030,2.28780,0.74840,0.02910,0,0,0,1599,5,0,1024,1024,0,1568,0
1300,3.14050,0.23800,2.14740,0.72370,0.03060,0,0,0,1599,5,0,1024,1024,0,1568,0
1301,3.20400,0.21700,2.22210,0.73660,0.02760,0,0,0,1599,5,0,1024,1024,0,1568,0
1302,3.15790,0.23250,2.07570,0.82220,0.02670,0,0,0,1599,5,0,1024,1024,0,1568,0
1303,3.16350,0.23140,2.15300,0.75080,0.02760,0,0,0,1599,5,0,1024,1024,0,1568,0
1304,3.22050,0.22100,2.20690,0.76240,0.02950,0,0,0,1599,5,0,1024,1024,0,1568,0
1305,3.16990,0.22500,2.16120,0.75550,0.02760,0,0,0,1599,5,0,1024,1024,0,1568,0
1306,5.24870,2.02790,2.41140,0.78490,0.02340,0,0,0,1599,5,0,1024,1024,0,1568,0
1307,3.16970,0.24230,2.16070,0.73810,0.02790,0,0,0,1599,5,0,1024,1024,0,1568,0
1308,3.02650,0.19420,2.08840,0.71360,0.02970,0,0,0,1599,5,0,1024,1024,0,1568,0
1309,3.05190,0.18520,2.09080,0.74630,0.02890,0,0,0,1599,5,0,1024,1024,0,1568,0
1310,3.13170,0.23080,2.16280,0.70720,0.03010,0,0,0,1599,5,0,1024,1024,0,1568,0
1311,3.29300,0.21730,2.25270,0.79140,0.03070,0,0,0,1599,5,0,1024,1024,0,1568,0
1312,3.17030,0.23990,2.15500,0.74630,0.02850,0,0,0,1599,5,0,1024,1024,0,1568,0
1313,3.15220,0.23380,2.15530,0.73420,0.02820,0,0,0,1599,5,0,1024,1024,0,1568,0
1314,3.23050,0.21770,2.21500,0.77030,0.02700,0,0,0,1599,5,0,1024,1024,0,1568,0
1315,3.11000,0.23010,2.11650,0.73520,0.02740,0,0,0,1599,5,0,1024,1024,0,1568,0
1316,3.19840,0.23980,2.19830,0.72960,0.02990,0,0,0,1599,5,0,1024,1024,0,1568,0
1317,3.17820,0.23960,2.15020,0.75920,0.02890,0,0,0,1599,5,0,1024,1024,0,1568,0
1318,3.16240,0.23570,2.11970,0.78450,0.02160,0,0,0,1599,5,0,1024,1024,0,1568,0
1319,3.10090,0.20080,2.14040,0.73070,0.02820,0,0,0,1599,5,0,1024,1024,0,1568,0
1320,3.12050,0.23490,2.12330,0.73480,0.02660,0,0,0,1599,5,0,1024,1024,0,1568,0
1321,6.88460,2.01820,4.05650,0.78830,0.02020,0,0,0,1599,5,0,1024,1024,0,1568,0
1322,5.23670,0.15580,4.27290,0.78780,0.01960,0,0,0,1599,5,0,1024,1024,0,1568,0
1323,4.64060,0.16980,3.50240,0.94090,0.02680,0,0,0,1599,5,0,1024,1024,0,1568,0
1324,4.65720,0.15770,3.71380,0.76960,0.01560,0,0,0,1599,5,0,1024,1024,0,1568,0
1325,4.09630,0.15510,3.18150,0.73760,0.02150,0,0,0,1599,5,0,1024,1024,0,1568,0
1326,5.00820,0.16770,4.01740,0.80550,0.01700,0,0,0,1599,5,0,1024,1024,0,1568,0
1327,4.77890,0.16020,3.80740,0.78840,0.02230,0,0,0,1599,5,0,1024,1024,0,1568,0
1328,3.99810,0.17480,3.03990,0.76210,0.02070,0,0,0,1599,5,0,1024,1024,0,1568,0
1329,3.93080,0.17600,2.94700,0.78860,0.01850,0,0,0,1599,5,0,1024,1024,0,1568,0
1330,5.21280,0.17760,4.24960,0.76830,0.01660,0,0,0,1599,5,0,1024,1024,0,1568,0
1331,3.68320,0.16400,2.78670,0.70890,0.02290,0,0,0,1599,5,0,1024,1024,0,1568,0
1332,3.68970,0.16220,2.78330,0.71900,0.02450,0,0,0,1599,5,0,1024,1024,0,1568,0
1333,3.96390,0.18180,3.02550,0.73870,0.01720,0,0,0,1599,5,0,1024,1024,0,1568,0
1334,3.81380,0.17480,2.80260,0.80950,0.02640,0,0,0,1599,5,0,1024,1024,0,1568,0
1335,3.44430,0.16900,2.56440,0.69040,0.01990,0,0,0,1599,5,0,1024,1024,0,1568,0
1336,5.49260,1.92750,2.83580,0.70970,0.01890,0,0,0,1599,5,0,1024,1024,0,1568,0
1337,4.18010,0.17670,3.24770,0.73660,0.01860,0,0,0,1599,5,0,1024,1024,0,1568,0
1338,3.48490,0.17670,2.54790,0.69930,0.06030,0,0,0,1599,5,0,1024,1024,0,1568,0
1339,3.46690,0.20580,2.52270,0.71720,0.02060,0,0,0,1599,5,0,1024,1024,0,1568,0
1340,3.78100,0.17830,2.83930,0.73230,0.03060,0,0,0,1599,5,0,1024,1024,0,1568,0
1341,3.44330,0.16920,2.59140,0.66080,0.02130,0,0,0,1599,5,0,1024,1024,0,1568,0
1342,3.48160,0.18970,2.52960,0.74360,0.01820,0,0,0,1599,5,0,1024,1024,0,1568,0
1343,3.48320,0.19420,2.55090,0.71280,0.02460,0,0,0,1599,5,0,1024,1024,0,1568,0
1344,4.58810,0.21950,3.62050,0.72220,0.02520,0,0,0,1599,5,0,1024,1024,0,1568,0
1345,3.59360,0.22790,2.54350,0.80090,0.02090,0,0,0,1599,5,0,1024,1024,0,1568,0
1346,3.43250,0.19710,2.51010,0.70660,0.01800,0,0,0,1599,5,0,1024,1024,0,1568,0
1347,3.49520,0.20860,2.55340,0.69500,0.03730,0,0,0,1599,5,0,1024,1024,0,1568,0
1348,3.54680,0.24180,2.50850,0.73670,0.05900,0,0,0,1599,5,0,1024,1024,0,1568,0
1349,3.56090,0.21990,2.58140,0.73900,0.01990,0,0,0,1599,5,0,1024,1024,0,1568,0
1350,3.40580,0.20380,2.47650,0.70240,0.02240,0,0,0,1599,5,0,1024,1024,0,1568,0
1351,5.32790,2.00170,2.50830,0.78110,0.03560,0,0,0,1599,5,0,1024,1024,0,1568,0
1352,3.20420,0.20470,2.26290,0.71180,0.02420,0,0,0,1599,5,0,1024,1024,0,1568,0
1353,3.30630,0.22370,2.33520,0.71630,0.03050,0,0,0,1599,5,0,1024,1024,0,1568,0
1354,3.42740,0.21920,2.30010,0.87230,0.03500,0,0,0,1599,5,0,1024,1024,0,1568,0
1355,3.30780,0.22010,2.33650,0.70020,0.05020,0,0,0,1599,5,0,1024,1024,0,1568,0
1356,3.35870,0.23360,2.23650,0.83870,0.04920,0,0,0,1599,5,0,1024,1024,0,1568,0
1357,3.27940,0.21120,2.32980,0.71340,0.02440,0,0,0,1599,5,0,1024,1024,0,1568,0
1358,3.45730,0.20570,2.36550,0.85500,0.03050,0,0,0,1599,5,0,1024,1024,0,1568,0
1359,3.16310,0.20910,2.23460,0.69400,0.02500,0,0,0,1599,5,0,1024,1024,0,1568,0
1360,3.24150,0.21960,2.26740,0.72960,0.02440,0,0,0,1599,5,0,1024,1024,0,1568,0
1361,3.21740,0.21010,2.24290,0.73900,0.02470,0,0,0,1599,5,0,1024,1024,0,1568,0
1362,3.30090,0.21320,2.29500,0.76350,0.02840,0,0,0,1599,5,0,1024,1024,0,1568,0
1363,3.11420,0.23290,2.15330,0.70470,0.02270,0,0,0,1599,5,0,1024,1024,0,1568,0
1364,3.26790,0.25020,2.26780,0.72230,0.02680,0,0,0,1599,5,0,1024,1024,0,1568,0
1365,3.47040,0.22290,2.42540,0.79320,0.02810,0,0,0,1599,5,0,1024,1024,0,1568,0
1366,5.59880,1.99620,2.70020,0.87110,0.03030,0,0,0,1599,5,0,1024,1024,0,1568,0
1367,3.30980,0.23170,2.30150,0.74910,0.02660,0,0,0,1599,5,0,1024,1024,0,1568,0
1368,3.45580,0.24330,2.42490,0.75910,0.02780,0,0,0,1599,5,0,1024,1024,0,1568,0
1369,3.41330,0.22510,2.40180,0.76220,0.02350,0,0,0,1599,5,0,1024,1024,0,1568,0
1370,3.16570,0.23150,2.17260,0.73810,0.02300,0,0,0,1599,5,0,1024,1024,0,1568,0
1371,3.22900,0.19020,2.24960,0.76860,0.02000,0,0,0,1599,5,0,1024,1024,0,1568,0
1372,3.13600,0.22980,2.18220,0.70460,0.01890,0,0,0,1599,5,0,1024,1024,0,1568,0
1373,3.16450,0.25840,2.17080,0.71100,0.02350,0,0,0,1599,5,0,1024,1024,0,1568,0
1374,3.33390,0.18510,2.30060,0.82500,0.02270,0,0,0,1599,5,0,1024,1024,0,1568,0
1375,3.29750,0.23980,2.25430,0.77820,0.02430,0,0,0,1599,5,0,1024,1024,0,1568,0
1376,3.15610,0.22010,2.17330,0.73460,0.02750,0,0,0,1599,5,0,1024,1024,0,1568,0
1377,3.21960,0.20460,2.27790,0.71220,0.02420,0,0,0,1599,5,0,1024,1024,0,1568,0
1378,3.18900,0.21670,2.18450,0.75870,0.02810,0,0,0,1599,5,0,1024,1024,0,1568,0
1379,3.10530,0.19710,2.18280,0.70220,0.02260,0,0,0,1599,5,0,1024,1024,0,1568,0
1380,3.34020,0.21240,2.24610,0.85630,0.02430,0,0,0,1599,5,0,1024,1024,0,1568,0
1381,4.93380,1.91730,2.23280,0.75400,0.02740,0,0,0,1599,5,0,1024,1024,0,1568,0
1382,3.03220,0.22130,2.09780,0.68590,0.02670,0,0,0,1599,5,0,1024,1024,0,1568,0
1383,3.96040,1.02420,2.20990,0.70000,0.02550,0,0,0,1599,5,0,1024,1024,0,1568,0
1384,3.17850,0.21430,2.19530,0.74030,0.02800,0,0,0,1599,5,0,1024,1024,0,1568,0
1385,3.15070,0.21750,2.14290,0.76260,0.02700,0,0,0,1599,5,0,1024,1024,0,1568,0
1386,3.20410,0.20240,2.14970,0.82370,0.02770,0,0,0,1599,5,0,1024,1024,0,1568,0
1387,3.26140,0.21050,2.25390,0.76530,0.03050,0,0,0,1599,5,0,1024,1024,0,1568,0
1388,3.22320,0.23980,2.16140,0.79320,0.02780,0,0,0,1599,5,0,1024,1024,0,1568,0
1389,3.29700,0.22230,2.18100,0.86320,0.02970,0,0,0,1599,5,0,1024,1024,0,1568,0
1390,3.20350,0.21980,2.16700,0.78570,0.03040,0,0,0,1599,5,0,1024,1024,0,1568,0
1391,3.18170,0.20210,2.14840,0.80270,0.02780,0,0,0,1599,5,0,1024,1024,0,1568,0
1392,3.22570,0.21100,2.21680,0.76970,0.02750,0,0,0,1599,5,0,1024,1024,0,1568,0
1393,3.09280,0.23870,2.11900,0.71090,0.02360,0,0,0,1599,5,0,1024,1024,0,1568,0
1394,3.12440,0.22800,2.13390,0.73470,0.02710,0,0,0,1599,5,0,1024,1024,0,1568,0
1395,3.15740,0.23070,2.18830,0.70870,0.02890,0,0,0,1599,5,0,1024,1024,0,1568,0
1396,4.98150,1.87200,2.30640,0.77520,0.02720,0,0,0,1599,5,0,1024,1024,0,1568,0
1397,3.27270,0.24220,2.23000,0.77470,0.02510,0,0,0,1599,5,0,1024,1024,0,1568,0
1398,3.20270,0.22610,2.23190,0.71510,0.02890,0,0,0,1599,5,0,1024,1024,0,1568,0
1399,3.31090,0.23660,2.17560,0.86780,0.03010,0,0,0,1599,5,0,1024,1024,0,1568,0
1400,3.20140,0.22270,2.17930,0.77140,0.02720,0,0,0,1599,5,0,1024,1024,0,1568,0
1401,3.26690,0.19220,2.20970,0.83690,0.02750,0,0,0,1599,5,0,1024,1024,0,1568,0
1402,3.22670,0.22550,2.22510,0.74640,0.02900,0,0,0,1599,5,0,1024,1024,0,1568,0
1403,3.20860,0.20470,2.20680,0.76790,0.02860,0,0,0,1599,5,0,1024,1024,0,1568,0
1404,3.20160,0.23460,2.16620,0.77400,0.02610,0,0,0,1599,5,0,1024,1024,0,1568,0
1405,3.11810,0.23290,2.14310,0.71870,0.02290,0,0,0,1599,5,0,1024,1024,0,1568,0
1406,3.09590,0.19730,2.12560,0.74890,0.02360,0,0,0,1599,5,0,1024,1024,0,1568,0
1407,3.07790,0.22100,2.12220,0.70980,0.02430,0,0,0,1599,5,0,1024,1024,0,1568,0
1408,3.20180,0.24850,2.20310,0.72830,0.02130,0,0,0,1599,5,0,1024,1024,0,1568,0
1409,3.08800,0.24670,2.10350,0.71380,0.02320,0,0,0,1599,5,0,1024,1024,0,1568,0
1410,3.20960,0.21240,2.12010,0.84060,0.03560,0,0,0,1599,5,0,1024,1024,0,1568,0
1411,6.81280,1.91390,4.10720,0.77000,0.02050,0,0,0,1599,5,0,1024,1024,0,1568,0
1412,4.16360,0.16350,3.24160,0.74230,0.01560,0,0,0,1599,5,0,1024,1024,0,1568,0
1413,5.23300,0.17090,4.26240,0.78380,0.01520,0,0,0,1599,5,0,1024,1024,0,1568,0
1414,4.45700,0.15650,3.45680,0.78880,0.05410,0,0,0,1599,5,0,1024,1024,0,1568,0
1415,4.17910,0.21010,3.00030,0.93580,0.03230,0,0,0,1599,5,0,1024,1024,0,1568,0
1416,4.31170,0.16990,3.35450,0.76700,0.01980,0,0,0,1599,5,0,1024,1024,0,1568,0
1417,4.54940,0.16190,3.40960,0.95190,0.02510,0,0,0,1599,5,0,1024,1024,0,1568,0
1418,4.30130,0.17280,3.33870,0.76990,0.01920,0,0,0,1599,5,0,1024,1024,0,1568,0
1419,3.42910,0.20690,2.49270,0.70770,0.02100,0,0,0,1599,5,0,1024,1024,0,1568,0
1420,3.46770,0.17870,2.56690,0.70530,0.01610,0,0,0,1599,5,0,1024,1024,0,1568,0
1421,3.98270,0.16640,3.06790,0.73060,0.01720,0,0,0,1599,5,0,1024,1024,0,1568,0
1422,3.93760,0.17650,2.99640,0.74740,0.01650,0,0,0,1599,5,0,1024,1024,0,1568,0
1423,4.73530,0.18960,3.75660,0.76100,0.02720,0,0,0,1599,5,0,1024,1024,0,1568,0
1424,3.55710,0.19160,2.58330,0.74860,0.03290,0,0,0,1599,5,0,1024,1024,0,1568,0
1425,3.58520,0.17520,2.64260,0.74550,0.02120,0,0,0,1599,5,0,1024,1024,0,1568,0
1426,5.11980,1.82230,2.56210,0.71460,0.02010,0,0,0,1599,5,0,1024,1024,0,1568,0
1427,4.97040,0.21130,4.00080,0.73830,0.01930,0,0,0,1599,5,0,1024,1024,0,1568,0
1428,3.62350,0.34090,2.49900,0.76100,0.02180,0,0,0,1599,5,0,1024,1024,0,1568,0
1429,3.53670,0.17730,2.60390,0.72880,0.02610,0,0,0,1599,5,0,1024,1024,0,1568,0
1430,3.32820,0.21270,2.32350,0.76820,0.02330,0,0,0,1599,5,0,1024,1024,0,1568,0
1431,3.46560,0.21190,2.39250,0.83250,0.02790,0,0,0,1599,5,0,1024,1024,0,1568,0
1432,3.44330,0.18180,2.44250,0.79530,0.02300,0,0,0,1599,5,0,1024,1024,0,1568,0
1433,3.27530,0.20690,2.34500,0.70350,0.01940,0,0,0,1599,5,0,1024,1024,0,1568,0
1434,3.44540,0.23150,2.31340,0.87160,0.02830,0,0,0,1599,5,0,1024,1024,0,1568,0
1435,3.41730,0.22260,2.39300,0.77390,0.02720,0,0,0,1599,5,0,1024,1024,0,1568,0
1436,3.37290,0.22770,2.31570,0.80890,0.02000,0,0,0,1599,5,0,1024,1024,0,1568,0
1437,3.40030,0.21940,2.42570,0.72830,0.02620,0,0,0,1599,5,0,1024,1024,0,1568,0
1438,3.20520,0.21320,2.28400,0.68340,0.02400,0,0,0,1599,5,0,1024,1024,0,1568,0
1439,3.17760,0.22650,2.22260,0.68860,0.02650,0,0,0,1599,5,0,1024,1024,0,1568,0
1440,3.49640,0.20710,2.53150,0.73590,0.02090,0,0,0,1599,5,0,1024,1024,0,1568,0
1441,5.83600,1.84720,3.15180,0.80300,0.03210,0,0,0,1599,5,0,1024,1024,0,1568,0
1442,4.39510,0.18420,3.38270,0.80250,0.02480,0,0,0,1599,5,0,1024,1024,0,1568,0
1443,6.13430,0.18330,5.09220,0.82460,0.03330,0,0,0,1599,5,0,1024,1024,0,1568,0
1444,6.47950,0.16870,5.19350,1.09270,0.02400,0,0,0,1599,5,0,1024,1024,0,1568,0
1445,6.09340,0.15660,5.14820,0.76880,0.01920,0,0,0,1599,5,0,1024,1024,0,1568,0
1446,4.23800,0.15470,3.30990,0.75190,0.02090,0,0,0,1599,5,0,1024,1024,0,1568,0
1447,3.97510,0.17710,2.95450,0.82120,0.02170,0,0,0,1599,5,0,1024,1024,0,1568,0
1448,3.93650,0.17450,3.03360,0.70900,0.01870,0,0,0,1599,5,0,1024,1024,0,1568,0
1449,3.88760,0.19820,2.91120,0.75250,0.02500,0,0,0,1599,5,0,1024,1024,0,1568,0
1450,3.87610,0.17400,2.92040,0.74210,0.03900,0,0,0,1599,5,0,1024,1024,0,1568,0
1451,3.99380,0.18180,2.93750,0.84790,0.02590,0,0,0,1599,5,0,1024,1024,0,1568,0
1452,5.42530,0.19530,4.49130,0.71240,0.02550,0,0,0,1599,5,0,1024,1024,0,1568,0
1453,3.83800,0.18790,2.86840,0.75950,0.02170,0,0,0,1599,5,0,1024,1024,0,1568,0
1454,3.89820,0.19390,2.93860,0.74740,0.01730,0,0,0,1599,5,0,1024,1024,0,1568,0
1455,3.78210,0.18580,2.85650,0.71740,0.02190,0,0,0,1599,5,0,1024,1024,0,1568,0
1456,5.51090,1.82680,2.94320,0.72360,0.01660,0,0,0,1599,5,0,1024,1024,0,1568,0
1457,3.81430,0.17860,2.89740,0.71570,0.02210,0,0,0,1599,5,0,1024,1024,0,1568,0
1458,3.99380,0.18060,2.95150,0.83650,0.02430,0,0,0,1599,5,0,1024,1024,0,1568,0
1459,4.97290,0.20100,4.02350,0.73000,0.01690,0,0,0,1599,5,0,1024,1024,0,1568,0
1460,3.83940,0.16480,2.93310,0.72440,0.01630,0,0,0,1599,5,0,1024,1024,0,1568,0
1461,3.79670,0.17950,2.87680,0.72280,0.01710,0,0,0,1599,5,0,1024,1024,0,1568,0
1462,3.76100,0.18120,2.87260,0.68740,0.01910,0,0,0,1599,5,0,1024,1024,0,1568,0
1463,3.82590,0.18910,2.88640,0.73450,0.01530,0,0,0,1599,5,0,1024,1024,0,1568,0
1464,4.81380,0.17810,3.84520,0.77080,0.01930,0,0,0,1599,5,0,1024,1024,0,1568,0
1465,3.48460,0.17640,2.55890,0.72240,0.02640,0,0,0,1599,5,0,1024,1024,0,1568,0
1466,3.77460,0.18140,2.72760,0.79550,0.06950,0,0,0,1599,5,0,1024,1024,0,1568,0
1467,3.55410,0.25400,2.56500,0.71780,0.01690,0,0,0,1599,5,0,1024,1024,0,1568,0
1468,3.54900,0.20010,2.56650,0.76390,0.01800,0,0,0,1599,5,0,1024,1024,0,1568,0
1469,3.70480,0.18210,2.80710,0.69550,0.01950,0,0,0,1599,5,0,1024,1024,0,1568,0
1470,3.57540,0.17150,2.68910,0.69670,0.01750,0,0,0,1599,5,0,1024,1024,0,1568,0
1471,5.46080,1.93060,2.80110,0.70880,0.01910,0,0,0,1599,5,0,1024,1024,0,1568,0
1472,3.37510,0.17540,2.49160,0.69020,0.01750,0,0,0,1599,5,0,1024,1024,0,1568,0
1473,3.53550,0.16600,2.59270,0.71760,0.05870,0,0,0,1599,5,0,1024,1024,0,1568,0
1474,3.47340,0.22680,2.45170,0.75540,0.03880,0,0,0,1599,5,0,1024,1024,0,1568,0
1475,3.57540,0.21840,2.58470,0.74130,0.03010,0,0,0,1599,5,0,1024,1024,0,1568,0
1476,3.37750,0.19150,2.43510,0.72370,0.02650,0,0,0,1599,5,0,1024,1024,0,1568,0
1477,4.83820,0.22080,3.80490,0.77830,0.03340,0,0,0,1599,5,0,1024,1024,0,1568,0
1478,3.31130,0.19650,2.39770,0.68830,0.02730,0,0,0,1599,5,0,1024,1024,0,1568,0
1479,3.24800,0.20740,2.30760,0.70940,0.02290,0,0,0,1599,5,0,1024,1024,0,1568,0
1480,3.24770,0.19580,2.31460,0.70760,0.02840,0,0,0,1599,5,0,1024,1024,0,1568,0
1481,3.33820,0.21890,2.37720,0.71480,0.02630,0,0,0,1599,5,0,1024,1024,0,1568,0
1482,3.52330,0.21030,2.41260,0.86870,0.03070,0,0,0,1599,5,0,1024,1024,0,1568,0
1483,3.24410,0.18580,2.32850,0.69980,0.02930,0,0,0,1599,5,0,1024,1024,0,1568,0
1484,3.28660,0.20730,2.33290,0.72010,0.02520,0,0,0,1599,5,0,1024,1024,0,1568,0
1485,3.22650,0.21330,2.27400,0.71210,0.02630,0,0,0,1599,5,0,1024,1024,0,1568,0
1486,5.02180,1.86640,2.42870,0.70210,0.02310,0,0,0,1599,5,0,1024,1024,0,1568,0
1487,3.15400,0.19470,2.25510,0.67690,0.02650,0,0,0,1599,5,0,1024,1024,0,1568,0
1488,3.23160,0.20940,2.30720,0.68650,0.02810,0,0,0,1599,5,0,1024,1024,0,1568,0
1489,3.15350,0.19530,2.21610,0.71220,0.02920,0,0,0,1599,5,0,1024,1024,0,1568,0
1490,3.15190,0.18900,2.25400,0.68300,0.02520,0,0,0,1599,5,0,1024,1024,0,1568,0
1491,3.37010,0.20880,2.26160,0.86470,0.03420,0,0,0,1599,5,0,1024,1024,0,1568,0
1492,3.44380,0.21210,2.38770,0.81700,0.02650,0,0,0,1599,5,0,1024,1024,0,1568,0
1493,3.13930,0.19700,2.22900,0.68500,0.02770,0,0,0,1599,5,0,1024,1024,0,1568,0
1494,3.16520,0.18680,2.20650,0.74480,0.02650,0,0,0,1599,5,0,1024,1024,0,1568,0
1495,3.12550,0.19980,2.22760,0.67200,0.02530,0,0,0,1599,5,0,1024,1024,0,1568,0
1496,3.28150,0.19850,2.34220,0.71530,0.02480,0,0,0,1599,5,0,1024,1024,0,1568,0
1497,3.33100,0.18040,2.28860,0.83360,0.02780,0,0,0,1599,5,0,1024,1024,0,1568,0
1498,3.20920,0.20930,2.15090,0.82470,0.02350,0,0,0,1599,5,0,1024,1024,0,1568,0
1499,3.07860,0.19300,2.16970,0.69260,0.02260,0,0,0,1599,5,0,1024,1024,0,1568,0
1500,3.02640,0.19260,2.11860,0.68830,0.02620,0,0,0,1599,5,0,1024,1024,0,1568,0
1501,4.85890,1.85590,2.29090,0.68140,0.02890,0,0,0,1599,5,0,1024,1024,0,1568,0
1502,3.32900,0.20710,2.40880,0.68880,0.02350,0,0,0,1599,5,0,1024,1024,0,1568,0
1503,3.27680,0.19590,2.33960,0.71570,0.02510,0,0,0,1599,5,0,1024,1024,0,1568,0
1504,3.24980,0.20130,2.31050,0.71160,0.02570,0,0,0,1599,5,0,1024,1024,0,1568,0
1505,3.24570,0.19880,2.33210,0.68910,0.02490,0,0,0,1599,5,0,1024,1024,0,1568,0
1506,3.62900,0.19140,2.69890,0.71300,0.02510,0,0,0,1599,5,0,1024,1024,0,1568,0
1507,3.33680,0.17880,2.42630,0.70420,0.02680,0,0,0,1599,5,0,1024,1024,0,1568,0
1508,3.24370,0.21090,2.25230,0.75380,0.02590,0,0,0,1599,5,0,1024,1024,0,1568,0
1509,3.20030,0.20140,2.27870,0.69550,0.02400,0,0,0,1599,5,0,1024,1024,0,1568,0
1510,3.20740,0.20450,2.29370,0.68470,0.02400,0,0,0,1599,5,0,1024,1024,0,1568,0
1511,3.17990,0.18640,2.27020,0.69920,0.02310,0,0,0,1599,5,0,1024,1024,0,1568,0
1512,3.15300,0.18590,2.26800,0.67350,0.02480,0,0,0,1599,5,0,1024,1024,0,1568,0
1513,3.19600,0.20260,2.23290,0.73100,0.02900,0,0,0,1599,5,0,1024,1024,0,1568,0
1514,3.25490,0.19690,2.29630,0.73450,0.02640,0,0,0,1599,5,0,1024,1024,0,1568,0
1515,3.21700,0.20620,2.29730,0.68700,0.02580,0,0,0,1599,5,0,1024,1024,0,1568,0
1516,4.92120,1.84470,2.32890,0.71710,0.02970,0,0,0,1599,5,0,1024,1024,0,1568,0
1517,3.08950,0.20030,2.20460,0.65990,0.02420,0,0,0,1599,5,0,1024,1024,0,1568,0
1518,3.15790,0.19100,2.25650,0.68290,0.02680,0,0,0,1599,5,0,1024,1024,0,1568,0
1519,3.35700,0.19130,2.30730,0.83020,0.02770,0,0,0,1599,5,0,1024,1024,0,1568,0
1520,3.14020,0.19670,2.20010,0.71490,0.02780,0,0,0,1599,5,0,1024,1024,0,1568,0
1521,3.18740,0.18350,2.30030,0.67800,0.02500,0,0,0,1599,5,0,1024,1024,0,1568,0
1522,2.91690,0.18120,2.03590,0.67600,0.02300,0,0,0,1599,5,0,1024,1024,0,1568,0
1523,3.23140,0.18660,2.35030,0.66860,0.02520,0,0,0,1599,5,0,1024,1024,0,1568,0
1524,3.23090,0.19480,2.31740,0.69480,0.02320,0,0,0,1599,5,0,1024,1024,0,1568,0
1525,3.25900,0.20960,2.23460,0.78930,0.02480,0,0,0,1599,5,0,1024,1024,0,1568,0
1526,3.09320,0.18550,2.16880,0.69360,0.04460,0,0,0,1599,5,0,1024,1024,0,1568,0
1527,3.24030,0.26730,2.26390,0.67940,0.02910,0,0,0,1599,5,0,1024,1024,0,1568,0
1528,3.17840,0.21960,2.23510,0.69720,0.02590,0,0,0,1599,5,0,1024,1024,0,1568,0
1529,3.30240,0.20880,2.27830,0.78470,0.02990,0,0,0,1599,5,0,1024,1024,0,1568,0
1530,3.30500,0.22370,2.33760,0.71850,0.02460,0,0,0,1599,5,0,1024,1024,0,1568,0
1531,4.93210,1.87280,2.28390,0.74150,0.03230,0,0,0,1599,5,0,1024,1024,0,1568,0
1532,3.04280,0.21470,2.10490,0.69590,0.02660,0,0,0,1599,5,0,1024,1024,0,1568,0
1533,3.08720,0.22800,2.11330,0.71860,0.02670,0,0,0,1599,5,0,1024,1024,0,1568,0
1534,3.16560,0.20590,2.14930,0.78100,0.02860,0,0,0,1599,5,0,1024,1024,0,1568,0
1535,3.14740,0.22540,2.08250,0.81110,0.02780,0,0,0,1599,5,0,1024,1024,0,1568,0
1536,3.12260,0.21640,2.17330,0.70520,0.02700,0,0,0,1599,5,0,1024,1024,0,1568,0
1537,3.17510,0.19980,2.17100,0.77340,0.03020,0,0,0,1599,5,0,1024,1024,0,1568,0
1538,3.48340,0.22430,2.35770,0.87010,0.03010,0,0,0,1599,5,0,1024,1024,0,1568,0
1539,3.35170,0.22760,2.21920,0.87320,0.03100,0,0,0,1599,5,0,1024,1024,0,1568,0
1540,3.14100,0.21970,2.15740,0.73520,0.02810,0,0,0,1599,5,0,1024,1024,0,1568,0
1541,3.02110,0.21740,2.06920,0.70400,0.02940,0,0,0,1599,5,0,1024,1024,0,1568,0
1542,3.17950,0.21680,2.19500,0.74440,0.02270,0,0,0,1599,5,0,1024,1024,0,1568,0
1543,3.21810,0.21070,2.24450,0.73900,0.02310,0,0,0,1599,5,0,1024,1024,0,1568,0
1544,3.29120,0.23940,2.20850,0.81210,0.03050,0,0,0,1599,5,0,1024,1024,0,1568,0
1545,3.10820,0.21040,2.17030,0.70010,0.02680,0,0,0,1599,5,0,1024,1024,0,1568,0
1546,5.35320,1.88300,2.61190,0.83210,0.02550,0,0,0,1599,5,0,1024,1024,0,1568,0
1547,3.38500,0.21200,2.30520,0.83680,0.03010,0,0,0,1599,5,0,1024,1024,0,1568,0
1548,3.13540,0.22050,2.15070,0.73290,0.03060,0,0,0,1599,5,0,1024,1024,0,1568,0
1549,3.28280,0.23600,2.16310,0.85320,0.02980,0,0,0,1599,5,0,1024,1024,0,1568,0
1550,3.29180,0.22140,2.27110,0.76930,0.02940,0,0,0,1599,5,0,1024,1024,0,1568,0
1551,3.22640,0.23400,2.17000,0.79320,0.02860,0,0,0,1599,5,0,1024,1024,0,1568,0
1552,3.16680,0.22040,2.16800,0.75360,0.02400,0,0,0,1599,5,0,1024,1024,0,1568,0
1553,3.15990,0.22020,2.18910,0.72070,0.02920,0,0,0,1599,5,0,1024,1024,0,1568,0
1554,3.04330,0.23150,2.03900,0.74880,0.02330,0,0,0,1599,5,0,1024,1024,0,1568,0
1555,3.22430,0.22810,2.15840,0.81070,0.02640,0,0,0,1599,5,0,1024,1024,0,1568,0
1556,3.20960,0.19500,2.17570,0.80510,0.03330,0,0,0,1599,5,0,1024,1024,0,1568,0
1557,3.16140,0.20890,2.16950,0.75740,0.02470,0,0,0,1599,5,0,1024,1024,0,1568,0
1558,3.16800,0.23390,2.11930,0.78950,0.02470,0,0,0,1599,5,0,1024,1024,0,1568,0
1559,3.24220,0.24100,2.18770,0.78810,0.02480,0,0,0,1599,5,0,1024,1024,0,1568,0
1560,3.14990,0.23440,2.14470,0.74210,0.02810,0,0,0,1599,5,0,1024,1024,0,1568,0
1561,6.33020,1.95790,3.52220,0.82830,0.02030,0,0,0,1599,5,0,1024,1024,0,1568,0
1562,4.01180,0.18390,3.07610,0.73080,0.02030,0,0,0,1599,5,0,1024,1024,0,1568,0
1563,4.32360,0.17640,3.36460,0.76710,0.01500,0,0,0,1599,5,0,1024,1024,0,1568,0
1564,3.89600,0.17230,2.99450,0.71210,0.01640,0,0,0,1599,5,0,1024,1024,0,1568,0
1565,4.01740,0.18110,3.09630,0.72100,0.01830,0,0,0,1599,5,0,1024,1024,0,1568,0
1566,4.43390,0.18730,3.45730,0.76900,0.01980,0,0,0,1599,5,0,1024,1024,0,1568,0
1567,4.22700,0.18340,3.27950,0.74390,0.01970,0,0,0,1599,5,0,1024,1024,0,1568,0
1568,4.89220,0.17080,3.97180,0.72440,0.02450,0,0,0,1599,5,0,1024,1024,0,1568,0
1569,3.90450,0.17740,2.96130,0.74720,0.01770,0,0,0,1599,5,0,1024,1024,0,1568,0
1570,4.12250,0.17580,3.11710,0.80730,0.02160,0,0,0,1599,5,0,1024,1024,0,1568,0
1571,3.78410,0.18130,2.86330,0.72060,0.01830,0,0,0,1599,5,0,1024,1024,0,1568,0
1572,3.84920,0.17610,2.82790,0.81950,0.02520,0,0,0,1599,5,0,1024,1024,0,1568,0
1573,3.90900,0.16200,2.98690,0.73280,0.02650,0,0,0,1599,5,0,1024,1024,0,1568,0
1574,3.85110,0.18810,2.92940,0.71310,0.01980,0,0,0,1599,5,0,1024,1024,0,1568,0
1575,3.60220,0.17880,2.69500,0.70570,0.02180,0,0,0,1599,5,0,1024,1024,0,1568,0
1576,5.49080,1.89770,2.81450,0.76030,0.01750,0,0,0,1599,5,0,1024,1024,0,1568,0
1577,3.59970,0.17380,2.68770,0.71840,0.01910,0,0,0,1599,5,0,1024,1024,0,1568,0
1578,3.58430,0.19490,2.60380,0.76020,0.02480,0,0,0,1599,5,0,1024,1024,0,1568,0
1579,3.47400,0.18290,2.58390,0.68830,0.01830,0,0,0,1599,5,0,1024,1024,0,1568,0
1580,3.55980,0.16390,2.55300,0.82340,0.01890,0,0,0,1599,5,0,1024,1024,0,1568,0
1581,3.44470,0.17200,2.57570,0.67810,0.01820,0,0,0,1599,5,0,1024,1024,0,1568,0
1582,3.41900,0.17860,2.51610,0.70210,0.02160,0,0,0,1599,5,0,1024,1024,0,1568,0
1583,4.03340,0.18770,3.05170,0.77020,0.02300,0,0,0,1599,5,0,1024,1024,0,1568,0
1584,3.44580,0.21610,2.50860,0.69740,0.02330,0,0,0,1599,5,0,1024,1024,0,1568,0
1585,3.56830,0.23060,2.57290,0.73450,0.02950,0,0,0,1599,5,0,1024,1024,0,1568,0
1586,3.41030,0.18350,2.50950,0.69450,0.02230,0,0,0,1599,5,0,1024,1024,0,1568,0
1587,3.48440,0.21670,2.54280,0.70000,0.02440,0,0,0,1599,5,0,1024,1024,0,1568,0
1588,4.94330,0.20150,3.97790,0.73150,0.03150,0,0,0,1599,5,0,1024,1024,0,1568,0
1589,3.65830,0.23030,2.64960,0.75930,0.01830,0,0,0,1599,5,0,1024,1024,0,1568,0
1590,3.50340,0.22340,2.56170,0.69540,0.02220,0,0,0,1599,5,0,1024,1024,0,1568,0
1591,5.18290,1.85330,2.60760,0.69790,0.02230,0,0,0,1599,5,0,1024,1024,0,1568,0
1592,3.58360,0.18870,2.67730,0.69820,0.01860,0,0,0,1599,5,0,1024,1024,0,1568,0
1593,3.57890,0.17470,2.60490,0.77550,0.02250,0,0,0,1599,5,0,1024,1024,0,1568,0
1594,3.50780,0.17770,2.48910,0.81530,0.02520,0,0,0,1599,5,0,1024,1024,0,1568,0
1595,3.52290,0.18990,2.60720,0.70420,0.02090,0,0,0,1599,5,0,1024,1024,0,1568,0
1596,3.50340,0.18060,2.61250,0.69210,0.01770,0,0,0,1599,5,0,1024,1024,0,1568,0
1597,3.50930,0.19820,2.54440,0.71450,0.05150,0,0,0,1599,5,0,1024,1024,0,1568,0
1598,3.58230,0.21580,2.61030,0.73270,0.02290,0,0,0,1599,5,0,1024,1024,0,1568,0
1599,3.36390,0.17810,2.45140,0.71380,0.01990,0,0,0,1599,5,0,1024,1024,0,1568,0
1600,3.48710,0.20400,2.46180,0.79890,0.02190,0,0,0,1599,5,0,1024,1024,0,1568,0
1601,3.50380,0.20340,2.51420,0.76450,0.02100,0,0,0,1599,5,0,1024,1024,0,1568,0
1602,3.46880,0.18120,2.52480,0.74030,0.02180,0,0,0,1599,5,0,1024,1024,0,1568,0
1603,5.16850,0.22270,4.09510,0.82930,0.02070,0,0,0,1599,5,0,1024,1024,0,1568,0
1604,4.44930,0.16720,3.54720,0.71050,0.02370,0,0,0,1599,5,0,1024,1024,0,1568,0
1605,3.58030,0.23450,2.58710,0.73590,0.02220,0,0,0,1599,5,0,1024,1024,0,1568,0
1606,5.42890,1.90750,2.62870,0.86660,0.02530,0,0,0,1599,5,0,1024,1024,0,1568,0
1607,3.48880,0.20770,2.48160,0.76490,0.03370,0,0,0,1599,5,0,1024,1024,0,1568,0
1608,3.40110,0.20940,2.39930,0.76530,0.02660,0,0,0,1599,5,0,1024,1024,0,1568,0
1609,3.32430,0.18980,2.38350,0.72490,0.02520,0,0,0,1599,5,0,1024,1024,0,1568,0
1610,3.36830,0.19190,2.42280,0.72910,0.02380,0,0,0,1599,5,0,1024,1024,0,1568,0
1611,3.24770,0.21800,2.32590,0.67960,0.02340,0,0,0,1599,5,0,1024,1024,0,1568,0
1612,3.31560,0.19400,2.32120,0.77440,0.02540,0,0,0,1599,5,0,1024,1024,0,1568,0
1613,3.36100,0.22040,2.40450,0.71290,0.02260,0,0,0,1599,5,0,1024,1024,0,1568,0
1614,3.37000,0.22930,2.36070,0.75760,0.02170,0,0,0,1599,5,0,1024,1024,0,1568,0
1615,3.33710,0.20470,2.35390,0.75450,0.02320,0,0,0,1599,5,0,1024,1024,0,1568,0
1616,3.50990,0.23920,2.46560,0.78170,0.02280,0,0,0,1599,5,0,1024,1024,0,1568,0
1617,3.39380,0.22810,2.38410,0.75730,0.02350,0,0,0,1599,5,0,1024,1024,0,1568,0
1618,3.49850,0.22330,2.43740,0.81080,0.02630,0,0,0,1599,5,0,1024,1024,0,1568,0
1619,3.29460,0.20870,2.35720,0.70520,0.02260,0,0,0,1599,5,0,1024,1024,0,1568,0
1620,3.30700,0.19830,2.38750,0.69460,0.02590,0,0,0,1599,5,0,1024,1024,0,1568,0
1621,4.98220,1.86240,2.37290,0.71860,0.02680,0,0,0,1599,5,0,1024,1024,0,1568,0
1622,3.39780,0.22350,2.38020,0.72530,0.06800,0,0,0,1599,5,0,1024,1024,0,1568,0
1623,3.28450,0.22890,2.31320,0.71640,0.02530,0,0,0,1599,5,0,1024,1024,0,1568,0
1624,3.17760,0.20720,2.26840,0.67620,0.02530,0,0,0,1599,5,0,1024,1024,0,1568,0
1625,3.25470,0.19740,2.33610,0.69320,0.02720,0,0,0,1599,5,0,1024,1024,0,1568,0
1626,3.35380,0.21850,2.34010,0.76780,0.02670,0,0,0,1599,5,0,1024,1024,0,1568,0
1627,3.20890,0.20250,2.28960,0.68980,0.02610,0,0,0,1599,5,0,1024,1024,0,1568,0
1628,3.23640,0.21920,2.28850,0.70410,0.02390,0,0,0,1599,5,0,1024,1024,0,1568,0
1629,3.13090,0.20510,2.22020,0.67880,0.02590,0,0,0,1599,5,0,1024,1024,0,1568,0
1630,3.13190,0.19610,2.19710,0.71240,0.02570,0,0,0,1599,5,0,1024,1024,0,1568,0
1631,3.30510,0.22100,2.33730,0.72280,0.02340,0,0,0,1599,5,0,1024,1024,0,1568,0
1632,3.22850,0.21230,2.24560,0.74300,0.02700,0,0,0,1599,5,0,1024,1024,0,1568,0
1633,3.27760,0.21420,2.25580,0.78020,0.02650,0,0,0,1599,5,0,1024,1024,0,1568,0
1634,3.15650,0.20260,2.23910,0.68860,0.02530,0,0,0,1599,5,0,1024,1024,0,1568,0
1635,3.25380,0.22400,2.19320,0.80680,0.02910,0,0,0,1599,5,0,1024,1024,0,1568,0
1636,5.66990,1.80940,2.30080,1.51160,0.04720,0,0,0,1599,5,0,1024,1024,0,1568,0
1637,3.41440,0.23140,2.44760,0.70320,0.03150,0,0,0,1599,5,0,1024,1024,0,1568,0
1638,3.21610,0.20880,2.28030,0.70070,0.02550,0,0,0,1599,5,0,1024,1024,0,1568,0
1639,3.09650,0.17640,2.15540,0.71910,0.04470,0,0,0,1599,5,0,1024,1024,0,1568,0
1640,3.19870,0.21060,2.23800,0.72630,0.02320,0,0,0,1599,5,0,1024,1024,0,1568,0
1641,3.39900,0.25870,2.31670,0.79390,0.02910,0,0,0,1599,5,0,1024,1024,0,1568,0
1642,3.17910,0.22080,2.23900,0.69340,0.02530,0,0,0,1599,5,0,1024,1024,0,1568,0
1643,3.46660,0.23560,2.33450,0.86030,0.03550,0,0,0,1599,5,0,1024,1024,0,1568,0
1644,3.26090,0.23460,2.29130,0.70770,0.02680,0,0,0,1599,5,0,1024,1024,0,1568,0
1645,3.50210,0.22090,2.43160,0.81150,0.03730,0,0,0,1599,5,0,1024,1024,0,1568,0
1646,3.19590,0.22000,2.26490,0.68570,0.02470,0,0,0,1599,5,0,1024,1024,0,1568,0
1647,3.29760,0.20500,2.29480,0.77390,0.02330,0,0,0,1599,5,0,1024,1024,0,1568,0
1648,3.13930,0.20050,2.22660,0.68770,0.02370,0,0,0,1599,5,0,1024,1024,0,1568,0
1649,3.24040,0.21660,2.22680,0.77140,0.02490,0,0,0,1599,5,0,1024,1024,0,1568,0
1650,3.26420,0.22770,2.31050,0.70050,0.02480,0,0,0,1599,5,0,1024,1024,0,1568,0
1651,6.11340,1.93790,3.02420,1.11200,0.03770,0,0,0,1599,5,0,1024,1024,0,1568,0
1652,4.82140,0.21150,3.78500,0.80070,0.02330,0,0,0,1599,5,0,1024,1024,0,1568,0
1653,4.83840,0.37350,3.63020,0.80400,0.02980,0,0,0,1599,5,0,1024,1024,0,1568,0
1654,4.80350,0.31860,3.68950,0.76960,0.02490,0,0,0,1599,5,0,1024,1024,0,1568,0
1655,4.60680,0.17220,3.65980,0.74960,0.02440,0,0,0,1599,5,0,1024,1024,0,1568,0
1656,3.54760,0.17090,2.64670,0.71240,0.01700,0,0,0,1599,5,0,1024,1024,0,1568,0
1657,3.89570,0.16210,2.91910,0.79200,0.02180,0,0,0,1599,5,0,1024,1024,0,1568,0
1658,4.69470,0.16940,3.52420,0.97750,0.02290,0,0,0,1599,5,0,1024,1024,0,1568,0
1659,3.67470,0.17370,2.78320,0.69940,0.01790,0,0,0,1599,5,0,1024,1024,0,1568,0
1660,3.84980,0.17700,2.91020,0.74040,0.02160,0,0,0,1599,5,0,1024,1024,0,1568,0
1661,3.93390,0.16040,2.95960,0.79250,0.02090,0,0,0,1599,5,0,1024,1024,0,1568,0
1662,3.76720,0.17170,2.78750,0.73150,0.07560,0,0,0,1599,5,0,1024,1024,0,1568,0
1663,3.43810,0.17360,2.52770,0.69880,0.03740,0,0,0,1599,5,0,1024,1024,0,1568,0
1664,3.54040,0.22980,2.57760,0.71520,0.01720,0,0,0,1599,5,0,1024,1024,0,1568,0
1665,3.42670,0.16270,2.54040,0.70360,0.01950,0,0,0,1599,5,0,1024,1024,0,1568,0
1666,5.46640,1.84210,2.87040,0.73380,0.01950,0,0,0,1599,5,0,1024,1024,0,1568,0
1667,3.54740,0.19220,2.58700,0.74780,0.01960,0,0,0,1599,5,0,1024,1024,0,1568,0
1668,3.75210,0.17350,2.82410,0.73610,0.01780,0,0,0,1599,5,0,1024,1024,0,1568,0
1669,3.51960,0.17020,2.60520,0.72260,0.02080,0,0,0,1599,5,0,1024,1024,0,1568,0
1670,3.44900,0.17860,2.55120,0.70120,0.01720,0,0,0,1599,5,0,1024,1024,0,1568,0
1671,3.55640,0.16700,2.65980,0.71000,0.01900,0,0,0,1599,5,0,1024,1024,0,1568,0
1672,5.08390,0.19530,4.05590,0.81170,0.02030,0,0,0,1599,5,0,1024,1024,0,1568,0
1673,3.58010,0.24760,2.58920,0.72370,0.01890,0,0,0,1599,5,0,1024,1024,0,1568,0
1674,3.61700,0.19670,2.66210,0.73870,0.01880,0,0,0,1599,5,0,1024,1024,0,1568,0
1675,3.43260,0.22310,2.46690,0.71850,0.02350,0,0,0,1599,5,0,1024,1024,0,1568,0
1676,3.37960,0.21470,2.41970,0.72330,0.02110,0,0,0,1599,5,0,1024,1024,0,1568,0
1677,3.35130,0.19410,2.36460,0.76910,0.02300,0,0,0,1599,5,0,1024,1024,0,1568,0
1678,3.46590,0.22300,2.39130,0.82660,0.02430,0,0,0,1599,5,0,1024,1024,0,1568,0
1679,3.49900,0.23810,2.42140,0.81360,0.02510,0,0,0,1599,5,0,1024,1024,0,1568,0
1680,3.52140,0.23520,2.44410,0.78730,0.05410,0,0,0,1599,5,0,1024,1024,0,1568,0
1681,8.07160,2.00550,5.26410,0.77850,0.02210,0,0,0,1599,5,0,1024,1024,0,1568,0
1682,5.82400,0.15680,4.87090,0.77850,0.01710,0,0,0,1599,5,0,1024,1024,0,1568,0
1683,6.05280,0.16550,5.05180,0.81520,0.01970,0,0,0,1599,5,0,1024,1024,0,1568,0
1684,5.62030,0.15060,4.73460,0.70820,0.02620,0,0,0,1599,5,0,1024,1024,0,1568,0
1685,4.11450,0.17760,2.99520,0.91160,0.02960,0,0,0,1599,5,0,1024,1024,0,1568,0
1686,4.65810,0.16930,3.72950,0.74300,0.01570,0,0,0,1599,5,0,1024,1024,0,1568,0
1687,4.93990,0.17040,3.87630,0.87450,0.01810,0,0,0,1599,5,0,1024,1024,0,1568,0
1688,4.41590,0.17780,3.48940,0.72930,0.01870,0,0,0,1599,5,0,1024,1024,0,1568,0
1689,4.67780,0.16900,3.74600,0.74330,0.01900,0,0,0,1599,5,0,1024,1024,0,1568,0
1690,4.07660,0.21150,3.10340,0.73980,0.02100,0,0,0,1599,5,0,1024,1024,0,1568,0
1691,3.96610,0.17570,3.01790,0.75080,0.02110,0,0,0,1599,5,0,1024,1024,0,1568,0
1692,3.92450,0.16090,2.98240,0.76380,0.01680,0,0,0,1599,5,0,1024,1024,0,1568,0
1693,3.99850,0.16190,3.01810,0.79380,0.02420,0,0,0,1599,5,0,1024,1024,0,1568,0
1694,3.83340,0.17170,2.88600,0.75380,0.02130,0,0,0,1599,5,0,1024,1024,0,1568,0
1695,3.55620,0.17630,2.69090,0.67000,0.01830,0,0,0,1599,5,0,1024,1024,0,1568,0
1696,5.38230,1.79480,2.87500,0.69230,0.01950,0,0,0,1599,5,0,1024,1024,0,1568,0
1697,3.57560,0.21500,2.63570,0.69350,0.03080,0,0,0,1599,5,0,1024,1024,0,1568,0
1698,3.91460,0.18590,2.97410,0.72670,0.02680,0,0,0,1599,5,0,1024,1024,0,1568,0
1699,3.55420,0.19450,2.59320,0.68980,0.07620,0,0,0,1599,5,0,1024,1024,0,1568,0
1700,3.53590,0.21750,2.57950,0.71370,0.02460,0,0,0,1599,5,0,1024,1024,0,1568,0
1701,3.49950,0.17460,2.60670,0.69880,0.01860,0,0,0,1599,5,0,1024,1024,0,1568,0
1702,3.46430,0.19560,2.52740,0.71440,0.02620,0,0,0,1599,5,0,1024,1024,0,1568,0
1703,5.04420,0.18870,4.12190,0.71160,0.02120,0,0,0,1599,5,0,1024,1024,0,1568,0
1704,3.98590,0.18190,2.95060,0.82710,0.02570,0,0,0,1599,5,0,1024,1024,0,1568,0
1705,3.92400,0.22120,2.93410,0.74700,0.02090,0,0,0,1599,5,0,1024,1024,0,1568,0
1706,3.48150,0.21120,2.55030,0.69660,0.02270,0,0,0,1599,5,0,1024,1024,0,1568,0
1707,3.43720,0.18800,2.53850,0.68610,0.02370,0,0,0,1599,5,0,1024,1024,0,1568,0
1708,3.53120,0.18970,2.55330,0.76860,0.01890,0,0,0,1599,5,0,1024,1024,0,1568,0
1709,4.96890,0.22320,3.98400,0.73680,0.02420,0,0,0,1599,5,0,1024,1024,0,1568,0
1710,3.45770,0.21510,2.50860,0.70950,0.02380,0,0,0,1599,5,0,1024,1024,0,1568,0
1711,5.39890,1.82990,2.68870,0.85510,0.02420,0,0,0,1599,5,0,1024,1024,0,1568,0
1712,3.45010,0.18810,2.54080,0.69950,0.02090,0,0,0,1599,5,0,1024,1024,0,1568,0
1713,3.53410,0.17720,2.62370,0.70940,0.02300,0,0,0,1599,5,0,1024,1024,0,1568,0
1714,3.37770,0.19880,2.43070,0.72410,0.02360,0,0,0,1599,5,0,1024,1024,0,1568,0
1715,3.40380,0.20960,2.41350,0.75240,0.02740,0,0,0,1599,5,0,1024,1024,0,1568,0
1716,3.54310,0.23020,2.53960,0.74480,0.02770,0,0,0,1599,5,0,1024,1024,0,1568,0
1717,3.65790,0.24110,2.62660,0.76820,0.02130,0,0,0,1599,5,0,1024,1024,0,1568,0
1718,3.67580,0.20170,2.59230,0.85600,0.02520,0,0,0,1599,5,0,1024,1024,0,1568,0
1719,3.48900,0.18910,2.54570,0.73060,0.02320,0,0,0,1599,5,0,1024,1024,0,1568,0
1720,3.54510,0.19350,2.52810,0.80100,0.02180,0,0,0,1599,5,0,1024,1024,0,1568,0
1721,3.38290,0.20110,2.38130,0.77610,0.02380,0,0,0,1599,5,0,1024,1024,0,1568,0
1722,3.26530,0.22340,2.26040,0.75490,0.02590,0,0,0,1599,5,0,1024,1024,0,1568,0
1723,3.32450,0.20410,2.34280,0.75410,0.02270,0,0,0,1599,5,0,1024,1024,0,1568,0
1724,3.43000,0.19610,2.37840,0.83010,0.02480,0,0,0,1599,5,0,1024,1024,0,1568,0
1725,3.48020,0.20530,2.47440,0.77610,0.02360,0,0,0,1599,5,0,1024,1024,0,1568,0
1726,5.13820,1.98480,2.38890,0.73970,0.02410,0,0,0,1599,5,0,1024,1024,0,1568,0
1727,3.32570,0.18930,2.33820,0.77400,0.02320,0,0,0,1599,5,0,1024,1024,0,1568,0
1728,3.34750,0.24300,2.32080,0.75970,0.02320,0,0,0,1599,5,0,1024,1024,0,1568,0
1729,3.38800,0.23990,2.39490,0.72640,0.02630,0,0,0,1599,5,0,1024,1024,0,1568,0
1730,3.34710,0.22570,2.32940,0.76620,0.02500,0,0,0,1599,5,0,1024,1024,0,1568,0
1731,3.20230,0.20730,2.26570,0.70480,0.02390,0,0,0,1599,5,0,1024,1024,0,1568,0
1732,3.35520,0.22110,2.33350,0.77690,0.02310,0,0,0,1599,5,0,1024,1024,0,1568,0
1733,3.42480,0.21210,2.41950,0.76980,0.02240,0,0,0,1599,5,0,1024,1024,0,1568,0
1734,3.35660,0.24200,2.35120,0.73870,0.02400,0,0,0,1599,5,0,1024,1024,0,1568,0
1735,3.23130,0.23310,2.21580,0.75600,0.02560,0,0,0,1599,5,0,1024,1024,0,1568,0
1736,3.20490,0.21240,2.22860,0.73850,0.02460,0,0,0,1599,5,0,1024,1024,0,1568,0
1737,3.26200,0.24320,2.19070,0.79980,0.02750,0,0,0,1599,5,0,1024,1024,0,1568,0
1738,3.24300,0.21150,2.23990,0.76740,0.02370,0,0,0,1599,5,0,1024,1024,0,1568,0
1739,3.32180,0.24310,2.30970,0.74700,0.02120,0,0,0,1599,5,0,1024,1024,0,1568,0
1740,3.35420,0.22470,2.28360,0.82040,0.02480,0,0,0,1599,5,0,1024,1024,0,1568,0
1741,6.72410,1.96500,3.88850,0.84600,0.02300,0,0,0,1599,5,0,1024,1024,0,1568,0
1742,6.07390,0.19130,5.08650,0.76730,0.02800,0,0,0,1599,5,0,1024,1024,0,1568,0
1743,7.42770,0.16680,6.34330,0.89970,0.01700,0,0,0,1599,5,0,1024,1024,0,1568,0
1744,4.82660,0.17990,3.87500,0.74380,0.02720,0,0,0,1599,5,0,1024,1024,0,1568,0
1745,3.95590,0.19240,3.05130,0.68740,0.02410,0,0,0,1599,5,0,1024,1024,0,1568,0
1746,3.91190,0.17720,3.01430,0.70580,0.01420,0,0,0,1599,5,0,1024,1024,0,1568,0
1747,4.28910,0.18880,3.35550,0.72520,0.01870,0,0,0,1599,5,0,1024,1024,0,1568,0
1748,4.79250,0.20330,3.82510,0.73700,0.02630,0,0,0,1599,5,0,1024,1024,0,1568,0
1749,3.94460,0.19400,3.00470,0.72830,0.01680,0,0,0,1599,5,0,1024,1024,0,1568,0
1750,3.81180,0.18000,2.89020,0.72250,0.01830,0,0,0,1599,5,0,1024,1024,0,1568,0
1751,3.85750,0.17850,2.92840,0.73360,0.01650,0,0,0,1599,5,0,1024,1024,0,1568,0
1752,5.23340,0.18990,3.92180,1.09660,0.02430,0,0,0,1599,5,0,1024,1024,0,1568,0
1753,3.80950,0.17690,2.89050,0.72390,0.01770,0,0,0,1599,5,0,1024,1024,0,1568,0
1754,3.88990,0.20590,2.92660,0.73670,0.01950,0,0,0,1599,5,0,1024,1024,0,1568,0
1755,4.07180,0.17880,2.99870,0.87330,0.02020,0,0,0,1599,5,0,1024,1024,0,1568,0
1756,5.29920,1.82680,2.68170,0.76850,0.02120,0,0,0,1599,5,0,1024,1024,0,1568,0
1757,3.49970,0.24220,2.54990,0.68700,0.02010,0,0,0,1599,5,0,1024,1024,0,1568,0
1758,3.52290,0.18530,2.61500,0.70460,0.01730,0,0,0,1599,5,0,1024,1024,0,1568,0
1759,3.42720,0.18410,2.52720,0.69760,0.01750,0,0,0,1599,5,0,1024,1024,0,1568,0
1760,3.65850,0.19620,2.66900,0.74020,0.05240,0,0,0,1599,5,0,1024,1024,0,1568,0
1761,4.95120,0.21220,3.99810,0.71670,0.02360,0,0,0,1599,5,0,1024,1024,0,1568,0
1762,3.36980,0.18100,2.49860,0.66900,0.02040,0,0,0,1599,5,0,1024,1024,0,1568,0
1763,3.42510,0.17680,2.51940,0.70760,0.02060,0,0,0,1599,5,0,1024,1024,0,1568,0
1764,3.74870,0.18560,2.78930,0.74970,0.02360,0,0,0,1599,5,0,1024,1024,0,1568,0
1765,3.52620,0.18600,2.55680,0.76490,0.01780,0,0,0,1599,5,0,1024,1024,0,1568,0
1766,3.51870,0.17740,2.55260,0.76850,0.01940,0,0,0,1599,5,0,1024,1024,0,1568,0
1767,3.37200,0.17200,2.48800,0.69270,0.01880,0,0,0,1599,5,0,1024,1024,0,1568,0
1768,4.23750,0.19010,3.26620,0.75590,0.02470,0,0,0,1599,5,0,1024,1024,0,1568,0
1769,3.44640,0.17170,2.46470,0.78500,0.02430,0,0,0,1599,5,0,1024,1024,0,1568,0
1770,3.43430,0.17690,2.53420,0.70380,0.01870,0,0,0,1599,5,0,1024,1024,0,1568,0
1771,5.04670,1.86540,2.44040,0.71850,0.02080,0,0,0,1599,5,0,1024,1024,0,1568,0
1772,3.52660,0.22840,2.45120,0.81760,0.02870,0,0,0,1599,5,0,1024,1024,0,1568,0
1773,3.39820,0.21450,2.45450,0.70730,0.02130,0,0,0,1599,5,0,1024,1024,0,1568,0
1774,3.24040,0.22140,2.28650,0.70510,0.02690,0,0,0,1599,5,0,1024,1024,0,1568,0
1775,3.31520,0.18920,2.28660,0.79200,0.04660,0,0,0,1599,5,0,1024,1024,0,1568,0
1776,3.52600,0.29870,2.36900,0.82980,0.02780,0,0,0,1599,5,0,1024,1024,0,1568,0
1777,3.22350,0.21150,2.29850,0.68510,0.02770,0,0,0,1599,5,0,1024,1024,0,1568,0
1778,3.30870,0.20570,2.37660,0.70290,0.02280,0,0,0,1599,5,0,1024,1024,0,1568,0
1779,3.38960,0.21760,2.28770,0.85610,0.02740,0,0,0,1599,5,0,1024,1024,0,1568,0
1780,3.30790,0.22150,2.30610,0.74950,0.03030,0,0,0,1599,5,0,1024,1024,0,1568,0
1781,3.35350,0.20140,2.29100,0.83210,0.02810,0,0,0,1599,5,0,1024,1024,0,1568,0
1782,3.25530,0.21320,2.31510,0.70150,0.02480,0,0,0,1599,5,0,1024,1024,0,1568,0
1783,3.22950,0.20140,2.31440,0.68780,0.02540,0,0,0,1599,5,0,1024,1024,0,1568,0
1784,3.28490,0.22070,2.25350,0.78050,0.02960,0,0,0,1599,5,0,1024,1024,0,1568,0
1785,3.27900,0.20590,2.28570,0.75770,0.02910,0,0,0,1599,5,0,1024,1024,0,1568,0
1786,5.06430,1.86210,2.47360,0.70320,0.02490,0,0,0,1599,5,0,1024,1024,0,1568,0
1787,3.54010,0.19880,2.43570,0.87580,0.02910,0,0,0,1599,5,0,1024,1024,0,1568,0
1788,3.37320,0.23030,2.31740,0.79550,0.02950,0,0,0,1599,5,0,1024,1024,0,1568,0
1789,3.35120,0.22080,2.33240,0.77470,0.02260,0,0,0,1599,5,0,1024,1024,0,1568,0
1790,3.22880,0.18810,2.31110,0.70740,0.02140,0,0,0,1599,5,0,1024,1024,0,1568,0
1791,3.25630,0.20930,2.31010,0.71250,0.02380,0,0,0,1599,5,0,1024,1024,0,1568,0
1792,3.37660,0.22060,2.38200,0.74350,0.03000,0,0,0,1599,5,0,1024,1024,0,1568,0
1793,3.26960,0.23820,2.29200,0.71270,0.02580,0,0,0,1599,5,0,1024,1024,0,1568,0
1794,3.39590,0.23630,2.31180,0.82380,0.02320,0,0,0,1599,5,0,1024,1024,0,1568,0
1795,3.20160,0.20860,2.26810,0.69430,0.03000,0,0,0,1599,5,0,1024,1024,0,1568,0
1796,3.32210,0.19720,2.29570,0.80380,0.02470,0,0,0,1599,5,0,1024,1024,0,1568,0
1797,3.34340,0.23440,2.28560,0.80100,0.02170,0,0,0,1599,5,0,1024,1024,0,1568,0
1798,3.38930,0.23180,2.32040,0.81220,0.02420,0,0,0,1599,5,0,1024,1024,0,1568,0
1799,3.25670,0.22300,2.29880,0.71400,0.02030,0,0,0,1599,5,0,1024,1024,0,1568,0
1800,3.40770,0.21640,2.35870,0.80940,0.02260,0,0,0,1599,5,0,1024,1024,0,1568,0
