tick,total_ms,navigation_ms,neighbors_ms,avoidance_ms,integration_ms,expanded,pending,failed,coarse,fallbacks,replans,first_arrived,current_arrived,never_ready,safety_pair_checks,limited
1,29.46820,21.49000,5.36910,2.56530,0.04200,403,1751,0,16,0,0,0,0,1751,2805,0
2,13.97220,6.66320,4.87630,2.38500,0.04590,516,1735,0,32,0,0,0,0,1735,2804,0
3,10.51620,5.44450,3.39030,1.64370,0.03580,368,1719,0,48,0,0,0,0,1719,2784,0
4,12.29940,6.69050,3.84730,1.72410,0.03540,547,1704,0,64,0,0,0,0,1703,2778,0
5,12.48170,7.25090,3.52580,1.65890,0.04430,748,1688,0,80,0,0,0,0,1687,2774,0
6,12.10120,5.89240,4.07090,2.09950,0.03670,395,1672,0,96,0,0,0,0,1671,2777,0
7,11.92490,5.98080,4.22590,1.68120,0.03530,596,1656,0,112,0,0,0,0,1655,2776,0
8,10.59860,5.61820,3.44370,1.50550,0.02970,498,1641,0,128,0,0,0,0,1639,2774,0
9,10.66400,5.13430,3.98120,1.51540,0.03100,468,1625,0,144,0,0,0,0,1623,2761,0
10,10.91750,5.57400,3.84340,1.46990,0.02930,598,1609,0,160,0,0,0,0,1607,2774,0
11,11.33480,5.58870,4.18890,1.52350,0.03240,601,1593,0,176,0,0,0,0,1591,2776,0
12,10.24810,5.21170,3.49690,1.50470,0.03320,518,1577,0,192,0,0,0,0,1575,2777,0
13,11.33590,5.53340,4.20040,1.56560,0.03490,640,1562,0,208,0,0,0,0,1559,2769,0
14,10.96320,5.32900,4.00510,1.59220,0.03540,572,1546,0,224,0,0,0,0,1543,2772,0
15,9.99840,4.79120,3.30480,1.86660,0.03440,450,1530,0,240,0,0,0,0,1527,2779,0
16,17.99230,12.17430,4.25090,1.51300,0.05260,431,1514,0,256,0,0,0,0,1511,2795,0
17,10.74100,4.97740,4.20470,1.51940,0.03820,419,1498,0,272,0,0,0,0,1495,2796,0
18,10.70520,5.01530,4.12420,1.53350,0.03110,459,1482,0,288,0,0,0,0,1479,2819,0
19,9.49720,4.40570,3.52970,1.53140,0.02910,301,1467,0,304,0,0,0,0,1463,2836,0
20,10.83400,5.04690,4.14210,1.60790,0.03570,590,1451,0,320,0,0,0,0,1447,2841,0
21,11.15540,5.85140,3.77550,1.49930,0.02760,770,1435,0,336,0,0,0,0,1431,2854,0
22,10.55180,4.72830,4.14350,1.63330,0.03530,355,1420,0,352,0,0,0,0,1415,2874,0
23,10.86820,4.95620,4.28760,1.57610,0.04680,482,1405,0,368,0,0,0,0,1399,2877,0
24,11.02220,5.07090,4.29830,1.61650,0.03470,618,1389,0,384,0,0,0,0,1383,2859,0
25,11.28030,6.07420,3.58480,1.58880,0.03040,375,1374,0,400,0,0,0,0,1367,2846,0
26,9.97590,4.81860,3.55360,1.57570,0.02690,537,1358,0,416,0,0,0,0,1351,2841,0
27,9.98320,4.65940,3.67620,1.59620,0.05020,471,1342,0,432,0,0,0,0,1335,2817,0
28,11.14310,5.28020,4.11020,1.69880,0.05250,407,1327,0,448,0,0,0,0,1319,2820,0
29,11.35200,5.59480,4.04410,1.67820,0.03290,720,1312,0,464,0,0,0,0,1303,2815,0
30,11.14330,5.29740,4.21100,1.58930,0.03040,566,1298,0,480,0,0,0,0,1287,2820,0
31,19.59060,11.76530,5.61470,2.16740,0.04100,348,1282,0,496,0,0,0,0,1271,2818,0
32,12.94860,5.39800,5.79200,1.72180,0.03490,545,1266,0,512,0,0,0,0,1255,2823,0
33,10.88970,4.85860,4.22630,1.75690,0.04580,470,1250,0,528,0,0,0,0,1239,2828,0
34,10.88380,5.04500,4.19570,1.60360,0.03730,306,1234,0,544,0,0,0,0,1223,2821,0
35,10.75650,5.09290,3.87090,1.75270,0.03830,491,1219,0,560,0,0,0,0,1207,2813,0
36,10.16200,4.66440,3.83940,1.62220,0.03430,400,1204,0,576,0,0,0,0,1191,2812,0
37,11.73370,5.91100,4.17300,1.61790,0.03010,978,1188,0,592,0,0,0,0,1175,2818,0
38,10.91400,5.04470,3.64820,2.17740,0.04210,565,1173,0,608,0,0,0,0,1159,2802,0
39,10.89540,5.02040,4.18690,1.64960,0.03700,496,1157,0,624,0,0,0,0,1143,2778,0
40,11.47950,5.42240,3.93490,2.08930,0.03090,611,1141,0,640,0,0,0,0,1127,2775,0
41,10.79980,5.42170,3.75820,1.57450,0.04280,648,1125,0,656,0,0,0,0,1111,2757,0
42,11.01010,4.92460,4.00810,2.04070,0.03460,505,1110,0,672,0,0,0,0,1095,2744,0
43,10.87060,4.94790,4.25760,1.62920,0.03430,480,1095,0,688,0,0,0,0,1079,2720,0
44,11.13000,4.94590,3.77360,2.37390,0.03520,556,1080,0,704,0,0,0,0,1063,2723,0
45,10.90930,4.84950,4.06440,1.93240,0.06170,442,1065,0,720,0,0,0,0,1047,2745,0
46,18.92230,13.23890,4.08280,1.56730,0.03120,709,1049,0,736,0,0,0,0,1031,2733,0
47,11.16360,5.11250,4.27390,1.72780,0.04750,455,1034,0,752,0,0,0,0,1015,2728,0
48,10.83390,4.95600,4.19260,1.63690,0.04670,513,1019,0,768,0,0,0,0,999,2716,0
49,10.81860,5.16540,3.94950,1.62770,0.04640,532,1003,0,784,0,0,0,0,983,2701,0
50,11.61260,4.97700,4.84080,1.74510,0.04780,555,988,0,800,0,0,0,0,967,2696,0
51,11.73870,5.14110,4.17430,2.38170,0.03970,471,973,0,816,0,0,0,0,951,2664,0
52,10.51810,4.65240,3.88250,1.89590,0.08530,310,957,0,832,0,0,0,0,935,2632,0
53,10.89760,5.13900,4.05260,1.65430,0.04960,600,941,0,848,0,0,0,0,919,2631,0
54,11.23960,5.44230,4.15590,1.59720,0.04190,787,926,0,864,0,0,0,0,903,2624,0
55,11.60960,5.22940,3.97520,2.33580,0.06690,429,911,0,880,0,0,0,0,887,2596,0
56,11.81440,5.04450,5.14350,1.58240,0.04210,459,897,0,896,0,0,0,0,871,2601,0
57,11.44980,5.26480,4.07730,2.06040,0.04480,520,882,0,912,0,0,0,0,855,2615,0
58,10.55540,4.86690,4.04670,1.59340,0.04680,341,866,0,928,0,0,0,0,839,2602,0
59,11.26500,5.47800,4.02060,1.72200,0.04250,415,850,0,944,0,0,0,0,823,2604,0
60,11.31250,5.35810,4.17640,1.74160,0.03410,562,834,0,960,0,0,0,0,807,2576,0
61,20.09180,13.14140,5.28340,1.63590,0.02890,667,819,0,976,0,0,0,0,791,2565,0
62,12.31550,5.32250,5.21950,1.71860,0.03960,685,803,0,992,0,0,0,0,775,2581,0
63,11.67870,5.59660,4.28260,1.74680,0.05080,553,788,0,1008,0,0,0,0,759,2553,0
64,10.99970,4.87320,4.29900,1.75560,0.06960,471,772,0,1024,0,0,0,0,743,2551,0
65,11.03920,5.17630,4.07910,1.65370,0.12800,517,757,0,1040,0,0,0,0,727,2557,0
66,11.20860,4.84980,4.15320,2.16110,0.04280,502,742,0,1056,0,0,0,0,711,2564,0
67,10.80550,4.80440,4.33660,1.63010,0.03240,374,728,0,1072,0,0,0,0,695,2562,0
68,11.31680,5.43950,4.12120,1.71950,0.03470,657,715,0,1088,0,0,0,0,679,2546,0
69,10.72750,4.70010,4.19850,1.78230,0.04530,398,699,0,1104,0,0,0,0,663,2519,0
70,10.73650,4.92810,4.12980,1.64850,0.02870,664,685,0,1120,0,0,0,0,647,2488,0
71,11.04010,5.23380,4.14960,1.60970,0.03160,693,669,0,1136,0,0,0,0,631,2465,0
72,10.78370,5.02650,4.05020,1.67070,0.03410,366,655,0,1152,0,0,0,0,615,2467,0
73,10.50150,5.09950,3.71400,1.65620,0.02970,498,640,0,1168,0,0,0,0,599,2458,0
74,11.38170,4.81690,4.25420,2.25150,0.05750,544,624,0,1184,0,0,0,0,583,2462,0
75,10.49940,4.95210,3.88560,1.61210,0.04750,398,611,0,1200,0,0,0,0,567,2438,0
76,18.88930,12.62290,4.44910,1.77510,0.04010,553,595,0,1216,0,0,0,0,551,2460,0
77,11.54050,5.56790,4.17590,1.75460,0.03980,569,582,0,1232,0,0,0,0,535,2447,0
78,11.63380,5.11170,4.25970,2.20470,0.05620,426,566,0,1248,0,0,0,0,519,2472,0
79,12.50770,5.51150,5.16030,1.78930,0.04460,611,553,0,1264,0,0,0,0,503,2441,0
80,12.01880,5.55700,4.08850,2.33320,0.03800,663,539,0,1280,0,0,0,0,487,2440,0
81,11.17800,5.29420,4.00600,1.82880,0.04720,392,524,0,1296,0,0,0,0,471,2421,0
82,11.27080,5.17520,4.33870,1.71670,0.03820,676,512,0,1312,0,0,0,0,455,2418,0
83,11.70370,4.83150,5.09060,1.74210,0.03770,348,499,0,1328,0,0,1,1,439,2423,0
84,11.16250,5.23400,4.17650,1.68520,0.06500,440,483,0,1344,0,0,1,1,423,2432,0
85,11.18380,5.44760,4.08130,1.62250,0.03130,478,469,0,1360,0,0,1,1,407,2439,0
86,11.15930,5.18130,3.99890,1.89630,0.08140,836,453,0,1376,0,0,1,1,391,2461,0
87,11.42850,5.30380,4.24370,1.83050,0.03570,539,438,0,1392,0,0,1,1,375,2437,0
88,11.84020,5.34740,4.65660,1.76560,0.06830,452,425,0,1408,0,0,1,1,359,2430,0
89,10.85110,5.09200,4.12120,1.60750,0.02810,493,415,0,1424,0,0,1,1,343,2403,0
90,10.41680,5.09070,3.45470,1.83420,0.03540,609,400,0,1440,0,0,1,1,327,2415,0
91,20.20540,12.39610,5.99620,1.77710,0.03430,595,386,0,1456,0,0,1,1,311,2431,0
92,13.33690,5.33050,6.26580,1.68390,0.05510,492,373,0,1472,0,0,1,1,295,2422,0
93,11.45070,5.43910,4.32010,1.65660,0.03350,538,358,0,1488,0,0,1,1,279,2415,0
94,10.71380,4.80730,4.19340,1.65690,0.05480,344,343,0,1504,0,0,1,1,263,2409,0
95,10.62950,5.08000,3.69870,1.81660,0.03310,677,328,0,1520,0,0,1,1,247,2397,0
96,10.93730,5.41650,3.74310,1.74170,0.03390,644,312,0,1536,0,0,1,1,231,2381,0
97,10.85000,4.99190,4.03100,1.79240,0.03330,330,298,0,1552,0,0,1,1,215,2371,0
98,10.79470,4.91870,4.11070,1.72720,0.03670,548,283,0,1568,0,0,1,1,199,2357,0
99,10.65700,4.79670,4.06640,1.75350,0.03890,454,268,0,1584,0,0,1,1,183,2386,0
100,9.97810,4.72140,3.44830,1.76450,0.04270,425,254,0,1600,0,0,1,1,167,2388,0
101,10.61220,4.90110,3.88110,1.75600,0.07290,408,240,0,1616,0,0,1,1,151,2401,0
102,10.44230,4.72140,3.93060,1.75790,0.03100,374,227,0,1632,0,0,1,1,135,2411,0
103,10.82050,4.84850,4.16980,1.70880,0.09130,609,215,0,1648,0,0,1,1,119,2391,0
104,12.00350,5.35870,4.19600,2.41880,0.02870,714,205,0,1664,0,0,1,1,103,2371,0
105,12.01030,5.30740,4.75960,1.88940,0.05210,489,194,0,1680,0,0,1,1,87,2348,0
106,18.08320,12.30190,4.04420,1.68840,0.04730,526,180,0,1696,0,0,1,1,71,2345,0
107,10.63570,5.10200,3.68870,1.80730,0.03620,467,167,0,1712,0,0,1,1,55,2384,0
108,10.52480,4.55370,4.17710,1.75890,0.03400,324,152,0,1728,0,0,1,1,39,2365,0
109,10.38190,5.01850,3.49250,1.81120,0.05760,544,137,0,1744,0,0,1,1,23,2373,0
110,10.45350,4.96770,3.67990,1.77270,0.03200,506,123,0,1760,0,0,1,1,7,2385,0
111,10.36600,4.31590,4.22650,1.78180,0.04030,415,110,0,1776,0,0,2,2,0,2390,0
112,10.58060,4.84260,3.84200,1.85340,0.04100,338,98,0,1792,0,0,2,2,0,2382,0
113,11.34650,5.89700,3.55730,1.84190,0.04760,310,85,0,1808,0,0,2,2,0,2396,0
114,10.17320,4.64880,3.70370,1.77790,0.04160,403,70,0,1824,0,0,2,1,0,2408,0
115,10.37670,4.67390,3.89540,1.76980,0.03560,284,57,0,1840,0,0,2,2,0,2403,0
116,10.01680,4.50350,3.63940,1.83180,0.04060,367,43,0,1856,0,0,2,2,0,2420,0
117,9.71440,4.44690,3.58600,1.64400,0.03530,306,30,0,1872,0,0,2,2,0,2422,0
118,10.11400,4.59230,3.74320,1.74460,0.03250,286,18,0,1888,0,0,2,2,0,2403,0
119,10.27560,4.61290,3.87810,1.74590,0.03750,400,3,0,1904,0,0,2,2,0,2384,0
120,8.54390,2.70590,3.42730,2.37220,0.03690,86,0,0,1911,0,0,2,2,0,2407,0
121,15.20940,8.57140,4.75440,1.83720,0.04490,31,0,0,1913,0,0,2,2,0,2427,0
122,9.08630,2.25510,5.00570,1.80020,0.02420,58,0,0,1918,0,0,3,3,0,2466,0
123,8.70460,2.02440,4.86660,1.78800,0.02440,87,0,0,1921,0,0,3,3,0,2471,0
124,9.21530,2.41950,4.90890,1.85600,0.02970,86,0,0,1925,0,0,3,3,0,2495,0
125,8.64550,1.67270,4.89160,1.96240,0.11680,34,0,0,1927,0,0,3,3,0,2481,0
126,9.18960,2.75700,4.66040,1.71810,0.05180,94,0,0,1932,0,0,3,3,0,2464,0
127,7.46190,1.30290,4.12110,1.98250,0.05400,17,0,0,1933,0,0,4,4,0,2477,0
128,7.30080,1.12340,4.30870,1.82280,0.04490,3,0,0,1934,0,0,4,4,0,2503,0
129,9.18350,3.17680,4.14310,1.82550,0.03660,156,0,0,1942,0,0,4,4,0,2508,0
130,7.37700,1.57210,3.93610,1.83590,0.03180,69,0,0,1944,0,0,4,4,0,2509,0
131,8.19260,2.16870,4.13860,1.85150,0.03270,74,0,0,1948,0,0,4,4,0,2534,0
132,7.95090,1.77310,4.21880,1.91910,0.03850,49,0,0,1951,0,0,4,4,0,2547,0
133,7.98480,1.98330,4.22840,1.73570,0.03620,83,0,0,1954,0,0,4,4,0,2584,0
134,7.68980,2.38360,3.42450,1.84020,0.04000,162,0,0,1959,0,0,4,4,0,2590,0
135,7.92350,2.03810,4.02170,1.82630,0.03640,96,0,0,1963,0,0,5,5,0,2590,0
136,15.24230,8.87130,4.33130,1.99490,0.04330,83,0,0,1968,0,0,6,6,0,2586,0
137,9.43890,3.57790,4.05020,1.76130,0.04760,141,0,0,1975,0,0,6,6,0,2593,0
138,8.51710,2.35830,3.85230,2.26720,0.03770,93,0,0,1979,0,0,6,6,0,2613,0
139,8.71120,2.89720,3.93280,1.84250,0.03710,54,0,0,1985,0,0,6,6,0,2603,0
140,8.26900,2.14670,4.21160,1.86250,0.04650,44,0,0,1989,0,0,6,6,0,2610,0
141,8.49890,2.36890,4.32230,1.76660,0.03930,89,0,0,1994,0,0,6,6,0,2633,0
142,8.51900,2.40080,4.26180,1.82610,0.02900,66,0,0,1999,0,0,6,6,0,2612,0
143,7.50140,1.79590,3.83380,1.83430,0.03590,30,0,0,2002,0,0,7,7,0,2586,0
144,9.09340,3.04870,4.02690,1.94970,0.06670,155,0,0,2010,0,0,7,7,0,2605,0
145,7.68420,1.95070,3.89970,1.79480,0.03750,110,0,0,2013,0,0,7,7,0,2641,0
146,7.72660,1.78170,3.98500,1.92520,0.03250,132,0,0,2015,0,0,8,8,0,2660,0
147,7.77380,1.66610,4.31710,1.71580,0.06940,42,0,0,2017,0,0,8,8,0,2674,0
148,8.70670,2.99730,3.87050,1.80960,0.02820,147,0,0,2025,0,0,8,8,0,2671,0
149,8.01120,1.86110,4.28970,1.82290,0.03550,62,0,0,2028,0,0,8,8,0,2679,0
150,7.49480,1.98870,3.56940,1.90560,0.02990,89,0,0,2031,0,0,8,8,0,2681,0
151,16.58550,9.52340,5.04970,1.98130,0.02930,113,0,0,2036,0,0,8,8,0,2703,0
152,9.69030,2.53600,5.21510,1.90540,0.03230,77,0,0,2041,0,0,9,9,0,2703,0
153,8.94920,2.22730,4.88270,1.80660,0.03100,54,0,0,2045,0,0,10,10,0,2695,0
154,8.59360,2.13240,4.56720,1.82630,0.06650,47,0,0,2049,0,0,10,10,0,2654,0
155,9.61700,3.26960,4.52890,1.77540,0.04140,235,0,0,2059,0,0,10,10,0,2674,0
156,8.00310,2.34320,3.90640,1.71980,0.03260,89,0,0,2065,0,0,11,11,0,2677,0
157,8.99760,3.05420,4.06100,1.84490,0.03610,206,0,0,2073,0,0,11,11,0,2676,0
158,8.11150,2.34540,3.91110,1.82250,0.03110,66,0,0,2078,0,0,11,11,0,2691,0
159,8.69530,2.60530,4.05260,2.00160,0.03370,104,0,0,2083,0,0,16,16,0,2723,0
160,7.79180,1.83780,4.02940,1.88780,0.03550,106,0,0,2086,0,0,18,18,0,2729,0
161,8.11110,2.11790,3.96650,1.91090,0.11420,127,0,0,2090,0,0,18,18,0,2720,0
162,8.61000,1.88420,4.07540,2.61140,0.03670,88,0,0,2093,0,0,19,19,0,2737,0
163,8.14010,1.83760,3.89130,2.36930,0.04010,52,0,0,2096,0,0,21,21,0,2731,0
164,7.72200,1.77950,3.98540,1.91990,0.03600,38,0,0,2099,0,0,21,21,0,2763,0
165,8.33170,2.40310,4.01840,1.87580,0.03300,69,0,0,2103,0,0,21,21,0,2778,0
166,15.45280,9.53670,3.99270,1.88790,0.03440,113,0,0,2108,0,0,23,23,0,2778,0
167,8.71700,2.44570,4.30150,1.92890,0.03960,82,0,0,2114,0,0,23,23,0,2780,0
168,8.69400,2.40460,4.32740,1.93150,0.02960,115,0,0,2121,0,0,23,23,0,2759,0
169,7.67690,2.00490,3.79750,1.84090,0.03240,70,0,0,2125,0,0,25,24,0,2789,0
170,8.76130,2.68440,4.09150,1.95440,0.02960,112,0,0,2133,0,0,26,24,0,2846,0
171,7.22990,1.19490,4.14760,1.84920,0.03670,7,0,0,2134,0,0,26,25,0,2873,0
172,7.70710,1.90840,3.89120,1.86980,0.03640,119,0,0,2137,0,0,27,26,0,2885,0
173,8.02730,2.21210,3.88310,1.85640,0.07470,74,0,0,2142,0,0,29,28,0,2913,0
174,10.05690,2.16380,5.19200,2.61660,0.08300,68,0,0,2147,0,0,30,29,0,2956,0
175,7.81730,1.99980,3.92120,1.84330,0.05170,86,0,0,2150,0,0,32,30,0,2956,0
176,8.56980,2.36220,4.28460,1.88330,0.03850,63,0,0,2154,0,0,33,31,0,2920,0
177,8.02650,1.97710,4.15390,1.86600,0.02840,74,0,0,2158,0,0,34,32,0,2930,0
178,7.67040,1.66220,4.07700,1.88630,0.04380,35,0,0,2161,0,0,34,33,0,2921,0
179,8.67580,2.21890,3.94750,2.45800,0.05000,84,0,0,2166,0,0,37,35,0,2934,0
180,8.25440,2.42390,3.84050,1.93340,0.05540,42,0,0,2171,0,0,38,36,0,2942,0
181,17.17240,9.83550,4.58800,2.69540,0.05170,141,0,0,2178,0,0,41,40,0,2937,0
182,8.45440,2.37910,4.13460,1.86850,0.07020,70,0,0,2183,0,0,41,40,0,2969,0
183,9.02440,2.89940,4.20700,1.88160,0.03480,136,0,0,2191,0,0,44,41,0,2962,0
184,8.21180,2.09500,4.23210,1.84860,0.03480,120,0,0,2194,0,0,45,42,0,2998,0
185,9.58680,3.04200,4.28760,2.20710,0.04880,169,0,0,2203,0,0,46,44,0,3007,0
186,8.28760,2.37230,4.09710,1.78980,0.02710,168,0,0,2208,0,0,49,46,0,3020,0
187,7.63390,1.77180,3.89120,1.92600,0.04380,58,0,0,2211,0,0,52,49,0,3051,0
188,7.88570,2.09360,3.98620,1.77550,0.02920,44,0,0,2216,0,0,55,52,0,3039,0
189,7.84600,1.82970,3.83320,2.14150,0.03860,27,0,0,2219,0,0,56,51,0,3025,0
190,7.79430,2.12620,3.69980,1.94050,0.02660,91,0,0,2224,0,0,56,51,0,3041,0
191,8.25640,2.51230,3.88750,1.82330,0.03120,74,0,0,2230,0,0,58,52,0,2996,0
192,7.68250,1.81260,3.97750,1.86090,0.02950,66,0,0,2233,0,0,58,53,0,3001,0
193,7.96010,2.10520,3.84390,1.97080,0.03820,55,0,0,2237,0,0,58,53,0,3023,0
194,7.73350,1.90890,3.85570,1.93940,0.02790,46,0,0,2241,0,0,61,55,0,3074,0
195,8.68380,2.92690,3.86970,1.85700,0.02890,119,0,0,2250,0,0,61,55,0,3085,0
196,15.68300,9.99880,3.81740,1.83050,0.03490,218,0,0,2260,0,0,64,58,0,3139,0
197,8.11890,2.27400,3.96060,1.85530,0.02750,93,0,0,2265,0,0,65,57,0,3143,0
198,8.55410,2.66730,3.97940,1.86390,0.04270,120,0,0,2273,0,0,67,59,0,3107,0
199,6.94840,1.39910,3.62070,1.90180,0.02570,21,0,0,2275,0,0,69,62,0,3131,0
200,8.65480,2.90480,3.76680,1.93980,0.04210,136,0,0,2283,0,0,73,66,0,3149,0
201,8.41140,2.63550,3.90750,1.83550,0.03140,129,0,0,2290,0,0,77,69,0,3162,0
202,8.16770,2.38570,3.95270,1.79600,0.03230,176,0,0,2296,0,0,80,70,0,3202,0
203,7.83660,2.04040,3.91510,1.84750,0.03260,57,0,0,2301,0,0,80,70,0,3197,0
204,6.94110,1.15220,3.79160,1.95710,0.03880,6,0,0,2302,0,0,84,74,0,3167,0
205,8.87470,2.49940,4.39830,1.94500,0.03100,102,0,0,2309,0,0,86,75,0,3143,0
206,7.93130,2.04960,3.93300,1.91440,0.03310,67,0,0,2315,0,0,87,74,0,3137,0
207,7.86970,2.01870,3.94610,1.87230,0.03100,91,0,0,2319,0,0,88,75,0,3130,0
208,7.97990,2.34070,3.67860,1.92840,0.03120,113,0,0,2325,0,0,92,81,0,3172,0
209,8.21170,2.16400,4.06820,1.94660,0.03190,61,0,0,2331,0,0,93,83,0,3186,0
210,8.62780,2.88550,3.91830,1.79800,0.02510,167,0,0,2341,0,0,94,84,0,3166,0
211,18.30580,10.39210,5.92210,1.96340,0.02680,215,0,0,2350,0,0,95,83,0,3132,0
212,10.95900,2.23250,6.58800,2.02210,0.11520,73,0,0,2354,0,0,95,83,0,3137,0
213,9.50090,2.07010,5.53810,1.85920,0.03220,53,0,0,2357,0,0,97,84,0,3183,0
214,9.31520,2.51140,4.86060,1.91410,0.02780,92,0,0,2364,0,0,99,86,0,3181,0
215,12.49760,3.95500,6.45750,2.05500,0.02850,126,0,0,2375,0,0,100,85,0,3183,0
216,8.53860,1.78020,4.79570,1.93610,0.02560,47,0,0,2379,0,0,102,88,0,3142,0
217,8.66830,2.57450,4.30430,1.74250,0.04580,155,0,0,2386,0,0,106,93,0,3159,0
218,7.99260,1.89920,4.12690,1.93450,0.03100,89,0,0,2391,0,0,108,93,0,3148,0
219,7.42680,1.50210,3.98480,1.91040,0.02840,27,0,0,2394,0,0,110,94,0,3187,0
220,8.48970,2.65070,3.89820,1.91100,0.02840,210,0,0,2401,0,0,110,98,0,3186,0
221,7.96370,2.20840,3.94750,1.78110,0.02590,100,0,0,2409,0,0,114,101,0,3199,0
222,9.01990,2.11470,4.74420,2.13120,0.02880,110,0,0,2414,0,0,115,104,0,3205,0
223,7.57140,1.96430,3.69540,1.88710,0.02390,123,0,0,2420,0,0,120,109,0,3221,0
224,8.23130,2.26110,3.95990,1.98000,0.02930,105,0,0,2427,0,0,125,110,0,3233,0
225,7.73200,1.92670,3.92050,1.85690,0.02710,66,0,0,2433,0,0,126,112,0,3236,0
226,14.33190,8.42180,3.93020,1.95100,0.02770,90,0,0,2436,0,0,127,112,0,3238,0
227,7.21650,1.41680,3.93830,1.83360,0.02710,37,0,0,2438,0,0,128,112,0,3214,0
228,7.54240,1.81950,3.79920,1.89760,0.02540,58,0,0,2442,0,0,130,115,0,3225,0
229,7.67770,1.80700,3.91990,1.85580,0.07090,222,0,0,2447,0,0,132,117,0,3231,0
230,7.98670,2.27000,3.86020,1.82840,0.02690,113,0,0,2454,0,0,139,123,0,3235,0
231,7.42820,1.64030,3.91890,1.84100,0.02710,53,0,0,2457,0,0,143,129,0,3213,0
232,8.43640,2.15370,4.29170,1.95300,0.03700,157,0,0,2463,0,0,145,128,0,3261,0
233,7.65750,1.91900,3.71280,1.99750,0.02730,87,0,0,2468,0,0,149,132,0,3264,0
234,7.65020,1.71510,3.93470,1.96810,0.03130,201,0,0,2472,0,0,157,140,0,3273,0
235,8.30200,2.42920,3.80560,2.02510,0.04110,125,0,0,2479,0,0,160,141,0,3268,0
236,8.02460,2.24750,3.92240,1.82150,0.03230,98,0,0,2486,0,0,163,144,0,3222,0
237,7.90000,1.93730,4.05280,1.86790,0.04100,130,0,0,2490,0,0,163,144,0,3231,0
238,8.23310,2.24560,3.98900,1.95810,0.03930,140,0,0,2497,0,0,165,147,0,3225,0
239,8.06530,2.14900,3.97090,1.90870,0.03540,44,0,0,2502,0,0,169,150,0,3210,0
240,7.02600,1.08790,4.08480,1.81700,0.03520,17,0,0,2503,0,0,172,153,0,3207,0
241,19.10330,9.19030,7.16000,2.72110,0.02980,68,0,0,2507,0,0,174,154,0,3208,0
242,9.54950,2.37500,5.24060,1.91320,0.01980,77,0,0,2513,0,0,177,159,0,3190,0
243,9.14880,2.22590,4.87820,1.99780,0.03310,85,0,0,2519,0,0,183,167,0,3176,0
244,8.92430,1.81030,5.24420,1.84590,0.02300,94,0,0,2523,0,0,188,172,0,3175,0
245,8.75960,2.10690,4.60350,1.98730,0.06090,137,0,0,2528,0,0,191,172,0,3167,0
246,7.98340,1.82950,4.25350,1.86700,0.03240,56,0,0,2532,0,0,195,176,0,3205,0
247,8.07830,2.10750,4.17440,1.76770,0.02780,182,0,0,2538,0,0,199,181,0,3201,0
248,8.58650,2.20330,4.34440,1.99990,0.03760,150,0,0,2542,0,0,207,188,0,3177,0
249,7.62080,1.85550,3.87930,1.85870,0.02630,100,0,0,2546,0,0,210,189,0,3185,0
250,7.31940,1.52870,4.01570,1.74640,0.02750,44,0,0,2549,0,0,213,192,0,3142,0
251,8.23830,2.43590,3.99470,1.77730,0.02920,106,0,0,2556,0,0,215,196,0,3143,0
252,7.56900,1.60210,4.10140,1.83170,0.03270,86,0,0,2560,0,0,218,197,0,3174,0
253,8.25060,2.43510,3.89800,1.88450,0.03060,121,0,0,2566,0,0,218,198,0,3184,0
254,8.76000,2.86950,3.89960,1.96060,0.02890,146,0,0,2577,0,0,220,203,0,3199,0
255,6.90000,1.26200,3.81750,1.77250,0.04710,13,0,0,2579,0,0,222,206,0,3187,0
256,14.55040,8.49310,4.16780,1.85760,0.03040,50,0,0,2584,0,0,226,209,0,3194,0
257,8.04130,2.27620,3.95240,1.78010,0.03140,74,0,0,2590,0,0,227,213,0,3189,0
258,7.39160,1.10480,4.33120,1.92500,0.02960,41,0,0,2592,0,0,229,217,0,3169,0
259,7.23070,1.33660,4.00200,1.84470,0.04610,45,0,0,2594,0,0,230,216,0,3161,0
260,8.09170,2.24650,4.01570,1.80210,0.02660,114,0,0,2600,0,0,233,218,0,3182,0
261,7.21410,1.36160,3.95010,1.87280,0.02860,151,0,0,2602,0,0,234,221,0,3167,0
262,6.71990,1.06310,3.78890,1.84060,0.02640,12,0,0,2603,0,0,235,221,0,3147,0
263,7.95930,2.03570,4.02030,1.86720,0.03500,83,0,0,2608,0,0,241,227,0,3194,0
264,7.65300,1.87130,4.00210,1.75460,0.02390,51,0,0,2613,0,0,243,228,0,3164,0
265,6.98150,1.19450,4.01440,1.74670,0.02500,21,0,0,2615,0,0,248,234,0,3165,0
266,7.59630,1.65840,4.03840,1.86710,0.03130,54,0,0,2619,0,0,250,237,0,3176,0
267,8.23440,2.65630,3.79360,1.75870,0.02500,206,0,0,2628,0,0,251,235,0,3164,0
268,7.49140,1.66600,3.97700,1.82270,0.02460,65,0,0,2632,0,0,254,241,0,3140,0
269,8.10490,2.18490,4.12140,1.77160,0.02610,81,0,0,2639,0,0,259,243,0,3121,0
270,7.14370,1.30980,3.91090,1.89210,0.03000,37,0,0,2642,0,0,259,244,0,3155,0
271,17.28660,9.51530,5.69460,2.04250,0.03250,70,0,0,2648,0,0,262,245,0,3168,0
272,10.30210,2.53520,5.60960,2.10460,0.03830,117,0,0,2655,0,0,266,247,0,3144,0
273,9.43480,2.70200,4.72950,1.97000,0.03210,110,0,0,2663,0,0,269,254,0,3172,0
274,8.52630,1.75340,4.77200,1.95690,0.04270,78,0,0,2666,0,0,270,254,0,3139,0
275,7.68340,1.67610,4.20400,1.77070,0.03120,35,0,0,2669,0,0,270,251,0,3143,0
276,8.54350,2.44790,4.16410,1.89900,0.03100,51,0,0,2674,0,0,270,251,0,3118,0
277,7.46310,1.54730,4.03380,1.85510,0.02570,52,0,0,2677,0,0,271,250,0,3101,0
278,7.67570,1.90640,3.93470,1.79780,0.03530,87,0,0,2682,0,0,274,254,0,3082,0
279,8.24770,2.23220,4.08320,1.89800,0.03340,206,0,0,2689,0,0,279,262,0,3088,0
280,7.18800,1.43920,3.84510,1.87670,0.02610,55,0,0,2691,0,0,282,266,0,3080,0
281,7.07480,1.41730,3.83780,1.79080,0.02780,42,0,0,2694,0,0,283,266,0,3078,0
282,7.57980,1.81890,3.79470,1.92490,0.03980,72,0,0,2697,0,0,287,268,0,3061,0
283,7.18500,1.37090,4.02460,1.76140,0.02700,37,0,0,2699,0,0,292,269,0,3080,0
284,8.24030,2.35410,4.06360,1.78870,0.03250,68,0,0,2706,0,0,295,270,0,3066,0
285,8.48540,1.92400,4.57860,1.95330,0.02860,54,0,0,2711,0,0,300,275,0,3061,0
286,15.62060,8.60730,5.08120,1.90310,0.02810,89,0,0,2717,0,0,302,280,0,3057,0
287,7.82160,2.01780,4.01310,1.76300,0.02690,62,0,0,2722,0,0,306,278,0,3056,0
288,8.23410,2.24930,4.04230,1.91080,0.03060,85,0,0,2729,0,0,310,280,0,3054,0
289,7.70400,1.92690,3.95370,1.79120,0.03140,48,0,0,2734,0,0,310,283,0,3058,0
290,7.43710,1.54040,4.06660,1.80240,0.02650,33,0,0,2738,0,0,314,288,0,3042,0
291,7.37740,1.54810,4.04910,1.74890,0.03030,29,0,0,2741,0,0,317,286,0,3062,0
292,7.04250,1.08760,4.03040,1.88660,0.03690,17,0,0,2742,0,0,321,293,0,3070,0
293,8.26480,2.49120,4.00070,1.74500,0.02640,87,0,0,2748,0,0,323,293,0,3078,0
294,6.97400,0.96050,4.11290,1.87320,0.02650,6,0,0,2749,0,0,326,293,0,3018,0
295,6.98300,1.10030,3.96680,1.87810,0.03680,8,0,0,2750,0,0,329,294,0,3013,0
296,7.87920,1.92800,4.05360,1.86980,0.02700,88,0,0,2755,0,0,333,299,0,3013,0
297,6.89130,0.93110,4.04450,1.88920,0.02560,15,0,0,2756,0,0,338,306,0,3009,0
298,7.46680,1.53350,4.04430,1.86280,0.02530,105,0,0,2759,0,0,341,306,0,2985,0
299,8.08490,2.03160,4.20830,1.81530,0.02870,110,0,0,2765,0,0,347,312,0,2994,0
300,8.15840,2.20510,4.12970,1.79400,0.02870,112,0,0,2772,0,0,351,316,0,3009,0
301,19.14940,10.00160,7.09040,2.02680,0.02910,114,0,0,2779,0,0,354,317,0,2973,0
302,11.10360,1.55140,7.70380,1.80410,0.04330,32,0,0,2782,0,0,354,315,0,2967,0
303,8.18980,1.92410,4.26980,1.88400,0.11060,74,0,0,2787,0,0,356,321,0,2992,0
304,8.74330,2.05000,4.89870,1.77110,0.02270,221,0,0,2793,0,0,359,324,0,2988,0
305,8.14150,1.43920,4.73020,1.94060,0.03050,29,0,0,2796,0,0,364,335,0,2945,0
306,7.34700,1.24240,4.25550,1.81770,0.03040,35,0,0,2798,0,0,367,335,0,2937,0
307,7.41880,1.23370,4.36680,1.79210,0.02540,13,0,0,2799,0,0,370,336,0,2927,0
308,8.20100,2.15180,4.19870,1.80730,0.04230,119,0,0,2805,0,0,371,343,0,2935,0
309,7.34760,1.38740,4.07770,1.84510,0.03660,13,0,0,2807,0,0,374,341,0,2946,0
310,7.68080,1.64620,4.07920,1.92630,0.02790,41,0,0,2810,0,0,376,344,0,2924,0
311,9.21680,2.22650,4.83830,2.11370,0.03670,59,0,0,2817,0,0,380,345,0,2918,0
312,6.77640,1.08590,3.87270,1.79090,0.02580,15,0,0,2818,0,0,384,350,0,2942,0
313,7.61380,1.71000,4.02680,1.84860,0.02760,81,0,0,2822,0,0,389,355,0,2970,0
314,7.67830,1.75270,4.04430,1.84420,0.03580,44,0,0,2826,0,0,393,360,0,2960,0
315,7.25680,1.45140,4.08080,1.69760,0.02600,37,0,0,2829,0,0,395,358,0,2982,0
316,14.71170,8.78710,4.10490,1.78940,0.02910,83,0,0,2836,0,0,396,361,0,2993,0
317,7.24410,1.31700,4.05530,1.84210,0.02860,17,0,0,2838,0,0,399,363,0,2959,0
318,7.85310,1.98370,4.11120,1.72870,0.02830,55,0,0,2842,0,0,405,368,0,2970,0
319,7.46410,1.67260,4.04920,1.71500,0.02650,42,0,0,2847,0,0,412,382,0,2950,0
320,7.44100,1.55800,3.99600,1.84700,0.03910,69,0,0,2851,0,0,414,384,0,2964,0
321,7.60470,1.20590,4.36390,1.99260,0.02840,14,0,0,2853,0,0,417,383,0,2938,0
322,7.12430,1.27870,4.02390,1.79000,0.03050,74,0,0,2855,0,0,423,389,0,2926,0
323,8.17940,1.80040,4.40210,1.94850,0.02730,61,0,0,2859,0,0,424,390,0,2882,0
324,7.35140,1.47790,4.13350,1.70920,0.03000,36,0,0,2862,0,0,426,391,0,2881,0
325,7.52970,1.69470,4.05000,1.75800,0.02570,37,0,0,2865,0,0,428,391,0,2879,0
326,7.80770,1.92690,3.92400,1.89470,0.05990,39,0,0,2869,0,0,431,395,0,2888,0
327,9.68270,2.19350,5.57710,1.88360,0.02750,71,0,0,2874,0,0,435,394,0,2896,0
328,7.95880,2.08880,4.06070,1.77650,0.03190,76,0,0,2880,0,0,438,399,0,2847,0
329,7.17230,1.32210,3.98080,1.83700,0.03140,17,0,0,2882,0,0,441,399,0,2878,0
330,7.55900,1.42850,4.31350,1.78990,0.02590,28,0,0,2884,0,0,445,403,0,2855,0
331,17.93580,9.58560,6.27520,2.04550,0.02800,114,0,0,2893,0,0,449,409,0,2874,0
332,12.89400,1.90510,8.68730,2.26810,0.03210,55,0,0,2897,0,0,452,413,0,2920,0
333,10.77490,2.12180,6.55560,2.05070,0.03600,61,0,0,2903,0,0,458,411,0,2904,0
334,8.51180,1.54890,4.99560,1.93770,0.02830,26,0,0,2906,0,0,463,423,0,2922,0
335,8.96280,2.55390,4.40000,1.96630,0.04070,75,0,0,2911,0,0,466,426,0,2934,0
336,8.35890,1.84530,4.60190,1.87980,0.03040,55,0,0,2915,0,0,470,430,0,2913,0
337,8.23380,2.19260,4.21950,1.77860,0.03460,150,0,0,2921,0,0,473,433,0,2923,0
338,7.98010,1.79950,4.27960,1.86290,0.03710,64,0,0,2925,0,0,476,436,0,2916,0
339,7.86530,1.78780,4.27200,1.77410,0.03050,48,0,0,2929,0,0,482,440,0,2916,0
340,7.33930,1.35800,4.16690,1.76190,0.05170,18,0,0,2932,0,0,485,446,0,2893,0
341,7.41300,1.19210,4.25980,1.92360,0.03640,17,0,0,2934,0,0,490,449,0,2874,0
342,7.81300,1.77690,4.16500,1.84420,0.02580,59,0,0,2939,0,0,492,455,0,2888,0
343,7.56920,1.75720,4.06600,1.71740,0.02790,72,0,0,2944,0,0,494,452,0,2902,0
344,7.59590,1.80220,4.01760,1.74800,0.02710,39,0,0,2948,0,0,497,454,0,2902,0
345,7.40160,0.96780,4.58450,1.82250,0.02580,28,0,0,2949,0,0,501,458,0,2876,0
346,14.19900,8.54670,3.88020,1.71750,0.05360,78,0,0,2955,0,0,506,462,0,2914,0
347,7.45460,1.14610,4.42010,1.80770,0.07970,16,0,0,2957,0,0,507,462,0,2896,0
348,7.92100,2.22660,3.84630,1.81750,0.02920,151,0,0,2964,0,0,512,464,0,2893,0
349,6.71180,0.95710,4.02270,1.70220,0.02890,24,0,0,2965,0,0,516,468,0,2924,0
350,7.49380,1.55960,4.06310,1.83700,0.03290,49,0,0,2969,0,0,519,471,0,2896,0
351,8.18330,1.98550,4.36350,1.80700,0.02620,66,0,0,2974,0,0,523,478,0,2885,0
352,6.95760,1.14440,4.01820,1.76830,0.02570,33,0,0,2976,0,0,528,479,0,2879,0
353,7.92770,1.98670,4.07290,1.83910,0.02810,46,0,0,2982,0,0,531,481,0,2891,0
354,8.25470,1.23440,5.14450,1.84700,0.02810,27,0,0,2985,0,0,536,490,0,2877,0
355,7.28050,1.27050,4.04180,1.93240,0.03470,39,0,0,2987,0,0,542,494,0,2878,0
356,8.01170,2.04120,4.08790,1.85470,0.02700,105,0,0,2993,0,0,546,499,0,2861,0
357,6.82890,1.09620,3.98760,1.71800,0.02620,40,0,0,2995,0,0,551,505,0,2882,0
358,7.28890,1.38560,4.09160,1.77820,0.03210,59,0,0,2998,0,0,555,509,0,2928,0
359,8.36180,1.76250,4.67510,1.89370,0.02950,101,0,0,3003,0,0,558,511,0,2940,0
360,6.65130,0.67700,4.09230,1.85300,0.02820,0,0,0,3003,0,0,564,518,0,2950,0
361,16.23880,8.77780,5.66600,1.75620,0.03700,58,0,0,3007,0,0,569,521,0,2978,0
362,11.50440,1.90450,6.98150,2.57380,0.04280,45,0,0,3011,0,0,572,525,0,2997,0
363,9.27420,2.06080,5.03850,2.11800,0.05560,106,0,0,3016,0,0,576,527,0,2966,0
364,7.80950,1.88520,4.16230,1.71180,0.04920,45,0,0,3020,0,0,582,531,0,2980,0
365,7.64710,1.39410,4.44440,1.77170,0.03560,26,0,0,3022,0,0,591,542,0,2978,0
366,7.45330,1.70330,3.96670,1.75590,0.02650,73,0,0,3026,0,0,595,548,0,2943,0
367,6.90750,1.10960,4.00770,1.76100,0.02850,18,0,0,3028,0,0,600,552,0,2928,0
368,7.90800,1.92610,4.17550,1.77160,0.03340,36,0,0,3033,0,0,608,559,0,2905,0
369,8.67710,2.19220,4.66850,1.76740,0.04780,66,0,0,3040,0,0,614,565,0,2875,0
370,6.81040,1.14350,3.98280,1.64940,0.03350,34,0,0,3041,0,0,618,566,0,2886,0
371,7.52130,1.55400,4.05780,1.86570,0.04290,41,0,0,3044,0,0,621,566,0,2871,0
372,7.89790,0.95570,5.01360,1.89290,0.03470,13,0,0,3045,0,0,627,572,0,2878,0
373,7.80760,1.99810,4.03620,1.73530,0.03700,73,0,0,3050,0,0,632,575,0,2860,0
374,6.84540,1.03310,4.01880,1.75760,0.03500,17,0,0,3052,0,0,638,581,0,2878,0
375,6.41800,0.64720,4.07310,1.65980,0.03680,0,0,0,3052,0,0,645,590,0,2885,0
376,13.57410,7.59430,4.04040,1.89190,0.04640,11,0,0,3053,0,0,649,592,0,2881,0
377,7.57570,1.67130,3.99360,1.87010,0.03930,31,0,0,3056,0,0,653,593,0,2891,0
378,7.49970,1.65240,4.02700,1.78320,0.03590,37,0,0,3059,0,0,656,603,0,2897,0
379,6.97560,1.21480,3.93180,1.79140,0.03630,23,0,0,3061,0,0,658,602,0,2884,0
380,7.50690,1.84340,3.97560,1.66290,0.02420,42,0,0,3065,0,0,662,604,0,2875,0
381,7.68900,1.36450,4.36640,1.92350,0.03370,34,0,0,3068,0,0,673,616,0,2869,0
382,7.32810,1.44970,4.12280,1.70860,0.04560,38,0,0,3071,0,0,680,622,0,2849,0
383,7.10740,1.30970,4.10250,1.66030,0.03390,18,0,0,3074,0,0,682,632,0,2844,0
384,8.26010,2.32980,4.12540,1.77610,0.02760,62,0,0,3081,0,0,685,637,0,2835,0
385,7.45460,1.70730,4.05780,1.65860,0.02990,54,0,0,3085,0,0,690,638,0,2849,0
386,7.31370,1.52490,4.00320,1.75650,0.02780,21,0,0,3088,0,0,697,649,0,2811,0
387,7.44880,1.71570,3.94590,1.73990,0.03290,49,0,0,3093,0,0,699,646,0,2803,0
388,7.07770,1.42640,3.95530,1.66340,0.03170,38,0,0,3096,0,0,705,652,0,2787,0
389,6.56460,0.98400,3.86840,1.67610,0.03480,33,0,0,3097,0,0,711,657,0,2752,0
390,6.97140,1.23950,4.02310,1.67400,0.03390,33,0,0,3099,0,0,716,660,0,2758,0
391,15.56920,8.20010,5.35650,1.97030,0.04050,11,0,0,3100,0,0,724,671,0,2770,0
392,10.21990,1.96630,6.40100,1.82730,0.02430,56,0,0,3104,0,0,728,674,0,2771,0
393,8.88220,1.65950,5.28910,1.90240,0.02990,26,0,0,3107,0,0,734,679,0,2773,0
394,8.35760,1.09580,5.37460,1.81680,0.06890,8,0,0,3108,0,0,737,683,0,2771,0
395,8.74800,1.90860,5.07500,1.73240,0.03100,33,0,0,3112,0,0,738,683,0,2820,0
396,8.21850,1.51280,5.00400,1.67420,0.02630,26,0,0,3115,0,0,744,685,0,2814,0
397,7.63470,1.30600,4.58100,1.70630,0.04050,25,0,0,3117,0,0,747,689,0,2847,0
398,7.77330,1.61110,4.28430,1.82310,0.05380,53,0,0,3121,0,0,750,691,0,2869,0
399,7.50150,1.22790,4.40820,1.68220,0.18230,21,0,0,3124,0,0,752,690,0,2868,0
400,7.46430,1.58320,4.08820,1.75890,0.03270,33,0,0,3127,0,0,761,705,0,2849,0
401,7.00540,1.00060,4.22100,1.75430,0.02810,9,0,0,3128,0,0,767,708,0,2837,0
402,7.32360,1.51370,4.12540,1.65890,0.02470,31,0,0,3132,0,0,769,711,0,2839,0
403,6.84820,0.92580,4.25370,1.63410,0.03360,4,0,0,3133,0,0,774,714,0,2805,0
404,7.15360,1.01350,4.35850,1.74380,0.03600,6,0,0,3134,0,0,780,719,0,2832,0
405,7.32460,1.65470,3.81220,1.81710,0.03970,41,0,0,3137,0,0,783,718,0,2796,0
406,15.21080,8.89960,4.39540,1.87700,0.03770,64,0,0,3142,0,0,784,723,0,2782,0
407,6.89270,1.03240,4.06810,1.76020,0.03050,17,0,0,3143,0,0,788,717,0,2755,0
408,7.51990,1.83030,3.92110,1.71080,0.05640,53,0,0,3147,0,0,792,724,0,2781,0
409,7.17440,1.34840,4.02780,1.76320,0.03390,23,0,0,3149,0,0,797,731,0,2791,0
410,6.94410,1.47580,3.76050,1.67570,0.03050,34,0,0,3151,0,0,801,741,0,2790,0
411,7.18910,1.42500,4.02520,1.71170,0.02620,32,0,0,3154,0,0,804,740,0,2803,0
412,6.59600,1.21240,3.53360,1.81830,0.03060,28,0,0,3156,0,0,807,745,0,2803,0
413,7.36520,1.46840,4.13800,1.71250,0.04530,18,0,0,3159,0,0,814,759,0,2807,0
414,6.28430,0.66360,3.79110,1.78910,0.03940,0,0,0,3159,0,0,820,762,0,2814,0
415,7.07040,1.24950,4.05580,1.73270,0.03130,28,0,0,3161,0,0,822,758,0,2819,0
416,6.82190,1.18430,3.91880,1.68360,0.03430,13,0,0,3163,0,0,828,762,0,2810,0
417,6.62910,0.65090,4.22200,1.71370,0.04160,0,0,0,3163,0,0,833,770,0,2789,0
418,6.66570,1.01500,3.95700,1.66470,0.02810,6,0,0,3164,0,0,835,772,0,2783,0
419,8.53990,1.48460,5.25050,1.76830,0.03550,37,0,0,3167,0,0,837,775,0,2777,0
420,7.32490,1.62930,4.05270,1.60870,0.03330,53,0,0,3171,0,0,842,775,0,2763,0
421,17.32490,8.88490,6.65430,1.75290,0.03100,33,0,0,3174,0,0,851,786,0,2755,0
422,9.34730,1.80680,5.58640,1.92360,0.02900,37,0,0,3177,0,0,854,794,0,2753,0
423,10.04540,1.39770,6.92840,1.69050,0.02740,21,0,0,3180,0,0,858,794,0,2742,0
424,8.01400,0.98680,5.20260,1.77170,0.05150,4,0,0,3181,0,0,860,795,0,2746,0
425,7.95180,1.26910,4.85610,1.79360,0.03200,20,0,0,3183,0,0,868,803,0,2749,0
426,8.45480,1.66160,5.10490,1.66660,0.02080,45,0,0,3187,0,0,876,811,0,2739,0
427,9.24610,1.32840,6.02810,1.85120,0.03710,26,0,0,3190,0,0,879,821,0,2754,0
428,7.11910,0.92670,4.43640,1.70670,0.04830,8,0,0,3191,0,0,882,814,0,2778,0
429,7.62690,1.00980,4.91820,1.67110,0.02690,10,0,0,3192,0,0,889,821,0,2769,0
430,7.83830,1.45180,4.65830,1.69910,0.02780,42,0,0,3195,0,0,896,829,0,2776,0
431,7.79930,1.77940,4.19270,1.78470,0.04150,51,0,0,3200,0,0,900,833,0,2741,0
432,6.61760,0.68280,4.24480,1.66540,0.02380,0,0,0,3200,0,0,903,833,0,2767,0
433,7.22530,1.21290,4.24720,1.72460,0.03970,11,0,0,3202,0,0,904,841,0,2749,0
434,6.90280,1.22740,3.96710,1.66560,0.04170,14,0,0,3204,0,0,907,845,0,2771,0
435,6.33120,0.65650,4.01710,1.63240,0.02430,0,0,0,3204,0,0,915,855,0,2741,0
436,12.98150,7.30760,3.93560,1.69390,0.04340,0,0,0,3204,0,0,919,858,0,2762,0
437,6.75030,1.22580,3.85670,1.64250,0.02450,18,0,0,3206,0,0,924,867,0,2769,0
438,6.99860,1.41950,3.85250,1.68210,0.04340,38,0,0,3210,0,0,930,868,0,2790,0
439,6.66670,1.08450,3.91120,1.64070,0.02820,12,0,0,3211,0,0,936,875,0,2795,0
440,6.50030,0.87040,3.85890,1.74200,0.02760,0,0,0,3211,0,0,941,878,0,2770,0
441,7.71500,2.03070,3.90540,1.74050,0.03690,29,0,0,3215,0,0,942,879,0,2764,0
442,6.82140,0.96140,3.96900,1.85610,0.03410,20,0,0,3216,0,0,950,889,0,2772,0
443,6.94810,1.23040,3.91320,1.74220,0.06130,14,0,0,3218,0,0,951,890,0,2753,0
444,6.36520,0.69380,3.93510,1.70560,0.02990,0,0,0,3218,0,0,953,893,0,2744,0
445,6.63570,0.96850,3.90370,1.73480,0.02780,12,0,0,3219,0,0,959,901,0,2740,0
446,7.32020,1.67390,3.89360,1.71420,0.03700,31,0,0,3223,0,0,962,901,0,2738,0
447,6.94360,1.31730,3.90900,1.68880,0.02770,21,0,0,3225,0,0,968,902,0,2743,0
448,6.54670,1.18450,3.61460,1.71830,0.02850,18,0,0,3227,0,0,971,907,0,2700,0
449,6.59980,1.42230,3.47690,1.66850,0.03090,20,0,0,3230,0,0,974,911,0,2727,0
450,7.09760,1.50260,3.92910,1.63970,0.02510,53,0,0,3233,0,0,979,926,0,2725,0
451,16.84460,8.00840,7.13390,1.66170,0.03890,4,0,0,3234,0,0,985,928,0,2717,0
452,9.49750,1.05860,6.65100,1.75480,0.03200,12,0,0,3235,0,0,986,931,0,2739,0
453,9.40960,1.74520,5.89590,1.73770,0.02940,48,0,0,3239,0,0,993,932,0,2740,0
454,7.63320,1.30740,4.68960,1.60670,0.02860,21,0,0,3242,0,0,995,925,0,2760,0
455,6.91370,0.89830,4.27380,1.70870,0.03190,5,0,0,3243,0,0,1000,933,0,2757,0
456,6.86100,0.91720,4.31300,1.59970,0.03020,8,0,0,3244,0,0,1005,942,0,2762,0
457,6.92610,1.19390,4.07010,1.63470,0.02650,25,0,0,3246,0,0,1012,945,0,2764,0
458,7.03310,1.37340,4.00140,1.62710,0.03020,33,0,0,3248,0,0,1018,958,0,2742,0
459,6.73630,0.89990,3.99560,1.81560,0.02430,10,0,0,3249,0,0,1027,963,0,2744,0
460,6.56530,0.62730,4.27860,1.62350,0.03490,0,0,0,3249,0,0,1033,967,0,2717,0
461,6.96680,1.52630,3.79340,1.61690,0.02940,22,0,0,3252,0,0,1036,970,0,2701,0
462,7.01710,1.64610,3.69870,1.64310,0.02830,37,0,0,3256,0,0,1040,977,0,2713,0
463,6.45970,0.89790,3.89200,1.63650,0.03210,11,0,0,3257,0,0,1051,985,0,2707,0
464,7.04000,1.69670,3.70860,1.60580,0.02810,29,0,0,3261,0,0,1056,993,0,2676,0
465,6.32090,0.90230,3.78670,1.60400,0.02710,15,0,0,3262,0,0,1061,998,0,2654,0
466,12.74360,7.35010,3.66500,1.69960,0.02790,4,0,0,3263,0,0,1064,1002,0,2669,0
467,6.20360,0.62120,3.94250,1.60360,0.03530,0,0,0,3263,0,0,1069,1005,0,2647,0
468,7.17180,1.69780,3.75860,1.67880,0.03570,52,0,0,3267,0,0,1074,1017,0,2661,0
469,7.04920,1.78190,3.55290,1.68270,0.03020,33,0,0,3272,0,0,1076,1017,0,2654,0
470,6.34310,1.14470,3.54990,1.61750,0.02990,23,0,0,3274,0,0,1077,1020,0,2647,0
471,6.39330,0.87430,3.92470,1.56940,0.02410,4,0,0,3275,0,0,1080,1023,0,2639,0
472,7.10330,1.64010,3.78600,1.64790,0.02850,41,0,0,3279,0,0,1081,1021,0,2626,0
473,7.10800,1.66730,3.77550,1.63960,0.02460,61,0,0,3284,0,0,1082,1026,0,2650,0
474,6.17080,0.85680,3.66940,1.61840,0.02530,7,0,0,3285,0,0,1090,1033,0,2632,0
475,6.33150,1.01580,3.70460,1.58370,0.02660,26,0,0,3286,0,0,1098,1045,0,2625,0
476,6.19060,0.86990,3.71910,1.57210,0.02870,10,0,0,3287,0,0,1102,1047,0,2615,0
477,6.94330,1.52960,3.82470,1.56090,0.02710,40,0,0,3291,0,0,1104,1048,0,2615,0
478,6.40490,1.17340,3.61350,1.59240,0.02450,16,0,0,3293,0,0,1107,1054,0,2636,0
479,6.30030,1.11790,3.50600,1.64910,0.02610,11,0,0,3295,0,0,1109,1057,0,2627,0
480,7.23830,1.19100,4.24880,1.75640,0.04080,19,0,0,3297,0,0,1117,1068,0,2617,0
481,14.69350,7.80170,5.19030,1.66830,0.03170,14,0,0,3298,0,0,1118,1068,0,2620,0
482,8.69870,1.29280,5.52490,1.83830,0.04160,17,0,0,3300,0,0,1121,1074,0,2615,0
483,8.83700,1.20200,5.82330,1.76540,0.03220,22,0,0,3302,0,0,1122,1073,0,2617,0
484,7.81340,0.89470,5.04480,1.84500,0.02790,9,0,0,3303,0,0,1127,1079,0,2604,0
485,7.74760,1.27710,4.83670,1.61250,0.02060,16,0,0,3305,0,0,1131,1084,0,2612,0
486,7.79010,1.31820,4.90650,1.53950,0.02500,10,0,0,3307,0,0,1131,1087,0,2615,0
487,7.92580,1.73050,4.54580,1.61910,0.02940,38,0,0,3311,0,0,1140,1099,0,2597,0
488,7.32590,1.19960,4.53250,1.57150,0.02130,13,0,0,3313,0,0,1141,1094,0,2587,0
489,7.03880,0.66540,4.70090,1.64150,0.02950,0,0,0,3313,0,0,1143,1097,0,2561,0
490,7.34460,1.25020,4.46630,1.60290,0.02430,23,0,0,3315,0,0,1149,1100,0,2557,0
491,6.66220,0.63940,4.37690,1.61110,0.03370,0,0,0,3315,0,0,1156,1109,0,2538,0
492,7.01200,1.53990,3.87360,1.56380,0.03260,31,0,0,3318,0,0,1159,1111,0,2541,0
493,6.63470,0.91790,3.96370,1.72300,0.02900,4,0,0,3319,0,0,1165,1114,0,2549,0
494,6.77710,0.90230,4.15660,1.68800,0.02920,7,0,0,3320,0,0,1171,1118,0,2559,0
495,6.68230,1.34010,3.73690,1.57860,0.02570,25,0,0,3322,0,0,1171,1121,0,2560,0
496,13.12970,7.59240,3.85770,1.65160,0.02710,10,0,0,3323,0,0,1174,1127,0,2559,0
497,6.49910,1.44290,3.45740,1.56140,0.03630,30,0,0,3326,0,0,1177,1127,0,2547,0
498,6.10940,1.05580,3.38900,1.63750,0.02630,22,0,0,3328,0,0,1181,1136,0,2548,0
499,5.92340,0.79610,3.53740,1.56340,0.02490,6,0,0,3329,0,0,1186,1140,0,2539,0
500,7.04290,1.26890,4.19090,1.55610,0.02600,28,0,0,3332,0,0,1190,1146,0,2543,0
501,6.46350,1.29050,3.60300,1.54420,0.02520,23,0,0,3335,0,0,1196,1151,0,2546,0
502,6.21350,1.05150,3.50080,1.63450,0.02580,27,0,0,3337,0,0,1198,1151,0,2525,0
503,6.43320,0.91190,3.86850,1.62190,0.02980,6,0,0,3338,0,0,1205,1157,0,2517,0
504,6.22590,0.86580,3.73330,1.60090,0.02510,9,0,0,3339,0,0,1209,1165,0,2519,0
505,5.60800,0.57640,3.31290,1.67310,0.04460,0,0,0,3339,0,0,1213,1164,0,2516,0
506,5.92000,0.61380,3.61550,1.61590,0.07380,0,0,0,3339,0,0,1218,1171,0,2516,0
507,6.56530,1.40440,3.54760,1.58680,0.02560,25,0,0,3342,0,0,1221,1175,0,2512,0
508,6.90370,1.21660,4.13980,1.52140,0.02490,19,0,0,3345,0,0,1226,1178,0,2505,0
509,6.22350,1.08440,3.56770,1.54110,0.02950,16,0,0,3347,0,0,1228,1181,0,2514,0
510,7.01830,1.53640,3.73470,1.72030,0.02610,42,0,0,3351,0,0,1231,1181,0,2524,0
511,15.83500,7.42970,6.41630,1.86810,0.11920,0,0,0,3351,0,0,1236,1183,0,2513,0
512,8.05210,1.57020,4.88390,1.55610,0.02710,14,0,0,3353,0,0,1239,1187,0,2521,0
513,9.19150,1.67610,5.76700,1.71660,0.03080,33,0,0,3357,0,0,1248,1194,0,2510,0
514,7.56650,0.66840,5.12990,1.71490,0.05230,0,0,0,3357,0,0,1249,1196,0,2508,0
515,8.42230,1.13760,5.63440,1.62740,0.02220,13,0,0,3359,0,0,1254,1201,0,2501,0
516,7.43930,0.86040,4.90700,1.64160,0.02960,12,0,0,3360,0,0,1260,1209,0,2499,0
517,7.98450,1.51120,4.79240,1.62770,0.05140,29,0,0,3364,0,0,1265,1213,0,2490,0
518,7.61000,1.00630,4.90970,1.64380,0.04920,11,0,0,3366,0,0,1267,1214,0,2471,0
519,6.22480,0.62270,4.03020,1.54680,0.02410,0,0,0,3366,0,0,1270,1210,0,2480,0
520,8.82930,0.90410,6.14480,1.74160,0.03800,10,0,0,3367,0,0,1270,1214,0,2472,0
521,6.94500,0.62330,4.70910,1.57630,0.03550,0,0,0,3367,0,0,1271,1214,0,2471,0
522,6.14600,0.86740,3.72030,1.53220,0.02540,3,0,0,3368,0,0,1276,1222,0,2477,0
523,6.31880,1.14840,3.61380,1.53280,0.02290,10,0,0,3370,0,0,1278,1227,0,2495,0
524,6.20180,0.61390,3.93870,1.62320,0.02530,0,0,0,3370,0,0,1284,1235,0,2505,0
525,6.68690,1.46440,3.48170,1.70120,0.03910,43,0,0,3374,0,0,1289,1241,0,2483,0
526,12.42390,7.23740,3.54260,1.59380,0.04900,4,0,0,3375,0,0,1296,1250,0,2488,0
527,6.45790,1.18470,3.66330,1.58350,0.02550,16,0,0,3377,0,0,1306,1262,0,2493,0
528,6.40510,1.17620,3.69450,1.50900,0.02440,30,0,0,3379,0,0,1310,1261,0,2501,0
529,5.69800,0.61210,3.55480,1.49910,0.03130,0,0,0,3379,0,0,1314,1262,0,2501,0
530,6.96630,1.21160,4.00580,1.70610,0.04100,12,0,0,3381,0,0,1318,1267,0,2502,0
531,6.54670,0.95320,3.86740,1.69120,0.03270,8,0,0,3382,0,0,1322,1270,0,2493,0
532,6.78250,1.58710,3.53160,1.62720,0.03540,17,0,0,3385,0,0,1327,1274,0,2480,0
533,6.42710,1.25130,3.60140,1.54830,0.02440,15,0,0,3387,0,0,1335,1282,0,2473,0
534,6.18100,0.94470,3.67810,1.53000,0.02630,8,0,0,3388,0,0,1342,1290,0,2482,0
535,5.72840,0.61130,3.44950,1.63780,0.02880,0,0,0,3388,0,0,1345,1296,0,2459,0
536,5.85010,0.90470,3.39740,1.51720,0.02990,7,0,0,3389,0,0,1351,1302,0,2461,0
537,6.42550,1.15480,3.69590,1.53150,0.04240,12,0,0,3391,0,0,1356,1311,0,2447,0
538,5.52810,0.58730,3.33490,1.56540,0.03170,0,0,0,3391,0,0,1361,1314,0,2444,0
539,6.80560,0.87310,4.20980,1.68080,0.04090,10,0,0,3392,0,0,1364,1320,0,2452,0
540,6.92770,1.60080,3.56630,1.70690,0.05250,33,0,0,3395,0,0,1367,1319,0,2457,0
541,16.64820,8.29050,6.70290,1.62710,0.02590,11,0,0,3397,0,0,1368,1320,0,2463,0
542,8.09810,1.28010,5.09210,1.64540,0.07860,14,0,0,3399,0,0,1369,1321,0,2474,0
543,7.65380,0.95200,4.93380,1.70720,0.05930,14,0,0,3400,0,0,1374,1328,0,2456,0
544,7.11340,0.99200,4.55570,1.52400,0.04050,8,0,0,3401,0,0,1378,1334,0,2456,0
545,7.53900,1.31310,4.65390,1.54280,0.02810,17,0,0,3403,0,0,1384,1341,0,2463,0
546,7.36840,0.93720,4.85040,1.55520,0.02380,15,0,0,3404,0,0,1387,1341,0,2464,0
547,6.79490,0.62160,4.57610,1.56540,0.02950,0,0,0,3404,0,0,1392,1348,0,2441,0
548,6.80640,0.59490,4.64070,1.54320,0.02630,0,0,0,3404,0,0,1395,1346,0,2456,0
549,6.92300,0.89770,4.44870,1.54340,0.03240,8,0,0,3405,0,0,1397,1351,0,2445,0
550,6.11660,0.57330,3.96460,1.55030,0.02760,0,0,0,3405,0,0,1403,1362,0,2460,0
551,6.30000,0.95160,3.69260,1.62660,0.02840,7,0,0,3406,0,0,1409,1365,0,2462,0
552,6.48210,0.95250,3.97940,1.52400,0.02560,3,0,0,3407,0,0,1411,1369,0,2460,0
553,6.34550,1.11460,3.65860,1.54330,0.02800,14,0,0,3409,0,0,1413,1362,0,2467,0
554,5.74750,0.59260,3.57140,1.55040,0.03240,0,0,0,3409,0,0,1417,1370,0,2473,0
555,6.06280,0.86730,3.66790,1.50080,0.02590,11,0,0,3410,0,0,1422,1370,0,2489,0
556,13.01040,7.74760,3.70830,1.52680,0.02570,11,0,0,3412,0,0,1424,1369,0,2497,0
557,6.36780,0.85810,3.88290,1.58810,0.03790,6,0,0,3413,0,0,1432,1380,0,2503,0
558,6.64680,1.48990,3.53700,1.57770,0.04100,34,0,0,3416,0,0,1434,1381,0,2515,0
559,5.80630,0.85620,3.46870,1.45550,0.02500,7,0,0,3417,0,0,1442,1393,0,2506,0
560,6.25200,0.81150,3.91250,1.50090,0.02630,7,0,0,3418,0,0,1449,1403,0,2504,0
561,5.70050,0.53970,3.64210,1.49150,0.02630,0,0,0,3418,0,0,1452,1406,0,2513,0
562,5.55400,0.50800,3.55300,1.46880,0.02350,0,0,0,3418,0,0,1460,1413,0,2513,0
563,5.50010,0.52890,3.43500,1.50990,0.02550,0,0,0,3418,0,0,1465,1419,0,2511,0
564,5.85070,0.85120,3.43590,1.53290,0.02940,8,0,0,3419,0,0,1470,1424,0,2508,0
565,6.11500,0.51950,3.96790,1.59450,0.03190,0,0,0,3419,0,0,1473,1424,0,2500,0
566,5.67190,0.56710,3.48990,1.57260,0.04100,0,0,0,3419,0,0,1474,1427,0,2506,0
567,6.44960,1.14370,3.57130,1.70560,0.02810,11,0,0,3421,0,0,1477,1428,0,2528,0
568,5.74840,0.71660,3.40600,1.59830,0.02680,0,0,0,3421,0,0,1485,1437,0,2537,0
569,5.69050,0.53910,3.64050,1.48040,0.02940,0,0,0,3421,0,0,1490,1445,0,2541,0
570,6.65440,1.41230,3.67200,1.53950,0.02910,30,0,0,3424,0,0,1491,1446,0,2542,0
571,14.81660,7.68530,5.17240,1.85980,0.09730,4,0,0,3425,0,0,1495,1452,0,2543,0
572,7.59060,0.93210,5.11510,1.51400,0.02840,6,0,0,3426,0,0,1496,1454,0,2548,0
573,7.29790,0.89790,4.83260,1.54400,0.02240,14,0,0,3427,0,0,1498,1458,0,2542,0
574,7.31670,0.88960,4.79430,1.60930,0.02280,7,0,0,3428,0,0,1500,1460,0,2534,0
575,6.64470,0.92030,4.21030,1.48690,0.02620,9,0,0,3429,0,0,1502,1464,0,2522,0
576,6.72250,0.61880,4.55580,1.52200,0.02530,0,0,0,3429,0,0,1509,1474,0,2540,0
577,6.84930,0.58850,4.51490,1.67380,0.07120,0,0,0,3429,0,0,1511,1479,0,2537,0
578,6.30560,0.58380,4.18550,1.50340,0.03210,0,0,0,3429,0,0,1515,1475,0,2535,0
579,6.82730,1.16030,4.17640,1.45850,0.03140,17,0,0,3431,0,0,1518,1486,0,2542,0
580,6.53270,0.56150,4.42070,1.51880,0.03100,0,0,0,3431,0,0,1520,1486,0,2541,0
581,6.59140,0.93570,4.15290,1.47380,0.02820,8,0,0,3432,0,0,1522,1491,0,2541,0
582,6.66160,1.00930,4.15310,1.46520,0.03330,11,0,0,3434,0,0,1526,1494,0,2536,0
583,6.10770,0.54110,4.08080,1.45610,0.02860,0,0,0,3434,0,0,1529,1493,0,2546,0
584,6.24630,0.85220,3.89410,1.47470,0.02440,4,0,0,3435,0,0,1534,1505,0,2534,0
585,6.93100,1.31650,4.04300,1.54350,0.02710,29,0,0,3438,0,0,1539,1506,0,2534,0
586,12.63890,7.18410,3.92450,1.49520,0.03410,4,0,0,3439,0,0,1543,1504,0,2537,0
587,6.14550,0.58110,4.07810,1.45700,0.02850,0,0,0,3439,0,0,1550,1517,0,2553,0
588,6.23710,0.55230,4.12810,1.51680,0.03900,0,0,0,3439,0,0,1551,1521,0,2555,0
589,5.86880,0.55500,3.86380,1.40700,0.02970,0,0,0,3439,0,0,1553,1520,0,2555,0
590,6.69240,1.17140,3.99390,1.50200,0.02450,15,0,0,3441,0,0,1557,1522,0,2554,0
591,6.10780,0.52060,3.93710,1.61850,0.03070,0,0,0,3441,0,0,1557,1525,0,2542,0
592,6.48470,0.49200,4.32370,1.57160,0.09650,0,0,0,3441,0,0,1560,1527,0,2548,0
593,6.16640,0.85190,3.76900,1.51960,0.02510,8,0,0,3442,0,0,1565,1529,0,2551,0
594,6.41900,1.08880,3.75070,1.54970,0.02860,17,0,0,3444,0,0,1570,1538,0,2546,0
595,5.83790,0.80730,3.37480,1.62400,0.03100,13,0,0,3445,0,0,1571,1538,0,2557,0
596,5.75490,0.56520,3.69070,1.46820,0.02880,0,0,0,3445,0,0,1572,1539,0,2562,0
597,5.75930,0.85600,3.35920,1.51130,0.03160,3,0,0,3446,0,0,1580,1549,0,2579,0
598,5.52090,0.53390,3.47970,1.48140,0.02490,0,0,0,3446,0,0,1582,1552,0,2578,0
599,6.08290,0.80000,3.71430,1.53940,0.02850,4,0,0,3447,0,0,1588,1557,0,2574,0
600,6.08030,0.91040,3.58710,1.55460,0.02740,11,0,0,3448,0,0,1589,1554,0,2567,0
601,14.50880,7.64090,4.98770,1.84660,0.03170,0,0,0,3448,0,0,1593,1562,0,2575,0
602,8.27350,0.83800,5.84270,1.57090,0.02090,14,0,0,3449,0,0,1594,1558,0,2575,0
603,6.67860,0.56240,4.60370,1.49220,0.01960,0,0,0,3449,0,0,1596,1564,0,2590,0
604,6.82390,0.53520,4.78750,1.48040,0.02000,0,0,0,3449,0,0,1600,1573,0,2584,0
605,6.48180,0.52970,4.44400,1.48590,0.02150,0,0,0,3449,0,0,1603,1574,0,2601,0
606,6.61870,0.50370,4.56990,1.52050,0.02400,0,0,0,3449,0,0,1605,1571,0,2603,0
607,7.05490,0.85320,4.70010,1.47400,0.02660,13,0,0,3450,0,0,1610,1576,0,2617,0
608,6.45850,0.81580,4.13000,1.49190,0.02010,8,0,0,3451,0,0,1615,1578,0,2617,0
609,6.27300,0.55160,4.17830,1.51850,0.02380,0,0,0,3451,0,0,1619,1585,0,2610,0
610,5.95120,0.51440,3.94700,1.46300,0.02610,0,0,0,3451,0,0,1622,1585,0,2609,0
611,6.32110,0.80850,4.01850,1.46970,0.02360,5,0,0,3452,0,0,1623,1582,0,2618,0
612,6.49640,0.84570,4.11260,1.51370,0.02360,3,0,0,3453,0,0,1624,1585,0,2618,0
613,5.72180,0.53840,3.71080,1.44520,0.02650,0,0,0,3453,0,0,1626,1589,0,2621,0
614,6.15450,0.81980,3.84920,1.45970,0.02490,4,0,0,3454,0,0,1630,1592,0,2622,0
615,6.09560,0.51870,4.02950,1.52270,0.02390,0,0,0,3454,0,0,1632,1591,0,2619,0
616,12.66260,7.16740,3.96780,1.49070,0.03570,0,0,0,3454,0,0,1634,1597,0,2618,0
617,6.17660,0.84010,3.82240,1.48670,0.02660,5,0,0,3455,0,0,1639,1598,0,2616,0
618,5.78390,0.52020,3.66650,1.56190,0.03440,0,0,0,3455,0,0,1639,1598,0,2615,0
619,5.47200,0.54140,3.49140,1.40860,0.03000,0,0,0,3455,0,0,1640,1598,0,2610,0
620,5.56040,0.54080,3.46280,1.52970,0.02630,0,0,0,3455,0,0,1643,1602,0,2627,0
621,5.80500,0.82850,3.47460,1.46980,0.03130,13,0,0,3456,0,0,1644,1604,0,2636,0
622,5.79210,0.80740,3.39240,1.56230,0.02910,7,0,0,3457,0,0,1649,1613,0,2626,0
623,5.73680,0.76250,3.46750,1.47250,0.03340,8,0,0,3458,0,0,1654,1619,0,2625,0
624,5.89010,0.79470,3.59660,1.47130,0.02660,6,0,0,3459,0,0,1657,1622,0,2645,0
625,5.86230,0.51840,3.77290,1.53660,0.03340,0,0,0,3459,0,0,1661,1625,0,2651,0
626,5.60230,0.57600,3.44980,1.54690,0.02880,0,0,0,3459,0,0,1664,1631,0,2652,0
627,5.71260,0.80070,3.36610,1.50850,0.03630,3,0,0,3460,0,0,1669,1635,0,2655,0
628,5.75250,0.53300,3.66680,1.52080,0.03080,0,0,0,3460,0,0,1674,1642,0,2661,0
629,6.05890,0.89610,3.45160,1.67730,0.03320,4,0,0,3461,0,0,1678,1636,0,2671,0
630,5.74370,0.51570,3.68630,1.51650,0.02440,0,0,0,3461,0,0,1684,1650,0,2678,0
631,15.12990,7.43220,5.83610,1.83320,0.02680,0,0,0,3461,0,0,1687,1649,0,2670,0
632,8.63570,0.85460,5.83940,1.90140,0.03910,10,0,0,3462,0,0,1689,1652,0,2675,0
633,7.31380,0.82060,4.91730,1.53600,0.03900,8,0,0,3463,0,0,1689,1651,0,2681,0
634,7.22210,0.82050,4.86220,1.51500,0.02360,5,0,0,3464,0,0,1690,1659,0,2670,0
635,6.95370,0.53430,4.93140,1.46700,0.02020,0,0,0,3464,0,0,1694,1664,0,2666,0
636,7.21440,0.50120,4.94180,1.73890,0.03140,0,0,0,3464,0,0,1694,1660,0,2661,0
637,6.81660,0.51970,4.60360,1.65860,0.03330,0,0,0,3464,0,0,1696,1658,0,2672,0
638,8.43370,0.87580,6.00110,1.51190,0.03060,8,0,0,3465,0,0,1702,1661,0,2682,0
639,8.91780,0.65270,5.82410,2.36780,0.07110,0,0,0,3465,0,0,1705,1666,0,2680,0
640,10.80900,0.77660,7.70040,2.27800,0.05110,0,0,0,3465,0,0,1708,1671,0,2688,0
641,10.45470,0.53750,7.43550,2.40930,0.07050,0,0,0,3465,0,0,1709,1668,0,2683,0
642,9.32030,1.60100,5.19720,2.47150,0.04770,16,0,0,3467,0,0,1710,1671,0,2684,0
643,8.96110,0.57690,6.25530,2.08090,0.04610,0,0,0,3467,0,0,1712,1675,0,2691,0
644,7.65010,1.48550,4.27640,1.83160,0.05510,12,0,0,3470,0,0,1717,1678,0,2674,0
645,8.33150,0.61850,5.33200,2.31810,0.06000,0,0,0,3470,0,0,1721,1682,0,2676,0
646,13.01090,8.06000,3.16030,1.57510,0.21330,0,0,0,3470,0,0,1723,1682,0,2671,0
647,6.58950,0.82470,3.98350,1.75100,0.02920,6,0,0,3471,0,0,1725,1684,0,2683,0
648,6.47900,1.09640,3.68960,1.64310,0.04900,14,0,0,3473,0,0,1729,1687,0,2687,0
649,5.51850,0.52120,3.37480,1.57900,0.04280,0,0,0,3473,0,0,1732,1694,0,2678,0
650,5.79520,0.50400,3.77700,1.47610,0.03730,0,0,0,3473,0,0,1738,1695,0,2671,0
651,5.57980,0.51100,3.40560,1.62760,0.03490,0,0,0,3473,0,0,1740,1700,0,2677,0
652,5.76580,0.51210,3.72020,1.47860,0.05350,0,0,0,3473,0,0,1743,1708,0,2685,0
653,5.76750,0.80210,3.38640,1.54380,0.03420,8,0,0,3474,0,0,1748,1710,0,2685,0
654,5.93500,0.80990,3.46510,1.62310,0.03620,7,0,0,3475,0,0,1749,1715,0,2684,0
655,6.00440,1.00300,3.46320,1.50780,0.02930,8,0,0,3477,0,0,1750,1719,0,2683,0
656,5.80880,0.49320,3.74100,1.52040,0.05240,0,0,0,3477,0,0,1750,1719,0,2675,0
657,6.12960,1.12440,3.36590,1.60590,0.03230,16,0,0,3479,0,0,1750,1718,0,2674,0
658,5.45250,0.49660,3.36760,1.54360,0.04380,0,0,0,3479,0,0,1754,1719,0,2673,0
659,6.10210,0.80840,3.76100,1.50260,0.02870,4,0,0,3480,0,0,1756,1722,0,2661,0
660,5.37050,0.51040,3.30410,1.51280,0.04240,0,0,0,3480,0,0,1757,1724,0,2659,0
661,12.97310,7.37680,4.03920,1.50830,0.04700,0,0,0,3480,0,0,1759,1725,0,2673,0
662,6.39510,0.73580,4.20590,1.42430,0.02820,4,0,0,3481,0,0,1763,1727,0,2679,0
663,7.16180,0.77000,4.84310,1.51950,0.02830,8,0,0,3482,0,0,1765,1733,0,2672,0
664,6.29960,0.55490,4.24020,1.47980,0.02380,0,0,0,3482,0,0,1766,1734,0,2683,0
665,5.98780,0.47390,3.89040,1.59100,0.03140,0,0,0,3482,0,0,1766,1739,0,2701,0
666,5.64870,0.45650,3.63070,1.51690,0.04310,0,0,0,3482,0,0,1769,1736,0,2710,0
667,5.91760,0.47650,3.96950,1.43950,0.03070,0,0,0,3482,0,0,1774,1739,0,2709,0
668,6.72030,1.07180,4.18710,1.43370,0.02660,12,0,0,3484,0,0,1778,1740,0,2713,0
669,5.88580,0.74810,3.69280,1.41750,0.02630,7,0,0,3485,0,0,1783,1750,0,2711,0
670,5.99340,0.73300,3.80190,1.42500,0.03240,4,0,0,3486,0,0,1785,1752,0,2712,0
671,5.89440,0.44540,3.91120,1.50620,0.03050,0,0,0,3486,0,0,1788,1753,0,2713,0
672,5.90840,0.75050,3.69920,1.42540,0.03250,12,0,0,3487,0,0,1790,1759,0,2710,0
673,5.64350,0.45290,3.70330,1.45640,0.03010,0,0,0,3487,0,0,1791,1761,0,2711,0
674,5.79720,0.74500,3.61780,1.40610,0.02760,4,0,0,3488,0,0,1793,1765,0,2718,0
675,5.63380,0.74720,3.35090,1.50990,0.02530,23,0,0,3489,0,0,1795,1767,0,2727,0
676,11.92590,7.03710,3.46390,1.39960,0.02450,0,0,0,3489,0,0,1798,1770,0,2741,0
677,5.20650,0.40660,3.34910,1.42500,0.02500,0,0,0,3489,0,0,1799,1772,0,2747,0
678,5.23780,0.44680,3.39430,1.36910,0.02680,0,0,0,3489,0,0,1801,1774,0,2754,0
679,5.53370,0.44100,3.61660,1.44700,0.02820,0,0,0,3489,0,0,1804,1779,0,2763,0
680,5.07460,0.42130,3.18860,1.43570,0.02790,0,0,0,3489,0,0,1804,1780,0,2771,0
681,5.21790,0.44190,3.36160,1.38460,0.02890,0,0,0,3489,0,0,1806,1781,0,2791,0
682,5.06450,0.44880,3.11750,1.47230,0.02510,0,0,0,3489,0,0,1807,1785,0,2784,0
683,6.05580,1.02370,3.56480,1.44140,0.02500,12,0,0,3491,0,0,1810,1788,0,2783,0
684,5.28640,0.44660,3.41750,1.39420,0.02720,0,0,0,3491,0,0,1812,1789,0,2783,0
685,5.55930,0.70830,3.38160,1.44200,0.02660,4,0,0,3492,0,0,1815,1791,0,2773,0
686,5.24890,0.41110,3.38400,1.41940,0.03360,0,0,0,3492,0,0,1820,1792,0,2777,0
687,5.38610,0.45950,3.41230,1.48110,0.03220,0,0,0,3492,0,0,1822,1796,0,2783,0
688,5.25970,0.45850,3.34700,1.42660,0.02680,0,0,0,3492,0,0,1824,1795,0,2779,0
689,5.53730,0.71680,3.38180,1.41110,0.02700,4,0,0,3493,0,0,1826,1797,0,2772,0
690,5.64390,0.73460,3.45660,1.42230,0.02950,21,0,0,3494,0,0,1828,1800,0,2783,0
691,17.02820,7.45560,8.00540,1.52900,0.03600,0,0,0,3494,0,0,1832,1806,0,2790,0
692,7.21290,0.56140,4.76940,1.82770,0.05260,0,0,0,3494,0,0,1835,1808,0,2797,0
693,6.79080,0.49810,4.74440,1.52000,0.02740,0,0,0,3494,0,0,1835,1807,0,2793,0
694,6.55650,0.47410,4.59140,1.46680,0.02310,0,0,0,3494,0,0,1837,1808,0,2794,0
695,6.51760,0.47110,4.49970,1.52050,0.02560,0,0,0,3494,0,0,1837,1809,0,2792,0
696,6.41650,0.46030,4.49260,1.44040,0.02240,0,0,0,3494,0,0,1838,1812,0,2792,0
697,6.28370,0.43700,4.27820,1.53180,0.03570,0,0,0,3494,0,0,1840,1815,0,2793,0
698,7.14170,1.12300,4.54880,1.43900,0.02990,12,0,0,3496,0,0,1841,1816,0,2801,0
699,6.06180,0.50920,4.13650,1.39170,0.02340,0,0,0,3496,0,0,1844,1823,0,2806,0
700,6.21280,0.70890,4.05530,1.42010,0.02670,4,0,0,3497,0,0,1847,1827,0,2810,0
701,6.11260,0.42570,4.07890,1.53530,0.07190,0,0,0,3497,0,0,1850,1828,0,2817,0
702,6.20930,0.50760,4.21420,1.45910,0.02740,0,0,0,3497,0,0,1851,1827,0,2811,0
703,6.08700,0.47090,4.16750,1.42460,0.02300,0,0,0,3497,0,0,1853,1831,0,2808,0
704,5.78030,0.42960,3.88560,1.43570,0.02850,0,0,0,3497,0,0,1856,1831,0,2807,0
705,6.21350,0.46360,4.14370,1.58100,0.02420,0,0,0,3497,0,0,1858,1833,0,2813,0
706,12.60580,7.06210,4.03740,1.47920,0.02620,0,0,0,3497,0,0,1859,1834,0,2825,0
707,5.57800,0.42540,3.73120,1.39400,0.02660,0,0,0,3497,0,0,1862,1835,0,2823,0
708,5.87870,0.41020,3.88030,1.53170,0.05550,0,0,0,3497,0,0,1864,1840,0,2833,0
709,5.80840,0.41300,3.89950,1.46740,0.02770,0,0,0,3497,0,0,1868,1842,0,2827,0
710,5.77940,0.44200,3.82720,1.48170,0.02790,0,0,0,3497,0,0,1869,1843,0,2830,0
711,6.00770,0.44600,4.05010,1.48390,0.02680,0,0,0,3497,0,0,1870,1846,0,2828,0
712,5.84580,0.47000,3.86070,1.48230,0.03210,0,0,0,3497,0,0,1872,1846,0,2829,0
713,5.95990,0.71980,3.78060,1.43490,0.02380,4,0,0,3498,0,0,1872,1846,0,2832,0
714,5.48780,0.44150,3.59880,1.42350,0.02310,0,0,0,3498,0,0,1874,1845,0,2828,0
715,6.32850,0.69530,4.18000,1.42570,0.02670,4,0,0,3499,0,0,1877,1852,0,2827,0
716,5.99470,0.72160,3.82640,1.42090,0.02500,16,0,0,3500,0,0,1878,1852,0,2826,0
717,5.65310,0.43400,3.74570,1.44870,0.02370,0,0,0,3500,0,0,1879,1854,0,2825,0
718,5.71380,0.45450,3.78410,1.44950,0.02510,0,0,0,3500,0,0,1880,1854,0,2831,0
719,6.14510,0.44620,4.12940,1.53870,0.03000,0,0,0,3500,0,0,1880,1857,0,2831,0
720,5.84220,0.43340,3.95910,1.42520,0.02370,0,0,0,3500,0,0,1882,1860,0,2828,0
721,15.83230,7.39260,6.66140,1.74920,0.02760,0,0,0,3500,0,0,1883,1859,0,2829,0
722,8.92760,0.41250,6.69500,1.72000,0.09920,0,0,0,3500,0,0,1883,1861,0,2828,0
723,9.08470,0.53790,6.79030,1.72490,0.03060,0,0,0,3500,0,0,1883,1862,0,2830,0
724,8.02080,0.42970,5.92990,1.63140,0.02900,0,0,0,3500,0,0,1884,1861,0,2827,0
725,6.77810,0.46150,4.81070,1.48590,0.01910,0,0,0,3500,0,0,1884,1858,0,2832,0
726,6.73620,0.45910,4.62990,1.53110,0.11520,0,0,0,3500,0,0,1886,1861,0,2834,0
727,6.78770,0.49610,4.85270,1.41170,0.02650,0,0,0,3500,0,0,1888,1863,0,2842,0
728,6.93460,0.72480,4.61650,1.56820,0.02430,4,0,0,3501,0,0,1890,1866,0,2830,0
729,6.59760,0.44660,4.60280,1.51430,0.03300,0,0,0,3501,0,0,1893,1873,0,2827,0
730,6.93600,0.71300,4.65230,1.54270,0.02730,4,0,0,3502,0,0,1895,1871,0,2825,0
731,6.52890,0.49180,4.52640,1.47730,0.03250,0,0,0,3502,0,0,1896,1870,0,2816,0
732,6.62340,0.43760,4.59100,1.56940,0.02480,0,0,0,3502,0,0,1899,1875,0,2823,0
733,6.47100,0.44610,4.49230,1.50960,0.02220,0,0,0,3502,0,0,1899,1876,0,2832,0
734,5.95820,0.43800,4.07040,1.41900,0.02990,0,0,0,3502,0,0,1899,1875,0,2829,0
735,6.11940,0.41310,4.14320,1.52170,0.04060,0,0,0,3502,0,0,1900,1881,0,2840,0
736,13.24650,6.93830,4.77550,1.50480,0.02690,0,0,0,3502,0,0,1901,1884,0,2839,0
737,5.81270,0.42490,3.94470,1.41930,0.02290,0,0,0,3502,0,0,1902,1884,0,2839,0
738,5.97940,0.42270,4.09380,1.43740,0.02490,0,0,0,3502,0,0,1903,1884,0,2831,0
739,5.94440,0.44790,4.04780,1.42170,0.02620,0,0,0,3502,0,0,1904,1884,0,2827,0
740,5.57020,0.40060,3.66330,1.47920,0.02620,0,0,0,3502,0,0,1905,1886,0,2830,0
741,5.73400,0.42640,3.86780,1.41410,0.02490,0,0,0,3502,0,0,1909,1890,0,2839,0
742,5.80210,0.42570,3.89980,1.45140,0.02440,0,0,0,3502,0,0,1911,1892,0,2833,0
743,6.25540,0.69700,4.10470,1.42770,0.02520,4,0,0,3503,0,0,1912,1894,0,2833,0
744,5.57500,0.47460,3.67190,1.40360,0.02410,0,0,0,3503,0,0,1913,1896,0,2830,0
745,5.75220,0.68030,3.67550,1.37100,0.02440,4,0,0,3504,0,0,1915,1899,0,2829,0
746,5.51550,0.39300,3.65090,1.44460,0.02630,0,0,0,3504,0,0,1919,1903,0,2825,0
747,5.38950,0.45150,3.39670,1.51150,0.02890,0,0,0,3504,0,0,1926,1912,0,2827,0
748,5.20780,0.42590,3.33410,1.42310,0.02380,0,0,0,3504,0,0,1931,1915,0,2826,0
749,5.29780,0.45740,3.38420,1.43240,0.02310,0,0,0,3504,0,0,1931,1917,0,2827,0
750,5.17410,0.41060,3.28050,1.45590,0.02630,0,0,0,3504,0,0,1936,1922,0,2829,0
751,15.99270,7.63690,6.72980,1.51030,0.11410,0,0,0,3504,0,0,1938,1924,0,2831,0
752,8.25040,0.50400,6.17060,1.54020,0.03470,0,0,0,3504,0,0,1939,1925,0,2832,0
753,8.56610,0.43130,6.48770,1.62200,0.02420,0,0,0,3504,0,0,1940,1926,0,2837,0
754,6.83300,0.56570,4.70620,1.52630,0.03370,0,0,0,3504,0,0,1941,1928,0,2831,0
755,6.82890,0.41590,4.94540,1.43750,0.02940,0,0,0,3504,0,0,1942,1929,0,2831,0
756,6.79470,0.39990,4.88240,1.48270,0.02880,0,0,0,3504,0,0,1942,1929,0,2830,0
757,6.26280,0.40450,4.28990,1.54000,0.02760,0,0,0,3504,0,0,1944,1931,0,2836,0
758,6.28130,0.39810,4.40340,1.44990,0.02890,0,0,0,3504,0,0,1944,1932,0,2833,0
759,6.41180,0.38930,4.52130,1.47890,0.02150,0,0,0,3504,0,0,1944,1931,0,2830,0
760,6.36800,0.70070,4.13980,1.50220,0.02450,3,0,0,3505,0,0,1947,1934,0,2831,0
761,5.75780,0.41610,3.83470,1.48160,0.02470,0,0,0,3505,0,0,1948,1934,0,2835,0
762,6.04840,0.43280,4.10070,1.48690,0.02730,0,0,0,3505,0,0,1949,1935,0,2844,0
763,5.85060,0.43340,3.99640,1.39550,0.02440,0,0,0,3505,0,0,1950,1937,0,2845,0
764,6.15820,0.42000,4.22980,1.45640,0.05120,0,0,0,3505,0,0,1950,1938,0,2847,0
765,5.56720,0.41950,3.61970,1.48080,0.04630,0,0,0,3505,0,0,1951,1937,0,2850,0
766,12.75210,7.21430,3.96230,1.54500,0.02950,0,0,0,3505,0,0,1951,1938,0,2853,0
767,5.33620,0.44930,3.37480,1.48180,0.02930,0,0,0,3505,0,0,1955,1938,0,2852,0
768,5.21910,0.42610,3.35730,1.41030,0.02470,0,0,0,3505,0,0,1955,1942,0,2857,0
769,5.01580,0.40910,3.11180,1.44930,0.04460,0,0,0,3505,0,0,1956,1945,0,2857,0
770,5.55080,0.46920,3.61220,1.44180,0.02680,0,0,0,3505,0,0,1957,1945,0,2861,0
771,5.01020,0.39840,3.21740,1.36570,0.02770,0,0,0,3505,0,0,1959,1946,0,2856,0
772,5.25580,0.41260,3.35710,1.46000,0.02540,0,0,0,3505,0,0,1960,1947,0,2857,0
773,5.23830,0.40760,3.43220,1.37350,0.02440,0,0,0,3505,0,0,1961,1948,0,2858,0
774,5.54690,0.41060,3.69250,1.41850,0.02430,0,0,0,3505,0,0,1963,1951,0,2859,0
775,5.29340,0.68450,3.17180,1.41170,0.02460,3,0,0,3506,0,0,1963,1951,0,2864,0
776,5.14850,0.40050,3.34440,1.37900,0.02380,0,0,0,3506,0,0,1965,1953,0,2864,0
777,5.51160,0.38160,3.62280,1.48090,0.02520,0,0,0,3506,0,0,1967,1955,0,2862,0
778,5.25210,0.40710,3.41580,1.39680,0.03140,0,0,0,3506,0,0,1969,1957,0,2863,0
779,5.18850,0.40920,3.40020,1.35230,0.02590,0,0,0,3506,0,0,1970,1960,0,2867,0
780,4.94290,0.39670,3.14350,1.37710,0.02460,0,0,0,3506,0,0,1971,1962,0,2870,0
781,14.66600,7.18520,5.81410,1.63290,0.03250,0,0,0,3506,0,0,1973,1966,0,2872,0
782,8.35260,0.39540,6.45080,1.47560,0.02970,0,0,0,3506,0,0,1974,1967,0,2879,0
783,6.52940,0.37610,4.41420,1.71060,0.02740,0,0,0,3506,0,0,1974,1966,0,2878,0
784,6.78970,0.39540,4.96980,1.40320,0.02040,0,0,0,3506,0,0,1975,1967,0,2880,0
785,6.83980,0.40430,5.02950,1.38590,0.01940,0,0,0,3506,0,0,1976,1969,0,2880,0
786,6.23580,0.38530,4.44070,1.37520,0.03400,0,0,0,3506,0,0,1977,1969,0,2879,0
787,5.92330,0.39330,4.11220,1.38400,0.03290,0,0,0,3506,0,0,1980,1973,0,2876,0
788,5.98330,0.41750,4.17170,1.35950,0.03380,0,0,0,3506,0,0,1981,1975,0,2877,0
789,6.13750,0.40360,4.09190,1.61030,0.03080,0,0,0,3506,0,0,1982,1976,0,2878,0
790,5.75970,0.39270,3.80050,1.52130,0.04440,0,0,0,3506,0,0,1982,1975,0,2878,0
791,5.95880,0.42540,4.10340,1.39750,0.03150,0,0,0,3506,0,0,1984,1977,0,2878,0
792,5.88820,0.38520,3.98320,1.49250,0.02640,0,0,0,3506,0,0,1984,1977,0,2875,0
793,5.51300,0.40450,3.61500,1.46840,0.02430,0,0,0,3506,0,0,1985,1978,0,2878,0
794,5.47110,0.35380,3.56360,1.52340,0.02950,0,0,0,3506,0,0,1985,1979,0,2873,0
795,5.74420,0.39610,3.91320,1.39630,0.03780,0,0,0,3506,0,0,1986,1980,0,2873,0
796,12.50810,6.91480,4.10090,1.46340,0.02760,0,0,0,3506,0,0,1987,1980,0,2866,0
797,5.10980,0.37920,3.33160,1.37120,0.02700,0,0,0,3506,0,0,1988,1983,0,2866,0
798,5.19900,0.34950,3.40840,1.41400,0.02640,0,0,0,3506,0,0,1988,1982,0,2869,0
799,5.18870,0.38450,3.35810,1.36270,0.08240,0,0,0,3506,0,0,1990,1984,0,2876,0
800,5.37540,0.39020,3.59490,1.36590,0.02360,0,0,0,3506,0,0,1992,1986,0,2875,0
801,5.79690,0.39440,3.75890,1.60090,0.04170,0,0,0,3506,0,0,1992,1986,0,2876,0
802,5.08200,0.40700,3.11030,1.52840,0.03540,0,0,0,3506,0,0,1992,1984,0,2881,0
803,5.29860,0.40450,3.47870,1.38910,0.02550,0,0,0,3506,0,0,1993,1988,0,2878,0
804,5.22790,0.42240,3.36970,1.41130,0.02370,0,0,0,3506,0,0,1993,1986,0,2878,0
805,5.38180,0.41880,3.33760,1.59160,0.03280,0,0,0,3506,0,0,1993,1986,0,2877,0
806,5.22920,0.39950,3.37800,1.42480,0.02610,0,0,0,3506,0,0,1994,1986,0,2879,0
807,5.39920,0.39860,3.60310,1.37030,0.02630,0,0,0,3506,0,0,1996,1990,0,2885,0
808,5.09040,0.40980,3.23970,1.37300,0.06710,0,0,0,3506,0,0,1998,1991,0,2876,0
809,5.00600,0.38640,3.16360,1.43090,0.02430,0,0,0,3506,0,0,1998,1989,0,2876,0
810,5.14780,0.40450,3.35390,1.36530,0.02330,0,0,0,3506,0,0,1998,1992,0,2872,0
811,14.51230,7.55600,5.46350,1.45760,0.03290,0,0,0,3506,0,0,1999,1992,0,2875,0
812,8.05270,0.37310,6.12510,1.51610,0.03730,0,0,0,3506,0,0,1999,1992,0,2873,0
813,5.95330,0.40130,4.00550,1.50840,0.03710,0,0,0,3506,0,0,1999,1994,0,2873,0
814,6.56040,0.36760,4.68780,1.46400,0.04020,0,0,0,3506,0,0,1999,1994,0,2878,0
815,6.18860,0.40830,4.27560,1.45930,0.04430,0,0,0,3506,0,0,2000,1996,0,2879,0
816,5.69290,0.37500,3.92940,1.34980,0.03790,0,0,0,3506,0,0,2001,1997,0,2880,0
817,5.97210,0.66670,3.87820,1.38790,0.03780,3,0,0,3507,0,0,2002,1998,0,2883,0
818,5.91710,0.40690,3.97450,1.50510,0.02950,0,0,0,3507,0,0,2002,1998,0,2880,0
819,5.30900,0.42540,3.45470,1.39720,0.03080,0,0,0,3507,0,0,2002,1998,0,2881,0
820,4.91860,0.37740,3.11150,1.39870,0.03010,0,0,0,3507,0,0,2003,1999,0,2888,0
821,5.43320,0.38770,3.63010,1.38200,0.03230,0,0,0,3507,0,0,2003,2001,0,2889,0
822,5.33010,0.37980,3.53700,1.38570,0.02660,0,0,0,3507,0,0,2004,2001,0,2887,0
823,5.42690,0.39390,3.53680,1.46760,0.02780,0,0,0,3507,0,0,2004,2001,0,2885,0
824,5.24370,0.39950,3.33990,1.47360,0.02980,0,0,0,3507,0,0,2004,2001,0,2889,0
825,5.40930,0.38720,3.43700,1.55190,0.03240,0,0,0,3507,0,0,2004,2000,0,2893,0
826,12.19510,7.01500,3.54650,1.57730,0.05510,0,0,0,3507,0,0,2006,2003,0,2894,0
827,5.17840,0.34250,3.35490,1.44920,0.03080,0,0,0,3507,0,0,2007,2003,0,2893,0
828,5.37230,0.37080,3.48030,1.49560,0.02410,0,0,0,3507,0,0,2008,2005,0,2891,0
829,5.03410,0.40540,3.16040,1.41850,0.04920,0,0,0,3507,0,0,2008,2006,0,2891,0
830,6.00220,0.41170,4.02790,1.53750,0.02420,0,0,0,3507,0,0,2008,2006,0,2888,0
831,5.57240,0.37960,3.70010,1.46470,0.02730,0,0,0,3507,0,0,2008,2006,0,2893,0
832,5.68030,0.77050,3.40870,1.46980,0.03040,3,0,0,3508,0,0,2008,2006,0,2894,0
833,5.46250,0.41770,3.56810,1.45140,0.02460,0,0,0,3508,0,0,2009,2007,0,2893,0
834,5.10950,0.37000,3.31240,1.40220,0.02420,0,0,0,3508,0,0,2009,2007,0,2892,0
835,5.17010,0.37700,3.36360,1.40540,0.02350,0,0,0,3508,0,0,2009,2007,0,2891,0
836,5.34840,0.40300,3.47960,1.44010,0.02500,0,0,0,3508,0,0,2009,2006,0,2891,0
837,5.79550,0.38290,3.93980,1.44900,0.02280,0,0,0,3508,0,0,2009,2006,0,2889,0
838,5.10950,0.41540,3.18090,1.48330,0.02910,0,0,0,3508,0,0,2009,2006,0,2887,0
839,5.33810,0.38130,3.54690,1.38540,0.02390,0,0,0,3508,0,0,2011,2007,0,2887,0
840,5.25410,0.41140,3.37710,1.44110,0.02360,0,0,0,3508,0,0,2012,2009,0,2887,0
841,15.04920,7.50730,5.95460,1.55750,0.02800,0,0,0,3508,0,0,2012,2009,0,2888,0
842,8.63090,0.46920,6.59050,1.54890,0.02130,0,0,0,3508,0,0,2012,2009,0,2889,0
843,7.10530,0.35530,4.91500,1.80780,0.02630,0,0,0,3508,0,0,2013,2010,0,2890,0
844,6.73250,0.39570,4.83530,1.44390,0.05660,0,0,0,3508,0,0,2013,2010,0,2887,0
845,7.23710,0.48120,5.15830,1.56650,0.02980,0,0,0,3508,0,0,2013,2010,0,2890,0
846,7.23320,0.41630,5.17780,1.60270,0.03520,0,0,0,3508,0,0,2015,2012,0,2890,0
847,6.36440,0.38730,4.57160,1.37790,0.02610,0,0,0,3508,0,0,2015,2012,0,2889,0
848,5.99030,0.39210,4.15890,1.41280,0.02540,0,0,0,3508,0,0,2015,2012,0,2890,0
849,6.27770,0.39200,4.39080,1.46850,0.02520,0,0,0,3508,0,0,2015,2012,0,2891,0
850,5.97470,0.41110,4.17610,1.35980,0.02690,0,0,0,3508,0,0,2015,2012,0,2891,0
851,6.04460,0.52060,3.99260,1.47770,0.05240,0,0,0,3508,0,0,2017,2014,0,2888,0
852,5.86380,0.36860,4.04740,1.42170,0.02520,0,0,0,3508,0,0,2018,2015,0,2891,0
853,5.67600,0.36540,3.80750,1.46260,0.03950,0,0,0,3508,0,0,2018,2015,0,2891,0
854,5.72340,0.38170,3.93640,1.37590,0.02850,0,0,0,3508,0,0,2018,2015,0,2889,0
855,5.74410,0.38520,3.86750,1.46300,0.02760,0,0,0,3508,0,0,2018,2015,0,2888,0
856,12.72700,6.96740,3.96870,1.75770,0.03190,0,0,0,3508,0,0,2018,2015,0,2889,0
857,5.81270,0.42970,3.98090,1.37690,0.02440,0,0,0,3508,0,0,2020,2017,0,2887,0
858,5.67670,0.39960,3.79410,1.45040,0.03170,0,0,0,3508,0,0,2020,2018,0,2886,0
859,5.73670,0.39980,3.86300,1.44810,0.02520,0,0,0,3508,0,0,2020,2018,0,2886,0
860,5.27770,0.37430,3.48760,1.39030,0.02440,0,0,0,3508,0,0,2021,2019,0,2888,0
861,5.51940,0.41500,3.60550,1.46870,0.02930,0,0,0,3508,0,0,2022,2020,0,2887,0
862,5.64640,0.37410,3.77970,1.46500,0.02670,0,0,0,3508,0,0,2023,2022,0,2887,0
863,5.48320,0.37320,3.65460,1.43000,0.02450,0,0,0,3508,0,0,2024,2023,0,2886,0
864,5.68180,0.43850,3.69440,1.50610,0.04180,0,0,0,3508,0,0,2027,2026,0,2886,0
865,5.26430,0.39080,3.48260,1.36610,0.02400,0,0,0,3508,0,0,2027,2026,0,2888,0
866,5.28690,0.36470,3.45340,1.44080,0.02710,0,0,0,3508,0,0,2028,2027,0,2888,0
867,5.28840,0.39500,3.38890,1.47220,0.03160,0,0,0,3508,0,0,2028,2028,0,2886,0
868,5.33070,0.40240,3.44510,1.45510,0.02730,0,0,0,3508,0,0,2028,2028,0,2883,0
869,5.33410,0.40350,3.37200,1.53270,0.02530,0,0,0,3508,0,0,2028,2028,0,2881,0
870,4.88930,0.36080,3.10180,1.38040,0.04540,0,0,0,3508,0,0,2028,2028,0,2881,0
871,15.53420,7.26780,6.72790,1.47140,0.06540,0,0,0,3508,0,0,2028,2028,0,2881,0
872,7.43160,0.36550,5.35300,1.68540,0.02650,0,0,0,3508,0,0,2028,2028,0,2880,0
873,7.17930,0.45590,5.28460,1.41290,0.02520,0,0,0,3508,0,0,2028,2028,0,2880,0
874,6.69770,0.39770,4.79800,1.46980,0.03110,0,0,0,3508,0,0,2028,2028,0,2880,0
875,6.30580,0.41030,4.50800,1.36490,0.02190,0,0,0,3508,0,0,2028,2028,0,2882,0
876,6.31340,0.35380,4.46910,1.46800,0.02160,0,0,0,3508,0,0,2028,2028,0,2882,0
877,6.29380,0.44480,4.39700,1.42950,0.02170,0,0,0,3508,0,0,2028,2028,0,2882,0
878,6.22450,0.36130,4.34420,1.49540,0.02290,0,0,0,3508,0,0,2028,2028,0,2878,0
879,6.14150,0.36060,4.42820,1.32890,0.02300,0,0,0,3508,0,0,2028,2028,0,2880,0
880,6.15930,0.33950,4.33450,1.44900,0.03560,0,0,0,3508,0,0,2028,2027,0,2878,0
881,5.90090,0.38910,4.13140,1.35400,0.02530,0,0,0,3508,0,0,2028,2028,0,2877,0
882,6.02020,0.34180,4.25090,1.40210,0.02470,0,0,0,3508,0,0,2029,2028,0,2879,0
883,6.25960,0.36020,4.34970,1.46320,0.08540,0,0,0,3508,0,0,2029,2029,0,2879,0
884,5.98580,0.39810,4.16780,1.39360,0.02540,0,0,0,3508,0,0,2030,2030,0,2880,0
885,5.91240,0.41200,3.99150,1.47610,0.03220,0,0,0,3508,0,0,2031,2030,0,2881,0
886,12.65600,7.12860,4.08150,1.42220,0.02290,0,0,0,3508,0,0,2031,2029,0,2883,0
887,5.72160,0.38650,3.91160,1.39950,0.02340,0,0,0,3508,0,0,2031,2029,0,2883,0
888,5.92860,0.39140,4.05090,1.46140,0.02410,0,0,0,3508,0,0,2031,2030,0,2883,0
889,5.70070,0.39630,3.89420,1.38480,0.02450,0,0,0,3508,0,0,2031,2030,0,2881,0
890,6.00940,0.37610,4.19430,1.41250,0.02570,0,0,0,3508,0,0,2031,2031,0,2882,0
891,5.76500,0.35420,3.91260,1.47090,0.02640,0,0,0,3508,0,0,2031,2031,0,2882,0
892,5.94730,0.36980,4.12890,1.41990,0.02780,0,0,0,3508,0,0,2032,2030,0,2882,0
893,5.62970,0.38380,3.79060,1.42570,0.02890,0,0,0,3508,0,0,2033,2031,0,2882,0
894,5.46310,0.38110,3.65780,1.40110,0.02240,0,0,0,3508,0,0,2033,2032,0,2884,0
895,5.74230,0.37690,3.83460,1.50220,0.02770,0,0,0,3508,0,0,2033,2032,0,2885,0
896,5.61450,0.38980,3.80570,1.39470,0.02350,0,0,0,3508,0,0,2033,2031,0,2885,0
897,5.81830,0.40670,3.88270,1.50130,0.02660,0,0,0,3508,0,0,2033,2031,0,2888,0
898,5.71260,0.38830,3.73400,1.56210,0.02740,0,0,0,3508,0,0,2034,2032,0,2888,0
899,5.37190,0.35980,3.56430,1.42120,0.02570,0,0,0,3508,0,0,2034,2032,0,2888,0
900,5.24860,0.38470,3.47180,1.36860,0.02270,0,0,0,3508,0,0,2034,2033,0,2886,0
901,16.11460,7.33910,6.16960,2.55800,0.04570,0,0,0,3508,0,0,2034,2033,0,2885,0
902,8.57490,0.35320,6.62860,1.56470,0.02760,0,0,0,3508,0,0,2034,2033,0,2885,0
903,7.86570,0.33860,5.97930,1.50730,0.02630,0,0,0,3508,0,0,2035,2034,0,2888,0
904,6.73950,0.34710,4.88930,1.47450,0.02770,0,0,0,3508,0,0,2035,2034,0,2887,0
905,6.14190,0.34080,4.34160,1.43220,0.02640,0,0,0,3508,0,0,2035,2033,0,2889,0
906,6.20560,0.35860,4.31150,1.50840,0.02640,0,0,0,3508,0,0,2035,2033,0,2886,0
907,5.53540,0.35270,3.70510,1.44180,0.03490,0,0,0,3508,0,0,2035,2032,0,2888,0
908,9.15510,0.35540,5.06980,3.66560,0.06250,0,0,0,3508,0,0,2035,2033,0,2887,0
909,7.34050,0.44000,5.40060,1.45390,0.04390,0,0,0,3508,0,0,2035,2033,0,2887,0
910,5.97230,0.40250,4.03280,1.50410,0.03190,0,0,0,3508,0,0,2035,2032,0,2887,0
911,5.69910,0.36470,3.80880,1.49520,0.02960,0,0,0,3508,0,0,2035,2032,0,2887,0
912,5.19030,0.34950,3.37920,1.43170,0.02920,0,0,0,3508,0,0,2035,2033,0,2887,0
913,5.21860,0.36410,3.43200,1.39390,0.02770,0,0,0,3508,0,0,2035,2032,0,2888,0
914,5.28300,0.36320,3.40570,1.48400,0.02930,0,0,0,3508,0,0,2035,2033,0,2886,0
915,5.57020,0.35700,3.72250,1.46160,0.02820,0,0,0,3508,0,0,2036,2033,0,2886,0
916,12.23910,7.23120,3.58570,1.39280,0.02820,0,0,0,3508,0,0,2037,2034,0,2886,0
917,5.65160,0.35720,3.82380,1.43820,0.03150,0,0,0,3508,0,0,2037,2034,0,2889,0
918,5.40230,0.37370,3.58230,1.41660,0.02900,0,0,0,3508,0,0,2037,2034,0,2889,0
919,5.16880,0.34610,3.36310,1.43450,0.02430,0,0,0,3508,0,0,2037,2034,0,2889,0
920,5.26190,0.37780,3.35270,1.49100,0.03950,0,0,0,3508,0,0,2037,2035,0,2889,0
921,5.18260,0.38290,3.38960,1.38230,0.02710,0,0,0,3508,0,0,2037,2034,0,2888,0
922,5.36290,0.38650,3.61810,1.33030,0.02720,0,0,0,3508,0,0,2037,2034,0,2888,0
923,5.33470,0.35120,3.42900,1.52170,0.03100,0,0,0,3508,0,0,2038,2035,0,2889,0
924,5.04270,0.36650,3.34240,1.30590,0.02720,0,0,0,3508,0,0,2038,2035,0,2888,0
925,5.11430,0.34990,3.32150,1.41120,0.03110,0,0,0,3508,0,0,2038,2035,0,2886,0
926,5.28490,0.35460,3.54480,1.35790,0.02670,0,0,0,3508,0,0,2039,2037,0,2887,0
927,5.30830,0.35000,3.40630,1.51880,0.03200,0,0,0,3508,0,0,2040,2038,0,2887,0
928,5.39750,0.36990,3.60720,1.38890,0.03070,0,0,0,3508,0,0,2040,2038,0,2888,0
929,5.21670,0.38350,3.44180,1.36210,0.02860,0,0,0,3508,0,0,2040,2038,0,2888,0
930,5.19970,0.36390,3.34720,1.45690,0.03080,0,0,0,3508,0,0,2040,2038,0,2888,0
931,14.89510,7.05170,6.08840,1.72060,0.03260,0,0,0,3508,0,0,2040,2038,0,2888,0
932,6.60220,0.42850,4.72340,1.42390,0.02570,0,0,0,3508,0,0,2040,2038,0,2888,0
933,6.91240,0.43670,5.04180,1.40880,0.02410,0,0,0,3508,0,0,2040,2037,0,2886,0
934,7.29120,0.34690,5.46370,1.45950,0.02030,0,0,0,3508,0,0,2040,2037,0,2886,0
935,6.40090,0.37310,4.55430,1.44920,0.02360,0,0,0,3508,0,0,2040,2037,0,2886,0
936,6.24900,0.36360,4.47530,1.37780,0.03170,0,0,0,3508,0,0,2040,2037,0,2887,0
937,6.97540,0.35490,4.57990,2.00810,0.03160,0,0,0,3508,0,0,2040,2037,0,2887,0
938,6.14960,0.39080,4.33700,1.37490,0.03250,0,0,0,3508,0,0,2040,2037,0,2887,0
939,6.39550,0.36750,4.46310,1.53430,0.02980,0,0,0,3508,0,0,2040,2037,0,2887,0
940,6.04330,0.37310,4.16420,1.47980,0.02550,0,0,0,3508,0,0,2040,2039,0,2888,0
941,5.95670,0.37820,4.03780,1.48840,0.05100,0,0,0,3508,0,0,2040,2040,0,2887,0
942,5.85300,0.37350,4.05510,1.38100,0.02980,0,0,0,3508,0,0,2040,2040,0,2887,0
943,5.89020,0.35400,4.10880,1.39880,0.02760,0,0,0,3508,0,0,2040,2039,0,2888,0
944,5.79720,0.35780,4.03430,1.38010,0.02420,0,0,0,3508,0,0,2040,2040,0,2888,0
945,5.87920,0.42000,3.96070,1.47000,0.02780,0,0,0,3508,0,0,2040,2040,0,2888,0
946,13.15810,7.75350,3.95850,1.42180,0.02340,0,0,0,3508,0,0,2040,2040,0,2889,0
947,5.76850,0.39230,3.90520,1.44560,0.02450,0,0,0,3508,0,0,2041,2041,0,2889,0
948,5.69370,0.37530,3.82270,1.44740,0.04740,0,0,0,3508,0,0,2041,2041,0,2889,0
949,5.72210,0.36860,3.76580,1.56020,0.02680,0,0,0,3508,0,0,2041,2040,0,2885,0
950,5.51350,0.38370,3.67810,1.42770,0.02310,0,0,0,3508,0,0,2041,2041,0,2887,0
951,5.48130,0.37970,3.62900,1.44290,0.02900,0,0,0,3508,0,0,2041,2041,0,2887,0
952,5.61500,0.36180,3.86540,1.36290,0.02410,0,0,0,3508,0,0,2041,2041,0,2887,0
953,5.23940,0.36410,3.48730,1.36320,0.02400,0,0,0,3508,0,0,2041,2041,0,2887,0
954,5.21310,0.37740,3.32960,1.47330,0.03200,0,0,0,3508,0,0,2041,2041,0,2887,0
955,5.12190,0.38670,3.29440,1.41600,0.02400,0,0,0,3508,0,0,2041,2041,0,2888,0
956,5.03060,0.36860,3.24780,1.38680,0.02660,0,0,0,3508,0,0,2041,2041,0,2888,0
957,5.35090,0.42450,3.54810,1.35340,0.02410,0,0,0,3508,0,0,2042,2042,0,2886,0
958,5.29670,0.36890,3.40770,1.46540,0.05370,0,0,0,3508,0,0,2042,2042,0,2887,0
959,4.90320,0.37800,3.17470,1.32620,0.02330,0,0,0,3508,0,0,2042,2041,0,2887,0
960,5.16290,0.35880,3.35030,1.42630,0.02680,0,0,0,3508,0,0,2042,2042,0,2887,0
961,15.77420,7.60190,6.48850,1.65290,0.02920,0,0,0,3508,0,0,2042,2041,0,2887,0
962,7.19380,0.37770,5.39150,1.40200,0.02170,0,0,0,3508,0,0,2042,2042,0,2887,0
963,6.90400,0.44350,4.73830,1.60140,0.11960,0,0,0,3508,0,0,2042,2041,0,2887,0
964,7.14790,0.39930,5.24200,1.48160,0.02410,0,0,0,3508,0,0,2042,2041,0,2887,0
965,6.73040,0.40730,4.89460,1.40690,0.02060,0,0,0,3508,0,0,2042,2041,0,2887,0
966,6.27270,0.35150,4.50260,1.39950,0.01850,0,0,0,3508,0,0,2042,2041,0,2885,0
967,6.43260,0.34060,4.54630,1.52020,0.02490,0,0,0,3508,0,0,2042,2041,0,2885,0
968,6.58930,0.42580,4.77110,1.36860,0.02300,0,0,0,3508,0,0,2043,2042,0,2883,0
969,6.54560,0.40760,4.66200,1.44810,0.02700,0,0,0,3508,0,0,2043,2042,0,2883,0
970,6.22220,0.38090,4.34280,1.47530,0.02250,0,0,0,3508,0,0,2043,2042,0,2883,0
971,6.36360,0.35080,4.40220,1.49690,0.11270,0,0,0,3508,0,0,2043,2042,0,2882,0
972,6.52630,0.35110,4.65270,1.49510,0.02640,0,0,0,3508,0,0,2043,2042,0,2882,0
973,6.35830,0.37020,4.41780,1.54520,0.02420,0,0,0,3508,0,0,2043,2041,0,2883,0
974,6.26050,0.36430,4.39530,1.47230,0.02780,0,0,0,3508,0,0,2043,2041,0,2883,0
975,5.98550,0.33720,4.17920,1.44090,0.02740,0,0,0,3508,0,0,2043,2041,0,2882,0
976,13.04820,7.27070,4.22500,1.52150,0.02970,0,0,0,3508,0,0,2043,2042,0,2882,0
977,5.90610,0.41790,4.05810,1.40290,0.02630,0,0,0,3508,0,0,2043,2043,0,2882,0
978,5.81460,0.35850,3.96590,1.45890,0.03020,0,0,0,3508,0,0,2043,2042,0,2882,0
979,5.73260,0.42930,3.79560,1.47900,0.02760,0,0,0,3508,0,0,2043,2041,0,2882,0
980,5.79450,0.41410,3.83560,1.50590,0.03730,0,0,0,3508,0,0,2044,2042,0,2882,0
981,5.57610,0.37690,3.80170,1.37040,0.02600,0,0,0,3508,0,0,2044,2042,0,2882,0
982,5.22650,0.39530,3.42500,1.37860,0.02660,0,0,0,3508,0,0,2044,2042,0,2883,0
983,4.97280,0.37330,3.10920,1.46330,0.02640,0,0,0,3508,0,0,2044,2042,0,2883,0
984,5.11120,0.38210,3.33470,1.36940,0.02430,0,0,0,3508,0,0,2044,2042,0,2883,0
985,5.17340,0.38690,3.38250,1.37640,0.02700,0,0,0,3508,0,0,2044,2042,0,2883,0
986,5.18250,0.36380,3.36470,1.42600,0.02740,0,0,0,3508,0,0,2045,2043,0,2883,0
987,5.66190,0.37960,3.83840,1.41300,0.03000,0,0,0,3508,0,0,2045,2043,0,2883,0
988,5.19810,0.33770,3.40780,1.42180,0.03020,0,0,0,3508,0,0,2045,2044,0,2882,0
989,5.74810,0.33420,3.87410,1.47530,0.06300,0,0,0,3508,0,0,2045,2044,0,2882,0
990,5.84800,0.37800,3.99890,1.43450,0.03540,0,0,0,3508,0,0,2045,2045,0,2882,0
991,16.26440,7.78820,6.64730,1.79200,0.03480,0,0,0,3508,0,0,2045,2045,0,2882,0
992,9.20870,0.36880,7.08430,1.71320,0.04110,0,0,0,3508,0,0,2045,2045,0,2884,0
993,6.96590,0.39180,4.91880,1.61530,0.03810,0,0,0,3508,0,0,2046,2046,0,2884,0
994,7.32560,0.47390,5.30130,1.51580,0.03310,0,0,0,3508,0,0,2046,2046,0,2884,0
995,7.27420,0.37500,5.14830,1.71830,0.03120,0,0,0,3508,0,0,2046,2046,0,2884,0
996,6.69410,0.36890,4.77680,1.51210,0.03470,0,0,0,3508,0,0,2046,2046,0,2884,0
997,6.76020,0.37010,4.82400,1.53410,0.03090,0,0,0,3508,0,0,2046,2046,0,2885,0
998,6.93130,0.47780,4.86590,1.55640,0.03010,0,0,0,3508,0,0,2046,2046,0,2885,0
999,6.20430,0.39160,4.27030,1.50380,0.03720,0,0,0,3508,0,0,2046,2046,0,2885,0
1000,6.66000,0.36500,4.53650,1.72390,0.03330,0,0,0,3508,0,0,2046,2046,0,2885,0
1001,6.11980,0.47250,4.14300,1.47240,0.03070,0,0,0,3508,0,0,2046,2046,0,2885,0
1002,5.90160,0.40350,3.78830,1.67130,0.03710,0,0,0,3508,0,0,2046,2046,0,2885,0
1003,5.76040,0.41710,3.67530,1.62720,0.03940,0,0,0,3508,0,0,2046,2046,0,2885,0
1004,5.35430,0.47210,3.37380,1.46380,0.03000,0,0,0,3508,0,0,2046,2046,0,2885,0
1005,6.02360,0.40180,4.09080,1.49590,0.03320,0,0,0,3508,0,0,2046,2045,0,2885,0
1006,12.95830,7.73840,3.68770,1.50260,0.02820,0,0,0,3508,0,0,2046,2046,0,2885,0
1007,5.68090,0.42160,3.70650,1.50470,0.03330,0,0,0,3508,0,0,2046,2045,0,2886,0
1008,5.86420,0.39070,3.90600,1.53400,0.03230,0,0,0,3508,0,0,2046,2045,0,2886,0
1009,5.80740,0.43430,3.88000,1.45380,0.03820,0,0,0,3508,0,0,2046,2045,0,2887,0
1010,5.75450,0.42940,3.84630,1.44030,0.03720,0,0,0,3508,0,0,2046,2045,0,2887,0
1011,5.27780,0.37870,3.41580,1.45080,0.03160,0,0,0,3508,0,0,2046,2045,0,2887,0
1012,5.08380,0.40930,3.16760,1.46280,0.04330,0,0,0,3508,0,0,2046,2045,0,2887,0
1013,5.17650,0.37610,3.26870,1.46850,0.06210,0,0,0,3508,0,0,2046,2045,0,2887,0
1014,5.47780,0.35620,3.62650,1.46740,0.02680,0,0,0,3508,0,0,2046,2045,0,2887,0
1015,5.22410,0.39850,3.43710,1.35230,0.03550,0,0,0,3508,0,0,2046,2045,0,2887,0
1016,5.81630,0.38700,3.76660,1.61910,0.04270,0,0,0,3508,0,0,2046,2045,0,2887,0
1017,4.91320,0.37590,3.07830,1.42040,0.03770,0,0,0,3508,0,0,2046,2045,0,2887,0
1018,5.28880,0.38700,3.44290,1.41290,0.04520,0,0,0,3508,0,0,2046,2045,0,2887,0
1019,5.22830,0.37410,3.32280,1.50350,0.02710,0,0,0,3508,0,0,2046,2045,0,2887,0
1020,5.11200,0.34960,3.33490,1.38500,0.04170,0,0,0,3508,0,0,2046,2045,0,2887,0
1021,15.16610,8.02500,5.48330,1.60150,0.05420,0,0,0,3508,0,0,2046,2045,0,2887,0
1022,7.25310,0.35790,5.27860,1.57440,0.04110,0,0,0,3508,0,0,2046,2045,0,2887,0
1023,6.44330,0.35790,4.52680,1.52640,0.03120,0,0,0,3508,0,0,2046,2045,0,2887,0
1024,5.99000,0.36530,4.15740,1.43650,0.02970,0,0,0,3508,0,0,2046,2045,0,2887,0
1025,5.66640,0.35700,3.85680,1.41450,0.03680,0,0,0,3508,0,0,2046,2045,0,2887,0
1026,5.58680,0.35000,3.73580,1.46560,0.03460,0,0,0,3508,0,0,2046,2045,0,2887,0
1027,5.82160,0.38500,3.91310,1.48990,0.03250,0,0,0,3508,0,0,2046,2045,0,2887,0
1028,5.51800,0.38100,3.64060,1.46580,0.02940,0,0,0,3508,0,0,2046,2045,0,2887,0
1029,5.44480,0.37950,3.55400,1.47810,0.03230,0,0,0,3508,0,0,2046,2046,0,2887,0
1030,5.90100,0.35900,3.82990,1.67360,0.03700,0,0,0,3508,0,0,2046,2046,0,2887,0
1031,5.26290,0.36090,3.45250,1.41870,0.02980,0,0,0,3508,0,0,2046,2046,0,2887,0
1032,5.83320,0.42800,3.85870,1.50660,0.03890,0,0,0,3508,0,0,2046,2046,0,2887,0
1033,5.24740,0.34390,3.50720,1.34650,0.04860,0,0,0,3508,0,0,2046,2046,0,2887,0
1034,5.43330,0.38110,3.54000,1.47150,0.03950,0,0,0,3508,0,0,2046,2046,0,2887,0
1035,6.03310,0.38520,4.10190,1.49580,0.04860,0,0,0,3508,0,0,2046,2046,0,2887,0
1036,12.96060,7.84310,3.64450,1.44050,0.03070,0,0,0,3508,0,0,2046,2046,0,2887,0
1037,5.53180,0.35370,3.68900,1.45280,0.03540,0,0,0,3508,0,0,2046,2046,0,2887,0
1038,5.53190,0.37050,3.69030,1.44050,0.02940,0,0,0,3508,0,0,2046,2046,0,2887,0
1039,5.46980,0.37770,3.60120,1.45720,0.03240,0,0,0,3508,0,0,2046,2046,0,2887,0
1040,5.41910,0.35950,3.56920,1.45510,0.03430,0,0,0,3508,0,0,2046,2046,0,2887,0
1041,5.29790,0.35820,3.41960,1.48650,0.03180,0,0,0,3508,0,0,2047,2047,0,2886,0
1042,5.81240,0.38690,3.90250,1.49270,0.02900,0,0,0,3508,0,0,2047,2047,0,2886,0
1043,5.31320,0.37260,3.41690,1.49270,0.03010,0,0,0,3508,0,0,2047,2047,0,2884,0
1044,5.83060,0.35600,3.98560,1.44820,0.03960,0,0,0,3508,0,0,2047,2047,0,2884,0
1045,5.59990,0.38100,3.70860,1.47510,0.03430,0,0,0,3508,0,0,2047,2047,0,2884,0
1046,5.52550,0.39010,3.38900,1.69430,0.05080,0,0,0,3508,0,0,2047,2047,0,2884,0
1047,5.37050,0.37410,3.59550,1.37170,0.02790,0,0,0,3508,0,0,2047,2047,0,2884,0
1048,5.27060,0.36810,3.52090,1.35440,0.02640,0,0,0,3508,0,0,2047,2047,0,2884,0
1049,5.27760,0.34000,3.53720,1.36010,0.03850,0,0,0,3508,0,0,2047,2047,0,2884,0
1050,5.26820,0.34500,3.58370,1.31170,0.02700,0,0,0,3508,0,0,2047,2047,0,2884,0
1051,15.38930,7.37470,6.17620,1.77140,0.06520,0,0,0,3508,0,0,2047,2047,0,2884,0
1052,6.62630,0.41080,4.75820,1.43150,0.02480,0,0,0,3508,0,0,2047,2047,0,2884,0
1053,6.89970,0.35150,4.69360,1.81680,0.03670,0,0,0,3508,0,0,2047,2047,0,2884,0
1054,6.95580,0.53170,4.97810,1.41740,0.02740,0,0,0,3508,0,0,2047,2047,0,2884,0
1055,6.82840,0.38820,5.03010,1.36090,0.04790,0,0,0,3508,0,0,2047,2047,0,2884,0
1056,6.25100,0.36340,4.44810,1.41570,0.02300,0,0,0,3508,0,0,2047,2047,0,2884,0
1057,6.42120,0.34450,4.59650,1.43730,0.04220,0,0,0,3508,0,0,2047,2047,0,2884,0
1058,6.62420,0.42050,4.80080,1.38090,0.02100,0,0,0,3508,0,0,2047,2047,0,2884,0
1059,6.24860,0.34640,4.51590,1.35320,0.03220,0,0,0,3508,0,0,2048,2048,0,2884,0
1060,6.32050,0.33870,4.44940,1.49100,0.04070,0,0,0,3508,0,0,2048,2048,0,2882,0
1061,6.19250,0.35440,4.37050,1.44520,0.02130,0,0,0,3508,0,0,2048,2048,0,2882,0
1062,6.32970,0.35330,4.53800,1.41430,0.02320,0,0,0,3508,0,0,2048,2048,0,2882,0
1063,5.95300,0.37710,4.09900,1.43820,0.03770,0,0,0,3508,0,0,2048,2048,0,2882,0
1064,5.99080,0.35950,4.11670,1.48820,0.02540,0,0,0,3508,0,0,2048,2048,0,2882,0
1065,5.88160,0.38850,3.93000,1.43010,0.13180,0,0,0,3508,0,0,2048,2048,0,2882,0
1066,12.60050,7.08190,4.07110,1.41640,0.03020,0,0,0,3508,0,0,2048,2048,0,2882,0
1067,5.86230,0.37840,4.01750,1.41820,0.04740,0,0,0,3508,0,0,2048,2048,0,2882,0
1068,5.65130,0.37140,3.81940,1.43460,0.02430,0,0,0,3508,0,0,2048,2048,0,2882,0
1069,5.62670,0.37560,3.80030,1.41820,0.03190,0,0,0,3508,0,0,2048,2048,0,2882,0
1070,5.80220,0.37940,3.96350,1.42300,0.03570,0,0,0,3508,0,0,2048,2048,0,2882,0
1071,6.08480,0.36940,4.09690,1.58060,0.03710,0,0,0,3508,0,0,2048,2048,0,2882,0
1072,5.78130,0.38520,3.86360,1.49500,0.03630,0,0,0,3508,0,0,2048,2048,0,2882,0
1073,5.28940,0.39820,3.38320,1.47520,0.03200,0,0,0,3508,0,0,2048,2048,0,2882,0
1074,5.75090,0.42060,3.84530,1.45860,0.02540,0,0,0,3508,0,0,2048,2048,0,2882,0
1075,5.50660,0.39190,3.67730,1.40470,0.03210,0,0,0,3508,0,0,2048,2048,0,2882,0
1076,4.96830,0.35320,3.11000,1.46520,0.03910,0,0,0,3508,0,0,2048,2048,0,2882,0
1077,5.41710,0.37840,3.55960,1.45230,0.02610,0,0,0,3508,0,0,2048,2048,0,2882,0
1078,5.24060,0.39850,3.40850,1.40100,0.03180,0,0,0,3508,0,0,2048,2048,0,2882,0
1079,5.37470,0.39080,3.44950,1.48930,0.04440,0,0,0,3508,0,0,2048,2048,0,2882,0
1080,5.49340,0.34490,3.77150,1.33730,0.03900,0,0,0,3508,0,0,2048,2048,0,2882,0
1081,13.51910,7.70250,4.19700,1.58110,0.03670,0,0,0,3508,0,0,2048,2048,0,2882,0
1082,7.18380,0.35600,5.15260,1.63070,0.04320,0,0,0,3508,0,0,2048,2048,0,2882,0
1083,7.86310,0.45270,5.55750,1.81020,0.04100,0,0,0,3508,0,0,2048,2048,0,2882,0
1084,6.05420,0.37280,4.01110,1.61910,0.04960,0,0,0,3508,0,0,2048,2048,0,2882,0
1085,5.91570,0.36280,4.06430,1.44890,0.03830,0,0,0,3508,0,0,2048,2048,0,2882,0
1086,5.92640,0.37270,4.01290,1.49460,0.04510,0,0,0,3508,0,0,2048,2048,0,2882,0
1087,6.03310,0.37820,4.10870,1.49520,0.04920,0,0,0,3508,0,0,2048,2048,0,2882,0
1088,5.78600,0.38380,3.86580,1.46000,0.07450,0,0,0,3508,0,0,2048,2048,0,2882,0
1089,5.61920,0.34900,3.69510,1.53330,0.04070,0,0,0,3508,0,0,2048,2048,0,2882,0
1090,5.80440,0.37670,3.80940,1.58360,0.03380,0,0,0,3508,0,0,2048,2048,0,2882,0
1091,5.47900,0.36380,3.64860,1.43380,0.03080,0,0,0,3508,0,0,2048,2048,0,2882,0
1092,5.88510,0.41020,3.86990,1.53970,0.06400,0,0,0,3508,0,0,2048,2048,0,2882,0
1093,5.78350,0.41020,3.81190,1.52320,0.03670,0,0,0,3508,0,0,2048,2048,0,2882,0
1094,5.39810,0.38130,3.55100,1.42140,0.04280,0,0,0,3508,0,0,2048,2048,0,2882,0
1095,5.74480,0.34800,3.86800,1.49160,0.03600,0,0,0,3508,0,0,2048,2048,0,2882,0
1096,12.50600,7.25210,3.81370,1.41020,0.02850,0,0,0,3508,0,0,2048,2048,0,2882,0
1097,5.56790,0.38740,3.67130,1.47280,0.03500,0,0,0,3508,0,0,2048,2048,0,2882,0
1098,5.49240,0.36200,3.68420,1.41260,0.03240,0,0,0,3508,0,0,2048,2048,0,2882,0
1099,5.57180,0.35210,3.70090,1.47680,0.04100,0,0,0,3508,0,0,2048,2048,0,2882,0
1100,5.46850,0.37680,3.67270,1.37650,0.04090,0,0,0,3508,0,0,2048,2048,0,2882,0
1101,5.78300,0.35820,3.94550,1.44850,0.02980,0,0,0,3508,0,0,2048,2048,0,2882,0
1102,5.44560,0.33730,3.49910,1.56260,0.04560,0,0,0,3508,0,0,2048,2048,0,2882,0
1103,5.54290,0.37820,3.68980,1.43440,0.03920,0,0,0,3508,0,0,2048,2048,0,2882,0
1104,5.24110,0.35820,3.52980,1.32280,0.02940,0,0,0,3508,0,0,2048,2048,0,2882,0
1105,5.52880,0.33870,3.67390,1.47320,0.04190,0,0,0,3508,0,0,2048,2048,0,2882,0
1106,6.07280,0.39640,4.14140,1.49060,0.04310,0,0,0,3508,0,0,2048,2048,0,2882,0
1107,5.92050,0.37000,4.06110,1.45550,0.03240,0,0,0,3508,0,0,2048,2048,0,2882,0
1108,5.46180,0.34860,3.63540,1.44600,0.03100,0,0,0,3508,0,0,2048,2048,0,2882,0
1109,5.47530,0.34390,3.58010,1.52550,0.02490,0,0,0,3508,0,0,2048,2048,0,2882,0
1110,5.48750,0.36560,3.62360,1.46580,0.03150,0,0,0,3508,0,0,2048,2048,0,2882,0
1111,15.65130,7.42850,6.60840,1.58690,0.02560,0,0,0,3508,0,0,2048,2048,0,2882,0
1112,7.58350,0.33180,5.77570,1.44430,0.03030,0,0,0,3508,0,0,2048,2048,0,2882,0
1113,7.82120,0.37710,5.72490,1.67670,0.04140,0,0,0,3508,0,0,2048,2048,0,2882,0
1114,6.68010,0.43640,4.77600,1.43980,0.02670,0,0,0,3508,0,0,2048,2048,0,2882,0
1115,6.79840,0.39840,4.83340,1.52280,0.04260,0,0,0,3508,0,0,2048,2048,0,2882,0
1116,6.02710,0.34590,4.12670,1.51320,0.03990,0,0,0,3508,0,0,2048,2048,0,2882,0
1117,6.11660,0.35600,4.24640,1.43780,0.07530,0,0,0,3508,0,0,2048,2048,0,2882,0
1118,5.56130,0.35370,3.66440,1.49970,0.04230,0,0,0,3508,0,0,2048,2048,0,2882,0
1119,5.68710,0.35550,3.80280,1.49340,0.03440,0,0,0,3508,0,0,2048,2048,0,2882,0
1120,5.64880,0.39590,3.78610,1.42950,0.03510,0,0,0,3508,0,0,2048,2048,0,2882,0
1121,6.18340,0.39460,4.17720,1.57520,0.03490,0,0,0,3508,0,0,2048,2048,0,2882,0
1122,5.67420,0.37020,3.77400,1.49800,0.03000,0,0,0,3508,0,0,2048,2048,0,2882,0
1123,5.44730,0.35560,3.58200,1.46940,0.03890,0,0,0,3508,0,0,2048,2048,0,2882,0
1124,5.43250,0.35190,3.58030,1.46250,0.03670,0,0,0,3508,0,0,2048,2048,0,2882,0
1125,5.36300,0.36860,3.57200,1.39320,0.02810,0,0,0,3508,0,0,2048,2048,0,2882,0
1126,12.81280,7.77600,3.57750,1.42100,0.03640,0,0,0,3508,0,0,2048,2048,0,2882,0
1127,5.78870,0.43920,3.69410,1.59080,0.03820,0,0,0,3508,0,0,2048,2048,0,2882,0
1128,5.69650,0.40670,3.86920,1.39300,0.02640,0,0,0,3508,0,0,2048,2048,0,2882,0
1129,5.29030,0.36860,3.43420,1.45600,0.03010,0,0,0,3508,0,0,2048,2048,0,2882,0
1130,5.54450,0.39110,3.59860,1.52530,0.02860,0,0,0,3508,0,0,2048,2048,0,2882,0
1131,5.60240,0.37860,3.79480,1.39870,0.02890,0,0,0,3508,0,0,2048,2048,0,2882,0
1132,5.82340,0.37130,3.85160,1.56630,0.03320,0,0,0,3508,0,0,2048,2048,0,2882,0
1133,6.00320,0.44110,3.96930,1.55900,0.03210,0,0,0,3508,0,0,2048,2048,0,2882,0
1134,5.49950,0.44230,3.62940,1.39730,0.02940,0,0,0,3508,0,0,2048,2048,0,2882,0
1135,5.18840,0.38120,3.35910,1.41910,0.02790,0,0,0,3508,0,0,2048,2048,0,2882,0
1136,5.34540,0.38420,3.39830,1.52510,0.03700,0,0,0,3508,0,0,2048,2048,0,2882,0
1137,5.61470,0.38570,3.71890,1.48120,0.02810,0,0,0,3508,0,0,2048,2048,0,2882,0
1138,5.41340,0.36380,3.58940,1.43130,0.02820,0,0,0,3508,0,0,2048,2048,0,2882,0
1139,5.60680,0.39080,3.65700,1.51420,0.03320,0,0,0,3508,0,0,2048,2048,0,2882,0
1140,5.53850,0.34870,3.70260,1.45880,0.02740,0,0,0,3508,0,0,2048,2048,0,2882,0
1141,15.51460,8.08850,5.78310,1.58560,0.05440,0,0,0,3508,0,0,2048,2048,0,2882,0
1142,7.12120,0.37140,5.16250,1.52410,0.06120,0,0,0,3508,0,0,2048,2048,0,2882,0
1143,7.97810,0.48230,5.87690,1.58440,0.03220,0,0,0,3508,0,0,2048,2048,0,2882,0
1144,6.28590,0.35650,4.19020,1.69180,0.04590,0,0,0,3508,0,0,2048,2048,0,2882,0
1145,5.80850,0.36560,3.78010,1.61280,0.04880,0,0,0,3508,0,0,2048,2048,0,2882,0
1146,6.62570,0.47440,4.21660,1.90160,0.03210,0,0,0,3508,0,0,2048,2048,0,2882,0
1147,5.97660,0.34880,4.12890,1.46160,0.03580,0,0,0,3508,0,0,2048,2048,0,2882,0
1148,5.89720,0.37000,3.95570,1.53600,0.03400,0,0,0,3508,0,0,2048,2048,0,2882,0
1149,5.87310,0.35940,3.94360,1.53090,0.03830,0,0,0,3508,0,0,2048,2048,0,2882,0
1150,5.97120,0.35190,3.94470,1.63750,0.03590,0,0,0,3508,0,0,2048,2048,0,2882,0
1151,6.09770,0.37560,3.75740,1.93000,0.03320,0,0,0,3508,0,0,2048,2048,0,2882,0
1152,5.43800,0.37420,3.55550,1.46980,0.03690,0,0,0,3508,0,0,2048,2048,0,2882,0
1153,5.22470,0.34230,3.45130,1.40260,0.02750,0,0,0,3508,0,0,2048,2048,0,2882,0
1154,5.31630,0.38590,3.38820,1.50110,0.03990,0,0,0,3508,0,0,2048,2048,0,2882,0
1155,5.55450,0.36950,3.70190,1.44400,0.03820,0,0,0,3508,0,0,2048,2048,0,2882,0
1156,12.55930,7.56700,3.50590,1.44960,0.03520,0,0,0,3508,0,0,2048,2048,0,2882,0
1157,5.47190,0.36590,3.66260,1.41020,0.03160,0,0,0,3508,0,0,2048,2048,0,2882,0
1158,5.69490,0.36370,3.86620,1.43020,0.03330,0,0,0,3508,0,0,2048,2048,0,2882,0
1159,5.25240,0.35540,3.39370,1.46960,0.03270,0,0,0,3508,0,0,2048,2048,0,2882,0
1160,5.61040,0.34540,3.77120,1.46200,0.03090,0,0,0,3508,0,0,2048,2048,0,2882,0
1161,5.77270,0.38230,3.90110,1.45220,0.03570,0,0,0,3508,0,0,2048,2048,0,2882,0
1162,5.36260,0.36380,3.45200,1.50570,0.03970,0,0,0,3508,0,0,2048,2048,0,2882,0
1163,5.89060,0.35950,3.99510,1.49760,0.03610,0,0,0,3508,0,0,2048,2048,0,2882,0
1164,5.37020,0.36310,3.49800,1.46650,0.04140,0,0,0,3508,0,0,2048,2048,0,2882,0
1165,5.60150,0.36770,3.76250,1.44160,0.02860,0,0,0,3508,0,0,2048,2048,0,2882,0
1166,5.98390,0.38740,4.17910,1.38450,0.03170,0,0,0,3508,0,0,2048,2048,0,2882,0
1167,5.44350,0.36570,3.40820,1.63860,0.02920,0,0,0,3508,0,0,2048,2048,0,2882,0
1168,5.58810,0.43660,3.70240,1.41660,0.03130,0,0,0,3508,0,0,2048,2048,0,2882,0
1169,5.74870,0.36670,3.88260,1.46200,0.03630,0,0,0,3508,0,0,2048,2048,0,2882,0
1170,5.54590,0.38350,3.70930,1.42290,0.02920,0,0,0,3508,0,0,2048,2048,0,2882,0
1171,14.38510,8.21110,4.66230,1.48490,0.02530,0,0,0,3508,0,0,2048,2048,0,2882,0
1172,6.69510,0.40410,4.70510,1.53120,0.05330,0,0,0,3508,0,0,2048,2048,0,2882,0
1173,7.63750,0.36370,5.56390,1.62640,0.08220,0,0,0,3508,0,0,2048,2048,0,2882,0
1174,6.68720,0.36610,4.73560,1.54230,0.04240,0,0,0,3508,0,0,2048,2048,0,2882,0
1175,6.09160,0.38150,4.08970,1.55250,0.06680,0,0,0,3508,0,0,2048,2048,0,2882,0
1176,6.37920,0.36830,4.50120,1.45370,0.05360,0,0,0,3508,0,0,2048,2048,0,2882,0
1177,6.60880,0.38970,4.67970,1.47460,0.06320,0,0,0,3508,0,0,2048,2048,0,2882,0
1178,5.80350,0.36370,3.91770,1.48770,0.03330,0,0,0,3508,0,0,2048,2048,0,2882,0
1179,5.66250,0.36980,3.76730,1.48910,0.03470,0,0,0,3508,0,0,2048,2048,0,2882,0
1180,5.96420,0.35760,4.00180,1.56280,0.04030,0,0,0,3508,0,0,2048,2048,0,2882,0
1181,5.53840,0.39300,3.58650,1.52530,0.03220,0,0,0,3508,0,0,2048,2048,0,2882,0
1182,5.92370,0.39330,3.69410,1.79290,0.04200,0,0,0,3508,0,0,2048,2048,0,2882,0
1183,5.93410,0.36220,3.99050,1.52890,0.05110,0,0,0,3508,0,0,2048,2048,0,2882,0
1184,5.50400,0.37740,3.48260,1.59850,0.04400,0,0,0,3508,0,0,2048,2048,0,2882,0
1185,5.91350,0.35630,3.93420,1.58770,0.03360,0,0,0,3508,0,0,2048,2048,0,2882,0
1186,13.23040,7.85150,3.83630,1.48710,0.05340,0,0,0,3508,0,0,2048,2048,0,2882,0
1187,5.83890,0.36300,3.94920,1.44350,0.08170,0,0,0,3508,0,0,2048,2048,0,2882,0
1188,5.51660,0.36550,3.64560,1.45860,0.04590,0,0,0,3508,0,0,2048,2048,0,2882,0
1189,5.61590,0.38050,3.70310,1.49300,0.03780,0,0,0,3508,0,0,2048,2048,0,2882,0
1190,5.97160,0.34820,4.12110,1.46710,0.03400,0,0,0,3508,0,0,2048,2048,0,2882,0
1191,5.59280,0.37380,3.54410,1.63490,0.03900,0,0,0,3508,0,0,2048,2048,0,2882,0
1192,6.01560,0.36660,4.08440,1.52340,0.03980,0,0,0,3508,0,0,2048,2048,0,2882,0
1193,5.68800,0.39700,3.74860,1.50770,0.03350,0,0,0,3508,0,0,2048,2048,0,2882,0
1194,5.75710,0.35230,3.83250,1.52590,0.04510,0,0,0,3508,0,0,2048,2048,0,2882,0
1195,5.48190,0.37070,3.65780,1.42650,0.02570,0,0,0,3508,0,0,2048,2048,0,2882,0
1196,5.34360,0.34800,3.47250,1.49070,0.03130,0,0,0,3508,0,0,2048,2048,0,2882,0
1197,5.71890,0.34130,3.84820,1.48900,0.03920,0,0,0,3508,0,0,2048,2048,0,2882,0
1198,5.68100,0.37590,3.80450,1.46560,0.03380,0,0,0,3508,0,0,2048,2048,0,2882,0
1199,5.54070,0.36760,3.73230,1.40850,0.03110,0,0,0,3508,0,0,2048,2048,0,2882,0
1200,5.68270,0.35870,3.82770,1.46250,0.03290,0,0,0,3508,0,0,2048,2048,0,2882,0
1201,15.04740,7.25220,6.16930,1.60060,0.02390,0,0,0,3508,0,0,2048,2048,0,2882,0
1202,7.71340,0.52340,5.61250,1.53050,0.03360,0,0,0,3508,0,0,2048,2048,0,2882,0
1203,12.63080,0.40290,10.30160,1.86120,0.06260,0,0,0,3508,0,0,2048,2048,0,2882,0
1204,7.26980,0.43370,5.28650,1.50480,0.03390,0,0,0,3508,0,0,2048,2048,0,2882,0
1205,7.95020,0.37060,5.95940,1.57840,0.04000,0,0,0,3508,0,0,2048,2048,0,2882,0
1206,5.66790,0.48900,3.71030,1.42520,0.04220,0,0,0,3508,0,0,2048,2048,0,2882,0
1207,5.24870,0.36850,3.37450,1.47760,0.02730,0,0,0,3508,0,0,2048,2048,0,2882,0
1208,5.28500,0.37840,3.47710,1.40380,0.02490,0,0,0,3508,0,0,2048,2048,0,2882,0
1209,5.15780,0.37420,3.37740,1.38150,0.02380,0,0,0,3508,0,0,2048,2048,0,2882,0
1210,5.15550,0.35020,3.31550,1.45460,0.03440,0,0,0,3508,0,0,2048,2048,0,2882,0
1211,5.61640,0.44840,3.75770,1.38010,0.02940,0,0,0,3508,0,0,2048,2048,0,2882,0
1212,5.30880,0.38640,3.44000,1.45410,0.02760,0,0,0,3508,0,0,2048,2048,0,2882,0
1213,5.25500,0.37480,3.38170,1.47020,0.02740,0,0,0,3508,0,0,2048,2048,0,2882,0
1214,4.95120,0.40010,3.10040,1.41260,0.03690,0,0,0,3508,0,0,2048,2048,0,2882,0
1215,5.61950,0.37490,3.78050,1.41730,0.03230,0,0,0,3508,0,0,2048,2048,0,2882,0
1216,12.01570,7.28080,3.20690,1.49250,0.03400,0,0,0,3508,0,0,2048,2048,0,2882,0
1217,5.01440,0.38400,3.05370,1.51140,0.06450,0,0,0,3508,0,0,2048,2048,0,2882,0
1218,5.88800,0.35610,4.02820,1.46550,0.03700,0,0,0,3508,0,0,2048,2048,0,2882,0
1219,5.85680,0.39410,3.93850,1.49300,0.03010,0,0,0,3508,0,0,2048,2048,0,2882,0
1220,5.22670,0.36470,3.38840,1.44490,0.02760,0,0,0,3508,0,0,2048,2048,0,2882,0
1221,5.11740,0.39150,3.34490,1.35630,0.02390,0,0,0,3508,0,0,2048,2048,0,2882,0
1222,5.23880,0.40930,3.37530,1.42640,0.02680,0,0,0,3508,0,0,2048,2048,0,2882,0
1223,5.10740,0.40270,3.35720,1.32210,0.02460,0,0,0,3508,0,0,2048,2048,0,2882,0
1224,5.69350,0.35980,3.79100,1.51600,0.02590,0,0,0,3508,0,0,2048,2048,0,2882,0
1225,6.54720,0.34760,4.62450,1.53240,0.04120,0,0,0,3508,0,0,2048,2048,0,2882,0
1226,5.58740,0.37590,3.70010,1.48260,0.02710,0,0,0,3508,0,0,2048,2048,0,2882,0
1227,5.78300,0.37890,3.80480,1.56810,0.03020,0,0,0,3508,0,0,2048,2048,0,2882,0
1228,4.94240,0.38940,3.09580,1.42890,0.02740,0,0,0,3508,0,0,2048,2048,0,2882,0
1229,5.51120,0.37450,3.58950,1.51580,0.03020,0,0,0,3508,0,0,2048,2048,0,2882,0
1230,5.69570,0.37820,3.92740,1.36250,0.02630,0,0,0,3508,0,0,2048,2048,0,2882,0
1231,15.12770,7.87530,5.59310,1.62470,0.03290,0,0,0,3508,0,0,2048,2048,0,2882,0
1232,7.50220,0.40870,5.50260,1.52140,0.04360,0,0,0,3508,0,0,2048,2048,0,2882,0
1233,7.99660,0.48060,5.97090,1.51510,0.02890,0,0,0,3508,0,0,2048,2048,0,2882,0
1234,7.22680,0.35570,5.30890,1.47620,0.08510,0,0,0,3508,0,0,2048,2048,0,2882,0
1235,6.69110,0.36480,4.88200,1.40390,0.03930,0,0,0,3508,0,0,2048,2048,0,2882,0
1236,6.43140,0.34610,4.62340,1.42800,0.03280,0,0,0,3508,0,0,2048,2048,0,2882,0
1237,6.16480,0.33990,4.23700,1.54790,0.03900,0,0,0,3508,0,0,2048,2048,0,2882,0
1238,6.03080,0.38410,4.17270,1.44000,0.03290,0,0,0,3508,0,0,2048,2048,0,2882,0
1239,6.44540,0.37220,4.61160,1.42670,0.03400,0,0,0,3508,0,0,2048,2048,0,2882,0
1240,5.77800,0.35930,3.89850,1.48120,0.03810,0,0,0,3508,0,0,2048,2048,0,2882,0
1241,5.64530,0.36310,3.75750,1.48390,0.03920,0,0,0,3508,0,0,2048,2048,0,2882,0
1242,5.96020,0.36120,4.09320,1.47280,0.03160,0,0,0,3508,0,0,2048,2048,0,2882,0
1243,5.36250,0.35610,3.44680,1.52120,0.03760,0,0,0,3508,0,0,2048,2048,0,2882,0
1244,5.48440,0.41570,3.57110,1.46820,0.02850,0,0,0,3508,0,0,2048,2048,0,2882,0
1245,5.69580,0.40860,3.81190,1.44490,0.02950,0,0,0,3508,0,0,2048,2048,0,2882,0
1246,11.51490,6.89620,3.19720,1.39450,0.02610,0,0,0,3508,0,0,2048,2048,0,2882,0
1247,5.07510,0.39890,3.31030,1.34100,0.02430,0,0,0,3508,0,0,2048,2048,0,2882,0
1248,5.22870,0.34100,3.39200,1.47000,0.02500,0,0,0,3508,0,0,2048,2048,0,2882,0
1249,5.13650,0.37930,3.33980,1.38810,0.02840,0,0,0,3508,0,0,2048,2048,0,2882,0
1250,5.78450,0.35370,3.90030,1.49190,0.03750,0,0,0,3508,0,0,2048,2048,0,2882,0
1251,6.07200,0.37950,4.15920,1.48610,0.04620,0,0,0,3508,0,0,2048,2048,0,2882,0
1252,5.59220,0.35670,3.75890,1.42380,0.05180,0,0,0,3508,0,0,2048,2048,0,2882,0
1253,6.75340,0.35910,4.76510,1.59550,0.03200,0,0,0,3508,0,0,2048,2048,0,2882,0
1254,5.51280,0.36960,3.58460,1.51630,0.04100,0,0,0,3508,0,0,2048,2048,0,2882,0
1255,5.67140,0.38480,3.70070,1.53370,0.05090,0,0,0,3508,0,0,2048,2048,0,2882,0
1256,5.67340,0.33640,3.94010,1.36860,0.02730,0,0,0,3508,0,0,2048,2048,0,2882,0
1257,5.25780,0.38630,3.30260,1.52130,0.04650,0,0,0,3508,0,0,2048,2048,0,2882,0
1258,5.74010,0.36680,3.98070,1.36400,0.02770,0,0,0,3508,0,0,2048,2048,0,2882,0
1259,5.74490,0.40920,3.84810,1.45140,0.03530,0,0,0,3508,0,0,2048,2048,0,2882,0
1260,5.71670,0.39240,3.72420,1.55350,0.04560,0,0,0,3508,0,0,2048,2048,0,2882,0
1261,13.89120,7.35980,5.00730,1.47410,0.04750,0,0,0,3508,0,0,2048,2048,0,2882,0
1262,7.46600,0.35890,5.23050,1.82250,0.05270,0,0,0,3508,0,0,2048,2048,0,2882,0
1263,7.12320,0.37200,5.27070,1.44910,0.02990,0,0,0,3508,0,0,2048,2048,0,2882,0
1264,7.60120,0.36270,5.72190,1.46960,0.04490,0,0,0,3508,0,0,2048,2048,0,2882,0
1265,6.17240,0.38590,4.30880,1.44510,0.03080,0,0,0,3508,0,0,2048,2048,0,2882,0
1266,6.68790,0.37290,4.81600,1.46930,0.02840,0,0,0,3508,0,0,2048,2048,0,2882,0
1267,6.20910,0.35920,4.35690,1.46260,0.02940,0,0,0,3508,0,0,2048,2048,0,2882,0
1268,5.86040,0.36590,3.63970,1.80790,0.04540,0,0,0,3508,0,0,2048,2048,0,2882,0
1269,5.69110,0.36480,3.85410,1.43590,0.03450,0,0,0,3508,0,0,2048,2048,0,2882,0
1270,5.46010,0.36970,3.61030,1.44430,0.03420,0,0,0,3508,0,0,2048,2048,0,2882,0
1271,5.40500,0.35370,3.62940,1.39490,0.02590,0,0,0,3508,0,0,2048,2048,0,2882,0
1272,5.44040,0.36460,3.65610,1.39220,0.02650,0,0,0,3508,0,0,2048,2048,0,2882,0
1273,5.36020,0.42090,3.54310,1.36220,0.03320,0,0,0,3508,0,0,2048,2048,0,2882,0
1274,5.67390,0.33240,3.82080,1.49210,0.02700,0,0,0,3508,0,0,2048,2048,0,2882,0
1275,5.47770,0.35120,3.69550,1.40530,0.02450,0,0,0,3508,0,0,2048,2048,0,2882,0
1276,12.20350,7.31690,3.40200,1.45450,0.02870,0,0,0,3508,0,0,2048,2048,0,2882,0
1277,5.71730,0.37220,3.70500,1.58620,0.05290,0,0,0,3508,0,0,2048,2048,0,2882,0
1278,5.33680,0.36400,3.58260,1.35750,0.03140,0,0,0,3508,0,0,2048,2048,0,2882,0
1279,5.18670,0.35750,3.41230,1.39030,0.02580,0,0,0,3508,0,0,2048,2048,0,2882,0
1280,5.28300,0.34180,3.52680,1.38690,0.02600,0,0,0,3508,0,0,2048,2048,0,2882,0
1281,6.11630,0.40060,4.21980,1.46380,0.03040,0,0,0,3508,0,0,2048,2048,0,2882,0
1282,5.22760,0.38010,3.34590,1.45940,0.04080,0,0,0,3508,0,0,2048,2048,0,2882,0
1283,6.00170,0.37770,3.91360,1.67540,0.03370,0,0,0,3508,0,0,2048,2048,0,2882,0
1284,5.49590,0.37940,3.70400,1.37840,0.03270,0,0,0,3508,0,0,2048,2048,0,2882,0
1285,5.50420,0.39060,3.62920,1.44580,0.03690,0,0,0,3508,0,0,2048,2048,0,2882,0
1286,5.59360,0.36130,3.77870,1.42040,0.03160,0,0,0,3508,0,0,2048,2048,0,2882,0
1287,5.33520,0.34700,3.64580,1.31500,0.02610,0,0,0,3508,0,0,2048,2048,0,2882,0
1288,5.50890,0.37680,3.61800,1.46250,0.05020,0,0,0,3508,0,0,2048,2048,0,2882,0
1289,5.89330,0.34700,4.05530,1.46120,0.02850,0,0,0,3508,0,0,2048,2048,0,2882,0
1290,5.55570,0.43420,3.60620,1.47350,0.04070,0,0,0,3508,0,0,2048,2048,0,2882,0
1291,14.43960,7.79070,4.93910,1.66800,0.03990,0,0,0,3508,0,0,2048,2048,0,2882,0
1292,8.03950,0.35010,6.10700,1.54090,0.04010,0,0,0,3508,0,0,2048,2048,0,2882,0
1293,6.61560,0.37550,4.62450,1.58060,0.03360,0,0,0,3508,0,0,2048,2048,0,2882,0
1294,5.85900,0.34370,3.98480,1.49370,0.03580,0,0,0,3508,0,0,2048,2048,0,2882,0
1295,5.95150,0.37720,4.02720,1.46470,0.08060,0,0,0,3508,0,0,2048,2048,0,2882,0
1296,6.42390,0.34410,4.53190,1.50100,0.04540,0,0,0,3508,0,0,2048,2048,0,2882,0
1297,6.15720,0.39520,4.15410,1.57150,0.03420,0,0,0,3508,0,0,2048,2048,0,2882,0
1298,5.99930,0.35350,4.10430,1.50400,0.03550,0,0,0,3508,0,0,2048,2048,0,2882,0
1299,5.83790,0.37540,3.86730,1.55560,0.03820,0,0,0,3508,0,0,2048,2048,0,2882,0
1300,5.74180,0.37700,3.86450,1.46290,0.03600,0,0,0,3508,0,0,2048,2048,0,2882,0
1301,5.44210,0.37910,3.60100,1.43160,0.02900,0,0,0,3508,0,0,2048,2048,0,2882,0
1302,5.40200,0.35530,3.57580,1.43540,0.03400,0,0,0,3508,0,0,2048,2048,0,2882,0
1303,5.72480,0.34870,3.91120,1.43600,0.02770,0,0,0,3508,0,0,2048,2048,0,2882,0
1304,5.33250,0.37000,3.41880,1.50480,0.03730,0,0,0,3508,0,0,2048,2048,0,2882,0
1305,5.65250,0.35370,3.79900,1.45670,0.04190,0,0,0,3508,0,0,2048,2048,0,2882,0
1306,12.97940,7.75870,3.64880,1.52810,0.04180,0,0,0,3508,0,0,2048,2048,0,2882,0
1307,5.72910,0.36410,3.87220,1.45930,0.03220,0,0,0,3508,0,0,2048,2048,0,2882,0
1308,5.41290,0.36460,3.59270,1.42330,0.03130,0,0,0,3508,0,0,2048,2048,0,2882,0
1309,5.58710,0.41280,3.70660,1.43270,0.03370,0,0,0,3508,0,0,2048,2048,0,2882,0
1310,5.69810,0.40080,3.75900,1.50420,0.02990,0,0,0,3508,0,0,2048,2048,0,2882,0
1311,5.34670,0.37970,3.50870,1.42010,0.03740,0,0,0,3508,0,0,2048,2048,0,2882,0
1312,5.62020,0.37490,3.75460,1.45830,0.03130,0,0,0,3508,0,0,2048,2048,0,2882,0
1313,5.63870,0.36260,3.79080,1.44980,0.03410,0,0,0,3508,0,0,2048,2048,0,2882,0
1314,5.74490,0.36360,3.83320,1.50930,0.03760,0,0,0,3508,0,0,2048,2048,0,2882,0
1315,5.35780,0.35410,3.61710,1.35690,0.02900,0,0,0,3508,0,0,2048,2048,0,2882,0
1316,5.32040,0.35170,3.44350,1.49540,0.02900,0,0,0,3508,0,0,2048,2048,0,2882,0
1317,5.16450,0.34270,3.39600,1.38880,0.03620,0,0,0,3508,0,0,2048,2048,0,2882,0
1318,5.07240,0.38130,3.35100,1.31160,0.02740,0,0,0,3508,0,0,2048,2048,0,2882,0
1319,5.02950,0.33760,3.33320,1.33110,0.02680,0,0,0,3508,0,0,2048,2048,0,2882,0
1320,5.11110,0.36680,3.30960,1.40720,0.02670,0,0,0,3508,0,0,2048,2048,0,2882,0
1321,14.34190,7.66450,5.08990,1.55460,0.03100,0,0,0,3508,0,0,2048,2048,0,2882,0
1322,7.87970,0.35120,5.86170,1.61710,0.04850,0,0,0,3508,0,0,2048,2048,0,2882,0
1323,7.01200,0.36640,5.25190,1.36770,0.02460,0,0,0,3508,0,0,2048,2048,0,2882,0
1324,6.45160,0.36930,4.57310,1.48050,0.02770,0,0,0,3508,0,0,2048,2048,0,2882,0
1325,6.00960,0.37680,4.19540,1.40650,0.03010,0,0,0,3508,0,0,2048,2048,0,2882,0
1326,5.98090,0.32780,4.23260,1.39530,0.02450,0,0,0,3508,0,0,2048,2048,0,2882,0
1327,5.89970,0.40910,4.09000,1.37420,0.02540,0,0,0,3508,0,0,2048,2048,0,2882,0
1328,5.67720,0.36730,3.88330,1.38810,0.03740,0,0,0,3508,0,0,2048,2048,0,2882,0
1329,7.08510,0.41040,4.10850,2.53340,0.03150,0,0,0,3508,0,0,2048,2048,0,2882,0
1330,6.73890,0.35610,5.00770,1.34370,0.02990,0,0,0,3508,0,0,2048,2048,0,2882,0
1331,5.78470,0.49660,3.85380,1.40740,0.02580,0,0,0,3508,0,0,2048,2048,0,2882,0
1332,5.55000,0.38610,3.63730,1.49630,0.02920,0,0,0,3508,0,0,2048,2048,0,2882,0
1333,5.81130,0.40240,3.82480,1.54010,0.04220,0,0,0,3508,0,0,2048,2048,0,2882,0
1334,5.78550,0.45030,3.85190,1.43360,0.04600,0,0,0,3508,0,0,2048,2048,0,2882,0
1335,5.67970,0.41800,3.78200,1.42270,0.05570,0,0,0,3508,0,0,2048,2048,0,2882,0
1336,13.06040,7.28390,4.18920,1.48470,0.10120,0,0,0,3508,0,0,2048,2048,0,2882,0
1337,6.02830,0.36200,4.18910,1.44380,0.03230,0,0,0,3508,0,0,2048,2048,0,2882,0
1338,6.02700,0.37180,4.13220,1.48700,0.03440,0,0,0,3508,0,0,2048,2048,0,2882,0
1339,5.83390,0.36920,4.04520,1.38310,0.03480,0,0,0,3508,0,0,2048,2048,0,2882,0
1340,5.76200,0.38360,3.86090,1.47160,0.04480,0,0,0,3508,0,0,2048,2048,0,2882,0
1341,6.01200,0.38920,3.83630,1.73230,0.05220,0,0,0,3508,0,0,2048,2048,0,2882,0
1342,6.20800,0.44900,4.24500,1.46110,0.05070,0,0,0,3508,0,0,2048,2048,0,2882,0
1343,6.30540,0.36700,4.29850,1.59700,0.04140,0,0,0,3508,0,0,2048,2048,0,2882,0
1344,5.92790,0.45720,3.90120,1.50740,0.05940,0,0,0,3508,0,0,2048,2048,0,2882,0
1345,5.86420,0.39280,3.94700,1.47780,0.04420,0,0,0,3508,0,0,2048,2048,0,2882,0
1346,5.78800,0.36330,3.95790,1.43070,0.03460,0,0,0,3508,0,0,2048,2048,0,2882,0
1347,5.97440,0.38520,4.07800,1.47740,0.03190,0,0,0,3508,0,0,2048,2048,0,2882,0
1348,5.96020,0.37480,4.06950,1.48050,0.03390,0,0,0,3508,0,0,2048,2048,0,2882,0
1349,5.90830,0.37240,3.98280,1.51920,0.03290,0,0,0,3508,0,0,2048,2048,0,2882,0
1350,6.02430,0.40950,3.84040,1.72300,0.05000,0,0,0,3508,0,0,2048,2048,0,2882,0
1351,14.29260,7.59260,4.92090,1.70780,0.06330,0,0,0,3508,0,0,2048,2048,0,2882,0
1352,7.79050,0.36370,5.75990,1.62650,0.03870,0,0,0,3508,0,0,2048,2048,0,2882,0
1353,7.29810,0.34940,5.25220,1.65870,0.03590,0,0,0,3508,0,0,2048,2048,0,2882,0
1354,6.44960,0.34170,4.58880,1.49480,0.02300,0,0,0,3508,0,0,2048,2048,0,2882,0
1355,6.19910,0.34140,4.42620,1.40980,0.02090,0,0,0,3508,0,0,2048,2048,0,2882,0
1356,6.17540,0.31420,4.43510,1.38840,0.03690,0,0,0,3508,0,0,2048,2048,0,2882,0
1357,6.06660,0.36420,4.30840,1.36750,0.02580,0,0,0,3508,0,0,2048,2048,0,2882,0
1358,5.68130,0.35030,3.86360,1.43930,0.02710,0,0,0,3508,0,0,2048,2048,0,2882,0
1359,6.00810,0.36820,4.17170,1.41940,0.04790,0,0,0,3508,0,0,2048,2048,0,2882,0
1360,5.63170,0.39280,3.80160,1.40710,0.02950,0,0,0,3508,0,0,2048,2048,0,2882,0
1361,5.68300,0.35550,3.91080,1.39100,0.02480,0,0,0,3508,0,0,2048,2048,0,2882,0
1362,5.78530,0.36620,4.01140,1.38210,0.02490,0,0,0,3508,0,0,2048,2048,0,2882,0
1363,5.87180,0.32590,4.10390,1.40720,0.03380,0,0,0,3508,0,0,2048,2048,0,2882,0
1364,5.65000,0.35700,3.81930,1.43480,0.03810,0,0,0,3508,0,0,2048,2048,0,2882,0
1365,5.75640,0.35760,4.01260,1.36070,0.02450,0,0,0,3508,0,0,2048,2048,0,2882,0
1366,12.20740,6.97940,3.77590,1.42570,0.02560,0,0,0,3508,0,0,2048,2048,0,2882,0
1367,5.43000,0.33830,3.69920,1.35790,0.03410,0,0,0,3508,0,0,2048,2048,0,2882,0
1368,5.39480,0.34180,3.65940,1.36870,0.02400,0,0,0,3508,0,0,2048,2048,0,2882,0
1369,5.44920,0.34230,3.67990,1.39760,0.02870,0,0,0,3508,0,0,2048,2048,0,2882,0
1370,5.07900,0.36430,3.36790,1.31980,0.02610,0,0,0,3508,0,0,2048,2048,0,2882,0
1371,5.19560,0.35700,3.33140,1.47780,0.02870,0,0,0,3508,0,0,2048,2048,0,2882,0
1372,5.53640,0.38590,3.57940,1.53900,0.03120,0,0,0,3508,0,0,2048,2048,0,2882,0
1373,5.83350,0.40700,3.86510,1.47380,0.08630,0,0,0,3508,0,0,2048,2048,0,2882,0
1374,5.20440,0.41160,3.40950,1.35500,0.02710,0,0,0,3508,0,0,2048,2048,0,2882,0
1375,5.20830,0.35820,3.40120,1.42160,0.02650,0,0,0,3508,0,0,2048,2048,0,2882,0
1376,5.59300,0.35090,3.78120,1.42830,0.03170,0,0,0,3508,0,0,2048,2048,0,2882,0
1377,5.43610,0.36010,3.56580,1.47890,0.03070,0,0,0,3508,0,0,2048,2048,0,2882,0
1378,5.23360,0.35690,3.38170,1.46650,0.02780,0,0,0,3508,0,0,2048,2048,0,2882,0
1379,5.07520,0.34200,3.34530,1.35800,0.02920,0,0,0,3508,0,0,2048,2048,0,2882,0
1380,5.09090,0.34900,3.27550,1.41580,0.05000,0,0,0,3508,0,0,2048,2048,0,2882,0
1381,15.36370,7.09170,6.73830,1.49730,0.03490,0,0,0,3508,0,0,2048,2048,0,2882,0
1382,6.69010,0.33880,4.89170,1.43520,0.02360,0,0,0,3508,0,0,2048,2048,0,2882,0
1383,7.62550,0.32380,5.78830,1.48210,0.03030,0,0,0,3508,0,0,2048,2048,0,2882,0
1384,6.46730,0.36140,4.63570,1.43500,0.03420,0,0,0,3508,0,0,2048,2048,0,2882,0
1385,6.09300,0.35020,4.38190,1.33450,0.02510,0,0,0,3508,0,0,2048,2048,0,2882,0
1386,6.02670,0.32990,4.14930,1.49790,0.04840,0,0,0,3508,0,0,2048,2048,0,2882,0
1387,6.37510,0.37660,4.54670,1.41010,0.04040,0,0,0,3508,0,0,2048,2048,0,2882,0
1388,6.07030,0.38220,4.16630,1.48880,0.03170,0,0,0,3508,0,0,2048,2048,0,2882,0
1389,6.15120,0.36910,4.34590,1.40640,0.02880,0,0,0,3508,0,0,2048,2048,0,2882,0
1390,6.43010,0.32350,4.50610,1.56500,0.03450,0,0,0,3508,0,0,2048,2048,0,2882,0
1391,6.23320,0.34800,4.39680,1.44980,0.03720,0,0,0,3508,0,0,2048,2048,0,2882,0
1392,5.73160,0.39390,3.92240,1.38720,0.02700,0,0,0,3508,0,0,2048,2048,0,2882,0
1393,5.85980,0.35840,3.99430,1.47080,0.03510,0,0,0,3508,0,0,2048,2048,0,2882,0
1394,5.84560,0.36900,3.97470,1.47220,0.02850,0,0,0,3508,0,0,2048,2048,0,2882,0
1395,5.78950,0.38070,3.96670,1.39910,0.04180,0,0,0,3508,0,0,2048,2048,0,2882,0
1396,12.96520,7.49660,3.88650,1.54870,0.03220,0,0,0,3508,0,0,2048,2048,0,2882,0
1397,5.44770,0.34420,3.72750,1.34920,0.02610,0,0,0,3508,0,0,2048,2048,0,2882,0
1398,5.56500,0.35680,3.62030,1.52950,0.05740,0,0,0,3508,0,0,2048,2048,0,2882,0
1399,5.20220,0.36100,3.43820,1.37200,0.03020,0,0,0,3508,0,0,2048,2048,0,2882,0
1400,5.42800,0.38670,3.61530,1.39910,0.02610,0,0,0,3508,0,0,2048,2048,0,2882,0
1401,5.34630,0.33180,3.63450,1.35210,0.02720,0,0,0,3508,0,0,2048,2048,0,2882,0
1402,5.30660,0.35780,3.53820,1.38180,0.02790,0,0,0,3508,0,0,2048,2048,0,2882,0
1403,5.45180,0.33600,3.66030,1.42550,0.02910,0,0,0,3508,0,0,2048,2048,0,2882,0
1404,5.57720,0.44780,3.67500,1.40660,0.04630,0,0,0,3508,0,0,2048,2048,0,2882,0
1405,5.12150,0.36790,3.39880,1.32850,0.02550,0,0,0,3508,0,0,2048,2048,0,2882,0
1406,5.20410,0.35560,3.36970,1.44850,0.02950,0,0,0,3508,0,0,2048,2048,0,2882,0
1407,5.52990,0.38250,3.62270,1.48010,0.04360,0,0,0,3508,0,0,2048,2048,0,2882,0
1408,5.23290,0.35620,3.37010,1.47080,0.03490,0,0,0,3508,0,0,2048,2048,0,2882,0
1409,5.47160,0.33040,3.69660,1.40180,0.04150,0,0,0,3508,0,0,2048,2048,0,2882,0
1410,5.42430,0.37360,3.66570,1.35810,0.02590,0,0,0,3508,0,0,2048,2048,0,2882,0
1411,14.42780,7.23450,5.43030,1.71530,0.04600,0,0,0,3508,0,0,2048,2048,0,2882,0
1412,6.29310,0.35560,4.57490,1.33470,0.02670,0,0,0,3508,0,0,2048,2048,0,2882,0
1413,6.34750,0.39840,4.45300,1.46100,0.03390,0,0,0,3508,0,0,2048,2048,0,2882,0
1414,6.49550,0.35770,4.75310,1.34990,0.03380,0,0,0,3508,0,0,2048,2048,0,2882,0
1415,5.91640,0.38700,4.07670,1.41440,0.03680,0,0,0,3508,0,0,2048,2048,0,2882,0
1416,6.36720,0.35990,4.54390,1.43480,0.02770,0,0,0,3508,0,0,2048,2048,0,2882,0
1417,6.01990,0.39680,4.23740,1.35710,0.02750,0,0,0,3508,0,0,2048,2048,0,2882,0
1418,6.20990,0.37500,4.15500,1.64530,0.03330,0,0,0,3508,0,0,2048,2048,0,2882,0
1419,5.97870,0.37430,4.21440,1.36210,0.02680,0,0,0,3508,0,0,2048,2048,0,2882,0
1420,5.67640,0.36660,3.78530,1.46070,0.06280,0,0,0,3508,0,0,2048,2048,0,2882,0
1421,5.65320,0.34150,3.89580,1.38850,0.02640,0,0,0,3508,0,0,2048,2048,0,2882,0
1422,5.63540,0.39420,3.71710,1.49520,0.02770,0,0,0,3508,0,0,2048,2048,0,2882,0
1423,5.73830,0.35480,3.72390,1.61750,0.04080,0,0,0,3508,0,0,2048,2048,0,2882,0
1424,5.84210,0.36250,4.01140,1.41720,0.04990,0,0,0,3508,0,0,2048,2048,0,2882,0
1425,5.44700,0.36840,3.62230,1.41710,0.03820,0,0,0,3508,0,0,2048,2048,0,2882,0
1426,12.42890,7.23490,3.77420,1.38570,0.03270,0,0,0,3508,0,0,2048,2048,0,2882,0
1427,5.35770,0.35890,3.63660,1.33290,0.02860,0,0,0,3508,0,0,2048,2048,0,2882,0
1428,5.24480,0.38600,3.41380,1.41100,0.03300,0,0,0,3508,0,0,2048,2048,0,2882,0
1429,5.20400,0.34440,3.39330,1.42650,0.03910,0,0,0,3508,0,0,2048,2048,0,2882,0
1430,5.40160,0.35270,3.57370,1.44280,0.03130,0,0,0,3508,0,0,2048,2048,0,2882,0
1431,5.18640,0.36460,3.33970,1.44600,0.03520,0,0,0,3508,0,0,2048,2048,0,2882,0
1432,4.83910,0.36450,3.08430,1.35750,0.03200,0,0,0,3508,0,0,2048,2048,0,2882,0
1433,5.25760,0.36010,3.43000,1.42700,0.03950,0,0,0,3508,0,0,2048,2048,0,2882,0
1434,5.13880,0.33410,3.36960,1.40490,0.02850,0,0,0,3508,0,0,2048,2048,0,2882,0
1435,5.06050,0.34890,3.28350,1.39890,0.02850,0,0,0,3508,0,0,2048,2048,0,2882,0
1436,5.08830,0.35580,3.36650,1.33830,0.02690,0,0,0,3508,0,0,2048,2048,0,2882,0
1437,5.41850,0.34550,3.65810,1.38390,0.03020,0,0,0,3508,0,0,2048,2048,0,2882,0
1438,5.05250,0.33170,3.35930,1.33600,0.02430,0,0,0,3508,0,0,2048,2048,0,2882,0
1439,5.54240,0.35660,3.72320,1.43050,0.03110,0,0,0,3508,0,0,2048,2048,0,2882,0
1440,5.03760,0.34730,3.30090,1.36020,0.02830,0,0,0,3508,0,0,2048,2048,0,2882,0
1441,14.36130,7.05650,5.59370,1.67170,0.03800,0,0,0,3508,0,0,2048,2048,0,2882,0
1442,6.61440,0.34150,4.76980,1.45950,0.04270,0,0,0,3508,0,0,2048,2048,0,2882,0
1443,6.48380,0.32280,4.63020,1.49800,0.03170,0,0,0,3508,0,0,2048,2048,0,2882,0
1444,6.53650,0.34440,4.66240,1.48740,0.04110,0,0,0,3508,0,0,2048,2048,0,2882,0
1445,6.57580,0.33890,4.73230,1.47830,0.02560,0,0,0,3508,0,0,2048,2048,0,2882,0
1446,6.15900,0.32260,4.46750,1.34210,0.02600,0,0,0,3508,0,0,2048,2048,0,2882,0
1447,6.27720,0.37690,4.47450,1.39290,0.03200,0,0,0,3508,0,0,2048,2048,0,2882,0
1448,6.32650,0.33240,4.55020,1.40950,0.03350,0,0,0,3508,0,0,2048,2048,0,2882,0
1449,6.47840,0.32790,4.68370,1.43400,0.03190,0,0,0,3508,0,0,2048,2048,0,2882,0
1450,6.43690,0.34300,4.70800,1.36280,0.02180,0,0,0,3508,0,0,2048,2048,0,2882,0
1451,6.78570,0.47890,4.81360,1.39560,0.09490,0,0,0,3508,0,0,2048,2048,0,2882,0
1452,6.95610,0.42420,4.95490,1.53390,0.04130,0,0,0,3508,0,0,2048,2048,0,2882,0
1453,6.41670,0.41040,4.22660,1.69720,0.07960,0,0,0,3508,0,0,2048,2048,0,2882,0
1454,6.31650,0.49530,4.23860,1.53770,0.04350,0,0,0,3508,0,0,2048,2048,0,2882,0
1455,6.37530,0.38170,4.38940,1.57050,0.03240,0,0,0,3508,0,0,2048,2048,0,2882,0
1456,12.92110,7.16870,4.19720,1.50850,0.04520,0,0,0,3508,0,0,2048,2048,0,2882,0
1457,6.01620,0.36380,3.86700,1.72760,0.05610,0,0,0,3508,0,0,2048,2048,0,2882,0
1458,6.08840,0.55180,3.96730,1.52570,0.03880,0,0,0,3508,0,0,2048,2048,0,2882,0
1459,6.14350,0.37580,4.14360,1.57770,0.04370,0,0,0,3508,0,0,2048,2048,0,2882,0
1460,5.75540,0.37760,3.82370,1.50930,0.04270,0,0,0,3508,0,0,2048,2048,0,2882,0
1461,5.60760,0.35000,3.59590,1.58730,0.07210,0,0,0,3508,0,0,2048,2048,0,2882,0
1462,6.08140,0.34370,4.14450,1.56270,0.02900,0,0,0,3508,0,0,2048,2048,0,2882,0
1463,5.84920,0.43130,3.70880,1.64420,0.03970,0,0,0,3508,0,0,2048,2048,0,2882,0
1464,5.82690,0.35550,3.80380,1.63060,0.03470,0,0,0,3508,0,0,2048,2048,0,2882,0
1465,5.93540,0.36150,4.01710,1.52150,0.03390,0,0,0,3508,0,0,2048,2048,0,2882,0
1466,5.98470,0.39020,3.99270,1.56380,0.03640,0,0,0,3508,0,0,2048,2048,0,2882,0
1467,5.60930,0.36060,3.76820,1.44980,0.02990,0,0,0,3508,0,0,2048,2048,0,2882,0
1468,5.40720,0.34830,3.62040,1.40790,0.02930,0,0,0,3508,0,0,2048,2048,0,2882,0
1469,5.18130,0.34400,3.33990,1.46610,0.03030,0,0,0,3508,0,0,2048,2048,0,2882,0
1470,5.34580,0.35240,3.41710,1.54370,0.03150,0,0,0,3508,0,0,2048,2048,0,2882,0
1471,13.74510,7.26290,5.02760,1.40870,0.04420,0,0,0,3508,0,0,2048,2048,0,2882,0
1472,6.89550,0.33610,5.10850,1.42600,0.02410,0,0,0,3508,0,0,2048,2048,0,2882,0
1473,7.01210,0.32780,5.20380,1.45350,0.02550,0,0,0,3508,0,0,2048,2048,0,2882,0
1474,6.56400,0.35930,4.79850,1.38190,0.02360,0,0,0,3508,0,0,2048,2048,0,2882,0
1475,6.57240,0.39420,4.76010,1.38970,0.02760,0,0,0,3508,0,0,2048,2048,0,2882,0
1476,6.42280,0.35280,4.65810,1.38900,0.02200,0,0,0,3508,0,0,2048,2048,0,2882,0
1477,7.86780,0.36270,6.06430,1.41840,0.02130,0,0,0,3508,0,0,2048,2048,0,2882,0
1478,6.50770,0.34760,4.67270,1.46270,0.02380,0,0,0,3508,0,0,2048,2048,0,2882,0
1479,6.28590,0.37700,4.49110,1.38260,0.03430,0,0,0,3508,0,0,2048,2048,0,2882,0
1480,6.49640,0.36420,4.57770,1.53080,0.02300,0,0,0,3508,0,0,2048,2048,0,2882,0
1481,6.26560,0.32250,4.53810,1.38420,0.01980,0,0,0,3508,0,0,2048,2048,0,2882,0
1482,5.91450,0.45390,3.99760,1.40130,0.06050,0,0,0,3508,0,0,2048,2048,0,2882,0
1483,6.07470,0.35870,4.26220,1.42980,0.02290,0,0,0,3508,0,0,2048,2048,0,2882,0
1484,6.00480,0.32830,4.31860,1.33320,0.02380,0,0,0,3508,0,0,2048,2048,0,2882,0
1485,6.03370,0.34450,4.14030,1.51580,0.03210,0,0,0,3508,0,0,2048,2048,0,2882,0
1486,12.42280,7.19190,3.85380,1.34770,0.02830,0,0,0,3508,0,0,2048,2048,0,2882,0
1487,5.71880,0.34990,3.93520,1.37130,0.06180,0,0,0,3508,0,0,2048,2048,0,2882,0
1488,5.74980,0.33840,3.91750,1.46140,0.03140,0,0,0,3508,0,0,2048,2048,0,2882,0
1489,5.92140,0.38060,4.04570,1.46870,0.02530,0,0,0,3508,0,0,2048,2048,0,2882,0
1490,5.60000,0.33190,3.82230,1.40620,0.03850,0,0,0,3508,0,0,2048,2048,0,2882,0
1491,5.66090,0.34190,3.90190,1.38910,0.02700,0,0,0,3508,0,0,2048,2048,0,2882,0
1492,5.47200,0.35230,3.72370,1.36930,0.02550,0,0,0,3508,0,0,2048,2048,0,2882,0
1493,5.66490,0.35610,3.80360,1.46490,0.03920,0,0,0,3508,0,0,2048,2048,0,2882,0
1494,6.01000,0.35960,4.20880,1.41440,0.02630,0,0,0,3508,0,0,2048,2048,0,2882,0
1495,5.69100,0.35980,3.85170,1.44750,0.03120,0,0,0,3508,0,0,2048,2048,0,2882,0
1496,5.33540,0.39370,3.42160,1.48620,0.03290,0,0,0,3508,0,0,2048,2048,0,2882,0
1497,5.41470,0.36100,3.63060,1.37380,0.04850,0,0,0,3508,0,0,2048,2048,0,2882,0
1498,5.17950,0.36520,3.46800,1.32240,0.02330,0,0,0,3508,0,0,2048,2048,0,2882,0
1499,5.75360,0.37030,3.79180,1.55530,0.03480,0,0,0,3508,0,0,2048,2048,0,2882,0
1500,5.29490,0.39720,3.50800,1.36020,0.02850,0,0,0,3508,0,0,2048,2048,0,2882,0
1501,16.83390,7.62070,7.22750,1.92440,0.05920,0,0,0,3508,0,0,2048,2048,0,2882,0
1502,8.29730,0.35050,6.36820,1.55250,0.02500,0,0,0,3508,0,0,2048,2048,0,2882,0
1503,8.21700,0.33870,6.23470,1.61840,0.02430,0,0,0,3508,0,0,2048,2048,0,2882,0
1504,7.34660,0.32580,5.34320,1.53700,0.13970,0,0,0,3508,0,0,2048,2048,0,2882,0
1505,6.34300,0.31990,4.64170,1.36120,0.01930,0,0,0,3508,0,0,2048,2048,0,2882,0
1506,6.49150,0.36470,4.70120,1.40590,0.01890,0,0,0,3508,0,0,2048,2048,0,2882,0
1507,6.46290,0.38440,4.66300,1.37960,0.03490,0,0,0,3508,0,0,2048,2048,0,2882,0
1508,6.61080,0.33710,4.84160,1.41030,0.02120,0,0,0,3508,0,0,2048,2048,0,2882,0
1509,6.23710,0.33830,4.41790,1.45290,0.02710,0,0,0,3508,0,0,2048,2048,0,2882,0
1510,6.43620,0.33920,4.69640,1.38090,0.01900,0,0,0,3508,0,0,2048,2048,0,2882,0
1511,6.26080,0.37470,4.42300,1.43610,0.02610,0,0,0,3508,0,0,2048,2048,0,2882,0
1512,6.17080,0.34260,4.48060,1.32480,0.02160,0,0,0,3508,0,0,2048,2048,0,2882,0
1513,6.57650,0.37680,4.57940,1.59600,0.02370,0,0,0,3508,0,0,2048,2048,0,2882,0
1514,6.67350,0.37260,4.87660,1.39630,0.02700,0,0,0,3508,0,0,2048,2048,0,2882,0
1515,6.48460,0.34570,4.69240,1.41340,0.03200,0,0,0,3508,0,0,2048,2048,0,2882,0
1516,12.83460,7.09040,4.30410,1.41350,0.02540,0,0,0,3508,0,0,2048,2048,0,2882,0
1517,6.76980,0.36090,4.82550,1.51610,0.06640,0,0,0,3508,0,0,2048,2048,0,2882,0
1518,5.79220,0.38600,4.02320,1.35450,0.02770,0,0,0,3508,0,0,2048,2048,0,2882,0
1519,6.07010,0.39150,4.00380,1.63960,0.03440,0,0,0,3508,0,0,2048,2048,0,2882,0
1520,6.18650,0.47460,4.19470,1.48010,0.03610,0,0,0,3508,0,0,2048,2048,0,2882,0
1521,5.64270,0.34750,3.81400,1.44300,0.03710,0,0,0,3508,0,0,2048,2048,0,2882,0
1522,5.85230,0.38370,3.95160,1.47950,0.03640,0,0,0,3508,0,0,2048,2048,0,2882,0
1523,5.62120,0.37070,3.79840,1.41510,0.03580,0,0,0,3508,0,0,2048,2048,0,2882,0
1524,5.79630,0.37510,3.94410,1.43710,0.03870,0,0,0,3508,0,0,2048,2048,0,2882,0
1525,5.73490,0.37000,3.83940,1.48570,0.03820,0,0,0,3508,0,0,2048,2048,0,2882,0
1526,5.58030,0.47570,3.64770,1.41560,0.03960,0,0,0,3508,0,0,2048,2048,0,2882,0
1527,5.34200,0.36930,3.43140,1.50190,0.03740,0,0,0,3508,0,0,2048,2048,0,2882,0
1528,5.47930,0.36180,3.62870,1.45070,0.03700,0,0,0,3508,0,0,2048,2048,0,2882,0
1529,5.40270,0.36840,3.66490,1.34090,0.02740,0,0,0,3508,0,0,2048,2048,0,2882,0
1530,5.22030,0.34640,3.34460,1.49150,0.03690,0,0,0,3508,0,0,2048,2048,0,2882,0
1531,15.22070,6.96680,6.48290,1.73600,0.03320,0,0,0,3508,0,0,2048,2048,0,2882,0
1532,7.74790,0.32890,6.03180,1.35780,0.02830,0,0,0,3508,0,0,2048,2048,0,2882,0
1533,7.63660,0.34780,5.65000,1.61070,0.02720,0,0,0,3508,0,0,2048,2048,0,2882,0
1534,6.98480,0.34490,5.10140,1.50510,0.03230,0,0,0,3508,0,0,2048,2048,0,2882,0
1535,5.53600,0.33910,3.81020,1.36030,0.02550,0,0,0,3508,0,0,2048,2048,0,2882,0
1536,5.76680,0.34740,4.04030,1.34990,0.02800,0,0,0,3508,0,0,2048,2048,0,2882,0
1537,5.85450,0.32970,3.99110,1.49330,0.03940,0,0,0,3508,0,0,2048,2048,0,2882,0
1538,5.93310,0.35450,4.17280,1.37510,0.02980,0,0,0,3508,0,0,2048,2048,0,2882,0
1539,5.59450,0.36010,3.85470,1.35460,0.02440,0,0,0,3508,0,0,2048,2048,0,2882,0
1540,6.69190,0.36750,4.91360,1.38540,0.02400,0,0,0,3508,0,0,2048,2048,0,2882,0
1541,5.42910,0.38650,3.65810,1.35750,0.02630,0,0,0,3508,0,0,2048,2048,0,2882,0
1542,5.45900,0.39990,3.58980,1.44240,0.02600,0,0,0,3508,0,0,2048,2048,0,2882,0
1543,5.26370,0.38380,3.40440,1.44870,0.02590,0,0,0,3508,0,0,2048,2048,0,2882,0
1544,5.15320,0.35670,3.35950,1.40980,0.02640,0,0,0,3508,0,0,2048,2048,0,2882,0
1545,4.90690,0.35990,3.12510,1.39480,0.02630,0,0,0,3508,0,0,2048,2048,0,2882,0
1546,11.99230,7.08520,3.46310,1.40910,0.03320,0,0,0,3508,0,0,2048,2048,0,2882,0
1547,5.34450,0.37530,3.56050,1.38230,0.02550,0,0,0,3508,0,0,2048,2048,0,2882,0
1548,4.87990,0.36930,3.11500,1.35550,0.03930,0,0,0,3508,0,0,2048,2048,0,2882,0
1549,5.23120,0.37960,3.46960,1.35660,0.02450,0,0,0,3508,0,0,2048,2048,0,2882,0
1550,5.51600,0.38470,3.66450,1.43740,0.02860,0,0,0,3508,0,0,2048,2048,0,2882,0
1551,5.82680,0.36150,3.86050,1.56680,0.03660,0,0,0,3508,0,0,2048,2048,0,2882,0
1552,5.37550,0.37200,3.49350,1.47810,0.03090,0,0,0,3508,0,0,2048,2048,0,2882,0
1553,5.18010,0.36760,3.38560,1.40280,0.02340,0,0,0,3508,0,0,2048,2048,0,2882,0
1554,5.35080,0.38730,3.44950,1.48880,0.02450,0,0,0,3508,0,0,2048,2048,0,2882,0
1555,5.09080,0.37440,3.23890,1.44310,0.03360,0,0,0,3508,0,0,2048,2048,0,2882,0
1556,5.42620,0.38720,3.64930,1.36350,0.02510,0,0,0,3508,0,0,2048,2048,0,2882,0
1557,5.23300,0.39300,3.43160,1.38160,0.02580,0,0,0,3508,0,0,2048,2048,0,2882,0
1558,5.25520,0.37310,3.41300,1.44100,0.02730,0,0,0,3508,0,0,2048,2048,0,2882,0
1559,5.32730,0.36330,3.48240,1.43680,0.03060,0,0,0,3508,0,0,2048,2048,0,2882,0
1560,5.46290,0.37250,3.64880,1.41550,0.02520,0,0,0,3508,0,0,2048,2048,0,2882,0
1561,14.64900,7.60990,5.56900,1.43950,0.02890,0,0,0,3508,0,0,2048,2048,0,2882,0
1562,7.64100,0.78790,5.18370,1.63390,0.03450,0,0,0,3508,0,0,2048,2048,0,2882,0
1563,6.60460,0.33220,4.76200,1.48510,0.02450,0,0,0,3508,0,0,2048,2048,0,2882,0
1564,6.59360,0.43120,4.74090,1.39490,0.02580,0,0,0,3508,0,0,2048,2048,0,2882,0
1565,6.67630,0.32550,4.86870,1.45190,0.02950,0,0,0,3508,0,0,2048,2048,0,2882,0
1566,6.56540,0.38050,4.67960,1.47010,0.03460,0,0,0,3508,0,0,2048,2048,0,2882,0
1567,6.39930,0.32850,4.66420,1.38240,0.02350,0,0,0,3508,0,0,2048,2048,0,2882,0
1568,7.51200,0.35350,5.68700,1.43570,0.03480,0,0,0,3508,0,0,2048,2048,0,2882,0
1569,6.48060,0.34070,4.76750,1.32890,0.03310,0,0,0,3508,0,0,2048,2048,0,2882,0
1570,5.84240,0.34770,4.08440,1.37720,0.03220,0,0,0,3508,0,0,2048,2048,0,2882,0
1571,6.83780,0.34770,4.87290,1.59010,0.02590,0,0,0,3508,0,0,2048,2048,0,2882,0
1572,5.93640,0.37350,4.13970,1.39810,0.02430,0,0,0,3508,0,0,2048,2048,0,2882,0
1573,5.73530,0.35910,3.91200,1.43560,0.02790,0,0,0,3508,0,0,2048,2048,0,2882,0
1574,5.77180,0.37740,3.96170,1.40150,0.03040,0,0,0,3508,0,0,2048,2048,0,2882,0
1575,5.78410,0.38040,3.96730,1.38760,0.04790,0,0,0,3508,0,0,2048,2048,0,2882,0
1576,12.32540,6.92600,3.89880,1.46680,0.03220,0,0,0,3508,0,0,2048,2048,0,2882,0
1577,5.52970,0.38040,3.64640,1.44110,0.06080,0,0,0,3508,0,0,2048,2048,0,2882,0
1578,5.78220,0.36720,3.99100,1.38870,0.03450,0,0,0,3508,0,0,2048,2048,0,2882,0
1579,5.46100,0.36930,3.56680,1.49070,0.03340,0,0,0,3508,0,0,2048,2048,0,2882,0
1580,5.34190,0.36770,3.50990,1.43220,0.03090,0,0,0,3508,0,0,2048,2048,0,2882,0
1581,5.49990,0.37190,3.65380,1.44860,0.02500,0,0,0,3508,0,0,2048,2048,0,2882,0
1582,5.45840,0.35470,3.67810,1.39940,0.02540,0,0,0,3508,0,0,2048,2048,0,2882,0
1583,5.07520,0.35720,3.10920,1.51790,0.08970,0,0,0,3508,0,0,2048,2048,0,2882,0
1584,5.01050,0.38340,3.25410,1.34810,0.02430,0,0,0,3508,0,0,2048,2048,0,2882,0
1585,5.27100,0.38180,3.46250,1.39920,0.02660,0,0,0,3508,0,0,2048,2048,0,2882,0
1586,5.96040,0.38980,4.02380,1.50970,0.03590,0,0,0,3508,0,0,2048,2048,0,2882,0
1587,5.91720,0.37890,4.04520,1.46140,0.03080,0,0,0,3508,0,0,2048,2048,0,2882,0
1588,5.44270,0.42150,3.61150,1.38370,0.02520,0,0,0,3508,0,0,2048,2048,0,2882,0
1589,5.54280,0.34460,3.46590,1.69400,0.03720,0,0,0,3508,0,0,2048,2048,0,2882,0
1590,5.44560,0.38180,3.68870,1.34660,0.02680,0,0,0,3508,0,0,2048,2048,0,2882,0
1591,14.54250,7.20750,5.80820,1.50420,0.02140,0,0,0,3508,0,0,2048,2048,0,2882,0
1592,8.29910,0.43820,6.30230,1.53460,0.02310,0,0,0,3508,0,0,2048,2048,0,2882,0
1593,6.84060,0.33970,4.84210,1.55340,0.10450,0,0,0,3508,0,0,2048,2048,0,2882,0
1594,7.02700,0.33330,5.23090,1.43390,0.02790,0,0,0,3508,0,0,2048,2048,0,2882,0
1595,7.61550,0.35580,5.56860,1.66350,0.02690,0,0,0,3508,0,0,2048,2048,0,2882,0
1596,7.10400,0.51660,4.95770,1.57440,0.05400,0,0,0,3508,0,0,2048,2048,0,2882,0
1597,7.08710,0.33920,5.01380,1.68930,0.04350,0,0,0,3508,0,0,2048,2048,0,2882,0
1598,6.17440,0.37810,4.30710,1.42650,0.06120,0,0,0,3508,0,0,2048,2048,0,2882,0
1599,5.93880,0.41960,4.11450,1.37270,0.03110,0,0,0,3508,0,0,2048,2048,0,2882,0
1600,6.01590,0.36380,4.08960,1.52870,0.03270,0,0,0,3508,0,0,2048,2048,0,2882,0
1601,6.01200,0.38500,4.22920,1.37370,0.02330,0,0,0,3508,0,0,2048,2048,0,2882,0
1602,5.90890,0.33720,4.09970,1.44660,0.02450,0,0,0,3508,0,0,2048,2048,0,2882,0
1603,5.67990,0.36710,3.88470,1.39230,0.03480,0,0,0,3508,0,0,2048,2048,0,2882,0
1604,6.05260,0.45890,4.11940,1.44970,0.02350,0,0,0,3508,0,0,2048,2048,0,2882,0
1605,5.65400,0.37030,3.89980,1.35910,0.02390,0,0,0,3508,0,0,2048,2048,0,2882,0
1606,12.34230,6.93100,3.94950,1.43290,0.02730,0,0,0,3508,0,0,2048,2048,0,2882,0
1607,6.02710,0.38350,4.16790,1.44460,0.02990,0,0,0,3508,0,0,2048,2048,0,2882,0
1608,5.47040,0.36540,3.58480,1.48780,0.03160,0,0,0,3508,0,0,2048,2048,0,2882,0
1609,5.19310,0.35200,3.40160,1.41460,0.02410,0,0,0,3508,0,0,2048,2048,0,2882,0
1610,5.59850,0.34620,3.81710,1.40870,0.02530,0,0,0,3508,0,0,2048,2048,0,2882,0
1611,5.34900,0.39950,3.42310,1.49840,0.02720,0,0,0,3508,0,0,2048,2048,0,2882,0
1612,5.25570,0.36010,3.37570,1.48620,0.03290,0,0,0,3508,0,0,2048,2048,0,2882,0
1613,5.23740,0.40070,3.39280,1.41270,0.03040,0,0,0,3508,0,0,2048,2048,0,2882,0
1614,5.59680,0.38440,3.69900,1.48610,0.02630,0,0,0,3508,0,0,2048,2048,0,2882,0
1615,4.92680,0.35990,3.08990,1.44120,0.03470,0,0,0,3508,0,0,2048,2048,0,2882,0
1616,5.47850,0.36620,3.71130,1.37400,0.02600,0,0,0,3508,0,0,2048,2048,0,2882,0
1617,5.57970,0.37270,3.68050,1.49830,0.02730,0,0,0,3508,0,0,2048,2048,0,2882,0
1618,5.37620,0.39170,3.35090,1.59340,0.03950,0,0,0,3508,0,0,2048,2048,0,2882,0
1619,5.50310,0.37880,3.65020,1.43790,0.03490,0,0,0,3508,0,0,2048,2048,0,2882,0
1620,5.41380,0.36500,3.58190,1.43910,0.02690,0,0,0,3508,0,0,2048,2048,0,2882,0
1621,16.65710,7.35810,7.79080,1.47630,0.03060,0,0,0,3508,0,0,2048,2048,0,2882,0
1622,9.57420,0.43970,7.03400,2.05800,0.04120,0,0,0,3508,0,0,2048,2048,0,2882,0
1623,9.16620,0.37010,6.87660,1.76570,0.15230,0,0,0,3508,0,0,2048,2048,0,2882,0
1624,7.66090,0.40000,5.73060,1.48750,0.04070,0,0,0,3508,0,0,2048,2048,0,2882,0
1625,6.14870,0.39770,4.29340,1.42650,0.03010,0,0,0,3508,0,0,2048,2048,0,2882,0
1626,5.97250,0.39410,4.04550,1.49470,0.03720,0,0,0,3508,0,0,2048,2048,0,2882,0
1627,5.96480,0.35660,4.16210,1.42190,0.02330,0,0,0,3508,0,0,2048,2048,0,2882,0
1628,6.03740,0.36450,4.11780,1.49530,0.05890,0,0,0,3508,0,0,2048,2048,0,2882,0
1629,5.95510,0.35610,4.22870,1.34050,0.02820,0,0,0,3508,0,0,2048,2048,0,2882,0
1630,5.89980,0.36270,4.13390,1.37050,0.03180,0,0,0,3508,0,0,2048,2048,0,2882,0
1631,5.95330,0.36210,4.01180,1.54550,0.03290,0,0,0,3508,0,0,2048,2048,0,2882,0
1632,5.91420,0.49980,3.98010,1.40610,0.02710,0,0,0,3508,0,0,2048,2048,0,2882,0
1633,5.69960,0.35260,3.94460,1.37510,0.02630,0,0,0,3508,0,0,2048,2048,0,2882,0
1634,5.53420,0.43410,3.69750,1.37520,0.02650,0,0,0,3508,0,0,2048,2048,0,2882,0
1635,5.83510,0.36200,4.08600,1.36210,0.02420,0,0,0,3508,0,0,2048,2048,0,2882,0
1636,11.98140,7.02940,3.43650,1.46840,0.04620,0,0,0,3508,0,0,2048,2048,0,2882,0
1637,5.51740,0.34140,3.73050,1.40060,0.04390,0,0,0,3508,0,0,2048,2048,0,2882,0
1638,5.55410,0.37820,3.72280,1.42620,0.02620,0,0,0,3508,0,0,2048,2048,0,2882,0
1639,5.34120,0.41680,3.41780,1.47600,0.02980,0,0,0,3508,0,0,2048,2048,0,2882,0
1640,5.34930,0.38590,3.45530,1.46040,0.04690,0,0,0,3508,0,0,2048,2048,0,2882,0
1641,5.48010,0.35090,3.67810,1.42270,0.02750,0,0,0,3508,0,0,2048,2048,0,2882,0
1642,5.06530,0.40700,3.12530,1.49960,0.03270,0,0,0,3508,0,0,2048,2048,0,2882,0
1643,5.47750,0.37820,3.60900,1.45520,0.03410,0,0,0,3508,0,0,2048,2048,0,2882,0
1644,5.53140,0.41680,3.72900,1.35880,0.02510,0,0,0,3508,0,0,2048,2048,0,2882,0
1645,5.33780,0.40700,3.39510,1.49170,0.04310,0,0,0,3508,0,0,2048,2048,0,2882,0
1646,5.30470,0.37600,3.42480,1.41620,0.08630,0,0,0,3508,0,0,2048,2048,0,2882,0
1647,5.21330,0.36610,3.47720,1.34060,0.02850,0,0,0,3508,0,0,2048,2048,0,2882,0
1648,5.20940,0.38120,3.40950,1.39210,0.02600,0,0,0,3508,0,0,2048,2048,0,2882,0
1649,5.63500,0.39890,3.78570,1.41290,0.03560,0,0,0,3508,0,0,2048,2048,0,2882,0
1650,5.62360,0.35640,3.84050,1.39660,0.02890,0,0,0,3508,0,0,2048,2048,0,2882,0
1651,13.58510,7.29700,4.78180,1.47300,0.03180,0,0,0,3508,0,0,2048,2048,0,2882,0
1652,7.62500,0.35860,5.87180,1.36900,0.02460,0,0,0,3508,0,0,2048,2048,0,2882,0
1653,6.17400,0.38720,4.26420,1.49790,0.02370,0,0,0,3508,0,0,2048,2048,0,2882,0
1654,6.17260,0.34960,4.42210,1.37740,0.02290,0,0,0,3508,0,0,2048,2048,0,2882,0
1655,5.99160,0.32180,4.23620,1.40860,0.02410,0,0,0,3508,0,0,2048,2048,0,2882,0
1656,6.10480,0.33710,4.18510,1.55180,0.02990,0,0,0,3508,0,0,2048,2048,0,2882,0
1657,5.38920,0.37020,3.61620,1.37670,0.02550,0,0,0,3508,0,0,2048,2048,0,2882,0
1658,5.47100,0.36190,3.71250,1.36840,0.02750,0,0,0,3508,0,0,2048,2048,0,2882,0
1659,5.59680,0.33420,3.74050,1.49370,0.02750,0,0,0,3508,0,0,2048,2048,0,2882,0
1660,5.56560,0.33670,3.83840,1.36390,0.02580,0,0,0,3508,0,0,2048,2048,0,2882,0
1661,5.37140,0.34200,3.65110,1.35120,0.02600,0,0,0,3508,0,0,2048,2048,0,2882,0
1662,5.89700,0.34810,3.75990,1.75140,0.03650,0,0,0,3508,0,0,2048,2048,0,2882,0
1663,5.51340,0.36810,3.74010,1.37650,0.02790,0,0,0,3508,0,0,2048,2048,0,2882,0
1664,5.62930,0.36190,3.73430,1.50250,0.02930,0,0,0,3508,0,0,2048,2048,0,2882,0
1665,5.61980,0.34560,3.81750,1.42500,0.03080,0,0,0,3508,0,0,2048,2048,0,2882,0
1666,12.76750,7.37660,3.89960,1.46000,0.03020,0,0,0,3508,0,0,2048,2048,0,2882,0
1667,5.25670,0.34980,3.36410,1.50870,0.03300,0,0,0,3508,0,0,2048,2048,0,2882,0
1668,5.61970,0.37650,3.71850,1.48500,0.03830,0,0,0,3508,0,0,2048,2048,0,2882,0
1669,5.44100,0.35750,3.67020,1.38300,0.02930,0,0,0,3508,0,0,2048,2048,0,2882,0
1670,5.19750,0.34270,3.43820,1.38570,0.02970,0,0,0,3508,0,0,2048,2048,0,2882,0
1671,5.56310,0.41440,3.58120,1.50760,0.05870,0,0,0,3508,0,0,2048,2048,0,2882,0
1672,5.64770,0.37600,3.83750,1.40160,0.03170,0,0,0,3508,0,0,2048,2048,0,2882,0
1673,5.56710,0.35500,3.73220,1.41680,0.06180,0,0,0,3508,0,0,2048,2048,0,2882,0
1674,5.37870,0.33450,3.61150,1.40210,0.02950,0,0,0,3508,0,0,2048,2048,0,2882,0
1675,5.90390,0.36310,4.04030,1.46340,0.03580,0,0,0,3508,0,0,2048,2048,0,2882,0
1676,5.40270,0.35510,3.43610,1.57280,0.03690,0,0,0,3508,0,0,2048,2048,0,2882,0
1677,5.50350,0.34850,3.70810,1.41550,0.03040,0,0,0,3508,0,0,2048,2048,0,2882,0
1678,5.16180,0.35400,3.34800,1.42780,0.03090,0,0,0,3508,0,0,2048,2048,0,2882,0
1679,5.43050,0.35420,3.44220,1.59030,0.04280,0,0,0,3508,0,0,2048,2048,0,2882,0
1680,5.53520,0.33220,3.72710,1.44220,0.03260,0,0,0,3508,0,0,2048,2048,0,2882,0
1681,18.43880,7.42090,9.50030,1.48710,0.02900,0,0,0,3508,0,0,2048,2048,0,2882,0
1682,8.46480,0.35740,6.43520,1.64870,0.02250,0,0,0,3508,0,0,2048,2048,0,2882,0
1683,6.58130,0.38050,4.57020,1.60010,0.02950,0,0,0,3508,0,0,2048,2048,0,2882,0
1684,6.63770,0.45950,4.71430,1.44340,0.01880,0,0,0,3508,0,0,2048,2048,0,2882,0
1685,6.40170,0.35620,4.47080,1.54860,0.02480,0,0,0,3508,0,0,2048,2048,0,2882,0
1686,6.41620,0.32820,4.62920,1.43300,0.02490,0,0,0,3508,0,0,2048,2048,0,2882,0
1687,6.63370,0.39260,4.67090,1.47610,0.09280,0,0,0,3508,0,0,2048,2048,0,2882,0
1688,6.13680,0.36730,4.37990,1.36400,0.02480,0,0,0,3508,0,0,2048,2048,0,2882,0
1689,6.21180,0.35850,4.39240,1.43320,0.02650,0,0,0,3508,0,0,2048,2048,0,2882,0
1690,6.89940,0.42810,5.00110,1.43200,0.03690,0,0,0,3508,0,0,2048,2048,0,2882,0
1691,6.11260,0.40710,4.20320,1.45720,0.04400,0,0,0,3508,0,0,2048,2048,0,2882,0
1692,6.24050,0.37310,4.23800,1.59810,0.03040,0,0,0,3508,0,0,2048,2048,0,2882,0
1693,6.42310,0.36200,4.54950,1.47840,0.03140,0,0,0,3508,0,0,2048,2048,0,2882,0
1694,6.33660,0.42120,4.29570,1.54130,0.07700,0,0,0,3508,0,0,2048,2048,0,2882,0
1695,6.83350,0.47580,4.72790,1.58760,0.04050,0,0,0,3508,0,0,2048,2048,0,2882,0
1696,13.81130,7.49610,4.71670,1.54150,0.03720,0,0,0,3508,0,0,2048,2048,0,2882,0
1697,6.35810,0.42600,4.24910,1.58510,0.09620,0,0,0,3508,0,0,2048,2048,0,2882,0
1698,5.85290,0.40710,3.90580,1.49980,0.03900,0,0,0,3508,0,0,2048,2048,0,2882,0
1699,6.14570,0.43470,4.02980,1.63190,0.04780,0,0,0,3508,0,0,2048,2048,0,2882,0
1700,6.02540,0.36960,3.98640,1.57050,0.09710,0,0,0,3508,0,0,2048,2048,0,2882,0
1701,5.14580,0.40390,3.11720,1.56390,0.05980,0,0,0,3508,0,0,2048,2048,0,2882,0
1702,6.07340,0.39550,4.06220,1.57340,0.04100,0,0,0,3508,0,0,2048,2048,0,2882,0
1703,5.87870,0.41390,3.96250,1.46200,0.03820,0,0,0,3508,0,0,2048,2048,0,2882,0
1704,5.72610,0.41190,3.86120,1.41870,0.03310,0,0,0,3508,0,0,2048,2048,0,2882,0
1705,5.59740,0.39360,3.68010,1.48230,0.04030,0,0,0,3508,0,0,2048,2048,0,2882,0
1706,5.68370,0.40280,3.74580,1.40310,0.12710,0,0,0,3508,0,0,2048,2048,0,2882,0
1707,5.82350,0.39940,3.91070,1.46780,0.04330,0,0,0,3508,0,0,2048,2048,0,2882,0
1708,5.99960,0.37680,4.04930,1.51390,0.05780,0,0,0,3508,0,0,2048,2048,0,2882,0
1709,5.88110,0.36290,4.05260,1.42120,0.04340,0,0,0,3508,0,0,2048,2048,0,2882,0
1710,5.64820,0.38590,3.70330,1.52670,0.03110,0,0,0,3508,0,0,2048,2048,0,2882,0
1711,16.25740,7.83970,6.79080,1.58860,0.03670,0,0,0,3508,0,0,2048,2048,0,2882,0
1712,8.07930,0.54270,5.69460,1.80310,0.03800,0,0,0,3508,0,0,2048,2048,0,2882,0
1713,6.43580,0.34380,4.57510,1.48230,0.03360,0,0,0,3508,0,0,2048,2048,0,2882,0
1714,5.82080,0.36480,3.91580,1.50080,0.03810,0,0,0,3508,0,0,2048,2048,0,2882,0
1715,6.43780,0.36790,4.56020,1.47780,0.03100,0,0,0,3508,0,0,2048,2048,0,2882,0
1716,6.09370,0.36390,4.10610,1.53380,0.08700,0,0,0,3508,0,0,2048,2048,0,2882,0
1717,5.73090,0.40090,3.78960,1.51030,0.02930,0,0,0,3508,0,0,2048,2048,0,2882,0
1718,5.54200,0.39620,3.57780,1.51830,0.04870,0,0,0,3508,0,0,2048,2048,0,2882,0
1719,5.72780,0.46220,3.81590,1.41620,0.03230,0,0,0,3508,0,0,2048,2048,0,2882,0
1720,5.28670,0.40520,3.42550,1.41600,0.03910,0,0,0,3508,0,0,2048,2048,0,2882,0
1721,5.43970,0.40130,3.50580,1.49740,0.03420,0,0,0,3508,0,0,2048,2048,0,2882,0
1722,5.58630,0.40520,3.74880,1.40320,0.02810,0,0,0,3508,0,0,2048,2048,0,2882,0
1723,5.81320,0.38250,3.93310,1.45900,0.03740,0,0,0,3508,0,0,2048,2048,0,2882,0
1724,5.48650,0.41030,3.68640,1.36220,0.02680,0,0,0,3508,0,0,2048,2048,0,2882,0
1725,5.29190,0.37360,3.44350,1.44540,0.02850,0,0,0,3508,0,0,2048,2048,0,2882,0
1726,12.05190,7.02140,3.65560,1.34860,0.02550,0,0,0,3508,0,0,2048,2048,0,2882,0
1727,5.19130,0.34140,3.34750,1.47230,0.02920,0,0,0,3508,0,0,2048,2048,0,2882,0
1728,5.10860,0.34830,3.27830,1.45370,0.02750,0,0,0,3508,0,0,2048,2048,0,2882,0
1729,5.73010,0.39170,3.90510,1.40320,0.02930,0,0,0,3508,0,0,2048,2048,0,2882,0
1730,5.15840,0.36580,3.39870,1.36290,0.03010,0,0,0,3508,0,0,2048,2048,0,2882,0
1731,5.36440,0.37670,3.49970,1.42680,0.06020,0,0,0,3508,0,0,2048,2048,0,2882,0
1732,5.08930,0.35080,3.35770,1.35300,0.02690,0,0,0,3508,0,0,2048,2048,0,2882,0
1733,6.11070,0.39330,4.21120,1.44840,0.05610,0,0,0,3508,0,0,2048,2048,0,2882,0
1734,5.76470,0.37240,3.64880,1.67720,0.06450,0,0,0,3508,0,0,2048,2048,0,2882,0
1735,5.54080,0.36280,3.71840,1.42430,0.03420,0,0,0,3508,0,0,2048,2048,0,2882,0
1736,5.86380,0.42460,3.93540,1.45580,0.04430,0,0,0,3508,0,0,2048,2048,0,2882,0
1737,6.04580,0.40470,4.10770,1.47000,0.06220,0,0,0,3508,0,0,2048,2048,0,2882,0
1738,6.17880,0.40910,4.17360,1.53550,0.05770,0,0,0,3508,0,0,2048,2048,0,2882,0
1739,5.75890,0.39180,3.70470,1.55980,0.10130,0,0,0,3508,0,0,2048,2048,0,2882,0
1740,5.65690,0.37060,3.66050,1.55950,0.06490,0,0,0,3508,0,0,2048,2048,0,2882,0
1741,15.77380,8.18290,5.75180,1.79180,0.04460,0,0,0,3508,0,0,2048,2048,0,2882,0
1742,8.08890,0.43310,5.82950,1.78200,0.04270,0,0,0,3508,0,0,2048,2048,0,2882,0
1743,7.68250,0.41410,5.53500,1.68770,0.04400,0,0,0,3508,0,0,2048,2048,0,2882,0
1744,8.40700,0.35320,6.40100,1.60070,0.05070,0,0,0,3508,0,0,2048,2048,0,2882,0
1745,8.34370,0.46810,6.30240,1.52520,0.03360,0,0,0,3508,0,0,2048,2048,0,2882,0
1746,7.44250,0.42440,5.39290,1.55130,0.07080,0,0,0,3508,0,0,2048,2048,0,2882,0
1747,6.64150,0.40290,4.59710,1.58750,0.05230,0,0,0,3508,0,0,2048,2048,0,2882,0
1748,6.82070,0.36700,4.70700,1.63330,0.08260,0,0,0,3508,0,0,2048,2048,0,2882,0
1749,6.00380,0.39890,3.97480,1.56310,0.06450,0,0,0,3508,0,0,2048,2048,0,2882,0
1750,6.00890,0.36110,3.93200,1.64650,0.06800,0,0,0,3508,0,0,2048,2048,0,2882,0
1751,6.22810,0.40080,4.14850,1.60830,0.06850,0,0,0,3508,0,0,2048,2048,0,2882,0
1752,5.87660,0.38170,3.91380,1.53330,0.04630,0,0,0,3508,0,0,2048,2048,0,2882,0
1753,5.75350,0.37790,3.69080,1.63250,0.05080,0,0,0,3508,0,0,2048,2048,0,2882,0
1754,6.21220,0.40380,4.16430,1.60520,0.03710,0,0,0,3508,0,0,2048,2048,0,2882,0
1755,6.19860,0.39410,4.18480,1.57610,0.04190,0,0,0,3508,0,0,2048,2048,0,2882,0
1756,12.83170,7.84140,3.50870,1.44260,0.03740,0,0,0,3508,0,0,2048,2048,0,2882,0
1757,5.33130,0.38080,3.42670,1.48640,0.03550,0,0,0,3508,0,0,2048,2048,0,2882,0
1758,5.54580,0.35770,3.69830,1.44670,0.04190,0,0,0,3508,0,0,2048,2048,0,2882,0
1759,5.34280,0.42230,3.38040,1.49080,0.04730,0,0,0,3508,0,0,2048,2048,0,2882,0
1760,5.71620,0.35460,3.84310,1.48420,0.03280,0,0,0,3508,0,0,2048,2048,0,2882,0
1761,5.88270,0.35940,4.09980,1.38420,0.03760,0,0,0,3508,0,0,2048,2048,0,2882,0
1762,5.59620,0.44850,3.69930,1.41130,0.03420,0,0,0,3508,0,0,2048,2048,0,2882,0
1763,5.62640,0.40450,3.72930,1.45160,0.03930,0,0,0,3508,0,0,2048,2048,0,2882,0
1764,5.30120,0.38060,3.42480,1.46200,0.03290,0,0,0,3508,0,0,2048,2048,0,2882,0
1765,5.42960,0.36550,3.58800,1.44210,0.03290,0,0,0,3508,0,0,2048,2048,0,2882,0
1766,5.42720,0.36030,3.52580,1.50420,0.03570,0,0,0,3508,0,0,2048,2048,0,2882,0
1767,5.62210,0.38780,3.74530,1.45460,0.03270,0,0,0,3508,0,0,2048,2048,0,2882,0
1768,5.53500,0.34560,3.62970,1.52750,0.03110,0,0,0,3508,0,0,2048,2048,0,2882,0
1769,5.66490,0.44040,3.70130,1.48800,0.03380,0,0,0,3508,0,0,2048,2048,0,2882,0
1770,5.63050,0.35220,3.70100,1.54250,0.03370,0,0,0,3508,0,0,2048,2048,0,2882,0
1771,13.74940,7.97090,4.33470,1.40940,0.03230,0,0,0,3508,0,0,2048,2048,0,2882,0
1772,6.01630,0.49880,3.83100,1.64760,0.03760,0,0,0,3508,0,0,2048,2048,0,2882,0
1773,5.36630,0.38350,3.44310,1.50220,0.03610,0,0,0,3508,0,0,2048,2048,0,2882,0
1774,5.72110,0.35480,3.87160,1.46520,0.02830,0,0,0,3508,0,0,2048,2048,0,2882,0
1775,5.45050,0.35630,3.68190,1.37640,0.03470,0,0,0,3508,0,0,2048,2048,0,2882,0
1776,5.56650,0.37390,3.79120,1.37130,0.02820,0,0,0,3508,0,0,2048,2048,0,2882,0
1777,5.86500,0.35420,4.07400,1.40850,0.02710,0,0,0,3508,0,0,2048,2048,0,2882,0
1778,5.63960,0.34470,3.77920,1.47890,0.03570,0,0,0,3508,0,0,2048,2048,0,2882,0
1779,5.72390,0.35890,3.89620,1.42420,0.04350,0,0,0,3508,0,0,2048,2048,0,2882,0
1780,5.52920,0.35280,3.74050,1.40520,0.02940,0,0,0,3508,0,0,2048,2048,0,2882,0
1781,6.55830,0.37170,4.65270,1.49380,0.03890,0,0,0,3508,0,0,2048,2048,0,2882,0
1782,5.90870,0.36310,3.95030,1.53910,0.05430,0,0,0,3508,0,0,2048,2048,0,2882,0
1783,6.10940,0.37830,4.17200,1.52330,0.03450,0,0,0,3508,0,0,2048,2048,0,2882,0
1784,5.63720,0.38520,3.80190,1.41890,0.03000,0,0,0,3508,0,0,2048,2048,0,2882,0
1785,5.41720,0.35630,3.63550,1.39260,0.03200,0,0,0,3508,0,0,2048,2048,0,2882,0
1786,13.14250,7.96240,3.62770,1.51350,0.03780,0,0,0,3508,0,0,2048,2048,0,2882,0
1787,5.28770,0.38230,3.43340,1.44360,0.02760,0,0,0,3508,0,0,2048,2048,0,2882,0
1788,5.59650,0.41770,3.68300,1.46770,0.02720,0,0,0,3508,0,0,2048,2048,0,2882,0
1789,5.45070,0.34440,3.57610,1.50120,0.02820,0,0,0,3508,0,0,2048,2048,0,2882,0
1790,5.71880,0.36720,3.91740,1.40000,0.03310,0,0,0,3508,0,0,2048,2048,0,2882,0
1791,5.54830,0.37410,3.76630,1.37930,0.02750,0,0,0,3508,0,0,2048,2048,0,2882,0
1792,5.44890,0.35680,3.67270,1.38880,0.02960,0,0,0,3508,0,0,2048,2048,0,2882,0
1793,5.17260,0.34350,3.34760,1.45320,0.02760,0,0,0,3508,0,0,2048,2048,0,2882,0
1794,5.39930,0.41630,3.60800,1.34770,0.02670,0,0,0,3508,0,0,2048,2048,0,2882,0
1795,5.37690,0.35490,3.57720,1.41430,0.02960,0,0,0,3508,0,0,2048,2048,0,2882,0
1796,5.46280,0.32180,3.59660,1.50450,0.03880,0,0,0,3508,0,0,2048,2048,0,2882,0
1797,4.96040,0.34450,3.23790,1.34910,0.02810,0,0,0,3508,0,0,2048,2048,0,2882,0
1798,5.04780,0.33880,3.29210,1.38310,0.03290,0,0,0,3508,0,0,2048,2048,0,2882,0
1799,5.36870,0.33730,3.63090,1.37410,0.02560,0,0,0,3508,0,0,2048,2048,0,2882,0
1800,4.97730,0.32380,3.28230,1.32150,0.04910,0,0,0,3508,0,0,2048,2048,0,2882,0
