frame,tick,dropped_ticks,frame_ms,pack_ms,upload_ms,submit_ms,upload_bytes,latest_gpu_ms,gpu_timing_timestamp,simulation_cpu_ms
301,150,0,4.02840,0.00000,0.00000,0.02180,0,-1.00000,666369180491,0.00000
302,151,0,1.18130,3.25320,0.22550,0.04430,3840000,-1.00000,666369237112,0.00000
303,151,0,4.43190,0.00000,0.00000,0.02290,0,-1.00000,666369276627,0.00000
304,152,0,6.59970,3.21460,0.18340,0.02330,3840000,-1.00000,666369280793,0.00000
305,152,0,3.97781,0.00000,0.00000,0.02200,0,-1.00000,666369321080,0.00000
306,153,0,0.40580,3.34190,0.20610,0.02900,3840000,-1.00000,666369332895,0.00000
307,153,0,4.35870,0.00000,0.00000,0.02150,0,-1.00000,666369377231,0.00000
308,154,0,0.44860,3.15290,0.15840,0.02250,3840000,-1.00000,666369443208,0.00000
309,154,0,4.00140,0.00000,0.00000,0.01690,0,-1.00000,666369482992,0.00000
310,155,0,0.37350,3.29050,0.15450,0.01860,3840000,-1.00000,666369487041,0.00000
311,155,0,7.58510,0.00000,0.00000,0.02410,0,-1.00000,666369530647,0.00000
312,156,0,0.48630,3.34530,0.20850,0.03230,3840000,-1.00000,666369535115,0.00000
313,156,0,4.26570,0.00000,0.00000,0.01980,0,-1.00000,666369575136,0.00000
314,157,0,1.76340,3.28210,0.19720,0.02420,3840000,-1.00000,666369578866,0.00000
315,157,0,4.16150,0.00000,0.00000,0.02060,0,-1.00000,666369654743,0.00000
316,158,0,0.44400,3.28270,0.15310,0.02100,3840000,-1.00000,666369659585,0.00000
317,158,0,4.94470,0.00000,0.00000,0.01770,0,-1.00000,666369702247,0.00000
318,159,0,9.78380,3.12450,0.17360,0.02550,3840000,-1.00000,666369719872,0.00000
319,159,0,3.92919,0.00000,0.00000,0.01860,0,-1.00000,666369761487,0.00000
320,160,0,5.54561,3.40270,0.21450,0.03930,3840000,-1.00000,666369765923,0.00000
321,160,0,4.38500,0.00000,0.00000,0.02090,0,-1.00000,666369815372,0.00000
322,161,0,2.02410,3.10990,0.17260,0.02140,3840000,-1.00000,666369913219,0.00000
323,161,0,4.00110,0.00000,0.00000,0.01820,0,-1.00000,666369952507,0.00000
324,162,0,5.64560,3.35050,0.16800,0.03110,3840000,-1.00000,666370007966,0.00000
325,162,0,4.23730,0.00000,0.00000,0.01970,0,-1.00000,666370051817,0.00000
326,163,0,5.42390,3.14300,0.17440,0.04310,3840000,-1.00000,666370072053,0.00000
327,163,0,3.95300,0.00000,0.00000,0.01950,0,-1.00000,666370112064,0.00000
328,164,0,0.62360,3.47970,0.22810,0.04020,3840000,-1.00000,666370168525,0.00000
329,164,0,4.53550,0.00000,0.00000,0.02120,0,-1.00000,666370210898,0.00000
330,165,0,0.53190,3.09880,0.17770,0.02060,3840000,-1.00000,666370265133,0.00000
331,165,0,4.01200,0.00000,0.00000,0.02260,0,-1.00000,666370304663,0.00000
332,166,0,0.40160,3.20970,0.15640,0.02300,3840000,-1.00000,666370310901,0.00000
333,166,0,3.94840,0.00000,0.00000,0.02140,0,-1.00000,666370356267,0.00000
334,167,0,0.38110,3.12670,0.18040,0.02240,3840000,-1.00000,666370361571,0.00000
335,167,0,3.93870,0.00000,0.00000,0.01860,0,-1.00000,666370401694,0.00000
336,168,0,0.39510,3.22140,0.15100,0.01970,3840000,-1.00000,666370405706,0.00000
337,168,0,4.02610,0.00000,0.00000,0.01730,0,-1.00000,666370445197,0.00000
338,169,0,0.44750,3.16780,0.18560,0.02390,3840000,-1.00000,666370448998,0.00000
339,169,0,3.99391,0.00000,0.00000,0.01790,0,-1.00000,666370488392,0.00000
340,170,0,0.37260,3.19710,0.15190,0.02130,3840000,-1.00000,666370492341,0.00000
341,170,0,3.99040,0.00000,0.00000,0.01960,0,-1.00000,666370532601,0.00000
342,171,0,3.08400,3.17230,0.20330,0.04150,3840000,-1.00000,666370537075,0.00000
343,171,0,4.30000,0.00000,0.00000,0.02020,0,-1.00000,666370577013,0.00000
344,172,0,0.42650,3.35600,0.17100,0.02310,3840000,-1.00000,666370580739,0.00000
345,172,0,4.22740,0.00000,0.00000,0.01980,0,-1.00000,666370620645,0.00000
346,173,0,0.37580,3.26370,0.14790,0.01840,3840000,-1.00000,666370651484,0.00000
347,173,0,3.96970,0.00000,0.00000,0.01670,0,-1.00000,666370694504,0.00000
348,174,0,5.96430,3.09590,0.18040,0.02700,3840000,-1.00000,666370698746,0.00000
349,174,0,3.95990,0.00000,0.00000,0.02220,0,-1.00000,666370741027,0.00000
350,175,0,2.44630,3.10810,0.16220,0.02250,3840000,-1.00000,666370744777,0.00000
351,175,0,4.03130,0.00000,0.00000,0.01980,0,-1.00000,666370784474,0.00000
352,176,0,0.47980,3.50390,0.22560,0.03400,3840000,-1.00000,666370844124,0.00000
353,176,0,5.14850,0.00000,0.00000,0.02100,0,-1.00000,666370883723,0.00000
354,177,0,3.17180,3.10630,0.18840,0.02530,3840000,-1.00000,666370908179,0.00000
355,177,0,3.94920,0.00000,0.00000,0.02220,0,-1.00000,666370948519,0.00000
356,178,0,0.40210,3.24770,0.16040,0.02250,3840000,-1.00000,666370953289,0.00000
357,178,0,4.03190,0.00000,0.00000,0.01980,0,-1.00000,666371004819,0.00000
358,179,0,4.53700,3.11480,0.17200,0.02360,3840000,-1.00000,666371036499,0.00000
359,179,0,3.90330,0.00000,0.00000,0.02090,0,-1.00000,666371075996,0.00000
360,180,0,0.47500,3.34460,0.16140,0.02350,3840000,-1.00000,666371080006,0.00000
361,180,0,4.08840,0.00000,0.00000,0.02070,0,-1.00000,666371120334,0.00000
362,181,0,1.24440,3.44450,0.16590,0.02200,3840000,-1.00000,666371165703,0.00000
363,181,0,4.30450,0.00000,0.00000,0.01540,0,-1.00000,666371204734,0.00000
364,182,0,1.87900,3.31400,0.20590,0.03800,3840000,-1.00000,666371209480,0.00000
365,182,0,4.22550,0.00000,0.00000,0.01830,0,-1.00000,666371250369,0.00000
366,183,0,0.42140,3.14360,0.18140,0.01830,3840000,-1.00000,666371262809,0.00000
367,183,0,3.93960,0.00000,0.00000,0.01460,0,-1.00000,666371305862,0.00000
368,184,0,4.37720,3.07550,0.17760,0.02550,3840000,-1.00000,666371324643,0.00000
369,184,0,3.89330,0.00000,0.00000,0.01990,0,-1.00000,666371366916,0.00000
370,185,0,5.70560,3.10320,0.17100,0.02420,3840000,-1.00000,666371371106,0.00000
371,185,0,3.88100,0.00000,0.00000,0.02400,0,-1.00000,666371410507,0.00000
372,186,0,0.57150,3.17020,0.14990,0.02210,3840000,-1.00000,666371454287,0.00000
373,186,0,4.05880,0.00000,0.00000,0.01770,0,-1.00000,666371493213,0.00000
374,187,0,1.27040,3.23510,0.18870,0.03130,3840000,-1.00000,666371550272,0.00000
375,187,0,4.16070,0.00000,0.00000,0.01970,0,-1.00000,666371589085,0.00000
376,188,0,0.46760,3.17210,0.16010,0.02120,3840000,-1.00000,666371594795,0.00000
377,188,0,4.90900,0.00000,0.00000,0.01590,0,-1.00000,666371635388,0.00000
378,189,0,3.14160,3.24310,0.16490,0.02270,3840000,-1.00000,666371648095,0.00000
379,189,0,4.07690,0.00000,0.00000,0.01960,0,-1.00000,666371689698,0.00000
380,190,0,2.49510,3.10770,0.14850,0.02040,3840000,-1.00000,666371694369,0.00000
381,190,0,3.88570,0.00000,0.00000,0.01680,0,-1.00000,666371743463,0.00000
382,191,0,5.66190,3.08970,0.17710,0.02500,3840000,-1.00000,666371774879,0.00000
383,191,0,3.93350,0.00000,0.00000,0.02190,0,-1.00000,666371815645,0.00000
384,192,0,0.38020,3.40460,0.24570,0.03800,3840000,-1.00000,666371840593,0.00000
385,192,0,4.57410,0.00000,0.00000,0.02410,0,-1.00000,666371879455,0.00000
386,193,0,0.41689,3.30230,0.19140,0.02760,3840000,-1.00000,666371936299,0.00000
387,193,0,4.12580,0.00000,0.00000,0.01890,0,-1.00000,666371975410,0.00000
388,194,0,0.41040,3.22570,0.16620,0.01900,3840000,-1.00000,666371979202,0.00000
389,194,0,3.97930,0.00000,0.00000,0.01470,0,-1.00000,666372024975,0.00000
390,195,0,4.65210,3.08340,0.16220,0.02140,3840000,-1.00000,666372029117,0.00000
391,195,0,3.82140,0.00000,0.00000,0.02090,0,-1.00000,666372070385,0.00000
392,196,0,0.36740,3.32450,0.26520,0.06040,3840000,-1.00000,666372074479,0.00000
393,196,0,4.29320,0.00000,0.00000,0.01910,0,-1.00000,666372114270,0.00000
394,197,0,0.40620,3.10980,0.18680,0.01840,3840000,-1.00000,666372160793,0.00000
395,197,0,4.07230,0.00000,0.00000,0.01560,0,-1.00000,666372199009,0.00000
396,198,0,3.07690,3.32770,0.19720,0.03730,3840000,-1.00000,666372202689,0.00000
397,198,0,4.37050,0.00000,0.00000,0.01960,0,-1.00000,666372245621,0.00000
398,199,0,5.22620,3.14950,0.16810,0.02430,3840000,-1.00000,666372249675,0.00000
399,199,0,3.97971,0.00000,0.00000,0.02060,0,-1.00000,666372290397,0.00000
400,200,0,2.45970,3.18560,0.21520,0.02190,3840000,-1.00000,666372321179,0.00000
401,200,0,4.09359,0.00000,0.00000,0.01870,0,-1.00000,666372364882,0.00000
402,201,0,6.97810,3.09170,0.17410,0.02420,3840000,-1.00000,666372417137,0.00000
403,201,0,3.88000,0.00000,0.00000,0.01610,0,-1.00000,666372456936,0.00000
404,202,0,0.42540,3.15170,0.17060,0.02450,3840000,-1.00000,666372481675,0.00000
405,202,0,4.05720,0.00000,0.00000,0.02190,0,-1.00000,666372522470,0.00000
406,203,0,0.70770,3.21950,0.19880,0.03570,3840000,-1.00000,666372592253,0.00000
407,203,0,5.48119,0.00000,0.00000,0.02150,0,-1.00000,666372631048,0.00000
408,204,0,0.49150,3.41290,0.31170,0.04720,3840000,-1.00000,666372635297,0.00000
409,204,0,4.71310,0.00000,0.00000,0.01890,0,-1.00000,666372675893,0.00000
410,205,0,1.32290,3.39710,0.18190,0.02390,3840000,-1.00000,666372682958,0.00000
411,205,0,4.22960,0.00000,0.00000,0.02960,0,-1.00000,666372737795,0.00000
412,206,0,0.39841,3.29180,0.18580,0.02640,3840000,-1.00000,666372742677,0.00000
413,206,0,8.06080,0.00000,0.00000,0.02350,0,-1.00000,666372789844,0.00000
414,207,0,0.42570,3.25810,0.19200,0.03140,3840000,-1.00000,666372803042,0.00000
415,207,0,4.30439,0.00000,0.00000,0.01950,0,-1.00000,666372845341,0.00000
416,208,0,4.96541,3.27260,0.19430,0.04340,3840000,-1.00000,666372849319,0.00000
417,208,0,4.29690,0.00000,0.00000,0.03430,0,-1.00000,666372929945,0.00000
418,209,0,1.96180,3.26390,0.17170,0.02240,3840000,-1.00000,666372934178,0.00000
419,209,0,4.09471,0.00000,0.00000,0.01880,0,-1.00000,666372977239,0.00000
420,210,0,2.31460,3.17030,0.17060,0.02680,3840000,-1.00000,666373026981,0.00000
421,210,0,4.01560,0.00000,0.00000,0.02050,0,-1.00000,666373069862,0.00000
422,211,0,5.42750,3.13230,0.20400,0.02410,3840000,-1.00000,666373089554,0.00000
423,211,0,3.90940,0.00000,0.00000,0.01770,0,-1.00000,666373130414,0.00000
424,212,0,5.83080,3.53740,0.23520,0.04210,3840000,-1.00000,666373153562,0.00000
425,212,0,4.82630,0.00000,0.00000,0.02750,0,-1.00000,666373193718,0.00000
426,213,0,0.46510,3.04670,0.17910,0.01850,3840000,-1.00000,666373247993,0.00000
427,213,0,3.74660,0.00000,0.00000,0.02300,0,-1.00000,666373287086,0.00000
428,214,0,0.42620,3.39650,0.17380,0.02430,3840000,-1.00000,666373345404,0.00000
429,214,0,4.15480,0.00000,0.00000,0.01810,0,-1.00000,666373393674,0.00000
430,215,0,0.41130,3.38560,0.16080,0.02110,3840000,-1.00000,666373398305,0.00000
431,215,0,4.13560,0.00000,0.00000,0.01760,0,-1.00000,666373435769,0.00000
432,216,0,1.11330,3.00740,0.14230,0.01890,3840000,-1.00000,666373440032,0.00000
433,216,0,3.81230,0.00000,0.00000,0.01620,0,-1.00000,666373481597,0.00000
434,217,0,0.37740,3.14410,0.16510,0.02110,3840000,-1.00000,666373485698,0.00000
435,217,0,3.84110,0.00000,0.00000,0.02100,0,-1.00000,666373527064,0.00000
436,218,0,0.39790,3.26070,0.27770,0.03780,3840000,-1.00000,666373538182,0.00000
437,218,0,5.84180,0.00000,0.00000,0.01960,0,-1.00000,666373576320,0.00000
438,219,0,1.63930,3.22830,0.18730,0.01950,3840000,-1.00000,666373580077,0.00000
439,219,0,3.93040,0.00000,0.00000,0.01940,0,-1.00000,666373618503,0.00000
440,220,0,0.34560,3.23890,0.15000,0.02310,3840000,-1.00000,666373622467,0.00000
441,220,0,3.94430,0.00000,0.00000,0.02070,0,-1.00000,666373680909,0.00000
442,221,0,4.43430,3.20470,0.17170,0.02310,3840000,-1.00000,666373697290,0.00000
443,221,0,4.00160,0.00000,0.00000,0.01980,0,-1.00000,666373736588,0.00000
444,222,0,0.39380,3.07590,0.15500,0.01860,3840000,-1.00000,666373740040,0.00000
445,222,0,3.75250,0.00000,0.00000,0.01770,0,-1.00000,666373779491,0.00000
446,223,0,4.78999,3.00230,0.17020,0.02250,3840000,-1.00000,666373823829,0.00000
447,223,0,3.90011,0.00000,0.00000,0.01830,0,-1.00000,666373863847,0.00000
448,224,0,0.41030,3.32200,0.21630,0.03870,3840000,-1.00000,666373867779,0.00000
449,224,0,4.31580,0.00000,0.00000,0.02250,0,-1.00000,666373905306,0.00000
450,225,0,3.98810,3.09270,0.15950,0.02290,3840000,-1.00000,666373953207,0.00000
451,225,0,3.94260,0.00000,0.00000,0.02290,0,-1.00000,666373992208,0.00000
452,226,0,2.73850,3.19930,0.15190,0.02400,3840000,-1.00000,666373996325,0.00000
453,226,0,6.44410,0.00000,0.00000,0.01650,0,-1.00000,666374039498,0.00000
454,227,0,0.43060,3.39420,0.20880,0.02890,3840000,-1.00000,666374079352,0.00000
455,227,0,5.78580,0.00000,0.00000,0.02680,0,-1.00000,666374118784,0.00000
456,228,0,3.22520,3.60310,0.24970,0.06590,3840000,-1.00000,666374146162,0.00000
457,228,0,4.79670,0.00000,0.00000,0.02420,0,-1.00000,666374210604,0.00000
458,229,0,0.46360,3.29030,0.20340,0.02310,3840000,-1.00000,666374214905,0.00000
459,229,0,4.10840,0.00000,0.00000,0.02010,0,-1.00000,666374272852,0.00000
460,230,0,0.47130,3.32610,0.27080,0.04700,3840000,-1.00000,666374305055,0.00000
461,230,0,4.37800,0.00000,0.00000,0.02100,0,-1.00000,666374353026,0.00000
462,231,0,1.55180,3.22900,0.25630,0.06240,3840000,-1.00000,666374357629,0.00000
463,231,0,4.29460,0.00000,0.00000,0.02610,0,-1.00000,666374398711,0.00000
464,232,0,0.45021,3.36080,0.19030,0.02520,3840000,-1.00000,666374403420,0.00000
465,232,0,4.18680,0.00000,0.00000,0.01940,0,-1.00000,666374447230,0.00000
466,233,0,0.49390,3.15390,0.22030,0.02140,3840000,-1.00000,666374462727,0.00000
467,233,0,4.07020,0.00000,0.00000,0.01770,0,-1.00000,666374505706,0.00000
468,234,0,5.74990,3.15490,0.27200,0.04150,3840000,-1.00000,666374510169,0.00000
469,234,0,4.17139,0.00000,0.00000,0.02240,0,-1.00000,666374552037,0.00000
470,235,0,2.08300,3.06880,0.19680,0.02760,3840000,-1.00000,666374556973,0.00000
471,235,0,3.96780,0.00000,0.00000,0.01790,0,-1.00000,666374597674,0.00000
472,236,0,5.71970,2.96670,0.18410,0.02260,3840000,-1.00000,666374655179,0.00000
473,236,0,3.79870,0.00000,0.00000,0.01780,0,-1.00000,666374696914,0.00000
474,237,0,0.45400,3.05200,0.17380,0.02200,3840000,-1.00000,666374717724,0.00000
475,237,0,3.93840,0.00000,0.00000,0.01890,0,-1.00000,666374757399,0.00000
476,238,0,1.26460,2.95430,0.18900,0.02210,3840000,-1.00000,666374814592,0.00000
477,238,0,3.96690,0.00000,0.00000,0.01980,0,-1.00000,666374852584,0.00000
478,239,0,5.78490,3.11760,0.24200,0.03890,3840000,-1.00000,666374857114,0.00000
479,239,0,4.11060,0.00000,0.00000,0.03250,0,-1.00000,666374896502,0.00000
480,240,0,0.52650,3.14200,0.18760,0.02400,3840000,-1.00000,666374909147,0.00000
481,240,0,4.00140,0.00000,0.00000,0.01690,0,-1.00000,666374948819,0.00000
482,241,0,1.04300,2.95970,0.17200,0.02090,3840000,-1.00000,666375006684,0.00000
483,241,0,3.78310,0.00000,0.00000,0.01830,0,-1.00000,666375047779,0.00000
484,242,0,5.67520,3.09860,0.21590,0.02780,3840000,-1.00000,666375053033,0.00000
485,242,0,4.11361,0.00000,0.00000,0.02190,0,-1.00000,666375093054,0.00000
486,243,0,0.46880,3.14200,0.18610,0.02440,3840000,-1.00000,666375103482,0.00000
487,243,0,3.99190,0.00000,0.00000,0.02000,0,-1.00000,666375141317,0.00000
488,244,0,1.15500,3.18830,0.19360,0.02710,3840000,-1.00000,666375198069,0.00000
489,244,0,4.09160,0.00000,0.00000,0.02140,0,-1.00000,666375239218,0.00000
490,245,0,0.39550,3.47500,0.22700,0.04060,3840000,-1.00000,666375243892,0.00000
491,245,0,5.06040,0.00000,0.00000,0.02320,0,-1.00000,666375283818,0.00000
492,246,0,3.08501,3.00980,0.17130,0.02290,3840000,-1.00000,666375295356,0.00000
493,246,0,3.84610,0.00000,0.00000,0.01800,0,-1.00000,666375336286,0.00000
494,247,0,9.04560,2.97920,0.18180,0.02600,3840000,-1.00000,666375340235,0.00000
495,247,0,3.80460,0.00000,0.00000,0.02080,0,-1.00000,666375390852,0.00000
496,248,0,2.39121,3.05530,0.22180,0.02900,3840000,-1.00000,666375421685,0.00000
497,248,0,4.00650,0.00000,0.00000,0.02090,0,-1.00000,666375460148,0.00000
498,249,0,2.25080,3.37260,0.21300,0.02780,3840000,-1.00000,666375550605,0.00000
499,249,0,4.23490,0.00000,0.00000,0.01610,0,-1.00000,666375588648,0.00000
500,250,0,0.41120,2.97840,0.17130,0.02440,3840000,-1.00000,666375612555,0.00000
501,250,0,3.75220,0.00000,0.00000,0.01990,0,-1.00000,666375652641,0.00000
502,251,0,2.67400,3.25390,0.20160,0.02830,3840000,-1.00000,666375675139,0.00000
503,251,0,4.16100,0.00000,0.00000,0.02380,0,-1.00000,666375717491,0.00000
504,252,0,2.34310,3.36100,0.27310,0.04820,3840000,-1.00000,666375721590,0.00000
505,252,0,4.47490,0.00000,0.00000,0.02150,0,-1.00000,666375759114,0.00000
506,253,0,0.51451,3.55790,0.32450,0.06840,3840000,-1.00000,666375785851,0.00000
507,253,0,4.92749,0.00000,0.00000,0.02640,0,-1.00000,666375827480,0.00000
508,254,0,4.64270,3.58360,0.43210,0.05620,3840000,-1.00000,666375850898,0.00000
509,254,0,4.96820,0.00000,0.00000,0.02720,0,-1.00000,666375895670,0.00000
510,255,0,0.55439,3.60610,0.28560,0.05620,3840000,-1.00000,666375900793,0.00000
511,255,0,4.75780,0.00000,0.00000,0.02680,0,-1.00000,666375950118,0.00000
512,256,0,0.51720,3.32680,0.35500,0.03520,3840000,-1.00000,666375996576,0.00000
513,256,0,4.44460,0.00000,0.00000,0.02140,0,-1.00000,666376046226,0.00000
514,257,0,0.79571,3.27910,0.23890,0.03160,3840000,-1.00000,666376051723,0.00000
515,257,0,4.21990,0.00000,0.00000,0.02020,0,-1.00000,666376099335,0.00000
516,258,0,5.54860,3.06490,0.25560,0.05710,3840000,-1.00000,666376104471,0.00000
517,258,0,4.20651,0.00000,0.00000,0.02090,0,-1.00000,666376148931,0.00000
518,259,0,2.16730,3.48860,0.25510,0.05530,3840000,-1.00000,666376156875,0.00000
519,259,0,4.68920,0.00000,0.00000,0.02630,0,-1.00000,666376199093,0.00000
520,260,0,0.53830,3.07660,0.22720,0.03910,3840000,-1.00000,666376254598,0.00000
521,260,0,4.19090,0.00000,0.00000,0.01950,0,-1.00000,666376296649,0.00000
522,261,0,6.41010,3.44300,0.24540,0.04790,3840000,-1.00000,666376318319,0.00000
523,261,0,4.56630,0.00000,0.00000,0.02520,0,-1.00000,666376365222,0.00000
524,262,0,1.80390,3.02200,0.24330,0.03800,3840000,-1.00000,666376370570,0.00000
525,262,0,4.10410,0.00000,0.00000,0.02010,0,-1.00000,666376412495,0.00000
526,263,0,0.48380,3.08120,0.19150,0.02210,3840000,-1.00000,666376476595,0.00000
527,263,0,3.91620,0.00000,0.00000,0.01760,0,-1.00000,666376522279,0.00000
528,264,0,1.23050,3.88720,0.20280,0.02990,3840000,-1.00000,666376540281,0.00000
529,264,0,4.92660,0.00000,0.00000,0.02400,0,-1.00000,666376581330,0.00000
530,265,0,1.19530,3.20560,0.20260,0.02370,3840000,-1.00000,666376586156,0.00000
531,265,0,4.14140,0.00000,0.00000,0.01740,0,-1.00000,666376625323,0.00000
532,266,0,2.38170,3.00470,0.16500,0.02040,3840000,-1.00000,666376637623,0.00000
533,266,0,3.90650,0.00000,0.00000,0.02190,0,-1.00000,666376686912,0.00000
534,267,0,2.61970,3.09940,0.16390,0.02060,3840000,-1.00000,666376698846,0.00000
535,267,0,3.89270,0.00000,0.00000,0.01820,0,-1.00000,666376740261,0.00000
536,268,0,0.46690,3.09460,0.18450,0.02480,3840000,-1.00000,666376764076,0.00000
537,268,0,4.02370,0.00000,0.00000,0.02210,0,-1.00000,666376803151,0.00000
538,269,0,4.32510,3.13370,0.22840,0.03670,3840000,-1.00000,666376829345,0.00000
539,269,0,4.19070,0.00000,0.00000,0.01770,0,-1.00000,666376868267,0.00000
540,270,0,0.52230,3.06180,0.19750,0.02030,3840000,-1.00000,666376872933,0.00000
541,270,0,3.89490,0.00000,0.00000,0.02340,0,-1.00000,666376913179,0.00000
542,271,0,0.50820,2.95110,0.23920,0.02170,3840000,-1.00000,666376956426,0.00000
543,271,0,3.79100,0.00000,0.00000,0.02070,0,-1.00000,666376998342,0.00000
544,272,0,3.06541,3.02630,0.20050,0.02960,3840000,-1.00000,666377003551,0.00000
545,272,0,4.02890,0.00000,0.00000,0.01840,0,-1.00000,666377042513,0.00000
546,273,0,5.52740,3.10050,0.17700,0.02340,3840000,-1.00000,666377047584,0.00000
547,273,0,3.92020,0.00000,0.00000,0.01840,0,-1.00000,666377085497,0.00000
548,274,0,5.69800,3.04040,0.23440,0.03150,3840000,-1.00000,666377116150,0.00000
549,274,0,3.94600,0.00000,0.00000,0.01900,0,-1.00000,666377156445,0.00000
550,275,0,5.49510,3.34620,0.22120,0.04280,3840000,-1.00000,666377211711,0.00000
551,275,0,4.31040,0.00000,0.00000,0.01920,0,-1.00000,666377250915,0.00000
552,276,0,0.48970,3.01040,0.16730,0.02340,3840000,-1.00000,666377307892,0.00000
553,276,0,3.87760,0.00000,0.00000,0.02120,0,-1.00000,666377347372,0.00000
554,277,0,0.41980,3.14790,0.18240,0.02330,3840000,-1.00000,666377402312,0.00000
555,277,0,3.95381,0.00000,0.00000,0.01850,0,-1.00000,666377445409,0.00000
556,278,0,3.17410,3.03460,0.18540,0.03160,3840000,-1.00000,666377450304,0.00000
557,278,0,3.94600,0.00000,0.00000,0.01910,0,-1.00000,666377489087,0.00000
558,279,0,5.80250,3.00960,0.22260,0.03650,3840000,-1.00000,666377493274,0.00000
559,279,0,4.01650,0.00000,0.00000,0.03250,0,-1.00000,666377532821,0.00000
560,280,0,2.15390,3.01560,0.19170,0.02470,3840000,-1.00000,666377564565,0.00000
561,280,0,3.89160,0.00000,0.00000,0.01900,0,-1.00000,666377604020,0.00000
562,281,0,2.61190,3.14790,0.16860,0.02050,3840000,-1.00000,666377662059,0.00000
563,281,0,3.93819,0.00000,0.00000,0.01750,0,-1.00000,666377702227,0.00000
564,282,0,0.41920,3.33770,0.15800,0.02160,3840000,-1.00000,666377723747,0.00000
565,282,0,4.14150,0.00000,0.00000,0.01660,0,-1.00000,666377762667,0.00000
566,283,0,4.15740,2.97080,0.16960,0.02220,3840000,-1.00000,666377788786,0.00000
567,283,0,3.77389,0.00000,0.00000,0.01680,0,-1.00000,666377828164,0.00000
568,284,0,2.73771,3.29080,0.21980,0.03950,3840000,-1.00000,666377832350,0.00000
569,284,0,4.34349,0.00000,0.00000,0.02300,0,-1.00000,666377873769,0.00000
570,285,0,1.90900,2.99960,0.21300,0.02640,3840000,-1.00000,666377915340,0.00000
571,285,0,3.92930,0.00000,0.00000,0.02240,0,-1.00000,666377953080,0.00000
572,286,0,0.43490,3.02550,0.14860,0.03470,3840000,-1.00000,666377980454,0.00000
573,286,0,3.76030,0.00000,0.00000,0.01700,0,-1.00000,666378023922,0.00000
574,287,0,0.41250,3.02580,0.17150,0.02110,3840000,-1.00000,666378042988,0.00000
575,287,0,3.78990,0.00000,0.00000,0.02030,0,-1.00000,666378082277,0.00000
576,288,0,0.45689,2.96010,0.16020,0.02250,3840000,-1.00000,666378086624,0.00000
577,288,0,3.78800,0.00000,0.00000,0.01870,0,-1.00000,666378124281,0.00000
578,289,0,5.85170,3.10590,0.15150,0.02490,3840000,-1.00000,666378128351,0.00000
579,289,0,3.92710,0.00000,0.00000,0.02070,0,-1.00000,666378166259,0.00000
580,290,0,0.62180,3.02570,0.20920,0.03280,3840000,-1.00000,666378170823,0.00000
581,290,0,4.00290,0.00000,0.00000,0.01860,0,-1.00000,666378208703,0.00000
582,291,0,1.13130,2.93690,0.18250,0.02170,3840000,-1.00000,666378267219,0.00000
583,291,0,3.79610,0.00000,0.00000,0.01850,0,-1.00000,666378306500,0.00000
584,292,0,5.67200,3.04950,0.19830,0.02510,3840000,-1.00000,666378312710,0.00000
585,292,0,3.85260,0.00000,0.00000,0.01770,0,-1.00000,666378352752,0.00000
586,293,0,2.48180,3.18100,0.20880,0.03470,3840000,-1.00000,666378364049,0.00000
587,293,0,4.15860,0.00000,0.00000,0.01740,0,-1.00000,666378402013,0.00000
588,294,0,5.67130,2.97010,0.19200,0.02700,3840000,-1.00000,666378458738,0.00000
589,294,0,3.81570,0.00000,0.00000,0.01940,0,-1.00000,666378497263,0.00000
590,295,0,2.16590,3.20700,0.20940,0.05570,3840000,-1.00000,666378522074,0.00000
591,295,0,4.29259,0.00000,0.00000,0.02290,0,-1.00000,666378563683,0.00000
592,296,0,0.47550,3.15970,0.18280,0.02540,3840000,-1.00000,666378620381,0.00000
593,296,0,5.06690,0.00000,0.00000,0.02070,0,-1.00000,666378658536,0.00000
594,297,0,3.03300,2.94680,0.16160,0.02700,3840000,-1.00000,666378680202,0.00000
595,297,0,3.80640,0.00000,0.00000,0.02210,0,-1.00000,666378723140,0.00000
596,298,0,2.73280,3.07610,0.15500,0.02300,3840000,-1.00000,666378727871,0.00000
597,298,0,4.01570,0.00000,0.00000,0.02150,0,-1.00000,666378778549,0.00000
598,299,0,2.50320,2.98990,0.21750,0.03010,3840000,-1.00000,666378808873,0.00000
599,299,0,3.87300,0.00000,0.00000,0.01730,0,-1.00000,666378846948,0.00000
600,300,0,0.50490,3.16250,0.21090,0.03110,3840000,-1.00000,666378874263,0.00000
601,300,0,4.12070,0.00000,0.00000,0.02350,0,-1.00000,666378914430,0.00000
602,301,0,1.68440,3.01900,0.18940,0.02330,3840000,-1.00000,666378939454,0.00000
603,301,0,3.82060,0.00000,0.00000,0.02060,0,-1.00000,666378978189,0.00000
604,302,0,0.40010,3.04360,0.17370,0.02190,3840000,-1.00000,666378983234,0.00000
605,302,0,3.82200,0.00000,0.00000,0.01840,0,-1.00000,666379024459,0.00000
606,303,0,0.66800,3.02710,0.15940,0.02150,3840000,-1.00000,666379041287,0.00000
607,303,0,3.77029,0.00000,0.00000,0.01700,0,-1.00000,666379079490,0.00000
608,304,0,0.37320,3.10210,0.14650,0.01740,3840000,-1.00000,666379083486,0.00000
609,304,0,3.97030,0.00000,0.00000,0.01540,0,-1.00000,666379121714,0.00000
610,305,0,0.36190,3.05040,0.16890,0.02000,3840000,-1.00000,666379128384,0.00000
611,305,0,4.45240,0.00000,0.00000,0.01550,0,-1.00000,666379166092,0.00000
612,306,0,6.34530,3.24890,0.20400,0.04060,3840000,-1.00000,666379169820,0.00000
613,306,0,4.21780,0.00000,0.00000,0.01980,0,-1.00000,666379209525,0.00000
614,307,0,0.42480,2.91910,0.26470,0.02060,3840000,-1.00000,666379213143,0.00000
615,307,0,3.80530,0.00000,0.00000,0.01480,0,-1.00000,666379257675,0.00000
616,308,0,0.45750,3.07470,0.15460,0.01850,3840000,-1.00000,666379321123,0.00000
617,308,0,3.84000,0.00000,0.00000,0.02220,0,-1.00000,666379363316,0.00000
618,309,0,0.50670,2.89860,0.16290,0.02070,3840000,-1.00000,666379367547,0.00000
619,309,0,3.59820,0.00000,0.00000,0.01740,0,-1.00000,666379405602,0.00000
620,310,0,2.43830,3.02000,0.15620,0.02220,3840000,-1.00000,666379410174,0.00000
621,310,0,3.81780,0.00000,0.00000,0.01900,0,-1.00000,666379448588,0.00000
622,311,0,0.49460,3.16280,0.17070,0.02480,3840000,-1.00000,666379453647,0.00000
623,311,0,5.20880,0.00000,0.00000,0.01630,0,-1.00000,666379489625,0.00000
624,312,0,3.08620,3.05640,0.20510,0.03580,3840000,-1.00000,666379514009,0.00000
625,312,0,4.02620,0.00000,0.00000,0.02450,0,-1.00000,666379552185,0.00000
626,313,0,2.52440,2.99780,0.18880,0.03010,3840000,-1.00000,666379557129,0.00000
627,313,0,3.96550,0.00000,0.00000,0.01800,0,-1.00000,666379609225,0.00000
628,314,0,5.53460,2.99160,0.18910,0.02490,3840000,-1.00000,666379640090,0.00000
629,314,0,3.81370,0.00000,0.00000,0.02140,0,-1.00000,666379680367,0.00000
630,315,0,0.42070,2.97960,0.18270,0.02450,3840000,-1.00000,666379705590,0.00000
631,315,0,3.90230,0.00000,0.00000,0.01940,0,-1.00000,666379745251,0.00000
632,316,0,1.56380,3.00920,0.14690,0.02230,3840000,-1.00000,666379800593,0.00000
633,316,0,3.81810,0.00000,0.00000,0.02030,0,-1.00000,666379838738,0.00000
634,317,0,5.63190,3.15420,0.26410,0.04400,3840000,-1.00000,666379842933,0.00000
635,317,0,4.11040,0.00000,0.00000,0.01840,0,-1.00000,666379881960,0.00000
636,318,0,0.43870,2.92030,0.19240,0.02220,3840000,-1.00000,666379897593,0.00000
637,318,0,3.70540,0.00000,0.00000,0.01880,0,-1.00000,666379935780,0.00000
638,319,0,1.45130,2.89050,0.15910,0.01970,3840000,-1.00000,666379992096,0.00000
639,319,0,3.61890,0.00000,0.00000,0.02250,0,-1.00000,666380033231,0.00000
640,320,0,2.69880,3.08700,0.16820,0.02630,3840000,-1.00000,666380037586,0.00000
641,320,0,3.91760,0.00000,0.00000,0.01890,0,-1.00000,666380074641,0.00000
642,321,0,2.48230,3.17820,0.18160,0.02350,3840000,-1.00000,666380089150,0.00000
643,321,0,4.37530,0.00000,0.00000,0.01840,0,-1.00000,666380125348,0.00000
644,322,0,2.09380,3.05760,0.23140,0.03580,3840000,-1.00000,666380152332,0.00000
645,322,0,4.01050,0.00000,0.00000,0.03620,0,-1.00000,666380191516,0.00000
646,323,0,5.53920,2.92960,0.27280,0.06390,3840000,-1.00000,666380216329,0.00000
647,323,0,4.02570,0.00000,0.00000,0.02080,0,-1.00000,666380260087,0.00000
648,324,0,0.55430,3.05790,0.16750,0.02040,3840000,-1.00000,666380281017,0.00000
649,324,0,3.82290,0.00000,0.00000,0.01740,0,-1.00000,666380321144,0.00000
650,325,0,0.38310,3.04300,0.16860,0.02130,3840000,-1.00000,666380376569,0.00000
651,325,0,3.81811,0.00000,0.00000,0.01790,0,-1.00000,666380416789,0.00000
652,326,0,6.58690,2.86280,0.17670,0.02170,3840000,-1.00000,666380422322,0.00000
653,326,0,3.63850,0.00000,0.00000,0.02520,0,-1.00000,666380460545,0.00000
654,327,0,0.43690,2.92530,0.16460,0.02300,3840000,-1.00000,666380464372,0.00000
655,327,0,3.75330,0.00000,0.00000,0.01750,0,-1.00000,666380502559,0.00000
656,328,0,5.00510,2.88850,0.24530,0.03620,3840000,-1.00000,666380568429,0.00000
657,328,0,3.83880,0.00000,0.00000,0.02020,0,-1.00000,666380604821,0.00000
658,329,0,2.54370,2.94600,0.24280,0.02270,3840000,-1.00000,666380609179,0.00000
659,329,0,3.85330,0.00000,0.00000,0.01940,0,-1.00000,666380646715,0.00000
660,330,0,2.60710,2.95620,0.23220,0.02550,3840000,-1.00000,666380696776,0.00000
661,330,0,3.81550,0.00000,0.00000,0.02000,0,-1.00000,666380735156,0.00000
662,331,0,5.98350,2.91050,0.16660,0.02450,3840000,-1.00000,666380760587,0.00000
663,331,0,3.61100,0.00000,0.00000,0.02180,0,-1.00000,666380799124,0.00000
664,332,0,5.81360,2.88310,0.24010,0.03530,3840000,-1.00000,666380825198,0.00000
665,332,0,3.82320,0.00000,0.00000,0.01990,0,-1.00000,666380863355,0.00000
666,333,0,0.42340,2.86420,0.16040,0.01950,3840000,-1.00000,666380923186,0.00000
667,333,0,3.55600,0.00000,0.00000,0.01790,0,-1.00000,666380959297,0.00000
668,334,0,6.22750,2.84970,0.16740,0.02610,3840000,-1.00000,666381017449,0.00000
669,334,0,3.64340,0.00000,0.00000,0.01770,0,-1.00000,666381055675,0.00000
670,335,0,0.40760,2.90890,0.16700,0.02190,3840000,-1.00000,666381059894,0.00000
671,335,0,3.68090,0.00000,0.00000,0.01880,0,-1.00000,666381095455,0.00000
672,336,0,0.79210,3.02400,0.15970,0.02620,3840000,-1.00000,666381157737,0.00000
673,336,0,3.85370,0.00000,0.00000,0.02200,0,-1.00000,666381194168,0.00000
674,337,0,0.38940,3.22950,0.17170,0.02050,3840000,-1.00000,666381198239,0.00000
675,337,0,4.04530,0.00000,0.00000,0.02040,0,-1.00000,666381235051,0.00000
676,338,0,0.50130,3.22710,0.20810,0.03800,3840000,-1.00000,666381242972,0.00000
677,338,0,4.15570,0.00000,0.00000,0.01760,0,-1.00000,666381281526,0.00000
678,339,0,4.45430,2.96560,0.19720,0.02670,3840000,-1.00000,666381285397,0.00000
679,339,0,3.81779,0.00000,0.00000,0.02140,0,-1.00000,666381325856,0.00000
680,340,0,0.44180,3.05950,0.15540,0.01970,3840000,-1.00000,666381330869,0.00000
681,340,0,3.92640,0.00000,0.00000,0.01880,0,-1.00000,666381372442,0.00000
682,341,0,0.37540,3.05250,0.16380,0.02080,3840000,-1.00000,666381416976,0.00000
683,341,0,9.28830,0.00000,0.00000,0.02290,0,-1.00000,666381455154,0.00000
684,342,0,0.43260,3.00260,0.18480,0.02390,3840000,-1.00000,666381459564,0.00000
685,342,0,4.08930,0.00000,0.00000,0.01670,0,-1.00000,666381498831,0.00000
686,343,0,0.53630,2.98500,0.21590,0.02990,3840000,-1.00000,666381502581,0.00000
687,343,0,3.84800,0.00000,0.00000,0.01930,0,-1.00000,666381595485,0.00000
688,344,0,0.37870,3.05820,0.16930,0.02170,3840000,-1.00000,666381599797,0.00000
689,344,0,4.17640,0.00000,0.00000,0.02000,0,-1.00000,666381640696,0.00000
690,345,0,2.58470,2.88960,0.20170,0.03720,3840000,-1.00000,666381646052,0.00000
691,345,0,3.81390,0.00000,0.00000,0.01800,0,-1.00000,666381684536,0.00000
692,346,0,2.71990,2.87510,0.15870,0.02380,3840000,-1.00000,666381688316,0.00000
693,346,0,3.65750,0.00000,0.00000,0.02190,0,-1.00000,666381730091,0.00000
694,347,0,0.38560,3.14070,0.17600,0.02610,3840000,-1.00000,666381755940,0.00000
695,347,0,5.50310,0.00000,0.00000,0.01880,0,-1.00000,666381794064,0.00000
696,348,0,6.37750,3.10630,0.20150,0.03840,3840000,-1.00000,666381821266,0.00000
697,348,0,4.03600,0.00000,0.00000,0.02570,0,-1.00000,666381857835,0.00000
698,349,0,0.47900,2.87970,0.20790,0.02730,3840000,-1.00000,666381861694,0.00000
699,349,0,3.78100,0.00000,0.00000,0.02090,0,-1.00000,666381916736,0.00000
700,350,0,4.52050,2.86710,0.20690,0.02780,3840000,-1.00000,666381980505,0.00000
701,350,0,3.69600,0.00000,0.00000,0.01670,0,-1.00000,666382020884,0.00000
702,351,0,0.41160,2.82090,0.27720,0.02230,3840000,-1.00000,666382025646,0.00000
703,351,0,3.83000,0.00000,0.00000,0.02020,0,-1.00000,666382063469,0.00000
704,352,0,1.63200,2.90830,0.15840,0.02300,3840000,-1.00000,666382108666,0.00000
705,352,0,3.71599,0.00000,0.00000,0.02020,0,-1.00000,666382145632,0.00000
706,353,0,2.62290,2.84760,0.18290,0.02280,3840000,-1.00000,666382149738,0.00000
707,353,0,3.71990,0.00000,0.00000,0.02180,0,-1.00000,666382188053,0.00000
708,354,0,2.70111,3.13090,0.21540,0.05460,3840000,-1.00000,666382204364,0.00000
709,354,0,4.17020,0.00000,0.00000,0.02030,0,-1.00000,666382241528,0.00000
710,355,0,0.75190,3.29270,0.28600,0.10170,3840000,-1.00000,666382267749,0.00000
711,355,0,4.70011,0.00000,0.00000,0.02590,0,-1.00000,666382304961,0.00000
712,356,0,0.57600,2.99290,0.20240,0.02740,3840000,-1.00000,666382331974,0.00000
713,356,0,3.86570,0.00000,0.00000,0.02200,0,-1.00000,666382373685,0.00000
714,357,0,3.72260,3.12630,0.16790,0.02980,3840000,-1.00000,666382381183,0.00000
715,357,0,3.99089,0.00000,0.00000,0.01950,0,-1.00000,666382428228,0.00000
716,358,0,4.01600,2.93310,0.23130,0.03620,3840000,-1.00000,666382433951,0.00000
717,358,0,3.96600,0.00000,0.00000,0.02070,0,-1.00000,666382472608,0.00000
718,359,0,0.41640,2.90600,0.20430,0.02950,3840000,-1.00000,666382509824,0.00000
719,359,0,4.21430,0.00000,0.00000,0.02080,0,-1.00000,666382549738,0.00000
720,360,0,4.44860,3.09570,0.23860,0.08500,3840000,-1.00000,666382589892,0.00000
721,360,0,4.30740,0.00000,0.00000,0.02420,0,-1.00000,666382629575,0.00000
722,361,0,2.25360,3.22660,0.40120,0.08720,3840000,-1.00000,666382633716,0.00000
723,361,0,4.72640,0.00000,0.00000,0.03390,0,-1.00000,666382675895,0.00000
724,362,0,1.53340,3.18730,0.32040,0.07150,3840000,-1.00000,666382720370,0.00000
725,362,0,4.55430,0.00000,0.00000,0.02880,0,-1.00000,666382763443,0.00000
726,363,0,1.95110,2.89040,0.27170,0.05690,3840000,-1.00000,666382785965,0.00000
727,363,0,4.11120,0.00000,0.00000,0.01970,0,-1.00000,666382833302,0.00000
728,364,0,2.27560,3.03140,0.29100,0.06600,3840000,-1.00000,666382848646,0.00000
729,364,0,4.28150,0.00000,0.00000,0.02860,0,-1.00000,666382894153,0.00000
730,365,0,0.58970,3.09820,0.32220,0.06820,3840000,-1.00000,666382913634,0.00000
731,365,0,4.37690,0.00000,0.00000,0.01940,0,-1.00000,666382954758,0.00000
732,366,0,0.50000,3.35030,0.30300,0.06050,3840000,-1.00000,666382977522,0.00000
733,366,0,5.66390,0.00000,0.00000,0.03920,0,-1.00000,666383020345,0.00000
734,367,0,0.86680,3.26930,0.31060,0.07100,3840000,-1.00000,666383026204,0.00000
735,367,0,4.64830,0.00000,0.00000,0.02620,0,-1.00000,666383070006,0.00000
736,368,0,4.87200,3.37220,0.38200,0.06860,3840000,-1.00000,666383074976,0.00000
737,368,0,4.95850,0.00000,0.00000,0.02240,0,-1.00000,666383131702,0.00000
738,369,0,1.49570,3.28160,0.32520,0.05870,3840000,-1.00000,666383140386,0.00000
739,369,0,4.68380,0.00000,0.00000,0.02410,0,-1.00000,666383186914,0.00000
740,370,0,1.80700,3.36470,0.39360,0.06760,3840000,-1.00000,666383235540,0.00000
741,370,0,4.76440,0.00000,0.00000,0.02240,0,-1.00000,666383285087,0.00000
742,371,0,0.51220,3.32490,0.32580,0.07230,3840000,-1.00000,666383300021,0.00000
743,371,0,4.83070,0.00000,0.00000,0.02660,0,-1.00000,666383346893,0.00000
744,372,0,2.70190,3.48080,0.23960,0.04340,3840000,-1.00000,666383364946,0.00000
745,372,0,4.68800,0.00000,0.00000,0.02270,0,-1.00000,666383412600,0.00000
746,373,0,1.76460,3.31120,0.30710,0.02760,3840000,-1.00000,666383417689,0.00000
747,373,0,4.34600,0.00000,0.00000,0.02320,0,-1.00000,666383466045,0.00000
748,374,0,0.50480,3.34660,0.23270,0.03360,3840000,-1.00000,666383493035,0.00000
749,374,0,4.73200,0.00000,0.00000,0.02710,0,-1.00000,666383539918,0.00000
750,375,0,3.22100,3.24880,0.21020,0.02900,3840000,-1.00000,666383557536,0.00000
751,375,0,4.26550,0.00000,0.00000,0.02050,0,-1.00000,666383601007,0.00000
752,376,0,2.23100,3.28030,0.18970,0.02740,3840000,-1.00000,666383606043,0.00000
753,376,0,4.24099,0.00000,0.00000,0.01750,0,-1.00000,666383653387,0.00000
754,377,0,0.54031,3.19080,0.18990,0.02210,3840000,-1.00000,666383685571,0.00000
755,377,0,4.70779,0.00000,0.00000,0.02050,0,-1.00000,666383728227,0.00000
756,378,0,3.11470,3.79910,0.26410,0.06570,3840000,-1.00000,666383750544,0.00000
757,378,0,5.07840,0.00000,0.00000,0.02410,0,-1.00000,666383792954,0.00000
758,379,0,0.55820,3.19980,0.30830,0.02780,3840000,-1.00000,666383798351,0.00000
759,379,0,4.26950,0.00000,0.00000,0.01850,0,-1.00000,666383845450,0.00000
760,380,0,3.03099,3.40220,0.23970,0.04200,3840000,-1.00000,666383876593,0.00000
761,380,0,4.57030,0.00000,0.00000,0.02400,0,-1.00000,666383927395,0.00000
762,381,0,2.00400,3.25950,0.35630,0.04010,3840000,-1.00000,666383932941,0.00000
763,381,0,4.42540,0.00000,0.00000,0.02100,0,-1.00000,666383975640,0.00000
764,382,0,2.05780,3.26170,0.29350,0.02520,3840000,-1.00000,666384005945,0.00000
765,382,0,4.29200,0.00000,0.00000,0.02200,0,-1.00000,666384051670,0.00000
766,383,0,2.15570,3.19150,0.17790,0.02410,3840000,-1.00000,666384071701,0.00000
767,383,0,4.16430,0.00000,0.00000,0.02070,0,-1.00000,666384115960,0.00000
768,384,0,2.09050,3.37250,0.24290,0.03990,3840000,-1.00000,666384136528,0.00000
769,384,0,4.56990,0.00000,0.00000,0.03840,0,-1.00000,666384179446,0.00000
770,385,0,1.88770,3.29220,0.23480,0.03240,3840000,-1.00000,666384201001,0.00000
771,385,0,4.32360,0.00000,0.00000,0.02110,0,-1.00000,666384242648,0.00000
772,386,0,0.51001,3.30420,0.27600,0.02880,3840000,-1.00000,666384263558,0.00000
773,386,0,4.35010,0.00000,0.00000,0.02390,0,-1.00000,666384309280,0.00000
774,387,0,0.53210,3.18480,0.28850,0.02720,3840000,-1.00000,666384328133,0.00000
775,387,0,4.17480,0.00000,0.00000,0.02220,0,-1.00000,666384371361,0.00000
776,388,0,2.14430,3.24880,0.22840,0.04240,3840000,-1.00000,666384376462,0.00000
777,388,0,4.41360,0.00000,0.00000,0.02430,0,-1.00000,666384419966,0.00000
778,389,0,0.56721,3.31570,0.21470,0.02810,3840000,-1.00000,666384425286,0.00000
779,389,0,4.36620,0.00000,0.00000,0.02070,0,-1.00000,666384467031,0.00000
780,390,0,0.53660,3.19910,0.17610,0.02460,3840000,-1.00000,666384488480,0.00000
781,390,0,4.45480,0.00000,0.00000,0.03900,0,-1.00000,666384532628,0.00000
782,391,0,1.67750,3.19730,0.26400,0.04440,3840000,-1.00000,666384538281,0.00000
783,391,0,4.71760,0.00000,0.00000,0.04020,0,-1.00000,666384581948,0.00000
784,392,0,1.61290,3.16540,0.23390,0.02580,3840000,-1.00000,666384587308,0.00000
785,392,0,4.14190,0.00000,0.00000,0.01860,0,-1.00000,666384631889,0.00000
786,393,0,0.50750,3.28810,0.17870,0.02190,3840000,-1.00000,666384648629,0.00000
787,393,0,4.16640,0.00000,0.00000,0.01750,0,-1.00000,666384695876,0.00000
788,394,0,1.00590,3.17540,0.18970,0.02630,3840000,-1.00000,666384711947,0.00000
789,394,0,4.17380,0.00000,0.00000,0.02360,0,-1.00000,666384753363,0.00000
790,395,0,0.65970,3.16360,0.18280,0.02270,3840000,-1.00000,666384758428,0.00000
791,395,0,4.85530,0.00000,0.00000,0.01790,0,-1.00000,666384800096,0.00000
792,396,0,3.13630,3.71480,0.19690,0.04140,3840000,-1.00000,666384810150,0.00000
793,396,0,5.38860,0.00000,0.00000,0.02480,0,-1.00000,666384851897,0.00000
794,397,0,1.13240,3.35840,0.25130,0.03210,3840000,-1.00000,666384858497,0.00000
795,397,0,4.53240,0.00000,0.00000,0.02400,0,-1.00000,666384907045,0.00000
796,398,0,0.48890,2.97060,0.19630,0.02380,3840000,-1.00000,666384938425,0.00000
797,398,0,4.68930,0.00000,0.00000,0.02410,0,-1.00000,666384992324,0.00000
798,399,0,3.13560,3.26660,0.25270,0.03430,3840000,-1.00000,666385003648,0.00000
799,399,0,4.36170,0.00000,0.00000,0.01880,0,-1.00000,666385048942,0.00000
800,400,0,2.09370,3.08130,0.19530,0.02610,3840000,-1.00000,666385053841,0.00000
801,400,0,4.21480,0.00000,0.00000,0.02360,0,-1.00000,666385100742,0.00000
802,401,0,2.21700,3.00200,0.22220,0.02380,3840000,-1.00000,666385132087,0.00000
803,401,0,3.95811,0.00000,0.00000,0.01840,0,-1.00000,666385175705,0.00000
804,402,0,0.56380,2.92650,0.30150,0.04040,3840000,-1.00000,666385196632,0.00000
805,402,0,4.12880,0.00000,0.00000,0.02230,0,-1.00000,666385238793,0.00000
806,403,0,0.53920,3.30920,0.30920,0.02740,3840000,-1.00000,666385260954,0.00000
807,403,0,4.33620,0.00000,0.00000,0.02410,0,-1.00000,666385300529,0.00000
808,404,0,2.48060,3.21420,0.22370,0.02790,3840000,-1.00000,666385306167,0.00000
809,404,0,4.32140,0.00000,0.00000,0.01980,0,-1.00000,666385347481,0.00000
810,405,0,1.99140,3.13530,0.23000,0.03550,3840000,-1.00000,666385352855,0.00000
811,405,0,4.52110,0.00000,0.00000,0.02460,0,-1.00000,666385396219,0.00000
812,406,0,2.11440,3.13490,0.24640,0.03640,3840000,-1.00000,666385421018,0.00000
813,406,0,4.49240,0.00000,0.00000,0.02080,0,-1.00000,666385464238,0.00000
814,407,0,0.55220,3.12780,0.27600,0.02730,3840000,-1.00000,666385484149,0.00000
815,407,0,5.98840,0.00000,0.00000,0.02810,0,-1.00000,666385529443,0.00000
816,408,0,1.63740,2.98800,0.27600,0.04480,3840000,-1.00000,666385550504,0.00000
817,408,0,4.25720,0.00000,0.00000,0.02370,0,-1.00000,666385595438,0.00000
818,409,0,2.32680,3.21630,0.31100,0.02790,3840000,-1.00000,666385600942,0.00000
819,409,0,4.55940,0.00000,0.00000,0.02740,0,-1.00000,666385660876,0.00000
820,410,0,0.66881,3.35770,0.29570,0.05890,3840000,-1.00000,666385677213,0.00000
821,410,0,4.65330,0.00000,0.00000,0.02200,0,-1.00000,666385719800,0.00000
822,411,0,3.10450,3.19410,0.27930,0.05450,3840000,-1.00000,666385743055,0.00000
823,411,0,4.48520,0.00000,0.00000,0.01970,0,-1.00000,666385788874,0.00000
824,412,0,1.78800,3.27710,0.26180,0.04930,3840000,-1.00000,666385795334,0.00000
825,412,0,4.49680,0.00000,0.00000,0.02300,0,-1.00000,666385841896,0.00000
826,413,0,0.66080,2.97910,0.29700,0.07200,3840000,-1.00000,666385872910,0.00000
827,413,0,4.59360,0.00000,0.00000,0.02870,0,-1.00000,666385917781,0.00000
828,414,0,3.39719,3.24930,0.27780,0.05130,3840000,-1.00000,666385935633,0.00000
829,414,0,4.50371,0.00000,0.00000,0.02470,0,-1.00000,666385980620,0.00000
830,415,0,1.87039,3.24030,0.34570,0.04050,3840000,-1.00000,666385987216,0.00000
831,415,0,4.44301,0.00000,0.00000,0.02170,0,-1.00000,666386033197,0.00000
832,416,0,1.91250,3.10570,0.31110,0.02480,3840000,-1.00000,666386067155,0.00000
833,416,0,4.13050,0.00000,0.00000,0.02360,0,-1.00000,666386112185,0.00000
834,417,0,2.46270,3.11540,0.25280,0.02600,3840000,-1.00000,666386130869,0.00000
835,417,0,4.12680,0.00000,0.00000,0.02040,0,-1.00000,666386175304,0.00000
836,418,0,2.31570,2.90450,0.23830,0.03500,3840000,-1.00000,666386194425,0.00000
837,418,0,4.01390,0.00000,0.00000,0.01980,0,-1.00000,666386235724,0.00000
838,419,0,2.24380,3.21840,0.23050,0.04110,3840000,-1.00000,666386260351,0.00000
839,419,0,4.32570,0.00000,0.00000,0.01810,0,-1.00000,666386301617,0.00000
840,420,0,2.24030,3.07010,0.19550,0.02330,3840000,-1.00000,666386324787,0.00000
841,420,0,4.02520,0.00000,0.00000,0.01810,0,-1.00000,666386364929,0.00000
842,421,0,5.45291,3.02450,0.24560,0.04500,3840000,-1.00000,666386387363,0.00000
843,421,0,4.18740,0.00000,0.00000,0.01910,0,-1.00000,666386430616,0.00000
844,422,0,5.17830,2.92190,0.20680,0.03620,3840000,-1.00000,666386453009,0.00000
845,422,0,4.02140,0.00000,0.00000,0.02490,0,-1.00000,666386493266,0.00000
846,423,0,0.55840,2.95650,0.24020,0.03530,3840000,-1.00000,666386547794,0.00000
847,423,0,4.04670,0.00000,0.00000,0.02050,0,-1.00000,666386589678,0.00000
848,424,0,0.57130,2.98240,0.22840,0.02540,3840000,-1.00000,666386641451,0.00000
849,424,0,3.92790,0.00000,0.00000,0.01920,0,-1.00000,666386681677,0.00000
850,425,0,3.30780,3.66180,0.22660,0.04150,3840000,-1.00000,666386687245,0.00000
851,425,0,4.76910,0.00000,0.00000,0.02500,0,-1.00000,666386727728,0.00000
852,426,0,0.54150,2.94950,0.18210,0.02590,3840000,-1.00000,666386733423,0.00000
853,426,0,4.27330,0.00000,0.00000,0.02030,0,-1.00000,666386772713,0.00000
854,427,0,3.18279,2.94090,0.24360,0.02510,3840000,-1.00000,666386805797,0.00000
855,427,0,3.97590,0.00000,0.00000,0.02280,0,-1.00000,666386853482,0.00000
856,428,0,0.52680,3.14140,0.24140,0.03400,3840000,-1.00000,666386858884,0.00000
857,428,0,5.12580,0.00000,0.00000,0.02330,0,-1.00000,666386901634,0.00000
858,429,0,0.57251,2.89720,0.20220,0.02530,3840000,-1.00000,666386933452,0.00000
859,429,0,6.04279,0.00000,0.00000,0.02140,0,-1.00000,666386973227,0.00000
860,430,0,3.05741,2.97170,0.20640,0.02510,3840000,-1.00000,666386978483,0.00000
861,430,0,3.92300,0.00000,0.00000,0.01730,0,-1.00000,666387029760,0.00000
862,431,0,0.46769,3.05450,0.18000,0.02580,3840000,-1.00000,666387035461,0.00000
863,431,0,5.36550,0.00000,0.00000,0.02410,0,-1.00000,666387095890,0.00000
864,432,0,3.05820,2.88250,0.26020,0.03460,3840000,-1.00000,666387126457,0.00000
865,432,0,3.99910,0.00000,0.00000,0.02110,0,-1.00000,666387165696,0.00000
866,433,0,2.47940,3.25580,0.26860,0.05520,3840000,-1.00000,666387170364,0.00000
867,433,0,4.50840,0.00000,0.00000,0.02190,0,-1.00000,666387224044,0.00000
868,434,0,5.25230,2.98150,0.24970,0.04030,3840000,-1.00000,666387254612,0.00000
869,434,0,4.14910,0.00000,0.00000,0.02200,0,-1.00000,666387294601,0.00000
870,435,0,2.32110,2.97660,0.21390,0.03740,3840000,-1.00000,666387319389,0.00000
871,435,0,4.01271,0.00000,0.00000,0.02420,0,-1.00000,666387364504,0.00000
872,436,0,2.16130,2.89630,0.19850,0.03240,3840000,-1.00000,666387417019,0.00000
873,436,0,3.91380,0.00000,0.00000,0.02250,0,-1.00000,666387458496,0.00000
874,437,0,2.54920,2.91710,0.27030,0.04300,3840000,-1.00000,666387481698,0.00000
875,437,0,4.13580,0.00000,0.00000,0.02450,0,-1.00000,666387521847,0.00000
876,438,0,2.28870,2.88730,0.24630,0.03030,3840000,-1.00000,666387543438,0.00000
877,438,0,3.89580,0.00000,0.00000,0.02230,0,-1.00000,666387582594,0.00000
878,439,0,2.52680,2.92750,0.22120,0.02490,3840000,-1.00000,666387608079,0.00000
879,439,0,3.88890,0.00000,0.00000,0.02080,0,-1.00000,666387649452,0.00000
880,440,0,2.51190,2.97510,0.26880,0.05590,3840000,-1.00000,666387672328,0.00000
881,440,0,4.29320,0.00000,0.00000,0.02380,0,-1.00000,666387711290,0.00000
882,441,0,2.13330,2.95980,0.21590,0.02790,3840000,-1.00000,666387736542,0.00000
883,441,0,4.71210,0.00000,0.00000,0.03440,0,-1.00000,666387775454,0.00000
884,442,0,1.66680,2.89890,0.16340,0.02240,3840000,-1.00000,666387800546,0.00000
885,442,0,3.81599,0.00000,0.00000,0.02190,0,-1.00000,666387843529,0.00000
886,443,0,0.55181,2.99240,0.21880,0.02740,3840000,-1.00000,666387864817,0.00000
887,443,0,4.02430,0.00000,0.00000,0.02120,0,-1.00000,666387911943,0.00000
888,444,0,0.57700,2.85050,0.20090,0.02300,3840000,-1.00000,666387928600,0.00000
889,444,0,3.91710,0.00000,0.00000,0.03190,0,-1.00000,666387966766,0.00000
890,445,0,3.25120,2.91110,0.22190,0.02310,3840000,-1.00000,666387972278,0.00000
891,445,0,3.92210,0.00000,0.00000,0.02650,0,-1.00000,666388012538,0.00000
892,446,0,0.66550,3.04270,0.19430,0.02290,3840000,-1.00000,666388018293,0.00000
893,446,0,5.18040,0.00000,0.00000,0.03530,0,-1.00000,666388057467,0.00000
894,447,0,3.09539,2.85880,0.26880,0.04120,3840000,-1.00000,666388089979,0.00000
895,447,0,4.02920,0.00000,0.00000,0.02640,0,-1.00000,666388129207,0.00000
896,448,0,2.39090,2.96790,0.25560,0.04060,3840000,-1.00000,666388135851,0.00000
897,448,0,4.22230,0.00000,0.00000,0.02610,0,-1.00000,666388187662,0.00000
898,449,0,2.19100,2.95860,0.24060,0.02360,3840000,-1.00000,666388218611,0.00000
899,449,0,3.91760,0.00000,0.00000,0.02100,0,-1.00000,666388258922,0.00000
900,450,0,2.49040,3.68380,0.20720,0.04230,3840000,-1.00000,666388282813,0.00000
901,450,0,4.78780,0.00000,0.00000,0.02150,0,-1.00000,666388325059,0.00000
902,451,0,4.83090,2.89420,0.21410,0.02410,3840000,-1.00000,666388346950,0.00000
903,451,0,3.85580,0.00000,0.00000,0.01790,0,-1.00000,666388386123,0.00000
904,452,0,2.67570,3.10900,0.18750,0.02690,3840000,-1.00000,666388411018,0.00000
905,452,0,4.18100,0.00000,0.00000,0.02330,0,-1.00000,666388458922,0.00000
906,453,0,0.57670,3.03120,0.22090,0.02280,3840000,-1.00000,666388507212,0.00000
907,453,0,3.90490,0.00000,0.00000,0.02160,0,-1.00000,666388545766,0.00000
908,454,0,0.86540,2.74150,0.25010,0.04050,3840000,-1.00000,666388572527,0.00000
909,454,0,3.92421,0.00000,0.00000,0.01780,0,-1.00000,666388614362,0.00000
910,455,0,5.72420,3.04510,0.19740,0.02800,3840000,-1.00000,666388620100,0.00000
911,455,0,4.00760,0.00000,0.00000,0.02220,0,-1.00000,666388659150,0.00000
912,456,0,0.53500,2.95630,0.16010,0.02380,3840000,-1.00000,666388667812,0.00000
913,456,0,3.93151,0.00000,0.00000,0.02150,0,-1.00000,666388707063,0.00000
914,457,0,0.62240,2.91980,0.20720,0.03200,3840000,-1.00000,666388764295,0.00000
915,457,0,3.95970,0.00000,0.00000,0.01820,0,-1.00000,666388804377,0.00000
916,458,0,4.20490,2.86790,0.22990,0.04280,3840000,-1.00000,666388809714,0.00000
917,458,0,4.10310,0.00000,0.00000,0.02370,0,-1.00000,666388849039,0.00000
918,459,0,0.58670,2.94960,0.31970,0.02870,3840000,-1.00000,666388855271,0.00000
919,459,0,4.10969,0.00000,0.00000,0.02010,0,-1.00000,666388894864,0.00000
920,460,0,3.99810,2.92540,0.20940,0.03080,3840000,-1.00000,666388936921,0.00000
921,460,0,4.05950,0.00000,0.00000,0.02260,0,-1.00000,666388977962,0.00000
922,461,0,0.59180,2.88800,0.19190,0.02430,3840000,-1.00000,666388983800,0.00000
923,461,0,3.92060,0.00000,0.00000,0.01880,0,-1.00000,666389024902,0.00000
924,462,0,0.45420,2.86400,0.28630,0.01820,3840000,-1.00000,666389064879,0.00000
925,462,0,9.03780,0.00000,0.00000,0.02050,0,-1.00000,666389105491,0.00000
926,463,0,0.51710,2.86270,0.25210,0.03770,3840000,-1.00000,666389111389,0.00000
927,463,0,3.95890,0.00000,0.00000,0.02000,0,-1.00000,666389150595,0.00000
928,464,0,0.51940,2.87420,0.19800,0.02320,3840000,-1.00000,666389155133,0.00000
929,464,0,4.74570,0.00000,0.00000,0.02190,0,-1.00000,666389245525,0.00000
930,465,0,3.10610,2.88610,0.21640,0.02870,3840000,-1.00000,666389250684,0.00000
931,465,0,3.81610,0.00000,0.00000,0.02260,0,-1.00000,666389290288,0.00000
932,466,0,2.57910,2.87540,0.22330,0.03820,3840000,-1.00000,666389295504,0.00000
933,466,0,4.08220,0.00000,0.00000,0.02070,0,-1.00000,666389342943,0.00000
934,467,0,2.31451,2.75760,0.25070,0.02410,3840000,-1.00000,666389373992,0.00000
935,467,0,3.89540,0.00000,0.00000,0.02100,0,-1.00000,666389412154,0.00000
936,468,0,5.91509,2.68190,0.21300,0.02390,3840000,-1.00000,666389437940,0.00000
937,468,0,3.67331,0.00000,0.00000,0.02250,0,-1.00000,666389478783,0.00000
938,469,0,2.56020,2.72590,0.24270,0.03570,3840000,-1.00000,666389501906,0.00000
939,469,0,3.77050,0.00000,0.00000,0.02760,0,-1.00000,666389540864,0.00000
940,470,0,2.76430,2.70900,0.26970,0.03570,3840000,-1.00000,666389600013,0.00000
941,470,0,3.78390,0.00000,0.00000,0.02190,0,-1.00000,666389636754,0.00000
942,471,0,2.45950,2.90070,0.15910,0.02240,3840000,-1.00000,666389662355,0.00000
943,471,0,3.70240,0.00000,0.00000,0.01900,0,-1.00000,666389700065,0.00000
944,472,0,5.89110,2.91050,0.21750,0.04230,3840000,-1.00000,666389727708,0.00000
945,472,0,3.99980,0.00000,0.00000,0.01830,0,-1.00000,666389765543,0.00000
946,473,0,0.46860,2.69190,0.17560,0.02270,3840000,-1.00000,666389790120,0.00000
947,473,0,5.15950,0.00000,0.00000,0.01730,0,-1.00000,666389827150,0.00000
948,474,0,6.34430,2.75870,0.18170,0.04680,3840000,-1.00000,666389886081,0.00000
949,474,0,3.83040,0.00000,0.00000,0.02170,0,-1.00000,666389926070,0.00000
950,475,0,2.60600,2.87020,0.22170,0.03840,3840000,-1.00000,666389930744,0.00000
951,475,0,4.06150,0.00000,0.00000,0.02670,0,-1.00000,666389982342,0.00000
952,476,0,0.58460,2.85640,0.20080,0.02380,3840000,-1.00000,666390045818,0.00000
953,476,0,4.98320,0.00000,0.00000,0.01970,0,-1.00000,666390084100,0.00000
954,477,0,3.14910,2.71930,0.17490,0.02280,3840000,-1.00000,666390110151,0.00000
955,477,0,3.61700,0.00000,0.00000,0.01840,0,-1.00000,666390150791,0.00000
956,478,0,6.01810,2.84920,0.29650,0.04710,3840000,-1.00000,666390156612,0.00000
957,478,0,3.97310,0.00000,0.00000,0.02320,0,-1.00000,666390206447,0.00000
958,479,0,5.62150,3.00970,0.16790,0.02340,3840000,-1.00000,666390237935,0.00000
959,479,0,3.87330,0.00000,0.00000,0.02140,0,-1.00000,666390274102,0.00000
960,480,0,0.52840,2.90160,0.20750,0.02510,3840000,-1.00000,666390334314,0.00000
961,480,0,3.85210,0.00000,0.00000,0.02170,0,-1.00000,666390374025,0.00000
962,481,0,0.43880,2.91190,0.20550,0.02800,3840000,-1.00000,666390430227,0.00000
963,481,0,3.98680,0.00000,0.00000,0.02230,0,-1.00000,666390468972,0.00000
964,482,0,6.53430,2.82010,0.20400,0.02750,3840000,-1.00000,666390474244,0.00000
965,482,0,3.73120,0.00000,0.00000,0.01790,0,-1.00000,666390512772,0.00000
966,483,0,0.55140,3.03910,0.21760,0.03240,3840000,-1.00000,666390517150,0.00000
967,483,0,4.07920,0.00000,0.00000,0.02020,0,-1.00000,666390557044,0.00000
968,484,0,1.23270,3.05200,0.23080,0.03940,3840000,-1.00000,666390622371,0.00000
969,484,0,4.10060,0.00000,0.00000,0.01780,0,-1.00000,666390659711,0.00000
970,485,0,2.30340,2.93390,0.23060,0.02210,3840000,-1.00000,666390665197,0.00000
971,485,0,3.85910,0.00000,0.00000,0.01740,0,-1.00000,666390706000,0.00000
972,486,0,2.50040,2.68020,0.16890,0.02600,3840000,-1.00000,666390718311,0.00000
973,486,0,3.51520,0.00000,0.00000,0.01910,0,-1.00000,666390759345,0.00000
974,487,0,0.50180,2.91720,0.16880,0.03330,3840000,-1.00000,666390782358,0.00000
975,487,0,3.91330,0.00000,0.00000,0.01950,0,-1.00000,666390820940,0.00000
976,488,0,4.94950,2.93540,0.21480,0.05120,3840000,-1.00000,666390845954,0.00000
977,488,0,4.02790,0.00000,0.00000,0.01730,0,-1.00000,666390881100,0.00000
978,489,0,0.53050,2.76420,0.19650,0.02300,3840000,-1.00000,666390886116,0.00000
979,489,0,3.61440,0.00000,0.00000,0.01860,0,-1.00000,666390925264,0.00000
980,490,0,1.60040,2.99080,0.17700,0.02780,3840000,-1.00000,666390974761,0.00000
981,490,0,3.81040,0.00000,0.00000,0.02080,0,-1.00000,666391015047,0.00000
982,491,0,0.43390,2.95000,0.18550,0.02080,3840000,-1.00000,666391020327,0.00000
983,491,0,7.53910,0.00000,0.00000,0.02240,0,-1.00000,666391056476,0.00000
984,492,0,0.79460,2.81740,0.17980,0.02470,3840000,-1.00000,666391072480,0.00000
985,492,0,3.64690,0.00000,0.00000,0.01580,0,-1.00000,666391110596,0.00000
986,493,0,2.79150,2.76610,0.17830,0.02370,3840000,-1.00000,666391114922,0.00000
987,493,0,3.59360,0.00000,0.00000,0.01910,0,-1.00000,666391190341,0.00000
988,494,0,0.58310,2.78050,0.19870,0.02760,3840000,-1.00000,666391198262,0.00000
989,494,0,5.39370,0.00000,0.00000,0.02410,0,-1.00000,666391234731,0.00000
990,495,0,3.15970,2.91370,0.16520,0.02870,3840000,-1.00000,666391262644,0.00000
991,495,0,3.78370,0.00000,0.00000,0.01810,0,-1.00000,666391298575,0.00000
992,496,0,5.85470,2.82390,0.21410,0.02620,3840000,-1.00000,666391304409,0.00000
993,496,0,3.72460,0.00000,0.00000,0.02030,0,-1.00000,666391358380,0.00000
994,497,0,5.75140,2.89570,0.17520,0.02210,3840000,-1.00000,666391389949,0.00000
995,497,0,3.75050,0.00000,0.00000,0.02030,0,-1.00000,666391427790,0.00000
996,498,0,0.40250,2.89030,0.26520,0.03800,3840000,-1.00000,666391486330,0.00000
997,498,0,3.99250,0.00000,0.00000,0.01920,0,-1.00000,666391523575,0.00000
998,499,0,0.45240,2.93950,0.28040,0.02340,3840000,-1.00000,666391581085,0.00000
999,499,0,3.86910,0.00000,0.00000,0.01810,0,-1.00000,666391618592,0.00000
1000,500,0,0.38730,3.08930,0.15730,0.02410,3840000,-1.00000,666391622611,0.00000
1001,500,0,3.85270,0.00000,0.00000,0.01920,0,-1.00000,666391662565,0.00000
1002,501,0,2.67389,3.02660,0.16190,0.02180,3840000,-1.00000,666391667064,0.00000
1003,501,0,3.88370,0.00000,0.00000,0.01920,0,-1.00000,666391705756,0.00000
1004,502,0,0.42680,2.89790,0.15470,0.02200,3840000,-1.00000,666391709628,0.00000
1005,502,0,3.68530,0.00000,0.00000,0.01760,0,-1.00000,666391748157,0.00000
1006,503,0,1.59550,2.75930,0.21370,0.02440,3840000,-1.00000,666391774902,0.00000
1007,503,0,3.72340,0.00000,0.00000,0.01830,0,-1.00000,666391813735,0.00000
1008,504,0,2.66920,2.93380,0.20600,0.02090,3840000,-1.00000,666391818004,0.00000
1009,504,0,3.75580,0.00000,0.00000,0.01740,0,-1.00000,666391854853,0.00000
1010,505,0,0.40470,2.93460,0.26000,0.03230,3840000,-1.00000,666391870808,0.00000
1011,505,0,3.95110,0.00000,0.00000,0.01880,0,-1.00000,666391908045,0.00000
1012,506,0,1.41181,2.92070,0.20620,0.03550,3840000,-1.00000,666391934736,0.00000
1013,506,0,3.88390,0.00000,0.00000,0.01790,0,-1.00000,666391972295,0.00000
1014,507,0,2.64480,3.03810,0.19620,0.02960,3840000,-1.00000,666391976335,0.00000
1015,507,0,3.92140,0.00000,0.00000,0.01950,0,-1.00000,666392015869,0.00000
1016,508,0,0.53350,2.78430,0.15950,0.02190,3840000,-1.00000,666392029973,0.00000
1017,508,0,3.73530,0.00000,0.00000,0.01880,0,-1.00000,666392068813,0.00000
1018,509,0,0.37710,3.16950,0.20420,0.03230,3840000,-1.00000,666392095253,0.00000
1019,509,0,4.07780,0.00000,0.00000,0.02260,0,-1.00000,666392134475,0.00000
1020,510,0,0.42830,2.85710,0.17620,0.02500,3840000,-1.00000,666392139806,0.00000
1021,510,0,4.47860,0.00000,0.00000,0.01780,0,-1.00000,666392177160,0.00000
1022,511,0,0.38590,2.84700,0.18680,0.02680,3840000,-1.00000,666392180923,0.00000
1023,511,0,5.90880,0.00000,0.00000,0.02160,0,-1.00000,666392221718,0.00000
1024,512,0,0.50160,2.98490,0.21970,0.03580,3840000,-1.00000,666392225983,0.00000
1025,512,0,4.55710,0.00000,0.00000,0.02490,0,-1.00000,666392270783,0.00000
1026,513,0,3.24770,3.12110,0.20250,0.05620,3840000,-1.00000,666392274631,0.00000
1027,513,0,4.24430,0.00000,0.00000,0.02170,0,-1.00000,666392333746,0.00000
1028,514,0,0.43870,2.77390,0.15120,0.02100,3840000,-1.00000,666392338744,0.00000
1029,514,0,3.56710,0.00000,0.00000,0.02070,0,-1.00000,666392384343,0.00000
1030,515,0,0.39020,2.86680,0.15130,0.02460,3840000,-1.00000,666392416814,0.00000
1031,515,0,4.07820,0.00000,0.00000,0.01930,0,-1.00000,666392459243,0.00000
1032,516,0,3.25870,2.77040,0.19820,0.02320,3840000,-1.00000,666392463614,0.00000
1033,516,0,3.94290,0.00000,0.00000,0.02110,0,-1.00000,666392499290,0.00000
1034,517,0,2.42830,3.10110,0.29330,0.04370,3840000,-1.00000,666392503194,0.00000
1035,517,0,4.17840,0.00000,0.00000,0.05600,0,-1.00000,666392543976,0.00000
1036,518,0,2.23331,2.96580,0.24820,0.04260,3840000,-1.00000,666392576558,0.00000
1037,518,0,4.04089,0.00000,0.00000,0.01760,0,-1.00000,666392615996,0.00000
1038,519,0,5.69740,3.01660,0.20540,0.02480,3840000,-1.00000,666392640273,0.00000
1039,519,0,3.83700,0.00000,0.00000,0.01790,0,-1.00000,666392682117,0.00000
1040,520,0,2.32040,2.95450,0.16730,0.01860,3840000,-1.00000,666392704398,0.00000
1041,520,0,3.65950,0.00000,0.00000,0.02580,0,-1.00000,666392744812,0.00000
1042,521,0,2.87390,2.87090,0.13160,0.02090,3840000,-1.00000,666392801770,0.00000
1043,521,0,3.74400,0.00000,0.00000,0.02410,0,-1.00000,666392840143,0.00000
1044,522,0,2.76981,2.87330,0.23110,0.03240,3840000,-1.00000,666392863342,0.00000
1045,522,0,3.79050,0.00000,0.00000,0.03230,0,-1.00000,666392899937,0.00000
1046,523,0,0.47830,2.92270,0.17290,0.02170,3840000,-1.00000,666392928676,0.00000
1047,523,0,3.74520,0.00000,0.00000,0.01960,0,-1.00000,666392966133,0.00000
1048,524,0,0.37950,2.98530,0.16640,0.02180,3840000,-1.00000,666392993833,0.00000
1049,524,0,7.55201,0.00000,0.00000,0.02980,0,-1.00000,666393031728,0.00000
1050,525,0,0.51740,3.03050,0.21560,0.02560,3840000,-1.00000,666393036501,0.00000
1051,525,0,3.83560,0.00000,0.00000,0.02030,0,-1.00000,666393073954,0.00000
1052,526,0,0.38530,2.95120,0.17870,0.02290,3840000,-1.00000,666393077753,0.00000
1053,526,0,4.89369,0.00000,0.00000,0.02180,0,-1.00000,666393153363,0.00000
1054,527,0,0.37100,2.94080,0.17490,0.02530,3840000,-1.00000,666393158456,0.00000
1055,527,0,3.69680,0.00000,0.00000,0.01810,0,-1.00000,666393196802,0.00000
1056,528,0,0.36170,3.11480,0.18240,0.02440,3840000,-1.00000,666393200654,0.00000
1057,528,0,3.93550,0.00000,0.00000,0.02080,0,-1.00000,666393249603,0.00000
1058,529,0,2.69770,2.78660,0.18640,0.03530,3840000,-1.00000,666393253296,0.00000
1059,529,0,3.90060,0.00000,0.00000,0.01760,0,-1.00000,666393290272,0.00000
1060,530,0,4.10111,2.78370,0.17420,0.02300,3840000,-1.00000,666393293886,0.00000
1061,530,0,3.47940,0.00000,0.00000,0.01830,0,-1.00000,666393333327,0.00000
1062,531,0,0.40100,2.97680,0.13870,0.02290,3840000,-1.00000,666393360226,0.00000
1063,531,0,3.66780,0.00000,0.00000,0.01860,0,-1.00000,666393399231,0.00000
1064,532,0,5.40079,2.84370,0.16520,0.02320,3840000,-1.00000,666393440236,0.00000
1065,532,0,3.60870,0.00000,0.00000,0.02240,0,-1.00000,666393475028,0.00000
1066,533,0,2.91710,3.01360,0.19950,0.03800,3840000,-1.00000,666393479042,0.00000
1067,533,0,3.97470,0.00000,0.00000,0.02020,0,-1.00000,666393515728,0.00000
1068,534,0,2.26970,2.95860,0.16650,0.02190,3840000,-1.00000,666393569723,0.00000
1069,534,0,3.68930,0.00000,0.00000,0.01750,0,-1.00000,666393605814,0.00000
1070,535,0,0.39370,2.90670,0.16520,0.02360,3840000,-1.00000,666393634985,0.00000
1071,535,0,5.55860,0.00000,0.00000,0.01540,0,-1.00000,666393674741,0.00000
1072,536,0,6.39970,2.81810,0.18860,0.02160,3840000,-1.00000,666393697432,0.00000
1073,536,0,3.58321,0.00000,0.00000,0.01700,0,-1.00000,666393734317,0.00000
1074,537,0,0.38119,2.78790,0.15880,0.01800,3840000,-1.00000,666393738264,0.00000
1075,537,0,3.65350,0.00000,0.00000,0.02120,0,-1.00000,666393793848,0.00000
1076,538,0,0.39380,2.94570,0.15330,0.02140,3840000,-1.00000,666393857842,0.00000
1077,538,0,3.64680,0.00000,0.00000,0.01980,0,-1.00000,666393893675,0.00000
1078,539,0,0.41880,3.02810,0.23880,0.03670,3840000,-1.00000,666393897481,0.00000
1079,539,0,4.07920,0.00000,0.00000,0.02720,0,-1.00000,666393934029,0.00000
1080,540,0,6.28620,2.78430,0.19270,0.02890,3840000,-1.00000,666393937952,0.00000
1081,540,0,3.66760,0.00000,0.00000,0.02550,0,-1.00000,666393974433,0.00000
1082,541,0,0.44590,3.13130,0.16220,0.02170,3840000,-1.00000,666393978614,0.00000
1083,541,0,3.89450,0.00000,0.00000,0.01990,0,-1.00000,666394019427,0.00000
1084,542,0,4.77480,2.85300,0.14680,0.02310,3840000,-1.00000,666394082271,0.00000
1085,542,0,4.22540,0.00000,0.00000,0.05370,0,-1.00000,666394118954,0.00000
1086,543,0,2.07540,3.15110,0.22300,0.03220,3840000,-1.00000,666394123438,0.00000
1087,543,0,4.24010,0.00000,0.00000,0.02140,0,-1.00000,666394162348,0.00000
1088,544,0,2.47260,2.80580,0.20050,0.02570,3840000,-1.00000,666394210095,0.00000
1089,544,0,3.63260,0.00000,0.00000,0.02030,0,-1.00000,666394252366,0.00000
1090,545,0,0.46100,2.89380,0.17630,0.02370,3840000,-1.00000,666394273105,0.00000
1091,545,0,5.44030,0.00000,0.00000,0.02020,0,-1.00000,666394315526,0.00000
1092,546,0,3.12550,2.78400,0.16250,0.02260,3840000,-1.00000,666394340236,0.00000
1093,546,0,4.71190,0.00000,0.00000,0.01690,0,-1.00000,666394376567,0.00000
1094,547,0,1.81940,2.88660,0.18140,0.02450,3840000,-1.00000,666394381173,0.00000
1095,547,0,3.66020,0.00000,0.00000,0.01930,0,-1.00000,666394435575,0.00000
1096,548,0,0.42750,2.89530,0.15700,0.01930,3840000,-1.00000,666394466822,0.00000
1097,548,0,5.49110,0.00000,0.00000,0.01650,0,-1.00000,666394513949,0.00000
1098,549,0,3.22900,3.04550,0.23300,0.04200,3840000,-1.00000,666394532136,0.00000
1099,549,0,3.99290,0.00000,0.00000,0.02230,0,-1.00000,666394568744,0.00000
1100,550,0,2.45160,2.93090,0.19020,0.02120,3840000,-1.00000,666394573011,0.00000
1101,550,0,3.71690,0.00000,0.00000,0.02070,0,-1.00000,666394627931,0.00000
1102,551,0,0.47280,3.04000,0.16430,0.02300,3840000,-1.00000,666394660220,0.00000
1103,551,0,5.32530,0.00000,0.00000,0.01650,0,-1.00000,666394700161,0.00000
1104,552,0,3.02120,2.99210,0.15840,0.02660,3840000,-1.00000,666394724665,0.00000
1105,552,0,3.85590,0.00000,0.00000,0.02140,0,-1.00000,666394761834,0.00000
1106,553,0,0.37260,3.07810,0.17500,0.02330,3840000,-1.00000,666394766555,0.00000
1107,553,0,3.80069,0.00000,0.00000,0.02770,0,-1.00000,666394819812,0.00000
1108,554,0,6.35830,3.17540,0.21960,0.04590,3840000,-1.00000,666394850025,0.00000
1109,554,0,4.12600,0.00000,0.00000,0.02140,0,-1.00000,666394888648,0.00000
1110,555,0,0.41200,3.09220,0.17690,0.02020,3840000,-1.00000,666394892310,0.00000
1111,555,0,3.77210,0.00000,0.00000,0.02100,0,-1.00000,666394930317,0.00000
1112,556,0,0.35890,3.03400,0.31070,0.02230,3840000,-1.00000,666394993912,0.00000
1113,556,0,3.85600,0.00000,0.00000,0.01720,0,-1.00000,666395035165,0.00000
1114,557,0,5.51650,3.08980,0.16890,0.02600,3840000,-1.00000,666395039273,0.00000
1115,557,0,3.90260,0.00000,0.00000,0.01880,0,-1.00000,666395076995,0.00000
1116,558,0,5.52370,3.09250,0.15430,0.02210,3840000,-1.00000,666395080583,0.00000
1117,558,0,3.83080,0.00000,0.00000,0.01810,0,-1.00000,666395119148,0.00000
1118,559,0,0.37280,2.98610,0.18230,0.03360,3840000,-1.00000,666395174316,0.00000
1119,559,0,3.85910,0.00000,0.00000,0.02210,0,-1.00000,666395213338,0.00000
1120,560,0,0.47490,3.01580,0.15950,0.02230,3840000,-1.00000,666395268574,0.00000
1121,560,0,3.81110,0.00000,0.00000,0.01670,0,-1.00000,666395306884,0.00000
1122,561,0,0.36380,3.08670,0.16630,0.02140,3840000,-1.00000,666395310607,0.00000
1123,561,0,6.58810,0.00000,0.00000,0.01750,0,-1.00000,666395349224,0.00000
1124,562,0,3.25520,3.23290,0.18840,0.02580,3840000,-1.00000,666395353950,0.00000
1125,562,0,4.04020,0.00000,0.00000,0.01910,0,-1.00000,666395392058,0.00000
1126,563,0,0.43490,3.01710,0.15240,0.02130,3840000,-1.00000,666395395697,0.00000
1127,563,0,3.76230,0.00000,0.00000,0.01700,0,-1.00000,666395461585,0.00000
1128,564,0,4.50330,2.96890,0.22490,0.11800,3840000,-1.00000,666395494135,0.00000
1129,564,0,4.05310,0.00000,0.00000,0.02210,0,-1.00000,666395534536,0.00000
1130,565,0,0.49930,3.19400,0.19080,0.02630,3840000,-1.00000,666395538883,0.00000
1131,565,0,4.02050,0.00000,0.00000,0.02020,0,-1.00000,666395576508,0.00000
1132,566,0,4.35520,3.15910,0.16790,0.02690,3840000,-1.00000,666395621548,0.00000
1133,566,0,3.93870,0.00000,0.00000,0.01930,0,-1.00000,666395662097,0.00000
1134,567,0,0.42250,2.98240,0.16950,0.02590,3840000,-1.00000,666395667069,0.00000
1135,567,0,3.78730,0.00000,0.00000,0.02100,0,-1.00000,666395707273,0.00000
1136,568,0,0.45959,3.04020,0.14290,0.02360,3840000,-1.00000,666395750821,0.00000
1137,568,0,4.37521,0.00000,0.00000,0.01580,0,-1.00000,666395790213,0.00000
1138,569,0,6.09009,2.86260,0.18000,0.02790,3840000,-1.00000,666395794430,0.00000
1139,569,0,3.69500,0.00000,0.00000,0.01840,0,-1.00000,666395832309,0.00000
1140,570,0,0.42720,3.13540,0.22800,0.03920,3840000,-1.00000,666395836897,0.00000
1141,570,0,4.15660,0.00000,0.00000,0.02240,0,-1.00000,666395880652,0.00000
1142,571,0,0.44730,3.05670,0.19130,0.02090,3840000,-1.00000,666395941565,0.00000
1143,571,0,3.77860,0.00000,0.00000,0.01850,0,-1.00000,666395978505,0.00000
1144,572,0,0.37200,3.21400,0.17840,0.02020,3840000,-1.00000,666395982772,0.00000
1145,572,0,9.80050,0.00000,0.00000,0.02200,0,-1.00000,666396024361,0.00000
1146,573,0,0.40100,3.04540,0.17520,0.02140,3840000,-1.00000,666396028813,0.00000
1147,573,0,3.76820,0.00000,0.00000,0.02030,0,-1.00000,666396066601,0.00000
1148,574,0,0.39590,2.90020,0.15190,0.02090,3840000,-1.00000,666396070320,0.00000
1149,574,0,3.58220,0.00000,0.00000,0.04990,0,-1.00000,666396168339,0.00000
1150,575,0,0.44930,2.93790,0.16630,0.02200,3840000,-1.00000,666396172335,0.00000
1151,575,0,4.25080,0.00000,0.00000,0.01930,0,-1.00000,666396210017,0.00000
1152,576,0,6.37520,2.92530,0.30610,0.03880,3840000,-1.00000,666396213976,0.00000
1153,576,0,4.05840,0.00000,0.00000,0.01940,0,-1.00000,666396249802,0.00000
1154,577,0,5.46939,2.94000,0.17460,0.02550,3840000,-1.00000,666396254294,0.00000
1155,577,0,3.71181,0.00000,0.00000,0.01880,0,-1.00000,666396296808,0.00000
1156,578,0,6.07590,3.04500,0.20550,0.03020,3840000,-1.00000,666396360573,0.00000
1157,578,0,3.96759,0.00000,0.00000,0.01990,0,-1.00000,666396401147,0.00000
1158,579,0,0.44340,3.01220,0.20320,0.03700,3840000,-1.00000,666396455831,0.00000
1159,579,0,4.97240,0.00000,0.00000,0.01950,0,-1.00000,666396492948,0.00000
1160,580,0,0.44070,3.19780,0.22320,0.04420,3840000,-1.00000,666396553708,0.00000
1161,580,0,4.18780,0.00000,0.00000,0.02780,0,-1.00000,666396593396,0.00000
1162,581,0,0.43200,3.35120,0.20430,0.02870,3840000,-1.00000,666396597817,0.00000
1163,581,0,6.38600,0.00000,0.00000,0.02060,0,-1.00000,666396647552,0.00000
1164,582,0,4.90810,3.26230,0.17230,0.02430,3840000,-1.00000,666396651946,0.00000
1165,582,0,4.06150,0.00000,0.00000,0.01820,0,-1.00000,666396693851,0.00000
1166,583,0,0.39950,3.04970,0.17060,0.02060,3840000,-1.00000,666396698147,0.00000
1167,583,0,5.31930,0.00000,0.00000,0.01760,0,-1.00000,666396762020,0.00000
1168,584,0,0.38570,3.16490,0.16120,0.02110,3840000,-1.00000,666396811087,0.00000
1169,584,0,5.94970,0.00000,0.00000,0.02210,0,-1.00000,666396851705,0.00000
1170,585,0,3.18580,3.01160,0.20290,0.02920,3840000,-1.00000,666396855702,0.00000
1171,585,0,3.97820,0.00000,0.00000,0.02300,0,-1.00000,666396908899,0.00000
1172,586,0,5.49180,2.97620,0.16250,0.02370,3840000,-1.00000,666396912748,0.00000
1173,586,0,3.79130,0.00000,0.00000,0.01880,0,-1.00000,666396972257,0.00000
1174,587,0,6.05130,3.25340,0.27460,0.05010,3840000,-1.00000,666397004112,0.00000
1175,587,0,4.33580,0.00000,0.00000,0.02200,0,-1.00000,666397043899,0.00000
1176,588,0,0.47380,3.23050,0.28660,0.06090,3840000,-1.00000,666397098803,0.00000
1177,588,0,4.35560,0.00000,0.00000,0.02180,0,-1.00000,666397136715,0.00000
1178,589,0,0.66160,3.30140,0.25070,0.03180,3840000,-1.00000,666397197231,0.00000
1179,589,0,4.26030,0.00000,0.00000,0.02000,0,-1.00000,666397240612,0.00000
1180,590,0,1.82170,3.26590,0.31220,0.05660,3840000,-1.00000,666397245329,0.00000
1181,590,0,4.56650,0.00000,0.00000,0.02520,0,-1.00000,666397288914,0.00000
1182,591,0,0.47240,3.23350,0.27790,0.05470,3840000,-1.00000,666397295555,0.00000
1183,591,0,4.43740,0.00000,0.00000,0.02150,0,-1.00000,666397338109,0.00000
1184,592,0,9.95880,3.04820,0.20910,0.02830,3840000,-1.00000,666397356327,0.00000
1185,592,0,3.84780,0.00000,0.00000,0.01870,0,-1.00000,666397402015,0.00000
1186,593,0,2.63109,3.10530,0.21700,0.03090,3840000,-1.00000,666397406705,0.00000
1187,593,0,4.05650,0.00000,0.00000,0.01640,0,-1.00000,666397451119,0.00000
1188,594,0,7.81229,3.27330,0.19170,0.02990,3840000,-1.00000,666397550674,0.00000
1189,594,0,4.17550,0.00000,0.00000,0.02040,0,-1.00000,666397589154,0.00000
1190,595,0,0.47890,3.04940,0.14600,0.01940,3840000,-1.00000,666397615456,0.00000
1191,595,0,3.89560,0.00000,0.00000,0.02380,0,-1.00000,666397656037,0.00000
1192,596,0,5.06380,3.36270,0.17250,0.02520,3840000,-1.00000,666397734151,0.00000
1193,596,0,4.19520,0.00000,0.00000,0.01790,0,-1.00000,666397775909,0.00000
1194,597,0,0.42630,3.05300,0.16350,0.01990,3840000,-1.00000,666397780686,0.00000
1195,597,0,3.85100,0.00000,0.00000,0.01910,0,-1.00000,666397819657,0.00000
1196,598,0,4.65240,3.42070,0.18970,0.03850,3840000,-1.00000,666397870283,0.00000
1197,598,0,4.40830,0.00000,0.00000,0.01700,0,-1.00000,666397912235,0.00000
1198,599,0,5.11300,3.42970,0.18010,0.02300,3840000,-1.00000,666397916493,0.00000
1199,599,0,4.38600,0.00000,0.00000,0.02150,0,-1.00000,666397955008,0.00000
1200,600,0,0.47260,3.11150,0.15630,0.02130,3840000,-1.00000,666398001693,0.00000
1201,600,0,3.91260,0.00000,0.00000,0.01790,0,-1.00000,666398045631,0.00000
1202,601,0,7.46160,3.30670,0.17610,0.02970,3840000,-1.00000,666398096747,0.00000
1203,601,0,4.33941,0.00000,0.00000,0.03490,0,-1.00000,666398140618,0.00000
1204,602,0,5.10349,3.16280,0.18890,0.03600,3840000,-1.00000,666398145326,0.00000
1205,602,0,4.09320,0.00000,0.00000,0.01950,0,-1.00000,666398184458,0.00000
1206,603,0,0.44120,3.13510,0.20880,0.02690,3840000,-1.00000,666398259074,0.00000
1207,603,0,5.29840,0.00000,0.00000,0.02120,0,-1.00000,666398302477,0.00000
1208,604,0,2.96700,3.14030,0.16910,0.02410,3840000,-1.00000,666398353512,0.00000
1209,604,0,3.91300,0.00000,0.00000,0.02050,0,-1.00000,666398394435,0.00000
1210,605,0,0.39090,3.14110,0.17210,0.02170,3840000,-1.00000,666398398843,0.00000
1211,605,0,3.91790,0.00000,0.00000,0.02010,0,-1.00000,666398451839,0.00000
1212,606,0,1.54200,3.29780,0.17540,0.03090,3840000,-1.00000,666398481499,0.00000
1213,606,0,4.21939,0.00000,0.00000,0.02010,0,-1.00000,666398520633,0.00000
1214,607,0,1.94070,3.33700,0.33310,0.06680,3840000,-1.00000,666398524539,0.00000
1215,607,0,4.54180,0.00000,0.00000,0.02200,0,-1.00000,666398563717,0.00000
1216,608,0,5.31270,3.38900,0.20430,0.03980,3840000,-1.00000,666398579134,0.00000
1217,608,0,4.42820,0.00000,0.00000,0.02330,0,-1.00000,666398621353,0.00000
1218,609,0,0.51990,3.32980,0.18130,0.02020,3840000,-1.00000,666398640739,0.00000
1219,609,0,4.07540,0.00000,0.00000,0.02280,0,-1.00000,666398686194,0.00000
1220,610,0,0.54620,3.13420,0.18090,0.02480,3840000,-1.00000,666398739293,0.00000
1221,610,0,3.87900,0.00000,0.00000,0.02130,0,-1.00000,666398783631,0.00000
1222,611,0,2.41270,3.16930,0.19530,0.02560,3840000,-1.00000,666398788761,0.00000
1223,611,0,3.98260,0.00000,0.00000,0.01880,0,-1.00000,666398829525,0.00000
1224,612,0,0.47960,3.11750,0.20270,0.03000,3840000,-1.00000,666398834980,0.00000
1225,612,0,4.01300,0.00000,0.00000,0.02150,0,-1.00000,666398873784,0.00000
1226,613,0,0.53740,3.31500,0.27430,0.03450,3840000,-1.00000,666398897896,0.00000
1227,613,0,4.37630,0.00000,0.00000,0.02020,0,-1.00000,666398937731,0.00000
1228,614,0,0.38051,3.34030,0.17520,0.02260,3840000,-1.00000,666398942516,0.00000
1229,614,0,8.86430,0.00000,0.00000,0.02240,0,-1.00000,666398982673,0.00000
1230,615,0,0.40830,3.36080,0.17690,0.02240,3840000,-1.00000,666398988024,0.00000
1231,615,0,4.11330,0.00000,0.00000,0.01790,0,-1.00000,666399031798,0.00000
1232,616,0,0.38170,3.23170,0.14490,0.02040,3840000,-1.00000,666399035591,0.00000
1233,616,0,3.96320,0.00000,0.00000,0.01800,0,-1.00000,666399124244,0.00000
1234,617,0,0.35190,3.30250,0.19100,0.02130,3840000,-1.00000,666399128323,0.00000
1235,617,0,4.00920,0.00000,0.00000,0.02180,0,-1.00000,666399169496,0.00000
1236,618,0,6.04661,3.35800,0.21530,0.04040,3840000,-1.00000,666399173264,0.00000
1237,618,0,4.28140,0.00000,0.00000,0.01960,0,-1.00000,666399212900,0.00000
1238,619,0,2.10280,3.15420,0.19700,0.02290,3840000,-1.00000,666399216417,0.00000
1239,619,0,3.96280,0.00000,0.00000,0.01810,0,-1.00000,666399256514,0.00000
1240,620,0,0.42510,3.25340,0.15430,0.01990,3840000,-1.00000,666399316976,0.00000
1241,620,0,5.30780,0.00000,0.00000,0.01590,0,-1.00000,666399359814,0.00000
1242,621,0,3.17630,3.33160,0.17350,0.02380,3840000,-1.00000,666399380818,0.00000
1243,621,0,4.14240,0.00000,0.00000,0.01980,0,-1.00000,666399420445,0.00000
1244,622,0,2.28300,3.35710,0.16030,0.02030,3840000,-1.00000,666399424698,0.00000
1245,622,0,4.07660,0.00000,0.00000,0.01750,0,-1.00000,666399477775,0.00000
1246,623,0,2.37050,3.27470,0.18910,0.03720,3840000,-1.00000,666399509547,0.00000
1247,623,0,4.35560,0.00000,0.00000,0.01910,0,-1.00000,666399550962,0.00000
1248,624,0,0.47570,3.38760,0.18220,0.02250,3840000,-1.00000,666399573793,0.00000
1249,624,0,4.24000,0.00000,0.00000,0.01810,0,-1.00000,666399614560,0.00000
1250,625,0,0.52780,3.11390,0.16130,0.01920,3840000,-1.00000,666399638268,0.00000
1251,625,0,3.81430,0.00000,0.00000,0.01880,0,-1.00000,666399681829,0.00000
1252,626,0,0.37780,3.32630,0.17230,0.02260,3840000,-1.00000,666399686578,0.00000
1253,626,0,4.06130,0.00000,0.00000,0.01990,0,-1.00000,666399728977,0.00000
1254,627,0,2.57919,3.36060,0.17320,0.02260,3840000,-1.00000,666399734249,0.00000
1255,627,0,4.15230,0.00000,0.00000,0.01690,0,-1.00000,666399772401,0.00000
1256,628,0,2.46840,3.36940,0.16430,0.02170,3840000,-1.00000,666399776171,0.00000
1257,628,0,4.11880,0.00000,0.00000,0.01810,0,-1.00000,666399816791,0.00000
1258,629,0,0.39110,3.21370,0.20340,0.02310,3840000,-1.00000,666399842585,0.00000
1259,629,0,4.03999,0.00000,0.00000,0.02200,0,-1.00000,666399884147,0.00000
1260,630,0,0.48210,3.36930,0.22140,0.04420,3840000,-1.00000,666399908785,0.00000
1261,630,0,4.52000,0.00000,0.00000,0.02000,0,-1.00000,666399949980,0.00000
1262,631,0,1.16970,3.33230,0.18340,0.02110,3840000,-1.00000,666399953883,0.00000
1263,631,0,4.41840,0.00000,0.00000,0.02090,0,-1.00000,666399994291,0.00000
1264,632,0,0.37750,3.28250,0.14120,0.02120,3840000,-1.00000,666399999107,0.00000
1265,632,0,3.96250,0.00000,0.00000,0.04040,0,-1.00000,666400044331,0.00000
1266,633,0,3.95190,3.09960,0.17670,0.02080,3840000,-1.00000,666400056010,0.00000
1267,633,0,3.88200,0.00000,0.00000,0.01580,0,-1.00000,666400100190,0.00000
1268,634,0,5.90730,3.33260,0.26840,0.04740,3840000,-1.00000,666400103961,0.00000
1269,634,0,4.33250,0.00000,0.00000,0.02410,0,-1.00000,666400143604,0.00000
1270,635,0,2.08740,3.13840,0.19480,0.02450,3840000,-1.00000,666400183107,0.00000
1271,635,0,3.95530,0.00000,0.00000,0.01880,0,-1.00000,666400221925,0.00000
1272,636,0,2.48340,3.10920,0.15390,0.02000,3840000,-1.00000,666400281001,0.00000
1273,636,0,3.99400,0.00000,0.00000,0.01710,0,-1.00000,666400324366,0.00000
1274,637,0,0.40150,3.13520,0.16730,0.02060,3840000,-1.00000,666400345202,0.00000
1275,637,0,3.84640,0.00000,0.00000,0.01810,0,-1.00000,666400384759,0.00000
1276,638,0,1.51300,3.24610,0.15720,0.02460,3840000,-1.00000,666400409586,0.00000
1277,638,0,4.03640,0.00000,0.00000,0.02020,0,-1.00000,666400449530,0.00000
1278,639,0,5.45381,3.38000,0.16750,0.02320,3840000,-1.00000,666400453540,0.00000
1279,639,0,4.16160,0.00000,0.00000,0.01830,0,-1.00000,666400492007,0.00000
1280,640,0,2.32370,3.41400,0.20380,0.04270,3840000,-1.00000,666400507131,0.00000
1281,640,0,4.42670,0.00000,0.00000,0.01750,0,-1.00000,666400547509,0.00000
1282,641,0,5.35910,3.24310,0.18160,0.02710,3840000,-1.00000,666400602034,0.00000
1283,641,0,4.05420,0.00000,0.00000,0.01930,0,-1.00000,666400643657,0.00000
1284,642,0,0.39870,3.40500,0.15620,0.02650,3840000,-1.00000,666400666897,0.00000
1285,642,0,4.09820,0.00000,0.00000,0.01820,0,-1.00000,666400711174,0.00000
1286,643,0,0.94890,3.09940,0.15920,0.01790,3840000,-1.00000,666400764754,0.00000
1287,643,0,3.79290,0.00000,0.00000,0.01680,0,-1.00000,666400805294,0.00000
1288,644,0,0.37460,3.28440,0.13040,0.01860,3840000,-1.00000,666400809275,0.00000
1289,644,0,8.66160,0.00000,0.00000,0.02760,0,-1.00000,666400850258,0.00000
1290,645,0,0.47850,3.50160,0.23570,0.02840,3840000,-1.00000,666400859746,0.00000
1291,645,0,4.40000,0.00000,0.00000,0.02170,0,-1.00000,666400897675,0.00000
1292,646,0,4.76270,3.13430,0.17780,0.02250,3840000,-1.00000,666400901421,0.00000
1293,646,0,3.92430,0.00000,0.00000,0.01800,0,-1.00000,666400988063,0.00000
1294,647,0,2.57080,3.06990,0.17310,0.02210,3840000,-1.00000,666400992828,0.00000
1295,647,0,4.63960,0.00000,0.00000,0.01870,0,-1.00000,666401036827,0.00000
1296,648,0,1.73050,3.07220,0.16530,0.02260,3840000,-1.00000,666401084454,0.00000
1297,648,0,3.84390,0.00000,0.00000,0.01800,0,-1.00000,666401123700,0.00000
1298,649,0,2.72390,3.28560,0.16160,0.02280,3840000,-1.00000,666401149404,0.00000
1299,649,0,4.04840,0.00000,0.00000,0.01970,0,-1.00000,666401195806,0.00000
1300,650,0,0.40810,3.54560,0.21330,0.03600,3840000,-1.00000,666401213107,0.00000
1301,650,0,5.10850,0.00000,0.00000,0.02300,0,-1.00000,666401251546,0.00000
1302,651,0,6.40530,3.09010,0.16720,0.02670,3840000,-1.00000,666401278780,0.00000
1303,651,0,3.92800,0.00000,0.00000,0.01860,0,-1.00000,666401319265,0.00000
1304,652,0,5.84410,3.06700,0.15870,0.02140,3840000,-1.00000,666401323379,0.00000
1305,652,0,3.80680,0.00000,0.00000,0.02200,0,-1.00000,666401374456,0.00000
1306,653,0,5.68970,3.36580,0.22220,0.03930,3840000,-1.00000,666401438487,0.00000
1307,653,0,4.42280,0.00000,0.00000,0.01950,0,-1.00000,666401477766,0.00000
1308,654,0,0.41870,3.10590,0.17000,0.01870,3840000,-1.00000,666401536206,0.00000
1309,654,0,3.85610,0.00000,0.00000,0.01710,0,-1.00000,666401574278,0.00000
1310,655,0,4.10160,3.08430,0.17650,0.01960,3840000,-1.00000,666401631174,0.00000
1311,655,0,3.79979,0.00000,0.00000,0.01440,0,-1.00000,666401675418,0.00000
1312,656,0,5.96570,3.19160,0.16800,0.02560,3840000,-1.00000,666401679583,0.00000
1313,656,0,3.92320,0.00000,0.00000,0.02090,0,-1.00000,666401718146,0.00000
1314,657,0,0.41570,3.25150,0.15380,0.02240,3840000,-1.00000,666401759166,0.00000
1315,657,0,4.10800,0.00000,0.00000,0.01940,0,-1.00000,666401797254,0.00000
1316,658,0,4.24060,3.38710,0.19850,0.03860,3840000,-1.00000,666401856819,0.00000
1317,658,0,4.26780,0.00000,0.00000,0.01760,0,-1.00000,666401896051,0.00000
1318,659,0,2.23050,3.34870,0.18340,0.02680,3840000,-1.00000,666401900199,0.00000
1319,659,0,4.23540,0.00000,0.00000,0.02190,0,-1.00000,666401941287,0.00000
1320,660,0,2.09140,3.21780,0.16840,0.02220,3840000,-1.00000,666401983688,0.00000
1321,660,0,4.02140,0.00000,0.00000,0.01780,0,-1.00000,666402026385,0.00000
1322,661,0,0.41560,3.17920,0.16230,0.02020,3840000,-1.00000,666402048680,0.00000
1323,661,0,3.98080,0.00000,0.00000,0.02360,0,-1.00000,666402091031,0.00000
1324,662,0,0.47920,3.07380,0.15500,0.02080,3840000,-1.00000,666402111945,0.00000
1325,662,0,3.87010,0.00000,0.00000,0.02310,0,-1.00000,666402152159,0.00000
1326,663,0,0.43980,3.06270,0.16170,0.02080,3840000,-1.00000,666402156317,0.00000
1327,663,0,3.77100,0.00000,0.00000,0.02580,0,-1.00000,666402196132,0.00000
1328,664,0,0.39330,3.21770,0.22450,0.03420,3840000,-1.00000,666402200914,0.00000
1329,664,0,4.14680,0.00000,0.00000,0.02050,0,-1.00000,666402239622,0.00000
1330,665,0,0.41300,3.33590,0.23100,0.03240,3840000,-1.00000,666402244012,0.00000
1331,665,0,4.21820,0.00000,0.00000,0.01720,0,-1.00000,666402281728,0.00000
1332,666,0,2.76380,3.08800,0.16550,0.01960,3840000,-1.00000,666402285655,0.00000
1333,666,0,3.87980,0.00000,0.00000,0.01770,0,-1.00000,666402327146,0.00000
1334,667,0,5.80910,3.26270,0.17000,0.02690,3840000,-1.00000,666402331254,0.00000
1335,667,0,4.06350,0.00000,0.00000,0.03140,0,-1.00000,666402373448,0.00000
1336,668,0,2.17890,3.03680,0.16500,0.02060,3840000,-1.00000,666402401073,0.00000
1337,668,0,3.95650,0.00000,0.00000,0.02160,0,-1.00000,666402439876,0.00000
1338,669,0,0.40360,3.08420,0.16000,0.01800,3840000,-1.00000,666402497963,0.00000
1339,669,0,3.81780,0.00000,0.00000,0.01860,0,-1.00000,666402538607,0.00000
1340,670,0,1.55270,3.18690,0.23420,0.04910,3840000,-1.00000,666402560383,0.00000
1341,670,0,4.36130,0.00000,0.00000,0.01850,0,-1.00000,666402599952,0.00000
1342,671,0,0.40570,3.23610,0.25540,0.03110,3840000,-1.00000,666402603981,0.00000
1343,671,0,4.78570,0.00000,0.00000,0.02160,0,-1.00000,666402642165,0.00000
1344,672,0,6.50160,3.30650,0.24690,0.04390,3840000,-1.00000,666402657697,0.00000
1345,672,0,4.30930,0.00000,0.00000,0.01760,0,-1.00000,666402701332,0.00000
1346,673,0,2.17410,3.07760,0.17350,0.02000,3840000,-1.00000,666402705362,0.00000
1347,673,0,3.84300,0.00000,0.00000,0.01720,0,-1.00000,666402753253,0.00000
1348,674,0,5.53350,3.19480,0.16700,0.04090,3840000,-1.00000,666402818255,0.00000
1349,674,0,4.15120,0.00000,0.00000,0.02000,0,-1.00000,666402861343,0.00000
1350,675,0,0.48100,3.25610,0.17500,0.02090,3840000,-1.00000,666402883070,0.00000
1351,675,0,4.07000,0.00000,0.00000,0.01830,0,-1.00000,666402921499,0.00000
1352,676,0,0.38140,3.04730,0.15140,0.01820,3840000,-1.00000,666402976841,0.00000
1353,676,0,3.72540,0.00000,0.00000,0.02400,0,-1.00000,666403018357,0.00000
1354,677,0,3.02910,3.42370,0.24600,0.04700,3840000,-1.00000,666403023154,0.00000
1355,677,0,4.76991,0.00000,0.00000,0.02520,0,-1.00000,666403063857,0.00000
1356,678,0,0.46970,3.06150,0.16970,0.02240,3840000,-1.00000,666403067667,0.00000
1357,678,0,3.89260,0.00000,0.00000,0.03070,0,-1.00000,666403104932,0.00000
1358,679,0,0.39760,3.04100,0.18910,0.01870,3840000,-1.00000,666403135259,0.00000
1359,679,0,3.84620,0.00000,0.00000,0.01860,0,-1.00000,666403182933,0.00000
1360,680,0,0.37659,3.16060,0.18580,0.02300,3840000,-1.00000,666403187612,0.00000
1361,680,0,3.93120,0.00000,0.00000,0.01840,0,-1.00000,666403226540,0.00000
1362,681,0,1.70990,3.26610,0.20470,0.03920,3840000,-1.00000,666403230511,0.00000
1363,681,0,4.21080,0.00000,0.00000,0.01750,0,-1.00000,666403268978,0.00000
1364,682,0,0.41240,3.04270,0.17550,0.01870,3840000,-1.00000,666403272739,0.00000
1365,682,0,3.82590,0.00000,0.00000,0.01800,0,-1.00000,666403312058,0.00000
1366,683,0,2.65291,3.09600,0.17220,0.02050,3840000,-1.00000,666403329155,0.00000
1367,683,0,3.86480,0.00000,0.00000,0.01680,0,-1.00000,666403371276,0.00000
1368,684,0,4.21440,3.05430,0.16220,0.02120,3840000,-1.00000,666403375383,0.00000
1369,684,0,3.74790,0.00000,0.00000,0.02170,0,-1.00000,666403413641,0.00000
1370,685,0,2.79200,3.17760,0.17720,0.02760,3840000,-1.00000,666403440179,0.00000
1371,685,0,3.91440,0.00000,0.00000,0.01930,0,-1.00000,666403478821,0.00000
1372,686,0,5.56900,3.06850,0.20010,0.04260,3840000,-1.00000,666403521014,0.00000
1373,686,0,3.97791,0.00000,0.00000,0.01930,0,-1.00000,666403558443,0.00000
1374,687,0,0.41670,3.26310,0.17250,0.02620,3840000,-1.00000,666403586368,0.00000
1375,687,0,4.16460,0.00000,0.00000,0.01820,0,-1.00000,666403625513,0.00000
1376,688,0,1.12950,3.01410,0.16980,0.01930,3840000,-1.00000,666403681212,0.00000
1377,688,0,3.68720,0.00000,0.00000,0.02100,0,-1.00000,666403720979,0.00000
1378,689,0,2.46550,3.01440,0.15770,0.02260,3840000,-1.00000,666403725141,0.00000
1379,689,0,3.77340,0.00000,0.00000,0.01740,0,-1.00000,666403766795,0.00000
1380,690,0,2.72550,3.06610,0.23900,0.02660,3840000,-1.00000,666403778083,0.00000
1381,690,0,6.55320,0.00000,0.00000,0.01820,0,-1.00000,666403814966,0.00000
1382,691,0,3.01700,3.24760,0.21230,0.03860,3840000,-1.00000,666403839613,0.00000
1383,691,0,4.23840,0.00000,0.00000,0.01890,0,-1.00000,666403877343,0.00000
1384,692,0,2.18090,3.03260,0.16890,0.02370,3840000,-1.00000,666403904605,0.00000
1385,692,0,3.86500,0.00000,0.00000,0.02340,0,-1.00000,666403970139,0.00000
1386,693,0,2.51910,3.14040,0.16660,0.02280,3840000,-1.00000,666404000307,0.00000
1387,693,0,3.92380,0.00000,0.00000,0.01900,0,-1.00000,666404042697,0.00000
1388,694,0,0.39889,3.26050,0.17580,0.02370,3840000,-1.00000,666404064498,0.00000
1389,694,0,4.01280,0.00000,0.00000,0.02640,0,-1.00000,666404103148,0.00000
1390,695,0,0.43050,3.16450,0.18060,0.02250,3840000,-1.00000,666404128343,0.00000
1391,695,0,3.99640,0.00000,0.00000,0.01890,0,-1.00000,666404167577,0.00000
1392,696,0,3.22450,3.34610,0.22190,0.03870,3840000,-1.00000,666404171558,0.00000
1393,696,0,4.35500,0.00000,0.00000,0.02030,0,-1.00000,666404211705,0.00000
1394,697,0,2.10720,3.15460,0.20660,0.02780,3840000,-1.00000,666404216034,0.00000
1395,697,0,4.03330,0.00000,0.00000,0.01970,0,-1.00000,666404255964,0.00000
1396,698,0,0.42600,3.16620,0.15830,0.02340,3840000,-1.00000,666404288204,0.00000
1397,698,0,3.94110,0.00000,0.00000,0.02160,0,-1.00000,666404331771,0.00000
1398,699,0,4.24090,3.18310,0.16900,0.02370,3840000,-1.00000,666404352828,0.00000
1399,699,0,3.96560,0.00000,0.00000,0.01730,0,-1.00000,666404393173,0.00000
1400,700,0,0.43639,3.75470,0.17170,0.02330,3840000,-1.00000,666404397426,0.00000
1401,700,0,4.53800,0.00000,0.00000,0.02020,0,-1.00000,666404436843,0.00000
1402,701,0,7.06810,2.99650,0.24170,0.03370,3840000,-1.00000,666404479238,0.00000
1403,701,0,4.03061,0.00000,0.00000,0.01770,0,-1.00000,666404518897,0.00000
1404,702,0,0.60810,3.09210,0.22380,0.02670,3840000,-1.00000,666404523270,0.00000
1405,702,0,4.02940,0.00000,0.00000,0.01810,0,-1.00000,666404568652,0.00000
1406,703,0,0.39590,2.93980,0.16430,0.01850,3840000,-1.00000,666404639324,0.00000
1407,703,0,3.65240,0.00000,0.00000,0.01600,0,-1.00000,666404679638,0.00000
1408,704,0,6.37260,3.22360,0.15860,0.02500,3840000,-1.00000,666404685718,0.00000
1409,704,0,3.96210,0.00000,0.00000,0.02190,0,-1.00000,666404726009,0.00000
1410,705,0,0.40599,2.95920,0.15620,0.02300,3840000,-1.00000,666404729959,0.00000
1411,705,0,3.67180,0.00000,0.00000,0.01950,0,-1.00000,666404766484,0.00000
1412,706,0,4.77730,3.04150,0.22190,0.04000,3840000,-1.00000,666404830215,0.00000
1413,706,0,3.96780,0.00000,0.00000,0.01890,0,-1.00000,666404869841,0.00000
1414,707,0,5.59470,2.96410,0.18610,0.02560,3840000,-1.00000,666404873888,0.00000
1415,707,0,3.75490,0.00000,0.00000,0.01810,0,-1.00000,666404910608,0.00000
1416,708,0,0.39760,2.93620,0.15830,0.01800,3840000,-1.00000,666404958386,0.00000
1417,708,0,3.62150,0.00000,0.00000,0.01700,0,-1.00000,666404998079,0.00000
1418,709,0,5.14410,3.18540,0.17210,0.02760,3840000,-1.00000,666405054012,0.00000
1419,709,0,3.97299,0.00000,0.00000,0.02120,0,-1.00000,666405091556,0.00000
1420,710,0,2.18380,3.18920,0.16910,0.02140,3840000,-1.00000,666405095530,0.00000
1421,710,0,3.91340,0.00000,0.00000,0.02260,0,-1.00000,666405131746,0.00000
1422,711,0,2.62970,3.25200,0.24810,0.03990,3840000,-1.00000,666405183256,0.00000
1423,711,0,4.26820,0.00000,0.00000,0.01830,0,-1.00000,666405222925,0.00000
1424,712,0,6.60230,3.20490,0.20120,0.02570,3840000,-1.00000,666405244757,0.00000
1425,712,0,4.22530,0.00000,0.00000,0.01790,0,-1.00000,666405283888,0.00000
1426,713,0,0.40220,3.14620,0.26500,0.02400,3840000,-1.00000,666405310185,0.00000
1427,713,0,4.17680,0.00000,0.00000,0.01990,0,-1.00000,666405352892,0.00000
1428,714,0,0.41120,2.94060,0.16650,0.01820,3840000,-1.00000,666405418893,0.00000
1429,714,0,3.65400,0.00000,0.00000,0.01470,0,-1.00000,666405461155,0.00000
1430,715,0,0.38340,3.10010,0.15870,0.01930,3840000,-1.00000,666405465166,0.00000
1431,715,0,3.86350,0.00000,0.00000,0.01470,0,-1.00000,666405506943,0.00000
1432,716,0,2.12020,3.21860,0.19690,0.03540,3840000,-1.00000,666405511044,0.00000
1433,716,0,4.28660,0.00000,0.00000,0.02010,0,-1.00000,666405547583,0.00000
1434,717,0,0.67140,3.13940,0.23130,0.02790,3840000,-1.00000,666405551419,0.00000
1435,717,0,3.99160,0.00000,0.00000,0.02070,0,-1.00000,666405590052,0.00000
1436,718,0,0.41780,3.15940,0.15730,0.02220,3840000,-1.00000,666405611256,0.00000
1437,718,0,3.86480,0.00000,0.00000,0.01780,0,-1.00000,666405654153,0.00000
1438,719,0,0.37000,3.25240,0.16390,0.02330,3840000,-1.00000,666405660847,0.00000
1439,719,0,4.06980,0.00000,0.00000,0.01910,0,-1.00000,666405700764,0.00000
1440,720,0,6.39510,3.14730,0.17000,0.02550,3840000,-1.00000,666405704935,0.00000
1441,720,0,3.94910,0.00000,0.00000,0.02030,0,-1.00000,666405743586,0.00000
1442,721,0,5.79930,2.98170,0.18340,0.02780,3840000,-1.00000,666405747281,0.00000
1443,721,0,3.79250,0.00000,0.00000,0.01920,0,-1.00000,666405787981,0.00000
1444,722,0,5.59470,3.15640,0.18150,0.03720,3840000,-1.00000,666405851930,0.00000
1445,722,0,4.03150,0.00000,0.00000,0.02380,0,-1.00000,666405891426,0.00000
1446,723,0,0.44560,3.24690,0.16250,0.02440,3840000,-1.00000,666405949421,0.00000
1447,723,0,5.32010,0.00000,0.00000,0.01800,0,-1.00000,666405987343,0.00000
1448,724,0,6.19540,2.97430,0.16270,0.02100,3840000,-1.00000,666406043299,0.00000
1449,724,0,3.75520,0.00000,0.00000,0.01780,0,-1.00000,666406083609,0.00000
1450,725,0,2.73460,2.98560,0.18070,0.02620,3840000,-1.00000,666406088054,0.00000
1451,725,0,4.17190,0.00000,0.00000,0.02090,0,-1.00000,666406141264,0.00000
1452,726,0,2.26020,3.04800,0.20140,0.02720,3840000,-1.00000,666406203216,0.00000
1453,726,0,3.91430,0.00000,0.00000,0.02050,0,-1.00000,666406240765,0.00000
1454,727,0,2.27839,3.12020,0.24670,0.03170,3840000,-1.00000,666406268109,0.00000
1455,727,0,4.02990,0.00000,0.00000,0.02140,0,-1.00000,666406309849,0.00000
1456,728,0,0.47570,3.25660,0.18900,0.05280,3840000,-1.00000,666406332437,0.00000
1457,728,0,4.13090,0.00000,0.00000,0.02010,0,-1.00000,666406371579,0.00000
1458,729,0,1.01780,3.29890,0.16290,0.02220,3840000,-1.00000,666406394354,0.00000
1459,729,0,4.05020,0.00000,0.00000,0.02090,0,-1.00000,666406434675,0.00000
1460,730,0,2.27961,3.41200,0.27480,0.05490,3840000,-1.00000,666406439416,0.00000
1461,730,0,4.68729,0.00000,0.00000,0.02530,0,-1.00000,666406480727,0.00000
1462,731,0,3.21870,3.67390,0.40540,0.08030,3840000,-1.00000,666406490903,0.00000
1463,731,0,5.23200,0.00000,0.00000,0.02740,0,-1.00000,666406531404,0.00000
1464,732,0,0.71090,3.40790,0.30330,0.06430,3840000,-1.00000,666406554205,0.00000
1465,732,0,4.76500,0.00000,0.00000,0.02520,0,-1.00000,666406601106,0.00000
1466,733,0,0.49720,3.23020,0.33770,0.04900,3840000,-1.00000,666406633285,0.00000
1467,733,0,4.35290,0.00000,0.00000,0.02050,0,-1.00000,666406685635,0.00000
1468,734,0,0.45590,3.18460,0.22930,0.02990,3840000,-1.00000,666406692707,0.00000
1469,734,0,4.11340,0.00000,0.00000,0.01750,0,-1.00000,666406740376,0.00000
1470,735,0,0.61710,3.28120,0.24130,0.03710,3840000,-1.00000,666406745314,0.00000
1471,735,0,4.32360,0.00000,0.00000,0.02520,0,-1.00000,666406788871,0.00000
1472,736,0,0.44619,3.23800,0.27400,0.05600,3840000,-1.00000,666406793397,0.00000
1473,736,0,4.37030,0.00000,0.00000,0.01930,0,-1.00000,666406834550,0.00000
1474,737,0,0.37890,3.25970,0.33770,0.05490,3840000,-1.00000,666406840716,0.00000
1475,737,0,4.45461,0.00000,0.00000,0.02320,0,-1.00000,666406883967,0.00000
1476,738,0,5.25390,3.30760,0.26460,0.05200,3840000,-1.00000,666406888405,0.00000
1477,738,0,4.42160,0.00000,0.00000,0.01890,0,-1.00000,666406932137,0.00000
1478,739,0,0.45640,3.37530,0.24090,0.04100,3840000,-1.00000,666406935902,0.00000
1479,739,0,4.44010,0.00000,0.00000,0.01800,0,-1.00000,666406980474,0.00000
1480,740,0,0.44400,3.02660,0.23430,0.03750,3840000,-1.00000,666407033011,0.00000
1481,740,0,3.99860,0.00000,0.00000,0.02480,0,-1.00000,666407077220,0.00000
1482,741,0,0.50760,3.84590,0.22580,0.03720,3840000,-1.00000,666407081759,0.00000
1483,741,0,4.93800,0.00000,0.00000,0.01980,0,-1.00000,666407126177,0.00000
1484,742,0,0.40950,3.17660,0.17630,0.02090,3840000,-1.00000,666407130603,0.00000
1485,742,0,4.06010,0.00000,0.00000,0.02110,0,-1.00000,666407170600,0.00000
1486,743,0,2.24120,3.11390,0.15960,0.02260,3840000,-1.00000,666407175668,0.00000
1487,743,0,4.01440,0.00000,0.00000,0.02080,0,-1.00000,666407225056,0.00000
1488,744,0,2.23200,3.01130,0.21410,0.03450,3840000,-1.00000,666407229136,0.00000
1489,744,0,4.06800,0.00000,0.00000,0.01650,0,-1.00000,666407269742,0.00000
1490,745,0,2.45060,3.10540,0.20170,0.02090,3840000,-1.00000,666407292146,0.00000
1491,745,0,4.03490,0.00000,0.00000,0.01800,0,-1.00000,666407332302,0.00000
1492,746,0,5.47410,3.21330,0.18150,0.02420,3840000,-1.00000,666407354624,0.00000
1493,746,0,4.09320,0.00000,0.00000,0.01980,0,-1.00000,666407395297,0.00000
1494,747,0,0.62600,3.71570,0.15880,0.02100,3840000,-1.00000,666407419797,0.00000
1495,747,0,4.50021,0.00000,0.00000,0.03110,0,-1.00000,666407460150,0.00000
1496,748,0,0.50410,3.17500,0.22970,0.03070,3840000,-1.00000,666407514896,0.00000
1497,748,0,4.13410,0.00000,0.00000,0.02210,0,-1.00000,666407555825,0.00000
1498,749,0,2.17881,3.34090,0.21880,0.02410,3840000,-1.00000,666407562080,0.00000
1499,749,0,4.63490,0.00000,0.00000,0.01590,0,-1.00000,666407607086,0.00000
1500,750,0,1.83090,2.97080,0.16980,0.02420,3840000,-1.00000,666407612122,0.00000
1501,750,0,3.74031,0.00000,0.00000,0.01960,0,-1.00000,666407653502,0.00000
1502,751,0,0.39850,3.98300,0.27000,0.04370,3840000,-1.00000,666407675255,0.00000
1503,751,0,4.89850,0.00000,0.00000,0.01830,0,-1.00000,666407721603,0.00000
1504,752,0,1.15170,2.98230,0.15950,0.02030,3840000,-1.00000,666407739916,0.00000
1505,752,0,3.75580,0.00000,0.00000,0.01530,0,-1.00000,666407777320,0.00000
1506,753,0,5.07810,3.16660,0.18350,0.02580,3840000,-1.00000,666407781296,0.00000
1507,753,0,4.03830,0.00000,0.00000,0.01980,0,-1.00000,666407830290,0.00000
1508,754,0,2.54120,3.15880,0.30900,0.06280,3840000,-1.00000,666407841799,0.00000
1509,754,0,4.39670,0.00000,0.00000,0.02920,0,-1.00000,666407879360,0.00000
1510,755,0,1.69000,2.99930,0.26820,0.05640,3840000,-1.00000,666407930135,0.00000
1511,755,0,4.11570,0.00000,0.00000,0.01970,0,-1.00000,666407970530,0.00000
1512,756,0,2.42120,3.02600,0.27260,0.06070,3840000,-1.00000,666407995945,0.00000
1513,756,0,4.19680,0.00000,0.00000,0.01920,0,-1.00000,666408039945,0.00000
1514,757,0,2.27780,3.00610,0.26310,0.05440,3840000,-1.00000,666408056819,0.00000
1515,757,0,4.10210,0.00000,0.00000,0.02400,0,-1.00000,666408097983,0.00000
1516,758,0,0.50050,3.50460,0.30290,0.06910,3840000,-1.00000,666408122189,0.00000
1517,758,0,4.83540,0.00000,0.00000,0.02670,0,-1.00000,666408164165,0.00000
1518,759,0,3.19690,3.22550,0.28020,0.06140,3840000,-1.00000,666408186939,0.00000
1519,759,0,4.55510,0.00000,0.00000,0.02420,0,-1.00000,666408227968,0.00000
1520,760,0,1.96870,3.00350,0.27150,0.05600,3840000,-1.00000,666408232951,0.00000
1521,760,0,4.26620,0.00000,0.00000,0.02150,0,-1.00000,666408281344,0.00000
1522,761,0,0.49850,3.28600,0.29130,0.06310,3840000,-1.00000,666408313318,0.00000
1523,761,0,4.69510,0.00000,0.00000,0.02310,0,-1.00000,666408358861,0.00000
1524,762,0,3.16350,3.00040,0.28690,0.07550,3840000,-1.00000,666408378520,0.00000
1525,762,0,4.23240,0.00000,0.00000,0.02550,0,-1.00000,666408421207,0.00000
1526,763,0,2.28520,3.03520,0.29830,0.06310,3840000,-1.00000,666408426154,0.00000
1527,763,0,4.26589,0.00000,0.00000,0.02080,0,-1.00000,666408473139,0.00000
1528,764,0,2.01210,3.07690,0.31740,0.07050,3840000,-1.00000,666408504776,0.00000
1529,764,0,4.41930,0.00000,0.00000,0.02660,0,-1.00000,666408547106,0.00000
1530,765,0,2.17479,3.08320,0.28340,0.06470,3840000,-1.00000,666408569921,0.00000
1531,765,0,4.42300,0.00000,0.00000,0.02740,0,-1.00000,666408612611,0.00000
1532,766,0,1.74640,3.31520,0.31280,0.07860,3840000,-1.00000,666408632711,0.00000
1533,766,0,4.76730,0.00000,0.00000,0.02600,0,-1.00000,666408676951,0.00000
1534,767,0,1.61280,3.24010,0.29680,0.06650,3840000,-1.00000,666408698668,0.00000
1535,767,0,4.51590,0.00000,0.00000,0.02720,0,-1.00000,666408742913,0.00000
1536,768,0,1.71470,3.09110,0.30830,0.07100,3840000,-1.00000,666408760386,0.00000
1537,768,0,4.41070,0.00000,0.00000,0.02990,0,-1.00000,666408808055,0.00000
1538,769,0,0.57680,3.43810,0.32000,0.08330,3840000,-1.00000,666408824153,0.00000
1539,769,0,5.01840,0.00000,0.00000,0.03570,0,-1.00000,666408869335,0.00000
1540,770,0,6.29560,3.03200,0.26860,0.05300,3840000,-1.00000,666408886462,0.00000
1541,770,0,4.14240,0.00000,0.00000,0.02480,0,-1.00000,666408930687,0.00000
1542,771,0,0.50810,3.04130,0.21200,0.01950,3840000,-1.00000,666408936320,0.00000
1543,771,0,3.94931,0.00000,0.00000,0.01720,0,-1.00000,666408986550,0.00000
1544,772,0,0.75270,2.93730,0.17860,0.02890,3840000,-1.00000,666409049517,0.00000
1545,772,0,3.81130,0.00000,0.00000,0.02360,0,-1.00000,666409090896,0.00000
1546,773,0,2.57620,3.00010,0.22550,0.03250,3840000,-1.00000,666409095954,0.00000
1547,773,0,3.92780,0.00000,0.00000,0.01960,0,-1.00000,666409135449,0.00000
1548,774,0,5.68240,3.10770,0.36730,0.04580,3840000,-1.00000,666409142981,0.00000
1549,774,0,4.32220,0.00000,0.00000,0.02360,0,-1.00000,666409181103,0.00000
1550,775,0,2.06220,2.98310,0.24910,0.03530,3840000,-1.00000,666409206857,0.00000
1551,775,0,3.95069,0.00000,0.00000,0.02310,0,-1.00000,666409246135,0.00000
1552,776,0,0.47310,3.13120,0.18140,0.02720,3840000,-1.00000,666409302957,0.00000
1553,776,0,5.13890,0.00000,0.00000,0.02060,0,-1.00000,666409346201,0.00000
1554,777,0,6.53510,2.93960,0.22970,0.02840,3840000,-1.00000,666409366804,0.00000
1555,777,0,3.80710,0.00000,0.00000,0.02600,0,-1.00000,666409406312,0.00000
1556,778,0,2.58150,2.97290,0.19160,0.02830,3840000,-1.00000,666409411034,0.00000
1557,778,0,4.02390,0.00000,0.00000,0.02240,0,-1.00000,666409462440,0.00000
1558,779,0,2.16490,3.05970,0.23270,0.04740,3840000,-1.00000,666409527782,0.00000
1559,779,0,4.12550,0.00000,0.00000,0.02620,0,-1.00000,666409565861,0.00000
1560,780,0,2.29160,2.93400,0.21010,0.02780,3840000,-1.00000,666409591667,0.00000
1561,780,0,3.86860,0.00000,0.00000,0.01950,0,-1.00000,666409631915,0.00000
1562,781,0,0.42190,3.17260,0.19490,0.02220,3840000,-1.00000,666409653575,0.00000
1563,781,0,4.01860,0.00000,0.00000,0.01900,0,-1.00000,666409694839,0.00000
1564,782,0,1.30400,3.03000,0.19270,0.03150,3840000,-1.00000,666409717720,0.00000
1565,782,0,3.99359,0.00000,0.00000,0.02150,0,-1.00000,666409756413,0.00000
1566,783,0,0.45381,3.13630,0.23200,0.02740,3840000,-1.00000,666409760622,0.00000
1567,783,0,4.00650,0.00000,0.00000,0.01760,0,-1.00000,666409800817,0.00000
1568,784,0,1.23780,3.15150,0.18250,0.02600,3840000,-1.00000,666409813860,0.00000
1569,784,0,3.97720,0.00000,0.00000,0.02010,0,-1.00000,666409853797,0.00000
1570,785,0,2.30270,3.03480,0.25370,0.04160,3840000,-1.00000,666409858327,0.00000
1571,785,0,4.60920,0.00000,0.00000,0.02710,0,-1.00000,666409898392,0.00000
1572,786,0,5.00070,3.16650,0.21210,0.03230,3840000,-1.00000,666409910766,0.00000
1573,786,0,4.13500,0.00000,0.00000,0.02120,0,-1.00000,666409950544,0.00000
1574,787,0,0.58200,3.32250,0.24200,0.04810,3840000,-1.00000,666409973568,0.00000
1575,787,0,4.95720,0.00000,0.00000,0.03050,0,-1.00000,666410019685,0.00000
1576,788,0,0.56620,3.31880,0.18920,0.02740,3840000,-1.00000,666410069675,0.00000
1577,788,0,5.74000,0.00000,0.00000,0.02470,0,-1.00000,666410111028,0.00000
1578,789,0,6.29340,3.04780,0.22730,0.06110,3840000,-1.00000,666410116841,0.00000
1579,789,0,4.25090,0.00000,0.00000,0.02660,0,-1.00000,666410166456,0.00000
1580,790,0,5.49750,2.97600,0.22500,0.02650,3840000,-1.00000,666410172075,0.00000
1581,790,0,3.96170,0.00000,0.00000,0.02080,0,-1.00000,666410229494,0.00000
1582,791,0,5.67280,2.91510,0.19550,0.02730,3840000,-1.00000,666410292424,0.00000
1583,791,0,3.81850,0.00000,0.00000,0.02030,0,-1.00000,666410334952,0.00000
1584,792,0,0.49820,3.00680,0.20300,0.02690,3840000,-1.00000,666410389892,0.00000
1585,792,0,3.92980,0.00000,0.00000,0.01950,0,-1.00000,666410429519,0.00000
1586,793,0,4.49890,2.97030,0.22190,0.03210,3840000,-1.00000,666410486237,0.00000
1587,793,0,3.91350,0.00000,0.00000,0.01990,0,-1.00000,666410524429,0.00000
1588,794,0,5.68670,3.06410,0.25310,0.05650,3840000,-1.00000,666410529406,0.00000
1589,794,0,4.21490,0.00000,0.00000,0.02390,0,-1.00000,666410568711,0.00000
1590,795,0,0.54040,3.19070,0.29570,0.04780,3840000,-1.00000,666410613695,0.00000
1591,795,0,4.31631,0.00000,0.00000,0.02460,0,-1.00000,666410652831,0.00000
1592,796,0,0.49619,3.12590,0.23050,0.02750,3840000,-1.00000,666410709707,0.00000
1593,796,0,4.03150,0.00000,0.00000,0.02330,0,-1.00000,666410751869,0.00000
1594,797,0,2.44790,2.97710,0.21940,0.03350,3840000,-1.00000,666410757246,0.00000
1595,797,0,3.92680,0.00000,0.00000,0.02030,0,-1.00000,666410800443,0.00000
1596,798,0,0.51640,2.92450,0.20530,0.02320,3840000,-1.00000,666410805375,0.00000
1597,798,0,3.88360,0.00000,0.00000,0.02210,0,-1.00000,666410845699,0.00000
1598,799,0,4.44800,3.01060,0.26900,0.04630,3840000,-1.00000,666410870164,0.00000
1599,799,0,4.09460,0.00000,0.00000,0.02550,0,-1.00000,666410909448,0.00000
1600,800,0,2.38120,3.16500,0.23360,0.03250,3840000,-1.00000,666410914601,0.00000
1601,800,0,4.06860,0.00000,0.00000,0.02470,0,-1.00000,666410953438,0.00000
1602,801,0,0.51890,3.11590,0.19490,0.03030,3840000,-1.00000,666410997937,0.00000
1603,801,0,4.00700,0.00000,0.00000,0.02360,0,-1.00000,666411038877,0.00000
1604,802,0,3.96270,3.13400,0.22600,0.03080,3840000,-1.00000,666411062674,0.00000
1605,802,0,4.04990,0.00000,0.00000,0.02030,0,-1.00000,666411103372,0.00000
1606,803,0,0.41990,3.22470,0.16320,0.02360,3840000,-1.00000,666411108545,0.00000
1607,803,0,3.95000,0.00000,0.00000,0.01790,0,-1.00000,666411148634,0.00000
1608,804,0,0.40890,3.10410,0.18330,0.01960,3840000,-1.00000,666411188246,0.00000
1609,804,0,4.12720,0.00000,0.00000,0.02570,0,-1.00000,666411228744,0.00000
1610,805,0,3.20310,3.13530,0.28270,0.04970,3840000,-1.00000,666411232932,0.00000
1611,805,0,4.30510,0.00000,0.00000,0.02250,0,-1.00000,666411272435,0.00000
1612,806,0,5.44550,3.80620,0.24170,0.03530,3840000,-1.00000,666411276522,0.00000
1613,806,0,4.74140,0.00000,0.00000,0.02120,0,-1.00000,666411317823,0.00000
1614,807,0,0.50320,3.15580,0.21240,0.02420,3840000,-1.00000,666411349854,0.00000
1615,807,0,4.02170,0.00000,0.00000,0.02050,0,-1.00000,666411392899,0.00000
1616,808,0,0.44940,3.05900,0.18710,0.02340,3840000,-1.00000,666411447346,0.00000
1617,808,0,3.88450,0.00000,0.00000,0.01850,0,-1.00000,666411494758,0.00000
1618,809,0,0.34380,3.01050,0.17240,0.01880,3840000,-1.00000,666411499786,0.00000
1619,809,0,8.39420,0.00000,0.00000,0.03260,0,-1.00000,666411540009,0.00000
1620,810,0,0.61859,3.33410,0.23980,0.03350,3840000,-1.00000,666411544488,0.00000
1621,810,0,4.29110,0.00000,0.00000,0.02040,0,-1.00000,666411583338,0.00000
1622,811,0,1.50790,3.25810,0.18990,0.02340,3840000,-1.00000,666411586774,0.00000
1623,811,0,4.08750,0.00000,0.00000,0.01750,0,-1.00000,666411670752,0.00000
1624,812,0,5.33890,3.06730,0.14890,0.03340,3840000,-1.00000,666411676912,0.00000
1625,812,0,4.14150,0.00000,0.00000,0.06350,0,-1.00000,666411719821,0.00000
1626,813,0,0.81040,3.25750,0.19600,0.02120,3840000,-1.00000,666411734891,0.00000
1627,813,0,4.06640,0.00000,0.00000,0.01890,0,-1.00000,666411775769,0.00000
1628,814,0,0.44140,3.10160,0.19670,0.04070,3840000,-1.00000,666411829166,0.00000
1629,814,0,3.92000,0.00000,0.00000,0.02010,0,-1.00000,666411870644,0.00000
1630,815,0,0.56710,3.27750,0.26340,0.05280,3840000,-1.00000,666411878675,0.00000
1631,815,0,4.40580,0.00000,0.00000,0.01910,0,-1.00000,666411919341,0.00000
1632,816,0,0.87520,3.25250,0.22900,0.03200,3840000,-1.00000,666411923759,0.00000
1633,816,0,4.45930,0.00000,0.00000,0.02070,0,-1.00000,666411962971,0.00000
1634,817,0,0.45090,3.13490,0.16800,0.02440,3840000,-1.00000,666411968634,0.00000
1635,817,0,3.85930,0.00000,0.00000,0.01930,0,-1.00000,666412012716,0.00000
1636,818,0,2.62620,3.05470,0.18590,0.02810,3840000,-1.00000,666412021445,0.00000
1637,818,0,3.89300,0.00000,0.00000,0.02260,0,-1.00000,666412066038,0.00000
1638,819,0,0.44311,3.06540,0.19740,0.02300,3840000,-1.00000,666412070538,0.00000
1639,819,0,3.87290,0.00000,0.00000,0.01760,0,-1.00000,666412109136,0.00000
1640,820,0,0.41410,3.74100,0.18890,0.02380,3840000,-1.00000,666412135394,0.00000
1641,820,0,4.55240,0.00000,0.00000,0.01990,0,-1.00000,666412174336,0.00000
1642,821,0,1.28090,3.10540,0.24760,0.04700,3840000,-1.00000,666412178749,0.00000
1643,821,0,4.15780,0.00000,0.00000,0.02020,0,-1.00000,666412217491,0.00000
1644,822,0,5.65840,3.72230,0.22450,0.03000,3840000,-1.00000,666412221621,0.00000
1645,822,0,4.58210,0.00000,0.00000,0.02320,0,-1.00000,666412267152,0.00000
1646,823,0,0.44131,3.13060,0.20610,0.02810,3840000,-1.00000,666412279967,0.00000
1647,823,0,3.99170,0.00000,0.00000,0.02110,0,-1.00000,666412321556,0.00000
1648,824,0,0.43330,3.13740,0.20580,0.02700,3840000,-1.00000,666412378119,0.00000
1649,824,0,3.98760,0.00000,0.00000,0.01840,0,-1.00000,666412423949,0.00000
1650,825,0,2.55760,3.08140,0.22380,0.03290,3840000,-1.00000,666412428348,0.00000
1651,825,0,4.16640,0.00000,0.00000,0.01920,0,-1.00000,666412468281,0.00000
1652,826,0,2.42209,3.06230,0.22820,0.03270,3840000,-1.00000,666412472601,0.00000
1653,826,0,4.02300,0.00000,0.00000,0.02570,0,-1.00000,666412512489,0.00000
1654,827,0,0.45200,3.33790,0.26560,0.04890,3840000,-1.00000,666412538053,0.00000
1655,827,0,5.03030,0.00000,0.00000,0.02600,0,-1.00000,666412579730,0.00000
1656,828,0,3.19270,3.14790,0.21480,0.04300,3840000,-1.00000,666412603948,0.00000
1657,828,0,4.14300,0.00000,0.00000,0.01960,0,-1.00000,666412644186,0.00000
1658,829,0,2.46330,3.65670,0.26050,0.05580,3840000,-1.00000,666412648694,0.00000
1659,829,0,4.93480,0.00000,0.00000,0.02230,0,-1.00000,666412699024,0.00000
1660,830,0,4.54800,3.06160,0.22940,0.03490,3840000,-1.00000,666412730942,0.00000
1661,830,0,3.96780,0.00000,0.00000,0.02240,0,-1.00000,666412772359,0.00000
1662,831,0,0.45960,2.98340,0.18030,0.02600,3840000,-1.00000,666412796994,0.00000
1663,831,0,3.83639,0.00000,0.00000,0.02100,0,-1.00000,666412846366,0.00000
1664,832,0,1.28260,3.14690,0.21800,0.03320,3840000,-1.00000,666412891819,0.00000
1665,832,0,4.08240,0.00000,0.00000,0.02470,0,-1.00000,666412931504,0.00000
1666,833,0,0.59460,3.24020,0.22650,0.02930,3840000,-1.00000,666412936084,0.00000
1667,833,0,4.16620,0.00000,0.00000,0.01970,0,-1.00000,666412974476,0.00000
1668,834,0,0.94700,2.98960,0.23740,0.03150,3840000,-1.00000,666412987288,0.00000
1669,834,0,3.84540,0.00000,0.00000,0.01830,0,-1.00000,666413028116,0.00000
1670,835,0,5.80330,3.11640,0.24010,0.04450,3840000,-1.00000,666413034053,0.00000
1671,835,0,4.11270,0.00000,0.00000,0.02420,0,-1.00000,666413075713,0.00000
1672,836,0,2.11540,3.04780,0.22110,0.03330,3840000,-1.00000,666413085180,0.00000
1673,836,0,3.96600,0.00000,0.00000,0.02190,0,-1.00000,666413123636,0.00000
1674,837,0,0.64110,3.13420,0.23050,0.02290,3840000,-1.00000,666413181662,0.00000
1675,837,0,3.97970,0.00000,0.00000,0.02330,0,-1.00000,666413222819,0.00000
1676,838,0,0.36850,3.23910,0.24590,0.04630,3840000,-1.00000,666413243952,0.00000
1677,838,0,4.39280,0.00000,0.00000,0.01970,0,-1.00000,666413283613,0.00000
1678,839,0,9.39820,3.09060,0.21770,0.02920,3840000,-1.00000,666413290014,0.00000
1679,839,0,4.02010,0.00000,0.00000,0.01920,0,-1.00000,666413329806,0.00000
1680,840,0,0.54491,2.98030,0.19210,0.02590,3840000,-1.00000,666413333498,0.00000
1681,840,0,3.79070,0.00000,0.00000,0.02220,0,-1.00000,666413377447,0.00000
1682,841,0,1.40990,3.06840,0.16060,0.02080,3840000,-1.00000,666413471411,0.00000
1683,841,0,3.80430,0.00000,0.00000,0.02210,0,-1.00000,666413511618,0.00000
1684,842,0,0.43260,3.22700,0.23110,0.05300,3840000,-1.00000,666413517059,0.00000
1685,842,0,5.35630,0.00000,0.00000,0.02350,0,-1.00000,666413554968,0.00000
1686,843,0,6.33009,3.01010,0.21490,0.02980,3840000,-1.00000,666413569069,0.00000
1687,843,0,3.92110,0.00000,0.00000,0.01890,0,-1.00000,666413607145,0.00000
1688,844,0,5.94670,3.36850,0.26940,0.02700,3840000,-1.00000,666413611433,0.00000
1689,844,0,4.36910,0.00000,0.00000,0.02490,0,-1.00000,666413665057,0.00000
1690,845,0,1.89290,3.10600,0.16610,0.02110,3840000,-1.00000,666413728304,0.00000
1691,845,0,3.89830,0.00000,0.00000,0.02460,0,-1.00000,666413767514,0.00000
1692,846,0,2.67820,2.78300,0.18300,0.02360,3840000,-1.00000,666413826977,0.00000
1693,846,0,3.65360,0.00000,0.00000,0.02110,0,-1.00000,666413870666,0.00000
1694,847,0,2.75960,3.00670,0.18950,0.03380,3840000,-1.00000,666413889590,0.00000
1695,847,0,4.04250,0.00000,0.00000,0.01890,0,-1.00000,666413928577,0.00000
1696,848,0,5.47310,3.02480,0.22240,0.03020,3840000,-1.00000,666413955362,0.00000
1697,848,0,3.88000,0.00000,0.00000,0.01890,0,-1.00000,666413991901,0.00000
1698,849,0,0.43090,2.97970,0.16400,0.02260,3840000,-1.00000,666414019505,0.00000
1699,849,0,3.79110,0.00000,0.00000,0.03120,0,-1.00000,666414059922,0.00000
1700,850,0,0.46440,2.99140,0.19070,0.02140,3840000,-1.00000,666414114649,0.00000
1701,850,0,3.85370,0.00000,0.00000,0.01810,0,-1.00000,666414153447,0.00000
1702,851,0,0.49040,2.86670,0.23260,0.02450,3840000,-1.00000,666414157753,0.00000
1703,851,0,3.78090,0.00000,0.00000,0.02000,0,-1.00000,666414195668,0.00000
1704,852,0,0.46490,3.07270,0.24360,0.04020,3840000,-1.00000,666414200307,0.00000
1705,852,0,4.09300,0.00000,0.00000,0.02240,0,-1.00000,666414238848,0.00000
1706,853,0,1.28510,3.08340,0.24900,0.02300,3840000,-1.00000,666414243757,0.00000
1707,853,0,3.94030,0.00000,0.00000,0.01890,0,-1.00000,666414281570,0.00000
1708,854,0,5.76361,2.83700,0.23340,0.03250,3840000,-1.00000,666414286207,0.00000
1709,854,0,3.83430,0.00000,0.00000,0.02110,0,-1.00000,666414327153,0.00000
1710,855,0,0.49820,3.05460,0.17430,0.02580,3840000,-1.00000,666414339996,0.00000
1711,855,0,3.88890,0.00000,0.00000,0.01990,0,-1.00000,666414379395,0.00000
1712,856,0,1.50390,2.89870,0.17250,0.02420,3840000,-1.00000,666414437034,0.00000
1713,856,0,3.81750,0.00000,0.00000,0.02060,0,-1.00000,666414475513,0.00000
1714,857,0,0.44500,3.03750,0.18790,0.02580,3840000,-1.00000,666414480351,0.00000
1715,857,0,5.28700,0.00000,0.00000,0.01580,0,-1.00000,666414519250,0.00000
1716,858,0,6.41320,3.20170,0.19040,0.04510,3840000,-1.00000,666414534288,0.00000
1717,858,0,4.19600,0.00000,0.00000,0.02180,0,-1.00000,666414572468,0.00000
1718,859,0,0.49870,2.93790,0.17350,0.01960,3840000,-1.00000,666414576908,0.00000
1719,859,0,3.73850,0.00000,0.00000,0.01870,0,-1.00000,666414629782,0.00000
1720,860,0,0.48210,2.92550,0.16480,0.02210,3840000,-1.00000,666414693931,0.00000
1721,860,0,3.86930,0.00000,0.00000,0.02210,0,-1.00000,666414735886,0.00000
1722,861,0,3.24220,2.93160,0.17910,0.02620,3840000,-1.00000,666414740856,0.00000
1723,861,0,3.89630,0.00000,0.00000,0.02260,0,-1.00000,666414778252,0.00000
1724,862,0,5.73980,3.00240,0.21690,0.04650,3840000,-1.00000,666414783070,0.00000
1725,862,0,4.12490,0.00000,0.00000,0.02320,0,-1.00000,666414821757,0.00000
1726,863,0,5.54840,3.01190,0.19580,0.04080,3840000,-1.00000,666414854180,0.00000
1727,863,0,3.91580,0.00000,0.00000,0.01930,0,-1.00000,666414893143,0.00000
1728,864,0,0.40300,2.73610,0.15410,0.01890,3840000,-1.00000,666414950540,0.00000
1729,864,0,3.41270,0.00000,0.00000,0.01790,0,-1.00000,666414991814,0.00000
1730,865,0,0.37530,2.72930,0.16670,0.01880,3840000,-1.00000,666415047278,0.00000
1731,865,0,3.48280,0.00000,0.00000,0.01990,0,-1.00000,666415086434,0.00000
1732,866,0,1.40740,2.73770,0.17210,0.02400,3840000,-1.00000,666415090458,0.00000
1733,866,0,3.52521,0.00000,0.00000,0.01730,0,-1.00000,666415124585,0.00000
1734,867,0,2.69629,2.73090,0.16270,0.01980,3840000,-1.00000,666415128334,0.00000
1735,867,0,3.42270,0.00000,0.00000,0.01710,0,-1.00000,666415163173,0.00000
1736,868,0,0.42470,2.93710,0.15260,0.02250,3840000,-1.00000,666415177241,0.00000
1737,868,0,3.99340,0.00000,0.00000,0.02300,0,-1.00000,666415212495,0.00000
1738,869,0,1.87450,2.82840,0.27060,0.03790,3840000,-1.00000,666415239456,0.00000
1739,869,0,3.84780,0.00000,0.00000,0.02000,0,-1.00000,666415273683,0.00000
1740,870,0,5.71940,2.84210,0.17130,0.02470,3840000,-1.00000,666415277932,0.00000
1741,870,0,3.61400,0.00000,0.00000,0.02070,0,-1.00000,666415318047,0.00000
1742,871,0,0.55910,3.10090,0.18410,0.02220,3840000,-1.00000,666415336621,0.00000
1743,871,0,3.89330,0.00000,0.00000,0.01860,0,-1.00000,666415375093,0.00000
1744,872,0,0.43310,2.97570,0.15330,0.01840,3840000,-1.00000,666415432290,0.00000
1745,872,0,8.80890,0.00000,0.00000,0.01830,0,-1.00000,666415468425,0.00000
1746,873,0,0.38360,2.89000,0.19760,0.03070,3840000,-1.00000,666415474012,0.00000
1747,873,0,3.81630,0.00000,0.00000,0.01890,0,-1.00000,666415512948,0.00000
1748,874,0,0.43890,2.82710,0.17320,0.02070,3840000,-1.00000,666415517272,0.00000
1749,874,0,3.76600,0.00000,0.00000,0.02200,0,-1.00000,666415605372,0.00000
1750,875,0,0.54080,2.88970,0.15930,0.02030,3840000,-1.00000,666415609199,0.00000
1751,875,0,3.63480,0.00000,0.00000,0.01700,0,-1.00000,666415647382,0.00000
1752,876,0,5.47690,2.82280,0.25950,0.02860,3840000,-1.00000,666415651762,0.00000
1753,876,0,3.67490,0.00000,0.00000,0.01870,0,-1.00000,666415689423,0.00000
1754,877,0,6.09250,2.87290,0.17150,0.02040,3840000,-1.00000,666415694822,0.00000
1755,877,0,3.60550,0.00000,0.00000,0.01730,0,-1.00000,666415731167,0.00000
1756,878,0,5.86250,2.85370,0.30730,0.04460,3840000,-1.00000,666415785943,0.00000
1757,878,0,4.00160,0.00000,0.00000,0.02320,0,-1.00000,666415822693,0.00000
1758,879,0,0.45500,2.87960,0.18740,0.02140,3840000,-1.00000,666415883613,0.00000
1759,879,0,3.71020,0.00000,0.00000,0.01620,0,-1.00000,666415919667,0.00000
1760,880,0,1.31210,2.79800,0.16110,0.02090,3840000,-1.00000,666415978296,0.00000
1761,880,0,3.57980,0.00000,0.00000,0.01690,0,-1.00000,666416018338,0.00000
1762,881,0,0.36540,2.90830,0.16090,0.02360,3840000,-1.00000,666416022860,0.00000
1763,881,0,5.86480,0.00000,0.00000,0.01730,0,-1.00000,666416059976,0.00000
1764,882,0,3.23960,2.76730,0.20490,0.02430,3840000,-1.00000,666416073080,0.00000
1765,882,0,3.64920,0.00000,0.00000,0.01820,0,-1.00000,666416108881,0.00000
1766,883,0,2.87230,3.09200,0.25000,0.03810,3840000,-1.00000,666416112539,0.00000
1767,883,0,4.10080,0.00000,0.00000,0.02300,0,-1.00000,666416171184,0.00000
1768,884,0,2.03350,2.99550,0.24990,0.02810,3840000,-1.00000,666416203580,0.00000
1769,884,0,3.91081,0.00000,0.00000,0.02040,0,-1.00000,666416240075,0.00000
1770,885,0,5.89449,2.76640,0.27800,0.02530,3840000,-1.00000,666416268797,0.00000
1771,885,0,3.85700,0.00000,0.00000,0.01740,0,-1.00000,666416309819,0.00000
1772,886,0,0.39740,2.82260,0.16090,0.02040,3840000,-1.00000,666416330143,0.00000
1773,886,0,3.62910,0.00000,0.00000,0.01890,0,-1.00000,666416369252,0.00000
1774,887,0,0.39330,2.95440,0.17600,0.02080,3840000,-1.00000,666416428191,0.00000
1775,887,0,7.69810,0.00000,0.00000,0.01950,0,-1.00000,666416466760,0.00000
1776,888,0,0.42200,2.71190,0.17890,0.02200,3840000,-1.00000,666416470729,0.00000
1777,888,0,3.47660,0.00000,0.00000,0.01730,0,-1.00000,666416507033,0.00000
1778,889,0,0.41140,2.67780,0.14540,0.01970,3840000,-1.00000,666416510956,0.00000
1779,889,0,3.49799,0.00000,0.00000,0.02180,0,-1.00000,666416587949,0.00000
1780,890,0,0.43600,2.89850,0.19570,0.02870,3840000,-1.00000,666416592156,0.00000
1781,890,0,4.73279,0.00000,0.00000,0.02540,0,-1.00000,666416626925,0.00000
1782,891,0,3.29920,2.68780,0.27870,0.02890,3840000,-1.00000,666416631034,0.00000
1783,891,0,3.59391,0.00000,0.00000,0.02050,0,-1.00000,666416666022,0.00000
1784,892,0,2.80220,2.84400,0.22010,0.02320,3840000,-1.00000,666416670379,0.00000
1785,892,0,3.67180,0.00000,0.00000,0.02070,0,-1.00000,666416717731,0.00000
1786,893,0,5.83650,2.67970,0.16860,0.02590,3840000,-1.00000,666416750703,0.00000
1787,893,0,3.46811,0.00000,0.00000,0.01840,0,-1.00000,666416786636,0.00000
1788,894,0,0.41250,2.82730,0.22310,0.03230,3840000,-1.00000,666416814656,0.00000
1789,894,0,3.86330,0.00000,0.00000,0.02320,0,-1.00000,666416851383,0.00000
1790,895,0,5.35419,2.68750,0.24290,0.02900,3840000,-1.00000,666416909743,0.00000
1791,895,0,3.54960,0.00000,0.00000,0.01990,0,-1.00000,666416944435,0.00000
1792,896,0,5.93030,2.67600,0.16480,0.02000,3840000,-1.00000,666416948546,0.00000
1793,896,0,3.57360,0.00000,0.00000,0.02440,0,-1.00000,666416987210,0.00000
1794,897,0,0.39440,2.69000,0.16170,0.02580,3840000,-1.00000,666417040731,0.00000
1795,897,0,3.62400,0.00000,0.00000,0.02120,0,-1.00000,666417076230,0.00000
1796,898,0,2.21579,2.84960,0.14750,0.02020,3840000,-1.00000,666417135524,0.00000
1797,898,0,3.62530,0.00000,0.00000,0.01590,0,-1.00000,666417171272,0.00000
1798,899,0,2.85120,2.90680,0.19950,0.02560,3840000,-1.00000,666417175202,0.00000
1799,899,0,3.79750,0.00000,0.00000,0.02270,0,-1.00000,666417211449,0.00000
1800,900,0,2.41440,2.86990,0.20490,0.03420,3840000,-1.00000,666417233598,0.00000
1801,900,0,3.73620,0.00000,0.00000,0.01620,0,-1.00000,666417269857,0.00000
1802,901,0,0.45560,2.82170,0.16670,0.01950,3840000,-1.00000,666417298362,0.00000
1803,901,0,5.51541,0.00000,0.00000,0.01910,0,-1.00000,666417336348,0.00000
1804,902,0,3.28919,2.81680,0.21150,0.02530,3840000,-1.00000,666417360493,0.00000
1805,902,0,3.64651,0.00000,0.00000,0.01850,0,-1.00000,666417397844,0.00000
1806,903,0,2.68389,2.67140,0.16450,0.02160,3840000,-1.00000,666417402401,0.00000
1807,903,0,3.42251,0.00000,0.00000,0.01830,0,-1.00000,666417457562,0.00000
1808,904,0,3.07720,2.85330,0.26340,0.04410,3840000,-1.00000,666417490451,0.00000
1809,904,0,3.96430,0.00000,0.00000,0.02220,0,-1.00000,666417526918,0.00000
1810,905,0,0.45490,2.70010,0.15170,0.01940,3840000,-1.00000,666417553752,0.00000
1811,905,0,3.49850,0.00000,0.00000,0.01810,0,-1.00000,666417587977,0.00000
1812,906,0,3.11740,2.91250,0.16160,0.02290,3840000,-1.00000,666417618745,0.00000
1813,906,0,3.70060,0.00000,0.00000,0.01970,0,-1.00000,666417658421,0.00000
1814,907,0,0.41640,2.69960,0.16870,0.02130,3840000,-1.00000,666417662938,0.00000
1815,907,0,3.74760,0.00000,0.00000,0.06020,0,-1.00000,666417697928,0.00000
1816,908,0,0.54460,2.66850,0.16390,0.02450,3840000,-1.00000,666417729097,0.00000
1817,908,0,4.48420,0.00000,0.00000,0.01590,0,-1.00000,666417766116,0.00000
1818,909,0,1.53730,2.66040,0.16010,0.02130,3840000,-1.00000,666417770266,0.00000
1819,909,0,3.39510,0.00000,0.00000,0.01810,0,-1.00000,666417807757,0.00000
1820,910,0,6.43550,2.88620,0.30220,0.03720,3840000,-1.00000,666417813191,0.00000
1821,910,0,3.98030,0.00000,0.00000,0.02940,0,-1.00000,666417858043,0.00000
1822,911,0,0.54350,2.67630,0.17080,0.02490,3840000,-1.00000,666417873405,0.00000
1823,911,0,8.30320,0.00000,0.00000,0.02050,0,-1.00000,666417907357,0.00000
1824,912,0,0.58190,2.74870,0.19780,0.02770,3840000,-1.00000,666417971716,0.00000
1825,912,0,3.58500,0.00000,0.00000,0.01800,0,-1.00000,666418011542,0.00000
1826,913,0,5.58530,2.89190,0.15130,0.01940,3840000,-1.00000,666418016961,0.00000
1827,913,0,3.63990,0.00000,0.00000,0.02190,0,-1.00000,666418099988,0.00000
1828,914,0,5.89440,2.91110,0.22750,0.04540,3840000,-1.00000,666418105805,0.00000
1829,914,0,4.05660,0.00000,0.00000,0.01880,0,-1.00000,666418141655,0.00000
1830,915,0,0.42180,2.85050,0.17560,0.02240,3840000,-1.00000,666418197508,0.00000
1831,915,0,3.61640,0.00000,0.00000,0.02110,0,-1.00000,666418233909,0.00000
1832,916,0,0.40570,2.65200,0.26400,0.02390,3840000,-1.00000,666418292854,0.00000
1833,916,0,3.51030,0.00000,0.00000,0.01990,0,-1.00000,666418333430,0.00000
1834,917,0,0.44440,2.89980,0.18700,0.02400,3840000,-1.00000,666418337631,0.00000
1835,917,0,3.62400,0.00000,0.00000,0.01940,0,-1.00000,666418373800,0.00000
1836,918,0,6.29710,2.93520,0.15950,0.02510,3840000,-1.00000,666418377851,0.00000
1837,918,0,3.74280,0.00000,0.00000,0.01590,0,-1.00000,666418412958,0.00000
1838,919,0,5.92490,2.67300,0.23650,0.03860,3840000,-1.00000,666418417402,0.00000
1839,919,0,3.67399,0.00000,0.00000,0.01710,0,-1.00000,666418453643,0.00000
1840,920,0,2.81070,2.92890,0.24550,0.04400,3840000,-1.00000,666418516617,0.00000
1841,920,0,4.13580,0.00000,0.00000,0.02130,0,-1.00000,666418554042,0.00000
1842,921,0,2.23540,2.68900,0.29880,0.04240,3840000,-1.00000,666418613295,0.00000
1843,921,0,3.76620,0.00000,0.00000,0.02280,0,-1.00000,666418650027,0.00000
1844,922,0,0.44540,2.71440,0.18440,0.02420,3840000,-1.00000,666418678143,0.00000
1845,922,0,3.45320,0.00000,0.00000,0.02230,0,-1.00000,666418719509,0.00000
1846,923,0,6.51980,2.78820,0.19810,0.03220,3840000,-1.00000,666418741859,0.00000
1847,923,0,3.65830,0.00000,0.00000,0.01950,0,-1.00000,666418779519,0.00000
1848,924,0,0.41460,2.85640,0.14590,0.01940,3840000,-1.00000,666418783967,0.00000
1849,924,0,3.66790,0.00000,0.00000,0.02090,0,-1.00000,666418818494,0.00000
1850,925,0,0.43870,2.91600,0.30000,0.04480,3840000,-1.00000,666418883695,0.00000
1851,925,0,4.00970,0.00000,0.00000,0.01880,0,-1.00000,666418920283,0.00000
1852,926,0,0.42640,2.91780,0.19130,0.02670,3840000,-1.00000,666418924419,0.00000
1853,926,0,3.90680,0.00000,0.00000,0.02270,0,-1.00000,666418961102,0.00000
1854,927,0,1.45110,2.70560,0.18630,0.02000,3840000,-1.00000,666418965484,0.00000
1855,927,0,3.61270,0.00000,0.00000,0.01950,0,-1.00000,666419005604,0.00000
1856,928,0,2.72120,2.66620,0.17460,0.02530,3840000,-1.00000,666419009847,0.00000
1857,928,0,3.50630,0.00000,0.00000,0.01920,0,-1.00000,666419048927,0.00000
1858,929,0,0.46600,2.84910,0.15580,0.02240,3840000,-1.00000,666419063482,0.00000
1859,929,0,5.81000,0.00000,0.00000,0.01940,0,-1.00000,666419099559,0.00000
1860,930,0,6.07950,2.65740,0.17400,0.02170,3840000,-1.00000,666419126768,0.00000
1861,930,0,3.41050,0.00000,0.00000,0.01930,0,-1.00000,666419161835,0.00000
1862,931,0,3.41240,2.91410,0.26060,0.03900,3840000,-1.00000,666419166488,0.00000
1863,931,0,3.89870,0.00000,0.00000,0.01920,0,-1.00000,666419224601,0.00000
1864,932,0,0.43810,2.84680,0.17480,0.01950,3840000,-1.00000,666419285386,0.00000
1865,932,0,4.96750,0.00000,0.00000,0.02130,0,-1.00000,666419319491,0.00000
1866,933,0,3.18700,2.81380,0.20460,0.02570,3840000,-1.00000,666419353630,0.00000
1867,933,0,3.72730,0.00000,0.00000,0.02140,0,-1.00000,666419392606,0.00000
1868,934,0,2.56310,2.71470,0.19200,0.02550,3840000,-1.00000,666419396984,0.00000
1869,934,0,3.60550,0.00000,0.00000,0.01670,0,-1.00000,666419446660,0.00000
1870,935,0,6.14650,2.91810,0.24250,0.04020,3840000,-1.00000,666419478529,0.00000
1871,935,0,3.97410,0.00000,0.00000,0.02160,0,-1.00000,666419515809,0.00000
1872,936,0,0.45200,2.67710,0.18330,0.02010,3840000,-1.00000,666419541432,0.00000
1873,936,0,3.41990,0.00000,0.00000,0.01760,0,-1.00000,666419577485,0.00000
1874,937,0,1.59910,2.64410,0.17750,0.01970,3840000,-1.00000,666419638960,0.00000
1875,937,0,3.33900,0.00000,0.00000,0.01870,0,-1.00000,666419678704,0.00000
1876,938,0,0.37520,2.87780,0.15400,0.01720,3840000,-1.00000,666419683208,0.00000
1877,938,0,3.61650,0.00000,0.00000,0.04310,0,-1.00000,666419717409,0.00000
1878,939,0,2.46580,2.77270,0.27770,0.02880,3840000,-1.00000,666419733397,0.00000
1879,939,0,3.75990,0.00000,0.00000,0.02150,0,-1.00000,666419766793,0.00000
1880,940,0,4.07210,2.65770,0.14300,0.02250,3840000,-1.00000,666419770541,0.00000
1881,940,0,3.41070,0.00000,0.00000,0.01890,0,-1.00000,666419806714,0.00000
1882,941,0,0.39710,2.69780,0.18690,0.01950,3840000,-1.00000,666419831371,0.00000
1883,941,0,4.20270,0.00000,0.00000,0.02000,0,-1.00000,666419868979,0.00000
1884,942,0,0.42110,3.20180,0.21910,0.03790,3840000,-1.00000,666419909686,0.00000
1885,942,0,4.24179,0.00000,0.00000,0.01670,0,-1.00000,666419943797,0.00000
1886,943,0,6.59890,3.00370,0.23890,0.03480,3840000,-1.00000,666419947761,0.00000
1887,943,0,4.04590,0.00000,0.00000,0.02420,0,-1.00000,666419989791,0.00000
1888,944,0,0.55599,2.86070,0.27810,0.04160,3840000,-1.00000,666419993994,0.00000
1889,944,0,4.13880,0.00000,0.00000,0.01690,0,-1.00000,666420036438,0.00000
1890,945,0,0.44910,2.71570,0.29330,0.04980,3840000,-1.00000,666420102415,0.00000
1891,945,0,3.96200,0.00000,0.00000,0.02490,0,-1.00000,666420142912,0.00000
1892,946,0,4.59160,2.79250,0.34660,0.05380,3840000,-1.00000,666420148436,0.00000
1893,946,0,4.05840,0.00000,0.00000,0.03130,0,-1.00000,666420189849,0.00000
1894,947,0,0.56900,2.85700,0.29730,0.05300,3840000,-1.00000,666420194314,0.00000
1895,947,0,8.21140,0.00000,0.00000,0.03650,0,-1.00000,666420233970,0.00000
1896,948,0,3.16210,2.74040,0.23670,0.02860,3840000,-1.00000,666420279850,0.00000
1897,948,0,3.80200,0.00000,0.00000,0.01810,0,-1.00000,666420320471,0.00000
1898,949,0,0.44190,2.85880,0.16340,0.02110,3840000,-1.00000,666420326130,0.00000
1899,949,0,3.65460,0.00000,0.00000,0.01910,0,-1.00000,666420408303,0.00000
1900,950,0,1.79010,2.69020,0.20220,0.01840,3840000,-1.00000,666420439880,0.00000
1901,950,0,3.56060,0.00000,0.00000,0.02980,0,-1.00000,666420477881,0.00000
1902,951,0,2.75550,2.69160,0.19610,0.02830,3840000,-1.00000,666420482290,0.00000
1903,951,0,3.57740,0.00000,0.00000,0.01560,0,-1.00000,666420518837,0.00000
1904,952,0,2.88130,3.01430,0.21210,0.03820,3840000,-1.00000,666420536748,0.00000
1905,952,0,4.02470,0.00000,0.00000,0.01940,0,-1.00000,666420572344,0.00000
1906,953,0,2.35120,2.69010,0.17510,0.02370,3840000,-1.00000,666420599905,0.00000
1907,953,0,3.59340,0.00000,0.00000,0.01870,0,-1.00000,666420635671,0.00000
1908,954,0,2.88780,2.87310,0.24730,0.02400,3840000,-1.00000,666420664494,0.00000
1909,954,0,3.75020,0.00000,0.00000,0.02000,0,-1.00000,666420704744,0.00000
1910,955,0,5.68660,3.03280,0.17860,0.02680,3840000,-1.00000,666420728247,0.00000
1911,955,0,3.87690,0.00000,0.00000,0.02080,0,-1.00000,666420764186,0.00000
1912,956,0,0.44120,2.66480,0.16690,0.03400,3840000,-1.00000,666420793189,0.00000
1913,956,0,3.54610,0.00000,0.00000,0.02270,0,-1.00000,666420830559,0.00000
1914,957,0,1.94940,2.72430,0.24120,0.03480,3840000,-1.00000,666420887427,0.00000
1915,957,0,3.79540,0.00000,0.00000,0.01770,0,-1.00000,666420926200,0.00000
1916,958,0,5.85100,2.88510,0.19280,0.03100,3840000,-1.00000,666420930603,0.00000
1917,958,0,3.77820,0.00000,0.00000,0.02250,0,-1.00000,666420966082,0.00000
1918,959,0,2.51560,2.80930,0.18000,0.02040,3840000,-1.00000,666420985579,0.00000
1919,959,0,4.58450,0.00000,0.00000,0.01550,0,-1.00000,666421023522,0.00000
1920,960,0,1.61910,2.87880,0.19060,0.02840,3840000,-1.00000,666421082035,0.00000
1921,960,0,3.80730,0.00000,0.00000,0.01800,0,-1.00000,666421119817,0.00000
1922,961,0,0.45340,2.93600,0.18640,0.02280,3840000,-1.00000,666421144964,0.00000
1923,961,0,3.75570,0.00000,0.00000,0.01880,0,-1.00000,666421190805,0.00000
1924,962,0,4.97100,2.92180,0.23120,0.04130,3840000,-1.00000,666421207000,0.00000
1925,962,0,3.90580,0.00000,0.00000,0.02280,0,-1.00000,666421245079,0.00000
1926,963,0,5.72290,2.78190,0.22680,0.02530,3840000,-1.00000,666421249606,0.00000
1927,963,0,3.57600,0.00000,0.00000,0.01850,0,-1.00000,666421287163,0.00000
1928,964,0,5.89170,2.70950,0.16760,0.02400,3840000,-1.00000,666421336880,0.00000
1929,964,0,3.54900,0.00000,0.00000,0.01870,0,-1.00000,666421375948,0.00000
1930,965,0,3.02020,2.74950,0.15480,0.02080,3840000,-1.00000,666421433166,0.00000
1931,965,0,3.56409,0.00000,0.00000,0.02030,0,-1.00000,666421468925,0.00000
1932,966,0,5.98830,2.80340,0.27290,0.04830,3840000,-1.00000,666421527882,0.00000
1933,966,0,3.81590,0.00000,0.00000,0.02270,0,-1.00000,666421563332,0.00000
1934,967,0,2.61050,2.68140,0.19670,0.02560,3840000,-1.00000,666421593529,0.00000
1935,967,0,3.52580,0.00000,0.00000,0.01980,0,-1.00000,666421629178,0.00000
1936,968,0,6.27080,2.74240,0.18230,0.02690,3840000,-1.00000,666421689073,0.00000
1937,968,0,3.53700,0.00000,0.00000,0.01860,0,-1.00000,666421727220,0.00000
1938,969,0,0.41570,2.88650,0.16620,0.01870,3840000,-1.00000,666421753320,0.00000
1939,969,0,3.56040,0.00000,0.00000,0.01610,0,-1.00000,666421788577,0.00000
1940,970,0,5.15470,2.83770,0.20340,0.04080,3840000,-1.00000,666421851296,0.00000
1941,970,0,3.96490,0.00000,0.00000,0.02220,0,-1.00000,666421886655,0.00000
1942,971,0,2.54979,2.87500,0.17260,0.02260,3840000,-1.00000,666421890808,0.00000
1943,971,0,3.72490,0.00000,0.00000,0.01860,0,-1.00000,666421926413,0.00000
1944,972,0,0.45940,2.91150,0.14070,0.02070,3840000,-1.00000,666421977967,0.00000
1945,972,0,3.63230,0.00000,0.00000,0.02340,0,-1.00000,666422017643,0.00000
1946,973,0,1.69700,2.76060,0.25860,0.02360,3840000,-1.00000,666422043112,0.00000
1947,973,0,3.79770,0.00000,0.00000,0.02080,0,-1.00000,666422080364,0.00000
1948,974,0,5.61570,2.76700,0.14270,0.02250,3840000,-1.00000,666422084955,0.00000
1949,974,0,3.49820,0.00000,0.00000,0.02080,0,-1.00000,666422121285,0.00000
1950,975,0,0.45310,2.91010,0.21720,0.02910,3840000,-1.00000,666422138249,0.00000
1951,975,0,3.82280,0.00000,0.00000,0.01920,0,-1.00000,666422176227,0.00000
1952,976,0,0.45710,3.00580,0.26240,0.05600,3840000,-1.00000,666422232483,0.00000
1953,976,0,4.36260,0.00000,0.00000,0.02230,0,-1.00000,666422267364,0.00000
1954,977,0,0.66070,3.13360,0.18340,0.03720,3840000,-1.00000,666422271893,0.00000
1955,977,0,4.13880,0.00000,0.00000,0.02050,0,-1.00000,666422310183,0.00000
1956,978,0,2.05370,3.01520,0.18730,0.03130,3840000,-1.00000,666422314698,0.00000
1957,978,0,3.99820,0.00000,0.00000,0.02200,0,-1.00000,666422358360,0.00000
1958,979,0,5.58920,2.86790,0.28060,0.04080,3840000,-1.00000,666422364938,0.00000
1959,979,0,3.95330,0.00000,0.00000,0.02810,0,-1.00000,666422406330,0.00000
1960,980,0,5.73720,2.84520,0.16120,0.02580,3840000,-1.00000,666422426855,0.00000
1961,980,0,3.75069,0.00000,0.00000,0.02210,0,-1.00000,666422466845,0.00000
1962,981,0,0.52720,2.93260,0.18550,0.03770,3840000,-1.00000,666422522726,0.00000
1963,981,0,4.07220,0.00000,0.00000,0.03800,0,-1.00000,666422562295,0.00000
1964,982,0,4.32280,3.20560,0.27730,0.06290,3840000,-1.00000,666422619665,0.00000
1965,982,0,4.46630,0.00000,0.00000,0.02290,0,-1.00000,666422657138,0.00000
1966,983,0,5.06850,2.73720,0.24820,0.02660,3840000,-1.00000,666422662412,0.00000
1967,983,0,3.64950,0.00000,0.00000,0.01880,0,-1.00000,666422703155,0.00000
1968,984,0,0.47770,2.79900,0.17350,0.02160,3840000,-1.00000,666422746375,0.00000
1969,984,0,3.63890,0.00000,0.00000,0.02050,0,-1.00000,666422791056,0.00000
1970,985,0,1.94690,2.83400,0.24370,0.03350,3840000,-1.00000,666422841710,0.00000
1971,985,0,3.81680,0.00000,0.00000,0.02490,0,-1.00000,666422878210,0.00000
1972,986,0,2.66930,2.93220,0.20280,0.02850,3840000,-1.00000,666422882979,0.00000
1973,986,0,3.98680,0.00000,0.00000,0.02090,0,-1.00000,666422919373,0.00000
1974,987,0,0.44150,2.89390,0.21390,0.02490,3840000,-1.00000,666422938838,0.00000
1975,987,0,3.78090,0.00000,0.00000,0.02000,0,-1.00000,666422977092,0.00000
1976,988,0,1.28090,2.77820,0.21950,0.02390,3840000,-1.00000,666423003705,0.00000
1977,988,0,3.59860,0.00000,0.00000,0.02140,0,-1.00000,666423043576,0.00000
1978,989,0,5.99390,2.85380,0.21300,0.04130,3840000,-1.00000,666423047976,0.00000
1979,989,0,3.98960,0.00000,0.00000,0.02180,0,-1.00000,666423085805,0.00000
1980,990,0,0.49980,2.95930,0.21280,0.03110,3840000,-1.00000,666423098601,0.00000
1981,990,0,3.88610,0.00000,0.00000,0.01590,0,-1.00000,666423134586,0.00000
1982,991,0,0.47820,2.84010,0.19200,0.02150,3840000,-1.00000,666423194542,0.00000
1983,991,0,3.56680,0.00000,0.00000,0.01850,0,-1.00000,666423234440,0.00000
1984,992,0,0.40620,2.88920,0.23040,0.04030,3840000,-1.00000,666423239415,0.00000
1985,992,0,3.95310,0.00000,0.00000,0.02010,0,-1.00000,666423278290,0.00000
1986,993,0,0.77550,3.03470,0.30580,0.04440,3840000,-1.00000,666423283061,0.00000
1987,993,0,4.22490,0.00000,0.00000,0.02380,0,-1.00000,666423318727,0.00000
1988,994,0,0.51660,2.98210,0.24450,0.02650,3840000,-1.00000,666423322786,0.00000
1989,994,0,3.97340,0.00000,0.00000,0.01730,0,-1.00000,666423362343,0.00000
1990,995,0,5.64160,2.82570,0.24280,0.02530,3840000,-1.00000,666423370078,0.00000
1991,995,0,3.72780,0.00000,0.00000,0.02480,0,-1.00000,666423412360,0.00000
1992,996,0,0.58440,2.99140,0.22880,0.11050,3840000,-1.00000,666423417494,0.00000
1993,996,0,4.10720,0.00000,0.00000,0.02470,0,-1.00000,666423457228,0.00000
1994,997,0,0.48909,2.84970,0.22970,0.02600,3840000,-1.00000,666423513642,0.00000
1995,997,0,3.76891,0.00000,0.00000,0.02150,0,-1.00000,666423550924,0.00000
1996,998,0,6.69780,2.75850,0.18980,0.02740,3840000,-1.00000,666423556765,0.00000
1997,998,0,3.63730,0.00000,0.00000,0.01910,0,-1.00000,666423597860,0.00000
1998,999,0,0.51960,2.82280,0.16670,0.02200,3840000,-1.00000,666423602723,0.00000
1999,999,0,3.59190,0.00000,0.00000,0.01980,0,-1.00000,666423640437,0.00000
2000,1000,0,0.40700,2.84480,0.20360,0.06770,3840000,-1.00000,666423707398,0.00000
2001,1000,0,3.84100,0.00000,0.00000,0.02090,0,-1.00000,666423743768,0.00000
2002,1001,0,0.48710,3.20330,0.33510,0.05800,3840000,-1.00000,666423748969,0.00000
2003,1001,0,4.41200,0.00000,0.00000,0.01990,0,-1.00000,666423784884,0.00000
2004,1002,0,2.33289,3.06940,0.19180,0.02260,3840000,-1.00000,666423788946,0.00000
2005,1002,0,3.91700,0.00000,0.00000,0.01800,0,-1.00000,666423827473,0.00000
2006,1003,0,0.40160,2.95620,0.19780,0.02340,3840000,-1.00000,666423832237,0.00000
2007,1003,0,5.28880,0.00000,0.00000,0.03080,0,-1.00000,666423876378,0.00000
2008,1004,0,0.56310,3.25360,0.42560,0.03510,3840000,-1.00000,666423899685,0.00000
2009,1004,0,5.83020,0.00000,0.00000,0.02250,0,-1.00000,666423938854,0.00000
2010,1005,0,3.17660,3.02340,0.23200,0.02390,3840000,-1.00000,666423942870,0.00000
2011,1005,0,3.90610,0.00000,0.00000,0.03900,0,-1.00000,666423995762,0.00000
2012,1006,0,2.57670,3.08510,0.22870,0.03680,3840000,-1.00000,666424001393,0.00000
2013,1006,0,4.09000,0.00000,0.00000,0.01830,0,-1.00000,666424059710,0.00000
2014,1007,0,2.28670,3.02880,0.29380,0.02210,3840000,-1.00000,666424091460,0.00000
2015,1007,0,3.96920,0.00000,0.00000,0.01690,0,-1.00000,666424130516,0.00000
2016,1008,0,2.27100,3.08060,0.26690,0.04610,3840000,-1.00000,666424156283,0.00000
2017,1008,0,4.25970,0.00000,0.00000,0.02410,0,-1.00000,666424197205,0.00000
2018,1009,0,0.55740,3.07710,0.18870,0.02130,3840000,-1.00000,666424220044,0.00000
2019,1009,0,3.85770,0.00000,0.00000,0.01850,0,-1.00000,666424259743,0.00000
2020,1010,0,0.42130,3.05610,0.15020,0.02250,3840000,-1.00000,666424282448,0.00000
2021,1010,0,3.90760,0.00000,0.00000,0.01860,0,-1.00000,666424325075,0.00000
2022,1011,0,0.47940,3.10430,0.20920,0.03770,3840000,-1.00000,666424330622,0.00000
2023,1011,0,4.10560,0.00000,0.00000,0.01910,0,-1.00000,666424369239,0.00000
2024,1012,0,1.78510,3.12700,0.17890,0.02390,3840000,-1.00000,666424373407,0.00000
2025,1012,0,4.63480,0.00000,0.00000,0.01660,0,-1.00000,666424412485,0.00000
2026,1013,0,0.34140,3.06040,0.16630,0.02510,3840000,-1.00000,666424417275,0.00000
2027,1013,0,3.86650,0.00000,0.00000,0.01890,0,-1.00000,666424458349,0.00000
2028,1014,0,0.77640,2.99550,0.21950,0.02480,3840000,-1.00000,666424476197,0.00000
2029,1014,0,3.88180,0.00000,0.00000,0.02150,0,-1.00000,666424522541,0.00000
2030,1015,0,2.55810,3.08310,0.24440,0.05090,3840000,-1.00000,666424525948,0.00000
2031,1015,0,4.30670,0.00000,0.00000,0.01990,0,-1.00000,666424564615,0.00000
2032,1016,0,0.50580,3.76320,0.19330,0.02610,3840000,-1.00000,666424572375,0.00000
2033,1016,0,4.95950,0.00000,0.00000,0.01920,0,-1.00000,666424611204,0.00000
2034,1017,0,3.03430,3.31160,0.19620,0.03130,3840000,-1.00000,666424636797,0.00000
2035,1017,0,4.26160,0.00000,0.00000,0.02090,0,-1.00000,666424679868,0.00000
2036,1018,0,2.19550,3.05290,0.26150,0.05750,3840000,-1.00000,666424684907,0.00000
2037,1018,0,4.21580,0.00000,0.00000,0.01990,0,-1.00000,666424734504,0.00000
2038,1019,0,2.19970,3.05790,0.18920,0.02460,3840000,-1.00000,666424764970,0.00000
2039,1019,0,3.98090,0.00000,0.00000,0.01990,0,-1.00000,666424807472,0.00000
2040,1020,0,2.40220,3.15960,0.22240,0.06050,3840000,-1.00000,666424829412,0.00000
2041,1020,0,4.23120,0.00000,0.00000,0.02270,0,-1.00000,666424871589,0.00000
2042,1021,0,2.21120,3.28560,0.22860,0.05960,3840000,-1.00000,666424893565,0.00000
2043,1021,0,4.33490,0.00000,0.00000,0.02520,0,-1.00000,666424933376,0.00000
2044,1022,0,2.06250,3.34950,0.19640,0.02650,3840000,-1.00000,666424957402,0.00000
2045,1022,0,4.25490,0.00000,0.00000,0.01880,0,-1.00000,666424999731,0.00000
2046,1023,0,2.19590,3.13660,0.19620,0.02010,3840000,-1.00000,666425021831,0.00000
2047,1023,0,3.94190,0.00000,0.00000,0.01860,0,-1.00000,666425065200,0.00000
2048,1024,0,2.42740,3.01030,0.19620,0.02110,3840000,-1.00000,666425085801,0.00000
2049,1024,0,3.79180,0.00000,0.00000,0.01720,0,-1.00000,666425128353,0.00000
2050,1025,0,3.81920,3.06390,0.24710,0.04000,3840000,-1.00000,666425150306,0.00000
2051,1025,0,4.15290,0.00000,0.00000,0.02790,0,-1.00000,666425189724,0.00000
2052,1026,0,0.51210,2.88540,0.20860,0.03510,3840000,-1.00000,666425214001,0.00000
2053,1026,0,3.83620,0.00000,0.00000,0.01960,0,-1.00000,666425251913,0.00000
2054,1027,0,0.46750,2.93260,0.18090,0.02010,3840000,-1.00000,666425290124,0.00000
2055,1027,0,3.77100,0.00000,0.00000,0.02120,0,-1.00000,666425331647,0.00000
2056,1028,0,0.42620,2.98460,0.17990,0.04140,3840000,-1.00000,666425336803,0.00000
2057,1028,0,7.29000,0.00000,0.00000,0.02110,0,-1.00000,666425375131,0.00000
2058,1029,0,0.94290,2.87080,0.23260,0.02530,3840000,-1.00000,666425379791,0.00000
2059,1029,0,3.87550,0.00000,0.00000,0.02000,0,-1.00000,666425417515,0.00000
2060,1030,0,5.65551,2.85480,0.30640,0.03170,3840000,-1.00000,666425421765,0.00000
2061,1030,0,3.92070,0.00000,0.00000,0.02110,0,-1.00000,666425494699,0.00000
2062,1031,0,2.61770,3.13030,0.28000,0.05530,3840000,-1.00000,666425504567,0.00000
2063,1031,0,4.23590,0.00000,0.00000,0.02470,0,-1.00000,666425542856,0.00000
2064,1032,0,0.54140,3.13580,0.26420,0.03200,3840000,-1.00000,666425599409,0.00000
2065,1032,0,4.81140,0.00000,0.00000,0.03550,0,-1.00000,666425638634,0.00000
2066,1033,0,6.26400,2.98100,0.18130,0.02210,3840000,-1.00000,666425664796,0.00000
2067,1033,0,3.78440,0.00000,0.00000,0.01780,0,-1.00000,666425707184,0.00000
2068,1034,0,2.81870,3.17300,0.19120,0.03740,3840000,-1.00000,666425712567,0.00000
2069,1034,0,4.18120,0.00000,0.00000,0.02680,0,-1.00000,666425760694,0.00000
2070,1035,0,5.47570,3.11410,0.22570,0.03620,3840000,-1.00000,666425823318,0.00000
2071,1035,0,4.10000,0.00000,0.00000,0.02350,0,-1.00000,666425861161,0.00000
2072,1036,0,2.35280,3.08120,0.23950,0.04640,3840000,-1.00000,666425889355,0.00000
2073,1036,0,4.17160,0.00000,0.00000,0.02390,0,-1.00000,666425931173,0.00000
2074,1037,0,2.17090,3.06120,0.20670,0.02430,3840000,-1.00000,666425985918,0.00000
2075,1037,0,3.90740,0.00000,0.00000,0.01800,0,-1.00000,666426026951,0.00000
2076,1038,0,5.71640,2.89530,0.18220,0.02820,3840000,-1.00000,666426050453,0.00000
2077,1038,0,3.87450,0.00000,0.00000,0.01940,0,-1.00000,666426092200,0.00000
2078,1039,0,2.74520,2.99890,0.21080,0.03520,3840000,-1.00000,666426113876,0.00000
2079,1039,0,3.99750,0.00000,0.00000,0.02500,0,-1.00000,666426152945,0.00000
2080,1040,0,6.71370,2.95420,0.18950,0.02770,3840000,-1.00000,666426210110,0.00000
2081,1040,0,3.78350,0.00000,0.00000,0.01850,0,-1.00000,666426248866,0.00000
2082,1041,0,0.41780,2.90690,0.16610,0.01810,3840000,-1.00000,666426276351,0.00000
2083,1041,0,3.61700,0.00000,0.00000,0.01750,0,-1.00000,666426316299,0.00000
2084,1042,0,0.60780,3.09150,0.18290,0.03480,3840000,-1.00000,666426383423,0.00000
2085,1042,0,4.01230,0.00000,0.00000,0.02070,0,-1.00000,666426421261,0.00000
2086,1043,0,6.95610,3.08010,0.19160,0.02560,3840000,-1.00000,666426425424,0.00000
2087,1043,0,3.90900,0.00000,0.00000,0.01880,0,-1.00000,666426461597,0.00000
2088,1044,0,0.42300,3.10310,0.16770,0.02290,3840000,-1.00000,666426467673,0.00000
2089,1044,0,3.99079,0.00000,0.00000,0.01900,0,-1.00000,666426507818,0.00000
2090,1045,0,0.45420,3.31080,0.27640,0.03650,3840000,-1.00000,666426577370,0.00000
2091,1045,0,5.94590,0.00000,0.00000,0.02360,0,-1.00000,666426616453,0.00000
2092,1046,0,0.50660,3.10210,0.19500,0.03220,3840000,-1.00000,666426620677,0.00000
2093,1046,0,5.98600,0.00000,0.00000,0.02010,0,-1.00000,666426660595,0.00000
2094,1047,0,3.21870,3.18550,0.19270,0.02830,3840000,-1.00000,666426665128,0.00000
2095,1047,0,4.02470,0.00000,0.00000,0.01620,0,-1.00000,666426724616,0.00000
2096,1048,0,5.75940,3.08970,0.18670,0.03810,3840000,-1.00000,666426729663,0.00000
2097,1048,0,4.04680,0.00000,0.00000,0.02560,0,-1.00000,666426789531,0.00000
2098,1049,0,2.16720,3.15850,0.18170,0.05320,3840000,-1.00000,666426821707,0.00000
2099,1049,0,4.37580,0.00000,0.00000,0.02140,0,-1.00000,666426861956,0.00000
2100,1050,0,2.20370,2.97850,0.21550,0.02860,3840000,-1.00000,666426919557,0.00000
