frame,tick,dropped_ticks,frame_ms,pack_ms,upload_ms,submit_ms,upload_bytes,latest_gpu_ms,gpu_timing_timestamp,simulation_cpu_ms
301,150,0,3.93670,0.00000,0.00000,0.02030,0,-1.00000,666045006806,0.00000
302,151,0,0.88250,3.29140,0.15550,0.02300,3840000,-1.00000,666045010866,0.00000
303,151,0,4.57570,0.00000,0.00000,0.04810,0,-1.00000,666045129716,0.00000
304,152,0,0.57660,3.78470,0.15490,0.02040,3840000,-1.00000,666045160341,0.00000
305,152,0,8.55570,0.00000,0.00000,0.02740,0,-1.00000,666045199703,0.00000
306,153,0,0.64030,3.36010,0.18040,0.02580,3840000,-1.00000,666045208530,0.00000
307,153,0,4.42640,0.00000,0.00000,0.01590,0,-1.00000,666045254293,0.00000
308,154,0,0.53680,3.28350,0.27080,0.02150,3840000,-1.00000,666045260050,0.00000
309,154,0,4.11480,0.00000,0.00000,0.02280,0,-1.00000,666045345697,0.00000
310,155,0,5.63170,3.13520,0.14810,0.02460,3840000,-1.00000,666045352069,0.00000
311,155,0,3.80620,0.00000,0.00000,0.02100,0,-1.00000,666045396279,0.00000
312,156,0,0.44850,3.30120,0.16420,0.02180,3840000,-1.00000,666045401647,0.00000
313,156,0,4.07620,0.00000,0.00000,0.01860,0,-1.00000,666045442800,0.00000
314,157,0,0.37160,3.27660,0.24030,0.02510,3840000,-1.00000,666045499112,0.00000
315,157,0,4.13950,0.00000,0.00000,0.02050,0,-1.00000,666045537176,0.00000
316,158,0,2.58120,3.18060,0.20670,0.03640,3840000,-1.00000,666045541657,0.00000
317,158,0,4.15810,0.00000,0.00000,0.01900,0,-1.00000,666045582421,0.00000
318,159,0,4.97480,3.14690,0.16120,0.02220,3840000,-1.00000,666045586126,0.00000
319,159,0,3.86300,0.00000,0.00000,0.02230,0,-1.00000,666045627542,0.00000
320,160,0,5.57010,3.31920,0.13370,0.02520,3840000,-1.00000,666045653365,0.00000
321,160,0,4.02260,0.00000,0.00000,0.02260,0,-1.00000,666045694927,0.00000
322,161,0,5.08850,3.13160,0.14850,0.02190,3840000,-1.00000,666045744671,0.00000
323,161,0,3.95600,0.00000,0.00000,0.01880,0,-1.00000,666045783304,0.00000
324,162,0,0.38280,3.39470,0.21360,0.03600,3840000,-1.00000,666045839004,0.00000
325,162,0,4.34790,0.00000,0.00000,0.01950,0,-1.00000,666045879235,0.00000
326,163,0,0.41090,3.21130,0.18090,0.02040,3840000,-1.00000,666045930114,0.00000
327,163,0,3.93650,0.00000,0.00000,0.02090,0,-1.00000,666045969677,0.00000
328,164,0,5.43560,3.37220,0.17180,0.02400,3840000,-1.00000,666045973492,0.00000
329,164,0,4.10810,0.00000,0.00000,0.01710,0,-1.00000,666046016995,0.00000
330,165,0,0.36239,3.16480,0.13060,0.02200,3840000,-1.00000,666046021084,0.00000
331,165,0,3.89960,0.00000,0.00000,0.02040,0,-1.00000,666046060458,0.00000
332,166,0,0.35780,3.30520,0.17050,0.05560,3840000,-1.00000,666046114809,0.00000
333,166,0,4.11210,0.00000,0.00000,0.02170,0,-1.00000,666046155890,0.00000
334,167,0,0.40291,3.13170,0.15020,0.01870,3840000,-1.00000,666046159509,0.00000
335,167,0,4.03390,0.00000,0.00000,0.02240,0,-1.00000,666046198517,0.00000
336,168,0,1.38459,3.19270,0.20620,0.03660,3840000,-1.00000,666046202084,0.00000
337,168,0,4.25750,0.00000,0.00000,0.02000,0,-1.00000,666046243210,0.00000
338,169,0,5.02160,3.17970,0.18320,0.02510,3840000,-1.00000,666046247231,0.00000
339,169,0,3.90200,0.00000,0.00000,0.02180,0,-1.00000,666046287583,0.00000
340,170,0,0.41210,3.52390,0.13300,0.02320,3840000,-1.00000,666046301434,0.00000
341,170,0,4.25840,0.00000,0.00000,0.02090,0,-1.00000,666046344006,0.00000
342,171,0,3.82580,3.15260,0.15640,0.02380,3840000,-1.00000,666046394218,0.00000
343,171,0,3.85580,0.00000,0.00000,0.02020,0,-1.00000,666046433236,0.00000
344,172,0,5.17750,3.24320,0.15980,0.03430,3840000,-1.00000,666046437357,0.00000
345,172,0,4.49300,0.00000,0.00000,0.02380,0,-1.00000,666046479945,0.00000
346,173,0,0.84440,3.58980,0.23200,0.03810,3840000,-1.00000,666046518199,0.00000
347,173,0,4.67640,0.00000,0.00000,0.04000,0,-1.00000,666046556751,0.00000
348,174,0,0.51130,3.53410,0.23250,0.05010,3840000,-1.00000,666046608534,0.00000
349,174,0,4.71290,0.00000,0.00000,0.02580,0,-1.00000,666046653480,0.00000
350,175,0,0.51830,3.26220,0.25260,0.05560,3840000,-1.00000,666046661913,0.00000
351,175,0,4.56950,0.00000,0.00000,0.02320,0,-1.00000,666046708694,0.00000
352,176,0,1.44210,3.24890,0.18810,0.03480,3840000,-1.00000,666046713783,0.00000
353,176,0,4.15370,0.00000,0.00000,0.02350,0,-1.00000,666046760942,0.00000
354,177,0,0.42331,3.41450,0.17190,0.02970,3840000,-1.00000,666046766095,0.00000
355,177,0,4.34200,0.00000,0.00000,0.02010,0,-1.00000,666046811832,0.00000
356,178,0,0.48960,3.56960,0.25620,0.03820,3840000,-1.00000,666046826219,0.00000
357,178,0,4.58080,0.00000,0.00000,0.02390,0,-1.00000,666046867759,0.00000
358,179,0,0.44571,3.48950,0.17310,0.03050,3840000,-1.00000,666046871976,0.00000
359,179,0,4.58140,0.00000,0.00000,0.02090,0,-1.00000,666046915463,0.00000
360,180,0,2.66610,3.55180,0.21930,0.02890,3840000,-1.00000,666046920289,0.00000
361,180,0,4.43240,0.00000,0.00000,0.02120,0,-1.00000,666046966132,0.00000
362,181,0,0.43920,3.40150,0.12510,0.02060,3840000,-1.00000,666046970560,0.00000
363,181,0,4.25480,0.00000,0.00000,0.02390,0,-1.00000,666047016391,0.00000
364,182,0,0.45210,3.29720,0.12590,0.01910,3840000,-1.00000,666047043036,0.00000
365,182,0,4.02340,0.00000,0.00000,0.01850,0,-1.00000,666047087368,0.00000
366,183,0,7.78910,3.18540,0.15500,0.02650,3840000,-1.00000,666047091748,0.00000
367,183,0,4.05770,0.00000,0.00000,0.02000,0,-1.00000,666047134302,0.00000
368,184,0,5.25090,3.45480,0.25320,0.05160,3840000,-1.00000,666047138817,0.00000
369,184,0,4.45100,0.00000,0.00000,0.01820,0,-1.00000,666047179058,0.00000
370,185,0,1.83510,3.39230,0.19360,0.02770,3840000,-1.00000,666047256952,0.00000
371,185,0,4.22650,0.00000,0.00000,0.02180,0,-1.00000,666047297523,0.00000
372,186,0,0.48780,3.19250,0.17510,0.01920,3840000,-1.00000,666047350041,0.00000
373,186,0,4.00690,0.00000,0.00000,0.01510,0,-1.00000,666047394552,0.00000
374,187,0,0.41859,3.21400,0.16820,0.02900,3840000,-1.00000,666047412891,0.00000
375,187,0,3.97760,0.00000,0.00000,0.01680,0,-1.00000,666047455159,0.00000
376,188,0,0.46170,3.25180,0.15210,0.02210,3840000,-1.00000,666047460030,0.00000
377,188,0,4.05240,0.00000,0.00000,0.01910,0,-1.00000,666047500101,0.00000
378,189,0,0.55570,3.47330,0.16770,0.03160,3840000,-1.00000,666047504284,0.00000
379,189,0,4.40130,0.00000,0.00000,0.02030,0,-1.00000,666047544063,0.00000
380,190,0,0.43680,3.28640,0.24550,0.03110,3840000,-1.00000,666047548685,0.00000
381,190,0,4.22270,0.00000,0.00000,0.02200,0,-1.00000,666047589210,0.00000
382,191,0,0.44300,3.09060,0.15940,0.01960,3840000,-1.00000,666047594761,0.00000
383,191,0,3.84590,0.00000,0.00000,0.01670,0,-1.00000,666047638795,0.00000
384,192,0,5.30080,3.11070,0.14840,0.02110,3840000,-1.00000,666047643157,0.00000
385,192,0,3.98610,0.00000,0.00000,0.02290,0,-1.00000,666047685380,0.00000
386,193,0,0.54670,3.27030,0.16790,0.02480,3840000,-1.00000,666047689799,0.00000
387,193,0,4.19220,0.00000,0.00000,0.01750,0,-1.00000,666047728259,0.00000
388,194,0,0.40980,3.22260,0.15380,0.01920,3840000,-1.00000,666047781269,0.00000
389,194,0,3.90290,0.00000,0.00000,0.02720,0,-1.00000,666047821496,0.00000
390,195,0,5.63970,3.35380,0.19470,0.04220,3840000,-1.00000,666047826595,0.00000
391,195,0,4.33639,0.00000,0.00000,0.01980,0,-1.00000,666047868523,0.00000
392,196,0,4.71960,3.07390,0.18880,0.02220,3840000,-1.00000,666047872616,0.00000
393,196,0,3.80911,0.00000,0.00000,0.01580,0,-1.00000,666047911651,0.00000
394,197,0,5.26220,3.21150,0.16150,0.02570,3840000,-1.00000,666047968044,0.00000
395,197,0,3.95710,0.00000,0.00000,0.01600,0,-1.00000,666048011451,0.00000
396,198,0,0.39190,3.24400,0.17190,0.02180,3840000,-1.00000,666048058604,0.00000
397,198,0,3.93080,0.00000,0.00000,0.02100,0,-1.00000,666048096696,0.00000
398,199,0,0.37740,3.14220,0.16850,0.01980,3840000,-1.00000,666048149315,0.00000
399,199,0,3.95760,0.00000,0.00000,0.01820,0,-1.00000,666048188934,0.00000
400,200,0,0.39230,3.31340,0.19020,0.04190,3840000,-1.00000,666048192803,0.00000
401,200,0,4.31760,0.00000,0.00000,0.02130,0,-1.00000,666048232120,0.00000
402,201,0,1.16950,3.17230,0.16540,0.02210,3840000,-1.00000,666048235881,0.00000
403,201,0,3.96070,0.00000,0.00000,0.01790,0,-1.00000,666048275469,0.00000
404,202,0,2.16470,3.12930,0.15280,0.02060,3840000,-1.00000,666048279387,0.00000
405,202,0,3.80990,0.00000,0.00000,0.01860,0,-1.00000,666048322582,0.00000
406,203,0,0.41451,3.37740,0.15110,0.02370,3840000,-1.00000,666048334262,0.00000
407,203,0,5.11640,0.00000,0.00000,0.01800,0,-1.00000,666048373863,0.00000
408,204,0,3.16960,3.23950,0.15720,0.02230,3840000,-1.00000,666048395508,0.00000
409,204,0,3.89710,0.00000,0.00000,0.01750,0,-1.00000,666048433610,0.00000
410,205,0,8.11530,3.34540,0.21490,0.04280,3840000,-1.00000,666048437756,0.00000
411,205,0,4.30230,0.00000,0.00000,0.02180,0,-1.00000,666048488924,0.00000
412,206,0,0.40540,3.27520,0.17820,0.02120,3840000,-1.00000,666048520612,0.00000
413,206,0,4.05170,0.00000,0.00000,0.01760,0,-1.00000,666048559583,0.00000
414,207,0,0.35390,3.17630,0.15450,0.02200,3840000,-1.00000,666048640743,0.00000
415,207,0,3.93340,0.00000,0.00000,0.02450,0,-1.00000,666048683782,0.00000
416,208,0,2.49080,3.06140,0.20140,0.02290,3840000,-1.00000,666048687816,0.00000
417,208,0,3.79870,0.00000,0.00000,0.01550,0,-1.00000,666048728333,0.00000
418,209,0,0.36230,3.16460,0.15260,0.01820,3840000,-1.00000,666048731870,0.00000
419,209,0,4.98260,0.00000,0.00000,0.01470,0,-1.00000,666048771211,0.00000
420,210,0,0.39990,3.35720,0.13230,0.02070,3840000,-1.00000,666048796112,0.00000
421,210,0,8.80630,0.00000,0.00000,0.02870,0,-1.00000,666048834112,0.00000
422,211,0,0.49930,3.38080,0.21010,0.03080,3840000,-1.00000,666048837721,0.00000
423,211,0,4.29960,0.00000,0.00000,0.01700,0,-1.00000,666048887550,0.00000
424,212,0,4.32060,3.33640,0.16620,0.02250,3840000,-1.00000,666048891545,0.00000
425,212,0,4.07270,0.00000,0.00000,0.01750,0,-1.00000,666048979645,0.00000
426,213,0,0.36330,3.25640,0.15190,0.02020,3840000,-1.00000,666048984608,0.00000
427,213,0,3.91690,0.00000,0.00000,0.01710,0,-1.00000,666049027610,0.00000
428,214,0,0.34930,3.17660,0.18700,0.02420,3840000,-1.00000,666049070898,0.00000
429,214,0,3.93670,0.00000,0.00000,0.01910,0,-1.00000,666049111535,0.00000
430,215,0,6.00240,3.04550,0.16190,0.02350,3840000,-1.00000,666049115166,0.00000
431,215,0,3.81300,0.00000,0.00000,0.01420,0,-1.00000,666049154338,0.00000
432,216,0,0.33550,3.20500,0.20110,0.04220,3840000,-1.00000,666049157825,0.00000
433,216,0,4.11880,0.00000,0.00000,0.01700,0,-1.00000,666049197195,0.00000
434,217,0,0.78400,3.38970,0.21130,0.02400,3840000,-1.00000,666049257221,0.00000
435,217,0,4.28320,0.00000,0.00000,0.01570,0,-1.00000,666049295346,0.00000
436,218,0,4.86770,3.01970,0.16170,0.02240,3840000,-1.00000,666049298701,0.00000
437,218,0,3.75870,0.00000,0.00000,0.01730,0,-1.00000,666049339911,0.00000
438,219,0,0.39750,3.25350,0.14220,0.01940,3840000,-1.00000,666049347734,0.00000
439,219,0,3.91620,0.00000,0.00000,0.01910,0,-1.00000,666049390566,0.00000
440,220,0,1.18500,3.27360,0.18600,0.03410,3840000,-1.00000,666049439245,0.00000
441,220,0,4.11250,0.00000,0.00000,0.02210,0,-1.00000,666049476831,0.00000
442,221,0,2.08180,3.09940,0.20280,0.03350,3840000,-1.00000,666049480801,0.00000
443,221,0,3.97920,0.00000,0.00000,0.02320,0,-1.00000,666049519971,0.00000
444,222,0,0.44520,3.13590,0.17330,0.02390,3840000,-1.00000,666049531815,0.00000
445,222,0,4.08630,0.00000,0.00000,0.03150,0,-1.00000,666049572954,0.00000
446,223,0,0.35520,3.10100,0.16200,0.02360,3840000,-1.00000,666049593778,0.00000
447,223,0,3.88640,0.00000,0.00000,0.01690,0,-1.00000,666049633569,0.00000
448,224,0,0.34880,3.14950,0.14900,0.02180,3840000,-1.00000,666049638006,0.00000
449,224,0,3.92040,0.00000,0.00000,0.01920,0,-1.00000,666049678873,0.00000
450,225,0,4.15070,3.07200,0.17480,0.02320,3840000,-1.00000,666049682420,0.00000
451,225,0,3.82860,0.00000,0.00000,0.01950,0,-1.00000,666049721285,0.00000
452,226,0,2.34360,3.98350,0.17040,0.02620,3840000,-1.00000,666049724769,0.00000
453,226,0,4.75650,0.00000,0.00000,0.02000,0,-1.00000,666049763980,0.00000
454,227,0,1.72380,3.16890,0.15450,0.02240,3840000,-1.00000,666049805485,0.00000
455,227,0,3.93070,0.00000,0.00000,0.01530,0,-1.00000,666049843774,0.00000
456,228,0,2.19910,3.50770,0.26490,0.05520,3840000,-1.00000,666049867206,0.00000
457,228,0,4.55500,0.00000,0.00000,0.02130,0,-1.00000,666049914768,0.00000
458,229,0,0.53780,2.99670,0.18320,0.02310,3840000,-1.00000,666049932007,0.00000
459,229,0,3.76490,0.00000,0.00000,0.01540,0,-1.00000,666049971310,0.00000
460,230,0,0.42440,3.20010,0.14390,0.01970,3840000,-1.00000,666049993328,0.00000
461,230,0,3.95740,0.00000,0.00000,0.01400,0,-1.00000,666050038879,0.00000
462,231,0,2.02110,3.21280,0.16160,0.02610,3840000,-1.00000,666050044234,0.00000
463,231,0,4.12950,0.00000,0.00000,0.01950,0,-1.00000,666050081880,0.00000
464,232,0,0.37910,3.08040,0.15030,0.02010,3840000,-1.00000,666050086123,0.00000
465,232,0,4.71880,0.00000,0.00000,0.01510,0,-1.00000,666050125693,0.00000
466,233,0,0.34349,3.18010,0.14540,0.02140,3840000,-1.00000,666050145905,0.00000
467,233,0,5.55810,0.00000,0.00000,0.02280,0,-1.00000,666050187210,0.00000
468,234,0,0.46550,3.24470,0.27330,0.03110,3840000,-1.00000,666050190994,0.00000
469,234,0,4.21970,0.00000,0.00000,0.02450,0,-1.00000,666050238185,0.00000
470,235,0,1.45300,2.94310,0.15490,0.02140,3840000,-1.00000,666050241622,0.00000
471,235,0,3.64680,0.00000,0.00000,0.01830,0,-1.00000,666050297217,0.00000
472,236,0,5.65370,3.18760,0.15880,0.02380,3840000,-1.00000,666050301861,0.00000
473,236,0,3.95430,0.00000,0.00000,0.02010,0,-1.00000,666050344070,0.00000
474,237,0,0.38469,3.05060,0.14800,0.02020,3840000,-1.00000,666050358584,0.00000
475,237,0,3.75580,0.00000,0.00000,0.01480,0,-1.00000,666050395054,0.00000
476,238,0,4.13120,3.13740,0.14400,0.01970,3840000,-1.00000,666050451588,0.00000
477,238,0,3.79420,0.00000,0.00000,0.01700,0,-1.00000,666050491132,0.00000
478,239,0,2.37521,3.23920,0.23350,0.04360,3840000,-1.00000,666050494974,0.00000
479,239,0,4.43270,0.00000,0.00000,0.02170,0,-1.00000,666050532530,0.00000
480,240,0,4.64360,3.27280,0.19730,0.02450,3840000,-1.00000,666050573846,0.00000
481,240,0,4.03640,0.00000,0.00000,0.02040,0,-1.00000,666050611785,0.00000
482,241,0,0.45430,3.38800,0.17160,0.02410,3840000,-1.00000,666050635543,0.00000
483,241,0,4.13710,0.00000,0.00000,0.02050,0,-1.00000,666050679901,0.00000
484,242,0,0.33900,3.14710,0.16830,0.02230,3840000,-1.00000,666050726310,0.00000
485,242,0,3.85870,0.00000,0.00000,0.01880,0,-1.00000,666050766667,0.00000
486,243,0,5.55550,3.29090,0.14560,0.02050,3840000,-1.00000,666050771211,0.00000
487,243,0,3.99880,0.00000,0.00000,0.01920,0,-1.00000,666050812590,0.00000
488,244,0,0.39140,3.21760,0.20260,0.03460,3840000,-1.00000,666050815975,0.00000
489,244,0,4.12850,0.00000,0.00000,0.01730,0,-1.00000,666050854561,0.00000
490,245,0,0.33160,3.08320,0.22270,0.02310,3840000,-1.00000,666050910114,0.00000
491,245,0,3.88370,0.00000,0.00000,0.01920,0,-1.00000,666050950103,0.00000
492,246,0,2.55020,2.99190,0.16500,0.02110,3840000,-1.00000,666050954052,0.00000
493,246,0,3.91180,0.00000,0.00000,0.02120,0,-1.00000,666050995316,0.00000
494,247,0,0.42080,3.29800,0.19360,0.02950,3840000,-1.00000,666050998618,0.00000
495,247,0,4.66380,0.00000,0.00000,0.01870,0,-1.00000,666051037458,0.00000
496,248,0,0.38720,3.09980,0.15630,0.01900,3840000,-1.00000,666051062955,0.00000
497,248,0,3.87460,0.00000,0.00000,0.01810,0,-1.00000,666051102082,0.00000
498,249,0,0.38920,3.00860,0.16060,0.01990,3840000,-1.00000,666051106280,0.00000
499,249,0,3.71650,0.00000,0.00000,0.01800,0,-1.00000,666051152934,0.00000
500,250,0,4.02620,3.00270,0.14490,0.02190,3840000,-1.00000,666051156797,0.00000
501,250,0,3.75060,0.00000,0.00000,0.01800,0,-1.00000,666051195541,0.00000
502,251,0,0.40069,3.35520,0.20070,0.03560,3840000,-1.00000,666051199430,0.00000
503,251,0,4.26070,0.00000,0.00000,0.01620,0,-1.00000,666051236598,0.00000
504,252,0,3.85651,3.07250,0.16980,0.02860,3840000,-1.00000,666051276857,0.00000
505,252,0,3.89300,0.00000,0.00000,0.02110,0,-1.00000,666051314359,0.00000
506,253,0,0.43120,3.14620,0.15490,0.02100,3840000,-1.00000,666051318366,0.00000
507,253,0,3.93160,0.00000,0.00000,0.01830,0,-1.00000,666051360992,0.00000
508,254,0,0.39350,3.18830,0.18140,0.02030,3840000,-1.00000,666051399543,0.00000
509,254,0,6.55420,0.00000,0.00000,0.01680,0,-1.00000,666051438480,0.00000
510,255,0,2.96330,3.23200,0.18210,0.02460,3840000,-1.00000,666051442785,0.00000
511,255,0,4.01470,0.00000,0.00000,0.02170,0,-1.00000,666051482099,0.00000
512,256,0,0.41820,3.33290,0.21520,0.03150,3840000,-1.00000,666051486035,0.00000
513,256,0,4.31091,0.00000,0.00000,0.01780,0,-1.00000,666051551582,0.00000
514,257,0,0.58459,3.08710,0.17430,0.02070,3840000,-1.00000,666051581216,0.00000
515,257,0,3.78450,0.00000,0.00000,0.01740,0,-1.00000,666051621369,0.00000
516,258,0,5.47300,2.97150,0.17350,0.02450,3840000,-1.00000,666051625541,0.00000
517,258,0,3.79830,0.00000,0.00000,0.01740,0,-1.00000,666051668664,0.00000
518,259,0,5.33350,3.01630,0.15690,0.01940,3840000,-1.00000,666051674491,0.00000
519,259,0,3.80450,0.00000,0.00000,0.02320,0,-1.00000,666051712339,0.00000
520,260,0,5.35180,3.13940,0.18850,0.04600,3840000,-1.00000,666051767071,0.00000
521,260,0,4.12421,0.00000,0.00000,0.02020,0,-1.00000,666051805051,0.00000
522,261,0,0.45400,3.35210,0.21800,0.02930,3840000,-1.00000,666051858388,0.00000
523,261,0,4.21430,0.00000,0.00000,0.01810,0,-1.00000,666051896442,0.00000
524,262,0,0.43660,3.44350,0.17550,0.02340,3840000,-1.00000,666051949960,0.00000
525,262,0,4.25140,0.00000,0.00000,0.01710,0,-1.00000,666051991209,0.00000
526,263,0,0.35390,3.10120,0.16490,0.02310,3840000,-1.00000,666051995737,0.00000
527,263,0,4.54900,0.00000,0.00000,0.01720,0,-1.00000,666052037878,0.00000
528,264,0,3.02230,3.18550,0.15240,0.02200,3840000,-1.00000,666052042243,0.00000
529,264,0,3.83250,0.00000,0.00000,0.01700,0,-1.00000,666052084758,0.00000
530,265,0,0.33160,3.16450,0.26070,0.04640,3840000,-1.00000,666052088292,0.00000
531,265,0,4.37100,0.00000,0.00000,0.02490,0,-1.00000,666052133785,0.00000
532,266,0,0.40280,3.26100,0.29650,0.06090,3840000,-1.00000,666052164006,0.00000
533,266,0,4.55450,0.00000,0.00000,0.02410,0,-1.00000,666052202330,0.00000
534,267,0,1.90471,3.27360,0.24860,0.03470,3840000,-1.00000,666052205643,0.00000
535,267,0,4.15640,0.00000,0.00000,0.02550,0,-1.00000,666052249394,0.00000
536,268,0,2.05500,3.41220,0.33120,0.05850,3840000,-1.00000,666052253390,0.00000
537,268,0,4.50930,0.00000,0.00000,0.02690,0,-1.00000,666052299011,0.00000
538,269,0,1.54310,3.29860,0.26190,0.03850,3840000,-1.00000,666052318051,0.00000
539,269,0,4.22110,0.00000,0.00000,0.02090,0,-1.00000,666052359552,0.00000
540,270,0,1.82760,3.29490,0.25880,0.02720,3840000,-1.00000,666052380106,0.00000
541,270,0,4.05699,0.00000,0.00000,0.02350,0,-1.00000,666052425226,0.00000
542,271,0,2.10630,3.22160,0.32790,0.04590,3840000,-1.00000,666052440801,0.00000
543,271,0,4.26150,0.00000,0.00000,0.02000,0,-1.00000,666052482835,0.00000
544,272,0,4.86260,3.36650,0.27570,0.06020,3840000,-1.00000,666052501106,0.00000
545,272,0,4.43941,0.00000,0.00000,0.02920,0,-1.00000,666052541682,0.00000
546,273,0,0.48990,3.38180,0.29030,0.05200,3840000,-1.00000,666052562748,0.00000
547,273,0,4.76190,0.00000,0.00000,0.03960,0,-1.00000,666052605365,0.00000
548,274,0,0.55410,3.22680,0.22120,0.03250,3840000,-1.00000,666052653989,0.00000
549,274,0,4.12000,0.00000,0.00000,0.01840,0,-1.00000,666052698400,0.00000
550,275,0,1.04610,3.23390,0.16540,0.02430,3840000,-1.00000,666052703283,0.00000
551,275,0,4.05110,0.00000,0.00000,0.02240,0,-1.00000,666052750935,0.00000
552,276,0,1.89190,3.31120,0.15710,0.02340,3840000,-1.00000,666052756437,0.00000
553,276,0,4.10561,0.00000,0.00000,0.01880,0,-1.00000,666052797637,0.00000
554,277,0,2.27140,3.23560,0.19930,0.03230,3840000,-1.00000,666052808092,0.00000
555,277,0,4.17029,0.00000,0.00000,0.02260,0,-1.00000,666052848740,0.00000
556,278,0,0.51420,3.16550,0.32260,0.02710,3840000,-1.00000,666052867526,0.00000
557,278,0,4.18210,0.00000,0.00000,0.02150,0,-1.00000,666052908580,0.00000
558,279,0,0.45310,3.15270,0.18640,0.02090,3840000,-1.00000,666052931290,0.00000
559,279,0,5.86700,0.00000,0.00000,0.01770,0,-1.00000,666052973023,0.00000
560,280,0,2.88700,3.13550,0.15870,0.02270,3840000,-1.00000,666052978139,0.00000
561,280,0,3.96080,0.00000,0.00000,0.01880,0,-1.00000,666053019963,0.00000
562,281,0,0.43130,3.13440,0.13940,0.01830,3840000,-1.00000,666053024487,0.00000
563,281,0,3.93740,0.00000,0.00000,0.01530,0,-1.00000,666053083160,0.00000
564,282,0,3.89140,3.11560,0.15300,0.02210,3840000,-1.00000,666053112024,0.00000
565,282,0,3.88540,0.00000,0.00000,0.01910,0,-1.00000,666053151637,0.00000
566,283,0,2.53980,3.13960,0.19260,0.03790,3840000,-1.00000,666053155946,0.00000
567,283,0,4.07360,0.00000,0.00000,0.02620,0,-1.00000,666053195319,0.00000
568,284,0,0.52990,3.15500,0.18910,0.02500,3840000,-1.00000,666053234233,0.00000
569,284,0,4.41370,0.00000,0.00000,0.01720,0,-1.00000,666053273094,0.00000
570,285,0,3.01310,3.11530,0.15400,0.02330,3840000,-1.00000,666053298499,0.00000
571,285,0,3.91650,0.00000,0.00000,0.02020,0,-1.00000,666053339251,0.00000
572,286,0,0.37270,3.12750,0.18250,0.02830,3840000,-1.00000,666053344526,0.00000
573,286,0,3.95350,0.00000,0.00000,0.02200,0,-1.00000,666053388662,0.00000
574,287,0,0.39400,3.29790,0.30010,0.03890,3840000,-1.00000,666053418791,0.00000
575,287,0,5.25350,0.00000,0.00000,0.02450,0,-1.00000,666053457958,0.00000
576,288,0,1.43200,2.99590,0.34390,0.03670,3840000,-1.00000,666053461679,0.00000
577,288,0,4.11960,0.00000,0.00000,0.02420,0,-1.00000,666053501233,0.00000
578,289,0,0.45920,3.09030,0.30050,0.06470,3840000,-1.00000,666053505160,0.00000
579,289,0,4.28490,0.00000,0.00000,0.01860,0,-1.00000,666053557718,0.00000
580,290,0,0.51800,3.16780,0.28810,0.04940,3840000,-1.00000,666053572030,0.00000
581,290,0,4.23120,0.00000,0.00000,0.02070,0,-1.00000,666053613248,0.00000
582,291,0,1.59720,3.38320,0.27970,0.05260,3840000,-1.00000,666053617808,0.00000
583,291,0,4.52550,0.00000,0.00000,0.01990,0,-1.00000,666053660699,0.00000
584,292,0,1.72820,3.04720,0.27370,0.05380,3840000,-1.00000,666053665829,0.00000
585,292,0,4.11580,0.00000,0.00000,0.02070,0,-1.00000,666053708167,0.00000
586,293,0,2.06680,3.03360,0.27080,0.05710,3840000,-1.00000,666053724115,0.00000
587,293,0,4.20290,0.00000,0.00000,0.02060,0,-1.00000,666053769401,0.00000
588,294,0,4.81050,3.00050,0.29140,0.05760,3840000,-1.00000,666053786664,0.00000
589,294,0,4.16020,0.00000,0.00000,0.02980,0,-1.00000,666053827840,0.00000
590,295,0,5.06060,3.11770,0.28890,0.06510,3840000,-1.00000,666053848481,0.00000
591,295,0,4.29470,0.00000,0.00000,0.02740,0,-1.00000,666053890544,0.00000
592,296,0,1.91430,3.15810,0.28690,0.05980,3840000,-1.00000,666053938653,0.00000
593,296,0,4.26750,0.00000,0.00000,0.02470,0,-1.00000,666053980264,0.00000
594,297,0,1.68350,3.05260,0.27890,0.05940,3840000,-1.00000,666054030906,0.00000
595,297,0,4.58430,0.00000,0.00000,0.02110,0,-1.00000,666054073819,0.00000
596,298,0,1.37611,3.19240,0.29470,0.05900,3840000,-1.00000,666054092923,0.00000
597,298,0,4.36070,0.00000,0.00000,0.02100,0,-1.00000,666054135621,0.00000
598,299,0,0.46470,3.09500,0.29800,0.05900,3840000,-1.00000,666054152429,0.00000
599,299,0,4.27240,0.00000,0.00000,0.02890,0,-1.00000,666054198292,0.00000
600,300,0,0.54330,3.39690,0.27140,0.06060,3840000,-1.00000,666054212027,0.00000
601,300,0,4.55060,0.00000,0.00000,0.02520,0,-1.00000,666054255670,0.00000
602,301,0,0.46541,3.32830,0.33280,0.06880,3840000,-1.00000,666054260279,0.00000
603,301,0,4.55470,0.00000,0.00000,0.02520,0,-1.00000,666054303069,0.00000
604,302,0,2.40120,3.17380,0.24350,0.03320,3840000,-1.00000,666054308444,0.00000
605,302,0,4.11240,0.00000,0.00000,0.02280,0,-1.00000,666054353982,0.00000
606,303,0,5.06770,3.24080,0.17890,0.02590,3840000,-1.00000,666054358596,0.00000
607,303,0,3.94910,0.00000,0.00000,0.02260,0,-1.00000,666054404187,0.00000
608,304,0,2.20240,3.10700,0.17600,0.02140,3840000,-1.00000,666054428168,0.00000
609,304,0,3.87710,0.00000,0.00000,0.02020,0,-1.00000,666054469290,0.00000
610,305,0,5.21260,3.23920,0.25220,0.04130,3840000,-1.00000,666054519954,0.00000
611,305,0,4.14680,0.00000,0.00000,0.02200,0,-1.00000,666054559456,0.00000
612,306,0,0.41139,3.94150,0.16990,0.02510,3840000,-1.00000,666054581475,0.00000
613,306,0,4.74290,0.00000,0.00000,0.02230,0,-1.00000,666054620242,0.00000
614,307,0,0.41760,3.09140,0.17930,0.02220,3840000,-1.00000,666054672384,0.00000
615,307,0,3.89790,0.00000,0.00000,0.02270,0,-1.00000,666054713839,0.00000
616,308,0,0.43170,3.26960,0.16040,0.02160,3840000,-1.00000,666054717943,0.00000
617,308,0,3.93740,0.00000,0.00000,0.01940,0,-1.00000,666054765385,0.00000
618,309,0,0.36650,3.35080,0.15210,0.02510,3840000,-1.00000,666054769560,0.00000
619,309,0,6.14970,0.00000,0.00000,0.02280,0,-1.00000,666054808666,0.00000
620,310,0,6.05900,3.35820,0.24960,0.10450,3840000,-1.00000,666054812848,0.00000
621,310,0,4.61530,0.00000,0.00000,0.02700,0,-1.00000,666054852239,0.00000
622,311,0,1.53440,3.10840,0.17460,0.02690,3840000,-1.00000,666054855887,0.00000
623,311,0,3.91030,0.00000,0.00000,0.01820,0,-1.00000,666054917396,0.00000
624,312,0,0.39080,3.06470,0.16510,0.02160,3840000,-1.00000,666054978006,0.00000
625,312,0,3.74080,0.00000,0.00000,0.01820,0,-1.00000,666055024149,0.00000
626,313,0,1.27270,3.27820,0.34290,0.03280,3840000,-1.00000,666055039475,0.00000
627,313,0,4.27330,0.00000,0.00000,0.02180,0,-1.00000,666055078580,0.00000
628,314,0,0.47820,3.19980,0.17970,0.02630,3840000,-1.00000,666055082482,0.00000
629,314,0,4.30200,0.00000,0.00000,0.01850,0,-1.00000,666055119894,0.00000
630,315,0,2.88350,3.15100,0.17100,0.02420,3840000,-1.00000,666055132619,0.00000
631,315,0,4.01890,0.00000,0.00000,0.01760,0,-1.00000,666055175369,0.00000
632,316,0,2.11520,3.12250,0.23790,0.04820,3840000,-1.00000,666055180137,0.00000
633,316,0,4.15590,0.00000,0.00000,0.02170,0,-1.00000,666055223289,0.00000
634,317,0,2.26849,3.16780,0.21940,0.02740,3840000,-1.00000,666055251991,0.00000
635,317,0,3.99610,0.00000,0.00000,0.01790,0,-1.00000,666055292181,0.00000
636,318,0,1.96320,3.07980,0.16050,0.02220,3840000,-1.00000,666055313330,0.00000
637,318,0,5.99920,0.00000,0.00000,0.03340,0,-1.00000,666055354929,0.00000
638,319,0,0.59270,3.01700,0.28220,0.03210,3840000,-1.00000,666055377583,0.00000
639,319,0,3.97550,0.00000,0.00000,0.02320,0,-1.00000,666055417538,0.00000
640,320,0,1.74200,3.12620,0.19190,0.03020,3840000,-1.00000,666055437171,0.00000
641,320,0,3.98860,0.00000,0.00000,0.01940,0,-1.00000,666055497197,0.00000
642,321,0,2.10050,3.28980,0.25690,0.04540,3840000,-1.00000,666055503096,0.00000
643,321,0,4.31920,0.00000,0.00000,0.02130,0,-1.00000,666055542864,0.00000
644,322,0,2.03090,3.35610,0.18300,0.02560,3840000,-1.00000,666055560273,0.00000
645,322,0,4.20980,0.00000,0.00000,0.02130,0,-1.00000,666055600155,0.00000
646,323,0,0.39650,3.32910,0.16540,0.02380,3840000,-1.00000,666055621159,0.00000
647,323,0,4.36060,0.00000,0.00000,0.02030,0,-1.00000,666055664374,0.00000
648,324,0,3.06940,3.24080,0.18890,0.02780,3840000,-1.00000,666055684657,0.00000
649,324,0,4.07090,0.00000,0.00000,0.02250,0,-1.00000,666055726753,0.00000
650,325,0,2.24100,3.20410,0.15190,0.02270,3840000,-1.00000,666055730713,0.00000
651,325,0,3.92970,0.00000,0.00000,0.02320,0,-1.00000,666055774456,0.00000
652,326,0,5.11380,3.16330,0.20430,0.04130,3840000,-1.00000,666055805025,0.00000
653,326,0,4.10350,0.00000,0.00000,0.02290,0,-1.00000,666055845734,0.00000
654,327,0,0.45870,3.13400,0.17040,0.02640,3840000,-1.00000,666055868139,0.00000
655,327,0,3.83379,0.00000,0.00000,0.01960,0,-1.00000,666055907434,0.00000
656,328,0,0.95990,3.14380,0.16240,0.02300,3840000,-1.00000,666055958577,0.00000
657,328,0,3.85170,0.00000,0.00000,0.02150,0,-1.00000,666055999621,0.00000
658,329,0,0.38000,3.10320,0.16410,0.02410,3840000,-1.00000,666056004198,0.00000
659,329,0,4.81360,0.00000,0.00000,0.01630,0,-1.00000,666056042529,0.00000
660,330,0,6.17300,3.04580,0.16720,0.02570,3840000,-1.00000,666056052135,0.00000
661,330,0,3.77970,0.00000,0.00000,0.01990,0,-1.00000,666056090654,0.00000
662,331,0,0.40200,3.00470,0.16200,0.02460,3840000,-1.00000,666056094444,0.00000
663,331,0,3.78800,0.00000,0.00000,0.02260,0,-1.00000,666056142584,0.00000
664,332,0,0.41420,3.11230,0.22500,0.04370,3840000,-1.00000,666056204315,0.00000
665,332,0,5.32740,0.00000,0.00000,0.01830,0,-1.00000,666056242109,0.00000
666,333,0,1.60910,3.08050,0.18420,0.02240,3840000,-1.00000,666056246124,0.00000
667,333,0,3.87030,0.00000,0.00000,0.01830,0,-1.00000,666056284025,0.00000
668,334,0,2.42450,2.87160,0.17020,0.02480,3840000,-1.00000,666056288161,0.00000
669,334,0,3.67760,0.00000,0.00000,0.01860,0,-1.00000,666056341446,0.00000
670,335,0,5.44610,3.03270,0.14130,0.02580,3840000,-1.00000,666056357521,0.00000
671,335,0,3.81120,0.00000,0.00000,0.02550,0,-1.00000,666056396219,0.00000
672,336,0,0.52580,3.18610,0.22190,0.03730,3840000,-1.00000,666056420463,0.00000
673,336,0,4.15360,0.00000,0.00000,0.02480,0,-1.00000,666056457241,0.00000
674,337,0,0.83050,3.36700,0.16810,0.02480,3840000,-1.00000,666056511701,0.00000
675,337,0,4.24780,0.00000,0.00000,0.02300,0,-1.00000,666056549827,0.00000
676,338,0,0.38189,3.26420,0.18850,0.03330,3840000,-1.00000,666056555080,0.00000
677,338,0,4.24510,0.00000,0.00000,0.02680,0,-1.00000,666056596630,0.00000
678,339,0,0.56920,3.39570,0.25590,0.04340,3840000,-1.00000,666056605104,0.00000
679,339,0,7.16730,0.00000,0.00000,0.02050,0,-1.00000,666056647401,0.00000
680,340,0,1.86410,2.94270,0.20850,0.02310,3840000,-1.00000,666056651204,0.00000
681,340,0,3.79460,0.00000,0.00000,0.02360,0,-1.00000,666056693693,0.00000
682,341,0,5.31340,3.18030,0.17350,0.03570,3840000,-1.00000,666056699357,0.00000
683,341,0,4.12920,0.00000,0.00000,0.02160,0,-1.00000,666056771047,0.00000
684,342,0,0.49700,2.90740,0.19290,0.02910,3840000,-1.00000,666056789674,0.00000
685,342,0,3.75520,0.00000,0.00000,0.02620,0,-1.00000,666056827752,0.00000
686,343,0,0.37320,3.03900,0.19430,0.03280,3840000,-1.00000,666056880752,0.00000
687,343,0,3.91970,0.00000,0.00000,0.02200,0,-1.00000,666056922056,0.00000
688,344,0,5.75580,3.08610,0.17050,0.06680,3840000,-1.00000,666056927012,0.00000
689,344,0,3.99350,0.00000,0.00000,0.02050,0,-1.00000,666056964575,0.00000
690,345,0,0.50030,3.01110,0.14540,0.02040,3840000,-1.00000,666056968306,0.00000
691,345,0,3.80630,0.00000,0.00000,0.01910,0,-1.00000,666057007503,0.00000
692,346,0,5.45350,3.21840,0.18330,0.03700,3840000,-1.00000,666057065058,0.00000
693,346,0,4.29270,0.00000,0.00000,0.03130,0,-1.00000,666057104994,0.00000
694,347,0,0.57580,2.94190,0.15330,0.02440,3840000,-1.00000,666057109988,0.00000
695,347,0,3.80220,0.00000,0.00000,0.01920,0,-1.00000,666057148055,0.00000
696,348,0,5.06001,3.43900,0.21430,0.04600,3840000,-1.00000,666057202606,0.00000
697,348,0,4.50920,0.00000,0.00000,0.02610,0,-1.00000,666057245544,0.00000
698,349,0,0.50880,2.87720,0.17090,0.02510,3840000,-1.00000,666057251273,0.00000
699,349,0,3.71260,0.00000,0.00000,0.01880,0,-1.00000,666057289298,0.00000
700,350,0,0.44540,2.89910,0.18890,0.02490,3840000,-1.00000,666057339921,0.00000
701,350,0,3.81360,0.00000,0.00000,0.02130,0,-1.00000,666057385001,0.00000
702,351,0,5.63640,2.95810,0.17610,0.02980,3840000,-1.00000,666057390083,0.00000
703,351,0,3.84030,0.00000,0.00000,0.02260,0,-1.00000,666057427212,0.00000
704,352,0,6.82800,3.17540,0.27220,0.05680,3840000,-1.00000,666057431651,0.00000
705,352,0,4.32850,0.00000,0.00000,0.03770,0,-1.00000,666057469795,0.00000
706,353,0,0.71440,3.81940,0.19330,0.02310,3840000,-1.00000,666057526155,0.00000
707,353,0,4.83080,0.00000,0.00000,0.01610,0,-1.00000,666057564562,0.00000
708,354,0,0.48520,2.95330,0.16690,0.02360,3840000,-1.00000,666057632843,0.00000
709,354,0,3.80570,0.00000,0.00000,0.02170,0,-1.00000,666057676178,0.00000
710,355,0,0.46630,3.71030,0.20930,0.02640,3840000,-1.00000,666057683277,0.00000
711,355,0,4.52730,0.00000,0.00000,0.02120,0,-1.00000,666057731577,0.00000
712,356,0,0.49230,3.02300,0.15610,0.02700,3840000,-1.00000,666057736426,0.00000
713,356,0,3.78650,0.00000,0.00000,0.02330,0,-1.00000,666057774494,0.00000
714,357,0,0.47710,3.01660,0.15070,0.02060,3840000,-1.00000,666057779144,0.00000
715,357,0,3.72010,0.00000,0.00000,0.02150,0,-1.00000,666057824426,0.00000
716,358,0,0.46160,3.90530,0.14790,0.02570,3840000,-1.00000,666057829341,0.00000
717,358,0,4.74030,0.00000,0.00000,0.02260,0,-1.00000,666057867219,0.00000
718,359,0,0.46020,3.20260,0.21960,0.04130,3840000,-1.00000,666057871979,0.00000
719,359,0,5.32150,0.00000,0.00000,0.02510,0,-1.00000,666057909185,0.00000
720,360,0,0.49410,3.05920,0.22020,0.02710,3840000,-1.00000,666057913796,0.00000
721,360,0,5.60419,0.00000,0.00000,0.02150,0,-1.00000,666057961207,0.00000
722,361,0,0.44670,3.84350,0.24590,0.03060,3840000,-1.00000,666057965800,0.00000
723,361,0,4.70159,0.00000,0.00000,0.02260,0,-1.00000,666058019044,0.00000
724,362,0,0.40960,3.23160,0.18240,0.02760,3840000,-1.00000,666058023957,0.00000
725,362,0,4.13010,0.00000,0.00000,0.01950,0,-1.00000,666058080013,0.00000
726,363,0,2.77020,3.04510,0.13550,0.02140,3840000,-1.00000,666058084466,0.00000
727,363,0,3.84989,0.00000,0.00000,0.01860,0,-1.00000,666058131498,0.00000
728,364,0,2.46960,3.24140,0.19470,0.03270,3840000,-1.00000,666058135579,0.00000
729,364,0,4.27490,0.00000,0.00000,0.02300,0,-1.00000,666058176884,0.00000
730,365,0,4.84110,3.03860,0.19210,0.02390,3840000,-1.00000,666058204578,0.00000
731,365,0,3.89840,0.00000,0.00000,0.01850,0,-1.00000,666058243080,0.00000
732,366,0,2.31830,3.07400,0.17190,0.02570,3840000,-1.00000,666058267774,0.00000
733,366,0,3.84900,0.00000,0.00000,0.02190,0,-1.00000,666058310562,0.00000
734,367,0,0.47190,3.04040,0.12810,0.02230,3840000,-1.00000,666058359127,0.00000
735,367,0,11.08580,0.00000,0.00000,0.01940,0,-1.00000,666058397922,0.00000
736,368,0,0.41460,3.06470,0.17000,0.03930,3840000,-1.00000,666058421101,0.00000
737,368,0,5.81560,0.00000,0.00000,0.02150,0,-1.00000,666058459589,0.00000
738,369,0,0.48840,3.08280,0.22080,0.03590,3840000,-1.00000,666058464311,0.00000
739,369,0,4.07990,0.00000,0.00000,0.01740,0,-1.00000,666058575182,0.00000
740,370,0,4.49960,3.34960,0.21510,0.03620,3840000,-1.00000,666058579313,0.00000
741,370,0,4.42040,0.00000,0.00000,0.03360,0,-1.00000,666058637479,0.00000
742,371,0,0.52280,2.89510,0.19770,0.02660,3840000,-1.00000,666058642354,0.00000
743,371,0,7.43270,0.00000,0.00000,0.02210,0,-1.00000,666058683178,0.00000
744,372,0,0.67341,2.89840,0.17390,0.02570,3840000,-1.00000,666058728151,0.00000
745,372,0,3.80460,0.00000,0.00000,0.01970,0,-1.00000,666058772363,0.00000
746,373,0,0.49400,2.97590,0.19610,0.02610,3840000,-1.00000,666058777581,0.00000
747,373,0,4.30700,0.00000,0.00000,0.03410,0,-1.00000,666058851923,0.00000
748,374,0,0.43460,3.24730,0.23410,0.04740,3840000,-1.00000,666058858643,0.00000
749,374,0,5.85320,0.00000,0.00000,0.04900,0,-1.00000,666058896696,0.00000
750,375,0,0.56020,2.96200,0.17310,0.02810,3840000,-1.00000,666058901633,0.00000
751,375,0,3.87420,0.00000,0.00000,0.01970,0,-1.00000,666058944710,0.00000
752,376,0,4.59970,3.00530,0.14780,0.02390,3840000,-1.00000,666058949043,0.00000
753,376,0,3.85340,0.00000,0.00000,0.02100,0,-1.00000,666059007607,0.00000
754,377,0,0.47220,2.92520,0.14530,0.02120,3840000,-1.00000,666059013183,0.00000
755,377,0,3.70270,0.00000,0.00000,0.01810,0,-1.00000,666059051924,0.00000
756,378,0,1.33740,3.07130,0.20380,0.03500,3840000,-1.00000,666059097917,0.00000
757,378,0,4.05020,0.00000,0.00000,0.01920,0,-1.00000,666059136455,0.00000
758,379,0,0.50460,3.22670,0.19100,0.02230,3840000,-1.00000,666059141172,0.00000
759,379,0,4.69430,0.00000,0.00000,0.01990,0,-1.00000,666059178202,0.00000
760,380,0,0.44440,3.10450,0.15570,0.02510,3840000,-1.00000,666059191573,0.00000
761,380,0,3.93750,0.00000,0.00000,0.02360,0,-1.00000,666059232087,0.00000
762,381,0,3.28060,3.10790,0.24310,0.04300,3840000,-1.00000,666059237119,0.00000
763,381,0,4.17150,0.00000,0.00000,0.02470,0,-1.00000,666059284066,0.00000
764,382,0,0.53080,3.24210,0.18230,0.03620,3840000,-1.00000,666059288511,0.00000
765,382,0,4.17920,0.00000,0.00000,0.02470,0,-1.00000,666059327893,0.00000
766,383,0,1.84800,3.15280,0.19630,0.02580,3840000,-1.00000,666059360699,0.00000
767,383,0,3.90200,0.00000,0.00000,0.01990,0,-1.00000,666059402420,0.00000
768,384,0,2.36340,3.18430,0.16510,0.02510,3840000,-1.00000,666059407716,0.00000
769,384,0,4.03280,0.00000,0.00000,0.02200,0,-1.00000,666059449530,0.00000
770,385,0,5.04100,3.26420,0.32100,0.03620,3840000,-1.00000,666059467988,0.00000
771,385,0,4.27000,0.00000,0.00000,0.02340,0,-1.00000,666059507005,0.00000
772,386,0,1.96150,3.10240,0.25860,0.04310,3840000,-1.00000,666059530641,0.00000
773,386,0,4.09610,0.00000,0.00000,0.02500,0,-1.00000,666059570968,0.00000
774,387,0,2.04030,3.24170,0.17610,0.02920,3840000,-1.00000,666059621375,0.00000
775,387,0,3.99140,0.00000,0.00000,0.02050,0,-1.00000,666059664093,0.00000
776,388,0,5.19890,2.84590,0.24390,0.03510,3840000,-1.00000,666059683700,0.00000
777,388,0,3.79810,0.00000,0.00000,0.01930,0,-1.00000,666059724661,0.00000
778,389,0,5.44330,2.94990,0.18130,0.02350,3840000,-1.00000,666059745061,0.00000
779,389,0,3.80991,0.00000,0.00000,0.01880,0,-1.00000,666059784965,0.00000
780,390,0,0.48310,3.03120,0.20550,0.03640,3840000,-1.00000,666059836960,0.00000
781,390,0,4.06660,0.00000,0.00000,0.02090,0,-1.00000,666059874946,0.00000
782,391,0,3.87470,2.86530,0.16580,0.02270,3840000,-1.00000,666059929371,0.00000
783,391,0,3.65580,0.00000,0.00000,0.02010,0,-1.00000,666059967473,0.00000
784,392,0,0.47881,3.01300,0.15760,0.02290,3840000,-1.00000,666059972300,0.00000
785,392,0,3.72870,0.00000,0.00000,0.01890,0,-1.00000,666060012986,0.00000
786,393,0,0.53000,3.06440,0.27590,0.03910,3840000,-1.00000,666060051720,0.00000
787,393,0,4.13190,0.00000,0.00000,0.01700,0,-1.00000,666060088277,0.00000
788,394,0,0.52660,2.84050,0.18220,0.02720,3840000,-1.00000,666060093062,0.00000
789,394,0,3.98720,0.00000,0.00000,0.02240,0,-1.00000,666060130345,0.00000
790,395,0,0.44020,2.85510,0.13830,0.02050,3840000,-1.00000,666060135650,0.00000
791,395,0,3.56450,0.00000,0.00000,0.02110,0,-1.00000,666060177043,0.00000
792,396,0,3.70170,2.82720,0.20380,0.03810,3840000,-1.00000,666060182232,0.00000
793,396,0,3.72440,0.00000,0.00000,0.02220,0,-1.00000,666060222244,0.00000
794,397,0,2.47250,2.96620,0.14120,0.02140,3840000,-1.00000,666060226508,0.00000
795,397,0,3.69870,0.00000,0.00000,0.02140,0,-1.00000,666060262156,0.00000
796,398,0,5.49350,2.82260,0.22230,0.02910,3840000,-1.00000,666060299178,0.00000
797,398,0,3.71959,0.00000,0.00000,0.02510,0,-1.00000,666060336420,0.00000
798,399,0,0.48070,2.94140,0.16620,0.02220,3840000,-1.00000,666060361142,0.00000
799,399,0,3.73680,0.00000,0.00000,0.01830,0,-1.00000,666060398131,0.00000
800,400,0,0.43700,2.86780,0.14790,0.02060,3840000,-1.00000,666060453062,0.00000
801,400,0,3.62560,0.00000,0.00000,0.01840,0,-1.00000,666060490257,0.00000
802,401,0,3.40510,2.86780,0.14330,0.02460,3840000,-1.00000,666060495065,0.00000
803,401,0,3.61260,0.00000,0.00000,0.02010,0,-1.00000,666060532433,0.00000
804,402,0,2.62620,2.86480,0.17600,0.03240,3840000,-1.00000,666060536800,0.00000
805,402,0,3.74661,0.00000,0.00000,0.02640,0,-1.00000,666060573058,0.00000
806,403,0,0.44120,2.92450,0.13950,0.01970,3840000,-1.00000,666060607132,0.00000
807,403,0,4.98369,0.00000,0.00000,0.02030,0,-1.00000,666060643237,0.00000
808,404,0,0.42040,3.02180,0.25980,0.03870,3840000,-1.00000,666060669513,0.00000
809,404,0,5.70070,0.00000,0.00000,0.02240,0,-1.00000,666060706965,0.00000
810,405,0,0.35880,3.07020,0.17620,0.02220,3840000,-1.00000,666060711372,0.00000
811,405,0,3.84970,0.00000,0.00000,0.02050,0,-1.00000,666060761283,0.00000
812,406,0,0.35660,2.96260,0.20210,0.02690,3840000,-1.00000,666060765419,0.00000
813,406,0,3.83110,0.00000,0.00000,0.02120,0,-1.00000,666060822437,0.00000
814,407,0,0.32530,2.97270,0.18040,0.02510,3840000,-1.00000,666060826008,0.00000
815,407,0,3.67250,0.00000,0.00000,0.01850,0,-1.00000,666060864506,0.00000
816,408,0,2.83180,3.05750,0.30840,0.03790,3840000,-1.00000,666060868065,0.00000
817,408,0,4.22080,0.00000,0.00000,0.02510,0,-1.00000,666060906387,0.00000
818,409,0,2.17940,3.10160,0.14020,0.02330,3840000,-1.00000,666060909641,0.00000
819,409,0,3.82800,0.00000,0.00000,0.05190,0,-1.00000,666060946362,0.00000
820,410,0,0.51030,2.94280,0.27320,0.02120,3840000,-1.00000,666060974689,0.00000
821,410,0,4.82400,0.00000,0.00000,0.03490,0,-1.00000,666061016892,0.00000
822,411,0,6.08220,2.99680,0.17630,0.02360,3840000,-1.00000,666061038677,0.00000
823,411,0,3.79910,0.00000,0.00000,0.01490,0,-1.00000,666061077012,0.00000
824,412,0,0.40130,2.91050,0.14950,0.02270,3840000,-1.00000,666061082067,0.00000
825,412,0,3.69760,0.00000,0.00000,0.02150,0,-1.00000,666061130304,0.00000
826,413,0,0.45670,2.89950,0.15980,0.01850,3840000,-1.00000,666061191124,0.00000
827,413,0,3.98330,0.00000,0.00000,0.02000,0,-1.00000,666061229114,0.00000
828,414,0,3.16030,2.92320,0.22540,0.04150,3840000,-1.00000,666061233126,0.00000
829,414,0,4.03750,0.00000,0.00000,0.02160,0,-1.00000,666061270108,0.00000
830,415,0,2.17460,2.99030,0.17270,0.02330,3840000,-1.00000,666061274672,0.00000
831,415,0,3.83040,0.00000,0.00000,0.01870,0,-1.00000,666061314512,0.00000
832,416,0,6.48800,2.87810,0.13750,0.02620,3840000,-1.00000,666061346122,0.00000
833,416,0,3.63270,0.00000,0.00000,0.02200,0,-1.00000,666061386492,0.00000
834,417,0,0.51370,2.84220,0.14150,0.02370,3840000,-1.00000,666061408232,0.00000
835,417,0,3.70000,0.00000,0.00000,0.01880,0,-1.00000,666061446538,0.00000
836,418,0,0.49180,2.85270,0.17230,0.02670,3840000,-1.00000,666061511417,0.00000
837,418,0,3.75400,0.00000,0.00000,0.01910,0,-1.00000,666061547747,0.00000
838,419,0,0.45439,2.88160,0.17320,0.02590,3840000,-1.00000,666061552879,0.00000
839,419,0,3.78880,0.00000,0.00000,0.01920,0,-1.00000,666061589882,0.00000
840,420,0,4.05280,3.08520,0.23690,0.03810,3840000,-1.00000,666061594795,0.00000
841,420,0,4.14050,0.00000,0.00000,0.02420,0,-1.00000,666061632347,0.00000
842,421,0,2.08530,3.24850,0.18960,0.03340,3840000,-1.00000,666061636884,0.00000
843,421,0,4.07050,0.00000,0.00000,0.02410,0,-1.00000,666061674774,0.00000
844,422,0,1.98920,3.09100,0.27720,0.02900,3840000,-1.00000,666061715303,0.00000
845,422,0,3.96990,0.00000,0.00000,0.02200,0,-1.00000,666061756715,0.00000
846,423,0,5.26210,2.96670,0.16120,0.02470,3840000,-1.00000,666061777607,0.00000
847,423,0,3.72340,0.00000,0.00000,0.02150,0,-1.00000,666061818275,0.00000
848,424,0,0.39130,3.09870,0.19240,0.03540,3840000,-1.00000,666061838160,0.00000
849,424,0,5.17600,0.00000,0.00000,0.02540,0,-1.00000,666061877862,0.00000
850,425,0,0.53500,3.15240,0.17780,0.02560,3840000,-1.00000,666061930477,0.00000
851,425,0,5.54850,0.00000,0.00000,0.02290,0,-1.00000,666061967703,0.00000
852,426,0,0.50060,2.87130,0.15560,0.02170,3840000,-1.00000,666061971621,0.00000
853,426,0,3.63970,0.00000,0.00000,0.02180,0,-1.00000,666062023403,0.00000
854,427,0,2.20150,2.89360,0.16480,0.02530,3840000,-1.00000,666062028731,0.00000
855,427,0,3.73099,0.00000,0.00000,0.01820,0,-1.00000,666062084353,0.00000
856,428,0,2.05600,2.74840,0.15450,0.01970,3840000,-1.00000,666062089220,0.00000
857,428,0,3.50320,0.00000,0.00000,0.02200,0,-1.00000,666062125623,0.00000
858,429,0,5.99420,2.90360,0.22580,0.04040,3840000,-1.00000,666062147635,0.00000
859,429,0,3.90800,0.00000,0.00000,0.05280,0,-1.00000,666062184942,0.00000
860,430,0,0.62780,2.71930,0.16930,0.02090,3840000,-1.00000,666062205497,0.00000
861,430,0,7.78600,0.00000,0.00000,0.02110,0,-1.00000,666062240537,0.00000
862,431,0,0.48610,2.93950,0.16680,0.02220,3840000,-1.00000,666062300488,0.00000
863,431,0,3.76060,0.00000,0.00000,0.01910,0,-1.00000,666062339561,0.00000
864,432,0,0.47770,2.83650,0.14180,0.02270,3840000,-1.00000,666062345833,0.00000
865,432,0,3.51570,0.00000,0.00000,0.02250,0,-1.00000,666062423700,0.00000
866,433,0,0.34330,2.75600,0.13840,0.02190,3840000,-1.00000,666062428555,0.00000
867,433,0,3.55340,0.00000,0.00000,0.01860,0,-1.00000,666062466164,0.00000
868,434,0,0.46890,2.82150,0.12660,0.02120,3840000,-1.00000,666062470939,0.00000
869,434,0,3.44660,0.00000,0.00000,0.02560,0,-1.00000,666062506099,0.00000
870,435,0,0.33960,2.92420,0.16170,0.02370,3840000,-1.00000,666062509526,0.00000
871,435,0,8.20120,0.00000,0.00000,0.03300,0,-1.00000,666062545062,0.00000
872,436,0,0.54670,2.86710,0.25430,0.02470,3840000,-1.00000,666062549749,0.00000
873,436,0,3.79170,0.00000,0.00000,0.01860,0,-1.00000,666062584223,0.00000
874,437,0,4.84250,3.05070,0.21990,0.04810,3840000,-1.00000,666062587616,0.00000
875,437,0,6.12710,0.00000,0.00000,0.02840,0,-1.00000,666062669652,0.00000
876,438,0,0.59880,2.95030,0.32780,0.05550,3840000,-1.00000,666062675096,0.00000
877,438,0,4.40551,0.00000,0.00000,0.02000,0,-1.00000,666062713023,0.00000
878,439,0,1.31880,2.88680,0.24610,0.03050,3840000,-1.00000,666062761435,0.00000
879,439,0,3.93559,0.00000,0.00000,0.02140,0,-1.00000,666062822747,0.00000
880,440,0,0.34610,2.95550,0.22090,0.03370,3840000,-1.00000,666062828697,0.00000
881,440,0,4.77360,0.00000,0.00000,0.02190,0,-1.00000,666062872799,0.00000
882,441,0,3.07380,2.83270,0.16790,0.02270,3840000,-1.00000,666062885951,0.00000
883,441,0,3.68810,0.00000,0.00000,0.01870,0,-1.00000,666062925307,0.00000
884,442,0,2.60870,2.76360,0.21360,0.02570,3840000,-1.00000,666062928756,0.00000
885,442,0,3.66880,0.00000,0.00000,0.01870,0,-1.00000,666062976510,0.00000
886,443,0,0.43009,2.96390,0.15360,0.02200,3840000,-1.00000,666063007229,0.00000
887,443,0,8.09810,0.00000,0.00000,0.03580,0,-1.00000,666063044112,0.00000
888,444,0,0.47410,2.79600,0.19640,0.02340,3840000,-1.00000,666063070212,0.00000
889,444,0,3.67791,0.00000,0.00000,0.01850,0,-1.00000,666063106890,0.00000
890,445,0,2.07659,2.89490,0.14160,0.02150,3840000,-1.00000,666063111183,0.00000
891,445,0,3.58560,0.00000,0.00000,0.02070,0,-1.00000,666063192169,0.00000
892,446,0,2.29940,2.82340,0.23280,0.03620,3840000,-1.00000,666063196907,0.00000
893,446,0,3.89940,0.00000,0.00000,0.02080,0,-1.00000,666063233688,0.00000
894,447,0,5.46040,2.98270,0.19340,0.03450,3840000,-1.00000,666063254451,0.00000
895,447,0,3.93100,0.00000,0.00000,0.02120,0,-1.00000,666063290314,0.00000
896,448,0,5.29710,2.91200,0.15170,0.02640,3840000,-1.00000,666063313302,0.00000
897,448,0,3.74900,0.00000,0.00000,0.01890,0,-1.00000,666063352315,0.00000
898,449,0,2.32850,2.92750,0.22660,0.03570,3840000,-1.00000,666063406903,0.00000
899,449,0,3.80170,0.00000,0.00000,0.02010,0,-1.00000,666063446213,0.00000
900,450,0,0.35630,3.05410,0.23440,0.03760,3840000,-1.00000,666063499181,0.00000
901,450,0,4.07170,0.00000,0.00000,0.01930,0,-1.00000,666063536677,0.00000
902,451,0,0.40250,2.92440,0.18830,0.02320,3840000,-1.00000,666063559961,0.00000
903,451,0,3.75160,0.00000,0.00000,0.02210,0,-1.00000,666063597975,0.00000
904,452,0,3.06229,2.97570,0.29070,0.04150,3840000,-1.00000,666063601531,0.00000
905,452,0,4.03160,0.00000,0.00000,0.02420,0,-1.00000,666063642265,0.00000
906,453,0,0.41670,2.92240,0.23030,0.03590,3840000,-1.00000,666063646275,0.00000
907,453,0,3.85631,0.00000,0.00000,0.02270,0,-1.00000,666063683800,0.00000
908,454,0,0.88870,3.62660,0.20920,0.03510,3840000,-1.00000,666063714415,0.00000
909,454,0,4.57020,0.00000,0.00000,0.02110,0,-1.00000,666063754751,0.00000
910,455,0,0.43980,3.12130,0.27700,0.05230,3840000,-1.00000,666063758899,0.00000
911,455,0,4.19060,0.00000,0.00000,0.02130,0,-1.00000,666063797480,0.00000
912,456,0,3.13559,2.86240,0.23490,0.04420,3840000,-1.00000,666063806351,0.00000
913,456,0,3.79450,0.00000,0.00000,0.01960,0,-1.00000,666063852066,0.00000
914,457,0,2.44010,3.11270,0.24870,0.04120,3840000,-1.00000,666063856445,0.00000
915,457,0,4.04780,0.00000,0.00000,0.02320,0,-1.00000,666063898384,0.00000
916,458,0,0.53279,2.95940,0.14630,0.02250,3840000,-1.00000,666063929731,0.00000
917,458,0,5.70240,0.00000,0.00000,0.02240,0,-1.00000,666063967658,0.00000
918,459,0,1.81720,2.94910,0.13760,0.02210,3840000,-1.00000,666063992062,0.00000
919,459,0,3.80590,0.00000,0.00000,0.01960,0,-1.00000,666064032544,0.00000
920,460,0,2.48720,2.88590,0.16490,0.02680,3840000,-1.00000,666064037866,0.00000
921,460,0,3.72000,0.00000,0.00000,0.02000,0,-1.00000,666064094890,0.00000
922,461,0,5.38920,2.85580,0.21910,0.03710,3840000,-1.00000,666064113056,0.00000
923,461,0,3.80630,0.00000,0.00000,0.02990,0,-1.00000,666064151122,0.00000
924,462,0,0.49970,2.80890,0.20880,0.03810,3840000,-1.00000,666064175998,0.00000
925,462,0,5.02170,0.00000,0.00000,0.02180,0,-1.00000,666064213196,0.00000
926,463,0,0.50390,2.83070,0.15270,0.02080,3840000,-1.00000,666064267083,0.00000
927,463,0,11.53061,0.00000,0.00000,0.02250,0,-1.00000,666064305157,0.00000
928,464,0,0.48140,3.02860,0.19760,0.02730,3840000,-1.00000,666064310139,0.00000
929,464,0,5.74540,0.00000,0.00000,0.02170,0,-1.00000,666064360366,0.00000
930,465,0,0.48320,2.82560,0.15870,0.02380,3840000,-1.00000,666064365398,0.00000
931,465,0,3.70740,0.00000,0.00000,0.03460,0,-1.00000,666064480710,0.00000
932,466,0,0.52560,2.87270,0.13660,0.01970,3840000,-1.00000,666064485520,0.00000
933,466,0,4.53830,0.00000,0.00000,0.02120,0,-1.00000,666064542987,0.00000
934,467,0,0.43970,3.05990,0.19220,0.03820,3840000,-1.00000,666064547804,0.00000
935,467,0,8.54940,0.00000,0.00000,0.02250,0,-1.00000,666064584884,0.00000
936,468,0,0.50271,2.91750,0.14100,0.02110,3840000,-1.00000,666064590168,0.00000
937,468,0,3.78119,0.00000,0.00000,0.02530,0,-1.00000,666064635519,0.00000
938,469,0,5.02331,2.97610,0.14860,0.02510,3840000,-1.00000,666064639917,0.00000
939,469,0,3.85249,0.00000,0.00000,0.02170,0,-1.00000,666064725425,0.00000
940,470,0,0.48470,2.69920,0.17800,0.02330,3840000,-1.00000,666064730434,0.00000
941,470,0,3.49780,0.00000,0.00000,0.01500,0,-1.00000,666064768257,0.00000
942,471,0,1.55140,2.78420,0.12710,0.02070,3840000,-1.00000,666064818482,0.00000
943,471,0,3.49800,0.00000,0.00000,0.01810,0,-1.00000,666064857009,0.00000
944,472,0,0.38150,2.95830,0.22780,0.03880,3840000,-1.00000,666064861850,0.00000
945,472,0,5.22071,0.00000,0.00000,0.02230,0,-1.00000,666064896824,0.00000
946,473,0,0.43690,2.98320,0.23450,0.04620,3840000,-1.00000,666064912345,0.00000
947,473,0,5.61580,0.00000,0.00000,0.02830,0,-1.00000,666064947324,0.00000
948,474,0,3.18900,2.84390,0.19770,0.08140,3840000,-1.00000,666064951139,0.00000
949,474,0,4.01310,0.00000,0.00000,0.02770,0,-1.00000,666065003367,0.00000
950,475,0,5.11660,3.05740,0.17650,0.02950,3840000,-1.00000,666065007721,0.00000
951,475,0,3.88450,0.00000,0.00000,0.02090,0,-1.00000,666065063920,0.00000
952,476,0,0.44750,2.81710,0.18130,0.02990,3840000,-1.00000,666065095791,0.00000
953,476,0,3.72220,0.00000,0.00000,0.02420,0,-1.00000,666065135915,0.00000
954,477,0,0.91950,2.89740,0.24100,0.02610,3840000,-1.00000,666065187069,0.00000
955,477,0,3.83440,0.00000,0.00000,0.02090,0,-1.00000,666065225909,0.00000
956,478,0,0.38390,2.86020,0.22340,0.03240,3840000,-1.00000,666065230379,0.00000
957,478,0,3.76340,0.00000,0.00000,0.01910,0,-1.00000,666065267618,0.00000
958,479,0,0.39340,2.97240,0.14270,0.02230,3840000,-1.00000,666065276809,0.00000
959,479,0,7.17650,0.00000,0.00000,0.03240,0,-1.00000,666065315147,0.00000
960,480,0,0.39640,2.90420,0.18390,0.03670,3840000,-1.00000,666065318974,0.00000
961,480,0,4.03170,0.00000,0.00000,0.01890,0,-1.00000,666065356626,0.00000
962,481,0,0.48000,2.84210,0.17420,0.02260,3840000,-1.00000,666065360547,0.00000
963,481,0,3.52160,0.00000,0.00000,0.02000,0,-1.00000,666065432318,0.00000
964,482,0,3.75640,2.96560,0.16990,0.02310,3840000,-1.00000,666065436282,0.00000
965,482,0,3.74340,0.00000,0.00000,0.02040,0,-1.00000,666065476616,0.00000
966,483,0,0.38170,2.84980,0.21380,0.02880,3840000,-1.00000,666065481395,0.00000
967,483,0,3.84661,0.00000,0.00000,0.01870,0,-1.00000,666065516617,0.00000
968,484,0,1.45980,2.74080,0.18860,0.02900,3840000,-1.00000,666065554174,0.00000
969,484,0,3.57100,0.00000,0.00000,0.02290,0,-1.00000,666065591617,0.00000
970,485,0,0.41520,2.97190,0.21480,0.03140,3840000,-1.00000,666065595415,0.00000
971,485,0,5.03120,0.00000,0.00000,0.02120,0,-1.00000,666065633901,0.00000
972,486,0,9.03920,2.73760,0.17590,0.02600,3840000,-1.00000,666065648489,0.00000
973,486,0,3.56800,0.00000,0.00000,0.02440,0,-1.00000,666065684208,0.00000
974,487,0,0.44790,2.94570,0.17890,0.03070,3840000,-1.00000,666065688347,0.00000
975,487,0,3.83300,0.00000,0.00000,0.01920,0,-1.00000,666065738681,0.00000
976,488,0,0.57209,2.85740,0.16050,0.02320,3840000,-1.00000,666065829057,0.00000
977,488,0,3.96930,0.00000,0.00000,0.02040,0,-1.00000,666065864751,0.00000
978,489,0,0.36760,2.77770,0.19150,0.02600,3840000,-1.00000,666065869274,0.00000
979,489,0,3.65430,0.00000,0.00000,0.01890,0,-1.00000,666065907558,0.00000
980,490,0,2.24120,2.99200,0.25120,0.02950,3840000,-1.00000,666065913267,0.00000
981,490,0,3.90740,0.00000,0.00000,0.02210,0,-1.00000,666065952963,0.00000
982,491,0,5.13530,2.93680,0.20060,0.03860,3840000,-1.00000,666065956632,0.00000
983,491,0,3.93130,0.00000,0.00000,0.02010,0,-1.00000,666065993185,0.00000
984,492,0,0.46800,2.79630,0.15240,0.02390,3840000,-1.00000,666066015592,0.00000
985,492,0,3.50190,0.00000,0.00000,0.01880,0,-1.00000,666066054669,0.00000
986,493,0,1.51700,2.89930,0.16190,0.02220,3840000,-1.00000,666066106016,0.00000
987,493,0,3.54160,0.00000,0.00000,0.01850,0,-1.00000,666066145345,0.00000
988,494,0,0.34840,2.85300,0.13120,0.02170,3840000,-1.00000,666066150010,0.00000
989,494,0,5.10480,0.00000,0.00000,0.02380,0,-1.00000,666066185030,0.00000
990,495,0,3.03900,2.85400,0.22190,0.03310,3840000,-1.00000,666066200198,0.00000
991,495,0,3.80430,0.00000,0.00000,0.01920,0,-1.00000,666066235612,0.00000
992,496,0,0.53009,3.22220,0.15970,0.02540,3840000,-1.00000,666066239096,0.00000
993,496,0,3.99830,0.00000,0.00000,0.02090,0,-1.00000,666066290151,0.00000
994,497,0,0.44870,2.99830,0.16900,0.02400,3840000,-1.00000,666066320541,0.00000
995,497,0,3.76170,0.00000,0.00000,0.02030,0,-1.00000,666066358583,0.00000
996,498,0,6.00100,2.93840,0.20250,0.03420,3840000,-1.00000,666066363879,0.00000
997,498,0,3.90870,0.00000,0.00000,0.02150,0,-1.00000,666066403869,0.00000
998,499,0,2.31810,2.80490,0.17350,0.02520,3840000,-1.00000,666066408349,0.00000
999,499,0,3.50870,0.00000,0.00000,0.02110,0,-1.00000,666066445965,0.00000
1000,500,0,5.53320,3.09890,0.20990,0.04170,3840000,-1.00000,666066505978,0.00000
1001,500,0,4.08970,0.00000,0.00000,0.02030,0,-1.00000,666066545081,0.00000
1002,501,0,0.46090,3.00450,0.19060,0.03550,3840000,-1.00000,666066568251,0.00000
1003,501,0,4.02400,0.00000,0.00000,0.02290,0,-1.00000,666066603331,0.00000
1004,502,0,0.72930,2.91600,0.21100,0.03300,3840000,-1.00000,666066658670,0.00000
1005,502,0,3.68400,0.00000,0.00000,0.02340,0,-1.00000,666066699573,0.00000
1006,503,0,0.37680,3.00480,0.15570,0.05680,3840000,-1.00000,666066704169,0.00000
1007,503,0,7.96260,0.00000,0.00000,0.01930,0,-1.00000,666066744424,0.00000
1008,504,0,0.44630,2.92960,0.21270,0.03580,3840000,-1.00000,666066751709,0.00000
1009,504,0,3.88040,0.00000,0.00000,0.01840,0,-1.00000,666066788555,0.00000
1010,505,0,0.38830,3.02380,0.27070,0.02760,3840000,-1.00000,666066792308,0.00000
1011,505,0,4.02000,0.00000,0.00000,0.01850,0,-1.00000,666066871939,0.00000
1012,506,0,0.58500,3.08910,0.20370,0.03530,3840000,-1.00000,666066876398,0.00000
1013,506,0,4.00360,0.00000,0.00000,0.01850,0,-1.00000,666066915223,0.00000
1014,507,0,5.22510,2.85510,0.14240,0.02340,3840000,-1.00000,666066919088,0.00000
1015,507,0,3.66230,0.00000,0.00000,0.02120,0,-1.00000,666066959295,0.00000
1016,508,0,0.49120,2.75090,0.15510,0.02090,3840000,-1.00000,666066965137,0.00000
1017,508,0,3.53520,0.00000,0.00000,0.02000,0,-1.00000,666067005183,0.00000
1018,509,0,7.57119,3.28640,0.22870,0.05520,3840000,-1.00000,666067057428,0.00000
1019,509,0,4.75950,0.00000,0.00000,0.02760,0,-1.00000,666067094051,0.00000
1020,510,0,0.56930,3.08670,0.43000,0.07590,3840000,-1.00000,666067098959,0.00000
1021,510,0,4.58570,0.00000,0.00000,0.02650,0,-1.00000,666067134314,0.00000
1022,511,0,0.53030,3.40040,0.32710,0.06430,3840000,-1.00000,666067210075,0.00000
1023,511,0,4.64790,0.00000,0.00000,0.02810,0,-1.00000,666067257658,0.00000
1024,512,0,6.48400,3.22550,0.23030,0.05980,3840000,-1.00000,666067263314,0.00000
1025,512,0,4.33840,0.00000,0.00000,0.02720,0,-1.00000,666067309211,0.00000
1026,513,0,0.54990,3.02940,0.22600,0.02650,3840000,-1.00000,666067314477,0.00000
1027,513,0,3.94510,0.00000,0.00000,0.01940,0,-1.00000,666067360996,0.00000
1028,514,0,0.48279,3.07940,0.37100,0.05440,3840000,-1.00000,666067425846,0.00000
1029,514,0,4.47280,0.00000,0.00000,0.02470,0,-1.00000,666067469209,0.00000
1030,515,0,0.48280,3.27420,0.34460,0.04950,3840000,-1.00000,666067474675,0.00000
1031,515,0,4.48660,0.00000,0.00000,0.02710,0,-1.00000,666067514131,0.00000
1032,516,0,0.64510,3.08160,0.30660,0.05490,3840000,-1.00000,666067518956,0.00000
1033,516,0,4.23390,0.00000,0.00000,0.02720,0,-1.00000,666067563728,0.00000
1034,517,0,0.97910,2.96830,0.22060,0.03320,3840000,-1.00000,666067568511,0.00000
1035,517,0,3.93099,0.00000,0.00000,0.02270,0,-1.00000,666067613409,0.00000
1036,518,0,0.47601,3.02760,0.34430,0.05810,3840000,-1.00000,666067619828,0.00000
1037,518,0,4.60650,0.00000,0.00000,0.02630,0,-1.00000,666067662204,0.00000
1038,519,0,3.16520,3.23660,0.25280,0.05370,3840000,-1.00000,666067671960,0.00000
1039,519,0,4.33230,0.00000,0.00000,0.02590,0,-1.00000,666067711279,0.00000
1040,520,0,1.63150,3.05590,0.18390,0.02670,3840000,-1.00000,666067716032,0.00000
1041,520,0,3.89790,0.00000,0.00000,0.02690,0,-1.00000,666067762128,0.00000
1042,521,0,2.21520,2.99570,0.24880,0.02740,3840000,-1.00000,666067793757,0.00000
1043,521,0,4.13250,0.00000,0.00000,0.02030,0,-1.00000,666067837084,0.00000
1044,522,0,5.24800,3.13700,0.24780,0.03770,3840000,-1.00000,666067853437,0.00000
1045,522,0,4.14850,0.00000,0.00000,0.02380,0,-1.00000,666067892361,0.00000
1046,523,0,0.52020,3.87540,0.13770,0.02510,3840000,-1.00000,666067914653,0.00000
1047,523,0,4.73550,0.00000,0.00000,0.02040,0,-1.00000,666067955852,0.00000
1048,524,0,5.80640,2.99920,0.22470,0.03940,3840000,-1.00000,666068008330,0.00000
1049,524,0,4.10850,0.00000,0.00000,0.01870,0,-1.00000,666068049802,0.00000
1050,525,0,0.57270,3.03360,0.14120,0.02470,3840000,-1.00000,666068055004,0.00000
1051,525,0,3.93070,0.00000,0.00000,0.02240,0,-1.00000,666068102360,0.00000
1052,526,0,0.64520,2.91530,0.19620,0.02210,3840000,-1.00000,666068160424,0.00000
1053,526,0,6.32700,0.00000,0.00000,0.02890,0,-1.00000,666068201528,0.00000
1054,527,0,0.58460,3.75970,0.20780,0.02650,3840000,-1.00000,666068207233,0.00000
1055,527,0,4.67480,0.00000,0.00000,0.01920,0,-1.00000,666068246558,0.00000
1056,528,0,0.78280,2.92000,0.24250,0.03300,3840000,-1.00000,666068252992,0.00000
1057,528,0,3.91920,0.00000,0.00000,0.02360,0,-1.00000,666068316285,0.00000
1058,529,0,0.50620,3.00700,0.18220,0.02830,3840000,-1.00000,666068322107,0.00000
1059,529,0,3.92000,0.00000,0.00000,0.01980,0,-1.00000,666068368863,0.00000
1060,530,0,0.58430,3.63170,0.17010,0.02240,3840000,-1.00000,666068376684,0.00000
1061,530,0,4.46030,0.00000,0.00000,0.03830,0,-1.00000,666068415888,0.00000
1062,531,0,1.92650,3.30780,0.17000,0.03090,3840000,-1.00000,666068420951,0.00000
1063,531,0,4.22750,0.00000,0.00000,0.02220,0,-1.00000,666068460147,0.00000
1064,532,0,2.09079,3.14950,0.18330,0.03890,3840000,-1.00000,666068465985,0.00000
1065,532,0,4.13960,0.00000,0.00000,0.02400,0,-1.00000,666068510679,0.00000
1066,533,0,0.42570,3.13900,0.22790,0.03670,3840000,-1.00000,666068529850,0.00000
1067,533,0,7.55640,0.00000,0.00000,0.02360,0,-1.00000,666068572137,0.00000
1068,534,0,0.50280,2.89230,0.18910,0.02280,3840000,-1.00000,666068593041,0.00000
1069,534,0,3.66310,0.00000,0.00000,0.02280,0,-1.00000,666068634449,0.00000
1070,535,0,2.09079,3.21750,0.20560,0.04020,3840000,-1.00000,666068638682,0.00000
1071,535,0,4.16250,0.00000,0.00000,0.02400,0,-1.00000,666068714279,0.00000
1072,536,0,4.89630,3.11890,0.22810,0.04160,3840000,-1.00000,666068719279,0.00000
1073,536,0,4.13520,0.00000,0.00000,0.02260,0,-1.00000,666068755915,0.00000
1074,537,0,0.52980,3.13060,0.19130,0.02430,3840000,-1.00000,666068776821,0.00000
1075,537,0,3.85910,0.00000,0.00000,0.02180,0,-1.00000,666068818452,0.00000
1076,538,0,0.74530,3.09510,0.17330,0.03140,3840000,-1.00000,666068867413,0.00000
1077,538,0,3.92450,0.00000,0.00000,0.01850,0,-1.00000,666068908771,0.00000
1078,539,0,2.05730,3.31080,0.22160,0.04280,3840000,-1.00000,666068914056,0.00000
1079,539,0,4.43170,0.00000,0.00000,0.02480,0,-1.00000,666068952646,0.00000
1080,540,0,4.90650,2.83070,0.22270,0.02380,3840000,-1.00000,666068960102,0.00000
1081,540,0,3.67971,0.00000,0.00000,0.02180,0,-1.00000,666068999353,0.00000
1082,541,0,0.47550,3.21370,0.20620,0.02570,3840000,-1.00000,666069019921,0.00000
1083,541,0,4.11180,0.00000,0.00000,0.02610,0,-1.00000,666069064255,0.00000
1084,542,0,0.42620,3.17710,0.15930,0.03110,3840000,-1.00000,666069113302,0.00000
1085,542,0,4.08120,0.00000,0.00000,0.01970,0,-1.00000,666069150114,0.00000
1086,543,0,2.59610,2.89640,0.17120,0.02410,3840000,-1.00000,666069154852,0.00000
1087,543,0,3.76570,0.00000,0.00000,0.01900,0,-1.00000,666069195981,0.00000
1088,544,0,2.58170,2.91590,0.18960,0.03980,3840000,-1.00000,666069200231,0.00000
1089,544,0,3.85600,0.00000,0.00000,0.02320,0,-1.00000,666069241064,0.00000
1090,545,0,0.57060,3.98670,0.13870,0.01930,3840000,-1.00000,666069267005,0.00000
1091,545,0,4.70720,0.00000,0.00000,0.02030,0,-1.00000,666069304664,0.00000
1092,546,0,6.11340,3.15220,0.21110,0.04350,3840000,-1.00000,666069330483,0.00000
1093,546,0,4.10760,0.00000,0.00000,0.02070,0,-1.00000,666069369046,0.00000
1094,547,0,0.42230,3.16030,0.15270,0.02370,3840000,-1.00000,666069374744,0.00000
1095,547,0,4.69870,0.00000,0.00000,0.01910,0,-1.00000,666069421816,0.00000
1096,548,0,0.38510,2.99940,0.11910,0.01950,3840000,-1.00000,666069482966,0.00000
1097,548,0,8.79310,0.00000,0.00000,0.03100,0,-1.00000,666069524030,0.00000
1098,549,0,0.59520,2.92940,0.18290,0.02690,3840000,-1.00000,666069528246,0.00000
1099,549,0,3.84600,0.00000,0.00000,0.01910,0,-1.00000,666069575235,0.00000
1100,550,0,0.47560,3.08080,0.16700,0.02310,3840000,-1.00000,666069579087,0.00000
1101,550,0,3.87370,0.00000,0.00000,0.01810,0,-1.00000,666069667060,0.00000
1102,551,0,0.38040,2.99590,0.16150,0.01770,3840000,-1.00000,666069672976,0.00000
1103,551,0,3.75940,0.00000,0.00000,0.03100,0,-1.00000,666069711434,0.00000
1104,552,0,2.41080,3.14640,0.14670,0.02900,3840000,-1.00000,666069716186,0.00000
1105,552,0,3.95330,0.00000,0.00000,0.02740,0,-1.00000,666069754922,0.00000
1106,553,0,5.32600,3.27780,0.18990,0.03490,3840000,-1.00000,666069758728,0.00000
1107,553,0,4.21180,0.00000,0.00000,0.02070,0,-1.00000,666069796319,0.00000
1108,554,0,1.86510,3.10030,0.22720,0.03860,3840000,-1.00000,666069820439,0.00000
1109,554,0,4.05990,0.00000,0.00000,0.02400,0,-1.00000,666069859971,0.00000
1110,555,0,5.23060,2.85390,0.25790,0.04640,3840000,-1.00000,666069913232,0.00000
1111,555,0,3.81720,0.00000,0.00000,0.02310,0,-1.00000,666069955343,0.00000
1112,556,0,2.26330,2.92260,0.20040,0.02720,3840000,-1.00000,666069973991,0.00000
1113,556,0,3.78800,0.00000,0.00000,0.02570,0,-1.00000,666070014625,0.00000
1114,557,0,0.43300,3.06530,0.13530,0.02010,3840000,-1.00000,666070066913,0.00000
1115,557,0,8.14300,0.00000,0.00000,0.03040,0,-1.00000,666070105076,0.00000
1116,558,0,0.56410,3.18250,0.30830,0.04670,3840000,-1.00000,666070127701,0.00000
1117,558,0,4.36640,0.00000,0.00000,0.02080,0,-1.00000,666070165586,0.00000
1118,559,0,1.44410,3.33150,0.24390,0.03040,3840000,-1.00000,666070169910,0.00000
1119,559,0,4.21580,0.00000,0.00000,0.01990,0,-1.00000,666070251493,0.00000
1120,560,0,0.34401,3.20490,0.16160,0.02210,3840000,-1.00000,666070256984,0.00000
1121,560,0,4.40900,0.00000,0.00000,0.02010,0,-1.00000,666070300670,0.00000
1122,561,0,2.98790,3.06860,0.21010,0.02770,3840000,-1.00000,666070315124,0.00000
1123,561,0,3.94370,0.00000,0.00000,0.02310,0,-1.00000,666070357250,0.00000
1124,562,0,0.47500,3.12630,0.16660,0.02550,3840000,-1.00000,666070360685,0.00000
1125,562,0,4.92280,0.00000,0.00000,0.02060,0,-1.00000,666070404776,0.00000
1126,563,0,0.52000,2.96200,0.16390,0.02340,3840000,-1.00000,666070434651,0.00000
1127,563,0,5.65970,0.00000,0.00000,0.01880,0,-1.00000,666070474105,0.00000
1128,564,0,3.24490,3.02260,0.19540,0.03650,3840000,-1.00000,666070478840,0.00000
1129,564,0,3.99280,0.00000,0.00000,0.02280,0,-1.00000,666070528079,0.00000
1130,565,0,5.07910,2.93180,0.18670,0.02600,3840000,-1.00000,666070533269,0.00000
1131,565,0,3.88310,0.00000,0.00000,0.01970,0,-1.00000,666070589869,0.00000
1132,566,0,5.55220,2.90970,0.15290,0.02610,3840000,-1.00000,666070622316,0.00000
1133,566,0,3.68360,0.00000,0.00000,0.01890,0,-1.00000,666070662264,0.00000
1134,567,0,0.45820,3.02000,0.12840,0.02080,3840000,-1.00000,666070713040,0.00000
1135,567,0,3.85810,0.00000,0.00000,0.01850,0,-1.00000,666070751867,0.00000
1136,568,0,0.39110,3.06300,0.24910,0.05180,3840000,-1.00000,666070807389,0.00000
1137,568,0,4.16900,0.00000,0.00000,0.02500,0,-1.00000,666070844226,0.00000
1138,569,0,0.41310,3.08580,0.21970,0.07500,3840000,-1.00000,666070848806,0.00000
1139,569,0,4.10760,0.00000,0.00000,0.01940,0,-1.00000,666070887387,0.00000
1140,570,0,1.27620,3.18920,0.19700,0.02060,3840000,-1.00000,666070891288,0.00000
1141,570,0,4.03880,0.00000,0.00000,0.01810,0,-1.00000,666070933011,0.00000
1142,571,0,5.22290,3.13890,0.24300,0.04120,3840000,-1.00000,666070937114,0.00000
1143,571,0,4.09570,0.00000,0.00000,0.02420,0,-1.00000,666070978212,0.00000
1144,572,0,4.93530,3.11080,0.14660,0.02330,3840000,-1.00000,666070990958,0.00000
1145,572,0,3.87500,0.00000,0.00000,0.01870,0,-1.00000,666071031345,0.00000
1146,573,0,0.39880,3.17130,0.16960,0.02370,3840000,-1.00000,666071083587,0.00000
1147,573,0,3.92010,0.00000,0.00000,0.01890,0,-1.00000,666071124536,0.00000
1148,574,0,4.16030,2.99470,0.22630,0.03700,3840000,-1.00000,666071173886,0.00000
1149,574,0,3.90011,0.00000,0.00000,0.01910,0,-1.00000,666071212634,0.00000
1150,575,0,0.45590,3.33870,0.15790,0.02530,3840000,-1.00000,666071216618,0.00000
1151,575,0,4.26030,0.00000,0.00000,0.01920,0,-1.00000,666071255829,0.00000
1152,576,0,0.43830,2.95240,0.19210,0.02130,3840000,-1.00000,666071297424,0.00000
1153,576,0,3.83880,0.00000,0.00000,0.01840,0,-1.00000,666071336440,0.00000
1154,577,0,0.34850,3.17190,0.15750,0.02200,3840000,-1.00000,666071340985,0.00000
1155,577,0,5.50500,0.00000,0.00000,0.02060,0,-1.00000,666071383593,0.00000
1156,578,0,0.51340,3.47540,0.18520,0.04510,3840000,-1.00000,666071387969,0.00000
1157,578,0,5.67610,0.00000,0.00000,0.02350,0,-1.00000,666071426359,0.00000
1158,579,0,0.43860,3.06370,0.13970,0.02180,3840000,-1.00000,666071429840,0.00000
1159,579,0,3.85530,0.00000,0.00000,0.02120,0,-1.00000,666071484902,0.00000
1160,580,0,0.51100,3.20300,0.28280,0.03750,3840000,-1.00000,666071490029,0.00000
1161,580,0,4.33320,0.00000,0.00000,0.02450,0,-1.00000,666071546815,0.00000
1162,581,0,0.52640,3.14590,0.27630,0.02800,3840000,-1.00000,666071551176,0.00000
1163,581,0,4.09870,0.00000,0.00000,0.01740,0,-1.00000,666071589733,0.00000
1164,582,0,1.49470,3.09950,0.14470,0.02050,3840000,-1.00000,666071594838,0.00000
1165,582,0,3.90890,0.00000,0.00000,0.02200,0,-1.00000,666071638190,0.00000
1166,583,0,0.41530,3.13110,0.21080,0.03600,3840000,-1.00000,666071643436,0.00000
1167,583,0,4.10930,0.00000,0.00000,0.01920,0,-1.00000,666071684428,0.00000
1168,584,0,0.46180,3.18130,0.16770,0.02330,3840000,-1.00000,666071699370,0.00000
1169,584,0,6.40880,0.00000,0.00000,0.02250,0,-1.00000,666071738459,0.00000
1170,585,0,0.38639,3.02340,0.15290,0.02240,3840000,-1.00000,666071742607,0.00000
1171,585,0,3.75880,0.00000,0.00000,0.01910,0,-1.00000,666071783716,0.00000
1172,586,0,0.44410,3.11950,0.20730,0.03410,3840000,-1.00000,666071788322,0.00000
1173,586,0,3.95740,0.00000,0.00000,0.02210,0,-1.00000,666071852419,0.00000
1174,587,0,0.43180,3.06520,0.29830,0.02320,3840000,-1.00000,666071856273,0.00000
1175,587,0,4.09860,0.00000,0.00000,0.02340,0,-1.00000,666071893865,0.00000
1176,588,0,2.46370,3.12830,0.19320,0.03490,3840000,-1.00000,666071898302,0.00000
1177,588,0,4.01670,0.00000,0.00000,0.01940,0,-1.00000,666071937893,0.00000
1178,589,0,5.26490,3.17020,0.20400,0.03690,3840000,-1.00000,666071942200,0.00000
1179,589,0,4.20830,0.00000,0.00000,0.02030,0,-1.00000,666071983255,0.00000
1180,590,0,5.01710,3.24600,0.17300,0.02350,3840000,-1.00000,666072007829,0.00000
1181,590,0,4.07160,0.00000,0.00000,0.01910,0,-1.00000,666072047988,0.00000
1182,591,0,0.39131,3.14820,0.13970,0.02570,3840000,-1.00000,666072100635,0.00000
1183,591,0,3.82479,0.00000,0.00000,0.01850,0,-1.00000,666072142782,0.00000
1184,592,0,0.89920,3.16650,0.23370,0.04190,3840000,-1.00000,666072192889,0.00000
1185,592,0,4.26770,0.00000,0.00000,0.01700,0,-1.00000,666072233605,0.00000
1186,593,0,0.45561,3.29730,0.24370,0.03990,3840000,-1.00000,666072237508,0.00000
1187,593,0,7.47150,0.00000,0.00000,0.06300,0,-1.00000,666072275766,0.00000
1188,594,0,0.54500,3.15690,0.16730,0.02020,3840000,-1.00000,666072284760,0.00000
1189,594,0,4.04330,0.00000,0.00000,0.02240,0,-1.00000,666072327447,0.00000
1190,595,0,0.55540,3.30810,0.14010,0.02320,3840000,-1.00000,666072331989,0.00000
1191,595,0,4.10320,0.00000,0.00000,0.01510,0,-1.00000,666072406730,0.00000
1192,596,0,0.48840,3.20490,0.24510,0.03180,3840000,-1.00000,666072412153,0.00000
1193,596,0,4.09870,0.00000,0.00000,0.02210,0,-1.00000,666072452596,0.00000
1194,597,0,0.49170,3.29330,0.16790,0.02500,3840000,-1.00000,666072458141,0.00000
1195,597,0,4.10590,0.00000,0.00000,0.01900,0,-1.00000,666072499173,0.00000
1196,598,0,0.43030,3.25950,0.15700,0.02220,3840000,-1.00000,666072504056,0.00000
1197,598,0,4.05270,0.00000,0.00000,0.01520,0,-1.00000,666072545053,0.00000
1198,599,0,0.42660,3.27170,0.18100,0.04310,3840000,-1.00000,666072549965,0.00000
1199,599,0,4.25580,0.00000,0.00000,0.02410,0,-1.00000,666072591028,0.00000
1200,600,0,1.77410,3.29040,0.22700,0.05450,3840000,-1.00000,666072595323,0.00000
1201,600,0,4.37250,0.00000,0.00000,0.02600,0,-1.00000,666072635847,0.00000
1202,601,0,0.57881,3.38890,0.31370,0.07530,3840000,-1.00000,666072640116,0.00000
1203,601,0,4.65350,0.00000,0.00000,0.02500,0,-1.00000,666072682703,0.00000
1204,602,0,0.51270,3.37110,0.32490,0.06190,3840000,-1.00000,666072700416,0.00000
1205,602,0,4.45140,0.00000,0.00000,0.02180,0,-1.00000,666072744167,0.00000
1206,603,0,0.44190,3.25590,0.17710,0.02250,3840000,-1.00000,666072749933,0.00000
1207,603,0,4.09560,0.00000,0.00000,0.01980,0,-1.00000,666072796502,0.00000
1208,604,0,4.00400,3.30700,0.28280,0.05420,3840000,-1.00000,666072801590,0.00000
1209,604,0,4.36540,0.00000,0.00000,0.02130,0,-1.00000,666072846114,0.00000
1210,605,0,4.82320,3.27450,0.21350,0.02800,3840000,-1.00000,666072850521,0.00000
1211,605,0,4.17170,0.00000,0.00000,0.01950,0,-1.00000,666072891480,0.00000
1212,606,0,0.51510,3.28700,0.13970,0.02300,3840000,-1.00000,666072931521,0.00000
1213,606,0,4.08170,0.00000,0.00000,0.01890,0,-1.00000,666072975206,0.00000
1214,607,0,0.45760,3.33020,0.13610,0.02310,3840000,-1.00000,666073023418,0.00000
1215,607,0,4.00340,0.00000,0.00000,0.01880,0,-1.00000,666073065122,0.00000
1216,608,0,0.44210,3.26060,0.15220,0.02210,3840000,-1.00000,666073070273,0.00000
1217,608,0,4.08280,0.00000,0.00000,0.02090,0,-1.00000,666073111093,0.00000
1218,609,0,0.83800,3.46200,0.18810,0.02850,3840000,-1.00000,666073115665,0.00000
1219,609,0,4.55210,0.00000,0.00000,0.01910,0,-1.00000,666073155716,0.00000
1220,610,0,4.71280,3.24840,0.18560,0.04020,3840000,-1.00000,666073160120,0.00000
1221,610,0,4.27900,0.00000,0.00000,0.02060,0,-1.00000,666073200961,0.00000
1222,611,0,4.99740,3.26250,0.22840,0.04130,3840000,-1.00000,666073209333,0.00000
1223,611,0,4.31770,0.00000,0.00000,0.02080,0,-1.00000,666073254861,0.00000
1224,612,0,4.82100,3.31420,0.13450,0.02470,3840000,-1.00000,666073302024,0.00000
1225,612,0,4.03010,0.00000,0.00000,0.01990,0,-1.00000,666073344789,0.00000
1226,613,0,5.17390,3.28730,0.21200,0.04330,3840000,-1.00000,666073394761,0.00000
1227,613,0,4.24650,0.00000,0.00000,0.02040,0,-1.00000,666073437924,0.00000
1228,614,0,4.96970,3.20490,0.20960,0.03650,3840000,-1.00000,666073486130,0.00000
1229,614,0,4.11220,0.00000,0.00000,0.02290,0,-1.00000,666073526436,0.00000
1230,615,0,0.42330,3.21270,0.13240,0.02210,3840000,-1.00000,666073578198,0.00000
1231,615,0,3.93440,0.00000,0.00000,0.01900,0,-1.00000,666073620648,0.00000
1232,616,0,3.87250,3.34020,0.18610,0.03710,3840000,-1.00000,666073670343,0.00000
1233,616,0,4.36880,0.00000,0.00000,0.01990,0,-1.00000,666073711459,0.00000
1234,617,0,4.81901,3.24270,0.20500,0.02560,3840000,-1.00000,666073715680,0.00000
1235,617,0,4.06010,0.00000,0.00000,0.01830,0,-1.00000,666073755034,0.00000
1236,618,0,0.38360,3.24150,0.14240,0.02230,3840000,-1.00000,666073793756,0.00000
1237,618,0,3.92400,0.00000,0.00000,0.01900,0,-1.00000,666073837464,0.00000
1238,619,0,0.44430,3.30830,0.19590,0.03790,3840000,-1.00000,666073885639,0.00000
1239,619,0,4.30450,0.00000,0.00000,0.02000,0,-1.00000,666073926237,0.00000
1240,620,0,0.41200,3.41000,0.14630,0.02320,3840000,-1.00000,666073930061,0.00000
1241,620,0,4.14490,0.00000,0.00000,0.02140,0,-1.00000,666073969313,0.00000
1242,621,0,3.84190,3.19060,0.13340,0.02090,3840000,-1.00000,666073973752,0.00000
1243,621,0,3.86810,0.00000,0.00000,0.02250,0,-1.00000,666074016817,0.00000
1244,622,0,0.41200,3.36490,0.12740,0.02250,3840000,-1.00000,666074020919,0.00000
1245,622,0,5.19529,0.00000,0.00000,0.01860,0,-1.00000,666074062374,0.00000
1246,623,0,0.36440,3.50130,0.16400,0.02340,3840000,-1.00000,666074100786,0.00000
1247,623,0,8.67320,0.00000,0.00000,0.02070,0,-1.00000,666074139474,0.00000
1248,624,0,0.40670,3.46190,0.24150,0.03400,3840000,-1.00000,666074143588,0.00000
1249,624,0,4.53890,0.00000,0.00000,0.01950,0,-1.00000,666074195540,0.00000
1250,625,0,4.32360,3.17180,0.19330,0.02520,3840000,-1.00000,666074199183,0.00000
1251,625,0,3.99210,0.00000,0.00000,0.01930,0,-1.00000,666074285925,0.00000
1252,626,0,5.16810,3.35520,0.16150,0.02550,3840000,-1.00000,666074289989,0.00000
1253,626,0,4.12220,0.00000,0.00000,0.01900,0,-1.00000,666074335388,0.00000
1254,627,0,0.44550,3.21800,0.13990,0.02150,3840000,-1.00000,666074378612,0.00000
1255,627,0,3.94210,0.00000,0.00000,0.02040,0,-1.00000,666074418533,0.00000
1256,628,0,0.77940,3.24290,0.14680,0.02150,3840000,-1.00000,666074470217,0.00000
1257,628,0,4.06580,0.00000,0.00000,0.01860,0,-1.00000,666074511436,0.00000
1258,629,0,2.04150,3.40270,0.18340,0.03710,3840000,-1.00000,666074515885,0.00000
1259,629,0,4.27540,0.00000,0.00000,0.01900,0,-1.00000,666074555313,0.00000
1260,630,0,2.02270,3.15530,0.19010,0.02590,3840000,-1.00000,666074563100,0.00000
1261,630,0,4.01650,0.00000,0.00000,0.01870,0,-1.00000,666074603761,0.00000
1262,631,0,0.33540,3.26620,0.16080,0.03420,3840000,-1.00000,666074624177,0.00000
1263,631,0,4.80830,0.00000,0.00000,0.01830,0,-1.00000,666074666965,0.00000
1264,632,0,0.42550,3.40650,0.14680,0.02090,3840000,-1.00000,666074687158,0.00000
1265,632,0,7.18020,0.00000,0.00000,0.02080,0,-1.00000,666074727324,0.00000
1266,633,0,1.75720,3.27450,0.16100,0.02540,3840000,-1.00000,666074730676,0.00000
1267,633,0,4.13770,0.00000,0.00000,0.01870,0,-1.00000,666074778769,0.00000
1268,634,0,4.94910,3.38500,0.15580,0.04000,3840000,-1.00000,666074783013,0.00000
1269,634,0,4.52050,0.00000,0.00000,0.02490,0,-1.00000,666074854825,0.00000
1270,635,0,4.88990,3.54010,0.22050,0.05530,3840000,-1.00000,666074872391,0.00000
1271,635,0,4.66850,0.00000,0.00000,0.02460,0,-1.00000,666074913771,0.00000
1272,636,0,0.51980,3.30810,0.15570,0.02140,3840000,-1.00000,666074963269,0.00000
1273,636,0,4.14950,0.00000,0.00000,0.02200,0,-1.00000,666075008481,0.00000
1274,637,0,0.42251,3.33990,0.17940,0.02460,3840000,-1.00000,666075057394,0.00000
1275,637,0,4.16270,0.00000,0.00000,0.01840,0,-1.00000,666075104071,0.00000
1276,638,0,0.34270,3.19930,0.14230,0.02140,3840000,-1.00000,666075109243,0.00000
1277,638,0,4.03680,0.00000,0.00000,0.02110,0,-1.00000,666075150741,0.00000
1278,639,0,0.45560,3.20390,0.22740,0.04770,3840000,-1.00000,666075154963,0.00000
1279,639,0,4.30870,0.00000,0.00000,0.02710,0,-1.00000,666075196587,0.00000
1280,640,0,4.50100,3.36100,0.23130,0.05320,3840000,-1.00000,666075200016,0.00000
1281,640,0,4.46890,0.00000,0.00000,0.02450,0,-1.00000,666075240388,0.00000
1282,641,0,0.54150,3.45640,0.20720,0.03470,3840000,-1.00000,666075244944,0.00000
1283,641,0,4.44110,0.00000,0.00000,0.01970,0,-1.00000,666075288059,0.00000
1284,642,0,0.48279,3.28670,0.28030,0.05140,3840000,-1.00000,666075333107,0.00000
1285,642,0,4.33830,0.00000,0.00000,0.02280,0,-1.00000,666075377873,0.00000
1286,643,0,0.45440,3.24470,0.24640,0.04100,3840000,-1.00000,666075383144,0.00000
1287,643,0,4.24870,0.00000,0.00000,0.01870,0,-1.00000,666075427575,0.00000
1288,644,0,5.69060,3.27750,0.16770,0.02650,3840000,-1.00000,666075432385,0.00000
1289,644,0,4.30560,0.00000,0.00000,0.02070,0,-1.00000,666075475796,0.00000
1290,645,0,0.41310,3.32290,0.19760,0.02880,3840000,-1.00000,666075480310,0.00000
1291,645,0,4.14660,0.00000,0.00000,0.01940,0,-1.00000,666075522839,0.00000
1292,646,0,0.44460,3.30200,0.16510,0.02220,3840000,-1.00000,666075579709,0.00000
1293,646,0,5.91380,0.00000,0.00000,0.02000,0,-1.00000,666075622763,0.00000
1294,647,0,3.28270,3.14140,0.16180,0.02160,3840000,-1.00000,666075626885,0.00000
1295,647,0,3.94851,0.00000,0.00000,0.01750,0,-1.00000,666075668360,0.00000
1296,648,0,2.19830,3.30700,0.15580,0.02280,3840000,-1.00000,666075672800,0.00000
1297,648,0,3.99130,0.00000,0.00000,0.01720,0,-1.00000,666075731945,0.00000
1298,649,0,5.02950,3.34850,0.16540,0.02490,3840000,-1.00000,666075764763,0.00000
1299,649,0,4.15400,0.00000,0.00000,0.02060,0,-1.00000,666075804249,0.00000
1300,650,0,0.38540,3.33480,0.18340,0.03870,3840000,-1.00000,666075826272,0.00000
1301,650,0,4.47870,0.00000,0.00000,0.02110,0,-1.00000,666075866149,0.00000
1302,651,0,0.39301,3.31690,0.17870,0.11090,3840000,-1.00000,666075916441,0.00000
1303,651,0,4.21400,0.00000,0.00000,0.02280,0,-1.00000,666075957981,0.00000
1304,652,0,1.91510,3.32720,0.15550,0.02140,3840000,-1.00000,666075961832,0.00000
1305,652,0,4.13000,0.00000,0.00000,0.01900,0,-1.00000,666076006640,0.00000
1306,653,0,0.37530,3.35680,0.14630,0.02000,3840000,-1.00000,666076010547,0.00000
1307,653,0,4.59250,0.00000,0.00000,0.01770,0,-1.00000,666076052694,0.00000
1308,654,0,0.37780,3.39410,0.16670,0.02560,3840000,-1.00000,666076071839,0.00000
1309,654,0,4.18340,0.00000,0.00000,0.01920,0,-1.00000,666076113141,0.00000
1310,655,0,4.85990,3.29450,0.19850,0.03420,3840000,-1.00000,666076116893,0.00000
1311,655,0,4.10700,0.00000,0.00000,0.02200,0,-1.00000,666076162819,0.00000
1312,656,0,5.22660,3.12460,0.17820,0.03130,3840000,-1.00000,666076166595,0.00000
1313,656,0,3.98100,0.00000,0.00000,0.01970,0,-1.00000,666076208436,0.00000
1314,657,0,0.40330,3.30730,0.16820,0.02160,3840000,-1.00000,666076257030,0.00000
1315,657,0,4.08910,0.00000,0.00000,0.01810,0,-1.00000,666076298123,0.00000
1316,658,0,3.58530,3.35410,0.13980,0.02170,3840000,-1.00000,666076350370,0.00000
1317,658,0,4.13430,0.00000,0.00000,0.01830,0,-1.00000,666076390178,0.00000
1318,659,0,2.27380,3.26730,0.16100,0.02320,3840000,-1.00000,666076394201,0.00000
1319,659,0,3.92790,0.00000,0.00000,0.02010,0,-1.00000,666076435104,0.00000
1320,660,0,5.13810,3.26950,0.21510,0.04190,3840000,-1.00000,666076470955,0.00000
1321,660,0,4.19490,0.00000,0.00000,0.02620,0,-1.00000,666076512297,0.00000
1322,661,0,0.49070,3.19990,0.19070,0.02390,3840000,-1.00000,666076535035,0.00000
1323,661,0,4.04439,0.00000,0.00000,0.01820,0,-1.00000,666076574311,0.00000
1324,662,0,3.66860,3.13240,0.12840,0.02390,3840000,-1.00000,666076625697,0.00000
1325,662,0,3.82880,0.00000,0.00000,0.01930,0,-1.00000,666076667663,0.00000
1326,663,0,0.38910,3.46060,0.13040,0.02260,3840000,-1.00000,666076672553,0.00000
1327,663,0,4.17110,0.00000,0.00000,0.02160,0,-1.00000,666076712995,0.00000
1328,664,0,3.82350,3.19440,0.17490,0.02450,3840000,-1.00000,666076749683,0.00000
1329,664,0,4.02640,0.00000,0.00000,0.01760,0,-1.00000,666076787973,0.00000
1330,665,0,0.36759,3.09480,0.16370,0.02300,3840000,-1.00000,666076791852,0.00000
1331,665,0,7.88160,0.00000,0.00000,0.02770,0,-1.00000,666076833573,0.00000
1332,666,0,0.47800,3.38970,0.19820,0.02710,3840000,-1.00000,666076871809,0.00000
1333,666,0,4.25450,0.00000,0.00000,0.01890,0,-1.00000,666076912073,0.00000
1334,667,0,4.28410,3.19840,0.14440,0.02200,3840000,-1.00000,666076915739,0.00000
1335,667,0,3.91220,0.00000,0.00000,0.02020,0,-1.00000,666076994593,0.00000
1336,668,0,0.37810,3.13680,0.13690,0.02100,3840000,-1.00000,666076999343,0.00000
1337,668,0,3.91590,0.00000,0.00000,0.02060,0,-1.00000,666077041887,0.00000
1338,669,0,4.21960,3.33100,0.11940,0.02140,3840000,-1.00000,666077084728,0.00000
1339,669,0,4.24220,0.00000,0.00000,0.01840,0,-1.00000,666077123846,0.00000
1340,670,0,1.88300,3.17860,0.17250,0.02910,3840000,-1.00000,666077127632,0.00000
1341,670,0,4.11560,0.00000,0.00000,0.02360,0,-1.00000,666077166794,0.00000
1342,671,0,0.37560,3.23650,0.20940,0.03470,3840000,-1.00000,666077208986,0.00000
1343,671,0,4.11460,0.00000,0.00000,0.02160,0,-1.00000,666077251411,0.00000
1344,672,0,0.58120,3.31350,0.16330,0.02410,3840000,-1.00000,666077270239,0.00000
1345,672,0,4.16640,0.00000,0.00000,0.01850,0,-1.00000,666077311400,0.00000
1346,673,0,1.68260,3.18010,0.19300,0.02900,3840000,-1.00000,666077315142,0.00000
1347,673,0,4.21050,0.00000,0.00000,0.01780,0,-1.00000,666077356307,0.00000
1348,674,0,0.50730,3.15650,0.13060,0.02300,3840000,-1.00000,666077362108,0.00000
1349,674,0,3.98549,0.00000,0.00000,0.01870,0,-1.00000,666077403774,0.00000
1350,675,0,0.81340,3.11700,0.14820,0.02080,3840000,-1.00000,666077420617,0.00000
1351,675,0,4.04720,0.00000,0.00000,0.01910,0,-1.00000,666077462756,0.00000
1352,676,0,5.15300,3.32030,0.21590,0.03990,3840000,-1.00000,666077467770,0.00000
1353,676,0,4.30779,0.00000,0.00000,0.01830,0,-1.00000,666077507634,0.00000
1354,677,0,0.46171,3.24530,0.16210,0.02210,3840000,-1.00000,666077515763,0.00000
1355,677,0,4.12990,0.00000,0.00000,0.01770,0,-1.00000,666077556233,0.00000
1356,678,0,0.41140,3.08140,0.15760,0.02200,3840000,-1.00000,666077607766,0.00000
1357,678,0,4.00330,0.00000,0.00000,0.01720,0,-1.00000,666077650855,0.00000
1358,679,0,5.00291,3.13470,0.16260,0.02460,3840000,-1.00000,666077655460,0.00000
1359,679,0,4.05620,0.00000,0.00000,0.01870,0,-1.00000,666077696762,0.00000
1360,680,0,0.62770,3.25890,0.15860,0.02200,3840000,-1.00000,666077700867,0.00000
1361,680,0,7.60240,0.00000,0.00000,0.02150,0,-1.00000,666077740905,0.00000
1362,681,0,0.58200,3.19760,0.16610,0.02160,3840000,-1.00000,666077790937,0.00000
1363,681,0,4.08990,0.00000,0.00000,0.01700,0,-1.00000,666077831501,0.00000
1364,682,0,4.67090,3.18090,0.19510,0.03540,3840000,-1.00000,666077837774,0.00000
1365,682,0,4.34150,0.00000,0.00000,0.01700,0,-1.00000,666077913804,0.00000
1366,683,0,0.54380,3.34280,0.15910,0.02320,3840000,-1.00000,666077919621,0.00000
1367,683,0,4.46250,0.00000,0.00000,0.02020,0,-1.00000,666077960517,0.00000
1368,684,0,0.48040,3.22070,0.14260,0.02100,3840000,-1.00000,666078007239,0.00000
1369,684,0,3.99450,0.00000,0.00000,0.01910,0,-1.00000,666078050645,0.00000
1370,685,0,1.29070,3.20710,0.15000,0.02040,3840000,-1.00000,666078056075,0.00000
1371,685,0,4.03470,0.00000,0.00000,0.01800,0,-1.00000,666078100702,0.00000
1372,686,0,2.10190,3.16150,0.23010,0.03710,3840000,-1.00000,666078105503,0.00000
1373,686,0,4.20120,0.00000,0.00000,0.02810,0,-1.00000,666078145447,0.00000
1374,687,0,4.88660,3.40450,0.32570,0.05630,3840000,-1.00000,666078158361,0.00000
1375,687,0,4.69140,0.00000,0.00000,0.02480,0,-1.00000,666078198706,0.00000
1376,688,0,0.54870,3.34420,0.40830,0.09060,3840000,-1.00000,666078219723,0.00000
1377,688,0,4.72500,0.00000,0.00000,0.02090,0,-1.00000,666078261749,0.00000
1378,689,0,0.57860,3.42390,0.28330,0.04970,3840000,-1.00000,666078310658,0.00000
1379,689,0,4.72700,0.00000,0.00000,0.02510,0,-1.00000,666078357544,0.00000
1380,690,0,0.55480,3.38950,0.27820,0.05520,3840000,-1.00000,666078363002,0.00000
1381,690,0,4.70130,0.00000,0.00000,0.02010,0,-1.00000,666078410277,0.00000
1382,691,0,1.01110,3.27200,0.29900,0.06060,3840000,-1.00000,666078416038,0.00000
1383,691,0,4.50260,0.00000,0.00000,0.02210,0,-1.00000,666078463343,0.00000
1384,692,0,0.53780,3.45000,0.29650,0.07260,3840000,-1.00000,666078468866,0.00000
1385,692,0,4.77480,0.00000,0.00000,0.02490,0,-1.00000,666078515905,0.00000
1386,693,0,0.50250,3.49040,0.34720,0.10750,3840000,-1.00000,666078525990,0.00000
1387,693,0,4.91070,0.00000,0.00000,0.02110,0,-1.00000,666078571047,0.00000
1388,694,0,0.57710,3.29910,0.33590,0.07430,3840000,-1.00000,666078576390,0.00000
1389,694,0,4.67130,0.00000,0.00000,0.02480,0,-1.00000,666078624177,0.00000
1390,695,0,0.58370,3.45670,0.30230,0.06150,3840000,-1.00000,666078629157,0.00000
1391,695,0,4.85780,0.00000,0.00000,0.02280,0,-1.00000,666078678432,0.00000
1392,696,0,0.53390,3.68460,0.48290,0.06650,3840000,-1.00000,666078684037,0.00000
1393,696,0,5.15210,0.00000,0.00000,0.02430,0,-1.00000,666078730800,0.00000
1394,697,0,0.55070,3.49210,0.35050,0.06210,3840000,-1.00000,666078736592,0.00000
1395,697,0,4.91700,0.00000,0.00000,0.02390,0,-1.00000,666078785209,0.00000
1396,698,0,0.53400,3.49260,0.29050,0.05180,3840000,-1.00000,666078790508,0.00000
1397,698,0,4.75280,0.00000,0.00000,0.02160,0,-1.00000,666078842065,0.00000
1398,699,0,0.56210,3.71760,0.41390,0.06000,3840000,-1.00000,666078847536,0.00000
1399,699,0,5.17990,0.00000,0.00000,0.02860,0,-1.00000,666078896739,0.00000
1400,700,0,0.59500,3.64420,0.40100,0.06320,3840000,-1.00000,666078902046,0.00000
1401,700,0,5.04680,0.00000,0.00000,0.02520,0,-1.00000,666078949607,0.00000
1402,701,0,0.59060,3.49470,0.32560,0.05630,3840000,-1.00000,666078955195,0.00000
1403,701,0,4.79550,0.00000,0.00000,0.02460,0,-1.00000,666079007049,0.00000
1404,702,0,0.54430,3.64650,0.32040,0.06220,3840000,-1.00000,666079012949,0.00000
1405,702,0,4.93120,0.00000,0.00000,0.02160,0,-1.00000,666079063446,0.00000
1406,703,0,0.49060,3.59060,0.20140,0.02740,3840000,-1.00000,666079069322,0.00000
1407,703,0,4.64720,0.00000,0.00000,0.03770,0,-1.00000,666079117304,0.00000
1408,704,0,0.63650,3.49750,0.18560,0.02260,3840000,-1.00000,666079122729,0.00000
1409,704,0,4.33780,0.00000,0.00000,0.02100,0,-1.00000,666079172064,0.00000
1410,705,0,0.47010,3.44250,0.20010,0.03150,3840000,-1.00000,666079176937,0.00000
1411,705,0,4.41630,0.00000,0.00000,0.02030,0,-1.00000,666079223433,0.00000
1412,706,0,0.47710,3.47000,0.20220,0.03030,3840000,-1.00000,666079229776,0.00000
1413,706,0,4.44010,0.00000,0.00000,0.01950,0,-1.00000,666079273146,0.00000
1414,707,0,1.14050,3.56690,0.27850,0.02490,3840000,-1.00000,666079277847,0.00000
1415,707,0,4.55700,0.00000,0.00000,0.01880,0,-1.00000,666079322029,0.00000
1416,708,0,1.54619,3.53780,0.35900,0.02600,3840000,-1.00000,666079326786,0.00000
1417,708,0,4.61910,0.00000,0.00000,0.02300,0,-1.00000,666079371185,0.00000
1418,709,0,0.48310,3.45120,0.32050,0.02920,3840000,-1.00000,666079382593,0.00000
1419,709,0,4.48780,0.00000,0.00000,0.02110,0,-1.00000,666079428159,0.00000
1420,710,0,5.69150,3.19080,0.21060,0.04510,3840000,-1.00000,666079443618,0.00000
1421,710,0,4.31130,0.00000,0.00000,0.02660,0,-1.00000,666079489813,0.00000
1422,711,0,0.77760,3.19670,0.23250,0.02270,3840000,-1.00000,666079494638,0.00000
1423,711,0,4.22850,0.00000,0.00000,0.02180,0,-1.00000,666079539516,0.00000
1424,712,0,0.49470,3.45270,0.14860,0.02260,3840000,-1.00000,666079596433,0.00000
1425,712,0,4.29300,0.00000,0.00000,0.02260,0,-1.00000,666079639583,0.00000
1426,713,0,0.50880,3.33310,0.24240,0.03470,3840000,-1.00000,666079647333,0.00000
1427,713,0,4.40420,0.00000,0.00000,0.02350,0,-1.00000,666079689613,0.00000
1428,714,0,0.55600,3.87650,0.31720,0.02420,3840000,-1.00000,666079694553,0.00000
1429,714,0,5.01730,0.00000,0.00000,0.01870,0,-1.00000,666079737486,0.00000
1430,715,0,0.49910,3.21620,0.16990,0.02530,3840000,-1.00000,666079742574,0.00000
1431,715,0,4.17190,0.00000,0.00000,0.02150,0,-1.00000,666079786639,0.00000
1432,716,0,4.33840,3.24690,0.20550,0.03180,3840000,-1.00000,666079792196,0.00000
1433,716,0,4.24930,0.00000,0.00000,0.01770,0,-1.00000,666079842350,0.00000
1434,717,0,0.51620,3.22520,0.21770,0.04940,3840000,-1.00000,666079847337,0.00000
1435,717,0,4.41230,0.00000,0.00000,0.02100,0,-1.00000,666079889068,0.00000
1436,718,0,0.55990,3.92020,0.21080,0.03980,3840000,-1.00000,666079932453,0.00000
1437,718,0,4.95990,0.00000,0.00000,0.01750,0,-1.00000,666079974941,0.00000
1438,719,0,0.50120,3.20390,0.19980,0.02530,3840000,-1.00000,666079980101,0.00000
1439,719,0,4.11290,0.00000,0.00000,0.01910,0,-1.00000,666080024240,0.00000
1440,720,0,0.46890,3.20540,0.16970,0.02220,3840000,-1.00000,666080029820,0.00000
1441,720,0,4.05620,0.00000,0.00000,0.01780,0,-1.00000,666080079436,0.00000
1442,721,0,0.59780,3.28110,0.17500,0.02570,3840000,-1.00000,666080084429,0.00000
1443,721,0,4.38070,0.00000,0.00000,0.03320,0,-1.00000,666080125563,0.00000
1444,722,0,0.70410,3.43160,0.16900,0.02280,3840000,-1.00000,666080130241,0.00000
1445,722,0,4.35480,0.00000,0.00000,0.01750,0,-1.00000,666080170813,0.00000
1446,723,0,5.88000,3.24180,0.26730,0.04790,3840000,-1.00000,666080176789,0.00000
1447,723,0,4.59640,0.00000,0.00000,0.03510,0,-1.00000,666080220620,0.00000
1448,724,0,1.49930,3.52320,0.20820,0.02980,3840000,-1.00000,666080227644,0.00000
1449,724,0,4.55630,0.00000,0.00000,0.02160,0,-1.00000,666080271183,0.00000
1450,725,0,0.48311,3.52940,0.17040,0.02380,3840000,-1.00000,666080330006,0.00000
1451,725,0,4.28950,0.00000,0.00000,0.02250,0,-1.00000,666080375976,0.00000
1452,726,0,2.90710,3.23370,0.20310,0.03090,3840000,-1.00000,666080390944,0.00000
1453,726,0,4.12610,0.00000,0.00000,0.02000,0,-1.00000,666080436514,0.00000
1454,727,0,1.94590,3.28540,0.17200,0.02350,3840000,-1.00000,666080441337,0.00000
1455,727,0,4.19940,0.00000,0.00000,0.01910,0,-1.00000,666080484232,0.00000
1456,728,0,5.02800,3.36700,0.22680,0.04850,3840000,-1.00000,666080513300,0.00000
1457,728,0,4.58800,0.00000,0.00000,0.02630,0,-1.00000,666080554566,0.00000
1458,729,0,4.68960,3.23320,0.18470,0.02780,3840000,-1.00000,666080574019,0.00000
1459,729,0,4.17350,0.00000,0.00000,0.02230,0,-1.00000,666080616020,0.00000
1460,730,0,6.31030,3.27530,0.19920,0.03470,3840000,-1.00000,666080666316,0.00000
1461,730,0,4.41320,0.00000,0.00000,0.02590,0,-1.00000,666080712204,0.00000
1462,731,0,0.58400,3.23700,0.21100,0.03020,3840000,-1.00000,666080759071,0.00000
1463,731,0,4.47230,0.00000,0.00000,0.02380,0,-1.00000,666080800817,0.00000
1464,732,0,0.55519,3.11790,0.27160,0.04620,3840000,-1.00000,666080863920,0.00000
1465,732,0,4.32450,0.00000,0.00000,0.02120,0,-1.00000,666080908058,0.00000
1466,733,0,2.62910,3.02580,0.22530,0.03090,3840000,-1.00000,666080913881,0.00000
1467,733,0,3.99250,0.00000,0.00000,0.01810,0,-1.00000,666080958620,0.00000
1468,734,0,5.13850,3.31220,0.18970,0.03090,3840000,-1.00000,666080964159,0.00000
1469,734,0,4.36790,0.00000,0.00000,0.02030,0,-1.00000,666081007435,0.00000
1470,735,0,0.48771,3.15440,0.16000,0.02520,3840000,-1.00000,666081033696,0.00000
1471,735,0,4.03389,0.00000,0.00000,0.01610,0,-1.00000,666081073620,0.00000
1472,736,0,0.43540,3.13250,0.16160,0.01950,3840000,-1.00000,666081125007,0.00000
1473,736,0,3.96960,0.00000,0.00000,0.01500,0,-1.00000,666081168688,0.00000
1474,737,0,3.45050,3.29610,0.20290,0.03780,3840000,-1.00000,666081173556,0.00000
1475,737,0,4.47569,0.00000,0.00000,0.02510,0,-1.00000,666081213901,0.00000
1476,738,0,0.57871,3.26680,0.23010,0.02470,3840000,-1.00000,666081218256,0.00000
1477,738,0,4.19050,0.00000,0.00000,0.01840,0,-1.00000,666081257949,0.00000
1478,739,0,0.46470,3.03020,0.16590,0.02240,3840000,-1.00000,666081292448,0.00000
1479,739,0,3.84500,0.00000,0.00000,0.01750,0,-1.00000,666081337240,0.00000
1480,740,0,3.40500,3.02880,0.20430,0.03090,3840000,-1.00000,666081342995,0.00000
1481,740,0,3.95890,0.00000,0.00000,0.02120,0,-1.00000,666081384908,0.00000
1482,741,0,2.15680,3.24720,0.16860,0.02150,3840000,-1.00000,666081389546,0.00000
1483,741,0,4.10610,0.00000,0.00000,0.01970,0,-1.00000,666081427996,0.00000
1484,742,0,5.09660,3.28900,0.24300,0.06770,3840000,-1.00000,666081462049,0.00000
1485,742,0,4.51250,0.00000,0.00000,0.02440,0,-1.00000,666081501637,0.00000
1486,743,0,1.70100,3.31210,0.24420,0.03300,3840000,-1.00000,666081523205,0.00000
1487,743,0,4.36770,0.00000,0.00000,0.03250,0,-1.00000,666081564270,0.00000
1488,744,0,0.53240,3.16640,0.17680,0.02440,3840000,-1.00000,666081615238,0.00000
1489,744,0,4.13510,0.00000,0.00000,0.02280,0,-1.00000,666081660385,0.00000
1490,745,0,0.61000,3.17680,0.18470,0.02360,3840000,-1.00000,666081677370,0.00000
1491,745,0,4.02440,0.00000,0.00000,0.02070,0,-1.00000,666081721052,0.00000
1492,746,0,0.44130,3.23300,0.15990,0.02530,3840000,-1.00000,666081726370,0.00000
1493,746,0,4.07540,0.00000,0.00000,0.01820,0,-1.00000,666081767733,0.00000
1494,747,0,0.57170,3.18400,0.20990,0.02300,3840000,-1.00000,666081773818,0.00000
1495,747,0,4.07770,0.00000,0.00000,0.02130,0,-1.00000,666081814071,0.00000
1496,748,0,1.71820,3.18670,0.18040,0.02620,3840000,-1.00000,666081818474,0.00000
1497,748,0,4.10960,0.00000,0.00000,0.01910,0,-1.00000,666081859228,0.00000
1498,749,0,0.55660,3.24350,0.28500,0.04100,3840000,-1.00000,666081864951,0.00000
1499,749,0,4.33340,0.00000,0.00000,0.02110,0,-1.00000,666081905734,0.00000
1500,750,0,2.86240,3.27330,0.21980,0.02900,3840000,-1.00000,666081922909,0.00000
1501,750,0,4.23450,0.00000,0.00000,0.02090,0,-1.00000,666081964002,0.00000
1502,751,0,2.03250,3.03770,0.19230,0.02650,3840000,-1.00000,666081969565,0.00000
1503,751,0,4.26140,0.00000,0.00000,0.01760,0,-1.00000,666082012924,0.00000
1504,752,0,0.50480,3.29430,0.18580,0.02470,3840000,-1.00000,666082041527,0.00000
1505,752,0,4.21250,0.00000,0.00000,0.02120,0,-1.00000,666082083877,0.00000
1506,753,0,0.52240,3.45490,0.19670,0.03160,3840000,-1.00000,666082104200,0.00000
1507,753,0,4.45960,0.00000,0.00000,0.02200,0,-1.00000,666082146811,0.00000
1508,754,0,0.52350,3.09880,0.16950,0.02430,3840000,-1.00000,666082151859,0.00000
1509,754,0,4.04700,0.00000,0.00000,0.02440,0,-1.00000,666082193990,0.00000
1510,755,0,2.88900,3.05080,0.22480,0.03180,3840000,-1.00000,666082199209,0.00000
1511,755,0,4.04100,0.00000,0.00000,0.01780,0,-1.00000,666082243825,0.00000
1512,756,0,5.17910,2.97720,0.21950,0.03190,3840000,-1.00000,666082249042,0.00000
1513,756,0,4.02500,0.00000,0.00000,0.02060,0,-1.00000,666082289525,0.00000
1514,757,0,0.50610,3.08710,0.15350,0.02230,3840000,-1.00000,666082318411,0.00000
1515,757,0,3.90140,0.00000,0.00000,0.02260,0,-1.00000,666082358813,0.00000
1516,758,0,0.49150,3.07720,0.21590,0.02490,3840000,-1.00000,666082410606,0.00000
1517,758,0,4.00610,0.00000,0.00000,0.01750,0,-1.00000,666082450854,0.00000
1518,759,0,0.46200,3.11650,0.15580,0.01950,3840000,-1.00000,666082455912,0.00000
1519,759,0,3.98700,0.00000,0.00000,0.02270,0,-1.00000,666082494930,0.00000
1520,760,0,0.76939,3.18240,0.19090,0.02210,3840000,-1.00000,666082499840,0.00000
1521,760,0,4.07611,0.00000,0.00000,0.01960,0,-1.00000,666082539904,0.00000
1522,761,0,2.23980,3.47080,0.20950,0.03840,3840000,-1.00000,666082544521,0.00000
1523,761,0,4.56060,0.00000,0.00000,0.02400,0,-1.00000,666082584397,0.00000
1524,762,0,1.50080,3.25460,0.24970,0.05130,3840000,-1.00000,666082592081,0.00000
1525,762,0,4.51480,0.00000,0.00000,0.02570,0,-1.00000,666082632845,0.00000
1526,763,0,1.78639,3.17010,0.25860,0.03450,3840000,-1.00000,666082655252,0.00000
1527,763,0,4.19720,0.00000,0.00000,0.02090,0,-1.00000,666082700872,0.00000
1528,764,0,4.79180,3.81540,0.19340,0.03080,3840000,-1.00000,666082715858,0.00000
1529,764,0,4.72780,0.00000,0.00000,0.01950,0,-1.00000,666082761042,0.00000
1530,765,0,0.48690,3.20280,0.19740,0.03240,3840000,-1.00000,666082778875,0.00000
1531,765,0,4.23170,0.00000,0.00000,0.02000,0,-1.00000,666082820846,0.00000
1532,766,0,0.55570,3.25300,0.31870,0.04780,3840000,-1.00000,666082868766,0.00000
1533,766,0,4.49370,0.00000,0.00000,0.02430,0,-1.00000,666082916042,0.00000
1534,767,0,0.49190,3.14410,0.21250,0.02540,3840000,-1.00000,666082920901,0.00000
1535,767,0,4.07850,0.00000,0.00000,0.01710,0,-1.00000,666082963245,0.00000
1536,768,0,0.47160,3.16600,0.17720,0.02400,3840000,-1.00000,666082968783,0.00000
1537,768,0,3.98771,0.00000,0.00000,0.01820,0,-1.00000,666083013734,0.00000
1538,769,0,0.98099,3.27880,0.16560,0.02190,3840000,-1.00000,666083018637,0.00000
1539,769,0,4.19780,0.00000,0.00000,0.02460,0,-1.00000,666083059429,0.00000
1540,770,0,1.88600,3.85290,0.19550,0.02850,3840000,-1.00000,666083064138,0.00000
1541,770,0,4.75180,0.00000,0.00000,0.01810,0,-1.00000,666083104012,0.00000
1542,771,0,4.37280,3.20120,0.16930,0.02380,3840000,-1.00000,666083113823,0.00000
1543,771,0,4.04300,0.00000,0.00000,0.02020,0,-1.00000,666083155810,0.00000
1544,772,0,1.93510,3.43520,0.17860,0.04280,3840000,-1.00000,666083174666,0.00000
1545,772,0,4.62330,0.00000,0.00000,0.02290,0,-1.00000,666083222182,0.00000
1546,773,0,7.59790,3.21520,0.19130,0.02740,3840000,-1.00000,666083265910,0.00000
1547,773,0,4.23250,0.00000,0.00000,0.01690,0,-1.00000,666083306339,0.00000
1548,774,0,0.51320,3.21350,0.21970,0.02300,3840000,-1.00000,666083325728,0.00000
1549,774,0,4.06630,0.00000,0.00000,0.01820,0,-1.00000,666083371936,0.00000
1550,775,0,0.52110,3.11290,0.14900,0.02260,3840000,-1.00000,666083447906,0.00000
1551,775,0,3.90410,0.00000,0.00000,0.02510,0,-1.00000,666083490230,0.00000
1552,776,0,0.53919,3.10190,0.20140,0.02470,3840000,-1.00000,666083495356,0.00000
1553,776,0,4.13280,0.00000,0.00000,0.01930,0,-1.00000,666083536020,0.00000
1554,777,0,0.57190,3.11700,0.21620,0.02540,3840000,-1.00000,666083541227,0.00000
1555,777,0,4.07900,0.00000,0.00000,0.01900,0,-1.00000,666083580282,0.00000
1556,778,0,2.08420,3.20360,0.14730,0.01700,3840000,-1.00000,666083585662,0.00000
1557,778,0,4.08770,0.00000,0.00000,0.01680,0,-1.00000,666083626996,0.00000
1558,779,0,0.45140,3.12300,0.15400,0.01910,3840000,-1.00000,666083632710,0.00000
1559,779,0,4.65610,0.00000,0.00000,0.02280,0,-1.00000,666083673514,0.00000
1560,780,0,3.01620,3.08700,0.15210,0.02370,3840000,-1.00000,666083694336,0.00000
1561,780,0,4.54640,0.00000,0.00000,0.01920,0,-1.00000,666083735214,0.00000
1562,781,0,1.71340,3.14160,0.15350,0.02360,3840000,-1.00000,666083739743,0.00000
1563,781,0,3.98330,0.00000,0.00000,0.01780,0,-1.00000,666083786303,0.00000
1564,782,0,0.51540,3.25690,0.19630,0.02590,3840000,-1.00000,666083816456,0.00000
1565,782,0,4.59730,0.00000,0.00000,0.01830,0,-1.00000,666083861919,0.00000
1566,783,0,3.01510,3.12190,0.18540,0.04170,3840000,-1.00000,666083879051,0.00000
1567,783,0,4.22870,0.00000,0.00000,0.02040,0,-1.00000,666083918886,0.00000
1568,784,0,2.06120,2.94670,0.19560,0.02890,3840000,-1.00000,666083924039,0.00000
1569,784,0,3.89630,0.00000,0.00000,0.02070,0,-1.00000,666083970027,0.00000
1570,785,0,2.03010,3.10570,0.17510,0.02290,3840000,-1.00000,666084000255,0.00000
1571,785,0,4.07610,0.00000,0.00000,0.01660,0,-1.00000,666084042456,0.00000
1572,786,0,1.90570,2.94540,0.14100,0.01950,3840000,-1.00000,666084063067,0.00000
1573,786,0,3.79670,0.00000,0.00000,0.01820,0,-1.00000,666084102042,0.00000
1574,787,0,0.50600,3.01510,0.16220,0.02970,3840000,-1.00000,666084122330,0.00000
1575,787,0,3.85260,0.00000,0.00000,0.01730,0,-1.00000,666084163095,0.00000
1576,788,0,4.27389,3.11090,0.22020,0.04070,3840000,-1.00000,666084182148,0.00000
1577,788,0,4.22290,0.00000,0.00000,0.02620,0,-1.00000,666084220113,0.00000
1578,789,0,4.98200,2.95070,0.18500,0.02650,3840000,-1.00000,666084225172,0.00000
1579,789,0,3.95770,0.00000,0.00000,0.02090,0,-1.00000,666084263703,0.00000
1580,790,0,0.52860,3.00470,0.15940,0.02060,3840000,-1.00000,666084306463,0.00000
1581,790,0,3.82260,0.00000,0.00000,0.01770,0,-1.00000,666084348677,0.00000
1582,791,0,0.48490,3.13880,0.14870,0.02150,3840000,-1.00000,666084398616,0.00000
1583,791,0,3.97520,0.00000,0.00000,0.01990,0,-1.00000,666084438075,0.00000
1584,792,0,2.62440,2.91810,0.16420,0.02340,3840000,-1.00000,666084443348,0.00000
1585,792,0,3.78681,0.00000,0.00000,0.01560,0,-1.00000,666084481574,0.00000
1586,793,0,5.41560,3.16420,0.20840,0.04430,3840000,-1.00000,666084486423,0.00000
1587,793,0,4.20990,0.00000,0.00000,0.02130,0,-1.00000,666084526179,0.00000
1588,794,0,1.86210,3.15740,0.24540,0.05490,3840000,-1.00000,666084552427,0.00000
1589,794,0,4.39320,0.00000,0.00000,0.02930,0,-1.00000,666084590290,0.00000
1590,795,0,1.71490,3.17920,0.20810,0.02320,3840000,-1.00000,666084644450,0.00000
1591,795,0,4.08600,0.00000,0.00000,0.02120,0,-1.00000,666084686559,0.00000
1592,796,0,0.50930,3.06630,0.15960,0.02270,3840000,-1.00000,666084705173,0.00000
1593,796,0,3.92790,0.00000,0.00000,0.01770,0,-1.00000,666084749126,0.00000
1594,797,0,0.52960,3.05200,0.17340,0.02320,3840000,-1.00000,666084766253,0.00000
1595,797,0,3.87080,0.00000,0.00000,0.02060,0,-1.00000,666084807107,0.00000
1596,798,0,5.45770,3.07270,0.19900,0.03480,3840000,-1.00000,666084812194,0.00000
1597,798,0,4.11510,0.00000,0.00000,0.02030,0,-1.00000,666084851479,0.00000
1598,799,0,0.50260,3.33640,0.17230,0.02340,3840000,-1.00000,666084856778,0.00000
1599,799,0,4.14870,0.00000,0.00000,0.02080,0,-1.00000,666084895489,0.00000
1600,800,0,0.50210,3.21720,0.15770,0.02380,3840000,-1.00000,666084950251,0.00000
1601,800,0,4.15699,0.00000,0.00000,0.01950,0,-1.00000,666084991229,0.00000
1602,801,0,1.81820,3.16340,0.14700,0.02190,3840000,-1.00000,666084996240,0.00000
1603,801,0,3.94360,0.00000,0.00000,0.02220,0,-1.00000,666085037724,0.00000
1604,802,0,0.51350,3.21930,0.16180,0.02600,3840000,-1.00000,666085042746,0.00000
1605,802,0,4.18180,0.00000,0.00000,0.02900,0,-1.00000,666085084314,0.00000
1606,803,0,0.71640,3.14620,0.16040,0.01850,3840000,-1.00000,666085102496,0.00000
1607,803,0,4.07290,0.00000,0.00000,0.01740,0,-1.00000,666085141933,0.00000
1608,804,0,2.11100,3.01250,0.15340,0.01880,3840000,-1.00000,666085147063,0.00000
1609,804,0,3.87900,0.00000,0.00000,0.01830,0,-1.00000,666085188895,0.00000
1610,805,0,2.19690,3.15290,0.20320,0.03680,3840000,-1.00000,666085196046,0.00000
1611,805,0,4.22780,0.00000,0.00000,0.02100,0,-1.00000,666085236778,0.00000
1612,806,0,1.96180,2.97030,0.16150,0.02230,3840000,-1.00000,666085257892,0.00000
1613,806,0,3.80910,0.00000,0.00000,0.01710,0,-1.00000,666085296675,0.00000
1614,807,0,5.44080,2.96890,0.17340,0.02560,3840000,-1.00000,666085318654,0.00000
1615,807,0,3.75010,0.00000,0.00000,0.01890,0,-1.00000,666085360939,0.00000
1616,808,0,2.47380,3.01210,0.15270,0.02240,3840000,-1.00000,666085380549,0.00000
1617,808,0,3.83369,0.00000,0.00000,0.01630,0,-1.00000,666085418634,0.00000
1618,809,0,0.39000,3.07860,0.13960,0.02220,3840000,-1.00000,666085473048,0.00000
1619,809,0,4.84800,0.00000,0.00000,0.02260,0,-1.00000,666085510549,0.00000
1620,810,0,3.15180,3.09430,0.19800,0.02900,3840000,-1.00000,666085535287,0.00000
1621,810,0,4.00560,0.00000,0.00000,0.01960,0,-1.00000,666085573621,0.00000
1622,811,0,2.20831,3.09210,0.17490,0.02000,3840000,-1.00000,666085577517,0.00000
1623,811,0,3.83649,0.00000,0.00000,0.01910,0,-1.00000,666085626012,0.00000
1624,812,0,0.46020,3.01950,0.15220,0.02320,3840000,-1.00000,666085657527,0.00000
1625,812,0,4.77270,0.00000,0.00000,0.01990,0,-1.00000,666085697575,0.00000
1626,813,0,3.07980,2.92300,0.16120,0.02300,3840000,-1.00000,666085719654,0.00000
1627,813,0,3.72460,0.00000,0.00000,0.01980,0,-1.00000,666085758023,0.00000
1628,814,0,2.56721,2.88780,0.14360,0.02290,3840000,-1.00000,666085762626,0.00000
1629,814,0,3.76319,0.00000,0.00000,0.03280,0,-1.00000,666085810352,0.00000
1630,815,0,0.43620,3.06090,0.14310,0.02550,3840000,-1.00000,666085841145,0.00000
1631,815,0,7.99550,0.00000,0.00000,0.02450,0,-1.00000,666085878393,0.00000
1632,816,0,0.46860,2.97080,0.21850,0.02730,3840000,-1.00000,666085904063,0.00000
1633,816,0,3.80090,0.00000,0.00000,0.02110,0,-1.00000,666085941698,0.00000
1634,817,0,1.97880,3.12320,0.20560,0.02390,3840000,-1.00000,666085946061,0.00000
1635,817,0,3.91960,0.00000,0.00000,0.01650,0,-1.00000,666086026044,0.00000
1636,818,0,5.20990,3.01910,0.16780,0.02200,3840000,-1.00000,666086030705,0.00000
1637,818,0,3.79940,0.00000,0.00000,0.01760,0,-1.00000,666086068715,0.00000
1638,819,0,0.44410,2.86810,0.16740,0.02150,3840000,-1.00000,666086088503,0.00000
1639,819,0,3.64130,0.00000,0.00000,0.01780,0,-1.00000,666086127695,0.00000
1640,820,0,0.39360,2.99820,0.19420,0.03580,3840000,-1.00000,666086179796,0.00000
1641,820,0,3.95520,0.00000,0.00000,0.02280,0,-1.00000,666086217784,0.00000
1642,821,0,6.23739,2.86700,0.21110,0.02370,3840000,-1.00000,666086222225,0.00000
1643,821,0,3.81430,0.00000,0.00000,0.03730,0,-1.00000,666086258643,0.00000
1644,822,0,0.47071,3.00080,0.15130,0.02000,3840000,-1.00000,666086262573,0.00000
1645,822,0,3.72690,0.00000,0.00000,0.01540,0,-1.00000,666086302150,0.00000
1646,823,0,1.33820,2.85280,0.15120,0.02010,3840000,-1.00000,666086364508,0.00000
1647,823,0,3.55699,0.00000,0.00000,0.02010,0,-1.00000,666086402655,0.00000
1648,824,0,5.60780,2.99450,0.18590,0.02300,3840000,-1.00000,666086407354,0.00000
1649,824,0,3.74970,0.00000,0.00000,0.01760,0,-1.00000,666086444619,0.00000
1650,825,0,0.36550,2.92000,0.13180,0.02220,3840000,-1.00000,666086458002,0.00000
1651,825,0,3.60420,0.00000,0.00000,0.02120,0,-1.00000,666086493575,0.00000
1652,826,0,7.59760,2.94620,0.23060,0.05110,3840000,-1.00000,666086549653,0.00000
1653,826,0,4.05760,0.00000,0.00000,0.02440,0,-1.00000,666086587149,0.00000
1654,827,0,2.04020,3.06900,0.27210,0.05970,3840000,-1.00000,666086590801,0.00000
1655,827,0,4.24870,0.00000,0.00000,0.02360,0,-1.00000,666086626850,0.00000
1656,828,0,0.49720,2.96570,0.19020,0.02270,3840000,-1.00000,666086702853,0.00000
1657,828,0,3.75680,0.00000,0.00000,0.02270,0,-1.00000,666086743435,0.00000
1658,829,0,3.99750,3.14730,0.32300,0.06640,3840000,-1.00000,666086763826,0.00000
1659,829,0,4.43630,0.00000,0.00000,0.02600,0,-1.00000,666086806320,0.00000
1660,830,0,0.51960,3.11850,0.29340,0.04930,3840000,-1.00000,666086811266,0.00000
1661,830,0,4.30770,0.00000,0.00000,0.02570,0,-1.00000,666086848836,0.00000
1662,831,0,3.05840,3.17490,0.28490,0.02440,3840000,-1.00000,666086888833,0.00000
1663,831,0,4.07410,0.00000,0.00000,0.01860,0,-1.00000,666086933204,0.00000
1664,832,0,0.44100,3.03210,0.16450,0.02240,3840000,-1.00000,666086938365,0.00000
1665,832,0,3.69870,0.00000,0.00000,0.01810,0,-1.00000,666086981476,0.00000
1666,833,0,4.15720,3.26650,0.17550,0.02500,3840000,-1.00000,666087012084,0.00000
1667,833,0,4.20290,0.00000,0.00000,0.01840,0,-1.00000,666087052769,0.00000
1668,834,0,0.47310,2.88030,0.13880,0.02450,3840000,-1.00000,666087057176,0.00000
1669,834,0,3.69920,0.00000,0.00000,0.01920,0,-1.00000,666087094161,0.00000
1670,835,0,3.93440,3.05830,0.15200,0.02280,3840000,-1.00000,666087135736,0.00000
1671,835,0,3.86340,0.00000,0.00000,0.01850,0,-1.00000,666087177768,0.00000
1672,836,0,0.49110,3.13660,0.27450,0.04450,3840000,-1.00000,666087182493,0.00000
1673,836,0,4.26800,0.00000,0.00000,0.02600,0,-1.00000,666087219486,0.00000
1674,837,0,0.53950,3.00300,0.22160,0.02300,3840000,-1.00000,666087258830,0.00000
1675,837,0,3.92670,0.00000,0.00000,0.02200,0,-1.00000,666087297466,0.00000
1676,838,0,0.48560,3.04940,0.14480,0.02110,3840000,-1.00000,666087302376,0.00000
1677,838,0,3.85880,0.00000,0.00000,0.02010,0,-1.00000,666087345082,0.00000
1678,839,0,4.12750,2.90450,0.14740,0.02330,3840000,-1.00000,666087350450,0.00000
1679,839,0,3.70140,0.00000,0.00000,0.01870,0,-1.00000,666087389720,0.00000
1680,840,0,0.47270,3.13530,0.17070,0.02410,3840000,-1.00000,666087394572,0.00000
1681,840,0,3.89910,0.00000,0.00000,0.01880,0,-1.00000,666087433164,0.00000
1682,841,0,1.15720,2.79110,0.14950,0.01990,3840000,-1.00000,666087474437,0.00000
1683,841,0,3.62120,0.00000,0.00000,0.01910,0,-1.00000,666087511464,0.00000
1684,842,0,0.40360,3.31150,0.17630,0.04300,3840000,-1.00000,666087516178,0.00000
1685,842,0,8.38340,0.00000,0.00000,0.02130,0,-1.00000,666087555173,0.00000
1686,843,0,0.46930,2.96020,0.15530,0.01820,3840000,-1.00000,666087566743,0.00000
1687,843,0,3.99820,0.00000,0.00000,0.01840,0,-1.00000,666087602954,0.00000
1688,844,0,1.67410,2.95480,0.17810,0.02190,3840000,-1.00000,666087606987,0.00000
1689,844,0,3.82770,0.00000,0.00000,0.01860,0,-1.00000,666087690856,0.00000
1690,845,0,0.54840,2.98230,0.12860,0.02100,3840000,-1.00000,666087695516,0.00000
1691,845,0,7.96430,0.00000,0.00000,0.02040,0,-1.00000,666087735497,0.00000
1692,846,0,0.48240,2.82120,0.13380,0.01930,3840000,-1.00000,666087752242,0.00000
1693,846,0,3.58990,0.00000,0.00000,0.01910,0,-1.00000,666087790516,0.00000
1694,847,0,2.26370,2.87780,0.13540,0.02250,3840000,-1.00000,666087796000,0.00000
1695,847,0,3.58280,0.00000,0.00000,0.02260,0,-1.00000,666087875647,0.00000
1696,848,0,5.42900,2.86090,0.26440,0.03550,3840000,-1.00000,666087880466,0.00000
1697,848,0,3.84060,0.00000,0.00000,0.01970,0,-1.00000,666087916371,0.00000
1698,849,0,0.42100,3.21000,0.16800,0.02170,3840000,-1.00000,666087939008,0.00000
1699,849,0,3.89131,0.00000,0.00000,0.01870,0,-1.00000,666087974834,0.00000
1700,850,0,1.21660,2.86190,0.12350,0.02220,3840000,-1.00000,666088029134,0.00000
1701,850,0,3.56480,0.00000,0.00000,0.01980,0,-1.00000,666088067529,0.00000
1702,851,0,0.33910,2.99830,0.13460,0.02280,3840000,-1.00000,666088071728,0.00000
1703,851,0,3.85010,0.00000,0.00000,0.01610,0,-1.00000,666088110649,0.00000
1704,852,0,4.42440,2.81830,0.18530,0.02850,3840000,-1.00000,666088122815,0.00000
1705,852,0,3.67750,0.00000,0.00000,0.02170,0,-1.00000,666088158460,0.00000
1706,853,0,2.61720,2.81270,0.26880,0.03490,3840000,-1.00000,666088161853,0.00000
1707,853,0,3.74080,0.00000,0.00000,0.02210,0,-1.00000,666088200351,0.00000
1708,854,0,5.44670,2.87890,0.15980,0.02530,3840000,-1.00000,666088244603,0.00000
1709,854,0,3.77970,0.00000,0.00000,0.01850,0,-1.00000,666088281379,0.00000
1710,855,0,0.44350,2.84180,0.16980,0.02220,3840000,-1.00000,666088307559,0.00000
1711,855,0,3.52410,0.00000,0.00000,0.01500,0,-1.00000,666088344961,0.00000
1712,856,0,1.52980,2.94380,0.12420,0.02080,3840000,-1.00000,666088399430,0.00000
1713,856,0,3.61240,0.00000,0.00000,0.02470,0,-1.00000,666088437220,0.00000
1714,857,0,2.22200,2.91860,0.18950,0.02510,3840000,-1.00000,666088441651,0.00000
1715,857,0,6.23300,0.00000,0.00000,0.01890,0,-1.00000,666088476887,0.00000
1716,858,0,0.46260,2.82050,0.26590,0.02560,3840000,-1.00000,666088492192,0.00000
1717,858,0,3.82350,0.00000,0.00000,0.02400,0,-1.00000,666088528321,0.00000
1718,859,0,0.45010,2.93240,0.20110,0.02750,3840000,-1.00000,666088550537,0.00000
1719,859,0,3.79311,0.00000,0.00000,0.01920,0,-1.00000,666088612875,0.00000
1720,860,0,0.52400,2.99740,0.22300,0.02540,3840000,-1.00000,666088617491,0.00000
1721,860,0,3.90069,0.00000,0.00000,0.01840,0,-1.00000,666088655739,0.00000
1722,861,0,2.55310,3.01890,0.13650,0.02370,3840000,-1.00000,666088660228,0.00000
1723,861,0,3.77540,0.00000,0.00000,0.02030,0,-1.00000,666088698163,0.00000
1724,862,0,5.64530,2.90030,0.13700,0.02450,3840000,-1.00000,666088703401,0.00000
1725,862,0,3.70410,0.00000,0.00000,0.01920,0,-1.00000,666088742407,0.00000
1726,863,0,5.39520,3.01940,0.20200,0.03950,3840000,-1.00000,666088767938,0.00000
1727,863,0,3.90450,0.00000,0.00000,0.02260,0,-1.00000,666088805776,0.00000
1728,864,0,0.43550,2.91080,0.17090,0.02230,3840000,-1.00000,666088862144,0.00000
1729,864,0,3.65430,0.00000,0.00000,0.01800,0,-1.00000,666088899188,0.00000
1730,865,0,1.03840,2.94640,0.16260,0.02090,3840000,-1.00000,666088953141,0.00000
1731,865,0,3.63130,0.00000,0.00000,0.01820,0,-1.00000,666088992199,0.00000
1732,866,0,5.79040,2.85720,0.30530,0.02860,3840000,-1.00000,666088996533,0.00000
1733,866,0,3.85870,0.00000,0.00000,0.01870,0,-1.00000,666089033080,0.00000
1734,867,0,0.43540,2.93620,0.14100,0.02250,3840000,-1.00000,666089043464,0.00000
1735,867,0,3.64650,0.00000,0.00000,0.01910,0,-1.00000,666089079774,0.00000
1736,868,0,4.31450,2.77720,0.18260,0.02360,3840000,-1.00000,666089137682,0.00000
1737,868,0,3.53650,0.00000,0.00000,0.02090,0,-1.00000,666089176271,0.00000
1738,869,0,2.61350,2.84750,0.26010,0.03920,3840000,-1.00000,666089180623,0.00000
1739,869,0,3.86010,0.00000,0.00000,0.02020,0,-1.00000,666089217091,0.00000
1740,870,0,5.41610,2.96290,0.17210,0.02210,3840000,-1.00000,666089260229,0.00000
1741,870,0,3.75220,0.00000,0.00000,0.01650,0,-1.00000,666089295603,0.00000
1742,871,0,5.47780,2.72620,0.25260,0.03070,3840000,-1.00000,666089321738,0.00000
1743,871,0,3.59730,0.00000,0.00000,0.01940,0,-1.00000,666089360339,0.00000
1744,872,0,5.64520,2.97330,0.20910,0.03810,3840000,-1.00000,666089414495,0.00000
1745,872,0,4.00520,0.00000,0.00000,0.01920,0,-1.00000,666089452013,0.00000
1746,873,0,0.49540,2.97370,0.15170,0.02440,3840000,-1.00000,666089506798,0.00000
1747,873,0,3.74790,0.00000,0.00000,0.02000,0,-1.00000,666089542771,0.00000
1748,874,0,4.03230,2.88690,0.15320,0.02280,3840000,-1.00000,666089599220,0.00000
1749,874,0,3.53110,0.00000,0.00000,0.02190,0,-1.00000,666089639288,0.00000
1750,875,0,2.69570,3.12300,0.16170,0.02760,3840000,-1.00000,666089644230,0.00000
1751,875,0,4.05410,0.00000,0.00000,0.01880,0,-1.00000,666089681707,0.00000
1752,876,0,0.47410,2.83310,0.15170,0.02340,3840000,-1.00000,666089722027,0.00000
1753,876,0,3.68880,0.00000,0.00000,0.01860,0,-1.00000,666089757340,0.00000
1754,877,0,4.00420,2.76930,0.19620,0.02240,3840000,-1.00000,666089784293,0.00000
1755,877,0,3.56480,0.00000,0.00000,0.01890,0,-1.00000,666089824845,0.00000
1756,878,0,2.72470,2.94640,0.24510,0.04290,3840000,-1.00000,666089829582,0.00000
1757,878,0,4.03580,0.00000,0.00000,0.02320,0,-1.00000,666089866469,0.00000
1758,879,0,5.08500,2.94350,0.14860,0.02150,3840000,-1.00000,666089906507,0.00000
1759,879,0,3.81350,0.00000,0.00000,0.01850,0,-1.00000,666089942158,0.00000
1760,880,0,0.43120,2.81700,0.15710,0.02350,3840000,-1.00000,666089969405,0.00000
1761,880,0,3.50510,0.00000,0.00000,0.01880,0,-1.00000,666090009773,0.00000
1762,881,0,1.59900,2.77880,0.13730,0.02150,3840000,-1.00000,666090060612,0.00000
1763,881,0,3.45900,0.00000,0.00000,0.02050,0,-1.00000,666090098747,0.00000
1764,882,0,0.44700,2.85710,0.12120,0.02090,3840000,-1.00000,666090103056,0.00000
1765,882,0,3.59380,0.00000,0.00000,0.01880,0,-1.00000,666090138112,0.00000
1766,883,0,4.65460,2.91220,0.17400,0.03800,3840000,-1.00000,666090154099,0.00000
1767,883,0,3.92240,0.00000,0.00000,0.02280,0,-1.00000,666090188694,0.00000
1768,884,0,0.44820,2.98250,0.15890,0.02220,3840000,-1.00000,666090193156,0.00000
1769,884,0,3.70450,0.00000,0.00000,0.01920,0,-1.00000,666090229097,0.00000
1770,885,0,0.43170,2.75230,0.15810,0.02260,3840000,-1.00000,666090275642,0.00000
1771,885,0,3.40760,0.00000,0.00000,0.01850,0,-1.00000,666090314887,0.00000
1772,886,0,3.45800,3.74860,0.15680,0.03180,3840000,-1.00000,666090319353,0.00000
1773,886,0,4.58340,0.00000,0.00000,0.02040,0,-1.00000,666090356397,0.00000
1774,887,0,4.82390,2.87850,0.13920,0.02270,3840000,-1.00000,666090360709,0.00000
1775,887,0,3.59950,0.00000,0.00000,0.01870,0,-1.00000,666090394782,0.00000
1776,888,0,0.44300,2.96010,0.16800,0.02420,3840000,-1.00000,666090429372,0.00000
1777,888,0,3.74420,0.00000,0.00000,0.01860,0,-1.00000,666090475212,0.00000
1778,889,0,4.38230,2.95160,0.21390,0.03840,3840000,-1.00000,666090523439,0.00000
1779,889,0,3.82590,0.00000,0.00000,0.02090,0,-1.00000,666090559437,0.00000
1780,890,0,2.16091,2.93650,0.18740,0.02740,3840000,-1.00000,666090563863,0.00000
1781,890,0,3.83050,0.00000,0.00000,0.01740,0,-1.00000,666090601310,0.00000
1782,891,0,2.31590,3.01810,0.15770,0.02160,3840000,-1.00000,666090645130,0.00000
1783,891,0,3.83340,0.00000,0.00000,0.01960,0,-1.00000,666090683419,0.00000
1784,892,0,5.63680,2.94670,0.17680,0.02540,3840000,-1.00000,666090704998,0.00000
1785,892,0,3.80270,0.00000,0.00000,0.01860,0,-1.00000,666090743296,0.00000
1786,893,0,5.19970,2.86320,0.25920,0.03760,3840000,-1.00000,666090766462,0.00000
1787,893,0,3.87500,0.00000,0.00000,0.02030,0,-1.00000,666090804799,0.00000
1788,894,0,0.46350,2.83360,0.13380,0.02200,3840000,-1.00000,666090861165,0.00000
1789,894,0,3.52010,0.00000,0.00000,0.01900,0,-1.00000,666090899191,0.00000
1790,895,0,4.51690,2.68420,0.15310,0.02610,3840000,-1.00000,666090951190,0.00000
1791,895,0,3.53550,0.00000,0.00000,0.01850,0,-1.00000,666090989950,0.00000
1792,896,0,0.43480,2.70500,0.15860,0.02050,3840000,-1.00000,666090994571,0.00000
1793,896,0,3.48210,0.00000,0.00000,0.01900,0,-1.00000,666091029777,0.00000
1794,897,0,4.82670,2.92640,0.18900,0.02500,3840000,-1.00000,666091074943,0.00000
1795,897,0,3.61640,0.00000,0.00000,0.01790,0,-1.00000,666091110297,0.00000
1796,898,0,0.39380,2.85230,0.13960,0.02240,3840000,-1.00000,666091114646,0.00000
1797,898,0,3.54460,0.00000,0.00000,0.01920,0,-1.00000,666091149461,0.00000
1798,899,0,4.74380,2.77520,0.16740,0.07850,3840000,-1.00000,666091197735,0.00000
1799,899,0,3.74060,0.00000,0.00000,0.02000,0,-1.00000,666091233909,0.00000
1800,900,0,0.47170,2.91240,0.14090,0.02140,3840000,-1.00000,666091237837,0.00000
1801,900,0,3.86400,0.00000,0.00000,0.01890,0,-1.00000,666091273284,0.00000
1802,901,0,4.22430,2.75940,0.15600,0.02290,3840000,-1.00000,666091320724,0.00000
1803,901,0,3.51240,0.00000,0.00000,0.01750,0,-1.00000,666091358132,0.00000
1804,902,0,0.44610,2.83090,0.16850,0.02250,3840000,-1.00000,666091362840,0.00000
1805,902,0,3.69830,0.00000,0.00000,0.01870,0,-1.00000,666091401485,0.00000
1806,903,0,4.94370,2.83660,0.14820,0.02420,3840000,-1.00000,666091443726,0.00000
1807,903,0,3.68350,0.00000,0.00000,0.02130,0,-1.00000,666091478848,0.00000
1808,904,0,0.39180,2.85830,0.21310,0.03710,3840000,-1.00000,666091483309,0.00000
1809,904,0,3.89340,0.00000,0.00000,0.02260,0,-1.00000,666091520294,0.00000
1810,905,0,4.04889,2.79830,0.15890,0.02470,3840000,-1.00000,666091569789,0.00000
1811,905,0,3.59080,0.00000,0.00000,0.02390,0,-1.00000,666091606569,0.00000
1812,906,0,0.40420,2.71970,0.15590,0.02050,3840000,-1.00000,666091610487,0.00000
1813,906,0,3.48450,0.00000,0.00000,0.01910,0,-1.00000,666091649438,0.00000
1814,907,0,0.43620,2.90660,0.12990,0.02240,3840000,-1.00000,666091689910,0.00000
1815,907,0,3.62160,0.00000,0.00000,0.01900,0,-1.00000,666091725817,0.00000
1816,908,0,0.41900,2.90120,0.12650,0.02040,3840000,-1.00000,666091729853,0.00000
1817,908,0,3.59980,0.00000,0.00000,0.02080,0,-1.00000,666091764702,0.00000
1818,909,0,6.17630,2.93930,0.16940,0.02540,3840000,-1.00000,666091769063,0.00000
1819,909,0,3.71810,0.00000,0.00000,0.02290,0,-1.00000,666091805293,0.00000
1820,910,0,2.42650,2.92250,0.25150,0.04420,3840000,-1.00000,666091809471,0.00000
1821,910,0,3.90689,0.00000,0.00000,0.02310,0,-1.00000,666091845472,0.00000
1822,911,0,0.44491,2.79010,0.21260,0.02690,3840000,-1.00000,666091907230,0.00000
1823,911,0,4.80290,0.00000,0.00000,0.02030,0,-1.00000,666091944418,0.00000
1824,912,0,3.13820,2.90980,0.14240,0.02320,3840000,-1.00000,666091968676,0.00000
1825,912,0,3.62090,0.00000,0.00000,0.02130,0,-1.00000,666092007771,0.00000
1826,913,0,2.45710,2.69030,0.23390,0.02520,3840000,-1.00000,666092012201,0.00000
1827,913,0,3.58210,0.00000,0.00000,0.01790,0,-1.00000,666092060229,0.00000
1828,914,0,5.54470,2.78760,0.13200,0.02170,3840000,-1.00000,666092091602,0.00000
1829,914,0,3.52530,0.00000,0.00000,0.02030,0,-1.00000,666092127822,0.00000
1830,915,0,0.38910,3.00240,0.17990,0.03790,3840000,-1.00000,666092152385,0.00000
1831,915,0,3.90120,0.00000,0.00000,0.01730,0,-1.00000,666092188210,0.00000
1832,916,0,4.52770,2.72850,0.15980,0.02260,3840000,-1.00000,666092243654,0.00000
1833,916,0,3.48400,0.00000,0.00000,0.01810,0,-1.00000,666092278914,0.00000
1834,917,0,0.41769,2.84370,0.14130,0.02250,3840000,-1.00000,666092282795,0.00000
1835,917,0,3.58411,0.00000,0.00000,0.01900,0,-1.00000,666092321825,0.00000
1836,918,0,4.79310,2.69670,0.16250,0.06280,3840000,-1.00000,666092367087,0.00000
1837,918,0,3.77890,0.00000,0.00000,0.02130,0,-1.00000,666092401920,0.00000
1838,919,0,0.45840,2.80620,0.13950,0.02150,3840000,-1.00000,666092406102,0.00000
1839,919,0,3.59560,0.00000,0.00000,0.01840,0,-1.00000,666092441946,0.00000
1840,920,0,4.42580,2.67740,0.17510,0.02550,3840000,-1.00000,666092489875,0.00000
1841,920,0,3.46450,0.00000,0.00000,0.02180,0,-1.00000,666092527668,0.00000
1842,921,0,0.54880,2.97340,0.17270,0.03020,3840000,-1.00000,666092532247,0.00000
1843,921,0,3.88800,0.00000,0.00000,0.02100,0,-1.00000,666092568204,0.00000
1844,922,0,1.45880,2.83800,0.19900,0.02170,3840000,-1.00000,666092612467,0.00000
1845,922,0,3.66530,0.00000,0.00000,0.01830,0,-1.00000,666092647110,0.00000
1846,923,0,0.43530,2.83130,0.14420,0.02620,3840000,-1.00000,666092652590,0.00000
1847,923,0,3.62250,0.00000,0.00000,0.02190,0,-1.00000,666092691483,0.00000
1848,924,0,4.57810,3.09710,0.29530,0.05260,3840000,-1.00000,666092706063,0.00000
1849,924,0,4.28061,0.00000,0.00000,0.02550,0,-1.00000,666092742716,0.00000
1850,925,0,0.53080,2.80900,0.22480,0.02900,3840000,-1.00000,666092747069,0.00000
1851,925,0,3.76160,0.00000,0.00000,0.02270,0,-1.00000,666092783304,0.00000
1852,926,0,0.41010,2.96380,0.20490,0.02840,3840000,-1.00000,666092829077,0.00000
1853,926,0,3.95260,0.00000,0.00000,0.02220,0,-1.00000,666092871914,0.00000
1854,927,0,0.42240,2.83590,0.16610,0.02560,3840000,-1.00000,666092877192,0.00000
1855,927,0,3.70810,0.00000,0.00000,0.01880,0,-1.00000,666092914815,0.00000
1856,928,0,4.44020,2.99720,0.14810,0.02520,3840000,-1.00000,666092918907,0.00000
1857,928,0,3.77990,0.00000,0.00000,0.02290,0,-1.00000,666092958452,0.00000
1858,929,0,2.49500,2.83130,0.14800,0.02250,3840000,-1.00000,666092962659,0.00000
1859,929,0,3.55060,0.00000,0.00000,0.01640,0,-1.00000,666092999741,0.00000
1860,930,0,0.44720,2.84060,0.14220,0.01990,3840000,-1.00000,666093044137,0.00000
1861,930,0,3.56520,0.00000,0.00000,0.01900,0,-1.00000,666093081947,0.00000
1862,931,0,1.44670,2.90470,0.17580,0.02160,3840000,-1.00000,666093106888,0.00000
1863,931,0,3.66910,0.00000,0.00000,0.01770,0,-1.00000,666093142447,0.00000
1864,932,0,0.41239,2.79750,0.12890,0.01990,3840000,-1.00000,666093146865,0.00000
1865,932,0,5.29980,0.00000,0.00000,0.01890,0,-1.00000,666093182521,0.00000
1866,933,0,0.38430,3.53190,0.45370,0.05730,3840000,-1.00000,666093196983,0.00000
1867,933,0,4.93770,0.00000,0.00000,0.02530,0,-1.00000,666093233675,0.00000
1868,934,0,0.63420,3.35970,0.28420,0.04830,3840000,-1.00000,666093237800,0.00000
1869,934,0,4.51780,0.00000,0.00000,0.02640,0,-1.00000,666093290802,0.00000
1870,935,0,0.50530,2.98290,0.20620,0.03400,3840000,-1.00000,666093294636,0.00000
1871,935,0,4.27340,0.00000,0.00000,0.02090,0,-1.00000,666093344070,0.00000
1872,936,0,3.12920,2.69030,0.16150,0.02230,3840000,-1.00000,666093350366,0.00000
1873,936,0,3.38840,0.00000,0.00000,0.01880,0,-1.00000,666093395566,0.00000
1874,937,0,0.53920,2.93900,0.13110,0.02260,3840000,-1.00000,666093400590,0.00000
1875,937,0,5.15460,0.00000,0.00000,0.01800,0,-1.00000,666093443339,0.00000
1876,938,0,0.43150,2.95690,0.15630,0.02050,3840000,-1.00000,666093474615,0.00000
1877,938,0,3.74910,0.00000,0.00000,0.01820,0,-1.00000,666093508504,0.00000
1878,939,0,1.98890,2.89610,0.21410,0.03390,3840000,-1.00000,666093513889,0.00000
1879,939,0,3.84740,0.00000,0.00000,0.02230,0,-1.00000,666093565444,0.00000
1880,940,0,5.38750,2.75890,0.21060,0.02620,3840000,-1.00000,666093569753,0.00000
1881,940,0,3.60680,0.00000,0.00000,0.01910,0,-1.00000,666093607245,0.00000
1882,941,0,5.56510,2.76480,0.15800,0.02460,3840000,-1.00000,666093627142,0.00000
1883,941,0,3.70619,0.00000,0.00000,0.01690,0,-1.00000,666093665618,0.00000
1884,942,0,0.40800,2.77230,0.14990,0.02460,3840000,-1.00000,666093719485,0.00000
1885,942,0,3.67241,0.00000,0.00000,0.01880,0,-1.00000,666093755553,0.00000
1886,943,0,0.38720,2.79210,0.13860,0.02120,3840000,-1.00000,666093811202,0.00000
1887,943,0,3.50390,0.00000,0.00000,0.01760,0,-1.00000,666093848261,0.00000
1888,944,0,0.57350,2.76230,0.19940,0.02190,3840000,-1.00000,666093852349,0.00000
1889,944,0,3.63480,0.00000,0.00000,0.01830,0,-1.00000,666093889071,0.00000
1890,945,0,5.40560,3.00580,0.18080,0.04120,3840000,-1.00000,666093892932,0.00000
1891,945,0,3.97410,0.00000,0.00000,0.02330,0,-1.00000,666093927975,0.00000
1892,946,0,0.37990,2.96830,0.13920,0.02190,3840000,-1.00000,666093933714,0.00000
1893,946,0,3.66160,0.00000,0.00000,0.02130,0,-1.00000,666093970066,0.00000
1894,947,0,0.33070,2.90630,0.12610,0.02030,3840000,-1.00000,666094024197,0.00000
1895,947,0,3.95780,0.00000,0.00000,0.02060,0,-1.00000,666094063866,0.00000
1896,948,0,0.42330,3.03900,0.35850,0.04260,3840000,-1.00000,666094067656,0.00000
1897,948,0,5.71660,0.00000,0.00000,0.02710,0,-1.00000,666094104271,0.00000
1898,949,0,0.51570,3.10800,0.30580,0.02860,3840000,-1.00000,666094107577,0.00000
1899,949,0,4.03370,0.00000,0.00000,0.01870,0,-1.00000,666094147160,0.00000
1900,950,0,1.59200,2.89490,0.20990,0.03380,3840000,-1.00000,666094151393,0.00000
1901,950,0,3.79850,0.00000,0.00000,0.02190,0,-1.00000,666094208592,0.00000
1902,951,0,2.48340,2.98160,0.26450,0.02900,3840000,-1.00000,666094213720,0.00000
1903,951,0,3.82200,0.00000,0.00000,0.02090,0,-1.00000,666094254055,0.00000
1904,952,0,5.32890,2.75730,0.22860,0.02100,3840000,-1.00000,666094269973,0.00000
1905,952,0,3.53010,0.00000,0.00000,0.04100,0,-1.00000,666094307971,0.00000
1906,953,0,5.55600,2.73210,0.17540,0.02460,3840000,-1.00000,666094332789,0.00000
1907,953,0,3.57160,0.00000,0.00000,0.01930,0,-1.00000,666094371013,0.00000
1908,954,0,0.43470,2.85650,0.12590,0.02130,3840000,-1.00000,666094424297,0.00000
1909,954,0,3.54560,0.00000,0.00000,0.01890,0,-1.00000,666094459603,0.00000
1910,955,0,0.49600,2.77630,0.13650,0.02130,3840000,-1.00000,666094515165,0.00000
1911,955,0,3.43090,0.00000,0.00000,0.01850,0,-1.00000,666094550881,0.00000
1912,956,0,0.33550,2.87780,0.21720,0.04090,3840000,-1.00000,666094555224,0.00000
1913,956,0,3.78510,0.00000,0.00000,0.02030,0,-1.00000,666094590684,0.00000
1914,957,0,6.00300,2.80280,0.25540,0.02420,3840000,-1.00000,666094595640,0.00000
1915,957,0,3.71390,0.00000,0.00000,0.01910,0,-1.00000,666094629951,0.00000
1916,958,0,0.38010,3.05640,0.15630,0.02480,3840000,-1.00000,666094633298,0.00000
1917,958,0,3.88330,0.00000,0.00000,0.02140,0,-1.00000,666094671170,0.00000
1918,959,0,0.34960,3.05330,0.25360,0.02530,3840000,-1.00000,666094731188,0.00000
1919,959,0,3.90320,0.00000,0.00000,0.02280,0,-1.00000,666094768326,0.00000
1920,960,0,3.08280,2.78830,0.19030,0.02400,3840000,-1.00000,666094772117,0.00000
1921,960,0,3.65630,0.00000,0.00000,0.01860,0,-1.00000,666094810965,0.00000
1922,961,0,0.49410,3.18860,0.21190,0.04580,3840000,-1.00000,666094814456,0.00000
1923,961,0,5.03540,0.00000,0.00000,0.02380,0,-1.00000,666094853640,0.00000
1924,962,0,3.08360,2.70480,0.21330,0.02570,3840000,-1.00000,666094884316,0.00000
1925,962,0,3.67940,0.00000,0.00000,0.01560,0,-1.00000,666094920876,0.00000
1926,963,0,5.52910,3.00690,0.14150,0.02330,3840000,-1.00000,666094925819,0.00000
1927,963,0,3.73160,0.00000,0.00000,0.02030,0,-1.00000,666094976204,0.00000
1928,964,0,0.39160,2.80790,0.13120,0.02160,3840000,-1.00000,666095007009,0.00000
1929,964,0,3.48340,0.00000,0.00000,0.01900,0,-1.00000,666095043800,0.00000
1930,965,0,0.42320,2.98440,0.12510,0.02240,3840000,-1.00000,666095099097,0.00000
1931,965,0,7.13520,0.00000,0.00000,0.02160,0,-1.00000,666095136414,0.00000
1932,966,0,0.38460,2.80580,0.13880,0.01910,3840000,-1.00000,666095140321,0.00000
1933,966,0,3.53210,0.00000,0.00000,0.01880,0,-1.00000,666095175163,0.00000
1934,967,0,2.48710,2.86900,0.23470,0.03030,3840000,-1.00000,666095179392,0.00000
1935,967,0,3.80651,0.00000,0.00000,0.01940,0,-1.00000,666095250750,0.00000
1936,968,0,0.50470,2.86680,0.15020,0.02240,3840000,-1.00000,666095254590,0.00000
1937,968,0,4.73730,0.00000,0.00000,0.02050,0,-1.00000,666095289913,0.00000
1938,969,0,7.61750,2.85180,0.14660,0.02290,3840000,-1.00000,666095314783,0.00000
1939,969,0,3.55320,0.00000,0.00000,0.01930,0,-1.00000,666095352855,0.00000
1940,970,0,0.44550,2.73460,0.15690,0.02230,3840000,-1.00000,666095357895,0.00000
1941,970,0,3.45000,0.00000,0.00000,0.05500,0,-1.00000,666095405270,0.00000
1942,971,0,6.39640,2.81920,0.22690,0.03770,3840000,-1.00000,666095481443,0.00000
1943,971,0,3.74960,0.00000,0.00000,0.02070,0,-1.00000,666095516976,0.00000
1944,972,0,0.39670,2.91340,0.17280,0.02380,3840000,-1.00000,666095521427,0.00000
1945,972,0,3.79730,0.00000,0.00000,0.02210,0,-1.00000,666095555934,0.00000
1946,973,0,4.35310,2.83680,0.16810,0.02410,3840000,-1.00000,666095619896,0.00000
1947,973,0,3.57760,0.00000,0.00000,0.01770,0,-1.00000,666095657405,0.00000
1948,974,0,2.40130,2.99980,0.13060,0.02110,3840000,-1.00000,666095661353,0.00000
1949,974,0,3.75170,0.00000,0.00000,0.02090,0,-1.00000,666095699335,0.00000
1950,975,0,0.41970,2.87270,0.23760,0.02400,3840000,-1.00000,666095742862,0.00000
1951,975,0,3.68780,0.00000,0.00000,0.02000,0,-1.00000,666095778635,0.00000
1952,976,0,0.38440,2.96060,0.16700,0.02480,3840000,-1.00000,666095802645,0.00000
1953,976,0,4.20130,0.00000,0.00000,0.02030,0,-1.00000,666095840167,0.00000
1954,977,0,0.35290,3.04820,0.24480,0.02230,3840000,-1.00000,666095844363,0.00000
1955,977,0,5.73510,0.00000,0.00000,0.02370,0,-1.00000,666095881296,0.00000
1956,978,0,3.04460,3.00910,0.18680,0.02920,3840000,-1.00000,666095885089,0.00000
1957,978,0,3.80320,0.00000,0.00000,0.02140,0,-1.00000,666095927091,0.00000
1958,979,0,0.42860,2.89970,0.20230,0.02080,3840000,-1.00000,666095930626,0.00000
1959,979,0,3.73170,0.00000,0.00000,0.02080,0,-1.00000,666095987986,0.00000
1960,980,0,0.35630,3.02330,0.14300,0.01950,3840000,-1.00000,666096018424,0.00000
1961,980,0,3.91690,0.00000,0.00000,0.01880,0,-1.00000,666096056456,0.00000
1962,981,0,6.14700,2.91660,0.18140,0.02360,3840000,-1.00000,666096060742,0.00000
1963,981,0,3.77240,0.00000,0.00000,0.01870,0,-1.00000,666096098060,0.00000
1964,982,0,0.42890,2.88500,0.12400,0.04310,3840000,-1.00000,666096101618,0.00000
1965,982,0,3.66760,0.00000,0.00000,0.02060,0,-1.00000,666096140786,0.00000
1966,983,0,0.34530,2.97600,0.22680,0.03310,3840000,-1.00000,666096202262,0.00000
1967,983,0,5.50630,0.00000,0.00000,0.02050,0,-1.00000,666096239989,0.00000
1968,984,0,4.74160,2.98210,0.15700,0.02550,3840000,-1.00000,666096244273,0.00000
1969,984,0,3.78860,0.00000,0.00000,0.01870,0,-1.00000,666096280949,0.00000
1970,985,0,0.43330,2.84760,0.17230,0.02290,3840000,-1.00000,666096284400,0.00000
1971,985,0,3.52550,0.00000,0.00000,0.02730,0,-1.00000,666096339486,0.00000
1972,986,0,0.34410,2.88710,0.13640,0.02130,3840000,-1.00000,666096386883,0.00000
1973,986,0,7.07610,0.00000,0.00000,0.01920,0,-1.00000,666096424770,0.00000
1974,987,0,0.37360,2.89410,0.14760,0.02220,3840000,-1.00000,666096429101,0.00000
1975,987,0,3.66740,0.00000,0.00000,0.01810,0,-1.00000,666096464362,0.00000
1976,988,0,0.43710,2.93740,0.13500,0.02110,3840000,-1.00000,666096467797,0.00000
1977,988,0,3.63720,0.00000,0.00000,0.01880,0,-1.00000,666096538568,0.00000
1978,989,0,7.30111,2.90140,0.23970,0.04190,3840000,-1.00000,666096542285,0.00000
1979,989,0,3.87920,0.00000,0.00000,0.01950,0,-1.00000,666096578970,0.00000
1980,990,0,0.40710,2.76610,0.15080,0.01890,3840000,-1.00000,666096583338,0.00000
1981,990,0,3.48730,0.00000,0.00000,0.01820,0,-1.00000,666096619711,0.00000
1982,991,0,4.51610,2.79680,0.19750,0.02260,3840000,-1.00000,666096692739,0.00000
1983,991,0,3.64470,0.00000,0.00000,0.01930,0,-1.00000,666096731515,0.00000
1984,992,0,5.45610,2.84230,0.14780,0.02250,3840000,-1.00000,666096735576,0.00000
1985,992,0,3.50110,0.00000,0.00000,0.01730,0,-1.00000,666096770458,0.00000
1986,993,0,0.49960,3.06310,0.20770,0.04400,3840000,-1.00000,666096815617,0.00000
1987,993,0,4.17930,0.00000,0.00000,0.02160,0,-1.00000,666096852067,0.00000
1988,994,0,0.49100,2.91490,0.15730,0.02330,3840000,-1.00000,666096906627,0.00000
1989,994,0,3.77839,0.00000,0.00000,0.01850,0,-1.00000,666096941635,0.00000
1990,995,0,0.41091,2.93510,0.16850,0.02360,3840000,-1.00000,666096946638,0.00000
1991,995,0,5.60249,0.00000,0.00000,0.01900,0,-1.00000,666096988446,0.00000
1992,996,0,5.96721,2.81840,0.14020,0.02440,3840000,-1.00000,666096993339,0.00000
1993,996,0,3.58279,0.00000,0.00000,0.02090,0,-1.00000,666097031125,0.00000
1994,997,0,5.81700,2.93690,0.15480,0.02450,3840000,-1.00000,666097035233,0.00000
1995,997,0,3.70480,0.00000,0.00000,0.02200,0,-1.00000,666097091261,0.00000
1996,998,0,0.40330,2.84110,0.18320,0.02950,3840000,-1.00000,666097150931,0.00000
1997,998,0,3.86250,0.00000,0.00000,0.02160,0,-1.00000,666097186757,0.00000
1998,999,0,1.31520,2.87150,0.20410,0.02810,3840000,-1.00000,666097244925,0.00000
1999,999,0,3.64401,0.00000,0.00000,0.01560,0,-1.00000,666097281980,0.00000
2000,1000,0,5.49439,2.85460,0.15370,0.02490,3840000,-1.00000,666097286004,0.00000
2001,1000,0,3.67080,0.00000,0.00000,0.01840,0,-1.00000,666097324645,0.00000
2002,1001,0,2.38390,2.93230,0.16290,0.02130,3840000,-1.00000,666097337783,0.00000
2003,1001,0,3.84529,0.00000,0.00000,0.01830,0,-1.00000,666097374219,0.00000
2004,1002,0,0.42130,2.87830,0.12980,0.02190,3840000,-1.00000,666097429167,0.00000
2005,1002,0,3.57881,0.00000,0.00000,0.01920,0,-1.00000,666097465881,0.00000
2006,1003,0,7.37200,3.09800,0.17770,0.04020,3840000,-1.00000,666097489718,0.00000
2007,1003,0,4.00800,0.00000,0.00000,0.02490,0,-1.00000,666097528170,0.00000
2008,1004,0,0.48470,2.84400,0.14310,0.02130,3840000,-1.00000,666097532378,0.00000
2009,1004,0,3.54770,0.00000,0.00000,0.01770,0,-1.00000,666097568170,0.00000
2010,1005,0,0.38190,2.93850,0.13760,0.02080,3840000,-1.00000,666097641901,0.00000
2011,1005,0,4.04860,0.00000,0.00000,0.01950,0,-1.00000,666097681974,0.00000
2012,1006,0,2.96730,2.73370,0.23570,0.02460,3840000,-1.00000,666097686939,0.00000
2013,1006,0,3.60350,0.00000,0.00000,0.01870,0,-1.00000,666097722287,0.00000
2014,1007,0,5.61660,3.06810,0.16730,0.02830,3840000,-1.00000,666097726110,0.00000
2015,1007,0,3.81610,0.00000,0.00000,0.02220,0,-1.00000,666097766604,0.00000
2016,1008,0,0.37420,3.12190,0.26640,0.04500,3840000,-1.00000,666097796269,0.00000
2017,1008,0,4.18330,0.00000,0.00000,0.02470,0,-1.00000,666097832306,0.00000
2018,1009,0,0.83410,3.27880,0.34400,0.05510,3840000,-1.00000,666097888472,0.00000
2019,1009,0,4.69520,0.00000,0.00000,0.02740,0,-1.00000,666097926640,0.00000
2020,1010,0,2.97110,3.07120,0.17260,0.04900,3840000,-1.00000,666097930367,0.00000
2021,1010,0,4.40630,0.00000,0.00000,0.02850,0,-1.00000,666097972235,0.00000
2022,1011,0,0.56500,3.19700,0.33670,0.05110,3840000,-1.00000,666097980563,0.00000
2023,1011,0,4.43820,0.00000,0.00000,0.02790,0,-1.00000,666098027541,0.00000
2024,1012,0,4.42480,3.08320,0.26890,0.06490,3840000,-1.00000,666098057243,0.00000
2025,1012,0,4.45150,0.00000,0.00000,0.02490,0,-1.00000,666098101309,0.00000
2026,1013,0,0.55230,3.00620,0.26530,0.04680,3840000,-1.00000,666098106927,0.00000
2027,1013,0,4.10250,0.00000,0.00000,0.02660,0,-1.00000,666098151339,0.00000
2028,1014,0,3.28550,2.88090,0.37760,0.07190,3840000,-1.00000,666098195574,0.00000
2029,1014,0,4.25699,0.00000,0.00000,0.02340,0,-1.00000,666098240109,0.00000
2030,1015,0,4.89121,3.02450,0.32520,0.06200,3840000,-1.00000,666098245591,0.00000
2031,1015,0,4.33980,0.00000,0.00000,0.02880,0,-1.00000,666098286654,0.00000
2032,1016,0,0.56410,2.94450,0.23930,0.04110,3840000,-1.00000,666098319526,0.00000
2033,1016,0,4.23980,0.00000,0.00000,0.02030,0,-1.00000,666098362086,0.00000
2034,1017,0,0.48590,2.92460,0.32580,0.05640,3840000,-1.00000,666098410970,0.00000
2035,1017,0,4.22110,0.00000,0.00000,0.02300,0,-1.00000,666098454388,0.00000
2036,1018,0,1.58010,3.07690,0.42190,0.06570,3840000,-1.00000,666098459997,0.00000
2037,1018,0,4.41740,0.00000,0.00000,0.02480,0,-1.00000,666098502407,0.00000
2038,1019,0,0.47320,2.89860,0.28160,0.03540,3840000,-1.00000,666098507251,0.00000
2039,1019,0,3.89619,0.00000,0.00000,0.02590,0,-1.00000,666098549494,0.00000
2040,1020,0,0.58090,3.09630,0.25310,0.03360,3840000,-1.00000,666098565276,0.00000
2041,1020,0,4.00640,0.00000,0.00000,0.01910,0,-1.00000,666098609473,0.00000
2042,1021,0,5.05730,2.87860,0.18650,0.02670,3840000,-1.00000,666098614164,0.00000
2043,1021,0,3.77100,0.00000,0.00000,0.02170,0,-1.00000,666098653172,0.00000
2044,1022,0,2.44340,3.06730,0.18200,0.02690,3840000,-1.00000,666098658942,0.00000
2045,1022,0,4.06531,0.00000,0.00000,0.02070,0,-1.00000,666098699006,0.00000
2046,1023,0,6.48660,2.99170,0.19990,0.03240,3840000,-1.00000,666098749582,0.00000
2047,1023,0,3.98930,0.00000,0.00000,0.02160,0,-1.00000,666098787295,0.00000
2048,1024,0,0.49610,3.08200,0.37040,0.03360,3840000,-1.00000,666098811717,0.00000
2049,1024,0,4.22390,0.00000,0.00000,0.02440,0,-1.00000,666098852376,0.00000
2050,1025,0,0.47590,2.99850,0.17850,0.02210,3840000,-1.00000,666098917246,0.00000
2051,1025,0,3.82560,0.00000,0.00000,0.01850,0,-1.00000,666098957180,0.00000
2052,1026,0,4.01210,3.04350,0.19750,0.02470,3840000,-1.00000,666098962186,0.00000
2053,1026,0,3.93060,0.00000,0.00000,0.01920,0,-1.00000,666099004349,0.00000
2054,1027,0,0.46410,3.00100,0.16570,0.02110,3840000,-1.00000,666099009089,0.00000
2055,1027,0,3.76240,0.00000,0.00000,0.01530,0,-1.00000,666099047344,0.00000
2056,1028,0,1.18480,2.82550,0.15320,0.01940,3840000,-1.00000,666099087465,0.00000
2057,1028,0,3.59340,0.00000,0.00000,0.01660,0,-1.00000,666099126770,0.00000
2058,1029,0,0.41490,3.12000,0.14940,0.02130,3840000,-1.00000,666099131414,0.00000
2059,1029,0,3.88930,0.00000,0.00000,0.01910,0,-1.00000,666099169032,0.00000
2060,1030,0,1.22180,3.14990,0.17990,0.02710,3840000,-1.00000,666099180879,0.00000
2061,1030,0,4.08220,0.00000,0.00000,0.02120,0,-1.00000,666099216817,0.00000
2062,1031,0,0.43400,3.22440,0.20890,0.03200,3840000,-1.00000,666099220962,0.00000
2063,1031,0,4.60840,0.00000,0.00000,0.01630,0,-1.00000,666099259863,0.00000
2064,1032,0,0.48570,2.89200,0.17590,0.02160,3840000,-1.00000,666099272080,0.00000
2065,1032,0,3.68970,0.00000,0.00000,0.01700,0,-1.00000,666099312912,0.00000
2066,1033,0,5.10360,3.05040,0.18060,0.04060,3840000,-1.00000,666099317237,0.00000
2067,1033,0,3.87300,0.00000,0.00000,0.01820,0,-1.00000,666099363335,0.00000
2068,1034,0,5.58010,3.04210,0.20780,0.04150,3840000,-1.00000,666099368184,0.00000
2069,1034,0,3.91040,0.00000,0.00000,0.02410,0,-1.00000,666099405079,0.00000
2070,1035,0,0.43220,3.28030,0.20800,0.03920,3840000,-1.00000,666099456116,0.00000
2071,1035,0,4.28880,0.00000,0.00000,0.02410,0,-1.00000,666099494843,0.00000
2072,1036,0,0.47399,3.19040,0.18850,0.02340,3840000,-1.00000,666099550648,0.00000
2073,1036,0,3.97530,0.00000,0.00000,0.01960,0,-1.00000,666099589759,0.00000
2074,1037,0,5.18250,3.22430,0.16410,0.02430,3840000,-1.00000,666099594069,0.00000
2075,1037,0,4.02420,0.00000,0.00000,0.01560,0,-1.00000,666099637001,0.00000
2076,1038,0,0.40790,3.03260,0.14950,0.02290,3840000,-1.00000,666099641701,0.00000
2077,1038,0,3.79380,0.00000,0.00000,0.01800,0,-1.00000,666099681452,0.00000
2078,1039,0,0.41570,3.05980,0.16180,0.02390,3840000,-1.00000,666099733278,0.00000
2079,1039,0,3.82660,0.00000,0.00000,0.01750,0,-1.00000,666099773516,0.00000
2080,1040,0,5.89809,2.87420,0.16570,0.02380,3840000,-1.00000,666099777600,0.00000
2081,1040,0,3.70011,0.00000,0.00000,0.01840,0,-1.00000,666099815538,0.00000
2082,1041,0,0.41530,3.14630,0.17710,0.02680,3840000,-1.00000,666099819690,0.00000
2083,1041,0,4.03350,0.00000,0.00000,0.03050,0,-1.00000,666099857956,0.00000
2084,1042,0,0.51400,2.86260,0.19420,0.02370,3840000,-1.00000,666099916943,0.00000
2085,1042,0,3.59440,0.00000,0.00000,0.01930,0,-1.00000,666099953943,0.00000
2086,1043,0,6.30820,2.96020,0.20190,0.03380,3840000,-1.00000,666099958093,0.00000
2087,1043,0,3.83050,0.00000,0.00000,0.01810,0,-1.00000,666099998454,0.00000
2088,1044,0,0.37760,2.96570,0.15820,0.02270,3840000,-1.00000,666100003568,0.00000
2089,1044,0,3.73100,0.00000,0.00000,0.01710,0,-1.00000,666100039511,0.00000
2090,1045,0,0.37950,3.18050,0.15550,0.02200,3840000,-1.00000,666100102604,0.00000
2091,1045,0,3.85260,0.00000,0.00000,0.01810,0,-1.00000,666100140900,0.00000
2092,1046,0,0.37790,3.10660,0.17490,0.01740,3840000,-1.00000,666100144672,0.00000
2093,1046,0,3.79040,0.00000,0.00000,0.01690,0,-1.00000,666100181986,0.00000
2094,1047,0,2.32610,3.08670,0.20530,0.03640,3840000,-1.00000,666100185777,0.00000
2095,1047,0,3.98151,0.00000,0.00000,0.02000,0,-1.00000,666100224307,0.00000
2096,1048,0,2.15879,3.02610,0.17780,0.02420,3840000,-1.00000,666100228082,0.00000
2097,1048,0,3.87521,0.00000,0.00000,0.01710,0,-1.00000,666100265985,0.00000
2098,1049,0,5.38549,2.92830,0.19380,0.02410,3840000,-1.00000,666100289263,0.00000
2099,1049,0,3.67360,0.00000,0.00000,0.01740,0,-1.00000,666100329073,0.00000
2100,1050,0,0.39930,3.03560,0.15700,0.01700,3840000,-1.00000,666100350659,0.00000
