tick,total_ms,navigation_ms,neighbors_ms,avoidance_ms,integration_ms,expanded,pending,failed,coarse,fallbacks,replans,first_arrived,current_arrived,never_ready,safety_pair_checks,limited
1,15.24160,10.15980,4.16850,0.88890,0.02310,564,994,0,16,0,0,0,0,994,1534,0
2,8.78980,4.37750,3.52950,0.86180,0.02000,663,978,0,32,0,0,0,0,978,1534,0
3,9.22400,3.89220,4.44360,0.85930,0.02830,440,962,0,48,0,0,0,0,962,1538,0
4,8.25680,3.92860,3.44080,0.85800,0.02850,409,946,0,64,0,0,0,0,946,1541,0
5,8.28730,4.31550,3.11520,0.81280,0.04290,607,931,0,80,0,0,0,0,930,1540,0
6,7.44800,3.86870,2.76530,0.79350,0.01970,452,915,0,96,0,0,0,0,914,1537,0
7,7.49040,3.83280,2.79610,0.84350,0.01730,676,899,0,112,0,0,0,0,898,1544,0
8,6.99830,3.50750,2.64970,0.82140,0.01870,609,884,0,128,0,0,0,0,882,1538,0
9,7.10230,3.69780,2.64050,0.74370,0.01970,578,869,0,144,0,0,0,0,866,1538,0
10,7.21080,3.82000,2.58820,0.77810,0.02370,737,853,0,160,0,0,0,0,850,1538,0
11,7.07670,3.60160,2.67230,0.77190,0.03010,592,837,0,176,0,0,0,0,834,1537,0
12,6.81460,3.30110,2.74830,0.73860,0.02590,403,821,0,192,0,0,0,0,818,1533,0
13,6.88850,3.53040,2.55280,0.78320,0.02140,424,806,0,208,0,0,0,0,802,1535,0
14,6.83410,3.40560,2.57190,0.83410,0.02160,515,790,0,224,0,0,0,0,786,1541,0
15,7.41760,3.72030,2.81190,0.86640,0.01840,684,774,0,240,0,0,0,0,770,1544,0
16,10.11630,5.16500,4.01710,0.90890,0.02440,667,759,0,256,0,0,0,0,754,1553,0
17,6.84020,3.42770,2.54720,0.84350,0.02100,421,743,0,272,0,0,0,0,738,1566,0
18,6.88330,3.42040,2.64600,0.79320,0.02290,466,727,0,288,0,0,0,0,722,1572,0
19,7.03330,3.69250,2.54740,0.76960,0.02300,777,711,0,304,0,0,0,0,706,1572,0
20,7.17070,3.75230,2.59790,0.79910,0.02050,891,695,0,320,0,0,0,0,690,1572,0
21,6.91850,3.40540,2.68740,0.80410,0.02090,466,680,0,336,0,0,0,0,674,1557,0
22,6.86410,3.49470,2.57600,0.77230,0.02020,654,664,0,352,0,0,0,0,658,1552,0
23,6.87290,3.43100,2.57880,0.84320,0.01920,502,649,0,368,0,0,0,0,642,1572,0
24,8.39700,3.46570,4.03210,0.87720,0.02110,552,634,0,384,0,0,0,0,626,1586,0
25,7.08860,3.55410,2.64500,0.86910,0.01960,614,620,0,400,0,0,0,0,610,1596,0
26,6.85470,3.33710,2.59380,0.88740,0.03550,578,605,0,416,0,0,0,0,594,1606,0
27,8.30240,3.42150,4.02860,0.83280,0.01860,580,590,0,432,0,0,0,0,578,1603,0
28,7.49790,3.44770,3.11830,0.90570,0.02500,560,575,0,448,0,0,0,0,562,1612,0
29,7.05060,3.48170,2.66680,0.87680,0.02450,452,560,0,464,0,0,0,0,546,1626,0
30,6.84640,3.38810,2.56010,0.87380,0.02360,508,547,0,480,0,0,0,0,530,1626,0
31,16.14890,10.69430,4.56150,0.86850,0.02230,1728,531,0,495,1,0,0,0,514,1631,0
32,8.00290,3.35790,3.73980,0.88630,0.01820,563,515,0,511,1,0,0,0,498,1638,0
33,8.28870,3.59040,3.78000,0.90030,0.01710,609,499,0,527,1,0,0,0,482,1639,0
34,7.89890,3.55270,3.45590,0.87120,0.01840,787,485,0,543,1,0,0,0,466,1649,0
35,7.84740,3.79330,3.03890,0.99230,0.02190,739,470,0,559,1,0,0,0,450,1653,0
36,8.52990,3.52010,4.08150,0.90820,0.01920,635,455,0,575,1,0,0,0,434,1685,0
37,7.09300,3.48110,2.75280,0.83540,0.02300,540,440,0,591,1,0,0,0,418,1695,0
38,7.67630,3.77920,2.98550,0.89060,0.02010,860,426,0,607,1,0,0,0,402,1684,0
39,7.31080,3.65100,2.79610,0.84500,0.01800,624,410,0,623,1,0,0,0,386,1695,0
40,7.49880,3.61280,2.93510,0.92960,0.02050,624,394,0,639,1,0,0,0,370,1696,0
41,7.30870,3.68650,2.73270,0.86700,0.02170,432,379,0,655,1,0,0,0,354,1714,0
42,8.74000,3.71430,4.12140,0.88340,0.02020,650,363,0,671,1,0,0,0,338,1715,0
43,7.31670,3.61200,2.77920,0.90040,0.02430,479,348,0,687,1,0,0,0,322,1737,0
44,7.35020,3.67960,2.75070,0.87510,0.04400,655,332,0,703,1,0,0,0,306,1738,0
45,7.10560,3.45440,2.74470,0.88260,0.02310,688,316,0,719,1,0,0,0,290,1757,0
46,8.81230,5.19530,2.72980,0.85800,0.02830,622,301,0,735,1,0,0,0,274,1799,0
47,7.60980,3.99770,2.70250,0.88100,0.02770,579,286,0,751,1,0,0,0,258,1819,0
48,7.90200,3.93740,2.96240,0.97480,0.02590,525,270,0,767,1,0,0,0,242,1875,0
49,8.35740,4.24670,3.04340,1.03550,0.03070,547,257,0,783,1,0,0,0,226,1890,0
50,7.98680,3.72340,3.26340,0.96830,0.03020,534,241,0,799,1,0,0,0,210,1916,0
51,7.33390,3.79740,2.53160,0.97720,0.02670,584,226,0,815,1,0,0,0,194,1918,0
52,14.32480,10.49420,2.83470,0.95290,0.04160,2519,211,0,831,2,0,0,0,178,1944,0
53,15.22610,11.80610,2.45330,0.93320,0.03250,2749,197,0,846,2,0,0,0,162,1963,0
54,6.91860,3.39470,2.52370,0.97280,0.02660,650,183,0,862,2,0,0,0,146,1959,0
55,7.54030,3.53270,2.86710,1.11140,0.02820,491,167,0,878,2,0,0,0,130,1981,0
56,11.86600,8.12720,2.57990,1.12720,0.03040,1615,151,0,894,3,0,0,0,114,2013,0
57,21.20970,17.53080,2.53560,1.11640,0.02590,4096,139,0,907,3,0,0,0,101,2056,0
58,21.03480,17.48910,2.49070,1.02630,0.02790,4096,127,0,921,3,0,0,0,87,2108,0
59,20.00240,16.46380,2.51510,0.99640,0.02630,4096,115,0,935,3,0,0,0,73,2114,0
60,20.35750,16.74890,2.53690,1.04380,0.02670,4096,101,0,949,3,0,0,0,59,2121,0
61,22.66500,18.44060,3.20620,0.99470,0.02240,4096,89,0,963,3,0,0,0,45,2132,0
62,20.67960,16.84760,2.80680,0.99260,0.03200,4096,74,0,978,3,0,0,0,30,2165,0
63,20.21780,16.44380,2.76080,0.98750,0.02510,4096,61,0,992,3,0,0,0,16,2187,0
64,20.48840,16.51900,2.78290,1.16120,0.02450,4096,49,0,1004,4,0,0,0,3,2236,0
65,19.70650,15.83350,2.76190,1.08860,0.02150,4096,36,0,1019,4,0,0,0,1,2255,0
66,20.19400,16.42120,2.71290,1.03380,0.02480,4096,22,0,1034,4,0,0,0,1,2286,0
67,21.16520,17.19140,2.84820,1.08840,0.03600,4096,9,0,1049,4,0,0,0,1,2317,0
68,21.01730,16.74080,3.07550,1.17070,0.02880,4096,1,0,1060,4,0,0,0,1,2349,0
69,20.08770,15.69050,3.18790,1.16280,0.04420,4096,1,0,1060,4,0,0,0,1,2389,0
70,19.23230,15.18350,2.80220,1.20420,0.04070,4096,1,0,1063,4,0,0,0,1,2394,0
71,18.93480,14.74210,2.93380,1.21550,0.04240,4096,1,0,1065,4,0,0,0,1,2446,0
72,18.78900,14.18700,3.35140,1.20520,0.04420,4096,1,0,1066,4,0,0,0,1,2494,0
73,18.89710,15.06920,2.59900,1.19580,0.03120,4096,1,0,1071,4,0,0,0,1,2543,0
74,17.52980,13.80010,2.61900,1.08030,0.02950,4096,1,0,1075,4,0,0,0,1,2605,0
75,17.12080,13.23090,2.67500,1.18720,0.02690,4096,1,0,1076,4,0,0,0,1,2629,0
76,22.52600,18.68350,2.65690,1.16010,0.02450,4096,1,0,1077,4,0,0,0,1,2690,0
77,20.25100,16.39740,2.65760,1.17160,0.02310,4096,1,0,1081,4,0,0,0,1,2744,0
78,19.43900,15.58700,2.64020,1.17570,0.03450,4096,1,0,1084,4,0,0,0,1,2743,0
79,9.37780,5.60270,2.61370,1.13050,0.02950,1404,0,0,1084,4,0,0,0,0,2770,0
80,5.90070,2.11180,2.65720,1.10260,0.02810,133,0,0,1090,4,0,0,0,0,2819,0
81,5.41570,1.45380,2.70590,1.22500,0.03000,43,0,0,1093,4,0,0,0,0,2869,0
82,4.94360,1.04620,2.69280,1.17580,0.02750,32,0,0,1095,4,0,0,0,0,2884,0
83,5.15190,1.23650,2.67530,1.20340,0.03580,72,0,0,1098,4,0,0,0,0,2901,0
84,5.17700,1.14530,2.70950,1.28130,0.04010,64,0,0,1100,4,0,0,0,0,2941,0
85,5.30240,1.40190,2.67110,1.19840,0.03000,123,0,0,1103,4,0,0,0,0,2997,0
86,5.11830,1.24760,2.61630,1.21900,0.03470,72,0,0,1106,4,0,0,0,0,3047,0
87,5.08320,1.11470,2.71440,1.21330,0.03990,45,0,0,1108,4,0,0,0,0,3084,0
88,5.86730,1.82940,2.76240,1.23870,0.03580,175,0,0,1113,4,0,0,0,0,3169,0
89,5.38950,1.48940,2.67860,1.17760,0.04250,113,0,0,1116,4,0,0,0,0,3205,0
90,4.89170,0.88200,2.77200,1.20240,0.03410,50,0,0,1117,4,0,0,0,0,3280,0
91,8.84970,3.18050,4.26340,1.37450,0.03000,55,0,0,1119,4,0,0,0,0,3315,0
92,7.91170,1.89110,4.35440,1.63680,0.02840,78,0,0,1123,4,0,0,0,0,3399,0
93,5.91770,1.54740,2.92470,1.41170,0.03300,89,0,0,1127,4,0,0,0,0,3397,0
94,5.54940,1.36570,2.94650,1.21030,0.02580,83,0,0,1130,4,0,0,0,0,3450,0
95,5.47130,1.29440,2.95690,1.18350,0.03550,89,0,0,1132,4,0,0,0,0,3478,0
96,5.71780,1.45620,2.98130,1.23650,0.04270,85,0,0,1136,4,0,0,0,0,3496,0
97,5.41160,1.23630,2.95820,1.19210,0.02280,34,0,0,1138,4,0,0,0,0,3511,0
98,5.49480,0.84740,3.38760,1.23130,0.02700,15,0,0,1139,4,0,0,0,0,3593,0
99,5.00130,0.81420,2.98670,1.17680,0.02260,17,0,0,1140,4,0,0,0,0,3659,0
100,5.30430,0.83950,3.18180,1.25680,0.02550,38,0,0,1141,4,0,0,0,0,3674,0
101,5.89590,1.67950,2.96800,1.21670,0.03000,79,0,0,1145,4,0,0,0,0,3714,0
102,6.23940,1.86440,3.14910,1.19720,0.02740,99,0,0,1150,4,0,0,0,0,3753,0
103,7.03330,1.58530,4.11380,1.27700,0.05610,122,0,0,1155,4,0,0,0,0,3838,0
104,5.93100,1.55390,3.05450,1.29000,0.03160,75,0,0,1159,4,0,0,0,0,3846,0
105,5.07470,0.77190,3.01340,1.25710,0.03150,16,0,0,1160,4,0,0,0,0,3871,0
106,7.59580,3.53360,2.79650,1.23450,0.02980,97,0,0,1165,4,0,0,0,0,3912,0
107,5.37610,1.38030,2.76950,1.19840,0.02680,50,0,0,1168,4,0,0,0,0,3887,0
108,6.07970,1.65920,3.10060,1.29170,0.02720,152,0,0,1172,4,0,0,0,0,3937,0
109,4.48200,0.48600,2.78570,1.18090,0.02890,0,0,0,1172,4,0,0,0,0,3958,0
110,4.88880,0.87160,2.76690,1.21950,0.02950,72,0,0,1173,4,0,0,0,0,4019,0
111,5.73320,1.74220,2.76840,1.18560,0.03600,118,0,0,1177,4,0,0,0,0,4078,0
112,5.19380,1.20270,2.75900,1.19700,0.03420,34,0,0,1179,4,0,0,0,0,4203,0
113,5.17060,1.09730,2.78530,1.26290,0.02420,33,0,0,1181,4,0,0,0,0,4247,0
114,5.48240,1.43600,2.74350,1.25800,0.04410,85,0,0,1184,4,0,0,0,0,4257,0
115,4.59880,0.45370,2.76810,1.33300,0.04320,0,0,0,1184,4,0,0,0,0,4283,0
116,5.78990,1.88320,2.66240,1.21220,0.03100,96,0,0,1189,4,0,0,0,0,4283,0
117,4.91890,0.69020,2.89190,1.30450,0.03160,13,0,0,1190,4,0,0,0,0,4310,0
118,6.22980,2.04770,2.83460,1.31640,0.03010,220,0,0,1196,4,0,0,0,0,4328,0
119,5.18510,1.09620,2.74560,1.30520,0.03730,56,0,0,1199,4,0,0,0,0,4392,0
120,5.23860,0.86930,2.99830,1.33830,0.03170,25,0,0,1200,4,0,0,0,0,4419,0
121,8.48900,3.23740,3.80910,1.41490,0.02620,81,0,0,1204,4,0,0,0,0,4480,0
122,7.04180,1.17140,4.33470,1.45050,0.08420,53,0,0,1207,4,0,0,0,0,4526,0
123,7.26840,1.39130,4.39000,1.46450,0.02180,172,0,0,1211,4,0,0,0,0,4550,0
124,5.74740,0.52500,3.68480,1.51520,0.02160,0,0,0,1211,4,0,0,0,0,4610,0
125,6.80930,1.54040,3.78790,1.46360,0.01670,127,0,0,1217,4,0,0,0,0,4684,0
126,6.59860,0.94020,3.69840,1.93760,0.02170,55,0,0,1219,4,0,0,0,0,4671,0
127,5.54130,0.84620,3.30760,1.36520,0.02160,29,0,0,1221,4,0,0,0,0,4700,0
128,5.88150,0.87320,3.66270,1.32180,0.02300,53,0,0,1223,4,0,0,0,0,4779,0
129,6.18020,1.26990,3.59610,1.28800,0.02540,44,0,0,1226,4,0,0,0,0,4808,0
130,6.28780,1.22280,3.25130,1.77700,0.03540,29,0,0,1228,4,0,0,0,0,4850,0
131,6.52790,2.04190,3.20970,1.25450,0.02070,183,0,0,1235,4,0,0,0,0,4910,0
132,6.19150,1.61420,3.20750,1.34960,0.01890,96,0,0,1239,4,0,0,0,0,4928,0
133,5.95080,1.28610,3.27100,1.37380,0.01910,124,0,0,1243,4,0,0,0,0,4965,0
134,7.17780,1.80540,4.06080,1.29110,0.01980,194,0,0,1250,4,0,0,0,0,5037,0
135,5.75620,1.17130,3.23610,1.32240,0.02560,96,0,0,1254,4,0,0,0,0,5072,0
136,9.00130,3.47280,4.18130,1.32320,0.02320,227,0,0,1262,4,0,0,0,0,5114,0
137,5.29640,0.81720,2.99390,1.44300,0.04150,35,0,0,1264,4,0,0,0,0,5128,0
138,5.51930,1.05540,3.14160,1.29600,0.02550,99,0,0,1267,4,0,0,0,0,5177,0
139,5.57470,1.06090,3.20370,1.28990,0.01940,80,0,0,1270,4,0,0,0,0,5182,0
140,6.28140,1.69980,3.18590,1.36540,0.02950,142,0,0,1276,4,0,0,0,0,5182,0
141,5.54810,1.03640,3.17170,1.30930,0.02970,84,0,0,1279,4,0,0,0,0,5211,0
142,5.42670,0.47570,3.52600,1.40210,0.02210,0,0,0,1279,4,0,0,0,0,5268,0
143,5.98980,1.65290,2.99200,1.29410,0.05000,76,0,0,1283,4,0,0,0,0,5337,0
144,6.07940,1.47970,3.15160,1.41740,0.02990,98,0,0,1288,4,0,0,0,0,5338,0
145,4.98810,0.67650,2.88010,1.40430,0.02630,30,0,0,1289,4,0,0,0,0,5358,0
146,5.71860,1.48740,2.90990,1.29070,0.02970,116,0,0,1294,4,0,0,0,0,5393,0
147,5.55760,0.67950,3.50400,1.34820,0.02520,25,0,0,1295,4,0,0,0,0,5404,0
148,5.15600,0.89630,2.94570,1.29050,0.02270,57,0,0,1297,4,0,0,0,0,5386,0
149,5.87410,1.45600,2.98140,1.40910,0.02670,190,0,0,1302,4,0,0,0,0,5381,0
150,5.50710,1.29070,2.80010,1.38770,0.02770,80,0,0,1307,4,0,0,0,0,5411,0
151,11.17620,3.15400,6.24320,1.74500,0.03290,104,0,0,1311,4,0,0,0,0,5426,0
152,9.62430,1.28810,6.80500,1.50630,0.02390,69,0,0,1315,4,0,0,0,0,5456,0
153,7.72390,1.19000,5.11730,1.39330,0.02260,76,0,0,1317,4,0,0,0,0,5503,0
154,6.51960,1.12290,3.97270,1.39470,0.02860,74,0,0,1320,4,0,0,0,0,5508,0
155,7.23490,1.83220,4.04610,1.33280,0.02300,195,0,0,1327,4,0,0,0,0,5503,0
156,6.52040,1.03480,3.92490,1.44570,0.11410,47,0,0,1329,4,0,0,0,0,5509,0
157,6.20200,0.64860,3.97460,1.55170,0.02630,15,0,0,1330,4,0,0,0,0,5550,0
158,6.54230,0.89860,3.97540,1.64530,0.02230,31,0,0,1332,4,0,0,0,0,5543,0
159,7.01840,1.25210,4.03710,1.70750,0.02100,59,0,0,1336,4,0,0,0,0,5587,0
160,6.81700,1.11260,3.78490,1.89050,0.02800,75,0,0,1339,4,0,0,0,0,5587,0
161,5.47820,0.80510,3.39280,1.26230,0.01700,27,0,0,1340,4,0,0,0,0,5622,0
162,5.53170,0.69480,3.51460,1.30110,0.02050,10,0,0,1341,4,0,0,0,0,5655,0
163,6.44550,1.13920,3.94490,1.34240,0.01820,65,0,0,1344,4,0,0,0,0,5687,0
164,5.58860,0.90690,3.36140,1.30040,0.01920,106,0,0,1346,4,0,0,0,0,5740,0
165,6.02970,1.03560,3.59210,1.38240,0.01900,53,0,0,1349,4,0,0,0,0,5738,0
166,7.50840,2.51270,3.53390,1.44310,0.01810,103,0,0,1353,4,0,0,0,0,5791,0
167,5.52420,0.73300,3.35340,1.41290,0.02390,24,0,0,1354,4,0,0,0,0,5781,0
168,5.79410,0.86820,3.45490,1.44840,0.02170,36,0,0,1356,4,0,0,0,0,5788,0
169,5.97600,1.21450,3.34240,1.39340,0.02500,143,0,0,1360,4,0,0,0,0,5829,0
170,6.35550,1.58540,3.32530,1.41010,0.03370,202,0,0,1366,4,0,0,0,0,5846,0
171,5.92480,0.49290,4.10270,1.30620,0.02220,0,0,0,1366,4,0,0,0,0,5891,0
172,6.54190,0.71630,4.25200,1.55190,0.02090,15,0,0,1367,4,0,0,0,0,5941,0
173,7.51610,2.83450,3.35690,1.28580,0.03790,454,0,0,1370,5,0,0,0,0,5920,0
174,5.64310,0.92660,3.40760,1.28610,0.02210,27,0,0,1372,5,0,0,0,0,5888,0
175,5.69420,1.23840,3.10460,1.32800,0.02230,63,0,0,1376,5,0,0,0,0,5912,0
176,5.06810,0.64620,3.11270,1.28580,0.02270,27,0,0,1377,5,0,0,0,0,5922,0
177,6.29920,0.89360,4.05550,1.32860,0.02070,24,0,0,1379,5,0,0,0,0,5967,0
178,5.07430,0.64340,3.11260,1.29820,0.01930,23,0,0,1380,5,0,0,0,0,5985,0
179,6.23090,1.72390,3.14570,1.33880,0.02160,128,0,0,1386,5,0,0,0,0,5983,0
180,5.71580,0.98070,3.26910,1.43980,0.02540,62,0,0,1389,5,0,0,0,0,5988,0
181,8.97990,2.46690,4.78260,1.70490,0.02400,52,0,0,1391,5,0,0,0,0,6102,0
182,9.22170,1.05920,6.54380,1.59790,0.01960,32,0,0,1393,5,0,0,0,0,6119,0
183,8.86020,0.86640,6.52770,1.44830,0.01690,18,0,0,1394,5,0,0,0,0,6156,0
184,6.78010,1.11180,4.18670,1.45670,0.02380,52,0,0,1397,5,0,0,0,0,6265,0
185,7.58630,1.21010,4.75340,1.48320,0.13810,92,0,0,1400,5,0,0,0,0,6311,0
186,6.98250,0.86990,4.17240,1.91240,0.02700,71,0,0,1401,5,0,0,0,0,6364,0
187,5.95870,0.69440,3.78200,1.46080,0.02080,15,0,0,1402,5,0,0,0,0,6379,0
188,6.79590,1.28330,3.97230,1.51650,0.02300,104,0,0,1406,5,0,0,0,0,6420,0
189,6.25710,0.68480,4.15300,1.39990,0.01900,15,0,0,1407,5,0,0,0,0,6495,0
190,6.55630,0.89640,4.05350,1.58250,0.02320,45,0,0,1409,5,0,0,0,0,6502,0
191,6.41570,1.07380,3.72500,1.58910,0.02710,66,0,0,1412,5,0,0,0,0,6510,0
192,6.29040,1.13110,3.59490,1.51860,0.04480,39,0,0,1415,5,0,0,0,0,6506,0
193,5.80430,0.74640,3.54630,1.48030,0.03060,17,0,0,1416,5,0,0,0,0,6513,0
194,6.03120,1.09620,3.53380,1.37880,0.02160,73,0,0,1419,5,0,0,0,0,6576,0
195,6.11790,0.88720,3.69010,1.52080,0.01900,102,0,0,1421,5,0,0,0,0,6642,0
196,8.25240,2.80590,3.58330,1.83930,0.02330,118,0,0,1426,5,0,0,0,0,6673,0
197,6.04700,1.14880,3.45780,1.41700,0.02250,60,0,0,1430,5,0,0,0,0,6760,0
198,5.71930,0.84090,3.46690,1.38880,0.02200,29,0,0,1432,5,0,0,0,0,6804,0
199,6.27990,1.25330,3.60250,1.39720,0.02600,74,0,0,1436,5,0,0,0,0,6827,0
200,5.74950,0.64700,3.64120,1.42860,0.03210,18,0,0,1437,5,0,0,0,0,6794,0
201,6.33740,0.93710,3.50840,1.87000,0.02110,91,0,0,1439,5,0,0,0,0,6899,0
202,6.32520,0.99030,3.76060,1.54650,0.02710,59,0,0,1442,5,0,0,0,0,6955,0
203,5.75100,0.82700,3.52420,1.37820,0.02060,53,0,0,1444,5,0,0,0,0,6976,0
204,5.59000,0.66900,3.47220,1.43130,0.01700,17,0,0,1445,5,0,0,0,0,7017,0
205,5.58530,0.80150,3.34410,1.40800,0.03110,34,0,0,1447,5,0,0,0,0,6956,0
206,6.23230,1.35640,3.36650,1.48640,0.02220,118,0,0,1452,5,0,0,0,0,6950,0
207,5.81470,0.78010,3.61390,1.39980,0.02020,32,0,0,1454,5,0,0,0,0,7002,0
208,5.52500,0.60890,3.35970,1.53390,0.02200,14,0,0,1455,5,0,0,0,0,7064,0
209,5.68710,0.83300,3.37510,1.45080,0.02730,53,0,0,1457,5,0,0,0,0,7099,0
210,6.91160,1.25340,4.10750,1.52270,0.02710,130,0,0,1461,5,0,0,0,0,7180,0
211,10.78810,3.22180,5.76880,1.76870,0.02770,108,0,0,1466,5,0,0,0,0,7160,0
212,9.76330,0.55800,7.16930,2.02190,0.01330,0,0,0,1466,5,0,0,0,0,7193,0
213,7.71850,0.91510,5.11730,1.66640,0.01890,24,0,0,1468,5,0,0,0,0,7258,0
214,7.37950,0.92610,4.81130,1.61220,0.02920,74,0,0,1470,5,0,0,0,0,7360,0
215,7.29100,0.82290,4.71800,1.72920,0.02010,91,0,0,1472,5,0,0,0,0,7356,0
216,6.78430,1.04780,4.16820,1.54700,0.02070,102,0,0,1475,5,0,0,0,0,7354,0
217,7.02570,1.14680,4.31600,1.54370,0.01830,58,0,0,1479,5,0,0,0,0,7356,0
218,6.97210,1.00530,4.35790,1.58530,0.02270,36,0,0,1482,5,0,0,0,0,7475,0
219,6.69730,0.92430,4.09690,1.65570,0.01960,34,0,0,1484,5,0,0,0,0,7504,0
220,6.52310,0.67460,4.22270,1.60700,0.01810,19,0,0,1485,5,0,0,0,0,7565,0
221,6.39280,0.84710,3.92250,1.60410,0.01820,44,0,0,1487,5,0,0,0,0,7595,0
222,6.30940,0.55660,4.21700,1.51200,0.02310,0,0,0,1487,5,0,0,0,0,7670,0
223,7.01290,1.60040,3.79420,1.58150,0.03520,67,0,0,1492,5,0,0,0,0,7688,0
224,7.36560,1.00960,4.31520,2.01220,0.02760,68,0,0,1495,5,0,0,0,0,7815,0
225,6.38930,1.30610,3.50070,1.55240,0.02820,37,0,0,1498,5,0,0,0,0,7827,0
226,8.18250,2.75040,3.87680,1.53070,0.02360,70,0,0,1502,5,0,0,0,0,7885,0
227,5.98720,0.94260,3.53870,1.47890,0.02580,19,0,0,1504,5,0,0,0,0,7998,0
228,7.32880,2.13630,3.43920,1.72640,0.02530,124,0,0,1511,5,0,0,0,0,8049,0
229,5.95500,0.98560,3.39850,1.54560,0.02450,76,0,0,1514,5,0,0,0,0,8050,0
230,6.36860,1.38330,3.43530,1.52810,0.02100,75,0,0,1519,5,0,0,0,0,8117,0
231,6.28430,1.28430,3.47610,1.49910,0.02360,128,0,0,1524,5,0,0,0,0,8126,0
232,6.63700,1.67690,3.41890,1.52110,0.01920,95,0,0,1531,5,0,0,0,0,8069,0
233,5.75710,0.61090,3.50020,1.62050,0.02480,13,0,0,1532,5,0,0,0,0,8176,0
234,6.29450,1.29420,3.45920,1.52050,0.02000,102,0,0,1537,5,0,0,0,0,8159,0
235,5.60160,0.57110,3.44430,1.55000,0.03510,0,0,0,1537,5,0,0,0,0,8243,0
236,5.93200,1.04980,3.37440,1.48300,0.02430,56,0,0,1540,5,0,0,0,0,8250,0
237,5.65590,0.71110,3.44110,1.47670,0.02600,7,0,0,1541,5,0,0,0,0,8321,0
238,5.83760,0.81260,3.46540,1.53530,0.02360,32,0,0,1543,5,0,0,0,0,8360,0
239,6.48420,1.39640,3.47260,1.59300,0.02140,67,0,0,1548,5,0,0,0,0,8381,0
240,5.88290,0.76320,3.52850,1.56520,0.02510,22,0,0,1550,5,0,0,0,0,8477,0
241,10.79570,3.15810,5.38610,2.21860,0.03200,64,0,0,1554,5,0,0,0,0,8486,0
242,8.12050,1.18460,5.25830,1.65460,0.02220,44,0,0,1558,5,0,0,0,0,8539,0
243,8.51230,1.54140,5.26770,1.67520,0.02720,111,0,0,1564,5,0,0,0,0,8642,0
244,7.57700,1.45910,4.44370,1.65420,0.01940,124,0,0,1569,5,0,0,0,0,8614,0
245,7.35260,1.03770,4.58710,1.70250,0.02440,44,0,0,1572,5,0,0,0,0,8659,0
246,7.54580,1.39520,4.43770,1.69250,0.01960,141,0,0,1577,5,0,0,0,0,8681,0
247,7.24130,1.16170,4.35760,1.69930,0.02180,50,0,0,1581,5,0,0,0,0,8711,0
248,7.34130,1.15440,4.54250,1.62630,0.01750,48,0,0,1585,5,0,0,0,0,8724,0
249,7.14800,0.95400,4.43540,1.73560,0.02220,57,0,0,1588,5,0,0,0,0,8762,0
250,6.97210,1.06840,4.29920,1.58370,0.01990,50,0,0,1591,5,0,0,0,0,8713,0
251,7.18200,0.85700,4.46520,1.83040,0.02870,64,0,0,1593,5,0,0,0,0,8721,0
252,7.14930,0.91270,4.58680,1.62490,0.02390,41,0,0,1595,5,0,0,0,0,8810,0
253,7.30580,1.16380,4.40210,1.72050,0.01880,43,0,0,1598,5,0,1,1,0,8860,0
254,7.04300,1.09890,4.33310,1.58690,0.02340,100,0,0,1602,5,0,1,1,0,8842,0
255,6.51830,0.89580,3.98110,1.61490,0.02560,26,0,0,1604,5,0,1,1,0,8922,0
256,9.05150,3.08070,4.29270,1.65270,0.02430,63,0,0,1608,5,0,1,1,0,8912,0
257,6.54540,1.05700,3.88860,1.57560,0.02290,19,0,0,1610,5,0,1,1,0,8912,0
258,6.64500,1.15690,3.83820,1.62400,0.02490,32,0,0,1612,5,0,1,1,0,8988,0
259,7.56460,1.95570,3.97150,1.60810,0.02800,90,0,0,1618,5,0,1,1,0,8954,0
260,6.98930,1.35450,3.83520,1.77470,0.02390,33,0,0,1621,5,0,1,1,0,9006,0
261,6.83710,1.55270,3.60280,1.65370,0.02650,124,0,0,1625,5,0,1,1,0,9055,0
262,7.54710,2.31050,3.58020,1.62840,0.02670,125,0,0,1633,5,0,1,1,0,9024,0
263,6.71680,1.42010,3.66430,1.60750,0.02370,64,0,0,1637,5,0,1,1,0,8978,0
264,6.16020,1.10740,3.45610,1.57530,0.02070,63,0,0,1641,5,0,1,1,0,9102,0
265,6.18230,1.02720,3.55740,1.57430,0.02260,50,0,0,1644,5,0,1,1,0,9092,0
266,5.92730,0.78780,3.59220,1.52250,0.02400,66,0,0,1646,5,0,1,1,0,9107,0
267,6.66950,1.51900,3.59940,1.53130,0.01910,102,0,0,1652,5,0,1,1,0,9083,0
268,6.76840,1.27390,3.81810,1.65030,0.02530,64,0,0,1657,5,0,1,1,0,9078,0
269,6.15110,0.98970,3.64470,1.49140,0.02480,41,0,0,1660,5,0,1,1,0,9113,0
270,6.34920,1.15530,3.64110,1.53000,0.02210,46,0,0,1664,5,0,2,2,0,9189,0
271,8.24260,2.80700,3.82390,1.57760,0.03220,53,0,0,1667,5,0,2,2,0,9265,0
272,7.12460,1.46470,3.97370,1.66280,0.02210,52,0,0,1671,5,0,2,2,0,9229,0
273,7.36350,1.76130,4.01200,1.56380,0.02510,71,0,0,1677,5,0,2,2,0,9184,0
274,6.88840,1.64580,3.62400,1.58610,0.03170,73,0,0,1682,5,0,2,2,0,9247,0
275,6.79550,1.57380,3.63500,1.55280,0.03280,61,0,0,1687,5,0,2,2,0,9257,0
276,6.17610,0.88130,3.69570,1.56250,0.03540,21,0,0,1689,5,0,2,2,0,9285,0
277,6.71430,1.61510,3.59600,1.47210,0.02970,110,0,0,1694,5,0,2,2,0,9245,0
278,6.10860,1.05570,3.55300,1.47110,0.02810,56,0,0,1696,5,0,2,2,0,9279,0
279,6.80900,1.67260,3.54650,1.56670,0.02250,97,0,0,1703,5,0,2,2,0,9259,0
280,6.06680,1.16230,3.46870,1.41370,0.02130,77,0,0,1707,5,0,2,2,0,9329,0
281,6.11660,0.90220,3.59800,1.59010,0.02550,72,0,0,1709,5,0,2,2,0,9310,0
282,6.16440,0.98160,3.63750,1.51800,0.02610,39,0,0,1712,5,0,2,2,0,9343,0
283,6.70790,1.52740,3.63190,1.51660,0.03100,112,0,0,1718,5,0,2,2,0,9363,0
284,6.21660,1.14310,3.56770,1.47890,0.02600,32,0,0,1722,5,0,2,2,0,9341,0
285,6.12320,1.06920,3.56350,1.46300,0.02680,37,0,0,1726,5,0,2,2,0,9256,0
286,7.29350,2.24340,3.44920,1.57060,0.02930,44,0,0,1728,5,0,2,2,0,9218,0
287,6.38800,1.11830,3.66540,1.57450,0.02890,44,0,0,1732,5,0,2,2,0,9188,0
288,5.90440,0.87350,3.47570,1.52390,0.03050,25,0,0,1734,5,0,2,2,0,9179,0
289,6.13100,1.01320,3.55640,1.53430,0.02620,85,0,0,1737,5,0,2,2,0,9154,0
290,6.45320,1.43060,3.51960,1.47010,0.03210,77,0,0,1743,5,0,2,2,0,9144,0
291,6.03350,0.92520,3.57820,1.50480,0.02460,32,0,0,1746,5,0,2,2,0,9142,0
292,5.92140,0.92830,3.47420,1.49120,0.02710,45,0,0,1749,5,0,2,2,0,9149,0
293,6.30530,0.73510,3.30740,2.23290,0.02910,20,0,0,1751,5,0,2,2,0,9084,0
294,5.83900,1.02820,3.31120,1.46780,0.03100,59,0,0,1755,5,0,2,2,0,9038,0
295,6.44500,1.30300,3.65530,1.45240,0.03340,86,0,0,1760,5,0,2,2,0,8976,0
296,6.00620,0.97630,3.49430,1.50610,0.02880,84,0,0,1763,5,0,2,2,0,8983,0
297,6.58020,1.44470,3.54660,1.55870,0.02950,77,0,0,1770,5,0,3,3,0,9018,0
298,5.37290,0.61830,3.28500,1.44320,0.02590,12,0,0,1771,5,0,3,3,0,9067,0
299,6.54210,1.53560,3.53810,1.44450,0.02300,104,0,0,1777,5,0,3,3,0,9054,0
300,5.97830,0.85370,3.59080,1.50910,0.02400,27,0,0,1780,5,0,3,3,0,9106,0
301,11.28080,3.35610,6.15990,1.74130,0.02200,48,0,0,1784,5,0,3,3,0,9059,0
302,7.91390,1.33100,4.82300,1.72070,0.03820,64,0,0,1788,5,0,4,4,0,9103,0
303,8.22790,0.84770,5.47800,1.87050,0.03090,23,0,0,1790,5,0,4,4,0,9068,0
304,7.65780,1.23230,4.68270,1.71640,0.02560,92,0,0,1794,5,0,4,4,0,9063,0
305,7.44440,0.98010,4.75110,1.68640,0.02600,34,0,0,1797,5,0,6,6,0,9041,0
306,7.93380,1.47950,4.65990,1.77360,0.02020,80,0,0,1803,5,0,6,6,0,8950,0
307,7.72990,1.54730,4.58660,1.57680,0.01830,121,0,0,1809,5,0,6,6,0,8972,0
308,7.42760,1.42650,4.32750,1.65150,0.02140,94,0,0,1815,5,0,6,6,0,8849,0
309,6.87980,0.82490,4.37550,1.66040,0.01840,61,0,0,1817,5,0,6,6,0,8836,0
310,7.67520,1.64330,4.41020,1.60250,0.01830,106,0,0,1823,5,0,6,6,0,8807,0
311,6.95950,0.81120,4.60070,1.51970,0.02640,76,0,0,1825,5,0,7,7,0,8803,0
312,7.44020,1.72410,4.15360,1.54480,0.01700,85,0,0,1833,5,0,7,7,0,8848,0
313,6.45840,0.92320,3.92230,1.59090,0.02120,31,0,0,1836,5,0,7,7,0,8800,0
314,7.20090,1.10440,4.42450,1.65100,0.02020,55,0,0,1840,5,0,7,7,0,8811,0
315,6.68890,0.76870,4.33270,1.56720,0.01860,24,0,0,1842,5,0,7,7,0,8762,0
316,7.98950,2.20030,4.22540,1.52970,0.03310,18,0,0,1844,5,0,7,7,0,8735,0
317,6.16090,1.02510,3.63800,1.45720,0.03950,20,0,0,1846,5,0,7,7,0,8749,0
318,5.54390,0.66710,3.40040,1.45100,0.02450,8,0,0,1847,5,0,7,7,0,8701,0
319,5.88180,0.74470,3.60540,1.50320,0.02770,20,0,0,1848,5,0,7,7,0,8616,0
320,6.73060,1.69190,3.52030,1.49340,0.02410,34,0,0,1852,5,0,8,8,0,8544,0
321,6.37840,1.25440,3.52430,1.51330,0.08540,55,0,0,1856,5,0,8,8,0,8535,0
322,6.71350,1.59600,3.58490,1.50500,0.02680,98,0,0,1863,5,0,8,7,0,8555,0
323,5.83180,0.85320,3.40730,1.54210,0.02830,38,0,0,1866,5,0,9,8,0,8547,0
324,5.81120,0.78700,3.48760,1.51380,0.02190,43,0,0,1868,5,0,9,8,0,8567,0
325,5.91240,1.12730,3.32230,1.43930,0.02290,70,0,0,1872,5,0,9,8,0,8470,0
326,5.81220,1.06100,3.33140,1.39810,0.02080,42,0,0,1876,5,0,9,8,0,8414,0
327,6.31500,1.37720,3.48910,1.42540,0.02250,79,0,0,1882,5,0,9,8,0,8421,0
328,5.57100,0.73950,3.37200,1.43470,0.02420,21,0,0,1884,5,0,9,8,0,8324,0
329,5.80660,0.95110,3.25880,1.57180,0.02410,37,0,0,1887,5,0,9,8,0,8346,0
330,5.80950,0.98690,3.34710,1.45350,0.02130,35,0,0,1891,5,0,9,8,0,8352,0
331,10.01980,2.95950,5.41260,1.62410,0.02240,53,0,0,1895,5,0,10,9,0,8377,0
332,8.07310,1.14360,5.38480,1.52010,0.02380,31,0,0,1899,5,0,10,8,0,8333,0
333,7.44230,0.45610,5.27560,1.69230,0.01750,0,0,0,1899,5,0,10,8,0,8353,0
334,7.63840,1.28870,4.58250,1.73830,0.02800,45,0,0,1903,5,0,11,9,0,8341,0
335,7.58820,1.34000,4.62150,1.60140,0.02460,80,0,0,1908,5,0,11,9,0,8276,0
336,7.47610,1.62380,4.30740,1.52630,0.01790,86,0,0,1915,5,0,11,9,0,8249,0
337,6.35070,0.75230,3.99820,1.57420,0.02510,16,0,0,1917,5,0,14,12,0,8323,0
338,7.01020,1.28150,4.13700,1.56640,0.02460,48,0,0,1922,5,0,15,13,0,8308,0
339,6.49710,0.72970,4.29800,1.45090,0.01760,9,0,0,1923,5,0,16,14,0,8201,0
340,6.32960,0.73430,4.10570,1.47090,0.01810,17,0,0,1925,5,0,17,15,0,8126,0
341,7.00880,1.07950,4.28010,1.62080,0.02770,29,0,0,1929,5,0,18,16,0,8119,0
342,6.72850,1.04170,4.22500,1.43270,0.02830,39,0,0,1933,5,0,19,16,0,8044,0
343,6.64310,0.85200,4.27780,1.49230,0.02030,45,0,0,1935,5,0,19,15,0,7985,0
344,6.95570,1.21280,4.19220,1.52750,0.02240,41,0,0,1939,5,0,21,18,0,7883,0
345,7.05190,1.46390,4.16160,1.40670,0.01900,93,0,0,1945,5,0,21,18,0,7829,0
346,8.03240,2.60090,3.99800,1.40940,0.02320,56,0,0,1949,5,0,22,19,0,7835,0
347,6.51960,0.89100,4.09210,1.51750,0.01820,28,0,0,1952,5,0,22,19,0,7814,0
348,6.72380,0.99290,4.21590,1.48760,0.02680,40,0,0,1955,5,0,23,20,0,7710,0
349,6.46430,0.86790,4.07710,1.49270,0.02580,19,0,0,1957,5,0,26,23,0,7711,0
350,6.28060,1.01320,3.82530,1.42250,0.01860,40,0,0,1960,5,0,27,24,0,7674,0
351,6.52120,1.39650,3.70980,1.39100,0.02320,69,0,0,1966,5,0,27,23,0,7648,0
352,6.04680,0.90770,3.63560,1.48090,0.02190,28,0,0,1969,5,0,27,21,0,7621,0
353,5.98950,1.27470,3.27230,1.41790,0.02380,66,0,0,1974,5,0,28,23,0,7573,0
354,6.09760,0.56770,4.12200,1.38270,0.02400,8,0,0,1975,5,0,30,26,0,7471,0
355,5.32820,0.57450,3.26990,1.45900,0.02400,5,0,0,1976,5,0,30,26,0,7426,0
356,5.62660,0.88150,3.27370,1.44310,0.02750,34,0,0,1979,5,0,31,27,0,7418,0
357,5.72290,0.90230,3.30730,1.48500,0.02760,33,0,0,1982,5,0,31,26,0,7399,0
358,5.54410,0.63300,3.40680,1.47980,0.02380,8,0,0,1983,5,0,32,26,0,7377,0
359,5.24750,0.63740,3.11790,1.46370,0.02760,14,0,0,1984,5,0,32,26,0,7328,0
360,6.59250,1.56550,3.56530,1.40150,0.05930,87,0,0,1990,5,0,32,27,0,7281,0
361,8.92250,3.56280,3.83710,1.49320,0.02780,83,0,0,1998,5,0,33,28,0,7312,0
362,7.73190,1.31090,4.87730,1.52070,0.02230,43,0,0,2003,5,0,34,28,0,7323,0
363,7.10240,0.81160,4.87020,1.39070,0.02900,23,0,0,2005,5,0,34,28,0,7238,0
364,8.93110,1.22610,6.28920,1.38930,0.02570,53,0,0,2009,5,0,36,30,0,7171,0
365,6.22710,0.72320,3.95910,1.50810,0.03610,26,0,0,2011,5,0,37,31,0,7194,0
366,6.62600,1.39480,3.72440,1.47720,0.02880,61,0,0,2017,5,0,38,31,0,7144,0
367,6.39660,1.05600,3.78440,1.52890,0.02650,30,0,0,2020,5,0,39,32,0,7139,0
368,7.09250,1.43040,3.88510,1.74760,0.02870,73,0,0,2026,5,0,40,33,0,7080,0
369,6.18290,0.47950,3.77750,1.89600,0.02910,0,0,0,2026,5,0,40,33,0,7056,0
370,5.84800,0.76920,3.70110,1.35730,0.01960,21,0,0,2028,5,0,41,34,0,7028,0
371,6.41590,1.08830,3.92400,1.35770,0.04500,44,0,0,2032,5,0,41,34,0,6991,0
372,6.10510,1.25110,3.52180,1.31200,0.01960,53,0,0,2037,5,0,43,36,0,6915,0
373,5.39190,0.58180,3.41030,1.37600,0.02290,10,0,0,2038,5,0,44,37,0,6839,0
374,5.74990,0.74950,3.63770,1.33860,0.02320,27,0,0,2040,5,0,45,37,0,6836,0
375,6.67800,1.60720,3.65130,1.39720,0.02150,105,0,0,2047,5,0,46,37,0,6839,0
376,7.24860,2.36390,3.50900,1.35640,0.01870,48,0,0,2050,5,0,48,40,0,6828,0
377,5.59600,0.69940,3.47830,1.38800,0.02960,17,0,0,2052,5,0,48,40,0,6712,0
378,6.26640,0.76430,4.10280,1.37360,0.02480,22,0,0,2054,5,0,50,41,0,6696,0
379,6.02150,0.87190,3.60100,1.51870,0.02910,33,0,0,2057,5,0,50,41,0,6694,0
380,5.43550,0.61500,3.42490,1.37100,0.02390,11,0,0,2058,5,0,52,43,0,6636,0
381,6.39840,1.51410,3.39940,1.45930,0.02480,74,0,0,2064,5,0,52,43,0,6576,0
382,5.16750,0.76030,3.10260,1.27970,0.02410,33,0,0,2066,5,0,52,42,0,6529,0
383,6.68740,1.23590,4.15080,1.27640,0.02350,84,0,0,2071,5,0,52,42,0,6497,0
384,6.45340,0.55740,4.52290,1.35220,0.02010,10,0,0,2072,5,0,55,44,0,6505,0
385,5.04440,0.74520,3.02650,1.24920,0.02260,22,0,0,2074,5,0,55,45,0,6446,0
386,5.48030,1.19150,2.96550,1.29880,0.02390,60,0,0,2079,5,0,57,47,0,6398,0
387,5.12600,0.78890,3.00250,1.30880,0.02490,19,0,0,2081,5,0,59,50,0,6405,0
388,5.64980,1.19820,3.15450,1.26400,0.03150,65,0,0,2086,5,0,60,50,0,6379,0
389,4.66660,0.41510,2.96640,1.26120,0.02330,0,0,0,2086,5,0,61,51,0,6274,0
390,4.93930,0.54920,3.02250,1.34430,0.02240,6,0,0,2087,5,0,61,51,0,6182,0
391,9.05000,2.71660,4.81510,1.47970,0.03760,25,0,0,2089,5,0,62,53,0,6112,0
392,6.97870,0.92210,4.64180,1.38250,0.03140,18,0,0,2091,5,0,63,54,0,6113,0
393,6.33570,0.87270,3.96420,1.47020,0.02760,16,0,0,2093,5,0,63,55,0,6075,0
394,7.50130,1.21140,4.75400,1.51370,0.02140,39,0,0,2098,5,0,64,56,0,6072,0
395,6.09230,0.62060,3.97040,1.47790,0.02250,4,0,0,2099,5,0,65,58,0,6037,0
396,6.19820,0.60500,4.09230,1.47670,0.02360,15,0,0,2100,5,0,67,60,0,5985,0
397,6.51660,0.58260,4.62530,1.28740,0.02050,8,0,0,2101,5,0,67,60,0,6055,0
398,5.50490,0.46380,3.63010,1.38820,0.02210,0,0,0,2101,5,0,68,60,0,6001,0
399,6.02590,0.83170,3.69050,1.47960,0.02330,14,0,0,2103,5,0,72,63,0,5976,0
400,6.12060,0.90630,3.87860,1.31560,0.01940,24,0,0,2106,5,0,74,64,0,5940,0
401,7.16520,1.19070,4.47120,1.47400,0.02840,75,0,0,2110,5,0,76,66,0,5905,0
402,5.35510,0.57250,3.35950,1.39900,0.02340,5,0,0,2111,5,0,76,65,0,5887,0
403,6.48530,1.78490,3.36500,1.31050,0.02410,96,0,0,2119,5,0,77,66,0,5839,0
404,5.97450,0.63660,3.61660,1.69730,0.02340,11,0,0,2120,5,0,80,68,0,5779,0
405,5.36220,0.57970,3.43410,1.32750,0.02020,6,0,0,2121,5,0,81,67,0,5765,0
406,7.28390,2.53890,3.44500,1.27690,0.02210,48,0,0,2125,5,0,82,70,0,5749,0
407,6.30060,0.93720,3.52640,1.80990,0.02640,38,0,0,2128,5,0,85,71,0,5669,0
408,5.71710,0.90540,3.42920,1.34820,0.03360,20,0,0,2131,5,0,86,72,0,5576,0
409,6.67730,0.94300,4.28200,1.42770,0.02390,50,0,0,2134,5,0,89,76,0,5545,0
410,5.25600,0.73330,3.17910,1.32140,0.02140,41,0,0,2136,5,0,91,77,0,5530,0
411,6.24770,0.52860,4.29970,1.39620,0.02240,6,0,0,2137,5,0,92,76,0,5451,0
412,4.53030,0.39000,2.90330,1.21080,0.02520,0,0,0,2137,5,0,93,73,0,5373,0
413,4.89570,0.74330,2.85070,1.27530,0.02540,13,0,0,2138,5,0,97,79,0,5331,0
414,5.01520,0.67550,3.04040,1.27260,0.02570,4,0,0,2139,5,0,98,79,0,5296,0
415,5.19020,0.95860,3.01390,1.19250,0.02430,14,0,0,2141,5,0,99,81,0,5279,0
416,5.79690,1.70690,2.81780,1.24400,0.02680,78,0,0,2147,5,0,100,80,0,5266,0
417,5.73250,0.97950,3.37780,1.35110,0.02320,25,0,0,2150,5,0,103,78,0,5255,0
418,5.04070,0.99750,2.83220,1.18550,0.02480,37,0,0,2154,5,0,104,82,0,5182,0
419,5.19590,0.54940,3.30330,1.31440,0.02810,6,0,0,2155,5,0,105,88,0,5143,0
420,4.73960,0.43080,3.05070,1.22760,0.02980,0,0,0,2155,5,0,107,88,0,5152,0
421,10.42500,2.52630,6.45530,1.42190,0.02040,21,0,0,2157,5,0,109,88,0,5155,0
422,6.48950,0.57570,4.48120,1.40590,0.02580,0,0,0,2157,5,0,111,88,0,5084,0
423,8.07430,0.92450,5.82950,1.30170,0.01770,23,0,0,2159,5,0,113,90,0,5025,0
424,8.74460,0.86310,6.40630,1.45610,0.01820,37,0,0,2161,5,0,117,96,0,4996,0
425,6.64080,0.82340,4.39810,1.37860,0.04000,16,0,0,2163,5,0,119,98,0,4945,0
426,6.18230,1.13940,3.68120,1.33540,0.02560,43,0,0,2167,5,0,120,97,0,4876,0
427,5.77780,0.74770,3.77100,1.23800,0.02050,13,0,0,2169,5,0,124,100,0,4892,0
428,6.30280,0.62060,4.39920,1.26390,0.01860,13,0,0,2170,5,0,125,103,0,4835,0
429,6.27890,1.24720,3.68220,1.32440,0.02440,40,0,0,2175,5,0,127,101,0,4731,0
430,6.17010,0.72110,3.37410,2.05120,0.02310,7,0,0,2176,5,0,130,102,0,4722,0
431,6.04040,1.09520,3.66670,1.25900,0.01870,35,0,0,2180,5,0,130,103,0,4732,0
432,5.59950,0.61230,3.68500,1.27770,0.02370,8,0,0,2181,5,0,137,106,0,4744,0
433,6.44710,1.05110,4.05300,1.31230,0.02990,29,0,0,2184,5,0,141,110,0,4705,0
434,4.89120,0.42760,3.21800,1.22770,0.01700,0,0,0,2184,5,0,144,115,0,4676,0
435,4.92950,0.59860,3.15250,1.15470,0.02290,6,0,0,2185,5,0,145,114,0,4652,0
436,6.90950,2.01970,3.57320,1.29800,0.01790,0,0,0,2185,5,0,148,115,0,4614,0
437,4.60880,0.35210,3.15160,1.07730,0.02710,0,0,0,2185,5,0,148,117,0,4562,0
438,5.24850,0.96220,3.15560,1.11110,0.01890,32,0,0,2188,5,0,150,119,0,4564,0
439,5.39330,0.98830,3.19940,1.18550,0.01940,44,0,0,2192,5,0,151,119,0,4535,0
440,4.78130,0.44710,3.12310,1.19180,0.01860,0,0,0,2192,5,0,153,120,0,4478,0
441,5.29000,0.98590,3.11390,1.17050,0.01890,20,0,0,2195,5,0,156,124,0,4415,0
442,4.75340,0.45410,3.09760,1.18180,0.01920,0,0,0,2195,5,0,161,128,0,4347,0
443,4.83250,0.60980,3.11290,1.08610,0.02310,11,0,0,2196,5,0,161,133,0,4337,0
444,5.30930,1.08330,3.02900,1.17400,0.02240,34,0,0,2200,5,0,164,133,0,4360,0
445,5.72580,0.54290,4.05580,1.10660,0.01980,5,0,0,2201,5,0,166,138,0,4336,0
446,4.98690,0.71680,3.12330,1.12240,0.02340,14,0,0,2203,5,0,169,138,0,4273,0
447,4.68810,0.54960,3.03360,1.07820,0.02580,8,0,0,2204,5,0,173,142,0,4232,0
448,4.85560,0.61390,3.03070,1.18900,0.02130,10,0,0,2205,5,0,174,143,0,4177,0
449,4.67620,0.42890,3.03390,1.19220,0.02040,0,0,0,2205,5,0,175,142,0,4174,0
450,4.54600,0.41920,2.92820,1.17680,0.02110,0,0,0,2205,5,0,177,143,0,4137,0
451,9.45590,2.30850,5.91840,1.20510,0.02170,24,0,0,2206,5,0,177,143,0,4150,0
452,6.57760,0.74360,4.60490,1.20120,0.02690,9,0,0,2207,5,0,177,147,0,4128,0
453,6.60340,0.82460,4.52430,1.23330,0.02020,11,0,0,2208,5,0,179,147,0,4078,0
454,6.78910,1.35000,4.21370,1.20690,0.01750,49,0,0,2212,5,0,179,150,0,4026,0
455,5.48410,0.74370,3.50440,1.20670,0.02830,11,0,0,2213,5,0,179,147,0,4001,0
456,5.55960,0.71700,3.62320,1.19570,0.02290,5,0,0,2214,5,0,183,153,0,3976,0
457,5.68060,0.50640,3.58360,1.56300,0.02690,0,0,0,2214,5,0,190,158,0,3932,0
458,5.07420,0.75540,3.07370,1.21450,0.02920,8,0,0,2215,5,0,195,161,0,3908,0
459,5.64440,1.12910,3.36460,1.13040,0.01930,17,0,0,2217,5,0,196,163,0,3908,0
460,6.11390,1.37730,3.62310,1.09300,0.01890,29,0,0,2220,5,0,196,163,0,3870,0
461,5.29410,1.11800,3.07310,1.08150,0.02080,28,0,0,2222,5,0,202,169,0,3827,0
462,5.08970,0.89500,3.05590,1.11210,0.02580,15,0,0,2224,5,0,205,167,0,3830,0
463,4.73350,0.57430,3.02420,1.11320,0.02090,3,0,0,2225,5,0,210,166,0,3822,0
464,5.46000,0.41110,3.92290,1.07050,0.05490,0,0,0,2225,5,0,214,171,0,3796,0
465,4.77020,0.77370,2.91340,1.05170,0.03060,5,0,0,2227,5,0,218,176,0,3712,0
466,6.57260,2.11100,3.15510,1.27980,0.02590,12,0,0,2228,5,0,224,181,0,3715,0
467,5.78210,0.54630,3.87920,1.33130,0.02450,4,0,0,2229,5,0,232,188,0,3700,0
468,5.99570,0.77150,4.06140,1.13330,0.02860,15,0,0,2231,5,0,234,186,0,3659,0
469,4.59840,0.73510,2.73440,1.10410,0.02410,10,0,0,2233,5,0,238,190,0,3607,0
470,4.16720,0.40280,2.67910,1.06210,0.02230,0,0,0,2233,5,0,243,195,0,3577,0
471,4.11340,0.39110,2.68760,1.01130,0.02270,0,0,0,2233,5,0,244,196,0,3548,0
472,4.83540,0.76070,2.94090,1.09450,0.03840,14,0,0,2235,5,0,245,194,0,3537,0
473,4.23890,0.38420,2.71730,1.11460,0.02200,0,0,0,2235,5,0,246,196,0,3497,0
474,4.46970,0.77190,2.63400,1.04040,0.02280,16,0,0,2237,5,0,249,199,0,3488,0
475,5.06680,1.05620,2.86030,1.12460,0.02480,32,0,0,2241,5,0,251,206,0,3498,0
476,4.77440,0.75190,2.91000,1.08800,0.02360,39,0,0,2243,5,0,251,206,0,3442,0
477,4.27270,0.42550,2.66170,1.14190,0.04260,0,0,0,2243,5,0,254,210,0,3429,0
478,4.31840,0.58170,2.63920,1.07220,0.02440,6,0,0,2244,5,0,258,209,0,3458,0
479,4.48400,0.74460,2.65560,1.05990,0.02310,13,0,0,2246,5,0,263,221,0,3420,0
480,4.25120,0.52580,2.65860,1.04660,0.01950,3,0,0,2247,5,0,266,221,0,3377,0
481,8.29630,2.23990,4.86710,1.16120,0.02680,13,0,0,2248,5,0,267,222,0,3343,0
482,8.76480,1.34040,5.96150,1.43040,0.03160,25,0,0,2251,5,0,271,225,0,3315,0
483,6.84620,0.45650,5.11270,1.25050,0.02570,0,0,0,2251,5,0,276,230,0,3265,0
484,4.92600,0.61010,3.12840,1.16090,0.02590,8,0,0,2252,5,0,281,241,0,3258,0
485,5.73110,0.73360,3.42680,1.54070,0.02920,13,0,0,2254,5,0,282,237,0,3242,0
486,4.90410,0.61550,3.18380,1.08240,0.02160,7,0,0,2255,5,0,286,238,0,3225,0
487,5.08680,0.67420,3.32110,1.06770,0.02300,27,0,0,2256,5,0,289,242,0,3226,0
488,4.57920,0.56760,2.92070,1.07160,0.01860,2,0,0,2257,5,0,293,252,0,3222,0
489,4.33320,0.39350,2.89680,0.98480,0.05710,0,0,0,2257,5,0,299,255,0,3156,0
490,5.15520,1.05190,2.99480,1.08380,0.02390,18,0,0,2260,5,0,300,253,0,3114,0
491,4.81920,0.74750,2.97190,1.07550,0.02360,39,0,0,2262,5,0,303,255,0,3087,0
492,4.08780,0.39780,2.61970,1.03750,0.03220,0,0,0,2262,5,0,303,255,0,3065,0
493,4.07150,0.41300,2.66460,0.97240,0.02060,0,0,0,2262,5,0,306,255,0,3040,0
494,4.39980,0.58710,2.73110,1.05470,0.02630,5,0,0,2263,5,0,309,256,0,3040,0
495,4.18760,0.39340,2.70740,1.06510,0.02120,0,0,0,2263,5,0,311,263,0,2983,0
496,4.77920,0.91290,2.78390,1.05230,0.02920,0,0,0,2263,5,0,314,265,0,2974,0
497,4.57630,0.91940,2.65060,0.97540,0.03010,11,0,0,2265,5,0,316,266,0,2937,0
498,4.66990,0.42350,3.13800,1.08350,0.02380,0,0,0,2265,5,0,321,265,0,2882,0
499,4.36350,0.63490,2.66710,1.03900,0.02190,6,0,0,2266,5,0,325,272,0,2858,0
500,4.47200,0.61950,2.75820,1.07000,0.02370,5,0,0,2267,5,0,329,276,0,2855,0
501,4.12830,0.40990,2.62590,1.06840,0.02320,0,0,0,2267,5,0,331,277,0,2871,0
502,4.83080,0.64550,3.06850,1.09190,0.02410,11,0,0,2268,5,0,334,277,0,2888,0
503,4.17620,0.66290,2.53740,0.94470,0.03050,27,0,0,2269,5,0,337,280,0,2860,0
504,4.23000,0.71480,2.55160,0.93800,0.02470,11,0,0,2271,5,0,338,279,0,2863,0
505,4.01740,0.52270,2.46710,0.99720,0.02960,5,0,0,2272,5,0,342,288,0,2865,0
506,4.40090,0.56960,2.78930,1.01730,0.02400,6,0,0,2273,5,0,347,292,0,2863,0
507,4.21690,0.74000,2.50380,0.94760,0.02490,18,0,0,2275,5,0,349,297,0,2877,0
508,4.15990,0.60040,2.51080,1.02300,0.02490,5,0,0,2276,5,0,353,299,0,2853,0
509,4.04930,0.68470,2.41720,0.92010,0.02650,16,0,0,2278,5,0,356,297,0,2834,0
510,3.78830,0.38870,2.39820,0.97310,0.02770,0,0,0,2278,5,0,358,301,0,2787,0
511,9.36460,2.70340,5.54660,1.08960,0.02360,16,0,0,2279,5,0,366,310,0,2748,0
512,7.96730,1.05830,5.59820,1.28530,0.02470,12,0,0,2281,5,0,366,310,0,2707,0
513,5.77250,0.43970,4.27070,1.04180,0.01950,0,0,0,2281,5,0,368,314,0,2700,0
514,5.33110,0.69550,3.59890,1.00670,0.02900,4,0,0,2282,5,0,377,323,0,2655,0
515,5.94360,0.80770,3.99080,1.12170,0.02250,5,0,0,2283,5,0,382,326,0,2615,0
516,5.76640,0.42970,4.22500,1.08640,0.02450,0,0,0,2283,5,0,383,329,0,2633,0
517,5.54050,0.46060,3.69010,1.36910,0.01990,0,0,0,2283,5,0,385,330,0,2642,0
518,5.17100,0.43670,3.41880,1.29650,0.01830,0,0,0,2283,5,0,390,338,0,2615,0
519,4.39530,0.42210,2.98120,0.97240,0.01900,0,0,0,2283,5,0,395,340,0,2607,0
520,5.06080,0.70900,3.29510,1.03740,0.01870,3,0,0,2284,5,0,400,346,0,2579,0
521,4.96010,0.85270,3.04390,1.04480,0.01790,11,0,0,2286,5,0,402,354,0,2582,0
522,4.49050,0.54990,2.95660,0.96460,0.01900,6,0,0,2287,5,0,404,354,0,2555,0
523,4.29840,0.43700,2.91470,0.92890,0.01710,0,0,0,2287,5,0,407,359,0,2535,0
524,5.30070,0.57790,3.73280,0.96890,0.02050,6,0,0,2288,5,0,410,364,0,2525,0
525,4.87820,0.88250,3.00000,0.97040,0.02440,25,0,0,2291,5,0,412,368,0,2499,0
526,6.08320,1.98040,3.14100,0.94210,0.01900,16,0,0,2292,5,0,416,375,0,2489,0
527,4.70360,0.81930,2.87080,0.99460,0.01820,11,0,0,2294,5,0,419,377,0,2497,0
528,4.33520,0.43230,2.87240,1.01240,0.01750,0,0,0,2294,5,0,425,384,0,2499,0
529,4.38100,0.59920,2.78340,0.97690,0.02070,5,0,0,2295,5,0,428,386,0,2495,0
530,6.14760,0.78940,4.37080,0.96850,0.01830,9,0,0,2297,5,0,431,388,0,2473,0
531,4.44100,0.54830,2.85710,1.01590,0.01880,6,0,0,2298,5,0,432,389,0,2425,0
532,4.62290,0.72790,2.88740,0.98780,0.01900,27,0,0,2300,5,0,434,389,0,2428,0
533,5.58470,0.42660,4.11930,1.01570,0.02240,0,0,0,2300,5,0,438,392,0,2422,0
534,4.09020,0.40900,2.72270,0.93830,0.01940,0,0,0,2300,5,0,441,397,0,2386,0
535,5.69830,0.53900,4.07440,1.04940,0.03450,3,0,0,2301,5,0,443,400,0,2370,0
536,4.71600,0.49590,3.11050,1.08640,0.02190,0,0,0,2301,5,0,444,404,0,2361,0
537,5.95600,0.73050,4.06070,1.12090,0.04300,4,0,0,2302,5,0,447,405,0,2345,0
538,4.42270,0.41580,2.99170,0.97540,0.03890,0,0,0,2302,5,0,456,413,0,2324,0
539,4.02800,0.40380,2.66410,0.93640,0.02300,0,0,0,2302,5,0,458,417,0,2340,0
540,4.21240,0.63930,2.58190,0.97150,0.01900,5,0,0,2303,5,0,460,413,0,2334,0
541,6.33510,2.31250,2.98080,1.01240,0.02750,6,0,0,2304,5,0,464,419,0,2344,0
542,4.42380,0.81480,2.60600,0.96990,0.03190,6,0,0,2305,5,0,473,425,0,2359,0
543,4.30820,0.42240,2.80900,1.04590,0.03030,0,0,0,2305,5,0,476,429,0,2385,0
544,5.49850,0.69460,3.83910,0.93560,0.02870,5,0,0,2306,5,0,479,432,0,2375,0
545,5.12660,1.41740,2.76650,0.91380,0.02790,41,0,0,2310,5,0,483,434,0,2368,0
546,3.93430,0.38090,2.62520,0.89940,0.02820,0,0,0,2310,5,0,484,432,0,2357,0
547,4.35440,1.00950,2.36240,0.94820,0.03310,28,0,0,2312,5,0,486,436,0,2345,0
548,4.17290,0.64980,2.52090,0.97570,0.02570,7,0,0,2313,5,0,487,433,0,2317,0
549,4.07230,0.62650,2.52640,0.88880,0.02980,6,0,0,2314,5,0,492,441,0,2303,0
550,3.90180,0.58590,2.38930,0.89440,0.03130,4,0,0,2315,5,0,498,450,0,2292,0
551,3.69270,0.37280,2.39740,0.89140,0.03050,0,0,0,2315,5,0,499,450,0,2269,0
552,3.63680,0.41250,2.29860,0.89950,0.02530,0,0,0,2315,5,0,502,455,0,2265,0
553,3.87810,0.40750,2.41360,1.02760,0.02870,0,0,0,2315,5,0,510,463,0,2260,0
554,3.78700,0.40630,2.36130,0.98900,0.02950,0,0,0,2315,5,0,513,463,0,2246,0
555,3.73800,0.41320,2.40030,0.89620,0.02760,0,0,0,2315,5,0,517,468,0,2231,0
556,5.42400,1.99620,2.42760,0.97020,0.02940,0,0,0,2315,5,0,519,468,0,2222,0
557,4.31770,0.38860,2.96170,0.93490,0.03160,0,0,0,2315,5,0,519,467,0,2237,0
558,3.67480,0.33950,2.36840,0.93310,0.03310,0,0,0,2315,5,0,522,468,0,2257,0
559,3.57880,0.36700,2.27540,0.90300,0.03270,0,0,0,2315,5,0,528,480,0,2256,0
560,4.45640,1.27930,2.24970,0.88470,0.04180,26,0,0,2319,5,0,529,479,0,2250,0
561,3.74740,0.38410,2.41150,0.92420,0.02680,0,0,0,2319,5,0,532,481,0,2234,0
562,3.78390,0.46940,2.36570,0.91710,0.03090,6,0,0,2320,5,0,536,482,0,2236,0
563,3.95270,0.65390,2.33190,0.93610,0.03010,32,0,0,2322,5,0,537,486,0,2223,0
564,3.84610,0.61560,2.33240,0.86640,0.03090,11,0,0,2324,5,0,538,488,0,2238,0
565,3.83770,0.62170,2.23690,0.94430,0.03410,9,0,0,2326,5,0,540,489,0,2219,0
566,3.79110,0.37460,2.37840,1.00110,0.03610,0,0,0,2326,5,0,542,493,0,2224,0
567,3.85540,0.37020,2.35050,1.09980,0.03410,0,0,0,2326,5,0,548,500,0,2211,0
568,3.70490,0.37180,2.36080,0.94000,0.03160,0,0,0,2326,5,0,551,498,0,2197,0
569,3.75980,0.38570,2.39150,0.94980,0.03210,0,0,0,2326,5,0,555,505,0,2190,0
570,3.59670,0.36280,2.30390,0.90090,0.02840,0,0,0,2326,5,0,557,500,0,2183,0
571,5.96070,1.93050,3.10920,0.90070,0.01870,0,0,0,2326,5,0,562,508,0,2167,0
572,5.92790,0.62900,4.25860,1.01770,0.02180,6,0,0,2327,5,0,565,511,0,2166,0
573,4.67650,0.66410,2.95960,1.02190,0.03010,7,0,0,2328,5,0,568,512,0,2154,0
574,5.65470,0.64970,4.03990,0.94310,0.02100,6,0,0,2329,5,0,572,516,0,2156,0
575,4.96180,1.30040,2.76300,0.88030,0.01720,25,0,0,2333,5,0,577,518,0,2123,0
576,4.21820,0.46000,2.87620,0.85760,0.02360,0,0,0,2333,5,0,581,525,0,2083,0
577,4.02790,0.36590,2.75600,0.88180,0.02370,0,0,0,2333,5,0,583,533,0,2072,0
578,3.95190,0.31380,2.75210,0.86220,0.02320,0,0,0,2333,5,0,584,529,0,2059,0
579,4.54470,0.81830,2.76230,0.94150,0.02180,17,0,0,2335,5,0,585,528,0,2077,0
580,4.10960,0.58290,2.63380,0.87220,0.02000,28,0,0,2336,5,0,590,534,0,2068,0
581,4.17970,0.36630,2.92050,0.85930,0.03290,0,0,0,2336,5,0,593,540,0,2056,0
582,4.39950,0.52280,2.83830,1.00670,0.03060,6,0,0,2337,5,0,596,543,0,2069,0
583,4.34140,0.49680,2.91230,0.88430,0.04720,4,0,0,2338,5,0,599,546,0,2070,0
584,4.73160,0.55900,3.05610,1.08750,0.02810,11,0,0,2339,5,0,600,548,0,2067,0
585,3.90070,0.37390,2.65020,0.85530,0.02060,0,0,0,2339,5,0,603,551,0,2076,0
586,6.01880,2.13990,2.84030,1.00850,0.02920,4,0,0,2340,5,0,609,560,0,2080,0
587,4.14120,0.46510,2.71720,0.93150,0.02660,6,0,0,2341,5,0,611,559,0,2091,0
588,4.08960,0.52650,2.60780,0.91360,0.04090,8,0,0,2342,5,0,615,564,0,2097,0
589,4.19030,0.52110,2.66830,0.97590,0.02430,10,0,0,2343,5,0,619,565,0,2097,0
590,3.91950,0.49580,2.45070,0.95020,0.02200,7,0,0,2344,5,0,625,571,0,2085,0
591,3.87110,0.33630,2.64300,0.87070,0.02030,0,0,0,2344,5,0,629,578,0,2056,0
592,3.84650,0.32920,2.61810,0.86900,0.02950,0,0,0,2344,5,0,630,576,0,2055,0
593,3.85640,0.35750,2.56770,0.90670,0.02380,0,0,0,2344,5,0,630,574,0,2038,0
594,3.78570,0.36290,2.49440,0.90630,0.02140,0,0,0,2344,5,0,635,581,0,2032,0
595,4.28350,0.89670,2.48310,0.88070,0.02220,47,0,0,2347,5,0,638,582,0,2013,0
596,3.69840,0.34320,2.44650,0.87280,0.03500,0,0,0,2347,5,0,639,584,0,1991,0
597,4.50280,0.74430,2.75660,0.96710,0.03390,11,0,0,2349,5,0,642,589,0,2003,0
598,4.30630,0.34940,3.00830,0.92660,0.02110,0,0,0,2349,5,0,646,590,0,1999,0
599,3.90680,0.46500,2.56440,0.85380,0.02310,4,0,0,2350,5,0,650,589,0,1993,0
600,3.73170,0.33840,2.50440,0.86460,0.02350,0,0,0,2350,5,0,653,594,0,1993,0
601,6.65080,1.84160,3.86230,0.92410,0.02110,0,0,0,2350,5,0,655,600,0,1999,0
602,5.85230,0.59330,4.28850,0.95330,0.01620,6,0,0,2351,5,0,658,601,0,2000,0
603,5.09230,0.34650,3.79550,0.93330,0.01630,0,0,0,2351,5,0,660,607,0,2010,0
604,4.81940,0.64980,3.19660,0.95030,0.02190,10,0,0,2352,5,0,665,610,0,2004,0
605,5.13160,0.61870,3.63140,0.86230,0.01860,12,0,0,2353,5,0,666,613,0,1997,0
606,5.49910,0.82460,3.75620,0.89120,0.02630,17,0,0,2355,5,0,667,612,0,2002,0
607,4.72890,0.33970,3.16310,1.18520,0.04010,0,0,0,2355,5,0,672,623,0,1991,0
608,4.45010,0.37450,3.17390,0.88310,0.01790,0,0,0,2355,5,0,675,620,0,1977,0
609,4.59370,0.35440,3.24890,0.97000,0.01980,0,0,0,2355,5,0,678,631,0,1971,0
610,4.65880,0.55340,3.16130,0.92530,0.01800,13,0,0,2356,5,0,682,634,0,1950,0
611,4.64860,0.52100,3.23230,0.87770,0.01670,6,0,0,2357,5,0,685,636,0,1945,0
612,4.15150,0.37080,2.90840,0.85520,0.01630,0,0,0,2357,5,0,687,633,0,1942,0
613,4.30030,0.54820,2.88230,0.85340,0.01580,11,0,0,2358,5,0,688,635,0,1929,0
614,4.23270,0.34130,2.99720,0.87470,0.01870,0,0,0,2358,5,0,692,643,0,1930,0
615,4.28640,0.48930,2.84060,0.93670,0.01910,3,0,0,2359,5,0,695,644,0,1923,0
616,6.11810,2.08240,3.08390,0.93270,0.01820,3,0,0,2360,5,0,698,650,0,1933,0
617,4.00640,0.28960,2.85920,0.83560,0.02130,0,0,0,2360,5,0,701,650,0,1943,0
618,4.10330,0.48550,2.77420,0.82440,0.01840,6,0,0,2361,5,0,705,658,0,1949,0
619,4.32340,0.34280,3.10280,0.86070,0.01660,0,0,0,2361,5,0,705,654,0,1946,0
620,5.44160,0.54810,4.00810,0.86770,0.01690,12,0,0,2362,5,0,707,656,0,1948,0
621,4.05610,0.36490,2.76300,0.90890,0.01860,0,0,0,2362,5,0,710,656,0,1955,0
622,3.94470,0.33530,2.76740,0.82130,0.02010,0,0,0,2362,5,0,714,664,0,1956,0
623,4.18880,0.64870,2.71820,0.80270,0.01870,13,0,0,2364,5,0,717,670,0,1947,0
624,4.02560,0.44060,2.75120,0.81590,0.01720,6,0,0,2365,5,0,721,668,0,1944,0
625,4.18150,0.51810,2.72060,0.92390,0.01810,12,0,0,2366,5,0,723,675,0,1943,0
626,5.05580,0.30900,3.81680,0.91190,0.01720,0,0,0,2366,5,0,727,677,0,1928,0
627,3.85480,0.33780,2.66660,0.82780,0.02190,0,0,0,2366,5,0,729,675,0,1918,0
628,3.83700,0.30620,2.70450,0.80960,0.01610,0,0,0,2366,5,0,730,677,0,1918,0
629,5.18740,0.28520,4.01480,0.84730,0.03940,0,0,0,2366,5,0,733,681,0,1901,0
630,3.83660,0.31980,2.64090,0.85200,0.02300,0,0,0,2366,5,0,737,688,0,1880,0
631,5.48530,1.70540,2.92860,0.82920,0.02100,3,0,0,2367,5,0,740,692,0,1879,0
632,4.13790,0.35100,2.75420,1.00280,0.02890,0,0,0,2367,5,0,744,692,0,1870,0
633,3.61760,0.30240,2.46730,0.81760,0.02960,0,0,0,2367,5,0,748,701,0,1871,0
634,3.66100,0.34500,2.46090,0.82590,0.02860,0,0,0,2367,5,0,749,701,0,1882,0
635,3.71830,0.35420,2.50220,0.83470,0.02600,0,0,0,2367,5,0,751,705,0,1874,0
636,3.60670,0.32430,2.40470,0.85150,0.02550,0,0,0,2367,5,0,752,709,0,1876,0
637,3.76150,0.35320,2.40660,0.97160,0.02930,0,0,0,2367,5,0,757,711,0,1864,0
638,4.12890,0.65180,2.49520,0.95490,0.02610,7,0,0,2368,5,0,760,716,0,1853,0
639,3.99810,0.63180,2.37310,0.95150,0.04070,6,0,0,2369,5,0,761,723,0,1821,0
640,3.71310,0.35130,2.36280,0.97070,0.02770,0,0,0,2369,5,0,764,722,0,1822,0
641,3.67920,0.35360,2.48810,0.81250,0.02430,0,0,0,2369,5,0,768,724,0,1819,0
642,3.74770,0.31260,2.53340,0.87500,0.02590,0,0,0,2369,5,0,772,733,0,1817,0
643,3.84420,0.35270,2.52430,0.94030,0.02620,0,0,0,2369,5,0,774,733,0,1815,0
644,3.63840,0.34100,2.45590,0.80690,0.03390,0,0,0,2369,5,0,775,732,0,1809,0
645,3.59480,0.32960,2.45200,0.78940,0.02300,0,0,0,2369,5,0,778,734,0,1806,0
646,4.51030,1.29140,2.40850,0.77950,0.03010,0,0,0,2369,5,0,778,734,0,1796,0
647,3.58390,0.35950,2.40300,0.79590,0.02460,0,0,0,2369,5,0,781,737,0,1780,0
648,3.46340,0.31260,2.35010,0.77340,0.02660,0,0,0,2369,5,0,783,741,0,1769,0
649,3.55840,0.30960,2.42360,0.79830,0.02610,0,0,0,2369,5,0,784,740,0,1765,0
650,3.49850,0.34370,2.34900,0.77510,0.02980,0,0,0,2369,5,0,787,745,0,1746,0
651,3.45920,0.33340,2.32970,0.76970,0.02560,0,0,0,2369,5,0,787,747,0,1755,0
652,3.49110,0.34070,2.33890,0.78660,0.02430,0,0,0,2369,5,0,787,746,0,1756,0
653,3.57590,0.34780,2.34950,0.85370,0.02410,0,0,0,2369,5,0,792,749,0,1761,0
654,3.53000,0.35110,2.33470,0.81710,0.02650,0,0,0,2369,5,0,793,756,0,1766,0
655,3.86220,0.61640,2.32530,0.89430,0.02550,16,0,0,2370,5,0,798,755,0,1779,0
656,3.42550,0.36370,2.23390,0.80130,0.02610,0,0,0,2370,5,0,801,761,0,1758,0
657,3.45550,0.33150,2.32370,0.77260,0.02690,0,0,0,2370,5,0,802,761,0,1754,0
658,3.47800,0.37590,2.27950,0.79990,0.02200,0,0,0,2370,5,0,806,763,0,1760,0
659,3.87950,0.58080,2.35410,0.92210,0.02160,4,0,0,2371,5,0,808,766,0,1746,0
660,3.56090,0.33720,2.39310,0.80900,0.02090,0,0,0,2371,5,0,808,765,0,1747,0
661,5.38430,2.12910,2.43120,0.79540,0.02720,4,0,0,2372,5,0,812,772,0,1754,0
662,3.56140,0.32360,2.33280,0.87780,0.02650,0,0,0,2372,5,0,813,772,0,1747,0
663,3.61480,0.34420,2.27830,0.96520,0.02650,0,0,0,2372,5,0,814,776,0,1737,0
664,3.60710,0.32320,2.33140,0.92360,0.02780,0,0,0,2372,5,0,816,783,0,1732,0
665,3.40860,0.32430,2.24430,0.80920,0.02990,0,0,0,2372,5,0,823,789,0,1721,0
666,3.74460,0.35760,2.41570,0.94420,0.02620,0,0,0,2372,5,0,828,795,0,1716,0
667,3.44110,0.35820,2.28150,0.77840,0.02260,0,0,0,2372,5,0,831,801,0,1719,0
668,3.44900,0.30400,2.33060,0.78780,0.02590,0,0,0,2372,5,0,832,800,0,1718,0
669,3.48130,0.35170,2.32190,0.78010,0.02690,0,0,0,2372,5,0,834,807,0,1704,0
670,3.97180,0.94170,2.22560,0.77720,0.02640,23,0,0,2374,5,0,837,807,0,1696,0
671,3.40270,0.34320,2.28370,0.74890,0.02610,0,0,0,2374,5,0,840,812,0,1691,0
672,3.41140,0.33080,2.29100,0.76140,0.02750,0,0,0,2374,5,0,842,819,0,1694,0
673,3.48570,0.34760,2.18320,0.92420,0.03000,0,0,0,2374,5,0,843,817,0,1678,0
674,3.61120,0.52750,2.24360,0.80910,0.03020,4,0,0,2375,5,0,843,818,0,1679,0
675,3.51780,0.32860,2.21190,0.94270,0.03370,0,0,0,2375,5,0,844,819,0,1683,0
676,5.16900,2.08600,2.27640,0.77820,0.02780,12,0,0,2377,5,0,846,822,0,1680,0
677,3.42010,0.32310,2.29820,0.77580,0.02240,0,0,0,2377,5,0,846,822,0,1680,0
678,3.53720,0.31340,2.34160,0.85470,0.02690,0,0,0,2377,5,0,846,822,0,1679,0
679,4.32810,0.48170,2.87850,0.93110,0.03610,5,0,0,2378,5,0,847,824,0,1679,0
680,3.63430,0.32460,2.32760,0.94700,0.03440,0,0,0,2378,5,0,849,820,0,1678,0
681,3.79310,0.33730,2.53670,0.89190,0.02640,0,0,0,2378,5,0,851,825,0,1683,0
682,3.74370,0.33150,2.47530,0.90920,0.02700,0,0,0,2378,5,0,854,828,0,1683,0
683,3.38900,0.32710,2.24780,0.78510,0.02840,0,0,0,2378,5,0,855,828,0,1674,0
684,3.35900,0.32010,2.24310,0.76260,0.03260,0,0,0,2378,5,0,857,834,0,1688,0
685,3.72790,0.53660,2.31600,0.84900,0.02550,7,0,0,2379,5,0,858,833,0,1678,0
686,3.44500,0.31860,2.28220,0.82090,0.02280,0,0,0,2379,5,0,858,834,0,1684,0
687,3.31810,0.31510,2.21340,0.76720,0.02180,0,0,0,2379,5,0,859,832,0,1678,0
688,3.52530,0.30430,2.33300,0.86560,0.02150,0,0,0,2379,5,0,862,838,0,1677,0
689,3.48700,0.48110,2.21180,0.77150,0.02180,4,0,0,2380,5,0,864,837,0,1681,0
690,3.53560,0.32720,2.32480,0.86000,0.02280,0,0,0,2380,5,0,866,842,0,1675,0
691,8.27620,1.92820,5.39850,0.93090,0.01760,0,0,0,2380,5,0,866,841,0,1683,0
692,6.82110,0.26300,5.63210,0.90620,0.01900,0,0,0,2380,5,0,867,843,0,1683,0
693,5.38820,0.38640,4.12530,0.85450,0.02110,0,0,0,2380,5,0,869,844,0,1684,0
694,5.44670,0.28020,4.27920,0.86660,0.01990,0,0,0,2380,5,0,871,849,0,1671,0
695,5.51840,0.26160,4.29760,0.93490,0.02340,0,0,0,2380,5,0,873,850,0,1680,0
696,5.17170,0.26480,4.04490,0.84660,0.01490,0,0,0,2380,5,0,876,850,0,1676,0
697,5.19640,0.26480,4.05420,0.86220,0.01440,0,0,0,2380,5,0,876,850,0,1677,0
698,5.30870,0.49640,3.93420,0.86070,0.01660,7,0,0,2381,5,0,877,852,0,1681,0
699,4.81460,0.35750,3.55850,0.87640,0.02120,0,0,0,2381,5,0,879,857,0,1680,0
700,4.75970,0.27160,3.57420,0.88870,0.02450,0,0,0,2381,5,0,884,864,0,1680,0
701,4.91500,0.25950,3.78400,0.85220,0.01820,0,0,0,2381,5,0,886,864,0,1681,0
702,4.38390,0.42680,3.08390,0.85320,0.01910,0,0,0,2381,5,0,887,863,0,1672,0
703,4.81780,0.27070,3.62490,0.90140,0.01990,0,0,0,2381,5,0,888,862,0,1670,0
704,4.94700,0.49930,3.47490,0.94190,0.03010,4,0,0,2382,5,0,890,864,0,1666,0
705,4.33980,0.27770,3.08940,0.86620,0.10570,0,0,0,2382,5,0,893,871,0,1651,0
706,5.87340,1.97830,3.05490,0.81710,0.02230,0,0,0,2382,5,0,894,873,0,1644,0
707,4.16070,0.26430,3.00240,0.87060,0.02280,0,0,0,2382,5,0,897,873,0,1659,0
708,4.15190,0.27260,2.98180,0.87020,0.02650,0,0,0,2382,5,0,897,877,0,1653,0
709,4.22700,0.25360,3.06050,0.89490,0.01700,0,0,0,2382,5,0,898,876,0,1646,0
710,4.05850,0.26990,2.90340,0.86660,0.01800,0,0,0,2382,5,0,900,876,0,1636,0
711,5.04830,0.25880,3.95580,0.81550,0.01780,0,0,0,2382,5,0,901,877,0,1644,0
712,3.90560,0.22780,2.75630,0.90130,0.01940,0,0,0,2382,5,0,905,884,0,1642,0
713,4.23420,0.31940,2.95920,0.93750,0.01730,0,0,0,2382,5,0,905,885,0,1635,0
714,4.19980,0.26060,3.10870,0.81210,0.01790,0,0,0,2382,5,0,906,886,0,1639,0
715,3.97560,0.26100,2.86670,0.82500,0.02230,0,0,0,2382,5,0,907,888,0,1643,0
716,5.16370,0.27440,4.03800,0.83100,0.01830,0,0,0,2382,5,0,908,889,0,1642,0
717,3.96910,0.25910,2.88570,0.80630,0.01740,0,0,0,2382,5,0,908,888,0,1639,0
718,4.07990,0.28090,2.91310,0.86780,0.01740,0,0,0,2382,5,0,910,892,0,1638,0
719,4.13570,0.45220,2.83090,0.83210,0.01990,4,0,0,2383,5,0,911,893,0,1632,0
720,3.70070,0.26590,2.63750,0.75560,0.04110,0,0,0,2383,5,0,913,894,0,1625,0
721,6.83500,1.92830,4.01390,0.86040,0.03050,0,0,0,2383,5,0,915,898,0,1621,0
722,4.23840,0.28290,2.96930,0.96040,0.02500,0,0,0,2383,5,0,915,896,0,1626,0
723,4.25720,0.26380,3.01110,0.95710,0.02440,0,0,0,2383,5,0,917,897,0,1626,0
724,4.52570,0.26180,3.40200,0.83950,0.02140,0,0,0,2383,5,0,917,897,0,1622,0
725,4.28970,0.60080,2.87140,0.78560,0.03090,7,0,0,2384,5,0,919,899,0,1626,0
726,5.40800,0.26600,4.26240,0.84360,0.03490,0,0,0,2384,5,0,920,902,0,1628,0
727,3.72380,0.24250,2.62150,0.83840,0.02060,0,0,0,2384,5,0,920,903,0,1630,0
728,4.20900,0.25990,3.07400,0.85150,0.02270,0,0,0,2384,5,0,921,904,0,1625,0
729,3.85110,0.45230,2.61620,0.75880,0.02290,3,0,0,2385,5,0,922,903,0,1627,0
730,3.71700,0.25440,2.64180,0.79390,0.02620,0,0,0,2385,5,0,923,905,0,1621,0
731,3.91070,0.25320,2.72430,0.90450,0.02780,0,0,0,2385,5,0,925,910,0,1623,0
732,3.65290,0.25550,2.60640,0.76820,0.02200,0,0,0,2385,5,0,926,913,0,1622,0
733,4.30400,0.27030,3.20490,0.79870,0.02930,0,0,0,2385,5,0,927,913,0,1627,0
734,3.59890,0.21180,2.59030,0.77560,0.02050,0,0,0,2385,5,0,927,912,0,1632,0
735,4.90060,0.22430,3.82110,0.82590,0.02860,0,0,0,2385,5,0,928,912,0,1637,0
736,5.25590,1.90090,2.49300,0.83150,0.02980,0,0,0,2385,5,0,929,917,0,1637,0
737,3.76790,0.25350,2.66190,0.82860,0.02320,0,0,0,2385,5,0,929,916,0,1636,0
738,3.55870,0.25990,2.45400,0.81980,0.02430,0,0,0,2385,5,0,931,918,0,1631,0
739,3.53860,0.25660,2.45660,0.79670,0.02810,0,0,0,2385,5,0,934,921,0,1636,0
740,4.17930,0.23680,3.14240,0.77240,0.02680,0,0,0,2385,5,0,935,924,0,1645,0
741,3.51020,0.24840,2.36550,0.86950,0.02610,0,0,0,2385,5,0,936,924,0,1648,0
742,4.28710,0.24330,3.22360,0.79550,0.02400,0,0,0,2385,5,0,938,925,0,1643,0
743,3.69660,0.27320,2.54860,0.84610,0.02770,0,0,0,2385,5,0,941,929,0,1647,0
744,4.24520,0.25070,3.10930,0.85400,0.03040,0,0,0,2385,5,0,943,931,0,1640,0
745,3.49860,0.24790,2.44270,0.78260,0.02470,0,0,0,2385,5,0,944,933,0,1633,0
746,3.61020,0.26200,2.50680,0.81490,0.02580,0,0,0,2385,5,0,947,936,0,1632,0
747,3.41150,0.25650,2.34690,0.78070,0.02650,0,0,0,2385,5,0,948,936,0,1631,0
748,3.48110,0.24240,2.37750,0.83240,0.02800,0,0,0,2385,5,0,948,937,0,1629,0
749,3.41670,0.24870,2.29680,0.83560,0.03500,0,0,0,2385,5,0,948,936,0,1623,0
750,3.46490,0.25380,2.35790,0.82280,0.02970,0,0,0,2385,5,0,948,936,0,1625,0
751,7.81210,1.92480,5.06120,0.80250,0.02230,0,0,0,2385,5,0,949,939,0,1621,0
752,6.26010,0.22640,5.15780,0.85940,0.01570,0,0,0,2385,5,0,950,944,0,1623,0
753,5.35480,0.20840,4.30710,0.81850,0.02000,0,0,0,2385,5,0,950,943,0,1626,0
754,4.59950,0.21680,3.60610,0.75440,0.02150,0,0,0,2385,5,0,952,945,0,1627,0
755,3.73950,0.21210,2.72290,0.77710,0.02660,0,0,0,2385,5,0,952,945,0,1623,0
756,5.60790,0.22340,4.52690,0.83330,0.02330,0,0,0,2385,5,0,953,947,0,1618,0
757,4.81490,0.26960,3.60960,0.90310,0.03180,0,0,0,2385,5,0,953,947,0,1616,0
758,5.29200,0.22320,4.10750,0.93510,0.02560,0,0,0,2385,5,0,954,950,0,1613,0
759,5.54330,0.21970,4.44140,0.85440,0.02710,0,0,0,2385,5,0,956,949,0,1613,0
760,5.44760,0.24790,4.03250,1.14380,0.02270,0,0,0,2385,5,0,958,951,0,1609,0
761,4.15830,0.23330,3.03620,0.86650,0.02170,0,0,0,2385,5,0,959,952,0,1601,0
762,3.71870,0.24400,2.70300,0.75200,0.01880,0,0,0,2385,5,0,960,954,0,1604,0
763,3.56410,0.23850,2.57440,0.73180,0.01850,0,0,0,2385,5,0,962,955,0,1605,0
764,3.53890,0.25230,2.51510,0.74180,0.02900,0,0,0,2385,5,0,962,957,0,1601,0
765,3.43790,0.23720,2.41070,0.76320,0.02620,0,0,0,2385,5,0,964,959,0,1600,0
766,5.03460,1.64840,2.56510,0.79660,0.02390,0,0,0,2385,5,0,965,960,0,1596,0
767,3.41580,0.23570,2.38870,0.76980,0.02070,0,0,0,2385,5,0,965,959,0,1597,0
768,3.40310,0.24680,2.36580,0.76310,0.02670,0,0,0,2385,5,0,965,961,0,1597,0
769,3.31410,0.23110,2.29780,0.75970,0.02470,0,0,0,2385,5,0,966,962,0,1602,0
770,3.57960,0.23790,2.54970,0.76740,0.02340,0,0,0,2385,5,0,967,964,0,1604,0
771,3.52110,0.23990,2.44920,0.79170,0.03950,0,0,0,2385,5,0,970,966,0,1605,0
772,3.42640,0.24240,2.33310,0.80900,0.04110,0,0,0,2385,5,0,970,966,0,1603,0
773,3.41870,0.24150,2.33760,0.81300,0.02590,0,0,0,2385,5,0,971,967,0,1593,0
774,3.43540,0.23990,2.39630,0.77070,0.02780,0,0,0,2385,5,0,971,967,0,1593,0
775,3.31770,0.26480,2.27140,0.74680,0.03390,0,0,0,2385,5,0,972,968,0,1593,0
776,3.32660,0.26110,2.26940,0.77320,0.02210,0,0,0,2385,5,0,973,968,0,1596,0
777,3.17630,0.22370,2.18100,0.74790,0.02300,0,0,0,2385,5,0,973,968,0,1597,0
778,3.27570,0.21900,2.29210,0.74010,0.02360,0,0,0,2385,5,0,973,968,0,1594,0
779,3.31350,0.23250,2.29730,0.76280,0.02010,0,0,0,2385,5,0,974,969,0,1596,0
780,3.19490,0.24600,2.21120,0.71350,0.02350,0,0,0,2385,5,0,974,969,0,1596,0
781,5.07330,1.69010,2.47110,0.87900,0.03150,0,0,0,2385,5,0,974,969,0,1595,0
782,3.30140,0.23210,2.31020,0.72870,0.02980,0,0,0,2385,5,0,974,968,0,1590,0
783,3.29950,0.24480,2.28430,0.74530,0.02450,0,0,0,2385,5,0,974,969,0,1587,0
784,3.34940,0.24620,2.32930,0.74830,0.02480,0,0,0,2385,5,0,975,970,0,1584,0
785,3.27790,0.20270,2.30130,0.74560,0.02750,0,0,0,2385,5,0,976,969,0,1584,0
786,3.27800,0.24990,2.24830,0.74860,0.03050,0,0,0,2385,5,0,976,970,0,1585,0
787,3.37760,0.23240,2.23510,0.87770,0.03160,0,0,0,2385,5,0,977,972,0,1586,0
788,3.27070,0.23130,2.25070,0.76170,0.02620,0,0,0,2385,5,0,977,971,0,1584,0
789,3.86150,0.26310,2.67270,0.89660,0.02820,0,0,0,2385,5,0,977,975,0,1578,0
790,3.49790,0.25990,2.28350,0.92390,0.02990,0,0,0,2385,5,0,978,974,0,1576,0
791,3.65410,0.25840,2.41800,0.94760,0.02950,0,0,0,2385,5,0,979,977,0,1578,0
792,3.58200,0.26190,2.51410,0.77420,0.03110,0,0,0,2385,5,0,979,977,0,1578,0
793,3.32290,0.22790,2.29420,0.77470,0.02530,0,0,0,2385,5,0,980,978,0,1576,0
794,3.23200,0.22640,2.20090,0.76650,0.03760,0,0,0,2385,5,0,981,979,0,1582,0
795,3.32230,0.20710,2.22810,0.85680,0.02960,0,0,0,2385,5,0,982,980,0,1582,0
796,4.81940,1.67500,2.36570,0.75470,0.02330,0,0,0,2385,5,0,982,980,0,1585,0
797,3.33390,0.24110,2.32100,0.74850,0.02250,0,0,0,2385,5,0,982,980,0,1584,0
798,3.26810,0.26550,2.20960,0.76870,0.02360,0,0,0,2385,5,0,983,981,0,1585,0
799,3.28710,0.26230,2.25910,0.74180,0.02330,0,0,0,2385,5,0,984,982,0,1585,0
800,3.18670,0.23560,2.18390,0.74230,0.02440,0,0,0,2385,5,0,984,982,0,1593,0
801,3.25440,0.20040,2.20740,0.82340,0.02250,0,0,0,2385,5,0,984,983,0,1599,0
802,3.17090,0.20650,2.15990,0.77790,0.02590,0,0,0,2385,5,0,987,984,0,1594,0
803,3.29590,0.26380,2.25770,0.75050,0.02330,0,0,0,2385,5,0,987,985,0,1596,0
804,3.41760,0.19650,2.41260,0.78580,0.02200,0,0,0,2385,5,0,990,990,0,1598,0
805,4.44990,0.25750,3.34460,0.81780,0.02930,0,0,0,2385,5,0,990,990,0,1594,0
806,3.29450,0.22840,2.18270,0.86030,0.02230,0,0,0,2385,5,0,990,988,0,1594,0
807,3.45280,0.27270,2.30860,0.84630,0.02470,0,0,0,2385,5,0,990,989,0,1591,0
808,3.18230,0.21860,2.17310,0.76810,0.02170,0,0,0,2385,5,0,990,988,0,1593,0
809,3.18640,0.25540,2.11850,0.78830,0.02340,0,0,0,2385,5,0,991,989,0,1596,0
810,3.25130,0.19640,2.17520,0.85480,0.02420,0,0,0,2385,5,0,992,991,0,1594,0
811,7.01000,1.85810,4.14020,0.97700,0.03310,0,0,0,2385,5,0,992,990,0,1598,0
812,5.77690,0.19690,4.63060,0.92490,0.02380,0,0,0,2385,5,0,992,990,0,1600,0
813,5.33930,0.19120,4.31880,0.81020,0.01860,0,0,0,2385,5,0,993,992,0,1597,0
814,5.41040,0.18160,4.37970,0.82520,0.02310,0,0,0,2385,5,0,993,992,0,1595,0
815,4.60010,0.17880,3.59880,0.80110,0.02080,0,0,0,2385,5,0,994,992,0,1598,0
816,4.75840,0.18260,3.56030,0.98470,0.03010,0,0,0,2385,5,0,995,992,0,1597,0
817,4.34470,0.20310,3.16730,0.93960,0.03410,0,0,0,2385,5,0,995,992,0,1598,0
818,5.16440,0.18630,4.11890,0.82940,0.02910,0,0,0,2385,5,0,996,994,0,1594,0
819,4.97970,0.46850,3.50940,0.97080,0.03030,7,0,0,2386,5,0,997,995,0,1595,0
820,4.48870,0.18990,3.51410,0.76230,0.02190,0,0,0,2386,5,0,997,992,0,1590,0
821,3.92010,0.21410,2.84790,0.83820,0.01910,0,0,0,2386,5,0,998,995,0,1585,0
822,5.46210,0.20900,4.45580,0.77900,0.01770,0,0,0,2386,5,0,998,994,0,1586,0
823,3.96750,0.19770,2.97290,0.77200,0.02400,0,0,0,2386,5,0,998,994,0,1585,0
824,3.65000,0.23610,2.63700,0.75290,0.02330,0,0,0,2386,5,0,998,995,0,1583,0
825,4.13770,0.18140,2.77240,1.15720,0.02600,0,0,0,2386,5,0,998,995,0,1585,0
826,5.23000,1.71130,2.70430,0.78390,0.02970,0,0,0,2386,5,0,998,996,0,1586,0
827,3.67140,0.21310,2.67110,0.76720,0.01900,0,0,0,2386,5,0,998,996,0,1585,0
828,3.57570,0.18120,2.61530,0.75530,0.02310,0,0,0,2386,5,0,998,995,0,1588,0
829,3.58440,0.19500,2.62430,0.74410,0.02020,0,0,0,2386,5,0,998,995,0,1589,0
830,4.27070,0.18680,3.16130,0.89290,0.02890,0,0,0,2386,5,0,999,995,0,1594,0
831,3.64250,0.19100,2.66460,0.76640,0.01990,0,0,0,2386,5,0,999,996,0,1592,0
832,3.45870,0.19130,2.51760,0.72930,0.01980,0,0,0,2386,5,0,999,995,0,1591,0
833,3.51690,0.19750,2.56820,0.72800,0.02240,0,0,0,2386,5,0,999,995,0,1592,0
834,3.82180,0.45910,2.56090,0.78010,0.02090,7,0,0,2387,5,0,999,996,0,1589,0
835,3.57060,0.18280,2.54950,0.81880,0.01860,0,0,0,2387,5,0,999,995,0,1593,0
836,3.49290,0.19290,2.46680,0.81400,0.01850,0,0,0,2387,5,0,999,995,0,1595,0
837,3.45680,0.18700,2.51090,0.73760,0.02070,0,0,0,2387,5,0,999,994,0,1596,0
838,3.49020,0.21750,2.50520,0.74210,0.02460,0,0,0,2387,5,0,999,994,0,1596,0
839,3.48660,0.25310,2.42040,0.79390,0.01840,0,0,0,2387,5,0,1000,996,0,1596,0
840,3.42270,0.20410,2.47220,0.72570,0.02010,0,0,0,2387,5,0,1001,996,0,1596,0
841,5.35890,2.09130,2.44650,0.79420,0.02600,0,0,0,2387,5,0,1001,996,0,1597,0
842,3.46310,0.22890,2.43870,0.76850,0.02620,0,0,0,2387,5,0,1001,996,0,1598,0
843,3.54110,0.25080,2.47520,0.78510,0.02930,0,0,0,2387,5,0,1001,996,0,1598,0
844,3.52040,0.22700,2.48340,0.78780,0.02160,0,0,0,2387,5,0,1002,997,0,1597,0
845,3.40930,0.20480,2.38480,0.79290,0.02590,0,0,0,2387,5,0,1003,998,0,1597,0
846,3.53040,0.22960,2.44530,0.82800,0.02680,0,0,0,2387,5,0,1003,998,0,1595,0
847,3.43550,0.22200,2.34810,0.83540,0.02920,0,0,0,2387,5,0,1003,998,0,1595,0
848,3.52450,0.23980,2.44090,0.81500,0.02800,0,0,0,2387,5,0,1003,998,0,1592,0
849,3.78330,0.50840,2.42260,0.82890,0.02270,7,0,0,2388,5,0,1003,998,0,1592,0
850,3.39230,0.23330,2.33800,0.79180,0.02840,0,0,0,2388,5,0,1003,999,0,1592,0
851,3.47310,0.23660,2.35270,0.85690,0.02600,0,0,0,2388,5,0,1003,999,0,1591,0
852,3.43800,0.22620,2.38300,0.80130,0.02680,0,0,0,2388,5,0,1003,998,0,1587,0
853,3.45580,0.23520,2.35660,0.83240,0.03090,0,0,0,2388,5,0,1003,998,0,1586,0
854,3.40980,0.23170,2.36040,0.78890,0.02790,0,0,0,2388,5,0,1003,998,0,1584,0
855,3.41110,0.20000,2.32790,0.85250,0.02990,0,0,0,2388,5,0,1003,998,0,1582,0
856,5.24140,2.01490,2.38280,0.81480,0.02810,0,0,0,2388,5,0,1003,998,0,1584,0
857,3.39000,0.22560,2.34180,0.78950,0.03240,0,0,0,2388,5,0,1003,997,0,1586,0
858,3.37340,0.24540,2.31980,0.78030,0.02720,0,0,0,2388,5,0,1004,998,0,1586,0
859,3.35790,0.20070,2.30400,0.82290,0.02970,0,0,0,2388,5,0,1004,999,0,1586,0
860,3.46450,0.23080,2.34020,0.86370,0.02910,0,0,0,2388,5,0,1004,999,0,1584,0
861,3.47920,0.23330,2.39170,0.82170,0.03180,0,0,0,2388,5,0,1004,998,0,1585,0
862,3.52490,0.21580,2.39310,0.88570,0.02960,0,0,0,2388,5,0,1004,998,0,1581,0
863,3.35340,0.22760,2.29870,0.79960,0.02670,0,0,0,2388,5,0,1004,998,0,1583,0
864,3.84270,0.54300,2.39390,0.87810,0.02700,7,0,0,2389,5,0,1006,1000,0,1580,0
865,3.34550,0.23410,2.32350,0.76090,0.02640,0,0,0,2389,5,0,1006,1000,0,1581,0
866,3.49400,0.22080,2.43150,0.81420,0.02670,0,0,0,2389,5,0,1006,1000,0,1579,0
867,3.35280,0.22590,2.30570,0.79470,0.02580,0,0,0,2389,5,0,1006,1000,0,1575,0
868,3.60480,0.23500,2.46750,0.85720,0.04420,0,0,0,2389,5,0,1006,1001,0,1576,0
869,3.33710,0.24980,2.28320,0.77670,0.02650,0,0,0,2389,5,0,1006,1000,0,1577,0
870,3.46570,0.23610,2.34560,0.84950,0.03380,0,0,0,2389,5,0,1006,1001,0,1576,0
871,6.85990,2.03000,3.88860,0.89760,0.04230,0,0,0,2389,5,0,1006,1002,0,1577,0
872,5.40390,0.18710,4.35790,0.84020,0.01780,0,0,0,2389,5,0,1006,1002,0,1579,0
873,4.35700,0.18880,3.24290,0.86510,0.05930,0,0,0,2389,5,0,1006,1002,0,1579,0
874,5.03840,0.25060,3.79810,0.94510,0.04380,0,0,0,2389,5,0,1007,1002,0,1578,0
875,4.44610,0.20740,3.45320,0.75660,0.02810,0,0,0,2389,5,0,1007,1001,0,1581,0
876,5.10310,0.20140,4.09620,0.78690,0.01780,0,0,0,2389,5,0,1007,1001,0,1581,0
877,4.01630,0.21910,2.98830,0.78950,0.01860,0,0,0,2389,5,0,1008,1002,0,1581,0
878,3.98620,0.19850,2.94430,0.81460,0.02810,0,0,0,2389,5,0,1008,1003,0,1581,0
879,4.25490,0.47570,2.85870,0.90410,0.01570,7,0,0,2390,5,0,1008,1003,0,1582,0
880,3.86920,0.20980,2.81400,0.82590,0.01880,0,0,0,2390,5,0,1008,1002,0,1582,0
881,3.85290,0.18350,2.86900,0.78190,0.01790,0,0,0,2390,5,0,1008,1002,0,1576,0
882,3.70060,0.20610,2.66560,0.80950,0.01860,0,0,0,2390,5,0,1009,1003,0,1577,0
883,3.59860,0.20490,2.59260,0.78270,0.01780,0,0,0,2390,5,0,1009,1003,0,1572,0
884,3.58820,0.19740,2.64880,0.72220,0.01900,0,0,0,2390,5,0,1009,1003,0,1571,0
885,3.50880,0.20010,2.54300,0.74480,0.02030,0,0,0,2390,5,0,1009,1003,0,1571,0
886,5.45000,1.84100,2.84750,0.74210,0.01870,0,0,0,2390,5,0,1009,1003,0,1569,0
887,3.97270,0.22520,2.86840,0.85800,0.02040,0,0,0,2390,5,0,1009,1003,0,1570,0
888,3.72830,0.22550,2.70150,0.75290,0.04780,0,0,0,2390,5,0,1009,1004,0,1571,0
889,3.63360,0.23780,2.55580,0.82170,0.01760,0,0,0,2390,5,0,1009,1004,0,1574,0
890,4.92290,0.21480,3.92410,0.76280,0.02040,0,0,0,2390,5,0,1009,1005,0,1574,0
891,3.59440,0.22170,2.58270,0.77180,0.01740,0,0,0,2390,5,0,1009,1006,0,1572,0
892,3.60670,0.19130,2.62940,0.75280,0.03240,0,0,0,2390,5,0,1009,1007,0,1571,0
893,3.64430,0.20210,2.57190,0.84650,0.02290,0,0,0,2390,5,0,1009,1006,0,1570,0
894,3.72670,0.48920,2.49450,0.71940,0.02310,6,0,0,2391,5,0,1009,1005,0,1571,0
895,3.52200,0.21260,2.52720,0.76060,0.02070,0,0,0,2391,5,0,1009,1005,0,1568,0
896,3.45460,0.21030,2.47410,0.74550,0.02410,0,0,0,2391,5,0,1009,1005,0,1568,0
897,3.54100,0.24890,2.45540,0.81160,0.02420,0,0,0,2391,5,0,1009,1005,0,1567,0
898,3.40430,0.20930,2.41040,0.75790,0.02590,0,0,0,2391,5,0,1010,1007,0,1569,0
899,3.79610,0.21480,2.70380,0.85080,0.02600,0,0,0,2391,5,0,1011,1008,0,1568,0
900,3.34790,0.21000,2.36570,0.75040,0.02130,0,0,0,2391,5,0,1011,1008,0,1564,0
901,5.10340,1.84640,2.45180,0.77550,0.02660,0,0,0,2391,5,0,1011,1009,0,1564,0
902,3.47710,0.20930,2.47680,0.76490,0.02530,0,0,0,2391,5,0,1011,1009,0,1569,0
903,3.44130,0.20190,2.42530,0.78530,0.02810,0,0,0,2391,5,0,1012,1010,0,1570,0
904,3.61400,0.21660,2.34840,1.01620,0.03190,0,0,0,2391,5,0,1013,1011,0,1570,0
905,3.36950,0.21750,2.37750,0.74660,0.02710,0,0,0,2391,5,0,1013,1011,0,1566,0
906,3.44470,0.20220,2.33390,0.87430,0.03350,0,0,0,2391,5,0,1015,1013,0,1566,0
907,3.48610,0.21820,2.40730,0.83050,0.02950,0,0,0,2391,5,0,1016,1014,0,1562,0
908,3.45320,0.20670,2.31570,0.89660,0.03340,0,0,0,2391,5,0,1016,1014,0,1559,0
909,3.68960,0.48180,2.34860,0.82470,0.03360,6,0,0,2392,5,0,1016,1014,0,1559,0
910,3.51430,0.21990,2.42620,0.83490,0.03260,0,0,0,2392,5,0,1016,1014,0,1559,0
911,3.35090,0.22210,2.30980,0.78820,0.03010,0,0,0,2392,5,0,1016,1014,0,1557,0
912,3.49860,0.20940,2.42940,0.82940,0.02980,0,0,0,2392,5,0,1016,1014,0,1554,0
913,3.36380,0.19830,2.38530,0.75220,0.02730,0,0,0,2392,5,0,1016,1014,0,1554,0
914,3.24340,0.20850,2.26800,0.74280,0.02340,0,0,0,2392,5,0,1016,1014,0,1554,0
915,3.45510,0.22170,2.37370,0.83040,0.02850,0,0,0,2392,5,0,1016,1014,0,1554,0
916,5.07120,1.80790,2.44240,0.77720,0.04300,0,0,0,2392,5,0,1016,1014,0,1555,0
917,3.45480,0.20510,2.45070,0.77130,0.02690,0,0,0,2392,5,0,1016,1014,0,1555,0
918,3.30400,0.20120,2.34370,0.73550,0.02280,0,0,0,2392,5,0,1016,1014,0,1556,0
919,3.28560,0.21120,2.29590,0.75120,0.02650,0,0,0,2392,5,0,1016,1014,0,1556,0
920,3.47570,0.21700,2.43680,0.79140,0.02980,0,0,0,2392,5,0,1016,1014,0,1556,0
921,3.40010,0.21930,2.39070,0.76480,0.02440,0,0,0,2392,5,0,1016,1014,0,1555,0
922,3.26030,0.19460,2.25220,0.78460,0.02810,0,0,0,2392,5,0,1016,1014,0,1557,0
923,3.18590,0.22290,2.18190,0.75030,0.03000,0,0,0,2392,5,0,1016,1014,0,1557,0
924,3.76720,0.53240,2.32460,0.88230,0.02720,6,0,0,2393,5,0,1016,1014,0,1557,0
925,3.36860,0.20340,2.36130,0.77970,0.02330,0,0,0,2393,5,0,1017,1015,0,1557,0
926,3.49940,0.22410,2.47420,0.77530,0.02490,0,0,0,2393,5,0,1017,1015,0,1558,0
927,3.21480,0.19900,2.19740,0.79360,0.02390,0,0,0,2393,5,0,1017,1016,0,1557,0
928,3.31060,0.20790,2.23780,0.83770,0.02660,0,0,0,2393,5,0,1017,1015,0,1557,0
929,3.17310,0.21080,2.19970,0.73800,0.02390,0,0,0,2393,5,0,1017,1014,0,1560,0
930,3.26870,0.19170,2.24540,0.80660,0.02390,0,0,0,2393,5,0,1017,1015,0,1560,0
931,4.92640,1.76350,2.36910,0.76740,0.02460,0,0,0,2393,5,0,1017,1014,0,1560,0
932,3.40100,0.22930,2.34820,0.79560,0.02710,0,0,0,2393,5,0,1017,1014,0,1565,0
933,3.40730,0.21850,2.26800,0.89000,0.03010,0,0,0,2393,5,0,1017,1015,0,1565,0
934,3.47450,0.19880,2.28200,0.95520,0.03770,0,0,0,2393,5,0,1017,1014,0,1565,0
935,3.19420,0.21710,2.19770,0.75080,0.02790,0,0,0,2393,5,0,1017,1014,0,1563,0
936,3.32190,0.22110,2.31940,0.75100,0.02930,0,0,0,2393,5,0,1017,1014,0,1563,0
937,3.24780,0.21430,2.24700,0.75790,0.02770,0,0,0,2393,5,0,1017,1015,0,1563,0
938,3.34420,0.21570,2.25160,0.82180,0.05430,0,0,0,2393,5,0,1017,1015,0,1563,0
939,3.59030,0.47060,2.32280,0.76830,0.02770,6,0,0,2394,5,0,1017,1015,0,1563,0
940,3.15010,0.19630,2.12790,0.79670,0.02840,0,0,0,2394,5,0,1017,1015,0,1563,0
941,3.37380,0.21510,2.25400,0.87260,0.03140,0,0,0,2394,5,0,1017,1015,0,1563,0
942,3.27550,0.21210,2.24760,0.78580,0.02950,0,0,0,2394,5,0,1017,1015,0,1563,0
943,3.96690,0.21650,2.67940,1.03820,0.03200,0,0,0,2394,5,0,1017,1015,0,1563,0
944,3.29100,0.21230,2.28810,0.75890,0.03080,0,0,0,2394,5,0,1017,1016,0,1563,0
945,3.20270,0.22040,2.21690,0.73960,0.02520,0,0,0,2394,5,0,1017,1016,0,1563,0
946,5.14470,1.81930,2.52340,0.77430,0.02690,0,0,0,2394,5,0,1017,1016,0,1561,0
947,3.25970,0.20400,2.24910,0.77600,0.02970,0,0,0,2394,5,0,1017,1015,0,1562,0
948,3.22980,0.22170,2.18070,0.79820,0.02860,0,0,0,2394,5,0,1017,1014,0,1562,0
949,3.13810,0.21040,2.18570,0.71630,0.02490,0,0,0,2394,5,0,1017,1016,0,1557,0
950,3.37570,0.20300,2.38240,0.76280,0.02660,0,0,0,2394,5,0,1017,1015,0,1557,0
951,3.30850,0.20890,2.22430,0.84510,0.02930,0,0,0,2394,5,0,1018,1016,0,1556,0
952,3.31010,0.23700,2.26270,0.78670,0.02290,0,0,0,2394,5,0,1018,1016,0,1556,0
953,3.23050,0.20950,2.18880,0.80860,0.02290,0,0,0,2394,5,0,1018,1016,0,1555,0
954,3.77330,0.54710,2.38150,0.81260,0.03130,6,0,0,2395,5,0,1018,1016,0,1555,0
955,3.16780,0.20340,2.19320,0.74420,0.02620,0,0,0,2395,5,0,1018,1016,0,1555,0
956,3.46080,0.21980,2.37680,0.83870,0.02340,0,0,0,2395,5,0,1018,1016,0,1555,0
957,3.31450,0.21490,2.32800,0.74580,0.02470,0,0,0,2395,5,0,1018,1016,0,1555,0
958,3.29540,0.21170,2.25570,0.80350,0.02370,0,0,0,2395,5,0,1018,1016,0,1554,0
959,3.41950,0.19830,2.29060,0.90480,0.02520,0,0,0,2395,5,0,1018,1016,0,1554,0
960,3.26360,0.22560,2.22540,0.78550,0.02660,0,0,0,2395,5,0,1018,1016,0,1554,0
961,6.71950,1.88010,3.44270,1.35990,0.03580,0,0,0,2395,5,0,1018,1016,0,1554,0
962,4.69150,0.18370,3.63740,0.84960,0.01990,0,0,0,2395,5,0,1018,1017,0,1556,0
963,3.75390,0.17570,2.74190,0.81170,0.02390,0,0,0,2395,5,0,1018,1017,0,1556,0
964,3.45660,0.18640,2.52900,0.71580,0.02460,0,0,0,2395,5,0,1018,1017,0,1556,0
965,3.70210,0.18390,2.62680,0.84810,0.04260,0,0,0,2395,5,0,1018,1017,0,1555,0
966,3.50700,0.19300,2.52280,0.75260,0.03780,0,0,0,2395,5,0,1018,1017,0,1555,0
967,3.64910,0.23840,2.65940,0.72890,0.02150,0,0,0,2395,5,0,1018,1017,0,1555,0
968,3.60010,0.19120,2.63930,0.74480,0.02390,0,0,0,2395,5,0,1018,1017,0,1555,0
969,3.88140,0.44690,2.67630,0.73400,0.02340,4,0,0,2396,5,0,1018,1017,0,1555,0
970,3.44670,0.18650,2.49610,0.73670,0.02680,0,0,0,2396,5,0,1018,1017,0,1555,0
971,3.61270,0.20120,2.48250,0.89890,0.02950,0,0,0,2396,5,0,1018,1017,0,1556,0
972,3.39360,0.18980,2.43770,0.74000,0.02540,0,0,0,2396,5,0,1018,1017,0,1556,0
973,3.58650,0.18890,2.61150,0.76230,0.02320,0,0,0,2396,5,0,1018,1017,0,1557,0
974,3.66210,0.21020,2.66020,0.75860,0.03220,0,0,0,2396,5,0,1018,1017,0,1557,0
975,3.49600,0.20010,2.53780,0.73560,0.02180,0,0,0,2396,5,0,1018,1017,0,1555,0
976,5.44540,1.96890,2.66230,0.78280,0.03070,0,0,0,2396,5,0,1018,1017,0,1555,0
977,3.64020,0.20710,2.50670,0.88260,0.04280,0,0,0,2396,5,0,1018,1017,0,1555,0
978,3.68860,0.21840,2.49110,0.94210,0.03600,0,0,0,2396,5,0,1018,1017,0,1556,0
979,3.58910,0.21630,2.57270,0.77110,0.02700,0,0,0,2396,5,0,1018,1017,0,1556,0
980,3.54440,0.21040,2.45420,0.84930,0.02980,0,0,0,2396,5,0,1018,1017,0,1556,0
981,3.56450,0.22460,2.51480,0.79540,0.02860,0,0,0,2396,5,0,1018,1017,0,1556,0
982,3.63970,0.21290,2.60220,0.79500,0.02880,0,0,0,2396,5,0,1018,1017,0,1554,0
983,3.46220,0.22370,2.41600,0.79400,0.02780,0,0,0,2396,5,0,1018,1017,0,1554,0
984,3.50480,0.21290,2.49640,0.77240,0.02240,0,0,0,2396,5,0,1018,1017,0,1554,0
985,3.50440,0.22200,2.48190,0.76940,0.02990,0,0,0,2396,5,0,1018,1017,0,1554,0
986,3.51960,0.23420,2.45760,0.79990,0.02700,0,0,0,2396,5,0,1018,1017,0,1554,0
987,3.47370,0.21900,2.42330,0.80270,0.02800,0,0,0,2396,5,0,1019,1018,0,1554,0
988,3.55120,0.21120,2.45260,0.85480,0.03170,0,0,0,2396,5,0,1019,1018,0,1554,0
989,3.42530,0.21780,2.34560,0.81590,0.04520,0,0,0,2396,5,0,1019,1018,0,1554,0
990,3.51170,0.23560,2.38250,0.86270,0.03000,0,0,0,2396,5,0,1019,1018,0,1556,0
991,5.30560,1.90540,2.50530,0.86390,0.02890,0,0,0,2396,5,0,1019,1018,0,1556,0
992,3.36650,0.21710,2.37900,0.74750,0.02220,0,0,0,2396,5,0,1019,1018,0,1556,0
993,3.51450,0.21220,2.39180,0.87660,0.03330,0,0,0,2396,5,0,1019,1018,0,1556,0
994,3.36110,0.20550,2.37260,0.75400,0.02820,0,0,0,2396,5,0,1020,1020,0,1556,0
995,3.32780,0.20290,2.29520,0.73910,0.08960,0,0,0,2396,5,0,1020,1020,0,1552,0
996,3.24680,0.20700,2.27330,0.74030,0.02550,0,0,0,2396,5,0,1020,1020,0,1552,0
997,3.30680,0.20920,2.28090,0.78840,0.02760,0,0,0,2396,5,0,1020,1020,0,1552,0
998,3.28380,0.21820,2.31610,0.71950,0.02920,0,0,0,2396,5,0,1020,1020,0,1552,0
999,3.35470,0.21020,2.34360,0.76450,0.03570,0,0,0,2396,5,0,1020,1020,0,1551,0
1000,3.31780,0.21210,2.30690,0.77180,0.02610,0,0,0,2396,5,0,1020,1020,0,1551,0
1001,3.31300,0.19340,2.30140,0.78410,0.03350,0,0,0,2396,5,0,1020,1020,0,1551,0
1002,3.48170,0.22610,2.38520,0.84100,0.02840,0,0,0,2396,5,0,1020,1020,0,1551,0
1003,3.39400,0.23260,2.33460,0.79270,0.03350,0,0,0,2396,5,0,1020,1020,0,1551,0
1004,3.37640,0.21680,2.33450,0.78290,0.04140,0,0,0,2396,5,0,1020,1020,0,1551,0
1005,3.39820,0.23010,2.39020,0.75300,0.02410,0,0,0,2396,5,0,1020,1020,0,1551,0
1006,5.74680,2.14010,2.82580,0.74860,0.03140,0,0,0,2396,5,0,1020,1020,0,1551,0
1007,3.32360,0.19910,2.30640,0.78780,0.02940,0,0,0,2396,5,0,1020,1020,0,1551,0
1008,3.29330,0.20920,2.31280,0.74290,0.02780,0,0,0,2396,5,0,1020,1020,0,1551,0
1009,3.27730,0.19960,2.28230,0.75590,0.03870,0,0,0,2396,5,0,1020,1020,0,1551,0
1010,3.37370,0.20810,2.36270,0.77440,0.02760,0,0,0,2396,5,0,1020,1020,0,1551,0
1011,3.40080,0.22350,2.34520,0.80380,0.02750,0,0,0,2396,5,0,1020,1020,0,1551,0
1012,3.46240,0.21520,2.40340,0.81070,0.03240,0,0,0,2396,5,0,1020,1020,0,1551,0
1013,3.44660,0.20860,2.35350,0.85210,0.03160,0,0,0,2396,5,0,1020,1020,0,1551,0
1014,3.31430,0.20880,2.29440,0.78000,0.03020,0,0,0,2396,5,0,1020,1020,0,1551,0
1015,3.38880,0.22940,2.31580,0.81270,0.03030,0,0,0,2396,5,0,1020,1020,0,1551,0
1016,3.36420,0.21720,2.32320,0.79540,0.02770,0,0,0,2396,5,0,1020,1020,0,1551,0
1017,3.50520,0.21620,2.43880,0.81930,0.03030,0,0,0,2396,5,0,1020,1020,0,1551,0
1018,3.29190,0.20560,2.24170,0.78680,0.05690,0,0,0,2396,5,0,1020,1020,0,1551,0
1019,3.35830,0.22180,2.26780,0.83610,0.03160,0,0,0,2396,5,0,1020,1020,0,1552,0
1020,3.42310,0.20480,2.38380,0.79770,0.03600,0,0,0,2396,5,0,1020,1020,0,1553,0
1021,6.90080,2.02130,3.90900,0.93090,0.03800,0,0,0,2396,5,0,1020,1020,0,1553,0
1022,4.14840,0.18470,3.06690,0.86280,0.03320,0,0,0,2396,5,0,1020,1020,0,1553,0
1023,4.10200,0.17970,3.09890,0.80350,0.01910,0,0,0,2396,5,0,1020,1020,0,1553,0
1024,3.98050,0.18680,3.00500,0.75990,0.02790,0,0,0,2396,5,0,1020,1020,0,1553,0
1025,4.26590,0.18060,3.28980,0.76780,0.02720,0,0,0,2396,5,0,1020,1020,0,1554,0
1026,3.98750,0.19030,2.98360,0.79190,0.02090,0,0,0,2396,5,0,1020,1020,0,1554,0
1027,4.30770,0.18930,3.30100,0.79490,0.02180,0,0,0,2396,5,0,1020,1020,0,1554,0
1028,3.88530,0.20940,2.89410,0.76280,0.01840,0,0,0,2396,5,0,1020,1020,0,1554,0
1029,3.97940,0.22400,2.93680,0.79840,0.01940,0,0,0,2396,5,0,1020,1020,0,1554,0
1030,4.10130,0.18680,2.94630,0.94380,0.02380,0,0,0,2396,5,0,1020,1020,0,1554,0
1031,3.88690,0.18560,2.90770,0.77480,0.01810,0,0,0,2396,5,0,1020,1020,0,1554,0
1032,3.77970,0.25140,2.77620,0.72910,0.02230,0,0,0,2396,5,0,1020,1020,0,1555,0
1033,3.62460,0.18260,2.67740,0.73410,0.02970,0,0,0,2396,5,0,1020,1020,0,1555,0
1034,3.46670,0.18270,2.54890,0.71730,0.01710,0,0,0,2396,5,0,1020,1020,0,1555,0
1035,3.61200,0.17970,2.66100,0.75070,0.01990,0,0,0,2396,5,0,1020,1020,0,1555,0
1036,5.17360,1.81280,2.60920,0.72750,0.02330,0,0,0,2396,5,0,1020,1020,0,1557,0
1037,3.73810,0.22320,2.76990,0.72190,0.02230,0,0,0,2396,5,0,1020,1020,0,1557,0
1038,3.74310,0.19010,2.78330,0.74700,0.02180,0,0,0,2396,5,0,1020,1020,0,1557,0
1039,3.55640,0.17010,2.63090,0.73200,0.02290,0,0,0,2396,5,0,1020,1020,0,1557,0
1040,3.49590,0.19120,2.55950,0.72580,0.01880,0,0,0,2396,5,0,1020,1020,0,1557,0
1041,3.51440,0.18480,2.52980,0.77990,0.01930,0,0,0,2396,5,0,1020,1019,0,1557,0
1042,3.55790,0.21110,2.58320,0.73980,0.02320,0,0,0,2396,5,0,1020,1019,0,1557,0
1043,4.45060,0.20610,3.46840,0.75810,0.01730,0,0,0,2396,5,0,1020,1019,0,1557,0
1044,3.53070,0.20920,2.56740,0.72950,0.02400,0,0,0,2396,5,0,1020,1019,0,1557,0
1045,3.56550,0.18570,2.58560,0.77140,0.02230,0,0,0,2396,5,0,1020,1019,0,1557,0
1046,3.55100,0.18670,2.62710,0.71970,0.01670,0,0,0,2396,5,0,1020,1020,0,1557,0
1047,5.04550,0.22650,4.04190,0.75700,0.01940,0,0,0,2396,5,0,1020,1020,0,1557,0
1048,3.50940,0.19760,2.56760,0.72260,0.02110,0,0,0,2396,5,0,1020,1019,0,1557,0
1049,3.74460,0.16840,2.79400,0.75800,0.02340,0,0,0,2396,5,0,1020,1019,0,1556,0
1050,3.58850,0.19850,2.56880,0.80240,0.01810,0,0,0,2396,5,0,1020,1019,0,1556,0
1051,5.30210,1.84750,2.67400,0.75620,0.02200,0,0,0,2396,5,0,1020,1019,0,1556,0
1052,3.73540,0.22220,2.71810,0.77230,0.02200,0,0,0,2396,5,0,1020,1019,0,1558,0
1053,3.65620,0.20010,2.54700,0.87300,0.03520,0,0,0,2396,5,0,1020,1019,0,1556,0
1054,3.64520,0.18920,2.63500,0.80080,0.01950,0,0,0,2396,5,0,1020,1019,0,1556,0
1055,3.61100,0.21210,2.60410,0.76440,0.02950,0,0,0,2396,5,0,1020,1020,0,1556,0
1056,3.52570,0.18940,2.56250,0.74720,0.02560,0,0,0,2396,5,0,1020,1020,0,1556,0
1057,3.61100,0.20870,2.52530,0.84060,0.03530,0,0,0,2396,5,0,1020,1020,0,1556,0
1058,5.21880,0.20740,4.17090,0.81190,0.02740,0,0,0,2396,5,0,1020,1020,0,1556,0
1059,3.51380,0.20390,2.52940,0.74810,0.03150,0,0,0,2396,5,0,1020,1020,0,1556,0
1060,3.51660,0.17370,2.53500,0.77570,0.03110,0,0,0,2396,5,0,1020,1020,0,1556,0
1061,3.67840,0.21680,2.68300,0.75510,0.02230,0,0,0,2396,5,0,1020,1020,0,1556,0
1062,3.58540,0.22430,2.57940,0.75560,0.02520,0,0,0,2396,5,0,1020,1020,0,1556,0
1063,5.00720,0.21770,3.98180,0.77650,0.03030,0,0,0,2396,5,0,1020,1020,0,1556,0
1064,3.40930,0.19680,2.46600,0.72540,0.02040,0,0,0,2396,5,0,1020,1020,0,1556,0
1065,3.75590,0.20460,2.76570,0.76230,0.02260,0,0,0,2396,5,0,1020,1020,0,1556,0
1066,6.27060,1.85410,3.63350,0.75960,0.02260,0,0,0,2396,5,0,1021,1021,0,1556,0
1067,3.69730,0.17020,2.74560,0.75670,0.02400,0,0,0,2396,5,0,1021,1021,0,1556,0
1068,3.46170,0.20460,2.48930,0.74240,0.02470,0,0,0,2396,5,0,1021,1021,0,1557,0
1069,3.40490,0.19480,2.40670,0.77820,0.02450,0,0,0,2396,5,0,1021,1021,0,1557,0
1070,3.27220,0.19100,2.25930,0.79600,0.02520,0,0,0,2396,5,0,1021,1021,0,1556,0
1071,3.64530,0.20700,2.58920,0.82320,0.02530,0,0,0,2396,5,0,1021,1021,0,1556,0
1072,3.47000,0.20910,2.48330,0.75240,0.02430,0,0,0,2396,5,0,1021,1021,0,1556,0
1073,3.26130,0.19640,2.30620,0.73520,0.02280,0,0,0,2396,5,0,1021,1021,0,1556,0
1074,4.61030,0.21240,3.56620,0.79920,0.03180,0,0,0,2396,5,0,1021,1021,0,1556,0
1075,3.31350,0.21710,2.31710,0.75340,0.02510,0,0,0,2396,5,0,1021,1021,0,1557,0
1076,3.32300,0.19580,2.33450,0.77060,0.02140,0,0,0,2396,5,0,1021,1021,0,1557,0
1077,3.31640,0.20560,2.31230,0.75330,0.04420,0,0,0,2396,5,0,1021,1021,0,1557,0
1078,3.85410,0.21400,2.83740,0.77400,0.02780,0,0,0,2396,5,0,1021,1020,0,1557,0
1079,3.92480,0.20750,2.94580,0.74920,0.02150,0,0,0,2396,5,0,1021,1020,0,1557,0
1080,4.00720,0.19180,3.02030,0.77310,0.02110,0,0,0,2396,5,0,1021,1021,0,1557,0
1081,4.94050,1.80010,2.33140,0.77740,0.02940,0,0,0,2396,5,0,1021,1020,0,1557,0
1082,3.33300,0.21030,2.35880,0.73420,0.02880,0,0,0,2396,5,0,1021,1021,0,1557,0
1083,3.34310,0.21170,2.24460,0.85390,0.03200,0,0,0,2396,5,0,1021,1020,0,1555,0
1084,3.26830,0.23030,2.26810,0.74070,0.02840,0,0,0,2396,5,0,1021,1020,0,1554,0
1085,3.21050,0.20140,2.22940,0.75110,0.02790,0,0,0,2396,5,0,1021,1021,0,1554,0
1086,3.22280,0.20520,2.24840,0.74450,0.02400,0,0,0,2396,5,0,1021,1021,0,1552,0
1087,3.34760,0.20700,2.30270,0.80600,0.03090,0,0,0,2396,5,0,1021,1020,0,1552,0
1088,3.25580,0.20840,2.26300,0.75650,0.02710,0,0,0,2396,5,0,1021,1020,0,1552,0
1089,3.26120,0.21440,2.26400,0.75460,0.02720,0,0,0,2396,5,0,1021,1020,0,1552,0
1090,3.36110,0.21090,2.30180,0.81660,0.03100,0,0,0,2396,5,0,1021,1021,0,1552,0
1091,3.34250,0.20400,2.29140,0.81800,0.02830,0,0,0,2396,5,0,1022,1022,0,1553,0
1092,3.27740,0.20210,2.21830,0.82540,0.03090,0,0,0,2396,5,0,1022,1022,0,1553,0
1093,3.35520,0.20790,2.24740,0.86650,0.03240,0,0,0,2396,5,0,1022,1022,0,1553,0
1094,3.74340,0.21800,2.72510,0.77520,0.02420,0,0,0,2396,5,0,1022,1022,0,1553,0
1095,3.38610,0.21310,2.27610,0.86730,0.02890,0,0,0,2396,5,0,1022,1022,0,1553,0
1096,5.05120,1.79470,2.32540,0.87090,0.05920,0,0,0,2396,5,0,1022,1022,0,1553,0
1097,3.27790,0.19500,2.25750,0.79500,0.02960,0,0,0,2396,5,0,1022,1022,0,1551,0
1098,3.42510,0.20840,2.30960,0.87680,0.02940,0,0,0,2396,5,0,1022,1022,0,1551,0
1099,3.34510,0.20060,2.28060,0.83300,0.03020,0,0,0,2396,5,0,1022,1022,0,1551,0
1100,3.31510,0.20170,2.33260,0.75210,0.02790,0,0,0,2396,5,0,1022,1022,0,1551,0
1101,3.27530,0.21480,2.24200,0.78710,0.03060,0,0,0,2396,5,0,1022,1022,0,1551,0
1102,3.35360,0.21560,2.29230,0.81100,0.03390,0,0,0,2396,5,0,1022,1022,0,1551,0
1103,3.52630,0.21740,2.48190,0.80040,0.02590,0,0,0,2396,5,0,1022,1022,0,1552,0
1104,3.28920,0.21440,2.26800,0.78300,0.02290,0,0,0,2396,5,0,1022,1022,0,1552,0
1105,3.31620,0.22780,2.25500,0.80460,0.02800,0,0,0,2396,5,0,1022,1022,0,1552,0
1106,3.15780,0.21200,2.19460,0.72640,0.02410,0,0,0,2396,5,0,1022,1022,0,1552,0
1107,3.08640,0.22750,2.08670,0.74890,0.02230,0,0,0,2396,5,0,1022,1022,0,1552,0
1108,3.29250,0.19390,2.29320,0.78170,0.02300,0,0,0,2396,5,0,1022,1022,0,1552,0
1109,3.32500,0.22100,2.25040,0.82510,0.02790,0,0,0,2396,5,0,1022,1022,0,1552,0
1110,3.25190,0.23150,2.23280,0.76230,0.02450,0,0,0,2396,5,0,1022,1022,0,1552,0
1111,6.55260,1.84410,3.89630,0.78640,0.02380,0,0,0,2396,5,0,1022,1022,0,1552,0
1112,5.73010,0.18760,4.67630,0.84290,0.02230,0,0,0,2396,5,0,1022,1022,0,1552,0
1113,5.11070,0.16840,4.07430,0.82420,0.04280,0,0,0,2396,5,0,1022,1022,0,1552,0
1114,4.03920,0.16930,3.05000,0.75350,0.06570,0,0,0,2396,5,0,1022,1022,0,1552,0
1115,3.99790,0.22920,2.95670,0.79360,0.01760,0,0,0,2396,5,0,1022,1022,0,1552,0
1116,3.82620,0.17890,2.86400,0.76230,0.02030,0,0,0,2396,5,0,1022,1022,0,1552,0
1117,3.90840,0.16610,2.93880,0.78050,0.02230,0,0,0,2396,5,0,1022,1022,0,1552,0
1118,4.00880,0.17750,3.04790,0.75720,0.02550,0,0,0,2396,5,0,1022,1022,0,1552,0
1119,4.05410,0.18220,3.05600,0.79700,0.01780,0,0,0,2396,5,0,1022,1022,0,1552,0
1120,3.66170,0.19570,2.71180,0.72910,0.02440,0,0,0,2396,5,0,1022,1022,0,1553,0
1121,3.82510,0.16980,2.86520,0.76470,0.02450,0,0,0,2396,5,0,1022,1022,0,1553,0
1122,3.66920,0.17470,2.73330,0.73590,0.02450,0,0,0,2396,5,0,1022,1022,0,1553,0
1123,4.05460,0.17840,3.10130,0.74890,0.02530,0,0,0,2396,5,0,1022,1022,0,1553,0
1124,3.65700,0.17120,2.69210,0.77060,0.02240,0,0,0,2396,5,0,1022,1022,0,1553,0
1125,4.05450,0.18230,3.03030,0.81510,0.02600,0,0,0,2396,5,0,1022,1022,0,1553,0
1126,5.23780,1.86740,2.62370,0.71790,0.02800,0,0,0,2396,5,0,1022,1022,0,1554,0
1127,3.58140,0.20520,2.58450,0.76880,0.02200,0,0,0,2396,5,0,1022,1022,0,1554,0
1128,5.14920,0.18000,4.08520,0.86460,0.01870,0,0,0,2396,5,0,1022,1022,0,1554,0
1129,3.58610,0.19280,2.62340,0.74830,0.02090,0,0,0,2396,5,0,1022,1022,0,1554,0
1130,3.65080,0.23030,2.58980,0.80590,0.02420,0,0,0,2396,5,0,1022,1022,0,1554,0
1131,3.56880,0.25010,2.54580,0.75080,0.02130,0,0,0,2396,5,0,1022,1022,0,1554,0
1132,3.44470,0.20780,2.39320,0.81820,0.02460,0,0,0,2396,5,0,1022,1022,0,1554,0
1133,3.57760,0.25380,2.48320,0.81320,0.02620,0,0,0,2396,5,0,1022,1022,0,1554,0
1134,3.51390,0.19820,2.50040,0.79170,0.02280,0,0,0,2396,5,0,1022,1022,0,1554,0
1135,3.66260,0.22560,2.57150,0.83680,0.02770,0,0,0,2396,5,0,1022,1022,0,1554,0
1136,3.49900,0.18930,2.53000,0.75420,0.02480,0,0,0,2396,5,0,1022,1022,0,1556,0
1137,3.48320,0.19160,2.51060,0.75140,0.02870,0,0,0,2396,5,0,1022,1022,0,1556,0
1138,3.43710,0.21960,2.42790,0.76520,0.02370,0,0,0,2396,5,0,1022,1022,0,1556,0
1139,3.45240,0.21190,2.39070,0.82000,0.02870,0,0,0,2396,5,0,1022,1022,0,1556,0
1140,3.39170,0.19780,2.41020,0.75720,0.02550,0,0,0,2396,5,0,1022,1022,0,1556,0
1141,5.50150,1.89500,2.55680,1.01020,0.03740,0,0,0,2396,5,0,1022,1022,0,1556,0
1142,3.70360,0.20870,2.55930,0.89690,0.03780,0,0,0,2396,5,0,1022,1022,0,1556,0
1143,3.42560,0.20490,2.44930,0.73800,0.03260,0,0,0,2396,5,0,1023,1023,0,1556,0
1144,5.24980,0.20030,4.24260,0.76600,0.04020,0,0,0,2396,5,0,1023,1023,0,1556,0
1145,3.41640,0.21210,2.35040,0.81720,0.03580,0,0,0,2396,5,0,1023,1023,0,1556,0
1146,3.38300,0.20740,2.40040,0.74750,0.02670,0,0,0,2396,5,0,1023,1023,0,1556,0
1147,3.55220,0.20360,2.42250,0.88240,0.04280,0,0,0,2396,5,0,1023,1023,0,1556,0
1148,3.50020,0.21410,2.35050,0.89800,0.03680,0,0,0,2396,5,0,1023,1023,0,1556,0
1149,3.59690,0.21510,2.47430,0.86750,0.03880,0,0,0,2396,5,0,1023,1023,0,1556,0
1150,3.33980,0.21660,2.31460,0.77970,0.02790,0,0,0,2396,5,0,1023,1023,0,1557,0
1151,3.17550,0.21820,2.15700,0.77130,0.02830,0,0,0,2396,5,0,1023,1023,0,1557,0
1152,3.29160,0.21070,2.26050,0.77670,0.04280,0,0,0,2396,5,0,1023,1023,0,1557,0
1153,3.38800,0.23060,2.30090,0.82060,0.03520,0,0,0,2396,5,0,1023,1023,0,1557,0
1154,3.44860,0.21020,2.39650,0.79940,0.04170,0,0,0,2396,5,0,1023,1023,0,1557,0
1155,3.51950,0.20110,2.46480,0.82230,0.03060,0,0,0,2396,5,0,1023,1023,0,1557,0
1156,5.51010,2.22800,2.47800,0.77390,0.02950,0,0,0,2396,5,0,1023,1023,0,1557,0
1157,3.28000,0.19720,2.25240,0.78870,0.04050,0,0,0,2396,5,0,1023,1023,0,1557,0
1158,3.33080,0.19950,2.33390,0.76030,0.03630,0,0,0,2396,5,0,1023,1023,0,1557,0
1159,3.46850,0.21950,2.43600,0.77480,0.03730,0,0,0,2396,5,0,1023,1023,0,1557,0
1160,3.36000,0.20580,2.37570,0.74820,0.02960,0,0,0,2396,5,0,1023,1023,0,1557,0
1161,3.54310,0.21710,2.43930,0.85240,0.03330,0,0,0,2396,5,0,1023,1023,0,1557,0
1162,3.47380,0.25860,2.38940,0.78610,0.03860,0,0,0,2396,5,0,1023,1023,0,1557,0
1163,3.42260,0.20300,2.39180,0.77680,0.05030,0,0,0,2396,5,0,1023,1023,0,1557,0
1164,3.60210,0.22830,2.54240,0.80280,0.02760,0,0,0,2396,5,0,1023,1023,0,1557,0
1165,3.27660,0.20670,2.24990,0.79010,0.02900,0,0,0,2396,5,0,1023,1023,0,1557,0
1166,3.35520,0.21180,2.35300,0.76530,0.02430,0,0,0,2396,5,0,1023,1023,0,1557,0
1167,3.22730,0.21430,2.21050,0.77340,0.02840,0,0,0,2396,5,0,1023,1023,0,1557,0
1168,3.44820,0.21620,2.37600,0.81500,0.03990,0,0,0,2396,5,0,1023,1023,0,1555,0
1169,3.31990,0.22030,2.28340,0.78010,0.03520,0,0,0,2396,5,0,1023,1023,0,1555,0
1170,3.22460,0.20850,2.14320,0.84180,0.03020,0,0,0,2396,5,0,1023,1023,0,1555,0
1171,5.18600,2.01760,2.36210,0.77940,0.02520,0,0,0,2396,5,0,1023,1023,0,1555,0
1172,3.36870,0.20230,2.23790,0.89810,0.02960,0,0,0,2396,5,0,1023,1023,0,1555,0
1173,3.60100,0.21490,2.57130,0.78240,0.03160,0,0,0,2396,5,0,1023,1023,0,1555,0
1174,3.18420,0.19890,2.23020,0.72340,0.03100,0,0,0,2396,5,0,1023,1023,0,1555,0
1175,3.42650,0.20550,2.37820,0.81460,0.02740,0,0,0,2396,5,0,1023,1023,0,1555,0
1176,3.26950,0.19790,2.27620,0.76900,0.02520,0,0,0,2396,5,0,1023,1023,0,1555,0
1177,3.22680,0.20310,2.25160,0.74420,0.02650,0,0,0,2396,5,0,1023,1023,0,1555,0
1178,3.37120,0.20550,2.31390,0.81690,0.03390,0,0,0,2396,5,0,1023,1023,0,1555,0
1179,3.32450,0.20390,2.24310,0.84560,0.03100,0,0,0,2396,5,0,1023,1023,0,1555,0
1180,3.39300,0.19580,2.35370,0.81890,0.02320,0,0,0,2396,5,0,1023,1023,0,1555,0
1181,3.34280,0.21120,2.30520,0.79680,0.02880,0,0,0,2396,5,0,1023,1023,0,1555,0
1182,3.28990,0.20000,2.27470,0.78620,0.02790,0,0,0,2396,5,0,1023,1023,0,1555,0
1183,3.33460,0.20590,2.30800,0.77210,0.04760,0,0,0,2396,5,0,1024,1024,0,1555,0
1184,3.39040,0.20120,2.40420,0.75560,0.02860,0,0,0,2396,5,0,1024,1024,0,1555,0
1185,3.39410,0.19580,2.31300,0.83380,0.05070,0,0,0,2396,5,0,1024,1024,0,1555,0
1186,5.47400,2.18040,2.52950,0.73090,0.03230,0,0,0,2396,5,0,1024,1024,0,1555,0
1187,3.34110,0.20260,2.36400,0.74360,0.03020,0,0,0,2396,5,0,1024,1024,0,1555,0
1188,3.51020,0.20610,2.40390,0.85630,0.04300,0,0,0,2396,5,0,1024,1024,0,1555,0
1189,3.37400,0.22820,2.28200,0.81570,0.04690,0,0,0,2396,5,0,1024,1024,0,1555,0
1190,3.38310,0.23000,2.33760,0.79030,0.02420,0,0,0,2396,5,0,1024,1024,0,1555,0
1191,3.67370,0.21950,2.51310,0.89400,0.04620,0,0,0,2396,5,0,1024,1024,0,1555,0
1192,3.59420,0.21520,2.56620,0.78520,0.02680,0,0,0,2396,5,0,1024,1024,0,1555,0
1193,3.55810,0.22140,2.53730,0.76960,0.02900,0,0,0,2396,5,0,1024,1024,0,1555,0
1194,3.52080,0.20370,2.46680,0.81540,0.03420,0,0,0,2396,5,0,1024,1024,0,1555,0
1195,3.77550,0.19520,2.74810,0.79610,0.03520,0,0,0,2396,5,0,1024,1024,0,1555,0
1196,3.66110,0.19530,2.49870,0.91710,0.04910,0,0,0,2396,5,0,1024,1024,0,1555,0
1197,3.87450,0.19070,2.86100,0.79260,0.02930,0,0,0,2396,5,0,1024,1024,0,1555,0
1198,3.70330,0.19680,2.62540,0.84820,0.03210,0,0,0,2396,5,0,1024,1024,0,1555,0
1199,3.86710,0.25580,2.50970,1.04700,0.05350,0,0,0,2396,5,0,1024,1024,0,1555,0
1200,3.50290,0.20100,2.48820,0.77930,0.03350,0,0,0,2396,5,0,1024,1024,0,1555,0
1201,5.35390,1.95730,2.62610,0.74370,0.02500,0,0,0,2396,5,0,1024,1024,0,1555,0
1202,3.86920,0.18130,2.86430,0.79580,0.02700,0,0,0,2396,5,0,1024,1024,0,1555,0
1203,3.84110,0.17770,2.87150,0.76930,0.02140,0,0,0,2396,5,0,1024,1024,0,1555,0
1204,3.59790,0.18080,2.64810,0.75030,0.01810,0,0,0,2396,5,0,1024,1024,0,1555,0
1205,3.88480,0.17770,2.90740,0.77720,0.02140,0,0,0,2396,5,0,1024,1024,0,1555,0
1206,5.08630,0.17010,4.04010,0.85120,0.02420,0,0,0,2396,5,0,1024,1024,0,1555,0
1207,4.18850,0.17790,3.06870,0.91690,0.02430,0,0,0,2396,5,0,1024,1024,0,1555,0
1208,3.99060,0.17220,2.99270,0.80350,0.02160,0,0,0,2396,5,0,1024,1024,0,1555,0
1209,4.45010,0.19890,3.44490,0.78470,0.02070,0,0,0,2396,5,0,1024,1024,0,1555,0
1210,4.14260,0.17190,3.09710,0.85010,0.02220,0,0,0,2396,5,0,1024,1024,0,1555,0
1211,3.53060,0.17010,2.57810,0.74990,0.03190,0,0,0,2396,5,0,1024,1024,0,1555,0
1212,3.55740,0.19190,2.50870,0.82060,0.03460,0,0,0,2396,5,0,1024,1024,0,1555,0
1213,4.04520,0.23990,2.78440,0.98420,0.03560,0,0,0,2396,5,0,1024,1024,0,1555,0
1214,3.64930,0.22000,2.62330,0.78180,0.02310,0,0,0,2396,5,0,1024,1024,0,1555,0
1215,3.36940,0.19580,2.33920,0.80970,0.02370,0,0,0,2396,5,0,1024,1024,0,1555,0
1216,4.96990,1.80890,2.35380,0.77300,0.03340,0,0,0,2396,5,0,1024,1024,0,1555,0
1217,3.48850,0.19860,2.45570,0.80090,0.03170,0,0,0,2396,5,0,1024,1024,0,1555,0
1218,3.42080,0.20710,2.39720,0.78100,0.03470,0,0,0,2396,5,0,1024,1024,0,1555,0
1219,3.87710,0.21890,2.74920,0.87370,0.03410,0,0,0,2396,5,0,1024,1024,0,1555,0
1220,3.53990,0.20010,2.48080,0.82530,0.03290,0,0,0,2396,5,0,1024,1024,0,1555,0
1221,3.47500,0.19870,2.49750,0.75140,0.02650,0,0,0,2396,5,0,1024,1024,0,1555,0
1222,3.39530,0.20630,2.34550,0.81210,0.03060,0,0,0,2396,5,0,1024,1024,0,1555,0
1223,3.34200,0.21130,2.30850,0.79240,0.02880,0,0,0,2396,5,0,1024,1024,0,1555,0
1224,3.28460,0.22090,2.28180,0.75550,0.02570,0,0,0,2396,5,0,1024,1024,0,1555,0
1225,3.32840,0.28320,2.21200,0.80070,0.03120,0,0,0,2396,5,0,1024,1024,0,1555,0
1226,3.22640,0.20750,2.24660,0.74440,0.02720,0,0,0,2396,5,0,1024,1024,0,1555,0
1227,3.56660,0.23940,2.47740,0.81730,0.03160,0,0,0,2396,5,0,1024,1024,0,1555,0
1228,3.39670,0.22540,2.32230,0.81780,0.03040,0,0,0,2396,5,0,1024,1024,0,1555,0
1229,3.52160,0.20480,2.39900,0.88610,0.03090,0,0,0,2396,5,0,1024,1024,0,1555,0
1230,3.58260,0.29200,2.49660,0.76220,0.03070,0,0,0,2396,5,0,1024,1024,0,1555,0
1231,5.96900,1.90720,3.01960,1.00780,0.03300,0,0,0,2396,5,0,1024,1024,0,1555,0
1232,4.75290,0.17450,3.66720,0.89410,0.01650,0,0,0,2396,5,0,1024,1024,0,1555,0
1233,4.63500,0.17000,3.71810,0.72510,0.02110,0,0,0,2396,5,0,1024,1024,0,1555,0
1234,3.45890,0.18080,2.52260,0.73770,0.01700,0,0,0,2396,5,0,1024,1024,0,1555,0
1235,3.87870,0.17810,2.94820,0.73160,0.02010,0,0,0,2396,5,0,1024,1024,0,1555,0
1236,3.64910,0.19260,2.67450,0.75920,0.02200,0,0,0,2396,5,0,1024,1024,0,1555,0
1237,3.62500,0.18990,2.67190,0.74340,0.01910,0,0,0,2396,5,0,1024,1024,0,1555,0
1238,3.55220,0.18760,2.58380,0.76200,0.01790,0,0,0,2396,5,0,1024,1024,0,1555,0
1239,4.05930,0.17760,3.08500,0.77650,0.01930,0,0,0,2396,5,0,1024,1024,0,1555,0
1240,3.63840,0.23590,2.67460,0.70650,0.02070,0,0,0,2396,5,0,1024,1024,0,1555,0
1241,3.54720,0.21620,2.58860,0.72230,0.01920,0,0,0,2396,5,0,1024,1024,0,1555,0
1242,3.47940,0.17650,2.55970,0.72340,0.01890,0,0,0,2396,5,0,1024,1024,0,1555,0
1243,3.85080,0.17240,2.89030,0.76680,0.02040,0,0,0,2396,5,0,1024,1024,0,1555,0
1244,3.43950,0.16140,2.54900,0.71100,0.01730,0,0,0,2396,5,0,1024,1024,0,1555,0
1245,4.06720,0.19160,3.10180,0.75220,0.02110,0,0,0,2396,5,0,1024,1024,0,1555,0
1246,6.27300,1.72540,3.71260,0.81330,0.02090,0,0,0,2396,5,0,1024,1024,0,1555,0
1247,3.53550,0.20540,2.56780,0.74150,0.02010,0,0,0,2396,5,0,1024,1024,0,1555,0
1248,3.50890,0.21030,2.52340,0.74950,0.02480,0,0,0,2396,5,0,1024,1024,0,1555,0
1249,4.13230,0.19010,3.15030,0.77160,0.01960,0,0,0,2396,5,0,1024,1024,0,1555,0
1250,3.46150,0.17630,2.55640,0.70950,0.01860,0,0,0,2396,5,0,1024,1024,0,1555,0
1251,3.51960,0.18050,2.59060,0.72540,0.02220,0,0,0,2396,5,0,1024,1024,0,1555,0
1252,3.42960,0.19510,2.46990,0.73790,0.02580,0,0,0,2396,5,0,1024,1024,0,1555,0
1253,3.57300,0.21090,2.55300,0.78250,0.02570,0,0,0,2396,5,0,1024,1024,0,1555,0
1254,3.62330,0.18890,2.64710,0.75440,0.03200,0,0,0,2396,5,0,1024,1024,0,1555,0
1255,3.70880,0.20610,2.62990,0.84610,0.02540,0,0,0,2396,5,0,1024,1024,0,1555,0
1256,3.49410,0.20130,2.50590,0.75030,0.03560,0,0,0,2396,5,0,1024,1024,0,1555,0
1257,3.54930,0.20020,2.56230,0.75830,0.02720,0,0,0,2396,5,0,1024,1024,0,1555,0
1258,3.70670,0.19910,2.64690,0.82820,0.03110,0,0,0,2396,5,0,1024,1024,0,1555,0
1259,3.26450,0.20470,2.26560,0.76580,0.02700,0,0,0,2396,5,0,1024,1024,0,1555,0
1260,3.59210,0.27770,2.48490,0.80480,0.02340,0,0,0,2396,5,0,1024,1024,0,1555,0
1261,5.23610,1.88650,2.48290,0.82210,0.04290,0,0,0,2396,5,0,1024,1024,0,1555,0
1262,3.21930,0.21390,2.23200,0.74000,0.03240,0,0,0,2396,5,0,1024,1024,0,1555,0
1263,3.19830,0.18420,2.20000,0.79020,0.02280,0,0,0,2396,5,0,1024,1024,0,1555,0
1264,3.26650,0.21040,2.22940,0.79970,0.02620,0,0,0,2396,5,0,1024,1024,0,1555,0
1265,3.44300,0.21170,2.39940,0.79870,0.03210,0,0,0,2396,5,0,1024,1024,0,1555,0
1266,3.28920,0.19450,2.28550,0.78500,0.02300,0,0,0,2396,5,0,1024,1024,0,1555,0
1267,3.27390,0.22290,2.27580,0.74900,0.02530,0,0,0,2396,5,0,1024,1024,0,1555,0
1268,3.23520,0.20320,2.26230,0.73680,0.03160,0,0,0,2396,5,0,1024,1024,0,1555,0
1269,3.28490,0.19080,2.26560,0.79650,0.03100,0,0,0,2396,5,0,1024,1024,0,1555,0
1270,3.14560,0.19060,2.19220,0.74150,0.02040,0,0,0,2396,5,0,1024,1024,0,1555,0
1271,3.25600,0.20380,2.26070,0.76560,0.02490,0,0,0,2396,5,0,1024,1024,0,1555,0
1272,3.27270,0.20350,2.29620,0.74550,0.02620,0,0,0,2396,5,0,1024,1024,0,1555,0
1273,3.36050,0.20540,2.36560,0.76260,0.02560,0,0,0,2396,5,0,1024,1024,0,1555,0
1274,3.25570,0.19480,2.25560,0.78130,0.02270,0,0,0,2396,5,0,1024,1024,0,1555,0
1275,3.30910,0.20410,2.25520,0.82120,0.02770,0,0,0,2396,5,0,1024,1024,0,1555,0
1276,4.91050,1.70270,2.41490,0.75860,0.03350,0,0,0,2396,5,0,1024,1024,0,1555,0
1277,3.10640,0.18600,2.10790,0.78850,0.02330,0,0,0,2396,5,0,1024,1024,0,1555,0
1278,3.14300,0.21220,2.16050,0.74680,0.02300,0,0,0,2396,5,0,1024,1024,0,1555,0
1279,3.26360,0.21490,2.25240,0.77320,0.02240,0,0,0,2396,5,0,1024,1024,0,1555,0
1280,3.04560,0.21000,2.08470,0.72680,0.02350,0,0,0,2396,5,0,1024,1024,0,1555,0
1281,3.24160,0.21260,2.18300,0.81460,0.03080,0,0,0,2396,5,0,1024,1024,0,1555,0
1282,3.01490,0.19840,2.09110,0.70140,0.02310,0,0,0,2396,5,0,1024,1024,0,1555,0
1283,3.19740,0.18210,2.20310,0.78100,0.03030,0,0,0,2396,5,0,1024,1024,0,1555,0
1284,3.27510,0.22140,2.24710,0.78010,0.02550,0,0,0,2396,5,0,1024,1024,0,1555,0
1285,3.17260,0.18660,2.16620,0.79070,0.02830,0,0,0,2396,5,0,1024,1024,0,1555,0
1286,3.31550,0.19320,2.27360,0.82480,0.02340,0,0,0,2396,5,0,1024,1024,0,1555,0
1287,3.38180,0.20910,2.32780,0.81080,0.03350,0,0,0,2396,5,0,1024,1024,0,1555,0
1288,3.18940,0.20860,2.19230,0.73820,0.04940,0,0,0,2396,5,0,1024,1024,0,1555,0
1289,3.39130,0.19790,2.33940,0.82930,0.02400,0,0,0,2396,5,0,1024,1024,0,1555,0
1290,3.18730,0.21880,2.14650,0.79460,0.02680,0,0,0,2396,5,0,1024,1024,0,1555,0
1291,6.65450,1.99050,3.85790,0.78340,0.02140,0,0,0,2396,5,0,1024,1024,0,1555,0
1292,4.45870,0.18910,3.31580,0.93180,0.02120,0,0,0,2396,5,0,1024,1024,0,1555,0
1293,5.13880,0.18270,4.14720,0.78190,0.02620,0,0,0,2396,5,0,1024,1024,0,1555,0
1294,3.91230,0.17730,2.97630,0.74100,0.01700,0,0,0,2396,5,0,1024,1024,0,1555,0
1295,4.39780,0.16540,3.43130,0.78230,0.01800,0,0,0,2396,5,0,1024,1024,0,1555,0
1296,4.52700,0.19370,3.53110,0.77910,0.02220,0,0,0,2396,5,0,1024,1024,0,1555,0
1297,3.93350,0.18600,2.93580,0.79420,0.01680,0,0,0,2396,5,0,1024,1024,0,1555,0
1298,5.54070,0.20070,4.53850,0.77870,0.02200,0,0,0,2396,5,0,1024,1024,0,1555,0
1299,3.67640,0.19510,2.71390,0.74640,0.02040,0,0,0,2396,5,0,1024,1024,0,1555,0
1300,3.63140,0.19160,2.63040,0.79000,0.01870,0,0,0,2396,5,0,1024,1024,0,1555,0
1301,3.85070,0.18980,2.88640,0.75300,0.02060,0,0,0,2396,5,0,1024,1024,0,1555,0
1302,3.55050,0.17760,2.62560,0.72700,0.01950,0,0,0,2396,5,0,1024,1024,0,1555,0
1303,3.63130,0.21100,2.60590,0.79000,0.02360,0,0,0,2396,5,0,1024,1024,0,1555,0
1304,3.52530,0.19020,2.51620,0.79330,0.02490,0,0,0,2396,5,0,1024,1024,0,1555,0
1305,3.41180,0.20130,2.44080,0.74760,0.02120,0,0,0,2396,5,0,1024,1024,0,1555,0
1306,5.16150,1.79150,2.61090,0.73090,0.02750,0,0,0,2396,5,0,1024,1024,0,1555,0
1307,3.44470,0.19090,2.50090,0.72530,0.02680,0,0,0,2396,5,0,1024,1024,0,1555,0
1308,5.08170,0.20930,4.03040,0.81560,0.02520,0,0,0,2396,5,0,1024,1024,0,1555,0
1309,3.52730,0.19830,2.47160,0.83270,0.02390,0,0,0,2396,5,0,1024,1024,0,1555,0
1310,3.45280,0.21200,2.50380,0.71370,0.02260,0,0,0,2396,5,0,1024,1024,0,1555,0
1311,3.37910,0.19850,2.39190,0.76600,0.02170,0,0,0,2396,5,0,1024,1024,0,1555,0
1312,3.34140,0.20090,2.37680,0.73620,0.02680,0,0,0,2396,5,0,1024,1024,0,1555,0
1313,3.40030,0.20740,2.41810,0.74750,0.02650,0,0,0,2396,5,0,1024,1024,0,1555,0
1314,3.46630,0.21050,2.48310,0.74450,0.02760,0,0,0,2396,5,0,1024,1024,0,1555,0
1315,3.28950,0.20980,2.31950,0.72820,0.03130,0,0,0,2396,5,0,1024,1024,0,1555,0
1316,3.50000,0.18740,2.46730,0.81660,0.02800,0,0,0,2396,5,0,1024,1024,0,1555,0
1317,3.44840,0.20550,2.47440,0.73840,0.02930,0,0,0,2396,5,0,1024,1024,0,1555,0
1318,3.36470,0.20880,2.32610,0.80230,0.02680,0,0,0,2396,5,0,1024,1024,0,1555,0
1319,3.30610,0.20100,2.34620,0.73620,0.02210,0,0,0,2396,5,0,1024,1024,0,1555,0
1320,3.45020,0.24860,2.37280,0.80020,0.02770,0,0,0,2396,5,0,1024,1024,0,1555,0
1321,7.00240,2.09100,3.98380,0.89300,0.03290,0,0,0,2396,5,0,1024,1024,0,1555,0
1322,5.57150,0.17640,4.55720,0.82010,0.01710,0,0,0,2396,5,0,1024,1024,0,1555,0
1323,6.15100,0.15640,5.03140,0.93960,0.02280,0,0,0,2396,5,0,1024,1024,0,1555,0
1324,6.05920,0.18700,4.97210,0.87470,0.02370,0,0,0,2396,5,0,1024,1024,0,1555,0
1325,5.43610,0.16090,3.91620,1.27250,0.08550,0,0,0,2396,5,0,1024,1024,0,1555,0
1326,4.42440,0.17980,3.43960,0.77890,0.02540,0,0,0,2396,5,0,1024,1024,0,1555,0
1327,4.65820,0.28890,3.53150,0.81660,0.02050,0,0,0,2396,5,0,1024,1024,0,1555,0
1328,5.10930,0.18110,3.84450,0.88150,0.20110,0,0,0,2396,5,0,1024,1024,0,1555,0
1329,4.47540,0.20000,3.43500,0.81800,0.02170,0,0,0,2396,5,0,1024,1024,0,1555,0
1330,4.61890,0.18310,3.64370,0.77380,0.01750,0,0,0,2396,5,0,1024,1024,0,1555,0
1331,4.62330,0.18890,3.46670,0.94150,0.02550,0,0,0,2396,5,0,1024,1024,0,1555,0
1332,3.93300,0.22830,2.88290,0.80210,0.01900,0,0,0,2396,5,0,1024,1024,0,1555,0
1333,4.48020,0.18710,3.41190,0.80700,0.07330,0,0,0,2396,5,0,1024,1024,0,1555,0
1334,4.05440,0.22830,2.97460,0.83340,0.01750,0,0,0,2396,5,0,1024,1024,0,1555,0
1335,4.42000,0.19290,3.42770,0.78140,0.01740,0,0,0,2396,5,0,1024,1024,0,1555,0
1336,5.55840,1.80360,2.96520,0.76660,0.02240,0,0,0,2396,5,0,1024,1024,0,1555,0
1337,3.68480,0.17810,2.73800,0.74740,0.02050,0,0,0,2396,5,0,1024,1024,0,1555,0
1338,3.58560,0.19070,2.65000,0.72630,0.01780,0,0,0,2396,5,0,1024,1024,0,1555,0
1339,4.81550,0.16760,3.78720,0.79030,0.06970,0,0,0,2396,5,0,1024,1024,0,1555,0
1340,4.80200,0.18600,3.76000,0.83160,0.02350,0,0,0,2396,5,0,1024,1024,0,1555,0
1341,3.44710,0.16230,2.51640,0.73890,0.02870,0,0,0,2396,5,0,1024,1024,0,1555,0
1342,3.55970,0.17680,2.58290,0.77790,0.02130,0,0,0,2396,5,0,1024,1024,0,1555,0
1343,3.47620,0.16560,2.53220,0.75400,0.02380,0,0,0,2396,5,0,1024,1024,0,1555,0
1344,3.50420,0.19480,2.59260,0.69700,0.01930,0,0,0,2396,5,0,1024,1024,0,1555,0
1345,3.53740,0.17760,2.52990,0.81380,0.01560,0,0,0,2396,5,0,1024,1024,0,1555,0
1346,3.47030,0.17770,2.54850,0.72500,0.01830,0,0,0,2396,5,0,1024,1024,0,1555,0
1347,3.45530,0.18790,2.54790,0.69870,0.02020,0,0,0,2396,5,0,1024,1024,0,1555,0
1348,3.83620,0.16220,2.91030,0.74360,0.01920,0,0,0,2396,5,0,1024,1024,0,1555,0
1349,3.58460,0.21040,2.61920,0.73560,0.01880,0,0,0,2396,5,0,1024,1024,0,1555,0
1350,3.48640,0.18660,2.56700,0.71270,0.01950,0,0,0,2396,5,0,1024,1024,0,1555,0
1351,5.18000,1.82760,2.58470,0.73770,0.02780,0,0,0,2396,5,0,1024,1024,0,1555,0
1352,3.35550,0.22640,2.37470,0.72870,0.02490,0,0,0,2396,5,0,1024,1024,0,1555,0
1353,3.50780,0.19350,2.55680,0.73110,0.02570,0,0,0,2396,5,0,1024,1024,0,1555,0
1354,3.46730,0.19710,2.49820,0.74590,0.02520,0,0,0,2396,5,0,1024,1024,0,1555,0
1355,3.37590,0.21920,2.35000,0.77890,0.02680,0,0,0,2396,5,0,1024,1024,0,1555,0
1356,3.46610,0.27520,2.35860,0.80460,0.02680,0,0,0,2396,5,0,1024,1024,0,1555,0
1357,3.40580,0.20190,2.42900,0.74620,0.02790,0,0,0,2396,5,0,1024,1024,0,1555,0
1358,3.37430,0.18360,2.39010,0.75760,0.04240,0,0,0,2396,5,0,1024,1024,0,1555,0
1359,3.26630,0.20280,2.23640,0.79970,0.02650,0,0,0,2396,5,0,1024,1024,0,1555,0
1360,3.27490,0.20450,2.32080,0.72270,0.02620,0,0,0,2396,5,0,1024,1024,0,1555,0
1361,3.20080,0.19850,2.27690,0.70100,0.02370,0,0,0,2396,5,0,1024,1024,0,1555,0
1362,3.41360,0.22290,2.38220,0.78230,0.02550,0,0,0,2396,5,0,1024,1024,0,1555,0
1363,3.33180,0.20990,2.30000,0.79770,0.02270,0,0,0,2396,5,0,1024,1024,0,1555,0
1364,3.35410,0.20640,2.30700,0.81610,0.02360,0,0,0,2396,5,0,1024,1024,0,1555,0
1365,3.31310,0.18670,2.36800,0.73240,0.02540,0,0,0,2396,5,0,1024,1024,0,1555,0
1366,4.89190,1.73150,2.35210,0.75880,0.04870,0,0,0,2396,5,0,1024,1024,0,1555,0
1367,3.23710,0.21520,2.28380,0.71480,0.02260,0,0,0,2396,5,0,1024,1024,0,1555,0
1368,3.27340,0.20960,2.30660,0.73310,0.02320,0,0,0,2396,5,0,1024,1024,0,1555,0
1369,3.16800,0.18800,2.20040,0.75280,0.02590,0,0,0,2396,5,0,1024,1024,0,1555,0
1370,3.24630,0.21890,2.30060,0.70260,0.02350,0,0,0,2396,5,0,1024,1024,0,1555,0
1371,3.27000,0.20540,2.31270,0.71700,0.03420,0,0,0,2396,5,0,1024,1024,0,1555,0
1372,3.30440,0.17140,2.34300,0.76170,0.02750,0,0,0,2396,5,0,1024,1024,0,1555,0
1373,3.37880,0.22840,2.37240,0.74680,0.03030,0,0,0,2396,5,0,1024,1024,0,1555,0
1374,3.30560,0.20470,2.32270,0.73960,0.03790,0,0,0,2396,5,0,1024,1024,0,1555,0
1375,3.28320,0.20760,2.29120,0.76120,0.02230,0,0,0,2396,5,0,1024,1024,0,1555,0
1376,3.21110,0.22320,2.23570,0.73020,0.02130,0,0,0,2396,5,0,1024,1024,0,1555,0
1377,3.18980,0.21670,2.23170,0.71750,0.02330,0,0,0,2396,5,0,1024,1024,0,1555,0
1378,3.38180,0.22060,2.37820,0.75790,0.02450,0,0,0,2396,5,0,1024,1024,0,1555,0
1379,3.28030,0.18810,2.29910,0.76750,0.02500,0,0,0,2396,5,0,1024,1024,0,1555,0
1380,3.28640,0.21260,2.28810,0.75400,0.03090,0,0,0,2396,5,0,1024,1024,0,1555,0
1381,4.85520,1.72430,2.34880,0.75550,0.02440,0,0,0,2396,5,0,1024,1024,0,1555,0
1382,3.56110,0.19860,2.40670,0.92690,0.02790,0,0,0,2396,5,0,1024,1024,0,1555,0
1383,3.55040,0.20590,2.42390,0.88950,0.03030,0,0,0,2396,5,0,1024,1024,0,1555,0
1384,3.25350,0.21390,2.24680,0.75950,0.03250,0,0,0,2396,5,0,1024,1024,0,1555,0
1385,3.47000,0.19380,2.46310,0.78820,0.02400,0,0,0,2396,5,0,1024,1024,0,1555,0
1386,3.37580,0.21060,2.38170,0.76120,0.02150,0,0,0,2396,5,0,1024,1024,0,1555,0
1387,3.22050,0.20120,2.24810,0.73200,0.03820,0,0,0,2396,5,0,1024,1024,0,1555,0
1388,3.28610,0.22220,2.29050,0.74330,0.02950,0,0,0,2396,5,0,1024,1024,0,1555,0
1389,3.44170,0.18770,2.42530,0.80240,0.02550,0,0,0,2396,5,0,1024,1024,0,1555,0
1390,3.18660,0.18450,2.23000,0.74680,0.02450,0,0,0,2396,5,0,1024,1024,0,1555,0
1391,3.29230,0.20950,2.26690,0.78880,0.02630,0,0,0,2396,5,0,1024,1024,0,1555,0
1392,3.29610,0.20150,2.25100,0.81640,0.02640,0,0,0,2396,5,0,1024,1024,0,1555,0
1393,3.32620,0.19570,2.24580,0.85440,0.02970,0,0,0,2396,5,0,1024,1024,0,1555,0
1394,3.19500,0.18240,2.19350,0.79620,0.02210,0,0,0,2396,5,0,1024,1024,0,1555,0
1395,3.15750,0.20180,2.21520,0.71790,0.02200,0,0,0,2396,5,0,1024,1024,0,1555,0
1396,5.18530,2.04730,2.33590,0.77460,0.02660,0,0,0,2396,5,0,1024,1024,0,1555,0
1397,3.16000,0.20480,2.18560,0.74680,0.02190,0,0,0,2396,5,0,1024,1024,0,1555,0
1398,3.29260,0.22270,2.29890,0.74550,0.02470,0,0,0,2396,5,0,1024,1024,0,1555,0
1399,3.25050,0.19950,2.26440,0.76280,0.02300,0,0,0,2396,5,0,1024,1024,0,1555,0
1400,3.27760,0.22420,2.24490,0.78280,0.02500,0,0,0,2396,5,0,1024,1024,0,1555,0
1401,3.23230,0.18350,2.26630,0.75810,0.02370,0,0,0,2396,5,0,1024,1024,0,1555,0
1402,3.27640,0.20030,2.25830,0.79320,0.02410,0,0,0,2396,5,0,1024,1024,0,1555,0
1403,3.37010,0.19380,2.31170,0.82560,0.03810,0,0,0,2396,5,0,1024,1024,0,1555,0
1404,3.15770,0.26490,2.15670,0.71260,0.02260,0,0,0,2396,5,0,1024,1024,0,1555,0
1405,3.34870,0.20100,2.29870,0.82100,0.02720,0,0,0,2396,5,0,1024,1024,0,1555,0
1406,3.14990,0.20580,2.16580,0.74780,0.02970,0,0,0,2396,5,0,1024,1024,0,1555,0
1407,3.22360,0.20210,2.23990,0.75460,0.02620,0,0,0,2396,5,0,1024,1024,0,1555,0
1408,3.16660,0.19570,2.19270,0.75340,0.02380,0,0,0,2396,5,0,1024,1024,0,1555,0
1409,3.19060,0.19720,2.16790,0.78590,0.03860,0,0,0,2396,5,0,1024,1024,0,1555,0
1410,3.26420,0.19420,2.24780,0.79540,0.02620,0,0,0,2396,5,0,1024,1024,0,1555,0
1411,5.48150,2.11740,2.55570,0.76150,0.04450,0,0,0,2396,5,0,1024,1024,0,1555,0
1412,3.67070,0.31750,2.58510,0.74450,0.02300,0,0,0,2396,5,0,1024,1024,0,1555,0
1413,3.76550,0.18660,2.78270,0.76790,0.02750,0,0,0,2396,5,0,1024,1024,0,1555,0
1414,3.42560,0.19350,2.44080,0.76000,0.03050,0,0,0,2396,5,0,1024,1024,0,1555,0
1415,3.71890,0.20340,2.72380,0.76080,0.03010,0,0,0,2396,5,0,1024,1024,0,1555,0
1416,3.58110,0.20270,2.58260,0.76030,0.03460,0,0,0,2396,5,0,1024,1024,0,1555,0
1417,3.58150,0.20800,2.58350,0.76160,0.02750,0,0,0,2396,5,0,1024,1024,0,1555,0
1418,3.44160,0.19300,2.45690,0.76670,0.02430,0,0,0,2396,5,0,1024,1024,0,1555,0
1419,3.65950,0.19990,2.58080,0.84270,0.03510,0,0,0,2396,5,0,1024,1024,0,1555,0
1420,3.37100,0.20430,2.39650,0.74660,0.02280,0,0,0,2396,5,0,1024,1024,0,1555,0
1421,3.50620,0.20120,2.49840,0.77160,0.03430,0,0,0,2396,5,0,1024,1024,0,1555,0
1422,3.36020,0.20590,2.31840,0.80480,0.03010,0,0,0,2396,5,0,1024,1024,0,1555,0
1423,3.27200,0.19640,2.30400,0.73860,0.03230,0,0,0,2396,5,0,1024,1024,0,1555,0
1424,3.19040,0.20810,2.21070,0.74630,0.02440,0,0,0,2396,5,0,1024,1024,0,1555,0
1425,3.34370,0.19940,2.36550,0.74970,0.02830,0,0,0,2396,5,0,1024,1024,0,1555,0
1426,5.29790,2.14620,2.36090,0.76880,0.02140,0,0,0,2396,5,0,1024,1024,0,1555,0
1427,3.26760,0.20220,2.24350,0.79740,0.02370,0,0,0,2396,5,0,1024,1024,0,1555,0
1428,3.28610,0.21720,2.25980,0.78350,0.02480,0,0,0,2396,5,0,1024,1024,0,1555,0
1429,3.25390,0.20190,2.28010,0.74830,0.02280,0,0,0,2396,5,0,1024,1024,0,1555,0
1430,3.30660,0.19930,2.35730,0.72690,0.02250,0,0,0,2396,5,0,1024,1024,0,1555,0
1431,3.25900,0.19830,2.23070,0.80310,0.02620,0,0,0,2396,5,0,1024,1024,0,1555,0
1432,3.20680,0.18310,2.27660,0.71480,0.03160,0,0,0,2396,5,0,1024,1024,0,1555,0
1433,3.24200,0.18380,2.23330,0.80200,0.02210,0,0,0,2396,5,0,1024,1024,0,1555,0
1434,3.33050,0.19880,2.32680,0.78200,0.02230,0,0,0,2396,5,0,1024,1024,0,1555,0
1435,3.17960,0.20440,2.19780,0.72240,0.05430,0,0,0,2396,5,0,1024,1024,0,1555,0
1436,3.24720,0.18690,2.22810,0.80620,0.02510,0,0,0,2396,5,0,1024,1024,0,1555,0
1437,3.25850,0.20710,2.27960,0.74350,0.02760,0,0,0,2396,5,0,1024,1024,0,1555,0
1438,3.18880,0.20580,2.16670,0.78810,0.02750,0,0,0,2396,5,0,1024,1024,0,1555,0
1439,3.21470,0.19630,2.23370,0.75140,0.03260,0,0,0,2396,5,0,1024,1024,0,1555,0
1440,3.20120,0.19330,2.18840,0.79590,0.02290,0,0,0,2396,5,0,1024,1024,0,1555,0
1441,4.93660,1.85900,2.27580,0.77990,0.02030,0,0,0,2396,5,0,1024,1024,0,1555,0
1442,3.09340,0.21760,2.12110,0.72700,0.02690,0,0,0,2396,5,0,1024,1024,0,1555,0
1443,3.26610,0.21270,2.29410,0.73220,0.02630,0,0,0,2396,5,0,1024,1024,0,1555,0
1444,3.14270,0.18820,2.18330,0.73940,0.03110,0,0,0,2396,5,0,1024,1024,0,1555,0
1445,3.15260,0.20040,2.21280,0.71500,0.02360,0,0,0,2396,5,0,1024,1024,0,1555,0
1446,3.19710,0.23060,2.13130,0.80870,0.02590,0,0,0,2396,5,0,1024,1024,0,1555,0
1447,3.13390,0.21410,2.15530,0.73410,0.02960,0,0,0,2396,5,0,1024,1024,0,1555,0
1448,3.15370,0.21370,2.12180,0.78710,0.03040,0,0,0,2396,5,0,1024,1024,0,1555,0
1449,3.20390,0.19110,2.23980,0.74650,0.02600,0,0,0,2396,5,0,1024,1024,0,1555,0
1450,3.18470,0.21580,2.17610,0.76490,0.02720,0,0,0,2396,5,0,1024,1024,0,1555,0
1451,3.17700,0.21560,2.17580,0.73420,0.05080,0,0,0,2396,5,0,1024,1024,0,1555,0
1452,3.41550,0.20380,2.41740,0.76690,0.02650,0,0,0,2396,5,0,1024,1024,0,1555,0
1453,3.04490,0.21810,2.08450,0.71120,0.03040,0,0,0,2396,5,0,1024,1024,0,1555,0
1454,3.17790,0.21780,2.17330,0.75720,0.02880,0,0,0,2396,5,0,1024,1024,0,1555,0
1455,3.19490,0.21790,2.21230,0.73830,0.02580,0,0,0,2396,5,0,1024,1024,0,1555,0
1456,4.84140,1.81740,2.25970,0.73510,0.02860,0,0,0,2396,5,0,1024,1024,0,1555,0
1457,3.14650,0.20340,2.18440,0.72900,0.02890,0,0,0,2396,5,0,1024,1024,0,1555,0
1458,3.16180,0.19210,2.11950,0.81890,0.03050,0,0,0,2396,5,0,1024,1024,0,1555,0
1459,3.03710,0.18720,2.11400,0.70380,0.03130,0,0,0,2396,5,0,1024,1024,0,1555,0
1460,3.07380,0.19970,2.11200,0.73070,0.03060,0,0,0,2396,5,0,1024,1024,0,1555,0
1461,3.22200,0.20260,2.25310,0.73670,0.02870,0,0,0,2396,5,0,1024,1024,0,1555,0
1462,3.12360,0.19910,2.11770,0.77710,0.02900,0,0,0,2396,5,0,1024,1024,0,1555,0
1463,3.15080,0.19140,2.14490,0.78690,0.02680,0,0,0,2396,5,0,1024,1024,0,1555,0
1464,3.20660,0.19880,2.11980,0.86080,0.02650,0,0,0,2396,5,0,1024,1024,0,1555,0
1465,3.11470,0.19780,2.13850,0.75250,0.02530,0,0,0,2396,5,0,1024,1024,0,1555,0
1466,3.17540,0.21170,2.19230,0.72230,0.02740,0,0,0,2396,5,0,1024,1024,0,1555,0
1467,3.05960,0.19260,2.11890,0.72030,0.02700,0,0,0,2396,5,0,1024,1024,0,1555,0
1468,3.02890,0.21850,2.08610,0.69780,0.02590,0,0,0,2396,5,0,1024,1024,0,1555,0
1469,3.08410,0.19680,2.13550,0.72180,0.02920,0,0,0,2396,5,0,1024,1024,0,1555,0
1470,3.17690,0.18630,2.13950,0.82190,0.02850,0,0,0,2396,5,0,1024,1024,0,1555,0
1471,7.00340,2.23840,3.87420,0.86760,0.02210,0,0,0,2396,5,0,1024,1024,0,1555,0
1472,4.63820,0.29980,3.49700,0.81810,0.02260,0,0,0,2396,5,0,1024,1024,0,1555,0
1473,4.94600,0.16140,3.94350,0.81970,0.02080,0,0,0,2396,5,0,1024,1024,0,1555,0
1474,6.07840,0.16040,5.02840,0.87450,0.01430,0,0,0,2396,5,0,1024,1024,0,1555,0
1475,5.69020,0.20670,4.67300,0.79140,0.01850,0,0,0,2396,5,0,1024,1024,0,1555,0
1476,4.48780,0.15960,3.48250,0.82920,0.01580,0,0,0,2396,5,0,1024,1024,0,1555,0
1477,4.17530,0.16090,3.21110,0.78340,0.01920,0,0,0,2396,5,0,1024,1024,0,1555,0
1478,4.76720,0.16940,3.77850,0.79990,0.01870,0,0,0,2396,5,0,1024,1024,0,1555,0
1479,4.74560,0.17900,3.73030,0.81310,0.02260,0,0,0,2396,5,0,1024,1024,0,1555,0
1480,4.36290,0.16720,3.39820,0.77500,0.02180,0,0,0,2396,5,0,1024,1024,0,1555,0
1481,3.98110,0.16440,2.93490,0.85830,0.02290,0,0,0,2396,5,0,1024,1024,0,1555,0
1482,3.75220,0.16840,2.80450,0.76150,0.01740,0,0,0,2396,5,0,1024,1024,0,1555,0
1483,3.85580,0.16520,2.94690,0.72500,0.01800,0,0,0,2396,5,0,1024,1024,0,1555,0
1484,4.04790,0.16660,2.93300,0.92440,0.02300,0,0,0,2396,5,0,1024,1024,0,1555,0
1485,3.63130,0.18430,2.69450,0.73010,0.02190,0,0,0,2396,5,0,1024,1024,0,1555,0
1486,5.19320,1.58940,2.85730,0.72960,0.01630,0,0,0,2396,5,0,1024,1024,0,1555,0
1487,3.44730,0.17470,2.54260,0.70870,0.02050,0,0,0,2396,5,0,1024,1024,0,1555,0
1488,3.58960,0.18240,2.57060,0.74490,0.09090,0,0,0,2396,5,0,1024,1024,0,1555,0
1489,3.76400,0.23730,2.63070,0.87260,0.02290,0,0,0,2396,5,0,1024,1024,0,1555,0
1490,3.49750,0.19460,2.55630,0.72680,0.01930,0,0,0,2396,5,0,1024,1024,0,1555,0
1491,3.93240,0.16980,2.90120,0.83750,0.02310,0,0,0,2396,5,0,1024,1024,0,1555,0
1492,3.86700,0.19420,2.86500,0.78910,0.01810,0,0,0,2396,5,0,1024,1024,0,1555,0
1493,3.80980,0.18710,2.56540,1.03350,0.02310,0,0,0,2396,5,0,1024,1024,0,1555,0
1494,3.47900,0.16860,2.56610,0.72600,0.01770,0,0,0,2396,5,0,1024,1024,0,1555,0
1495,3.42740,0.18820,2.50340,0.71570,0.01950,0,0,0,2396,5,0,1024,1024,0,1555,0
1496,5.70120,0.19630,2.54410,2.93590,0.02410,0,0,0,2396,5,0,1024,1024,0,1555,0
1497,4.99360,0.15960,3.97690,0.83390,0.02250,0,0,0,2396,5,0,1024,1024,0,1555,0
1498,3.44920,0.17340,2.51550,0.74210,0.01750,0,0,0,2396,5,0,1024,1024,0,1555,0
1499,3.81840,0.18240,2.85650,0.75980,0.01900,0,0,0,2396,5,0,1024,1024,0,1555,0
1500,3.57740,0.19290,2.63680,0.72970,0.01730,0,0,0,2396,5,0,1024,1024,0,1555,0
1501,5.18780,1.69960,2.72750,0.74030,0.01930,0,0,0,2396,5,0,1024,1024,0,1555,0
1502,3.57450,0.22280,2.60800,0.72380,0.01910,0,0,0,2396,5,0,1024,1024,0,1555,0
1503,3.63730,0.22730,2.56310,0.81800,0.02800,0,0,0,2396,5,0,1024,1024,0,1555,0
1504,3.36650,0.22350,2.35190,0.76170,0.02870,0,0,0,2396,5,0,1024,1024,0,1555,0
1505,3.41620,0.20800,2.36810,0.80940,0.02970,0,0,0,2396,5,0,1024,1024,0,1555,0
1506,3.31540,0.21670,2.31380,0.75940,0.02480,0,0,0,2396,5,0,1024,1024,0,1555,0
1507,3.38390,0.20330,2.36240,0.76840,0.04890,0,0,0,2396,5,0,1024,1024,0,1555,0
1508,3.38000,0.22840,2.38340,0.74350,0.02400,0,0,0,2396,5,0,1024,1024,0,1555,0
1509,3.33710,0.19390,2.36340,0.75420,0.02490,0,0,0,2396,5,0,1024,1024,0,1555,0
1510,3.33140,0.21400,2.31640,0.77370,0.02640,0,0,0,2396,5,0,1024,1024,0,1555,0
1511,3.36840,0.22190,2.29910,0.81870,0.02810,0,0,0,2396,5,0,1024,1024,0,1555,0
1512,3.29520,0.21490,2.30300,0.74730,0.02940,0,0,0,2396,5,0,1024,1024,0,1555,0
1513,3.33200,0.20060,2.31390,0.78540,0.03140,0,0,0,2396,5,0,1024,1024,0,1555,0
1514,3.30020,0.21330,2.33220,0.72180,0.03210,0,0,0,2396,5,0,1024,1024,0,1555,0
1515,3.26870,0.21450,2.28810,0.73720,0.02820,0,0,0,2396,5,0,1024,1024,0,1555,0
1516,5.10530,1.88540,2.34650,0.84290,0.02970,0,0,0,2396,5,0,1024,1024,0,1555,0
1517,3.43190,0.23140,2.21310,0.95930,0.02710,0,0,0,2396,5,0,1024,1024,0,1555,0
1518,3.29520,0.21870,2.24280,0.80180,0.03110,0,0,0,2396,5,0,1024,1024,0,1555,0
1519,3.28810,0.22990,2.26850,0.76420,0.02470,0,0,0,2396,5,0,1024,1024,0,1555,0
1520,3.12390,0.21820,2.10980,0.77190,0.02320,0,0,0,2396,5,0,1024,1024,0,1555,0
1521,3.32950,0.20890,2.31720,0.77620,0.02650,0,0,0,2396,5,0,1024,1024,0,1555,0
1522,3.31250,0.22210,2.30980,0.75730,0.02240,0,0,0,2396,5,0,1024,1024,0,1555,0
1523,3.27520,0.20790,2.27290,0.76590,0.02770,0,0,0,2396,5,0,1024,1024,0,1555,0
1524,3.38770,0.22910,2.29290,0.77450,0.09040,0,0,0,2396,5,0,1024,1024,0,1555,0
1525,3.23700,0.21950,2.20640,0.78280,0.02750,0,0,0,2396,5,0,1024,1024,0,1555,0
1526,3.42730,0.23360,2.29500,0.87200,0.02600,0,0,0,2396,5,0,1024,1024,0,1555,0
1527,3.78800,0.23190,2.64450,0.88120,0.02950,0,0,0,2396,5,0,1024,1024,0,1555,0
1528,3.23770,0.21980,2.24510,0.74040,0.03160,0,0,0,2396,5,0,1024,1024,0,1555,0
1529,3.20430,0.21150,2.19060,0.77640,0.02510,0,0,0,2396,5,0,1024,1024,0,1555,0
1530,3.46600,0.23910,2.27140,0.92510,0.02960,0,0,0,2396,5,0,1024,1024,0,1555,0
1531,4.83240,1.67990,2.36180,0.76210,0.02780,0,0,0,2396,5,0,1024,1024,0,1555,0
1532,3.34190,0.21350,2.21600,0.87730,0.03440,0,0,0,2396,5,0,1024,1024,0,1555,0
1533,3.18470,0.20990,2.20550,0.74140,0.02710,0,0,0,2396,5,0,1024,1024,0,1555,0
1534,3.45200,0.23210,2.30010,0.88400,0.03510,0,0,0,2396,5,0,1024,1024,0,1555,0
1535,3.47200,0.20110,2.33020,0.90400,0.03620,0,0,0,2396,5,0,1024,1024,0,1555,0
1536,3.04710,0.21900,2.08480,0.71700,0.02560,0,0,0,2396,5,0,1024,1024,0,1555,0
1537,3.22710,0.20750,2.22570,0.76470,0.02850,0,0,0,2396,5,0,1024,1024,0,1555,0
1538,3.29650,0.22750,2.21350,0.74300,0.11150,0,0,0,2396,5,0,1024,1024,0,1555,0
1539,3.25870,0.22300,2.26320,0.74530,0.02650,0,0,0,2396,5,0,1024,1024,0,1555,0
1540,3.35130,0.21210,2.30640,0.80060,0.03160,0,0,0,2396,5,0,1024,1024,0,1555,0
1541,3.40470,0.21530,2.24960,0.90330,0.03580,0,0,0,2396,5,0,1024,1024,0,1555,0
1542,3.20420,0.20060,2.23760,0.73870,0.02650,0,0,0,2396,5,0,1024,1024,0,1555,0
1543,3.18360,0.22770,2.17860,0.75390,0.02270,0,0,0,2396,5,0,1024,1024,0,1555,0
1544,3.52760,0.21580,2.54170,0.74680,0.02260,0,0,0,2396,5,0,1024,1024,0,1555,0
1545,3.21930,0.22280,2.19730,0.77220,0.02610,0,0,0,2396,5,0,1024,1024,0,1555,0
1546,4.71200,1.67160,2.20980,0.79980,0.02990,0,0,0,2396,5,0,1024,1024,0,1555,0
1547,3.25000,0.21490,2.18090,0.82350,0.03020,0,0,0,2396,5,0,1024,1024,0,1555,0
1548,3.18070,0.21350,2.12880,0.81150,0.02620,0,0,0,2396,5,0,1024,1024,0,1555,0
1549,3.20750,0.19340,2.18020,0.80930,0.02340,0,0,0,2396,5,0,1024,1024,0,1555,0
1550,3.19910,0.24740,2.17830,0.75120,0.02150,0,0,0,2396,5,0,1024,1024,0,1555,0
1551,3.31060,0.22320,2.29670,0.76260,0.02740,0,0,0,2396,5,0,1024,1024,0,1555,0
1552,3.19200,0.23120,2.12040,0.81660,0.02290,0,0,0,2396,5,0,1024,1024,0,1555,0
1553,3.13080,0.21330,2.11650,0.77610,0.02410,0,0,0,2396,5,0,1024,1024,0,1555,0
1554,3.10430,0.22270,2.08190,0.77100,0.02810,0,0,0,2396,5,0,1024,1024,0,1555,0
1555,3.12320,0.22780,2.13180,0.73740,0.02560,0,0,0,2396,5,0,1024,1024,0,1555,0
1556,3.16130,0.22360,2.17180,0.72990,0.03530,0,0,0,2396,5,0,1024,1024,0,1555,0
1557,3.06290,0.19120,2.14880,0.69710,0.02510,0,0,0,2396,5,0,1024,1024,0,1555,0
1558,3.19380,0.20760,2.15220,0.78500,0.04830,0,0,0,2396,5,0,1024,1024,0,1555,0
1559,3.12310,0.23900,2.12270,0.73770,0.02290,0,0,0,2396,5,0,1024,1024,0,1555,0
1560,3.30350,0.20360,2.26980,0.79820,0.03140,0,0,0,2396,5,0,1024,1024,0,1555,0
1561,8.29260,1.77750,4.02080,2.47330,0.01990,0,0,0,2396,5,0,1024,1024,0,1555,0
1562,5.97160,0.16630,4.89380,0.88680,0.02400,0,0,0,2396,5,0,1024,1024,0,1555,0
1563,6.12410,0.17120,5.02760,0.90340,0.02110,0,0,0,2396,5,0,1024,1024,0,1555,0
1564,4.81680,0.18830,3.80250,0.80490,0.02060,0,0,0,2396,5,0,1024,1024,0,1555,0
1565,3.87280,0.17570,2.89380,0.78670,0.01580,0,0,0,2396,5,0,1024,1024,0,1555,0
1566,3.77040,0.24730,2.72060,0.77610,0.02560,0,0,0,2396,5,0,1024,1024,0,1555,0
1567,3.95680,0.17090,2.97280,0.79550,0.01650,0,0,0,2396,5,0,1024,1024,0,1555,0
1568,3.88690,0.18640,2.88040,0.80320,0.01640,0,0,0,2396,5,0,1024,1024,0,1555,0
1569,3.94430,0.17380,2.92030,0.83220,0.01730,0,0,0,2396,5,0,1024,1024,0,1555,0
1570,3.94040,0.18570,2.94460,0.76370,0.04570,0,0,0,2396,5,0,1024,1024,0,1555,0
1571,3.57570,0.17630,2.53610,0.83080,0.03170,0,0,0,2396,5,0,1024,1024,0,1555,0
1572,3.54380,0.21300,2.51810,0.79210,0.02000,0,0,0,2396,5,0,1024,1024,0,1555,0
1573,3.55180,0.17600,2.59930,0.72230,0.05370,0,0,0,2396,5,0,1024,1024,0,1555,0
1574,3.45870,0.21850,2.48730,0.72950,0.02270,0,0,0,2396,5,0,1024,1024,0,1555,0
1575,3.46870,0.17340,2.54460,0.73210,0.01820,0,0,0,2396,5,0,1024,1024,0,1555,0
1576,5.04280,1.70610,2.57120,0.73760,0.02720,0,0,0,2396,5,0,1024,1024,0,1555,0
1577,3.54770,0.19730,2.51530,0.80510,0.02930,0,0,0,2396,5,0,1024,1024,0,1555,0
1578,3.71810,0.20060,2.42590,1.06170,0.02880,0,0,0,2396,5,0,1024,1024,0,1555,0
1579,3.59040,0.20200,2.65220,0.71250,0.02320,0,0,0,2396,5,0,1024,1024,0,1555,0
1580,3.46360,0.20430,2.50310,0.73150,0.02390,0,0,0,2396,5,0,1024,1024,0,1555,0
1581,3.49060,0.20990,2.47030,0.74590,0.06350,0,0,0,2396,5,0,1024,1024,0,1555,0
1582,4.02090,0.21710,2.21030,1.56410,0.02810,0,0,0,2396,5,0,1024,1024,0,1555,0
1583,3.30890,0.20960,2.30610,0.76970,0.02270,0,0,0,2396,5,0,1024,1024,0,1555,0
1584,3.45480,0.21450,2.46820,0.74980,0.02180,0,0,0,2396,5,0,1024,1024,0,1555,0
1585,3.34290,0.21380,2.33020,0.77450,0.02360,0,0,0,2396,5,0,1024,1024,0,1555,0
1586,3.22500,0.18720,2.29860,0.71530,0.02340,0,0,0,2396,5,0,1024,1024,0,1555,0
1587,3.32300,0.22250,2.33730,0.73850,0.02410,0,0,0,2396,5,0,1024,1024,0,1555,0
1588,3.28140,0.20480,2.24950,0.80390,0.02260,0,0,0,2396,5,0,1024,1024,0,1555,0
1589,3.29380,0.21700,2.32950,0.72330,0.02330,0,0,0,2396,5,0,1024,1024,0,1555,0
1590,3.26970,0.23600,2.27890,0.72960,0.02440,0,0,0,2396,5,0,1024,1024,0,1555,0
1591,6.29110,1.80140,3.55030,0.91220,0.02550,0,0,0,2396,5,0,1024,1024,0,1555,0
1592,4.47210,0.18270,3.46800,0.80540,0.01520,0,0,0,2396,5,0,1024,1024,0,1555,0
1593,4.39450,0.16170,3.44040,0.77670,0.01490,0,0,0,2396,5,0,1024,1024,0,1555,0
1594,5.90100,0.16680,4.90520,0.80700,0.02120,0,0,0,2396,5,0,1024,1024,0,1555,0
1595,4.48220,0.18230,3.37540,0.79100,0.13240,0,0,0,2396,5,0,1024,1024,0,1555,0
1596,4.15200,0.21790,3.12000,0.79290,0.02050,0,0,0,2396,5,0,1024,1024,0,1555,0
1597,4.02850,0.17410,3.07880,0.75980,0.01510,0,0,0,2396,5,0,1024,1024,0,1555,0
1598,4.29500,0.17170,3.26750,0.83640,0.01850,0,0,0,2396,5,0,1024,1024,0,1555,0
1599,3.89000,0.17260,2.90210,0.79850,0.01630,0,0,0,2396,5,0,1024,1024,0,1555,0
1600,3.96470,0.15720,2.97530,0.81400,0.01740,0,0,0,2396,5,0,1024,1024,0,1555,0
1601,3.87400,0.18040,2.90500,0.76760,0.02040,0,0,0,2396,5,0,1024,1024,0,1555,0
1602,3.65210,0.18730,2.70820,0.73810,0.01780,0,0,0,2396,5,0,1024,1024,0,1555,0
1603,3.65440,0.26340,2.62060,0.75160,0.01790,0,0,0,2396,5,0,1024,1024,0,1555,0
1604,4.77050,0.19160,3.72590,0.82980,0.02250,0,0,0,2396,5,0,1024,1024,0,1555,0
1605,3.67890,0.18130,2.64570,0.82940,0.02190,0,0,0,2396,5,0,1024,1024,0,1555,0
1606,5.54990,1.76380,2.93490,0.83160,0.01900,0,0,0,2396,5,0,1024,1024,0,1555,0
1607,3.75080,0.17690,2.74040,0.81250,0.02030,0,0,0,2396,5,0,1024,1024,0,1555,0
1608,3.81720,0.18560,2.58590,1.02590,0.01920,0,0,0,2396,5,0,1024,1024,0,1555,0
1609,3.80140,0.18370,2.82310,0.77270,0.02120,0,0,0,2396,5,0,1024,1024,0,1555,0
1610,4.10940,0.18420,3.11130,0.76270,0.05060,0,0,0,2396,5,0,1024,1024,0,1555,0
1611,3.48720,0.21300,2.52080,0.73510,0.01770,0,0,0,2396,5,0,1024,1024,0,1555,0
1612,3.55870,0.17930,2.54560,0.81550,0.01760,0,0,0,2396,5,0,1024,1024,0,1555,0
1613,3.55900,0.19310,2.56420,0.78340,0.01790,0,0,0,2396,5,0,1024,1024,0,1555,0
1614,3.50750,0.18860,2.56990,0.73050,0.01780,0,0,0,2396,5,0,1024,1024,0,1555,0
1615,4.96730,0.17160,4.02370,0.75080,0.02060,0,0,0,2396,5,0,1024,1024,0,1555,0
1616,3.83020,0.18120,2.85120,0.77830,0.01890,0,0,0,2396,5,0,1024,1024,0,1555,0
1617,3.41350,0.20820,2.43870,0.74540,0.02040,0,0,0,2396,5,0,1024,1024,0,1555,0
1618,3.36360,0.20680,2.41720,0.71530,0.02350,0,0,0,2396,5,0,1024,1024,0,1555,0
1619,3.47720,0.23050,2.48520,0.73990,0.02090,0,0,0,2396,5,0,1024,1024,0,1555,0
1620,3.42750,0.21810,2.46830,0.71930,0.02110,0,0,0,2396,5,0,1024,1024,0,1555,0
1621,5.14620,1.84020,2.53820,0.74340,0.02320,0,0,0,2396,5,0,1024,1024,0,1555,0
1622,3.28990,0.21740,2.31230,0.73490,0.02450,0,0,0,2396,5,0,1024,1024,0,1555,0
1623,3.64220,0.22300,2.56740,0.82660,0.02450,0,0,0,2396,5,0,1024,1024,0,1555,0
1624,3.51430,0.22190,2.47480,0.79260,0.02440,0,0,0,2396,5,0,1024,1024,0,1555,0
1625,3.48010,0.19660,2.51980,0.73670,0.02610,0,0,0,2396,5,0,1024,1024,0,1555,0
1626,3.51220,0.21990,2.42060,0.83630,0.03460,0,0,0,2396,5,0,1024,1024,0,1555,0
1627,3.53960,0.21480,2.41900,0.87810,0.02720,0,0,0,2396,5,0,1024,1024,0,1555,0
1628,3.38160,0.21720,2.41420,0.72640,0.02310,0,0,0,2396,5,0,1024,1024,0,1555,0
1629,3.36620,0.23250,2.37790,0.73350,0.02160,0,0,0,2396,5,0,1024,1024,0,1555,0
1630,3.35020,0.21890,2.37340,0.73420,0.02280,0,0,0,2396,5,0,1024,1024,0,1555,0
1631,3.28590,0.20530,2.24780,0.80610,0.02600,0,0,0,2396,5,0,1024,1024,0,1555,0
1632,3.23930,0.19390,2.30170,0.71810,0.02500,0,0,0,2396,5,0,1024,1024,0,1555,0
1633,3.36930,0.19250,2.32960,0.81950,0.02700,0,0,0,2396,5,0,1024,1024,0,1555,0
1634,3.25990,0.21990,2.28100,0.73630,0.02220,0,0,0,2396,5,0,1024,1024,0,1555,0
1635,3.23200,0.19550,2.33450,0.67910,0.02210,0,0,0,2396,5,0,1024,1024,0,1555,0
1636,5.02390,1.87140,2.37640,0.73380,0.04140,0,0,0,2396,5,0,1024,1024,0,1555,0
1637,3.21210,0.21600,2.23260,0.73790,0.02500,0,0,0,2396,5,0,1024,1024,0,1555,0
1638,3.40450,0.19780,2.32640,0.84860,0.03080,0,0,0,2396,5,0,1024,1024,0,1555,0
1639,3.28380,0.22690,2.26280,0.76650,0.02710,0,0,0,2396,5,0,1024,1024,0,1555,0
1640,3.35320,0.22150,2.31770,0.78720,0.02610,0,0,0,2396,5,0,1024,1024,0,1555,0
1641,3.19510,0.21770,2.16510,0.78450,0.02720,0,0,0,2396,5,0,1024,1024,0,1555,0
1642,3.22010,0.21770,2.19950,0.77820,0.02400,0,0,0,2396,5,0,1024,1024,0,1555,0
1643,3.14610,0.21880,2.16490,0.73520,0.02630,0,0,0,2396,5,0,1024,1024,0,1555,0
1644,3.20880,0.20560,2.16720,0.81170,0.02340,0,0,0,2396,5,0,1024,1024,0,1555,0
1645,3.23110,0.22990,2.17460,0.80050,0.02560,0,0,0,2396,5,0,1024,1024,0,1555,0
1646,3.12010,0.18820,2.15990,0.74710,0.02450,0,0,0,2396,5,0,1024,1024,0,1555,0
1647,3.62510,0.22970,2.49770,0.87420,0.02290,0,0,0,2396,5,0,1024,1024,0,1555,0
1648,3.16040,0.23110,2.15610,0.74760,0.02500,0,0,0,2396,5,0,1024,1024,0,1555,0
1649,3.22400,0.20160,2.17750,0.82280,0.02150,0,0,0,2396,5,0,1024,1024,0,1555,0
1650,3.14590,0.23010,2.16740,0.72340,0.02420,0,0,0,2396,5,0,1024,1024,0,1555,0
1651,7.53810,1.76160,5.03330,0.72510,0.01640,0,0,0,2396,5,0,1024,1024,0,1555,0
1652,5.47610,0.16870,4.46700,0.82130,0.01830,0,0,0,2396,5,0,1024,1024,0,1555,0
1653,6.03540,0.17890,5.03430,0.80110,0.02050,0,0,0,2396,5,0,1024,1024,0,1555,0
1654,4.80790,0.18560,3.77690,0.82060,0.02400,0,0,0,2396,5,0,1024,1024,0,1555,0
1655,4.81110,0.17730,3.82850,0.78620,0.01850,0,0,0,2396,5,0,1024,1024,0,1555,0
1656,5.60810,0.17780,4.47940,0.92010,0.02990,0,0,0,2396,5,0,1024,1024,0,1555,0
1657,4.41070,0.17430,3.00880,1.19090,0.03600,0,0,0,2396,5,0,1024,1024,0,1555,0
1658,4.52570,0.17500,3.53200,0.79740,0.02060,0,0,0,2396,5,0,1024,1024,0,1555,0
1659,3.95660,0.16460,2.99770,0.77180,0.02200,0,0,0,2396,5,0,1024,1024,0,1555,0
1660,4.34710,0.17450,3.34480,0.80710,0.01990,0,0,0,2396,5,0,1024,1024,0,1555,0
1661,4.02480,0.16790,3.06600,0.77250,0.01780,0,0,0,2396,5,0,1024,1024,0,1555,0
1662,4.01340,0.17550,3.07840,0.74040,0.01820,0,0,0,2396,5,0,1024,1024,0,1555,0
1663,3.98340,0.25020,2.91850,0.79540,0.01800,0,0,0,2396,5,0,1024,1024,0,1555,0
1664,3.68510,0.19100,2.71090,0.76060,0.02190,0,0,0,2396,5,0,1024,1024,0,1555,0
1665,4.02680,0.17420,2.71410,1.11210,0.02570,0,0,0,2396,5,0,1024,1024,0,1555,0
1666,5.26050,1.60170,2.86670,0.77210,0.01940,0,0,0,2396,5,0,1024,1024,0,1555,0
1667,3.82340,0.18280,2.88240,0.74110,0.01640,0,0,0,2396,5,0,1024,1024,0,1555,0
1668,3.47450,0.17880,2.55230,0.72390,0.01870,0,0,0,2396,5,0,1024,1024,0,1555,0
1669,3.49880,0.18460,2.55160,0.74010,0.02190,0,0,0,2396,5,0,1024,1024,0,1555,0
1670,3.53230,0.17200,2.59190,0.74990,0.01780,0,0,0,2396,5,0,1024,1024,0,1555,0
1671,4.94410,0.17420,3.95720,0.77120,0.04080,0,0,0,2396,5,0,1024,1024,0,1555,0
1672,3.85580,0.24160,2.83510,0.75300,0.02540,0,0,0,2396,5,0,1024,1024,0,1555,0
1673,3.47220,0.16990,2.56010,0.72050,0.02110,0,0,0,2396,5,0,1024,1024,0,1555,0
1674,3.79090,0.18830,2.78280,0.79570,0.02330,0,0,0,2396,5,0,1024,1024,0,1555,0
1675,3.54080,0.19070,2.59560,0.73330,0.02050,0,0,0,2396,5,0,1024,1024,0,1555,0
1676,3.47130,0.19130,2.55140,0.71060,0.01730,0,0,0,2396,5,0,1024,1024,0,1555,0
1677,3.56890,0.19240,2.57440,0.78260,0.01880,0,0,0,2396,5,0,1024,1024,0,1555,0
1678,3.97870,0.19690,3.00160,0.76000,0.01840,0,0,0,2396,5,0,1024,1024,0,1555,0
1679,3.45980,0.17630,2.55250,0.71150,0.01890,0,0,0,2396,5,0,1024,1024,0,1555,0
1680,3.42700,0.23080,2.43520,0.73790,0.02230,0,0,0,2396,5,0,1024,1024,0,1555,0
1681,5.01710,1.64050,2.60720,0.74600,0.02230,0,0,0,2396,5,0,1024,1024,0,1555,0
1682,3.58220,0.22620,2.49610,0.83460,0.02460,0,0,0,2396,5,0,1024,1024,0,1555,0
1683,3.50070,0.20080,2.44050,0.82920,0.02950,0,0,0,2396,5,0,1024,1024,0,1555,0
1684,3.52400,0.20650,2.54860,0.74000,0.02800,0,0,0,2396,5,0,1024,1024,0,1555,0
1685,3.46370,0.20340,2.50090,0.73320,0.02530,0,0,0,2396,5,0,1024,1024,0,1555,0
1686,3.50840,0.22050,2.51830,0.74470,0.02420,0,0,0,2396,5,0,1024,1024,0,1555,0
1687,3.29880,0.22240,2.26550,0.75960,0.05050,0,0,0,2396,5,0,1024,1024,0,1555,0
1688,3.48560,0.22330,2.42530,0.78250,0.05370,0,0,0,2396,5,0,1024,1024,0,1555,0
1689,3.52310,0.22680,2.53300,0.73850,0.02430,0,0,0,2396,5,0,1024,1024,0,1555,0
1690,3.47770,0.20690,2.49740,0.74760,0.02510,0,0,0,2396,5,0,1024,1024,0,1555,0
1691,3.24100,0.21290,2.28580,0.71650,0.02520,0,0,0,2396,5,0,1024,1024,0,1555,0
1692,3.26230,0.19570,2.21020,0.82760,0.02830,0,0,0,2396,5,0,1024,1024,0,1555,0
1693,3.16670,0.21280,2.20520,0.72610,0.02190,0,0,0,2396,5,0,1024,1024,0,1555,0
1694,3.27220,0.23110,2.25640,0.75220,0.03160,0,0,0,2396,5,0,1024,1024,0,1555,0
1695,3.33000,0.22150,2.22370,0.80860,0.07510,0,0,0,2396,5,0,1024,1024,0,1555,0
1696,4.81580,1.63680,2.41880,0.73620,0.02350,0,0,0,2396,5,0,1024,1024,0,1555,0
1697,3.33850,0.19780,2.32680,0.78460,0.02870,0,0,0,2396,5,0,1024,1024,0,1555,0
1698,3.22540,0.21560,2.25130,0.73230,0.02580,0,0,0,2396,5,0,1024,1024,0,1555,0
1699,3.33760,0.22400,2.34900,0.73790,0.02610,0,0,0,2396,5,0,1024,1024,0,1555,0
1700,3.13720,0.19920,2.19060,0.71200,0.03470,0,0,0,2396,5,0,1024,1024,0,1555,0
1701,3.22630,0.19590,2.27970,0.71830,0.03180,0,0,0,2396,5,0,1024,1024,0,1555,0
1702,3.31770,0.20530,2.24660,0.83430,0.03070,0,0,0,2396,5,0,1024,1024,0,1555,0
1703,3.32050,0.22150,2.26350,0.79100,0.04370,0,0,0,2396,5,0,1024,1024,0,1555,0
1704,3.25070,0.22190,2.27950,0.72430,0.02450,0,0,0,2396,5,0,1024,1024,0,1555,0
1705,3.15650,0.21820,2.21530,0.69660,0.02550,0,0,0,2396,5,0,1024,1024,0,1555,0
1706,3.31010,0.20030,2.33910,0.74070,0.02910,0,0,0,2396,5,0,1024,1024,0,1555,0
1707,3.48060,0.21400,2.41800,0.82070,0.02710,0,0,0,2396,5,0,1024,1024,0,1555,0
1708,3.31840,0.22590,2.32430,0.73850,0.02910,0,0,0,2396,5,0,1024,1024,0,1555,0
1709,3.13380,0.19450,2.21930,0.68990,0.02930,0,0,0,2396,5,0,1024,1024,0,1555,0
1710,3.36030,0.20170,2.28670,0.84440,0.02690,0,0,0,2396,5,0,1024,1024,0,1555,0
1711,7.09370,1.80810,4.46610,0.79550,0.02280,0,0,0,2396,5,0,1024,1024,0,1555,0
1712,6.21280,0.16390,5.10210,0.93040,0.01540,0,0,0,2396,5,0,1024,1024,0,1555,0
1713,6.92660,0.15260,5.83420,0.91550,0.02340,0,0,0,2396,5,0,1024,1024,0,1555,0
1714,4.04000,0.17620,3.05340,0.79060,0.01910,0,0,0,2396,5,0,1024,1024,0,1555,0
1715,4.05400,0.18300,3.02960,0.82250,0.01780,0,0,0,2396,5,0,1024,1024,0,1555,0
1716,5.11830,0.17660,4.03880,0.88300,0.01890,0,0,0,2396,5,0,1024,1024,0,1555,0
1717,4.71930,0.16980,3.78860,0.74070,0.01950,0,0,0,2396,5,0,1024,1024,0,1555,0
1718,4.96590,0.17600,3.86800,0.89710,0.02410,0,0,0,2396,5,0,1024,1024,0,1555,0
1719,4.02270,0.18220,3.02530,0.79470,0.01980,0,0,0,2396,5,0,1024,1024,0,1555,0
1720,3.89040,0.19400,2.88460,0.79230,0.01850,0,0,0,2396,5,0,1024,1024,0,1555,0
1721,3.76390,0.19170,2.78690,0.76290,0.02150,0,0,0,2396,5,0,1024,1024,0,1555,0
1722,3.71060,0.18020,2.74390,0.76440,0.02090,0,0,0,2396,5,0,1024,1024,0,1555,0
1723,3.72930,0.17980,2.76230,0.76580,0.02080,0,0,0,2396,5,0,1024,1024,0,1555,0
1724,4.36060,0.17420,3.32310,0.84010,0.02200,0,0,0,2396,5,0,1024,1024,0,1555,0
1725,3.62610,0.17920,2.67580,0.74940,0.02090,0,0,0,2396,5,0,1024,1024,0,1555,0
1726,4.92060,1.57610,2.57630,0.74300,0.02440,0,0,0,2396,5,0,1024,1024,0,1555,0
1727,3.59280,0.20210,2.62440,0.74240,0.02320,0,0,0,2396,5,0,1024,1024,0,1555,0
1728,4.37370,0.18130,3.41590,0.75380,0.02190,0,0,0,2396,5,0,1024,1024,0,1555,0
1729,4.83890,0.19220,3.78860,0.83460,0.02270,0,0,0,2396,5,0,1024,1024,0,1555,0
1730,3.52460,0.19610,2.56940,0.73810,0.02040,0,0,0,2396,5,0,1024,1024,0,1555,0
1731,3.49780,0.17930,2.53520,0.75720,0.02530,0,0,0,2396,5,0,1024,1024,0,1555,0
1732,3.50110,0.19950,2.52760,0.75230,0.02120,0,0,0,2396,5,0,1024,1024,0,1555,0
1733,3.28330,0.20980,2.28400,0.76810,0.02050,0,0,0,2396,5,0,1024,1024,0,1555,0
1734,3.33090,0.20890,2.33660,0.75180,0.03300,0,0,0,2396,5,0,1024,1024,0,1555,0
1735,4.42890,0.18750,3.46280,0.75630,0.02160,0,0,0,2396,5,0,1024,1024,0,1555,0
1736,3.48030,0.18630,2.52570,0.73900,0.02880,0,0,0,2396,5,0,1024,1024,0,1555,0
1737,3.39630,0.17360,2.47270,0.72130,0.02810,0,0,0,2396,5,0,1024,1024,0,1555,0
1738,3.22000,0.18570,2.27010,0.74290,0.02080,0,0,0,2396,5,0,1024,1024,0,1555,0
1739,3.33770,0.20590,2.36250,0.73650,0.03190,0,0,0,2396,5,0,1024,1024,0,1555,0
1740,3.82240,0.20990,2.84100,0.74810,0.02270,0,0,0,2396,5,0,1024,1024,0,1555,0
1741,5.09780,2.02590,2.30900,0.72850,0.03230,0,0,0,2396,5,0,1024,1024,0,1555,0
1742,3.24800,0.20230,2.28200,0.73330,0.02970,0,0,0,2396,5,0,1024,1024,0,1555,0
1743,3.15170,0.19860,2.21260,0.71220,0.02770,0,0,0,2396,5,0,1024,1024,0,1555,0
1744,3.19590,0.19270,2.23770,0.73870,0.02590,0,0,0,2396,5,0,1024,1024,0,1555,0
1745,3.36400,0.19300,2.35040,0.73950,0.08020,0,0,0,2396,5,0,1024,1024,0,1555,0
1746,3.31860,0.20610,2.33110,0.75560,0.02530,0,0,0,2396,5,0,1024,1024,0,1555,0
1747,3.20980,0.19670,2.25940,0.72800,0.02510,0,0,0,2396,5,0,1024,1024,0,1555,0
1748,3.37270,0.18950,2.28110,0.86800,0.03340,0,0,0,2396,5,0,1024,1024,0,1555,0
1749,3.22520,0.20320,2.24980,0.74070,0.03080,0,0,0,2396,5,0,1024,1024,0,1555,0
1750,3.16010,0.21080,2.21020,0.70940,0.02900,0,0,0,2396,5,0,1024,1024,0,1555,0
1751,3.17690,0.19900,2.21210,0.73900,0.02620,0,0,0,2396,5,0,1024,1024,0,1555,0
1752,3.22430,0.19430,2.27000,0.73390,0.02540,0,0,0,2396,5,0,1024,1024,0,1555,0
1753,3.26150,0.20180,2.29710,0.73820,0.02350,0,0,0,2396,5,0,1024,1024,0,1555,0
1754,3.14500,0.21330,2.16730,0.73540,0.02820,0,0,0,2396,5,0,1024,1024,0,1555,0
1755,4.80070,0.20430,3.78550,0.76860,0.04160,0,0,0,2396,5,0,1024,1024,0,1555,0
1756,4.66200,1.61430,2.28510,0.72540,0.03660,0,0,0,2396,5,0,1024,1024,0,1555,0
1757,3.33500,0.20250,2.33060,0.77130,0.02970,0,0,0,2396,5,0,1024,1024,0,1555,0
1758,3.22860,0.19260,2.22250,0.78090,0.03200,0,0,0,2396,5,0,1024,1024,0,1555,0
1759,3.13010,0.19510,2.20390,0.70480,0.02580,0,0,0,2396,5,0,1024,1024,0,1555,0
1760,3.47360,0.20760,2.49610,0.74250,0.02680,0,0,0,2396,5,0,1024,1024,0,1555,0
1761,3.25440,0.20080,2.29300,0.73290,0.02710,0,0,0,2396,5,0,1024,1024,0,1555,0
1762,3.16750,0.20400,2.22640,0.70590,0.03050,0,0,0,2396,5,0,1024,1024,0,1555,0
1763,3.23030,0.19560,2.25710,0.74680,0.03030,0,0,0,2396,5,0,1024,1024,0,1555,0
1764,3.23030,0.20170,2.23530,0.76620,0.02660,0,0,0,2396,5,0,1024,1024,0,1555,0
1765,3.27960,0.19370,2.30200,0.75610,0.02740,0,0,0,2396,5,0,1024,1024,0,1555,0
1766,3.23070,0.20580,2.20680,0.78900,0.02830,0,0,0,2396,5,0,1024,1024,0,1555,0
1767,3.14180,0.18580,2.18340,0.74440,0.02770,0,0,0,2396,5,0,1024,1024,0,1555,0
1768,3.28030,0.20430,2.30330,0.74800,0.02380,0,0,0,2396,5,0,1024,1024,0,1555,0
1769,3.21640,0.20180,2.19150,0.79010,0.03250,0,0,0,2396,5,0,1024,1024,0,1555,0
1770,3.13160,0.20610,2.15520,0.74260,0.02710,0,0,0,2396,5,0,1024,1024,0,1555,0
1771,4.89120,1.76370,2.26720,0.82440,0.03430,0,0,0,2396,5,0,1024,1024,0,1555,0
1772,3.18570,0.22080,2.14840,0.76520,0.05080,0,0,0,2396,5,0,1024,1024,0,1555,0
1773,3.59710,0.20220,2.61320,0.73950,0.02210,0,0,0,2396,5,0,1024,1024,0,1555,0
1774,3.22570,0.22740,2.23900,0.73200,0.02650,0,0,0,2396,5,0,1024,1024,0,1555,0
1775,3.12360,0.22590,2.13990,0.72930,0.02770,0,0,0,2396,5,0,1024,1024,0,1555,0
1776,3.08430,0.21220,2.13750,0.70570,0.02810,0,0,0,2396,5,0,1024,1024,0,1555,0
1777,3.29770,0.21400,2.19940,0.85260,0.03090,0,0,0,2396,5,0,1024,1024,0,1555,0
1778,3.20590,0.20720,2.20810,0.76310,0.02670,0,0,0,2396,5,0,1024,1024,0,1555,0
1779,3.30980,0.18620,2.25140,0.83050,0.04110,0,0,0,2396,5,0,1024,1024,0,1555,0
1780,3.28120,0.17600,2.18140,0.89620,0.02690,0,0,0,2396,5,0,1024,1024,0,1555,0
1781,3.10840,0.21540,2.15860,0.70420,0.02970,0,0,0,2396,5,0,1024,1024,0,1555,0
1782,3.27400,0.20990,2.25990,0.77910,0.02430,0,0,0,2396,5,0,1024,1024,0,1555,0
1783,3.27940,0.20020,2.22980,0.81900,0.02950,0,0,0,2396,5,0,1024,1024,0,1555,0
1784,3.36110,0.19610,2.40040,0.73870,0.02430,0,0,0,2396,5,0,1024,1024,0,1555,0
1785,3.14420,0.21630,2.16990,0.73200,0.02500,0,0,0,2396,5,0,1024,1024,0,1555,0
1786,4.64930,1.59810,2.26420,0.76020,0.02570,0,0,0,2396,5,0,1024,1024,0,1555,0
1787,3.36560,0.20700,2.36960,0.75280,0.03510,0,0,0,2396,5,0,1024,1024,0,1555,0
1788,3.43410,0.22220,2.44830,0.73970,0.02320,0,0,0,2396,5,0,1024,1024,0,1555,0
1789,3.26390,0.20080,2.29120,0.74680,0.02380,0,0,0,2396,5,0,1024,1024,0,1555,0
1790,3.19340,0.20550,2.14390,0.82120,0.02220,0,0,0,2396,5,0,1024,1024,0,1555,0
1791,3.42250,0.19610,2.40770,0.78730,0.03050,0,0,0,2396,5,0,1024,1024,0,1555,0
1792,3.24540,0.22400,2.25130,0.74800,0.02120,0,0,0,2396,5,0,1024,1024,0,1555,0
1793,3.14650,0.20530,2.19400,0.72400,0.02250,0,0,0,2396,5,0,1024,1024,0,1555,0
1794,3.30460,0.20140,2.26650,0.81370,0.02230,0,0,0,2396,5,0,1024,1024,0,1555,0
1795,3.00650,0.18610,2.09420,0.69950,0.02620,0,0,0,2396,5,0,1024,1024,0,1555,0
1796,3.16240,0.20990,2.15670,0.74630,0.04830,0,0,0,2396,5,0,1024,1024,0,1555,0
1797,3.09210,0.21540,2.11180,0.73460,0.02950,0,0,0,2396,5,0,1024,1024,0,1555,0
1798,3.11520,0.18400,2.12870,0.77640,0.02560,0,0,0,2396,5,0,1024,1024,0,1555,0
1799,3.00370,0.20270,2.07320,0.70120,0.02590,0,0,0,2396,5,0,1024,1024,0,1555,0
1800,3.10610,0.20300,2.15420,0.71910,0.02910,0,0,0,2396,5,0,1024,1024,0,1555,0
