tick,total_ms,navigation_ms,neighbors_ms,avoidance_ms,integration_ms,expanded,pending,failed,coarse,fallbacks,replans,first_arrived,current_arrived,never_ready,safety_pair_checks,limited
1,15.37500,9.40260,5.14680,0.80730,0.01690,564,994,0,16,0,0,0,0,994,1534,0
2,9.25170,4.01020,4.36990,0.85300,0.01790,663,978,0,32,0,0,0,0,978,1534,0
3,7.48550,3.48930,3.02960,0.94530,0.02060,440,962,0,48,0,0,0,0,962,1538,0
4,7.28860,3.52120,2.96300,0.78580,0.01790,409,946,0,64,0,0,0,0,946,1541,0
5,8.39330,4.01430,3.50080,0.85550,0.02180,607,931,0,80,0,0,0,0,930,1540,0
6,8.07930,3.81160,3.48090,0.76760,0.01820,452,915,0,96,0,0,0,0,914,1537,0
7,8.18970,3.88290,3.34970,0.93630,0.02010,676,899,0,112,0,0,0,0,898,1544,0
8,7.42260,3.61940,2.95990,0.82680,0.01610,609,884,0,128,0,0,0,0,882,1538,0
9,7.24480,3.45870,2.98340,0.78430,0.01740,578,869,0,144,0,0,0,0,866,1538,0
10,7.29860,3.65700,2.81380,0.80860,0.01840,737,853,0,160,0,0,0,0,850,1538,0
11,7.45500,3.62870,2.87690,0.92640,0.02230,592,837,0,176,0,0,0,0,834,1537,0
12,7.08070,3.27290,2.91520,0.87400,0.01820,403,821,0,192,0,0,0,0,818,1533,0
13,7.02460,3.50320,2.70750,0.79690,0.01620,424,806,0,208,0,0,0,0,802,1535,0
14,6.96860,3.41160,2.73350,0.80300,0.01980,515,790,0,224,0,0,0,0,786,1541,0
15,8.30190,3.79760,3.61550,0.86860,0.01950,684,774,0,240,0,0,0,0,770,1544,0
16,8.66450,5.10660,2.77930,0.76080,0.01720,667,759,0,256,0,0,0,0,754,1553,0
17,6.99310,3.51410,2.63850,0.81950,0.02040,421,743,0,272,0,0,0,0,738,1566,0
18,7.07150,3.38840,2.83440,0.82930,0.01850,466,727,0,288,0,0,0,0,722,1572,0
19,7.56600,3.79210,2.89710,0.85670,0.01910,777,711,0,304,0,0,0,0,706,1572,0
20,7.27010,3.81350,2.64590,0.78780,0.02210,891,695,0,320,0,0,0,0,690,1572,0
21,7.30320,3.40760,2.90160,0.97490,0.01820,466,680,0,336,0,0,0,0,674,1557,0
22,7.04590,3.53200,2.69420,0.80150,0.01750,654,664,0,352,0,0,0,0,658,1552,0
23,8.25840,3.38710,4.02620,0.82590,0.01840,502,649,0,368,0,0,0,0,642,1572,0
24,6.91310,3.50460,2.60770,0.78060,0.01960,552,634,0,384,0,0,0,0,626,1586,0
25,6.91520,3.49530,2.60460,0.79310,0.02140,614,620,0,400,0,0,0,0,610,1596,0
26,7.05870,3.54460,2.58660,0.90460,0.02200,578,605,0,416,0,0,0,0,594,1606,0
27,6.79640,3.46000,2.53410,0.77920,0.02210,580,590,0,432,0,0,0,0,578,1603,0
28,6.88280,3.42540,2.63250,0.80480,0.01940,560,575,0,448,0,0,0,0,562,1612,0
29,6.84450,3.41510,2.57510,0.83210,0.02130,452,560,0,464,0,0,0,0,546,1626,0
30,6.97540,3.45900,2.62340,0.87250,0.01990,508,547,0,480,0,0,0,0,530,1626,0
31,16.00180,11.09760,3.95520,0.92640,0.02150,1728,531,0,495,1,0,0,0,514,1631,0
32,9.39390,3.63730,4.80280,0.93420,0.01870,563,515,0,511,1,0,0,0,498,1638,0
33,8.36380,3.64480,3.82630,0.87120,0.02090,609,499,0,527,1,0,0,0,482,1639,0
34,8.28090,3.83070,3.54930,0.87930,0.02070,787,485,0,543,1,0,0,0,466,1649,0
35,8.10300,3.98060,3.13490,0.96510,0.02150,739,470,0,559,1,0,0,0,450,1653,0
36,7.59110,3.63750,3.05250,0.88430,0.01610,635,455,0,575,1,0,0,0,434,1685,0
37,7.52900,3.74350,2.88880,0.87490,0.02080,540,440,0,591,1,0,0,0,418,1695,0
38,8.11100,4.00720,3.14070,0.93890,0.02250,860,426,0,607,1,0,0,0,402,1684,0
39,7.56570,3.92060,2.77280,0.85080,0.02050,624,410,0,623,1,0,0,0,386,1695,0
40,7.40280,3.78120,2.70030,0.89650,0.02370,624,394,0,639,1,0,0,0,370,1696,0
41,7.68090,4.05210,2.74560,0.86110,0.02080,432,379,0,655,1,0,0,0,354,1714,0
42,13.44870,9.84780,2.66310,0.89850,0.03770,650,363,0,671,1,0,0,0,338,1715,0
43,8.08110,4.35380,2.84820,0.85120,0.02610,479,348,0,687,1,0,0,0,322,1737,0
44,7.14580,3.73350,2.48940,0.89230,0.02940,655,332,0,703,1,0,0,0,306,1738,0
45,7.47880,3.49650,2.93130,1.02630,0.02370,688,316,0,719,1,0,0,0,290,1757,0
46,8.66210,4.94880,2.72750,0.95670,0.02830,622,301,0,735,1,0,0,0,274,1799,0
47,7.02960,3.64060,2.43750,0.89690,0.05380,579,286,0,751,1,0,0,0,258,1819,0
48,6.70970,3.36060,2.42500,0.88740,0.03580,525,270,0,767,1,0,0,0,242,1875,0
49,7.00210,3.59300,2.44320,0.91550,0.04930,547,257,0,783,1,0,0,0,226,1890,0
50,6.98550,3.54640,2.51280,0.88890,0.03660,534,241,0,799,1,0,0,0,210,1916,0
51,6.93250,3.51340,2.39140,0.99390,0.03310,584,226,0,815,1,0,0,0,194,1918,0
52,13.73720,10.35360,2.39680,0.94040,0.04540,2519,211,0,831,2,0,0,0,178,1944,0
53,15.00390,11.56940,2.45040,0.94750,0.03560,2749,197,0,846,2,0,0,0,162,1963,0
54,6.95020,3.32810,2.48190,1.09620,0.04300,650,183,0,862,2,0,0,0,146,1959,0
55,6.95770,3.49250,2.37580,1.06360,0.02470,491,167,0,878,2,0,0,0,130,1981,0
56,11.35100,7.96240,2.34120,1.01450,0.03200,1615,151,0,894,3,0,0,0,114,2013,0
57,20.93740,17.46030,2.41660,1.03430,0.02520,4096,139,0,907,3,0,0,0,101,2056,0
58,20.59370,17.14790,2.37170,1.03800,0.03520,4096,127,0,921,3,0,0,0,87,2108,0
59,19.63290,16.19560,2.39790,1.00880,0.02960,4096,115,0,935,3,0,0,0,73,2114,0
60,19.75340,16.30760,2.37670,1.03890,0.02850,4096,101,0,949,3,0,0,0,59,2121,0
61,23.61760,18.46560,3.85760,1.24440,0.04850,4096,89,0,963,3,0,0,0,45,2132,0
62,22.94170,17.05260,4.38330,1.47750,0.02750,4096,74,0,978,3,0,0,0,30,2165,0
63,21.03090,16.34910,3.23010,1.43070,0.02030,4096,61,0,992,3,0,0,0,16,2187,0
64,22.58740,17.18280,4.07230,1.31150,0.01980,4096,49,0,1004,4,0,0,0,3,2236,0
65,20.58760,15.86010,3.72080,0.98230,0.02330,4096,36,0,1019,4,0,0,0,1,2255,0
66,22.42780,17.20150,4.11820,1.07720,0.02990,4096,22,0,1034,4,0,0,0,1,2286,0
67,21.87400,17.79120,2.85170,1.19690,0.03280,4096,9,0,1049,4,0,0,0,1,2317,0
68,20.38050,16.41410,2.82330,1.11690,0.02500,4096,1,0,1060,4,0,0,0,1,2349,0
69,18.41770,14.55480,2.80800,1.02510,0.02850,4096,1,0,1060,4,0,0,0,1,2389,0
70,18.62420,14.63260,2.88010,1.07720,0.03310,4096,1,0,1063,4,0,0,0,1,2394,0
71,18.42700,14.17240,3.00120,1.21620,0.03600,4096,1,0,1065,4,0,0,0,1,2446,0
72,18.00450,14.29430,2.62850,1.05580,0.02480,4096,1,0,1066,4,0,0,0,1,2494,0
73,17.83720,14.02800,2.66820,1.11650,0.02350,4096,1,0,1071,4,0,0,0,1,2543,0
74,17.52290,13.63700,2.69150,1.16920,0.02420,4096,1,0,1075,4,0,0,0,1,2605,0
75,16.62990,12.84290,2.71380,1.04240,0.02990,4096,1,0,1076,4,0,0,0,1,2629,0
76,22.30610,18.34470,2.69360,1.23590,0.03100,4096,1,0,1077,4,0,0,0,1,2690,0
77,21.21430,16.40540,3.55130,1.18130,0.07470,4096,1,0,1081,4,0,0,0,1,2744,0
78,20.26490,16.20760,2.84450,1.16740,0.04430,4096,1,0,1084,4,0,0,0,1,2743,0
79,9.16360,5.38760,2.70940,1.02770,0.03800,1404,0,0,1084,4,0,0,0,0,2770,0
80,6.01550,2.02440,2.80950,1.14660,0.03400,133,0,0,1090,4,0,0,0,0,2819,0
81,5.08930,1.22030,2.72790,1.11170,0.02860,43,0,0,1093,4,0,0,0,0,2869,0
82,4.73560,0.95210,2.63910,1.10720,0.03610,32,0,0,1095,4,0,0,0,0,2884,0
83,5.32880,1.15410,2.70960,1.35120,0.11310,72,0,0,1098,4,0,0,0,0,2901,0
84,4.90240,0.92770,2.70890,1.23020,0.03470,64,0,0,1100,4,0,0,0,0,2941,0
85,5.36940,1.44620,2.61870,1.27260,0.03070,123,0,0,1103,4,0,0,0,0,2997,0
86,5.16900,1.18840,2.63810,1.28500,0.05650,72,0,0,1106,4,0,0,0,0,3047,0
87,4.95510,1.09270,2.61760,1.19360,0.05030,45,0,0,1108,4,0,0,0,0,3084,0
88,5.83400,1.82720,2.74000,1.22750,0.03830,175,0,0,1113,4,0,0,0,0,3169,0
89,5.10540,1.20600,2.75020,1.12120,0.02700,113,0,0,1116,4,0,0,0,0,3205,0
90,4.82980,0.78950,2.80690,1.16620,0.06620,50,0,0,1117,4,0,0,0,0,3280,0
91,7.52940,2.72280,3.46100,1.29050,0.05340,55,0,0,1119,4,0,0,0,0,3315,0
92,6.25330,1.90850,3.17240,1.14170,0.02970,78,0,0,1123,4,0,0,0,0,3399,0
93,5.92530,1.59390,3.10530,1.19640,0.02870,89,0,0,1127,4,0,0,0,0,3397,0
94,5.54280,1.46550,2.81440,1.22970,0.03210,83,0,0,1130,4,0,0,0,0,3450,0
95,5.35860,1.26720,2.80890,1.24420,0.03690,89,0,0,1132,4,0,0,0,0,3478,0
96,5.48270,1.60540,2.68490,1.16550,0.02580,85,0,0,1136,4,0,0,0,0,3496,0
97,5.14700,1.18590,2.72140,1.18630,0.05270,34,0,0,1138,4,0,0,0,0,3511,0
98,4.77000,0.80450,2.71780,1.21600,0.03070,15,0,0,1139,4,0,0,0,0,3593,0
99,5.51660,0.85680,3.20280,1.37860,0.07670,17,0,0,1140,4,0,0,0,0,3659,0
100,4.90050,0.91250,2.76220,1.19270,0.03210,38,0,0,1141,4,0,0,0,0,3674,0
101,5.51310,1.55960,2.75460,1.16620,0.03180,79,0,0,1145,4,0,0,0,0,3714,0
102,5.43860,1.50400,2.73310,1.16990,0.03090,99,0,0,1150,4,0,0,0,0,3753,0
103,5.84980,1.76250,2.85430,1.18630,0.04570,122,0,0,1155,4,0,0,0,0,3838,0
104,5.39820,1.27700,2.88440,1.20700,0.02900,75,0,0,1159,4,0,0,0,0,3846,0
105,4.80840,0.80630,2.78310,1.19060,0.02760,16,0,0,1160,4,0,0,0,0,3871,0
106,7.48080,3.40060,2.84290,1.20970,0.02610,97,0,0,1165,4,0,0,0,0,3912,0
107,5.42060,1.33450,2.70980,1.31910,0.05630,50,0,0,1168,4,0,0,0,0,3887,0
108,6.03780,1.87400,2.76110,1.36840,0.03310,152,0,0,1172,4,0,0,0,0,3937,0
109,4.59100,0.49640,2.80660,1.24080,0.04610,0,0,0,1172,4,0,0,0,0,3958,0
110,4.97250,0.85910,2.85930,1.21460,0.03860,72,0,0,1173,4,0,0,0,0,4019,0
111,5.90330,1.79830,2.82320,1.25220,0.02840,118,0,0,1177,4,0,0,0,0,4078,0
112,5.11190,1.12710,2.70470,1.24150,0.03750,34,0,0,1179,4,0,0,0,0,4203,0
113,5.21930,1.16460,2.79720,1.22410,0.03200,33,0,0,1181,4,0,0,0,0,4247,0
114,5.51700,1.32830,2.91660,1.24000,0.03110,85,0,0,1184,4,0,0,0,0,4257,0
115,4.52910,0.44960,2.74580,1.29660,0.03620,0,0,0,1184,4,0,0,0,0,4283,0
116,6.08870,1.88960,2.78560,1.38350,0.02890,96,0,0,1189,4,0,0,0,0,4283,0
117,4.93070,0.71160,2.82580,1.34370,0.04870,13,0,0,1190,4,0,0,0,0,4310,0
118,6.19040,1.87610,2.87620,1.37350,0.06360,220,0,0,1196,4,0,0,0,0,4328,0
119,5.49220,1.22220,2.88020,1.34580,0.04300,56,0,0,1199,4,0,0,0,0,4392,0
120,5.03320,0.72370,2.88670,1.38390,0.03750,25,0,0,1200,4,0,0,0,0,4419,0
121,8.18210,3.39710,3.30920,1.44190,0.03150,81,0,0,1204,4,0,0,0,0,4480,0
122,6.16820,1.43380,3.28180,1.42690,0.02480,53,0,0,1207,4,0,0,0,0,4526,0
123,6.19200,1.71140,3.14560,1.31070,0.02340,172,0,0,1211,4,0,0,0,0,4550,0
124,4.98120,0.48760,3.13580,1.32970,0.02720,0,0,0,1211,4,0,0,0,0,4610,0
125,6.42680,1.95110,3.15880,1.29460,0.02150,127,0,0,1217,4,0,0,0,0,4684,0
126,5.17700,0.89110,2.94290,1.30850,0.03350,55,0,0,1219,4,0,0,0,0,4671,0
127,5.29430,0.96670,2.95300,1.34170,0.03200,29,0,0,1221,4,0,0,0,0,4700,0
128,5.31900,0.95770,2.99990,1.32940,0.03110,53,0,0,1223,4,0,0,0,0,4779,0
129,5.48220,1.15750,2.94980,1.34540,0.02880,44,0,0,1226,4,0,0,0,0,4808,0
130,5.08680,0.94320,2.87630,1.23340,0.03290,29,0,0,1228,4,0,0,0,0,4850,0
131,6.24890,1.91280,3.05270,1.25610,0.02660,183,0,0,1235,4,0,0,0,0,4910,0
132,5.60840,1.33030,2.94090,1.30140,0.03490,96,0,0,1239,4,0,0,0,0,4928,0
133,5.67070,1.37350,2.95970,1.30710,0.02960,124,0,0,1243,4,0,0,0,0,4965,0
134,6.11360,1.92750,2.82070,1.34200,0.02250,194,0,0,1250,4,0,0,0,0,5037,0
135,5.94130,1.46850,3.05460,1.38540,0.03150,96,0,0,1254,4,0,0,0,0,5072,0
136,7.97810,3.74820,2.90910,1.29470,0.02510,227,0,0,1262,4,0,0,0,0,5114,0
137,5.20570,0.92020,2.88130,1.37860,0.02470,35,0,0,1264,4,0,0,0,0,5128,0
138,6.33030,1.30510,3.58620,1.41060,0.02730,99,0,0,1267,4,0,0,0,0,5177,0
139,5.69000,1.20160,3.10670,1.35000,0.03090,80,0,0,1270,4,0,0,0,0,5182,0
140,6.36280,2.03200,2.94380,1.35820,0.02760,142,0,0,1276,4,0,0,0,0,5182,0
141,6.00200,1.32880,3.18030,1.45570,0.03610,84,0,0,1279,4,0,0,0,0,5211,0
142,4.91740,0.49460,2.97740,1.41770,0.02700,0,0,0,1279,4,0,0,0,0,5268,0
143,5.79680,1.52670,2.93330,1.30280,0.03290,76,0,0,1283,4,0,0,0,0,5337,0
144,6.06810,1.67950,3.00740,1.35130,0.02890,98,0,0,1288,4,0,0,0,0,5338,0
145,5.07450,0.73350,2.92130,1.38910,0.02970,30,0,0,1289,4,0,0,0,0,5358,0
146,5.81500,1.73870,2.80970,1.23850,0.02720,116,0,0,1294,4,0,0,0,0,5393,0
147,4.99350,0.74950,2.90880,1.30960,0.02480,25,0,0,1295,4,0,0,0,0,5404,0
148,5.37310,1.08940,2.93950,1.31910,0.02360,57,0,0,1297,4,0,0,0,0,5386,0
149,5.86970,1.58630,2.90680,1.35310,0.02250,190,0,0,1302,4,0,0,0,0,5381,0
150,5.68530,1.46450,2.90200,1.28630,0.03150,80,0,0,1307,4,0,0,0,0,5411,0
151,8.38400,3.18930,3.68800,1.47480,0.03030,104,0,0,1311,4,0,0,0,0,5426,0
152,6.67910,1.41280,3.92600,1.31980,0.01950,69,0,0,1315,4,0,0,0,0,5456,0
153,7.16230,0.98700,4.35300,1.79880,0.02260,76,0,0,1317,4,0,0,0,0,5503,0
154,5.86060,1.21840,3.30910,1.30950,0.02240,74,0,0,1320,4,0,0,0,0,5508,0
155,6.59610,1.94970,3.34490,1.27900,0.02180,195,0,0,1327,4,0,0,0,0,5503,0
156,5.49270,0.79210,3.39560,1.28080,0.02330,47,0,0,1329,4,0,0,0,0,5509,0
157,5.25130,0.66940,3.28110,1.27810,0.02190,15,0,0,1330,4,0,0,0,0,5550,0
158,5.54350,0.97130,3.22920,1.31330,0.02900,31,0,0,1332,4,0,0,0,0,5543,0
159,5.70400,1.32100,3.12500,1.23450,0.02270,59,0,0,1336,4,0,0,0,0,5587,0
160,5.76470,1.08600,3.41380,1.24250,0.02160,75,0,0,1339,4,0,0,0,0,5587,0
161,4.98630,0.70020,3.02290,1.21970,0.04260,27,0,0,1340,4,0,0,0,0,5622,0
162,5.30940,0.89310,3.06130,1.32100,0.03290,10,0,0,1341,4,0,0,0,0,5655,0
163,6.06590,1.38770,3.32190,1.33040,0.02450,65,0,0,1344,4,0,0,0,0,5687,0
164,5.79330,1.18580,3.16730,1.40460,0.03460,106,0,0,1346,4,0,0,0,0,5740,0
165,5.97670,1.67020,2.99400,1.28140,0.02990,53,0,0,1349,4,0,0,0,0,5738,0
166,7.61150,3.27540,2.99970,1.30790,0.02660,103,0,0,1353,4,0,0,0,0,5791,0
167,5.35360,0.91770,3.02600,1.37850,0.02970,24,0,0,1354,4,0,0,0,0,5781,0
168,5.80650,1.31280,3.07440,1.37360,0.04360,36,0,0,1356,4,0,0,0,0,5788,0
169,6.45490,2.06350,3.00780,1.34700,0.03510,143,0,0,1360,4,0,0,0,0,5829,0
170,7.05440,2.55150,3.05820,1.40740,0.03610,202,0,0,1366,4,0,0,0,0,5846,0
171,4.99340,0.45860,3.16650,1.32980,0.03710,0,0,0,1366,4,0,0,0,0,5891,0
172,5.33530,0.76890,3.15050,1.38410,0.03040,15,0,0,1367,4,0,0,0,0,5941,0
173,8.04600,3.49800,3.16290,1.34500,0.03890,454,0,0,1370,5,0,0,0,0,5920,0
174,5.77970,1.19350,3.21480,1.33070,0.03930,27,0,0,1372,5,0,0,0,0,5888,0
175,6.40730,1.68900,3.25130,1.43920,0.02630,63,0,0,1376,5,0,0,0,0,5912,0
176,5.40030,0.78900,3.18890,1.39230,0.02900,27,0,0,1377,5,0,0,0,0,5922,0
177,5.71610,1.15450,3.20210,1.33630,0.02220,24,0,0,1379,5,0,0,0,0,5967,0
178,5.41840,0.79700,3.17940,1.41260,0.02770,23,0,0,1380,5,0,0,0,0,5985,0
179,6.75040,2.03840,3.17810,1.50400,0.02840,128,0,0,1386,5,0,0,0,0,5983,0
180,5.91220,1.34950,3.11570,1.41850,0.02760,62,0,0,1389,5,0,0,0,0,5988,0
181,7.94030,2.94150,3.53430,1.43660,0.02630,52,0,0,1391,5,0,0,0,0,6102,0
182,6.23790,1.13350,3.70200,1.37600,0.02520,32,0,0,1393,5,0,0,0,0,6119,0
183,5.71300,0.79260,3.46330,1.42350,0.03240,18,0,0,1394,5,0,0,0,0,6156,0
184,6.07390,1.39310,3.25920,1.38950,0.03100,52,0,0,1397,5,0,0,0,0,6265,0
185,6.00040,1.32780,3.19370,1.44270,0.03530,92,0,0,1400,5,0,0,0,0,6311,0
186,5.49720,0.82400,3.20980,1.41080,0.05140,71,0,0,1401,5,0,0,0,0,6364,0
187,5.29980,0.80950,3.11550,1.34670,0.02710,15,0,0,1402,5,0,0,0,0,6379,0
188,6.29090,1.71280,3.14400,1.39460,0.03790,104,0,0,1406,5,0,0,0,0,6420,0
189,5.45750,0.77170,3.16430,1.48500,0.03510,15,0,0,1407,5,0,0,0,0,6495,0
190,6.19830,1.15200,3.48080,1.52920,0.03530,45,0,0,1409,5,0,0,0,0,6502,0
191,6.67050,1.48390,3.58270,1.56940,0.03320,66,0,0,1412,5,0,0,0,0,6510,0
192,6.48100,1.37350,3.41770,1.63740,0.05110,39,0,0,1415,5,0,0,0,0,6506,0
193,5.82630,0.76050,3.45440,1.57100,0.03910,17,0,0,1416,5,0,0,0,0,6513,0
194,6.66700,1.47040,3.40980,1.73560,0.04950,73,0,0,1419,5,0,0,0,0,6576,0
195,6.72960,1.45340,3.38580,1.85700,0.03210,102,0,0,1421,5,0,0,0,0,6642,0
196,8.61110,3.46740,3.48290,1.61990,0.03950,118,0,0,1426,5,0,0,0,0,6673,0
197,6.77160,1.65160,3.54020,1.54050,0.03830,60,0,0,1430,5,0,0,0,0,6760,0
198,5.95040,1.14280,3.38900,1.38980,0.02770,29,0,0,1432,5,0,0,0,0,6804,0
199,6.52360,1.74610,3.25570,1.49040,0.03010,74,0,0,1436,5,0,0,0,0,6827,0
200,5.70450,0.80700,3.41300,1.45130,0.03210,18,0,0,1437,5,0,0,0,0,6794,0
201,5.99350,1.08740,3.31710,1.55590,0.03160,91,0,0,1439,5,0,0,0,0,6899,0
202,6.29240,1.42350,3.34030,1.49750,0.02970,59,0,0,1442,5,0,0,0,0,6955,0
203,6.23160,1.14230,3.43820,1.61480,0.03500,53,0,0,1444,5,0,0,0,0,6976,0
204,5.51100,0.75260,3.17960,1.54500,0.03260,17,0,0,1445,5,0,0,0,0,7017,0
205,6.22320,1.16690,3.46600,1.55300,0.03600,34,0,0,1447,5,0,0,0,0,6956,0
206,6.74870,1.86130,3.35680,1.48920,0.04020,118,0,0,1452,5,0,0,0,0,6950,0
207,6.05430,1.09320,3.41190,1.51540,0.03260,32,0,0,1454,5,0,0,0,0,7002,0
208,5.73400,0.78720,3.37490,1.52720,0.04340,14,0,0,1455,5,0,0,0,0,7064,0
209,6.13190,1.16260,3.41770,1.52080,0.02960,53,0,0,1457,5,0,0,0,0,7099,0
210,7.11600,2.16940,3.35300,1.56060,0.03180,130,0,0,1461,5,0,0,0,0,7180,0
211,9.02200,3.86270,3.69800,1.42530,0.03370,108,0,0,1466,5,0,0,0,0,7160,0
212,5.90710,0.48550,3.84040,1.54440,0.03510,0,0,0,1466,5,0,0,0,0,7193,0
213,6.27620,1.22100,3.46550,1.55600,0.03220,24,0,0,1468,5,0,0,0,0,7258,0
214,6.20050,1.20240,3.42710,1.54240,0.02730,74,0,0,1470,5,0,0,0,0,7360,0
215,6.21680,1.17100,3.43980,1.57450,0.03050,91,0,0,1472,5,0,0,0,0,7356,0
216,6.44750,1.45000,3.44250,1.52570,0.02740,102,0,0,1475,5,0,0,0,0,7354,0
217,6.97620,1.69790,3.34830,1.89690,0.03150,58,0,0,1479,5,0,0,0,0,7356,0
218,6.56490,1.48160,3.47440,1.57990,0.02760,36,0,0,1482,5,0,0,0,0,7475,0
219,6.01590,1.18950,3.24620,1.54830,0.03020,34,0,0,1484,5,0,0,0,0,7504,0
220,5.85280,0.79110,3.52200,1.51090,0.02750,19,0,0,1485,5,0,0,0,0,7565,0
221,6.19290,1.10350,3.51030,1.55080,0.02700,44,0,0,1487,5,0,0,0,0,7595,0
222,5.64240,0.45770,3.50170,1.65300,0.02890,0,0,0,1487,5,0,0,0,0,7670,0
223,7.21490,1.87140,3.63840,1.67820,0.02600,67,0,0,1492,5,0,0,0,0,7688,0
224,6.43670,1.35710,3.48650,1.56090,0.03110,68,0,0,1495,5,0,0,0,0,7815,0
225,6.61010,1.38940,3.52510,1.67040,0.02360,37,0,0,1498,5,0,0,0,0,7827,0
226,8.30940,3.14050,3.54860,1.58770,0.03130,70,0,0,1502,5,0,0,0,0,7885,0
227,6.37160,1.09920,3.55410,1.69140,0.02530,19,0,0,1504,5,0,0,0,0,7998,0
228,7.53940,2.36530,3.51140,1.63840,0.02250,124,0,0,1511,5,0,0,0,0,8049,0
229,6.75470,1.51600,3.46080,1.74530,0.03110,76,0,0,1514,5,0,0,0,0,8050,0
230,7.42300,1.87360,3.83500,1.67970,0.03320,75,0,0,1519,5,0,0,0,0,8117,0
231,7.19540,1.96720,3.60160,1.59120,0.03400,128,0,0,1524,5,0,0,0,0,8126,0
232,8.48500,2.91510,3.56020,1.97440,0.03360,95,0,0,1531,5,0,0,0,0,8069,0
233,6.31710,0.75780,3.52640,1.99640,0.03540,13,0,0,1532,5,0,0,0,0,8176,0
234,7.19310,1.80450,3.63120,1.71900,0.03740,102,0,0,1537,5,0,0,0,0,8159,0
235,5.87240,0.49000,3.56460,1.79010,0.02640,0,0,0,1537,5,0,0,0,0,8243,0
236,6.69980,1.51910,3.46790,1.68180,0.02960,56,0,0,1540,5,0,0,0,0,8250,0
237,6.18200,0.89670,3.46720,1.76360,0.05300,7,0,0,1541,5,0,0,0,0,8321,0
238,6.75050,1.17410,3.57490,1.94700,0.05340,32,0,0,1543,5,0,0,0,0,8360,0
239,7.13330,1.79410,3.67130,1.63310,0.03370,67,0,0,1548,5,0,0,0,0,8381,0
240,6.55070,1.05180,3.56680,1.90210,0.02900,22,0,0,1550,5,0,0,0,0,8477,0
241,9.33910,3.35810,4.34860,1.59260,0.03820,64,0,0,1554,5,0,0,0,0,8486,0
242,7.06320,1.83620,3.59700,1.59660,0.03090,44,0,0,1558,5,0,0,0,0,8539,0
243,7.65560,2.39340,3.54700,1.68240,0.03080,111,0,0,1564,5,0,0,0,0,8642,0
244,6.94830,1.86830,3.50750,1.54140,0.03010,124,0,0,1569,5,0,0,0,0,8614,0
245,6.46480,1.32410,3.55750,1.55090,0.03000,44,0,0,1572,5,0,0,0,0,8659,0
246,6.82700,1.72110,3.48890,1.55070,0.06510,141,0,0,1577,5,0,0,0,0,8681,0
247,6.63340,1.58080,3.50090,1.51480,0.03550,50,0,0,1581,5,0,0,0,0,8711,0
248,6.84620,1.57300,3.69640,1.54860,0.02750,48,0,0,1585,5,0,0,0,0,8724,0
249,6.76080,1.44250,3.63260,1.65790,0.02640,57,0,0,1588,5,0,0,0,0,8762,0
250,6.42340,1.48850,3.36720,1.54190,0.02390,50,0,0,1591,5,0,0,0,0,8713,0
251,6.26820,0.98400,3.62280,1.63200,0.02790,64,0,0,1593,5,0,0,0,0,8721,0
252,6.09450,0.90840,3.62100,1.54260,0.02140,41,0,0,1595,5,0,0,0,0,8810,0
253,6.43840,1.22130,3.61130,1.58100,0.02370,43,0,0,1598,5,0,1,1,0,8860,0
254,6.67070,1.36010,3.71030,1.57500,0.02440,100,0,0,1602,5,0,1,1,0,8842,0
255,6.06650,0.83280,3.66180,1.54580,0.02520,26,0,0,1604,5,0,1,1,0,8922,0
256,8.12990,2.68650,3.77520,1.64240,0.02490,63,0,0,1608,5,0,1,1,0,8912,0
257,5.99440,0.97970,3.45380,1.53090,0.02920,19,0,0,1610,5,0,1,1,0,8912,0
258,6.19380,0.93160,3.66960,1.56990,0.02210,32,0,0,1612,5,0,1,1,0,8988,0
259,6.72020,1.64170,3.49820,1.55560,0.02380,90,0,0,1618,5,0,1,1,0,8954,0
260,6.19650,0.93610,3.63850,1.59610,0.02400,33,0,0,1621,5,0,1,1,0,9006,0
261,6.64450,1.39100,3.66870,1.55940,0.02390,124,0,0,1625,5,0,1,1,0,9055,0
262,7.05900,1.87890,3.49870,1.65730,0.02320,125,0,0,1633,5,0,1,1,0,9024,0
263,6.61310,1.20980,3.82380,1.55590,0.02270,64,0,0,1637,5,0,1,1,0,8978,0
264,6.55880,1.25370,3.67280,1.59730,0.03400,63,0,0,1641,5,0,1,1,0,9102,0
265,6.54190,1.18000,3.77810,1.55910,0.02370,50,0,0,1644,5,0,1,1,0,9092,0
266,6.36960,0.95850,3.75760,1.61690,0.03580,66,0,0,1646,5,0,1,1,0,9107,0
267,6.94790,1.60650,3.69610,1.61810,0.02620,102,0,0,1652,5,0,1,1,0,9083,0
268,6.76850,1.46430,3.69860,1.57510,0.02950,64,0,0,1657,5,0,1,1,0,9078,0
269,6.40920,1.04110,3.71080,1.59460,0.06180,41,0,0,1660,5,0,1,1,0,9113,0
270,6.58230,1.20100,3.73360,1.62130,0.02550,46,0,0,1664,5,0,2,2,0,9189,0
271,9.61710,3.06350,4.88130,1.64630,0.02460,53,0,0,1667,5,0,2,2,0,9265,0
272,7.93380,1.60270,4.62200,1.67440,0.03350,52,0,0,1671,5,0,2,2,0,9229,0
273,8.74590,1.93340,4.90110,1.88120,0.02910,71,0,0,1677,5,0,2,2,0,9184,0
274,7.41480,1.59070,4.14200,1.64860,0.03240,73,0,0,1682,5,0,2,2,0,9247,0
275,7.33400,1.36100,4.24090,1.70300,0.02830,61,0,0,1687,5,0,2,2,0,9257,0
276,6.96440,0.84970,4.55400,1.52640,0.03350,21,0,0,1689,5,0,2,2,0,9285,0
277,7.97860,1.66970,4.68080,1.59690,0.03000,110,0,0,1694,5,0,2,2,0,9245,0
278,6.24470,1.09980,3.58590,1.52540,0.03260,56,0,0,1696,5,0,2,2,0,9279,0
279,7.29510,1.95240,3.77240,1.54310,0.02580,97,0,0,1703,5,0,2,2,0,9259,0
280,6.90220,1.22190,4.16340,1.49510,0.02100,77,0,0,1707,5,0,2,2,0,9329,0
281,5.95300,0.87150,3.58440,1.47510,0.02140,72,0,0,1709,5,0,2,2,0,9310,0
282,6.47000,1.14330,3.70530,1.59320,0.02730,39,0,0,1712,5,0,2,2,0,9343,0
283,6.97510,1.71860,3.75930,1.47180,0.02440,112,0,0,1718,5,0,2,2,0,9363,0
284,6.28970,1.14490,3.56370,1.56030,0.01980,32,0,0,1722,5,0,2,2,0,9341,0
285,6.20680,1.08380,3.54930,1.54710,0.02570,37,0,0,1726,5,0,2,2,0,9256,0
286,7.96970,2.73810,3.67140,1.53040,0.02870,44,0,0,1728,5,0,2,2,0,9218,0
287,6.50160,1.22240,3.68040,1.56960,0.02770,44,0,0,1732,5,0,2,2,0,9188,0
288,6.13810,0.84720,3.66000,1.60860,0.02130,25,0,0,1734,5,0,2,2,0,9179,0
289,6.29420,1.09460,3.68590,1.48420,0.02870,85,0,0,1737,5,0,2,2,0,9154,0
290,6.68730,1.47980,3.66680,1.51730,0.02230,77,0,0,1743,5,0,2,2,0,9144,0
291,6.25440,1.12860,3.61900,1.47740,0.02840,32,0,0,1746,5,0,2,2,0,9142,0
292,6.27690,0.94590,3.71820,1.58440,0.02730,45,0,0,1749,5,0,2,2,0,9149,0
293,6.01650,0.83330,3.65180,1.50770,0.02250,20,0,0,1751,5,0,2,2,0,9084,0
294,6.41440,1.15400,3.76670,1.46760,0.02510,59,0,0,1755,5,0,2,2,0,9038,0
295,6.89580,1.52840,3.81920,1.52350,0.02360,86,0,0,1760,5,0,2,2,0,8976,0
296,6.32100,1.12800,3.54350,1.61680,0.03160,84,0,0,1763,5,0,2,2,0,8983,0
297,6.59120,1.53650,3.49700,1.52920,0.02750,77,0,0,1770,5,0,3,3,0,9018,0
298,5.98520,0.73010,3.71290,1.51560,0.02570,12,0,0,1771,5,0,3,3,0,9067,0
299,7.07790,1.75710,3.74260,1.55330,0.02380,104,0,0,1777,5,0,3,3,0,9054,0
300,6.30270,1.04620,3.61070,1.61710,0.02760,27,0,0,1780,5,0,3,3,0,9106,0
301,9.49290,3.27400,4.55730,1.63750,0.02170,48,0,0,1784,5,0,3,3,0,9059,0
302,7.91000,1.56210,4.78740,1.53210,0.02750,64,0,0,1788,5,0,4,4,0,9103,0
303,6.63500,1.10170,3.95940,1.53990,0.03250,23,0,0,1790,5,0,4,4,0,9068,0
304,6.88690,1.39750,3.95360,1.51210,0.02270,92,0,0,1794,5,0,4,4,0,9063,0
305,7.01510,1.07540,4.28630,1.62450,0.02790,34,0,0,1797,5,0,6,6,0,9041,0
306,7.45110,1.52260,4.37150,1.52870,0.02730,80,0,0,1803,5,0,6,6,0,8950,0
307,7.15690,1.57940,3.93120,1.60610,0.03940,121,0,0,1809,5,0,6,6,0,8972,0
308,7.29450,1.59520,4.10860,1.56570,0.02400,94,0,0,1815,5,0,6,6,0,8849,0
309,6.27420,0.84800,3.87370,1.51830,0.03330,61,0,0,1817,5,0,6,6,0,8836,0
310,7.35150,1.65710,4.17020,1.49320,0.03010,106,0,0,1823,5,0,6,6,0,8807,0
311,6.52560,0.86370,4.08930,1.53890,0.03270,76,0,0,1825,5,0,7,7,0,8803,0
312,7.52530,1.67410,4.24340,1.57860,0.02830,85,0,0,1833,5,0,7,7,0,8848,0
313,6.39920,1.05500,3.73580,1.58050,0.02730,31,0,0,1836,5,0,7,7,0,8800,0
314,6.36120,1.19220,3.58040,1.55870,0.02880,55,0,0,1840,5,0,7,7,0,8811,0
315,6.57720,0.94270,4.03370,1.57440,0.02530,24,0,0,1842,5,0,7,7,0,8762,0
316,7.66110,2.62150,3.53370,1.44650,0.05830,18,0,0,1844,5,0,7,7,0,8735,0
317,6.30120,0.92700,3.70120,1.63230,0.03960,20,0,0,1846,5,0,7,7,0,8749,0
318,5.60850,0.64590,3.48070,1.45330,0.02750,8,0,0,1847,5,0,7,7,0,8701,0
319,5.74500,0.69730,3.52570,1.48900,0.03240,20,0,0,1848,5,0,7,7,0,8616,0
320,6.33700,1.30580,3.53440,1.46400,0.03180,34,0,0,1852,5,0,8,8,0,8544,0
321,6.31240,1.20480,3.60890,1.45160,0.04610,55,0,0,1856,5,0,8,8,0,8535,0
322,6.89550,1.67010,3.65770,1.54130,0.02530,98,0,0,1863,5,0,8,7,0,8555,0
323,5.87420,0.88000,3.45830,1.51280,0.02230,38,0,0,1866,5,0,9,8,0,8547,0
324,5.90570,0.83080,3.54510,1.50010,0.02880,43,0,0,1868,5,0,9,8,0,8567,0
325,6.17970,1.19750,3.53830,1.42110,0.02210,70,0,0,1872,5,0,9,8,0,8470,0
326,6.21080,1.06320,3.62520,1.49600,0.02550,42,0,0,1876,5,0,9,8,0,8414,0
327,6.49450,1.41680,3.58930,1.45160,0.03580,79,0,0,1882,5,0,9,8,0,8421,0
328,5.79740,0.76530,3.48040,1.52320,0.02760,21,0,0,1884,5,0,9,8,0,8324,0
329,6.14610,1.05930,3.62880,1.42900,0.02790,37,0,0,1887,5,0,9,8,0,8346,0
330,6.04050,1.10540,3.38510,1.52240,0.02680,35,0,0,1891,5,0,9,8,0,8352,0
331,10.15960,3.34020,5.16340,1.62880,0.02520,53,0,0,1895,5,0,10,9,0,8377,0
332,7.46740,1.29330,4.44530,1.70500,0.02280,31,0,0,1899,5,0,10,8,0,8333,0
333,6.51340,0.56600,4.36370,1.56320,0.01970,0,0,0,1899,5,0,10,8,0,8353,0
334,8.40190,1.39140,4.97340,2.00340,0.03270,45,0,0,1903,5,0,11,9,0,8341,0
335,7.49700,1.74160,4.17130,1.56220,0.02000,80,0,0,1908,5,0,11,9,0,8276,0
336,7.46530,1.72310,4.23620,1.47840,0.02640,86,0,0,1915,5,0,11,9,0,8249,0
337,6.69750,1.03120,4.21640,1.42500,0.02330,16,0,0,1917,5,0,14,12,0,8323,0
338,6.82940,1.65470,3.69360,1.46120,0.01870,48,0,0,1922,5,0,15,13,0,8308,0
339,5.71400,0.59220,3.65260,1.44050,0.02780,9,0,0,1923,5,0,16,14,0,8201,0
340,6.23430,0.85140,3.88610,1.47380,0.02220,17,0,0,1925,5,0,17,15,0,8126,0
341,6.34950,1.36900,3.47900,1.46560,0.03470,29,0,0,1929,5,0,18,16,0,8119,0
342,6.57230,1.48520,3.55610,1.49560,0.03400,39,0,0,1933,5,0,19,16,0,8044,0
343,6.28330,1.09030,3.62760,1.53560,0.02830,45,0,0,1935,5,0,19,15,0,7985,0
344,6.51540,1.51350,3.47980,1.48730,0.03320,41,0,0,1939,5,0,21,18,0,7883,0
345,6.40660,1.63840,3.40730,1.33680,0.02320,93,0,0,1945,5,0,21,18,0,7829,0
346,7.92660,3.01040,3.38440,1.50850,0.02220,56,0,0,1949,5,0,22,19,0,7835,0
347,6.00000,1.00890,3.54460,1.42270,0.02270,28,0,0,1952,5,0,22,19,0,7814,0
348,6.00730,1.27240,3.31870,1.39310,0.02220,40,0,0,1955,5,0,23,20,0,7710,0
349,5.53880,0.88170,3.27200,1.35930,0.02500,19,0,0,1957,5,0,26,23,0,7711,0
350,5.75950,0.96060,3.30950,1.46540,0.02310,40,0,0,1960,5,0,27,24,0,7674,0
351,6.31460,1.48610,3.33080,1.47340,0.02260,69,0,0,1966,5,0,27,23,0,7648,0
352,5.93970,1.13250,3.32980,1.45360,0.02220,28,0,0,1969,5,0,27,21,0,7621,0
353,6.25640,1.38100,3.28860,1.55370,0.03180,66,0,0,1974,5,0,28,23,0,7573,0
354,5.41740,0.63660,3.28760,1.47000,0.02240,8,0,0,1975,5,0,30,26,0,7471,0
355,5.41100,0.62050,3.27010,1.49080,0.02880,5,0,0,1976,5,0,30,26,0,7426,0
356,5.86640,1.18760,3.24510,1.41000,0.02300,34,0,0,1979,5,0,31,27,0,7418,0
357,5.67400,0.93040,3.27990,1.44030,0.02260,33,0,0,1982,5,0,31,26,0,7399,0
358,5.31260,0.62320,3.17860,1.47620,0.03360,8,0,0,1983,5,0,32,26,0,7377,0
359,5.48230,0.65970,3.39640,1.39880,0.02660,14,0,0,1984,5,0,32,26,0,7328,0
360,7.09080,1.59570,3.88960,1.57810,0.02640,87,0,0,1990,5,0,32,27,0,7281,0
361,10.64530,3.99920,5.03570,1.58040,0.02860,83,0,0,1998,5,0,33,28,0,7312,0
362,8.54980,1.21820,5.68380,1.61590,0.03090,43,0,0,2003,5,0,34,28,0,7323,0
363,6.46300,0.81800,4.08480,1.52830,0.03100,23,0,0,2005,5,0,34,28,0,7238,0
364,6.89640,1.31850,4.07420,1.47910,0.02380,53,0,0,2009,5,0,36,30,0,7171,0
365,6.37820,0.80890,4.06220,1.48320,0.02320,26,0,0,2011,5,0,37,31,0,7194,0
366,6.71880,1.41420,3.79560,1.48800,0.02010,61,0,0,2017,5,0,38,31,0,7144,0
367,6.71540,1.21510,4.02610,1.45250,0.02050,30,0,0,2020,5,0,39,32,0,7139,0
368,6.40810,1.45020,3.62360,1.31430,0.01930,73,0,0,2026,5,0,40,33,0,7080,0
369,5.44760,0.42320,3.61090,1.39380,0.01900,0,0,0,2026,5,0,40,33,0,7056,0
370,6.28760,0.88710,3.58740,1.79050,0.02180,21,0,0,2028,5,0,41,34,0,7028,0
371,7.43330,1.14270,4.25420,2.01610,0.01960,44,0,0,2032,5,0,41,34,0,6991,0
372,6.27130,1.32530,3.53650,1.38980,0.01880,53,0,0,2037,5,0,43,36,0,6915,0
373,5.35580,0.56380,3.47400,1.29550,0.02160,10,0,0,2038,5,0,44,37,0,6839,0
374,6.02160,0.81290,3.77520,1.41200,0.02060,27,0,0,2040,5,0,45,37,0,6836,0
375,6.98110,1.62830,3.43180,1.89570,0.02440,105,0,0,2047,5,0,46,37,0,6839,0
376,7.40320,2.52090,3.45430,1.40280,0.02410,48,0,0,2050,5,0,48,40,0,6828,0
377,6.26740,0.72430,3.98060,1.52890,0.03260,17,0,0,2052,5,0,48,40,0,6712,0
378,6.23000,0.77650,4.09460,1.33600,0.02200,22,0,0,2054,5,0,50,41,0,6696,0
379,6.10990,1.04220,3.71900,1.32690,0.02090,33,0,0,2057,5,0,50,41,0,6694,0
380,5.39390,0.61770,3.38140,1.37350,0.02040,11,0,0,2058,5,0,52,43,0,6636,0
381,6.23710,1.44480,3.40020,1.36920,0.02200,74,0,0,2064,5,0,52,43,0,6576,0
382,6.23870,0.74640,4.10990,1.35850,0.02290,33,0,0,2066,5,0,52,42,0,6529,0
383,6.06990,1.38460,3.34640,1.31550,0.02240,84,0,0,2071,5,0,52,42,0,6497,0
384,5.00890,0.54940,3.08700,1.34750,0.02420,10,0,0,2072,5,0,55,44,0,6505,0
385,5.15900,0.77720,3.07760,1.28150,0.02180,22,0,0,2074,5,0,55,45,0,6446,0
386,5.82340,1.23580,3.27320,1.29030,0.02340,60,0,0,2079,5,0,57,47,0,6398,0
387,6.16090,0.70670,4.09350,1.33470,0.02510,19,0,0,2081,5,0,59,50,0,6405,0
388,7.33800,1.19260,4.85600,1.26420,0.02460,65,0,0,2086,5,0,60,50,0,6379,0
389,4.91730,0.38670,3.24060,1.25930,0.03000,0,0,0,2086,5,0,61,51,0,6274,0
390,4.85650,0.58100,3.01440,1.23870,0.02160,6,0,0,2087,5,0,61,51,0,6182,0
391,8.80130,2.95880,4.32650,1.42190,0.09270,25,0,0,2089,5,0,62,53,0,6112,0
392,6.06790,1.14630,3.44620,1.43020,0.04430,18,0,0,2091,5,0,63,54,0,6113,0
393,6.17230,0.95870,3.82410,1.36010,0.02800,16,0,0,2093,5,0,63,55,0,6075,0
394,6.69500,1.34680,3.88320,1.43530,0.02900,39,0,0,2098,5,0,64,56,0,6072,0
395,6.02760,0.61560,3.98080,1.41180,0.01830,4,0,0,2099,5,0,65,58,0,6037,0
396,5.53910,0.63670,3.52890,1.35390,0.01840,15,0,0,2100,5,0,67,60,0,5985,0
397,5.74960,0.60940,3.67880,1.44260,0.01780,8,0,0,2101,5,0,67,60,0,6055,0
398,5.71740,0.43790,3.45550,1.79840,0.02490,0,0,0,2101,5,0,68,60,0,6001,0
399,5.82500,0.87710,3.57340,1.35190,0.02180,14,0,0,2103,5,0,72,63,0,5976,0
400,6.59010,0.98240,4.22610,1.36250,0.01840,24,0,0,2106,5,0,74,64,0,5940,0
401,5.78540,1.19690,3.32180,1.24820,0.01750,75,0,0,2110,5,0,76,66,0,5905,0
402,6.54370,0.56230,4.64390,1.30920,0.02750,5,0,0,2111,5,0,76,65,0,5887,0
403,6.99540,1.84660,3.70360,1.40880,0.03550,96,0,0,2119,5,0,77,66,0,5839,0
404,5.26600,0.58920,3.32630,1.32900,0.02070,11,0,0,2120,5,0,80,68,0,5779,0
405,5.95710,0.65830,3.95100,1.32240,0.02410,6,0,0,2121,5,0,81,67,0,5765,0
406,7.87300,3.19890,3.32960,1.32010,0.02360,48,0,0,2125,5,0,82,70,0,5749,0
407,6.76730,1.39440,3.87090,1.46900,0.03200,38,0,0,2128,5,0,85,71,0,5669,0
408,6.28680,1.33000,3.58130,1.35350,0.02010,20,0,0,2131,5,0,86,72,0,5576,0
409,6.46550,1.47360,3.53010,1.42500,0.03520,50,0,0,2134,5,0,89,76,0,5545,0
410,6.84090,1.06350,4.21500,1.52900,0.03190,41,0,0,2136,5,0,91,77,0,5530,0
411,5.28710,0.70210,3.24610,1.31290,0.02440,6,0,0,2137,5,0,92,76,0,5451,0
412,5.01580,0.46600,3.20730,1.31600,0.02520,0,0,0,2137,5,0,93,73,0,5373,0
413,4.94250,0.71980,2.99990,1.19580,0.02610,13,0,0,2138,5,0,97,79,0,5331,0
414,4.77640,0.68230,2.86600,1.20580,0.02170,4,0,0,2139,5,0,98,79,0,5296,0
415,6.24040,0.89790,4.06320,1.25500,0.02350,14,0,0,2141,5,0,99,81,0,5279,0
416,5.51740,1.40000,2.96100,1.13460,0.02060,78,0,0,2147,5,0,100,80,0,5266,0
417,4.95940,0.90420,2.85400,1.17720,0.02290,25,0,0,2150,5,0,103,78,0,5255,0
418,5.42910,1.09020,3.08470,1.22970,0.02340,37,0,0,2154,5,0,104,82,0,5182,0
419,4.69050,0.51070,2.93440,1.21830,0.02640,6,0,0,2155,5,0,105,88,0,5143,0
420,4.38630,0.38270,2.84480,1.13670,0.02120,0,0,0,2155,5,0,107,88,0,5152,0
421,8.47470,2.65910,4.43210,1.35430,0.02760,21,0,0,2157,5,0,109,88,0,5155,0
422,5.61240,0.48060,3.90610,1.20140,0.02360,0,0,0,2157,5,0,111,88,0,5084,0
423,5.84130,1.00900,3.57350,1.22930,0.02860,23,0,0,2159,5,0,113,90,0,5025,0
424,5.48490,0.97270,3.25180,1.23510,0.02460,37,0,0,2161,5,0,117,96,0,4996,0
425,5.23960,0.83540,3.01800,1.34630,0.03900,16,0,0,2163,5,0,119,98,0,4945,0
426,5.95320,1.33680,3.35270,1.23190,0.03100,43,0,0,2167,5,0,120,97,0,4876,0
427,6.25400,0.71620,4.30140,1.20710,0.02830,13,0,0,2169,5,0,124,100,0,4892,0
428,5.33210,0.68630,3.40270,1.21360,0.02860,13,0,0,2170,5,0,125,103,0,4835,0
429,5.95280,1.48410,3.26800,1.17210,0.02790,40,0,0,2175,5,0,127,101,0,4731,0
430,5.09970,0.59090,2.92550,1.54120,0.04140,7,0,0,2176,5,0,130,102,0,4722,0
431,5.43260,1.40320,2.80540,1.18680,0.03620,35,0,0,2180,5,0,130,103,0,4732,0
432,4.83240,0.72230,2.89370,1.18870,0.02640,8,0,0,2181,5,0,137,106,0,4744,0
433,5.27930,1.23330,2.75290,1.26520,0.02690,29,0,0,2184,5,0,141,110,0,4705,0
434,4.71230,0.52690,2.84560,1.28970,0.04840,0,0,0,2184,5,0,144,115,0,4676,0
435,4.72280,0.75470,2.75600,1.18130,0.02950,6,0,0,2185,5,0,145,114,0,4652,0
436,6.18700,2.09580,2.93460,1.12710,0.02850,0,0,0,2185,5,0,148,115,0,4614,0
437,4.49630,0.38910,2.90670,1.17000,0.02980,0,0,0,2185,5,0,148,117,0,4562,0
438,5.38000,1.43520,2.81130,1.10190,0.03040,32,0,0,2188,5,0,150,119,0,4564,0
439,5.15060,1.17540,2.72890,1.21800,0.02740,44,0,0,2192,5,0,151,119,0,4535,0
440,4.29430,0.38850,2.75420,1.12170,0.02770,0,0,0,2192,5,0,153,120,0,4478,0
441,5.07190,1.09610,2.84650,1.10230,0.02600,20,0,0,2195,5,0,156,124,0,4415,0
442,4.48370,0.45540,2.76160,1.23710,0.02860,0,0,0,2195,5,0,161,128,0,4347,0
443,4.67610,0.67640,2.87710,1.09360,0.02830,11,0,0,2196,5,0,161,133,0,4337,0
444,5.10540,1.25050,2.73160,1.09550,0.02680,34,0,0,2200,5,0,164,133,0,4360,0
445,4.60880,0.60420,2.82320,1.15620,0.02420,5,0,0,2201,5,0,166,138,0,4336,0
446,4.78660,1.00640,2.67870,1.07470,0.02600,14,0,0,2203,5,0,169,138,0,4273,0
447,4.56410,0.60800,2.78230,1.13980,0.03280,8,0,0,2204,5,0,173,142,0,4232,0
448,4.54650,0.67240,2.76440,1.08470,0.02420,10,0,0,2205,5,0,174,143,0,4177,0
449,4.27040,0.38990,2.71530,1.13310,0.03130,0,0,0,2205,5,0,175,142,0,4174,0
450,4.28660,0.36130,2.74750,1.14720,0.02960,0,0,0,2205,5,0,177,143,0,4137,0
451,7.25080,2.46070,3.61190,1.15410,0.02280,24,0,0,2206,5,0,177,143,0,4150,0
452,5.90940,0.71510,3.83460,1.31990,0.03890,9,0,0,2207,5,0,177,147,0,4128,0
453,5.17560,0.82960,3.19130,1.13310,0.02090,11,0,0,2208,5,0,179,147,0,4078,0
454,6.03380,1.36490,3.40620,1.23820,0.02290,49,0,0,2212,5,0,179,150,0,4026,0
455,5.65750,0.57440,3.93440,1.12820,0.01970,11,0,0,2213,5,0,179,147,0,4001,0
456,5.48210,0.62940,3.59000,1.22460,0.03730,5,0,0,2214,5,0,183,153,0,3976,0
457,5.05380,0.43500,3.47860,1.11900,0.02030,0,0,0,2214,5,0,190,158,0,3932,0
458,5.02440,0.70550,3.13400,1.15790,0.02600,8,0,0,2215,5,0,195,161,0,3908,0
459,6.85940,0.99760,4.75360,1.08200,0.02530,17,0,0,2217,5,0,196,163,0,3908,0
460,6.15560,0.96730,3.90140,1.26210,0.02390,29,0,0,2220,5,0,196,163,0,3870,0
461,5.00620,0.82910,3.03990,1.11440,0.02200,28,0,0,2222,5,0,202,169,0,3827,0
462,5.21680,0.73000,3.34530,1.11630,0.02440,15,0,0,2224,5,0,205,167,0,3830,0
463,4.80500,0.56550,3.04170,1.17620,0.02090,3,0,0,2225,5,0,210,166,0,3822,0
464,4.78350,0.44010,3.18730,1.13020,0.02500,0,0,0,2225,5,0,214,171,0,3796,0
465,4.97270,0.78900,3.03730,1.12730,0.01830,5,0,0,2227,5,0,218,176,0,3712,0
466,6.58770,2.30490,3.14500,1.11180,0.02520,12,0,0,2228,5,0,224,181,0,3715,0
467,4.76950,0.58980,3.07850,1.08210,0.01830,4,0,0,2229,5,0,232,188,0,3700,0
468,4.83370,0.80440,2.91400,1.09270,0.02170,15,0,0,2231,5,0,234,186,0,3659,0
469,4.64520,0.69950,2.88890,1.03410,0.02180,10,0,0,2233,5,0,238,190,0,3607,0
470,4.92440,0.38830,3.39730,1.12020,0.01780,0,0,0,2233,5,0,243,195,0,3577,0
471,5.61740,0.40610,4.10450,1.08520,0.02070,0,0,0,2233,5,0,244,196,0,3548,0
472,5.06810,0.88020,3.11580,1.04780,0.02370,14,0,0,2235,5,0,245,194,0,3537,0
473,4.39880,0.38960,2.90180,1.08610,0.02070,0,0,0,2235,5,0,246,196,0,3497,0
474,5.53310,0.85200,3.62720,1.03540,0.01770,16,0,0,2237,5,0,249,199,0,3488,0
475,5.00500,1.08140,2.89330,1.00660,0.02280,32,0,0,2241,5,0,251,206,0,3498,0
476,4.81390,0.74650,2.87220,1.17720,0.01700,39,0,0,2243,5,0,251,206,0,3442,0
477,4.36700,0.42510,2.88650,1.03550,0.01900,0,0,0,2243,5,0,254,210,0,3429,0
478,4.55230,0.56020,2.95220,1.01530,0.02350,6,0,0,2244,5,0,258,209,0,3458,0
479,4.76650,0.74760,2.85350,1.13400,0.03020,13,0,0,2246,5,0,263,221,0,3420,0
480,4.57550,0.57530,2.91900,1.05660,0.02400,3,0,0,2247,5,0,266,221,0,3377,0
481,7.39090,2.63610,3.59990,1.13210,0.02120,13,0,0,2248,5,0,267,222,0,3343,0
482,6.56580,1.15790,4.02690,1.35220,0.02790,25,0,0,2251,5,0,271,225,0,3315,0
483,5.54510,0.42270,3.56230,1.51990,0.03940,0,0,0,2251,5,0,276,230,0,3265,0
484,5.44680,0.64160,3.35890,1.42810,0.01730,8,0,0,2252,5,0,281,241,0,3258,0
485,5.38010,0.83040,3.38770,1.14100,0.02030,13,0,0,2254,5,0,282,237,0,3242,0
486,5.14830,0.60930,3.38920,1.12420,0.02480,7,0,0,2255,5,0,286,238,0,3225,0
487,5.53210,0.66310,3.74210,1.10650,0.01940,27,0,0,2256,5,0,289,242,0,3226,0
488,4.86190,0.55560,3.18100,1.10750,0.01700,2,0,0,2257,5,0,293,252,0,3222,0
489,4.60300,0.38680,2.98680,1.20520,0.02330,0,0,0,2257,5,0,299,255,0,3156,0
490,5.22420,1.00140,3.19040,1.01310,0.01830,18,0,0,2260,5,0,300,253,0,3114,0
491,5.01500,0.82550,3.13630,1.02500,0.02730,39,0,0,2262,5,0,303,255,0,3087,0
492,4.40680,0.38580,2.96530,1.03500,0.01990,0,0,0,2262,5,0,303,255,0,3065,0
493,4.47940,0.40410,3.03050,1.02350,0.02010,0,0,0,2262,5,0,306,255,0,3040,0
494,4.91980,0.60660,3.19790,1.09320,0.02100,5,0,0,2263,5,0,309,256,0,3040,0
495,4.38340,0.42160,2.96550,0.97580,0.02000,0,0,0,2263,5,0,311,263,0,2983,0
496,4.96050,0.95810,3.00650,0.97530,0.02000,0,0,0,2263,5,0,314,265,0,2974,0
497,5.00930,0.95900,3.00310,1.00940,0.03700,11,0,0,2265,5,0,316,266,0,2937,0
498,4.38550,0.45270,2.95020,0.96270,0.01910,0,0,0,2265,5,0,321,265,0,2882,0
499,5.79620,0.66100,4.11110,1.00370,0.01970,6,0,0,2266,5,0,325,272,0,2858,0
500,4.55930,0.71020,2.87110,0.95650,0.02060,5,0,0,2267,5,0,329,276,0,2855,0
501,4.34840,0.43600,2.89870,0.98580,0.02710,0,0,0,2267,5,0,331,277,0,2871,0
502,4.67310,0.74800,2.88730,1.01330,0.02380,11,0,0,2268,5,0,334,277,0,2888,0
503,4.58180,0.75450,2.84560,0.95610,0.02480,27,0,0,2269,5,0,337,280,0,2860,0
504,4.61770,0.84040,2.78680,0.96670,0.02290,11,0,0,2271,5,0,338,279,0,2863,0
505,4.48890,0.58090,2.88710,1.00070,0.01960,5,0,0,2272,5,0,342,288,0,2865,0
506,4.68480,0.56670,3.05050,1.04360,0.02330,6,0,0,2273,5,0,347,292,0,2863,0
507,4.70150,0.85950,2.81560,1.00380,0.02190,18,0,0,2275,5,0,349,297,0,2877,0
508,4.92920,0.57320,3.26600,1.06530,0.02390,5,0,0,2276,5,0,353,299,0,2853,0
509,4.56930,0.80890,2.74710,0.98530,0.02740,16,0,0,2278,5,0,356,297,0,2834,0
510,5.46760,0.40670,4.02900,1.00710,0.02380,0,0,0,2278,5,0,358,301,0,2787,0
511,7.46240,2.21910,4.15520,1.06530,0.02190,16,0,0,2279,5,0,366,310,0,2748,0
512,5.88580,0.90710,3.93530,1.02550,0.01720,12,0,0,2281,5,0,366,310,0,2707,0
513,5.55370,0.51880,3.98830,1.02560,0.02010,0,0,0,2281,5,0,368,314,0,2700,0
514,5.49360,0.58070,3.90740,0.98440,0.02040,4,0,0,2282,5,0,377,323,0,2655,0
515,5.62260,0.64570,3.68710,1.26690,0.02210,5,0,0,2283,5,0,382,326,0,2615,0
516,5.04420,0.40720,3.43000,1.18350,0.02270,0,0,0,2283,5,0,383,329,0,2633,0
517,5.13680,0.42620,3.52630,1.16500,0.01860,0,0,0,2283,5,0,385,330,0,2642,0
518,4.82940,0.40490,3.40950,0.99610,0.01820,0,0,0,2283,5,0,390,338,0,2615,0
519,4.43240,0.44380,2.92180,1.04560,0.02040,0,0,0,2283,5,0,395,340,0,2607,0
520,4.74640,0.60780,3.13990,0.98010,0.01780,3,0,0,2284,5,0,400,346,0,2579,0
521,4.78830,0.87140,2.93600,0.95890,0.02120,11,0,0,2286,5,0,402,354,0,2582,0
522,4.99190,0.57260,3.39810,0.99940,0.02110,6,0,0,2287,5,0,404,354,0,2555,0
523,4.69130,0.45020,3.16150,1.05710,0.02170,0,0,0,2287,5,0,407,359,0,2535,0
524,4.58930,0.57470,2.98060,1.01630,0.01700,6,0,0,2288,5,0,410,364,0,2525,0
525,4.96650,0.88830,3.14330,0.91240,0.02180,25,0,0,2291,5,0,412,368,0,2499,0
526,6.23570,2.01030,2.90050,1.30200,0.02220,16,0,0,2292,5,0,416,375,0,2489,0
527,4.65170,0.68500,3.02730,0.90640,0.03230,11,0,0,2294,5,0,419,377,0,2497,0
528,4.99090,0.39650,3.62220,0.95230,0.01920,0,0,0,2294,5,0,425,384,0,2499,0
529,4.38250,0.55110,2.83430,0.97740,0.01890,5,0,0,2295,5,0,428,386,0,2495,0
530,4.59300,0.77820,2.86660,0.92810,0.01950,9,0,0,2297,5,0,431,388,0,2473,0
531,4.46180,0.56040,2.86540,0.99490,0.04040,6,0,0,2298,5,0,432,389,0,2425,0
532,4.82080,0.76420,3.02120,1.00090,0.03340,27,0,0,2300,5,0,434,389,0,2428,0
533,5.52050,0.42560,4.07690,0.99560,0.02160,0,0,0,2300,5,0,438,392,0,2422,0
534,4.61480,0.32790,3.27120,1.00050,0.01450,0,0,0,2300,5,0,441,397,0,2386,0
535,4.59680,0.59410,2.95600,1.02650,0.01950,3,0,0,2301,5,0,443,400,0,2370,0
536,4.63410,0.44660,3.10940,1.05260,0.02470,0,0,0,2301,5,0,444,404,0,2361,0
537,4.35740,0.57960,2.71090,1.03270,0.03360,4,0,0,2302,5,0,447,405,0,2345,0
538,5.52380,0.39180,4.07660,1.02850,0.02620,0,0,0,2302,5,0,456,413,0,2324,0
539,4.13780,0.38600,2.70830,1.02020,0.02250,0,0,0,2302,5,0,458,417,0,2340,0
540,4.35790,0.62220,2.71800,0.98820,0.02870,5,0,0,2303,5,0,460,413,0,2334,0
541,8.59160,2.29090,4.93190,1.34550,0.02210,6,0,0,2304,5,0,464,419,0,2344,0
542,8.71180,0.71890,6.24480,1.71690,0.03030,6,0,0,2305,5,0,473,425,0,2359,0
543,6.08970,0.50010,4.54270,1.02370,0.02240,0,0,0,2305,5,0,476,429,0,2385,0
544,5.05430,0.66390,3.37830,0.99060,0.02080,5,0,0,2306,5,0,479,432,0,2375,0
545,5.88230,1.16720,3.24490,1.45280,0.01650,41,0,0,2310,5,0,483,434,0,2368,0
546,4.68230,0.40450,3.29900,0.96200,0.01600,0,0,0,2310,5,0,484,432,0,2357,0
547,5.12240,0.77240,3.35120,0.97810,0.01970,28,0,0,2312,5,0,486,436,0,2345,0
548,5.37000,0.53960,3.76510,0.96840,0.09590,7,0,0,2313,5,0,487,433,0,2317,0
549,4.95980,0.58760,3.33310,1.01920,0.01910,6,0,0,2314,5,0,492,441,0,2303,0
550,4.75400,0.52120,3.25320,0.96030,0.01840,4,0,0,2315,5,0,498,450,0,2292,0
551,4.27770,0.37990,2.94870,0.92660,0.02180,0,0,0,2315,5,0,499,450,0,2269,0
552,4.53110,0.40120,3.15840,0.95240,0.01820,0,0,0,2315,5,0,502,455,0,2265,0
553,4.59890,0.37620,3.20670,0.99680,0.01840,0,0,0,2315,5,0,510,463,0,2260,0
554,4.27430,0.41900,2.85360,0.98110,0.01970,0,0,0,2315,5,0,513,463,0,2246,0
555,4.55240,0.41340,3.17580,0.94590,0.01680,0,0,0,2315,5,0,517,468,0,2231,0
556,5.60600,1.78840,2.92360,0.87640,0.01700,0,0,0,2315,5,0,519,468,0,2222,0
557,4.47660,0.36500,2.85220,1.23270,0.02600,0,0,0,2315,5,0,519,467,0,2237,0
558,4.49470,0.41100,2.81810,1.24290,0.02210,0,0,0,2315,5,0,522,468,0,2257,0
559,4.15850,0.33920,2.85230,0.94650,0.01980,0,0,0,2315,5,0,528,480,0,2256,0
560,4.92530,1.15690,2.86770,0.88310,0.01690,26,0,0,2319,5,0,529,479,0,2250,0
561,4.55530,0.36190,2.86160,1.31080,0.02020,0,0,0,2319,5,0,532,481,0,2234,0
562,4.33600,0.48990,2.88720,0.93290,0.02530,6,0,0,2320,5,0,536,482,0,2236,0
563,4.46990,0.66830,2.77520,1.00760,0.01800,32,0,0,2322,5,0,537,486,0,2223,0
564,4.70160,0.63160,3.07380,0.96420,0.03130,11,0,0,2324,5,0,538,488,0,2238,0
565,4.43040,0.65520,2.83490,0.92050,0.01910,9,0,0,2326,5,0,540,489,0,2219,0
566,5.38940,0.38070,4.03360,0.95660,0.01790,0,0,0,2326,5,0,542,493,0,2224,0
567,4.20900,0.36470,2.88620,0.92980,0.02750,0,0,0,2326,5,0,548,500,0,2211,0
568,4.36620,0.36230,3.00190,0.98250,0.01870,0,0,0,2326,5,0,551,498,0,2197,0
569,4.05890,0.41740,2.67920,0.91770,0.04390,0,0,0,2326,5,0,555,505,0,2190,0
570,4.15520,0.41280,2.79410,0.92970,0.01790,0,0,0,2326,5,0,557,500,0,2183,0
571,5.40890,1.87280,2.63400,0.87770,0.02280,0,0,0,2326,5,0,562,508,0,2167,0
572,4.33620,0.62780,2.68280,1.00020,0.02430,6,0,0,2327,5,0,565,511,0,2166,0
573,4.36580,0.64840,2.73590,0.94200,0.03880,7,0,0,2328,5,0,568,512,0,2154,0
574,3.95620,0.56330,2.47580,0.88100,0.03540,6,0,0,2329,5,0,572,516,0,2156,0
575,4.52700,1.05940,2.51840,0.92510,0.02330,25,0,0,2333,5,0,577,518,0,2123,0
576,3.78420,0.36150,2.49190,0.90480,0.02530,0,0,0,2333,5,0,581,525,0,2083,0
577,3.93060,0.37490,2.58580,0.94040,0.02870,0,0,0,2333,5,0,583,533,0,2072,0
578,3.80400,0.35970,2.54100,0.87920,0.02350,0,0,0,2333,5,0,584,529,0,2059,0
579,4.15190,0.76320,2.47290,0.88830,0.02660,17,0,0,2335,5,0,585,528,0,2077,0
580,3.94550,0.54450,2.47930,0.89470,0.02600,28,0,0,2336,5,0,590,534,0,2068,0
581,3.91560,0.35970,2.51710,1.00150,0.03640,0,0,0,2336,5,0,593,540,0,2056,0
582,3.91370,0.51640,2.49460,0.87450,0.02750,6,0,0,2337,5,0,596,543,0,2069,0
583,3.90500,0.48350,2.48070,0.91470,0.02530,4,0,0,2338,5,0,599,546,0,2070,0
584,3.94290,0.52830,2.46130,0.92230,0.03050,11,0,0,2339,5,0,600,548,0,2067,0
585,3.82700,0.32920,2.47570,0.94830,0.07290,0,0,0,2339,5,0,603,551,0,2076,0
586,5.40140,1.86050,2.60820,0.90700,0.02500,4,0,0,2340,5,0,609,560,0,2080,0
587,3.91380,0.46950,2.50630,0.91010,0.02720,6,0,0,2341,5,0,611,559,0,2091,0
588,3.97910,0.53120,2.47510,0.94700,0.02510,8,0,0,2342,5,0,615,564,0,2097,0
589,3.92250,0.52420,2.47390,0.90150,0.02210,10,0,0,2343,5,0,619,565,0,2097,0
590,3.90560,0.48430,2.51200,0.88090,0.02750,7,0,0,2344,5,0,625,571,0,2085,0
591,3.72800,0.36330,2.46370,0.86510,0.03520,0,0,0,2344,5,0,629,578,0,2056,0
592,3.84550,0.36510,2.41780,1.03760,0.02400,0,0,0,2344,5,0,630,576,0,2055,0
593,3.77430,0.36180,2.48090,0.90510,0.02590,0,0,0,2344,5,0,630,574,0,2038,0
594,3.59900,0.36600,2.36970,0.83690,0.02550,0,0,0,2344,5,0,635,581,0,2032,0
595,4.16000,0.88600,2.37080,0.88070,0.02170,47,0,0,2347,5,0,638,582,0,2013,0
596,3.72670,0.34100,2.45230,0.90270,0.02990,0,0,0,2347,5,0,639,584,0,1991,0
597,3.99630,0.68970,2.35320,0.92170,0.03110,11,0,0,2349,5,0,642,589,0,2003,0
598,3.83000,0.34860,2.49150,0.95380,0.03530,0,0,0,2349,5,0,646,590,0,1999,0
599,3.81150,0.49770,2.39240,0.86510,0.05560,4,0,0,2350,5,0,650,589,0,1993,0
600,3.83800,0.35310,2.59890,0.86420,0.02080,0,0,0,2350,5,0,653,594,0,1993,0
601,7.28080,1.86910,4.22890,1.13300,0.04900,0,0,0,2350,5,0,655,600,0,1999,0
602,6.09650,0.53990,4.51430,1.02030,0.02090,6,0,0,2351,5,0,658,601,0,2000,0
603,6.31820,0.33280,4.99760,0.96520,0.02190,0,0,0,2351,5,0,660,607,0,2010,0
604,4.70940,0.59380,3.20690,0.89080,0.01700,10,0,0,2352,5,0,665,610,0,2004,0
605,4.82710,0.60770,3.29540,0.90660,0.01670,12,0,0,2353,5,0,666,613,0,1997,0
606,4.99350,0.76940,3.29170,0.91450,0.01700,17,0,0,2355,5,0,667,612,0,2002,0
607,5.02600,0.32320,3.68590,0.99420,0.02190,0,0,0,2355,5,0,672,623,0,1991,0
608,4.50330,0.31170,3.12450,1.04810,0.01830,0,0,0,2355,5,0,675,620,0,1977,0
609,4.42010,0.32070,3.13470,0.94610,0.01790,0,0,0,2355,5,0,678,631,0,1971,0
610,4.80210,0.50980,3.36490,0.90830,0.01850,13,0,0,2356,5,0,682,634,0,1950,0
611,4.45810,0.49560,3.06100,0.88490,0.01590,6,0,0,2357,5,0,685,636,0,1945,0
612,4.45520,0.39460,3.14420,0.89860,0.01710,0,0,0,2357,5,0,687,633,0,1942,0
613,4.71050,0.53230,3.14400,1.01590,0.01750,11,0,0,2358,5,0,688,635,0,1929,0
614,4.31600,0.30510,3.09170,0.90210,0.01660,0,0,0,2358,5,0,692,643,0,1930,0
615,4.80740,0.45950,3.15740,1.17180,0.01800,3,0,0,2359,5,0,695,644,0,1923,0
616,5.70350,1.98370,2.80600,0.89160,0.02150,3,0,0,2360,5,0,698,650,0,1933,0
617,4.95420,0.31010,3.75060,0.86740,0.02530,0,0,0,2360,5,0,701,650,0,1943,0
618,4.61840,0.56080,3.06890,0.97010,0.01780,6,0,0,2361,5,0,705,658,0,1949,0
619,3.89940,0.31320,2.71800,0.84680,0.02070,0,0,0,2361,5,0,705,654,0,1946,0
620,4.10410,0.51280,2.72140,0.85240,0.01690,12,0,0,2362,5,0,707,656,0,1948,0
621,4.11290,0.32880,2.90130,0.86580,0.01630,0,0,0,2362,5,0,710,656,0,1955,0
622,4.20900,0.33380,2.70870,1.14920,0.01650,0,0,0,2362,5,0,714,664,0,1956,0
623,4.42900,0.81250,2.76130,0.83540,0.01900,13,0,0,2364,5,0,717,670,0,1947,0
624,4.09700,0.43910,2.80650,0.83380,0.01670,6,0,0,2365,5,0,721,668,0,1944,0
625,4.06410,0.50110,2.71430,0.82740,0.02050,12,0,0,2366,5,0,723,675,0,1943,0
626,4.17210,0.34650,2.93640,0.87250,0.01620,0,0,0,2366,5,0,727,677,0,1928,0
627,3.90290,0.32740,2.73940,0.81650,0.01900,0,0,0,2366,5,0,729,675,0,1918,0
628,4.02760,0.32160,2.80580,0.87940,0.02010,0,0,0,2366,5,0,730,677,0,1918,0
629,3.89990,0.33560,2.71160,0.83450,0.01770,0,0,0,2366,5,0,733,681,0,1901,0
630,3.94140,0.32150,2.77910,0.82280,0.01730,0,0,0,2366,5,0,737,688,0,1880,0
631,5.49180,1.76250,2.84530,0.86240,0.01980,3,0,0,2367,5,0,740,692,0,1879,0
632,4.01610,0.37140,2.83580,0.78770,0.02070,0,0,0,2367,5,0,744,692,0,1870,0
633,4.10800,0.34960,2.76210,0.97320,0.02250,0,0,0,2367,5,0,748,701,0,1871,0
634,3.97770,0.30670,2.81090,0.84020,0.01900,0,0,0,2367,5,0,749,701,0,1882,0
635,4.24280,0.35840,2.81440,1.03650,0.03250,0,0,0,2367,5,0,751,705,0,1874,0
636,4.43030,0.36750,3.08230,0.95870,0.02100,0,0,0,2367,5,0,752,709,0,1876,0
637,3.98850,0.32480,2.66340,0.96850,0.03110,0,0,0,2367,5,0,757,711,0,1864,0
638,4.31440,0.62430,2.78540,0.88010,0.02390,7,0,0,2368,5,0,760,716,0,1853,0
639,4.02730,0.55910,2.60650,0.84270,0.01810,6,0,0,2369,5,0,761,723,0,1821,0
640,3.96060,0.34030,2.61900,0.97730,0.02350,0,0,0,2369,5,0,764,722,0,1822,0
641,3.96060,0.41000,2.62380,0.90220,0.02370,0,0,0,2369,5,0,768,724,0,1819,0
642,3.78540,0.33760,2.58760,0.83220,0.02740,0,0,0,2369,5,0,772,733,0,1817,0
643,3.91860,0.32480,2.74250,0.82690,0.02370,0,0,0,2369,5,0,774,733,0,1815,0
644,3.92070,0.34000,2.62330,0.90100,0.05540,0,0,0,2369,5,0,775,732,0,1809,0
645,4.11960,0.35090,2.95390,0.78770,0.02640,0,0,0,2369,5,0,778,734,0,1806,0
646,5.55370,1.23220,3.44600,0.84830,0.02600,0,0,0,2369,5,0,778,734,0,1796,0
647,5.22240,0.35870,3.92000,0.90530,0.03680,0,0,0,2369,5,0,781,737,0,1780,0
648,4.15130,0.33650,2.84700,0.93630,0.03060,0,0,0,2369,5,0,783,741,0,1769,0
649,3.98540,0.35490,2.72100,0.87980,0.02870,0,0,0,2369,5,0,784,740,0,1765,0
650,3.73560,0.37740,2.44820,0.86100,0.04770,0,0,0,2369,5,0,787,745,0,1746,0
651,3.75590,0.35560,2.54680,0.82820,0.02410,0,0,0,2369,5,0,787,747,0,1755,0
652,4.71390,0.33640,3.43950,0.91330,0.02360,0,0,0,2369,5,0,787,746,0,1756,0
653,4.31480,0.36130,3.02000,0.91020,0.02250,0,0,0,2369,5,0,792,749,0,1761,0
654,3.57540,0.33980,2.44540,0.76650,0.02270,0,0,0,2369,5,0,793,756,0,1766,0
655,4.10210,0.64990,2.43670,0.99130,0.02340,16,0,0,2370,5,0,798,755,0,1779,0
656,3.94070,0.32660,2.66180,0.88200,0.06960,0,0,0,2370,5,0,801,761,0,1758,0
657,3.58660,0.35450,2.40910,0.79810,0.02410,0,0,0,2370,5,0,802,761,0,1754,0
658,3.73590,0.33800,2.49230,0.88110,0.02370,0,0,0,2370,5,0,806,763,0,1760,0
659,3.74880,0.59290,2.36150,0.77270,0.02100,4,0,0,2371,5,0,808,766,0,1746,0
660,3.73770,0.33870,2.56140,0.81210,0.02470,0,0,0,2371,5,0,808,765,0,1747,0
661,5.34350,2.09310,2.36680,0.84920,0.03230,4,0,0,2372,5,0,812,772,0,1754,0
662,3.60200,0.34650,2.40220,0.82420,0.02850,0,0,0,2372,5,0,813,772,0,1747,0
663,3.61030,0.35790,2.40950,0.81720,0.02470,0,0,0,2372,5,0,814,776,0,1737,0
664,4.53020,0.34390,3.28010,0.87260,0.03270,0,0,0,2372,5,0,816,783,0,1732,0
665,3.48600,0.33340,2.34830,0.77870,0.02490,0,0,0,2372,5,0,823,789,0,1721,0
666,3.56020,0.32080,2.35830,0.84950,0.03080,0,0,0,2372,5,0,828,795,0,1716,0
667,3.46360,0.32140,2.29710,0.81730,0.02720,0,0,0,2372,5,0,831,801,0,1719,0
668,3.39190,0.28210,2.23290,0.84830,0.02780,0,0,0,2372,5,0,832,800,0,1718,0
669,3.45490,0.33000,2.31550,0.78420,0.02450,0,0,0,2372,5,0,834,807,0,1704,0
670,4.91560,0.89880,3.02070,0.96890,0.02640,23,0,0,2374,5,0,837,807,0,1696,0
671,4.17610,0.33040,2.82660,0.98950,0.02870,0,0,0,2374,5,0,840,812,0,1691,0
672,3.92640,0.33930,2.61670,0.93510,0.03460,0,0,0,2374,5,0,842,819,0,1694,0
673,3.47560,0.31300,2.30760,0.82940,0.02500,0,0,0,2374,5,0,843,817,0,1678,0
674,3.56750,0.51390,2.25810,0.77230,0.02250,4,0,0,2375,5,0,843,818,0,1679,0
675,3.62530,0.28040,2.39580,0.91700,0.03130,0,0,0,2375,5,0,844,819,0,1683,0
676,5.30860,2.17850,2.27610,0.82710,0.02620,12,0,0,2377,5,0,846,822,0,1680,0
677,3.32440,0.28240,2.25500,0.76470,0.02180,0,0,0,2377,5,0,846,822,0,1680,0
678,3.71850,0.30460,2.52460,0.86350,0.02510,0,0,0,2377,5,0,846,822,0,1679,0
679,3.47790,0.47150,2.23740,0.74400,0.02430,5,0,0,2378,5,0,847,824,0,1679,0
680,3.52970,0.29100,2.24040,0.97170,0.02580,0,0,0,2378,5,0,849,820,0,1678,0
681,3.38390,0.30390,2.25430,0.79090,0.03390,0,0,0,2378,5,0,851,825,0,1683,0
682,3.66680,0.31220,2.39810,0.92990,0.02590,0,0,0,2378,5,0,854,828,0,1683,0
683,3.44050,0.32320,2.29090,0.79590,0.02970,0,0,0,2378,5,0,855,828,0,1674,0
684,3.38490,0.30830,2.24640,0.80550,0.02380,0,0,0,2378,5,0,857,834,0,1688,0
685,3.63630,0.56170,2.27720,0.77340,0.02320,7,0,0,2379,5,0,858,833,0,1678,0
686,3.51060,0.32870,2.32880,0.82030,0.03200,0,0,0,2379,5,0,858,834,0,1684,0
687,3.40430,0.30820,2.24740,0.82380,0.02420,0,0,0,2379,5,0,859,832,0,1678,0
688,3.50360,0.30840,2.32240,0.84470,0.02730,0,0,0,2379,5,0,862,838,0,1677,0
689,3.64020,0.50910,2.30070,0.78160,0.04790,4,0,0,2380,5,0,864,837,0,1681,0
690,3.43950,0.32370,2.27580,0.80990,0.02930,0,0,0,2380,5,0,866,842,0,1675,0
691,6.54330,1.91510,3.71910,0.88660,0.02080,0,0,0,2380,5,0,866,841,0,1683,0
692,5.78220,0.26280,4.62610,0.87460,0.01770,0,0,0,2380,5,0,867,843,0,1683,0
693,5.54110,0.27140,4.27940,0.96960,0.01970,0,0,0,2380,5,0,869,844,0,1684,0
694,5.19610,0.28280,3.90950,0.97580,0.02730,0,0,0,2380,5,0,871,849,0,1671,0
695,5.58140,0.24580,4.31750,0.99030,0.02700,0,0,0,2380,5,0,873,850,0,1680,0
696,4.75850,0.27760,3.64390,0.81540,0.02090,0,0,0,2380,5,0,876,850,0,1676,0
697,4.70080,0.27170,3.56670,0.84410,0.01750,0,0,0,2380,5,0,876,850,0,1677,0
698,4.68400,0.52020,3.07490,0.99220,0.09620,7,0,0,2381,5,0,877,852,0,1681,0
699,4.31270,0.33890,3.09190,0.86350,0.01770,0,0,0,2381,5,0,879,857,0,1680,0
700,4.37130,0.29060,3.26560,0.79550,0.01890,0,0,0,2381,5,0,884,864,0,1680,0
701,4.20940,0.28150,3.07990,0.82760,0.01990,0,0,0,2381,5,0,886,864,0,1681,0
702,4.13430,0.23990,3.03890,0.83790,0.01680,0,0,0,2381,5,0,887,863,0,1672,0
703,4.13950,0.24960,3.05630,0.81350,0.01710,0,0,0,2381,5,0,888,862,0,1670,0
704,4.47120,0.49580,3.09250,0.86370,0.01850,4,0,0,2382,5,0,890,864,0,1666,0
705,4.49780,0.25350,3.23420,0.98330,0.02600,0,0,0,2382,5,0,893,871,0,1651,0
706,5.77300,1.76410,3.16320,0.82600,0.01920,0,0,0,2382,5,0,894,873,0,1644,0
707,4.14440,0.27340,3.03330,0.81540,0.02150,0,0,0,2382,5,0,897,873,0,1659,0
708,4.27220,0.28220,3.12130,0.84810,0.01990,0,0,0,2382,5,0,897,877,0,1653,0
709,4.09590,0.25200,2.97820,0.84680,0.01840,0,0,0,2382,5,0,898,876,0,1646,0
710,4.10750,0.30030,2.95960,0.82390,0.02300,0,0,0,2382,5,0,900,876,0,1636,0
711,5.26770,0.27020,4.03850,0.88520,0.07290,0,0,0,2382,5,0,901,877,0,1644,0
712,3.76280,0.30060,2.66570,0.77490,0.02100,0,0,0,2382,5,0,905,884,0,1642,0
713,4.14190,0.25500,3.04110,0.82760,0.01760,0,0,0,2382,5,0,905,885,0,1635,0
714,4.17520,0.28890,3.03950,0.82630,0.01980,0,0,0,2382,5,0,906,886,0,1639,0
715,4.14640,0.26310,3.04490,0.81890,0.01900,0,0,0,2382,5,0,907,888,0,1643,0
716,5.28340,0.25780,4.18780,0.81930,0.01770,0,0,0,2382,5,0,908,889,0,1642,0
717,5.22520,0.32870,3.99110,0.88650,0.01810,0,0,0,2382,5,0,908,888,0,1639,0
718,3.87440,0.26630,2.73100,0.83880,0.03760,0,0,0,2382,5,0,910,892,0,1638,0
719,3.98680,0.50730,2.68980,0.77110,0.01810,4,0,0,2383,5,0,911,893,0,1632,0
720,3.75520,0.26160,2.67470,0.80030,0.01790,0,0,0,2383,5,0,913,894,0,1625,0
721,5.25240,1.76770,2.69330,0.76900,0.02160,0,0,0,2383,5,0,915,898,0,1621,0
722,3.65310,0.24730,2.62360,0.75630,0.02520,0,0,0,2383,5,0,915,896,0,1626,0
723,3.79600,0.24430,2.74810,0.75780,0.04520,0,0,0,2383,5,0,917,897,0,1626,0
724,3.80210,0.28790,2.65100,0.83320,0.02930,0,0,0,2383,5,0,917,897,0,1622,0
725,3.89520,0.50370,2.60870,0.76230,0.01980,7,0,0,2384,5,0,919,899,0,1626,0
726,3.59840,0.23530,2.57760,0.76470,0.02020,0,0,0,2384,5,0,920,902,0,1628,0
727,3.64090,0.22710,2.59020,0.80300,0.02000,0,0,0,2384,5,0,920,903,0,1630,0
728,3.60350,0.25180,2.54460,0.78130,0.02510,0,0,0,2384,5,0,921,904,0,1625,0
729,3.91710,0.47240,2.64780,0.77700,0.01920,3,0,0,2385,5,0,922,903,0,1627,0
730,3.70750,0.25310,2.62230,0.81220,0.01920,0,0,0,2385,5,0,923,905,0,1621,0
731,3.88010,0.26030,2.73660,0.86200,0.02050,0,0,0,2385,5,0,925,910,0,1623,0
732,3.61260,0.24950,2.59100,0.74730,0.02430,0,0,0,2385,5,0,926,913,0,1622,0
733,5.29300,0.22440,3.94260,1.10420,0.02120,0,0,0,2385,5,0,927,913,0,1627,0
734,3.66240,0.23240,2.62000,0.78070,0.02890,0,0,0,2385,5,0,927,912,0,1632,0
735,3.94090,0.26150,2.81340,0.83660,0.02880,0,0,0,2385,5,0,928,912,0,1637,0
736,5.18670,1.72180,2.66760,0.77550,0.02100,0,0,0,2385,5,0,929,917,0,1637,0
737,3.54360,0.23890,2.52580,0.75740,0.02070,0,0,0,2385,5,0,929,916,0,1636,0
738,3.62680,0.28580,2.40120,0.90820,0.03080,0,0,0,2385,5,0,931,918,0,1631,0
739,3.64380,0.26130,2.54380,0.81080,0.02710,0,0,0,2385,5,0,934,921,0,1636,0
740,3.56060,0.24320,2.53250,0.76320,0.02100,0,0,0,2385,5,0,935,924,0,1645,0
741,3.72660,0.23910,2.53290,0.92900,0.02480,0,0,0,2385,5,0,936,924,0,1648,0
742,3.40380,0.25870,2.34230,0.77800,0.02410,0,0,0,2385,5,0,938,925,0,1643,0
743,3.38550,0.25480,2.34430,0.76030,0.02530,0,0,0,2385,5,0,941,929,0,1647,0
744,3.45320,0.28690,2.34630,0.79620,0.02300,0,0,0,2385,5,0,943,931,0,1640,0
745,3.45890,0.26140,2.38150,0.77330,0.04210,0,0,0,2385,5,0,944,933,0,1633,0
746,3.45470,0.27660,2.34040,0.79850,0.03840,0,0,0,2385,5,0,947,936,0,1632,0
747,3.53740,0.25920,2.40440,0.85180,0.02130,0,0,0,2385,5,0,948,936,0,1631,0
748,3.36650,0.26290,2.27490,0.80200,0.02600,0,0,0,2385,5,0,948,937,0,1629,0
749,3.46200,0.24300,2.35250,0.83630,0.02960,0,0,0,2385,5,0,948,936,0,1623,0
750,3.56030,0.21110,2.50170,0.82290,0.02360,0,0,0,2385,5,0,948,936,0,1625,0
751,6.85470,1.83900,4.12650,0.86570,0.02230,0,0,0,2385,5,0,949,939,0,1621,0
752,6.65220,0.32350,5.22710,1.07230,0.02850,0,0,0,2385,5,0,950,944,0,1623,0
753,7.51230,0.21180,6.28680,0.99460,0.01830,0,0,0,2385,5,0,950,943,0,1626,0
754,7.56280,0.20360,6.53340,0.80050,0.02460,0,0,0,2385,5,0,952,945,0,1627,0
755,5.09100,0.19540,4.02640,0.84510,0.02340,0,0,0,2385,5,0,952,945,0,1623,0
756,4.84920,0.21280,3.78890,0.83230,0.01440,0,0,0,2385,5,0,953,947,0,1618,0
757,4.88540,0.23830,3.78290,0.84460,0.01900,0,0,0,2385,5,0,953,947,0,1616,0
758,4.97250,0.22700,3.92320,0.80680,0.01500,0,0,0,2385,5,0,954,950,0,1613,0
759,5.11310,0.21430,3.97000,0.91140,0.01660,0,0,0,2385,5,0,956,949,0,1613,0
760,4.56740,0.20000,3.45990,0.89070,0.01610,0,0,0,2385,5,0,958,951,0,1609,0
761,4.93880,0.23750,3.42730,1.25580,0.01750,0,0,0,2385,5,0,959,952,0,1601,0
762,4.49300,0.20420,3.45270,0.81800,0.01730,0,0,0,2385,5,0,960,954,0,1604,0
763,4.24610,0.20890,3.23820,0.78150,0.01670,0,0,0,2385,5,0,962,955,0,1605,0
764,4.25060,0.24290,3.19220,0.79710,0.01770,0,0,0,2385,5,0,962,957,0,1601,0
765,3.95920,0.23020,2.88910,0.81990,0.01930,0,0,0,2385,5,0,964,959,0,1600,0
766,5.32960,1.72900,2.79430,0.78510,0.02050,0,0,0,2385,5,0,965,960,0,1596,0
767,3.94680,0.22510,2.87790,0.82360,0.01910,0,0,0,2385,5,0,965,959,0,1597,0
768,3.96500,0.22740,2.92040,0.79920,0.01720,0,0,0,2385,5,0,965,961,0,1597,0
769,3.93540,0.19180,2.93730,0.78780,0.01800,0,0,0,2385,5,0,966,962,0,1602,0
770,4.89780,0.23990,3.83820,0.79350,0.02540,0,0,0,2385,5,0,967,964,0,1604,0
771,4.67130,0.24050,3.52940,0.88280,0.01810,0,0,0,2385,5,0,970,966,0,1605,0
772,3.67990,0.24050,2.68410,0.73580,0.01900,0,0,0,2385,5,0,970,966,0,1603,0
773,3.57940,0.21250,2.57140,0.77800,0.01670,0,0,0,2385,5,0,971,967,0,1593,0
774,3.65960,0.21460,2.62860,0.79830,0.01750,0,0,0,2385,5,0,971,967,0,1593,0
775,3.70140,0.24300,2.66270,0.77530,0.01980,0,0,0,2385,5,0,972,968,0,1593,0
776,3.51790,0.22390,2.53900,0.73540,0.01920,0,0,0,2385,5,0,973,968,0,1596,0
777,5.11660,0.19580,3.99370,0.85070,0.07560,0,0,0,2385,5,0,973,968,0,1597,0
778,3.56820,0.26230,2.52510,0.76090,0.01930,0,0,0,2385,5,0,973,968,0,1594,0
779,3.81760,0.19650,2.75710,0.84520,0.01820,0,0,0,2385,5,0,974,969,0,1596,0
780,3.62300,0.22380,2.62910,0.74960,0.01990,0,0,0,2385,5,0,974,969,0,1596,0
781,5.16930,1.67340,2.67300,0.80120,0.02070,0,0,0,2385,5,0,974,969,0,1595,0
782,3.62240,0.25850,2.55930,0.78520,0.01860,0,0,0,2385,5,0,974,968,0,1590,0
783,3.64850,0.25860,2.54890,0.80840,0.03180,0,0,0,2385,5,0,974,969,0,1587,0
784,3.66330,0.21160,2.51200,0.91520,0.02380,0,0,0,2385,5,0,975,970,0,1584,0
785,3.42730,0.24550,2.38830,0.76810,0.02470,0,0,0,2385,5,0,976,969,0,1584,0
786,3.63290,0.23240,2.51440,0.85990,0.02540,0,0,0,2385,5,0,976,970,0,1585,0
787,3.57690,0.19310,2.59800,0.76250,0.02240,0,0,0,2385,5,0,977,972,0,1586,0
788,3.46910,0.21340,2.45190,0.77870,0.02430,0,0,0,2385,5,0,977,971,0,1584,0
789,3.46360,0.24190,2.39460,0.80590,0.02050,0,0,0,2385,5,0,977,975,0,1578,0
790,3.43940,0.21350,2.31390,0.88540,0.02550,0,0,0,2385,5,0,978,974,0,1576,0
791,3.46350,0.23750,2.35440,0.84550,0.02530,0,0,0,2385,5,0,979,977,0,1578,0
792,3.67750,0.22140,2.60400,0.83000,0.02130,0,0,0,2385,5,0,979,977,0,1578,0
793,3.39340,0.26170,2.35900,0.75020,0.02190,0,0,0,2385,5,0,980,978,0,1576,0
794,3.38260,0.23820,2.36180,0.75910,0.02270,0,0,0,2385,5,0,981,979,0,1582,0
795,3.46070,0.24600,2.37560,0.81510,0.02310,0,0,0,2385,5,0,982,980,0,1582,0
796,4.91120,1.69540,2.31180,0.87650,0.02680,0,0,0,2385,5,0,982,980,0,1585,0
797,3.45820,0.25900,2.35760,0.81770,0.02310,0,0,0,2385,5,0,982,980,0,1584,0
798,3.40600,0.24640,2.21020,0.92130,0.02730,0,0,0,2385,5,0,983,981,0,1585,0
799,3.41190,0.24480,2.31700,0.82970,0.01990,0,0,0,2385,5,0,984,982,0,1585,0
800,3.29310,0.20300,2.29550,0.76990,0.02400,0,0,0,2385,5,0,984,982,0,1593,0
801,3.41170,0.25060,2.35490,0.78370,0.02170,0,0,0,2385,5,0,984,983,0,1599,0
802,3.32940,0.24320,2.29290,0.77020,0.02250,0,0,0,2385,5,0,987,984,0,1594,0
803,3.37560,0.23170,2.30710,0.81030,0.02560,0,0,0,2385,5,0,987,985,0,1596,0
804,3.15180,0.23570,2.16660,0.72820,0.02050,0,0,0,2385,5,0,990,990,0,1598,0
805,3.43700,0.24700,2.34520,0.82220,0.02190,0,0,0,2385,5,0,990,990,0,1594,0
806,3.23430,0.22570,2.21890,0.76590,0.02310,0,0,0,2385,5,0,990,988,0,1594,0
807,3.15320,0.21090,2.13410,0.78500,0.02250,0,0,0,2385,5,0,990,989,0,1591,0
808,3.18520,0.24040,2.17480,0.74510,0.02430,0,0,0,2385,5,0,990,988,0,1593,0
809,3.21210,0.22820,2.20020,0.75970,0.02310,0,0,0,2385,5,0,991,989,0,1596,0
810,3.26900,0.22790,2.15510,0.85980,0.02530,0,0,0,2385,5,0,992,991,0,1594,0
811,6.90810,1.84460,3.60480,1.42700,0.02990,0,0,0,2385,5,0,992,990,0,1598,0
812,6.37460,0.22040,5.25470,0.88010,0.01880,0,0,0,2385,5,0,992,990,0,1600,0
813,4.74160,0.20370,3.72800,0.78770,0.02130,0,0,0,2385,5,0,993,992,0,1597,0
814,4.23320,0.22370,3.04540,0.93830,0.02420,0,0,0,2385,5,0,993,992,0,1595,0
815,4.52030,0.23480,3.40360,0.86340,0.01790,0,0,0,2385,5,0,994,992,0,1598,0
816,4.62800,0.17460,3.51250,0.80580,0.13430,0,0,0,2385,5,0,995,992,0,1597,0
817,3.95290,0.20710,2.93560,0.79090,0.01870,0,0,0,2385,5,0,995,992,0,1598,0
818,4.07410,0.20910,2.99700,0.84550,0.02190,0,0,0,2385,5,0,996,994,0,1594,0
819,3.99400,0.45200,2.71070,0.81390,0.01660,7,0,0,2386,5,0,997,995,0,1595,0
820,3.60540,0.25310,2.57500,0.75880,0.01780,0,0,0,2386,5,0,997,992,0,1590,0
821,3.93570,0.20110,2.82740,0.88780,0.01880,0,0,0,2386,5,0,998,995,0,1585,0
822,3.97120,0.18780,2.96090,0.80420,0.01750,0,0,0,2386,5,0,998,994,0,1586,0
823,3.78490,0.22230,2.62520,0.90610,0.03040,0,0,0,2386,5,0,998,994,0,1585,0
824,3.78990,0.23180,2.79460,0.73960,0.02320,0,0,0,2386,5,0,998,995,0,1583,0
825,3.73020,0.19530,2.73550,0.77980,0.01870,0,0,0,2386,5,0,998,995,0,1585,0
826,4.96120,1.66140,2.57000,0.71100,0.01810,0,0,0,2386,5,0,998,996,0,1586,0
827,3.71690,0.21630,2.63860,0.83810,0.02300,0,0,0,2386,5,0,998,996,0,1585,0
828,3.46410,0.18410,2.52190,0.73720,0.02020,0,0,0,2386,5,0,998,995,0,1588,0
829,3.48390,0.19540,2.51810,0.75030,0.01940,0,0,0,2386,5,0,998,995,0,1589,0
830,3.78650,0.19350,2.52130,1.05370,0.01740,0,0,0,2386,5,0,999,995,0,1594,0
831,3.50430,0.22290,2.51010,0.74910,0.02160,0,0,0,2386,5,0,999,996,0,1592,0
832,4.38040,0.17510,3.43650,0.74710,0.02100,0,0,0,2386,5,0,999,995,0,1591,0
833,3.64070,0.22230,2.62320,0.77300,0.02150,0,0,0,2386,5,0,999,995,0,1592,0
834,3.80150,0.47940,2.51940,0.78370,0.01810,7,0,0,2387,5,0,999,996,0,1589,0
835,3.62240,0.23940,2.55020,0.80400,0.02830,0,0,0,2387,5,0,999,995,0,1593,0
836,4.65290,0.18740,3.67290,0.77410,0.01790,0,0,0,2387,5,0,999,995,0,1595,0
837,3.55660,0.23530,2.57090,0.73050,0.01920,0,0,0,2387,5,0,999,994,0,1596,0
838,3.63410,0.23740,2.56100,0.81690,0.01800,0,0,0,2387,5,0,999,994,0,1596,0
839,4.96390,0.19540,3.93940,0.80650,0.02200,0,0,0,2387,5,0,1000,996,0,1596,0
840,3.54970,0.22340,2.51600,0.79080,0.01890,0,0,0,2387,5,0,1001,996,0,1596,0
841,7.92520,1.78210,5.24360,0.87320,0.02530,0,0,0,2387,5,0,1001,996,0,1597,0
842,7.81440,0.22400,6.58570,0.98360,0.02050,0,0,0,2387,5,0,1001,996,0,1598,0
843,6.74330,0.18650,5.64360,0.88840,0.02410,0,0,0,2387,5,0,1001,996,0,1598,0
844,6.09990,0.17850,5.05200,0.84740,0.02120,0,0,0,2387,5,0,1002,997,0,1597,0
845,5.43010,0.18690,4.40050,0.82210,0.02000,0,0,0,2387,5,0,1003,998,0,1597,0
846,5.54150,0.21210,4.35210,0.88040,0.09610,0,0,0,2387,5,0,1003,998,0,1595,0
847,4.91510,0.22990,3.85360,0.81120,0.01970,0,0,0,2387,5,0,1003,998,0,1595,0
848,5.72960,0.18280,4.73230,0.79580,0.01790,0,0,0,2387,5,0,1003,998,0,1592,0
849,4.88970,0.45300,3.62050,0.79350,0.02190,7,0,0,2388,5,0,1003,998,0,1592,0
850,4.88690,0.20380,3.85860,0.80730,0.01670,0,0,0,2388,5,0,1003,999,0,1592,0
851,4.97060,0.21200,3.89180,0.84440,0.02160,0,0,0,2388,5,0,1003,999,0,1591,0
852,4.88270,0.19690,3.86120,0.80400,0.01990,0,0,0,2388,5,0,1003,998,0,1587,0
853,4.64870,0.30310,3.54840,0.78090,0.01560,0,0,0,2388,5,0,1003,998,0,1586,0
854,4.90200,0.21250,3.88130,0.79140,0.01610,0,0,0,2388,5,0,1003,998,0,1584,0
855,4.43180,0.20470,3.42580,0.78440,0.01630,0,0,0,2388,5,0,1003,998,0,1582,0
856,5.86760,1.61450,3.43010,0.80240,0.02010,0,0,0,2388,5,0,1003,998,0,1584,0
857,4.47400,0.18420,3.42620,0.84590,0.01690,0,0,0,2388,5,0,1003,997,0,1586,0
858,4.47490,0.19820,3.45120,0.80770,0.01710,0,0,0,2388,5,0,1004,998,0,1586,0
859,4.02640,0.21550,3.00670,0.77330,0.03030,0,0,0,2388,5,0,1004,999,0,1586,0
860,4.03080,0.19310,2.95290,0.86380,0.02020,0,0,0,2388,5,0,1004,999,0,1584,0
861,4.01220,0.18720,2.98150,0.82310,0.01960,0,0,0,2388,5,0,1004,998,0,1585,0
862,4.01830,0.23780,2.95640,0.80420,0.01930,0,0,0,2388,5,0,1004,998,0,1581,0
863,3.79350,0.20350,2.75130,0.81000,0.02780,0,0,0,2388,5,0,1004,998,0,1583,0
864,5.43090,0.48300,4.11710,0.80870,0.02110,7,0,0,2389,5,0,1006,1000,0,1580,0
865,4.92090,0.21400,3.88510,0.79670,0.02430,0,0,0,2389,5,0,1006,1000,0,1581,0
866,3.62390,0.20190,2.59350,0.76390,0.06370,0,0,0,2389,5,0,1006,1000,0,1579,0
867,3.61150,0.24990,2.57550,0.76360,0.02170,0,0,0,2389,5,0,1006,1000,0,1575,0
868,3.62350,0.25300,2.58100,0.76740,0.02140,0,0,0,2389,5,0,1006,1001,0,1576,0
869,3.59630,0.19070,2.60240,0.78350,0.01900,0,0,0,2389,5,0,1006,1000,0,1577,0
870,4.87210,0.24200,3.82190,0.77660,0.03080,0,0,0,2389,5,0,1006,1001,0,1576,0
871,5.15030,1.70100,2.64590,0.78260,0.01980,0,0,0,2389,5,0,1006,1002,0,1577,0
872,3.67820,0.21310,2.65870,0.78790,0.01780,0,0,0,2389,5,0,1006,1002,0,1579,0
873,3.60670,0.20470,2.60000,0.77860,0.02250,0,0,0,2389,5,0,1006,1002,0,1579,0
874,3.59230,0.25300,2.57260,0.74480,0.02120,0,0,0,2389,5,0,1007,1002,0,1578,0
875,3.51260,0.18230,2.54790,0.76170,0.01990,0,0,0,2389,5,0,1007,1001,0,1581,0
876,3.54830,0.21910,2.52120,0.78710,0.02020,0,0,0,2389,5,0,1007,1001,0,1581,0
877,3.55570,0.24800,2.55320,0.73230,0.02150,0,0,0,2389,5,0,1008,1002,0,1581,0
878,3.47890,0.17820,2.52500,0.75700,0.01800,0,0,0,2389,5,0,1008,1003,0,1581,0
879,3.82060,0.48580,2.51610,0.78770,0.03030,7,0,0,2390,5,0,1008,1003,0,1582,0
880,3.50620,0.24110,2.30330,0.93430,0.02660,0,0,0,2390,5,0,1008,1002,0,1582,0
881,3.50230,0.24590,2.47610,0.76040,0.01910,0,0,0,2390,5,0,1008,1002,0,1576,0
882,3.53710,0.23480,2.50200,0.77690,0.02280,0,0,0,2390,5,0,1009,1003,0,1577,0
883,3.40260,0.18650,2.41910,0.77490,0.02120,0,0,0,2390,5,0,1009,1003,0,1572,0
884,3.51840,0.19830,2.40120,0.89250,0.02580,0,0,0,2390,5,0,1009,1003,0,1571,0
885,3.44060,0.22560,2.43650,0.75290,0.02470,0,0,0,2390,5,0,1009,1003,0,1571,0
886,4.76610,1.66320,2.34080,0.73400,0.02750,0,0,0,2390,5,0,1009,1003,0,1569,0
887,3.29750,0.21040,2.32560,0.73820,0.02270,0,0,0,2390,5,0,1009,1003,0,1570,0
888,3.31120,0.25870,2.26250,0.76410,0.02510,0,0,0,2390,5,0,1009,1004,0,1571,0
889,3.34480,0.23070,2.30940,0.77850,0.02530,0,0,0,2390,5,0,1009,1004,0,1574,0
890,3.47860,0.20170,2.40170,0.85180,0.02270,0,0,0,2390,5,0,1009,1005,0,1574,0
891,3.26320,0.23220,2.27820,0.73010,0.02180,0,0,0,2390,5,0,1009,1006,0,1572,0
892,3.42490,0.22640,2.33130,0.84390,0.02250,0,0,0,2390,5,0,1009,1007,0,1571,0
893,3.26070,0.23450,2.22470,0.77730,0.02360,0,0,0,2390,5,0,1009,1006,0,1570,0
894,3.55040,0.48120,2.20890,0.83260,0.02710,6,0,0,2391,5,0,1009,1005,0,1571,0
895,3.26820,0.26330,2.23190,0.74770,0.02470,0,0,0,2391,5,0,1009,1005,0,1568,0
896,3.21930,0.19440,2.26880,0.73340,0.02190,0,0,0,2391,5,0,1009,1005,0,1568,0
897,3.40150,0.23090,2.29080,0.85440,0.02460,0,0,0,2391,5,0,1009,1005,0,1567,0
898,3.31930,0.22770,2.25190,0.81680,0.02200,0,0,0,2391,5,0,1010,1007,0,1569,0
899,3.23210,0.23430,2.21110,0.75830,0.02760,0,0,0,2391,5,0,1011,1008,0,1568,0
900,3.31170,0.23970,2.20400,0.83810,0.02900,0,0,0,2391,5,0,1011,1008,0,1564,0
901,4.81830,1.75160,2.23940,0.80030,0.02580,0,0,0,2391,5,0,1011,1009,0,1564,0
902,3.28450,0.23660,2.26510,0.75540,0.02660,0,0,0,2391,5,0,1011,1009,0,1569,0
903,3.21080,0.22630,2.20150,0.75790,0.02450,0,0,0,2391,5,0,1012,1010,0,1570,0
904,3.21340,0.20060,2.23050,0.75410,0.02750,0,0,0,2391,5,0,1013,1011,0,1570,0
905,3.23940,0.21420,2.16660,0.78470,0.07320,0,0,0,2391,5,0,1013,1011,0,1566,0
906,3.30160,0.23890,2.19940,0.82450,0.03800,0,0,0,2391,5,0,1015,1013,0,1566,0
907,3.19670,0.22930,2.17180,0.76870,0.02640,0,0,0,2391,5,0,1016,1014,0,1562,0
908,3.25550,0.23840,2.19440,0.79740,0.02440,0,0,0,2391,5,0,1016,1014,0,1559,0
909,3.51400,0.49820,2.16070,0.81170,0.04240,6,0,0,2392,5,0,1016,1014,0,1559,0
910,3.06880,0.23330,2.07420,0.73490,0.02570,0,0,0,2392,5,0,1016,1014,0,1559,0
911,3.15840,0.21090,2.16150,0.74600,0.03930,0,0,0,2392,5,0,1016,1014,0,1557,0
912,3.27410,0.23060,2.19650,0.81670,0.02960,0,0,0,2392,5,0,1016,1014,0,1554,0
913,3.35190,0.25530,2.23620,0.82740,0.03220,0,0,0,2392,5,0,1016,1014,0,1554,0
914,3.17850,0.22380,2.15790,0.76950,0.02660,0,0,0,2392,5,0,1016,1014,0,1554,0
915,3.19160,0.22600,2.15070,0.78290,0.03140,0,0,0,2392,5,0,1016,1014,0,1554,0
916,4.70680,1.65150,2.20850,0.81610,0.03000,0,0,0,2392,5,0,1016,1014,0,1555,0
917,3.14250,0.23470,2.10270,0.77590,0.02850,0,0,0,2392,5,0,1016,1014,0,1555,0
918,3.15620,0.22630,2.10090,0.79840,0.02990,0,0,0,2392,5,0,1016,1014,0,1556,0
919,3.30780,0.23710,2.16050,0.87910,0.03010,0,0,0,2392,5,0,1016,1014,0,1556,0
920,3.34670,0.24610,2.23040,0.83770,0.03170,0,0,0,2392,5,0,1016,1014,0,1556,0
921,3.12010,0.23530,2.05110,0.80670,0.02620,0,0,0,2392,5,0,1016,1014,0,1555,0
922,3.28820,0.22840,2.18380,0.84810,0.02720,0,0,0,2392,5,0,1016,1014,0,1557,0
923,3.24750,0.23970,2.21000,0.76880,0.02840,0,0,0,2392,5,0,1016,1014,0,1557,0
924,3.50260,0.49970,2.18630,0.78440,0.02910,6,0,0,2393,5,0,1016,1014,0,1557,0
925,3.34570,0.21620,2.20180,0.89760,0.02940,0,0,0,2393,5,0,1017,1015,0,1557,0
926,3.28930,0.23690,2.22160,0.80000,0.02990,0,0,0,2393,5,0,1017,1015,0,1558,0
927,3.23580,0.24380,2.16830,0.79560,0.02750,0,0,0,2393,5,0,1017,1016,0,1557,0
928,3.19450,0.23290,2.17820,0.75560,0.02720,0,0,0,2393,5,0,1017,1015,0,1557,0
929,3.27280,0.24080,2.16620,0.83600,0.02920,0,0,0,2393,5,0,1017,1014,0,1560,0
930,3.25580,0.24220,2.16770,0.81800,0.02720,0,0,0,2393,5,0,1017,1015,0,1560,0
931,5.65520,1.85140,2.96190,0.81470,0.02600,0,0,0,2393,5,0,1017,1014,0,1560,0
932,5.13520,0.19990,4.12330,0.79190,0.01980,0,0,0,2393,5,0,1017,1014,0,1565,0
933,4.67240,0.21280,3.68710,0.75380,0.01810,0,0,0,2393,5,0,1017,1015,0,1565,0
934,3.93380,0.20580,2.89270,0.81640,0.01820,0,0,0,2393,5,0,1017,1014,0,1565,0
935,4.35450,0.17390,3.30090,0.85810,0.02080,0,0,0,2393,5,0,1017,1014,0,1563,0
936,3.74030,0.18400,2.70340,0.82310,0.02910,0,0,0,2393,5,0,1017,1014,0,1563,0
937,3.94450,0.16830,2.94610,0.81270,0.01690,0,0,0,2393,5,0,1017,1015,0,1563,0
938,3.71870,0.18130,2.75870,0.76010,0.01780,0,0,0,2393,5,0,1017,1015,0,1563,0
939,3.89410,0.45130,2.67950,0.74440,0.01820,6,0,0,2394,5,0,1017,1015,0,1563,0
940,3.77690,0.18520,2.57510,0.99280,0.02320,0,0,0,2394,5,0,1017,1015,0,1563,0
941,3.59110,0.20550,2.63720,0.72840,0.01950,0,0,0,2394,5,0,1017,1015,0,1563,0
942,3.47180,0.18180,2.52850,0.74320,0.01780,0,0,0,2394,5,0,1017,1015,0,1563,0
943,4.05490,0.18260,3.06550,0.78300,0.02320,0,0,0,2394,5,0,1017,1015,0,1563,0
944,3.62740,0.17510,2.67480,0.75870,0.01800,0,0,0,2394,5,0,1017,1016,0,1563,0
945,3.65470,0.18910,2.63100,0.74690,0.08680,0,0,0,2394,5,0,1017,1016,0,1563,0
946,5.40300,1.67430,2.83630,0.86220,0.02940,0,0,0,2394,5,0,1017,1016,0,1561,0
947,3.53490,0.21820,2.46650,0.82460,0.02480,0,0,0,2394,5,0,1017,1015,0,1562,0
948,3.71510,0.18740,2.68000,0.82530,0.02190,0,0,0,2394,5,0,1017,1014,0,1562,0
949,3.58580,0.17550,2.49950,0.88590,0.02440,0,0,0,2394,5,0,1017,1016,0,1557,0
950,3.53300,0.18930,2.57050,0.75270,0.01980,0,0,0,2394,5,0,1017,1015,0,1557,0
951,3.61230,0.18490,2.58300,0.79750,0.03620,0,0,0,2394,5,0,1018,1016,0,1556,0
952,3.56150,0.21320,2.48420,0.81370,0.04970,0,0,0,2394,5,0,1018,1016,0,1556,0
953,3.60620,0.24930,2.51170,0.82150,0.02280,0,0,0,2394,5,0,1018,1016,0,1555,0
954,4.12940,0.50580,2.78370,0.81890,0.02030,6,0,0,2395,5,0,1018,1016,0,1555,0
955,3.52640,0.22030,2.47380,0.80890,0.02260,0,0,0,2395,5,0,1018,1016,0,1555,0
956,3.62130,0.21590,2.56390,0.82100,0.01980,0,0,0,2395,5,0,1018,1016,0,1555,0
957,3.44410,0.20160,2.45030,0.77110,0.02040,0,0,0,2395,5,0,1018,1016,0,1555,0
958,3.56620,0.21480,2.51100,0.80550,0.03430,0,0,0,2395,5,0,1018,1016,0,1554,0
959,3.37640,0.21800,2.34360,0.79060,0.02370,0,0,0,2395,5,0,1018,1016,0,1554,0
960,3.35800,0.23470,2.31000,0.78620,0.02540,0,0,0,2395,5,0,1018,1016,0,1554,0
961,4.78580,1.65310,2.34810,0.75700,0.02530,0,0,0,2395,5,0,1018,1016,0,1554,0
962,3.15260,0.21230,2.21310,0.70000,0.02620,0,0,0,2395,5,0,1018,1017,0,1556,0
963,4.16190,0.22020,3.13420,0.77920,0.02750,0,0,0,2395,5,0,1018,1017,0,1556,0
964,3.08730,0.19910,2.15690,0.70690,0.02360,0,0,0,2395,5,0,1018,1017,0,1556,0
965,3.35800,0.19180,2.33760,0.79740,0.03020,0,0,0,2395,5,0,1018,1017,0,1555,0
966,3.21330,0.20350,2.25640,0.72630,0.02640,0,0,0,2395,5,0,1018,1017,0,1555,0
967,3.20930,0.20550,2.24870,0.73130,0.02310,0,0,0,2395,5,0,1018,1017,0,1555,0
968,3.41790,0.23710,2.41590,0.73720,0.02690,0,0,0,2395,5,0,1018,1017,0,1555,0
969,3.65120,0.46310,2.40550,0.75570,0.02610,4,0,0,2396,5,0,1018,1017,0,1555,0
970,3.23570,0.19750,2.27560,0.73490,0.02700,0,0,0,2396,5,0,1018,1017,0,1555,0
971,3.26050,0.19630,2.27060,0.77060,0.02240,0,0,0,2396,5,0,1018,1017,0,1556,0
972,3.13370,0.20490,2.17790,0.72340,0.02680,0,0,0,2396,5,0,1018,1017,0,1556,0
973,3.32630,0.21030,2.26090,0.83150,0.02290,0,0,0,2396,5,0,1018,1017,0,1557,0
974,3.34670,0.20630,2.22240,0.89090,0.02640,0,0,0,2396,5,0,1018,1017,0,1557,0
975,3.29100,0.19180,2.28710,0.77240,0.03900,0,0,0,2396,5,0,1018,1017,0,1555,0
976,4.82190,1.81810,2.19560,0.77580,0.03160,0,0,0,2396,5,0,1018,1017,0,1555,0
977,3.24320,0.20260,2.19670,0.81570,0.02770,0,0,0,2396,5,0,1018,1017,0,1555,0
978,3.20780,0.20580,2.24230,0.73330,0.02590,0,0,0,2396,5,0,1018,1017,0,1556,0
979,3.19770,0.20760,2.20570,0.76110,0.02270,0,0,0,2396,5,0,1018,1017,0,1556,0
980,3.15570,0.19860,2.19530,0.73460,0.02650,0,0,0,2396,5,0,1018,1017,0,1556,0
981,3.26450,0.20970,2.29810,0.73130,0.02450,0,0,0,2396,5,0,1018,1017,0,1556,0
982,3.19940,0.21790,2.12670,0.82690,0.02730,0,0,0,2396,5,0,1018,1017,0,1554,0
983,3.44500,0.20290,2.45480,0.74840,0.03820,0,0,0,2396,5,0,1018,1017,0,1554,0
984,3.12140,0.22200,2.14430,0.72640,0.02810,0,0,0,2396,5,0,1018,1017,0,1554,0
985,3.30140,0.22330,2.18020,0.87050,0.02670,0,0,0,2396,5,0,1018,1017,0,1554,0
986,3.13290,0.19950,2.18000,0.72470,0.02810,0,0,0,2396,5,0,1018,1017,0,1554,0
987,3.20350,0.21840,2.22930,0.72590,0.02910,0,0,0,2396,5,0,1019,1018,0,1554,0
988,3.22170,0.20570,2.23420,0.75730,0.02380,0,0,0,2396,5,0,1019,1018,0,1554,0
989,3.16220,0.19560,2.16230,0.78220,0.02140,0,0,0,2396,5,0,1019,1018,0,1554,0
990,3.12290,0.20970,2.19270,0.69590,0.02400,0,0,0,2396,5,0,1019,1018,0,1556,0
991,5.67420,1.78780,3.06640,0.79940,0.01850,0,0,0,2396,5,0,1019,1018,0,1556,0
992,4.58970,0.17780,3.60450,0.78620,0.02060,0,0,0,2396,5,0,1019,1018,0,1556,0
993,4.51460,0.17040,3.56180,0.75810,0.02360,0,0,0,2396,5,0,1019,1018,0,1556,0
994,4.18660,0.18020,3.12730,0.86020,0.01830,0,0,0,2396,5,0,1020,1020,0,1556,0
995,4.04670,0.16320,3.02170,0.84140,0.01990,0,0,0,2396,5,0,1020,1020,0,1552,0
996,3.80670,0.16440,2.86520,0.75100,0.02560,0,0,0,2396,5,0,1020,1020,0,1552,0
997,3.62260,0.18110,2.70090,0.72070,0.01920,0,0,0,2396,5,0,1020,1020,0,1552,0
998,4.24030,0.23230,3.17320,0.81070,0.02330,0,0,0,2396,5,0,1020,1020,0,1552,0
999,3.59550,0.17380,2.67890,0.71550,0.02650,0,0,0,2396,5,0,1020,1020,0,1551,0
1000,3.65300,0.18160,2.69770,0.75350,0.01950,0,0,0,2396,5,0,1020,1020,0,1551,0
1001,4.49190,0.18030,3.54680,0.74340,0.02070,0,0,0,2396,5,0,1020,1020,0,1551,0
1002,3.44540,0.21660,2.49940,0.70750,0.02100,0,0,0,2396,5,0,1020,1020,0,1551,0
1003,3.48890,0.18240,2.53670,0.74530,0.02370,0,0,0,2396,5,0,1020,1020,0,1551,0
1004,3.45470,0.17900,2.48920,0.76290,0.02300,0,0,0,2396,5,0,1020,1020,0,1551,0
1005,3.54000,0.17560,2.55040,0.79080,0.02250,0,0,0,2396,5,0,1020,1020,0,1551,0
1006,4.83730,1.62300,2.38970,0.79780,0.02600,0,0,0,2396,5,0,1020,1020,0,1551,0
1007,3.28450,0.21340,2.32570,0.71890,0.02570,0,0,0,2396,5,0,1020,1020,0,1551,0
1008,3.16320,0.20500,2.23820,0.69310,0.02610,0,0,0,2396,5,0,1020,1020,0,1551,0
1009,3.21360,0.21070,2.26220,0.71150,0.02850,0,0,0,2396,5,0,1020,1020,0,1551,0
1010,3.31320,0.20290,2.36460,0.72030,0.02450,0,0,0,2396,5,0,1020,1020,0,1551,0
1011,3.33650,0.20310,2.37490,0.73130,0.02650,0,0,0,2396,5,0,1020,1020,0,1551,0
1012,3.38850,0.20090,2.38000,0.77810,0.02860,0,0,0,2396,5,0,1020,1020,0,1551,0
1013,3.42660,0.21020,2.39400,0.79830,0.02340,0,0,0,2396,5,0,1020,1020,0,1551,0
1014,3.24650,0.22130,2.24760,0.74900,0.02800,0,0,0,2396,5,0,1020,1020,0,1551,0
1015,3.14080,0.22780,2.17340,0.71800,0.02070,0,0,0,2396,5,0,1020,1020,0,1551,0
1016,3.17160,0.19760,2.22010,0.72920,0.02400,0,0,0,2396,5,0,1020,1020,0,1551,0
1017,3.36070,0.22660,2.32790,0.78310,0.02240,0,0,0,2396,5,0,1020,1020,0,1551,0
1018,3.19570,0.21270,2.22200,0.73670,0.02370,0,0,0,2396,5,0,1020,1020,0,1551,0
1019,3.20320,0.19190,2.24510,0.73990,0.02560,0,0,0,2396,5,0,1020,1020,0,1552,0
1020,3.21410,0.21450,2.24410,0.73030,0.02460,0,0,0,2396,5,0,1020,1020,0,1553,0
1021,4.84870,1.74510,2.33040,0.74470,0.02680,0,0,0,2396,5,0,1020,1020,0,1553,0
1022,3.31390,0.22060,2.28500,0.77950,0.02820,0,0,0,2396,5,0,1020,1020,0,1553,0
1023,3.37880,0.22510,2.26910,0.83660,0.04740,0,0,0,2396,5,0,1020,1020,0,1553,0
1024,3.43070,0.23210,2.30870,0.85330,0.03580,0,0,0,2396,5,0,1020,1020,0,1553,0
1025,3.37430,0.22920,2.22700,0.88600,0.03150,0,0,0,2396,5,0,1020,1020,0,1554,0
1026,3.27780,0.22400,2.24870,0.77840,0.02610,0,0,0,2396,5,0,1020,1020,0,1554,0
1027,3.28410,0.22150,2.23740,0.77230,0.05220,0,0,0,2396,5,0,1020,1020,0,1554,0
1028,3.28970,0.18890,2.20950,0.86120,0.02960,0,0,0,2396,5,0,1020,1020,0,1554,0
1029,3.27630,0.18680,2.31540,0.75100,0.02250,0,0,0,2396,5,0,1020,1020,0,1554,0
1030,3.36620,0.22100,2.31310,0.80770,0.02370,0,0,0,2396,5,0,1020,1020,0,1554,0
1031,3.25010,0.21020,2.19590,0.80640,0.03680,0,0,0,2396,5,0,1020,1020,0,1554,0
1032,3.26790,0.20730,2.29420,0.74060,0.02470,0,0,0,2396,5,0,1020,1020,0,1555,0
1033,3.18860,0.20710,2.22120,0.73290,0.02650,0,0,0,2396,5,0,1020,1020,0,1555,0
1034,3.37810,0.20540,2.39510,0.75170,0.02500,0,0,0,2396,5,0,1020,1020,0,1555,0
1035,3.23850,0.21220,2.25120,0.75120,0.02280,0,0,0,2396,5,0,1020,1020,0,1555,0
1036,5.56330,1.87620,2.78420,0.87440,0.02740,0,0,0,2396,5,0,1020,1020,0,1557,0
1037,3.30050,0.20250,2.29940,0.77300,0.02490,0,0,0,2396,5,0,1020,1020,0,1557,0
1038,4.33920,0.21260,3.27720,0.82420,0.02450,0,0,0,2396,5,0,1020,1020,0,1557,0
1039,3.26460,0.20770,2.29060,0.74500,0.02070,0,0,0,2396,5,0,1020,1020,0,1557,0
1040,3.25960,0.20330,2.23580,0.79290,0.02690,0,0,0,2396,5,0,1020,1020,0,1557,0
1041,3.19330,0.19420,2.18190,0.79200,0.02440,0,0,0,2396,5,0,1020,1019,0,1557,0
1042,3.27180,0.21880,2.25530,0.77470,0.02220,0,0,0,2396,5,0,1020,1019,0,1557,0
1043,3.90690,0.22410,2.88150,0.77280,0.02730,0,0,0,2396,5,0,1020,1019,0,1557,0
1044,3.06920,0.23190,2.08210,0.72790,0.02650,0,0,0,2396,5,0,1020,1019,0,1557,0
1045,3.07710,0.19360,2.12380,0.73220,0.02690,0,0,0,2396,5,0,1020,1019,0,1557,0
1046,3.16170,0.20670,2.16030,0.76840,0.02550,0,0,0,2396,5,0,1020,1020,0,1557,0
1047,3.18330,0.18510,2.23710,0.73390,0.02630,0,0,0,2396,5,0,1020,1020,0,1557,0
1048,3.25630,0.21880,2.22280,0.79070,0.02310,0,0,0,2396,5,0,1020,1019,0,1557,0
1049,3.09480,0.19910,2.15920,0.71350,0.02250,0,0,0,2396,5,0,1020,1019,0,1556,0
1050,3.06050,0.18540,2.12950,0.71900,0.02590,0,0,0,2396,5,0,1020,1019,0,1556,0
1051,6.75320,1.77710,4.10150,0.83520,0.03850,0,0,0,2396,5,0,1020,1019,0,1556,0
1052,5.72450,0.16590,4.57930,0.95770,0.02060,0,0,0,2396,5,0,1020,1019,0,1558,0
1053,6.00690,0.16800,5.02200,0.80010,0.01600,0,0,0,2396,5,0,1020,1019,0,1556,0
1054,4.09580,0.20160,3.07040,0.80460,0.01860,0,0,0,2396,5,0,1020,1019,0,1556,0
1055,4.83580,0.17760,3.84140,0.79770,0.01820,0,0,0,2396,5,0,1020,1020,0,1556,0
1056,4.61380,0.17960,3.47190,0.94150,0.02000,0,0,0,2396,5,0,1020,1020,0,1556,0
1057,4.82120,0.17690,3.83270,0.79410,0.01700,0,0,0,2396,5,0,1020,1020,0,1556,0
1058,4.76880,0.17580,3.77170,0.80440,0.01610,0,0,0,2396,5,0,1020,1020,0,1556,0
1059,4.83340,0.17650,3.83910,0.80130,0.01560,0,0,0,2396,5,0,1020,1020,0,1556,0
1060,4.08630,0.24720,3.02680,0.79390,0.01760,0,0,0,2396,5,0,1020,1020,0,1556,0
1061,3.86730,0.18040,2.89900,0.77170,0.01540,0,0,0,2396,5,0,1020,1020,0,1556,0
1062,4.92300,0.19450,3.91740,0.79240,0.01780,0,0,0,2396,5,0,1020,1020,0,1556,0
1063,4.14950,0.17650,3.04460,0.90610,0.02150,0,0,0,2396,5,0,1020,1020,0,1556,0
1064,3.85780,0.18980,2.88390,0.76550,0.01800,0,0,0,2396,5,0,1020,1020,0,1556,0
1065,3.75300,0.16630,2.78850,0.78080,0.01680,0,0,0,2396,5,0,1020,1020,0,1556,0
1066,5.44450,1.57500,3.03700,0.81190,0.01990,0,0,0,2396,5,0,1021,1021,0,1556,0
1067,3.94480,0.17800,2.89280,0.79940,0.07360,0,0,0,2396,5,0,1021,1021,0,1556,0
1068,3.75380,0.28630,2.67250,0.77360,0.02070,0,0,0,2396,5,0,1021,1021,0,1557,0
1069,4.46120,0.17300,3.46250,0.80850,0.01640,0,0,0,2396,5,0,1021,1021,0,1557,0
1070,3.55790,0.17450,2.62020,0.74500,0.01740,0,0,0,2396,5,0,1021,1021,0,1556,0
1071,3.71200,0.18910,2.73400,0.77080,0.01760,0,0,0,2396,5,0,1021,1021,0,1556,0
1072,3.53370,0.19430,2.59720,0.72350,0.01810,0,0,0,2396,5,0,1021,1021,0,1556,0
1073,3.46460,0.23210,2.51100,0.70210,0.01870,0,0,0,2396,5,0,1021,1021,0,1556,0
1074,3.62830,0.19320,2.63700,0.77970,0.01770,0,0,0,2396,5,0,1021,1021,0,1556,0
1075,3.72540,0.20030,2.69150,0.78990,0.04310,0,0,0,2396,5,0,1021,1021,0,1557,0
1076,3.63640,0.21700,2.63480,0.76760,0.01620,0,0,0,2396,5,0,1021,1021,0,1557,0
1077,3.48060,0.17460,2.57010,0.71240,0.02280,0,0,0,2396,5,0,1021,1021,0,1557,0
1078,3.45790,0.18150,2.52110,0.73680,0.01780,0,0,0,2396,5,0,1021,1020,0,1557,0
1079,3.79750,0.17600,2.81190,0.77930,0.02940,0,0,0,2396,5,0,1021,1020,0,1557,0
1080,3.53840,0.18030,2.54300,0.79540,0.01920,0,0,0,2396,5,0,1021,1021,0,1557,0
1081,6.91260,1.83870,4.17430,0.87710,0.02140,0,0,0,2396,5,0,1021,1020,0,1557,0
1082,5.11570,0.16310,4.02490,0.88760,0.03940,0,0,0,2396,5,0,1021,1021,0,1557,0
1083,4.93380,0.27270,3.82000,0.81310,0.02700,0,0,0,2396,5,0,1021,1020,0,1555,0
1084,7.24730,0.18640,6.08090,0.96390,0.01510,0,0,0,2396,5,0,1021,1020,0,1554,0
1085,5.26560,0.15830,4.22660,0.85890,0.02120,0,0,0,2396,5,0,1021,1021,0,1554,0
1086,4.78070,0.16620,3.81550,0.77920,0.01920,0,0,0,2396,5,0,1021,1021,0,1552,0
1087,4.78510,0.19570,3.79450,0.77320,0.02120,0,0,0,2396,5,0,1021,1020,0,1552,0
1088,4.85800,0.16960,3.77040,0.89630,0.02100,0,0,0,2396,5,0,1021,1020,0,1552,0
1089,4.47040,0.16360,3.50200,0.78160,0.02260,0,0,0,2396,5,0,1021,1020,0,1552,0
1090,4.39850,0.16400,3.43640,0.78140,0.01600,0,0,0,2396,5,0,1021,1021,0,1552,0
1091,3.94900,0.17840,2.99220,0.75890,0.01890,0,0,0,2396,5,0,1022,1022,0,1553,0
1092,4.09810,0.18730,2.94540,0.93980,0.02470,0,0,0,2396,5,0,1022,1022,0,1553,0
1093,4.48250,0.17980,3.52880,0.75640,0.01690,0,0,0,2396,5,0,1022,1022,0,1553,0
1094,4.08100,0.18470,3.14570,0.72920,0.02060,0,0,0,2396,5,0,1022,1022,0,1553,0
1095,4.77620,0.17820,3.81400,0.76340,0.01940,0,0,0,2396,5,0,1022,1022,0,1553,0
1096,5.89490,1.63170,3.45630,0.79000,0.01600,0,0,0,2396,5,0,1022,1022,0,1553,0
1097,3.62280,0.18210,2.67450,0.74710,0.01840,0,0,0,2396,5,0,1022,1022,0,1551,0
1098,4.42240,0.19400,3.40020,0.81080,0.01670,0,0,0,2396,5,0,1022,1022,0,1551,0
1099,3.59860,0.19940,2.57630,0.80550,0.01660,0,0,0,2396,5,0,1022,1022,0,1551,0
1100,5.00800,0.18650,3.96930,0.83410,0.01750,0,0,0,2396,5,0,1022,1022,0,1551,0
1101,4.67140,0.16530,3.70430,0.78160,0.01970,0,0,0,2396,5,0,1022,1022,0,1551,0
1102,4.78980,0.22740,3.68880,0.81660,0.05610,0,0,0,2396,5,0,1022,1022,0,1551,0
1103,3.64930,0.18540,2.62170,0.82430,0.01710,0,0,0,2396,5,0,1022,1022,0,1552,0
1104,3.64100,0.19410,2.69610,0.73230,0.01770,0,0,0,2396,5,0,1022,1022,0,1552,0
1105,3.45360,0.19300,2.53060,0.71040,0.01890,0,0,0,2396,5,0,1022,1022,0,1552,0
1106,3.52330,0.20650,2.55570,0.73820,0.02230,0,0,0,2396,5,0,1022,1022,0,1552,0
1107,4.24090,0.18710,3.25980,0.77210,0.02130,0,0,0,2396,5,0,1022,1022,0,1552,0
1108,3.47360,0.20370,2.53500,0.71380,0.02040,0,0,0,2396,5,0,1022,1022,0,1552,0
1109,4.99760,0.19930,4.01730,0.76130,0.01890,0,0,0,2396,5,0,1022,1022,0,1552,0
1110,3.50000,0.21480,2.56440,0.70030,0.01990,0,0,0,2396,5,0,1022,1022,0,1552,0
1111,5.57540,1.89050,2.83100,0.83090,0.02160,0,0,0,2396,5,0,1022,1022,0,1552,0
1112,3.51710,0.20040,2.55350,0.74270,0.01970,0,0,0,2396,5,0,1022,1022,0,1552,0
1113,3.50000,0.20610,2.55120,0.71590,0.02590,0,0,0,2396,5,0,1022,1022,0,1552,0
1114,3.71120,0.18760,2.70300,0.79690,0.02290,0,0,0,2396,5,0,1022,1022,0,1552,0
1115,3.46890,0.19260,2.50410,0.74900,0.02240,0,0,0,2396,5,0,1022,1022,0,1552,0
1116,3.38630,0.17500,2.44500,0.74280,0.02270,0,0,0,2396,5,0,1022,1022,0,1552,0
1117,3.47480,0.23340,2.44130,0.76370,0.03510,0,0,0,2396,5,0,1022,1022,0,1552,0
1118,3.28480,0.20080,2.34130,0.71490,0.02680,0,0,0,2396,5,0,1022,1022,0,1552,0
1119,3.41410,0.19560,2.33690,0.85460,0.02610,0,0,0,2396,5,0,1022,1022,0,1552,0
1120,3.43160,0.23440,2.36720,0.80050,0.02870,0,0,0,2396,5,0,1022,1022,0,1553,0
1121,3.26090,0.19320,2.30480,0.73500,0.02700,0,0,0,2396,5,0,1022,1022,0,1553,0
1122,3.23030,0.20110,2.29970,0.70510,0.02340,0,0,0,2396,5,0,1022,1022,0,1553,0
1123,3.59220,0.24430,2.56630,0.75670,0.02410,0,0,0,2396,5,0,1022,1022,0,1553,0
1124,3.37520,0.21860,2.38810,0.74270,0.02500,0,0,0,2396,5,0,1022,1022,0,1553,0
1125,3.28900,0.23030,2.24840,0.77720,0.03240,0,0,0,2396,5,0,1022,1022,0,1553,0
1126,5.04530,1.76660,2.37730,0.86750,0.03310,0,0,0,2396,5,0,1022,1022,0,1554,0
1127,3.32620,0.21610,2.27030,0.81370,0.02550,0,0,0,2396,5,0,1022,1022,0,1554,0
1128,3.39510,0.21970,2.28630,0.86260,0.02550,0,0,0,2396,5,0,1022,1022,0,1554,0
1129,3.40460,0.20120,2.33070,0.84730,0.02480,0,0,0,2396,5,0,1022,1022,0,1554,0
1130,3.29690,0.24470,2.27280,0.75210,0.02660,0,0,0,2396,5,0,1022,1022,0,1554,0
1131,3.23410,0.22730,2.29020,0.69450,0.02140,0,0,0,2396,5,0,1022,1022,0,1554,0
1132,3.40510,0.20880,2.29880,0.86990,0.02700,0,0,0,2396,5,0,1022,1022,0,1554,0
1133,3.43320,0.23720,2.26830,0.90100,0.02590,0,0,0,2396,5,0,1022,1022,0,1554,0
1134,3.20300,0.21070,2.22030,0.74620,0.02500,0,0,0,2396,5,0,1022,1022,0,1554,0
1135,3.56150,0.26730,2.39110,0.87770,0.02470,0,0,0,2396,5,0,1022,1022,0,1554,0
1136,3.45080,0.22910,2.37020,0.82480,0.02610,0,0,0,2396,5,0,1022,1022,0,1556,0
1137,3.48690,0.21050,2.43850,0.81050,0.02670,0,0,0,2396,5,0,1022,1022,0,1556,0
1138,3.28930,0.24340,2.27970,0.74230,0.02330,0,0,0,2396,5,0,1022,1022,0,1556,0
1139,3.21300,0.22830,2.23570,0.72470,0.02350,0,0,0,2396,5,0,1022,1022,0,1556,0
1140,3.20510,0.23430,2.19890,0.74890,0.02220,0,0,0,2396,5,0,1022,1022,0,1556,0
1141,6.32940,1.89410,3.58900,0.82710,0.01820,0,0,0,2396,5,0,1022,1022,0,1556,0
1142,4.37790,0.18530,3.39060,0.78510,0.01620,0,0,0,2396,5,0,1022,1022,0,1556,0
1143,5.07680,0.18040,3.46490,1.40720,0.02340,0,0,0,2396,5,0,1023,1023,0,1556,0
1144,4.05670,0.18370,3.02920,0.82250,0.02040,0,0,0,2396,5,0,1023,1023,0,1556,0
1145,4.04470,0.19240,3.06470,0.76730,0.01950,0,0,0,2396,5,0,1023,1023,0,1556,0
1146,4.00310,0.21740,2.97940,0.78900,0.01660,0,0,0,2396,5,0,1023,1023,0,1556,0
1147,4.01590,0.20310,3.00970,0.78420,0.01830,0,0,0,2396,5,0,1023,1023,0,1556,0
1148,3.93790,0.19130,2.93200,0.79660,0.01720,0,0,0,2396,5,0,1023,1023,0,1556,0
1149,4.73320,0.18840,3.64120,0.87690,0.02580,0,0,0,2396,5,0,1023,1023,0,1556,0
1150,3.84890,0.22430,2.82970,0.77680,0.01770,0,0,0,2396,5,0,1023,1023,0,1557,0
1151,3.94570,0.16590,2.96890,0.78940,0.02060,0,0,0,2396,5,0,1023,1023,0,1557,0
1152,3.86470,0.17460,2.88040,0.79360,0.01550,0,0,0,2396,5,0,1023,1023,0,1557,0
1153,4.73910,0.19200,3.56060,0.96330,0.02240,0,0,0,2396,5,0,1023,1023,0,1557,0
1154,3.58070,0.17820,2.56620,0.81690,0.01870,0,0,0,2396,5,0,1023,1023,0,1557,0
1155,3.49240,0.19640,2.54550,0.73380,0.01630,0,0,0,2396,5,0,1023,1023,0,1557,0
1156,5.19750,1.64560,2.70310,0.82840,0.01980,0,0,0,2396,5,0,1023,1023,0,1557,0
1157,3.54780,0.17390,2.62320,0.73340,0.01670,0,0,0,2396,5,0,1023,1023,0,1557,0
1158,3.44670,0.16350,2.53120,0.73320,0.01810,0,0,0,2396,5,0,1023,1023,0,1557,0
1159,3.65630,0.19050,2.63740,0.80840,0.01930,0,0,0,2396,5,0,1023,1023,0,1557,0
1160,4.88110,0.18140,3.92240,0.75840,0.01820,0,0,0,2396,5,0,1023,1023,0,1557,0
1161,3.48080,0.18570,2.54490,0.73140,0.01790,0,0,0,2396,5,0,1023,1023,0,1557,0
1162,3.46250,0.20930,2.50580,0.72350,0.02300,0,0,0,2396,5,0,1023,1023,0,1557,0
1163,3.67390,0.21740,2.69040,0.74690,0.01840,0,0,0,2396,5,0,1023,1023,0,1557,0
1164,3.80460,0.19130,2.58730,1.00820,0.01710,0,0,0,2396,5,0,1023,1023,0,1557,0
1165,3.73390,0.19420,2.76280,0.75660,0.01970,0,0,0,2396,5,0,1023,1023,0,1557,0
1166,3.46430,0.18180,2.54450,0.71850,0.01910,0,0,0,2396,5,0,1023,1023,0,1557,0
1167,3.50420,0.17160,2.48960,0.82100,0.02130,0,0,0,2396,5,0,1023,1023,0,1557,0
1168,3.55670,0.21510,2.59470,0.72700,0.01920,0,0,0,2396,5,0,1023,1023,0,1555,0
1169,3.47200,0.18780,2.52680,0.73680,0.01990,0,0,0,2396,5,0,1023,1023,0,1555,0
1170,3.54990,0.22200,2.57130,0.73550,0.02040,0,0,0,2396,5,0,1023,1023,0,1555,0
1171,4.87760,1.68280,2.37210,0.79030,0.03130,0,0,0,2396,5,0,1023,1023,0,1555,0
1172,3.47080,0.18000,2.51440,0.74920,0.02630,0,0,0,2396,5,0,1023,1023,0,1555,0
1173,3.49960,0.19000,2.53000,0.73770,0.04100,0,0,0,2396,5,0,1023,1023,0,1555,0
1174,3.62260,0.22070,2.61460,0.75770,0.02880,0,0,0,2396,5,0,1023,1023,0,1555,0
1175,3.43400,0.18050,2.48890,0.74470,0.01910,0,0,0,2396,5,0,1023,1023,0,1555,0
1176,3.43470,0.23770,2.42230,0.75260,0.02130,0,0,0,2396,5,0,1023,1023,0,1555,0
1177,3.21410,0.21590,2.25120,0.72530,0.02110,0,0,0,2396,5,0,1023,1023,0,1555,0
1178,3.32420,0.23110,2.33420,0.73310,0.02500,0,0,0,2396,5,0,1023,1023,0,1555,0
1179,3.58850,0.22710,2.41320,0.92100,0.02650,0,0,0,2396,5,0,1023,1023,0,1555,0
1180,3.36780,0.21710,2.38960,0.73950,0.02100,0,0,0,2396,5,0,1023,1023,0,1555,0
1181,3.39570,0.18740,2.38820,0.79100,0.02830,0,0,0,2396,5,0,1023,1023,0,1555,0
1182,3.42050,0.23420,2.32170,0.83520,0.02860,0,0,0,2396,5,0,1023,1023,0,1555,0
1183,3.28950,0.22080,2.25390,0.78460,0.02950,0,0,0,2396,5,0,1024,1024,0,1555,0
1184,3.51370,0.21480,2.53350,0.73930,0.02530,0,0,0,2396,5,0,1024,1024,0,1555,0
1185,3.24550,0.22980,2.18670,0.80100,0.02730,0,0,0,2396,5,0,1024,1024,0,1555,0
1186,5.21970,1.70730,2.51020,0.97610,0.02540,0,0,0,2396,5,0,1024,1024,0,1555,0
1187,3.44270,0.21280,2.28470,0.91470,0.02980,0,0,0,2396,5,0,1024,1024,0,1555,0
1188,3.34410,0.21010,2.36470,0.74620,0.02240,0,0,0,2396,5,0,1024,1024,0,1555,0
1189,3.24210,0.21230,2.27310,0.72970,0.02620,0,0,0,2396,5,0,1024,1024,0,1555,0
1190,3.35000,0.21660,2.28990,0.81860,0.02410,0,0,0,2396,5,0,1024,1024,0,1555,0
1191,3.34120,0.19580,2.26020,0.86050,0.02400,0,0,0,2396,5,0,1024,1024,0,1555,0
1192,3.22110,0.21170,2.16920,0.81420,0.02540,0,0,0,2396,5,0,1024,1024,0,1555,0
1193,3.23530,0.20400,2.21370,0.79390,0.02290,0,0,0,2396,5,0,1024,1024,0,1555,0
1194,3.30910,0.23500,2.25450,0.79720,0.02180,0,0,0,2396,5,0,1024,1024,0,1555,0
1195,3.29840,0.21450,2.20800,0.84850,0.02680,0,0,0,2396,5,0,1024,1024,0,1555,0
1196,3.29590,0.22580,2.28470,0.76290,0.02180,0,0,0,2396,5,0,1024,1024,0,1555,0
1197,3.20080,0.23220,2.21060,0.73330,0.02390,0,0,0,2396,5,0,1024,1024,0,1555,0
1198,3.31430,0.21580,2.26180,0.80910,0.02670,0,0,0,2396,5,0,1024,1024,0,1555,0
1199,3.27410,0.21400,2.19040,0.84590,0.02290,0,0,0,2396,5,0,1024,1024,0,1555,0
1200,3.16090,0.18710,2.17430,0.77510,0.02380,0,0,0,2396,5,0,1024,1024,0,1555,0
1201,6.53220,1.77860,3.83170,0.89790,0.02290,0,0,0,2396,5,0,1024,1024,0,1555,0
1202,5.37880,0.15340,4.34120,0.86570,0.01760,0,0,0,2396,5,0,1024,1024,0,1555,0
1203,6.15220,0.18480,5.07950,0.86850,0.01860,0,0,0,2396,5,0,1024,1024,0,1555,0
1204,5.27670,0.17400,4.26190,0.82120,0.01900,0,0,0,2396,5,0,1024,1024,0,1555,0
1205,4.87060,0.29330,3.77310,0.78360,0.01970,0,0,0,2396,5,0,1024,1024,0,1555,0
1206,4.59230,0.19290,3.48390,0.82180,0.09300,0,0,0,2396,5,0,1024,1024,0,1555,0
1207,4.34330,0.27200,3.06070,0.98630,0.02340,0,0,0,2396,5,0,1024,1024,0,1555,0
1208,4.16600,0.18580,3.17150,0.78720,0.02080,0,0,0,2396,5,0,1024,1024,0,1555,0
1209,4.10800,0.18180,3.16180,0.73880,0.02470,0,0,0,2396,5,0,1024,1024,0,1555,0
1210,3.87480,0.18970,2.90880,0.75370,0.02200,0,0,0,2396,5,0,1024,1024,0,1555,0
1211,3.89160,0.19500,2.89660,0.76840,0.03050,0,0,0,2396,5,0,1024,1024,0,1555,0
1212,3.91130,0.18940,2.92950,0.77350,0.01810,0,0,0,2396,5,0,1024,1024,0,1555,0
1213,3.72110,0.19110,2.69590,0.80330,0.02990,0,0,0,2396,5,0,1024,1024,0,1555,0
1214,3.76430,0.18560,2.69730,0.85450,0.02610,0,0,0,2396,5,0,1024,1024,0,1555,0
1215,3.92690,0.19350,2.91810,0.78930,0.02550,0,0,0,2396,5,0,1024,1024,0,1555,0
1216,5.55850,1.60680,3.17710,0.75330,0.02050,0,0,0,2396,5,0,1024,1024,0,1555,0
1217,3.47820,0.21370,2.46820,0.74220,0.05330,0,0,0,2396,5,0,1024,1024,0,1555,0
1218,3.42180,0.20280,2.46330,0.73290,0.02220,0,0,0,2396,5,0,1024,1024,0,1555,0
1219,3.49940,0.22790,2.47760,0.77220,0.02100,0,0,0,2396,5,0,1024,1024,0,1555,0
1220,5.09570,0.19520,4.03410,0.84130,0.02350,0,0,0,2396,5,0,1024,1024,0,1555,0
1221,3.54070,0.21600,2.50380,0.79960,0.02070,0,0,0,2396,5,0,1024,1024,0,1555,0
1222,3.38810,0.18740,2.45410,0.72440,0.02170,0,0,0,2396,5,0,1024,1024,0,1555,0
1223,3.50720,0.17970,2.50700,0.79250,0.02700,0,0,0,2396,5,0,1024,1024,0,1555,0
1224,3.39920,0.22120,2.35200,0.80270,0.02280,0,0,0,2396,5,0,1024,1024,0,1555,0
1225,3.45100,0.20440,2.46720,0.75210,0.02670,0,0,0,2396,5,0,1024,1024,0,1555,0
1226,4.91820,0.20380,3.91670,0.77920,0.01790,0,0,0,2396,5,0,1024,1024,0,1555,0
1227,3.40360,0.20460,2.43350,0.73780,0.02710,0,0,0,2396,5,0,1024,1024,0,1555,0
1228,3.55190,0.23060,2.55670,0.74260,0.02140,0,0,0,2396,5,0,1024,1024,0,1555,0
1229,3.80660,0.21810,2.77760,0.78810,0.02210,0,0,0,2396,5,0,1024,1024,0,1555,0
1230,3.40200,0.20060,2.44590,0.73410,0.02070,0,0,0,2396,5,0,1024,1024,0,1555,0
1231,6.93110,1.78490,4.25800,0.86530,0.02220,0,0,0,2396,5,0,1024,1024,0,1555,0
1232,5.94710,0.16520,4.97650,0.78710,0.01750,0,0,0,2396,5,0,1024,1024,0,1555,0
1233,4.40920,0.17500,3.43510,0.77920,0.01940,0,0,0,2396,5,0,1024,1024,0,1555,0
1234,4.76950,0.16890,3.77690,0.80340,0.01980,0,0,0,2396,5,0,1024,1024,0,1555,0
1235,4.87490,0.17110,3.78850,0.88690,0.02760,0,0,0,2396,5,0,1024,1024,0,1555,0
1236,4.65150,0.17810,3.66660,0.78530,0.02080,0,0,0,2396,5,0,1024,1024,0,1555,0
1237,4.35550,0.18440,3.40600,0.74680,0.01750,0,0,0,2396,5,0,1024,1024,0,1555,0
1238,5.02890,0.16500,4.05670,0.78950,0.01680,0,0,0,2396,5,0,1024,1024,0,1555,0
1239,4.45890,0.17580,3.47600,0.79020,0.01610,0,0,0,2396,5,0,1024,1024,0,1555,0
1240,3.98620,0.17110,3.03730,0.75760,0.01940,0,0,0,2396,5,0,1024,1024,0,1555,0
1241,4.01650,0.18950,3.04020,0.76780,0.01820,0,0,0,2396,5,0,1024,1024,0,1555,0
1242,4.04900,0.18470,2.93790,0.81850,0.10690,0,0,0,2396,5,0,1024,1024,0,1555,0
1243,4.12900,0.26860,3.06880,0.77280,0.01830,0,0,0,2396,5,0,1024,1024,0,1555,0
1244,3.83470,0.20610,2.83060,0.78040,0.01670,0,0,0,2396,5,0,1024,1024,0,1555,0
1245,3.95970,0.20030,2.92210,0.81930,0.01730,0,0,0,2396,5,0,1024,1024,0,1555,0
1246,5.55950,1.74390,3.00450,0.79230,0.01840,0,0,0,2396,5,0,1024,1024,0,1555,0
1247,4.48510,0.17690,2.91140,1.37510,0.02100,0,0,0,2396,5,0,1024,1024,0,1555,0
1248,5.08030,0.23960,4.05810,0.76310,0.01880,0,0,0,2396,5,0,1024,1024,0,1555,0
1249,3.62810,0.17480,2.62950,0.80460,0.01840,0,0,0,2396,5,0,1024,1024,0,1555,0
1250,3.65020,0.19280,2.60730,0.82720,0.02210,0,0,0,2396,5,0,1024,1024,0,1555,0
1251,3.52600,0.19610,2.54250,0.76880,0.01800,0,0,0,2396,5,0,1024,1024,0,1555,0
1252,3.46490,0.18880,2.53500,0.71800,0.02240,0,0,0,2396,5,0,1024,1024,0,1555,0
1253,3.49850,0.16690,2.57210,0.74000,0.01880,0,0,0,2396,5,0,1024,1024,0,1555,0
1254,3.75420,0.17970,2.69630,0.85670,0.02070,0,0,0,2396,5,0,1024,1024,0,1555,0
1255,3.48940,0.19330,2.55580,0.72160,0.01810,0,0,0,2396,5,0,1024,1024,0,1555,0
1256,5.02340,0.18730,4.00480,0.80830,0.02200,0,0,0,2396,5,0,1024,1024,0,1555,0
1257,3.52660,0.21240,2.52490,0.77010,0.01850,0,0,0,2396,5,0,1024,1024,0,1555,0
1258,3.81620,0.17370,2.86810,0.75470,0.01900,0,0,0,2396,5,0,1024,1024,0,1555,0
1259,3.49440,0.19320,2.49670,0.76090,0.04280,0,0,0,2396,5,0,1024,1024,0,1555,0
1260,3.49120,0.17600,2.53900,0.75950,0.01610,0,0,0,2396,5,0,1024,1024,0,1555,0
1261,5.17780,1.88040,2.51160,0.74900,0.03460,0,0,0,2396,5,0,1024,1024,0,1555,0
1262,3.52330,0.20650,2.56280,0.73000,0.02320,0,0,0,2396,5,0,1024,1024,0,1555,0
1263,3.58390,0.22710,2.50250,0.82920,0.02450,0,0,0,2396,5,0,1024,1024,0,1555,0
1264,3.50990,0.19400,2.56790,0.72420,0.02330,0,0,0,2396,5,0,1024,1024,0,1555,0
1265,3.72530,0.23880,2.58130,0.87560,0.02880,0,0,0,2396,5,0,1024,1024,0,1555,0
1266,3.41010,0.22560,2.41220,0.74620,0.02540,0,0,0,2396,5,0,1024,1024,0,1555,0
1267,3.42300,0.20790,2.40560,0.77880,0.03010,0,0,0,2396,5,0,1024,1024,0,1555,0
1268,3.36560,0.19960,2.38520,0.74960,0.03040,0,0,0,2396,5,0,1024,1024,0,1555,0
1269,3.47640,0.20550,2.44030,0.79730,0.03240,0,0,0,2396,5,0,1024,1024,0,1555,0
1270,3.56830,0.21030,2.37150,0.93810,0.04760,0,0,0,2396,5,0,1024,1024,0,1555,0
1271,3.38600,0.21690,2.35720,0.78370,0.02750,0,0,0,2396,5,0,1024,1024,0,1555,0
1272,3.45810,0.23070,2.33860,0.85680,0.03110,0,0,0,2396,5,0,1024,1024,0,1555,0
1273,3.33080,0.22520,2.28860,0.78820,0.02810,0,0,0,2396,5,0,1024,1024,0,1555,0
1274,3.39880,0.22810,2.35550,0.78610,0.02830,0,0,0,2396,5,0,1024,1024,0,1555,0
1275,3.52160,0.19980,2.41900,0.86910,0.03290,0,0,0,2396,5,0,1024,1024,0,1555,0
1276,5.10240,1.89090,2.43710,0.74490,0.02870,0,0,0,2396,5,0,1024,1024,0,1555,0
1277,3.25750,0.19540,2.30690,0.72670,0.02790,0,0,0,2396,5,0,1024,1024,0,1555,0
1278,3.27910,0.19840,2.31630,0.73260,0.03100,0,0,0,2396,5,0,1024,1024,0,1555,0
1279,3.35820,0.21410,2.37140,0.74580,0.02580,0,0,0,2396,5,0,1024,1024,0,1555,0
1280,3.26040,0.21020,2.29010,0.73210,0.02730,0,0,0,2396,5,0,1024,1024,0,1555,0
1281,3.27670,0.21160,2.16120,0.86820,0.03480,0,0,0,2396,5,0,1024,1024,0,1555,0
1282,3.21450,0.21460,2.23680,0.73440,0.02820,0,0,0,2396,5,0,1024,1024,0,1555,0
1283,3.41950,0.21590,2.32820,0.84150,0.03300,0,0,0,2396,5,0,1024,1024,0,1555,0
1284,3.45730,0.20540,2.42990,0.79650,0.02470,0,0,0,2396,5,0,1024,1024,0,1555,0
1285,3.44280,0.23180,2.39890,0.78870,0.02280,0,0,0,2396,5,0,1024,1024,0,1555,0
1286,3.30680,0.21100,2.25870,0.81270,0.02390,0,0,0,2396,5,0,1024,1024,0,1555,0
1287,3.19320,0.19600,2.21070,0.75830,0.02760,0,0,0,2396,5,0,1024,1024,0,1555,0
1288,4.00700,0.20890,3.01810,0.74680,0.03250,0,0,0,2396,5,0,1024,1024,0,1555,0
1289,3.34830,0.21310,2.29520,0.81750,0.02180,0,0,0,2396,5,0,1024,1024,0,1555,0
1290,3.19030,0.22140,2.21340,0.73380,0.02110,0,0,0,2396,5,0,1024,1024,0,1555,0
1291,5.83960,1.73620,3.12530,0.95060,0.02600,0,0,0,2396,5,0,1024,1024,0,1555,0
1292,4.43150,0.17180,3.42660,0.81250,0.01990,0,0,0,2396,5,0,1024,1024,0,1555,0
1293,5.27090,0.17350,4.12550,0.82760,0.14320,0,0,0,2396,5,0,1024,1024,0,1555,0
1294,4.30290,0.18670,3.28870,0.80590,0.02050,0,0,0,2396,5,0,1024,1024,0,1555,0
1295,4.83690,0.17310,3.84660,0.79740,0.01910,0,0,0,2396,5,0,1024,1024,0,1555,0
1296,3.64060,0.17420,2.69810,0.74730,0.02010,0,0,0,2396,5,0,1024,1024,0,1555,0
1297,4.40660,0.19940,2.94460,1.23390,0.02790,0,0,0,2396,5,0,1024,1024,0,1555,0
1298,3.75110,0.15880,2.82610,0.74640,0.01930,0,0,0,2396,5,0,1024,1024,0,1555,0
1299,3.94660,0.17340,2.86140,0.87750,0.03370,0,0,0,2396,5,0,1024,1024,0,1555,0
1300,3.52740,0.20530,2.55420,0.74640,0.02080,0,0,0,2396,5,0,1024,1024,0,1555,0
1301,3.67390,0.17730,2.71010,0.76580,0.01990,0,0,0,2396,5,0,1024,1024,0,1555,0
1302,4.27610,0.17650,3.33430,0.74410,0.02030,0,0,0,2396,5,0,1024,1024,0,1555,0
1303,3.77600,0.21210,2.76280,0.76930,0.03110,0,0,0,2396,5,0,1024,1024,0,1555,0
1304,3.53210,0.17910,2.54820,0.78230,0.02170,0,0,0,2396,5,0,1024,1024,0,1555,0
1305,4.73170,0.17670,3.75510,0.77360,0.02560,0,0,0,2396,5,0,1024,1024,0,1555,0
1306,5.45850,1.59210,2.93770,0.89940,0.02860,0,0,0,2396,5,0,1024,1024,0,1555,0
1307,3.44070,0.16290,2.52970,0.72160,0.02600,0,0,0,2396,5,0,1024,1024,0,1555,0
1308,5.18040,0.18250,4.17650,0.78380,0.03680,0,0,0,2396,5,0,1024,1024,0,1555,0
1309,4.33880,0.17740,3.26830,0.86400,0.02830,0,0,0,2396,5,0,1024,1024,0,1555,0
1310,3.90610,0.18060,2.87980,0.81360,0.03130,0,0,0,2396,5,0,1024,1024,0,1555,0
1311,3.50180,0.22900,2.48670,0.75040,0.03480,0,0,0,2396,5,0,1024,1024,0,1555,0
1312,3.43330,0.18370,2.48030,0.74620,0.02220,0,0,0,2396,5,0,1024,1024,0,1555,0
1313,3.43090,0.18610,2.49430,0.72670,0.02310,0,0,0,2396,5,0,1024,1024,0,1555,0
1314,3.49780,0.20820,2.50250,0.76320,0.02310,0,0,0,2396,5,0,1024,1024,0,1555,0
1315,4.49390,0.20900,3.50690,0.75350,0.02400,0,0,0,2396,5,0,1024,1024,0,1555,0
1316,3.21360,0.20640,2.26060,0.72460,0.02120,0,0,0,2396,5,0,1024,1024,0,1555,0
1317,3.50440,0.20390,2.52620,0.75270,0.02090,0,0,0,2396,5,0,1024,1024,0,1555,0
1318,3.37990,0.24080,2.34490,0.77030,0.02310,0,0,0,2396,5,0,1024,1024,0,1555,0
1319,3.27610,0.21750,2.26190,0.77320,0.02260,0,0,0,2396,5,0,1024,1024,0,1555,0
1320,3.27590,0.21500,2.25540,0.77930,0.02530,0,0,0,2396,5,0,1024,1024,0,1555,0
1321,5.00360,1.83180,2.29800,0.84430,0.02750,0,0,0,2396,5,0,1024,1024,0,1555,0
1322,3.21140,0.21250,2.25510,0.71760,0.02550,0,0,0,2396,5,0,1024,1024,0,1555,0
1323,3.21990,0.19880,2.24290,0.75490,0.02270,0,0,0,2396,5,0,1024,1024,0,1555,0
1324,3.35090,0.19140,2.34720,0.77950,0.03210,0,0,0,2396,5,0,1024,1024,0,1555,0
1325,3.17460,0.21260,2.20870,0.72480,0.02780,0,0,0,2396,5,0,1024,1024,0,1555,0
1326,3.22070,0.19840,2.26940,0.72760,0.02440,0,0,0,2396,5,0,1024,1024,0,1555,0
1327,3.18470,0.18500,2.23300,0.74180,0.02400,0,0,0,2396,5,0,1024,1024,0,1555,0
1328,3.16150,0.20270,2.18950,0.74240,0.02610,0,0,0,2396,5,0,1024,1024,0,1555,0
1329,3.15480,0.20690,2.11940,0.79960,0.02820,0,0,0,2396,5,0,1024,1024,0,1555,0
1330,3.19900,0.19550,2.23830,0.73620,0.02820,0,0,0,2396,5,0,1024,1024,0,1555,0
1331,3.20880,0.19680,2.15410,0.83080,0.02630,0,0,0,2396,5,0,1024,1024,0,1555,0
1332,3.18070,0.20240,2.20000,0.75410,0.02380,0,0,0,2396,5,0,1024,1024,0,1555,0
1333,3.10220,0.18570,2.15030,0.74280,0.02270,0,0,0,2396,5,0,1024,1024,0,1555,0
1334,3.23290,0.18800,2.18180,0.83440,0.02790,0,0,0,2396,5,0,1024,1024,0,1555,0
1335,3.24100,0.21780,2.19190,0.80840,0.02210,0,0,0,2396,5,0,1024,1024,0,1555,0
1336,4.79240,1.67000,2.29900,0.79980,0.02280,0,0,0,2396,5,0,1024,1024,0,1555,0
1337,3.16590,0.22330,2.18250,0.73680,0.02280,0,0,0,2396,5,0,1024,1024,0,1555,0
1338,3.13180,0.19690,2.18180,0.72880,0.02340,0,0,0,2396,5,0,1024,1024,0,1555,0
1339,3.27390,0.20950,2.20630,0.83230,0.02500,0,0,0,2396,5,0,1024,1024,0,1555,0
1340,3.14820,0.20260,2.15300,0.76840,0.02350,0,0,0,2396,5,0,1024,1024,0,1555,0
1341,3.17380,0.19390,2.23480,0.72120,0.02320,0,0,0,2396,5,0,1024,1024,0,1555,0
1342,3.06360,0.18920,2.14520,0.70600,0.02250,0,0,0,2396,5,0,1024,1024,0,1555,0
1343,3.19190,0.22060,2.14840,0.79880,0.02330,0,0,0,2396,5,0,1024,1024,0,1555,0
1344,3.14300,0.21720,2.14590,0.75560,0.02390,0,0,0,2396,5,0,1024,1024,0,1555,0
1345,3.22510,0.21290,2.20190,0.78580,0.02390,0,0,0,2396,5,0,1024,1024,0,1555,0
1346,3.27570,0.20700,2.20910,0.83290,0.02600,0,0,0,2396,5,0,1024,1024,0,1555,0
1347,3.13490,0.21770,2.14340,0.74700,0.02610,0,0,0,2396,5,0,1024,1024,0,1555,0
1348,3.17000,0.21100,2.17590,0.75320,0.02950,0,0,0,2396,5,0,1024,1024,0,1555,0
1349,3.26990,0.25630,2.17620,0.81020,0.02650,0,0,0,2396,5,0,1024,1024,0,1555,0
1350,3.25150,0.21920,2.22710,0.77810,0.02620,0,0,0,2396,5,0,1024,1024,0,1555,0
1351,7.86180,1.75050,5.26490,0.82540,0.02000,0,0,0,2396,5,0,1024,1024,0,1555,0
1352,6.81470,0.14990,5.82510,0.82090,0.01800,0,0,0,2396,5,0,1024,1024,0,1555,0
1353,6.00690,0.16390,5.02790,0.79920,0.01530,0,0,0,2396,5,0,1024,1024,0,1555,0
1354,4.44580,0.16780,3.48120,0.78060,0.01530,0,0,0,2396,5,0,1024,1024,0,1555,0
1355,4.65370,0.16790,3.64540,0.81980,0.02000,0,0,0,2396,5,0,1024,1024,0,1555,0
1356,4.36270,0.20150,3.35550,0.78430,0.02060,0,0,0,2396,5,0,1024,1024,0,1555,0
1357,4.23510,0.22930,3.21340,0.77100,0.02050,0,0,0,2396,5,0,1024,1024,0,1555,0
1358,4.37110,0.17670,3.33850,0.83760,0.01760,0,0,0,2396,5,0,1024,1024,0,1555,0
1359,3.97850,0.18060,2.99570,0.78250,0.01890,0,0,0,2396,5,0,1024,1024,0,1555,0
1360,3.84690,0.17490,2.86600,0.78840,0.01700,0,0,0,2396,5,0,1024,1024,0,1555,0
1361,3.55330,0.19130,2.61980,0.72160,0.02000,0,0,0,2396,5,0,1024,1024,0,1555,0
1362,3.62540,0.16850,2.70760,0.73010,0.01830,0,0,0,2396,5,0,1024,1024,0,1555,0
1363,3.99910,0.18540,2.95730,0.83040,0.02520,0,0,0,2396,5,0,1024,1024,0,1555,0
1364,3.76610,0.19620,2.78620,0.75770,0.02490,0,0,0,2396,5,0,1024,1024,0,1555,0
1365,5.04800,0.17860,4.08870,0.76390,0.01610,0,0,0,2396,5,0,1024,1024,0,1555,0
1366,5.04000,1.59640,2.68620,0.73780,0.01870,0,0,0,2396,5,0,1024,1024,0,1555,0
1367,3.56300,0.17950,2.54170,0.82240,0.01870,0,0,0,2396,5,0,1024,1024,0,1555,0
1368,3.80310,0.19150,2.76140,0.83130,0.01820,0,0,0,2396,5,0,1024,1024,0,1555,0
1369,3.54650,0.18530,2.59290,0.74980,0.01770,0,0,0,2396,5,0,1024,1024,0,1555,0
1370,3.46210,0.18400,2.54120,0.71900,0.01730,0,0,0,2396,5,0,1024,1024,0,1555,0
1371,3.55340,0.18380,2.55170,0.76080,0.05620,0,0,0,2396,5,0,1024,1024,0,1555,0
1372,3.48600,0.19420,2.54970,0.72000,0.02150,0,0,0,2396,5,0,1024,1024,0,1555,0
1373,3.62450,0.17860,2.71130,0.71660,0.01740,0,0,0,2396,5,0,1024,1024,0,1555,0
1374,3.55170,0.19400,2.51040,0.82770,0.01910,0,0,0,2396,5,0,1024,1024,0,1555,0
1375,3.79560,0.17760,2.73790,0.86130,0.01820,0,0,0,2396,5,0,1024,1024,0,1555,0
1376,3.57980,0.18270,2.65320,0.72630,0.01700,0,0,0,2396,5,0,1024,1024,0,1555,0
1377,5.03920,0.17390,4.02190,0.82250,0.02030,0,0,0,2396,5,0,1024,1024,0,1555,0
1378,3.52450,0.19030,2.61420,0.69740,0.02190,0,0,0,2396,5,0,1024,1024,0,1555,0
1379,3.53730,0.19820,2.58440,0.72680,0.02730,0,0,0,2396,5,0,1024,1024,0,1555,0
1380,3.53760,0.19920,2.58000,0.74010,0.01760,0,0,0,2396,5,0,1024,1024,0,1555,0
1381,5.11060,1.65640,2.69430,0.73850,0.01960,0,0,0,2396,5,0,1024,1024,0,1555,0
1382,3.50220,0.22260,2.49360,0.76150,0.02370,0,0,0,2396,5,0,1024,1024,0,1555,0
1383,3.44300,0.20730,2.45970,0.75290,0.02260,0,0,0,2396,5,0,1024,1024,0,1555,0
1384,3.69300,0.20800,2.65320,0.81250,0.01860,0,0,0,2396,5,0,1024,1024,0,1555,0
1385,3.46810,0.21270,2.50610,0.72250,0.02620,0,0,0,2396,5,0,1024,1024,0,1555,0
1386,3.67110,0.22340,2.50210,0.91720,0.02780,0,0,0,2396,5,0,1024,1024,0,1555,0
1387,3.50700,0.18240,2.52480,0.77600,0.02320,0,0,0,2396,5,0,1024,1024,0,1555,0
1388,3.44570,0.22470,2.41110,0.78520,0.02400,0,0,0,2396,5,0,1024,1024,0,1555,0
1389,3.58240,0.21700,2.46820,0.86980,0.02650,0,0,0,2396,5,0,1024,1024,0,1555,0
1390,3.47290,0.21370,2.46090,0.76550,0.03210,0,0,0,2396,5,0,1024,1024,0,1555,0
1391,3.49920,0.22070,2.35560,0.89350,0.02840,0,0,0,2396,5,0,1024,1024,0,1555,0
1392,3.39440,0.23690,2.39260,0.73910,0.02510,0,0,0,2396,5,0,1024,1024,0,1555,0
1393,3.60950,0.22040,2.46680,0.89040,0.03110,0,0,0,2396,5,0,1024,1024,0,1555,0
1394,3.52910,0.22950,2.48710,0.77840,0.03340,0,0,0,2396,5,0,1024,1024,0,1555,0
1395,3.41240,0.23330,2.31380,0.83710,0.02750,0,0,0,2396,5,0,1024,1024,0,1555,0
1396,5.10180,1.73050,2.43500,0.90550,0.03000,0,0,0,2396,5,0,1024,1024,0,1555,0
1397,3.54370,0.22950,2.38090,0.90200,0.03050,0,0,0,2396,5,0,1024,1024,0,1555,0
1398,3.38960,0.22890,2.38200,0.75380,0.02410,0,0,0,2396,5,0,1024,1024,0,1555,0
1399,3.31000,0.20560,2.30030,0.77280,0.03070,0,0,0,2396,5,0,1024,1024,0,1555,0
1400,3.37460,0.22580,2.33110,0.77730,0.03970,0,0,0,2396,5,0,1024,1024,0,1555,0
1401,3.24720,0.20840,2.26800,0.74840,0.02170,0,0,0,2396,5,0,1024,1024,0,1555,0
1402,3.39350,0.21320,2.28560,0.86880,0.02520,0,0,0,2396,5,0,1024,1024,0,1555,0
1403,3.39730,0.21480,2.30150,0.85830,0.02190,0,0,0,2396,5,0,1024,1024,0,1555,0
1404,3.25460,0.22400,2.24140,0.76430,0.02410,0,0,0,2396,5,0,1024,1024,0,1555,0
1405,3.41530,0.20970,2.31590,0.86090,0.02790,0,0,0,2396,5,0,1024,1024,0,1555,0
1406,3.33610,0.20700,2.28530,0.80860,0.03450,0,0,0,2396,5,0,1024,1024,0,1555,0
1407,3.45640,0.21930,2.35650,0.85320,0.02660,0,0,0,2396,5,0,1024,1024,0,1555,0
1408,3.31980,0.22560,2.28840,0.77870,0.02630,0,0,0,2396,5,0,1024,1024,0,1555,0
1409,3.30390,0.22580,2.22490,0.82830,0.02420,0,0,0,2396,5,0,1024,1024,0,1555,0
1410,3.21200,0.23490,2.21690,0.73490,0.02450,0,0,0,2396,5,0,1024,1024,0,1555,0
1411,4.81390,1.63740,2.28280,0.86160,0.03100,0,0,0,2396,5,0,1024,1024,0,1555,0
1412,3.38400,0.23070,2.37810,0.75280,0.02170,0,0,0,2396,5,0,1024,1024,0,1555,0
1413,3.54150,0.21060,2.54640,0.73740,0.04620,0,0,0,2396,5,0,1024,1024,0,1555,0
1414,3.30190,0.23340,2.31810,0.72790,0.02180,0,0,0,2396,5,0,1024,1024,0,1555,0
1415,3.13680,0.18470,2.20740,0.71310,0.03090,0,0,0,2396,5,0,1024,1024,0,1555,0
1416,3.30370,0.19370,2.36920,0.71360,0.02650,0,0,0,2396,5,0,1024,1024,0,1555,0
1417,3.25800,0.19660,2.32220,0.71260,0.02550,0,0,0,2396,5,0,1024,1024,0,1555,0
1418,3.26330,0.19040,2.32480,0.71720,0.03020,0,0,0,2396,5,0,1024,1024,0,1555,0
1419,3.18020,0.21590,2.19450,0.73830,0.03070,0,0,0,2396,5,0,1024,1024,0,1555,0
1420,3.38390,0.19580,2.25860,0.89640,0.03240,0,0,0,2396,5,0,1024,1024,0,1555,0
1421,3.62970,0.20900,2.56810,0.81850,0.03320,0,0,0,2396,5,0,1024,1024,0,1555,0
1422,3.36070,0.23560,2.23590,0.85870,0.02970,0,0,0,2396,5,0,1024,1024,0,1555,0
1423,3.24580,0.17620,2.25380,0.78470,0.03050,0,0,0,2396,5,0,1024,1024,0,1555,0
1424,3.34080,0.20350,2.33670,0.74440,0.05560,0,0,0,2396,5,0,1024,1024,0,1555,0
1425,3.38710,0.20460,2.35090,0.79760,0.03320,0,0,0,2396,5,0,1024,1024,0,1555,0
1426,4.76160,1.61160,2.40530,0.71590,0.02800,0,0,0,2396,5,0,1024,1024,0,1555,0
1427,3.26830,0.20380,2.29840,0.73360,0.03170,0,0,0,2396,5,0,1024,1024,0,1555,0
1428,3.25720,0.19650,2.25810,0.76460,0.03720,0,0,0,2396,5,0,1024,1024,0,1555,0
1429,3.37130,0.33820,2.28650,0.71640,0.02960,0,0,0,2396,5,0,1024,1024,0,1555,0
1430,3.18760,0.20590,2.22100,0.73200,0.02800,0,0,0,2396,5,0,1024,1024,0,1555,0
1431,3.33440,0.20300,2.35740,0.74670,0.02650,0,0,0,2396,5,0,1024,1024,0,1555,0
1432,3.35450,0.21540,2.26200,0.84850,0.02780,0,0,0,2396,5,0,1024,1024,0,1555,0
1433,3.28060,0.20740,2.23680,0.80730,0.02830,0,0,0,2396,5,0,1024,1024,0,1555,0
1434,3.38770,0.22310,2.32900,0.79690,0.03800,0,0,0,2396,5,0,1024,1024,0,1555,0
1435,3.14530,0.21090,2.18350,0.72640,0.02380,0,0,0,2396,5,0,1024,1024,0,1555,0
1436,3.19640,0.22140,2.20510,0.74770,0.02140,0,0,0,2396,5,0,1024,1024,0,1555,0
1437,3.19430,0.17810,2.23340,0.75460,0.02770,0,0,0,2396,5,0,1024,1024,0,1555,0
1438,3.38660,0.19160,2.43470,0.73440,0.02520,0,0,0,2396,5,0,1024,1024,0,1555,0
1439,3.22830,0.20060,2.25260,0.75340,0.02100,0,0,0,2396,5,0,1024,1024,0,1555,0
1440,3.15890,0.18560,2.20070,0.74590,0.02600,0,0,0,2396,5,0,1024,1024,0,1555,0
1441,6.62570,1.86170,3.61240,1.11870,0.03140,0,0,0,2396,5,0,1024,1024,0,1555,0
1442,4.91940,0.18380,3.93630,0.77940,0.01930,0,0,0,2396,5,0,1024,1024,0,1555,0
1443,4.25390,0.19120,3.14970,0.88680,0.02550,0,0,0,2396,5,0,1024,1024,0,1555,0
1444,4.29060,0.18710,3.30610,0.78050,0.01630,0,0,0,2396,5,0,1024,1024,0,1555,0
1445,3.98740,0.16860,3.04250,0.75980,0.01600,0,0,0,2396,5,0,1024,1024,0,1555,0
1446,4.04150,0.17180,3.09940,0.75380,0.01570,0,0,0,2396,5,0,1024,1024,0,1555,0
1447,4.00940,0.22090,2.97950,0.78780,0.02050,0,0,0,2396,5,0,1024,1024,0,1555,0
1448,4.01520,0.20460,3.00610,0.78460,0.01920,0,0,0,2396,5,0,1024,1024,0,1555,0
1449,3.98020,0.19750,2.98760,0.77630,0.01800,0,0,0,2396,5,0,1024,1024,0,1555,0
1450,4.05420,0.20540,2.95100,0.84290,0.05410,0,0,0,2396,5,0,1024,1024,0,1555,0
1451,3.62000,0.21500,2.60110,0.78030,0.02260,0,0,0,2396,5,0,1024,1024,0,1555,0
1452,3.53050,0.16930,2.58300,0.75580,0.02170,0,0,0,2396,5,0,1024,1024,0,1555,0
1453,3.82810,0.19290,2.86530,0.75180,0.01730,0,0,0,2396,5,0,1024,1024,0,1555,0
1454,3.68250,0.19010,2.73650,0.73420,0.02090,0,0,0,2396,5,0,1024,1024,0,1555,0
1455,3.49570,0.16080,2.53470,0.77900,0.02060,0,0,0,2396,5,0,1024,1024,0,1555,0
1456,5.13570,1.78270,2.55750,0.75940,0.03560,0,0,0,2396,5,0,1024,1024,0,1555,0
1457,3.69380,0.18150,2.75490,0.73700,0.01930,0,0,0,2396,5,0,1024,1024,0,1555,0
1458,3.85850,0.16990,2.91280,0.75460,0.02010,0,0,0,2396,5,0,1024,1024,0,1555,0
1459,3.63680,0.16380,2.65630,0.79080,0.02490,0,0,0,2396,5,0,1024,1024,0,1555,0
1460,3.71050,0.19980,2.67310,0.81210,0.02470,0,0,0,2396,5,0,1024,1024,0,1555,0
1461,3.30980,0.20320,2.36520,0.72160,0.01910,0,0,0,2396,5,0,1024,1024,0,1555,0
1462,4.49050,0.19150,3.47520,0.80010,0.02290,0,0,0,2396,5,0,1024,1024,0,1555,0
1463,3.71000,0.20980,2.68030,0.79290,0.02610,0,0,0,2396,5,0,1024,1024,0,1555,0
1464,3.76770,0.17360,2.79190,0.78080,0.02040,0,0,0,2396,5,0,1024,1024,0,1555,0
1465,3.47210,0.20130,2.47630,0.76520,0.02850,0,0,0,2396,5,0,1024,1024,0,1555,0
1466,4.59910,0.18750,3.54600,0.83050,0.03430,0,0,0,2396,5,0,1024,1024,0,1555,0
1467,3.89940,0.20050,2.92110,0.75270,0.02430,0,0,0,2396,5,0,1024,1024,0,1555,0
1468,4.50790,0.19960,3.31680,0.96830,0.02250,0,0,0,2396,5,0,1024,1024,0,1555,0
1469,4.47290,0.19840,3.49160,0.75830,0.02390,0,0,0,2396,5,0,1024,1024,0,1555,0
1470,3.22940,0.20290,2.27410,0.72380,0.02740,0,0,0,2396,5,0,1024,1024,0,1555,0
1471,5.09140,1.81190,2.37780,0.86980,0.03030,0,0,0,2396,5,0,1024,1024,0,1555,0
1472,3.27170,0.20540,2.28470,0.75460,0.02540,0,0,0,2396,5,0,1024,1024,0,1555,0
1473,3.37690,0.19300,2.35960,0.79830,0.02510,0,0,0,2396,5,0,1024,1024,0,1555,0
1474,3.21610,0.20460,2.24720,0.73760,0.02590,0,0,0,2396,5,0,1024,1024,0,1555,0
1475,3.40020,0.21020,2.42080,0.74300,0.02540,0,0,0,2396,5,0,1024,1024,0,1555,0
1476,3.34940,0.22860,2.35350,0.74450,0.02220,0,0,0,2396,5,0,1024,1024,0,1555,0
1477,3.22830,0.20280,2.26040,0.74090,0.02360,0,0,0,2396,5,0,1024,1024,0,1555,0
1478,3.29020,0.22520,2.28960,0.74790,0.02700,0,0,0,2396,5,0,1024,1024,0,1555,0
1479,3.32210,0.19370,2.29700,0.80110,0.02950,0,0,0,2396,5,0,1024,1024,0,1555,0
1480,3.35360,0.21360,2.36160,0.75440,0.02320,0,0,0,2396,5,0,1024,1024,0,1555,0
1481,3.30680,0.20870,2.31980,0.75150,0.02610,0,0,0,2396,5,0,1024,1024,0,1555,0
1482,3.29590,0.21420,2.29840,0.75410,0.02850,0,0,0,2396,5,0,1024,1024,0,1555,0
1483,3.28530,0.19050,2.31120,0.75550,0.02740,0,0,0,2396,5,0,1024,1024,0,1555,0
1484,3.35860,0.20670,2.36330,0.76410,0.02350,0,0,0,2396,5,0,1024,1024,0,1555,0
1485,3.15480,0.19880,2.15770,0.75770,0.04000,0,0,0,2396,5,0,1024,1024,0,1555,0
1486,4.85760,1.66460,2.29120,0.87130,0.02970,0,0,0,2396,5,0,1024,1024,0,1555,0
1487,3.31070,0.17940,2.35710,0.74780,0.02550,0,0,0,2396,5,0,1024,1024,0,1555,0
1488,3.18760,0.19120,2.24450,0.72290,0.02830,0,0,0,2396,5,0,1024,1024,0,1555,0
1489,3.40390,0.21210,2.33230,0.82670,0.03190,0,0,0,2396,5,0,1024,1024,0,1555,0
1490,3.29600,0.20370,2.31480,0.75280,0.02390,0,0,0,2396,5,0,1024,1024,0,1555,0
1491,3.18240,0.19180,2.21720,0.74480,0.02780,0,0,0,2396,5,0,1024,1024,0,1555,0
1492,3.33450,0.20690,2.33220,0.76810,0.02660,0,0,0,2396,5,0,1024,1024,0,1555,0
1493,3.31870,0.21430,2.23300,0.84220,0.02840,0,0,0,2396,5,0,1024,1024,0,1555,0
1494,3.38810,0.20600,2.26550,0.88470,0.03120,0,0,0,2396,5,0,1024,1024,0,1555,0
1495,3.37840,0.20360,2.27050,0.87370,0.02960,0,0,0,2396,5,0,1024,1024,0,1555,0
1496,3.27610,0.21470,2.27220,0.76310,0.02530,0,0,0,2396,5,0,1024,1024,0,1555,0
1497,3.28820,0.18610,2.29210,0.78720,0.02220,0,0,0,2396,5,0,1024,1024,0,1555,0
1498,3.17930,0.21650,2.20350,0.72840,0.03020,0,0,0,2396,5,0,1024,1024,0,1555,0
1499,3.47750,0.20070,2.49680,0.75600,0.02340,0,0,0,2396,5,0,1024,1024,0,1555,0
1500,3.21270,0.22120,2.24070,0.72510,0.02490,0,0,0,2396,5,0,1024,1024,0,1555,0
1501,7.53760,3.23790,3.43160,0.84300,0.02310,0,0,0,2396,5,0,1024,1024,0,1555,0
1502,4.90640,0.18400,3.77920,0.92000,0.02240,0,0,0,2396,5,0,1024,1024,0,1555,0
1503,4.83880,0.19680,3.72650,0.89790,0.01690,0,0,0,2396,5,0,1024,1024,0,1555,0
1504,4.71390,0.17790,3.72850,0.77820,0.02860,0,0,0,2396,5,0,1024,1024,0,1555,0
1505,4.73790,0.17360,3.74580,0.79510,0.02300,0,0,0,2396,5,0,1024,1024,0,1555,0
1506,4.63520,0.17940,3.64130,0.79010,0.02290,0,0,0,2396,5,0,1024,1024,0,1555,0
1507,3.75860,0.18500,2.78140,0.76580,0.02570,0,0,0,2396,5,0,1024,1024,0,1555,0
1508,4.00650,0.19110,3.02560,0.76970,0.01930,0,0,0,2396,5,0,1024,1024,0,1555,0
1509,3.92250,0.18610,2.92760,0.78820,0.01980,0,0,0,2396,5,0,1024,1024,0,1555,0
1510,4.00210,0.19360,3.00200,0.78710,0.01870,0,0,0,2396,5,0,1024,1024,0,1555,0
1511,3.93670,0.19500,2.94850,0.76980,0.02250,0,0,0,2396,5,0,1024,1024,0,1555,0
1512,4.60540,0.18140,3.63880,0.76560,0.01880,0,0,0,2396,5,0,1024,1024,0,1555,0
1513,3.86200,0.17890,2.77380,0.88730,0.02110,0,0,0,2396,5,0,1024,1024,0,1555,0
1514,3.72900,0.17100,2.77240,0.76310,0.02180,0,0,0,2396,5,0,1024,1024,0,1555,0
1515,3.54910,0.18730,2.60630,0.73260,0.02210,0,0,0,2396,5,0,1024,1024,0,1555,0
1516,6.03690,1.73130,3.49480,0.78690,0.02310,0,0,0,2396,5,0,1024,1024,0,1555,0
1517,4.70260,0.18100,3.63540,0.86630,0.01920,0,0,0,2396,5,0,1024,1024,0,1555,0
1518,4.09610,0.17180,3.10300,0.80150,0.01910,0,0,0,2396,5,0,1024,1024,0,1555,0
1519,3.55940,0.18830,2.60360,0.74380,0.02280,0,0,0,2396,5,0,1024,1024,0,1555,0
1520,3.93740,0.18690,2.82720,0.89740,0.02500,0,0,0,2396,5,0,1024,1024,0,1555,0
1521,3.59930,0.19030,2.65910,0.72890,0.02020,0,0,0,2396,5,0,1024,1024,0,1555,0
1522,3.63370,0.19270,2.69040,0.72770,0.02240,0,0,0,2396,5,0,1024,1024,0,1555,0
1523,3.56200,0.18090,2.58640,0.77230,0.02140,0,0,0,2396,5,0,1024,1024,0,1555,0
1524,5.00490,0.17700,3.99070,0.81360,0.02280,0,0,0,2396,5,0,1024,1024,0,1555,0
1525,3.53610,0.17820,2.54390,0.79070,0.02260,0,0,0,2396,5,0,1024,1024,0,1555,0
1526,3.53780,0.18710,2.53410,0.79710,0.01880,0,0,0,2396,5,0,1024,1024,0,1555,0
1527,3.44720,0.17380,2.52410,0.72800,0.02050,0,0,0,2396,5,0,1024,1024,0,1555,0
1528,3.47890,0.19320,2.55670,0.71130,0.01700,0,0,0,2396,5,0,1024,1024,0,1555,0
1529,3.50290,0.18000,2.56200,0.73620,0.02380,0,0,0,2396,5,0,1024,1024,0,1555,0
1530,3.63990,0.17590,2.58310,0.85620,0.02400,0,0,0,2396,5,0,1024,1024,0,1555,0
1531,5.24380,1.80010,2.59330,0.82250,0.02570,0,0,0,2396,5,0,1024,1024,0,1555,0
1532,3.47990,0.17980,2.55070,0.72650,0.02230,0,0,0,2396,5,0,1024,1024,0,1555,0
1533,3.55270,0.21260,2.57030,0.74790,0.02120,0,0,0,2396,5,0,1024,1024,0,1555,0
1534,3.57600,0.19580,2.60070,0.75360,0.02520,0,0,0,2396,5,0,1024,1024,0,1555,0
1535,3.56870,0.21320,2.59100,0.73490,0.02890,0,0,0,2396,5,0,1024,1024,0,1555,0
1536,3.60850,0.18840,2.62370,0.77580,0.01970,0,0,0,2396,5,0,1024,1024,0,1555,0
1537,3.49610,0.18430,2.53910,0.74930,0.02270,0,0,0,2396,5,0,1024,1024,0,1555,0
1538,3.54430,0.18180,2.52610,0.81250,0.02310,0,0,0,2396,5,0,1024,1024,0,1555,0
1539,3.42290,0.16840,2.49640,0.73080,0.02650,0,0,0,2396,5,0,1024,1024,0,1555,0
1540,3.47010,0.20080,2.50010,0.74300,0.02550,0,0,0,2396,5,0,1024,1024,0,1555,0
1541,3.48180,0.22850,2.47850,0.74930,0.02480,0,0,0,2396,5,0,1024,1024,0,1555,0
1542,3.50680,0.19690,2.54180,0.74080,0.02660,0,0,0,2396,5,0,1024,1024,0,1555,0
1543,3.39710,0.18310,2.46450,0.72660,0.02230,0,0,0,2396,5,0,1024,1024,0,1555,0
1544,3.47850,0.17430,2.55010,0.72690,0.02650,0,0,0,2396,5,0,1024,1024,0,1555,0
1545,3.40610,0.19200,2.46300,0.72720,0.02330,0,0,0,2396,5,0,1024,1024,0,1555,0
1546,5.15070,1.78520,2.61570,0.72500,0.02410,0,0,0,2396,5,0,1024,1024,0,1555,0
1547,3.44250,0.18090,2.45360,0.77160,0.03550,0,0,0,2396,5,0,1024,1024,0,1555,0
1548,3.41940,0.20580,2.42020,0.76760,0.02500,0,0,0,2396,5,0,1024,1024,0,1555,0
1549,3.35990,0.19860,2.40790,0.73150,0.02120,0,0,0,2396,5,0,1024,1024,0,1555,0
1550,3.34860,0.20470,2.32440,0.79320,0.02560,0,0,0,2396,5,0,1024,1024,0,1555,0
1551,3.44220,0.20930,2.40600,0.80520,0.02080,0,0,0,2396,5,0,1024,1024,0,1555,0
1552,3.35910,0.21210,2.37980,0.74000,0.02630,0,0,0,2396,5,0,1024,1024,0,1555,0
1553,3.35980,0.18640,2.37590,0.77530,0.02160,0,0,0,2396,5,0,1024,1024,0,1555,0
1554,3.40850,0.19010,2.39380,0.80090,0.02270,0,0,0,2396,5,0,1024,1024,0,1555,0
1555,3.31070,0.19330,2.34060,0.75280,0.02320,0,0,0,2396,5,0,1024,1024,0,1555,0
1556,3.28070,0.20940,2.28490,0.76070,0.02510,0,0,0,2396,5,0,1024,1024,0,1555,0
1557,3.31910,0.20120,2.34270,0.75270,0.02180,0,0,0,2396,5,0,1024,1024,0,1555,0
1558,3.33620,0.20010,2.35830,0.74970,0.02720,0,0,0,2396,5,0,1024,1024,0,1555,0
1559,3.34760,0.18550,2.36440,0.76550,0.03140,0,0,0,2396,5,0,1024,1024,0,1555,0
1560,3.25260,0.21430,2.30580,0.70760,0.02410,0,0,0,2396,5,0,1024,1024,0,1555,0
1561,6.52200,1.93730,3.70630,0.84520,0.03210,0,0,0,2396,5,0,1024,1024,0,1555,0
1562,5.21000,0.17560,4.02590,0.96850,0.03910,0,0,0,2396,5,0,1024,1024,0,1555,0
1563,4.55300,0.24660,3.44610,0.84060,0.01790,0,0,0,2396,5,0,1024,1024,0,1555,0
1564,4.50730,0.19170,3.50650,0.79070,0.01770,0,0,0,2396,5,0,1024,1024,0,1555,0
1565,4.53220,0.17380,3.42800,0.89820,0.03150,0,0,0,2396,5,0,1024,1024,0,1555,0
1566,4.02900,0.21110,2.98860,0.80650,0.02210,0,0,0,2396,5,0,1024,1024,0,1555,0
1567,4.41150,0.18470,3.39530,0.81380,0.01700,0,0,0,2396,5,0,1024,1024,0,1555,0
1568,4.51650,0.17040,3.42810,0.82360,0.09380,0,0,0,2396,5,0,1024,1024,0,1555,0
1569,4.27820,0.25240,3.06930,0.92220,0.03350,0,0,0,2396,5,0,1024,1024,0,1555,0
1570,4.09060,0.17110,3.07320,0.82130,0.02430,0,0,0,2396,5,0,1024,1024,0,1555,0
1571,3.93660,0.18720,2.93940,0.79070,0.01850,0,0,0,2396,5,0,1024,1024,0,1555,0
1572,3.77520,0.20720,2.77500,0.76880,0.02310,0,0,0,2396,5,0,1024,1024,0,1555,0
1573,3.91530,0.17940,2.78970,0.92220,0.02330,0,0,0,2396,5,0,1024,1024,0,1555,0
1574,3.87130,0.17610,2.90460,0.76890,0.02100,0,0,0,2396,5,0,1024,1024,0,1555,0
1575,4.30070,0.17640,3.28520,0.81910,0.01920,0,0,0,2396,5,0,1024,1024,0,1555,0
1576,5.28450,1.82800,2.71560,0.72100,0.01910,0,0,0,2396,5,0,1024,1024,0,1555,0
1577,3.87430,0.17750,2.86870,0.76150,0.06590,0,0,0,2396,5,0,1024,1024,0,1555,0
1578,3.52870,0.17790,2.59100,0.73420,0.02500,0,0,0,2396,5,0,1024,1024,0,1555,0
1579,3.47220,0.18900,2.52240,0.73910,0.02100,0,0,0,2396,5,0,1024,1024,0,1555,0
1580,3.58180,0.19900,2.62560,0.73870,0.01780,0,0,0,2396,5,0,1024,1024,0,1555,0
1581,3.68130,0.19720,2.66060,0.79590,0.02690,0,0,0,2396,5,0,1024,1024,0,1555,0
1582,3.57450,0.18050,2.56710,0.80710,0.01930,0,0,0,2396,5,0,1024,1024,0,1555,0
1583,3.46590,0.21460,2.48920,0.74130,0.02020,0,0,0,2396,5,0,1024,1024,0,1555,0
1584,3.45900,0.19290,2.53440,0.71130,0.01960,0,0,0,2396,5,0,1024,1024,0,1555,0
1585,3.53970,0.19530,2.55860,0.74330,0.04170,0,0,0,2396,5,0,1024,1024,0,1555,0
1586,3.58640,0.19960,2.61350,0.75330,0.01920,0,0,0,2396,5,0,1024,1024,0,1555,0
1587,3.52000,0.19580,2.51350,0.77950,0.03030,0,0,0,2396,5,0,1024,1024,0,1555,0
1588,3.51710,0.20180,2.55220,0.73990,0.02240,0,0,0,2396,5,0,1024,1024,0,1555,0
1589,3.40050,0.19070,2.44700,0.74140,0.02080,0,0,0,2396,5,0,1024,1024,0,1555,0
1590,3.44630,0.19080,2.49600,0.73910,0.01970,0,0,0,2396,5,0,1024,1024,0,1555,0
1591,5.21290,1.92020,2.51370,0.75280,0.02400,0,0,0,2396,5,0,1024,1024,0,1555,0
1592,3.42960,0.19700,2.40120,0.80350,0.02690,0,0,0,2396,5,0,1024,1024,0,1555,0
1593,3.33130,0.20240,2.33540,0.76440,0.02790,0,0,0,2396,5,0,1024,1024,0,1555,0
1594,3.22900,0.20590,2.25420,0.74200,0.02620,0,0,0,2396,5,0,1024,1024,0,1555,0
1595,3.46520,0.19820,2.50810,0.73400,0.02420,0,0,0,2396,5,0,1024,1024,0,1555,0
1596,3.34000,0.19270,2.39020,0.73080,0.02550,0,0,0,2396,5,0,1024,1024,0,1555,0
1597,3.40770,0.19630,2.45810,0.72530,0.02720,0,0,0,2396,5,0,1024,1024,0,1555,0
1598,3.35430,0.19830,2.37550,0.75280,0.02690,0,0,0,2396,5,0,1024,1024,0,1555,0
1599,3.35540,0.20570,2.28680,0.83290,0.02920,0,0,0,2396,5,0,1024,1024,0,1555,0
1600,3.32400,0.19570,2.36310,0.73720,0.02740,0,0,0,2396,5,0,1024,1024,0,1555,0
1601,3.27140,0.20190,2.24970,0.79140,0.02750,0,0,0,2396,5,0,1024,1024,0,1555,0
1602,3.37650,0.20360,2.33930,0.80660,0.02620,0,0,0,2396,5,0,1024,1024,0,1555,0
1603,3.39380,0.21500,2.38670,0.76410,0.02730,0,0,0,2396,5,0,1024,1024,0,1555,0
1604,3.34350,0.19900,2.23860,0.86780,0.03740,0,0,0,2396,5,0,1024,1024,0,1555,0
1605,3.35940,0.22090,2.35090,0.75940,0.02710,0,0,0,2396,5,0,1024,1024,0,1555,0
1606,4.93410,1.78660,2.35850,0.76070,0.02750,0,0,0,2396,5,0,1024,1024,0,1555,0
1607,3.32660,0.20940,2.34050,0.75130,0.02470,0,0,0,2396,5,0,1024,1024,0,1555,0
1608,3.40290,0.20950,2.41430,0.75110,0.02670,0,0,0,2396,5,0,1024,1024,0,1555,0
1609,3.52520,0.20770,2.51680,0.77250,0.02720,0,0,0,2396,5,0,1024,1024,0,1555,0
1610,3.24770,0.20070,2.28100,0.74010,0.02510,0,0,0,2396,5,0,1024,1024,0,1555,0
1611,3.40180,0.20170,2.38530,0.78190,0.03210,0,0,0,2396,5,0,1024,1024,0,1555,0
1612,3.18350,0.20620,2.21050,0.74140,0.02470,0,0,0,2396,5,0,1024,1024,0,1555,0
1613,3.44670,0.20460,2.42680,0.78460,0.03000,0,0,0,2396,5,0,1024,1024,0,1555,0
1614,3.23790,0.20620,2.29360,0.71080,0.02660,0,0,0,2396,5,0,1024,1024,0,1555,0
1615,3.20300,0.21790,2.21600,0.74190,0.02660,0,0,0,2396,5,0,1024,1024,0,1555,0
1616,3.29220,0.20730,2.30870,0.74100,0.03430,0,0,0,2396,5,0,1024,1024,0,1555,0
1617,3.18840,0.20750,2.25670,0.69590,0.02770,0,0,0,2396,5,0,1024,1024,0,1555,0
1618,3.19300,0.21630,2.17780,0.76990,0.02840,0,0,0,2396,5,0,1024,1024,0,1555,0
1619,3.25820,0.20030,2.29840,0.73320,0.02550,0,0,0,2396,5,0,1024,1024,0,1555,0
1620,3.27370,0.21090,2.28190,0.75330,0.02700,0,0,0,2396,5,0,1024,1024,0,1555,0
1621,6.63020,1.74120,3.89300,0.96000,0.03460,0,0,0,2396,5,0,1024,1024,0,1555,0
1622,5.29480,0.17900,3.74090,1.33450,0.03930,0,0,0,2396,5,0,1024,1024,0,1555,0
1623,4.47120,0.17960,3.48790,0.78300,0.01960,0,0,0,2396,5,0,1024,1024,0,1555,0
1624,4.46020,0.19150,3.48390,0.76410,0.01940,0,0,0,2396,5,0,1024,1024,0,1555,0
1625,4.53790,0.18110,3.38690,0.94260,0.02650,0,0,0,2396,5,0,1024,1024,0,1555,0
1626,4.18420,0.17970,3.12520,0.83450,0.04370,0,0,0,2396,5,0,1024,1024,0,1555,0
1627,4.63390,0.17940,3.48600,0.93940,0.02830,0,0,0,2396,5,0,1024,1024,0,1555,0
1628,4.10370,0.19030,3.12170,0.77060,0.02040,0,0,0,2396,5,0,1024,1024,0,1555,0
1629,4.93980,0.18530,3.51650,1.20020,0.03680,0,0,0,2396,5,0,1024,1024,0,1555,0
1630,3.90010,0.18050,2.92920,0.76520,0.02430,0,0,0,2396,5,0,1024,1024,0,1555,0
1631,3.84950,0.17740,2.86540,0.78220,0.02340,0,0,0,2396,5,0,1024,1024,0,1555,0
1632,3.71570,0.17510,2.70730,0.81080,0.02150,0,0,0,2396,5,0,1024,1024,0,1555,0
1633,3.59370,0.18190,2.60960,0.77550,0.02600,0,0,0,2396,5,0,1024,1024,0,1555,0
1634,5.09410,0.16930,4.13390,0.76560,0.02450,0,0,0,2396,5,0,1024,1024,0,1555,0
1635,5.14950,0.19200,4.17120,0.76220,0.02330,0,0,0,2396,5,0,1024,1024,0,1555,0
1636,6.62340,1.70720,4.13520,0.75440,0.02580,0,0,0,2396,5,0,1024,1024,0,1555,0
1637,5.24050,0.17400,4.23160,0.81150,0.02260,0,0,0,2396,5,0,1024,1024,0,1555,0
1638,3.59460,0.17060,2.63350,0.76680,0.02300,0,0,0,2396,5,0,1024,1024,0,1555,0
1639,3.67650,0.21250,2.51520,0.91940,0.02840,0,0,0,2396,5,0,1024,1024,0,1555,0
1640,3.60250,0.17770,2.61150,0.79160,0.02100,0,0,0,2396,5,0,1024,1024,0,1555,0
1641,4.47650,0.19410,3.44230,0.81400,0.02530,0,0,0,2396,5,0,1024,1024,0,1555,0
1642,3.69580,0.20350,2.63620,0.83400,0.02140,0,0,0,2396,5,0,1024,1024,0,1555,0
1643,3.78040,0.21080,2.70910,0.82970,0.03010,0,0,0,2396,5,0,1024,1024,0,1555,0
1644,3.47290,0.19610,2.45600,0.79790,0.02230,0,0,0,2396,5,0,1024,1024,0,1555,0
1645,3.55660,0.17850,2.51700,0.83360,0.02680,0,0,0,2396,5,0,1024,1024,0,1555,0
1646,3.30370,0.18530,2.26850,0.82770,0.02150,0,0,0,2396,5,0,1024,1024,0,1555,0
1647,3.28370,0.19710,2.28910,0.77490,0.02210,0,0,0,2396,5,0,1024,1024,0,1555,0
1648,3.78360,0.18660,2.80580,0.76270,0.02780,0,0,0,2396,5,0,1024,1024,0,1555,0
1649,4.21000,0.18470,3.25310,0.74950,0.02190,0,0,0,2396,5,0,1024,1024,0,1555,0
1650,3.44790,0.21450,2.34380,0.86380,0.02510,0,0,0,2396,5,0,1024,1024,0,1555,0
1651,4.74020,1.67670,2.27680,0.75690,0.02790,0,0,0,2396,5,0,1024,1024,0,1555,0
1652,3.60740,0.19440,2.61460,0.77320,0.02450,0,0,0,2396,5,0,1024,1024,0,1555,0
1653,3.32390,0.19760,2.35300,0.74600,0.02670,0,0,0,2396,5,0,1024,1024,0,1555,0
1654,3.47840,0.19770,2.38940,0.86290,0.02770,0,0,0,2396,5,0,1024,1024,0,1555,0
1655,3.24300,0.19360,2.26990,0.74960,0.02910,0,0,0,2396,5,0,1024,1024,0,1555,0
1656,3.34410,0.20250,2.28840,0.82920,0.02330,0,0,0,2396,5,0,1024,1024,0,1555,0
1657,3.31180,0.20940,2.32960,0.74550,0.02640,0,0,0,2396,5,0,1024,1024,0,1555,0
1658,3.32500,0.20400,2.22110,0.86990,0.02920,0,0,0,2396,5,0,1024,1024,0,1555,0
1659,3.34070,0.20480,2.36410,0.74810,0.02260,0,0,0,2396,5,0,1024,1024,0,1555,0
1660,3.38800,0.20490,2.38000,0.77830,0.02410,0,0,0,2396,5,0,1024,1024,0,1555,0
1661,3.31490,0.21500,2.25220,0.81980,0.02700,0,0,0,2396,5,0,1024,1024,0,1555,0
1662,3.29680,0.20540,2.29830,0.76390,0.02850,0,0,0,2396,5,0,1024,1024,0,1555,0
1663,3.36050,0.19480,2.38920,0.74930,0.02630,0,0,0,2396,5,0,1024,1024,0,1555,0
1664,3.48180,0.21260,2.50830,0.73220,0.02780,0,0,0,2396,5,0,1024,1024,0,1555,0
1665,3.47570,0.20650,2.44930,0.79140,0.02760,0,0,0,2396,5,0,1024,1024,0,1555,0
1666,4.96860,1.75040,2.40910,0.78230,0.02610,0,0,0,2396,5,0,1024,1024,0,1555,0
1667,3.20240,0.20440,2.17840,0.79400,0.02480,0,0,0,2396,5,0,1024,1024,0,1555,0
1668,3.30570,0.20210,2.30010,0.77300,0.02960,0,0,0,2396,5,0,1024,1024,0,1555,0
1669,3.25410,0.21020,2.26560,0.74960,0.02810,0,0,0,2396,5,0,1024,1024,0,1555,0
1670,3.24240,0.21040,2.26440,0.74150,0.02540,0,0,0,2396,5,0,1024,1024,0,1555,0
1671,3.35220,0.21170,2.29790,0.81600,0.02580,0,0,0,2396,5,0,1024,1024,0,1555,0
1672,3.23990,0.21520,2.27380,0.72250,0.02770,0,0,0,2396,5,0,1024,1024,0,1555,0
1673,3.13710,0.19770,2.19860,0.71330,0.02680,0,0,0,2396,5,0,1024,1024,0,1555,0
1674,3.38820,0.21150,2.36150,0.78900,0.02560,0,0,0,2396,5,0,1024,1024,0,1555,0
1675,3.26710,0.20790,2.25780,0.77320,0.02750,0,0,0,2396,5,0,1024,1024,0,1555,0
1676,3.18250,0.21270,2.15890,0.78230,0.02790,0,0,0,2396,5,0,1024,1024,0,1555,0
1677,3.20560,0.20640,2.23020,0.74570,0.02270,0,0,0,2396,5,0,1024,1024,0,1555,0
1678,3.11150,0.19690,2.17390,0.71230,0.02760,0,0,0,2396,5,0,1024,1024,0,1555,0
1679,3.43030,0.21160,2.38200,0.80860,0.02750,0,0,0,2396,5,0,1024,1024,0,1555,0
1680,3.23400,0.19810,2.22860,0.78120,0.02530,0,0,0,2396,5,0,1024,1024,0,1555,0
1681,6.35600,1.98970,3.54880,0.78860,0.02770,0,0,0,2396,5,0,1024,1024,0,1555,0
1682,4.45760,0.18470,3.36720,0.87820,0.02670,0,0,0,2396,5,0,1024,1024,0,1555,0
1683,4.77900,0.16300,3.76380,0.82540,0.02610,0,0,0,2396,5,0,1024,1024,0,1555,0
1684,4.63680,0.16000,3.64100,0.81680,0.01820,0,0,0,2396,5,0,1024,1024,0,1555,0
1685,4.46460,0.17710,3.45580,0.81260,0.01820,0,0,0,2396,5,0,1024,1024,0,1555,0
1686,4.20380,0.19530,3.20510,0.78450,0.01810,0,0,0,2396,5,0,1024,1024,0,1555,0
1687,4.49930,0.18320,3.40030,0.81140,0.10380,0,0,0,2396,5,0,1024,1024,0,1555,0
1688,4.12570,0.27990,3.00490,0.80230,0.03540,0,0,0,2396,5,0,1024,1024,0,1555,0
1689,4.48640,0.18590,3.14150,1.12860,0.02960,0,0,0,2396,5,0,1024,1024,0,1555,0
1690,5.02850,0.17850,3.52950,1.29290,0.02660,0,0,0,2396,5,0,1024,1024,0,1555,0
1691,4.12220,0.18720,3.10450,0.80690,0.02280,0,0,0,2396,5,0,1024,1024,0,1555,0
1692,3.60360,0.18340,2.64680,0.75190,0.02080,0,0,0,2396,5,0,1024,1024,0,1555,0
1693,3.61000,0.17980,2.60490,0.80220,0.02240,0,0,0,2396,5,0,1024,1024,0,1555,0
1694,3.51490,0.20720,2.55590,0.73090,0.02020,0,0,0,2396,5,0,1024,1024,0,1555,0
1695,3.47390,0.19240,2.51300,0.74360,0.02420,0,0,0,2396,5,0,1024,1024,0,1555,0
1696,5.36100,1.84880,2.68790,0.80530,0.01830,0,0,0,2396,5,0,1024,1024,0,1555,0
1697,3.56850,0.19050,2.55930,0.79670,0.02120,0,0,0,2396,5,0,1024,1024,0,1555,0
1698,3.50670,0.17590,2.56520,0.74660,0.01840,0,0,0,2396,5,0,1024,1024,0,1555,0
1699,3.46450,0.18050,2.53150,0.73040,0.02140,0,0,0,2396,5,0,1024,1024,0,1555,0
1700,3.49190,0.17660,2.53450,0.76130,0.01890,0,0,0,2396,5,0,1024,1024,0,1555,0
1701,3.54790,0.19450,2.50580,0.82820,0.01880,0,0,0,2396,5,0,1024,1024,0,1555,0
1702,3.49820,0.19930,2.56180,0.71760,0.01900,0,0,0,2396,5,0,1024,1024,0,1555,0
1703,5.01120,0.16870,3.98490,0.83780,0.01900,0,0,0,2396,5,0,1024,1024,0,1555,0
1704,3.44120,0.17310,2.53810,0.70960,0.01980,0,0,0,2396,5,0,1024,1024,0,1555,0
1705,3.60850,0.20370,2.64680,0.73750,0.01990,0,0,0,2396,5,0,1024,1024,0,1555,0
1706,3.59870,0.22050,2.57750,0.77760,0.02230,0,0,0,2396,5,0,1024,1024,0,1555,0
1707,3.49330,0.20060,2.53220,0.74070,0.01890,0,0,0,2396,5,0,1024,1024,0,1555,0
1708,3.42810,0.17590,2.50760,0.72540,0.01840,0,0,0,2396,5,0,1024,1024,0,1555,0
1709,4.91760,0.18370,3.95510,0.75650,0.02150,0,0,0,2396,5,0,1024,1024,0,1555,0
1710,3.70910,0.21700,2.69640,0.76660,0.02770,0,0,0,2396,5,0,1024,1024,0,1555,0
1711,5.01520,1.84050,2.42570,0.72430,0.02270,0,0,0,2396,5,0,1024,1024,0,1555,0
1712,3.43670,0.20770,2.45810,0.74440,0.02580,0,0,0,2396,5,0,1024,1024,0,1555,0
1713,3.54320,0.20490,2.36690,0.94660,0.02410,0,0,0,2396,5,0,1024,1024,0,1555,0
1714,3.48010,0.21160,2.50530,0.73510,0.02740,0,0,0,2396,5,0,1024,1024,0,1555,0
1715,3.33280,0.18290,2.39480,0.72780,0.02550,0,0,0,2396,5,0,1024,1024,0,1555,0
1716,3.49000,0.19110,2.41380,0.84210,0.04230,0,0,0,2396,5,0,1024,1024,0,1555,0
1717,3.47970,0.22930,2.45820,0.76500,0.02540,0,0,0,2396,5,0,1024,1024,0,1555,0
1718,3.47950,0.19610,2.45430,0.79570,0.03250,0,0,0,2396,5,0,1024,1024,0,1555,0
1719,3.35600,0.21090,2.38440,0.73420,0.02590,0,0,0,2396,5,0,1024,1024,0,1555,0
1720,3.51650,0.19090,2.45970,0.83260,0.03250,0,0,0,2396,5,0,1024,1024,0,1555,0
1721,3.38760,0.20660,2.34520,0.80500,0.03000,0,0,0,2396,5,0,1024,1024,0,1555,0
1722,3.33210,0.20270,2.28230,0.81490,0.03140,0,0,0,2396,5,0,1024,1024,0,1555,0
1723,3.33600,0.19510,2.35680,0.75390,0.02940,0,0,0,2396,5,0,1024,1024,0,1555,0
1724,3.24400,0.19830,2.25610,0.76200,0.02650,0,0,0,2396,5,0,1024,1024,0,1555,0
1725,3.44140,0.21670,2.37240,0.82120,0.03010,0,0,0,2396,5,0,1024,1024,0,1555,0
1726,5.28450,1.86370,2.42770,0.95930,0.03300,0,0,0,2396,5,0,1024,1024,0,1555,0
1727,3.21170,0.21810,2.21310,0.74680,0.03290,0,0,0,2396,5,0,1024,1024,0,1555,0
1728,3.50010,0.21550,2.38450,0.86720,0.03210,0,0,0,2396,5,0,1024,1024,0,1555,0
1729,3.46820,0.22040,2.43910,0.77820,0.02970,0,0,0,2396,5,0,1024,1024,0,1555,0
1730,3.33330,0.18320,2.34720,0.78020,0.02200,0,0,0,2396,5,0,1024,1024,0,1555,0
1731,3.38440,0.19350,2.37930,0.77760,0.03330,0,0,0,2396,5,0,1024,1024,0,1555,0
1732,3.39470,0.20060,2.41380,0.75230,0.02740,0,0,0,2396,5,0,1024,1024,0,1555,0
1733,3.25130,0.21500,2.25980,0.75010,0.02560,0,0,0,2396,5,0,1024,1024,0,1555,0
1734,3.34160,0.20380,2.37150,0.74060,0.02510,0,0,0,2396,5,0,1024,1024,0,1555,0
1735,3.27770,0.22240,2.27530,0.75260,0.02660,0,0,0,2396,5,0,1024,1024,0,1555,0
1736,3.17880,0.18320,2.27990,0.69430,0.02070,0,0,0,2396,5,0,1024,1024,0,1555,0
1737,3.39160,0.20260,2.40750,0.75860,0.02220,0,0,0,2396,5,0,1024,1024,0,1555,0
1738,3.36530,0.21310,2.35770,0.76930,0.02440,0,0,0,2396,5,0,1024,1024,0,1555,0
1739,3.25380,0.18750,2.30780,0.73480,0.02290,0,0,0,2396,5,0,1024,1024,0,1555,0
1740,3.32710,0.20000,2.29830,0.80450,0.02350,0,0,0,2396,5,0,1024,1024,0,1555,0
1741,5.23160,2.08080,2.37350,0.75070,0.02430,0,0,0,2396,5,0,1024,1024,0,1555,0
1742,3.53800,0.21110,2.41870,0.88020,0.02700,0,0,0,2396,5,0,1024,1024,0,1555,0
1743,3.46680,0.20920,2.46410,0.76310,0.02960,0,0,0,2396,5,0,1024,1024,0,1555,0
1744,3.27200,0.20730,2.29090,0.74550,0.02730,0,0,0,2396,5,0,1024,1024,0,1555,0
1745,3.35060,0.20000,2.38250,0.74110,0.02630,0,0,0,2396,5,0,1024,1024,0,1555,0
1746,3.25360,0.19490,2.29680,0.73380,0.02730,0,0,0,2396,5,0,1024,1024,0,1555,0
1747,3.36380,0.19070,2.40090,0.74340,0.02820,0,0,0,2396,5,0,1024,1024,0,1555,0
1748,3.37480,0.20120,2.41790,0.73120,0.02370,0,0,0,2396,5,0,1024,1024,0,1555,0
1749,3.42340,0.20320,2.37340,0.81200,0.03380,0,0,0,2396,5,0,1024,1024,0,1555,0
1750,3.24370,0.18690,2.28700,0.74250,0.02670,0,0,0,2396,5,0,1024,1024,0,1555,0
1751,3.30140,0.20170,2.34330,0.72930,0.02640,0,0,0,2396,5,0,1024,1024,0,1555,0
1752,3.38360,0.18970,2.40940,0.75780,0.02580,0,0,0,2396,5,0,1024,1024,0,1555,0
1753,3.41870,0.20610,2.44160,0.74620,0.02400,0,0,0,2396,5,0,1024,1024,0,1555,0
1754,3.23460,0.19430,2.26850,0.72790,0.04320,0,0,0,2396,5,0,1024,1024,0,1555,0
1755,3.34040,0.19920,2.30930,0.78780,0.04340,0,0,0,2396,5,0,1024,1024,0,1555,0
1756,5.28540,2.07100,2.37690,0.80880,0.02750,0,0,0,2396,5,0,1024,1024,0,1555,0
1757,3.24350,0.20140,2.30860,0.70690,0.02580,0,0,0,2396,5,0,1024,1024,0,1555,0
1758,3.29900,0.19800,2.27060,0.80450,0.02510,0,0,0,2396,5,0,1024,1024,0,1555,0
1759,3.30560,0.20630,2.28940,0.77930,0.02900,0,0,0,2396,5,0,1024,1024,0,1555,0
1760,3.40160,0.18520,2.31960,0.87040,0.02580,0,0,0,2396,5,0,1024,1024,0,1555,0
1761,3.19530,0.20270,2.25550,0.71100,0.02560,0,0,0,2396,5,0,1024,1024,0,1555,0
1762,3.23980,0.20710,2.26520,0.73630,0.03050,0,0,0,2396,5,0,1024,1024,0,1555,0
1763,3.18040,0.19430,2.23420,0.72970,0.02170,0,0,0,2396,5,0,1024,1024,0,1555,0
1764,3.28180,0.22030,2.29040,0.74760,0.02280,0,0,0,2396,5,0,1024,1024,0,1555,0
1765,3.22410,0.19320,2.27250,0.73430,0.02340,0,0,0,2396,5,0,1024,1024,0,1555,0
1766,3.21810,0.20210,2.26380,0.72950,0.02210,0,0,0,2396,5,0,1024,1024,0,1555,0
1767,3.18830,0.20330,2.22610,0.72950,0.02880,0,0,0,2396,5,0,1024,1024,0,1555,0
1768,3.21190,0.19840,2.26990,0.72120,0.02170,0,0,0,2396,5,0,1024,1024,0,1555,0
1769,3.21790,0.21400,2.24800,0.73450,0.02080,0,0,0,2396,5,0,1024,1024,0,1555,0
1770,3.56570,0.19810,2.53630,0.80760,0.02310,0,0,0,2396,5,0,1024,1024,0,1555,0
1771,6.43480,1.95670,3.51500,0.92930,0.03200,0,0,0,2396,5,0,1024,1024,0,1555,0
1772,6.79390,0.19670,4.57960,1.91120,0.10430,0,0,0,2396,5,0,1024,1024,0,1555,0
1773,4.10660,0.18650,3.05570,0.80660,0.05680,0,0,0,2396,5,0,1024,1024,0,1555,0
1774,3.63310,0.20950,2.59120,0.79690,0.03420,0,0,0,2396,5,0,1024,1024,0,1555,0
1775,3.49600,0.17860,2.52910,0.75610,0.03140,0,0,0,2396,5,0,1024,1024,0,1555,0
1776,3.47270,0.18710,2.51260,0.74370,0.02870,0,0,0,2396,5,0,1024,1024,0,1555,0
1777,3.66950,0.17730,2.73230,0.73770,0.02140,0,0,0,2396,5,0,1024,1024,0,1555,0
1778,3.48820,0.21280,2.51080,0.73890,0.02500,0,0,0,2396,5,0,1024,1024,0,1555,0
1779,3.50360,0.16940,2.58000,0.72930,0.02420,0,0,0,2396,5,0,1024,1024,0,1555,0
1780,4.14480,0.16220,3.21370,0.74600,0.02210,0,0,0,2396,5,0,1024,1024,0,1555,0
1781,3.45210,0.19190,2.49360,0.73910,0.02670,0,0,0,2396,5,0,1024,1024,0,1555,0
1782,3.62550,0.18200,2.49570,0.91540,0.03160,0,0,0,2396,5,0,1024,1024,0,1555,0
1783,3.43850,0.17290,2.49260,0.74730,0.02500,0,0,0,2396,5,0,1024,1024,0,1555,0
1784,3.45810,0.17870,2.51840,0.73780,0.02260,0,0,0,2396,5,0,1024,1024,0,1555,0
1785,3.57240,0.18010,2.47990,0.87790,0.03360,0,0,0,2396,5,0,1024,1024,0,1555,0
1786,5.07520,1.74760,2.56260,0.73610,0.02820,0,0,0,2396,5,0,1024,1024,0,1555,0
1787,3.53530,0.20060,2.36300,0.93750,0.03340,0,0,0,2396,5,0,1024,1024,0,1555,0
1788,3.49070,0.19160,2.52160,0.75100,0.02570,0,0,0,2396,5,0,1024,1024,0,1555,0
1789,3.42480,0.20410,2.42950,0.76360,0.02700,0,0,0,2396,5,0,1024,1024,0,1555,0
1790,3.44330,0.20280,2.40210,0.79540,0.04220,0,0,0,2396,5,0,1024,1024,0,1555,0
1791,3.40370,0.20830,2.40730,0.75980,0.02750,0,0,0,2396,5,0,1024,1024,0,1555,0
1792,3.33370,0.19650,2.37340,0.74010,0.02290,0,0,0,2396,5,0,1024,1024,0,1555,0
1793,3.27870,0.20190,2.32480,0.72930,0.02190,0,0,0,2396,5,0,1024,1024,0,1555,0
1794,3.34550,0.21650,2.36200,0.73960,0.02650,0,0,0,2396,5,0,1024,1024,0,1555,0
1795,3.32820,0.21090,2.32300,0.76550,0.02800,0,0,0,2396,5,0,1024,1024,0,1555,0
1796,3.30370,0.19890,2.36410,0.71910,0.02060,0,0,0,2396,5,0,1024,1024,0,1555,0
1797,3.22810,0.19050,2.29970,0.71580,0.02140,0,0,0,2396,5,0,1024,1024,0,1555,0
1798,3.23830,0.21090,2.27820,0.72290,0.02570,0,0,0,2396,5,0,1024,1024,0,1555,0
1799,3.28640,0.19120,2.25820,0.81240,0.02390,0,0,0,2396,5,0,1024,1024,0,1555,0
1800,3.30840,0.20530,2.32400,0.75520,0.02320,0,0,0,2396,5,0,1024,1024,0,1555,0
