frame,tick,dropped_ticks,frame_ms,pack_ms,upload_ms,submit_ms,upload_bytes,latest_gpu_ms,gpu_timing_timestamp,simulation_cpu_ms
301,150,0,4.77500,0.00000,0.00000,0.02130,0,-1.00000,665937876684,0.00000
302,151,0,0.89460,3.47690,0.44980,0.04960,3840000,-1.00000,665937881417,0.00000
303,151,0,4.69930,0.00000,0.00000,0.02220,0,-1.00000,665937924428,0.00000
304,152,0,0.51590,3.43630,0.18820,0.02280,3840000,-1.00000,665937928986,0.00000
305,152,0,4.81160,0.00000,0.00000,0.01890,0,-1.00000,665937976748,0.00000
306,153,0,24.99629,3.42950,0.22510,0.04330,3840000,-1.00000,665937985674,0.00000
307,153,0,4.47980,0.00000,0.00000,0.02030,0,-1.00000,665938032696,0.00000
308,154,0,0.46960,3.42410,0.19520,0.02350,3840000,-1.00000,665938037835,0.00000
309,154,0,4.19720,0.00000,0.00000,0.01810,0,-1.00000,665938085954,0.00000
310,155,0,0.37440,3.35860,0.15150,0.02380,3840000,-1.00000,665938335952,0.00000
311,155,0,4.18470,0.00000,0.00000,0.01910,0,-1.00000,665938380721,0.00000
312,156,0,0.45990,3.39530,0.14360,0.02390,3840000,-1.00000,665938385403,0.00000
313,156,0,4.17600,0.00000,0.00000,0.02280,0,-1.00000,665938427386,0.00000
314,157,0,0.42720,3.38850,0.17870,0.02040,3840000,-1.00000,665938431124,0.00000
315,157,0,4.19799,0.00000,0.00000,0.01700,0,-1.00000,665938472977,0.00000
316,158,0,0.40250,3.37430,0.18530,0.02500,3840000,-1.00000,665938477564,0.00000
317,158,0,4.11670,0.00000,0.00000,0.01850,0,-1.00000,665938519337,0.00000
318,159,0,0.46160,3.53440,0.20290,0.03070,3840000,-1.00000,665938523602,0.00000
319,159,0,4.49160,0.00000,0.00000,0.02510,0,-1.00000,665938565581,0.00000
320,160,0,0.56850,3.56530,0.35240,0.06020,3840000,-1.00000,665938569605,0.00000
321,160,0,7.09110,0.00000,0.00000,0.02160,0,-1.00000,665938610778,0.00000
322,161,0,8.98240,3.34240,0.23430,0.03180,3840000,-1.00000,665938615383,0.00000
323,161,0,4.32040,0.00000,0.00000,0.01810,0,-1.00000,665938660317,0.00000
324,162,0,0.46100,3.33680,0.22040,0.02600,3840000,-1.00000,665938665989,0.00000
325,162,0,4.21589,0.00000,0.00000,0.01890,0,-1.00000,665938736942,0.00000
326,163,0,0.46790,3.20660,0.23010,0.02560,3840000,-1.00000,665938826735,0.00000
327,163,0,4.15270,0.00000,0.00000,0.01970,0,-1.00000,665938869939,0.00000
328,164,0,0.61261,3.49540,0.28880,0.05220,3840000,-1.00000,665938874534,0.00000
329,164,0,4.66830,0.00000,0.00000,0.02260,0,-1.00000,665938916704,0.00000
330,165,0,0.47770,3.45510,0.32730,0.02580,3840000,-1.00000,665938921373,0.00000
331,165,0,4.39180,0.00000,0.00000,0.01940,0,-1.00000,665938962910,0.00000
332,166,0,0.42730,3.52730,0.17520,0.02200,3840000,-1.00000,665938969035,0.00000
333,166,0,4.32171,0.00000,0.00000,0.01710,0,-1.00000,665939015741,0.00000
334,167,0,0.38570,3.40770,0.18040,0.02250,3840000,-1.00000,665939020488,0.00000
335,167,0,4.18680,0.00000,0.00000,0.01720,0,-1.00000,665939064408,0.00000
336,168,0,0.37670,3.28680,0.17940,0.02120,3840000,-1.00000,665939068677,0.00000
337,168,0,4.05500,0.00000,0.00000,0.01640,0,-1.00000,665939111899,0.00000
338,169,0,0.40670,3.32320,0.15340,0.02190,3840000,-1.00000,665939115782,0.00000
339,169,0,4.10940,0.00000,0.00000,0.01680,0,-1.00000,665939157619,0.00000
340,170,0,0.39930,3.37230,0.18210,0.02360,3840000,-1.00000,665939161382,0.00000
341,170,0,4.13630,0.00000,0.00000,0.01630,0,-1.00000,665939201935,0.00000
342,171,0,0.39690,3.34030,0.15460,0.02100,3840000,-1.00000,665939205999,0.00000
343,171,0,4.24440,0.00000,0.00000,0.03110,0,-1.00000,665939247098,0.00000
344,172,0,4.52200,3.23620,0.20860,0.03480,3840000,-1.00000,665939251087,0.00000
345,172,0,4.19330,0.00000,0.00000,0.02450,0,-1.00000,665939292502,0.00000
346,173,0,2.12810,3.16060,0.17120,0.02510,3840000,-1.00000,665939296418,0.00000
347,173,0,4.46700,0.00000,0.00000,0.03160,0,-1.00000,665939338880,0.00000
348,174,0,1.41960,3.13460,0.17410,0.02170,3840000,-1.00000,665939384098,0.00000
349,174,0,3.97670,0.00000,0.00000,0.01530,0,-1.00000,665939426035,0.00000
350,175,0,2.30110,3.60730,0.19540,0.03170,3840000,-1.00000,665939447302,0.00000
351,175,0,4.56460,0.00000,0.00000,0.01900,0,-1.00000,665939492116,0.00000
352,176,0,1.64230,3.42510,0.22210,0.03840,3840000,-1.00000,665939506164,0.00000
353,176,0,4.45190,0.00000,0.00000,0.01700,0,-1.00000,665939545932,0.00000
354,177,0,0.45800,3.29400,0.17560,0.02140,3840000,-1.00000,665939568943,0.00000
355,177,0,4.03940,0.00000,0.00000,0.01830,0,-1.00000,665939614605,0.00000
356,178,0,0.38490,3.41490,0.15910,0.02170,3840000,-1.00000,665939631019,0.00000
357,178,0,4.15740,0.00000,0.00000,0.01670,0,-1.00000,665939675555,0.00000
358,179,0,0.36310,3.37680,0.16310,0.01910,3840000,-1.00000,665939680112,0.00000
359,179,0,4.61560,0.00000,0.00000,0.02180,0,-1.00000,665939720507,0.00000
360,180,0,0.40170,3.37490,0.23960,0.02080,3840000,-1.00000,665939724352,0.00000
361,180,0,4.11910,0.00000,0.00000,0.01840,0,-1.00000,665939765929,0.00000
362,181,0,0.33940,3.46970,0.13000,0.02220,3840000,-1.00000,665939769556,0.00000
363,181,0,4.10651,0.00000,0.00000,0.01770,0,-1.00000,665939815725,0.00000
364,182,0,0.30689,3.30100,0.13030,0.01840,3840000,-1.00000,665939819733,0.00000
365,182,0,3.97890,0.00000,0.00000,0.01650,0,-1.00000,665939860927,0.00000
366,183,0,0.30860,3.35930,0.14320,0.02100,3840000,-1.00000,665939864316,0.00000
367,183,0,4.07270,0.00000,0.00000,0.01770,0,-1.00000,665939905388,0.00000
368,184,0,0.40810,3.35470,0.18710,0.03320,3840000,-1.00000,665939908446,0.00000
369,184,0,4.19970,0.00000,0.00000,0.01830,0,-1.00000,665939948245,0.00000
370,185,0,0.34340,3.31970,0.16550,0.02310,3840000,-1.00000,665939951327,0.00000
371,185,0,4.01070,0.00000,0.00000,0.01840,0,-1.00000,665939992055,0.00000
372,186,0,0.30700,3.31080,0.15740,0.02310,3840000,-1.00000,665939996137,0.00000
373,186,0,4.32980,0.00000,0.00000,0.01880,0,-1.00000,665940038146,0.00000
374,187,0,0.31760,3.34660,0.14050,0.02020,3840000,-1.00000,665940041569,0.00000
375,187,0,4.03160,0.00000,0.00000,0.01680,0,-1.00000,665940081680,0.00000
376,188,0,0.32300,3.33880,0.17740,0.02070,3840000,-1.00000,665940084746,0.00000
377,188,0,4.04060,0.00000,0.00000,0.01580,0,-1.00000,665940128050,0.00000
378,189,0,0.34070,3.28890,0.12920,0.01880,3840000,-1.00000,665940131215,0.00000
379,189,0,4.27450,0.00000,0.00000,0.01740,0,-1.00000,665940171534,0.00000
380,190,0,0.33500,3.31770,0.16390,0.02270,3840000,-1.00000,665940174760,0.00000
381,190,0,4.67830,0.00000,0.00000,0.02200,0,-1.00000,665940215223,0.00000
382,191,0,0.37229,3.23480,0.19190,0.02750,3840000,-1.00000,665940218580,0.00000
383,191,0,4.10210,0.00000,0.00000,0.02560,0,-1.00000,665940261329,0.00000
384,192,0,0.48820,3.28090,0.18560,0.02740,3840000,-1.00000,665940264667,0.00000
385,192,0,4.23610,0.00000,0.00000,0.02150,0,-1.00000,665940311477,0.00000
386,193,0,0.57370,3.20770,0.14980,0.02200,3840000,-1.00000,665940315174,0.00000
387,193,0,3.90460,0.00000,0.00000,0.01790,0,-1.00000,665940356212,0.00000
388,194,0,0.35200,3.32950,0.13640,0.01920,3840000,-1.00000,665940361078,0.00000
389,194,0,23.03490,0.00000,0.00000,0.03340,0,-1.00000,665940403460,0.00000
390,195,0,0.58230,3.34430,0.20550,0.02750,3840000,-1.00000,665940409176,0.00000
391,195,0,4.17540,0.00000,0.00000,0.02500,0,-1.00000,665940448226,0.00000
392,196,0,0.39830,3.20590,0.16050,0.02130,3840000,-1.00000,665940451742,0.00000
393,196,0,3.86830,0.00000,0.00000,0.01730,0,-1.00000,665940682141,0.00000
394,197,0,0.35390,3.29080,0.16060,0.02120,3840000,-1.00000,665940687928,0.00000
395,197,0,4.00360,0.00000,0.00000,0.02120,0,-1.00000,665940729689,0.00000
396,198,0,0.39619,3.27590,0.18510,0.02870,3840000,-1.00000,665940733652,0.00000
397,198,0,11.09391,0.00000,0.00000,0.02040,0,-1.00000,665940772338,0.00000
398,199,0,0.38829,3.27660,0.18460,0.02480,3840000,-1.00000,665940775872,0.00000
399,199,0,11.81670,0.00000,0.00000,0.02660,0,-1.00000,665940815923,0.00000
400,200,0,0.50900,3.31680,0.24450,0.02570,3840000,-1.00000,665940819873,0.00000
401,200,0,4.18690,0.00000,0.00000,0.01930,0,-1.00000,665940930830,0.00000
402,201,0,0.42690,3.84100,0.15190,0.02220,3840000,-1.00000,665940934701,0.00000
403,201,0,4.72110,0.00000,0.00000,0.01540,0,-1.00000,665941052904,0.00000
404,202,0,0.42341,3.23380,0.16060,0.01960,3840000,-1.00000,665941057962,0.00000
405,202,0,3.95360,0.00000,0.00000,0.01640,0,-1.00000,665941099828,0.00000
406,203,0,0.39160,3.22640,0.13540,0.01820,3840000,-1.00000,665941104092,0.00000
407,203,0,4.06290,0.00000,0.00000,0.02060,0,-1.00000,665941151362,0.00000
408,204,0,0.40480,3.32180,0.15880,0.02040,3840000,-1.00000,665941155531,0.00000
409,204,0,4.08830,0.00000,0.00000,0.01780,0,-1.00000,665941195070,0.00000
410,205,0,0.41050,3.47120,0.14820,0.02210,3840000,-1.00000,665941199003,0.00000
411,205,0,4.28770,0.00000,0.00000,0.01960,0,-1.00000,665941239622,0.00000
412,206,0,0.44270,3.32320,0.21940,0.03460,3840000,-1.00000,665941243667,0.00000
413,206,0,4.24250,0.00000,0.00000,0.02150,0,-1.00000,665941284554,0.00000
414,207,0,0.44880,3.26610,0.18120,0.02510,3840000,-1.00000,665941288651,0.00000
415,207,0,4.10230,0.00000,0.00000,0.01770,0,-1.00000,665941331541,0.00000
416,208,0,0.42230,3.39790,0.14550,0.02080,3840000,-1.00000,665941335962,0.00000
417,208,0,4.14480,0.00000,0.00000,0.02290,0,-1.00000,665941378410,0.00000
418,209,0,0.40920,3.34370,0.16170,0.02510,3840000,-1.00000,665941382871,0.00000
419,209,0,4.07230,0.00000,0.00000,0.01860,0,-1.00000,665941423898,0.00000
420,210,0,0.42750,3.22590,0.15040,0.01890,3840000,-1.00000,665941428115,0.00000
421,210,0,3.92350,0.00000,0.00000,0.02050,0,-1.00000,665941469638,0.00000
422,211,0,0.40720,3.29800,0.17460,0.02510,3840000,-1.00000,665941473657,0.00000
423,211,0,4.10130,0.00000,0.00000,0.01440,0,-1.00000,665941514381,0.00000
424,212,0,0.62880,3.30610,0.24220,0.03360,3840000,-1.00000,665941518651,0.00000
425,212,0,4.47040,0.00000,0.00000,0.01980,0,-1.00000,665941557889,0.00000
426,213,0,0.49070,3.47850,0.16600,0.02350,3840000,-1.00000,665941561962,0.00000
427,213,0,4.30550,0.00000,0.00000,0.01740,0,-1.00000,665941602975,0.00000
428,214,0,0.36750,3.96410,0.15640,0.01990,3840000,-1.00000,665941609271,0.00000
429,214,0,4.64270,0.00000,0.00000,0.01760,0,-1.00000,665941653989,0.00000
430,215,0,0.47160,3.78930,0.15700,0.02350,3840000,-1.00000,665941658874,0.00000
431,215,0,9.76100,0.00000,0.00000,0.01920,0,-1.00000,665941701932,0.00000
432,216,0,0.42580,3.27490,0.16450,0.02310,3840000,-1.00000,665941705602,0.00000
433,216,0,4.04460,0.00000,0.00000,0.02150,0,-1.00000,665941752032,0.00000
434,217,0,0.44290,3.36080,0.16730,0.02450,3840000,-1.00000,665941756745,0.00000
435,217,0,4.10111,0.00000,0.00000,0.02200,0,-1.00000,665941854367,0.00000
436,218,0,0.42070,3.33500,0.15540,0.02150,3840000,-1.00000,665941858614,0.00000
437,218,0,4.14390,0.00000,0.00000,0.02000,0,-1.00000,665941899061,0.00000
438,219,0,1.85320,3.34700,0.18910,0.03540,3840000,-1.00000,665941903486,0.00000
439,219,0,4.28540,0.00000,0.00000,0.01980,0,-1.00000,665941944504,0.00000
440,220,0,1.85880,3.24590,0.17440,0.02600,3840000,-1.00000,665941948706,0.00000
441,220,0,4.07320,0.00000,0.00000,0.01910,0,-1.00000,665941990152,0.00000
442,221,0,0.46170,3.35570,0.15390,0.02310,3840000,-1.00000,665942008684,0.00000
443,221,0,4.64760,0.00000,0.00000,0.01640,0,-1.00000,665942051541,0.00000
444,222,0,3.10700,3.23250,0.16740,0.02310,3840000,-1.00000,665942070117,0.00000
445,222,0,4.01250,0.00000,0.00000,0.01650,0,-1.00000,665942110928,0.00000
446,223,0,0.41870,3.36050,0.25890,0.02400,3840000,-1.00000,665942115495,0.00000
447,223,0,4.95140,0.00000,0.00000,0.02180,0,-1.00000,665942161954,0.00000
448,224,0,0.43430,3.42710,0.21160,0.03630,3840000,-1.00000,665942193020,0.00000
449,224,0,5.54830,0.00000,0.00000,0.02010,0,-1.00000,665942233141,0.00000
450,225,0,6.05561,3.25540,0.18680,0.02410,3840000,-1.00000,665942237324,0.00000
451,225,0,4.07770,0.00000,0.00000,0.01810,0,-1.00000,665942286847,0.00000
452,226,0,0.41480,3.28990,0.16770,0.02170,3840000,-1.00000,665942291188,0.00000
453,226,0,4.16100,0.00000,0.00000,0.02180,0,-1.00000,665942346692,0.00000
454,227,0,0.40821,3.22010,0.18390,0.02080,3840000,-1.00000,665942407286,0.00000
455,227,0,3.92290,0.00000,0.00000,0.01880,0,-1.00000,665942448000,0.00000
456,228,0,2.48490,3.09670,0.17810,0.02490,3840000,-1.00000,665942452149,0.00000
457,228,0,3.88370,0.00000,0.00000,0.02170,0,-1.00000,665942493758,0.00000
458,229,0,5.29330,3.20260,0.20700,0.03850,3840000,-1.00000,665942497838,0.00000
459,229,0,4.07940,0.00000,0.00000,0.01900,0,-1.00000,665942537068,0.00000
460,230,0,0.52350,3.48940,0.21390,0.02830,3840000,-1.00000,665942561920,0.00000
461,230,0,4.39680,0.00000,0.00000,0.01880,0,-1.00000,665942601019,0.00000
462,231,0,0.45970,3.11130,0.12670,0.02180,3840000,-1.00000,665942653686,0.00000
463,231,0,3.90350,0.00000,0.00000,0.02120,0,-1.00000,665942694495,0.00000
464,232,0,0.39600,3.15160,0.29450,0.07480,3840000,-1.00000,665942699721,0.00000
465,232,0,4.77010,0.00000,0.00000,0.02570,0,-1.00000,665942743707,0.00000
466,233,0,2.92480,3.27250,0.18450,0.03110,3840000,-1.00000,665942748283,0.00000
467,233,0,4.22290,0.00000,0.00000,0.02100,0,-1.00000,665942787329,0.00000
468,234,0,17.25220,3.18620,0.17030,0.03950,3840000,-1.00000,665942791275,0.00000
469,234,0,4.14490,0.00000,0.00000,0.02060,0,-1.00000,665942839024,0.00000
470,235,0,0.45651,3.10860,0.16120,0.02290,3840000,-1.00000,665942868233,0.00000
471,235,0,13.74330,0.00000,0.00000,0.01910,0,-1.00000,665942910472,0.00000
472,236,0,0.40880,3.16690,0.16200,0.02100,3840000,-1.00000,665943082997,0.00000
473,236,0,4.00910,0.00000,0.00000,0.02490,0,-1.00000,665943124443,0.00000
474,237,0,0.45290,3.24200,0.18990,0.03750,3840000,-1.00000,665943128993,0.00000
475,237,0,13.49571,0.00000,0.00000,0.02100,0,-1.00000,665943266433,0.00000
476,238,0,6.29790,3.03550,0.25230,0.02700,3840000,-1.00000,665943270522,0.00000
477,238,0,3.94250,0.00000,0.00000,0.01930,0,-1.00000,665943310613,0.00000
478,239,0,0.41660,3.13170,0.14450,0.02250,3840000,-1.00000,665943315128,0.00000
479,239,0,3.97220,0.00000,0.00000,0.01960,0,-1.00000,665943450121,0.00000
480,240,0,0.52270,3.14940,0.18170,0.02120,3840000,-1.00000,665943513081,0.00000
481,240,0,9.50490,0.00000,0.00000,0.03290,0,-1.00000,665943552501,0.00000
482,241,0,11.97860,3.30800,0.22630,0.03410,3840000,-1.00000,665943556659,0.00000
483,241,0,6.26580,0.00000,0.00000,0.02150,0,-1.00000,665943596387,0.00000
484,242,0,0.49300,3.20620,0.27980,0.04260,3840000,-1.00000,665943601612,0.00000
485,242,0,4.55770,0.00000,0.00000,0.02190,0,-1.00000,665943696703,0.00000
486,243,0,0.51700,3.87260,0.43540,0.07320,3840000,-1.00000,665943816450,0.00000
487,243,0,5.39820,0.00000,0.00000,0.03570,0,-1.00000,665943879115,0.00000
488,244,0,0.75970,3.82660,0.31270,0.06330,3840000,-1.00000,665943884040,0.00000
489,244,0,6.74750,0.00000,0.00000,0.02620,0,-1.00000,665943929647,0.00000
490,245,0,0.47950,3.48340,0.25810,0.04880,3840000,-1.00000,665943934785,0.00000
491,245,0,11.72950,0.00000,0.00000,0.03240,0,-1.00000,665943988803,0.00000
492,246,0,18.25070,3.08790,0.27200,0.05980,3840000,-1.00000,665943996381,0.00000
493,246,0,4.25330,0.00000,0.00000,0.02220,0,-1.00000,665944063878,0.00000
494,247,0,0.47630,3.19720,0.23200,0.04040,3840000,-1.00000,665944068631,0.00000
495,247,0,13.54950,0.00000,0.00000,0.03090,0,-1.00000,665944185983,0.00000
496,248,0,0.66170,3.15120,0.19140,0.02410,3840000,-1.00000,665944368522,0.00000
497,248,0,4.00990,0.00000,0.00000,0.01890,0,-1.00000,665944410984,0.00000
498,249,0,0.42701,3.21300,0.17020,0.01990,3840000,-1.00000,665944415730,0.00000
499,249,0,13.25110,0.00000,0.00000,0.02570,0,-1.00000,665944551270,0.00000
500,250,0,6.22700,3.03660,0.23710,0.02810,3840000,-1.00000,665944557842,0.00000
501,250,0,3.96360,0.00000,0.00000,0.02020,0,-1.00000,665944597942,0.00000
502,251,0,0.47450,3.14150,0.14760,0.02130,3840000,-1.00000,665944602204,0.00000
503,251,0,3.97370,0.00000,0.00000,0.01800,0,-1.00000,665944734746,0.00000
504,252,0,0.39150,3.30650,0.18600,0.02530,3840000,-1.00000,665944796995,0.00000
505,252,0,4.06660,0.00000,0.00000,0.01940,0,-1.00000,665944836630,0.00000
506,253,0,0.40980,3.18950,0.17600,0.02300,3840000,-1.00000,665944841367,0.00000
507,253,0,3.94170,0.00000,0.00000,0.01970,0,-1.00000,665944881108,0.00000
508,254,0,0.41910,3.20170,0.25630,0.04050,3840000,-1.00000,665944885019,0.00000
509,254,0,4.31750,0.00000,0.00000,0.02730,0,-1.00000,665944925697,0.00000
510,255,0,0.45630,3.51180,0.26070,0.05280,3840000,-1.00000,665944929791,0.00000
511,255,0,4.88010,0.00000,0.00000,0.02410,0,-1.00000,665944969203,0.00000
512,256,0,6.13780,3.06280,0.22070,0.03240,3840000,-1.00000,665944973394,0.00000
513,256,0,3.97910,0.00000,0.00000,0.01860,0,-1.00000,665945016609,0.00000
514,257,0,2.10570,3.22610,0.25270,0.04190,3840000,-1.00000,665945021130,0.00000
515,257,0,4.28170,0.00000,0.00000,0.02330,0,-1.00000,665945069965,0.00000
516,258,0,4.74709,3.19730,0.20750,0.02510,3840000,-1.00000,665945131320,0.00000
517,258,0,4.06721,0.00000,0.00000,0.01820,0,-1.00000,665945171109,0.00000
518,259,0,0.42960,3.29000,0.19550,0.04030,3840000,-1.00000,665945192163,0.00000
519,259,0,4.24270,0.00000,0.00000,0.01990,0,-1.00000,665945234998,0.00000
520,260,0,6.78540,3.40530,0.29090,0.04040,3840000,-1.00000,665945282446,0.00000
521,260,0,4.55720,0.00000,0.00000,0.02220,0,-1.00000,665945323121,0.00000
522,261,0,0.53900,3.31920,0.16730,0.02260,3840000,-1.00000,665945327407,0.00000
523,261,0,4.07940,0.00000,0.00000,0.03490,0,-1.00000,665945369863,0.00000
524,262,0,0.52540,3.19850,0.18320,0.02500,3840000,-1.00000,665945437850,0.00000
525,262,0,3.98630,0.00000,0.00000,0.01820,0,-1.00000,665945483278,0.00000
526,263,0,0.40850,3.33170,0.15850,0.02020,3840000,-1.00000,665945488657,0.00000
527,263,0,4.25140,0.00000,0.00000,0.01510,0,-1.00000,665945529461,0.00000
528,264,0,2.88980,3.22630,0.20020,0.04050,3840000,-1.00000,665945534712,0.00000
529,264,0,4.35010,0.00000,0.00000,0.02260,0,-1.00000,665945574571,0.00000
530,265,0,1.85660,2.96780,0.16880,0.02060,3840000,-1.00000,665945578652,0.00000
531,265,0,3.76160,0.00000,0.00000,0.02090,0,-1.00000,665945621169,0.00000
532,266,0,5.53950,3.21290,0.22610,0.04670,3840000,-1.00000,665945650072,0.00000
533,266,0,4.18321,0.00000,0.00000,0.02200,0,-1.00000,665945693584,0.00000
534,267,0,0.46420,3.24550,0.20180,0.02820,3840000,-1.00000,665945712130,0.00000
535,267,0,4.06700,0.00000,0.00000,0.01890,0,-1.00000,665945749754,0.00000
536,268,0,0.46960,3.07480,0.16140,0.01780,3840000,-1.00000,665945805144,0.00000
537,268,0,3.87470,0.00000,0.00000,0.01730,0,-1.00000,665945846994,0.00000
538,269,0,2.21960,3.07940,0.15760,0.02300,3840000,-1.00000,665945851613,0.00000
539,269,0,3.90810,0.00000,0.00000,0.01800,0,-1.00000,665945892295,0.00000
540,270,0,2.27590,3.04490,0.22220,0.03540,3840000,-1.00000,665945896978,0.00000
541,270,0,4.13151,0.00000,0.00000,0.03230,0,-1.00000,665945935727,0.00000
542,271,0,2.05619,3.11210,0.23880,0.03530,3840000,-1.00000,665945957922,0.00000
543,271,0,4.18300,0.00000,0.00000,0.02190,0,-1.00000,665945997006,0.00000
544,272,0,1.81130,3.25920,0.20560,0.02650,3840000,-1.00000,665946019780,0.00000
545,272,0,4.13910,0.00000,0.00000,0.01490,0,-1.00000,665946061093,0.00000
546,273,0,1.96130,3.15040,0.17450,0.01880,3840000,-1.00000,665946081654,0.00000
547,273,0,3.89680,0.00000,0.00000,0.02100,0,-1.00000,665946123489,0.00000
548,274,0,0.41890,3.31370,0.22020,0.03610,3840000,-1.00000,665946141584,0.00000
549,274,0,4.23420,0.00000,0.00000,0.01640,0,-1.00000,665946182979,0.00000
550,275,0,9.85270,3.24780,0.20220,0.04210,3840000,-1.00000,665946202592,0.00000
551,275,0,4.23650,0.00000,0.00000,0.02280,0,-1.00000,665946241563,0.00000
552,276,0,1.68820,3.42010,0.18700,0.02670,3840000,-1.00000,665946245744,0.00000
553,276,0,4.45340,0.00000,0.00000,0.02020,0,-1.00000,665946288099,0.00000
554,277,0,7.97920,3.27500,0.20710,0.03160,3840000,-1.00000,665946386638,0.00000
555,277,0,4.17470,0.00000,0.00000,0.02300,0,-1.00000,665946428989,0.00000
556,278,0,0.51850,3.60720,0.16230,0.02030,3840000,-1.00000,665946445863,0.00000
557,278,0,4.34480,0.00000,0.00000,0.01780,0,-1.00000,665946490420,0.00000
558,279,0,9.31700,3.25760,0.25260,0.05520,3840000,-1.00000,665946570204,0.00000
559,279,0,6.23480,0.00000,0.00000,0.02240,0,-1.00000,665946611940,0.00000
560,280,0,2.92540,3.17440,0.26070,0.04180,3840000,-1.00000,665946617116,0.00000
561,280,0,4.31340,0.00000,0.00000,0.01990,0,-1.00000,665946660577,0.00000
562,281,0,1.80920,3.29170,0.20490,0.02840,3840000,-1.00000,665946753777,0.00000
563,281,0,4.08270,0.00000,0.00000,0.02220,0,-1.00000,665946816111,0.00000
564,282,0,0.40380,3.16600,0.24430,0.03680,3840000,-1.00000,665946845347,0.00000
565,282,0,4.70370,0.00000,0.00000,0.02120,0,-1.00000,665946888500,0.00000
566,283,0,0.46150,3.25430,0.21870,0.02300,3840000,-1.00000,665946906568,0.00000
567,283,0,11.75140,0.00000,0.00000,0.02870,0,-1.00000,665946947403,0.00000
568,284,0,0.42770,3.25810,0.19960,0.02730,3840000,-1.00000,665946951428,0.00000
569,284,0,5.82511,0.00000,0.00000,0.02170,0,-1.00000,665946998494,0.00000
570,285,0,12.10069,3.02360,0.26190,0.04440,3840000,-1.00000,665947003084,0.00000
571,285,0,4.19030,0.00000,0.00000,0.01950,0,-1.00000,665947120640,0.00000
572,286,0,0.48480,3.13750,0.18140,0.02340,3840000,-1.00000,665947124881,0.00000
573,286,0,13.59110,0.00000,0.00000,0.02000,0,-1.00000,665947183141,0.00000
574,287,0,0.47910,3.21290,0.20840,0.03700,3840000,-1.00000,665947304161,0.00000
575,287,0,5.58530,0.00000,0.00000,0.02380,0,-1.00000,665947346058,0.00000
576,288,0,0.48829,3.25400,0.20220,0.02660,3840000,-1.00000,665947350890,0.00000
577,288,0,4.10170,0.00000,0.00000,0.01960,0,-1.00000,665947486811,0.00000
578,289,0,7.48820,3.19290,0.24950,0.03930,3840000,-1.00000,665947491595,0.00000
579,289,0,4.36870,0.00000,0.00000,0.02210,0,-1.00000,665947547597,0.00000
580,290,0,0.48330,3.05080,0.19930,0.02580,3840000,-1.00000,665947552324,0.00000
581,290,0,4.02110,0.00000,0.00000,0.02030,0,-1.00000,665947593341,0.00000
582,291,0,0.40540,2.95960,0.17720,0.01990,3840000,-1.00000,665947668238,0.00000
583,291,0,3.70900,0.00000,0.00000,0.02120,0,-1.00000,665947711935,0.00000
584,292,0,0.40940,3.08380,0.17390,0.02040,3840000,-1.00000,665947716744,0.00000
585,292,0,3.86310,0.00000,0.00000,0.01590,0,-1.00000,665947756954,0.00000
586,293,0,1.25500,3.16910,0.15350,0.02480,3840000,-1.00000,665947761002,0.00000
587,293,0,3.90760,0.00000,0.00000,0.01860,0,-1.00000,665947798104,0.00000
588,294,0,2.32640,3.01070,0.27110,0.03230,3840000,-1.00000,665947802185,0.00000
589,294,0,4.07560,0.00000,0.00000,0.02090,0,-1.00000,665947840816,0.00000
590,295,0,0.41130,3.23370,0.23940,0.02640,3840000,-1.00000,665947853370,0.00000
591,295,0,4.58530,0.00000,0.00000,0.02080,0,-1.00000,665947892451,0.00000
592,296,0,0.46740,3.11530,0.22670,0.03460,3840000,-1.00000,665947915714,0.00000
593,296,0,5.65240,0.00000,0.00000,0.02030,0,-1.00000,665947956486,0.00000
594,297,0,2.97350,3.07930,0.21500,0.03600,3840000,-1.00000,665947960587,0.00000
595,297,0,4.07881,0.00000,0.00000,0.02150,0,-1.00000,665948006441,0.00000
596,298,0,0.47800,3.25520,0.18600,0.02510,3840000,-1.00000,665948011102,0.00000
597,298,0,4.12640,0.00000,0.00000,0.01910,0,-1.00000,665948067650,0.00000
598,299,0,0.41859,3.02750,0.17070,0.02100,3840000,-1.00000,665948097368,0.00000
599,299,0,3.82760,0.00000,0.00000,0.02660,0,-1.00000,665948138166,0.00000
600,300,0,3.85790,3.13790,0.14440,0.02190,3840000,-1.00000,665948142936,0.00000
601,300,0,3.95930,0.00000,0.00000,0.02130,0,-1.00000,665948184202,0.00000
602,301,0,0.66630,3.15370,0.21560,0.04110,3840000,-1.00000,665948188381,0.00000
603,301,0,4.08280,0.00000,0.00000,0.01890,0,-1.00000,665948226668,0.00000
604,302,0,2.03999,3.12980,0.18170,0.02290,3840000,-1.00000,665948265238,0.00000
605,302,0,3.93130,0.00000,0.00000,0.01880,0,-1.00000,665948304840,0.00000
606,303,0,2.20471,3.11450,0.16270,0.02240,3840000,-1.00000,665948311499,0.00000
607,303,0,3.92460,0.00000,0.00000,0.01760,0,-1.00000,665948352337,0.00000
608,304,0,2.17860,3.04620,0.17810,0.02160,3840000,-1.00000,665948372730,0.00000
609,304,0,3.84530,0.00000,0.00000,0.01570,0,-1.00000,665948412042,0.00000
610,305,0,0.39870,3.22820,0.19650,0.03800,3840000,-1.00000,665948434086,0.00000
611,305,0,4.70660,0.00000,0.00000,0.01680,0,-1.00000,665948473335,0.00000
612,306,0,0.40350,3.12320,0.17620,0.02130,3840000,-1.00000,665948495116,0.00000
613,306,0,3.84310,0.00000,0.00000,0.01710,0,-1.00000,665948533565,0.00000
614,307,0,0.31800,3.45030,0.30600,0.07210,3840000,-1.00000,665948537558,0.00000
615,307,0,4.79650,0.00000,0.00000,0.02690,0,-1.00000,665948584634,0.00000
616,308,0,0.49010,3.58090,0.33050,0.05950,3840000,-1.00000,665948588654,0.00000
617,308,0,5.60880,0.00000,0.00000,0.02800,0,-1.00000,665948627086,0.00000
618,309,0,3.05440,3.22270,0.27040,0.03530,3840000,-1.00000,665948630266,0.00000
619,309,0,4.26570,0.00000,0.00000,0.02770,0,-1.00000,665948678272,0.00000
620,310,0,1.97140,3.26650,0.35970,0.06750,3840000,-1.00000,665948683139,0.00000
621,310,0,4.46750,0.00000,0.00000,0.02540,0,-1.00000,665948739269,0.00000
622,311,0,0.44390,3.27500,0.25350,0.04570,3840000,-1.00000,665948769775,0.00000
623,311,0,4.26001,0.00000,0.00000,0.02370,0,-1.00000,665948812449,0.00000
624,312,0,2.89200,3.24810,0.25760,0.04260,3840000,-1.00000,665948832168,0.00000
625,312,0,4.39160,0.00000,0.00000,0.02320,0,-1.00000,665948876849,0.00000
626,313,0,1.90880,3.17650,0.20210,0.02630,3840000,-1.00000,665948881252,0.00000
627,313,0,4.01640,0.00000,0.00000,0.01770,0,-1.00000,665948923878,0.00000
628,314,0,1.93671,3.35220,0.22590,0.03070,3840000,-1.00000,665948952908,0.00000
629,314,0,4.20079,0.00000,0.00000,0.02450,0,-1.00000,665948996713,0.00000
630,315,0,1.92170,3.27380,0.27730,0.04640,3840000,-1.00000,665949015779,0.00000
631,315,0,4.40110,0.00000,0.00000,0.02510,0,-1.00000,665949055942,0.00000
632,316,0,1.71740,3.29340,0.19250,0.02340,3840000,-1.00000,665949075309,0.00000
633,316,0,4.08450,0.00000,0.00000,0.02120,0,-1.00000,665949117325,0.00000
634,317,0,0.39020,3.27450,0.15320,0.02610,3840000,-1.00000,665949136547,0.00000
635,317,0,4.67510,0.00000,0.00000,0.02190,0,-1.00000,665949180574,0.00000
636,318,0,3.04390,3.11130,0.23660,0.03670,3840000,-1.00000,665949197717,0.00000
637,318,0,5.98800,0.00000,0.00000,0.02020,0,-1.00000,665949238559,0.00000
638,319,0,0.42540,3.40410,0.22650,0.03860,3840000,-1.00000,665949242461,0.00000
639,319,0,5.88980,0.00000,0.00000,0.02060,0,-1.00000,665949289219,0.00000
640,320,0,0.40550,3.24980,0.19260,0.02420,3840000,-1.00000,665949319656,0.00000
641,320,0,5.76190,0.00000,0.00000,0.02210,0,-1.00000,665949379552,0.00000
642,321,0,5.89880,3.34870,0.22530,0.04630,3840000,-1.00000,665949383784,0.00000
643,321,0,4.34470,0.00000,0.00000,0.01830,0,-1.00000,665949442708,0.00000
644,322,0,0.44050,3.11570,0.21570,0.02940,3840000,-1.00000,665949446745,0.00000
645,322,0,4.01450,0.00000,0.00000,0.02520,0,-1.00000,665949504372,0.00000
646,323,0,0.43380,3.16420,0.20930,0.03860,3840000,-1.00000,665949563347,0.00000
647,323,0,3.99690,0.00000,0.00000,0.01970,0,-1.00000,665949606816,0.00000
648,324,0,2.21690,3.13170,0.20770,0.02190,3840000,-1.00000,665949611196,0.00000
649,324,0,3.93220,0.00000,0.00000,0.01960,0,-1.00000,665949651372,0.00000
650,325,0,5.28860,3.09450,0.20560,0.03500,3840000,-1.00000,665949655681,0.00000
651,325,0,4.05160,0.00000,0.00000,0.02340,0,-1.00000,665949695663,0.00000
652,326,0,2.04920,3.33130,0.18440,0.02500,3840000,-1.00000,665949717822,0.00000
653,326,0,4.14280,0.00000,0.00000,0.01980,0,-1.00000,665949757147,0.00000
654,327,0,1.97510,3.11200,0.16050,0.02220,3840000,-1.00000,665949810026,0.00000
655,327,0,3.90821,0.00000,0.00000,0.01920,0,-1.00000,665949850568,0.00000
656,328,0,2.23999,3.06190,0.22840,0.04380,3840000,-1.00000,665949871032,0.00000
657,328,0,4.14630,0.00000,0.00000,0.02030,0,-1.00000,665949912469,0.00000
658,329,0,0.44650,3.06240,0.18990,0.02150,3840000,-1.00000,665949932208,0.00000
659,329,0,4.65700,0.00000,0.00000,0.01520,0,-1.00000,665949971300,0.00000
660,330,0,3.15200,3.04930,0.16460,0.02270,3840000,-1.00000,665949993692,0.00000
661,330,0,3.84041,0.00000,0.00000,0.01570,0,-1.00000,665950035181,0.00000
662,331,0,0.40320,3.16690,0.24980,0.04150,3840000,-1.00000,665950039621,0.00000
663,331,0,4.88590,0.00000,0.00000,0.02360,0,-1.00000,665950086199,0.00000
664,332,0,0.48340,3.06440,0.22440,0.02310,3840000,-1.00000,665950117715,0.00000
665,332,0,5.61970,0.00000,0.00000,0.01600,0,-1.00000,665950156128,0.00000
666,333,0,6.12750,3.05460,0.20770,0.03890,3840000,-1.00000,665950160145,0.00000
667,333,0,3.94830,0.00000,0.00000,0.02180,0,-1.00000,665950209086,0.00000
668,334,0,2.17090,3.04310,0.22420,0.02960,3840000,-1.00000,665950213844,0.00000
669,334,0,3.92290,0.00000,0.00000,0.02300,0,-1.00000,665950270040,0.00000
670,335,0,0.46880,3.12540,0.18510,0.02870,3840000,-1.00000,665950331327,0.00000
671,335,0,4.88650,0.00000,0.00000,0.02170,0,-1.00000,665950370811,0.00000
672,336,0,0.39020,3.05870,0.17060,0.02080,3840000,-1.00000,665950392508,0.00000
673,336,0,5.84210,0.00000,0.00000,0.01890,0,-1.00000,665950431747,0.00000
674,337,0,5.96250,2.98860,0.23010,0.03490,3840000,-1.00000,665950436424,0.00000
675,337,0,3.96480,0.00000,0.00000,0.02160,0,-1.00000,665950485310,0.00000
676,338,0,0.46509,3.23220,0.23550,0.04620,3840000,-1.00000,665950489196,0.00000
677,338,0,4.19540,0.00000,0.00000,0.02030,0,-1.00000,665950547617,0.00000
678,339,0,3.83501,2.86270,0.19760,0.02450,3840000,-1.00000,665950607255,0.00000
679,339,0,3.69880,0.00000,0.00000,0.01920,0,-1.00000,665950646908,0.00000
680,340,0,2.24610,3.47850,0.22370,0.04460,3840000,-1.00000,665950651534,0.00000
681,340,0,4.57500,0.00000,0.00000,0.02310,0,-1.00000,665950693512,0.00000
682,341,0,0.46550,3.19400,0.23110,0.04210,3840000,-1.00000,665950731844,0.00000
683,341,0,4.17950,0.00000,0.00000,0.01870,0,-1.00000,665950768833,0.00000
684,342,0,3.19930,2.88350,0.19000,0.02450,3840000,-1.00000,665950791291,0.00000
685,342,0,3.68350,0.00000,0.00000,0.01580,0,-1.00000,665950837066,0.00000
686,343,0,2.34380,3.22240,0.18790,0.03690,3840000,-1.00000,665950841700,0.00000
687,343,0,4.24930,0.00000,0.00000,0.02050,0,-1.00000,665950883514,0.00000
688,344,0,2.04760,2.93750,0.21120,0.04010,3840000,-1.00000,665950915485,0.00000
689,344,0,3.90110,0.00000,0.00000,0.01950,0,-1.00000,665950952384,0.00000
690,345,0,2.12060,3.01180,0.16570,0.02450,3840000,-1.00000,665950975762,0.00000
691,345,0,3.89400,0.00000,0.00000,0.02220,0,-1.00000,665951018267,0.00000
692,346,0,2.25080,3.01430,0.16650,0.02230,3840000,-1.00000,665951038730,0.00000
693,346,0,3.87660,0.00000,0.00000,0.02210,0,-1.00000,665951077743,0.00000
694,347,0,0.44200,3.00180,0.16310,0.02220,3840000,-1.00000,665951098942,0.00000
695,347,0,3.87970,0.00000,0.00000,0.01620,0,-1.00000,665951137884,0.00000
696,348,0,4.07210,3.07080,0.24720,0.04310,3840000,-1.00000,665951160389,0.00000
697,348,0,4.07330,0.00000,0.00000,0.05380,0,-1.00000,665951199160,0.00000
698,349,0,2.07950,3.02800,0.19100,0.03370,3840000,-1.00000,665951203575,0.00000
699,349,0,3.99050,0.00000,0.00000,0.01720,0,-1.00000,665951242376,0.00000
700,350,0,0.47060,3.08480,0.17090,0.02230,3840000,-1.00000,665951283101,0.00000
701,350,0,3.81631,0.00000,0.00000,0.01730,0,-1.00000,665951323894,0.00000
702,351,0,4.23860,3.05090,0.21390,0.03730,3840000,-1.00000,665951344628,0.00000
703,351,0,4.06570,0.00000,0.00000,0.02370,0,-1.00000,665951384537,0.00000
704,352,0,1.83460,2.99110,0.17300,0.02150,3840000,-1.00000,665951389231,0.00000
705,352,0,3.78340,0.00000,0.00000,0.01750,0,-1.00000,665951427395,0.00000
706,353,0,2.41610,3.08770,0.17110,0.02420,3840000,-1.00000,665951469792,0.00000
707,353,0,3.93180,0.00000,0.00000,0.01950,0,-1.00000,665951510450,0.00000
708,354,0,6.79890,3.05110,0.17610,0.04700,3840000,-1.00000,665951528782,0.00000
709,354,0,4.03740,0.00000,0.00000,0.02160,0,-1.00000,665951566616,0.00000
710,355,0,0.66080,3.04080,0.17900,0.02420,3840000,-1.00000,665951590779,0.00000
711,355,0,3.85140,0.00000,0.00000,0.01830,0,-1.00000,665951630106,0.00000
712,356,0,0.38680,3.07740,0.17180,0.02430,3840000,-1.00000,665951698114,0.00000
713,356,0,3.85160,0.00000,0.00000,0.01840,0,-1.00000,665951738474,0.00000
714,357,0,4.24300,2.98070,0.22480,0.04030,3840000,-1.00000,665951745064,0.00000
715,357,0,3.90440,0.00000,0.00000,0.01860,0,-1.00000,665951783586,0.00000
716,358,0,2.23150,3.01380,0.23080,0.02310,3840000,-1.00000,665951787444,0.00000
717,358,0,3.77770,0.00000,0.00000,0.01730,0,-1.00000,665951825969,0.00000
718,359,0,8.57270,3.16980,0.34200,0.05330,3840000,-1.00000,665951868399,0.00000
719,359,0,4.30930,0.00000,0.00000,0.02490,0,-1.00000,665951907458,0.00000
720,360,0,0.45120,3.04050,0.19580,0.02150,3840000,-1.00000,665951929758,0.00000
721,360,0,3.84760,0.00000,0.00000,0.02010,0,-1.00000,665951967539,0.00000
722,361,0,0.69089,2.98630,0.13840,0.02160,3840000,-1.00000,665952053317,0.00000
723,361,0,3.68151,0.00000,0.00000,0.01550,0,-1.00000,665952096395,0.00000
724,362,0,0.34860,2.90480,0.16490,0.01900,3840000,-1.00000,665952100861,0.00000
725,362,0,5.14370,0.00000,0.00000,0.02060,0,-1.00000,665952139343,0.00000
726,363,0,2.94650,3.01610,0.15350,0.02640,3840000,-1.00000,665952146248,0.00000
727,363,0,6.28050,0.00000,0.00000,0.02530,0,-1.00000,665952183064,0.00000
728,364,0,0.45140,2.88660,0.19880,0.02470,3840000,-1.00000,665952186543,0.00000
729,364,0,3.73460,0.00000,0.00000,0.02080,0,-1.00000,665952238065,0.00000
730,365,0,2.06360,3.06110,0.17860,0.02830,3840000,-1.00000,665952267454,0.00000
731,365,0,3.89710,0.00000,0.00000,0.01890,0,-1.00000,665952330284,0.00000
732,366,0,2.18739,2.87490,0.17050,0.02350,3840000,-1.00000,665952334767,0.00000
733,366,0,3.96520,0.00000,0.00000,0.01920,0,-1.00000,665952372122,0.00000
734,367,0,2.34290,2.92680,0.20020,0.02880,3840000,-1.00000,665952392753,0.00000
735,367,0,3.74150,0.00000,0.00000,0.01990,0,-1.00000,665952431735,0.00000
736,368,0,0.42860,3.05260,0.19560,0.02450,3840000,-1.00000,665952453600,0.00000
737,368,0,4.95720,0.00000,0.00000,0.01710,0,-1.00000,665952493276,0.00000
738,369,0,3.07880,3.16120,0.19850,0.02710,3840000,-1.00000,665952516691,0.00000
739,369,0,4.17290,0.00000,0.00000,0.01670,0,-1.00000,665952554113,0.00000
740,370,0,1.95360,3.00250,0.31940,0.07870,3840000,-1.00000,665952558380,0.00000
741,370,0,4.18770,0.00000,0.00000,0.02330,0,-1.00000,665952607960,0.00000
742,371,0,0.47800,2.94970,0.19090,0.02330,3840000,-1.00000,665952638739,0.00000
743,371,0,4.56660,0.00000,0.00000,0.01770,0,-1.00000,665952680486,0.00000
744,372,0,3.49620,3.38080,0.27640,0.06010,3840000,-1.00000,665952700009,0.00000
745,372,0,4.92840,0.00000,0.00000,0.02510,0,-1.00000,665952741903,0.00000
746,373,0,0.96870,3.13120,0.22710,0.03670,3840000,-1.00000,665952746663,0.00000
747,373,0,4.21800,0.00000,0.00000,0.02200,0,-1.00000,665952792344,0.00000
748,374,0,0.39720,3.02770,0.21690,0.02490,3840000,-1.00000,665952827364,0.00000
749,374,0,4.61180,0.00000,0.00000,0.02190,0,-1.00000,665952876664,0.00000
750,375,0,2.93760,3.22220,0.21540,0.03870,3840000,-1.00000,665952886263,0.00000
751,375,0,4.21460,0.00000,0.00000,0.01760,0,-1.00000,665952928463,0.00000
752,376,0,1.97670,3.01840,0.28170,0.04730,3840000,-1.00000,665952932415,0.00000
753,376,0,4.07030,0.00000,0.00000,0.02070,0,-1.00000,665952978552,0.00000
754,377,0,2.06080,2.92170,0.29820,0.05780,3840000,-1.00000,665953007916,0.00000
755,377,0,4.15430,0.00000,0.00000,0.03870,0,-1.00000,665953050074,0.00000
756,378,0,2.00790,3.03930,0.26570,0.05660,3840000,-1.00000,665953069820,0.00000
757,378,0,4.15810,0.00000,0.00000,0.02330,0,-1.00000,665953110547,0.00000
758,379,0,2.07280,3.15080,0.25770,0.05700,3840000,-1.00000,665953131141,0.00000
759,379,0,4.30040,0.00000,0.00000,0.02340,0,-1.00000,665953172721,0.00000
760,380,0,0.47820,3.16830,0.33720,0.05860,3840000,-1.00000,665953192787,0.00000
761,380,0,4.51140,0.00000,0.00000,0.02830,0,-1.00000,665953234367,0.00000
762,381,0,3.00500,3.07730,0.28550,0.06180,3840000,-1.00000,665953255073,0.00000
763,381,0,4.24590,0.00000,0.00000,0.02560,0,-1.00000,665953298099,0.00000
764,382,0,1.89480,3.18600,0.33100,0.05960,3840000,-1.00000,665953302850,0.00000
765,382,0,4.39000,0.00000,0.00000,0.02570,0,-1.00000,665953348012,0.00000
766,383,0,1.74180,3.08240,0.34630,0.06790,3840000,-1.00000,665953378048,0.00000
767,383,0,4.30200,0.00000,0.00000,0.02130,0,-1.00000,665953420538,0.00000
768,384,0,1.74890,3.03310,0.27550,0.05640,3840000,-1.00000,665953439427,0.00000
769,384,0,4.15430,0.00000,0.00000,0.02550,0,-1.00000,665953483357,0.00000
770,385,0,0.50060,2.99060,0.33960,0.05300,3840000,-1.00000,665953500749,0.00000
771,385,0,4.32161,0.00000,0.00000,0.02370,0,-1.00000,665953543800,0.00000
772,386,0,6.60500,3.23900,0.33330,0.06220,3840000,-1.00000,665953561253,0.00000
773,386,0,4.46710,0.00000,0.00000,0.02880,0,-1.00000,665953602834,0.00000
774,387,0,0.56870,3.06120,0.29020,0.05470,3840000,-1.00000,665953607795,0.00000
775,387,0,4.20070,0.00000,0.00000,0.02440,0,-1.00000,665953651055,0.00000
776,388,0,0.55250,3.06070,0.30900,0.05410,3840000,-1.00000,665953717138,0.00000
777,388,0,4.13720,0.00000,0.00000,0.02380,0,-1.00000,665953761779,0.00000
778,389,0,0.42010,3.11490,0.34750,0.05510,3840000,-1.00000,665953767419,0.00000
779,389,0,4.28240,0.00000,0.00000,0.02050,0,-1.00000,665953809476,0.00000
780,390,0,0.44311,2.95680,0.29200,0.05120,3840000,-1.00000,665953814954,0.00000
781,390,0,4.96540,0.00000,0.00000,0.02560,0,-1.00000,665953856351,0.00000
782,391,0,0.63290,3.15930,0.37620,0.06510,3840000,-1.00000,665953860525,0.00000
783,391,0,4.65210,0.00000,0.00000,0.02630,0,-1.00000,665953903381,0.00000
784,392,0,4.69500,3.24180,0.22700,0.05670,3840000,-1.00000,665953907779,0.00000
785,392,0,4.44369,0.00000,0.00000,0.02800,0,-1.00000,665953957514,0.00000
786,393,0,1.35680,3.23130,0.18360,0.03100,3840000,-1.00000,665953963812,0.00000
787,393,0,4.24150,0.00000,0.00000,0.02210,0,-1.00000,665954010334,0.00000
788,394,0,0.46710,3.06660,0.22740,0.02480,3840000,-1.00000,665954057399,0.00000
789,394,0,3.96890,0.00000,0.00000,0.02120,0,-1.00000,665954101684,0.00000
790,395,0,0.47820,2.91430,0.25600,0.02560,3840000,-1.00000,665954115242,0.00000
791,395,0,3.93210,0.00000,0.00000,0.01770,0,-1.00000,665954157663,0.00000
792,396,0,3.18800,3.01570,0.22790,0.04040,3840000,-1.00000,665954162325,0.00000
793,396,0,4.17610,0.00000,0.00000,0.02150,0,-1.00000,665954202016,0.00000
794,397,0,1.28720,2.94250,0.20300,0.02470,3840000,-1.00000,665954206794,0.00000
795,397,0,3.84180,0.00000,0.00000,0.01850,0,-1.00000,665954246120,0.00000
796,398,0,0.51849,2.99420,0.17220,0.02130,3840000,-1.00000,665954277997,0.00000
797,398,0,4.85870,0.00000,0.00000,0.01930,0,-1.00000,665954319774,0.00000
798,399,0,6.10730,3.05710,0.19230,0.03160,3840000,-1.00000,665954332633,0.00000
799,399,0,4.17100,0.00000,0.00000,0.02670,0,-1.00000,665954371047,0.00000
800,400,0,2.03090,3.71060,0.18820,0.02490,3840000,-1.00000,665954376231,0.00000
801,400,0,4.66520,0.00000,0.00000,0.02160,0,-1.00000,665954424823,0.00000
802,401,0,0.50721,3.14580,0.29190,0.02850,3840000,-1.00000,665954485902,0.00000
803,401,0,4.19930,0.00000,0.00000,0.01990,0,-1.00000,665954527614,0.00000
804,402,0,2.92470,3.13550,0.28930,0.05740,3840000,-1.00000,665954547909,0.00000
805,402,0,4.43690,0.00000,0.00000,0.02370,0,-1.00000,665954594567,0.00000
806,403,0,1.74960,3.05470,0.31230,0.03190,3840000,-1.00000,665954599631,0.00000
807,403,0,4.20400,0.00000,0.00000,0.02250,0,-1.00000,665954641629,0.00000
808,404,0,0.52180,3.18570,0.32700,0.03430,3840000,-1.00000,665954670879,0.00000
809,404,0,4.47410,0.00000,0.00000,0.02120,0,-1.00000,665954715271,0.00000
810,405,0,3.03820,2.90940,0.20820,0.03140,3840000,-1.00000,665954732745,0.00000
811,405,0,3.95010,0.00000,0.00000,0.02250,0,-1.00000,665954774790,0.00000
812,406,0,2.39830,3.00030,0.20080,0.02760,3840000,-1.00000,665954779995,0.00000
813,406,0,4.03400,0.00000,0.00000,0.02070,0,-1.00000,665954824759,0.00000
814,407,0,5.09360,2.98760,0.23550,0.06090,3840000,-1.00000,665954855127,0.00000
815,407,0,4.26470,0.00000,0.00000,0.02320,0,-1.00000,665954894623,0.00000
816,408,0,0.55500,3.30630,0.21880,0.03170,3840000,-1.00000,665954918604,0.00000
817,408,0,4.31060,0.00000,0.00000,0.02210,0,-1.00000,665954958953,0.00000
818,409,0,0.50930,3.13310,0.16020,0.02240,3840000,-1.00000,665955009936,0.00000
819,409,0,4.00471,0.00000,0.00000,0.02020,0,-1.00000,665955052553,0.00000
820,410,0,0.43820,3.71160,0.18020,0.02080,3840000,-1.00000,665955058074,0.00000
821,410,0,4.63520,0.00000,0.00000,0.01700,0,-1.00000,665955101198,0.00000
822,411,0,2.69120,3.14170,0.16760,0.02640,3840000,-1.00000,665955106274,0.00000
823,411,0,4.00420,0.00000,0.00000,0.02070,0,-1.00000,665955146327,0.00000
824,412,0,2.26500,2.91050,0.18950,0.02980,3840000,-1.00000,665955150709,0.00000
825,412,0,3.99820,0.00000,0.00000,0.02330,0,-1.00000,665955197056,0.00000
826,413,0,5.13909,2.97250,0.24040,0.04200,3840000,-1.00000,665955223973,0.00000
827,413,0,4.07660,0.00000,0.00000,0.02010,0,-1.00000,665955264019,0.00000
828,414,0,0.53040,2.97920,0.17560,0.02350,3840000,-1.00000,665955286663,0.00000
829,414,0,3.88360,0.00000,0.00000,0.01840,0,-1.00000,665955326655,0.00000
830,415,0,0.73440,2.97650,0.16540,0.02350,3840000,-1.00000,665955378054,0.00000
831,415,0,3.88530,0.00000,0.00000,0.01960,0,-1.00000,665955418809,0.00000
832,416,0,0.53120,2.93530,0.18960,0.02540,3840000,-1.00000,665955424103,0.00000
833,416,0,3.90220,0.00000,0.00000,0.01980,0,-1.00000,665955462947,0.00000
834,417,0,4.07300,3.61790,0.21340,0.03490,3840000,-1.00000,665955470284,0.00000
835,417,0,4.75480,0.00000,0.00000,0.02360,0,-1.00000,665955509142,0.00000
836,418,0,1.49401,2.94490,0.22070,0.03250,3840000,-1.00000,665955514450,0.00000
837,418,0,3.99790,0.00000,0.00000,0.02100,0,-1.00000,665955553474,0.00000
838,419,0,2.05160,2.87360,0.17630,0.02230,3840000,-1.00000,665955594201,0.00000
839,419,0,3.82600,0.00000,0.00000,0.01880,0,-1.00000,665955641767,0.00000
840,420,0,2.27740,3.07710,0.20220,0.02660,3840000,-1.00000,665955656693,0.00000
841,420,0,4.08490,0.00000,0.00000,0.02300,0,-1.00000,665955696675,0.00000
842,421,0,2.13980,3.34290,0.21300,0.03090,3840000,-1.00000,665955717189,0.00000
843,421,0,4.45210,0.00000,0.00000,0.02180,0,-1.00000,665955755494,0.00000
844,422,0,1.72630,3.13480,0.17180,0.02510,3840000,-1.00000,665955778220,0.00000
845,422,0,4.06560,0.00000,0.00000,0.01970,0,-1.00000,665955819075,0.00000
846,423,0,2.06550,3.08480,0.18040,0.02740,3840000,-1.00000,665955840531,0.00000
847,423,0,4.08470,0.00000,0.00000,0.03180,0,-1.00000,665955885053,0.00000
848,424,0,2.03670,3.11400,0.31500,0.02990,3840000,-1.00000,665955902249,0.00000
849,424,0,4.27360,0.00000,0.00000,0.02290,0,-1.00000,665955942908,0.00000
850,425,0,0.48189,3.35090,0.29080,0.02580,3840000,-1.00000,665955963558,0.00000
851,425,0,4.45330,0.00000,0.00000,0.02050,0,-1.00000,665956004426,0.00000
852,426,0,3.15520,3.43090,0.24320,0.04010,3840000,-1.00000,665956024783,0.00000
853,426,0,4.60020,0.00000,0.00000,0.02300,0,-1.00000,665956067516,0.00000
854,427,0,1.65400,2.86330,0.17830,0.02380,3840000,-1.00000,665956072333,0.00000
855,427,0,3.78009,0.00000,0.00000,0.01730,0,-1.00000,665956116869,0.00000
856,428,0,2.25920,3.04720,0.22670,0.03170,3840000,-1.00000,665956148421,0.00000
857,428,0,4.21180,0.00000,0.00000,0.02810,0,-1.00000,665956194427,0.00000
858,429,0,1.90670,3.08310,0.31400,0.02770,3840000,-1.00000,665956210953,0.00000
859,429,0,4.17450,0.00000,0.00000,0.01920,0,-1.00000,665956248757,0.00000
860,430,0,1.98140,3.06680,0.18440,0.02590,3840000,-1.00000,665956271352,0.00000
861,430,0,3.98330,0.00000,0.00000,0.01830,0,-1.00000,665956313500,0.00000
862,431,0,0.47840,2.96440,0.16530,0.02250,3840000,-1.00000,665956332543,0.00000
863,431,0,7.84200,0.00000,0.00000,0.02460,0,-1.00000,665956374286,0.00000
864,432,0,0.48070,2.91610,0.18930,0.02440,3840000,-1.00000,665956394095,0.00000
865,432,0,3.72810,0.00000,0.00000,0.01940,0,-1.00000,665956433939,0.00000
866,433,0,1.98470,2.96080,0.17670,0.02620,3840000,-1.00000,665956438714,0.00000
867,433,0,3.83430,0.00000,0.00000,0.02000,0,-1.00000,665956517141,0.00000
868,434,0,0.49430,2.85730,0.18410,0.02360,3840000,-1.00000,665956521932,0.00000
869,434,0,4.88140,0.00000,0.00000,0.02250,0,-1.00000,665956559222,0.00000
870,435,0,3.09520,2.86870,0.23150,0.02990,3840000,-1.00000,665956579066,0.00000
871,435,0,3.88909,0.00000,0.00000,0.02150,0,-1.00000,665956617419,0.00000
872,436,0,2.36901,2.78080,0.20150,0.02690,3840000,-1.00000,665956622346,0.00000
873,436,0,3.74780,0.00000,0.00000,0.01760,0,-1.00000,665956671180,0.00000
874,437,0,0.47780,2.81130,0.16250,0.02040,3840000,-1.00000,665956702127,0.00000
875,437,0,4.91991,0.00000,0.00000,0.01920,0,-1.00000,665956741019,0.00000
876,438,0,3.02980,2.70750,0.18630,0.02510,3840000,-1.00000,665956764701,0.00000
877,438,0,3.70900,0.00000,0.00000,0.01890,0,-1.00000,665956802183,0.00000
878,439,0,2.44670,3.27140,0.22090,0.03830,3840000,-1.00000,665956806950,0.00000
879,439,0,4.42190,0.00000,0.00000,0.02210,0,-1.00000,665956856158,0.00000
880,440,0,1.72930,2.90340,0.22060,0.02950,3840000,-1.00000,665956886454,0.00000
881,440,0,3.90150,0.00000,0.00000,0.01960,0,-1.00000,665956923545,0.00000
882,441,0,2.19471,2.93880,0.18850,0.02720,3840000,-1.00000,665956948016,0.00000
883,441,0,3.85599,0.00000,0.00000,0.02040,0,-1.00000,665956992250,0.00000
884,442,0,2.29311,2.72360,0.18960,0.02240,3840000,-1.00000,665957009525,0.00000
885,442,0,3.64870,0.00000,0.00000,0.01740,0,-1.00000,665957048541,0.00000
886,443,0,2.34920,2.71500,0.16690,0.02330,3840000,-1.00000,665957070480,0.00000
887,443,0,3.62200,0.00000,0.00000,0.02130,0,-1.00000,665957109051,0.00000
888,444,0,2.70140,2.69320,0.20820,0.02720,3840000,-1.00000,665957131971,0.00000
889,444,0,3.80551,0.00000,0.00000,0.01950,0,-1.00000,665957168459,0.00000
890,445,0,2.30920,2.76590,0.19740,0.03120,3840000,-1.00000,665957191948,0.00000
891,445,0,3.84800,0.00000,0.00000,0.02160,0,-1.00000,665957228182,0.00000
892,446,0,0.56740,2.85070,0.22120,0.02820,3840000,-1.00000,665957255194,0.00000
893,446,0,4.85260,0.00000,0.00000,0.01700,0,-1.00000,665957293246,0.00000
894,447,0,3.19880,2.85900,0.18300,0.02900,3840000,-1.00000,665957316329,0.00000
895,447,0,3.81580,0.00000,0.00000,0.01800,0,-1.00000,665957354843,0.00000
896,448,0,0.50760,2.90570,0.18620,0.02600,3840000,-1.00000,665957360492,0.00000
897,448,0,3.76740,0.00000,0.00000,0.02100,0,-1.00000,665957409023,0.00000
898,449,0,0.52850,2.93450,0.17750,0.02450,3840000,-1.00000,665957441009,0.00000
899,449,0,3.85270,0.00000,0.00000,0.01930,0,-1.00000,665957479166,0.00000
900,450,0,0.51410,3.02720,0.17810,0.02140,3840000,-1.00000,665957484234,0.00000
901,450,0,3.83660,0.00000,0.00000,0.01970,0,-1.00000,665957521913,0.00000
902,451,0,1.46440,2.86490,0.22330,0.03650,3840000,-1.00000,665957527194,0.00000
903,451,0,3.97520,0.00000,0.00000,0.01940,0,-1.00000,665957565724,0.00000
904,452,0,0.46670,2.85140,0.19770,0.02490,3840000,-1.00000,665957570860,0.00000
905,452,0,3.69600,0.00000,0.00000,0.02000,0,-1.00000,665957609235,0.00000
906,453,0,1.14820,2.84130,0.18370,0.02140,3840000,-1.00000,665957623870,0.00000
907,453,0,3.77360,0.00000,0.00000,0.02050,0,-1.00000,665957663643,0.00000
908,454,0,2.33280,2.94760,0.20380,0.02260,3840000,-1.00000,665957668286,0.00000
909,454,0,3.87300,0.00000,0.00000,0.02150,0,-1.00000,665957705257,0.00000
910,455,0,0.53450,2.99690,0.17100,0.02570,3840000,-1.00000,665957716733,0.00000
911,455,0,4.76900,0.00000,0.00000,0.02130,0,-1.00000,665957754484,0.00000
912,456,0,0.55710,3.04930,0.33880,0.02430,3840000,-1.00000,665957777796,0.00000
913,456,0,8.69211,0.00000,0.00000,0.02010,0,-1.00000,665957816534,0.00000
914,457,0,0.48090,2.88120,0.19590,0.03280,3840000,-1.00000,665957821867,0.00000
915,457,0,3.93070,0.00000,0.00000,0.02050,0,-1.00000,665957869578,0.00000
916,458,0,0.71660,4.12790,0.27160,0.05670,3840000,-1.00000,665957875131,0.00000
917,458,0,5.28230,0.00000,0.00000,0.02360,0,-1.00000,665957962062,0.00000
918,459,0,1.86790,3.01620,0.20470,0.04060,3840000,-1.00000,665957966859,0.00000
919,459,0,4.01680,0.00000,0.00000,0.01700,0,-1.00000,665958006192,0.00000
920,460,0,5.00110,2.89610,0.20400,0.02740,3840000,-1.00000,665958013350,0.00000
921,460,0,3.79960,0.00000,0.00000,0.02280,0,-1.00000,665958066189,0.00000
922,461,0,0.51730,2.87220,0.17500,0.02450,3840000,-1.00000,665958084844,0.00000
923,461,0,3.73370,0.00000,0.00000,0.01690,0,-1.00000,665958125007,0.00000
924,462,0,0.48110,2.82110,0.16670,0.02160,3840000,-1.00000,665958175022,0.00000
925,462,0,3.91220,0.00000,0.00000,0.01740,0,-1.00000,665958213021,0.00000
926,463,0,3.06460,2.97340,0.22210,0.03820,3840000,-1.00000,665958218180,0.00000
927,463,0,4.01130,0.00000,0.00000,0.02140,0,-1.00000,665958255530,0.00000
928,464,0,0.47590,3.14510,0.28730,0.02250,3840000,-1.00000,665958260335,0.00000
929,464,0,4.70770,0.00000,0.00000,0.01770,0,-1.00000,665958299461,0.00000
930,465,0,0.55820,2.86680,0.16380,0.02050,3840000,-1.00000,665958330121,0.00000
931,465,0,5.67151,0.00000,0.00000,0.01980,0,-1.00000,665958370223,0.00000
932,466,0,3.01020,2.92490,0.18850,0.02190,3840000,-1.00000,665958374971,0.00000
933,466,0,3.78430,0.00000,0.00000,0.01870,0,-1.00000,665958422053,0.00000
934,467,0,0.47900,2.84650,0.14690,0.01980,3840000,-1.00000,665958427632,0.00000
935,467,0,4.95730,0.00000,0.00000,0.02150,0,-1.00000,665958484358,0.00000
936,468,0,0.55600,2.89920,0.17220,0.02200,3840000,-1.00000,665958514449,0.00000
937,468,0,3.76140,0.00000,0.00000,0.01710,0,-1.00000,665958552291,0.00000
938,469,0,4.87049,2.94280,0.21270,0.04640,3840000,-1.00000,665958557075,0.00000
939,469,0,4.13920,0.00000,0.00000,0.03310,0,-1.00000,665958606661,0.00000
940,470,0,5.20400,2.95070,0.21290,0.03290,3840000,-1.00000,665958612213,0.00000
941,470,0,3.92670,0.00000,0.00000,0.02510,0,-1.00000,665958649828,0.00000
942,471,0,0.55110,2.86290,0.19590,0.03100,3840000,-1.00000,665958698566,0.00000
943,471,0,3.82020,0.00000,0.00000,0.02140,0,-1.00000,665958739932,0.00000
944,472,0,0.70260,2.88790,0.24090,0.02880,3840000,-1.00000,665958791972,0.00000
945,472,0,3.94950,0.00000,0.00000,0.01760,0,-1.00000,665958831256,0.00000
946,473,0,0.48610,3.54170,0.18000,0.02640,3840000,-1.00000,665958836743,0.00000
947,473,0,4.80440,0.00000,0.00000,0.02480,0,-1.00000,665958874962,0.00000
948,474,0,0.56901,2.96300,0.24930,0.04000,3840000,-1.00000,665958881976,0.00000
949,474,0,4.06490,0.00000,0.00000,0.02070,0,-1.00000,665958921472,0.00000
950,475,0,1.41190,2.97570,0.17670,0.03000,3840000,-1.00000,665958926327,0.00000
951,475,0,3.90630,0.00000,0.00000,0.01740,0,-1.00000,665958974409,0.00000
952,476,0,0.50330,3.02770,0.19630,0.03080,3840000,-1.00000,665958980071,0.00000
953,476,0,4.93580,0.00000,0.00000,0.02400,0,-1.00000,665959020724,0.00000
954,477,0,3.01881,2.93040,0.16740,0.02150,3840000,-1.00000,665959034835,0.00000
955,477,0,3.94320,0.00000,0.00000,0.01630,0,-1.00000,665959073898,0.00000
956,478,0,2.31980,2.86330,0.16210,0.02330,3840000,-1.00000,665959078926,0.00000
957,478,0,3.76570,0.00000,0.00000,0.01820,0,-1.00000,665959128293,0.00000
958,479,0,0.51370,3.37120,0.20140,0.03150,3840000,-1.00000,665959158474,0.00000
959,479,0,4.74540,0.00000,0.00000,0.01990,0,-1.00000,665959197909,0.00000
960,480,0,6.18890,2.96300,0.20720,0.03640,3840000,-1.00000,665959221101,0.00000
961,480,0,4.03501,0.00000,0.00000,0.02420,0,-1.00000,665959258756,0.00000
962,481,0,2.10050,2.91340,0.18220,0.02490,3840000,-1.00000,665959263897,0.00000
963,481,0,3.78290,0.00000,0.00000,0.02350,0,-1.00000,665959311360,0.00000
964,482,0,2.31660,2.87540,0.18720,0.02190,3840000,-1.00000,665959373256,0.00000
965,482,0,3.85450,0.00000,0.00000,0.01730,0,-1.00000,665959413602,0.00000
966,483,0,0.54790,3.08650,0.13500,0.02250,3840000,-1.00000,665959434594,0.00000
967,483,0,4.76470,0.00000,0.00000,0.01790,0,-1.00000,665959472435,0.00000
968,484,0,6.21490,2.96450,0.19600,0.03880,3840000,-1.00000,665959495589,0.00000
969,484,0,4.19900,0.00000,0.00000,0.02240,0,-1.00000,665959534135,0.00000
970,485,0,1.98870,2.97840,0.16760,0.02530,3840000,-1.00000,665959539611,0.00000
971,485,0,3.93030,0.00000,0.00000,0.02290,0,-1.00000,665959587269,0.00000
972,486,0,2.26360,2.83940,0.17580,0.02320,3840000,-1.00000,665959649423,0.00000
973,486,0,3.75730,0.00000,0.00000,0.01890,0,-1.00000,665959691409,0.00000
974,487,0,0.51290,2.88840,0.15770,0.02030,3840000,-1.00000,665959711284,0.00000
975,487,0,4.76650,0.00000,0.00000,0.01720,0,-1.00000,665959750600,0.00000
976,488,0,0.49440,3.03000,0.19550,0.02400,3840000,-1.00000,665959773227,0.00000
977,488,0,3.88930,0.00000,0.00000,0.02920,0,-1.00000,665959810806,0.00000
978,489,0,4.79080,2.91160,0.15250,0.02220,3840000,-1.00000,665959815925,0.00000
979,489,0,3.84031,0.00000,0.00000,0.01640,0,-1.00000,665959863597,0.00000
980,490,0,5.41710,2.77560,0.22560,0.04540,3840000,-1.00000,665959868534,0.00000
981,490,0,3.90040,0.00000,0.00000,0.01720,0,-1.00000,665959907432,0.00000
982,491,0,0.47490,2.76260,0.18550,0.02420,3840000,-1.00000,665959955335,0.00000
983,491,0,3.64630,0.00000,0.00000,0.01930,0,-1.00000,665959993740,0.00000
984,492,0,1.17360,2.87230,0.14590,0.02000,3840000,-1.00000,665960047939,0.00000
985,492,0,3.73620,0.00000,0.00000,0.01870,0,-1.00000,665960086927,0.00000
986,493,0,5.36820,2.76840,0.30930,0.06140,3840000,-1.00000,665960091663,0.00000
987,493,0,4.05760,0.00000,0.00000,0.02270,0,-1.00000,665960128130,0.00000
988,494,0,0.59860,2.88740,0.29290,0.04040,3840000,-1.00000,665960139865,0.00000
989,494,0,4.44610,0.00000,0.00000,0.05650,0,-1.00000,665960177227,0.00000
990,495,0,3.19410,2.98620,0.24630,0.05610,3840000,-1.00000,665960230953,0.00000
991,495,0,4.15070,0.00000,0.00000,0.02400,0,-1.00000,665960271520,0.00000
992,496,0,2.06520,2.96190,0.27440,0.05440,3840000,-1.00000,665960277468,0.00000
993,496,0,4.18530,0.00000,0.00000,0.02320,0,-1.00000,665960321972,0.00000
994,497,0,7.99610,2.94250,0.20490,0.03780,3840000,-1.00000,665960353884,0.00000
995,497,0,3.98000,0.00000,0.00000,0.02420,0,-1.00000,665960395408,0.00000
996,498,0,2.10300,2.88460,0.19190,0.02320,3840000,-1.00000,665960416042,0.00000
997,498,0,3.80470,0.00000,0.00000,0.02910,0,-1.00000,665960457914,0.00000
998,499,0,0.62730,2.90000,0.18150,0.02910,3840000,-1.00000,665960537861,0.00000
999,499,0,4.07150,0.00000,0.00000,0.02010,0,-1.00000,665960577647,0.00000
1000,500,0,3.80280,2.91190,0.21250,0.02380,3840000,-1.00000,665960598674,0.00000
1001,500,0,3.87880,0.00000,0.00000,0.02190,0,-1.00000,665960636727,0.00000
1002,501,0,2.22000,3.07480,0.16470,0.02500,3840000,-1.00000,665960642996,0.00000
1003,501,0,3.92670,0.00000,0.00000,0.02160,0,-1.00000,665960683724,0.00000
1004,502,0,0.51110,3.02430,0.17480,0.02390,3840000,-1.00000,665960721745,0.00000
1005,502,0,3.86910,0.00000,0.00000,0.01760,0,-1.00000,665960760525,0.00000
1006,503,0,0.48360,3.05640,0.16430,0.02310,3840000,-1.00000,665960782723,0.00000
1007,503,0,3.89370,0.00000,0.00000,0.01770,0,-1.00000,665960821996,0.00000
1008,504,0,2.63750,3.00880,0.21680,0.04270,3840000,-1.00000,665960827092,0.00000
1009,504,0,4.20710,0.00000,0.00000,0.02120,0,-1.00000,665960865797,0.00000
1010,505,0,1.96280,2.95500,0.21630,0.02710,3840000,-1.00000,665960870625,0.00000
1011,505,0,3.86380,0.00000,0.00000,0.01840,0,-1.00000,665960909569,0.00000
1012,506,0,0.43760,3.00360,0.24260,0.02230,3840000,-1.00000,665960935942,0.00000
1013,506,0,4.86300,0.00000,0.00000,0.02070,0,-1.00000,665960978026,0.00000
1014,507,0,7.48739,3.03860,0.20930,0.03300,3840000,-1.00000,665960997646,0.00000
1015,507,0,4.03300,0.00000,0.00000,0.02580,0,-1.00000,665961036281,0.00000
1016,508,0,0.54820,2.91110,0.22290,0.01870,3840000,-1.00000,665961040651,0.00000
1017,508,0,3.78890,0.00000,0.00000,0.01620,0,-1.00000,665961089299,0.00000
1018,509,0,0.47180,3.00980,0.16960,0.02640,3840000,-1.00000,665961164181,0.00000
1019,509,0,5.17161,0.00000,0.00000,0.02120,0,-1.00000,665961204503,0.00000
1020,510,0,0.48999,2.96220,0.20130,0.03190,3840000,-1.00000,665961209971,0.00000
1021,510,0,3.99420,0.00000,0.00000,0.02010,0,-1.00000,665961247859,0.00000
1022,511,0,1.82660,3.04440,0.19630,0.02770,3840000,-1.00000,665961252583,0.00000
1023,511,0,4.08500,0.00000,0.00000,0.02390,0,-1.00000,665961304302,0.00000
1024,512,0,4.93090,2.98690,0.17230,0.02200,3840000,-1.00000,665961309193,0.00000
1025,512,0,3.82791,0.00000,0.00000,0.01630,0,-1.00000,665961349155,0.00000
1026,513,0,0.47650,2.90720,0.15220,0.02280,3840000,-1.00000,665961367406,0.00000
1027,513,0,3.75930,0.00000,0.00000,0.01770,0,-1.00000,665961408262,0.00000
1028,514,0,1.24930,2.95660,0.19520,0.03020,3840000,-1.00000,665961457564,0.00000
1029,514,0,3.88430,0.00000,0.00000,0.02200,0,-1.00000,665961495850,0.00000
1030,515,0,0.53350,3.09600,0.20330,0.02960,3840000,-1.00000,665961500633,0.00000
1031,515,0,4.08650,0.00000,0.00000,0.02190,0,-1.00000,665961538204,0.00000
1032,516,0,0.52510,2.97980,0.24750,0.03050,3840000,-1.00000,665961550693,0.00000
1033,516,0,3.92530,0.00000,0.00000,0.02020,0,-1.00000,665961589547,0.00000
1034,517,0,0.52380,3.30580,0.22100,0.03300,3840000,-1.00000,665961594914,0.00000
1035,517,0,4.64100,0.00000,0.00000,0.01920,0,-1.00000,665961635752,0.00000
1036,518,0,9.35670,3.05400,0.26010,0.03580,3840000,-1.00000,665961640985,0.00000
1037,518,0,4.24740,0.00000,0.00000,0.02010,0,-1.00000,665961680292,0.00000
1038,519,0,0.55680,3.06150,0.16750,0.02420,3840000,-1.00000,665961685474,0.00000
1039,519,0,3.88770,0.00000,0.00000,0.01850,0,-1.00000,665961731953,0.00000
1040,520,0,0.50770,2.91380,0.16420,0.02180,3840000,-1.00000,665961825461,0.00000
1041,520,0,3.78710,0.00000,0.00000,0.01680,0,-1.00000,665961867932,0.00000
1042,521,0,2.33660,3.11820,0.37880,0.05140,3840000,-1.00000,665961873497,0.00000
1043,521,0,4.44510,0.00000,0.00000,0.02110,0,-1.00000,665961912378,0.00000
1044,522,0,4.77690,3.01740,0.21350,0.02680,3840000,-1.00000,665961917445,0.00000
1045,522,0,3.88280,0.00000,0.00000,0.01730,0,-1.00000,665961955317,0.00000
1046,523,0,0.49710,2.95480,0.17030,0.02550,3840000,-1.00000,665961978685,0.00000
1047,523,0,3.74020,0.00000,0.00000,0.01740,0,-1.00000,665962023156,0.00000
1048,524,0,1.06049,2.96810,0.18400,0.02640,3840000,-1.00000,665962070910,0.00000
1049,524,0,3.78610,0.00000,0.00000,0.02010,0,-1.00000,665962109736,0.00000
1050,525,0,5.45740,3.05670,0.14180,0.02190,3840000,-1.00000,665962114703,0.00000
1051,525,0,3.82190,0.00000,0.00000,0.02050,0,-1.00000,665962152110,0.00000
1052,526,0,0.50380,3.10490,0.22950,0.04540,3840000,-1.00000,665962162716,0.00000
1053,526,0,4.17130,0.00000,0.00000,0.02270,0,-1.00000,665962200573,0.00000
1054,527,0,0.54510,3.00110,0.20700,0.02530,3840000,-1.00000,665962255150,0.00000
1055,527,0,3.89450,0.00000,0.00000,0.02090,0,-1.00000,665962293366,0.00000
1056,528,0,6.91250,3.20690,0.19900,0.02730,3840000,-1.00000,665962298408,0.00000
1057,528,0,4.05580,0.00000,0.00000,0.01860,0,-1.00000,665962340147,0.00000
1058,529,0,0.40300,3.06380,0.21920,0.01980,3840000,-1.00000,665962345572,0.00000
1059,529,0,3.88800,0.00000,0.00000,0.03850,0,-1.00000,665962384520,0.00000
1060,530,0,5.50519,3.06010,0.17480,0.02690,3840000,-1.00000,665962453725,0.00000
1061,530,0,3.84581,0.00000,0.00000,0.01800,0,-1.00000,665962494204,0.00000
1062,531,0,0.41550,3.00540,0.19310,0.02980,3840000,-1.00000,665962498221,0.00000
1063,531,0,3.91350,0.00000,0.00000,0.02040,0,-1.00000,665962537110,0.00000
1064,532,0,0.53820,3.09620,0.18740,0.02610,3840000,-1.00000,665962592161,0.00000
1065,532,0,9.72760,0.00000,0.00000,0.02470,0,-1.00000,665962630620,0.00000
1066,533,0,0.56860,3.13370,0.29690,0.06640,3840000,-1.00000,665962634765,0.00000
1067,533,0,4.33740,0.00000,0.00000,0.02350,0,-1.00000,665962673921,0.00000
1068,534,0,1.42100,3.00610,0.21190,0.03680,3840000,-1.00000,665962679296,0.00000
1069,534,0,3.97900,0.00000,0.00000,0.01890,0,-1.00000,665962776590,0.00000
1070,535,0,1.96239,3.29740,0.17950,0.02500,3840000,-1.00000,665962782259,0.00000
1071,535,0,4.30860,0.00000,0.00000,0.02160,0,-1.00000,665962825655,0.00000
1072,536,0,0.49520,3.13500,0.21430,0.03370,3840000,-1.00000,665962839845,0.00000
1073,536,0,4.14560,0.00000,0.00000,0.02680,0,-1.00000,665962879630,0.00000
1074,537,0,0.43130,2.95880,0.20060,0.02420,3840000,-1.00000,665962899250,0.00000
1075,537,0,3.74170,0.00000,0.00000,0.01880,0,-1.00000,665962942340,0.00000
1076,538,0,0.38600,2.98220,0.25770,0.02070,3840000,-1.00000,665962947287,0.00000
1077,538,0,5.17230,0.00000,0.00000,0.02060,0,-1.00000,665962988772,0.00000
1078,539,0,0.35930,2.98210,0.16790,0.02090,3840000,-1.00000,665962993056,0.00000
1079,539,0,5.51710,0.00000,0.00000,0.02180,0,-1.00000,665963030476,0.00000
1080,540,0,3.12220,2.99810,0.17330,0.02520,3840000,-1.00000,665963034334,0.00000
1081,540,0,3.89040,0.00000,0.00000,0.01770,0,-1.00000,665963086063,0.00000
1082,541,0,2.18480,2.97000,0.16840,0.02120,3840000,-1.00000,665963089650,0.00000
1083,541,0,3.74430,0.00000,0.00000,0.01730,0,-1.00000,665963144826,0.00000
1084,542,0,0.42670,3.05530,0.18770,0.02550,3840000,-1.00000,665963176047,0.00000
1085,542,0,5.10750,0.00000,0.00000,0.03970,0,-1.00000,665963214953,0.00000
1086,543,0,3.10291,3.11580,0.32350,0.04640,3840000,-1.00000,665963236795,0.00000
1087,543,0,4.19179,0.00000,0.00000,0.02440,0,-1.00000,665963274237,0.00000
1088,544,0,0.53241,3.23670,0.18230,0.02740,3840000,-1.00000,665963278505,0.00000
1089,544,0,4.04480,0.00000,0.00000,0.02160,0,-1.00000,665963329614,0.00000
1090,545,0,0.35410,3.25230,0.20230,0.02630,3840000,-1.00000,665963360622,0.00000
1091,545,0,3.98520,0.00000,0.00000,0.02100,0,-1.00000,665963402552,0.00000
1092,546,0,2.21090,3.06960,0.22460,0.02780,3840000,-1.00000,665963407849,0.00000
1093,546,0,3.89910,0.00000,0.00000,0.02570,0,-1.00000,665963448305,0.00000
1094,547,0,2.35530,2.98870,0.17250,0.02420,3840000,-1.00000,665963451840,0.00000
1095,547,0,3.77140,0.00000,0.00000,0.02340,0,-1.00000,665963491696,0.00000
1096,548,0,2.08940,3.08820,0.21810,0.03440,3840000,-1.00000,665963513801,0.00000
1097,548,0,4.09070,0.00000,0.00000,0.02270,0,-1.00000,665963552802,0.00000
1098,549,0,6.77000,3.07310,0.18730,0.02760,3840000,-1.00000,665963576345,0.00000
1099,549,0,3.88200,0.00000,0.00000,0.02140,0,-1.00000,665963614065,0.00000
1100,550,0,0.43350,3.12060,0.21140,0.02460,3840000,-1.00000,665963634956,0.00000
1101,550,0,3.96859,0.00000,0.00000,0.01950,0,-1.00000,665963675880,0.00000
1102,551,0,5.45190,3.08600,0.16750,0.02470,3840000,-1.00000,665963743697,0.00000
1103,551,0,3.91441,0.00000,0.00000,0.01710,0,-1.00000,665963782387,0.00000
1104,552,0,0.41510,3.05690,0.16170,0.01980,3840000,-1.00000,665963786710,0.00000
1105,552,0,3.76139,0.00000,0.00000,0.01680,0,-1.00000,665963826405,0.00000
1106,553,0,0.38680,3.09330,0.17180,0.02580,3840000,-1.00000,665963880922,0.00000
1107,553,0,4.09201,0.00000,0.00000,0.02340,0,-1.00000,665963920079,0.00000
1108,554,0,3.02080,3.09570,0.21300,0.02930,3840000,-1.00000,665963924212,0.00000
1109,554,0,3.97420,0.00000,0.00000,0.02170,0,-1.00000,665963961828,0.00000
1110,555,0,0.46190,3.12580,0.17720,0.02280,3840000,-1.00000,665963965690,0.00000
1111,555,0,3.87840,0.00000,0.00000,0.01860,0,-1.00000,665964006632,0.00000
1112,556,0,1.02980,3.16070,0.17810,0.02250,3840000,-1.00000,665964036836,0.00000
1113,556,0,3.88650,0.00000,0.00000,0.04350,0,-1.00000,665964076573,0.00000
1114,557,0,0.43620,3.01970,0.15710,0.02360,3840000,-1.00000,665964081179,0.00000
1115,557,0,4.77200,0.00000,0.00000,0.01910,0,-1.00000,665964119969,0.00000
1116,558,0,2.93410,3.13590,0.15300,0.02330,3840000,-1.00000,665964130265,0.00000
1117,558,0,3.91130,0.00000,0.00000,0.02120,0,-1.00000,665964169133,0.00000
1118,559,0,0.39790,3.31270,0.19740,0.04140,3840000,-1.00000,665964173496,0.00000
1119,559,0,4.29930,0.00000,0.00000,0.02010,0,-1.00000,665964221217,0.00000
1120,560,0,3.70850,3.10630,0.19120,0.02260,3840000,-1.00000,665964250555,0.00000
1121,560,0,3.88310,0.00000,0.00000,0.01660,0,-1.00000,665964289672,0.00000
1122,561,0,0.39110,3.05530,0.15820,0.02730,3840000,-1.00000,665964293641,0.00000
1123,561,0,3.77110,0.00000,0.00000,0.01770,0,-1.00000,665964336655,0.00000
1124,562,0,0.35291,3.13240,0.20870,0.02880,3840000,-1.00000,665964373725,0.00000
1125,562,0,4.21470,0.00000,0.00000,0.01940,0,-1.00000,665964412555,0.00000
1126,563,0,0.34490,3.10430,0.20140,0.02070,3840000,-1.00000,665964416467,0.00000
1127,563,0,5.62550,0.00000,0.00000,0.01550,0,-1.00000,665964454177,0.00000
1128,564,0,6.20130,2.88200,0.19560,0.02420,3840000,-1.00000,665964457702,0.00000
1129,564,0,3.63190,0.00000,0.00000,0.01630,0,-1.00000,665964499857,0.00000
1130,565,0,2.49380,3.19780,0.25780,0.06390,3840000,-1.00000,665964503298,0.00000
1131,565,0,4.30280,0.00000,0.00000,0.02410,0,-1.00000,665964559556,0.00000
1132,566,0,1.88761,3.03740,0.20380,0.08890,3840000,-1.00000,665964621575,0.00000
1133,566,0,3.99709,0.00000,0.00000,0.01760,0,-1.00000,665964657887,0.00000
1134,567,0,2.11260,3.04130,0.16850,0.02350,3840000,-1.00000,665964682838,0.00000
1135,567,0,3.87370,0.00000,0.00000,0.01790,0,-1.00000,665964725858,0.00000
1136,568,0,2.45130,2.93380,0.17870,0.02130,3840000,-1.00000,665964744733,0.00000
1137,568,0,3.63300,0.00000,0.00000,0.01880,0,-1.00000,665964784707,0.00000
1138,569,0,0.42791,3.30080,0.16350,0.02280,3840000,-1.00000,665964805827,0.00000
1139,569,0,5.06820,0.00000,0.00000,0.01550,0,-1.00000,665964844564,0.00000
1140,570,0,7.53320,2.90950,0.22690,0.03580,3840000,-1.00000,665964869082,0.00000
1141,570,0,3.80220,0.00000,0.00000,0.01980,0,-1.00000,665964905415,0.00000
1142,571,0,0.40270,3.23640,0.24850,0.02980,3840000,-1.00000,665964909689,0.00000
1143,571,0,4.11000,0.00000,0.00000,0.01900,0,-1.00000,665964960375,0.00000
1144,572,0,0.34010,3.11690,0.17890,0.02300,3840000,-1.00000,665965035719,0.00000
1145,572,0,8.45170,0.00000,0.00000,0.01970,0,-1.00000,665965073726,0.00000
1146,573,0,0.34360,3.35350,0.17270,0.02390,3840000,-1.00000,665965077746,0.00000
1147,573,0,4.17640,0.00000,0.00000,0.02170,0,-1.00000,665965118855,0.00000
1148,574,0,7.78030,3.10700,0.22930,0.04050,3840000,-1.00000,665965122254,0.00000
1149,574,0,4.01690,0.00000,0.00000,0.01910,0,-1.00000,665965206770,0.00000
1150,575,0,2.13310,3.17990,0.16890,0.02440,3840000,-1.00000,665965210205,0.00000
1151,575,0,3.94490,0.00000,0.00000,0.01800,0,-1.00000,665965251974,0.00000
1152,576,0,0.36600,3.13810,0.17300,0.02180,3840000,-1.00000,665965329775,0.00000
1153,576,0,3.84360,0.00000,0.00000,0.02260,0,-1.00000,665965369954,0.00000
1154,577,0,1.11230,3.20320,0.15700,0.02220,3840000,-1.00000,665965391271,0.00000
1155,577,0,3.98600,0.00000,0.00000,0.01680,0,-1.00000,665965430721,0.00000
1156,578,0,0.31970,3.16350,0.15120,0.02640,3840000,-1.00000,665965434379,0.00000
1157,578,0,3.84020,0.00000,0.00000,0.01860,0,-1.00000,665965472820,0.00000
1158,579,0,1.16720,3.16510,0.16690,0.02390,3840000,-1.00000,665965483938,0.00000
1159,579,0,3.91870,0.00000,0.00000,0.01860,0,-1.00000,665965523798,0.00000
1160,580,0,0.35840,3.13560,0.21540,0.03230,3840000,-1.00000,665965526999,0.00000
1161,580,0,4.04740,0.00000,0.00000,0.02160,0,-1.00000,665965565398,0.00000
1162,581,0,0.39170,3.25090,0.18700,0.02520,3840000,-1.00000,665965577073,0.00000
1163,581,0,4.06690,0.00000,0.00000,0.01740,0,-1.00000,665965616259,0.00000
1164,582,0,2.54619,3.15600,0.16770,0.02020,3840000,-1.00000,665965619838,0.00000
1165,582,0,3.83560,0.00000,0.00000,0.01710,0,-1.00000,665965660340,0.00000
1166,583,0,2.32670,3.22820,0.15600,0.02280,3840000,-1.00000,665965664233,0.00000
1167,583,0,3.92180,0.00000,0.00000,0.01700,0,-1.00000,665965704907,0.00000
1168,584,0,8.28389,3.24610,0.18390,0.02560,3840000,-1.00000,665965730360,0.00000
1169,584,0,3.99680,0.00000,0.00000,0.01670,0,-1.00000,665965768717,0.00000
1170,585,0,0.36410,3.18860,0.16710,0.02180,3840000,-1.00000,665965791983,0.00000
1171,585,0,3.93620,0.00000,0.00000,0.02300,0,-1.00000,665965831206,0.00000
1172,586,0,0.42050,3.27430,0.26920,0.03950,3840000,-1.00000,665965914046,0.00000
1173,586,0,4.19080,0.00000,0.00000,0.02000,0,-1.00000,665965954009,0.00000
1174,587,0,0.39250,3.23480,0.16530,0.01990,3840000,-1.00000,665965957646,0.00000
1175,587,0,3.89950,0.00000,0.00000,0.01710,0,-1.00000,665965997023,0.00000
1176,588,0,4.58630,3.39460,0.13990,0.02420,3840000,-1.00000,665966001223,0.00000
1177,588,0,4.35110,0.00000,0.00000,0.01890,0,-1.00000,665966043141,0.00000
1178,589,0,0.43340,3.11870,0.14150,0.02240,3840000,-1.00000,665966047051,0.00000
1179,589,0,3.89491,0.00000,0.00000,0.02110,0,-1.00000,665966086044,0.00000
1180,590,0,0.38649,3.16960,0.16840,0.02410,3840000,-1.00000,665966131919,0.00000
1181,590,0,3.93540,0.00000,0.00000,0.01530,0,-1.00000,665966175428,0.00000
1182,591,0,8.38780,3.48580,0.16840,0.03820,3840000,-1.00000,665966179760,0.00000
1183,591,0,4.41280,0.00000,0.00000,0.02480,0,-1.00000,665966218716,0.00000
1184,592,0,0.48490,3.35670,0.14210,0.02190,3840000,-1.00000,665966222569,0.00000
1185,592,0,4.15280,0.00000,0.00000,0.01900,0,-1.00000,665966261924,0.00000
1186,593,0,3.27950,3.21770,0.15180,0.02630,3840000,-1.00000,665966345820,0.00000
1187,593,0,4.06410,0.00000,0.00000,0.01740,0,-1.00000,665966389939,0.00000
1188,594,0,0.45030,3.17120,0.13790,0.01990,3840000,-1.00000,665966394780,0.00000
1189,594,0,3.91070,0.00000,0.00000,0.02210,0,-1.00000,665966436316,0.00000
1190,595,0,4.07030,3.18810,0.18240,0.02550,3840000,-1.00000,665966469101,0.00000
1191,595,0,3.99450,0.00000,0.00000,0.03770,0,-1.00000,665966509750,0.00000
1192,596,0,2.16780,3.30050,0.22400,0.04720,3840000,-1.00000,665966514246,0.00000
1193,596,0,4.25860,0.00000,0.00000,0.02300,0,-1.00000,665966553365,0.00000
1194,597,0,1.97380,3.06440,0.17680,0.02240,3840000,-1.00000,665966594056,0.00000
1195,597,0,3.88680,0.00000,0.00000,0.02270,0,-1.00000,665966634015,0.00000
1196,598,0,0.41120,3.43580,0.21980,0.02570,3840000,-1.00000,665966655679,0.00000
1197,598,0,4.82129,0.00000,0.00000,0.01840,0,-1.00000,665966698296,0.00000
1198,599,0,0.44041,3.28760,0.17720,0.02340,3840000,-1.00000,665966718002,0.00000
1199,599,0,4.08720,0.00000,0.00000,0.02090,0,-1.00000,665966756875,0.00000
1200,600,0,4.72100,3.06970,0.16930,0.02080,3840000,-1.00000,665966760991,0.00000
1201,600,0,3.86280,0.00000,0.00000,0.02200,0,-1.00000,665966809205,0.00000
1202,601,0,5.38340,3.13870,0.21510,0.03550,3840000,-1.00000,665966813597,0.00000
1203,601,0,4.01820,0.00000,0.00000,0.02200,0,-1.00000,665966854480,0.00000
1204,602,0,5.03580,3.37170,0.20270,0.02910,3840000,-1.00000,665966901680,0.00000
1205,602,0,4.15930,0.00000,0.00000,0.01800,0,-1.00000,665966940310,0.00000
1206,603,0,0.37290,3.11810,0.17050,0.02230,3840000,-1.00000,665966994162,0.00000
1207,603,0,3.89840,0.00000,0.00000,0.01990,0,-1.00000,665967034336,0.00000
1208,604,0,0.37350,3.12690,0.16730,0.01900,3840000,-1.00000,665967084683,0.00000
1209,604,0,3.84240,0.00000,0.00000,0.02100,0,-1.00000,665967126283,0.00000
1210,605,0,2.92420,3.45790,0.16870,0.02470,3840000,-1.00000,665967129999,0.00000
1211,605,0,4.27200,0.00000,0.00000,0.01490,0,-1.00000,665967168992,0.00000
1212,606,0,0.36510,3.21150,0.13380,0.02280,3840000,-1.00000,665967172723,0.00000
1213,606,0,7.69630,0.00000,0.00000,0.02680,0,-1.00000,665967211154,0.00000
1214,607,0,0.44930,3.32180,0.19880,0.02460,3840000,-1.00000,665967240389,0.00000
1215,607,0,4.35240,0.00000,0.00000,0.01790,0,-1.00000,665967283107,0.00000
1216,608,0,4.36600,3.31660,0.20750,0.02470,3840000,-1.00000,665967286757,0.00000
1217,608,0,4.18570,0.00000,0.00000,0.01880,0,-1.00000,665967363751,0.00000
1218,609,0,0.44009,3.18130,0.16850,0.02130,3840000,-1.00000,665967368212,0.00000
1219,609,0,3.95281,0.00000,0.00000,0.02100,0,-1.00000,665967411755,0.00000
1220,610,0,3.88090,3.38020,0.19510,0.02620,3840000,-1.00000,665967455406,0.00000
1221,610,0,4.19920,0.00000,0.00000,0.01800,0,-1.00000,665967497314,0.00000
1222,611,0,0.48600,3.47150,0.18500,0.03700,3840000,-1.00000,665967501660,0.00000
1223,611,0,4.55789,0.00000,0.00000,0.01970,0,-1.00000,665967541196,0.00000
1224,612,0,0.48690,3.22940,0.19230,0.02310,3840000,-1.00000,665967580061,0.00000
1225,612,0,4.01700,0.00000,0.00000,0.01890,0,-1.00000,665967621993,0.00000
1226,613,0,0.46060,3.42460,0.15440,0.02530,3840000,-1.00000,665967626852,0.00000
1227,613,0,4.28680,0.00000,0.00000,0.01910,0,-1.00000,665967672449,0.00000
1228,614,0,6.17480,3.29340,0.15450,0.02330,3840000,-1.00000,665967677304,0.00000
1229,614,0,4.11740,0.00000,0.00000,0.01920,0,-1.00000,665967717476,0.00000
1230,615,0,0.51490,3.20860,0.16960,0.02270,3840000,-1.00000,665967722074,0.00000
1231,615,0,3.97840,0.00000,0.00000,0.01970,0,-1.00000,665967764947,0.00000
1232,616,0,0.44290,3.46980,0.14000,0.02080,3840000,-1.00000,665967826690,0.00000
1233,616,0,4.19439,0.00000,0.00000,0.02080,0,-1.00000,665967867867,0.00000
1234,617,0,0.43051,3.14840,0.16120,0.02260,3840000,-1.00000,665967873011,0.00000
1235,617,0,4.01690,0.00000,0.00000,0.02190,0,-1.00000,665967912805,0.00000
1236,618,0,0.55990,3.53070,0.19110,0.03080,3840000,-1.00000,665967917226,0.00000
1237,618,0,4.44030,0.00000,0.00000,0.02240,0,-1.00000,665967959177,0.00000
1238,619,0,1.72000,3.27250,0.15520,0.02260,3840000,-1.00000,665967963476,0.00000
1239,619,0,4.10440,0.00000,0.00000,0.01850,0,-1.00000,665968003656,0.00000
1240,620,0,0.52380,3.26030,0.14180,0.02040,3840000,-1.00000,665968009244,0.00000
1241,620,0,3.95870,0.00000,0.00000,0.01860,0,-1.00000,665968053672,0.00000
1242,621,0,3.75280,3.57450,0.12530,0.02310,3840000,-1.00000,665968070847,0.00000
1243,621,0,4.40660,0.00000,0.00000,0.02250,0,-1.00000,665968111899,0.00000
1244,622,0,0.48280,3.24860,0.14830,0.02120,3840000,-1.00000,665968117128,0.00000
1245,622,0,3.95010,0.00000,0.00000,0.01830,0,-1.00000,665968156719,0.00000
1246,623,0,0.37400,3.23230,0.21000,0.03490,3840000,-1.00000,665968194242,0.00000
1247,623,0,4.22760,0.00000,0.00000,0.02300,0,-1.00000,665968238320,0.00000
1248,624,0,4.87470,3.36210,0.15490,0.02390,3840000,-1.00000,665968243137,0.00000
1249,624,0,4.13560,0.00000,0.00000,0.02310,0,-1.00000,665968282645,0.00000
1250,625,0,0.44790,3.42720,0.15180,0.02210,3840000,-1.00000,665968286374,0.00000
1251,625,0,4.18720,0.00000,0.00000,0.02060,0,-1.00000,665968328672,0.00000
1252,626,0,0.46419,3.41520,0.15270,0.02340,3840000,-1.00000,665968377402,0.00000
1253,626,0,4.18700,0.00000,0.00000,0.01870,0,-1.00000,665968418762,0.00000
1254,627,0,0.42420,3.11870,0.16170,0.02330,3840000,-1.00000,665968423237,0.00000
1255,627,0,4.90860,0.00000,0.00000,0.01890,0,-1.00000,665968465116,0.00000
1256,628,0,0.51280,3.14200,0.14600,0.01940,3840000,-1.00000,665968469750,0.00000
1257,628,0,3.83530,0.00000,0.00000,0.01790,0,-1.00000,665968511629,0.00000
1258,629,0,0.36750,3.47990,0.13020,0.01980,3840000,-1.00000,665968515859,0.00000
1259,629,0,7.29420,0.00000,0.00000,0.03040,0,-1.00000,665968564958,0.00000
1260,630,0,0.56040,3.15650,0.19600,0.02260,3840000,-1.00000,665968570078,0.00000
1261,630,0,4.09040,0.00000,0.00000,0.02090,0,-1.00000,665968608430,0.00000
1262,631,0,0.44360,3.18560,0.16690,0.01960,3840000,-1.00000,665968612101,0.00000
1263,631,0,3.94680,0.00000,0.00000,0.02070,0,-1.00000,665968685069,0.00000
1264,632,0,0.45670,3.19940,0.18280,0.02220,3840000,-1.00000,665968690652,0.00000
1265,632,0,4.03460,0.00000,0.00000,0.01950,0,-1.00000,665968731564,0.00000
1266,633,0,2.02650,3.36260,0.19610,0.04590,3840000,-1.00000,665968735990,0.00000
1267,633,0,4.36130,0.00000,0.00000,0.02480,0,-1.00000,665968775461,0.00000
1268,634,0,1.85050,3.11640,0.18730,0.02130,3840000,-1.00000,665968780021,0.00000
1269,634,0,3.89900,0.00000,0.00000,0.01810,0,-1.00000,665968820378,0.00000
1270,635,0,5.38710,3.32750,0.17720,0.04280,3840000,-1.00000,665968840655,0.00000
1271,635,0,4.22420,0.00000,0.00000,0.02020,0,-1.00000,665968884262,0.00000
1272,636,0,0.38241,3.11620,0.16740,0.01900,3840000,-1.00000,665968902758,0.00000
1273,636,0,3.78300,0.00000,0.00000,0.01700,0,-1.00000,665968941742,0.00000
1274,637,0,0.76780,3.27700,0.17180,0.02200,3840000,-1.00000,665968995644,0.00000
1275,637,0,4.13120,0.00000,0.00000,0.01850,0,-1.00000,665969037867,0.00000
1276,638,0,4.99220,3.19740,0.19790,0.03240,3840000,-1.00000,665969041675,0.00000
1277,638,0,4.04600,0.00000,0.00000,0.01870,0,-1.00000,665969079508,0.00000
1278,639,0,0.38460,3.35730,0.15650,0.01780,3840000,-1.00000,665969087187,0.00000
1279,639,0,4.07390,0.00000,0.00000,0.01510,0,-1.00000,665969128503,0.00000
1280,640,0,3.81510,3.49080,0.24690,0.04230,3840000,-1.00000,665969178427,0.00000
1281,640,0,4.51170,0.00000,0.00000,0.02300,0,-1.00000,665969218887,0.00000
1282,641,0,1.77190,3.30640,0.19790,0.02720,3840000,-1.00000,665969222723,0.00000
1283,641,0,4.08771,0.00000,0.00000,0.02150,0,-1.00000,665969263467,0.00000
1284,642,0,2.07029,3.43740,0.17430,0.02180,3840000,-1.00000,665969301623,0.00000
1285,642,0,4.14640,0.00000,0.00000,0.01780,0,-1.00000,665969346755,0.00000
1286,643,0,2.04890,3.29720,0.15340,0.02200,3840000,-1.00000,665969364459,0.00000
1287,643,0,4.01070,0.00000,0.00000,0.01770,0,-1.00000,665969405334,0.00000
1288,644,0,2.01230,3.34890,0.17400,0.02140,3840000,-1.00000,665969426038,0.00000
1289,644,0,4.09110,0.00000,0.00000,0.02220,0,-1.00000,665969467633,0.00000
1290,645,0,2.25750,3.32960,0.21970,0.04400,3840000,-1.00000,665969487987,0.00000
1291,645,0,4.34790,0.00000,0.00000,0.02260,0,-1.00000,665969528096,0.00000
1292,646,0,1.91460,3.43240,0.32490,0.02370,3840000,-1.00000,665969548209,0.00000
1293,646,0,4.36690,0.00000,0.00000,0.02120,0,-1.00000,665969589134,0.00000
1294,647,0,0.49950,3.36330,0.27090,0.02520,3840000,-1.00000,665969611763,0.00000
1295,647,0,5.70530,0.00000,0.00000,0.01990,0,-1.00000,665969655210,0.00000
1296,648,0,1.60950,3.41330,0.17980,0.02860,3840000,-1.00000,665969674330,0.00000
1297,648,0,4.26000,0.00000,0.00000,0.01950,0,-1.00000,665969718006,0.00000
1298,649,0,2.01110,3.30880,0.16700,0.02390,3840000,-1.00000,665969722989,0.00000
1299,649,0,4.03680,0.00000,0.00000,0.01800,0,-1.00000,665969780049,0.00000
1300,650,0,0.41840,3.29650,0.17740,0.02280,3840000,-1.00000,665969796143,0.00000
1301,650,0,4.70380,0.00000,0.00000,0.01730,0,-1.00000,665969838755,0.00000
1302,651,0,2.83470,3.28190,0.19710,0.03670,3840000,-1.00000,665969858848,0.00000
1303,651,0,4.19140,0.00000,0.00000,0.01830,0,-1.00000,665969899221,0.00000
1304,652,0,0.38970,3.32360,0.18010,0.02280,3840000,-1.00000,665969903414,0.00000
1305,652,0,4.15689,0.00000,0.00000,0.02380,0,-1.00000,665969950444,0.00000
1306,653,0,6.79860,3.28220,0.15380,0.02730,3840000,-1.00000,665969978784,0.00000
1307,653,0,3.98730,0.00000,0.00000,0.02210,0,-1.00000,665970020716,0.00000
1308,654,0,0.36820,3.36220,0.15550,0.03010,3840000,-1.00000,665970024595,0.00000
1309,654,0,4.18750,0.00000,0.00000,0.01650,0,-1.00000,665970066175,0.00000
1310,655,0,0.37370,3.27950,0.16440,0.02260,3840000,-1.00000,665970134151,0.00000
1311,655,0,4.02961,0.00000,0.00000,0.01640,0,-1.00000,665970174023,0.00000
1312,656,0,2.50890,3.25100,0.22640,0.04150,3840000,-1.00000,665970177704,0.00000
1313,656,0,4.25010,0.00000,0.00000,0.01840,0,-1.00000,665970219585,0.00000
1314,657,0,1.92370,3.28160,0.23060,0.03930,3840000,-1.00000,665970223318,0.00000
1315,657,0,4.19360,0.00000,0.00000,0.02220,0,-1.00000,665970263620,0.00000
1316,658,0,2.02550,3.15050,0.17650,0.02280,3840000,-1.00000,665970288702,0.00000
1317,658,0,6.01450,0.00000,0.00000,0.01730,0,-1.00000,665970331221,0.00000
1318,659,0,0.37930,3.20890,0.16000,0.02250,3840000,-1.00000,665970350440,0.00000
1319,659,0,5.78380,0.00000,0.00000,0.01800,0,-1.00000,665970392384,0.00000
1320,660,0,6.12110,3.07530,0.16890,0.02390,3840000,-1.00000,665970412631,0.00000
1321,660,0,3.82510,0.00000,0.00000,0.02000,0,-1.00000,665970472781,0.00000
1322,661,0,0.69030,3.38120,0.18140,0.03450,3840000,-1.00000,665970476573,0.00000
1323,661,0,4.23160,0.00000,0.00000,0.01910,0,-1.00000,665970534414,0.00000
1324,662,0,0.42000,3.21980,0.18260,0.02320,3840000,-1.00000,665970595620,0.00000
1325,662,0,4.18660,0.00000,0.00000,0.01950,0,-1.00000,665970633876,0.00000
1326,663,0,5.08000,3.17370,0.13760,0.02080,3840000,-1.00000,665970640771,0.00000
1327,663,0,3.88860,0.00000,0.00000,0.01770,0,-1.00000,665970683109,0.00000
1328,664,0,0.57430,3.13920,0.18100,0.02680,3840000,-1.00000,665970687293,0.00000
1329,664,0,3.91150,0.00000,0.00000,0.02080,0,-1.00000,665970729166,0.00000
1330,665,0,0.37440,3.33470,0.19470,0.02190,3840000,-1.00000,665970779960,0.00000
1331,665,0,4.10710,0.00000,0.00000,0.02150,0,-1.00000,665970818846,0.00000
1332,666,0,5.77920,3.29310,0.26600,0.04590,3840000,-1.00000,665970824589,0.00000
1333,666,0,4.38380,0.00000,0.00000,0.02430,0,-1.00000,665970863710,0.00000
1334,667,0,1.41470,3.09510,0.17600,0.02290,3840000,-1.00000,665970867441,0.00000
1335,667,0,3.90610,0.00000,0.00000,0.01900,0,-1.00000,665970908523,0.00000
1336,668,0,0.43840,3.39430,0.14250,0.02250,3840000,-1.00000,665970966316,0.00000
1337,668,0,5.09160,0.00000,0.00000,0.01930,0,-1.00000,665971010174,0.00000
1338,669,0,2.83730,3.10970,0.19230,0.02310,3840000,-1.00000,665971024294,0.00000
1339,669,0,4.00330,0.00000,0.00000,0.09600,0,-1.00000,665971063360,0.00000
1340,670,0,0.54230,3.39370,0.16610,0.02320,3840000,-1.00000,665971067788,0.00000
1341,670,0,4.15270,0.00000,0.00000,0.02150,0,-1.00000,665971118667,0.00000
1342,671,0,0.77390,3.06910,0.14640,0.02410,3840000,-1.00000,665971147030,0.00000
1343,671,0,3.84300,0.00000,0.00000,0.01850,0,-1.00000,665971187123,0.00000
1344,672,0,5.31110,3.30670,0.20650,0.04510,3840000,-1.00000,665971192486,0.00000
1345,672,0,4.46550,0.00000,0.00000,0.02430,0,-1.00000,665971234022,0.00000
1346,673,0,0.48141,3.07960,0.15240,0.02210,3840000,-1.00000,665971241748,0.00000
1347,673,0,3.88340,0.00000,0.00000,0.02240,0,-1.00000,665971280190,0.00000
1348,674,0,0.35690,3.50940,0.18750,0.02330,3840000,-1.00000,665971333311,0.00000
1349,674,0,4.34100,0.00000,0.00000,0.01850,0,-1.00000,665971377971,0.00000
1350,675,0,4.89010,3.13900,0.14570,0.02310,3840000,-1.00000,665971382759,0.00000
1351,675,0,3.92530,0.00000,0.00000,0.01880,0,-1.00000,665971421598,0.00000
1352,676,0,5.21090,4.02230,0.26190,0.05400,3840000,-1.00000,665971425154,0.00000
1353,676,0,5.22930,0.00000,0.00000,0.02670,0,-1.00000,665971468582,0.00000
1354,677,0,3.89170,3.26270,0.21470,0.05170,3840000,-1.00000,665971517475,0.00000
1355,677,0,4.27040,0.00000,0.00000,0.02160,0,-1.00000,665971556735,0.00000
1356,678,0,0.38710,3.27420,0.20900,0.03140,3840000,-1.00000,665971608839,0.00000
1357,678,0,4.26600,0.00000,0.00000,0.02090,0,-1.00000,665971661172,0.00000
1358,679,0,0.42680,3.41900,0.33670,0.07260,3840000,-1.00000,665971700101,0.00000
1359,679,0,4.67100,0.00000,0.00000,0.02530,0,-1.00000,665971742760,0.00000
1360,680,0,1.38639,3.34000,0.25580,0.05380,3840000,-1.00000,665971746619,0.00000
1361,680,0,4.43600,0.00000,0.00000,0.02570,0,-1.00000,665971789291,0.00000
1362,681,0,1.72610,3.57490,0.26370,0.05930,3840000,-1.00000,665971793548,0.00000
1363,681,0,4.69420,0.00000,0.00000,0.02640,0,-1.00000,665971840319,0.00000
1364,682,0,1.38681,3.29820,0.22410,0.03200,3840000,-1.00000,665971854134,0.00000
1365,682,0,4.31480,0.00000,0.00000,0.02330,0,-1.00000,665971898517,0.00000
1366,683,0,0.43960,3.39370,0.25080,0.02840,3840000,-1.00000,665971915763,0.00000
1367,683,0,4.43240,0.00000,0.00000,0.02290,0,-1.00000,665971962717,0.00000
1368,684,0,0.45460,3.39140,0.24950,0.02370,3840000,-1.00000,665971976552,0.00000
1369,684,0,4.21940,0.00000,0.00000,0.02450,0,-1.00000,665972019719,0.00000
1370,685,0,1.64150,3.34600,0.15520,0.02120,3840000,-1.00000,665972024095,0.00000
1371,685,0,4.13160,0.00000,0.00000,0.03500,0,-1.00000,665972068440,0.00000
1372,686,0,0.41490,3.28160,0.16070,0.02180,3840000,-1.00000,665972072968,0.00000
1373,686,0,4.44760,0.00000,0.00000,0.01780,0,-1.00000,665972115171,0.00000
1374,687,0,3.08490,3.02610,0.16450,0.02310,3840000,-1.00000,665972131578,0.00000
1375,687,0,3.79130,0.00000,0.00000,0.01980,0,-1.00000,665972172898,0.00000
1376,688,0,5.39400,3.14310,0.20890,0.03730,3840000,-1.00000,665972177044,0.00000
1377,688,0,4.20300,0.00000,0.00000,0.02120,0,-1.00000,665972221527,0.00000
1378,689,0,0.45990,3.34610,0.14120,0.02330,3840000,-1.00000,665972252368,0.00000
1379,689,0,4.15550,0.00000,0.00000,0.02030,0,-1.00000,665972290280,0.00000
1380,690,0,0.48540,3.12310,0.13900,0.02030,3840000,-1.00000,665972344238,0.00000
1381,690,0,3.89510,0.00000,0.00000,0.02210,0,-1.00000,665972386267,0.00000
1382,691,0,5.10730,3.20090,0.14230,0.02510,3840000,-1.00000,665972390846,0.00000
1383,691,0,4.04210,0.00000,0.00000,0.01870,0,-1.00000,665972432412,0.00000
1384,692,0,0.49491,3.11580,0.15270,0.02350,3840000,-1.00000,665972437261,0.00000
1385,692,0,3.96409,0.00000,0.00000,0.01850,0,-1.00000,665972476220,0.00000
1386,693,0,0.83310,3.15160,0.13160,0.02230,3840000,-1.00000,665972527283,0.00000
1387,693,0,3.88190,0.00000,0.00000,0.02230,0,-1.00000,665972567760,0.00000
1388,694,0,0.49110,3.33640,0.24580,0.05070,3840000,-1.00000,665972572652,0.00000
1389,694,0,4.68640,0.00000,0.00000,0.01740,0,-1.00000,665972612296,0.00000
1390,695,0,0.45140,3.35190,0.30270,0.04650,3840000,-1.00000,665972620624,0.00000
1391,695,0,4.46779,0.00000,0.00000,0.02710,0,-1.00000,665972659448,0.00000
1392,696,0,4.30350,3.21910,0.29060,0.03700,3840000,-1.00000,665972664356,0.00000
1393,696,0,4.27521,0.00000,0.00000,0.01950,0,-1.00000,665972711239,0.00000
1394,697,0,1.76800,3.26800,0.20130,0.02590,3840000,-1.00000,665972715742,0.00000
1395,697,0,4.14370,0.00000,0.00000,0.02000,0,-1.00000,665972760450,0.00000
1396,698,0,0.44630,3.78230,0.18260,0.01830,3840000,-1.00000,665972803468,0.00000
1397,698,0,4.57900,0.00000,0.00000,0.01640,0,-1.00000,665972846203,0.00000
1398,699,0,3.23720,3.28200,0.22770,0.04100,3840000,-1.00000,665972863876,0.00000
1399,699,0,4.30480,0.00000,0.00000,0.01980,0,-1.00000,665972905317,0.00000
1400,700,0,1.64890,3.23450,0.21270,0.02860,3840000,-1.00000,665972909776,0.00000
1401,700,0,4.09850,0.00000,0.00000,0.02200,0,-1.00000,665972955562,0.00000
1402,701,0,2.03380,3.27800,0.21800,0.02860,3840000,-1.00000,665972987958,0.00000
1403,701,0,4.14920,0.00000,0.00000,0.01670,0,-1.00000,665973030992,0.00000
1404,702,0,0.43530,3.15320,0.19090,0.02110,3840000,-1.00000,665973047478,0.00000
1405,702,0,4.00940,0.00000,0.00000,0.02190,0,-1.00000,665973088469,0.00000
1406,703,0,0.42860,3.28580,0.15540,0.02090,3840000,-1.00000,665973108802,0.00000
1407,703,0,4.05790,0.00000,0.00000,0.01710,0,-1.00000,665973150306,0.00000
1408,704,0,0.40880,3.29270,0.17560,0.02100,3840000,-1.00000,665973154644,0.00000
1409,704,0,4.71590,0.00000,0.00000,0.02290,0,-1.00000,665973194739,0.00000
1410,705,0,0.43740,3.14470,0.18920,0.02560,3840000,-1.00000,665973199019,0.00000
1411,705,0,4.00080,0.00000,0.00000,0.03420,0,-1.00000,665973239604,0.00000
1412,706,0,1.66720,3.20260,0.32500,0.02700,3840000,-1.00000,665973243733,0.00000
1413,706,0,4.24180,0.00000,0.00000,0.02180,0,-1.00000,665973290861,0.00000
1414,707,0,5.10069,3.18420,0.32010,0.05060,3840000,-1.00000,665973295219,0.00000
1415,707,0,4.18870,0.00000,0.00000,0.01720,0,-1.00000,665973335242,0.00000
1416,708,0,0.41400,2.99530,0.17870,0.02210,3840000,-1.00000,665973351913,0.00000
1417,708,0,3.77800,0.00000,0.00000,0.01630,0,-1.00000,665973394325,0.00000
1418,709,0,3.85710,3.11100,0.15700,0.02030,3840000,-1.00000,665973445325,0.00000
1419,709,0,3.88090,0.00000,0.00000,0.02240,0,-1.00000,665973487219,0.00000
1420,710,0,2.20030,3.09940,0.24980,0.03520,3840000,-1.00000,665973491349,0.00000
1421,710,0,4.11520,0.00000,0.00000,0.01710,0,-1.00000,665973529132,0.00000
1422,711,0,0.45400,3.14670,0.18930,0.02170,3840000,-1.00000,665973567714,0.00000
1423,711,0,3.94060,0.00000,0.00000,0.01450,0,-1.00000,665973606523,0.00000
1424,712,0,0.61720,3.14640,0.16350,0.02260,3840000,-1.00000,665973628518,0.00000
1425,712,0,3.99780,0.00000,0.00000,0.01990,0,-1.00000,665973669683,0.00000
1426,713,0,2.17270,3.17690,0.17930,0.02450,3840000,-1.00000,665973674207,0.00000
1427,713,0,3.98370,0.00000,0.00000,0.01790,0,-1.00000,665973713620,0.00000
1428,714,0,2.09340,3.15290,0.17270,0.02110,3840000,-1.00000,665973719784,0.00000
1429,714,0,4.00610,0.00000,0.00000,0.01740,0,-1.00000,665973759773,0.00000
1430,715,0,2.21870,3.29380,0.16170,0.02680,3840000,-1.00000,665973781491,0.00000
1431,715,0,4.18620,0.00000,0.00000,0.01500,0,-1.00000,665973821331,0.00000
1432,716,0,0.43420,3.26400,0.15000,0.02050,3840000,-1.00000,665973842261,0.00000
1433,716,0,4.49790,0.00000,0.00000,0.02300,0,-1.00000,665973882328,0.00000
1434,717,0,2.99550,3.24170,0.19800,0.03010,3840000,-1.00000,665973904509,0.00000
1435,717,0,4.48030,0.00000,0.00000,0.02340,0,-1.00000,665973946374,0.00000
1436,718,0,1.43040,3.45650,0.26850,0.05720,3840000,-1.00000,665973950715,0.00000
1437,718,0,4.59041,0.00000,0.00000,0.02520,0,-1.00000,665973995839,0.00000
1438,719,0,1.74240,3.41520,0.21580,0.02990,3840000,-1.00000,665974025663,0.00000
1439,719,0,4.21550,0.00000,0.00000,0.01980,0,-1.00000,665974070466,0.00000
1440,720,0,1.88450,3.26390,0.28580,0.02770,3840000,-1.00000,665974084757,0.00000
1441,720,0,4.10770,0.00000,0.00000,0.02010,0,-1.00000,665974130696,0.00000
1442,721,0,1.91260,3.38100,0.21510,0.03080,3840000,-1.00000,665974148091,0.00000
1443,721,0,4.30350,0.00000,0.00000,0.01880,0,-1.00000,665974190274,0.00000
1444,722,0,4.99240,3.11000,0.21880,0.03000,3840000,-1.00000,665974209082,0.00000
1445,722,0,3.92170,0.00000,0.00000,0.02170,0,-1.00000,665974250167,0.00000
1446,723,0,0.36280,3.01110,0.15740,0.02180,3840000,-1.00000,665974269285,0.00000
1447,723,0,3.77660,0.00000,0.00000,0.01470,0,-1.00000,665974312334,0.00000
1448,724,0,1.21560,3.18820,0.13930,0.01970,3840000,-1.00000,665974362252,0.00000
1449,724,0,3.92520,0.00000,0.00000,0.02250,0,-1.00000,665974401478,0.00000
1450,725,0,0.34410,3.16480,0.13800,0.01870,3840000,-1.00000,665974405084,0.00000
1451,725,0,7.68000,0.00000,0.00000,0.02250,0,-1.00000,665974442858,0.00000
1452,726,0,0.37030,3.90140,0.36320,0.05000,3840000,-1.00000,665974455018,0.00000
1453,726,0,5.95280,0.00000,0.00000,0.03090,0,-1.00000,665974494271,0.00000
1454,727,0,0.60220,3.58350,0.49660,0.06860,3840000,-1.00000,665974497706,0.00000
1455,727,0,5.22650,0.00000,0.00000,0.03030,0,-1.00000,665974574516,0.00000
1456,728,0,0.60911,3.57050,0.28080,0.05190,3840000,-1.00000,665974578205,0.00000
1457,728,0,4.73610,0.00000,0.00000,0.02570,0,-1.00000,665974637786,0.00000
1458,729,0,0.43760,3.20560,0.26480,0.05940,3840000,-1.00000,665974643772,0.00000
1459,729,0,4.32040,0.00000,0.00000,0.02510,0,-1.00000,665974696082,0.00000
1460,730,0,0.47420,3.17730,0.25630,0.03430,3840000,-1.00000,665974702121,0.00000
1461,730,0,4.14400,0.00000,0.00000,0.02280,0,-1.00000,665974749521,0.00000
1462,731,0,0.42230,3.33820,0.25950,0.03610,3840000,-1.00000,665974753857,0.00000
1463,731,0,4.29500,0.00000,0.00000,0.02280,0,-1.00000,665974797091,0.00000
1464,732,0,2.24640,3.18250,0.28110,0.04900,3840000,-1.00000,665974801807,0.00000
1465,732,0,4.26620,0.00000,0.00000,0.01920,0,-1.00000,665974843267,0.00000
1466,733,0,1.87010,3.27030,0.26820,0.05090,3840000,-1.00000,665974847461,0.00000
1467,733,0,4.28070,0.00000,0.00000,0.02120,0,-1.00000,665974890428,0.00000
1468,734,0,0.46240,3.26740,0.24410,0.03850,3840000,-1.00000,665974912888,0.00000
1469,734,0,4.38760,0.00000,0.00000,0.02040,0,-1.00000,665974955563,0.00000
1470,735,0,3.08900,3.22760,0.25520,0.04240,3840000,-1.00000,665974974265,0.00000
1471,735,0,4.24311,0.00000,0.00000,0.01880,0,-1.00000,665975017064,0.00000
1472,736,0,1.88020,3.02720,0.24920,0.04650,3840000,-1.00000,665975021674,0.00000
1473,736,0,4.09920,0.00000,0.00000,0.02440,0,-1.00000,665975065567,0.00000
1474,737,0,4.90200,3.22780,0.22920,0.04090,3840000,-1.00000,665975096447,0.00000
1475,737,0,4.27370,0.00000,0.00000,0.03410,0,-1.00000,665975138882,0.00000
1476,738,0,0.48700,3.19090,0.26460,0.03090,3840000,-1.00000,665975157676,0.00000
1477,738,0,4.20930,0.00000,0.00000,0.02430,0,-1.00000,665975198700,0.00000
1478,739,0,2.74670,3.04910,0.20630,0.03000,3840000,-1.00000,665975247697,0.00000
1479,739,0,3.96640,0.00000,0.00000,0.01880,0,-1.00000,665975290435,0.00000
1480,740,0,0.40930,3.19360,0.14720,0.01740,3840000,-1.00000,665975295286,0.00000
1481,740,0,3.93640,0.00000,0.00000,0.02040,0,-1.00000,665975337400,0.00000
1482,741,0,4.65390,3.03600,0.18300,0.02630,3840000,-1.00000,665975364852,0.00000
1483,741,0,3.85519,0.00000,0.00000,0.02060,0,-1.00000,665975404515,0.00000
1484,742,0,5.30620,2.96390,0.17380,0.02320,3840000,-1.00000,665975408601,0.00000
1485,742,0,3.82410,0.00000,0.00000,0.02210,0,-1.00000,665975447979,0.00000
1486,743,0,5.38411,3.16000,0.20780,0.04120,3840000,-1.00000,665975494512,0.00000
1487,743,0,4.18050,0.00000,0.00000,0.02340,0,-1.00000,665975533064,0.00000
1488,744,0,0.50090,3.31550,0.17800,0.02380,3840000,-1.00000,665975586121,0.00000
1489,744,0,4.12800,0.00000,0.00000,0.01740,0,-1.00000,665975624360,0.00000
1490,745,0,0.42140,3.22720,0.15540,0.02130,3840000,-1.00000,665975678236,0.00000
1491,745,0,3.93500,0.00000,0.00000,0.01930,0,-1.00000,665975720018,0.00000
1492,746,0,0.35910,3.10030,0.16360,0.02260,3840000,-1.00000,665975725018,0.00000
1493,746,0,4.87800,0.00000,0.00000,0.01840,0,-1.00000,665975766326,0.00000
1494,747,0,2.96470,3.13060,0.13680,0.02230,3840000,-1.00000,665975770509,0.00000
1495,747,0,3.89100,0.00000,0.00000,0.02160,0,-1.00000,665975809869,0.00000
1496,748,0,0.36580,3.12040,0.17230,0.02170,3840000,-1.00000,665975813449,0.00000
1497,748,0,3.91700,0.00000,0.00000,0.01740,0,-1.00000,665975862237,0.00000
1498,749,0,0.34880,3.25460,0.20040,0.03230,3840000,-1.00000,665975891881,0.00000
1499,749,0,4.17579,0.00000,0.00000,0.01940,0,-1.00000,665975930797,0.00000
1500,750,0,5.70150,3.23560,0.19720,0.02690,3840000,-1.00000,665975934447,0.00000
1501,750,0,4.00110,0.00000,0.00000,0.02090,0,-1.00000,665975973618,0.00000
1502,751,0,0.38180,3.17690,0.15890,0.01780,3840000,-1.00000,665975977108,0.00000
1503,751,0,3.92520,0.00000,0.00000,0.01340,0,-1.00000,665976018885,0.00000
1504,752,0,0.32590,3.05860,0.16360,0.02190,3840000,-1.00000,665976075883,0.00000
1505,752,0,3.72870,0.00000,0.00000,0.02000,0,-1.00000,665976115896,0.00000
1506,753,0,2.88940,3.34350,0.20860,0.03950,3840000,-1.00000,665976119704,0.00000
1507,753,0,4.33170,0.00000,0.00000,0.01980,0,-1.00000,665976158957,0.00000
1508,754,0,1.96020,3.18190,0.23690,0.03690,3840000,-1.00000,665976162217,0.00000
1509,754,0,4.05680,0.00000,0.00000,0.01790,0,-1.00000,665976199510,0.00000
1510,755,0,0.51750,3.17290,0.17640,0.02160,3840000,-1.00000,665976228395,0.00000
1511,755,0,4.42029,0.00000,0.00000,0.02120,0,-1.00000,665976271727,0.00000
1512,756,0,3.05970,3.09300,0.17900,0.02810,3840000,-1.00000,665976291316,0.00000
1513,756,0,3.90950,0.00000,0.00000,0.01850,0,-1.00000,665976331898,0.00000
1514,757,0,2.33780,3.01080,0.15730,0.02120,3840000,-1.00000,665976337058,0.00000
1515,757,0,3.83190,0.00000,0.00000,0.01650,0,-1.00000,665976381273,0.00000
1516,758,0,0.40360,3.28010,0.15940,0.01700,3840000,-1.00000,665976411863,0.00000
1517,758,0,4.79630,0.00000,0.00000,0.02330,0,-1.00000,665976450958,0.00000
1518,759,0,3.08380,3.13450,0.16430,0.02570,3840000,-1.00000,665976474331,0.00000
1519,759,0,4.02440,0.00000,0.00000,0.02100,0,-1.00000,665976512653,0.00000
1520,760,0,2.04880,3.09640,0.24600,0.03640,3840000,-1.00000,665976516692,0.00000
1521,760,0,4.10480,0.00000,0.00000,0.02110,0,-1.00000,665976564665,0.00000
1522,761,0,0.45860,3.31320,0.17930,0.02450,3840000,-1.00000,665976595498,0.00000
1523,761,0,7.72690,0.00000,0.00000,0.02130,0,-1.00000,665976635739,0.00000
1524,762,0,0.35440,3.18240,0.16610,0.02000,3840000,-1.00000,665976656220,0.00000
1525,762,0,3.84960,0.00000,0.00000,0.01770,0,-1.00000,665976697291,0.00000
1526,763,0,2.01130,3.21090,0.15400,0.02420,3840000,-1.00000,665976701857,0.00000
1527,763,0,3.95610,0.00000,0.00000,0.02090,0,-1.00000,665976779138,0.00000
1528,764,0,5.08630,3.13560,0.19620,0.02670,3840000,-1.00000,665976782674,0.00000
1529,764,0,4.09990,0.00000,0.00000,0.01710,0,-1.00000,665976821168,0.00000
1530,765,0,0.47930,3.14500,0.19670,0.02790,3840000,-1.00000,665976841280,0.00000
1531,765,0,4.00420,0.00000,0.00000,0.01740,0,-1.00000,665976880847,0.00000
1532,766,0,0.53800,3.09530,0.17180,0.02180,3840000,-1.00000,665976931705,0.00000
1533,766,0,3.88390,0.00000,0.00000,0.01790,0,-1.00000,665976972711,0.00000
1534,767,0,2.09140,3.09570,0.16160,0.02460,3840000,-1.00000,665976977499,0.00000
1535,767,0,3.88170,0.00000,0.00000,0.01870,0,-1.00000,665977017549,0.00000
1536,768,0,2.37160,3.08370,0.16330,0.01940,3840000,-1.00000,665977022916,0.00000
1537,768,0,3.88180,0.00000,0.00000,0.01890,0,-1.00000,665977061759,0.00000
1538,769,0,2.23220,3.13750,0.17570,0.02290,3840000,-1.00000,665977082673,0.00000
1539,769,0,3.96480,0.00000,0.00000,0.01780,0,-1.00000,665977121496,0.00000
1540,770,0,2.14630,2.97520,0.17070,0.01950,3840000,-1.00000,665977145202,0.00000
1541,770,0,3.64889,0.00000,0.00000,0.02130,0,-1.00000,665977184033,0.00000
1542,771,0,2.46930,3.13110,0.20530,0.03990,3840000,-1.00000,665977206347,0.00000
1543,771,0,4.07320,0.00000,0.00000,0.01890,0,-1.00000,665977245998,0.00000
1544,772,0,1.88930,3.12880,0.17600,0.02070,3840000,-1.00000,665977267457,0.00000
1545,772,0,3.94840,0.00000,0.00000,0.01710,0,-1.00000,665977303945,0.00000
1546,773,0,2.15810,3.12100,0.24330,0.04240,3840000,-1.00000,665977328639,0.00000
1547,773,0,4.13940,0.00000,0.00000,0.02230,0,-1.00000,665977369385,0.00000
1548,774,0,2.15360,3.09810,0.18520,0.02330,3840000,-1.00000,665977388263,0.00000
1549,774,0,3.92370,0.00000,0.00000,0.01930,0,-1.00000,665977427748,0.00000
1550,775,0,2.30820,3.00610,0.15220,0.02100,3840000,-1.00000,665977449327,0.00000
1551,775,0,3.69530,0.00000,0.00000,0.01760,0,-1.00000,665977490734,0.00000
1552,776,0,0.42410,3.24530,0.21010,0.03650,3840000,-1.00000,665977512259,0.00000
1553,776,0,4.96990,0.00000,0.00000,0.01690,0,-1.00000,665977551497,0.00000
1554,777,0,3.02180,2.92580,0.18430,0.02420,3840000,-1.00000,665977574578,0.00000
1555,777,0,3.68540,0.00000,0.00000,0.01950,0,-1.00000,665977611530,0.00000
1556,778,0,2.42330,2.89740,0.15840,0.02030,3840000,-1.00000,665977615765,0.00000
1557,778,0,3.68390,0.00000,0.00000,0.02050,0,-1.00000,665977665483,0.00000
1558,779,0,0.48160,3.15900,0.16600,0.02330,3840000,-1.00000,665977695692,0.00000
1559,779,0,4.99650,0.00000,0.00000,0.01600,0,-1.00000,665977732548,0.00000
1560,780,0,2.90490,3.11170,0.16890,0.02460,3840000,-1.00000,665977756773,0.00000
1561,780,0,3.91780,0.00000,0.00000,0.01880,0,-1.00000,665977793622,0.00000
1562,781,0,0.38130,3.08410,0.16410,0.02250,3840000,-1.00000,665977798428,0.00000
1563,781,0,3.90120,0.00000,0.00000,0.01830,0,-1.00000,665977848396,0.00000
1564,782,0,7.25350,3.22610,0.19720,0.03510,3840000,-1.00000,665977877441,0.00000
1565,782,0,4.12000,0.00000,0.00000,0.01800,0,-1.00000,665977916620,0.00000
1566,783,0,0.39970,3.06670,0.15010,0.02320,3840000,-1.00000,665977920428,0.00000
1567,783,0,3.87920,0.00000,0.00000,0.02010,0,-1.00000,665977959507,0.00000
1568,784,0,0.58730,2.96190,0.18500,0.02390,3840000,-1.00000,665978031997,0.00000
1569,784,0,3.76550,0.00000,0.00000,0.01510,0,-1.00000,665978073186,0.00000
1570,785,0,5.58630,3.11330,0.15650,0.02440,3840000,-1.00000,665978077175,0.00000
1571,785,0,3.88170,0.00000,0.00000,0.02070,0,-1.00000,665978115976,0.00000
1572,786,0,0.38151,3.00970,0.13670,0.01990,3840000,-1.00000,665978121843,0.00000
1573,786,0,3.71870,0.00000,0.00000,0.02020,0,-1.00000,665978159494,0.00000
1574,787,0,1.22690,3.09730,0.18630,0.03320,3840000,-1.00000,665978215362,0.00000
1575,787,0,4.04290,0.00000,0.00000,0.01920,0,-1.00000,665978254180,0.00000
1576,788,0,0.36390,2.94300,0.17080,0.02090,3840000,-1.00000,665978257986,0.00000
1577,788,0,4.78350,0.00000,0.00000,0.02120,0,-1.00000,665978295183,0.00000
1578,789,0,3.03460,3.16000,0.16170,0.02770,3840000,-1.00000,665978307452,0.00000
1579,789,0,4.06669,0.00000,0.00000,0.02260,0,-1.00000,665978347887,0.00000
1580,790,0,2.19540,2.99510,0.21890,0.03920,3840000,-1.00000,665978351513,0.00000
1581,790,0,3.96510,0.00000,0.00000,0.01870,0,-1.00000,665978399360,0.00000
1582,791,0,0.46070,3.17950,0.25030,0.04380,3840000,-1.00000,665978429701,0.00000
1583,791,0,4.62990,0.00000,0.00000,0.01870,0,-1.00000,665978470374,0.00000
1584,792,0,6.15180,3.01670,0.33590,0.07100,3840000,-1.00000,665978492326,0.00000
1585,792,0,4.26700,0.00000,0.00000,0.02630,0,-1.00000,665978531978,0.00000
1586,793,0,4.78330,2.98460,0.28400,0.06620,3840000,-1.00000,665978536573,0.00000
1587,793,0,4.14680,0.00000,0.00000,0.02820,0,-1.00000,665978582896,0.00000
1588,794,0,5.19730,3.18730,0.27420,0.06470,3840000,-1.00000,665978644460,0.00000
1589,794,0,4.36050,0.00000,0.00000,0.02350,0,-1.00000,665978687106,0.00000
1590,795,0,0.47790,3.16950,0.29510,0.06130,3840000,-1.00000,665978734964,0.00000
1591,795,0,4.30480,0.00000,0.00000,0.02480,0,-1.00000,665978776397,0.00000
1592,796,0,0.49120,2.93170,0.25270,0.04460,3840000,-1.00000,665978828392,0.00000
1593,796,0,4.05800,0.00000,0.00000,0.02470,0,-1.00000,665978871978,0.00000
1594,797,0,0.47470,3.06980,0.30800,0.06310,3840000,-1.00000,665978876718,0.00000
1595,797,0,4.36139,0.00000,0.00000,0.01890,0,-1.00000,665978919819,0.00000
1596,798,0,0.44290,3.04620,0.31840,0.05490,3840000,-1.00000,665978924681,0.00000
1597,798,0,4.19240,0.00000,0.00000,0.03510,0,-1.00000,665978965297,0.00000
1598,799,0,0.68480,3.13200,0.32950,0.08740,3840000,-1.00000,665978970009,0.00000
1599,799,0,4.41120,0.00000,0.00000,0.02480,0,-1.00000,665979013663,0.00000
1600,800,0,5.33000,2.99320,0.28910,0.05840,3840000,-1.00000,665979018056,0.00000
1601,800,0,4.19020,0.00000,0.00000,0.02350,0,-1.00000,665979060012,0.00000
1602,801,0,0.49010,3.22710,0.28590,0.05800,3840000,-1.00000,665979066832,0.00000
1603,801,0,4.34890,0.00000,0.00000,0.01940,0,-1.00000,665979110969,0.00000
1604,802,0,0.45520,3.18770,0.28120,0.05490,3840000,-1.00000,665979164285,0.00000
1605,802,0,4.29590,0.00000,0.00000,0.02330,0,-1.00000,665979206177,0.00000
1606,803,0,0.46070,3.09010,0.29880,0.06330,3840000,-1.00000,665979211035,0.00000
1607,803,0,4.24990,0.00000,0.00000,0.03360,0,-1.00000,665979254560,0.00000
1608,804,0,0.62520,3.37710,0.31880,0.05360,3840000,-1.00000,665979259087,0.00000
1609,804,0,4.57400,0.00000,0.00000,0.02210,0,-1.00000,665979302074,0.00000
1610,805,0,0.93520,3.38570,0.22220,0.02890,3840000,-1.00000,665979306648,0.00000
1611,805,0,4.17530,0.00000,0.00000,0.02510,0,-1.00000,665979349191,0.00000
1612,806,0,2.07820,3.30190,0.16800,0.02420,3840000,-1.00000,665979355415,0.00000
1613,806,0,4.06040,0.00000,0.00000,0.02300,0,-1.00000,665979401199,0.00000
1614,807,0,5.18160,3.11620,0.17800,0.02630,3840000,-1.00000,665979410491,0.00000
1615,807,0,3.87000,0.00000,0.00000,0.01900,0,-1.00000,665979452255,0.00000
1616,808,0,0.38400,3.25210,0.20030,0.03430,3840000,-1.00000,665979473018,0.00000
1617,808,0,4.99860,0.00000,0.00000,0.04270,0,-1.00000,665979513628,0.00000
1618,809,0,0.67720,4.30890,0.26840,0.04590,3840000,-1.00000,665979565444,0.00000
1619,809,0,5.41120,0.00000,0.00000,0.02020,0,-1.00000,665979604144,0.00000
1620,810,0,6.12930,3.07190,0.23460,0.03510,3840000,-1.00000,665979607981,0.00000
1621,810,0,4.01220,0.00000,0.00000,0.02010,0,-1.00000,665979658025,0.00000
1622,811,0,0.40550,3.04990,0.17240,0.02050,3840000,-1.00000,665979664760,0.00000
1623,811,0,3.81920,0.00000,0.00000,0.01670,0,-1.00000,665979718882,0.00000
1624,812,0,0.35780,3.76280,0.20250,0.02470,3840000,-1.00000,665979780148,0.00000
1625,812,0,4.58210,0.00000,0.00000,0.01970,0,-1.00000,665979820280,0.00000
1626,813,0,2.19340,3.04760,0.17910,0.02300,3840000,-1.00000,665979824319,0.00000
1627,813,0,3.88400,0.00000,0.00000,0.01860,0,-1.00000,665979862517,0.00000
1628,814,0,5.22990,3.11040,0.23410,0.04050,3840000,-1.00000,665979866097,0.00000
1629,814,0,4.08820,0.00000,0.00000,0.02030,0,-1.00000,665979911919,0.00000
1630,815,0,5.24220,3.06850,0.21600,0.02770,3840000,-1.00000,665979933849,0.00000
1631,815,0,3.91040,0.00000,0.00000,0.02130,0,-1.00000,665979972693,0.00000
1632,816,0,0.44660,2.94260,0.22650,0.02680,3840000,-1.00000,665980025015,0.00000
1633,816,0,3.76690,0.00000,0.00000,0.01760,0,-1.00000,665980065878,0.00000
1634,817,0,1.12120,3.61660,0.19750,0.02950,3840000,-1.00000,665980118293,0.00000
1635,817,0,4.50820,0.00000,0.00000,0.01860,0,-1.00000,665980157404,0.00000
1636,818,0,4.71770,3.05030,0.23970,0.05090,3840000,-1.00000,665980161861,0.00000
1637,818,0,4.03570,0.00000,0.00000,0.01870,0,-1.00000,665980199536,0.00000
1638,819,0,0.42980,3.03580,0.16530,0.02440,3840000,-1.00000,665980210747,0.00000
1639,819,0,3.80170,0.00000,0.00000,0.01980,0,-1.00000,665980255830,0.00000
1640,820,0,1.15950,2.98470,0.18260,0.02570,3840000,-1.00000,665980303014,0.00000
1641,820,0,3.79169,0.00000,0.00000,0.02140,0,-1.00000,665980343380,0.00000
1642,821,0,0.39200,3.02950,0.14590,0.02170,3840000,-1.00000,665980347654,0.00000
1643,821,0,3.85510,0.00000,0.00000,0.01980,0,-1.00000,665980385676,0.00000
1644,822,0,3.96670,3.04120,0.18550,0.02230,3840000,-1.00000,665980397272,0.00000
1645,822,0,3.82840,0.00000,0.00000,0.01750,0,-1.00000,665980435191,0.00000
1646,823,0,0.76040,3.77150,0.17330,0.02780,3840000,-1.00000,665980439103,0.00000
1647,823,0,4.62540,0.00000,0.00000,0.02430,0,-1.00000,665980477662,0.00000
1648,824,0,6.33000,3.09470,0.22010,0.04600,3840000,-1.00000,665980517321,0.00000
1649,824,0,4.05210,0.00000,0.00000,0.02350,0,-1.00000,665980555607,0.00000
1650,825,0,0.50640,3.08090,0.17350,0.02370,3840000,-1.00000,665980563227,0.00000
1651,825,0,3.89270,0.00000,0.00000,0.01890,0,-1.00000,665980609477,0.00000
1652,826,0,3.87040,2.83650,0.23290,0.02740,3840000,-1.00000,665980672778,0.00000
1653,826,0,3.66849,0.00000,0.00000,0.01750,0,-1.00000,665980713306,0.00000
1654,827,0,5.57810,3.01470,0.17440,0.02810,3840000,-1.00000,665980718349,0.00000
1655,827,0,3.82299,0.00000,0.00000,0.02310,0,-1.00000,665980757285,0.00000
1656,828,0,0.46590,3.20520,0.24240,0.03300,3840000,-1.00000,665980795984,0.00000
1657,828,0,4.21950,0.00000,0.00000,0.02380,0,-1.00000,665980832665,0.00000
1658,829,0,0.43130,3.04710,0.28260,0.05140,3840000,-1.00000,665980888446,0.00000
1659,829,0,4.02530,0.00000,0.00000,0.01910,0,-1.00000,665980926689,0.00000
1660,830,0,5.56620,3.16900,0.22570,0.03180,3840000,-1.00000,665980931337,0.00000
1661,830,0,4.11480,0.00000,0.00000,0.02020,0,-1.00000,665980973556,0.00000
1662,831,0,0.44491,3.17360,0.17400,0.02500,3840000,-1.00000,665980977848,0.00000
1663,831,0,4.04189,0.00000,0.00000,0.02020,0,-1.00000,665981018106,0.00000
1664,832,0,0.43620,3.10920,0.20190,0.02240,3840000,-1.00000,665981073758,0.00000
1665,832,0,3.98870,0.00000,0.00000,0.02640,0,-1.00000,665981114961,0.00000
1666,833,0,2.35060,3.16280,0.25800,0.04910,3840000,-1.00000,665981119353,0.00000
1667,833,0,4.25340,0.00000,0.00000,0.01960,0,-1.00000,665981159789,0.00000
1668,834,0,1.95580,2.99990,0.19870,0.02430,3840000,-1.00000,665981164137,0.00000
1669,834,0,3.98350,0.00000,0.00000,0.02100,0,-1.00000,665981204036,0.00000
1670,835,0,0.40700,3.26270,0.25190,0.03610,3840000,-1.00000,665981227532,0.00000
1671,835,0,4.72420,0.00000,0.00000,0.02030,0,-1.00000,665981270081,0.00000
1672,836,0,6.37850,2.86080,0.23180,0.05430,3840000,-1.00000,665981289621,0.00000
1673,836,0,4.03080,0.00000,0.00000,0.02610,0,-1.00000,665981329462,0.00000
1674,837,0,0.51720,3.25660,0.26360,0.03490,3840000,-1.00000,665981333527,0.00000
1675,837,0,4.23370,0.00000,0.00000,0.02080,0,-1.00000,665981380792,0.00000
1676,838,0,0.43220,2.98520,0.21120,0.03430,3840000,-1.00000,665981444624,0.00000
1677,838,0,3.91320,0.00000,0.00000,0.01970,0,-1.00000,665981484905,0.00000
1678,839,0,0.55990,2.83530,0.17950,0.02410,3840000,-1.00000,665981490046,0.00000
1679,839,0,3.66420,0.00000,0.00000,0.01890,0,-1.00000,665981532389,0.00000
1680,840,0,1.08090,3.10560,0.19930,0.03680,3840000,-1.00000,665981536697,0.00000
1681,840,0,4.03540,0.00000,0.00000,0.02050,0,-1.00000,665981575843,0.00000
1682,841,0,5.23300,3.08300,0.16430,0.02670,3840000,-1.00000,665981581427,0.00000
1683,841,0,3.89070,0.00000,0.00000,0.01950,0,-1.00000,665981618077,0.00000
1684,842,0,5.14380,2.98660,0.16560,0.02670,3840000,-1.00000,665981628880,0.00000
1685,842,0,3.94330,0.00000,0.00000,0.02070,0,-1.00000,665981669253,0.00000
1686,843,0,0.49470,3.09980,0.20430,0.02740,3840000,-1.00000,665981721563,0.00000
1687,843,0,4.01850,0.00000,0.00000,0.02020,0,-1.00000,665981760479,0.00000
1688,844,0,0.48860,3.00910,0.14720,0.02160,3840000,-1.00000,665981811908,0.00000
1689,844,0,3.86361,0.00000,0.00000,0.02190,0,-1.00000,665981851344,0.00000
1690,845,0,6.04790,3.28910,0.20930,0.04870,3840000,-1.00000,665981856289,0.00000
1691,845,0,4.32670,0.00000,0.00000,0.02010,0,-1.00000,665981896482,0.00000
1692,846,0,0.44040,3.05380,0.18110,0.02440,3840000,-1.00000,665981901358,0.00000
1693,846,0,3.93090,0.00000,0.00000,0.02000,0,-1.00000,665981939999,0.00000
1694,847,0,0.43460,3.13020,0.14430,0.02440,3840000,-1.00000,665982000479,0.00000
1695,847,0,3.85890,0.00000,0.00000,0.01810,0,-1.00000,665982043760,0.00000
1696,848,0,5.40700,2.97520,0.17570,0.02920,3840000,-1.00000,665982048143,0.00000
1697,848,0,3.82410,0.00000,0.00000,0.02200,0,-1.00000,665982087461,0.00000
1698,849,0,0.44940,3.07450,0.14010,0.02360,3840000,-1.00000,665982091799,0.00000
1699,849,0,3.89760,0.00000,0.00000,0.02000,0,-1.00000,665982130390,0.00000
1700,850,0,3.98860,3.31030,0.26630,0.04510,3840000,-1.00000,665982184462,0.00000
1701,850,0,4.36850,0.00000,0.00000,0.02210,0,-1.00000,665982222707,0.00000
1702,851,0,0.53690,3.03340,0.19310,0.03810,3840000,-1.00000,665982227194,0.00000
1703,851,0,3.96849,0.00000,0.00000,0.01890,0,-1.00000,665982266177,0.00000
1704,852,0,0.49800,2.94740,0.21300,0.02590,3840000,-1.00000,665982306078,0.00000
1705,852,0,3.77760,0.00000,0.00000,0.02130,0,-1.00000,665982349756,0.00000
1706,853,0,0.45890,3.02180,0.16700,0.02220,3840000,-1.00000,665982355108,0.00000
1707,853,0,3.94660,0.00000,0.00000,0.02330,0,-1.00000,665982394801,0.00000
1708,854,0,0.41970,3.28690,0.18660,0.02410,3840000,-1.00000,665982399775,0.00000
1709,854,0,4.16450,0.00000,0.00000,0.02190,0,-1.00000,665982437560,0.00000
1710,855,0,2.80641,2.92160,0.17000,0.02750,3840000,-1.00000,665982442137,0.00000
1711,855,0,3.73400,0.00000,0.00000,0.01950,0,-1.00000,665982481613,0.00000
1712,856,0,5.36530,2.97990,0.25750,0.04180,3840000,-1.00000,665982485802,0.00000
1713,856,0,4.27840,0.00000,0.00000,0.02270,0,-1.00000,665982527456,0.00000
1714,857,0,4.95130,2.88430,0.18860,0.02830,3840000,-1.00000,665982555514,0.00000
1715,857,0,3.76210,0.00000,0.00000,0.01980,0,-1.00000,665982592857,0.00000
1716,858,0,0.55390,3.15360,0.21870,0.03380,3840000,-1.00000,665982646504,0.00000
1717,858,0,4.11390,0.00000,0.00000,0.02010,0,-1.00000,665982689318,0.00000
1718,859,0,0.48469,2.90740,0.24090,0.03760,3840000,-1.00000,665982738887,0.00000
1719,859,0,3.89500,0.00000,0.00000,0.02530,0,-1.00000,665982776430,0.00000
1720,860,0,0.60220,3.00410,0.27550,0.05020,3840000,-1.00000,665982781962,0.00000
1721,860,0,4.17000,0.00000,0.00000,0.02390,0,-1.00000,665982823115,0.00000
1722,861,0,1.01580,3.09890,0.17680,0.02490,3840000,-1.00000,665982827947,0.00000
1723,861,0,3.88290,0.00000,0.00000,0.02310,0,-1.00000,665982866925,0.00000
1724,862,0,5.25670,3.72720,0.20770,0.03800,3840000,-1.00000,665982872932,0.00000
1725,862,0,4.61640,0.00000,0.00000,0.02350,0,-1.00000,665982914650,0.00000
1726,863,0,0.49150,3.03050,0.17970,0.02730,3840000,-1.00000,665982924779,0.00000
1727,863,0,4.21670,0.00000,0.00000,0.03100,0,-1.00000,665982963611,0.00000
1728,864,0,0.54131,3.10400,0.31880,0.05110,3840000,-1.00000,665983016186,0.00000
1729,864,0,4.27170,0.00000,0.00000,0.02500,0,-1.00000,665983062344,0.00000
1730,865,0,4.33870,3.31650,0.19910,0.04600,3840000,-1.00000,665983067252,0.00000
1731,865,0,4.33510,0.00000,0.00000,0.02620,0,-1.00000,665983109449,0.00000
1732,866,0,1.72460,3.19000,0.31080,0.05280,3840000,-1.00000,665983114840,0.00000
1733,866,0,4.30250,0.00000,0.00000,0.02440,0,-1.00000,665983157590,0.00000
1734,867,0,4.98800,3.30880,0.32550,0.05650,3840000,-1.00000,665983200981,0.00000
1735,867,0,4.56700,0.00000,0.00000,0.02220,0,-1.00000,665983244293,0.00000
1736,868,0,4.60770,3.74100,0.20670,0.03020,3840000,-1.00000,665983261537,0.00000
1737,868,0,4.66540,0.00000,0.00000,0.02120,0,-1.00000,665983304584,0.00000
1738,869,0,0.48151,3.05030,0.16670,0.02420,3840000,-1.00000,665983354512,0.00000
1739,869,0,3.91560,0.00000,0.00000,0.02040,0,-1.00000,665983400149,0.00000
1740,870,0,0.46840,2.87700,0.23790,0.02570,3840000,-1.00000,665983446196,0.00000
1741,870,0,3.72770,0.00000,0.00000,0.01890,0,-1.00000,665983492852,0.00000
1742,871,0,5.30500,3.15180,0.22870,0.04290,3840000,-1.00000,665983497653,0.00000
1743,871,0,4.23080,0.00000,0.00000,0.02090,0,-1.00000,665983536825,0.00000
1744,872,0,0.53510,3.06140,0.16790,0.02460,3840000,-1.00000,665983541493,0.00000
1745,872,0,3.84870,0.00000,0.00000,0.01790,0,-1.00000,665983578785,0.00000
1746,873,0,0.45080,3.08040,0.13900,0.02180,3840000,-1.00000,665983631826,0.00000
1747,873,0,3.85370,0.00000,0.00000,0.01900,0,-1.00000,665983674148,0.00000
1748,874,0,5.44910,2.81750,0.21690,0.02430,3840000,-1.00000,665983679479,0.00000
1749,874,0,3.66510,0.00000,0.00000,0.01930,0,-1.00000,665983717971,0.00000
1750,875,0,5.43739,3.01270,0.15760,0.02470,3840000,-1.00000,665983722475,0.00000
1751,875,0,3.70870,0.00000,0.00000,0.01870,0,-1.00000,665983761024,0.00000
1752,876,0,0.37990,2.92100,0.15650,0.01880,3840000,-1.00000,665983815504,0.00000
1753,876,0,3.62060,0.00000,0.00000,0.01820,0,-1.00000,665983852161,0.00000
1754,877,0,4.59780,2.95870,0.22410,0.04190,3840000,-1.00000,665983906528,0.00000
1755,877,0,3.91150,0.00000,0.00000,0.02010,0,-1.00000,665983943609,0.00000
1756,878,0,0.38290,2.93810,0.15710,0.02270,3840000,-1.00000,665983947409,0.00000
1757,878,0,3.63920,0.00000,0.00000,0.01880,0,-1.00000,665983983614,0.00000
1758,879,0,1.40270,2.78150,0.19870,0.02550,3840000,-1.00000,665984029612,0.00000
1759,879,0,3.60030,0.00000,0.00000,0.01450,0,-1.00000,665984068720,0.00000
1760,880,0,2.57010,2.98570,0.18360,0.02560,3840000,-1.00000,665984072535,0.00000
1761,880,0,3.77090,0.00000,0.00000,0.02170,0,-1.00000,665984108934,0.00000
1762,881,0,0.49990,2.90900,0.16670,0.02100,3840000,-1.00000,665984122957,0.00000
1763,881,0,5.18620,0.00000,0.00000,0.01510,0,-1.00000,665984158959,0.00000
1764,882,0,2.93379,2.91790,0.24100,0.03640,3840000,-1.00000,665984184664,0.00000
1765,882,0,3.85960,0.00000,0.00000,0.01970,0,-1.00000,665984222377,0.00000
1766,883,0,0.37660,2.93060,0.16840,0.02630,3840000,-1.00000,665984227369,0.00000
1767,883,0,3.80380,0.00000,0.00000,0.02120,0,-1.00000,665984279232,0.00000
1768,884,0,0.35810,2.97560,0.16800,0.02170,3840000,-1.00000,665984308583,0.00000
1769,884,0,3.70620,0.00000,0.00000,0.01820,0,-1.00000,665984347171,0.00000
1770,885,0,0.37660,2.71780,0.17890,0.02280,3840000,-1.00000,665984350929,0.00000
1771,885,0,3.41050,0.00000,0.00000,0.01900,0,-1.00000,665984389035,0.00000
1772,886,0,2.52240,2.78390,0.22230,0.02130,3840000,-1.00000,665984392554,0.00000
1773,886,0,3.74640,0.00000,0.00000,0.01810,0,-1.00000,665984429621,0.00000
1774,887,0,0.43160,2.87970,0.18420,0.02350,3840000,-1.00000,665984433378,0.00000
1775,887,0,8.18610,0.00000,0.00000,0.01790,0,-1.00000,665984467477,0.00000
1776,888,0,0.37300,2.92990,0.16090,0.01810,3840000,-1.00000,665984492709,0.00000
1777,888,0,3.65590,0.00000,0.00000,0.01500,0,-1.00000,665984530176,0.00000
1778,889,0,5.09380,2.75080,0.20280,0.04340,3840000,-1.00000,665984534493,0.00000
1779,889,0,3.69260,0.00000,0.00000,0.02160,0,-1.00000,665984616356,0.00000
1780,890,0,0.43480,2.86530,0.18940,0.02140,3840000,-1.00000,665984620072,0.00000
1781,890,0,3.63230,0.00000,0.00000,0.01520,0,-1.00000,665984656642,0.00000
1782,891,0,0.36440,2.96560,0.15260,0.02260,3840000,-1.00000,665984707602,0.00000
1783,891,0,3.73490,0.00000,0.00000,0.01820,0,-1.00000,665984744518,0.00000
1784,892,0,0.38840,2.75210,0.17610,0.02110,3840000,-1.00000,665984748852,0.00000
1785,892,0,3.56240,0.00000,0.00000,0.01820,0,-1.00000,665984785170,0.00000
1786,893,0,0.35170,2.89880,0.14640,0.02120,3840000,-1.00000,665984788814,0.00000
1787,893,0,5.52630,0.00000,0.00000,0.02230,0,-1.00000,665984826168,0.00000
1788,894,0,2.90180,3.02540,0.30670,0.05640,3840000,-1.00000,665984830045,0.00000
1789,894,0,4.24820,0.00000,0.00000,0.02650,0,-1.00000,665984865678,0.00000
1790,895,0,0.45810,3.04770,0.24200,0.03670,3840000,-1.00000,665984869188,0.00000
1791,895,0,3.97230,0.00000,0.00000,0.02310,0,-1.00000,665984924471,0.00000
1792,896,0,0.36409,2.83770,0.18550,0.02040,3840000,-1.00000,665984953502,0.00000
1793,896,0,3.63780,0.00000,0.00000,0.02070,0,-1.00000,665984995992,0.00000
1794,897,0,0.40210,3.11460,0.15830,0.02150,3840000,-1.00000,665985000533,0.00000
1795,897,0,3.80310,0.00000,0.00000,0.01650,0,-1.00000,665985040280,0.00000
1796,898,0,1.89979,2.86960,0.21630,0.03880,3840000,-1.00000,665985043902,0.00000
1797,898,0,3.74970,0.00000,0.00000,0.02300,0,-1.00000,665985080291,0.00000
1798,899,0,2.28550,2.98340,0.19230,0.02140,3840000,-1.00000,665985084299,0.00000
1799,899,0,3.81980,0.00000,0.00000,0.01780,0,-1.00000,665985122340,0.00000
1800,900,0,2.31050,2.89820,0.16700,0.02200,3840000,-1.00000,665985141321,0.00000
1801,900,0,3.70310,0.00000,0.00000,0.01670,0,-1.00000,665985178846,0.00000
1802,901,0,2.63910,2.77980,0.22890,0.04060,3840000,-1.00000,665985201681,0.00000
1803,901,0,3.80530,0.00000,0.00000,0.01890,0,-1.00000,665985239879,0.00000
1804,902,0,2.10570,2.91980,0.24980,0.02790,3840000,-1.00000,665985262981,0.00000
1805,902,0,3.76530,0.00000,0.00000,0.01860,0,-1.00000,665985300011,0.00000
1806,903,0,2.45620,3.00600,0.16930,0.02490,3840000,-1.00000,665985326405,0.00000
1807,903,0,3.73430,0.00000,0.00000,0.01750,0,-1.00000,665985364478,0.00000
1808,904,0,2.26560,2.88090,0.17410,0.02700,3840000,-1.00000,665985385573,0.00000
1809,904,0,3.60490,0.00000,0.00000,0.01760,0,-1.00000,665985423171,0.00000
1810,905,0,5.79430,3.07380,0.22650,0.05440,3840000,-1.00000,665985447729,0.00000
1811,905,0,4.17560,0.00000,0.00000,0.02150,0,-1.00000,665985485109,0.00000
1812,906,0,0.47230,3.04420,0.20850,0.02420,3840000,-1.00000,665985507727,0.00000
1813,906,0,4.05270,0.00000,0.00000,0.02140,0,-1.00000,665985543775,0.00000
1814,907,0,0.38620,2.92860,0.18460,0.02120,3840000,-1.00000,665985601747,0.00000
1815,907,0,3.67700,0.00000,0.00000,0.01660,0,-1.00000,665985643523,0.00000
1816,908,0,5.74220,3.02840,0.21800,0.03840,3840000,-1.00000,665985648207,0.00000
1817,908,0,3.97220,0.00000,0.00000,0.01940,0,-1.00000,665985688737,0.00000
1818,909,0,0.37950,3.00760,0.14670,0.02260,3840000,-1.00000,665985692590,0.00000
1819,909,0,3.76420,0.00000,0.00000,0.01930,0,-1.00000,665985729362,0.00000
1820,910,0,1.22690,2.83100,0.16300,0.01930,3840000,-1.00000,665985786802,0.00000
1821,910,0,3.57500,0.00000,0.00000,0.01770,0,-1.00000,665985826505,0.00000
1822,911,0,2.42520,2.88760,0.16940,0.02570,3840000,-1.00000,665985830295,0.00000
1823,911,0,3.70780,0.00000,0.00000,0.01560,0,-1.00000,665985867945,0.00000
1824,912,0,2.45030,2.90120,0.21890,0.03850,3840000,-1.00000,665985880210,0.00000
1825,912,0,3.88610,0.00000,0.00000,0.02300,0,-1.00000,665985915961,0.00000
1826,913,0,2.28920,2.95950,0.17530,0.02440,3840000,-1.00000,665985940212,0.00000
1827,913,0,3.79550,0.00000,0.00000,0.01590,0,-1.00000,665985977287,0.00000
1828,914,0,0.39850,2.85400,0.16240,0.02210,3840000,-1.00000,665986001805,0.00000
1829,914,0,5.05530,0.00000,0.00000,0.01750,0,-1.00000,665986040671,0.00000
1830,915,0,3.01670,2.99430,0.21680,0.03690,3840000,-1.00000,665986063546,0.00000
1831,915,0,3.91400,0.00000,0.00000,0.02170,0,-1.00000,665986101499,0.00000
1832,916,0,2.34880,2.86610,0.18800,0.02300,3840000,-1.00000,665986105485,0.00000
1833,916,0,3.66770,0.00000,0.00000,0.01770,0,-1.00000,665986156043,0.00000
1834,917,0,0.39700,3.20150,0.25210,0.05140,3840000,-1.00000,665986186220,0.00000
1835,917,0,5.08720,0.00000,0.00000,0.02080,0,-1.00000,665986225353,0.00000
1836,918,0,3.06450,2.75320,0.23650,0.02470,3840000,-1.00000,665986248838,0.00000
1837,918,0,3.54360,0.00000,0.00000,0.01780,0,-1.00000,665986285509,0.00000
1838,919,0,2.41570,2.89230,0.22720,0.03450,3840000,-1.00000,665986289483,0.00000
1839,919,0,3.81049,0.00000,0.00000,0.01830,0,-1.00000,665986340393,0.00000
1840,920,0,7.10471,3.20730,0.19340,0.03070,3840000,-1.00000,665986370996,0.00000
1841,920,0,4.00140,0.00000,0.00000,0.02330,0,-1.00000,665986406436,0.00000
1842,921,0,0.52830,3.14380,0.22010,0.03970,3840000,-1.00000,665986430600,0.00000
1843,921,0,4.07920,0.00000,0.00000,0.02260,0,-1.00000,665986468699,0.00000
1844,922,0,0.42630,2.87320,0.24060,0.02420,3840000,-1.00000,665986539742,0.00000
1845,922,0,3.78530,0.00000,0.00000,0.01900,0,-1.00000,665986579771,0.00000
1846,923,0,1.05820,2.94880,0.18540,0.02810,3840000,-1.00000,665986585037,0.00000
1847,923,0,4.07420,0.00000,0.00000,0.01890,0,-1.00000,665986625853,0.00000
1848,924,0,5.14600,2.98210,0.25670,0.03870,3840000,-1.00000,665986630091,0.00000
1849,924,0,3.87710,0.00000,0.00000,0.01830,0,-1.00000,665986667956,0.00000
1850,925,0,0.38490,2.87040,0.20380,0.02200,3840000,-1.00000,665986678528,0.00000
1851,925,0,4.93540,0.00000,0.00000,0.01580,0,-1.00000,665986719276,0.00000
1852,926,0,0.34610,2.93800,0.19590,0.02630,3840000,-1.00000,665986770734,0.00000
1853,926,0,5.80420,0.00000,0.00000,0.01930,0,-1.00000,665986809514,0.00000
1854,927,0,3.04740,2.93510,0.24150,0.03710,3840000,-1.00000,665986813348,0.00000
1855,927,0,3.84880,0.00000,0.00000,0.01810,0,-1.00000,665986862709,0.00000
1856,928,0,0.39160,3.02590,0.24780,0.03270,3840000,-1.00000,665986866171,0.00000
1857,928,0,4.14180,0.00000,0.00000,0.02240,0,-1.00000,665986924232,0.00000
1858,929,0,0.43280,2.90850,0.21930,0.02150,3840000,-1.00000,665986954679,0.00000
1859,929,0,3.69110,0.00000,0.00000,0.01720,0,-1.00000,665986993187,0.00000
1860,930,0,5.92970,2.75820,0.20730,0.02300,3840000,-1.00000,665986997083,0.00000
1861,930,0,3.62470,0.00000,0.00000,0.01940,0,-1.00000,665987038521,0.00000
1862,931,0,0.43570,2.94330,0.17280,0.02430,3840000,-1.00000,665987042831,0.00000
1863,931,0,3.84140,0.00000,0.00000,0.02260,0,-1.00000,665987079744,0.00000
1864,932,0,1.51330,2.72280,0.21310,0.02580,3840000,-1.00000,665987139042,0.00000
1865,932,0,3.52360,0.00000,0.00000,0.01850,0,-1.00000,665987175298,0.00000
1866,933,0,2.36080,2.86640,0.15860,0.02110,3840000,-1.00000,665987179646,0.00000
1867,933,0,3.68710,0.00000,0.00000,0.02170,0,-1.00000,665987218080,0.00000
1868,934,0,2.44570,2.81490,0.20550,0.04090,3840000,-1.00000,665987233198,0.00000
1869,934,0,3.70340,0.00000,0.00000,0.02270,0,-1.00000,665987268431,0.00000
1870,935,0,5.56150,2.80320,0.27410,0.03460,3840000,-1.00000,665987292036,0.00000
1871,935,0,3.78350,0.00000,0.00000,0.02010,0,-1.00000,665987328922,0.00000
1872,936,0,0.40471,3.06370,0.19510,0.02170,3840000,-1.00000,665987353373,0.00000
1873,936,0,3.85610,0.00000,0.00000,0.01720,0,-1.00000,665987390407,0.00000
1874,937,0,1.10560,2.80960,0.16540,0.02280,3840000,-1.00000,665987446015,0.00000
1875,937,0,3.55270,0.00000,0.00000,0.01760,0,-1.00000,665987483861,0.00000
1876,938,0,2.43590,2.87860,0.16890,0.01960,3840000,-1.00000,665987487888,0.00000
1877,938,0,3.79090,0.00000,0.00000,0.02690,0,-1.00000,665987526459,0.00000
1878,939,0,2.54440,2.81910,0.20070,0.03090,3840000,-1.00000,665987537507,0.00000
1879,939,0,3.67710,0.00000,0.00000,0.02010,0,-1.00000,665987573042,0.00000
1880,940,0,2.54980,2.87720,0.18750,0.02150,3840000,-1.00000,665987597395,0.00000
1881,940,0,3.69169,0.00000,0.00000,0.01550,0,-1.00000,665987635316,0.00000
1882,941,0,0.35850,2.92210,0.15010,0.02180,3840000,-1.00000,665987660756,0.00000
1883,941,0,6.32110,0.00000,0.00000,0.02020,0,-1.00000,665987697531,0.00000
1884,942,0,1.81540,2.72770,0.20990,0.02700,3840000,-1.00000,665987723017,0.00000
1885,942,0,3.65740,0.00000,0.00000,0.02280,0,-1.00000,665987759934,0.00000
1886,943,0,2.55990,2.86960,0.22540,0.02840,3840000,-1.00000,665987763524,0.00000
1887,943,0,3.72380,0.00000,0.00000,0.01890,0,-1.00000,665987826746,0.00000
1888,944,0,0.42000,2.91160,0.16500,0.02140,3840000,-1.00000,665987844883,0.00000
1889,944,0,4.97100,0.00000,0.00000,0.02220,0,-1.00000,665987881478,0.00000
1890,945,0,3.04880,2.73490,0.23120,0.05060,3840000,-1.00000,665987907064,0.00000
1891,945,0,3.85070,0.00000,0.00000,0.02150,0,-1.00000,665987944300,0.00000
1892,946,0,2.38020,2.95940,0.21390,0.02540,3840000,-1.00000,665987948494,0.00000
1893,946,0,3.72200,0.00000,0.00000,0.02260,0,-1.00000,665987998222,0.00000
1894,947,0,0.45150,2.77060,0.17370,0.01930,3840000,-1.00000,665988028702,0.00000
1895,947,0,4.93350,0.00000,0.00000,0.02200,0,-1.00000,665988067225,0.00000
1896,948,0,7.56560,2.91050,0.18190,0.02410,3840000,-1.00000,665988091009,0.00000
1897,948,0,3.74931,0.00000,0.00000,0.01830,0,-1.00000,665988128232,0.00000
1898,949,0,0.43980,2.86470,0.19790,0.03530,3840000,-1.00000,665988132737,0.00000
1899,949,0,3.86580,0.00000,0.00000,0.02100,0,-1.00000,665988182184,0.00000
1900,950,0,2.79730,2.76840,0.21720,0.02220,3840000,-1.00000,665988257730,0.00000
1901,950,0,3.61960,0.00000,0.00000,0.02120,0,-1.00000,665988295226,0.00000
1902,951,0,2.48660,2.82540,0.19680,0.02400,3840000,-1.00000,665988299623,0.00000
1903,951,0,3.67630,0.00000,0.00000,0.01950,0,-1.00000,665988338297,0.00000
1904,952,0,2.48830,2.88770,0.20000,0.03460,3840000,-1.00000,665988366255,0.00000
1905,952,0,3.78160,0.00000,0.00000,0.01950,0,-1.00000,665988402457,0.00000
1906,953,0,2.26330,2.87730,0.21230,0.02370,3840000,-1.00000,665988427316,0.00000
1907,953,0,3.69790,0.00000,0.00000,0.01820,0,-1.00000,665988464089,0.00000
1908,954,0,0.36020,2.83620,0.17530,0.02450,3840000,-1.00000,665988488967,0.00000
1909,954,0,3.65090,0.00000,0.00000,0.01940,0,-1.00000,665988526788,0.00000
1910,955,0,1.66351,2.74700,0.21560,0.03440,3840000,-1.00000,665988549409,0.00000
1911,955,0,3.62029,0.00000,0.00000,0.01860,0,-1.00000,665988586388,0.00000
1912,956,0,0.41960,2.86800,0.18980,0.02570,3840000,-1.00000,665988589990,0.00000
1913,956,0,5.06320,0.00000,0.00000,0.01850,0,-1.00000,665988626511,0.00000
1914,957,0,6.12580,2.67690,0.21490,0.02600,3840000,-1.00000,665988643137,0.00000
1915,957,0,3.50280,0.00000,0.00000,0.01820,0,-1.00000,665988679349,0.00000
1916,958,0,0.37970,2.74790,0.15950,0.02070,3840000,-1.00000,665988683540,0.00000
1917,958,0,5.30800,0.00000,0.00000,0.01790,0,-1.00000,665988734171,0.00000
1918,959,0,0.43120,3.45450,0.25610,0.04870,3840000,-1.00000,665988795426,0.00000
1919,959,0,5.56590,0.00000,0.00000,0.01770,0,-1.00000,665988830450,0.00000
1920,960,0,0.43150,2.83130,0.25930,0.03890,3840000,-1.00000,665988834249,0.00000
1921,960,0,3.80230,0.00000,0.00000,0.01870,0,-1.00000,665988887337,0.00000
1922,961,0,5.12270,3.03900,0.20120,0.02930,3840000,-1.00000,665988891638,0.00000
1923,961,0,3.99550,0.00000,0.00000,0.02290,0,-1.00000,665988947334,0.00000
1924,962,0,5.22490,2.78210,0.25030,0.04150,3840000,-1.00000,665988951607,0.00000
1925,962,0,3.73620,0.00000,0.00000,0.01990,0,-1.00000,665988989655,0.00000
1926,963,0,0.40910,2.74240,0.15410,0.02350,3840000,-1.00000,665989040868,0.00000
1927,963,0,3.43080,0.00000,0.00000,0.02140,0,-1.00000,665989080835,0.00000
1928,964,0,0.39560,2.88770,0.16560,0.02080,3840000,-1.00000,665989133093,0.00000
1929,964,0,3.61650,0.00000,0.00000,0.01520,0,-1.00000,665989170439,0.00000
1930,965,0,0.47110,2.89310,0.14330,0.02150,3840000,-1.00000,665989174514,0.00000
1931,965,0,3.67270,0.00000,0.00000,0.01830,0,-1.00000,665989208830,0.00000
1932,966,0,5.79390,2.80710,0.29250,0.11220,3840000,-1.00000,665989212781,0.00000
1933,966,0,3.94300,0.00000,0.00000,0.02170,0,-1.00000,665989248946,0.00000
1934,967,0,0.51350,3.07260,0.20360,0.02400,3840000,-1.00000,665989253655,0.00000
1935,967,0,3.87220,0.00000,0.00000,0.01750,0,-1.00000,665989290387,0.00000
1936,968,0,0.30570,2.91420,0.16570,0.01970,3840000,-1.00000,665989348347,0.00000
1937,968,0,3.64340,0.00000,0.00000,0.02190,0,-1.00000,665989387772,0.00000
1938,969,0,2.92540,3.02780,0.21570,0.03660,3840000,-1.00000,665989392896,0.00000
1939,969,0,4.44080,0.00000,0.00000,0.02290,0,-1.00000,665989431619,0.00000
1940,970,0,1.74880,2.85140,0.17590,0.02060,3840000,-1.00000,665989434668,0.00000
1941,970,0,3.66270,0.00000,0.00000,0.01780,0,-1.00000,665989471109,0.00000
1942,971,0,0.34910,2.93920,0.17150,0.02530,3840000,-1.00000,665989500360,0.00000
1943,971,0,5.21680,0.00000,0.00000,0.02240,0,-1.00000,665989544784,0.00000
1944,972,0,2.96950,2.96340,0.20830,0.02710,3840000,-1.00000,665989562252,0.00000
1945,972,0,3.90280,0.00000,0.00000,0.02260,0,-1.00000,665989598881,0.00000
1946,973,0,2.11250,2.88680,0.23620,0.03830,3840000,-1.00000,665989602372,0.00000
1947,973,0,3.95250,0.00000,0.00000,0.01830,0,-1.00000,665989654560,0.00000
1948,974,0,5.34930,2.97080,0.22880,0.02710,3840000,-1.00000,665989684238,0.00000
1949,974,0,3.78170,0.00000,0.00000,0.02060,0,-1.00000,665989723274,0.00000
1950,975,0,0.40290,3.12020,0.15800,0.02250,3840000,-1.00000,665989744389,0.00000
1951,975,0,3.86490,0.00000,0.00000,0.01660,0,-1.00000,665989783931,0.00000
1952,976,0,1.35040,2.97080,0.20830,0.03660,3840000,-1.00000,665989837406,0.00000
1953,976,0,3.82270,0.00000,0.00000,0.01930,0,-1.00000,665989875230,0.00000
1954,977,0,0.36510,2.97960,0.21180,0.03240,3840000,-1.00000,665989879249,0.00000
1955,977,0,4.88051,0.00000,0.00000,0.02990,0,-1.00000,665989917906,0.00000
1956,978,0,2.90799,2.94010,0.24000,0.03090,3840000,-1.00000,665989931409,0.00000
1957,978,0,3.87791,0.00000,0.00000,0.02240,0,-1.00000,665989969647,0.00000
1958,979,0,0.39780,2.88200,0.20980,0.03170,3840000,-1.00000,665989973280,0.00000
1959,979,0,3.87020,0.00000,0.00000,0.01930,0,-1.00000,665990022128,0.00000
1960,980,0,1.22140,2.95080,0.21850,0.02750,3840000,-1.00000,665990051185,0.00000
1961,980,0,3.75780,0.00000,0.00000,0.01890,0,-1.00000,665990089960,0.00000
1962,981,0,2.34070,3.00950,0.16180,0.02360,3840000,-1.00000,665990093926,0.00000
1963,981,0,3.71960,0.00000,0.00000,0.01830,0,-1.00000,665990132644,0.00000
1964,982,0,5.66320,3.02830,0.22060,0.03470,3840000,-1.00000,665990144848,0.00000
1965,982,0,3.91930,0.00000,0.00000,0.02100,0,-1.00000,665990182422,0.00000
1966,983,0,2.03320,3.01620,0.22680,0.03550,3840000,-1.00000,665990205830,0.00000
1967,983,0,3.96270,0.00000,0.00000,0.01880,0,-1.00000,665990243023,0.00000
1968,984,0,2.16780,2.97290,0.18640,0.02790,3840000,-1.00000,665990299659,0.00000
1969,984,0,3.81300,0.00000,0.00000,0.01970,0,-1.00000,665990338870,0.00000
1970,985,0,2.53061,2.99440,0.16760,0.02650,3840000,-1.00000,665990359181,0.00000
1971,985,0,3.76800,0.00000,0.00000,0.02110,0,-1.00000,665990398818,0.00000
1972,986,0,0.50810,3.06960,0.25110,0.03690,3840000,-1.00000,665990420487,0.00000
1973,986,0,4.78970,0.00000,0.00000,0.01660,0,-1.00000,665990458619,0.00000
1974,987,0,2.92860,2.84120,0.18310,0.02500,3840000,-1.00000,665990483922,0.00000
1975,987,0,3.65021,0.00000,0.00000,0.01780,0,-1.00000,665990521613,0.00000
1976,988,0,0.36409,2.82650,0.19390,0.02840,3840000,-1.00000,665990526678,0.00000
1977,988,0,3.77241,0.00000,0.00000,0.02270,0,-1.00000,665990574597,0.00000
1978,989,0,7.66990,3.16590,0.24610,0.03870,3840000,-1.00000,665990603865,0.00000
1979,989,0,4.23410,0.00000,0.00000,0.02310,0,-1.00000,665990640368,0.00000
1980,990,0,0.54000,2.77690,0.21440,0.04420,3840000,-1.00000,665990644004,0.00000
1981,990,0,3.57170,0.00000,0.00000,0.01800,0,-1.00000,665990681763,0.00000
1982,991,0,0.75320,2.83230,0.16090,0.02270,3840000,-1.00000,665990758431,0.00000
1983,991,0,3.52600,0.00000,0.00000,0.01660,0,-1.00000,665990800795,0.00000
1984,992,0,5.79180,2.96950,0.24320,0.04080,3840000,-1.00000,665990806168,0.00000
1985,992,0,3.93650,0.00000,0.00000,0.01930,0,-1.00000,665990841889,0.00000
1986,993,0,0.42139,2.76810,0.20690,0.02270,3840000,-1.00000,665990849420,0.00000
1987,993,0,3.70240,0.00000,0.00000,0.01770,0,-1.00000,665990884683,0.00000
1988,994,0,1.24160,2.78090,0.17440,0.01790,3840000,-1.00000,665990942596,0.00000
1989,994,0,3.45500,0.00000,0.00000,0.01890,0,-1.00000,665990981990,0.00000
1990,995,0,0.34560,3.03410,0.20250,0.03500,3840000,-1.00000,665990986175,0.00000
1991,995,0,5.28330,0.00000,0.00000,0.02070,0,-1.00000,665991023202,0.00000
1992,996,0,3.03170,2.93380,0.19530,0.02300,3840000,-1.00000,665991035621,0.00000
1993,996,0,3.67360,0.00000,0.00000,0.01440,0,-1.00000,665991070175,0.00000
1994,997,0,2.62580,3.12420,0.21100,0.03490,3840000,-1.00000,665991073616,0.00000
1995,997,0,3.99750,0.00000,0.00000,0.02200,0,-1.00000,665991126473,0.00000
1996,998,0,0.51320,2.91360,0.19020,0.02430,3840000,-1.00000,665991156777,0.00000
1997,998,0,4.60619,0.00000,0.00000,0.01790,0,-1.00000,665991193507,0.00000
1998,999,0,2.97601,2.81110,0.19480,0.03730,3840000,-1.00000,665991219775,0.00000
1999,999,0,3.68780,0.00000,0.00000,0.01930,0,-1.00000,665991259746,0.00000
2000,1000,0,2.60580,3.04310,0.21520,0.03520,3840000,-1.00000,665991264914,0.00000
2001,1000,0,3.98010,0.00000,0.00000,0.02540,0,-1.00000,665991310937,0.00000
2002,1001,0,0.42500,2.90140,0.18650,0.02240,3840000,-1.00000,665991340697,0.00000
2003,1001,0,4.69050,0.00000,0.00000,0.01890,0,-1.00000,665991377582,0.00000
2004,1002,0,6.10150,2.94660,0.23640,0.03140,3840000,-1.00000,665991403650,0.00000
2005,1002,0,3.90100,0.00000,0.00000,0.01910,0,-1.00000,665991443443,0.00000
2006,1003,0,5.20420,3.03720,0.19040,0.03700,3840000,-1.00000,665991447685,0.00000
2007,1003,0,3.99060,0.00000,0.00000,0.02210,0,-1.00000,665991494590,0.00000
2008,1004,0,5.30250,2.88560,0.17860,0.02420,3840000,-1.00000,665991555604,0.00000
2009,1004,0,3.70490,0.00000,0.00000,0.01840,0,-1.00000,665991594622,0.00000
2010,1005,0,0.38550,2.94900,0.18220,0.02500,3840000,-1.00000,665991646676,0.00000
2011,1005,0,3.79380,0.00000,0.00000,0.02300,0,-1.00000,665991686574,0.00000
2012,1006,0,0.41030,2.90620,0.21930,0.02640,3840000,-1.00000,665991739587,0.00000
2013,1006,0,3.77660,0.00000,0.00000,0.02040,0,-1.00000,665991776640,0.00000
2014,1007,0,3.23680,2.98690,0.16650,0.02300,3840000,-1.00000,665991780485,0.00000
2015,1007,0,3.82450,0.00000,0.00000,0.01860,0,-1.00000,665991818441,0.00000
2016,1008,0,2.46409,2.80550,0.14750,0.02170,3840000,-1.00000,665991822530,0.00000
2017,1008,0,3.54280,0.00000,0.00000,0.02180,0,-1.00000,665991860306,0.00000
2018,1009,0,2.65250,2.92170,0.19310,0.03770,3840000,-1.00000,665991892666,0.00000
2019,1009,0,3.87900,0.00000,0.00000,0.02250,0,-1.00000,665991930910,0.00000
2020,1010,0,0.46620,2.92420,0.16550,0.01990,3840000,-1.00000,665991955556,0.00000
2021,1010,0,6.11580,0.00000,0.00000,0.01670,0,-1.00000,665991990987,0.00000
2022,1011,0,1.48960,2.94510,0.17250,0.02310,3840000,-1.00000,665992017704,0.00000
2023,1011,0,3.78110,0.00000,0.00000,0.01750,0,-1.00000,665992056304,0.00000
2024,1012,0,0.35360,2.85410,0.20750,0.02590,3840000,-1.00000,665992060951,0.00000
2025,1012,0,3.80159,0.00000,0.00000,0.01900,0,-1.00000,665992122123,0.00000
2026,1013,0,0.36920,3.06650,0.18800,0.03290,3840000,-1.00000,665992137012,0.00000
2027,1013,0,4.10530,0.00000,0.00000,0.02210,0,-1.00000,665992174822,0.00000
2028,1014,0,3.12990,3.04280,0.23390,0.03690,3840000,-1.00000,665992178350,0.00000
2029,1014,0,4.01460,0.00000,0.00000,0.01830,0,-1.00000,665992216380,0.00000
2030,1015,0,0.39900,3.09330,0.17190,0.02280,3840000,-1.00000,665992220063,0.00000
2031,1015,0,4.75730,0.00000,0.00000,0.01870,0,-1.00000,665992261139,0.00000
2032,1016,0,3.03750,2.99860,0.23830,0.03750,3840000,-1.00000,665992292421,0.00000
2033,1016,0,3.95030,0.00000,0.00000,0.01910,0,-1.00000,665992332580,0.00000
2034,1017,0,2.20040,3.09190,0.18730,0.02310,3840000,-1.00000,665992336557,0.00000
2035,1017,0,3.84300,0.00000,0.00000,0.01760,0,-1.00000,665992384132,0.00000
2036,1018,0,0.34280,2.99290,0.16010,0.02290,3840000,-1.00000,665992414499,0.00000
2037,1018,0,3.66409,0.00000,0.00000,0.01780,0,-1.00000,665992454016,0.00000
2038,1019,0,0.31621,3.06440,0.15040,0.02280,3840000,-1.00000,665992476011,0.00000
2039,1019,0,4.12070,0.00000,0.00000,0.01630,0,-1.00000,665992514441,0.00000
2040,1020,0,6.17890,3.39450,0.21790,0.03980,3840000,-1.00000,665992517862,0.00000
2041,1020,0,4.54270,0.00000,0.00000,0.01600,0,-1.00000,665992554510,0.00000
2042,1021,0,0.38670,3.03340,0.19070,0.02790,3840000,-1.00000,665992557671,0.00000
2043,1021,0,4.03050,0.00000,0.00000,0.01820,0,-1.00000,665992598878,0.00000
2044,1022,0,3.33790,3.15160,0.22430,0.04570,3840000,-1.00000,665992660673,0.00000
2045,1022,0,4.10420,0.00000,0.00000,0.02050,0,-1.00000,665992706110,0.00000
2046,1023,0,5.13090,3.11470,0.22740,0.03670,3840000,-1.00000,665992709957,0.00000
2047,1023,0,4.01290,0.00000,0.00000,0.01960,0,-1.00000,665992750289,0.00000
2048,1024,0,5.18930,3.11840,0.21570,0.03810,3840000,-1.00000,665992783676,0.00000
2049,1024,0,4.04630,0.00000,0.00000,0.01910,0,-1.00000,665992824702,0.00000
2050,1025,0,0.37870,3.32480,0.16340,0.02350,3840000,-1.00000,665992876054,0.00000
2051,1025,0,4.10991,0.00000,0.00000,0.01970,0,-1.00000,665992916125,0.00000
2052,1026,0,0.51149,3.09050,0.25690,0.02960,3840000,-1.00000,665992968022,0.00000
2053,1026,0,3.99940,0.00000,0.00000,0.02210,0,-1.00000,665993008486,0.00000
2054,1027,0,2.30940,3.08170,0.20970,0.02610,3840000,-1.00000,665993012264,0.00000
2055,1027,0,3.90460,0.00000,0.00000,0.01780,0,-1.00000,665993053371,0.00000
2056,1028,0,2.24110,3.08920,0.15940,0.02410,3840000,-1.00000,665993058474,0.00000
2057,1028,0,3.80450,0.00000,0.00000,0.01810,0,-1.00000,665993098489,0.00000
2058,1029,0,2.38210,3.14180,0.24210,0.03220,3840000,-1.00000,665993121573,0.00000
2059,1029,0,4.22910,0.00000,0.00000,0.02220,0,-1.00000,665993160614,0.00000
2060,1030,0,1.94550,3.00550,0.27910,0.04050,3840000,-1.00000,665993183022,0.00000
2061,1030,0,4.00200,0.00000,0.00000,0.01870,0,-1.00000,665993221070,0.00000
2062,1031,0,0.49790,3.11360,0.19000,0.02540,3840000,-1.00000,665993244888,0.00000
2063,1031,0,3.88580,0.00000,0.00000,0.01830,0,-1.00000,665993287203,0.00000
2064,1032,0,3.75230,3.12710,0.24930,0.03350,3840000,-1.00000,665993306686,0.00000
2065,1032,0,4.00330,0.00000,0.00000,0.02090,0,-1.00000,665993346677,0.00000
2066,1033,0,0.39840,3.19400,0.18790,0.02470,3840000,-1.00000,665993351637,0.00000
2067,1033,0,3.93550,0.00000,0.00000,0.02050,0,-1.00000,665993390499,0.00000
2068,1034,0,0.35420,3.10960,0.15380,0.02400,3840000,-1.00000,665993428014,0.00000
2069,1034,0,3.80490,0.00000,0.00000,0.01900,0,-1.00000,665993468065,0.00000
2070,1035,0,0.36940,3.06200,0.17270,0.02230,3840000,-1.00000,665993472031,0.00000
2071,1035,0,5.89260,0.00000,0.00000,0.01910,0,-1.00000,665993511392,0.00000
2072,1036,0,2.94230,3.05330,0.22630,0.03520,3840000,-1.00000,665993514933,0.00000
2073,1036,0,4.03850,0.00000,0.00000,0.02510,0,-1.00000,665993552981,0.00000
2074,1037,0,0.55670,3.24300,0.21560,0.03710,3840000,-1.00000,665993556667,0.00000
2075,1037,0,4.46180,0.00000,0.00000,0.01910,0,-1.00000,665993615605,0.00000
2076,1038,0,0.41120,3.13760,0.22140,0.02230,3840000,-1.00000,665993645031,0.00000
2077,1038,0,3.94930,0.00000,0.00000,0.01780,0,-1.00000,665993685429,0.00000
2078,1039,0,2.04870,2.94840,0.15610,0.02190,3840000,-1.00000,665993690979,0.00000
2079,1039,0,3.73231,0.00000,0.00000,0.01940,0,-1.00000,665993735609,0.00000
2080,1040,0,0.42680,3.08460,0.16090,0.02190,3840000,-1.00000,665993739707,0.00000
2081,1040,0,4.98980,0.00000,0.00000,0.01650,0,-1.00000,665993779202,0.00000
2082,1041,0,3.08300,2.93000,0.16540,0.02280,3840000,-1.00000,665993799685,0.00000
2083,1041,0,3.75520,0.00000,0.00000,0.01740,0,-1.00000,665993837011,0.00000
2084,1042,0,2.39530,3.05690,0.22700,0.03670,3840000,-1.00000,665993841272,0.00000
2085,1042,0,3.99460,0.00000,0.00000,0.01950,0,-1.00000,665993891183,0.00000
2086,1043,0,0.45760,3.33150,0.18880,0.02630,3840000,-1.00000,665993922005,0.00000
2087,1043,0,4.89090,0.00000,0.00000,0.01820,0,-1.00000,665993959557,0.00000
2088,1044,0,3.01700,2.93320,0.17580,0.02210,3840000,-1.00000,665993983504,0.00000
2089,1044,0,3.75350,0.00000,0.00000,0.02070,0,-1.00000,665994023470,0.00000
2090,1045,0,2.52410,3.06430,0.16600,0.02150,3840000,-1.00000,665994028028,0.00000
2091,1045,0,3.92660,0.00000,0.00000,0.01900,0,-1.00000,665994076949,0.00000
2092,1046,0,0.60100,3.07090,0.17320,0.02240,3840000,-1.00000,665994107108,0.00000
2093,1046,0,4.64180,0.00000,0.00000,0.01760,0,-1.00000,665994144654,0.00000
2094,1047,0,3.00770,3.27200,0.19730,0.03990,3840000,-1.00000,665994169886,0.00000
2095,1047,0,4.43920,0.00000,0.00000,0.01720,0,-1.00000,665994209153,0.00000
2096,1048,0,1.89290,3.21550,0.19860,0.02680,3840000,-1.00000,665994215167,0.00000
2097,1048,0,4.00990,0.00000,0.00000,0.04940,0,-1.00000,665994261585,0.00000
2098,1049,0,0.53460,3.14960,0.16240,0.02420,3840000,-1.00000,665994291796,0.00000
2099,1049,0,4.59840,0.00000,0.00000,0.01820,0,-1.00000,665994336068,0.00000
2100,1050,0,2.85930,2.95900,0.13520,0.02150,3840000,-1.00000,665994354984,0.00000
