tick,total_ms,navigation_ms,neighbors_ms,avoidance_ms,integration_ms,expanded,pending,failed,coarse,fallbacks,replans,first_arrived,current_arrived,never_ready,safety_pair_checks,limited
1,28.66070,20.39420,6.55800,1.67670,0.03070,403,1751,0,16,0,0,0,0,1751,2805,0
2,13.28820,5.45750,6.25630,1.54310,0.03040,516,1735,0,32,0,0,0,0,1735,2804,0
3,11.48630,5.05470,4.76540,1.56570,0.09960,368,1719,0,48,0,0,0,0,1719,2784,0
4,11.66580,5.48910,4.59510,1.54980,0.03090,547,1704,0,64,0,0,0,0,1703,2778,0
5,12.49540,6.12560,4.78460,1.49140,0.09300,748,1688,0,80,0,0,0,0,1687,2774,0
6,10.95980,4.35790,4.50000,2.04220,0.05890,395,1672,0,96,0,0,0,0,1671,2777,0
7,11.55840,5.54230,4.53290,1.46280,0.01940,596,1656,0,112,0,0,0,0,1655,2776,0
8,11.26530,4.70310,4.87960,1.65230,0.02940,498,1641,0,128,0,0,0,0,1639,2774,0
9,10.91320,4.72740,4.62070,1.45430,0.10970,468,1625,0,144,0,0,0,0,1623,2761,0
10,11.16210,5.10760,4.48000,1.55150,0.02210,598,1609,0,160,0,0,0,0,1607,2774,0
11,10.51800,5.03760,4.02210,1.43380,0.02350,601,1593,0,176,0,0,0,0,1591,2776,0
12,10.39350,4.76120,4.13160,1.46910,0.03070,518,1577,0,192,0,0,0,0,1575,2777,0
13,10.49370,4.93770,4.09160,1.43930,0.02450,640,1562,0,208,0,0,0,0,1559,2769,0
14,12.05850,5.03880,5.28680,1.69390,0.03760,572,1546,0,224,0,0,0,0,1543,2772,0
15,9.85000,4.25320,4.12310,1.44640,0.02650,450,1530,0,240,0,0,0,0,1527,2779,0
16,16.76550,11.13440,4.06930,1.53430,0.02660,431,1514,0,256,0,0,0,0,1511,2795,0
17,9.61610,4.42040,3.65700,1.49950,0.03840,419,1498,0,272,0,0,0,0,1495,2796,0
18,10.62270,4.46300,4.35520,1.76980,0.03370,459,1482,0,288,0,0,0,0,1479,2819,0
19,9.18050,4.11910,3.57040,1.46460,0.02560,301,1467,0,304,0,0,0,0,1463,2836,0
20,10.27320,4.56890,4.07730,1.59590,0.02920,590,1451,0,320,0,0,0,0,1447,2841,0
21,10.35060,5.14130,3.65590,1.52150,0.03080,770,1435,0,336,0,0,0,0,1431,2854,0
22,9.18180,3.92280,3.63530,1.59390,0.02890,355,1420,0,352,0,0,0,0,1415,2874,0
23,9.54860,4.28290,3.74660,1.49260,0.02550,482,1405,0,368,0,0,0,0,1399,2877,0
24,9.93150,4.41900,3.80270,1.66060,0.04830,618,1389,0,384,0,0,0,0,1383,2859,0
25,9.19170,4.04670,3.60400,1.51090,0.02930,375,1374,0,400,0,0,0,0,1367,2846,0
26,9.28050,4.44530,3.26220,1.53610,0.03590,537,1358,0,416,0,0,0,0,1351,2841,0
27,9.16940,4.13970,3.44780,1.55120,0.02950,471,1342,0,432,0,0,0,0,1335,2817,0
28,9.66760,4.38070,3.70350,1.55030,0.03160,407,1327,0,448,0,0,0,0,1319,2820,0
29,9.93180,4.82930,3.53590,1.53350,0.03200,720,1312,0,464,0,0,0,0,1303,2815,0
30,10.66140,4.99580,3.84220,1.78750,0.03410,566,1298,0,480,0,0,0,0,1287,2820,0
31,19.52840,11.79150,6.00050,1.62450,0.11000,348,1282,0,496,0,0,0,0,1271,2818,0
32,12.48610,5.90220,4.95060,1.60110,0.03040,545,1266,0,512,0,0,0,0,1255,2823,0
33,10.81480,4.69600,4.54140,1.54650,0.02970,470,1250,0,528,0,0,0,0,1239,2828,0
34,11.24260,4.82200,4.81130,1.57280,0.03520,306,1234,0,544,0,0,0,0,1223,2821,0
35,11.51360,4.99040,4.33050,2.15950,0.03180,491,1219,0,560,0,0,0,0,1207,2813,0
36,10.52930,4.59200,4.27550,1.63150,0.02920,400,1204,0,576,0,0,0,0,1191,2812,0
37,11.32440,5.60850,4.12900,1.55630,0.02900,978,1188,0,592,0,0,0,0,1175,2818,0
38,10.86000,4.85230,4.25200,1.63960,0.11440,565,1173,0,608,0,0,0,0,1159,2802,0
39,10.64680,4.84160,4.18400,1.57180,0.04810,496,1157,0,624,0,0,0,0,1143,2778,0
40,10.90990,5.10100,4.18620,1.59330,0.02840,611,1141,0,640,0,0,0,0,1127,2775,0
41,10.66340,5.27350,3.75920,1.59810,0.03110,648,1125,0,656,0,0,0,0,1111,2757,0
42,9.61810,4.66860,3.34050,1.53460,0.07290,505,1110,0,672,0,0,0,0,1095,2744,0
43,9.70540,4.34510,3.73130,1.60030,0.02780,480,1095,0,688,0,0,0,0,1079,2720,0
44,9.22840,4.24010,3.45790,1.50410,0.02550,556,1080,0,704,0,0,0,0,1063,2723,0
45,8.82200,4.04910,3.26330,1.48330,0.02540,442,1065,0,720,0,0,0,0,1047,2745,0
46,16.53540,11.40500,3.47300,1.63180,0.02490,709,1049,0,736,0,0,0,0,1031,2733,0
47,9.14100,4.07090,3.49280,1.55210,0.02460,455,1034,0,752,0,0,0,0,1015,2728,0
48,9.36910,4.21850,3.44010,1.67070,0.03890,513,1019,0,768,0,0,0,0,999,2716,0
49,10.56010,4.93510,3.83820,1.74540,0.04030,532,1003,0,784,0,0,0,0,983,2701,0
50,10.40060,4.77650,3.91430,1.65620,0.05150,555,988,0,800,0,0,0,0,967,2696,0
51,10.52960,4.57250,4.28560,1.62630,0.04380,471,973,0,816,0,0,0,0,951,2664,0
52,10.27710,4.46060,4.17960,1.60420,0.03160,310,957,0,832,0,0,0,0,935,2632,0
53,10.53460,4.64690,4.21590,1.64230,0.02790,600,941,0,848,0,0,0,0,919,2631,0
54,10.84840,5.56080,3.71430,1.54130,0.03010,787,926,0,864,0,0,0,0,903,2624,0
55,10.25580,4.76890,3.68480,1.76870,0.03130,429,911,0,880,0,0,0,0,887,2596,0
56,10.38790,4.54840,4.19990,1.60180,0.03630,459,897,0,896,0,0,0,0,871,2601,0
57,10.43020,4.84060,3.95220,1.59020,0.04560,520,882,0,912,0,0,0,0,855,2615,0
58,10.48890,4.74950,4.02750,1.65950,0.05090,341,866,0,928,0,0,0,0,839,2602,0
59,10.37730,4.86570,3.84730,1.63440,0.02890,415,850,0,944,0,0,0,0,823,2604,0
60,10.93870,5.01760,4.27210,1.60120,0.04640,562,834,0,960,0,0,0,0,807,2576,0
61,19.08650,12.06190,5.42410,1.57400,0.02480,667,819,0,976,0,0,0,0,791,2565,0
62,12.07120,4.86380,5.55930,1.60920,0.03800,685,803,0,992,0,0,0,0,775,2581,0
63,12.57180,4.73670,6.14230,1.65930,0.03200,553,788,0,1008,0,0,0,0,759,2553,0
64,11.20550,4.50750,4.99520,1.66950,0.03190,471,772,0,1024,0,0,0,0,743,2551,0
65,10.24420,4.30110,4.25460,1.57370,0.11380,517,757,0,1040,0,0,0,0,727,2557,0
66,10.25090,4.28780,4.31540,1.60600,0.04060,502,742,0,1056,0,0,0,0,711,2564,0
67,9.80060,3.99150,4.17400,1.60400,0.03030,374,728,0,1072,0,0,0,0,695,2562,0
68,10.02650,4.63860,3.80230,1.55530,0.02950,657,715,0,1088,0,0,0,0,679,2546,0
69,8.89400,3.91780,3.39410,1.55090,0.03030,398,699,0,1104,0,0,0,0,663,2519,0
70,10.39770,4.53880,4.10280,1.72050,0.03460,664,685,0,1120,0,0,0,0,647,2488,0
71,9.98020,4.57890,3.40880,1.95520,0.03630,693,669,0,1136,0,0,0,0,631,2465,0
72,9.60940,4.22960,3.77140,1.58210,0.02570,366,655,0,1152,0,0,0,0,615,2467,0
73,9.56010,4.42350,3.44230,1.66420,0.02910,498,640,0,1168,0,0,0,0,599,2458,0
74,10.97780,4.60300,4.59060,1.75670,0.02670,544,624,0,1184,0,0,0,0,583,2462,0
75,9.68450,4.27380,3.75660,1.61590,0.03720,398,611,0,1200,0,0,0,0,567,2438,0
76,16.51410,11.32790,3.46550,1.68730,0.03160,553,595,0,1216,0,0,0,0,551,2460,0
77,9.72670,4.87480,3.23980,1.56590,0.04530,569,582,0,1232,0,0,0,0,535,2447,0
78,9.12850,4.21570,3.37160,1.51580,0.02430,426,566,0,1248,0,0,0,0,519,2472,0
79,9.34740,4.36190,3.40110,1.55970,0.02390,611,553,0,1264,0,0,0,0,503,2441,0
80,9.91090,4.68950,3.61390,1.58060,0.02580,663,539,0,1280,0,0,0,0,487,2440,0
81,10.02710,4.84680,3.27770,1.86200,0.03890,392,524,0,1296,0,0,0,0,471,2421,0
82,10.59060,5.23730,3.68480,1.63200,0.03470,676,512,0,1312,0,0,0,0,455,2418,0
83,10.88330,4.71300,4.33600,1.78360,0.04920,348,499,0,1328,0,0,1,1,439,2423,0
84,10.74560,4.85210,4.18680,1.67510,0.03040,440,483,0,1344,0,0,1,1,423,2432,0
85,11.56520,5.22380,4.61470,1.69230,0.03290,478,469,0,1360,0,0,1,1,407,2439,0
86,10.82950,5.07730,4.06340,1.66060,0.02630,836,453,0,1376,0,0,1,1,391,2461,0
87,11.07550,4.93630,4.23490,1.86280,0.04050,539,438,0,1392,0,0,1,1,375,2437,0
88,11.00320,4.94020,4.23510,1.78170,0.04520,452,425,0,1408,0,0,1,1,359,2430,0
89,9.99950,4.92950,3.44030,1.60180,0.02670,493,415,0,1424,0,0,1,1,343,2403,0
90,9.87540,4.79720,3.45940,1.59330,0.02460,609,400,0,1440,0,0,1,1,327,2415,0
91,19.24870,12.48220,5.06070,1.67020,0.03390,595,386,0,1456,0,0,1,1,311,2431,0
92,12.47620,5.96450,4.59180,1.87250,0.04470,492,373,0,1472,0,0,1,1,295,2422,0
93,11.65810,5.55100,4.36560,1.69770,0.04200,538,358,0,1488,0,0,1,1,279,2415,0
94,10.65430,4.79720,4.13510,1.68260,0.03700,344,343,0,1504,0,0,1,1,263,2409,0
95,11.01040,5.59780,3.58560,1.79030,0.03550,677,328,0,1520,0,0,1,1,247,2397,0
96,10.35460,5.02870,3.62740,1.66840,0.02940,644,312,0,1536,0,0,1,1,231,2381,0
97,9.35780,4.25210,3.41490,1.65670,0.03310,330,298,0,1552,0,0,1,1,215,2371,0
98,9.45800,4.49790,3.34520,1.58760,0.02650,548,283,0,1568,0,0,1,1,199,2357,0
99,9.37150,4.45770,3.30730,1.58000,0.02530,454,268,0,1584,0,0,1,1,183,2386,0
100,9.47850,4.17150,3.66950,1.60870,0.02800,425,254,0,1600,0,0,1,1,167,2388,0
101,10.40930,4.60170,4.02210,1.75090,0.03360,408,240,0,1616,0,0,1,1,151,2401,0
102,9.76900,4.38000,3.62020,1.74100,0.02670,374,227,0,1632,0,0,1,1,135,2411,0
103,9.91320,4.69050,3.47870,1.70870,0.03460,609,215,0,1648,0,0,1,1,119,2391,0
104,10.20560,5.20000,3.31610,1.66000,0.02850,714,205,0,1664,0,0,1,1,103,2371,0
105,10.01640,4.54430,3.78580,1.65480,0.02990,489,194,0,1680,0,0,1,1,87,2348,0
106,17.08390,11.61140,3.66760,1.76390,0.03990,526,180,0,1696,0,0,1,1,71,2345,0
107,10.79170,4.90590,4.18900,1.65590,0.03930,467,167,0,1712,0,0,1,1,55,2384,0
108,10.07410,4.55490,3.78090,1.70290,0.03380,324,152,0,1728,0,0,1,1,39,2365,0
109,9.76120,4.59220,3.32140,1.81640,0.03010,544,137,0,1744,0,0,1,1,23,2373,0
110,9.76420,4.51990,3.55320,1.66240,0.02770,506,123,0,1760,0,0,1,1,7,2385,0
111,9.82350,4.36670,3.66660,1.76000,0.02900,415,110,0,1776,0,0,2,2,0,2390,0
112,9.54830,4.13980,3.65660,1.72220,0.02870,338,98,0,1792,0,0,2,2,0,2382,0
113,9.53110,4.18300,3.65950,1.65730,0.03010,310,85,0,1808,0,0,2,2,0,2396,0
114,9.40390,3.99400,3.74450,1.63710,0.02710,403,70,0,1824,0,0,2,1,0,2408,0
115,9.38560,4.18690,3.53400,1.63810,0.02590,284,57,0,1840,0,0,2,2,0,2403,0
116,9.41770,3.97210,3.63170,1.77730,0.03570,367,43,0,1856,0,0,2,2,0,2420,0
117,9.46970,4.33060,3.47680,1.63470,0.02620,306,30,0,1872,0,0,2,2,0,2422,0
118,9.38090,3.97080,3.71890,1.65900,0.03120,286,18,0,1888,0,0,2,2,0,2403,0
119,9.40440,4.22210,3.48640,1.66970,0.02530,400,3,0,1904,0,0,2,2,0,2384,0
120,7.61410,2.27710,3.67830,1.63190,0.02580,86,0,0,1911,0,0,2,2,0,2407,0
121,17.73980,8.63400,6.95820,2.10500,0.04120,31,0,0,1913,0,0,2,2,0,2427,0
122,9.06260,2.18640,5.07490,1.77230,0.02820,58,0,0,1918,0,0,3,3,0,2466,0
123,8.62220,1.85880,5.00360,1.73370,0.02490,87,0,0,1921,0,0,3,3,0,2471,0
124,8.49790,2.03050,4.70930,1.72990,0.02750,86,0,0,1925,0,0,3,3,0,2495,0
125,7.71970,1.43430,4.58340,1.67460,0.02660,34,0,0,1927,0,0,3,3,0,2481,0
126,8.23410,2.18720,4.30670,1.71020,0.02880,94,0,0,1932,0,0,3,3,0,2464,0
127,7.25520,1.10860,4.38280,1.73270,0.03020,17,0,0,1933,0,0,4,4,0,2477,0
128,7.20450,1.25890,4.20990,1.70780,0.02700,3,0,0,1934,0,0,4,4,0,2503,0
129,10.08180,2.84210,5.18540,2.01930,0.03390,156,0,0,1942,0,0,4,4,0,2508,0
130,7.71120,1.62230,4.19450,1.85500,0.03820,69,0,0,1944,0,0,4,4,0,2509,0
131,7.25400,1.85110,3.64790,1.72100,0.03300,74,0,0,1948,0,0,4,4,0,2534,0
132,7.20660,1.65530,3.76480,1.75330,0.03210,49,0,0,1951,0,0,4,4,0,2547,0
133,7.35100,1.83670,3.76080,1.72430,0.02770,83,0,0,1954,0,0,4,4,0,2584,0
134,7.42810,1.99080,3.74220,1.66790,0.02590,162,0,0,1959,0,0,4,4,0,2590,0
135,7.40160,1.85360,3.68130,1.83860,0.02730,96,0,0,1963,0,0,5,5,0,2590,0
136,13.92340,8.52880,3.65970,1.70650,0.02740,83,0,0,1968,0,0,6,6,0,2586,0
137,7.87770,2.40170,3.67810,1.76750,0.02950,141,0,0,1975,0,0,6,6,0,2593,0
138,7.61990,1.83180,3.88750,1.86720,0.03230,93,0,0,1979,0,0,6,6,0,2613,0
139,8.84180,2.20940,4.52870,2.07210,0.03070,54,0,0,1985,0,0,6,6,0,2603,0
140,7.07730,1.51150,3.82410,1.71520,0.02570,44,0,0,1989,0,0,6,6,0,2610,0
141,7.44260,2.12750,3.54370,1.71960,0.05080,89,0,0,1994,0,0,6,6,0,2633,0
142,7.31450,1.82580,3.80150,1.66150,0.02470,66,0,0,1999,0,0,6,6,0,2612,0
143,6.97830,1.43380,3.81970,1.69590,0.02820,30,0,0,2002,0,0,7,7,0,2586,0
144,8.24440,2.54190,3.71260,1.95720,0.03150,155,0,0,2010,0,0,7,7,0,2605,0
145,7.04870,1.65990,3.62050,1.74290,0.02460,110,0,0,2013,0,0,7,7,0,2641,0
146,6.91960,1.41120,3.68860,1.79400,0.02510,132,0,0,2015,0,0,8,8,0,2660,0
147,6.89420,1.28920,3.74790,1.80800,0.04820,42,0,0,2017,0,0,8,8,0,2674,0
148,8.46820,2.68810,3.86930,1.88220,0.02740,147,0,0,2025,0,0,8,8,0,2671,0
149,6.88090,1.38300,3.71990,1.74320,0.03400,62,0,0,2028,0,0,8,8,0,2679,0
150,7.21250,1.69360,3.65660,1.83140,0.02990,89,0,0,2031,0,0,8,8,0,2681,0
151,16.67420,9.38940,5.16170,1.98700,0.13460,113,0,0,2036,0,0,8,8,0,2703,0
152,10.55080,2.62940,6.12840,1.77160,0.02060,77,0,0,2041,0,0,9,9,0,2703,0
153,8.62240,2.12390,4.69390,1.78000,0.02380,54,0,0,2045,0,0,10,10,0,2695,0
154,8.48450,1.71940,4.94600,1.78390,0.03440,47,0,0,2049,0,0,10,10,0,2654,0
155,9.32140,3.13180,4.35190,1.81170,0.02510,235,0,0,2059,0,0,10,10,0,2674,0
156,8.21550,2.26900,4.04520,1.84820,0.05220,89,0,0,2065,0,0,11,11,0,2677,0
157,9.05650,2.70710,4.40170,1.91650,0.03030,206,0,0,2073,0,0,11,11,0,2676,0
158,7.58200,1.82050,3.81290,1.90990,0.03770,66,0,0,2078,0,0,11,11,0,2691,0
159,7.37620,1.99150,3.51060,1.84610,0.02710,104,0,0,2083,0,0,16,16,0,2723,0
160,7.01190,1.56100,3.66670,1.75100,0.03230,106,0,0,2086,0,0,18,18,0,2729,0
161,7.57400,1.83070,3.90210,1.81000,0.03020,127,0,0,2090,0,0,18,18,0,2720,0
162,7.42690,1.71140,3.96340,1.72510,0.02580,88,0,0,2093,0,0,19,19,0,2737,0
163,7.41650,1.56850,3.83920,1.94390,0.06390,52,0,0,2096,0,0,21,21,0,2731,0
164,7.26360,1.64170,3.68500,1.90630,0.03000,38,0,0,2099,0,0,21,21,0,2763,0
165,7.40840,1.78570,3.85370,1.72380,0.04450,69,0,0,2103,0,0,21,21,0,2778,0
166,14.56610,8.95810,3.67380,1.89520,0.03730,113,0,0,2108,0,0,23,23,0,2778,0
167,7.92070,2.30990,3.73810,1.84000,0.03150,82,0,0,2114,0,0,23,23,0,2780,0
168,7.78020,2.28330,3.58380,1.88190,0.03000,115,0,0,2121,0,0,23,23,0,2759,0
169,7.46510,1.80530,3.77010,1.86240,0.02630,70,0,0,2125,0,0,25,24,0,2789,0
170,8.04850,2.63990,3.59080,1.78410,0.03250,112,0,0,2133,0,0,26,24,0,2846,0
171,6.71090,0.99100,3.84720,1.84570,0.02600,7,0,0,2134,0,0,26,25,0,2873,0
172,7.40630,1.69870,3.83830,1.83020,0.03820,119,0,0,2137,0,0,27,26,0,2885,0
173,7.48380,1.93740,3.67660,1.83490,0.03400,74,0,0,2142,0,0,29,28,0,2913,0
174,7.66870,1.97490,3.83440,1.79760,0.06080,68,0,0,2147,0,0,30,29,0,2956,0
175,7.38680,1.60290,3.87900,1.87730,0.02660,86,0,0,2150,0,0,32,30,0,2956,0
176,8.48680,1.71080,4.79290,1.94410,0.03800,63,0,0,2154,0,0,33,31,0,2920,0
177,7.54800,1.89340,3.79280,1.81860,0.04240,74,0,0,2158,0,0,34,32,0,2930,0
178,7.54280,1.41280,4.02710,2.07350,0.02830,35,0,0,2161,0,0,34,33,0,2921,0
179,7.69410,2.10330,3.85030,1.71280,0.02620,84,0,0,2166,0,0,37,35,0,2934,0
180,7.53960,1.94380,3.82330,1.74560,0.02540,42,0,0,2171,0,0,38,36,0,2942,0
181,18.47330,9.53030,6.28040,2.63190,0.02920,141,0,0,2178,0,0,41,40,0,2937,0
182,9.23370,2.14010,5.18350,1.87790,0.03110,70,0,0,2183,0,0,41,40,0,2969,0
183,10.00160,2.57860,5.57300,1.82200,0.02690,136,0,0,2191,0,0,44,41,0,2962,0
184,8.53580,1.96140,4.69580,1.85250,0.02480,120,0,0,2194,0,0,45,42,0,2998,0
185,9.64720,3.23200,4.52060,1.86320,0.02950,169,0,0,2203,0,0,46,44,0,3007,0
186,9.91290,2.44870,5.36150,2.06690,0.03440,168,0,0,2208,0,0,49,46,0,3020,0
187,7.83510,1.82020,4.14910,1.83090,0.03330,58,0,0,2211,0,0,52,49,0,3051,0
188,8.42120,2.15180,4.31520,1.90130,0.05100,44,0,0,2216,0,0,55,52,0,3039,0
189,7.28310,1.47370,3.81870,1.94320,0.04650,27,0,0,2219,0,0,56,51,0,3025,0
190,7.87200,2.08060,3.83770,1.92460,0.02810,91,0,0,2224,0,0,56,51,0,3041,0
191,7.43210,1.98530,3.65290,1.76370,0.02920,74,0,0,2230,0,0,58,52,0,2996,0
192,8.44470,1.71590,4.69120,2.00770,0.02880,66,0,0,2233,0,0,58,53,0,3001,0
193,7.53040,1.79120,3.89720,1.81350,0.02760,55,0,0,2237,0,0,58,53,0,3023,0
194,7.93440,1.80110,4.09080,2.01290,0.02820,46,0,0,2241,0,0,61,55,0,3074,0
195,8.40900,2.79290,3.75330,1.83450,0.02740,119,0,0,2250,0,0,61,55,0,3085,0
196,15.66300,9.81280,3.98720,1.83310,0.02810,218,0,0,2260,0,0,64,58,0,3139,0
197,7.57910,1.99820,3.65240,1.90000,0.02760,93,0,0,2265,0,0,65,57,0,3143,0
198,8.28280,2.67030,3.74230,1.84190,0.02740,120,0,0,2273,0,0,67,59,0,3107,0
199,6.90950,1.20190,3.79260,1.88200,0.03210,21,0,0,2275,0,0,69,62,0,3131,0
200,8.31830,2.59120,3.83040,1.86570,0.02980,136,0,0,2283,0,0,73,66,0,3149,0
201,8.03890,2.50070,3.67380,1.83510,0.02820,129,0,0,2290,0,0,77,69,0,3162,0
202,8.41190,2.07390,4.42020,1.88820,0.02850,176,0,0,2296,0,0,80,70,0,3202,0
203,8.97690,1.93990,4.97290,2.03100,0.03240,57,0,0,2301,0,0,80,70,0,3197,0
204,6.75890,1.00310,3.86280,1.85300,0.03880,6,0,0,2302,0,0,84,74,0,3167,0
205,8.17650,2.44100,3.81810,1.88970,0.02610,102,0,0,2309,0,0,86,75,0,3143,0
206,7.81740,2.11750,3.70280,1.96010,0.03600,67,0,0,2315,0,0,87,74,0,3137,0
207,7.87530,1.97520,3.91020,1.96080,0.02800,91,0,0,2319,0,0,88,75,0,3130,0
208,7.83760,2.04900,3.85310,1.90540,0.02880,113,0,0,2325,0,0,92,81,0,3172,0
209,7.82030,2.02570,3.91150,1.85300,0.02910,61,0,0,2331,0,0,93,83,0,3186,0
210,8.59780,3.15200,3.59840,1.81590,0.03020,167,0,0,2341,0,0,94,84,0,3166,0
211,19.52210,10.38640,6.41530,2.69290,0.02600,215,0,0,2350,0,0,95,83,0,3132,0
212,9.03320,2.06320,4.99940,1.94240,0.02710,73,0,0,2354,0,0,95,83,0,3137,0
213,8.89510,1.68610,5.10860,2.06970,0.02980,53,0,0,2357,0,0,97,84,0,3183,0
214,9.15270,2.49920,4.82100,1.80160,0.02980,92,0,0,2364,0,0,99,86,0,3181,0
215,9.93900,2.99960,4.96540,1.94610,0.02700,126,0,0,2375,0,0,100,85,0,3183,0
216,8.72510,1.80250,5.01590,1.85990,0.04560,47,0,0,2379,0,0,102,88,0,3142,0
217,8.28320,2.26440,4.19180,1.79090,0.03530,155,0,0,2386,0,0,106,93,0,3159,0
218,8.25340,2.03570,4.23440,1.94360,0.03890,89,0,0,2391,0,0,108,93,0,3148,0
219,7.68590,1.45850,4.17650,2.01720,0.03290,27,0,0,2394,0,0,110,94,0,3187,0
220,8.84230,2.61650,4.19630,1.99190,0.03650,210,0,0,2401,0,0,110,98,0,3186,0
221,8.43760,2.33170,4.22540,1.84910,0.03060,100,0,0,2409,0,0,114,101,0,3199,0
222,7.77490,1.93780,3.94040,1.85250,0.04350,110,0,0,2414,0,0,115,104,0,3205,0
223,8.17950,2.20490,4.05750,1.88600,0.03030,123,0,0,2420,0,0,120,109,0,3221,0
224,8.17510,2.21150,4.04380,1.88070,0.03780,105,0,0,2427,0,0,125,110,0,3233,0
225,8.27650,2.35010,3.98790,1.90370,0.03290,66,0,0,2433,0,0,126,112,0,3236,0
226,14.16100,8.34910,3.90210,1.87110,0.03700,90,0,0,2436,0,0,127,112,0,3238,0
227,7.56990,1.35630,4.26550,1.91190,0.03550,37,0,0,2438,0,0,128,112,0,3214,0
228,7.52180,1.75210,3.87980,1.85820,0.03070,58,0,0,2442,0,0,130,115,0,3225,0
229,7.93670,2.06520,3.89230,1.93260,0.04550,222,0,0,2447,0,0,132,117,0,3231,0
230,7.99320,2.17680,3.93140,1.85190,0.03190,113,0,0,2454,0,0,139,123,0,3235,0
231,8.31600,1.49170,4.50740,2.28750,0.02830,53,0,0,2457,0,0,143,129,0,3213,0
232,7.91830,2.09710,3.91440,1.87770,0.02840,157,0,0,2463,0,0,145,128,0,3261,0
233,8.03210,2.16330,3.87830,1.95750,0.03140,87,0,0,2468,0,0,149,132,0,3264,0
234,8.26310,2.09330,4.24340,1.88430,0.04080,201,0,0,2472,0,0,157,140,0,3273,0
235,8.76920,2.73470,4.10400,1.89820,0.03140,125,0,0,2479,0,0,160,141,0,3268,0
236,8.27780,2.38240,4.00890,1.85890,0.02640,98,0,0,2486,0,0,163,144,0,3222,0
237,8.06950,2.12600,4.10060,1.79000,0.03980,130,0,0,2490,0,0,163,144,0,3231,0
238,8.15920,2.26970,4.02200,1.83820,0.02820,140,0,0,2497,0,0,165,147,0,3225,0
239,8.47510,1.83590,4.47770,2.12200,0.03850,44,0,0,2502,0,0,169,150,0,3210,0
240,7.05560,1.08950,4.03260,1.88460,0.04820,17,0,0,2503,0,0,172,153,0,3207,0
241,18.02320,9.52180,6.41760,2.05290,0.02930,68,0,0,2507,0,0,174,154,0,3208,0
242,10.85310,2.73300,6.18300,1.91370,0.02250,77,0,0,2513,0,0,177,159,0,3190,0
243,8.90680,2.36500,4.74690,1.77090,0.02310,85,0,0,2519,0,0,183,167,0,3176,0
244,8.63020,1.69570,5.00940,1.85670,0.06750,94,0,0,2523,0,0,188,172,0,3175,0
245,8.13850,2.11270,4.16340,1.83400,0.02710,137,0,0,2528,0,0,191,172,0,3167,0
246,7.60690,1.47940,4.25390,1.84540,0.02700,56,0,0,2532,0,0,195,176,0,3205,0
247,8.94920,2.32810,4.73480,1.85830,0.02730,182,0,0,2538,0,0,199,181,0,3201,0
248,7.41750,1.56200,3.99920,1.81800,0.03750,150,0,0,2542,0,0,207,188,0,3177,0
249,7.88060,1.81730,4.06550,1.96800,0.02900,100,0,0,2546,0,0,210,189,0,3185,0
250,7.23540,1.42070,3.93510,1.84720,0.03170,44,0,0,2549,0,0,213,192,0,3142,0
251,8.19570,2.27890,3.99250,1.89730,0.02600,106,0,0,2556,0,0,215,196,0,3143,0
252,7.42010,1.62890,3.93910,1.82030,0.03080,86,0,0,2560,0,0,218,197,0,3174,0
253,8.47700,1.99450,4.56710,1.88970,0.02490,121,0,0,2566,0,0,218,198,0,3184,0
254,8.90400,3.08660,4.03230,1.75780,0.02640,146,0,0,2577,0,0,220,203,0,3199,0
255,6.96130,1.11870,4.04400,1.77080,0.02680,13,0,0,2579,0,0,222,206,0,3187,0
256,14.17330,8.32930,3.99630,1.81670,0.03010,50,0,0,2584,0,0,226,209,0,3194,0
257,7.89770,1.98720,3.95650,1.92200,0.03120,74,0,0,2590,0,0,227,213,0,3189,0
258,7.04720,1.21570,4.01030,1.78920,0.03130,41,0,0,2592,0,0,229,217,0,3169,0
259,7.93350,1.32920,4.54240,2.03000,0.03110,45,0,0,2594,0,0,230,216,0,3161,0
260,8.04040,2.29640,3.79730,1.91690,0.02890,114,0,0,2600,0,0,233,218,0,3182,0
261,7.16200,1.32710,3.94880,1.84740,0.03800,151,0,0,2602,0,0,234,221,0,3167,0
262,7.60390,1.05590,4.56150,1.95020,0.03520,12,0,0,2603,0,0,235,221,0,3147,0
263,7.92050,1.98670,3.98630,1.92070,0.02580,83,0,0,2608,0,0,241,227,0,3194,0
264,7.80910,1.77180,4.07790,1.92270,0.03550,51,0,0,2613,0,0,243,228,0,3164,0
265,7.88570,1.29710,4.53950,2.02020,0.02810,21,0,0,2615,0,0,248,234,0,3165,0
266,7.35100,1.52270,3.94890,1.84880,0.02980,54,0,0,2619,0,0,250,237,0,3176,0
267,8.55020,2.88130,3.84760,1.79470,0.02560,206,0,0,2628,0,0,251,235,0,3164,0
268,8.24150,1.48380,4.76230,1.96950,0.02500,65,0,0,2632,0,0,254,241,0,3140,0
269,8.16290,2.37410,3.86200,1.89570,0.03020,81,0,0,2639,0,0,259,243,0,3121,0
270,7.35070,1.37630,4.10200,1.84120,0.03010,37,0,0,2642,0,0,259,244,0,3155,0
271,16.81180,9.36200,5.44760,1.97170,0.02890,70,0,0,2648,0,0,262,245,0,3168,0
272,12.12340,2.49420,7.79320,1.79700,0.03780,117,0,0,2655,0,0,266,247,0,3144,0
273,11.12220,2.66010,6.17390,2.25200,0.03520,110,0,0,2663,0,0,269,254,0,3172,0
274,7.67540,1.58070,4.28780,1.77530,0.03060,78,0,0,2666,0,0,270,254,0,3139,0
275,7.86730,1.55170,4.31810,1.96540,0.03120,35,0,0,2669,0,0,270,251,0,3143,0
276,9.39900,2.04930,5.35070,1.96730,0.03090,51,0,0,2674,0,0,270,251,0,3118,0
277,7.37020,1.44660,4.08850,1.80820,0.02610,52,0,0,2677,0,0,271,250,0,3101,0
278,7.78160,2.04360,3.94070,1.77020,0.02580,87,0,0,2682,0,0,274,254,0,3082,0
279,8.14610,2.21810,4.00690,1.87420,0.04580,206,0,0,2689,0,0,279,262,0,3088,0
280,7.26030,1.37350,3.91030,1.93270,0.04280,55,0,0,2691,0,0,282,266,0,3080,0
281,7.17630,1.55260,3.80460,1.79040,0.02730,42,0,0,2694,0,0,283,266,0,3078,0
282,7.55920,1.65700,4.04520,1.82360,0.03240,72,0,0,2697,0,0,287,268,0,3061,0
283,7.42520,1.54470,3.99360,1.84430,0.04150,37,0,0,2699,0,0,292,269,0,3080,0
284,8.23590,2.42190,3.99370,1.77730,0.04210,68,0,0,2706,0,0,295,270,0,3066,0
285,7.68150,1.76450,4.07910,1.80560,0.03110,54,0,0,2711,0,0,300,275,0,3061,0
286,14.96690,9.04190,4.08130,1.80930,0.03270,89,0,0,2717,0,0,302,280,0,3057,0
287,7.75590,1.90260,4.05940,1.75880,0.03330,62,0,0,2722,0,0,306,278,0,3056,0
288,8.13980,2.32330,3.99190,1.79110,0.03200,85,0,0,2729,0,0,310,280,0,3054,0
289,7.96110,1.95550,4.13390,1.83650,0.03380,48,0,0,2734,0,0,310,283,0,3058,0
290,7.48550,1.65440,4.02700,1.77220,0.03100,33,0,0,2738,0,0,314,288,0,3042,0
291,7.31920,1.28140,4.14270,1.84740,0.04670,29,0,0,2741,0,0,317,286,0,3062,0
292,6.85450,1.00450,4.02810,1.78860,0.03200,17,0,0,2742,0,0,321,293,0,3070,0
293,7.97210,2.11680,4.08900,1.73940,0.02600,87,0,0,2748,0,0,323,293,0,3078,0
294,6.83840,1.04880,3.99200,1.76310,0.03360,6,0,0,2749,0,0,326,293,0,3018,0
295,7.04530,1.03320,4.14770,1.83340,0.02970,8,0,0,2750,0,0,329,294,0,3013,0
296,7.75390,2.01740,3.87210,1.82860,0.03470,88,0,0,2755,0,0,333,299,0,3013,0
297,6.90590,0.98560,4.07020,1.82120,0.02830,15,0,0,2756,0,0,338,306,0,3009,0
298,7.65840,1.57680,4.22060,1.81290,0.04720,105,0,0,2759,0,0,341,306,0,2985,0
299,8.18390,2.18140,4.11810,1.84650,0.03690,110,0,0,2765,0,0,347,312,0,2994,0
300,7.78890,2.03290,3.98360,1.74390,0.02750,112,0,0,2772,0,0,351,316,0,3009,0
301,17.55160,10.12030,5.34570,2.04510,0.03910,114,0,0,2779,0,0,354,317,0,2973,0
302,9.18950,1.52820,5.69890,1.93840,0.02310,32,0,0,2782,0,0,354,315,0,2967,0
303,9.82550,1.84470,6.06290,1.88840,0.02840,74,0,0,2787,0,0,356,321,0,2992,0
304,9.32520,2.18310,5.22110,1.85460,0.06570,221,0,0,2793,0,0,359,324,0,2988,0
305,8.19100,1.64850,4.72660,1.78430,0.03020,29,0,0,2796,0,0,364,335,0,2945,0
306,7.33130,1.26630,4.27370,1.76240,0.02810,35,0,0,2798,0,0,367,335,0,2937,0
307,8.00020,1.03160,4.91230,1.83170,0.22350,13,0,0,2799,0,0,370,336,0,2927,0
308,7.88600,2.14090,3.95370,1.70680,0.08360,119,0,0,2805,0,0,371,343,0,2935,0
309,7.28880,1.36170,4.07030,1.82380,0.03140,13,0,0,2807,0,0,374,341,0,2946,0
310,7.97850,1.72300,4.22700,1.99150,0.03580,41,0,0,2810,0,0,376,344,0,2924,0
311,8.17250,2.35510,3.94730,1.84190,0.02610,59,0,0,2817,0,0,380,345,0,2918,0
312,7.02000,1.00580,4.00010,1.98530,0.02750,15,0,0,2818,0,0,384,350,0,2942,0
313,8.27990,2.09260,4.29060,1.86780,0.02770,81,0,0,2822,0,0,389,355,0,2970,0
314,7.47380,1.64410,4.06660,1.73190,0.03030,44,0,0,2826,0,0,393,360,0,2960,0
315,8.25300,1.32020,5.10070,1.80360,0.02750,37,0,0,2829,0,0,395,358,0,2982,0
316,14.68410,8.74370,4.10670,1.80310,0.02950,83,0,0,2836,0,0,396,361,0,2993,0
317,8.04320,1.10730,4.98120,1.92000,0.03390,17,0,0,2838,0,0,399,363,0,2959,0
318,7.74950,1.78470,4.14520,1.78210,0.03650,55,0,0,2842,0,0,405,368,0,2970,0
319,7.58630,1.69540,4.06300,1.79880,0.02800,42,0,0,2847,0,0,412,382,0,2950,0
320,7.69620,1.72860,4.16010,1.78040,0.02640,69,0,0,2851,0,0,414,384,0,2964,0
321,7.60970,1.06100,4.76470,1.74880,0.03440,14,0,0,2853,0,0,417,383,0,2938,0
322,7.30330,1.34580,4.04910,1.85940,0.04810,74,0,0,2855,0,0,423,389,0,2926,0
323,7.49710,1.63990,4.09630,1.72890,0.03120,61,0,0,2859,0,0,424,390,0,2882,0
324,7.53850,1.35240,4.37860,1.77380,0.03260,36,0,0,2862,0,0,426,391,0,2881,0
325,7.61190,1.71010,4.04780,1.82700,0.02570,37,0,0,2865,0,0,428,391,0,2879,0
326,7.40340,1.48430,4.17780,1.70810,0.03250,39,0,0,2869,0,0,431,395,0,2888,0
327,8.27120,1.94580,4.41690,1.87500,0.03250,71,0,0,2874,0,0,435,394,0,2896,0
328,7.90900,2.00080,4.05010,1.81450,0.04290,76,0,0,2880,0,0,438,399,0,2847,0
329,7.21510,1.36480,3.90250,1.91060,0.03640,17,0,0,2882,0,0,441,399,0,2878,0
330,7.04910,1.30350,3.91740,1.80210,0.02530,28,0,0,2884,0,0,445,403,0,2855,0
331,18.67340,10.24250,6.45680,1.94860,0.02360,114,0,0,2893,0,0,449,409,0,2874,0
332,10.59530,1.93300,6.64900,1.99130,0.02110,55,0,0,2897,0,0,452,413,0,2920,0
333,9.40670,2.09670,5.43130,1.85150,0.02640,61,0,0,2903,0,0,458,411,0,2904,0
334,8.31390,1.38200,5.06980,1.81900,0.04220,26,0,0,2906,0,0,463,423,0,2922,0
335,8.64280,2.04460,4.72850,1.84240,0.02620,75,0,0,2911,0,0,466,426,0,2934,0
336,7.90890,1.55530,4.56890,1.75660,0.02720,55,0,0,2915,0,0,470,430,0,2913,0
337,8.15110,2.08180,4.28610,1.75370,0.02860,150,0,0,2921,0,0,473,433,0,2923,0
338,7.80960,1.68200,4.32820,1.76870,0.03000,64,0,0,2925,0,0,476,436,0,2916,0
339,7.90970,1.75390,4.31420,1.78590,0.05460,48,0,0,2929,0,0,482,440,0,2916,0
340,7.39200,1.38630,4.15000,1.80490,0.04980,18,0,0,2932,0,0,485,446,0,2893,0
341,6.97700,1.11240,3.92710,1.90510,0.03140,17,0,0,2934,0,0,490,449,0,2874,0
342,8.40390,2.25300,4.15830,1.96220,0.02970,59,0,0,2939,0,0,492,455,0,2888,0
343,7.51710,1.74920,4.02490,1.71440,0.02780,72,0,0,2944,0,0,494,452,0,2902,0
344,7.42760,1.56780,4.02870,1.80050,0.02960,39,0,0,2948,0,0,497,454,0,2902,0
345,6.65910,0.89170,4.04830,1.69190,0.02630,28,0,0,2949,0,0,501,458,0,2876,0
346,14.55710,8.46280,4.12920,1.92880,0.03530,78,0,0,2955,0,0,506,462,0,2914,0
347,7.16530,1.30720,4.15250,1.67810,0.02640,16,0,0,2957,0,0,507,462,0,2896,0
348,8.69830,2.28210,4.55300,1.83450,0.02780,151,0,0,2964,0,0,512,464,0,2893,0
349,6.78910,1.07230,3.97930,1.70200,0.03470,24,0,0,2965,0,0,516,468,0,2924,0
350,7.66940,1.79770,4.02740,1.80690,0.03580,49,0,0,2969,0,0,519,471,0,2896,0
351,7.94780,2.14660,3.98840,1.78430,0.02780,66,0,0,2974,0,0,523,478,0,2885,0
352,6.82260,1.16290,3.79560,1.83250,0.03070,33,0,0,2976,0,0,528,479,0,2879,0
353,7.75300,1.87310,4.03990,1.79700,0.04200,46,0,0,2982,0,0,531,481,0,2891,0
354,7.36570,1.42000,4.07240,1.83590,0.03650,27,0,0,2985,0,0,536,490,0,2877,0
355,7.17480,1.16000,4.12260,1.85970,0.03150,39,0,0,2987,0,0,542,494,0,2878,0
356,7.95980,2.19820,4.05170,1.68090,0.02730,105,0,0,2993,0,0,546,499,0,2861,0
357,6.90060,1.14360,3.99260,1.71990,0.04350,40,0,0,2995,0,0,551,505,0,2882,0
358,6.95920,1.39680,3.79810,1.72230,0.04100,59,0,0,2998,0,0,555,509,0,2928,0
359,8.08400,1.69520,4.43930,1.92140,0.02750,101,0,0,3003,0,0,558,511,0,2940,0
360,6.53530,0.65560,4.02610,1.82730,0.02570,0,0,0,3003,0,0,564,518,0,2950,0
361,18.92060,8.84470,8.23140,1.81200,0.03090,58,0,0,3007,0,0,569,521,0,2978,0
362,8.84180,2.00980,4.93470,1.86510,0.03100,45,0,0,3011,0,0,572,525,0,2997,0
363,8.60360,1.83250,4.94230,1.80490,0.02310,106,0,0,3016,0,0,576,527,0,2966,0
364,7.83500,1.71060,4.27220,1.82340,0.02800,45,0,0,3020,0,0,582,531,0,2980,0
365,6.81630,1.19780,3.93480,1.65570,0.02710,26,0,0,3022,0,0,591,542,0,2978,0
366,8.69430,1.73770,4.89230,2.01760,0.04560,73,0,0,3026,0,0,595,548,0,2943,0
367,6.87530,1.24390,3.82000,1.78470,0.02600,18,0,0,3028,0,0,600,552,0,2928,0
368,7.32810,1.65910,3.96270,1.68020,0.02520,36,0,0,3033,0,0,608,559,0,2905,0
369,8.00750,2.18030,4.00340,1.78900,0.03370,66,0,0,3040,0,0,614,565,0,2875,0
370,6.81530,0.99440,4.06630,1.71400,0.03950,34,0,0,3041,0,0,618,566,0,2886,0
371,7.46480,1.56600,4.00070,1.85160,0.04530,41,0,0,3044,0,0,621,566,0,2871,0
372,6.67490,0.98110,3.96750,1.68480,0.04060,13,0,0,3045,0,0,627,572,0,2878,0
373,7.70650,1.82190,4.12460,1.72940,0.02950,73,0,0,3050,0,0,632,575,0,2860,0
374,7.04230,1.18370,4.04550,1.78650,0.02580,17,0,0,3052,0,0,638,581,0,2878,0
375,6.47030,0.67940,4.09870,1.66320,0.02820,0,0,0,3052,0,0,645,590,0,2885,0
376,13.92560,7.88470,4.21560,1.78410,0.04000,11,0,0,3053,0,0,649,592,0,2881,0
377,7.55670,1.69570,4.06610,1.75280,0.04100,31,0,0,3056,0,0,653,593,0,2891,0
378,7.45370,1.53210,4.03330,1.85580,0.03160,37,0,0,3059,0,0,656,603,0,2897,0
379,6.99960,1.23300,4.07870,1.65770,0.02950,23,0,0,3061,0,0,658,602,0,2884,0
380,7.35020,1.53040,4.01400,1.77790,0.02710,42,0,0,3065,0,0,662,604,0,2875,0
381,7.39380,1.48870,4.04570,1.82700,0.03120,34,0,0,3068,0,0,673,616,0,2869,0
382,7.11670,1.55180,3.77230,1.75860,0.03340,38,0,0,3071,0,0,680,622,0,2849,0
383,7.38850,1.47250,4.02230,1.84870,0.04420,18,0,0,3074,0,0,682,632,0,2844,0
384,7.84340,2.23990,3.80140,1.77240,0.02840,62,0,0,3081,0,0,685,637,0,2835,0
385,7.23080,1.52970,4.07150,1.60190,0.02670,54,0,0,3085,0,0,690,638,0,2849,0
386,7.12970,1.40730,4.04020,1.65020,0.03140,21,0,0,3088,0,0,697,649,0,2811,0
387,7.41320,1.86900,3.88340,1.63180,0.02790,49,0,0,3093,0,0,699,646,0,2803,0
388,7.34940,1.58160,4.02780,1.69570,0.04340,38,0,0,3096,0,0,705,652,0,2787,0
389,6.67150,0.96510,3.93270,1.74320,0.02900,33,0,0,3097,0,0,711,657,0,2752,0
390,6.97840,1.27760,3.98920,1.67570,0.03490,33,0,0,3099,0,0,716,660,0,2758,0
391,15.88700,8.09230,5.87440,1.87430,0.04410,11,0,0,3100,0,0,724,671,0,2770,0
392,9.31920,1.94150,5.39840,1.94820,0.02980,56,0,0,3104,0,0,728,674,0,2771,0
393,9.36250,1.45860,5.35150,2.52410,0.02740,26,0,0,3107,0,0,734,679,0,2773,0
394,7.88630,0.95180,5.07450,1.83060,0.02850,8,0,0,3108,0,0,737,683,0,2771,0
395,9.43900,2.03740,5.47460,1.90110,0.02520,33,0,0,3112,0,0,738,683,0,2820,0
396,8.29670,1.31780,5.23000,1.72530,0.02230,26,0,0,3115,0,0,744,685,0,2814,0
397,8.35250,1.27400,5.07800,1.97220,0.02740,25,0,0,3117,0,0,747,689,0,2847,0
398,9.39130,1.59260,6.05420,1.71510,0.02860,53,0,0,3121,0,0,750,691,0,2869,0
399,7.53880,1.24700,4.56610,1.70280,0.02220,21,0,0,3124,0,0,752,690,0,2868,0
400,7.90410,1.39320,4.75740,1.72350,0.02860,33,0,0,3127,0,0,761,705,0,2849,0
401,7.59450,0.94430,4.94230,1.68460,0.02250,9,0,0,3128,0,0,767,708,0,2837,0
402,8.18460,1.67330,4.55380,1.92770,0.02880,31,0,0,3132,0,0,769,711,0,2839,0
403,6.88110,0.85870,4.22030,1.76560,0.03560,4,0,0,3133,0,0,774,714,0,2805,0
404,7.05930,0.99530,4.31990,1.67130,0.07190,6,0,0,3134,0,0,780,719,0,2832,0
405,7.39660,1.66930,3.95770,1.72180,0.04690,41,0,0,3137,0,0,783,718,0,2796,0
406,14.19870,8.31520,4.02250,1.82560,0.03420,64,0,0,3142,0,0,784,723,0,2782,0
407,6.65820,0.93150,4.04580,1.64910,0.03110,17,0,0,3143,0,0,788,717,0,2755,0
408,7.37100,1.63040,4.06410,1.64870,0.02670,53,0,0,3147,0,0,792,724,0,2781,0
409,7.90670,1.07380,5.12890,1.67470,0.02830,23,0,0,3149,0,0,797,731,0,2791,0
410,6.87870,1.22490,3.97210,1.65550,0.02540,34,0,0,3151,0,0,801,741,0,2790,0
411,7.00540,1.37040,3.91250,1.69370,0.02800,32,0,0,3154,0,0,804,740,0,2803,0
412,6.85280,1.20270,3.92650,1.69460,0.02820,28,0,0,3156,0,0,807,745,0,2803,0
413,7.17090,1.46630,3.88750,1.77090,0.04520,18,0,0,3159,0,0,814,759,0,2807,0
414,6.35310,0.64360,3.92450,1.76070,0.02360,0,0,0,3159,0,0,820,762,0,2814,0
415,6.97470,1.30680,3.88880,1.74170,0.03630,28,0,0,3161,0,0,822,758,0,2819,0
416,6.96840,1.18420,4.02370,1.73370,0.02580,13,0,0,3163,0,0,828,762,0,2810,0
417,6.33970,0.63760,3.99540,1.67820,0.02750,0,0,0,3163,0,0,833,770,0,2789,0
418,6.58590,0.89200,3.98390,1.67780,0.03120,6,0,0,3164,0,0,835,772,0,2783,0
419,7.10720,1.50560,3.90340,1.66810,0.02930,37,0,0,3167,0,0,837,775,0,2777,0
420,7.31960,1.53800,3.91160,1.83860,0.03010,53,0,0,3171,0,0,842,775,0,2763,0
421,15.06630,8.40410,4.95260,1.66300,0.04510,33,0,0,3174,0,0,851,786,0,2755,0
422,8.90360,1.62460,5.36910,1.84270,0.06590,37,0,0,3177,0,0,854,794,0,2753,0
423,7.96600,1.35680,4.78230,1.77370,0.05220,21,0,0,3180,0,0,858,794,0,2742,0
424,8.61830,0.91170,5.81510,1.85790,0.03280,4,0,0,3181,0,0,860,795,0,2746,0
425,7.04280,1.17800,4.15020,1.68680,0.02720,20,0,0,3183,0,0,868,803,0,2749,0
426,7.60380,1.65210,4.18820,1.73330,0.02950,45,0,0,3187,0,0,876,811,0,2739,0
427,6.94930,1.39390,3.87290,1.65740,0.02420,26,0,0,3190,0,0,879,821,0,2754,0
428,6.54560,0.85720,3.92420,1.73250,0.03080,8,0,0,3191,0,0,882,814,0,2778,0
429,6.42940,0.94450,3.73460,1.72450,0.02480,10,0,0,3192,0,0,889,821,0,2769,0
430,7.04250,1.50000,3.87550,1.63910,0.02710,42,0,0,3195,0,0,896,829,0,2776,0
431,7.02440,1.60120,3.61190,1.78030,0.03010,51,0,0,3200,0,0,900,833,0,2741,0
432,6.26640,0.71080,3.91240,1.61740,0.02480,0,0,0,3200,0,0,903,833,0,2767,0
433,6.47110,1.18120,3.56980,1.69100,0.02820,11,0,0,3202,0,0,904,841,0,2749,0
434,6.85340,1.26110,3.87810,1.68460,0.02850,14,0,0,3204,0,0,907,845,0,2771,0
435,6.24660,0.65330,3.92740,1.63590,0.02890,0,0,0,3204,0,0,915,855,0,2741,0
436,13.61940,8.11550,3.72240,1.74060,0.03910,0,0,0,3204,0,0,919,858,0,2762,0
437,6.98330,1.36940,3.88870,1.69290,0.03140,18,0,0,3206,0,0,924,867,0,2769,0
438,7.27800,1.64330,3.86940,1.73310,0.03100,38,0,0,3210,0,0,930,868,0,2790,0
439,6.59080,0.98080,3.82940,1.72620,0.04010,12,0,0,3211,0,0,936,875,0,2795,0
440,6.27070,0.66670,3.84150,1.73190,0.02970,0,0,0,3211,0,0,941,878,0,2770,0
441,7.39330,1.69810,3.97050,1.69180,0.03210,29,0,0,3215,0,0,942,879,0,2764,0
442,6.77610,0.99510,3.98900,1.75740,0.03390,20,0,0,3216,0,0,950,889,0,2772,0
443,6.65690,1.17100,3.83200,1.62280,0.03000,14,0,0,3218,0,0,951,890,0,2753,0
444,6.35190,0.63340,3.96250,1.72290,0.03220,0,0,0,3218,0,0,953,893,0,2744,0
445,6.84240,1.02350,4.00980,1.77700,0.03140,12,0,0,3219,0,0,959,901,0,2740,0
446,7.15370,1.51950,3.85560,1.74460,0.03300,31,0,0,3223,0,0,962,901,0,2738,0
447,6.86320,1.15730,3.91510,1.74400,0.04550,21,0,0,3225,0,0,968,902,0,2743,0
448,6.98130,1.22510,3.96530,1.75420,0.03580,18,0,0,3227,0,0,971,907,0,2700,0
449,6.85780,1.31310,3.88620,1.62060,0.03710,20,0,0,3230,0,0,974,911,0,2727,0
450,7.12300,1.48820,3.92310,1.67460,0.03610,53,0,0,3233,0,0,979,926,0,2725,0
451,15.33430,7.80070,5.64150,1.84690,0.04360,4,0,0,3234,0,0,985,928,0,2717,0
452,10.57090,1.03950,6.80400,2.69200,0.03430,12,0,0,3235,0,0,986,931,0,2739,0
453,13.03310,1.75410,8.66620,2.57460,0.03730,48,0,0,3239,0,0,993,932,0,2740,0
454,7.90560,1.46300,4.76400,1.64790,0.02980,21,0,0,3242,0,0,995,925,0,2760,0
455,6.69280,0.96690,4.07690,1.61740,0.03090,5,0,0,3243,0,0,1000,933,0,2757,0
456,8.03500,0.93410,5.22060,1.84400,0.03520,8,0,0,3244,0,0,1005,942,0,2762,0
457,7.07610,1.36850,4.06020,1.61650,0.02890,25,0,0,3246,0,0,1012,945,0,2764,0
458,6.89830,1.37110,3.79700,1.69770,0.03160,33,0,0,3248,0,0,1018,958,0,2742,0
459,6.31500,0.86000,3.85450,1.55890,0.04040,10,0,0,3249,0,0,1027,963,0,2744,0
460,6.22000,0.63250,3.82960,1.72150,0.03570,0,0,0,3249,0,0,1033,967,0,2717,0
461,7.21230,1.50070,3.92400,1.75570,0.03120,22,0,0,3252,0,0,1036,970,0,2701,0
462,7.09080,1.63130,3.84090,1.59000,0.02750,37,0,0,3256,0,0,1040,977,0,2713,0
463,6.49980,0.86920,3.85070,1.75170,0.02730,11,0,0,3257,0,0,1051,985,0,2707,0
464,6.89380,1.50920,3.70540,1.64810,0.03010,29,0,0,3261,0,0,1056,993,0,2676,0
465,6.15720,1.00080,3.53300,1.59370,0.02880,15,0,0,3262,0,0,1061,998,0,2654,0
466,12.93420,7.56040,3.73090,1.61520,0.02640,4,0,0,3263,0,0,1064,1002,0,2669,0
467,6.12020,0.65250,3.87980,1.56080,0.02590,0,0,0,3263,0,0,1069,1005,0,2647,0
468,7.61810,1.82810,4.06380,1.66860,0.05610,52,0,0,3267,0,0,1074,1017,0,2661,0
469,6.81450,1.48460,3.60690,1.69530,0.02660,33,0,0,3272,0,0,1076,1017,0,2654,0
470,6.42170,1.06100,3.76910,1.56520,0.02550,23,0,0,3274,0,0,1077,1020,0,2647,0
471,6.05770,0.84770,3.61040,1.56760,0.03120,4,0,0,3275,0,0,1080,1023,0,2639,0
472,7.80860,1.73030,4.40150,1.64730,0.02820,41,0,0,3279,0,0,1081,1021,0,2626,0
473,7.26620,1.85930,3.81490,1.55870,0.03240,61,0,0,3284,0,0,1082,1026,0,2650,0
474,6.08550,0.79240,3.73550,1.52910,0.02780,7,0,0,3285,0,0,1090,1033,0,2632,0
475,6.34060,0.96140,3.71430,1.63320,0.03030,26,0,0,3286,0,0,1098,1045,0,2625,0
476,6.09000,0.87990,3.58770,1.59280,0.02860,10,0,0,3287,0,0,1102,1047,0,2615,0
477,7.15130,1.57980,3.93980,1.59840,0.03260,40,0,0,3291,0,0,1104,1048,0,2615,0
478,6.41520,1.00100,3.71840,1.65920,0.03580,16,0,0,3293,0,0,1107,1054,0,2636,0
479,6.44960,1.06670,3.69030,1.66060,0.03100,11,0,0,3295,0,0,1109,1057,0,2627,0
480,6.45040,1.13100,3.72050,1.57080,0.02730,19,0,0,3297,0,0,1117,1068,0,2617,0
481,15.78280,7.88910,6.16920,1.69240,0.03030,14,0,0,3298,0,0,1118,1068,0,2620,0
482,8.37670,1.26180,5.43530,1.64610,0.03220,17,0,0,3300,0,0,1121,1074,0,2615,0
483,8.18490,1.18190,5.26340,1.71620,0.02210,22,0,0,3302,0,0,1122,1073,0,2617,0
484,7.30120,0.89050,4.80060,1.58040,0.02870,9,0,0,3303,0,0,1127,1079,0,2604,0
485,7.64070,1.27210,4.68190,1.65710,0.02890,16,0,0,3305,0,0,1131,1084,0,2612,0
486,7.75910,1.17220,4.87550,1.67750,0.03290,10,0,0,3307,0,0,1131,1087,0,2615,0
487,8.26040,1.84480,4.70390,1.67380,0.03690,38,0,0,3311,0,0,1140,1099,0,2597,0
488,7.44960,1.08280,4.62240,1.72020,0.02360,13,0,0,3313,0,0,1141,1094,0,2587,0
489,6.67570,0.65000,4.39810,1.59630,0.03020,0,0,0,3313,0,0,1143,1097,0,2561,0
490,6.96040,1.13350,4.21090,1.59010,0.02480,23,0,0,3315,0,0,1149,1100,0,2557,0
491,6.63100,0.62470,4.43080,1.55230,0.02260,0,0,0,3315,0,0,1156,1109,0,2538,0
492,7.46690,1.52650,4.24660,1.62850,0.06430,31,0,0,3318,0,0,1159,1111,0,2541,0
493,7.75420,0.93170,4.58660,2.20690,0.02810,4,0,0,3319,0,0,1165,1114,0,2549,0
494,6.36720,0.86530,3.82500,1.64960,0.02630,7,0,0,3320,0,0,1171,1118,0,2559,0
495,6.74510,1.19420,3.86640,1.65180,0.03200,25,0,0,3322,0,0,1171,1121,0,2560,0
496,12.65330,7.49480,3.52800,1.60400,0.02570,10,0,0,3323,0,0,1174,1127,0,2559,0
497,6.87510,1.38820,3.71110,1.74600,0.02900,30,0,0,3326,0,0,1177,1127,0,2547,0
498,6.21160,1.03730,3.54710,1.59930,0.02720,22,0,0,3328,0,0,1181,1136,0,2548,0
499,6.04100,0.79680,3.52790,1.68710,0.02850,6,0,0,3329,0,0,1186,1140,0,2539,0
500,6.63160,1.28410,3.75980,1.55980,0.02700,28,0,0,3332,0,0,1190,1146,0,2543,0
501,6.71410,1.33090,3.71090,1.64460,0.02670,23,0,0,3335,0,0,1196,1151,0,2546,0
502,6.21430,1.07510,3.55460,1.55880,0.02500,27,0,0,3337,0,0,1198,1151,0,2525,0
503,6.61940,0.86980,4.07250,1.64180,0.03400,6,0,0,3338,0,0,1205,1157,0,2517,0
504,5.97900,0.90770,3.50420,1.54190,0.02460,9,0,0,3339,0,0,1209,1165,0,2519,0
505,5.72800,0.57770,3.50990,1.60650,0.03310,0,0,0,3339,0,0,1213,1164,0,2516,0
506,6.30030,0.72310,3.83530,1.69750,0.04250,0,0,0,3339,0,0,1218,1171,0,2516,0
507,7.89490,1.49960,4.34530,1.99550,0.05250,25,0,0,3342,0,0,1221,1175,0,2512,0
508,7.71520,1.77230,4.25120,1.64110,0.04940,19,0,0,3345,0,0,1226,1178,0,2505,0
509,7.03790,1.32310,4.01640,1.65520,0.04150,16,0,0,3347,0,0,1228,1181,0,2514,0
510,7.24020,1.75430,3.74720,1.69910,0.03780,42,0,0,3351,0,0,1231,1181,0,2524,0
511,14.66500,7.93150,4.90290,1.78030,0.04820,0,0,0,3351,0,0,1236,1183,0,2513,0
512,8.78210,1.45510,5.53420,1.76740,0.02390,14,0,0,3353,0,0,1239,1187,0,2521,0
513,8.84990,2.02950,5.10740,1.68780,0.02420,33,0,0,3357,0,0,1248,1194,0,2510,0
514,7.26650,0.62570,4.89550,1.71160,0.03270,0,0,0,3357,0,0,1249,1196,0,2508,0
515,8.12300,1.19490,5.24170,1.64190,0.04360,13,0,0,3359,0,0,1254,1201,0,2501,0
516,7.53200,0.91250,5.02510,1.56770,0.02570,12,0,0,3360,0,0,1260,1209,0,2499,0
517,8.70250,1.69250,5.23830,1.72480,0.04600,29,0,0,3364,0,0,1265,1213,0,2490,0
518,7.56450,1.27680,4.52620,1.72970,0.03080,11,0,0,3366,0,0,1267,1214,0,2471,0
519,6.52180,0.62920,4.23940,1.61600,0.03640,0,0,0,3366,0,0,1270,1210,0,2480,0
520,6.74010,0.98740,4.18760,1.52980,0.03440,10,0,0,3367,0,0,1270,1214,0,2472,0
521,6.03820,0.63130,3.69530,1.67150,0.03920,0,0,0,3367,0,0,1271,1214,0,2471,0
522,6.70460,0.90090,4.10970,1.66080,0.03220,3,0,0,3368,0,0,1276,1222,0,2477,0
523,7.03630,1.27830,4.00430,1.72280,0.03010,10,0,0,3370,0,0,1278,1227,0,2495,0
524,6.32880,0.62310,4.07070,1.60350,0.03070,0,0,0,3370,0,0,1284,1235,0,2505,0
525,8.16060,1.70510,4.19360,2.22210,0.03850,43,0,0,3374,0,0,1289,1241,0,2483,0
526,13.08430,7.66910,3.74290,1.62460,0.04650,4,0,0,3375,0,0,1296,1250,0,2488,0
527,7.18030,1.29660,3.83210,2.00790,0.04140,16,0,0,3377,0,0,1306,1262,0,2493,0
528,6.74640,1.25450,3.82130,1.63040,0.03800,30,0,0,3379,0,0,1310,1261,0,2501,0
529,6.72100,0.63950,4.38620,1.63860,0.05590,0,0,0,3379,0,0,1314,1262,0,2501,0
530,6.46710,1.39130,3.42690,1.61810,0.02930,12,0,0,3381,0,0,1318,1267,0,2502,0
531,6.53580,0.90110,3.93240,1.67030,0.03080,8,0,0,3382,0,0,1322,1270,0,2493,0
532,6.77840,1.42520,3.73610,1.58440,0.03130,17,0,0,3385,0,0,1327,1274,0,2480,0
533,6.46330,1.07480,3.74600,1.61350,0.02810,15,0,0,3387,0,0,1335,1282,0,2473,0
534,5.94740,0.79680,3.48190,1.63850,0.02910,8,0,0,3388,0,0,1342,1290,0,2482,0
535,5.80250,0.57190,3.57550,1.62440,0.03000,0,0,0,3388,0,0,1345,1296,0,2459,0
536,6.27810,0.88690,3.81910,1.54190,0.02950,7,0,0,3389,0,0,1351,1302,0,2461,0
537,6.25880,1.14960,3.43310,1.64700,0.02840,12,0,0,3391,0,0,1356,1311,0,2447,0
538,5.41010,0.55840,3.31890,1.48100,0.05060,0,0,0,3391,0,0,1361,1314,0,2444,0
539,6.34450,1.03250,3.65120,1.63240,0.02750,10,0,0,3392,0,0,1364,1320,0,2452,0
540,6.56280,1.45790,3.47940,1.59360,0.03110,33,0,0,3395,0,0,1367,1319,0,2457,0
541,14.90230,8.21140,4.99200,1.60240,0.09480,11,0,0,3397,0,0,1368,1320,0,2463,0
542,8.70880,1.33600,5.11650,2.21520,0.03970,14,0,0,3399,0,0,1369,1321,0,2474,0
543,8.31190,1.15700,5.15360,1.94710,0.05270,14,0,0,3400,0,0,1374,1328,0,2456,0
544,6.72170,0.89450,4.11870,1.65840,0.04890,8,0,0,3401,0,0,1378,1334,0,2456,0
545,6.79330,1.20870,3.92590,1.62130,0.03600,17,0,0,3403,0,0,1384,1341,0,2463,0
546,6.31750,0.93280,3.73620,1.59560,0.05130,15,0,0,3404,0,0,1387,1341,0,2464,0
547,5.96750,0.61950,3.79140,1.51230,0.04200,0,0,0,3404,0,0,1392,1348,0,2441,0
548,6.24240,0.56690,3.96110,1.66110,0.05210,0,0,0,3404,0,0,1395,1346,0,2456,0
549,6.16840,0.94400,3.63640,1.54690,0.03920,8,0,0,3405,0,0,1397,1351,0,2445,0
550,6.04520,0.62680,3.86380,1.51440,0.03850,0,0,0,3405,0,0,1403,1362,0,2460,0
551,6.13500,0.83950,3.71690,1.54850,0.02910,7,0,0,3406,0,0,1409,1365,0,2462,0
552,5.87950,0.88120,3.47810,1.48860,0.03080,3,0,0,3407,0,0,1411,1369,0,2460,0
553,6.19880,1.13580,3.49960,1.53590,0.02680,14,0,0,3409,0,0,1413,1362,0,2467,0
554,5.76490,0.59630,3.65980,1.48300,0.02500,0,0,0,3409,0,0,1417,1370,0,2473,0
555,5.99190,0.91300,3.52020,1.52990,0.02800,11,0,0,3410,0,0,1422,1370,0,2489,0
556,12.75440,7.76220,3.41520,1.53510,0.04090,11,0,0,3412,0,0,1424,1369,0,2497,0
557,6.39660,0.85620,3.97970,1.52570,0.03400,6,0,0,3413,0,0,1432,1380,0,2503,0
558,6.61360,1.43460,3.62510,1.52400,0.02910,34,0,0,3416,0,0,1434,1381,0,2515,0
559,5.83120,0.83140,3.44160,1.52110,0.03620,7,0,0,3417,0,0,1442,1393,0,2506,0
560,6.00950,0.78890,3.71110,1.48270,0.02570,7,0,0,3418,0,0,1449,1403,0,2504,0
561,6.25360,0.55240,4.09400,1.58030,0.02580,0,0,0,3418,0,0,1452,1406,0,2513,0
562,5.50290,0.54520,3.41580,1.50750,0.03370,0,0,0,3418,0,0,1460,1413,0,2513,0
563,5.79400,0.52600,3.70780,1.52540,0.03410,0,0,0,3418,0,0,1465,1419,0,2511,0
564,6.08320,0.84720,3.72960,1.46790,0.03770,8,0,0,3419,0,0,1470,1424,0,2508,0
565,5.48560,0.51810,3.47320,1.46960,0.02390,0,0,0,3419,0,0,1473,1424,0,2500,0
566,5.80850,0.56770,3.64740,1.56150,0.03110,0,0,0,3419,0,0,1474,1427,0,2506,0
567,6.46400,1.07240,3.80640,1.55330,0.03100,11,0,0,3421,0,0,1477,1428,0,2528,0
568,5.67750,0.55830,3.55610,1.53570,0.02670,0,0,0,3421,0,0,1485,1437,0,2537,0
569,5.67280,0.52800,3.66140,1.45480,0.02760,0,0,0,3421,0,0,1490,1445,0,2541,0
570,6.72360,1.38220,3.78750,1.52290,0.03000,30,0,0,3424,0,0,1491,1446,0,2542,0
571,14.25730,7.74280,4.88190,1.59660,0.03440,4,0,0,3425,0,0,1495,1452,0,2543,0
572,8.06350,0.93750,5.27470,1.80770,0.04220,6,0,0,3426,0,0,1496,1454,0,2548,0
573,8.01060,0.95700,5.41180,1.61440,0.02660,14,0,0,3427,0,0,1498,1458,0,2542,0
574,7.97430,1.03280,5.30660,1.60230,0.03150,7,0,0,3428,0,0,1500,1460,0,2534,0
575,7.20990,0.93000,4.46820,1.78280,0.02780,9,0,0,3429,0,0,1502,1464,0,2522,0
576,7.30990,0.56490,5.06900,1.63390,0.04060,0,0,0,3429,0,0,1509,1474,0,2540,0
577,6.25470,0.55130,4.08410,1.57400,0.04400,0,0,0,3429,0,0,1511,1479,0,2537,0
578,6.71690,0.50350,4.26700,1.90100,0.04420,0,0,0,3429,0,0,1515,1475,0,2535,0
579,7.14860,1.31970,4.22940,1.57240,0.02640,17,0,0,3431,0,0,1518,1486,0,2542,0
580,6.52140,0.55330,4.32260,1.61570,0.02890,0,0,0,3431,0,0,1520,1486,0,2541,0
581,6.98020,0.99020,4.41360,1.53770,0.03700,8,0,0,3432,0,0,1522,1491,0,2541,0
582,6.46870,1.14200,3.76240,1.51520,0.04840,11,0,0,3434,0,0,1526,1494,0,2536,0
583,6.01140,0.57670,3.85250,1.55150,0.02950,0,0,0,3434,0,0,1529,1493,0,2546,0
584,5.94580,0.86540,3.45160,1.60370,0.02440,4,0,0,3435,0,0,1534,1505,0,2534,0
585,6.25920,1.37780,3.38410,1.47150,0.02510,29,0,0,3438,0,0,1539,1506,0,2534,0
586,13.22020,7.77140,3.76920,1.59170,0.08700,4,0,0,3439,0,0,1543,1504,0,2537,0
587,5.76280,0.57350,3.51630,1.63780,0.03400,0,0,0,3439,0,0,1550,1517,0,2553,0
588,5.46750,0.53200,3.41740,1.49290,0.02420,0,0,0,3439,0,0,1551,1521,0,2555,0
589,5.53210,0.53660,3.37360,1.58470,0.03640,0,0,0,3439,0,0,1553,1520,0,2555,0
590,6.15870,1.18070,3.41720,1.52760,0.03220,15,0,0,3441,0,0,1557,1522,0,2554,0
591,5.66850,0.53510,3.57960,1.52810,0.02490,0,0,0,3441,0,0,1557,1525,0,2542,0
592,5.49880,0.50690,3.45400,1.50450,0.03260,0,0,0,3441,0,0,1560,1527,0,2548,0
593,6.10770,0.81940,3.70480,1.55010,0.03250,8,0,0,3442,0,0,1565,1529,0,2551,0
594,6.16910,1.09780,3.44080,1.57130,0.03340,17,0,0,3444,0,0,1570,1538,0,2546,0
595,5.45240,0.77470,3.12280,1.48860,0.06570,13,0,0,3445,0,0,1571,1538,0,2557,0
596,5.72000,0.54140,3.62090,1.49570,0.06100,0,0,0,3445,0,0,1572,1539,0,2562,0
597,5.83880,0.78400,3.54670,1.48240,0.02480,3,0,0,3446,0,0,1580,1549,0,2579,0
598,6.16650,0.51050,3.95050,1.67600,0.02880,0,0,0,3446,0,0,1582,1552,0,2578,0
599,5.53490,0.78720,3.17860,1.51480,0.05360,4,0,0,3447,0,0,1588,1557,0,2574,0
600,6.13150,0.83370,3.50640,1.75560,0.03490,11,0,0,3448,0,0,1589,1554,0,2567,0
601,14.77910,7.44400,5.75860,1.54330,0.03170,0,0,0,3448,0,0,1593,1562,0,2575,0
602,7.60060,0.81430,5.22300,1.53880,0.02320,14,0,0,3449,0,0,1594,1558,0,2575,0
603,7.96690,0.60520,5.59210,1.74770,0.02100,0,0,0,3449,0,0,1596,1564,0,2590,0
604,7.42880,0.52350,5.27610,1.60490,0.02350,0,0,0,3449,0,0,1600,1573,0,2584,0
605,7.59980,0.53040,5.43490,1.60370,0.03000,0,0,0,3449,0,0,1603,1574,0,2601,0
606,6.71410,0.53070,4.58020,1.58100,0.02150,0,0,0,3449,0,0,1605,1571,0,2603,0
607,6.88590,0.83370,4.49200,1.49730,0.06200,13,0,0,3450,0,0,1610,1576,0,2617,0
608,7.17140,0.85520,4.73230,1.55320,0.02990,8,0,0,3451,0,0,1615,1578,0,2617,0
609,6.80460,0.49560,4.66770,1.61410,0.02650,0,0,0,3451,0,0,1619,1585,0,2610,0
610,6.69380,0.54460,4.54440,1.57500,0.02910,0,0,0,3451,0,0,1622,1585,0,2609,0
611,7.51960,0.90920,4.91800,1.63880,0.03800,5,0,0,3452,0,0,1623,1582,0,2618,0
612,6.31780,0.81010,4.02780,1.45600,0.02290,3,0,0,3453,0,0,1624,1585,0,2618,0
613,6.29710,0.50300,4.23770,1.53560,0.02010,0,0,0,3453,0,0,1626,1589,0,2621,0
614,6.93520,0.91210,4.37540,1.61520,0.03160,4,0,0,3454,0,0,1630,1592,0,2622,0
615,5.72920,0.50440,3.72200,1.47850,0.02340,0,0,0,3454,0,0,1632,1591,0,2619,0
616,12.83740,7.42790,3.87410,1.50700,0.02750,0,0,0,3454,0,0,1634,1597,0,2618,0
617,6.10920,0.82060,3.70590,1.55530,0.02650,5,0,0,3455,0,0,1639,1598,0,2616,0
618,5.68480,0.51330,3.69310,1.45370,0.02410,0,0,0,3455,0,0,1639,1598,0,2615,0
619,5.87620,0.49300,3.83490,1.52070,0.02670,0,0,0,3455,0,0,1640,1598,0,2610,0
620,5.71320,0.51140,3.71220,1.46440,0.02460,0,0,0,3455,0,0,1643,1602,0,2627,0
621,5.81820,0.80050,3.40930,1.58320,0.02430,13,0,0,3456,0,0,1644,1604,0,2636,0
622,5.83590,0.80930,3.48930,1.51110,0.02550,7,0,0,3457,0,0,1649,1613,0,2626,0
623,5.93360,0.75080,3.60940,1.54700,0.02560,8,0,0,3458,0,0,1654,1619,0,2625,0
624,5.67040,0.76550,3.37940,1.49860,0.02600,6,0,0,3459,0,0,1657,1622,0,2645,0
625,5.32920,0.50110,3.36560,1.43680,0.02480,0,0,0,3459,0,0,1661,1625,0,2651,0
626,5.29590,0.50450,3.23180,1.53280,0.02600,0,0,0,3459,0,0,1664,1631,0,2652,0
627,5.91810,0.72620,3.63350,1.51450,0.04290,3,0,0,3460,0,0,1669,1635,0,2655,0
628,5.49080,0.50570,3.44180,1.51650,0.02610,0,0,0,3460,0,0,1674,1642,0,2661,0
629,5.68020,0.73230,3.44980,1.47000,0.02730,4,0,0,3461,0,0,1678,1636,0,2671,0
630,5.70890,0.52560,3.59060,1.56390,0.02810,0,0,0,3461,0,0,1684,1650,0,2678,0
631,14.78610,7.50430,5.50660,1.73840,0.03540,0,0,0,3461,0,0,1687,1649,0,2670,0
632,7.84900,0.84590,5.41450,1.56100,0.02670,10,0,0,3462,0,0,1689,1652,0,2675,0
633,7.55340,0.78990,5.11890,1.53580,0.10770,8,0,0,3463,0,0,1689,1651,0,2681,0
634,7.57630,0.84460,5.17610,1.53050,0.02360,5,0,0,3464,0,0,1690,1659,0,2670,0
635,6.70290,0.50390,4.60340,1.57070,0.02410,0,0,0,3464,0,0,1694,1664,0,2666,0
636,6.64830,0.48690,4.42910,1.59380,0.13760,0,0,0,3464,0,0,1694,1660,0,2661,0
637,7.63130,0.51460,5.59600,1.47260,0.04680,0,0,0,3464,0,0,1696,1658,0,2672,0
638,6.76300,0.79400,4.51490,1.43430,0.01910,8,0,0,3465,0,0,1702,1661,0,2682,0
639,6.88370,0.51500,4.74060,1.59730,0.02990,0,0,0,3465,0,0,1705,1666,0,2680,0
640,6.43610,0.46750,4.39760,1.54590,0.02420,0,0,0,3465,0,0,1708,1671,0,2688,0
641,6.42330,0.50150,4.44990,1.45090,0.02030,0,0,0,3465,0,0,1709,1668,0,2683,0
642,7.57290,1.18460,4.81360,1.55190,0.02190,16,0,0,3467,0,0,1710,1671,0,2684,0
643,6.78630,0.49770,4.12620,2.13530,0.02630,0,0,0,3467,0,0,1712,1675,0,2691,0
644,7.65250,1.32070,4.76060,1.54590,0.02430,12,0,0,3470,0,0,1717,1678,0,2674,0
645,6.13020,0.49780,4.15230,1.45580,0.02350,0,0,0,3470,0,0,1721,1682,0,2676,0
646,12.80680,7.10930,4.19620,1.47650,0.02400,0,0,0,3470,0,0,1723,1682,0,2671,0
647,6.26210,0.78000,3.93410,1.50530,0.04170,6,0,0,3471,0,0,1725,1684,0,2683,0
648,6.64310,1.06440,4.05250,1.49990,0.02530,14,0,0,3473,0,0,1729,1687,0,2687,0
649,6.06440,0.50120,4.10500,1.43250,0.02500,0,0,0,3473,0,0,1732,1694,0,2678,0
650,6.03510,0.47200,4.01160,1.51710,0.03390,0,0,0,3473,0,0,1738,1695,0,2671,0
651,6.06750,0.49740,4.07870,1.46480,0.02590,0,0,0,3473,0,0,1740,1700,0,2677,0
652,6.12690,0.45510,4.12840,1.48530,0.05700,0,0,0,3473,0,0,1743,1708,0,2685,0
653,6.22300,0.75650,4.01000,1.43050,0.02510,8,0,0,3474,0,0,1748,1710,0,2685,0
654,6.33000,0.76270,4.10280,1.43490,0.02880,7,0,0,3475,0,0,1749,1715,0,2684,0
655,6.52890,0.97000,3.90860,1.60820,0.04120,8,0,0,3477,0,0,1750,1719,0,2683,0
656,5.75530,0.48760,3.80840,1.43450,0.02400,0,0,0,3477,0,0,1750,1719,0,2675,0
657,6.48760,1.06860,3.90440,1.48880,0.02470,16,0,0,3479,0,0,1750,1718,0,2674,0
658,5.59550,0.46810,3.56330,1.53650,0.02690,0,0,0,3479,0,0,1754,1719,0,2673,0
659,5.98610,0.77040,3.62990,1.55580,0.02910,4,0,0,3480,0,0,1756,1722,0,2661,0
660,5.94860,0.44730,3.90510,1.56580,0.02980,0,0,0,3480,0,0,1757,1724,0,2659,0
661,13.32410,7.05910,4.78060,1.45170,0.03140,0,0,0,3480,0,0,1759,1725,0,2673,0
662,7.84990,0.78850,5.57630,1.45690,0.02650,4,0,0,3481,0,0,1763,1727,0,2679,0
663,8.08990,0.78050,5.73020,1.54930,0.02880,8,0,0,3482,0,0,1765,1733,0,2672,0
664,6.24100,0.46760,4.15210,1.59440,0.02600,0,0,0,3482,0,0,1766,1734,0,2683,0
665,6.75920,0.46340,4.74610,1.50950,0.03930,0,0,0,3482,0,0,1766,1739,0,2701,0
666,6.32500,0.46030,4.38260,1.44970,0.03150,0,0,0,3482,0,0,1769,1736,0,2710,0
667,5.72590,0.44500,3.73390,1.51730,0.02870,0,0,0,3482,0,0,1774,1739,0,2709,0
668,6.62490,1.02310,4.05210,1.52020,0.02860,12,0,0,3484,0,0,1778,1740,0,2713,0
669,6.36910,0.77000,4.05140,1.51810,0.02870,7,0,0,3485,0,0,1783,1750,0,2711,0
670,5.72800,0.73140,3.54800,1.41410,0.03380,4,0,0,3486,0,0,1785,1752,0,2712,0
671,6.55740,0.44680,4.58280,1.50230,0.02460,0,0,0,3486,0,0,1788,1753,0,2713,0
672,6.20430,0.75210,3.98830,1.43810,0.02500,12,0,0,3487,0,0,1790,1759,0,2710,0
673,5.37620,0.44950,3.49500,1.40350,0.02720,0,0,0,3487,0,0,1791,1761,0,2711,0
674,5.68350,0.79160,3.42850,1.43170,0.03060,4,0,0,3488,0,0,1793,1765,0,2718,0
675,5.95880,0.73280,3.72090,1.47610,0.02830,23,0,0,3489,0,0,1795,1767,0,2727,0
676,12.80640,7.22410,3.92380,1.61920,0.03840,0,0,0,3489,0,0,1798,1770,0,2741,0
677,5.56020,0.42750,3.67650,1.42870,0.02670,0,0,0,3489,0,0,1799,1772,0,2747,0
678,5.63100,0.43780,3.60160,1.56510,0.02500,0,0,0,3489,0,0,1801,1774,0,2754,0
679,5.38670,0.45410,3.38570,1.51730,0.02860,0,0,0,3489,0,0,1804,1779,0,2763,0
680,5.57290,0.40980,3.64570,1.49140,0.02490,0,0,0,3489,0,0,1804,1780,0,2771,0
681,5.33240,0.44270,3.39190,1.46670,0.03010,0,0,0,3489,0,0,1806,1781,0,2791,0
682,5.90580,0.43740,3.90120,1.53130,0.03510,0,0,0,3489,0,0,1807,1785,0,2784,0
683,6.72330,1.14400,4.08450,1.46230,0.03130,12,0,0,3491,0,0,1810,1788,0,2783,0
684,5.25300,0.45250,3.39660,1.37590,0.02720,0,0,0,3491,0,0,1812,1789,0,2783,0
685,5.58670,0.70200,3.26630,1.59110,0.02670,4,0,0,3492,0,0,1815,1791,0,2773,0
686,5.65190,0.45080,3.76700,1.40430,0.02890,0,0,0,3492,0,0,1820,1792,0,2777,0
687,5.27230,0.45950,3.28130,1.48010,0.05020,0,0,0,3492,0,0,1822,1796,0,2783,0
688,5.31400,0.45710,3.41300,1.41490,0.02760,0,0,0,3492,0,0,1824,1795,0,2779,0
689,5.47120,0.72350,3.34670,1.37330,0.02670,4,0,0,3493,0,0,1826,1797,0,2772,0
690,5.91230,0.73310,3.67590,1.47390,0.02870,21,0,0,3494,0,0,1828,1800,0,2783,0
691,16.45140,7.56660,7.28620,1.56960,0.02750,0,0,0,3494,0,0,1832,1806,0,2790,0
692,8.32640,0.64210,6.08030,1.51450,0.06900,0,0,0,3494,0,0,1835,1808,0,2797,0
693,6.91530,0.54780,4.85020,1.49250,0.02410,0,0,0,3494,0,0,1835,1807,0,2793,0
694,7.64860,0.49780,4.95450,2.16870,0.02670,0,0,0,3494,0,0,1837,1808,0,2794,0
695,7.08590,0.51350,5.11000,1.43930,0.02220,0,0,0,3494,0,0,1837,1809,0,2792,0
696,6.45120,0.44890,4.45260,1.47420,0.07460,0,0,0,3494,0,0,1838,1812,0,2792,0
697,7.13010,0.47660,4.59240,2.03320,0.02710,0,0,0,3494,0,0,1840,1815,0,2793,0
698,7.22490,1.14930,4.60240,1.44540,0.02700,12,0,0,3496,0,0,1841,1816,0,2801,0
699,6.38720,0.51510,4.41260,1.40060,0.05800,0,0,0,3496,0,0,1844,1823,0,2806,0
700,6.96020,0.68180,4.74420,1.51410,0.01920,4,0,0,3497,0,0,1847,1827,0,2810,0
701,6.45850,0.52920,4.44440,1.45840,0.02580,0,0,0,3497,0,0,1850,1828,0,2817,0
702,6.18050,0.45060,4.28850,1.42070,0.02000,0,0,0,3497,0,0,1851,1827,0,2811,0
703,6.22330,0.45190,4.34860,1.40230,0.01960,0,0,0,3497,0,0,1853,1831,0,2808,0
704,6.40010,0.44840,4.52030,1.40840,0.02230,0,0,0,3497,0,0,1856,1831,0,2807,0
705,6.09140,0.48050,4.14390,1.44500,0.02110,0,0,0,3497,0,0,1858,1833,0,2813,0
706,12.87840,7.10900,4.23420,1.50690,0.02750,0,0,0,3497,0,0,1859,1834,0,2825,0
707,6.50500,0.43630,4.53010,1.51570,0.02220,0,0,0,3497,0,0,1862,1835,0,2823,0
708,6.18910,0.47040,4.13010,1.56320,0.02440,0,0,0,3497,0,0,1864,1840,0,2833,0
709,6.23950,0.40300,4.24650,1.54320,0.04610,0,0,0,3497,0,0,1868,1842,0,2827,0
710,6.63410,0.46160,4.60020,1.52840,0.02970,0,0,0,3497,0,0,1869,1843,0,2830,0
711,6.43140,0.46790,4.38970,1.54160,0.03130,0,0,0,3497,0,0,1870,1846,0,2828,0
712,6.08960,0.46910,4.15070,1.44410,0.02460,0,0,0,3497,0,0,1872,1846,0,2829,0
713,6.32420,0.78490,4.06290,1.42300,0.03140,4,0,0,3498,0,0,1872,1846,0,2832,0
714,5.79960,0.41070,3.89090,1.46880,0.02830,0,0,0,3498,0,0,1874,1845,0,2828,0
715,6.26460,0.77610,4.00700,1.45450,0.02630,4,0,0,3499,0,0,1877,1852,0,2827,0
716,6.25490,0.75060,4.03640,1.44350,0.02340,16,0,0,3500,0,0,1878,1852,0,2826,0
717,5.75000,0.38780,3.89020,1.43650,0.03460,0,0,0,3500,0,0,1879,1854,0,2825,0
718,5.91010,0.45180,3.96920,1.45940,0.02900,0,0,0,3500,0,0,1880,1854,0,2831,0
719,5.84790,0.47650,3.92390,1.42380,0.02290,0,0,0,3500,0,0,1880,1857,0,2831,0
720,5.86230,0.42200,3.91670,1.49790,0.02470,0,0,0,3500,0,0,1882,1860,0,2828,0
721,14.98330,7.55190,5.90910,1.49000,0.03060,0,0,0,3500,0,0,1883,1859,0,2829,0
722,8.04450,0.44520,5.97580,1.59510,0.02720,0,0,0,3500,0,0,1883,1861,0,2828,0
723,8.61440,0.40810,6.67350,1.48230,0.04960,0,0,0,3500,0,0,1883,1862,0,2830,0
724,6.91420,0.43250,4.76550,1.68460,0.03060,0,0,0,3500,0,0,1884,1861,0,2827,0
725,6.71850,0.50360,4.75780,1.42590,0.03020,0,0,0,3500,0,0,1884,1858,0,2832,0
726,6.88460,0.53910,4.63870,1.68170,0.02430,0,0,0,3500,0,0,1886,1861,0,2834,0
727,6.40320,0.44670,4.52490,1.39990,0.03090,0,0,0,3500,0,0,1888,1863,0,2842,0
728,8.25240,0.69680,6.08590,1.44620,0.02280,4,0,0,3501,0,0,1890,1866,0,2830,0
729,6.41440,0.55120,4.38690,1.44910,0.02600,0,0,0,3501,0,0,1893,1873,0,2827,0
730,6.31810,0.81660,4.07320,1.40800,0.01950,4,0,0,3502,0,0,1895,1871,0,2825,0
731,6.29990,0.42100,4.45720,1.40100,0.01990,0,0,0,3502,0,0,1896,1870,0,2816,0
732,6.18140,0.41900,4.32230,1.40440,0.03480,0,0,0,3502,0,0,1899,1875,0,2823,0
733,6.35880,0.42310,4.45410,1.45690,0.02380,0,0,0,3502,0,0,1899,1876,0,2832,0
734,6.05270,0.42360,4.12470,1.44510,0.05850,0,0,0,3502,0,0,1899,1875,0,2829,0
735,6.11920,0.46200,4.14680,1.46960,0.03950,0,0,0,3502,0,0,1900,1881,0,2840,0
736,12.73760,7.29300,3.92380,1.46770,0.05160,0,0,0,3502,0,0,1901,1884,0,2839,0
737,5.80010,0.40010,3.93950,1.42940,0.03010,0,0,0,3502,0,0,1902,1884,0,2839,0
738,6.28950,0.45600,4.28570,1.49560,0.04270,0,0,0,3502,0,0,1903,1884,0,2831,0
739,5.69060,0.43400,3.79760,1.43470,0.02370,0,0,0,3502,0,0,1904,1884,0,2827,0
740,5.73390,0.42110,3.86300,1.42550,0.02340,0,0,0,3502,0,0,1905,1886,0,2830,0
741,5.66470,0.40660,3.69100,1.53920,0.02720,0,0,0,3502,0,0,1909,1890,0,2839,0
742,5.61090,0.41540,3.66540,1.50700,0.02220,0,0,0,3502,0,0,1911,1892,0,2833,0
743,5.88950,0.77600,3.61850,1.46720,0.02680,4,0,0,3503,0,0,1912,1894,0,2833,0
744,5.47470,0.38820,3.67270,1.39020,0.02260,0,0,0,3503,0,0,1913,1896,0,2830,0
745,5.84580,0.71600,3.62610,1.47820,0.02470,4,0,0,3504,0,0,1915,1899,0,2829,0
746,5.80560,0.42060,3.87160,1.48960,0.02290,0,0,0,3504,0,0,1919,1903,0,2825,0
747,5.81770,0.41270,3.82390,1.55600,0.02430,0,0,0,3504,0,0,1926,1912,0,2827,0
748,5.72230,0.40450,3.80250,1.48920,0.02540,0,0,0,3504,0,0,1931,1915,0,2826,0
749,5.52410,0.38640,3.71960,1.39380,0.02360,0,0,0,3504,0,0,1931,1917,0,2827,0
750,5.55290,0.39660,3.61550,1.50000,0.04000,0,0,0,3504,0,0,1936,1922,0,2829,0
751,15.81450,7.64640,6.64910,1.48180,0.03570,0,0,0,3504,0,0,1938,1924,0,2831,0
752,9.82850,0.40140,7.71000,1.51580,0.20020,0,0,0,3504,0,0,1939,1925,0,2832,0
753,7.09170,0.43410,5.17450,1.45790,0.02430,0,0,0,3504,0,0,1940,1926,0,2837,0
754,6.54960,0.47050,4.64820,1.40020,0.02990,0,0,0,3504,0,0,1941,1928,0,2831,0
755,7.69090,0.39450,5.20620,2.06500,0.02440,0,0,0,3504,0,0,1942,1929,0,2831,0
756,6.49440,0.43420,4.64760,1.38910,0.02270,0,0,0,3504,0,0,1942,1929,0,2830,0
757,6.53000,0.41710,4.64080,1.44050,0.03090,0,0,0,3504,0,0,1944,1931,0,2836,0
758,6.53400,0.40770,4.68880,1.41440,0.02210,0,0,0,3504,0,0,1944,1932,0,2833,0
759,7.84820,0.37670,6.02560,1.42060,0.02440,0,0,0,3504,0,0,1944,1931,0,2830,0
760,7.28760,0.70740,4.99730,1.55280,0.02930,3,0,0,3505,0,0,1947,1934,0,2831,0
761,6.42030,0.36700,4.62240,1.40910,0.02110,0,0,0,3505,0,0,1948,1934,0,2835,0
762,6.38280,0.39970,4.52350,1.42050,0.03480,0,0,0,3505,0,0,1949,1935,0,2844,0
763,6.31760,0.42770,4.36320,1.50460,0.02100,0,0,0,3505,0,0,1950,1937,0,2845,0
764,6.15740,0.40460,4.24070,1.45760,0.05380,0,0,0,3505,0,0,1950,1938,0,2847,0
765,6.70270,0.47280,4.68590,1.51420,0.02890,0,0,0,3505,0,0,1951,1937,0,2850,0
766,13.35900,7.59610,4.18740,1.53080,0.03110,0,0,0,3505,0,0,1951,1938,0,2853,0
767,6.26180,0.43790,4.13480,1.57940,0.10870,0,0,0,3505,0,0,1955,1938,0,2852,0
768,5.81870,0.43060,3.89920,1.45550,0.03240,0,0,0,3505,0,0,1955,1942,0,2857,0
769,5.79520,0.38430,3.98970,1.39680,0.02310,0,0,0,3505,0,0,1956,1945,0,2857,0
770,5.66010,0.39950,3.83380,1.40410,0.02200,0,0,0,3505,0,0,1957,1945,0,2861,0
771,5.79660,0.37960,3.92540,1.44500,0.04600,0,0,0,3505,0,0,1959,1946,0,2856,0
772,5.54360,0.38500,3.62730,1.50650,0.02400,0,0,0,3505,0,0,1960,1947,0,2857,0
773,5.77470,0.40280,3.85210,1.48970,0.02890,0,0,0,3505,0,0,1961,1948,0,2858,0
774,5.78940,0.39430,3.87490,1.49620,0.02330,0,0,0,3505,0,0,1963,1951,0,2859,0
775,5.73870,0.66100,3.65390,1.39740,0.02550,3,0,0,3506,0,0,1963,1951,0,2864,0
776,5.86130,0.36560,3.99150,1.47350,0.02990,0,0,0,3506,0,0,1965,1953,0,2864,0
777,5.41600,0.36700,3.50280,1.51110,0.03430,0,0,0,3506,0,0,1967,1955,0,2862,0
778,5.40450,0.41480,3.44400,1.51650,0.02820,0,0,0,3506,0,0,1969,1957,0,2863,0
779,5.16370,0.39890,3.37490,1.36310,0.02620,0,0,0,3506,0,0,1970,1960,0,2867,0
780,5.29670,0.41690,3.45710,1.39630,0.02550,0,0,0,3506,0,0,1971,1962,0,2870,0
781,14.58000,7.51590,5.48300,1.55120,0.02850,0,0,0,3506,0,0,1973,1966,0,2872,0
782,6.32430,0.38070,4.51640,1.40460,0.02200,0,0,0,3506,0,0,1974,1967,0,2879,0
783,6.34860,0.38760,4.43510,1.49110,0.03370,0,0,0,3506,0,0,1974,1966,0,2878,0
784,6.40160,0.38280,4.51600,1.47450,0.02740,0,0,0,3506,0,0,1975,1967,0,2880,0
785,5.74730,0.35290,3.92170,1.44460,0.02740,0,0,0,3506,0,0,1976,1969,0,2880,0
786,6.60120,0.38970,4.54970,1.63060,0.03020,0,0,0,3506,0,0,1977,1969,0,2879,0
787,6.28970,0.37890,4.32000,1.56530,0.02440,0,0,0,3506,0,0,1980,1973,0,2876,0
788,5.43610,0.38020,3.52260,1.50110,0.03150,0,0,0,3506,0,0,1981,1975,0,2877,0
789,5.86160,0.33840,3.99060,1.49280,0.03910,0,0,0,3506,0,0,1982,1976,0,2878,0
790,5.79330,0.36520,3.97660,1.41850,0.03210,0,0,0,3506,0,0,1982,1975,0,2878,0
791,6.19320,0.37020,4.13000,1.66520,0.02690,0,0,0,3506,0,0,1984,1977,0,2878,0
792,5.19700,0.37410,3.37570,1.41950,0.02660,0,0,0,3506,0,0,1984,1977,0,2875,0
793,5.42200,0.38640,3.55210,1.45520,0.02720,0,0,0,3506,0,0,1985,1978,0,2878,0
794,5.41540,0.38220,3.51060,1.49640,0.02490,0,0,0,3506,0,0,1985,1979,0,2873,0
795,5.40580,0.35690,3.50450,1.50950,0.03360,0,0,0,3506,0,0,1986,1980,0,2873,0
796,12.07370,6.95290,3.64490,1.44780,0.02710,0,0,0,3506,0,0,1987,1980,0,2866,0
797,5.22880,0.39240,3.41250,1.39710,0.02580,0,0,0,3506,0,0,1988,1983,0,2866,0
798,5.43370,0.40860,3.42630,1.55570,0.04230,0,0,0,3506,0,0,1988,1982,0,2869,0
799,5.43030,0.41090,3.61580,1.37730,0.02510,0,0,0,3506,0,0,1990,1984,0,2876,0
800,4.88850,0.38640,3.08200,1.39250,0.02680,0,0,0,3506,0,0,1992,1986,0,2875,0
801,5.24640,0.36280,3.40230,1.45420,0.02620,0,0,0,3506,0,0,1992,1986,0,2876,0
802,5.70940,0.41370,3.88810,1.38070,0.02590,0,0,0,3506,0,0,1992,1984,0,2881,0
803,5.54930,0.41790,3.72600,1.37970,0.02490,0,0,0,3506,0,0,1993,1988,0,2878,0
804,5.25230,0.39630,3.31200,1.51640,0.02680,0,0,0,3506,0,0,1993,1986,0,2878,0
805,5.32620,0.37890,3.37890,1.54010,0.02760,0,0,0,3506,0,0,1993,1986,0,2877,0
806,5.00490,0.41870,3.10530,1.45620,0.02400,0,0,0,3506,0,0,1994,1986,0,2879,0
807,5.37150,0.35490,3.39320,1.59430,0.02820,0,0,0,3506,0,0,1996,1990,0,2885,0
808,5.14510,0.36850,3.35300,1.39530,0.02740,0,0,0,3506,0,0,1998,1991,0,2876,0
809,5.08130,0.39310,3.30150,1.36120,0.02480,0,0,0,3506,0,0,1998,1989,0,2876,0
810,5.57120,0.39480,3.60970,1.51850,0.04730,0,0,0,3506,0,0,1998,1992,0,2872,0
811,15.16410,7.47270,6.15260,1.51060,0.02640,0,0,0,3506,0,0,1999,1992,0,2875,0
812,7.76530,0.38500,5.90800,1.45130,0.02020,0,0,0,3506,0,0,1999,1992,0,2873,0
813,6.87020,0.41080,4.70450,1.72180,0.03220,0,0,0,3506,0,0,1999,1994,0,2873,0
814,6.96950,0.37790,5.04920,1.51140,0.03020,0,0,0,3506,0,0,1999,1994,0,2878,0
815,6.62270,0.37950,4.84310,1.37940,0.01980,0,0,0,3506,0,0,2000,1996,0,2879,0
816,6.39410,0.38020,4.59590,1.39150,0.02590,0,0,0,3506,0,0,2001,1997,0,2880,0
817,6.80650,0.78070,4.55510,1.44770,0.02220,3,0,0,3507,0,0,2002,1998,0,2883,0
818,6.47670,0.37820,4.61860,1.45030,0.02890,0,0,0,3507,0,0,2002,1998,0,2880,0
819,6.24480,0.36210,4.47400,1.38680,0.02100,0,0,0,3507,0,0,2002,1998,0,2881,0
820,7.46720,0.40150,5.48170,1.54140,0.04170,0,0,0,3507,0,0,2003,1999,0,2888,0
821,7.09790,0.38860,5.15390,1.52080,0.03370,0,0,0,3507,0,0,2003,2001,0,2889,0
822,5.86050,0.39370,4.02140,1.41970,0.02470,0,0,0,3507,0,0,2004,2001,0,2887,0
823,6.07010,0.38600,4.12620,1.52940,0.02760,0,0,0,3507,0,0,2004,2001,0,2885,0
824,6.01190,0.46150,4.04130,1.48600,0.02240,0,0,0,3507,0,0,2004,2001,0,2889,0
825,5.90830,0.38890,4.12160,1.37420,0.02280,0,0,0,3507,0,0,2004,2000,0,2893,0
826,12.32400,6.92100,3.95360,1.42070,0.02740,0,0,0,3507,0,0,2006,2003,0,2894,0
827,5.93730,0.40670,3.99270,1.50500,0.03170,0,0,0,3507,0,0,2007,2003,0,2893,0
828,5.89130,0.34770,4.17050,1.34860,0.02370,0,0,0,3507,0,0,2008,2005,0,2891,0
829,5.75900,0.33570,3.98680,1.39740,0.03850,0,0,0,3507,0,0,2008,2006,0,2891,0
830,5.57460,0.37020,3.79960,1.38190,0.02220,0,0,0,3507,0,0,2008,2006,0,2888,0
831,5.77530,0.35350,3.93110,1.46590,0.02400,0,0,0,3507,0,0,2008,2006,0,2893,0
832,6.15860,0.77590,3.86200,1.49310,0.02650,3,0,0,3508,0,0,2008,2006,0,2894,0
833,5.44820,0.35820,3.67890,1.38740,0.02290,0,0,0,3508,0,0,2009,2007,0,2893,0
834,5.28300,0.34080,3.50670,1.39760,0.03670,0,0,0,3508,0,0,2009,2007,0,2892,0
835,5.51250,0.37920,3.61720,1.46480,0.03730,0,0,0,3508,0,0,2009,2007,0,2891,0
836,5.28430,0.39190,3.38720,1.47880,0.02560,0,0,0,3508,0,0,2009,2006,0,2891,0
837,5.45000,0.38960,3.63900,1.39620,0.02420,0,0,0,3508,0,0,2009,2006,0,2889,0
838,5.38500,0.37300,3.48000,1.49510,0.03590,0,0,0,3508,0,0,2009,2006,0,2887,0
839,5.23030,0.37220,3.43870,1.39060,0.02800,0,0,0,3508,0,0,2011,2007,0,2887,0
840,5.42810,0.35060,3.61210,1.43740,0.02710,0,0,0,3508,0,0,2012,2009,0,2887,0
841,13.27870,7.09930,4.61110,1.54060,0.02640,0,0,0,3508,0,0,2012,2009,0,2888,0
842,6.36710,0.40520,4.42950,1.50480,0.02700,0,0,0,3508,0,0,2012,2009,0,2889,0
843,6.50790,0.37770,4.69010,1.41820,0.02090,0,0,0,3508,0,0,2013,2010,0,2890,0
844,6.49660,0.44900,4.55800,1.46240,0.02620,0,0,0,3508,0,0,2013,2010,0,2887,0
845,6.34180,0.35530,4.58550,1.37880,0.02130,0,0,0,3508,0,0,2013,2010,0,2890,0
846,6.41600,0.36470,4.63870,1.39080,0.02030,0,0,0,3508,0,0,2015,2012,0,2890,0
847,7.23270,0.42740,5.35110,1.41710,0.03610,0,0,0,3508,0,0,2015,2012,0,2889,0
848,6.25060,0.35240,4.50950,1.35780,0.03000,0,0,0,3508,0,0,2015,2012,0,2890,0
849,6.24380,0.35460,4.47810,1.38920,0.02110,0,0,0,3508,0,0,2015,2012,0,2891,0
850,6.42650,0.38190,4.50650,1.51330,0.02390,0,0,0,3508,0,0,2015,2012,0,2891,0
851,6.24480,0.34430,4.50600,1.37440,0.01930,0,0,0,3508,0,0,2017,2014,0,2888,0
852,5.96330,0.37570,4.13430,1.42790,0.02450,0,0,0,3508,0,0,2018,2015,0,2891,0
853,5.92910,0.38160,4.10030,1.41820,0.02810,0,0,0,3508,0,0,2018,2015,0,2891,0
854,5.77280,0.37380,4.01670,1.35570,0.02570,0,0,0,3508,0,0,2018,2015,0,2889,0
855,6.02260,0.36640,4.24750,1.37380,0.03410,0,0,0,3508,0,0,2018,2015,0,2888,0
856,12.22410,7.02890,3.76260,1.40410,0.02740,0,0,0,3508,0,0,2018,2015,0,2889,0
857,5.76200,0.35410,3.94020,1.44330,0.02380,0,0,0,3508,0,0,2020,2017,0,2887,0
858,5.89470,0.38390,4.07410,1.40960,0.02640,0,0,0,3508,0,0,2020,2018,0,2886,0
859,5.36830,0.34450,3.61510,1.38280,0.02510,0,0,0,3508,0,0,2020,2018,0,2886,0
860,5.22430,0.36390,3.33360,1.49850,0.02750,0,0,0,3508,0,0,2021,2019,0,2888,0
861,5.38340,0.39430,3.58040,1.38330,0.02460,0,0,0,3508,0,0,2022,2020,0,2887,0
862,5.77480,0.38180,3.90070,1.46660,0.02500,0,0,0,3508,0,0,2023,2022,0,2887,0
863,5.24460,0.36040,3.40740,1.44850,0.02770,0,0,0,3508,0,0,2024,2023,0,2886,0
864,5.07470,0.36630,3.32250,1.36220,0.02290,0,0,0,3508,0,0,2027,2026,0,2886,0
865,5.22350,0.36650,3.39660,1.43580,0.02380,0,0,0,3508,0,0,2027,2026,0,2888,0
866,5.12250,0.36330,3.28010,1.45470,0.02370,0,0,0,3508,0,0,2028,2027,0,2888,0
867,4.92180,0.37030,3.07290,1.45010,0.02760,0,0,0,3508,0,0,2028,2028,0,2886,0
868,5.13830,0.37220,3.35360,1.38760,0.02420,0,0,0,3508,0,0,2028,2028,0,2883,0
869,5.09510,0.37310,3.33730,1.36000,0.02380,0,0,0,3508,0,0,2028,2028,0,2881,0
870,5.08980,0.37930,3.23520,1.45080,0.02380,0,0,0,3508,0,0,2028,2028,0,2881,0
871,15.79980,7.26770,6.84700,1.64760,0.03590,0,0,0,3508,0,0,2028,2028,0,2881,0
872,8.86380,0.34410,6.87020,1.61980,0.02880,0,0,0,3508,0,0,2028,2028,0,2880,0
873,7.61710,0.33130,5.86820,1.38990,0.02660,0,0,0,3508,0,0,2028,2028,0,2880,0
874,6.87460,0.38740,4.92150,1.53280,0.03200,0,0,0,3508,0,0,2028,2028,0,2880,0
875,6.64400,0.37380,4.74330,1.48530,0.04070,0,0,0,3508,0,0,2028,2028,0,2882,0
876,7.48260,0.36950,5.63240,1.45330,0.02660,0,0,0,3508,0,0,2028,2028,0,2882,0
877,6.37520,0.39220,4.47890,1.47440,0.02850,0,0,0,3508,0,0,2028,2028,0,2882,0
878,6.30000,0.41060,4.54950,1.31830,0.02070,0,0,0,3508,0,0,2028,2028,0,2878,0
879,6.30050,0.33300,4.47750,1.46690,0.02230,0,0,0,3508,0,0,2028,2028,0,2880,0
880,5.95120,0.36220,4.12370,1.43950,0.02500,0,0,0,3508,0,0,2028,2027,0,2878,0
881,5.94870,0.37920,4.18220,1.36280,0.02370,0,0,0,3508,0,0,2028,2028,0,2877,0
882,6.20850,0.51380,4.10380,1.50570,0.08410,0,0,0,3508,0,0,2029,2028,0,2879,0
883,5.94390,0.42030,4.10020,1.39590,0.02610,0,0,0,3508,0,0,2029,2029,0,2879,0
884,5.88820,0.34540,4.13650,1.38270,0.02290,0,0,0,3508,0,0,2030,2030,0,2880,0
885,5.91170,0.35780,4.05060,1.47560,0.02670,0,0,0,3508,0,0,2031,2030,0,2881,0
886,12.51150,7.07410,4.01120,1.39570,0.02970,0,0,0,3508,0,0,2031,2029,0,2883,0
887,5.83610,0.36090,4.03250,1.41820,0.02360,0,0,0,3508,0,0,2031,2029,0,2883,0
888,6.12770,0.39220,4.25400,1.45430,0.02630,0,0,0,3508,0,0,2031,2030,0,2883,0
889,6.10880,0.35610,4.16930,1.55150,0.03110,0,0,0,3508,0,0,2031,2030,0,2881,0
890,5.79340,0.38780,4.03500,1.34580,0.02400,0,0,0,3508,0,0,2031,2031,0,2882,0
891,6.07510,0.35390,4.27050,1.42650,0.02350,0,0,0,3508,0,0,2031,2031,0,2882,0
892,5.85290,0.36530,3.93420,1.52270,0.03010,0,0,0,3508,0,0,2032,2030,0,2882,0
893,5.63380,0.37030,3.87670,1.36220,0.02360,0,0,0,3508,0,0,2033,2031,0,2882,0
894,5.87380,0.36340,4.10460,1.38220,0.02290,0,0,0,3508,0,0,2033,2032,0,2884,0
895,5.58410,0.34450,3.85640,1.36030,0.02240,0,0,0,3508,0,0,2033,2032,0,2885,0
896,5.73500,0.38370,3.87660,1.44780,0.02610,0,0,0,3508,0,0,2033,2031,0,2885,0
897,5.34310,0.34630,3.62000,1.35220,0.02370,0,0,0,3508,0,0,2033,2031,0,2888,0
898,5.42970,0.36740,3.60520,1.42970,0.02670,0,0,0,3508,0,0,2034,2032,0,2888,0
899,5.83490,0.37940,4.00400,1.42500,0.02460,0,0,0,3508,0,0,2034,2032,0,2888,0
900,6.96040,0.34770,5.06670,1.51300,0.03210,0,0,0,3508,0,0,2034,2033,0,2886,0
901,13.52880,7.11550,4.92140,1.44310,0.04710,0,0,0,3508,0,0,2034,2033,0,2885,0
902,7.49200,0.38230,5.37600,1.70530,0.02730,0,0,0,3508,0,0,2034,2033,0,2885,0
903,7.43060,0.35650,5.51010,1.53330,0.02980,0,0,0,3508,0,0,2035,2034,0,2888,0
904,6.55480,0.35660,4.74840,1.41980,0.02910,0,0,0,3508,0,0,2035,2034,0,2887,0
905,6.84120,0.32400,4.93890,1.54250,0.03510,0,0,0,3508,0,0,2035,2033,0,2889,0
906,5.98460,0.34560,4.25110,1.36120,0.02590,0,0,0,3508,0,0,2035,2033,0,2886,0
907,5.64150,0.34410,3.88110,1.38480,0.03030,0,0,0,3508,0,0,2035,2032,0,2888,0
908,5.88900,0.33780,4.05670,1.46910,0.02450,0,0,0,3508,0,0,2035,2033,0,2887,0
909,5.74240,0.34850,3.99030,1.37550,0.02750,0,0,0,3508,0,0,2035,2033,0,2887,0
910,5.58420,0.32700,3.82040,1.38850,0.04750,0,0,0,3508,0,0,2035,2032,0,2887,0
911,5.47970,0.35260,3.72730,1.37470,0.02430,0,0,0,3508,0,0,2035,2032,0,2887,0
912,5.77030,0.34590,3.97710,1.41870,0.02790,0,0,0,3508,0,0,2035,2033,0,2887,0
913,5.56160,0.34390,3.79090,1.38850,0.03740,0,0,0,3508,0,0,2035,2032,0,2888,0
914,5.54990,0.35370,3.78420,1.38040,0.03080,0,0,0,3508,0,0,2035,2033,0,2886,0
915,5.55230,0.34170,3.67460,1.50890,0.02610,0,0,0,3508,0,0,2036,2033,0,2886,0
916,12.43520,7.20410,3.69250,1.50710,0.02980,0,0,0,3508,0,0,2037,2034,0,2886,0
917,5.42570,0.36500,3.64620,1.37990,0.03360,0,0,0,3508,0,0,2037,2034,0,2889,0
918,5.18020,0.35650,3.44150,1.35570,0.02550,0,0,0,3508,0,0,2037,2034,0,2889,0
919,5.27400,0.33500,3.50940,1.39660,0.03220,0,0,0,3508,0,0,2037,2034,0,2889,0
920,5.31940,0.40900,3.50830,1.37180,0.02930,0,0,0,3508,0,0,2037,2035,0,2889,0
921,5.17970,0.37460,3.41700,1.36210,0.02490,0,0,0,3508,0,0,2037,2034,0,2888,0
922,5.63420,0.34950,3.84000,1.41780,0.02620,0,0,0,3508,0,0,2037,2034,0,2888,0
923,5.34470,0.32350,3.37040,1.60860,0.04130,0,0,0,3508,0,0,2038,2035,0,2889,0
924,6.13930,0.37640,4.21120,1.52540,0.02530,0,0,0,3508,0,0,2038,2035,0,2888,0
925,5.16710,0.31650,3.47620,1.34780,0.02590,0,0,0,3508,0,0,2038,2035,0,2886,0
926,5.23940,0.35200,3.35170,1.50650,0.02860,0,0,0,3508,0,0,2039,2037,0,2887,0
927,5.56200,0.36340,3.69750,1.46960,0.03070,0,0,0,3508,0,0,2040,2038,0,2887,0
928,5.35480,0.35620,3.55840,1.40330,0.03600,0,0,0,3508,0,0,2040,2038,0,2888,0
929,5.20810,0.33700,3.42780,1.40100,0.04160,0,0,0,3508,0,0,2040,2038,0,2888,0
930,5.73490,0.36550,3.89150,1.44490,0.03150,0,0,0,3508,0,0,2040,2038,0,2888,0
931,14.81470,7.66010,5.60490,1.48730,0.06110,0,0,0,3508,0,0,2040,2038,0,2888,0
932,8.29180,0.43930,6.23400,1.57900,0.03780,0,0,0,3508,0,0,2040,2038,0,2888,0
933,6.94310,0.33050,5.14670,1.44480,0.02050,0,0,0,3508,0,0,2040,2037,0,2886,0
934,7.10640,0.37000,5.19600,1.50610,0.03330,0,0,0,3508,0,0,2040,2037,0,2886,0
935,6.66650,0.33420,4.88300,1.41930,0.02920,0,0,0,3508,0,0,2040,2037,0,2886,0
936,6.59990,0.43660,4.71590,1.41950,0.02710,0,0,0,3508,0,0,2040,2037,0,2887,0
937,6.48100,0.34050,4.69850,1.41560,0.02540,0,0,0,3508,0,0,2040,2037,0,2887,0
938,6.76460,0.35430,4.96820,1.41620,0.02510,0,0,0,3508,0,0,2040,2037,0,2887,0
939,6.12770,0.34760,4.37170,1.37520,0.03230,0,0,0,3508,0,0,2040,2037,0,2887,0
940,5.99450,0.34260,4.18520,1.44390,0.02200,0,0,0,3508,0,0,2040,2039,0,2888,0
941,6.16670,0.35340,4.43270,1.35970,0.02010,0,0,0,3508,0,0,2040,2040,0,2887,0
942,6.67710,0.46060,4.25150,1.92610,0.03780,0,0,0,3508,0,0,2040,2040,0,2887,0
943,5.96080,0.34170,4.08810,1.44300,0.08710,0,0,0,3508,0,0,2040,2039,0,2888,0
944,5.82960,0.36390,3.97560,1.39100,0.09820,0,0,0,3508,0,0,2040,2040,0,2888,0
945,5.96970,0.35050,4.13310,1.46140,0.02400,0,0,0,3508,0,0,2040,2040,0,2888,0
946,12.94750,7.19850,4.33790,1.38680,0.02360,0,0,0,3508,0,0,2040,2040,0,2889,0
947,5.65830,0.35250,3.86990,1.41030,0.02460,0,0,0,3508,0,0,2041,2041,0,2889,0
948,5.84580,0.39630,3.97690,1.44050,0.03120,0,0,0,3508,0,0,2041,2041,0,2889,0
949,5.52160,0.39740,3.72270,1.37120,0.02940,0,0,0,3508,0,0,2041,2040,0,2885,0
950,5.68580,0.34960,3.80980,1.47960,0.04580,0,0,0,3508,0,0,2041,2041,0,2887,0
951,5.72330,0.38810,3.91090,1.38390,0.02650,0,0,0,3508,0,0,2041,2041,0,2887,0
952,5.13030,0.36510,3.33690,1.40040,0.02640,0,0,0,3508,0,0,2041,2041,0,2887,0
953,5.24210,0.39100,3.33580,1.48770,0.02680,0,0,0,3508,0,0,2041,2041,0,2887,0
954,5.42940,0.38140,3.63400,1.38800,0.02540,0,0,0,3508,0,0,2041,2041,0,2887,0
955,5.49960,0.37570,3.71550,1.38220,0.02550,0,0,0,3508,0,0,2041,2041,0,2888,0
956,5.17450,0.35320,3.34080,1.43870,0.04090,0,0,0,3508,0,0,2041,2041,0,2888,0
957,4.93120,0.33910,3.18430,1.37890,0.02800,0,0,0,3508,0,0,2042,2042,0,2886,0
958,5.35690,0.37530,3.52800,1.42350,0.02930,0,0,0,3508,0,0,2042,2042,0,2887,0
959,5.21390,0.40680,3.35510,1.42530,0.02550,0,0,0,3508,0,0,2042,2041,0,2887,0
960,5.19780,0.36590,3.39730,1.40820,0.02570,0,0,0,3508,0,0,2042,2042,0,2887,0
961,15.12240,7.55880,5.87440,1.65480,0.03300,0,0,0,3508,0,0,2042,2041,0,2887,0
962,8.80750,0.33520,6.81100,1.62460,0.03580,0,0,0,3508,0,0,2042,2042,0,2887,0
963,7.55720,0.33900,5.68960,1.50770,0.02000,0,0,0,3508,0,0,2042,2041,0,2887,0
964,6.59750,0.33450,4.75250,1.48330,0.02650,0,0,0,3508,0,0,2042,2041,0,2887,0
965,7.29180,0.32900,5.51130,1.42840,0.02220,0,0,0,3508,0,0,2042,2041,0,2887,0
966,6.62450,0.41200,4.63350,1.54250,0.03560,0,0,0,3508,0,0,2042,2041,0,2885,0
967,6.45410,0.38700,4.59730,1.44780,0.02120,0,0,0,3508,0,0,2042,2041,0,2885,0
968,6.49810,0.39200,4.61210,1.45140,0.04080,0,0,0,3508,0,0,2043,2042,0,2883,0
969,6.66360,0.37150,4.81200,1.45670,0.02240,0,0,0,3508,0,0,2043,2042,0,2883,0
970,6.41220,0.36120,4.56270,1.45490,0.03260,0,0,0,3508,0,0,2043,2042,0,2883,0
971,6.36300,0.36720,4.40080,1.51670,0.07730,0,0,0,3508,0,0,2043,2042,0,2882,0
972,6.19320,0.34040,4.44060,1.39130,0.02020,0,0,0,3508,0,0,2043,2042,0,2882,0
973,6.19780,0.34020,4.30440,1.53090,0.02150,0,0,0,3508,0,0,2043,2041,0,2883,0
974,6.39590,0.33540,4.63920,1.39990,0.02060,0,0,0,3508,0,0,2043,2041,0,2883,0
975,6.31130,0.33070,4.57790,1.37620,0.02570,0,0,0,3508,0,0,2043,2041,0,2882,0
976,12.62960,7.04880,4.17580,1.37630,0.02750,0,0,0,3508,0,0,2043,2042,0,2882,0
977,5.74170,0.35780,3.95390,1.40170,0.02670,0,0,0,3508,0,0,2043,2043,0,2882,0
978,5.94030,0.36000,4.17230,1.38060,0.02660,0,0,0,3508,0,0,2043,2042,0,2882,0
979,5.41250,0.36900,3.56410,1.45110,0.02720,0,0,0,3508,0,0,2043,2041,0,2882,0
980,6.17500,0.37310,4.30900,1.46160,0.03010,0,0,0,3508,0,0,2044,2042,0,2882,0
981,6.95950,0.37460,4.99100,1.56550,0.02730,0,0,0,3508,0,0,2044,2042,0,2882,0
982,5.79820,0.36290,3.87980,1.52660,0.02760,0,0,0,3508,0,0,2044,2042,0,2883,0
983,5.62940,0.38060,3.77590,1.44260,0.02900,0,0,0,3508,0,0,2044,2042,0,2883,0
984,5.36280,0.35670,3.60290,1.37660,0.02570,0,0,0,3508,0,0,2044,2042,0,2883,0
985,4.95470,0.36540,3.11300,1.44840,0.02710,0,0,0,3508,0,0,2044,2042,0,2883,0
986,5.19840,0.40340,3.39980,1.37080,0.02360,0,0,0,3508,0,0,2045,2043,0,2883,0
987,5.31100,0.37010,3.39760,1.51680,0.02590,0,0,0,3508,0,0,2045,2043,0,2883,0
988,4.96430,0.36660,3.12560,1.44540,0.02590,0,0,0,3508,0,0,2045,2044,0,2882,0
989,4.89050,0.37430,3.12110,1.36720,0.02700,0,0,0,3508,0,0,2045,2044,0,2882,0
990,5.21280,0.36690,3.38580,1.42970,0.02970,0,0,0,3508,0,0,2045,2045,0,2882,0
991,15.84770,7.64900,6.69040,1.47930,0.02760,0,0,0,3508,0,0,2045,2045,0,2882,0
992,7.65850,0.30240,5.81140,1.52160,0.02230,0,0,0,3508,0,0,2045,2045,0,2884,0
993,6.79940,0.32650,5.03100,1.40350,0.03750,0,0,0,3508,0,0,2046,2046,0,2884,0
994,6.45150,0.35500,4.56000,1.47280,0.06270,0,0,0,3508,0,0,2046,2046,0,2884,0
995,6.61680,0.33900,4.71600,1.52910,0.03200,0,0,0,3508,0,0,2046,2046,0,2884,0
996,7.01280,0.35290,5.05350,1.55340,0.05200,0,0,0,3508,0,0,2046,2046,0,2884,0
997,6.18410,0.38890,4.39770,1.37240,0.02420,0,0,0,3508,0,0,2046,2046,0,2885,0
998,6.34860,0.35020,4.59080,1.38270,0.02410,0,0,0,3508,0,0,2046,2046,0,2885,0
999,6.37470,0.34090,4.62570,1.38770,0.01960,0,0,0,3508,0,0,2046,2046,0,2885,0
1000,6.04590,0.33870,4.21010,1.47130,0.02490,0,0,0,3508,0,0,2046,2046,0,2885,0
1001,6.06860,0.34250,4.31600,1.38460,0.02460,0,0,0,3508,0,0,2046,2046,0,2885,0
1002,6.05910,0.36270,4.29160,1.38330,0.02060,0,0,0,3508,0,0,2046,2046,0,2885,0
1003,5.99250,0.33520,4.20400,1.41110,0.04140,0,0,0,3508,0,0,2046,2046,0,2885,0
1004,5.84990,0.35720,4.08050,1.38740,0.02400,0,0,0,3508,0,0,2046,2046,0,2885,0
1005,5.66560,0.36080,3.90060,1.37750,0.02570,0,0,0,3508,0,0,2046,2045,0,2885,0
1006,12.87070,7.18730,4.21790,1.43970,0.02510,0,0,0,3508,0,0,2046,2046,0,2885,0
1007,5.91310,0.33840,4.12470,1.41070,0.03360,0,0,0,3508,0,0,2046,2045,0,2886,0
1008,6.37620,0.38220,4.29620,1.67030,0.02660,0,0,0,3508,0,0,2046,2045,0,2886,0
1009,5.69910,0.33850,3.92920,1.40460,0.02560,0,0,0,3508,0,0,2046,2045,0,2887,0
1010,5.39020,0.40410,3.59470,1.36720,0.02320,0,0,0,3508,0,0,2046,2045,0,2887,0
1011,5.55400,0.34080,3.77090,1.41320,0.02810,0,0,0,3508,0,0,2046,2045,0,2887,0
1012,5.61530,0.34120,3.81660,1.43150,0.02510,0,0,0,3508,0,0,2046,2045,0,2887,0
1013,5.67280,0.38180,3.82020,1.43900,0.03100,0,0,0,3508,0,0,2046,2045,0,2887,0
1014,5.92790,0.36280,4.05040,1.48280,0.03070,0,0,0,3508,0,0,2046,2045,0,2887,0
1015,5.97990,0.34260,4.20180,1.39740,0.03690,0,0,0,3508,0,0,2046,2045,0,2887,0
1016,5.32520,0.38810,3.40350,1.49510,0.03750,0,0,0,3508,0,0,2046,2045,0,2887,0
1017,5.70170,0.36480,3.82290,1.48620,0.02650,0,0,0,3508,0,0,2046,2045,0,2887,0
1018,5.33070,0.34530,3.56980,1.37130,0.04330,0,0,0,3508,0,0,2046,2045,0,2887,0
1019,5.58400,0.36230,3.71730,1.46570,0.03780,0,0,0,3508,0,0,2046,2045,0,2887,0
1020,5.27730,0.39290,3.48500,1.37270,0.02580,0,0,0,3508,0,0,2046,2045,0,2887,0
1021,14.66060,7.36820,5.77010,1.48980,0.03090,0,0,0,3508,0,0,2046,2045,0,2887,0
1022,7.16630,0.33840,5.36410,1.44150,0.02140,0,0,0,3508,0,0,2046,2045,0,2887,0
1023,6.77630,0.36150,4.76990,1.52740,0.11670,0,0,0,3508,0,0,2046,2045,0,2887,0
1024,6.33810,0.36550,4.54210,1.40010,0.02950,0,0,0,3508,0,0,2046,2045,0,2887,0
1025,6.46460,0.33400,4.56770,1.52510,0.03680,0,0,0,3508,0,0,2046,2045,0,2887,0
1026,6.35010,0.35340,4.56570,1.39940,0.03070,0,0,0,3508,0,0,2046,2045,0,2887,0
1027,6.47550,0.37930,4.57940,1.46040,0.05550,0,0,0,3508,0,0,2046,2045,0,2887,0
1028,6.11680,0.35000,4.31810,1.41640,0.03120,0,0,0,3508,0,0,2046,2045,0,2887,0
1029,6.12760,0.34350,4.26770,1.47660,0.03820,0,0,0,3508,0,0,2046,2046,0,2887,0
1030,6.57950,0.32960,4.68230,1.53250,0.03400,0,0,0,3508,0,0,2046,2046,0,2887,0
1031,6.37700,0.32880,4.63370,1.38670,0.02650,0,0,0,3508,0,0,2046,2046,0,2887,0
1032,5.80800,0.32940,4.01450,1.43430,0.02870,0,0,0,3508,0,0,2046,2046,0,2887,0
1033,5.88820,0.35870,4.02860,1.47200,0.02790,0,0,0,3508,0,0,2046,2046,0,2887,0
1034,5.87860,0.46670,4.02290,1.36270,0.02490,0,0,0,3508,0,0,2046,2046,0,2887,0
1035,5.80610,0.36220,4.04190,1.37450,0.02600,0,0,0,3508,0,0,2046,2046,0,2887,0
1036,12.57930,7.07190,4.00440,1.47170,0.03030,0,0,0,3508,0,0,2046,2046,0,2887,0
1037,5.45490,0.35130,3.59270,1.46860,0.04130,0,0,0,3508,0,0,2046,2046,0,2887,0
1038,5.48650,0.33670,3.66350,1.45590,0.02940,0,0,0,3508,0,0,2046,2046,0,2887,0
1039,5.25460,0.34430,3.42090,1.45520,0.03300,0,0,0,3508,0,0,2046,2046,0,2887,0
1040,5.53790,0.35320,3.68650,1.46270,0.03420,0,0,0,3508,0,0,2046,2046,0,2887,0
1041,5.17670,0.32770,3.43160,1.38810,0.02820,0,0,0,3508,0,0,2047,2047,0,2886,0
1042,5.49170,0.32370,3.75430,1.38690,0.02590,0,0,0,3508,0,0,2047,2047,0,2886,0
1043,5.11730,0.34740,3.39340,1.34870,0.02690,0,0,0,3508,0,0,2047,2047,0,2884,0
1044,5.28880,0.32970,3.39360,1.53550,0.02910,0,0,0,3508,0,0,2047,2047,0,2884,0
1045,5.45320,0.34400,3.68650,1.39590,0.02600,0,0,0,3508,0,0,2047,2047,0,2884,0
1046,5.40730,0.34840,3.62310,1.40970,0.02540,0,0,0,3508,0,0,2047,2047,0,2884,0
1047,5.58380,0.38490,3.73970,1.42420,0.03400,0,0,0,3508,0,0,2047,2047,0,2884,0
1048,5.13990,0.32770,3.42850,1.35590,0.02680,0,0,0,3508,0,0,2047,2047,0,2884,0
1049,5.31100,0.37960,3.55940,1.34670,0.02450,0,0,0,3508,0,0,2047,2047,0,2884,0
1050,5.27820,0.32360,3.54790,1.37470,0.03120,0,0,0,3508,0,0,2047,2047,0,2884,0
1051,14.46220,7.16090,5.75190,1.46310,0.06580,0,0,0,3508,0,0,2047,2047,0,2884,0
1052,7.91590,0.54340,5.79770,1.53840,0.03560,0,0,0,3508,0,0,2047,2047,0,2884,0
1053,6.78400,0.32690,5.01760,1.41750,0.02130,0,0,0,3508,0,0,2047,2047,0,2884,0
1054,6.97310,0.37640,4.92930,1.59490,0.04740,0,0,0,3508,0,0,2047,2047,0,2884,0
1055,6.78290,0.37060,4.95920,1.42810,0.02380,0,0,0,3508,0,0,2047,2047,0,2884,0
1056,7.30330,0.41660,5.38510,1.47590,0.02470,0,0,0,3508,0,0,2047,2047,0,2884,0
1057,6.23730,0.38650,4.45470,1.35100,0.04420,0,0,0,3508,0,0,2047,2047,0,2884,0
1058,6.40370,0.35730,4.61650,1.40600,0.02320,0,0,0,3508,0,0,2047,2047,0,2884,0
1059,6.18760,0.36010,4.42250,1.38480,0.01940,0,0,0,3508,0,0,2048,2048,0,2884,0
1060,6.15960,0.34230,4.44290,1.35240,0.02100,0,0,0,3508,0,0,2048,2048,0,2882,0
1061,6.02990,0.38940,4.17990,1.43240,0.02750,0,0,0,3508,0,0,2048,2048,0,2882,0
1062,6.18270,0.36600,4.38520,1.40250,0.02790,0,0,0,3508,0,0,2048,2048,0,2882,0
1063,5.95990,0.36690,4.13010,1.43810,0.02400,0,0,0,3508,0,0,2048,2048,0,2882,0
1064,5.72760,0.33890,4.03160,1.33530,0.02110,0,0,0,3508,0,0,2048,2048,0,2882,0
1065,6.26890,0.34310,4.39870,1.50080,0.02570,0,0,0,3508,0,0,2048,2048,0,2882,0
1066,12.59210,7.03460,4.12230,1.40690,0.02770,0,0,0,3508,0,0,2048,2048,0,2882,0
1067,5.94500,0.35710,4.00730,1.55150,0.02830,0,0,0,3508,0,0,2048,2048,0,2882,0
1068,6.03200,0.37020,4.18570,1.44740,0.02780,0,0,0,3508,0,0,2048,2048,0,2882,0
1069,5.84040,0.47390,3.96570,1.37740,0.02270,0,0,0,3508,0,0,2048,2048,0,2882,0
1070,5.70100,0.36430,3.92830,1.38460,0.02300,0,0,0,3508,0,0,2048,2048,0,2882,0
1071,5.93390,0.35960,4.17110,1.37990,0.02260,0,0,0,3508,0,0,2048,2048,0,2882,0
1072,5.86570,0.35570,4.04710,1.42830,0.03380,0,0,0,3508,0,0,2048,2048,0,2882,0
1073,5.60460,0.35090,3.75980,1.46720,0.02570,0,0,0,3508,0,0,2048,2048,0,2882,0
1074,5.54470,0.33490,3.76470,1.41830,0.02600,0,0,0,3508,0,0,2048,2048,0,2882,0
1075,5.56080,0.36530,3.78740,1.37940,0.02760,0,0,0,3508,0,0,2048,2048,0,2882,0
1076,5.61250,0.37110,3.82310,1.39160,0.02570,0,0,0,3508,0,0,2048,2048,0,2882,0
1077,5.62570,0.34890,3.77680,1.46440,0.03490,0,0,0,3508,0,0,2048,2048,0,2882,0
1078,5.44740,0.36980,3.61990,1.43050,0.02650,0,0,0,3508,0,0,2048,2048,0,2882,0
1079,5.17670,0.36880,3.32970,1.45150,0.02600,0,0,0,3508,0,0,2048,2048,0,2882,0
1080,5.36870,0.39370,3.43980,1.50540,0.02900,0,0,0,3508,0,0,2048,2048,0,2882,0
1081,14.92980,7.24510,5.97450,1.55870,0.14920,0,0,0,3508,0,0,2048,2048,0,2882,0
1082,8.71690,0.42620,6.82400,1.43830,0.02750,0,0,0,3508,0,0,2048,2048,0,2882,0
1083,7.04330,0.30590,5.31250,1.39780,0.02620,0,0,0,3508,0,0,2048,2048,0,2882,0
1084,6.87560,0.36820,4.99570,1.48980,0.02100,0,0,0,3508,0,0,2048,2048,0,2882,0
1085,6.65780,0.33990,4.71060,1.58150,0.02500,0,0,0,3508,0,0,2048,2048,0,2882,0
1086,8.18790,0.38210,6.27300,1.50690,0.02490,0,0,0,3508,0,0,2048,2048,0,2882,0
1087,6.40170,0.33680,4.60480,1.43230,0.02690,0,0,0,3508,0,0,2048,2048,0,2882,0
1088,7.19560,0.34090,5.30920,1.51530,0.02920,0,0,0,3508,0,0,2048,2048,0,2882,0
1089,6.41980,0.33720,4.62980,1.42720,0.02440,0,0,0,3508,0,0,2048,2048,0,2882,0
1090,6.63070,0.35460,4.88110,1.37430,0.01990,0,0,0,3508,0,0,2048,2048,0,2882,0
1091,6.22010,0.36890,4.29520,1.50740,0.04760,0,0,0,3508,0,0,2048,2048,0,2882,0
1092,6.71960,0.36140,4.75230,1.55700,0.04790,0,0,0,3508,0,0,2048,2048,0,2882,0
1093,5.94760,0.42480,4.02420,1.47220,0.02550,0,0,0,3508,0,0,2048,2048,0,2882,0
1094,5.95970,0.40000,4.10260,1.41540,0.04090,0,0,0,3508,0,0,2048,2048,0,2882,0
1095,5.85380,0.34150,3.98540,1.48800,0.03800,0,0,0,3508,0,0,2048,2048,0,2882,0
1096,13.06690,7.66080,3.94940,1.42900,0.02690,0,0,0,3508,0,0,2048,2048,0,2882,0
1097,5.50200,0.39170,3.64000,1.44190,0.02740,0,0,0,3508,0,0,2048,2048,0,2882,0
1098,5.81900,0.38710,3.94350,1.45980,0.02780,0,0,0,3508,0,0,2048,2048,0,2882,0
1099,5.93010,0.38460,4.06350,1.44020,0.03140,0,0,0,3508,0,0,2048,2048,0,2882,0
1100,4.87920,0.38940,3.07760,1.38480,0.02670,0,0,0,3508,0,0,2048,2048,0,2882,0
1101,5.19610,0.36680,3.35210,1.44330,0.03170,0,0,0,3508,0,0,2048,2048,0,2882,0
1102,5.37750,0.38770,3.52050,1.42480,0.03290,0,0,0,3508,0,0,2048,2048,0,2882,0
1103,5.38080,0.39480,3.47630,1.48020,0.02870,0,0,0,3508,0,0,2048,2048,0,2882,0
1104,4.87830,0.39420,3.07630,1.37900,0.02810,0,0,0,3508,0,0,2048,2048,0,2882,0
1105,4.93020,0.39040,3.14970,1.35950,0.02970,0,0,0,3508,0,0,2048,2048,0,2882,0
1106,5.96310,0.50910,3.86300,1.56140,0.02850,0,0,0,3508,0,0,2048,2048,0,2882,0
1107,5.17900,0.38200,3.35980,1.40880,0.02710,0,0,0,3508,0,0,2048,2048,0,2882,0
1108,4.91650,0.37550,3.09730,1.41160,0.03130,0,0,0,3508,0,0,2048,2048,0,2882,0
1109,5.16910,0.35140,3.39250,1.39750,0.02690,0,0,0,3508,0,0,2048,2048,0,2882,0
1110,5.36150,0.38700,3.48030,1.46500,0.02830,0,0,0,3508,0,0,2048,2048,0,2882,0
1111,15.56650,7.21970,6.78010,1.53630,0.02870,0,0,0,3508,0,0,2048,2048,0,2882,0
1112,8.10510,0.32350,6.31610,1.43770,0.02650,0,0,0,3508,0,0,2048,2048,0,2882,0
1113,8.61080,0.51720,6.49290,1.57690,0.02270,0,0,0,3508,0,0,2048,2048,0,2882,0
1114,6.54830,0.34920,4.66240,1.49670,0.03910,0,0,0,3508,0,0,2048,2048,0,2882,0
1115,6.53190,0.33300,4.77470,1.40110,0.02220,0,0,0,3508,0,0,2048,2048,0,2882,0
1116,6.48160,0.35290,4.61960,1.48660,0.02190,0,0,0,3508,0,0,2048,2048,0,2882,0
1117,6.14230,0.42900,4.34360,1.34250,0.02630,0,0,0,3508,0,0,2048,2048,0,2882,0
1118,6.34560,0.31530,4.60160,1.40010,0.02780,0,0,0,3508,0,0,2048,2048,0,2882,0
1119,6.28780,0.34340,4.55090,1.37430,0.01850,0,0,0,3508,0,0,2048,2048,0,2882,0
1120,6.32520,0.34230,4.59280,1.36940,0.02000,0,0,0,3508,0,0,2048,2048,0,2882,0
1121,6.48850,0.33890,4.10050,2.02500,0.02340,0,0,0,3508,0,0,2048,2048,0,2882,0
1122,5.86730,0.31480,4.15260,1.37540,0.02360,0,0,0,3508,0,0,2048,2048,0,2882,0
1123,6.14180,0.36230,4.26280,1.49350,0.02190,0,0,0,3508,0,0,2048,2048,0,2882,0
1124,5.73810,0.38520,3.96670,1.34880,0.03640,0,0,0,3508,0,0,2048,2048,0,2882,0
1125,5.99200,0.33870,4.19630,1.42780,0.02840,0,0,0,3508,0,0,2048,2048,0,2882,0
1126,12.63910,7.19820,3.99930,1.41460,0.02600,0,0,0,3508,0,0,2048,2048,0,2882,0
1127,5.71560,0.35480,3.82050,1.51360,0.02580,0,0,0,3508,0,0,2048,2048,0,2882,0
1128,5.45270,0.35950,3.69220,1.37280,0.02750,0,0,0,3508,0,0,2048,2048,0,2882,0
1129,5.72310,0.36200,3.88630,1.44400,0.02890,0,0,0,3508,0,0,2048,2048,0,2882,0
1130,5.51090,0.35750,3.69160,1.43450,0.02660,0,0,0,3508,0,0,2048,2048,0,2882,0
1131,5.44320,0.35350,3.63100,1.42750,0.03020,0,0,0,3508,0,0,2048,2048,0,2882,0
1132,5.21440,0.35970,3.44990,1.38010,0.02380,0,0,0,3508,0,0,2048,2048,0,2882,0
1133,5.43640,0.35680,3.67180,1.36990,0.03710,0,0,0,3508,0,0,2048,2048,0,2882,0
1134,5.29080,0.38520,3.45860,1.42340,0.02280,0,0,0,3508,0,0,2048,2048,0,2882,0
1135,4.89110,0.36950,3.09670,1.39860,0.02520,0,0,0,3508,0,0,2048,2048,0,2882,0
1136,4.99510,0.36220,3.24130,1.36770,0.02320,0,0,0,3508,0,0,2048,2048,0,2882,0
1137,5.37080,0.36170,3.40470,1.57870,0.02480,0,0,0,3508,0,0,2048,2048,0,2882,0
1138,5.25790,0.37940,3.39060,1.46270,0.02450,0,0,0,3508,0,0,2048,2048,0,2882,0
1139,5.17100,0.36360,3.29370,1.48010,0.03270,0,0,0,3508,0,0,2048,2048,0,2882,0
1140,5.05750,0.37650,3.24700,1.40840,0.02470,0,0,0,3508,0,0,2048,2048,0,2882,0
1141,14.93060,7.07740,6.19070,1.62510,0.03490,0,0,0,3508,0,0,2048,2048,0,2882,0
1142,7.22540,0.39090,5.38440,1.42650,0.02290,0,0,0,3508,0,0,2048,2048,0,2882,0
1143,6.63250,0.36190,4.67580,1.56840,0.02520,0,0,0,3508,0,0,2048,2048,0,2882,0
1144,6.79490,0.32040,5.01490,1.43200,0.02680,0,0,0,3508,0,0,2048,2048,0,2882,0
1145,6.60830,0.31510,4.69400,1.56570,0.03220,0,0,0,3508,0,0,2048,2048,0,2882,0
1146,6.89080,0.33970,5.00570,1.51970,0.02490,0,0,0,3508,0,0,2048,2048,0,2882,0
1147,6.90420,0.34080,4.41690,2.11560,0.02990,0,0,0,3508,0,0,2048,2048,0,2882,0
1148,7.77710,0.35180,5.94950,1.41160,0.06310,0,0,0,3508,0,0,2048,2048,0,2882,0
1149,6.17710,0.35910,4.27240,1.52020,0.02450,0,0,0,3508,0,0,2048,2048,0,2882,0
1150,7.04700,0.35570,5.21840,1.43000,0.04210,0,0,0,3508,0,0,2048,2048,0,2882,0
1151,6.13760,0.33460,4.38160,1.39950,0.02130,0,0,0,3508,0,0,2048,2048,0,2882,0
1152,5.85600,0.37480,4.11430,1.34260,0.02340,0,0,0,3508,0,0,2048,2048,0,2882,0
1153,6.19450,0.44520,4.20130,1.52200,0.02470,0,0,0,3508,0,0,2048,2048,0,2882,0
1154,6.18320,0.33270,4.45610,1.37180,0.02200,0,0,0,3508,0,0,2048,2048,0,2882,0
1155,5.88760,0.34600,4.11360,1.39000,0.03690,0,0,0,3508,0,0,2048,2048,0,2882,0
1156,12.66280,7.28200,4.00640,1.34820,0.02520,0,0,0,3508,0,0,2048,2048,0,2882,0
1157,5.77400,0.33060,3.94640,1.47300,0.02290,0,0,0,3508,0,0,2048,2048,0,2882,0
1158,5.77970,0.35920,3.97770,1.41650,0.02550,0,0,0,3508,0,0,2048,2048,0,2882,0
1159,5.74970,0.34250,3.89880,1.47760,0.03000,0,0,0,3508,0,0,2048,2048,0,2882,0
1160,5.42590,0.38130,3.60890,1.41030,0.02470,0,0,0,3508,0,0,2048,2048,0,2882,0
1161,5.74530,0.35690,3.87170,1.47320,0.04270,0,0,0,3508,0,0,2048,2048,0,2882,0
1162,5.47290,0.35830,3.71550,1.37080,0.02740,0,0,0,3508,0,0,2048,2048,0,2882,0
1163,5.30610,0.39390,3.39790,1.48370,0.02960,0,0,0,3508,0,0,2048,2048,0,2882,0
1164,5.24140,0.33030,3.36760,1.49960,0.04280,0,0,0,3508,0,0,2048,2048,0,2882,0
1165,5.43270,0.36450,3.67690,1.36390,0.02660,0,0,0,3508,0,0,2048,2048,0,2882,0
1166,5.29550,0.36230,3.40820,1.49800,0.02620,0,0,0,3508,0,0,2048,2048,0,2882,0
1167,5.04060,0.36190,3.23140,1.41660,0.02970,0,0,0,3508,0,0,2048,2048,0,2882,0
1168,5.63030,0.35890,3.77470,1.46610,0.02970,0,0,0,3508,0,0,2048,2048,0,2882,0
1169,5.32510,0.34020,3.57550,1.38210,0.02650,0,0,0,3508,0,0,2048,2048,0,2882,0
1170,5.26380,0.32480,3.39520,1.50740,0.03490,0,0,0,3508,0,0,2048,2048,0,2882,0
1171,12.94930,7.16620,4.38780,1.36100,0.03290,0,0,0,3508,0,0,2048,2048,0,2882,0
1172,6.49380,0.32520,4.54960,1.58210,0.03580,0,0,0,3508,0,0,2048,2048,0,2882,0
1173,5.83880,0.36120,4.11420,1.34180,0.02090,0,0,0,3508,0,0,2048,2048,0,2882,0
1174,5.77160,0.31610,4.09610,1.33540,0.02330,0,0,0,3508,0,0,2048,2048,0,2882,0
1175,5.77320,0.31530,4.11980,1.31770,0.01970,0,0,0,3508,0,0,2048,2048,0,2882,0
1176,5.86850,0.33810,4.11160,1.39000,0.02810,0,0,0,3508,0,0,2048,2048,0,2882,0
1177,5.70550,0.33560,3.98760,1.35650,0.02500,0,0,0,3508,0,0,2048,2048,0,2882,0
1178,5.64480,0.35180,3.86130,1.40310,0.02750,0,0,0,3508,0,0,2048,2048,0,2882,0
1179,5.83590,0.34980,4.14850,1.30750,0.02920,0,0,0,3508,0,0,2048,2048,0,2882,0
1180,5.56860,0.31930,3.86190,1.35350,0.03300,0,0,0,3508,0,0,2048,2048,0,2882,0
1181,5.60740,0.33640,3.71060,1.53050,0.02850,0,0,0,3508,0,0,2048,2048,0,2882,0
1182,5.35820,0.35340,3.61450,1.36410,0.02500,0,0,0,3508,0,0,2048,2048,0,2882,0
1183,5.37200,0.31820,3.54890,1.46540,0.03880,0,0,0,3508,0,0,2048,2048,0,2882,0
1184,5.35970,0.34170,3.60300,1.38380,0.03030,0,0,0,3508,0,0,2048,2048,0,2882,0
1185,5.19940,0.34240,3.50320,1.32490,0.02820,0,0,0,3508,0,0,2048,2048,0,2882,0
1186,11.65310,6.90000,3.37040,1.35480,0.02700,0,0,0,3508,0,0,2048,2048,0,2882,0
1187,5.11090,0.32550,3.34860,1.40950,0.02640,0,0,0,3508,0,0,2048,2048,0,2882,0
1188,5.62990,0.34170,3.65270,1.60580,0.02880,0,0,0,3508,0,0,2048,2048,0,2882,0
1189,5.10520,0.36870,3.37440,1.33150,0.02980,0,0,0,3508,0,0,2048,2048,0,2882,0
1190,5.03310,0.31130,3.36660,1.32830,0.02620,0,0,0,3508,0,0,2048,2048,0,2882,0
1191,5.17510,0.33350,3.42830,1.37990,0.03260,0,0,0,3508,0,0,2048,2048,0,2882,0
1192,5.25620,0.34190,3.49970,1.38390,0.02990,0,0,0,3508,0,0,2048,2048,0,2882,0
1193,5.07130,0.33510,3.38380,1.32520,0.02630,0,0,0,3508,0,0,2048,2048,0,2882,0
1194,5.48210,0.32750,3.62740,1.49720,0.02920,0,0,0,3508,0,0,2048,2048,0,2882,0
1195,4.91280,0.32110,3.13550,1.42020,0.03510,0,0,0,3508,0,0,2048,2048,0,2882,0
1196,5.12060,0.34020,3.37550,1.37550,0.02850,0,0,0,3508,0,0,2048,2048,0,2882,0
1197,5.25540,0.35730,3.45410,1.41340,0.02990,0,0,0,3508,0,0,2048,2048,0,2882,0
1198,5.00000,0.32960,3.18740,1.45590,0.02620,0,0,0,3508,0,0,2048,2048,0,2882,0
1199,5.35110,0.31750,3.52180,1.47910,0.03190,0,0,0,3508,0,0,2048,2048,0,2882,0
1200,5.33940,0.34120,3.67040,1.29840,0.02840,0,0,0,3508,0,0,2048,2048,0,2882,0
1201,14.55600,7.23200,5.63780,1.65770,0.02710,0,0,0,3508,0,0,2048,2048,0,2882,0
1202,8.72040,0.34600,6.81080,1.53810,0.02430,0,0,0,3508,0,0,2048,2048,0,2882,0
1203,7.16630,0.39760,5.17660,1.56090,0.03040,0,0,0,3508,0,0,2048,2048,0,2882,0
1204,6.51070,0.34170,4.72530,1.42210,0.02080,0,0,0,3508,0,0,2048,2048,0,2882,0
1205,7.22490,0.32300,5.45860,1.42100,0.02130,0,0,0,3508,0,0,2048,2048,0,2882,0
1206,6.33290,0.43550,4.47380,1.38540,0.03730,0,0,0,3508,0,0,2048,2048,0,2882,0
1207,6.28330,0.39490,4.49780,1.37140,0.01840,0,0,0,3508,0,0,2048,2048,0,2882,0
1208,6.14970,0.34560,4.43870,1.34600,0.01860,0,0,0,3508,0,0,2048,2048,0,2882,0
1209,6.20210,0.34090,4.45940,1.37880,0.02210,0,0,0,3508,0,0,2048,2048,0,2882,0
1210,7.02620,0.35200,5.25280,1.40190,0.01880,0,0,0,3508,0,0,2048,2048,0,2882,0
1211,6.05740,0.32380,4.34720,1.36710,0.01850,0,0,0,3508,0,0,2048,2048,0,2882,0
1212,6.47230,0.33800,4.39170,1.69240,0.04950,0,0,0,3508,0,0,2048,2048,0,2882,0
1213,6.03980,0.36990,4.18020,1.46540,0.02330,0,0,0,3508,0,0,2048,2048,0,2882,0
1214,6.08380,0.33050,4.37290,1.36050,0.01920,0,0,0,3508,0,0,2048,2048,0,2882,0
1215,6.20230,0.33060,4.37340,1.46840,0.02580,0,0,0,3508,0,0,2048,2048,0,2882,0
1216,13.30320,7.49890,4.37230,1.40650,0.02460,0,0,0,3508,0,0,2048,2048,0,2882,0
1217,6.14890,0.32420,4.27600,1.50790,0.03980,0,0,0,3508,0,0,2048,2048,0,2882,0
1218,6.32650,0.41090,4.40040,1.48210,0.03210,0,0,0,3508,0,0,2048,2048,0,2882,0
1219,6.05500,0.37620,4.27790,1.37510,0.02490,0,0,0,3508,0,0,2048,2048,0,2882,0
1220,5.89520,0.35950,4.08560,1.42620,0.02290,0,0,0,3508,0,0,2048,2048,0,2882,0
1221,5.74200,0.37360,3.92510,1.41880,0.02380,0,0,0,3508,0,0,2048,2048,0,2882,0
1222,5.88780,0.39350,3.92030,1.51350,0.05980,0,0,0,3508,0,0,2048,2048,0,2882,0
1223,5.94350,0.38100,4.06980,1.46480,0.02690,0,0,0,3508,0,0,2048,2048,0,2882,0
1224,5.48310,0.34710,3.70770,1.38860,0.03890,0,0,0,3508,0,0,2048,2048,0,2882,0
1225,5.73010,0.34700,3.91470,1.44150,0.02630,0,0,0,3508,0,0,2048,2048,0,2882,0
1226,5.14130,0.37400,3.37830,1.36250,0.02580,0,0,0,3508,0,0,2048,2048,0,2882,0
1227,5.56910,0.35610,3.75870,1.42790,0.02560,0,0,0,3508,0,0,2048,2048,0,2882,0
1228,5.43070,0.34740,3.61420,1.43920,0.02870,0,0,0,3508,0,0,2048,2048,0,2882,0
1229,4.86570,0.36220,3.09120,1.38430,0.02700,0,0,0,3508,0,0,2048,2048,0,2882,0
1230,5.20840,0.36340,3.38700,1.43370,0.02350,0,0,0,3508,0,0,2048,2048,0,2882,0
1231,13.71750,7.29890,4.83890,1.54070,0.03730,0,0,0,3508,0,0,2048,2048,0,2882,0
1232,7.73950,0.38160,5.78400,1.54130,0.03160,0,0,0,3508,0,0,2048,2048,0,2882,0
1233,7.51070,0.30280,5.52180,1.63240,0.05290,0,0,0,3508,0,0,2048,2048,0,2882,0
1234,6.51360,0.33350,4.74320,1.41460,0.02160,0,0,0,3508,0,0,2048,2048,0,2882,0
1235,6.84570,0.37880,4.99430,1.44350,0.02810,0,0,0,3508,0,0,2048,2048,0,2882,0
1236,7.19790,0.41130,5.20450,1.54500,0.03640,0,0,0,3508,0,0,2048,2048,0,2882,0
1237,7.07230,0.32980,5.22100,1.49570,0.02490,0,0,0,3508,0,0,2048,2048,0,2882,0
1238,6.18670,0.38520,4.37120,1.40860,0.02100,0,0,0,3508,0,0,2048,2048,0,2882,0
1239,6.20470,0.31740,4.41980,1.43630,0.03030,0,0,0,3508,0,0,2048,2048,0,2882,0
1240,6.24520,0.44400,4.42380,1.35750,0.01900,0,0,0,3508,0,0,2048,2048,0,2882,0
1241,6.12790,0.37630,4.38960,1.33880,0.02250,0,0,0,3508,0,0,2048,2048,0,2882,0
1242,6.50700,0.33920,4.69860,1.44720,0.02120,0,0,0,3508,0,0,2048,2048,0,2882,0
1243,6.47430,0.37400,4.51390,1.55040,0.03530,0,0,0,3508,0,0,2048,2048,0,2882,0
1244,6.27950,0.36420,4.51410,1.38090,0.01940,0,0,0,3508,0,0,2048,2048,0,2882,0
1245,6.08460,0.33430,4.26560,1.45510,0.02870,0,0,0,3508,0,0,2048,2048,0,2882,0
1246,12.49580,6.85480,4.23150,1.38020,0.02790,0,0,0,3508,0,0,2048,2048,0,2882,0
1247,6.90620,0.37950,5.16970,1.33050,0.02580,0,0,0,3508,0,0,2048,2048,0,2882,0
1248,5.97800,0.35280,4.11550,1.48110,0.02780,0,0,0,3508,0,0,2048,2048,0,2882,0
1249,6.12790,0.36490,4.30910,1.42770,0.02530,0,0,0,3508,0,0,2048,2048,0,2882,0
1250,6.06650,0.40020,4.19580,1.44190,0.02780,0,0,0,3508,0,0,2048,2048,0,2882,0
1251,5.52380,0.33950,3.77370,1.38010,0.02970,0,0,0,3508,0,0,2048,2048,0,2882,0
1252,5.57750,0.36230,3.78860,1.40170,0.02410,0,0,0,3508,0,0,2048,2048,0,2882,0
1253,5.81780,0.35080,4.04120,1.39600,0.02920,0,0,0,3508,0,0,2048,2048,0,2882,0
1254,5.31820,0.36470,3.52850,1.39960,0.02480,0,0,0,3508,0,0,2048,2048,0,2882,0
1255,5.79390,0.33560,4.02540,1.40820,0.02390,0,0,0,3508,0,0,2048,2048,0,2882,0
1256,5.41800,0.35610,3.67190,1.36190,0.02730,0,0,0,3508,0,0,2048,2048,0,2882,0
1257,5.60800,0.35600,3.85360,1.37210,0.02550,0,0,0,3508,0,0,2048,2048,0,2882,0
1258,5.59970,0.36290,3.81790,1.38750,0.03030,0,0,0,3508,0,0,2048,2048,0,2882,0
1259,5.44290,0.35140,3.68210,1.37820,0.02990,0,0,0,3508,0,0,2048,2048,0,2882,0
1260,5.85930,0.31620,4.02960,1.48600,0.02650,0,0,0,3508,0,0,2048,2048,0,2882,0
1261,14.86240,7.27290,5.87360,1.67930,0.03500,0,0,0,3508,0,0,2048,2048,0,2882,0
1262,10.66700,0.33060,8.81190,1.50030,0.02330,0,0,0,3508,0,0,2048,2048,0,2882,0
1263,10.14210,0.41520,8.23950,1.38880,0.09790,0,0,0,3508,0,0,2048,2048,0,2882,0
1264,6.45480,0.39180,4.62140,1.41260,0.02820,0,0,0,3508,0,0,2048,2048,0,2882,0
1265,7.67160,0.36250,5.81700,1.46200,0.02890,0,0,0,3508,0,0,2048,2048,0,2882,0
1266,6.67490,0.32100,4.72730,1.55510,0.07030,0,0,0,3508,0,0,2048,2048,0,2882,0
1267,6.52930,0.36280,4.74970,1.39110,0.02490,0,0,0,3508,0,0,2048,2048,0,2882,0
1268,6.21890,0.33170,4.48040,1.37770,0.02830,0,0,0,3508,0,0,2048,2048,0,2882,0
1269,7.69110,0.31580,5.96890,1.38610,0.01920,0,0,0,3508,0,0,2048,2048,0,2882,0
1270,6.94690,0.34960,5.15150,1.42440,0.02060,0,0,0,3508,0,0,2048,2048,0,2882,0
1271,7.32020,0.35650,5.46490,1.47850,0.01960,0,0,0,3508,0,0,2048,2048,0,2882,0
1272,7.00070,0.34600,5.04260,1.58640,0.02490,0,0,0,3508,0,0,2048,2048,0,2882,0
1273,6.08990,0.46380,4.17280,1.43250,0.02020,0,0,0,3508,0,0,2048,2048,0,2882,0
1274,6.09460,0.35590,4.29950,1.41630,0.02190,0,0,0,3508,0,0,2048,2048,0,2882,0
1275,6.06930,0.34500,4.31470,1.38580,0.02300,0,0,0,3508,0,0,2048,2048,0,2882,0
1276,13.03160,7.47950,4.09630,1.40690,0.04780,0,0,0,3508,0,0,2048,2048,0,2882,0
1277,5.74810,0.32830,4.02570,1.37150,0.02190,0,0,0,3508,0,0,2048,2048,0,2882,0
1278,5.45630,0.33540,3.69960,1.39610,0.02440,0,0,0,3508,0,0,2048,2048,0,2882,0
1279,5.84120,0.35500,3.92930,1.49500,0.06120,0,0,0,3508,0,0,2048,2048,0,2882,0
1280,5.74590,0.36330,3.91890,1.43920,0.02380,0,0,0,3508,0,0,2048,2048,0,2882,0
1281,5.33190,0.34050,3.57790,1.38520,0.02750,0,0,0,3508,0,0,2048,2048,0,2882,0
1282,5.61930,0.34080,3.81760,1.43590,0.02430,0,0,0,3508,0,0,2048,2048,0,2882,0
1283,5.45360,0.38330,3.60380,1.44020,0.02540,0,0,0,3508,0,0,2048,2048,0,2882,0
1284,5.49690,0.36210,3.56010,1.54500,0.02880,0,0,0,3508,0,0,2048,2048,0,2882,0
1285,5.22650,0.36460,3.40000,1.43530,0.02580,0,0,0,3508,0,0,2048,2048,0,2882,0
1286,5.18810,0.34370,3.36830,1.44820,0.02690,0,0,0,3508,0,0,2048,2048,0,2882,0
1287,5.40210,0.33930,3.58080,1.45220,0.02850,0,0,0,3508,0,0,2048,2048,0,2882,0
1288,5.29220,0.35130,3.43680,1.45430,0.04850,0,0,0,3508,0,0,2048,2048,0,2882,0
1289,5.20320,0.36120,3.36040,1.45200,0.02890,0,0,0,3508,0,0,2048,2048,0,2882,0
1290,5.16480,0.36380,3.35030,1.42110,0.02880,0,0,0,3508,0,0,2048,2048,0,2882,0
1291,17.42220,7.61600,7.45470,2.29770,0.05230,0,0,0,3508,0,0,2048,2048,0,2882,0
1292,10.35410,0.36770,8.25620,1.69180,0.03760,0,0,0,3508,0,0,2048,2048,0,2882,0
1293,7.42360,0.47810,5.52120,1.39320,0.03000,0,0,0,3508,0,0,2048,2048,0,2882,0
1294,5.95320,0.36680,4.15760,1.39910,0.02880,0,0,0,3508,0,0,2048,2048,0,2882,0
1295,6.66990,0.37520,4.61260,1.64210,0.03900,0,0,0,3508,0,0,2048,2048,0,2882,0
1296,5.88010,0.33740,3.98470,1.51810,0.03920,0,0,0,3508,0,0,2048,2048,0,2882,0
1297,5.29500,0.34340,3.55550,1.37130,0.02420,0,0,0,3508,0,0,2048,2048,0,2882,0
1298,6.01750,0.35770,4.08470,1.54270,0.03150,0,0,0,3508,0,0,2048,2048,0,2882,0
1299,5.54590,0.33360,3.82680,1.35290,0.03120,0,0,0,3508,0,0,2048,2048,0,2882,0
1300,5.60730,0.39540,3.75990,1.41590,0.03520,0,0,0,3508,0,0,2048,2048,0,2882,0
1301,5.26730,0.33800,3.49560,1.40760,0.02520,0,0,0,3508,0,0,2048,2048,0,2882,0
1302,5.51730,0.36230,3.58100,1.54500,0.02810,0,0,0,3508,0,0,2048,2048,0,2882,0
1303,5.48330,0.35090,3.68570,1.41120,0.03470,0,0,0,3508,0,0,2048,2048,0,2882,0
1304,5.18710,0.34000,3.39200,1.41830,0.03590,0,0,0,3508,0,0,2048,2048,0,2882,0
1305,5.30980,0.33130,3.56620,1.38670,0.02470,0,0,0,3508,0,0,2048,2048,0,2882,0
1306,11.85580,6.90980,3.48270,1.42780,0.03450,0,0,0,3508,0,0,2048,2048,0,2882,0
1307,5.13150,0.34010,3.43130,1.32650,0.03260,0,0,0,3508,0,0,2048,2048,0,2882,0
1308,5.30630,0.32690,3.46740,1.48450,0.02640,0,0,0,3508,0,0,2048,2048,0,2882,0
1309,5.12100,0.33550,3.39920,1.35170,0.03390,0,0,0,3508,0,0,2048,2048,0,2882,0
1310,5.50110,0.33770,3.65560,1.47330,0.03390,0,0,0,3508,0,0,2048,2048,0,2882,0
1311,5.24640,0.33780,3.48680,1.39230,0.02870,0,0,0,3508,0,0,2048,2048,0,2882,0
1312,5.57730,0.35800,3.78540,1.40490,0.02760,0,0,0,3508,0,0,2048,2048,0,2882,0
1313,5.23870,0.34860,3.51330,1.35100,0.02500,0,0,0,3508,0,0,2048,2048,0,2882,0
1314,5.56960,0.31690,3.75850,1.46920,0.02420,0,0,0,3508,0,0,2048,2048,0,2882,0
1315,5.33070,0.33280,3.58990,1.37890,0.02820,0,0,0,3508,0,0,2048,2048,0,2882,0
1316,5.99130,0.35260,4.25630,1.34220,0.03940,0,0,0,3508,0,0,2048,2048,0,2882,0
1317,5.05110,0.32400,3.34310,1.35690,0.02620,0,0,0,3508,0,0,2048,2048,0,2882,0
1318,7.13660,0.33380,5.41830,1.35820,0.02540,0,0,0,3508,0,0,2048,2048,0,2882,0
1319,5.86260,0.34900,4.05830,1.43010,0.02450,0,0,0,3508,0,0,2048,2048,0,2882,0
1320,5.48050,0.33480,3.71130,1.40430,0.02910,0,0,0,3508,0,0,2048,2048,0,2882,0
1321,14.23850,7.38680,5.32380,1.50060,0.02570,0,0,0,3508,0,0,2048,2048,0,2882,0
1322,7.93940,0.34380,6.16600,1.40690,0.02170,0,0,0,3508,0,0,2048,2048,0,2882,0
1323,6.88950,0.45460,4.84400,1.56150,0.02830,0,0,0,3508,0,0,2048,2048,0,2882,0
1324,6.55250,0.34580,4.72490,1.46250,0.01840,0,0,0,3508,0,0,2048,2048,0,2882,0
1325,6.52440,0.34490,4.62690,1.52780,0.02400,0,0,0,3508,0,0,2048,2048,0,2882,0
1326,6.39390,0.33460,4.49840,1.46860,0.09140,0,0,0,3508,0,0,2048,2048,0,2882,0
1327,6.54040,0.48920,4.62110,1.40060,0.02850,0,0,0,3508,0,0,2048,2048,0,2882,0
1328,6.56610,0.33630,4.79600,1.41060,0.02230,0,0,0,3508,0,0,2048,2048,0,2882,0
1329,6.01570,0.37380,4.28600,1.33270,0.02230,0,0,0,3508,0,0,2048,2048,0,2882,0
1330,6.31330,0.34090,4.49830,1.44330,0.03000,0,0,0,3508,0,0,2048,2048,0,2882,0
1331,6.22320,0.34720,4.49980,1.35650,0.01880,0,0,0,3508,0,0,2048,2048,0,2882,0
1332,7.11230,0.32730,5.39790,1.36570,0.02080,0,0,0,3508,0,0,2048,2048,0,2882,0
1333,6.21790,0.34570,4.34170,1.42480,0.10490,0,0,0,3508,0,0,2048,2048,0,2882,0
1334,6.05370,0.33320,4.17600,1.51690,0.02670,0,0,0,3508,0,0,2048,2048,0,2882,0
1335,6.09440,0.36560,4.17220,1.53390,0.02180,0,0,0,3508,0,0,2048,2048,0,2882,0
1336,12.72940,7.16630,4.03590,1.49930,0.02690,0,0,0,3508,0,0,2048,2048,0,2882,0
1337,5.81680,0.35340,4.05060,1.38610,0.02590,0,0,0,3508,0,0,2048,2048,0,2882,0
1338,5.41830,0.35200,3.55260,1.48230,0.03060,0,0,0,3508,0,0,2048,2048,0,2882,0
1339,5.70990,0.35070,3.81810,1.51370,0.02650,0,0,0,3508,0,0,2048,2048,0,2882,0
1340,5.43110,0.35010,3.66890,1.38000,0.03130,0,0,0,3508,0,0,2048,2048,0,2882,0
1341,5.61270,0.34230,3.91680,1.32500,0.02790,0,0,0,3508,0,0,2048,2048,0,2882,0
1342,5.63220,0.33290,3.77720,1.48800,0.03310,0,0,0,3508,0,0,2048,2048,0,2882,0
1343,5.62990,0.32880,3.74730,1.50130,0.05150,0,0,0,3508,0,0,2048,2048,0,2882,0
1344,5.61270,0.40170,3.78180,1.39100,0.03680,0,0,0,3508,0,0,2048,2048,0,2882,0
1345,5.37780,0.34310,3.44800,1.54310,0.04230,0,0,0,3508,0,0,2048,2048,0,2882,0
1346,5.43140,0.37150,3.61830,1.41400,0.02660,0,0,0,3508,0,0,2048,2048,0,2882,0
1347,5.19680,0.34260,3.44740,1.37800,0.02830,0,0,0,3508,0,0,2048,2048,0,2882,0
1348,5.43780,0.33550,3.54290,1.50980,0.04780,0,0,0,3508,0,0,2048,2048,0,2882,0
1349,5.37490,0.34460,3.55580,1.44250,0.03080,0,0,0,3508,0,0,2048,2048,0,2882,0
1350,5.59360,0.33910,3.75860,1.46710,0.02790,0,0,0,3508,0,0,2048,2048,0,2882,0
1351,14.48260,7.61870,5.43790,1.38950,0.03470,0,0,0,3508,0,0,2048,2048,0,2882,0
1352,6.89810,0.32390,5.09290,1.45630,0.02400,0,0,0,3508,0,0,2048,2048,0,2882,0
1353,7.92950,0.34840,6.04190,1.51800,0.01970,0,0,0,3508,0,0,2048,2048,0,2882,0
1354,6.59200,0.40180,4.65800,1.50600,0.02520,0,0,0,3508,0,0,2048,2048,0,2882,0
1355,6.53560,0.34680,4.74980,1.41510,0.02310,0,0,0,3508,0,0,2048,2048,0,2882,0
1356,6.54570,0.41440,4.62240,1.48130,0.02670,0,0,0,3508,0,0,2048,2048,0,2882,0
1357,6.45400,0.37570,4.69130,1.36680,0.01920,0,0,0,3508,0,0,2048,2048,0,2882,0
1358,7.92120,0.34710,6.02120,1.52060,0.03150,0,0,0,3508,0,0,2048,2048,0,2882,0
1359,6.00710,0.35160,4.28420,1.35170,0.01870,0,0,0,3508,0,0,2048,2048,0,2882,0
1360,6.05810,0.42950,4.17130,1.42400,0.03220,0,0,0,3508,0,0,2048,2048,0,2882,0
1361,6.06880,0.35860,4.32840,1.36000,0.02080,0,0,0,3508,0,0,2048,2048,0,2882,0
1362,5.92920,0.36410,4.17180,1.37150,0.02110,0,0,0,3508,0,0,2048,2048,0,2882,0
1363,6.13740,0.36020,4.36930,1.38360,0.02350,0,0,0,3508,0,0,2048,2048,0,2882,0
1364,5.83160,0.36180,4.04350,1.40130,0.02390,0,0,0,3508,0,0,2048,2048,0,2882,0
1365,5.96630,0.38840,4.11390,1.43570,0.02710,0,0,0,3508,0,0,2048,2048,0,2882,0
1366,13.43310,7.53660,4.31980,1.54480,0.03080,0,0,0,3508,0,0,2048,2048,0,2882,0
1367,5.80930,0.34680,4.01550,1.42180,0.02430,0,0,0,3508,0,0,2048,2048,0,2882,0
1368,5.89490,0.37810,4.07160,1.41370,0.03070,0,0,0,3508,0,0,2048,2048,0,2882,0
1369,5.81650,0.36400,4.01550,1.41000,0.02610,0,0,0,3508,0,0,2048,2048,0,2882,0
1370,5.52590,0.38240,3.70540,1.41140,0.02570,0,0,0,3508,0,0,2048,2048,0,2882,0
1371,5.70280,0.33780,3.93930,1.40140,0.02350,0,0,0,3508,0,0,2048,2048,0,2882,0
1372,5.43000,0.34860,3.70820,1.34910,0.02330,0,0,0,3508,0,0,2048,2048,0,2882,0
1373,5.60050,0.32310,3.87430,1.37220,0.02950,0,0,0,3508,0,0,2048,2048,0,2882,0
1374,5.07430,0.31640,3.39900,1.33190,0.02620,0,0,0,3508,0,0,2048,2048,0,2882,0
1375,5.10490,0.33220,3.36540,1.38210,0.02440,0,0,0,3508,0,0,2048,2048,0,2882,0
1376,5.10580,0.32840,3.40430,1.34640,0.02560,0,0,0,3508,0,0,2048,2048,0,2882,0
1377,5.29840,0.35930,3.38300,1.52290,0.03230,0,0,0,3508,0,0,2048,2048,0,2882,0
1378,5.47640,0.36280,3.63980,1.44700,0.02580,0,0,0,3508,0,0,2048,2048,0,2882,0
1379,5.21470,0.34110,3.39130,1.45680,0.02480,0,0,0,3508,0,0,2048,2048,0,2882,0
1380,4.87370,0.37420,3.12760,1.34510,0.02610,0,0,0,3508,0,0,2048,2048,0,2882,0
1381,13.75280,7.31520,4.80860,1.59130,0.03630,0,0,0,3508,0,0,2048,2048,0,2882,0
1382,6.58480,0.38840,4.74330,1.43320,0.01870,0,0,0,3508,0,0,2048,2048,0,2882,0
1383,6.64980,0.39940,4.67240,1.54720,0.02980,0,0,0,3508,0,0,2048,2048,0,2882,0
1384,6.69770,0.35520,4.86990,1.44430,0.02770,0,0,0,3508,0,0,2048,2048,0,2882,0
1385,6.42820,0.33640,4.51830,1.54410,0.02830,0,0,0,3508,0,0,2048,2048,0,2882,0
1386,6.13230,0.34460,4.40190,1.36550,0.01960,0,0,0,3508,0,0,2048,2048,0,2882,0
1387,6.32650,0.32120,4.52680,1.45330,0.02450,0,0,0,3508,0,0,2048,2048,0,2882,0
1388,7.39740,0.33810,5.66770,1.37000,0.02080,0,0,0,3508,0,0,2048,2048,0,2882,0
1389,5.81170,0.34430,4.05010,1.38520,0.03110,0,0,0,3508,0,0,2048,2048,0,2882,0
1390,6.24530,0.34940,4.41050,1.46350,0.02090,0,0,0,3508,0,0,2048,2048,0,2882,0
1391,5.78470,0.33360,4.06660,1.36410,0.01950,0,0,0,3508,0,0,2048,2048,0,2882,0
1392,6.00920,0.36360,4.18840,1.42540,0.03100,0,0,0,3508,0,0,2048,2048,0,2882,0
1393,5.66650,0.37710,3.89220,1.37140,0.02480,0,0,0,3508,0,0,2048,2048,0,2882,0
1394,5.97610,0.35830,4.10160,1.47230,0.04300,0,0,0,3508,0,0,2048,2048,0,2882,0
1395,5.91310,0.36430,4.16400,1.36150,0.02270,0,0,0,3508,0,0,2048,2048,0,2882,0
1396,12.02810,7.00950,3.61990,1.37280,0.02490,0,0,0,3508,0,0,2048,2048,0,2882,0
1397,5.71560,0.33960,3.83350,1.51010,0.03140,0,0,0,3508,0,0,2048,2048,0,2882,0
1398,5.50660,0.36160,3.71850,1.39890,0.02680,0,0,0,3508,0,0,2048,2048,0,2882,0
1399,5.19990,0.35280,3.35160,1.46380,0.03100,0,0,0,3508,0,0,2048,2048,0,2882,0
1400,5.20560,0.38440,3.31100,1.46430,0.04500,0,0,0,3508,0,0,2048,2048,0,2882,0
1401,4.97470,0.35400,3.17810,1.40830,0.03320,0,0,0,3508,0,0,2048,2048,0,2882,0
1402,5.14310,0.34100,3.33280,1.44350,0.02520,0,0,0,3508,0,0,2048,2048,0,2882,0
1403,5.27980,0.34590,3.35050,1.55740,0.02520,0,0,0,3508,0,0,2048,2048,0,2882,0
1404,4.77370,0.33900,3.09470,1.31490,0.02450,0,0,0,3508,0,0,2048,2048,0,2882,0
1405,5.25170,0.37030,3.11510,1.73210,0.03330,0,0,0,3508,0,0,2048,2048,0,2882,0
1406,5.10930,0.38090,3.21490,1.48420,0.02850,0,0,0,3508,0,0,2048,2048,0,2882,0
1407,5.20210,0.37460,3.34920,1.45120,0.02610,0,0,0,3508,0,0,2048,2048,0,2882,0
1408,5.18210,0.34320,3.33290,1.47380,0.03140,0,0,0,3508,0,0,2048,2048,0,2882,0
1409,5.25850,0.35800,3.40270,1.47190,0.02500,0,0,0,3508,0,0,2048,2048,0,2882,0
1410,5.07340,0.39020,3.30540,1.35100,0.02600,0,0,0,3508,0,0,2048,2048,0,2882,0
1411,15.27060,7.25040,5.65960,2.32170,0.03690,0,0,0,3508,0,0,2048,2048,0,2882,0
1412,8.22640,0.30290,6.41140,1.48650,0.02490,0,0,0,3508,0,0,2048,2048,0,2882,0
1413,9.57460,0.33250,7.62620,1.58920,0.02560,0,0,0,3508,0,0,2048,2048,0,2882,0
1414,6.61780,0.41640,4.73110,1.44050,0.02880,0,0,0,3508,0,0,2048,2048,0,2882,0
1415,6.56840,0.31540,4.66230,1.56350,0.02640,0,0,0,3508,0,0,2048,2048,0,2882,0
1416,6.74770,0.37130,4.88360,1.45000,0.04200,0,0,0,3508,0,0,2048,2048,0,2882,0
1417,6.45580,0.32000,4.65040,1.45620,0.02830,0,0,0,3508,0,0,2048,2048,0,2882,0
1418,6.28300,0.42390,4.44220,1.38250,0.03320,0,0,0,3508,0,0,2048,2048,0,2882,0
1419,6.49970,0.32130,4.74340,1.40750,0.02620,0,0,0,3508,0,0,2048,2048,0,2882,0
1420,6.13250,0.37100,4.35690,1.36760,0.03550,0,0,0,3508,0,0,2048,2048,0,2882,0
1421,5.88490,0.32120,4.12710,1.39820,0.03730,0,0,0,3508,0,0,2048,2048,0,2882,0
1422,5.87540,0.38130,4.09390,1.37150,0.02750,0,0,0,3508,0,0,2048,2048,0,2882,0
1423,6.25370,0.34810,4.41220,1.45880,0.03320,0,0,0,3508,0,0,2048,2048,0,2882,0
1424,5.90750,0.32710,4.00340,1.54170,0.03450,0,0,0,3508,0,0,2048,2048,0,2882,0
1425,5.69260,0.33790,3.67710,1.64820,0.02840,0,0,0,3508,0,0,2048,2048,0,2882,0
1426,11.88210,6.92190,3.58240,1.35210,0.02490,0,0,0,3508,0,0,2048,2048,0,2882,0
1427,5.52690,0.34630,3.60130,1.54910,0.02950,0,0,0,3508,0,0,2048,2048,0,2882,0
1428,5.47630,0.39200,3.61590,1.43990,0.02750,0,0,0,3508,0,0,2048,2048,0,2882,0
1429,5.39610,0.32130,3.70580,1.34420,0.02420,0,0,0,3508,0,0,2048,2048,0,2882,0
1430,5.29280,0.33460,3.51310,1.41700,0.02710,0,0,0,3508,0,0,2048,2048,0,2882,0
1431,5.34690,0.33300,3.61330,1.36730,0.03250,0,0,0,3508,0,0,2048,2048,0,2882,0
1432,5.42200,0.38550,3.65370,1.35460,0.02690,0,0,0,3508,0,0,2048,2048,0,2882,0
1433,5.23380,0.31930,3.51150,1.37830,0.02390,0,0,0,3508,0,0,2048,2048,0,2882,0
1434,5.21850,0.34050,3.52930,1.32310,0.02460,0,0,0,3508,0,0,2048,2048,0,2882,0
1435,5.18350,0.33510,3.38650,1.41510,0.04600,0,0,0,3508,0,0,2048,2048,0,2882,0
1436,5.37840,0.34080,3.62840,1.37830,0.03010,0,0,0,3508,0,0,2048,2048,0,2882,0
1437,5.07380,0.34330,3.34920,1.35320,0.02720,0,0,0,3508,0,0,2048,2048,0,2882,0
1438,5.13480,0.31690,3.45420,1.33920,0.02370,0,0,0,3508,0,0,2048,2048,0,2882,0
1439,5.01460,0.33090,3.32230,1.33540,0.02520,0,0,0,3508,0,0,2048,2048,0,2882,0
1440,5.54140,0.34630,3.77930,1.38600,0.02900,0,0,0,3508,0,0,2048,2048,0,2882,0
1441,14.63860,7.36220,5.81160,1.43520,0.02830,0,0,0,3508,0,0,2048,2048,0,2882,0
1442,7.67740,0.31990,5.87160,1.45440,0.03060,0,0,0,3508,0,0,2048,2048,0,2882,0
1443,6.77520,0.32130,4.99590,1.43680,0.02040,0,0,0,3508,0,0,2048,2048,0,2882,0
1444,7.00680,0.48770,4.98700,1.50520,0.02610,0,0,0,3508,0,0,2048,2048,0,2882,0
1445,6.52610,0.31300,4.78170,1.39460,0.03600,0,0,0,3508,0,0,2048,2048,0,2882,0
1446,6.33860,0.33860,4.54060,1.43470,0.02350,0,0,0,3508,0,0,2048,2048,0,2882,0
1447,6.42290,0.33010,4.69630,1.37060,0.02500,0,0,0,3508,0,0,2048,2048,0,2882,0
1448,6.33700,0.31350,4.53290,1.44760,0.04210,0,0,0,3508,0,0,2048,2048,0,2882,0
1449,5.92720,0.37230,4.14810,1.37530,0.03060,0,0,0,3508,0,0,2048,2048,0,2882,0
1450,6.01970,0.35510,4.22960,1.40640,0.02770,0,0,0,3508,0,0,2048,2048,0,2882,0
1451,6.06950,0.35020,4.33990,1.35430,0.02420,0,0,0,3508,0,0,2048,2048,0,2882,0
1452,6.06120,0.32020,4.33600,1.37930,0.02500,0,0,0,3508,0,0,2048,2048,0,2882,0
1453,5.93060,0.34990,4.21160,1.34220,0.02610,0,0,0,3508,0,0,2048,2048,0,2882,0
1454,6.01470,0.32610,4.09390,1.54750,0.04640,0,0,0,3508,0,0,2048,2048,0,2882,0
1455,5.79860,0.34550,4.06490,1.35330,0.03410,0,0,0,3508,0,0,2048,2048,0,2882,0
1456,12.57280,7.06020,4.07790,1.40860,0.02530,0,0,0,3508,0,0,2048,2048,0,2882,0
1457,5.55600,0.36300,3.73100,1.43240,0.02870,0,0,0,3508,0,0,2048,2048,0,2882,0
1458,6.03890,0.36540,4.18000,1.46190,0.03080,0,0,0,3508,0,0,2048,2048,0,2882,0
1459,5.49730,0.36220,3.71040,1.39680,0.02720,0,0,0,3508,0,0,2048,2048,0,2882,0
1460,5.87760,0.36700,3.98320,1.47260,0.05400,0,0,0,3508,0,0,2048,2048,0,2882,0
1461,5.22700,0.35170,3.43590,1.40010,0.03850,0,0,0,3508,0,0,2048,2048,0,2882,0
1462,5.48640,0.35740,3.70080,1.40200,0.02540,0,0,0,3508,0,0,2048,2048,0,2882,0
1463,5.43990,0.31790,3.62440,1.47140,0.02530,0,0,0,3508,0,0,2048,2048,0,2882,0
1464,4.88900,0.35910,3.06890,1.43270,0.02720,0,0,0,3508,0,0,2048,2048,0,2882,0
1465,4.99850,0.34830,3.29450,1.32820,0.02660,0,0,0,3508,0,0,2048,2048,0,2882,0
1466,5.17760,0.36040,3.42160,1.37030,0.02450,0,0,0,3508,0,0,2048,2048,0,2882,0
1467,5.06890,0.34360,3.30650,1.38990,0.02830,0,0,0,3508,0,0,2048,2048,0,2882,0
1468,5.18880,0.36400,3.34880,1.44870,0.02620,0,0,0,3508,0,0,2048,2048,0,2882,0
1469,5.21040,0.35520,3.47700,1.35330,0.02440,0,0,0,3508,0,0,2048,2048,0,2882,0
1470,5.25790,0.35560,3.44430,1.43360,0.02370,0,0,0,3508,0,0,2048,2048,0,2882,0
1471,15.04610,7.16610,6.04760,1.78420,0.04520,0,0,0,3508,0,0,2048,2048,0,2882,0
1472,8.90500,0.31910,7.14430,1.41610,0.02450,0,0,0,3508,0,0,2048,2048,0,2882,0
1473,8.10240,0.33220,6.11260,1.60210,0.05460,0,0,0,3508,0,0,2048,2048,0,2882,0
1474,6.11400,0.35260,4.35220,1.38080,0.02750,0,0,0,3508,0,0,2048,2048,0,2882,0
1475,7.14240,0.38870,5.31980,1.40800,0.02510,0,0,0,3508,0,0,2048,2048,0,2882,0
1476,6.47050,0.33680,4.68570,1.40660,0.04070,0,0,0,3508,0,0,2048,2048,0,2882,0
1477,6.26600,0.32710,4.53830,1.38000,0.01980,0,0,0,3508,0,0,2048,2048,0,2882,0
1478,6.29920,0.39580,4.51610,1.36250,0.02410,0,0,0,3508,0,0,2048,2048,0,2882,0
1479,6.36090,0.37940,4.49690,1.42860,0.05530,0,0,0,3508,0,0,2048,2048,0,2882,0
1480,6.70810,0.34240,4.87380,1.46270,0.02840,0,0,0,3508,0,0,2048,2048,0,2882,0
1481,6.23300,0.33160,4.37250,1.50320,0.02490,0,0,0,3508,0,0,2048,2048,0,2882,0
1482,8.06660,0.35120,6.10450,1.57420,0.03590,0,0,0,3508,0,0,2048,2048,0,2882,0
1483,7.40830,0.34230,5.58890,1.45380,0.02250,0,0,0,3508,0,0,2048,2048,0,2882,0
1484,5.99680,0.33300,4.17960,1.46030,0.02320,0,0,0,3508,0,0,2048,2048,0,2882,0
1485,6.08580,0.32870,4.38060,1.35540,0.02040,0,0,0,3508,0,0,2048,2048,0,2882,0
1486,12.42070,6.92500,4.13480,1.33520,0.02480,0,0,0,3508,0,0,2048,2048,0,2882,0
1487,6.00400,0.37610,4.22340,1.38030,0.02340,0,0,0,3508,0,0,2048,2048,0,2882,0
1488,5.82760,0.35170,4.05200,1.40210,0.02100,0,0,0,3508,0,0,2048,2048,0,2882,0
1489,6.18800,0.33390,4.24990,1.56760,0.03570,0,0,0,3508,0,0,2048,2048,0,2882,0
1490,5.96290,0.37120,4.11880,1.43150,0.02750,0,0,0,3508,0,0,2048,2048,0,2882,0
1491,5.98350,0.34400,4.07600,1.39720,0.16530,0,0,0,3508,0,0,2048,2048,0,2882,0
1492,5.69320,0.36540,3.91000,1.39300,0.02400,0,0,0,3508,0,0,2048,2048,0,2882,0
1493,5.84560,0.35640,4.10690,1.35980,0.02180,0,0,0,3508,0,0,2048,2048,0,2882,0
1494,5.88830,0.35930,3.99310,1.43820,0.09660,0,0,0,3508,0,0,2048,2048,0,2882,0
1495,5.86980,0.34630,4.06770,1.42960,0.02550,0,0,0,3508,0,0,2048,2048,0,2882,0
1496,5.75150,0.35910,3.99150,1.37490,0.02520,0,0,0,3508,0,0,2048,2048,0,2882,0
1497,5.58190,0.34380,3.74700,1.46230,0.02800,0,0,0,3508,0,0,2048,2048,0,2882,0
1498,5.85610,0.36540,3.96750,1.48000,0.02950,0,0,0,3508,0,0,2048,2048,0,2882,0
1499,5.61470,0.36980,3.77550,1.44110,0.02730,0,0,0,3508,0,0,2048,2048,0,2882,0
1500,5.98700,0.36690,4.11180,1.48030,0.02700,0,0,0,3508,0,0,2048,2048,0,2882,0
1501,15.53740,7.09940,5.84980,2.55340,0.03320,0,0,0,3508,0,0,2048,2048,0,2882,0
1502,7.89550,0.37550,5.07180,2.41970,0.02760,0,0,0,3508,0,0,2048,2048,0,2882,0
1503,7.64430,0.32550,5.56080,1.72780,0.02930,0,0,0,3508,0,0,2048,2048,0,2882,0
1504,6.73290,0.34690,4.98110,1.38030,0.02390,0,0,0,3508,0,0,2048,2048,0,2882,0
1505,6.03290,0.32360,4.07020,1.60580,0.03250,0,0,0,3508,0,0,2048,2048,0,2882,0
1506,6.02550,0.36500,4.25770,1.38200,0.01970,0,0,0,3508,0,0,2048,2048,0,2882,0
1507,5.56050,0.36410,3.68220,1.48250,0.03070,0,0,0,3508,0,0,2048,2048,0,2882,0
1508,5.70560,0.35500,3.90870,1.41030,0.03070,0,0,0,3508,0,0,2048,2048,0,2882,0
1509,5.78960,0.36550,4.02900,1.36680,0.02690,0,0,0,3508,0,0,2048,2048,0,2882,0
1510,5.78060,0.35180,4.02550,1.37340,0.02880,0,0,0,3508,0,0,2048,2048,0,2882,0
1511,5.39020,0.37780,3.62910,1.35340,0.02910,0,0,0,3508,0,0,2048,2048,0,2882,0
1512,5.41060,0.33800,3.70330,1.34500,0.02350,0,0,0,3508,0,0,2048,2048,0,2882,0
1513,5.72870,0.35680,3.91460,1.42950,0.02640,0,0,0,3508,0,0,2048,2048,0,2882,0
1514,5.20710,0.33420,3.41830,1.42010,0.03360,0,0,0,3508,0,0,2048,2048,0,2882,0
1515,5.10530,0.33580,3.33600,1.39890,0.03380,0,0,0,3508,0,0,2048,2048,0,2882,0
1516,11.96370,6.89930,3.54960,1.47430,0.03960,0,0,0,3508,0,0,2048,2048,0,2882,0
1517,5.13440,0.33150,3.40620,1.36330,0.03250,0,0,0,3508,0,0,2048,2048,0,2882,0
1518,5.22220,0.34110,3.44610,1.40590,0.02800,0,0,0,3508,0,0,2048,2048,0,2882,0
1519,5.11150,0.35080,3.41320,1.32260,0.02420,0,0,0,3508,0,0,2048,2048,0,2882,0
1520,5.27640,0.36670,3.42250,1.45140,0.03510,0,0,0,3508,0,0,2048,2048,0,2882,0
1521,5.37810,0.33240,3.60460,1.41130,0.02890,0,0,0,3508,0,0,2048,2048,0,2882,0
1522,5.24080,0.33850,3.34120,1.52730,0.03320,0,0,0,3508,0,0,2048,2048,0,2882,0
1523,5.12050,0.33460,3.36480,1.39120,0.02930,0,0,0,3508,0,0,2048,2048,0,2882,0
1524,5.28070,0.33540,3.58000,1.33040,0.03410,0,0,0,3508,0,0,2048,2048,0,2882,0
1525,5.46770,0.36880,3.53880,1.52290,0.03640,0,0,0,3508,0,0,2048,2048,0,2882,0
1526,4.88580,0.34280,3.23420,1.27990,0.02800,0,0,0,3508,0,0,2048,2048,0,2882,0
1527,5.12580,0.34100,3.40270,1.35310,0.02770,0,0,0,3508,0,0,2048,2048,0,2882,0
1528,5.08690,0.34190,3.35950,1.35800,0.02670,0,0,0,3508,0,0,2048,2048,0,2882,0
1529,5.24110,0.33170,3.38760,1.49290,0.02810,0,0,0,3508,0,0,2048,2048,0,2882,0
1530,5.17430,0.34100,3.46960,1.33580,0.02710,0,0,0,3508,0,0,2048,2048,0,2882,0
1531,16.27860,7.20870,7.34580,1.69210,0.03040,0,0,0,3508,0,0,2048,2048,0,2882,0
1532,7.84810,0.34030,6.08530,1.39510,0.02670,0,0,0,3508,0,0,2048,2048,0,2882,0
1533,6.87180,0.31090,5.12170,1.36020,0.07790,0,0,0,3508,0,0,2048,2048,0,2882,0
1534,6.56950,0.36140,4.74200,1.43690,0.02840,0,0,0,3508,0,0,2048,2048,0,2882,0
1535,6.47680,0.32760,4.71910,1.40820,0.02100,0,0,0,3508,0,0,2048,2048,0,2882,0
1536,6.52630,0.30670,4.78330,1.41010,0.02530,0,0,0,3508,0,0,2048,2048,0,2882,0
1537,6.40060,0.31280,4.62000,1.39060,0.07650,0,0,0,3508,0,0,2048,2048,0,2882,0
1538,6.43760,0.34600,4.73240,1.32820,0.03040,0,0,0,3508,0,0,2048,2048,0,2882,0
1539,6.39860,0.31850,4.63480,1.41090,0.03310,0,0,0,3508,0,0,2048,2048,0,2882,0
1540,6.14170,0.31820,4.44360,1.35120,0.02800,0,0,0,3508,0,0,2048,2048,0,2882,0
1541,6.10100,0.30930,4.36810,1.39640,0.02630,0,0,0,3508,0,0,2048,2048,0,2882,0
1542,7.05530,0.33430,5.34230,1.35890,0.01910,0,0,0,3508,0,0,2048,2048,0,2882,0
1543,6.20250,0.37950,4.31890,1.47960,0.02340,0,0,0,3508,0,0,2048,2048,0,2882,0
1544,6.23750,0.34560,4.43410,1.43650,0.02070,0,0,0,3508,0,0,2048,2048,0,2882,0
1545,5.78040,0.35910,3.99570,1.39170,0.03300,0,0,0,3508,0,0,2048,2048,0,2882,0
1546,12.30060,6.98130,3.92420,1.36680,0.02760,0,0,0,3508,0,0,2048,2048,0,2882,0
1547,5.70860,0.36100,3.93190,1.38960,0.02540,0,0,0,3508,0,0,2048,2048,0,2882,0
1548,5.79410,0.32900,3.98350,1.44730,0.03350,0,0,0,3508,0,0,2048,2048,0,2882,0
1549,5.84180,0.35990,4.10400,1.35210,0.02490,0,0,0,3508,0,0,2048,2048,0,2882,0
1550,5.42790,0.33480,3.68830,1.37990,0.02410,0,0,0,3508,0,0,2048,2048,0,2882,0
1551,5.72650,0.33710,3.84430,1.42920,0.11490,0,0,0,3508,0,0,2048,2048,0,2882,0
1552,5.50410,0.36340,3.73410,1.35840,0.04740,0,0,0,3508,0,0,2048,2048,0,2882,0
1553,5.67710,0.35790,3.93130,1.35970,0.02740,0,0,0,3508,0,0,2048,2048,0,2882,0
1554,5.41200,0.36080,3.57440,1.42370,0.05190,0,0,0,3508,0,0,2048,2048,0,2882,0
1555,5.47820,0.35060,3.64210,1.46100,0.02370,0,0,0,3508,0,0,2048,2048,0,2882,0
1556,5.32010,0.31560,3.55310,1.42680,0.02390,0,0,0,3508,0,0,2048,2048,0,2882,0
1557,5.39850,0.33230,3.66270,1.37550,0.02690,0,0,0,3508,0,0,2048,2048,0,2882,0
1558,5.54490,0.34590,3.76050,1.40710,0.03010,0,0,0,3508,0,0,2048,2048,0,2882,0
1559,5.39980,0.35540,3.69200,1.32500,0.02620,0,0,0,3508,0,0,2048,2048,0,2882,0
1560,5.80410,0.35690,4.02500,1.37990,0.04040,0,0,0,3508,0,0,2048,2048,0,2882,0
1561,13.89680,7.02870,5.36980,1.46440,0.03250,0,0,0,3508,0,0,2048,2048,0,2882,0
1562,6.34800,0.33340,4.52820,1.45420,0.03140,0,0,0,3508,0,0,2048,2048,0,2882,0
1563,6.32190,0.31260,4.59850,1.38140,0.02820,0,0,0,3508,0,0,2048,2048,0,2882,0
1564,7.37840,0.32090,5.58300,1.44530,0.02730,0,0,0,3508,0,0,2048,2048,0,2882,0
1565,5.85840,0.36560,4.07450,1.38650,0.03100,0,0,0,3508,0,0,2048,2048,0,2882,0
1566,5.90880,0.32340,4.10220,1.45100,0.03140,0,0,0,3508,0,0,2048,2048,0,2882,0
1567,5.83740,0.37220,4.07250,1.36640,0.02530,0,0,0,3508,0,0,2048,2048,0,2882,0
1568,5.81270,0.34080,3.91190,1.51820,0.04090,0,0,0,3508,0,0,2048,2048,0,2882,0
1569,5.71240,0.34400,3.89690,1.43730,0.03330,0,0,0,3508,0,0,2048,2048,0,2882,0
1570,5.51280,0.37800,3.67820,1.42510,0.03080,0,0,0,3508,0,0,2048,2048,0,2882,0
1571,5.74690,0.34320,3.89320,1.45970,0.04980,0,0,0,3508,0,0,2048,2048,0,2882,0
1572,5.53750,0.38350,3.69280,1.42740,0.03290,0,0,0,3508,0,0,2048,2048,0,2882,0
1573,5.43290,0.33670,3.69750,1.36930,0.02860,0,0,0,3508,0,0,2048,2048,0,2882,0
1574,5.65010,0.34500,3.62040,1.63150,0.05220,0,0,0,3508,0,0,2048,2048,0,2882,0
1575,5.47990,0.35840,3.68010,1.40790,0.03270,0,0,0,3508,0,0,2048,2048,0,2882,0
1576,12.11210,6.92690,3.70780,1.44280,0.03390,0,0,0,3508,0,0,2048,2048,0,2882,0
1577,5.10610,0.32620,3.26700,1.47760,0.03450,0,0,0,3508,0,0,2048,2048,0,2882,0
1578,5.21480,0.34160,3.46910,1.37660,0.02690,0,0,0,3508,0,0,2048,2048,0,2882,0
1579,5.20480,0.34950,3.42780,1.39950,0.02730,0,0,0,3508,0,0,2048,2048,0,2882,0
1580,4.92550,0.33230,3.23790,1.31890,0.03560,0,0,0,3508,0,0,2048,2048,0,2882,0
1581,5.25920,0.33760,3.41280,1.46180,0.04580,0,0,0,3508,0,0,2048,2048,0,2882,0
1582,5.49120,0.36440,3.65620,1.43920,0.03040,0,0,0,3508,0,0,2048,2048,0,2882,0
1583,5.19970,0.34030,3.36130,1.46690,0.03030,0,0,0,3508,0,0,2048,2048,0,2882,0
1584,5.00680,0.33090,3.23540,1.40910,0.03050,0,0,0,3508,0,0,2048,2048,0,2882,0
1585,5.19100,0.36060,3.34230,1.45650,0.03070,0,0,0,3508,0,0,2048,2048,0,2882,0
1586,5.38430,0.32110,3.62070,1.41120,0.03050,0,0,0,3508,0,0,2048,2048,0,2882,0
1587,5.02800,0.32680,3.32280,1.34960,0.02810,0,0,0,3508,0,0,2048,2048,0,2882,0
1588,4.83810,0.31900,3.09270,1.39950,0.02590,0,0,0,3508,0,0,2048,2048,0,2882,0
1589,5.44030,0.33550,3.65460,1.42170,0.02760,0,0,0,3508,0,0,2048,2048,0,2882,0
1590,7.55430,0.36470,3.62110,3.53690,0.03060,0,0,0,3508,0,0,2048,2048,0,2882,0
1591,13.83070,7.35390,4.69620,1.74790,0.03070,0,0,0,3508,0,0,2048,2048,0,2882,0
1592,7.50880,0.31070,5.72640,1.44640,0.02460,0,0,0,3508,0,0,2048,2048,0,2882,0
1593,9.99940,0.30690,8.03720,1.50310,0.15100,0,0,0,3508,0,0,2048,2048,0,2882,0
1594,6.27750,0.43600,4.43060,1.38170,0.02810,0,0,0,3508,0,0,2048,2048,0,2882,0
1595,6.04760,0.32930,4.37880,1.30800,0.03090,0,0,0,3508,0,0,2048,2048,0,2882,0
1596,6.50510,0.36190,4.58400,1.52290,0.03310,0,0,0,3508,0,0,2048,2048,0,2882,0
1597,6.35430,0.40610,4.55190,1.35520,0.03990,0,0,0,3508,0,0,2048,2048,0,2882,0
1598,5.93510,0.35710,4.17220,1.38270,0.02190,0,0,0,3508,0,0,2048,2048,0,2882,0
1599,6.09230,0.32460,4.34670,1.39910,0.02090,0,0,0,3508,0,0,2048,2048,0,2882,0
1600,6.13350,0.33550,4.39360,1.36870,0.03490,0,0,0,3508,0,0,2048,2048,0,2882,0
1601,5.97130,0.33540,4.10880,1.49230,0.03410,0,0,0,3508,0,0,2048,2048,0,2882,0
1602,5.94570,0.33400,4.16520,1.38910,0.05680,0,0,0,3508,0,0,2048,2048,0,2882,0
1603,5.78170,0.37000,4.01770,1.35910,0.03410,0,0,0,3508,0,0,2048,2048,0,2882,0
1604,5.78450,0.32050,4.10630,1.33050,0.02660,0,0,0,3508,0,0,2048,2048,0,2882,0
1605,6.01050,0.35570,4.15600,1.47360,0.02450,0,0,0,3508,0,0,2048,2048,0,2882,0
1606,12.56670,7.05410,4.06840,1.41090,0.03250,0,0,0,3508,0,0,2048,2048,0,2882,0
1607,5.90460,0.36090,4.13140,1.38260,0.02900,0,0,0,3508,0,0,2048,2048,0,2882,0
1608,5.67560,0.36140,3.91500,1.37080,0.02800,0,0,0,3508,0,0,2048,2048,0,2882,0
1609,5.80100,0.33860,3.97890,1.45200,0.03020,0,0,0,3508,0,0,2048,2048,0,2882,0
1610,5.75810,0.37670,3.99730,1.35320,0.03000,0,0,0,3508,0,0,2048,2048,0,2882,0
1611,5.93390,0.34890,4.12930,1.41620,0.03830,0,0,0,3508,0,0,2048,2048,0,2882,0
1612,5.82390,0.36910,4.05860,1.36650,0.02890,0,0,0,3508,0,0,2048,2048,0,2882,0
1613,5.49700,0.34940,3.74480,1.37870,0.02350,0,0,0,3508,0,0,2048,2048,0,2882,0
1614,5.43840,0.35350,3.58110,1.46540,0.03790,0,0,0,3508,0,0,2048,2048,0,2882,0
1615,5.31770,0.37740,3.51220,1.39540,0.03190,0,0,0,3508,0,0,2048,2048,0,2882,0
1616,5.49630,0.35270,3.60910,1.50030,0.03360,0,0,0,3508,0,0,2048,2048,0,2882,0
1617,5.58560,0.35320,3.78450,1.41730,0.02980,0,0,0,3508,0,0,2048,2048,0,2882,0
1618,5.51090,0.37270,3.66710,1.42690,0.04340,0,0,0,3508,0,0,2048,2048,0,2882,0
1619,5.51510,0.32720,3.65210,1.50540,0.02960,0,0,0,3508,0,0,2048,2048,0,2882,0
1620,5.56250,0.42080,3.67740,1.43530,0.02830,0,0,0,3508,0,0,2048,2048,0,2882,0
1621,16.45450,7.42780,7.46500,1.53570,0.02440,0,0,0,3508,0,0,2048,2048,0,2882,0
1622,7.59520,0.34530,5.73810,1.48120,0.02910,0,0,0,3508,0,0,2048,2048,0,2882,0
1623,7.42010,0.40510,5.40450,1.58200,0.02770,0,0,0,3508,0,0,2048,2048,0,2882,0
1624,7.74730,0.30310,5.84930,1.57030,0.02390,0,0,0,3508,0,0,2048,2048,0,2882,0
1625,7.38410,0.33990,5.49930,1.51960,0.02420,0,0,0,3508,0,0,2048,2048,0,2882,0
1626,5.96460,0.33020,4.22470,1.38150,0.02750,0,0,0,3508,0,0,2048,2048,0,2882,0
1627,6.51060,0.34410,4.71540,1.42720,0.02290,0,0,0,3508,0,0,2048,2048,0,2882,0
1628,6.55960,0.38690,4.65860,1.45290,0.06020,0,0,0,3508,0,0,2048,2048,0,2882,0
1629,6.21910,0.35660,4.46450,1.37660,0.02030,0,0,0,3508,0,0,2048,2048,0,2882,0
1630,6.57220,0.38590,4.80480,1.36110,0.01950,0,0,0,3508,0,0,2048,2048,0,2882,0
1631,6.06300,0.34180,4.18560,1.50450,0.03030,0,0,0,3508,0,0,2048,2048,0,2882,0
1632,6.07170,0.35820,4.23460,1.45600,0.02230,0,0,0,3508,0,0,2048,2048,0,2882,0
1633,5.91590,0.35380,4.14930,1.37870,0.03320,0,0,0,3508,0,0,2048,2048,0,2882,0
1634,5.89610,0.33600,4.15700,1.37930,0.02300,0,0,0,3508,0,0,2048,2048,0,2882,0
1635,6.10610,0.39560,4.17090,1.51120,0.02750,0,0,0,3508,0,0,2048,2048,0,2882,0
1636,13.72840,7.95650,4.30770,1.43250,0.02990,0,0,0,3508,0,0,2048,2048,0,2882,0
1637,5.89550,0.36110,4.10020,1.40600,0.02720,0,0,0,3508,0,0,2048,2048,0,2882,0
1638,6.18980,0.37940,4.17720,1.59930,0.03300,0,0,0,3508,0,0,2048,2048,0,2882,0
1639,6.00220,0.38500,4.16910,1.42570,0.02150,0,0,0,3508,0,0,2048,2048,0,2882,0
1640,5.88640,0.36250,4.10470,1.39490,0.02340,0,0,0,3508,0,0,2048,2048,0,2882,0
1641,5.80700,0.33940,4.08450,1.36030,0.02200,0,0,0,3508,0,0,2048,2048,0,2882,0
1642,5.85820,0.35700,4.10740,1.37020,0.02300,0,0,0,3508,0,0,2048,2048,0,2882,0
1643,5.87790,0.34070,4.14080,1.36870,0.02660,0,0,0,3508,0,0,2048,2048,0,2882,0
1644,5.80040,0.36260,3.94450,1.45220,0.04020,0,0,0,3508,0,0,2048,2048,0,2882,0
1645,5.51450,0.35440,3.72340,1.41020,0.02570,0,0,0,3508,0,0,2048,2048,0,2882,0
1646,5.42930,0.36070,3.62910,1.40860,0.02990,0,0,0,3508,0,0,2048,2048,0,2882,0
1647,5.57340,0.36650,3.80200,1.37740,0.02650,0,0,0,3508,0,0,2048,2048,0,2882,0
1648,5.73400,0.44500,3.77380,1.48600,0.02850,0,0,0,3508,0,0,2048,2048,0,2882,0
1649,4.83890,0.34230,3.07650,1.39090,0.02850,0,0,0,3508,0,0,2048,2048,0,2882,0
1650,5.06810,0.35530,3.31470,1.37150,0.02570,0,0,0,3508,0,0,2048,2048,0,2882,0
1651,14.69550,7.08940,6.08710,1.49280,0.02480,0,0,0,3508,0,0,2048,2048,0,2882,0
1652,7.37250,0.37610,5.27990,1.68160,0.03400,0,0,0,3508,0,0,2048,2048,0,2882,0
1653,6.55700,0.31970,4.81550,1.39130,0.02970,0,0,0,3508,0,0,2048,2048,0,2882,0
1654,6.48500,0.32360,4.65510,1.45110,0.05450,0,0,0,3508,0,0,2048,2048,0,2882,0
1655,6.54230,0.37290,4.66190,1.48340,0.02280,0,0,0,3508,0,0,2048,2048,0,2882,0
1656,6.23900,0.39630,4.42450,1.38330,0.03410,0,0,0,3508,0,0,2048,2048,0,2882,0
1657,6.34270,0.32240,4.67710,1.32000,0.02260,0,0,0,3508,0,0,2048,2048,0,2882,0
1658,6.35200,0.34580,4.51580,1.46660,0.02310,0,0,0,3508,0,0,2048,2048,0,2882,0
1659,6.22670,0.35070,4.43160,1.42220,0.02140,0,0,0,3508,0,0,2048,2048,0,2882,0
1660,6.01120,0.36240,4.25090,1.37320,0.02400,0,0,0,3508,0,0,2048,2048,0,2882,0
1661,6.08380,0.34950,4.16560,1.54320,0.02480,0,0,0,3508,0,0,2048,2048,0,2882,0
1662,5.88480,0.30510,4.22720,1.33150,0.02030,0,0,0,3508,0,0,2048,2048,0,2882,0
1663,5.83420,0.33990,4.08300,1.38320,0.02730,0,0,0,3508,0,0,2048,2048,0,2882,0
1664,5.66490,0.34390,3.90040,1.39460,0.02500,0,0,0,3508,0,0,2048,2048,0,2882,0
1665,5.68530,0.34110,3.98810,1.32820,0.02700,0,0,0,3508,0,0,2048,2048,0,2882,0
1666,12.30440,6.90820,4.00290,1.35590,0.03650,0,0,0,3508,0,0,2048,2048,0,2882,0
1667,5.64410,0.32680,3.91480,1.36190,0.03990,0,0,0,3508,0,0,2048,2048,0,2882,0
1668,5.46200,0.32890,3.71760,1.38630,0.02860,0,0,0,3508,0,0,2048,2048,0,2882,0
1669,5.59310,0.31980,3.83990,1.40620,0.02640,0,0,0,3508,0,0,2048,2048,0,2882,0
1670,5.40670,0.35710,3.52600,1.47630,0.04660,0,0,0,3508,0,0,2048,2048,0,2882,0
1671,5.76890,0.32870,4.06510,1.34320,0.03110,0,0,0,3508,0,0,2048,2048,0,2882,0
1672,5.55090,0.33470,3.81530,1.36110,0.03890,0,0,0,3508,0,0,2048,2048,0,2882,0
1673,5.85980,0.36180,4.05180,1.40820,0.03620,0,0,0,3508,0,0,2048,2048,0,2882,0
1674,5.79600,0.35750,3.98210,1.42780,0.02740,0,0,0,3508,0,0,2048,2048,0,2882,0
1675,5.63100,0.36130,3.79630,1.42690,0.04530,0,0,0,3508,0,0,2048,2048,0,2882,0
1676,5.54230,0.33650,3.75520,1.39650,0.05310,0,0,0,3508,0,0,2048,2048,0,2882,0
1677,5.42580,0.38460,3.64040,1.37340,0.02580,0,0,0,3508,0,0,2048,2048,0,2882,0
1678,5.21490,0.33250,3.48690,1.36550,0.02910,0,0,0,3508,0,0,2048,2048,0,2882,0
1679,5.22420,0.36850,3.39080,1.43180,0.03190,0,0,0,3508,0,0,2048,2048,0,2882,0
1680,5.38590,0.36040,3.56920,1.43040,0.02520,0,0,0,3508,0,0,2048,2048,0,2882,0
1681,15.95730,7.33360,6.76710,1.81130,0.04360,0,0,0,3508,0,0,2048,2048,0,2882,0
1682,7.54700,0.34780,5.48460,1.68370,0.02990,0,0,0,3508,0,0,2048,2048,0,2882,0
1683,8.87160,0.34070,7.04970,1.45720,0.02280,0,0,0,3508,0,0,2048,2048,0,2882,0
1684,5.86530,0.31920,4.11550,1.40780,0.02200,0,0,0,3508,0,0,2048,2048,0,2882,0
1685,5.78960,0.32150,3.99480,1.44470,0.02790,0,0,0,3508,0,0,2048,2048,0,2882,0
1686,6.04640,0.34220,4.18270,1.49270,0.02810,0,0,0,3508,0,0,2048,2048,0,2882,0
1687,5.34000,0.38540,3.52760,1.39810,0.02810,0,0,0,3508,0,0,2048,2048,0,2882,0
1688,5.40540,0.32060,3.67690,1.35140,0.05570,0,0,0,3508,0,0,2048,2048,0,2882,0
1689,5.53300,0.35810,3.77470,1.37610,0.02330,0,0,0,3508,0,0,2048,2048,0,2882,0
1690,5.20200,0.34850,3.28340,1.52520,0.04370,0,0,0,3508,0,0,2048,2048,0,2882,0
1691,5.26350,0.33260,3.48220,1.41820,0.02970,0,0,0,3508,0,0,2048,2048,0,2882,0
1692,5.16390,0.34330,3.33630,1.45320,0.03030,0,0,0,3508,0,0,2048,2048,0,2882,0
1693,5.05500,0.32630,3.37600,1.32760,0.02420,0,0,0,3508,0,0,2048,2048,0,2882,0
1694,5.23290,0.33700,3.38110,1.48070,0.03320,0,0,0,3508,0,0,2048,2048,0,2882,0
1695,5.12130,0.36180,3.40960,1.32290,0.02590,0,0,0,3508,0,0,2048,2048,0,2882,0
1696,12.19480,7.34820,3.34500,1.47320,0.02750,0,0,0,3508,0,0,2048,2048,0,2882,0
1697,5.18310,0.32080,3.38460,1.43450,0.04260,0,0,0,3508,0,0,2048,2048,0,2882,0
1698,5.29110,0.32200,3.53410,1.40770,0.02640,0,0,0,3508,0,0,2048,2048,0,2882,0
1699,5.22720,0.35080,3.49420,1.35050,0.03100,0,0,0,3508,0,0,2048,2048,0,2882,0
1700,5.45890,0.34290,3.58020,1.50880,0.02620,0,0,0,3508,0,0,2048,2048,0,2882,0
1701,5.30870,0.35710,3.53320,1.38310,0.03380,0,0,0,3508,0,0,2048,2048,0,2882,0
1702,5.81620,0.32400,3.98460,1.47930,0.02750,0,0,0,3508,0,0,2048,2048,0,2882,0
1703,5.04380,0.31580,3.36510,1.33470,0.02740,0,0,0,3508,0,0,2048,2048,0,2882,0
1704,5.37640,0.34470,3.50910,1.49410,0.02740,0,0,0,3508,0,0,2048,2048,0,2882,0
1705,5.04100,0.34600,3.34890,1.32120,0.02420,0,0,0,3508,0,0,2048,2048,0,2882,0
1706,5.41660,0.33880,3.69780,1.35280,0.02560,0,0,0,3508,0,0,2048,2048,0,2882,0
1707,5.16600,0.32700,3.43150,1.37860,0.02780,0,0,0,3508,0,0,2048,2048,0,2882,0
1708,5.18360,0.32280,3.43510,1.39610,0.02870,0,0,0,3508,0,0,2048,2048,0,2882,0
1709,6.77920,0.33990,4.99110,1.41630,0.03090,0,0,0,3508,0,0,2048,2048,0,2882,0
1710,5.14710,0.33790,3.45640,1.32620,0.02580,0,0,0,3508,0,0,2048,2048,0,2882,0
1711,15.01360,7.33770,6.12370,1.51850,0.03210,0,0,0,3508,0,0,2048,2048,0,2882,0
1712,9.83130,0.33420,8.03330,1.43530,0.02760,0,0,0,3508,0,0,2048,2048,0,2882,0
1713,6.68380,0.43670,4.73460,1.48180,0.02970,0,0,0,3508,0,0,2048,2048,0,2882,0
1714,6.90680,0.33300,5.11980,1.42790,0.02540,0,0,0,3508,0,0,2048,2048,0,2882,0
1715,7.33760,0.35320,5.47940,1.47920,0.02480,0,0,0,3508,0,0,2048,2048,0,2882,0
1716,6.41300,0.34270,4.48890,1.55460,0.02600,0,0,0,3508,0,0,2048,2048,0,2882,0
1717,6.45300,0.33040,4.62350,1.47300,0.02500,0,0,0,3508,0,0,2048,2048,0,2882,0
1718,6.24640,0.38740,4.48660,1.35070,0.02110,0,0,0,3508,0,0,2048,2048,0,2882,0
1719,6.82700,0.33980,4.52140,1.94370,0.02120,0,0,0,3508,0,0,2048,2048,0,2882,0
1720,6.56360,0.38090,4.78490,1.37580,0.02140,0,0,0,3508,0,0,2048,2048,0,2882,0
1721,6.33680,0.34940,4.51490,1.43290,0.03820,0,0,0,3508,0,0,2048,2048,0,2882,0
1722,6.10550,0.36680,4.25730,1.43330,0.04690,0,0,0,3508,0,0,2048,2048,0,2882,0
1723,6.00400,0.38430,4.08570,1.50670,0.02640,0,0,0,3508,0,0,2048,2048,0,2882,0
1724,6.01860,0.34940,4.14730,1.49880,0.02240,0,0,0,3508,0,0,2048,2048,0,2882,0
1725,5.91830,0.34270,4.09080,1.45840,0.02560,0,0,0,3508,0,0,2048,2048,0,2882,0
1726,12.19130,6.87110,3.80510,1.48840,0.02570,0,0,0,3508,0,0,2048,2048,0,2882,0
1727,5.79980,0.37420,3.83420,1.56580,0.02480,0,0,0,3508,0,0,2048,2048,0,2882,0
1728,5.76050,0.39980,3.86520,1.46490,0.02970,0,0,0,3508,0,0,2048,2048,0,2882,0
1729,5.65160,0.33910,3.89340,1.39000,0.02820,0,0,0,3508,0,0,2048,2048,0,2882,0
1730,4.99590,0.35910,3.18610,1.39930,0.05050,0,0,0,3508,0,0,2048,2048,0,2882,0
1731,5.62830,0.33910,3.82800,1.43070,0.02960,0,0,0,3508,0,0,2048,2048,0,2882,0
1732,5.57470,0.36790,3.74540,1.43130,0.02920,0,0,0,3508,0,0,2048,2048,0,2882,0
1733,5.32210,0.35780,3.44120,1.48320,0.03900,0,0,0,3508,0,0,2048,2048,0,2882,0
1734,5.11010,0.33240,3.31430,1.43890,0.02390,0,0,0,3508,0,0,2048,2048,0,2882,0
1735,4.80940,0.32260,3.07720,1.37700,0.03180,0,0,0,3508,0,0,2048,2048,0,2882,0
1736,5.19660,0.36240,3.36120,1.44000,0.03220,0,0,0,3508,0,0,2048,2048,0,2882,0
1737,5.21750,0.40320,3.40350,1.38210,0.02770,0,0,0,3508,0,0,2048,2048,0,2882,0
1738,4.79670,0.32140,3.10130,1.34950,0.02390,0,0,0,3508,0,0,2048,2048,0,2882,0
1739,4.80100,0.35680,3.06810,1.34780,0.02770,0,0,0,3508,0,0,2048,2048,0,2882,0
1740,5.04190,0.35510,3.27550,1.37970,0.03100,0,0,0,3508,0,0,2048,2048,0,2882,0
1741,14.58260,7.00540,5.84420,1.68400,0.04720,0,0,0,3508,0,0,2048,2048,0,2882,0
1742,6.65580,0.42730,4.79970,1.40140,0.02670,0,0,0,3508,0,0,2048,2048,0,2882,0
1743,6.84410,0.32270,5.07450,1.42500,0.02090,0,0,0,3508,0,0,2048,2048,0,2882,0
1744,6.93460,0.31790,5.17390,1.41990,0.02220,0,0,0,3508,0,0,2048,2048,0,2882,0
1745,6.92180,0.32700,4.93130,1.63760,0.02500,0,0,0,3508,0,0,2048,2048,0,2882,0
1746,6.75510,0.34410,4.71790,1.58570,0.10660,0,0,0,3508,0,0,2048,2048,0,2882,0
1747,6.51610,0.37930,4.66580,1.43640,0.03360,0,0,0,3508,0,0,2048,2048,0,2882,0
1748,6.29610,0.36380,4.52800,1.37550,0.02790,0,0,0,3508,0,0,2048,2048,0,2882,0
1749,6.29690,0.36570,4.39250,1.49940,0.03840,0,0,0,3508,0,0,2048,2048,0,2882,0
1750,6.35340,0.34730,4.44220,1.53920,0.02380,0,0,0,3508,0,0,2048,2048,0,2882,0
1751,6.15880,0.36030,4.36420,1.41220,0.02140,0,0,0,3508,0,0,2048,2048,0,2882,0
1752,6.21730,0.34790,4.47430,1.37530,0.01900,0,0,0,3508,0,0,2048,2048,0,2882,0
1753,6.18400,0.35840,4.36180,1.44030,0.02270,0,0,0,3508,0,0,2048,2048,0,2882,0
1754,7.32750,0.34200,5.60480,1.35960,0.02050,0,0,0,3508,0,0,2048,2048,0,2882,0
1755,6.03580,0.36550,4.16580,1.47910,0.02470,0,0,0,3508,0,0,2048,2048,0,2882,0
1756,12.78240,7.07820,4.23930,1.43880,0.02540,0,0,0,3508,0,0,2048,2048,0,2882,0
1757,5.60590,0.39890,3.76140,1.42020,0.02450,0,0,0,3508,0,0,2048,2048,0,2882,0
1758,5.79050,0.35270,3.92120,1.48950,0.02640,0,0,0,3508,0,0,2048,2048,0,2882,0
1759,5.68360,0.36150,3.92100,1.37750,0.02290,0,0,0,3508,0,0,2048,2048,0,2882,0
1760,6.03440,0.37120,4.20250,1.43080,0.02900,0,0,0,3508,0,0,2048,2048,0,2882,0
1761,6.13270,0.36500,4.28870,1.45300,0.02520,0,0,0,3508,0,0,2048,2048,0,2882,0
1762,5.70360,0.36520,3.85060,1.46210,0.02480,0,0,0,3508,0,0,2048,2048,0,2882,0
1763,5.56240,0.34310,3.80130,1.38520,0.03200,0,0,0,3508,0,0,2048,2048,0,2882,0
1764,5.56980,0.35210,3.84350,1.35020,0.02330,0,0,0,3508,0,0,2048,2048,0,2882,0
1765,5.78320,0.34470,3.84130,1.57110,0.02510,0,0,0,3508,0,0,2048,2048,0,2882,0
1766,5.54990,0.34360,3.79360,1.38790,0.02400,0,0,0,3508,0,0,2048,2048,0,2882,0
1767,5.79390,0.37110,3.93040,1.46720,0.02460,0,0,0,3508,0,0,2048,2048,0,2882,0
1768,5.69340,0.37730,3.91770,1.36150,0.03590,0,0,0,3508,0,0,2048,2048,0,2882,0
1769,5.61170,0.44130,3.72090,1.42510,0.02360,0,0,0,3508,0,0,2048,2048,0,2882,0
1770,5.45890,0.33990,3.71150,1.38270,0.02400,0,0,0,3508,0,0,2048,2048,0,2882,0
1771,13.49030,7.16290,4.87500,1.41770,0.03320,0,0,0,3508,0,0,2048,2048,0,2882,0
1772,6.63640,0.36120,4.66760,1.56970,0.03690,0,0,0,3508,0,0,2048,2048,0,2882,0
1773,6.51260,0.31630,4.66400,1.44460,0.08670,0,0,0,3508,0,0,2048,2048,0,2882,0
1774,6.41790,0.40780,4.50920,1.46900,0.03110,0,0,0,3508,0,0,2048,2048,0,2882,0
1775,6.29100,0.31970,4.55350,1.39430,0.02280,0,0,0,3508,0,0,2048,2048,0,2882,0
1776,6.26140,0.39480,4.44240,1.37710,0.04600,0,0,0,3508,0,0,2048,2048,0,2882,0
1777,6.46540,0.36740,4.61110,1.45730,0.02890,0,0,0,3508,0,0,2048,2048,0,2882,0
1778,6.24860,0.33200,4.42150,1.46480,0.02960,0,0,0,3508,0,0,2048,2048,0,2882,0
1779,6.26610,0.36300,4.45700,1.41970,0.02570,0,0,0,3508,0,0,2048,2048,0,2882,0
1780,5.91480,0.33710,4.14870,1.39870,0.02950,0,0,0,3508,0,0,2048,2048,0,2882,0
1781,6.10310,0.33300,4.28150,1.45830,0.02920,0,0,0,3508,0,0,2048,2048,0,2882,0
1782,5.99930,0.35420,4.22840,1.38430,0.03130,0,0,0,3508,0,0,2048,2048,0,2882,0
1783,6.06690,0.36700,4.05570,1.58430,0.05870,0,0,0,3508,0,0,2048,2048,0,2882,0
1784,5.90740,0.36660,4.01120,1.48790,0.04070,0,0,0,3508,0,0,2048,2048,0,2882,0
1785,5.84660,0.35870,3.98090,1.48000,0.02610,0,0,0,3508,0,0,2048,2048,0,2882,0
1786,13.11090,7.33240,4.30300,1.44360,0.03070,0,0,0,3508,0,0,2048,2048,0,2882,0
1787,6.01610,0.38700,4.09020,1.50330,0.03480,0,0,0,3508,0,0,2048,2048,0,2882,0
1788,5.68130,0.35780,3.81910,1.47340,0.03000,0,0,0,3508,0,0,2048,2048,0,2882,0
1789,5.78280,0.36160,3.91220,1.47820,0.02990,0,0,0,3508,0,0,2048,2048,0,2882,0
1790,5.76490,0.35820,3.88290,1.49250,0.03050,0,0,0,3508,0,0,2048,2048,0,2882,0
1791,5.61090,0.38060,3.74900,1.44700,0.03350,0,0,0,3508,0,0,2048,2048,0,2882,0
1792,5.81370,0.38650,4.01790,1.36930,0.02640,0,0,0,3508,0,0,2048,2048,0,2882,0
1793,5.73050,0.32750,3.86110,1.51470,0.02640,0,0,0,3508,0,0,2048,2048,0,2882,0
1794,5.61970,0.35290,3.83020,1.40850,0.02750,0,0,0,3508,0,0,2048,2048,0,2882,0
1795,5.71400,0.35760,3.96760,1.36280,0.02500,0,0,0,3508,0,0,2048,2048,0,2882,0
1796,5.71050,0.43070,3.76430,1.43640,0.07840,0,0,0,3508,0,0,2048,2048,0,2882,0
1797,5.62650,0.35140,3.77890,1.47100,0.02440,0,0,0,3508,0,0,2048,2048,0,2882,0
1798,5.79830,0.36140,3.93690,1.47380,0.02550,0,0,0,3508,0,0,2048,2048,0,2882,0
1799,5.68940,0.37430,3.82080,1.46430,0.02900,0,0,0,3508,0,0,2048,2048,0,2882,0
1800,5.66720,0.34490,3.94060,1.35690,0.02390,0,0,0,3508,0,0,2048,2048,0,2882,0
