tick,total_ms,navigation_ms,neighbors_ms,avoidance_ms,integration_ms,expanded,pending,failed,coarse,fallbacks,replans,first_arrived,current_arrived,never_ready,safety_pair_checks,limited
1,14.49450,9.63020,3.96490,0.87550,0.02280,519,994,0,16,0,0,0,0,994,1534,0
2,9.16220,4.01770,4.22810,0.89290,0.02260,551,978,0,32,0,0,0,0,978,1534,0
3,7.87850,3.52370,3.50210,0.83340,0.01880,436,962,0,48,0,0,0,0,962,1538,0
4,8.46480,3.76740,3.87300,0.80830,0.01530,363,946,0,64,0,0,0,0,946,1541,0
5,8.38720,3.76750,3.78280,0.81290,0.02310,437,930,0,80,0,0,0,0,930,1542,0
6,7.47620,3.69820,2.94800,0.80980,0.01910,348,914,0,96,0,0,0,0,914,1537,0
7,7.79330,4.01700,2.93290,0.82180,0.02040,502,898,0,112,0,0,0,0,898,1543,0
8,8.20110,3.95700,3.41230,0.81360,0.01710,610,883,0,128,0,0,0,0,882,1534,0
9,8.30340,4.05000,3.40610,0.82860,0.01780,615,867,0,144,0,0,0,0,866,1534,0
10,8.79120,4.14980,3.77670,0.83480,0.02860,646,851,0,160,0,0,0,0,850,1542,0
11,7.53200,4.11350,2.59770,0.80330,0.01640,482,835,0,176,0,0,0,0,834,1539,0
12,7.44910,3.66620,2.91890,0.84050,0.02210,377,819,0,192,0,0,0,0,818,1536,0
13,7.99670,3.95090,3.14200,0.88120,0.02160,406,804,0,208,0,0,0,0,802,1546,0
14,7.56310,4.03580,2.65600,0.84890,0.02120,498,789,0,224,0,0,0,0,786,1541,0
15,8.05780,4.20320,2.94290,0.88570,0.02480,676,773,0,240,0,0,0,0,770,1541,0
16,9.01380,5.51790,2.68720,0.78770,0.02020,653,759,0,256,0,0,0,0,754,1551,0
17,8.25590,3.45690,3.87240,0.90010,0.02560,423,745,0,272,0,0,0,0,738,1558,0
18,7.04070,3.37610,2.80060,0.84100,0.02210,400,729,0,288,0,0,0,0,722,1558,0
19,8.80590,4.47080,3.49490,0.81690,0.02210,609,714,0,304,0,0,0,0,706,1555,0
20,7.74290,4.22370,2.58410,0.90100,0.03270,715,699,0,320,0,0,0,0,690,1560,0
21,7.38890,3.60800,2.80090,0.95460,0.02450,392,683,0,336,0,0,0,0,674,1548,0
22,7.20910,3.75190,2.60910,0.81760,0.02950,471,667,0,352,0,0,0,0,658,1531,0
23,7.48880,3.75270,2.87240,0.84030,0.02220,476,652,0,368,0,0,0,0,642,1564,0
24,7.70000,3.96950,2.82230,0.87980,0.02720,535,636,0,384,0,0,0,0,626,1571,0
25,8.42780,3.65330,3.76930,0.97520,0.02910,526,621,0,400,0,0,0,0,610,1585,0
26,6.95900,3.82620,2.30620,0.79540,0.03030,499,605,0,416,0,0,0,0,594,1585,0
27,6.80250,3.72740,2.26900,0.78130,0.02400,578,590,0,432,0,0,0,0,578,1590,0
28,6.73420,3.61200,2.23200,0.86500,0.02400,431,575,0,448,0,0,0,0,562,1594,0
29,6.75420,3.62190,2.22910,0.86580,0.03620,370,559,0,464,0,0,0,0,546,1593,0
30,6.84920,3.63890,2.29780,0.88550,0.02620,473,545,0,480,0,0,0,0,530,1609,0
31,14.72400,10.29650,3.44070,0.96500,0.02000,1705,530,0,496,1,0,0,0,514,1618,0
32,9.27330,4.13310,4.20760,0.91080,0.02120,551,514,0,511,1,0,0,0,498,1633,0
33,8.93040,3.61190,4.29340,1.00580,0.01840,474,499,0,527,1,0,0,0,482,1640,0
34,7.28680,3.61390,2.75480,0.84940,0.06740,576,483,0,543,1,0,0,0,466,1652,0
35,8.26710,3.83760,3.52650,0.88330,0.01850,651,469,0,559,1,0,0,0,450,1667,0
36,7.19780,3.63140,2.71460,0.82970,0.02130,544,455,0,575,1,0,0,0,434,1684,0
37,7.14660,3.65230,2.62110,0.84660,0.02560,449,440,0,591,1,0,0,0,418,1680,0
38,7.01190,3.63900,2.51300,0.83590,0.02270,651,425,0,607,1,0,0,0,402,1666,0
39,6.84420,3.56990,2.44580,0.80630,0.02130,597,409,0,623,1,0,0,0,386,1660,0
40,6.79820,3.41960,2.50240,0.85590,0.01930,523,393,0,639,1,0,0,0,370,1657,0
41,6.67370,3.54770,2.29090,0.80860,0.02550,449,378,0,655,1,0,0,0,354,1666,0
42,6.86450,3.58590,2.43190,0.82070,0.02500,617,362,0,671,1,0,0,0,338,1677,0
43,6.79420,3.48780,2.39640,0.88660,0.02240,512,346,0,687,1,0,0,0,322,1690,0
44,6.77730,3.45220,2.44000,0.86050,0.02360,504,331,0,703,1,0,0,0,306,1712,0
45,6.80270,3.45890,2.45140,0.87210,0.01930,364,315,0,719,1,0,0,0,290,1734,0
46,8.22830,4.88240,2.47440,0.84820,0.02230,538,300,0,735,1,0,0,0,274,1743,0
47,7.25880,3.92050,2.40350,0.91160,0.02230,522,287,0,751,1,0,0,0,258,1798,0
48,6.78070,3.38400,2.46050,0.91330,0.02200,432,272,0,767,1,0,0,0,242,1821,0
49,6.84360,3.50480,2.40570,0.90770,0.02460,445,256,0,783,1,0,0,0,226,1839,0
50,7.11670,3.61010,2.55330,0.92740,0.02520,450,244,0,799,1,0,0,0,210,1865,0
51,6.90290,3.49550,2.47820,0.90480,0.02360,446,228,0,815,1,0,0,0,194,1853,0
52,14.40160,10.39770,2.88470,1.09030,0.02810,2502,214,0,831,2,0,0,0,178,1871,0
53,9.92610,6.44750,2.49280,0.96340,0.02180,1233,199,0,846,2,0,0,0,162,1899,0
54,7.02740,3.54250,2.48090,0.97150,0.03160,475,183,0,862,2,0,0,0,146,1911,0
55,7.67020,3.96720,2.67960,0.99320,0.02920,533,168,0,878,2,0,0,0,130,1965,0
56,11.54030,8.00610,2.53200,0.97640,0.02450,1647,152,0,894,3,0,0,0,114,2000,0
57,20.88250,17.13090,2.64420,1.07690,0.02970,4096,138,0,908,3,0,0,0,100,2040,0
58,20.18940,16.54120,2.50520,1.11800,0.02410,4096,125,0,923,3,0,0,0,85,2066,0
59,18.63190,15.14810,2.47350,0.98630,0.02250,4096,111,0,937,3,0,0,0,71,2100,0
60,18.49010,14.96640,2.49420,1.00280,0.02570,4096,98,0,951,3,0,0,0,57,2117,0
61,22.80520,17.40610,4.28560,1.09190,0.02040,4096,85,0,966,3,0,0,0,42,2139,0
62,19.53740,15.06270,3.25900,1.18290,0.03190,4096,70,0,981,3,0,0,0,27,2174,0
63,21.99990,16.33760,4.10500,1.53160,0.02480,4096,59,0,996,3,0,0,0,12,2159,0
64,19.81200,15.54250,3.17980,1.05420,0.03470,4096,55,0,1004,4,0,0,0,4,2162,0
65,19.42310,15.48290,2.97020,0.94720,0.02190,4096,54,0,1007,4,0,0,0,1,2188,0
66,19.33290,15.57280,2.78590,0.95360,0.01940,4096,40,0,1022,4,0,0,0,1,2235,0
67,19.94570,15.74810,3.15180,1.01150,0.03290,4096,25,0,1037,4,0,0,0,1,2244,0
68,19.78860,15.86790,2.83290,1.04760,0.03880,4096,10,0,1052,4,0,0,0,1,2295,0
69,19.26670,15.43390,2.72320,1.07260,0.03520,4096,1,0,1064,4,0,0,0,1,2341,0
70,17.27520,13.52730,2.67390,1.04590,0.02680,4096,1,0,1066,4,0,0,0,1,2382,0
71,17.71890,13.54060,3.04900,1.09610,0.03190,4096,1,0,1067,4,0,0,0,1,2410,0
72,19.45330,15.52620,2.80890,1.08580,0.03110,4096,1,0,1067,4,0,0,0,1,2459,0
73,19.50270,15.98650,2.52400,0.96350,0.02740,4096,1,0,1068,4,0,0,0,1,2542,0
74,18.97370,15.16090,2.74890,1.03310,0.02990,4096,0,0,1068,4,0,0,0,0,2597,0
75,4.48620,0.80330,2.56750,1.08170,0.03250,18,0,0,1069,4,0,0,0,0,2649,0
76,6.26840,2.44310,2.67440,1.12350,0.02650,25,0,0,1070,4,0,0,0,0,2684,0
77,5.00550,0.92390,2.85000,1.20150,0.02900,27,0,0,1071,4,0,0,0,0,2695,0
78,5.41410,1.65700,2.63520,1.09750,0.02330,216,0,0,1075,4,0,0,0,0,2706,0
79,4.86810,0.84530,2.82710,1.16450,0.03010,49,0,0,1076,4,0,0,0,0,2740,0
80,4.31380,0.53030,2.69390,1.06170,0.02720,0,0,0,1076,4,0,0,0,0,2753,0
81,5.26530,1.38650,2.74570,1.11060,0.02170,88,0,0,1079,4,0,0,0,0,2813,0
82,5.09330,1.22680,2.68830,1.15250,0.02480,50,0,0,1082,4,0,0,0,0,2831,0
83,4.92820,0.99150,2.72500,1.18640,0.02420,80,0,0,1084,4,0,0,0,0,2891,0
84,4.83510,0.98220,2.70910,1.12160,0.02130,52,0,0,1086,4,0,0,0,0,2927,0
85,5.13750,1.35460,2.61920,1.14030,0.02210,38,0,0,1089,4,0,0,0,0,2960,0
86,5.34650,1.50480,2.64320,1.16790,0.02920,78,0,0,1092,4,0,0,0,0,3011,0
87,4.41400,0.51450,2.70400,1.15520,0.03940,0,0,0,1092,4,0,0,0,0,3036,0
88,4.95760,1.15650,2.66510,1.10040,0.03460,59,0,0,1094,4,0,0,0,0,3093,0
89,4.66560,0.54070,2.96060,1.13020,0.03270,0,0,0,1094,4,0,0,0,0,3098,0
90,6.44080,2.38460,2.84060,1.18890,0.02590,202,0,0,1101,4,0,0,0,0,3168,0
91,8.68330,3.21620,4.10940,1.32870,0.02750,50,0,0,1103,4,0,0,0,0,3198,0
92,5.63570,0.99890,3.40930,1.19790,0.02840,38,0,0,1104,4,0,0,0,0,3237,0
93,5.65540,1.21960,3.24750,1.16580,0.02130,52,0,0,1106,4,0,0,0,0,3284,0
94,6.48710,2.13580,3.04720,1.25850,0.04340,143,0,0,1111,4,0,0,0,0,3346,0
95,5.26390,0.55430,3.46670,1.21030,0.03160,0,0,0,1111,4,0,0,0,0,3393,0
96,5.84110,1.48210,3.05850,1.25450,0.04340,88,0,0,1114,4,0,0,0,0,3398,0
97,5.94460,1.64830,3.10140,1.16500,0.02880,91,0,0,1118,4,0,0,0,0,3438,0
98,5.50180,1.26420,3.05320,1.16140,0.02190,76,0,0,1121,4,0,0,0,0,3479,0
99,5.40500,1.18780,2.99720,1.18460,0.03380,48,0,0,1123,4,0,0,0,0,3504,0
100,5.42960,1.33100,2.89230,1.17560,0.02980,42,0,0,1126,4,0,0,0,0,3556,0
101,5.09890,1.09930,2.78610,1.17970,0.03290,46,0,0,1128,4,0,0,0,0,3656,0
102,4.77320,0.54020,2.98110,1.22110,0.02970,0,0,0,1128,4,0,0,0,0,3677,0
103,4.92220,0.86740,2.81810,1.20490,0.03050,21,0,0,1129,4,0,0,0,0,3722,0
104,6.01140,2.04070,2.79000,1.14870,0.03060,128,0,0,1134,4,0,0,0,0,3756,0
105,5.11030,1.13420,2.71070,1.18310,0.08040,36,0,0,1136,4,0,0,0,0,3766,0
106,6.80640,2.55160,2.93710,1.28000,0.03660,103,0,0,1139,4,0,0,0,0,3831,0
107,5.34090,1.18440,2.90340,1.22030,0.03160,43,0,0,1141,4,0,0,0,0,3865,0
108,5.69980,1.46870,2.92210,1.27320,0.03420,66,0,0,1144,4,0,0,0,0,3910,0
109,6.42830,2.12160,2.94550,1.31460,0.04510,139,0,0,1150,4,0,0,0,0,3974,0
110,5.54960,1.30050,2.93440,1.28580,0.02720,125,0,0,1153,4,0,0,0,0,3991,0
111,6.68680,2.10170,2.95140,1.60350,0.02920,160,0,0,1159,4,0,0,0,0,3979,0
112,4.95130,0.77150,2.85750,1.28810,0.03310,12,0,0,1160,4,0,0,0,0,3997,0
113,5.38980,1.25980,2.79810,1.30770,0.02300,46,0,0,1162,4,0,0,0,0,3981,0
114,5.01630,0.87820,2.86030,1.24450,0.03220,24,0,0,1163,4,0,0,0,0,3995,0
115,5.64570,1.48620,2.85730,1.26900,0.03170,56,0,0,1166,4,0,0,0,0,4055,0
116,6.06150,1.80540,2.95050,1.26770,0.03640,118,0,0,1170,4,0,0,0,0,4098,0
117,4.81270,0.58830,2.94050,1.24800,0.03460,0,0,0,1170,4,0,0,0,0,4120,0
118,5.57890,0.93030,3.34880,1.24920,0.04910,18,0,0,1171,4,0,0,0,0,4137,0
119,5.53580,1.28660,2.84780,1.35590,0.04400,68,0,0,1173,4,0,0,0,0,4149,0
120,6.16530,1.93400,2.93990,1.24980,0.04010,85,0,0,1178,4,0,0,0,0,4244,0
121,7.74590,3.36610,3.09060,1.26300,0.02420,102,0,0,1182,4,0,0,0,0,4303,0
122,5.73570,1.17300,3.29900,1.23550,0.02710,40,0,0,1184,4,0,0,0,0,4341,0
123,6.96460,1.39890,3.88070,1.65860,0.02530,57,0,0,1187,4,0,0,0,0,4363,0
124,6.05930,1.90100,2.91560,1.20310,0.03850,87,0,0,1191,4,0,0,0,0,4322,0
125,5.94950,1.79910,2.89140,1.22180,0.03540,80,0,0,1195,4,0,0,0,0,4382,0
126,5.66360,1.47070,2.91420,1.24590,0.03170,73,0,0,1198,4,0,0,0,0,4417,0
127,4.96820,0.79770,2.91320,1.22480,0.03160,17,0,0,1199,4,0,0,0,0,4451,0
128,5.51730,1.30970,2.93920,1.24050,0.02680,55,0,0,1201,4,0,0,0,0,4558,0
129,5.07630,0.81620,2.97990,1.24970,0.02960,18,0,0,1202,4,0,0,0,0,4546,0
130,6.49490,2.25670,2.86850,1.33630,0.03250,145,0,0,1210,4,0,0,0,0,4539,0
131,5.84640,1.49780,3.06240,1.25440,0.03080,140,0,0,1215,4,0,0,0,0,4523,0
132,5.56600,1.22380,3.03470,1.27830,0.02830,142,0,0,1218,4,0,0,0,0,4566,0
133,5.78160,1.57050,2.96130,1.22260,0.02620,106,0,0,1223,4,0,0,0,0,4641,0
134,5.51100,1.30460,2.90130,1.27140,0.03260,93,0,0,1227,4,0,0,0,0,4731,0
135,6.25740,2.02170,2.92100,1.28880,0.02460,108,0,0,1233,4,0,0,0,0,4773,0
136,7.64750,3.32610,3.00530,1.28870,0.02590,91,0,0,1237,4,0,0,0,0,4783,0
137,5.39960,1.07240,2.95210,1.33800,0.03630,32,0,0,1239,4,0,0,0,0,4764,0
138,5.84740,1.46890,2.93770,1.41100,0.02900,72,0,0,1243,4,0,0,0,0,4842,0
139,5.56170,1.18390,3.01170,1.32960,0.03560,36,0,0,1245,4,0,0,0,0,4858,0
140,5.33040,1.07360,2.95890,1.27060,0.02630,89,0,0,1247,4,0,0,0,0,4873,0
141,5.31490,1.05290,2.88440,1.34300,0.03340,31,0,0,1249,4,0,0,0,0,4913,0
142,5.15440,0.98940,2.88020,1.25540,0.02850,32,0,0,1251,4,0,0,0,0,4882,0
143,4.99340,0.79610,2.87520,1.29560,0.02560,15,0,0,1252,4,0,0,0,0,4922,0
144,5.04890,0.79680,2.92670,1.29600,0.02860,21,0,0,1253,4,0,0,0,0,4997,0
145,6.77270,2.48740,2.98040,1.27880,0.02520,180,0,0,1263,4,0,0,0,0,4958,0
146,5.47780,1.24320,2.95120,1.25800,0.02450,124,0,0,1267,4,0,0,0,0,4974,0
147,5.26820,0.98370,2.97070,1.28360,0.02930,56,0,0,1269,4,0,0,0,0,5001,0
148,6.47090,2.10030,2.97400,1.36970,0.02550,162,0,0,1277,4,0,0,0,0,5008,0
149,5.60330,1.32060,2.98840,1.26920,0.02420,76,0,0,1281,4,0,0,0,0,5058,0
150,6.32770,1.71560,3.22600,1.35110,0.03410,111,0,0,1287,4,0,0,0,0,5077,0
151,9.08130,2.84790,4.66720,1.52920,0.03580,45,0,0,1289,4,0,0,0,0,5108,0
152,8.82770,2.02440,4.97970,1.78450,0.03830,116,0,0,1295,4,0,0,0,0,5165,0
153,6.41940,0.97320,4.05150,1.37530,0.01840,32,0,0,1297,4,0,0,0,0,5218,0
154,6.49930,1.06100,4.04410,1.37090,0.02240,52,0,0,1299,4,0,0,0,0,5213,0
155,7.92650,1.81890,4.57820,1.48340,0.04480,142,0,0,1304,4,0,0,0,0,5260,0
156,7.62710,2.23390,4.00620,1.36840,0.01760,139,0,0,1312,4,0,0,0,0,5265,0
157,6.91290,1.18100,3.81710,1.88760,0.02630,45,0,0,1315,4,0,0,0,0,5216,0
158,5.88370,1.05020,3.45870,1.35170,0.02220,51,0,0,1317,4,0,0,0,0,5214,0
159,6.36170,1.27970,3.71510,1.34520,0.02080,68,0,0,1320,4,0,0,0,0,5301,0
160,7.14630,1.88760,3.82880,1.40610,0.02300,108,0,0,1326,4,0,0,0,0,5357,0
161,5.70480,0.87260,3.46100,1.34550,0.02450,26,0,0,1328,4,0,0,0,0,5400,0
162,5.28580,0.55490,3.34040,1.36940,0.02040,0,0,0,1328,4,0,0,0,0,5420,0
163,6.61590,1.87410,3.39270,1.32520,0.02290,110,0,0,1334,4,0,0,0,0,5452,0
164,6.53400,1.74010,3.40150,1.37290,0.01840,149,0,0,1340,4,0,0,0,0,5467,0
165,7.31320,1.69220,4.24740,1.34910,0.02350,124,0,0,1346,4,0,0,0,0,5439,0
166,7.19080,2.64140,3.13710,1.38170,0.02930,57,0,0,1349,4,0,0,0,0,5462,0
167,6.67490,1.21130,4.08710,1.35270,0.02300,47,0,0,1352,4,0,0,0,0,5491,0
168,5.87630,1.14410,3.25880,1.44540,0.02700,61,0,0,1355,4,0,0,0,0,5497,0
169,5.04620,0.71030,2.99940,1.31470,0.02100,36,0,0,1356,4,0,0,0,0,5517,0
170,5.75020,1.13830,3.21330,1.36310,0.03460,59,0,0,1359,4,0,0,0,0,5513,0
171,6.26820,1.68380,3.16040,1.39900,0.02430,134,0,0,1364,4,0,0,0,0,5561,0
172,5.35530,0.87210,3.05790,1.39720,0.02730,43,0,0,1366,4,0,0,0,0,5551,0
173,6.04810,1.43960,3.18230,1.39960,0.02600,84,0,0,1370,4,0,0,0,0,5571,0
174,5.54550,0.96610,3.19900,1.35550,0.02410,50,0,0,1372,4,0,0,0,0,5631,0
175,6.07010,1.56320,3.15260,1.30780,0.04540,141,0,0,1377,4,0,0,0,0,5693,0
176,5.04460,0.46860,3.12230,1.42800,0.02480,0,0,0,1377,4,0,0,0,0,5783,0
177,5.99620,1.26530,3.29280,1.41180,0.02580,56,0,0,1380,4,0,0,0,0,5770,0
178,5.77940,1.11170,3.24910,1.38780,0.02950,39,0,0,1382,4,0,0,0,0,5882,0
179,6.43700,1.71670,3.33170,1.35580,0.03190,157,0,0,1388,4,0,0,0,0,5917,0
180,5.98030,1.28670,3.29340,1.35890,0.04050,74,0,0,1392,4,0,0,0,0,5897,0
181,9.35920,3.03040,4.82060,1.47700,0.02950,49,0,0,1394,4,0,0,0,0,5958,0
182,8.25260,1.78850,4.78970,1.64750,0.02550,80,0,0,1399,4,0,0,0,0,6008,0
183,7.54700,1.46780,4.52930,1.48540,0.06350,70,0,0,1403,4,0,0,0,0,6040,0
184,6.90930,1.19360,4.19900,1.49490,0.02090,104,0,0,1406,4,0,0,0,0,6090,0
185,7.22940,1.74410,3.96620,1.50170,0.01630,95,0,0,1412,4,0,0,0,0,6142,0
186,7.19800,1.72320,3.98500,1.47070,0.01770,137,0,0,1418,4,0,0,0,0,6198,0
187,6.35780,0.91570,3.98750,1.43410,0.01970,53,0,0,1420,4,0,0,0,0,6126,0
188,6.29770,0.94250,4.01590,1.31890,0.01950,48,0,0,1422,4,0,0,0,0,6103,0
189,5.90040,0.71330,3.78470,1.37960,0.02200,18,0,0,1423,4,0,0,0,0,6170,0
190,6.58300,1.19300,4.06440,1.30570,0.01920,50,0,0,1426,4,0,0,0,0,6234,0
191,6.36670,1.23650,3.73550,1.36880,0.02470,46,0,0,1429,4,0,0,0,0,6191,0
192,7.47060,1.92330,4.01960,1.49820,0.02800,103,0,0,1434,4,0,0,0,0,6275,0
193,7.02570,1.65550,3.93070,1.41190,0.02670,51,0,0,1438,4,0,0,0,0,6282,0
194,7.72360,2.08800,3.67060,1.93760,0.02590,162,0,0,1444,4,0,0,0,0,6315,0
195,8.01060,2.14470,4.20010,1.63280,0.03160,89,0,0,1450,4,0,0,0,0,6323,0
196,7.95960,2.47290,3.99060,1.45840,0.03600,20,0,0,1451,4,0,0,0,0,6352,0
197,7.30860,2.21920,3.61450,1.45000,0.02360,87,0,0,1457,4,0,0,0,0,6394,0
198,5.96580,1.04370,3.52690,1.37120,0.02340,36,0,0,1459,4,0,0,0,0,6468,0
199,6.11210,1.37330,3.31120,1.39970,0.02660,128,0,0,1463,4,0,0,0,0,6471,0
200,5.82360,0.85620,3.58400,1.35480,0.02770,34,0,0,1465,4,0,0,0,0,6489,0
201,6.35250,1.64360,3.24680,1.43680,0.02440,100,0,0,1470,4,0,0,0,0,6516,0
202,5.51730,0.47860,3.53680,1.47740,0.02250,0,0,0,1470,4,0,0,0,0,6592,0
203,6.67400,1.84070,3.37700,1.41660,0.03860,106,0,0,1476,4,0,0,0,0,6637,0
204,6.22360,1.30890,3.33490,1.55500,0.02380,91,0,0,1480,4,0,0,0,0,6667,0
205,6.78900,1.51070,3.78920,1.46470,0.02330,97,0,0,1485,4,0,0,0,0,6684,0
206,7.09690,1.81650,3.71420,1.54090,0.02400,88,0,0,1491,4,0,0,0,0,6751,0
207,5.89640,0.86110,3.48650,1.51480,0.03290,37,0,0,1493,4,0,0,0,0,6786,0
208,6.38440,1.45420,3.40540,1.49500,0.02850,71,0,0,1497,4,0,0,0,0,6844,0
209,6.39410,1.16740,3.70340,1.49650,0.02590,129,0,0,1500,4,0,0,0,0,6874,0
210,5.92310,1.22790,3.19260,1.47650,0.02480,45,0,0,1503,4,0,0,0,0,6879,0
211,10.44600,4.11330,4.57580,1.71680,0.03710,86,0,0,1508,4,0,0,0,0,6849,0
212,8.11220,2.13390,4.35630,1.58340,0.03740,176,0,0,1515,4,0,0,0,0,6877,0
213,6.86380,1.56000,3.74130,1.52400,0.03770,99,0,0,1520,4,0,0,0,0,6919,0
214,7.05180,1.54080,4.01870,1.47010,0.02110,70,0,0,1524,4,0,0,0,0,7005,0
215,6.40980,0.74980,4.08110,1.54570,0.03210,15,0,0,1525,4,0,0,0,0,7037,0
216,6.58670,1.59230,3.40740,1.55850,0.02740,52,0,0,1529,4,0,0,0,0,7110,0
217,5.71700,0.76730,3.39630,1.52050,0.03210,11,0,0,1530,4,0,0,0,0,7210,0
218,6.88200,1.92900,3.44440,1.47870,0.02870,99,0,0,1536,4,0,0,0,0,7302,0
219,7.27820,2.06660,3.52920,1.64890,0.03170,123,0,0,1542,4,0,0,0,0,7330,0
220,5.94080,1.12420,3.18830,1.59540,0.03120,31,0,0,1544,4,0,0,0,0,7358,0
221,6.45480,1.30890,3.51660,1.60000,0.02830,42,0,0,1547,4,0,0,0,0,7363,0
222,6.10360,1.00960,3.61460,1.44970,0.02910,28,0,0,1549,4,0,0,0,0,7434,0
223,6.49220,1.00730,3.97190,1.47930,0.03270,24,0,0,1551,4,0,0,0,0,7470,0
224,6.64500,1.40640,3.72830,1.47880,0.03030,40,0,0,1555,4,0,0,0,0,7591,0
225,6.10090,1.05120,3.52230,1.49280,0.03360,34,0,0,1557,4,0,0,0,0,7681,0
226,8.41420,2.98310,3.78080,1.61690,0.03240,72,0,0,1561,4,0,0,0,0,7671,0
227,6.17070,0.73270,3.77780,1.62930,0.03010,22,0,0,1562,4,0,0,0,0,7750,0
228,6.82500,0.82270,4.34870,1.61460,0.03740,16,0,0,1563,4,0,0,0,0,7731,0
229,6.93200,1.48910,3.77350,1.63870,0.02980,110,0,0,1567,4,0,0,0,0,7814,0
230,6.91480,0.65990,4.48330,1.74290,0.02780,15,0,0,1568,4,0,0,0,0,7810,0
231,6.75790,1.31890,3.75950,1.63960,0.03910,62,0,0,1571,4,0,0,0,0,7855,0
232,6.05090,0.68700,3.69350,1.63960,0.02990,10,0,0,1572,4,0,0,0,0,7927,0
233,6.97150,1.75990,3.71800,1.46830,0.02430,100,0,0,1578,4,0,0,0,0,7890,0
234,6.91130,1.75190,3.58440,1.54320,0.03080,101,0,0,1585,4,0,0,0,0,7885,0
235,6.33830,1.05160,3.70460,1.55700,0.02430,52,0,0,1588,4,0,0,0,0,7945,0
236,5.98470,0.80300,3.63280,1.51870,0.02890,17,0,0,1590,4,0,0,0,0,7958,0
237,7.32770,1.88150,3.71070,1.70960,0.02470,95,0,0,1597,4,0,0,0,0,8033,0
238,6.00480,0.84770,3.65440,1.47460,0.02670,17,0,0,1599,4,0,0,0,0,8083,0
239,6.54850,1.38550,3.64940,1.48740,0.02500,52,0,0,1604,4,0,0,0,0,8132,0
240,5.89030,0.85310,3.47340,1.53580,0.02690,34,0,0,1606,4,0,0,0,0,8215,0
241,10.30020,3.67170,4.69600,1.89740,0.03340,90,0,0,1611,4,0,0,0,0,8225,0
242,7.89420,1.11250,4.85050,1.89900,0.03110,44,0,0,1614,4,0,0,0,0,8346,0
243,7.44680,1.63930,4.09840,1.68080,0.02730,83,0,0,1620,4,0,0,0,0,8359,0
244,7.72360,1.37170,4.61130,1.71760,0.02210,99,0,0,1624,4,0,0,0,0,8315,0
245,8.51100,1.51240,5.18460,1.78810,0.02460,82,0,0,1629,4,0,0,0,0,8423,0
246,7.77420,1.63290,4.44110,1.68080,0.01850,56,0,0,1634,4,0,0,0,0,8457,0
247,7.30630,1.33300,4.33500,1.61460,0.02260,63,0,0,1638,4,0,0,0,0,8518,0
248,7.72160,1.82960,4.18010,1.69170,0.01930,131,0,0,1645,4,0,0,0,0,8564,0
249,7.09550,1.14440,4.23650,1.69230,0.02150,48,0,0,1648,4,0,0,0,0,8588,0
250,6.74850,0.87450,4.18610,1.66390,0.02290,37,0,0,1650,4,0,0,0,0,8619,0
251,6.90400,1.32190,3.93200,1.62830,0.02100,77,0,0,1654,4,0,0,0,0,8671,0
252,7.92110,1.72450,4.46820,1.71020,0.01710,74,0,0,1660,4,0,1,1,0,8658,0
253,6.84670,1.05970,4.11910,1.64730,0.01960,88,0,0,1663,4,0,1,1,0,8646,0
254,7.59110,1.44680,4.42110,1.70230,0.01980,63,0,0,1668,4,0,1,1,0,8722,0
255,7.18190,1.38500,4.18340,1.58840,0.02380,74,0,0,1672,4,0,1,1,0,8751,0
256,9.50130,3.02960,4.46880,1.97820,0.02390,85,0,0,1677,4,0,1,1,0,8865,0
257,7.34620,1.71090,4.00890,1.58800,0.03730,102,0,0,1684,4,0,1,1,0,8874,0
258,6.52770,0.83610,4.04580,1.62330,0.02180,27,0,0,1686,4,0,1,1,0,8862,0
259,7.06530,1.39800,4.09740,1.54550,0.02330,62,0,0,1691,4,0,1,1,0,8901,0
260,7.72810,1.74030,4.34440,1.61610,0.02500,97,0,0,1698,4,0,1,1,0,8865,0
261,7.02430,1.45410,3.84920,1.69320,0.02690,66,0,0,1703,4,0,1,1,0,8936,0
262,6.30480,0.81840,3.80170,1.65690,0.02660,30,0,0,1705,4,0,1,1,0,9024,0
263,6.11150,0.89880,3.57610,1.60940,0.02620,31,0,0,1707,4,0,1,1,0,9046,0
264,6.19450,1.07770,3.53920,1.55220,0.02430,29,0,0,1710,4,0,1,1,0,9121,0
265,6.28040,0.85010,3.78440,1.62210,0.02300,37,0,0,1712,4,0,1,1,0,9061,0
266,6.26240,0.83230,3.83660,1.56310,0.02940,21,0,0,1714,4,0,1,1,0,9132,0
267,6.41540,1.15410,3.54050,1.69360,0.02630,40,0,0,1717,4,0,1,1,0,9083,0
268,7.09450,1.80450,3.58820,1.67350,0.02750,154,0,0,1724,4,0,1,1,0,9137,0
269,6.96950,1.25890,4.00320,1.65150,0.05480,37,0,0,1729,4,0,1,1,0,9144,0
270,6.84700,0.90540,4.21720,1.70010,0.02360,28,0,0,1731,4,0,2,2,0,9253,0
271,11.88620,4.50980,5.39190,1.94760,0.03580,107,0,0,1740,4,0,2,2,0,9217,0
272,7.84060,1.16330,4.73960,1.89970,0.03710,68,0,0,1743,4,0,2,2,0,9251,0
273,6.88290,0.89030,4.28360,1.68650,0.02130,20,0,0,1745,4,0,2,2,0,9264,0
274,7.67910,1.37900,4.58330,1.68870,0.02740,43,0,0,1749,4,0,2,2,0,9247,0
275,7.70720,1.12050,4.47260,2.08290,0.03030,53,0,0,1752,4,0,2,2,0,9303,0
276,7.80640,1.46730,4.48560,1.82070,0.03160,68,0,0,1757,4,0,2,2,0,9282,0
277,7.43140,1.11580,4.60150,1.68160,0.03130,42,0,0,1760,4,0,2,2,0,9264,0
278,7.48530,1.35560,4.30610,1.79080,0.03170,47,0,0,1764,4,0,2,2,0,9300,0
279,7.54700,1.15060,4.63950,1.71970,0.03610,52,0,0,1767,4,0,2,2,0,9322,0
280,7.05590,0.78410,4.57510,1.66610,0.02980,5,0,0,1768,4,0,2,2,0,9314,0
281,7.30170,1.16610,4.02560,2.08190,0.02700,44,0,0,1771,4,0,2,2,0,9320,0
282,7.00320,0.94880,4.47580,1.55630,0.02140,23,0,0,1773,4,0,2,2,0,9378,0
283,7.81320,2.15610,4.06010,1.56930,0.02630,163,0,0,1781,4,0,2,2,0,9356,0
284,6.79100,1.37820,3.76500,1.61620,0.03050,87,0,0,1786,4,0,2,2,0,9333,0
285,6.64060,1.37490,3.65310,1.59120,0.02060,57,0,0,1791,4,0,3,3,0,9394,0
286,8.96600,3.22540,4.06330,1.64990,0.02630,57,0,0,1796,4,0,3,3,0,9427,0
287,6.76950,1.49070,3.64730,1.60670,0.02360,64,0,0,1801,4,0,3,3,0,9408,0
288,7.15690,1.85800,3.73480,1.53920,0.02340,95,0,0,1807,4,0,3,2,0,9424,0
289,6.92080,1.66320,3.66040,1.56190,0.03400,96,0,0,1814,4,0,3,2,0,9348,0
290,6.79560,1.39340,3.84040,1.53290,0.02790,82,0,0,1819,4,0,3,2,0,9382,0
291,6.55220,1.19830,3.78180,1.53890,0.03210,42,0,0,1823,4,0,3,2,0,9416,0
292,6.62540,1.13790,3.90960,1.54730,0.02890,50,0,0,1827,4,0,3,2,0,9411,0
293,6.46220,0.96940,3.80440,1.66020,0.02730,25,0,0,1829,4,0,3,2,0,9394,0
294,6.38450,0.92120,3.84520,1.59270,0.02410,47,0,0,1831,4,0,3,2,0,9350,0
295,6.27710,0.43120,4.13360,1.68450,0.02710,0,0,0,1831,4,0,3,3,0,9298,0
296,7.04540,1.61070,3.83190,1.57380,0.02800,86,0,0,1836,4,0,3,3,0,9218,0
297,6.25240,0.79010,3.79940,1.63190,0.03010,11,0,0,1838,4,0,4,4,0,9193,0
298,7.01400,1.63170,3.75310,1.59690,0.03130,91,0,0,1844,4,0,4,3,0,9215,0
299,6.97950,1.56750,3.72320,1.66310,0.02390,93,0,0,1849,4,0,4,4,0,9159,0
300,7.18670,1.84170,3.64920,1.67050,0.02410,62,0,0,1855,4,0,4,4,0,9143,0
301,12.10980,3.96700,5.65400,2.45700,0.03030,82,0,0,1862,4,0,4,4,0,9056,0
302,7.50080,1.17400,4.68760,1.61620,0.02230,30,0,0,1865,4,0,4,4,0,9092,0
303,8.16160,2.05380,4.46640,1.61850,0.02180,122,0,0,1873,4,0,5,5,0,9138,0
304,7.43980,1.37330,4.45450,1.58220,0.02880,44,0,0,1876,4,0,6,6,0,9124,0
305,7.93110,1.73300,4.39950,1.77050,0.02670,83,0,0,1881,4,0,7,7,0,9098,0
306,7.94010,2.01990,4.26340,1.62550,0.02990,74,0,0,1887,4,0,8,8,0,9092,0
307,6.99410,1.23770,4.08750,1.63770,0.03010,51,0,0,1891,4,0,9,8,0,8986,0
308,6.62340,0.91110,4.14570,1.54380,0.02200,31,0,0,1893,4,0,10,9,0,9023,0
309,7.37730,1.48230,4.32190,1.54060,0.03170,95,0,0,1899,4,0,10,9,0,8993,0
310,6.82360,1.56230,3.72110,1.51620,0.02280,97,0,0,1904,4,0,10,8,0,9003,0
311,6.27770,1.00380,3.64070,1.60220,0.02960,28,0,0,1906,4,0,10,8,0,8958,0
312,6.18750,0.91010,3.74010,1.51320,0.02310,18,0,0,1908,4,0,11,9,0,8952,0
313,6.74720,1.35250,3.69360,1.67590,0.02400,60,0,0,1912,4,0,11,9,0,8875,0
314,6.37120,1.21940,3.53280,1.59170,0.02640,55,0,0,1916,4,0,12,10,0,8781,0
315,6.87560,1.02620,4.24280,1.58090,0.02490,48,0,0,1919,4,0,12,11,0,8639,0
316,8.24260,2.98080,3.66570,1.56860,0.02660,47,0,0,1923,4,0,12,11,0,8620,0
317,6.89530,0.84520,4.38980,1.63630,0.02300,14,0,0,1925,4,0,13,12,0,8583,0
318,7.33600,2.05880,3.63280,1.60650,0.03690,120,0,0,1933,4,0,14,13,0,8564,0
319,5.94040,0.85080,3.49250,1.56140,0.03480,30,0,0,1935,4,0,14,13,0,8504,0
320,6.70820,1.45130,3.66400,1.55680,0.03490,87,0,0,1940,4,0,14,13,0,8522,0
321,7.22360,1.47180,4.08610,1.63820,0.02630,72,0,0,1945,4,0,14,13,0,8499,0
322,6.07620,0.86860,3.66050,1.51900,0.02710,37,0,0,1947,4,0,14,13,0,8467,0
323,6.72570,1.49010,3.67370,1.53360,0.02730,57,0,0,1952,4,0,15,14,0,8396,0
324,7.86160,2.66780,3.68040,1.48450,0.02800,174,0,0,1965,4,0,15,14,0,8382,0
325,6.30070,1.02070,3.68450,1.56930,0.02520,56,0,0,1968,4,0,15,13,0,8354,0
326,6.39780,1.22670,3.61430,1.52570,0.02980,56,0,0,1971,4,0,16,15,0,8322,0
327,5.99350,0.85870,3.58710,1.51500,0.03190,31,0,0,1973,4,0,16,15,0,8247,0
328,6.65410,1.61560,3.63430,1.38110,0.02200,61,0,0,1978,4,0,17,16,0,8282,0
329,6.80190,1.51800,3.77420,1.48210,0.02630,70,0,0,1983,4,0,19,17,0,8278,0
330,6.36130,1.31850,3.57370,1.44170,0.02630,51,0,0,1988,4,0,19,16,0,8224,0
331,8.88860,2.66910,4.50120,1.67020,0.03700,18,0,0,1989,4,0,19,16,0,8225,0
332,8.20840,1.56720,4.42000,2.18910,0.03130,37,0,0,1992,4,0,19,15,0,8154,0
333,6.78820,0.79900,4.35420,1.61260,0.02130,17,0,0,1993,4,0,19,15,0,8154,0
334,7.12610,1.26290,4.31240,1.52800,0.02190,38,0,0,1996,4,0,19,15,0,8103,0
335,6.52830,0.70740,4.26950,1.52880,0.02160,11,0,0,1997,4,0,21,17,0,8071,0
336,8.08330,1.71280,4.23960,2.10690,0.02310,73,0,0,2002,4,0,24,21,0,8044,0
337,7.00780,1.30270,4.20860,1.47320,0.02220,57,0,0,2006,4,0,24,22,0,8000,0
338,6.82780,0.63540,4.21910,1.94740,0.02460,13,0,0,2007,4,0,24,21,0,8032,0
339,8.58990,2.33740,4.61080,1.62090,0.02000,118,0,0,2017,4,0,25,24,0,7931,0
340,7.26540,1.41090,4.25290,1.57830,0.02260,81,0,0,2022,4,0,26,24,0,7909,0
341,6.83570,1.06550,4.18180,1.56660,0.02060,56,0,0,2025,4,0,26,23,0,7832,0
342,7.06960,1.38590,4.18280,1.47740,0.02160,63,0,0,2029,4,0,27,25,0,7778,0
343,6.82180,1.53810,3.83250,1.43050,0.01980,63,0,0,2035,4,0,27,25,0,7690,0
344,6.14630,0.82400,3.89980,1.40210,0.01930,18,0,0,2037,4,0,29,27,0,7725,0
345,6.28550,1.07930,3.75950,1.42600,0.01950,42,0,0,2040,4,0,29,26,0,7715,0
346,8.00140,1.99310,4.10300,1.87560,0.02860,35,0,0,2044,4,0,29,27,0,7657,0
347,6.99620,1.59030,3.95530,1.42070,0.02890,61,0,0,2049,4,0,29,27,0,7558,0
348,6.68130,1.40820,3.80630,1.44460,0.02150,72,0,0,2054,4,0,29,26,0,7562,0
349,6.22230,0.63140,4.16650,1.39940,0.02430,10,0,0,2055,4,0,31,28,0,7492,0
350,6.15790,0.91140,3.77770,1.44640,0.02150,23,0,0,2057,4,0,31,27,0,7477,0
351,6.82700,1.39590,4.05670,1.34850,0.02480,53,0,0,2062,4,0,32,29,0,7367,0
352,6.34730,1.30860,3.63970,1.37400,0.02180,62,0,0,2067,4,0,33,29,0,7282,0
353,5.93980,0.88860,3.60320,1.42110,0.02590,36,0,0,2069,4,0,33,28,0,7220,0
354,6.70090,1.05570,4.16340,1.45940,0.02110,34,0,0,2072,4,0,34,29,0,7248,0
355,6.73110,1.42430,3.85610,1.42400,0.02560,82,0,0,2078,4,0,35,30,0,7198,0
356,5.71100,0.96810,3.35690,1.36420,0.02070,24,0,0,2081,4,0,36,31,0,7113,0
357,5.90930,1.24140,3.28840,1.35310,0.02550,49,0,0,2085,4,0,36,30,0,7098,0
358,5.75000,0.96800,3.27960,1.46900,0.03260,36,0,0,2088,4,0,36,29,0,6979,0
359,6.33670,1.24320,3.70960,1.35940,0.02360,45,0,0,2092,4,0,38,29,0,6938,0
360,5.66380,1.01810,3.26440,1.35530,0.02490,36,0,0,2095,4,0,40,33,0,6916,0
361,7.69630,2.80380,3.42450,1.43250,0.03340,51,0,0,2098,4,0,41,34,0,6874,0
362,6.86030,1.57240,3.89550,1.35920,0.03210,46,0,0,2102,4,0,41,34,0,6884,0
363,6.31350,1.65270,3.34630,1.28550,0.02760,68,0,0,2107,4,0,43,36,0,6863,0
364,5.56540,0.84400,3.22900,1.45160,0.03950,28,0,0,2108,4,0,43,36,0,6857,0
365,5.70670,1.00430,3.26530,1.40410,0.03210,27,0,0,2110,4,0,44,37,0,6825,0
366,5.88280,1.06810,3.43750,1.34420,0.03180,24,0,0,2113,4,0,45,37,0,6821,0
367,5.66090,0.85590,3.38250,1.39010,0.03180,17,0,0,2115,4,0,45,37,0,6721,0
368,5.45790,0.67320,3.28430,1.47310,0.02640,8,0,0,2116,4,0,45,36,0,6664,0
369,5.84330,1.18890,3.33330,1.29110,0.02910,36,0,0,2119,4,0,47,38,0,6592,0
370,5.20810,0.46700,3.27110,1.43750,0.03160,0,0,0,2119,4,0,49,39,0,6525,0
371,6.32930,1.21320,3.58350,1.50000,0.03170,36,0,0,2122,4,0,49,38,0,6493,0
372,6.05350,1.12200,3.49690,1.40000,0.03350,40,0,0,2125,4,0,50,40,0,6477,0
373,5.87760,0.69110,3.62760,1.52820,0.03000,16,0,0,2126,4,0,52,43,0,6531,0
374,6.79220,1.70970,3.27740,1.77630,0.02750,62,0,0,2131,4,0,52,42,0,6499,0
375,5.91850,1.32630,3.21860,1.34400,0.02870,37,0,0,2134,4,0,54,45,0,6405,0
376,7.28900,2.74340,3.26130,1.25160,0.03180,44,0,0,2137,4,0,54,44,0,6301,0
377,6.24350,1.15190,3.64580,1.41460,0.03020,32,0,0,2140,4,0,55,45,0,6289,0
378,5.86610,1.44050,3.16960,1.22880,0.02620,66,0,0,2145,4,0,55,45,0,6286,0
379,6.05810,0.59810,3.89690,1.53330,0.02880,5,0,0,2146,4,0,56,46,0,6266,0
380,6.01880,1.46270,3.27190,1.26170,0.02140,39,0,0,2151,4,0,61,52,0,6264,0
381,6.14900,1.60440,3.26540,1.25110,0.02680,38,0,0,2157,4,0,62,53,0,6261,0
382,5.79960,1.24320,3.27620,1.25130,0.02700,21,0,0,2160,4,0,63,53,0,6234,0
383,4.66390,0.43510,2.94740,1.25930,0.02120,0,0,0,2160,4,0,65,54,0,6120,0
384,5.30340,0.74980,3.17110,1.34860,0.03220,12,0,0,2161,4,0,67,55,0,6051,0
385,5.18550,0.50010,3.24100,1.40550,0.03750,0,0,0,2161,4,0,68,53,0,5984,0
386,5.29260,0.77380,3.23220,1.25890,0.02580,11,0,0,2162,4,0,69,54,0,5954,0
387,5.80410,1.58550,2.96200,1.22900,0.02630,43,0,0,2166,4,0,70,56,0,5873,0
388,5.30990,0.88370,3.20310,1.19850,0.02390,35,0,0,2168,4,0,73,60,0,5824,0
389,5.73330,1.46020,3.05800,1.18900,0.02510,56,0,0,2172,4,0,73,60,0,5800,0
390,5.41430,1.02850,3.15570,1.20600,0.02300,20,0,0,2175,4,0,75,62,0,5693,0
391,8.78760,3.45690,3.92080,1.35730,0.05100,101,0,0,2180,4,0,77,65,0,5667,0
392,6.62020,0.86920,4.42950,1.29520,0.02460,14,0,0,2182,4,0,77,65,0,5589,0
393,5.67800,0.96850,3.48350,1.19790,0.02730,34,0,0,2185,4,0,79,65,0,5562,0
394,5.99620,0.96540,3.75690,1.25220,0.02080,26,0,0,2188,4,0,79,63,0,5522,0
395,5.38610,0.58820,3.56350,1.20920,0.02440,8,0,0,2189,4,0,80,63,0,5475,0
396,6.63960,1.78160,3.66150,1.17230,0.02250,50,0,0,2194,4,0,80,65,0,5460,0
397,5.47310,0.46070,3.70900,1.26870,0.03340,0,0,0,2194,4,0,80,65,0,5456,0
398,5.83330,1.18460,3.35390,1.26470,0.02880,18,0,0,2196,4,0,87,74,0,5464,0
399,5.13210,0.48430,3.33910,1.26570,0.04150,0,0,0,2196,4,0,88,75,0,5433,0
400,6.62080,1.04300,4.30920,1.23950,0.02820,24,0,0,2198,4,0,89,76,0,5360,0
401,5.45920,0.89930,3.33220,1.20400,0.02280,15,0,0,2200,4,0,90,76,0,5295,0
402,5.89330,1.70770,2.96390,1.19420,0.02660,118,0,0,2203,5,0,90,75,0,5242,0
403,5.77560,1.04990,3.42460,1.26680,0.03360,27,0,0,2206,5,0,90,75,0,5185,0
404,5.39340,1.14920,2.96660,1.25460,0.02220,52,0,0,2210,5,0,92,76,0,5170,0
405,5.16210,0.97010,2.94850,1.21580,0.02700,26,0,0,2213,5,0,93,77,0,5116,0
406,7.79570,2.99110,3.37780,1.38580,0.03950,58,0,0,2218,5,0,96,80,0,5079,0
407,4.75180,0.59580,2.94220,1.19110,0.02190,5,0,0,2219,5,0,97,79,0,5033,0
408,5.37800,1.06500,3.08730,1.19880,0.02610,21,0,0,2222,5,0,99,82,0,5007,0
409,4.87270,0.75700,2.89110,1.19880,0.02490,24,0,0,2224,5,0,102,85,0,4999,0
410,4.68910,0.59400,2.87730,1.19200,0.02490,10,0,0,2225,5,0,102,85,0,4952,0
411,5.40690,1.06360,3.11660,1.20370,0.02210,34,0,0,2228,5,0,104,86,0,4996,0
412,4.78870,0.60580,2.96830,1.19030,0.02330,6,0,0,2229,5,0,109,91,0,4926,0
413,4.79330,0.64290,2.93430,1.19030,0.02500,10,0,0,2230,5,0,110,89,0,4911,0
414,4.49980,0.39310,2.86580,1.21020,0.03000,0,0,0,2230,5,0,111,89,0,4934,0
415,5.29290,0.87120,3.18190,1.21330,0.02590,24,0,0,2232,5,0,114,91,0,4896,0
416,4.35200,0.37620,2.83680,1.11190,0.02660,0,0,0,2232,5,0,118,97,0,4877,0
417,4.66950,0.62770,2.87880,1.13900,0.02310,5,0,0,2233,5,0,119,96,0,4853,0
418,4.89920,0.81810,2.84130,1.21570,0.02340,36,0,0,2235,5,0,122,98,0,4816,0
419,5.09100,0.99940,2.84990,1.21310,0.02760,35,0,0,2238,5,0,123,99,0,4796,0
420,4.68090,0.66930,2.80460,1.18210,0.02420,15,0,0,2240,5,0,123,98,0,4748,0
421,6.35360,2.10740,2.88000,1.33810,0.02630,11,0,0,2241,5,0,126,99,0,4678,0
422,5.48340,1.28860,2.83470,1.33420,0.02510,31,0,0,2244,5,0,127,97,0,4598,0
423,5.00450,0.39320,3.28970,1.29420,0.02660,0,0,0,2244,5,0,130,102,0,4571,0
424,5.00550,0.99290,2.80720,1.17570,0.02900,15,0,0,2247,5,0,136,111,0,4551,0
425,4.59850,0.66730,2.78170,1.12140,0.02710,27,0,0,2248,5,0,139,113,0,4561,0
426,5.04740,0.97630,2.80370,1.23750,0.02930,34,0,0,2251,5,0,142,114,0,4565,0
427,4.44730,0.59460,2.66800,1.15830,0.02560,7,0,0,2252,5,0,143,112,0,4528,0
428,4.73140,0.79330,2.78040,1.12800,0.02880,19,0,0,2254,5,0,146,112,0,4520,0
429,4.64420,0.62530,2.82540,1.16520,0.02720,8,0,0,2255,5,0,147,115,0,4507,0
430,4.56810,0.59020,2.75820,1.19050,0.02860,34,0,0,2256,5,0,148,117,0,4494,0
431,4.35160,0.38810,2.78040,1.13510,0.04710,0,0,0,2256,5,0,149,120,0,4513,0
432,4.82310,0.82490,2.85640,1.11430,0.02670,15,0,0,2258,5,0,151,120,0,4514,0
433,4.74960,0.82740,2.74540,1.15090,0.02520,30,0,0,2260,5,0,152,123,0,4497,0
434,4.77010,0.84060,2.76830,1.13420,0.02640,29,0,0,2262,5,0,153,122,0,4451,0
435,4.56880,0.59360,2.76890,1.17540,0.03010,8,0,0,2263,5,0,154,124,0,4397,0
436,6.32520,2.39940,2.77900,1.11550,0.03060,24,0,0,2266,5,0,155,124,0,4363,0
437,4.75950,0.79190,2.74060,1.20010,0.02610,21,0,0,2268,5,0,155,122,0,4331,0
438,4.38040,0.53090,2.74150,1.08480,0.02220,4,0,0,2269,5,0,159,127,0,4258,0
439,4.64520,0.71380,2.79560,1.10570,0.02940,11,0,0,2271,5,0,161,129,0,4237,0
440,4.84050,0.98520,2.76100,1.06430,0.02920,42,0,0,2274,5,0,163,132,0,4267,0
441,4.59100,0.78290,2.72410,1.05580,0.02740,26,0,0,2276,5,0,164,134,0,4224,0
442,4.35660,0.40760,2.67910,1.24150,0.02770,0,0,0,2276,5,0,164,133,0,4214,0
443,4.49090,0.41490,2.82550,1.21210,0.03740,0,0,0,2276,5,0,168,134,0,4183,0
444,5.37860,0.77690,3.27540,1.29440,0.03090,14,0,0,2278,5,0,171,139,0,4160,0
445,4.79620,0.93580,2.72130,1.11520,0.02300,41,0,0,2280,5,0,174,142,0,4170,0
446,4.16940,0.38200,2.67760,1.08570,0.02350,0,0,0,2280,5,0,176,143,0,4132,0
447,4.43030,0.62640,2.69370,1.08870,0.02080,16,0,0,2281,5,0,183,149,0,4163,0
448,4.54030,0.64360,2.70890,1.16120,0.02590,9,0,0,2282,5,0,184,149,0,4097,0
449,4.78030,0.87180,2.80160,1.08290,0.02310,21,0,0,2284,5,0,186,150,0,4115,0
450,5.33920,0.82820,3.08670,1.38920,0.03420,13,0,0,2286,5,0,189,150,0,4042,0
451,8.77780,2.29350,5.25630,1.20250,0.02440,7,0,0,2287,5,0,192,155,0,3984,0
452,8.65980,1.03470,6.24800,1.34870,0.02750,21,0,0,2289,5,0,195,156,0,3914,0
453,6.16190,0.45670,4.47680,1.20930,0.01830,0,0,0,2289,5,0,200,162,0,3880,0
454,7.29900,1.45430,4.63640,1.18720,0.02030,30,0,0,2292,5,0,203,163,0,3839,0
455,7.09190,1.14390,4.74560,1.18230,0.01940,61,0,0,2296,5,0,207,167,0,3870,0
456,5.78430,0.54790,4.09710,1.12360,0.01510,7,0,0,2297,5,0,210,173,0,3822,0
457,5.26120,0.44450,3.50040,1.28600,0.02960,0,0,0,2297,5,0,213,176,0,3797,0
458,5.84800,0.40970,4.26120,1.15880,0.01750,0,0,0,2297,5,0,214,172,0,3736,0
459,5.34780,0.60900,3.61150,1.10830,0.01810,6,0,0,2298,5,0,217,174,0,3720,0
460,5.33530,0.63430,3.49950,1.17910,0.02160,7,0,0,2299,5,0,222,181,0,3648,0
461,5.74890,1.00440,3.63040,1.06530,0.04790,25,0,0,2302,5,0,224,180,0,3609,0
462,5.76320,0.77890,3.76070,1.20030,0.02220,16,0,0,2303,5,0,227,185,0,3592,0
463,6.18880,1.43840,3.64040,1.09020,0.01850,32,0,0,2306,5,0,229,184,0,3568,0
464,6.02390,1.24990,3.61450,1.14080,0.01760,32,0,0,2309,5,0,229,185,0,3569,0
465,5.25930,0.62270,3.37410,1.24160,0.02000,5,0,0,2310,5,0,230,185,0,3588,0
466,6.52020,1.97180,3.39700,1.12980,0.02100,5,0,0,2311,5,0,234,192,0,3559,0
467,5.23130,0.93630,3.10250,1.17180,0.02000,30,0,0,2314,5,0,235,192,0,3576,0
468,4.58570,0.39370,3.12070,1.05080,0.01980,0,0,0,2314,5,0,243,200,0,3506,0
469,4.62920,0.41280,3.15480,1.04370,0.01710,0,0,0,2314,5,0,246,204,0,3483,0
470,5.13900,0.72370,3.25180,1.14380,0.01890,31,0,0,2316,5,0,247,201,0,3405,0
471,5.15850,0.89600,3.10950,1.13330,0.01860,15,0,0,2318,5,0,252,211,0,3401,0
472,4.54940,0.39620,3.07620,1.05880,0.01740,0,0,0,2318,5,0,256,211,0,3373,0
473,4.88380,0.57260,3.16410,1.12730,0.01890,9,0,0,2319,5,0,258,216,0,3370,0
474,4.69570,0.37950,3.13170,1.16160,0.02200,0,0,0,2319,5,0,259,217,0,3362,0
475,4.69900,0.59940,3.04930,1.03090,0.01860,3,0,0,2320,5,0,261,215,0,3335,0
476,4.64650,0.61420,2.98880,1.02610,0.01650,11,0,0,2321,5,0,264,219,0,3361,0
477,5.58230,0.59930,3.85270,1.10690,0.02250,17,0,0,2322,5,0,267,223,0,3357,0
478,5.37510,1.19060,3.06140,1.09910,0.01980,26,0,0,2325,5,0,269,225,0,3339,0
479,4.76360,0.79710,2.89050,1.05270,0.02250,26,0,0,2327,5,0,273,230,0,3334,0
480,4.44980,0.41540,2.93080,1.08490,0.01790,0,0,0,2327,5,0,278,234,0,3328,0
481,6.38890,2.34100,2.85800,1.16240,0.02600,6,0,0,2328,5,0,279,233,0,3303,0
482,4.77480,0.99230,2.72540,1.02160,0.03440,19,0,0,2330,5,0,285,240,0,3252,0
483,4.42490,0.58840,2.79160,1.01440,0.02970,6,0,0,2331,5,0,289,244,0,3226,0
484,4.58820,0.79240,2.80090,0.97220,0.02170,14,0,0,2333,5,0,289,242,0,3215,0
485,4.73880,0.80860,2.89140,1.01710,0.02080,33,0,0,2335,5,0,291,244,0,3160,0
486,4.64960,0.41330,3.13940,1.06900,0.02710,0,0,0,2335,5,0,293,246,0,3154,0
487,4.39280,0.56230,2.79390,1.01610,0.01980,5,0,0,2336,5,0,298,252,0,3137,0
488,4.26470,0.53620,2.71990,0.98450,0.02340,4,0,0,2337,5,0,302,257,0,3110,0
489,4.25520,0.42490,2.78710,1.02440,0.01820,0,0,0,2337,5,0,302,253,0,3076,0
490,4.15430,0.37060,2.77150,0.99100,0.02060,0,0,0,2337,5,0,305,253,0,3032,0
491,4.31750,0.58840,2.69750,1.00580,0.02500,6,0,0,2338,5,0,307,260,0,3012,0
492,4.25250,0.39590,2.85000,0.97900,0.02680,0,0,0,2338,5,0,308,258,0,2990,0
493,4.27860,0.61440,2.66440,0.97180,0.02710,5,0,0,2339,5,0,310,263,0,2972,0
494,4.37600,0.60770,2.66330,1.08410,0.02000,15,0,0,2340,5,0,316,269,0,2949,0
495,4.39210,0.63210,2.73970,0.99810,0.02150,38,0,0,2341,5,0,321,273,0,2910,0
496,5.72180,1.84730,2.79930,1.05310,0.02130,0,0,0,2341,5,0,324,273,0,2901,0
497,4.73400,0.56440,3.03220,1.09730,0.03910,4,0,0,2342,5,0,325,273,0,2882,0
498,4.31610,0.56700,2.65530,1.06930,0.02370,6,0,0,2343,5,0,327,279,0,2913,0
499,4.27830,0.56940,2.69100,0.96460,0.05250,8,0,0,2344,5,0,331,280,0,2904,0
500,5.00580,0.77100,3.07550,1.13180,0.02690,33,0,0,2346,5,0,337,289,0,2871,0
501,4.38810,0.71020,2.60980,1.04600,0.02110,23,0,0,2348,5,0,342,292,0,2834,0
502,5.46520,0.38230,4.06590,0.99480,0.02150,0,0,0,2348,5,0,343,289,0,2801,0
503,4.42950,0.76340,2.64310,0.98900,0.03310,17,0,0,2350,5,0,346,295,0,2791,0
504,4.18750,0.58320,2.59700,0.98560,0.02100,12,0,0,2351,5,0,351,299,0,2776,0
505,4.31570,0.36970,2.86430,1.05990,0.02110,0,0,0,2351,5,0,356,304,0,2792,0
506,5.02330,0.89890,3.01420,1.08440,0.02500,15,0,0,2354,5,0,358,306,0,2766,0
507,3.97490,0.37710,2.60240,0.96910,0.02560,0,0,0,2354,5,0,360,308,0,2755,0
508,4.68590,0.77080,2.84580,1.04910,0.01930,10,0,0,2356,5,0,364,313,0,2741,0
509,4.35200,0.64380,2.65760,1.01110,0.03790,15,0,0,2357,5,0,368,314,0,2754,0
510,4.96490,1.23020,2.64330,1.06680,0.02340,44,0,0,2360,5,0,372,321,0,2730,0
511,7.33980,1.91980,4.38690,1.00810,0.02370,0,0,0,2360,5,0,379,330,0,2690,0
512,8.10420,0.96460,5.97420,1.14850,0.01610,12,0,0,2362,5,0,382,332,0,2699,0
513,7.76910,1.06230,5.50950,1.17840,0.01790,17,0,0,2364,5,0,390,339,0,2717,0
514,6.49460,0.39170,4.98190,1.04310,0.07720,0,0,0,2364,5,0,393,341,0,2700,0
515,4.94560,0.40970,3.50980,1.00340,0.02190,0,0,0,2364,5,0,397,348,0,2674,0
516,5.63870,0.75070,3.79840,1.06990,0.01890,22,0,0,2366,5,0,401,354,0,2644,0
517,5.42970,0.36110,4.01250,1.03620,0.01900,0,0,0,2366,5,0,401,357,0,2642,0
518,5.14650,0.54160,3.59050,0.99530,0.01840,4,0,0,2367,5,0,402,356,0,2606,0
519,5.33400,0.60120,3.70930,1.00710,0.01550,8,0,0,2368,5,0,405,362,0,2594,0
520,4.92270,0.38140,3.49510,1.02030,0.02520,0,0,0,2368,5,0,407,363,0,2579,0
521,5.05730,0.56870,3.48380,0.98820,0.01560,3,0,0,2369,5,0,409,367,0,2537,0
522,4.80840,0.37600,3.38110,1.02850,0.02210,0,0,0,2369,5,0,414,370,0,2519,0
523,4.72480,0.40210,3.36360,0.93720,0.02110,0,0,0,2369,5,0,418,376,0,2505,0
524,4.40670,0.42500,2.97120,0.99390,0.01610,0,0,0,2369,5,0,422,375,0,2504,0
525,5.59140,0.85470,3.31080,1.40520,0.02000,43,0,0,2371,5,0,427,380,0,2491,0
526,5.97640,1.90520,3.04280,1.01010,0.01760,0,0,0,2371,5,0,431,382,0,2474,0
527,5.31510,0.88400,3.02790,1.38460,0.01810,32,0,0,2373,5,0,437,392,0,2466,0
528,4.62120,0.70160,2.94480,0.95670,0.01740,9,0,0,2375,5,0,441,394,0,2436,0
529,5.16940,0.53450,3.63140,0.98130,0.02140,7,0,0,2376,5,0,443,397,0,2411,0
530,4.44000,0.39200,3.06360,0.96460,0.01900,0,0,0,2376,5,0,449,401,0,2435,0
531,4.80700,0.54780,3.26180,0.97830,0.01850,7,0,0,2377,5,0,452,404,0,2462,0
532,4.40650,0.37400,3.01830,0.99260,0.02080,0,0,0,2377,5,0,454,409,0,2442,0
533,4.28450,0.40310,2.93690,0.92620,0.01760,0,0,0,2377,5,0,461,413,0,2407,0
534,4.67410,0.76300,2.92380,0.94450,0.04200,13,0,0,2379,5,0,462,413,0,2394,0
535,4.48780,0.58810,2.96410,0.91520,0.01980,6,0,0,2380,5,0,467,419,0,2378,0
536,4.25010,0.37660,2.92270,0.93120,0.01870,0,0,0,2380,5,0,469,420,0,2363,0
537,4.41880,0.58050,2.90290,0.91600,0.01870,19,0,0,2381,5,0,475,425,0,2369,0
538,4.26820,0.37580,2.96550,0.90760,0.01880,0,0,0,2381,5,0,479,428,0,2350,0
539,4.24210,0.39640,2.91810,0.90770,0.01920,0,0,0,2381,5,0,480,427,0,2334,0
540,4.25390,0.39050,2.86590,0.97880,0.01800,0,0,0,2381,5,0,480,422,0,2349,0
541,6.18160,2.35610,2.91220,0.86020,0.05100,9,0,0,2383,5,0,482,426,0,2325,0
542,4.60380,0.63390,2.90080,1.04510,0.02320,6,0,0,2384,5,0,484,428,0,2299,0
543,4.49030,0.62390,2.93270,0.90880,0.02420,3,0,0,2385,5,0,488,434,0,2284,0
544,4.52640,0.75810,2.78690,0.96030,0.02040,9,0,0,2387,5,0,492,439,0,2267,0
545,4.44100,0.75210,2.74830,0.91630,0.02340,40,0,0,2389,5,0,495,443,0,2262,0
546,4.34970,0.53980,2.87740,0.91010,0.02150,7,0,0,2390,5,0,497,443,0,2274,0
547,4.21250,0.36930,2.90030,0.91490,0.02710,0,0,0,2390,5,0,502,447,0,2276,0
548,3.97700,0.36760,2.68950,0.89240,0.02690,0,0,0,2390,5,0,508,455,0,2237,0
549,4.12380,0.53830,2.65830,0.90510,0.02140,6,0,0,2391,5,0,514,460,0,2217,0
550,4.08060,0.36060,2.69880,0.99540,0.02510,0,0,0,2391,5,0,518,460,0,2200,0
551,4.06870,0.36240,2.73080,0.94450,0.03000,0,0,0,2391,5,0,521,466,0,2203,0
552,3.99190,0.38040,2.65520,0.93780,0.01770,0,0,0,2391,5,0,524,467,0,2194,0
553,4.21720,0.38190,2.77010,1.03940,0.02490,0,0,0,2391,5,0,524,465,0,2203,0
554,4.22930,0.57170,2.74100,0.89560,0.02020,7,0,0,2392,5,0,528,469,0,2176,0
555,3.98880,0.34190,2.71330,0.90860,0.02420,0,0,0,2392,5,0,529,468,0,2152,0
556,5.35930,1.74700,2.71350,0.87500,0.02320,0,0,0,2392,5,0,530,470,0,2146,0
557,4.11440,0.56740,2.63560,0.88950,0.02120,6,0,0,2393,5,0,531,470,0,2162,0
558,4.01550,0.55670,2.58740,0.85120,0.01950,6,0,0,2394,5,0,535,476,0,2149,0
559,4.01490,0.54180,2.58120,0.86940,0.02150,7,0,0,2395,5,0,539,477,0,2137,0
560,3.97520,0.51360,2.56860,0.86630,0.02610,2,0,0,2396,5,0,540,479,0,2157,0
561,4.25500,0.53960,2.72940,0.96420,0.02100,6,0,0,2397,5,0,542,481,0,2143,0
562,4.26200,0.77930,2.59580,0.86240,0.02400,15,0,0,2399,5,0,544,484,0,2143,0
563,4.25690,0.66760,2.56350,1.00110,0.02380,13,0,0,2401,5,0,548,493,0,2139,0
564,4.15770,0.62100,2.59700,0.91610,0.02260,6,0,0,2402,5,0,551,494,0,2131,0
565,3.89020,0.36620,2.58580,0.91140,0.02580,0,0,0,2402,5,0,557,499,0,2132,0
566,4.06270,0.59970,2.55890,0.88540,0.01780,5,0,0,2403,5,0,560,500,0,2120,0
567,3.83670,0.34640,2.60780,0.85900,0.02280,0,0,0,2403,5,0,563,501,0,2118,0
568,3.84810,0.35910,2.55430,0.90850,0.02490,0,0,0,2403,5,0,566,506,0,2094,0
569,3.85610,0.35590,2.60490,0.87120,0.02340,0,0,0,2403,5,0,568,506,0,2087,0
570,3.91290,0.35370,2.54380,0.99110,0.02350,0,0,0,2403,5,0,574,513,0,2081,0
571,5.49490,1.89300,2.62760,0.94590,0.02660,0,0,0,2403,5,0,582,522,0,2067,0
572,4.09780,0.63520,2.51860,0.91550,0.02770,6,0,0,2404,5,0,584,524,0,2058,0
573,3.87760,0.37670,2.54680,0.92790,0.02540,0,0,0,2404,5,0,588,525,0,2064,0
574,4.19900,0.60040,2.57160,1.00020,0.02600,7,0,0,2405,5,0,590,526,0,2079,0
575,3.99220,0.56390,2.53270,0.86870,0.02610,2,0,0,2406,5,0,593,533,0,2073,0
576,4.10060,0.56510,2.57360,0.93640,0.02480,5,0,0,2407,5,0,594,539,0,2063,0
577,4.21130,0.73830,2.50610,0.94150,0.02480,10,0,0,2409,5,0,597,546,0,2061,0
578,3.74130,0.32820,2.53350,0.85500,0.02380,0,0,0,2409,5,0,599,540,0,2055,0
579,3.90760,0.52480,2.52610,0.83590,0.02010,6,0,0,2410,5,0,603,547,0,2057,0
580,3.82440,0.34980,2.56650,0.88430,0.02290,0,0,0,2410,5,0,606,552,0,2044,0
581,3.95390,0.54870,2.52640,0.85350,0.02470,6,0,0,2411,5,0,609,553,0,2047,0
582,3.97810,0.37970,2.67790,0.89580,0.02400,0,0,0,2411,5,0,614,564,0,2032,0
583,3.90690,0.36250,2.52490,0.99350,0.02530,0,0,0,2411,5,0,617,566,0,2037,0
584,3.90070,0.56260,2.45320,0.86240,0.02170,21,0,0,2412,5,0,622,573,0,2030,0
585,4.19870,0.69580,2.55530,0.92330,0.02350,12,0,0,2414,5,0,623,577,0,2036,0
586,5.39400,1.88810,2.56650,0.91760,0.02090,6,0,0,2415,5,0,624,575,0,2030,0
587,3.72640,0.29940,2.49660,0.90690,0.02280,0,0,0,2415,5,0,626,577,0,2015,0
588,3.60100,0.34100,2.38400,0.85430,0.02080,0,0,0,2415,5,0,631,583,0,2007,0
589,3.78100,0.34740,2.52360,0.88740,0.02190,0,0,0,2415,5,0,637,591,0,1980,0
590,3.87720,0.50810,2.47750,0.86460,0.02630,4,0,0,2416,5,0,638,590,0,1976,0
591,3.63370,0.31820,2.44190,0.85210,0.02090,0,0,0,2416,5,0,643,593,0,1968,0
592,3.64930,0.34760,2.39110,0.88620,0.02350,0,0,0,2416,5,0,645,595,0,1977,0
593,3.67680,0.32980,2.41640,0.90810,0.02160,0,0,0,2416,5,0,650,606,0,1970,0
594,3.61740,0.35220,2.35110,0.89250,0.02100,0,0,0,2416,5,0,653,609,0,1958,0
595,3.62540,0.34830,2.44680,0.80430,0.02540,0,0,0,2416,5,0,656,609,0,1955,0
596,3.68400,0.35760,2.40860,0.89660,0.02040,0,0,0,2416,5,0,658,612,0,1959,0
597,3.70730,0.49990,2.37450,0.81290,0.01920,6,0,0,2417,5,0,660,614,0,1960,0
598,3.52800,0.33170,2.33630,0.82630,0.03310,0,0,0,2417,5,0,665,620,0,1966,0
599,3.81440,0.55470,2.34760,0.87600,0.03530,21,0,0,2418,5,0,668,623,0,1971,0
600,3.80050,0.49940,2.35290,0.92570,0.02200,4,0,0,2419,5,0,669,625,0,1964,0
601,8.75870,2.17900,5.62010,0.93600,0.02240,6,0,0,2420,5,0,672,626,0,1961,0
602,6.11150,0.33940,4.69670,1.04900,0.02570,0,0,0,2420,5,0,675,626,0,1957,0
603,5.25210,0.33460,4.02910,0.86890,0.01860,0,0,0,2420,5,0,677,628,0,1960,0
604,5.53590,0.68630,3.94570,0.88520,0.01780,5,0,0,2421,5,0,681,634,0,1967,0
605,5.36630,0.68350,3.81970,0.83980,0.02230,6,0,0,2422,5,0,683,635,0,1954,0
606,5.38060,0.34130,4.02060,0.99230,0.02510,0,0,0,2422,5,0,685,639,0,1948,0
607,3.97580,0.35550,2.76440,0.83460,0.01940,0,0,0,2422,5,0,688,642,0,1933,0
608,4.73960,0.37020,3.51670,0.82730,0.02410,0,0,0,2422,5,0,691,646,0,1924,0
609,4.26290,0.38230,2.99960,0.86180,0.01790,0,0,0,2422,5,0,694,649,0,1914,0
610,3.95770,0.34670,2.63470,0.94940,0.02570,0,0,0,2422,5,0,695,653,0,1914,0
611,3.99520,0.35390,2.78930,0.82080,0.03000,0,0,0,2422,5,0,696,653,0,1916,0
612,4.19860,0.34430,2.81870,1.00630,0.02790,0,0,0,2422,5,0,700,656,0,1923,0
613,5.43440,0.64060,3.89170,0.87130,0.02920,5,0,0,2423,5,0,704,659,0,1938,0
614,3.89450,0.36200,2.66360,0.84330,0.02480,0,0,0,2423,5,0,706,664,0,1934,0
615,4.03370,0.59240,2.59070,0.82900,0.02080,8,0,0,2424,5,0,711,669,0,1920,0
616,5.68210,2.21650,2.53600,0.90190,0.02700,6,0,0,2425,5,0,715,673,0,1916,0
617,4.59750,0.33070,3.39980,0.84060,0.02570,0,0,0,2425,5,0,715,670,0,1917,0
618,3.57260,0.30810,2.40170,0.83870,0.02320,0,0,0,2425,5,0,718,674,0,1919,0
619,4.22600,0.67020,2.68660,0.84430,0.02410,5,0,0,2426,5,0,720,674,0,1914,0
620,3.64930,0.31980,2.49210,0.81270,0.02380,0,0,0,2426,5,0,724,681,0,1902,0
621,3.67140,0.30890,2.44950,0.88010,0.03210,0,0,0,2426,5,0,725,678,0,1893,0
622,3.50380,0.31410,2.32810,0.83940,0.02140,0,0,0,2426,5,0,727,681,0,1895,0
623,3.83690,0.57720,2.37700,0.83690,0.04490,4,0,0,2427,5,0,731,688,0,1896,0
624,3.76070,0.59390,2.33410,0.80740,0.02460,7,0,0,2428,5,0,734,690,0,1885,0
625,3.59350,0.29420,2.39430,0.86530,0.03870,0,0,0,2428,5,0,735,694,0,1870,0
626,3.59580,0.30710,2.44430,0.82120,0.02250,0,0,0,2428,5,0,736,693,0,1860,0
627,3.92240,0.32940,2.63660,0.92320,0.03210,0,0,0,2428,5,0,742,698,0,1847,0
628,3.71150,0.33360,2.47890,0.87110,0.02680,0,0,0,2428,5,0,744,702,0,1851,0
629,3.66420,0.30210,2.44330,0.88720,0.03050,0,0,0,2428,5,0,745,702,0,1850,0
630,3.58240,0.31860,2.32120,0.91310,0.02730,0,0,0,2428,5,0,748,704,0,1843,0
631,5.17450,1.95270,2.39770,0.79580,0.02630,0,0,0,2428,5,0,752,704,0,1844,0
632,3.48110,0.33390,2.30790,0.81080,0.02780,0,0,0,2428,5,0,754,705,0,1835,0
633,3.50780,0.32800,2.35680,0.79580,0.02640,0,0,0,2428,5,0,755,707,0,1817,0
634,3.46990,0.29420,2.31550,0.82900,0.03040,0,0,0,2428,5,0,755,708,0,1811,0
635,3.42420,0.28390,2.29520,0.81790,0.02630,0,0,0,2428,5,0,756,710,0,1808,0
636,3.37350,0.31700,2.22470,0.80240,0.02870,0,0,0,2428,5,0,756,712,0,1800,0
637,3.47430,0.31360,2.30940,0.82190,0.02870,0,0,0,2428,5,0,759,718,0,1786,0
638,3.50620,0.31440,2.30720,0.85560,0.02830,0,0,0,2428,5,0,762,720,0,1791,0
639,3.73260,0.54240,2.27520,0.87800,0.03620,7,0,0,2429,5,0,764,726,0,1799,0
640,3.59730,0.52510,2.25510,0.77880,0.03750,4,0,0,2430,5,0,765,724,0,1803,0
641,3.52700,0.33500,2.35660,0.80790,0.02690,0,0,0,2430,5,0,766,722,0,1789,0
642,3.38180,0.29000,2.26620,0.79800,0.02670,0,0,0,2430,5,0,770,724,0,1792,0
643,3.75190,0.32230,2.55710,0.84420,0.02730,0,0,0,2430,5,0,772,733,0,1796,0
644,3.54970,0.37160,2.30730,0.84200,0.02800,0,0,0,2430,5,0,775,736,0,1803,0
645,3.43370,0.29510,2.31660,0.79410,0.02700,0,0,0,2430,5,0,775,736,0,1793,0
646,5.36980,2.10910,2.37620,0.85620,0.02750,2,0,0,2431,5,0,776,739,0,1786,0
647,3.55220,0.31810,2.25230,0.95010,0.03070,0,0,0,2431,5,0,781,745,0,1776,0
648,3.38840,0.28960,2.24210,0.82780,0.02790,0,0,0,2431,5,0,784,747,0,1775,0
649,3.37100,0.29980,2.27020,0.77310,0.02700,0,0,0,2431,5,0,786,747,0,1767,0
650,3.49740,0.32370,2.27970,0.86780,0.02520,0,0,0,2431,5,0,787,750,0,1753,0
651,3.51150,0.32820,2.30400,0.84680,0.03160,0,0,0,2431,5,0,788,751,0,1731,0
652,3.44140,0.31290,2.28820,0.80770,0.03170,0,0,0,2431,5,0,790,754,0,1720,0
653,3.54250,0.29870,2.32880,0.88150,0.03250,0,0,0,2431,5,0,792,752,0,1713,0
654,3.74320,0.55070,2.31870,0.83490,0.03750,4,0,0,2432,5,0,792,753,0,1708,0
655,3.40320,0.28540,2.24490,0.84040,0.03150,0,0,0,2432,5,0,793,753,0,1696,0
656,3.61550,0.30210,2.43120,0.84810,0.03300,0,0,0,2432,5,0,797,758,0,1700,0
657,3.38260,0.29640,2.21430,0.83450,0.03650,0,0,0,2432,5,0,797,760,0,1690,0
658,3.44630,0.29380,2.22090,0.89370,0.03710,0,0,0,2432,5,0,801,763,0,1699,0
659,3.39400,0.28610,2.22030,0.82280,0.06390,0,0,0,2432,5,0,804,768,0,1686,0
660,3.33180,0.28200,2.21860,0.79640,0.03390,0,0,0,2432,5,0,806,770,0,1681,0
661,7.03430,2.58170,3.56310,0.86960,0.01860,6,0,0,2434,5,0,808,772,0,1690,0
662,4.40960,0.28360,3.23520,0.85670,0.03310,0,0,0,2434,5,0,811,777,0,1699,0
663,5.15990,0.35810,3.93150,0.84440,0.02470,0,0,0,2434,5,0,811,773,0,1709,0
664,3.81220,0.30020,2.64100,0.84090,0.02900,0,0,0,2434,5,0,815,780,0,1695,0
665,4.08520,0.28390,2.91610,0.85090,0.03330,0,0,0,2434,5,0,819,782,0,1703,0
666,4.12810,0.27670,2.99560,0.82190,0.03300,0,0,0,2434,5,0,820,784,0,1705,0
667,3.66020,0.27170,2.50250,0.84680,0.03810,0,0,0,2434,5,0,821,788,0,1701,0
668,3.80650,0.28920,2.70520,0.77200,0.03900,0,0,0,2434,5,0,824,787,0,1702,0
669,3.97640,0.54410,2.47880,0.91160,0.04110,4,0,0,2435,5,0,824,790,0,1689,0
670,3.47290,0.30350,2.32890,0.81040,0.02950,0,0,0,2435,5,0,826,787,0,1692,0
671,4.52780,0.30650,3.31920,0.87470,0.02640,0,0,0,2435,5,0,828,791,0,1689,0
672,3.62550,0.28950,2.52090,0.78450,0.02970,0,0,0,2435,5,0,829,793,0,1681,0
673,3.50360,0.28610,2.38930,0.80000,0.02740,0,0,0,2435,5,0,834,796,0,1681,0
674,3.66820,0.29390,2.37340,0.96790,0.03220,0,0,0,2435,5,0,834,797,0,1681,0
675,3.50540,0.30490,2.32070,0.84930,0.02950,0,0,0,2435,5,0,835,797,0,1686,0
676,5.36990,1.97830,2.57000,0.79030,0.03070,4,0,0,2436,5,0,837,800,0,1688,0
677,3.48570,0.30300,2.32860,0.82480,0.02800,0,0,0,2436,5,0,838,801,0,1685,0
678,3.43610,0.29240,2.27430,0.83980,0.02830,0,0,0,2436,5,0,841,803,0,1701,0
679,3.49170,0.32440,2.22050,0.91020,0.03560,0,0,0,2436,5,0,841,806,0,1698,0
680,3.40080,0.28900,2.26290,0.82130,0.02670,0,0,0,2436,5,0,844,809,0,1698,0
681,3.57290,0.29580,2.27690,0.96690,0.03260,0,0,0,2436,5,0,844,812,0,1696,0
682,3.38120,0.27110,2.31800,0.76510,0.02630,0,0,0,2436,5,0,845,812,0,1691,0
683,3.33400,0.29410,2.23210,0.78180,0.02540,0,0,0,2436,5,0,847,814,0,1691,0
684,3.53460,0.27940,2.27840,0.93550,0.04040,0,0,0,2436,5,0,852,820,0,1692,0
685,4.08690,0.83380,2.31770,0.90790,0.02660,17,0,0,2438,5,0,853,823,0,1711,0
686,3.55060,0.29260,2.30640,0.92000,0.03080,0,0,0,2438,5,0,855,825,0,1692,0
687,3.33880,0.28140,2.25740,0.77190,0.02730,0,0,0,2438,5,0,856,827,0,1691,0
688,3.34500,0.28720,2.24920,0.78190,0.02580,0,0,0,2438,5,0,859,834,0,1696,0
689,3.41260,0.24770,2.32720,0.81320,0.02380,0,0,0,2438,5,0,860,831,0,1700,0
690,3.40720,0.31040,2.28430,0.78500,0.02660,0,0,0,2438,5,0,860,832,0,1699,0
691,5.27800,1.75120,2.47950,0.99860,0.04670,0,0,0,2438,5,0,861,833,0,1699,0
692,3.54890,0.31040,2.29610,0.91510,0.02650,0,0,0,2438,5,0,864,837,0,1704,0
693,3.39280,0.28820,2.27790,0.80090,0.02520,0,0,0,2438,5,0,864,840,0,1702,0
694,3.38710,0.25990,2.32630,0.77730,0.02290,0,0,0,2438,5,0,864,837,0,1688,0
695,3.35870,0.28620,2.25530,0.79020,0.02610,0,0,0,2438,5,0,864,837,0,1688,0
696,3.40210,0.28820,2.32500,0.76010,0.02810,0,0,0,2438,5,0,864,838,0,1688,0
697,3.62790,0.29190,2.31340,0.98550,0.03640,0,0,0,2438,5,0,865,837,0,1674,0
698,3.32150,0.29430,2.23910,0.76160,0.02580,0,0,0,2438,5,0,866,839,0,1681,0
699,3.39880,0.28980,2.24860,0.83600,0.02380,0,0,0,2438,5,0,869,841,0,1673,0
700,3.71230,0.55360,2.31090,0.82460,0.02260,6,0,0,2439,5,0,870,841,0,1668,0
701,3.40610,0.29540,2.27690,0.81170,0.02140,0,0,0,2439,5,0,871,845,0,1670,0
702,3.61290,0.28870,2.36530,0.93090,0.02710,0,0,0,2439,5,0,872,848,0,1664,0
703,3.62230,0.28000,2.40320,0.90480,0.03330,0,0,0,2439,5,0,873,847,0,1663,0
704,3.52620,0.28860,2.45440,0.75500,0.02750,0,0,0,2439,5,0,875,849,0,1664,0
705,3.21740,0.27690,2.15350,0.75870,0.02760,0,0,0,2439,5,0,877,856,0,1653,0
706,5.12110,1.75400,2.37410,0.96690,0.02520,0,0,0,2439,5,0,878,855,0,1649,0
707,3.28930,0.28230,2.23380,0.74510,0.02730,0,0,0,2439,5,0,882,858,0,1649,0
708,3.46820,0.31170,2.34990,0.78120,0.02470,0,0,0,2439,5,0,882,861,0,1646,0
709,3.38490,0.29000,2.28740,0.78060,0.02640,0,0,0,2439,5,0,883,864,0,1648,0
710,3.39400,0.27210,2.22980,0.86190,0.02950,0,0,0,2439,5,0,886,867,0,1646,0
711,3.33670,0.29230,2.25010,0.76970,0.02400,0,0,0,2439,5,0,888,871,0,1646,0
712,3.26120,0.26180,2.18890,0.78780,0.02200,0,0,0,2439,5,0,891,874,0,1636,0
713,3.34430,0.25630,2.27670,0.78740,0.02330,0,0,0,2439,5,0,893,875,0,1646,0
714,3.36840,0.23720,2.33160,0.77530,0.02350,0,0,0,2439,5,0,898,883,0,1646,0
715,3.26250,0.26060,2.21270,0.76650,0.02170,0,0,0,2439,5,0,898,884,0,1642,0
716,3.36940,0.27650,2.21810,0.85060,0.02350,0,0,0,2439,5,0,900,885,0,1633,0
717,3.27450,0.28040,2.16220,0.81040,0.02100,0,0,0,2439,5,0,900,886,0,1633,0
718,3.20490,0.26110,2.15440,0.76570,0.02300,0,0,0,2439,5,0,902,888,0,1638,0
719,3.30700,0.27150,2.20070,0.80890,0.02520,0,0,0,2439,5,0,904,890,0,1649,0
720,3.26100,0.26940,2.21220,0.75390,0.02470,0,0,0,2439,5,0,906,893,0,1641,0
721,7.19320,2.17610,4.03530,0.91130,0.06940,0,0,0,2439,5,0,908,893,0,1637,0
722,5.77410,0.67270,4.20490,0.87340,0.02250,5,0,0,2440,5,0,908,894,0,1631,0
723,5.45620,0.22600,4.32790,0.87880,0.02290,0,0,0,2440,5,0,910,893,0,1633,0
724,4.43740,0.27590,3.33130,0.81300,0.01650,0,0,0,2440,5,0,911,897,0,1628,0
725,4.86360,0.24670,3.77520,0.82180,0.01920,0,0,0,2440,5,0,911,896,0,1623,0
726,4.71950,0.26060,3.58540,0.85720,0.01540,0,0,0,2440,5,0,912,899,0,1630,0
727,4.12810,0.25070,3.04560,0.81110,0.01990,0,0,0,2440,5,0,913,902,0,1635,0
728,4.25660,0.35270,3.06860,0.81420,0.02040,0,0,0,2440,5,0,913,903,0,1623,0
729,4.14720,0.29010,2.99680,0.84050,0.01920,0,0,0,2440,5,0,917,905,0,1620,0
730,4.04270,0.24660,2.96580,0.81420,0.01560,0,0,0,2440,5,0,917,903,0,1619,0
731,4.10960,0.23960,3.07470,0.77800,0.01660,0,0,0,2440,5,0,920,907,0,1613,0
732,4.11200,0.23980,2.99230,0.86320,0.01610,0,0,0,2440,5,0,921,910,0,1618,0
733,4.24130,0.54290,2.88630,0.79520,0.01650,7,0,0,2441,5,0,924,913,0,1612,0
734,3.97510,0.23880,2.92650,0.78950,0.01960,0,0,0,2441,5,0,925,913,0,1607,0
735,4.57800,0.24460,3.48850,0.82570,0.01840,0,0,0,2441,5,0,926,916,0,1606,0
736,5.59240,1.70340,3.03690,0.83520,0.01620,0,0,0,2441,5,0,926,916,0,1598,0
737,4.12290,0.27000,2.97820,0.85070,0.02350,0,0,0,2441,5,0,926,917,0,1600,0
738,4.13010,0.25300,3.01920,0.83960,0.01770,0,0,0,2441,5,0,928,918,0,1599,0
739,3.85710,0.23660,2.81030,0.78470,0.02480,0,0,0,2441,5,0,929,918,0,1601,0
740,4.50480,0.24920,3.41470,0.82260,0.01740,0,0,0,2441,5,0,930,919,0,1608,0
741,4.18060,0.29640,3.02120,0.84290,0.01940,0,0,0,2441,5,0,930,920,0,1595,0
742,3.64970,0.22710,2.56600,0.83480,0.02100,0,0,0,2441,5,0,933,923,0,1594,0
743,3.92840,0.23530,2.60880,1.06390,0.01970,0,0,0,2441,5,0,936,926,0,1589,0
744,3.68060,0.23590,2.66500,0.76130,0.01760,0,0,0,2441,5,0,936,925,0,1587,0
745,4.61890,0.23520,3.50890,0.84270,0.03150,0,0,0,2441,5,0,939,929,0,1586,0
746,3.72760,0.26860,2.67750,0.76340,0.01740,0,0,0,2441,5,0,940,930,0,1586,0
747,3.78830,0.25340,2.77030,0.74730,0.01650,0,0,0,2441,5,0,941,931,0,1588,0
748,4.31490,0.51180,2.91760,0.86710,0.01780,7,0,0,2442,5,0,945,938,0,1580,0
749,3.63940,0.24850,2.61700,0.75570,0.01750,0,0,0,2442,5,0,946,938,0,1583,0
750,3.77450,0.29610,2.69540,0.76460,0.01770,0,0,0,2442,5,0,947,937,0,1585,0
751,6.60450,1.70460,4.05350,0.81990,0.02530,0,0,0,2442,5,0,950,939,0,1581,0
752,4.99070,0.21020,3.89010,0.86690,0.02260,0,0,0,2442,5,0,950,938,0,1575,0
753,4.91660,0.20600,3.66700,1.01390,0.02890,0,0,0,2442,5,0,951,941,0,1578,0
754,4.99150,0.24410,3.90740,0.81870,0.02080,0,0,0,2442,5,0,952,943,0,1568,0
755,4.68460,0.34150,3.49610,0.83010,0.01600,0,0,0,2442,5,0,953,943,0,1567,0
756,5.02450,0.21010,3.94150,0.85090,0.02130,0,0,0,2442,5,0,954,943,0,1568,0
757,4.69330,0.21320,3.54910,0.90960,0.02050,0,0,0,2442,5,0,954,945,0,1574,0
758,4.63420,0.22780,3.58290,0.80070,0.02230,0,0,0,2442,5,0,954,945,0,1575,0
759,4.66910,0.24150,3.44940,0.95630,0.02100,0,0,0,2442,5,0,954,945,0,1571,0
760,4.42090,0.20810,3.36920,0.82320,0.01960,0,0,0,2442,5,0,954,948,0,1571,0
761,4.35910,0.23940,3.31750,0.78470,0.01660,0,0,0,2442,5,0,956,946,0,1573,0
762,4.93270,0.43510,3.62170,0.85000,0.02490,3,0,0,2443,5,0,957,947,0,1574,0
763,4.57260,0.23070,3.51570,0.80320,0.02160,0,0,0,2443,5,0,958,947,0,1577,0
764,3.78450,0.23710,2.68960,0.82590,0.03090,0,0,0,2443,5,0,960,950,0,1578,0
765,4.69270,0.22260,3.59460,0.84270,0.03150,0,0,0,2443,5,0,960,948,0,1577,0
766,5.37190,1.77900,2.68500,0.88080,0.02610,0,0,0,2443,5,0,961,950,0,1573,0
767,4.22710,0.21490,3.10260,0.88780,0.02130,0,0,0,2443,5,0,962,955,0,1574,0
768,3.64070,0.26440,2.58610,0.77000,0.01920,0,0,0,2443,5,0,964,953,0,1584,0
769,3.57780,0.24910,2.56580,0.74300,0.01890,0,0,0,2443,5,0,964,948,0,1582,0
770,3.60640,0.24210,2.59020,0.75160,0.02180,0,0,0,2443,5,0,964,953,0,1579,0
771,3.60480,0.23880,2.58610,0.75610,0.02310,0,0,0,2443,5,0,964,953,0,1581,0
772,4.96630,0.23400,3.86940,0.84220,0.01980,0,0,0,2443,5,0,964,953,0,1582,0
773,3.57980,0.23570,2.56030,0.76300,0.02010,0,0,0,2443,5,0,968,956,0,1581,0
774,3.55960,0.22570,2.56840,0.74030,0.02440,0,0,0,2443,5,0,970,957,0,1578,0
775,5.09270,0.23790,3.98320,0.85190,0.01880,0,0,0,2443,5,0,970,959,0,1577,0
776,3.55150,0.18180,2.55030,0.79830,0.02040,0,0,0,2443,5,0,970,957,0,1577,0
777,3.63530,0.26610,2.59130,0.75680,0.02040,0,0,0,2443,5,0,971,958,0,1580,0
778,5.08640,0.24190,3.99890,0.82510,0.01990,0,0,0,2443,5,0,972,959,0,1581,0
779,3.72010,0.27100,2.59810,0.82800,0.02220,0,0,0,2443,5,0,972,958,0,1584,0
780,3.82640,0.27570,2.67760,0.85220,0.02040,0,0,0,2443,5,0,973,960,0,1580,0
781,7.10220,1.75160,4.32010,1.00350,0.02590,0,0,0,2443,5,0,973,959,0,1575,0
782,5.03760,0.32860,3.81000,0.88220,0.01600,0,0,0,2443,5,0,976,964,0,1566,0
783,4.45110,0.20170,3.43490,0.79120,0.02250,0,0,0,2443,5,0,977,963,0,1567,0
784,4.43710,0.20320,3.43190,0.78160,0.01970,0,0,0,2443,5,0,977,965,0,1568,0
785,5.70690,0.19550,4.64770,0.84450,0.01850,0,0,0,2443,5,0,977,967,0,1572,0
786,5.01460,0.23160,3.93600,0.82410,0.02170,0,0,0,2443,5,0,978,969,0,1573,0
787,4.71230,0.21970,3.09160,1.38140,0.01880,0,0,0,2443,5,0,978,970,0,1571,0
788,4.11280,0.20680,3.08110,0.80670,0.01760,0,0,0,2443,5,0,978,969,0,1575,0
789,5.46280,0.23920,4.38540,0.81940,0.01760,0,0,0,2443,5,0,979,970,0,1577,0
790,4.14290,0.19350,3.11400,0.81510,0.01960,0,0,0,2443,5,0,979,972,0,1575,0
791,4.53580,0.47000,3.04600,0.98990,0.02900,7,0,0,2444,5,0,979,973,0,1571,0
792,3.95500,0.21320,2.93530,0.78590,0.02000,0,0,0,2444,5,0,981,974,0,1572,0
793,4.05180,0.20630,3.02390,0.80290,0.01800,0,0,0,2444,5,0,981,975,0,1572,0
794,4.13140,0.23880,3.05830,0.81700,0.01670,0,0,0,2444,5,0,983,977,0,1574,0
795,4.02440,0.19800,2.98870,0.81980,0.01700,0,0,0,2444,5,0,984,979,0,1580,0
796,5.44350,1.64700,2.96350,0.81540,0.01690,0,0,0,2444,5,0,984,979,0,1583,0
797,3.77580,0.21320,2.78970,0.75580,0.01630,0,0,0,2444,5,0,985,980,0,1588,0
798,5.02620,0.21730,4.01190,0.77860,0.01740,0,0,0,2444,5,0,986,981,0,1587,0
799,3.74020,0.26440,2.69420,0.76170,0.01920,0,0,0,2444,5,0,986,982,0,1588,0
800,3.76610,0.21770,2.75560,0.77160,0.02040,0,0,0,2444,5,0,987,982,0,1585,0
801,3.66150,0.23800,2.65020,0.75550,0.01710,0,0,0,2444,5,0,987,981,0,1583,0
802,3.69710,0.24290,2.69100,0.74510,0.01730,0,0,0,2444,5,0,988,984,0,1580,0
803,3.59950,0.19540,2.65630,0.72440,0.02290,0,0,0,2444,5,0,988,983,0,1581,0
804,5.03150,0.19470,4.01190,0.79870,0.02530,0,0,0,2444,5,0,988,982,0,1587,0
805,3.61430,0.21460,2.60540,0.77240,0.02110,0,0,0,2444,5,0,988,981,0,1585,0
806,3.55470,0.20630,2.54040,0.75560,0.05160,0,0,0,2444,5,0,989,984,0,1582,0
807,3.70030,0.28320,2.62320,0.77180,0.02070,0,0,0,2444,5,0,989,985,0,1582,0
808,3.60760,0.22890,2.61850,0.73970,0.01980,0,0,0,2444,5,0,990,986,0,1585,0
809,3.56270,0.24730,2.57900,0.71700,0.01840,0,0,0,2444,5,0,990,985,0,1583,0
810,3.59840,0.22290,2.52880,0.82720,0.01870,0,0,0,2444,5,0,991,987,0,1592,0
811,5.07380,1.67340,2.58790,0.79250,0.01820,0,0,0,2444,5,0,991,987,0,1591,0
812,3.62750,0.22660,2.63400,0.74620,0.01990,0,0,0,2444,5,0,992,988,0,1594,0
813,3.59430,0.31910,2.44140,0.77960,0.05330,0,0,0,2444,5,0,993,988,0,1598,0
814,3.28110,0.20300,2.33650,0.71580,0.02500,0,0,0,2444,5,0,994,989,0,1598,0
815,3.55330,0.19970,2.43530,0.89150,0.02590,0,0,0,2444,5,0,995,989,0,1597,0
816,3.46140,0.20390,2.49880,0.73480,0.02310,0,0,0,2444,5,0,995,991,0,1596,0
817,3.40120,0.19020,2.43940,0.74610,0.02470,0,0,0,2444,5,0,995,989,0,1599,0
818,3.44710,0.23780,2.44240,0.74180,0.02430,0,0,0,2444,5,0,995,989,0,1594,0
819,3.41980,0.22600,2.40790,0.76120,0.02420,0,0,0,2444,5,0,995,990,0,1598,0
820,3.56450,0.23710,2.51720,0.78690,0.02240,0,0,0,2444,5,0,995,991,0,1602,0
821,3.43420,0.25830,2.36060,0.78970,0.02460,0,0,0,2444,5,0,995,991,0,1604,0
822,3.35570,0.23060,2.32300,0.77180,0.02960,0,0,0,2444,5,0,995,990,0,1603,0
823,3.34520,0.22210,2.35500,0.74240,0.02500,0,0,0,2444,5,0,995,990,0,1594,0
824,3.31790,0.22360,2.31380,0.75600,0.02380,0,0,0,2444,5,0,995,990,0,1596,0
825,3.32990,0.24380,2.31860,0.74210,0.02470,0,0,0,2444,5,0,995,991,0,1599,0
826,4.99910,1.70420,2.50060,0.76510,0.02840,0,0,0,2444,5,0,997,993,0,1598,0
827,3.39080,0.23420,2.31260,0.81690,0.02640,0,0,0,2444,5,0,997,993,0,1596,0
828,3.33360,0.22940,2.34000,0.73760,0.02610,0,0,0,2444,5,0,997,993,0,1595,0
829,3.30250,0.22270,2.30140,0.75350,0.02420,0,0,0,2444,5,0,997,994,0,1593,0
830,3.43470,0.23510,2.40750,0.77060,0.02080,0,0,0,2444,5,0,997,994,0,1590,0
831,3.42040,0.21710,2.31470,0.86140,0.02640,0,0,0,2444,5,0,998,995,0,1596,0
832,3.47440,0.23430,2.34060,0.87100,0.02780,0,0,0,2444,5,0,998,995,0,1601,0
833,3.37320,0.24120,2.28380,0.81820,0.02950,0,0,0,2444,5,0,998,995,0,1602,0
834,3.36470,0.23570,2.31990,0.78290,0.02550,0,0,0,2444,5,0,998,995,0,1602,0
835,3.41580,0.23340,2.39420,0.76540,0.02210,0,0,0,2444,5,0,998,995,0,1601,0
836,3.35470,0.20390,2.36010,0.76760,0.02230,0,0,0,2444,5,0,998,995,0,1601,0
837,3.41960,0.24360,2.30950,0.83670,0.02910,0,0,0,2444,5,0,998,995,0,1598,0
838,3.45440,0.23110,2.31970,0.87640,0.02650,0,0,0,2444,5,0,999,996,0,1592,0
839,3.51760,0.22290,2.37350,0.89220,0.02840,0,0,0,2444,5,0,999,997,0,1592,0
840,3.25220,0.22110,2.25010,0.75830,0.02210,0,0,0,2444,5,0,999,998,0,1590,0
841,5.10490,1.81600,2.39250,0.84040,0.05470,0,0,0,2444,5,0,999,998,0,1589,0
842,3.21130,0.23550,2.24680,0.70360,0.02480,0,0,0,2444,5,0,999,998,0,1587,0
843,3.34120,0.22400,2.23820,0.84220,0.03610,0,0,0,2444,5,0,999,998,0,1588,0
844,3.18900,0.22670,2.20660,0.73070,0.02440,0,0,0,2444,5,0,999,998,0,1587,0
845,3.43430,0.22050,2.43660,0.75040,0.02600,0,0,0,2444,5,0,999,996,0,1584,0
846,3.34770,0.24040,2.27870,0.80240,0.02540,0,0,0,2444,5,0,999,998,0,1585,0
847,3.37590,0.24480,2.32550,0.77900,0.02590,0,0,0,2444,5,0,1000,998,0,1584,0
848,3.42210,0.23900,2.34040,0.81350,0.02840,0,0,0,2444,5,0,1000,998,0,1585,0
849,3.43200,0.23720,2.31250,0.85070,0.03070,0,0,0,2444,5,0,1000,999,0,1582,0
850,3.39970,0.24830,2.27620,0.84310,0.03130,0,0,0,2444,5,0,1000,998,0,1582,0
851,3.28860,0.23580,2.20000,0.80050,0.05160,0,0,0,2444,5,0,1000,998,0,1582,0
852,3.38870,0.23410,2.21840,0.89380,0.04150,0,0,0,2444,5,0,1000,998,0,1580,0
853,3.24840,0.23990,2.18970,0.78990,0.02820,0,0,0,2444,5,0,1001,999,0,1580,0
854,3.21770,0.24400,2.16570,0.77610,0.03120,0,0,0,2444,5,0,1001,1000,0,1579,0
855,3.16520,0.23000,2.16270,0.74470,0.02720,0,0,0,2444,5,0,1001,1000,0,1579,0
856,5.00830,1.82350,2.33840,0.81590,0.02960,0,0,0,2444,5,0,1001,1000,0,1583,0
857,3.38710,0.20790,2.32800,0.82270,0.02760,0,0,0,2444,5,0,1002,1001,0,1582,0
858,3.26530,0.22710,2.20270,0.80540,0.02910,0,0,0,2444,5,0,1002,1001,0,1582,0
859,3.32850,0.24710,2.23380,0.81660,0.03020,0,0,0,2444,5,0,1003,1003,0,1578,0
860,3.27040,0.22760,2.16970,0.83980,0.03240,0,0,0,2444,5,0,1003,1003,0,1575,0
861,3.35490,0.20420,2.32240,0.79930,0.02820,0,0,0,2444,5,0,1003,1003,0,1574,0
862,3.38120,0.23740,2.25420,0.85820,0.03060,0,0,0,2444,5,0,1003,1003,0,1574,0
863,3.31230,0.22630,2.24040,0.81840,0.02660,0,0,0,2444,5,0,1003,1003,0,1578,0
864,3.30230,0.25210,2.20170,0.81890,0.02890,0,0,0,2444,5,0,1003,1002,0,1578,0
865,3.34020,0.24080,2.21450,0.85290,0.03100,0,0,0,2444,5,0,1003,1002,0,1576,0
866,3.35940,0.24260,2.21460,0.87200,0.02940,0,0,0,2444,5,0,1004,1004,0,1576,0
867,3.31640,0.23600,2.27720,0.77230,0.03030,0,0,0,2444,5,0,1004,1004,0,1575,0
868,3.26590,0.22130,2.21590,0.79580,0.03220,0,0,0,2444,5,0,1005,1004,0,1574,0
869,3.27900,0.23480,2.20800,0.80670,0.02880,0,0,0,2444,5,0,1005,1004,0,1574,0
870,3.31180,0.24430,2.24430,0.79360,0.02900,0,0,0,2444,5,0,1005,1004,0,1574,0
871,6.84910,1.71050,4.28090,0.83490,0.02160,0,0,0,2444,5,0,1005,1004,0,1572,0
872,5.81350,0.20130,4.72960,0.86350,0.01830,0,0,0,2444,5,0,1005,1004,0,1570,0
873,4.59850,0.18850,3.56190,0.80190,0.04520,0,0,0,2444,5,0,1005,1004,0,1566,0
874,4.11110,0.21850,3.03940,0.83330,0.01920,0,0,0,2444,5,0,1006,1005,0,1565,0
875,4.55830,0.16540,3.56150,0.81310,0.01760,0,0,0,2444,5,0,1007,1006,0,1563,0
876,4.82310,0.18630,3.81470,0.80190,0.01930,0,0,0,2444,5,0,1008,1007,0,1563,0
877,4.92480,0.21250,3.88640,0.80380,0.02120,0,0,0,2444,5,0,1008,1007,0,1564,0
878,4.03690,0.22730,2.94590,0.83860,0.02440,0,0,0,2444,5,0,1008,1007,0,1565,0
879,3.96220,0.19150,2.95250,0.79590,0.02150,0,0,0,2444,5,0,1008,1007,0,1563,0
880,4.53470,0.18270,3.54390,0.79070,0.01660,0,0,0,2444,5,0,1008,1007,0,1563,0
881,3.91910,0.18130,2.80500,0.90900,0.02310,0,0,0,2444,5,0,1008,1008,0,1562,0
882,3.95110,0.17930,2.94590,0.80600,0.01930,0,0,0,2444,5,0,1008,1007,0,1559,0
883,4.06100,0.21130,3.02370,0.80610,0.01910,0,0,0,2444,5,0,1008,1006,0,1559,0
884,3.78580,0.18610,2.79880,0.78060,0.01950,0,0,0,2444,5,0,1009,1007,0,1559,0
885,3.86060,0.18370,2.84130,0.81750,0.01730,0,0,0,2444,5,0,1010,1009,0,1559,0
886,5.64680,1.77870,2.95430,0.89440,0.01890,0,0,0,2444,5,0,1010,1008,0,1561,0
887,3.69410,0.18920,2.70210,0.78490,0.01710,0,0,0,2444,5,0,1010,1007,0,1561,0
888,3.88640,0.19190,2.89030,0.78560,0.01780,0,0,0,2444,5,0,1010,1008,0,1560,0
889,3.76900,0.18500,2.81100,0.75240,0.01990,0,0,0,2444,5,0,1010,1009,0,1558,0
890,4.93150,0.19670,3.95160,0.76170,0.02060,0,0,0,2444,5,0,1010,1008,0,1557,0
891,3.83640,0.22700,2.81310,0.77690,0.01850,0,0,0,2444,5,0,1011,1009,0,1565,0
892,3.53050,0.20490,2.54360,0.75770,0.02350,0,0,0,2444,5,0,1011,1009,0,1561,0
893,3.60200,0.20890,2.57150,0.79970,0.02120,0,0,0,2444,5,0,1012,1009,0,1559,0
894,3.68500,0.24490,2.65130,0.76610,0.02190,0,0,0,2444,5,0,1012,1011,0,1556,0
895,3.63140,0.20420,2.62390,0.78440,0.01830,0,0,0,2444,5,0,1012,1011,0,1557,0
896,3.51250,0.20600,2.55630,0.73080,0.01880,0,0,0,2444,5,0,1012,1010,0,1557,0
897,3.71150,0.22300,2.53150,0.93810,0.01810,0,0,0,2444,5,0,1012,1010,0,1561,0
898,3.47610,0.17660,2.56420,0.71780,0.01680,0,0,0,2444,5,0,1012,1011,0,1560,0
899,3.52180,0.21650,2.55540,0.73220,0.01700,0,0,0,2444,5,0,1012,1010,0,1560,0
900,3.63240,0.21490,2.64310,0.74830,0.02540,0,0,0,2444,5,0,1012,1010,0,1561,0
901,5.61990,1.73580,2.97960,0.87470,0.02840,0,0,0,2444,5,0,1013,1011,0,1561,0
902,3.52680,0.20660,2.56450,0.73700,0.01810,0,0,0,2444,5,0,1014,1013,0,1561,0
903,3.64550,0.21600,2.57820,0.82790,0.02260,0,0,0,2444,5,0,1014,1013,0,1557,0
904,3.48960,0.19770,2.52110,0.75000,0.02020,0,0,0,2444,5,0,1014,1012,0,1553,0
905,3.45140,0.19380,2.51880,0.71800,0.02000,0,0,0,2444,5,0,1014,1012,0,1550,0
906,3.63400,0.17150,2.67740,0.76420,0.02030,0,0,0,2444,5,0,1015,1013,0,1549,0
907,3.61260,0.21720,2.61320,0.76160,0.01990,0,0,0,2444,5,0,1015,1013,0,1548,0
908,3.69000,0.19780,2.64280,0.82160,0.02660,0,0,0,2444,5,0,1015,1013,0,1548,0
909,4.70720,0.20170,3.56150,0.91860,0.02440,0,0,0,2444,5,0,1015,1013,0,1548,0
910,3.66970,0.18760,2.61460,0.80570,0.06040,0,0,0,2444,5,0,1015,1013,0,1549,0
911,3.74700,0.20020,2.75070,0.77200,0.02340,0,0,0,2444,5,0,1015,1013,0,1549,0
912,3.70830,0.21020,2.66220,0.79990,0.03470,0,0,0,2444,5,0,1015,1013,0,1549,0
913,5.15840,0.21510,4.12940,0.79340,0.01950,0,0,0,2444,5,0,1016,1014,0,1551,0
914,4.16970,0.21430,3.15250,0.77760,0.02430,0,0,0,2444,5,0,1016,1014,0,1554,0
915,3.60820,0.20270,2.57080,0.80040,0.03280,0,0,0,2444,5,0,1017,1015,0,1555,0
916,6.34210,1.66970,3.80370,0.84550,0.02200,0,0,0,2444,5,0,1017,1015,0,1555,0
917,3.56400,0.20680,2.58680,0.74230,0.02700,0,0,0,2444,5,0,1017,1015,0,1556,0
918,3.25700,0.19110,2.26960,0.75930,0.03610,0,0,0,2444,5,0,1017,1015,0,1556,0
919,3.26220,0.21390,2.30980,0.71720,0.02060,0,0,0,2444,5,0,1017,1014,0,1556,0
920,4.71980,0.21660,3.71870,0.76150,0.02200,0,0,0,2444,5,0,1017,1015,0,1557,0
921,3.38670,0.21670,2.40720,0.73680,0.02490,0,0,0,2444,5,0,1017,1014,0,1557,0
922,3.27510,0.20470,2.27480,0.77110,0.02370,0,0,0,2444,5,0,1019,1016,0,1557,0
923,3.40020,0.21430,2.43000,0.73390,0.02120,0,0,0,2444,5,0,1019,1016,0,1557,0
924,3.22980,0.20000,2.27240,0.73400,0.02270,0,0,0,2444,5,0,1019,1016,0,1557,0
925,4.68420,0.20740,3.69090,0.76040,0.02460,0,0,0,2444,5,0,1019,1016,0,1556,0
926,3.28170,0.21300,2.26760,0.77530,0.02500,0,0,0,2444,5,0,1019,1017,0,1559,0
927,3.25310,0.20430,2.28740,0.73890,0.02170,0,0,0,2444,5,0,1019,1017,0,1559,0
928,3.33850,0.23590,2.35410,0.72270,0.02520,0,0,0,2444,5,0,1019,1016,0,1559,0
929,3.23130,0.19410,2.28320,0.72890,0.02430,0,0,0,2444,5,0,1019,1016,0,1557,0
930,3.38240,0.22860,2.24040,0.88640,0.02630,0,0,0,2444,5,0,1019,1016,0,1553,0
931,5.30300,1.78870,2.71220,0.77210,0.02870,0,0,0,2444,5,0,1019,1016,0,1552,0
932,3.89490,0.18210,2.93660,0.75330,0.02200,0,0,0,2444,5,0,1019,1016,0,1552,0
933,4.05940,0.17770,3.13290,0.72530,0.02280,0,0,0,2444,5,0,1019,1016,0,1552,0
934,3.69620,0.18370,2.71880,0.77320,0.01970,0,0,0,2444,5,0,1019,1016,0,1552,0
935,3.55860,0.20690,2.58720,0.74560,0.01830,0,0,0,2444,5,0,1019,1016,0,1550,0
936,3.65380,0.19130,2.69700,0.74450,0.02010,0,0,0,2444,5,0,1019,1016,0,1550,0
937,3.53930,0.17980,2.59650,0.74340,0.01860,0,0,0,2444,5,0,1019,1016,0,1551,0
938,3.61680,0.18560,2.53250,0.87220,0.02590,0,0,0,2444,5,0,1019,1016,0,1551,0
939,4.00620,0.18570,2.93500,0.85940,0.02530,0,0,0,2444,5,0,1019,1018,0,1551,0
940,3.42510,0.18120,2.46210,0.75150,0.02920,0,0,0,2444,5,0,1019,1018,0,1551,0
941,3.59160,0.19420,2.59620,0.75840,0.04100,0,0,0,2444,5,0,1020,1019,0,1551,0
942,3.56880,0.20730,2.57840,0.75830,0.02400,0,0,0,2444,5,0,1020,1019,0,1551,0
943,3.57520,0.18280,2.56840,0.79180,0.03140,0,0,0,2444,5,0,1020,1019,0,1553,0
944,4.35400,0.18490,3.35570,0.79040,0.02210,0,0,0,2444,5,0,1020,1019,0,1553,0
945,3.58840,0.18940,2.59910,0.77800,0.02110,0,0,0,2444,5,0,1020,1019,0,1553,0
946,5.15760,1.76560,2.53390,0.82500,0.03220,0,0,0,2444,5,0,1020,1019,0,1553,0
947,3.20310,0.20700,2.22900,0.74470,0.02170,0,0,0,2444,5,0,1021,1020,0,1553,0
948,3.98420,0.20480,2.92450,0.82810,0.02610,0,0,0,2444,5,0,1021,1020,0,1553,0
949,4.02170,0.21180,2.99420,0.78300,0.03190,0,0,0,2444,5,0,1021,1020,0,1553,0
950,3.29700,0.20650,2.32340,0.74430,0.02200,0,0,0,2444,5,0,1021,1020,0,1553,0
951,3.26920,0.18540,2.32720,0.73410,0.02170,0,0,0,2444,5,0,1021,1020,0,1553,0
952,3.32930,0.20330,2.34660,0.75390,0.02470,0,0,0,2444,5,0,1021,1020,0,1554,0
953,3.19990,0.20410,2.20730,0.75620,0.03130,0,0,0,2444,5,0,1021,1020,0,1553,0
954,3.16200,0.20840,2.20650,0.70780,0.03830,0,0,0,2444,5,0,1021,1020,0,1553,0
955,3.11110,0.21340,2.16970,0.70360,0.02370,0,0,0,2444,5,0,1021,1020,0,1554,0
956,3.49570,0.21170,2.41930,0.83470,0.02920,0,0,0,2444,5,0,1021,1020,0,1554,0
957,3.12230,0.21670,2.15190,0.73130,0.02150,0,0,0,2444,5,0,1021,1020,0,1555,0
958,3.14650,0.18290,2.19940,0.74080,0.02270,0,0,0,2444,5,0,1021,1020,0,1555,0
959,3.18150,0.21310,2.20420,0.73970,0.02370,0,0,0,2444,5,0,1021,1020,0,1555,0
960,3.09710,0.18300,2.17400,0.71500,0.02430,0,0,0,2444,5,0,1021,1020,0,1555,0
961,4.73850,1.62970,2.32740,0.74860,0.03120,0,0,0,2444,5,0,1021,1021,0,1555,0
962,3.33290,0.21160,2.22090,0.86460,0.03500,0,0,0,2444,5,0,1021,1021,0,1555,0
963,3.11940,0.20540,2.16330,0.72000,0.02990,0,0,0,2444,5,0,1021,1021,0,1555,0
964,3.13420,0.20340,2.17180,0.72710,0.03070,0,0,0,2444,5,0,1021,1021,0,1555,0
965,3.16490,0.21190,2.16890,0.75180,0.03160,0,0,0,2444,5,0,1021,1021,0,1555,0
966,3.07600,0.20930,2.09870,0.73500,0.03220,0,0,0,2444,5,0,1021,1021,0,1557,0
967,3.14120,0.20640,2.17290,0.72940,0.03170,0,0,0,2444,5,0,1021,1021,0,1555,0
968,3.24360,0.21150,2.18960,0.80800,0.03380,0,0,0,2444,5,0,1021,1021,0,1555,0
969,3.21880,0.22260,2.20660,0.75460,0.03440,0,0,0,2444,5,0,1021,1021,0,1555,0
970,3.24220,0.22840,2.18360,0.80110,0.02850,0,0,0,2444,5,0,1021,1021,0,1555,0
971,3.22010,0.19780,2.24290,0.74450,0.03420,0,0,0,2444,5,0,1021,1021,0,1555,0
972,3.19530,0.20510,2.23130,0.72660,0.03160,0,0,0,2444,5,0,1021,1021,0,1555,0
973,3.22380,0.21320,2.11760,0.86240,0.02980,0,0,0,2444,5,0,1021,1021,0,1554,0
974,3.17310,0.21450,2.12230,0.75540,0.08020,0,0,0,2444,5,0,1021,1021,0,1551,0
975,3.30730,0.21610,2.22000,0.83790,0.03240,0,0,0,2444,5,0,1021,1021,0,1550,0
976,4.88190,1.73450,2.27120,0.84190,0.03350,0,0,0,2444,5,0,1021,1021,0,1548,0
977,3.11390,0.20390,2.15060,0.72740,0.03140,0,0,0,2444,5,0,1021,1021,0,1548,0
978,3.16560,0.21280,2.15140,0.76520,0.03540,0,0,0,2444,5,0,1021,1021,0,1548,0
979,3.08040,0.21550,2.10820,0.72400,0.03200,0,0,0,2444,5,0,1021,1021,0,1548,0
980,3.21440,0.21160,2.20670,0.76800,0.02740,0,0,0,2444,5,0,1021,1021,0,1548,0
981,3.08260,0.20900,2.11390,0.72530,0.03370,0,0,0,2444,5,0,1021,1021,0,1548,0
982,3.10980,0.20520,2.14070,0.73090,0.03200,0,0,0,2444,5,0,1021,1021,0,1548,0
983,3.22020,0.21480,2.22880,0.75100,0.02470,0,0,0,2444,5,0,1021,1021,0,1548,0
984,3.12440,0.22090,2.16060,0.71360,0.02840,0,0,0,2444,5,0,1021,1021,0,1548,0
985,3.25730,0.21150,2.19810,0.81840,0.02870,0,0,0,2444,5,0,1021,1021,0,1548,0
986,3.12130,0.20830,2.10500,0.77170,0.03560,0,0,0,2444,5,0,1021,1021,0,1548,0
987,3.08980,0.20540,2.11990,0.73650,0.02730,0,0,0,2444,5,0,1021,1021,0,1548,0
988,3.08300,0.23640,2.11450,0.70780,0.02370,0,0,0,2444,5,0,1021,1021,0,1548,0
989,3.17110,0.20560,2.20230,0.73130,0.03120,0,0,0,2444,5,0,1021,1021,0,1548,0
990,3.16850,0.20870,2.19770,0.73310,0.02820,0,0,0,2444,5,0,1022,1022,0,1548,0
991,6.86410,1.87400,4.10300,0.86350,0.02250,0,0,0,2444,5,0,1022,1022,0,1549,0
992,4.88680,0.16340,3.79140,0.91120,0.02010,0,0,0,2444,5,0,1022,1022,0,1550,0
993,6.65300,0.19030,5.61780,0.82640,0.01780,0,0,0,2444,5,0,1022,1022,0,1550,0
994,4.53310,0.22650,3.46370,0.82050,0.02170,0,0,0,2444,5,0,1022,1022,0,1550,0
995,3.95430,0.21540,2.92300,0.78910,0.02580,0,0,0,2444,5,0,1022,1022,0,1550,0
996,4.47640,0.18340,3.44840,0.82420,0.01970,0,0,0,2444,5,0,1022,1022,0,1550,0
997,4.36630,0.18590,3.35460,0.78680,0.03830,0,0,0,2444,5,0,1022,1022,0,1550,0
998,4.05750,0.18040,2.98430,0.81740,0.07470,0,0,0,2444,5,0,1022,1022,0,1550,0
999,4.00240,0.23840,2.96700,0.78090,0.01560,0,0,0,2444,5,0,1022,1022,0,1550,0
1000,3.77820,0.16320,2.83680,0.75930,0.01800,0,0,0,2444,5,0,1022,1022,0,1550,0
1001,3.52830,0.17510,2.61300,0.72050,0.01890,0,0,0,2444,5,0,1023,1023,0,1550,0
1002,3.58160,0.18850,2.63960,0.73300,0.01990,0,0,0,2444,5,0,1023,1023,0,1550,0
1003,3.45570,0.17490,2.56000,0.70300,0.01710,0,0,0,2444,5,0,1023,1023,0,1550,0
1004,3.50330,0.20420,2.52610,0.75400,0.01820,0,0,0,2444,5,0,1023,1023,0,1550,0
1005,3.63920,0.19180,2.67460,0.75560,0.01650,0,0,0,2444,5,0,1023,1023,0,1550,0
1006,5.28110,1.94310,2.59620,0.72140,0.01960,0,0,0,2444,5,0,1023,1023,0,1550,0
1007,3.58730,0.19050,2.64270,0.73650,0.01690,0,0,0,2444,5,0,1023,1023,0,1550,0
1008,3.53930,0.17000,2.60010,0.74990,0.01850,0,0,0,2444,5,0,1023,1023,0,1550,0
1009,3.49400,0.17650,2.56130,0.73820,0.01720,0,0,0,2444,5,0,1023,1023,0,1550,0
1010,3.51230,0.18750,2.57500,0.72940,0.01980,0,0,0,2444,5,0,1023,1023,0,1549,0
1011,3.48770,0.17590,2.54890,0.74180,0.02030,0,0,0,2444,5,0,1023,1023,0,1549,0
1012,4.74430,0.19150,3.74880,0.77880,0.02440,0,0,0,2444,5,0,1023,1023,0,1549,0
1013,3.55230,0.17670,2.56340,0.79300,0.01850,0,0,0,2444,5,0,1023,1023,0,1549,0
1014,3.46950,0.18940,2.52620,0.73330,0.01990,0,0,0,2444,5,0,1023,1023,0,1549,0
1015,3.40840,0.17380,2.49060,0.72300,0.02050,0,0,0,2444,5,0,1023,1023,0,1549,0
1016,3.46300,0.18670,2.49160,0.74400,0.03980,0,0,0,2444,5,0,1023,1023,0,1549,0
1017,3.99600,0.20100,3.01770,0.75450,0.02220,0,0,0,2444,5,0,1023,1023,0,1549,0
1018,3.48260,0.17180,2.56020,0.73110,0.01880,0,0,0,2444,5,0,1023,1023,0,1549,0
1019,3.46520,0.18780,2.46770,0.78870,0.02030,0,0,0,2444,5,0,1024,1024,0,1549,0
1020,3.57280,0.21770,2.43080,0.89870,0.02490,0,0,0,2444,5,0,1024,1024,0,1549,0
1021,5.32210,1.86210,2.64980,0.76690,0.04210,0,0,0,2444,5,0,1024,1024,0,1549,0
1022,3.47490,0.19050,2.53180,0.72580,0.02610,0,0,0,2444,5,0,1024,1024,0,1549,0
1023,3.48980,0.21450,2.48570,0.76550,0.02330,0,0,0,2444,5,0,1024,1024,0,1549,0
1024,3.46150,0.21290,2.44760,0.77570,0.02460,0,0,0,2444,5,0,1024,1024,0,1549,0
1025,3.48380,0.21900,2.47870,0.76140,0.02390,0,0,0,2444,5,0,1024,1024,0,1549,0
1026,3.60940,0.21660,2.49740,0.86850,0.02600,0,0,0,2444,5,0,1024,1024,0,1549,0
1027,3.51290,0.18580,2.46070,0.83960,0.02590,0,0,0,2444,5,0,1024,1024,0,1549,0
1028,3.39330,0.25550,2.35650,0.75630,0.02430,0,0,0,2444,5,0,1024,1024,0,1549,0
1029,3.48610,0.21900,2.51020,0.73310,0.02310,0,0,0,2444,5,0,1024,1024,0,1549,0
1030,3.47660,0.24550,2.39540,0.81280,0.02230,0,0,0,2444,5,0,1024,1024,0,1549,0
1031,3.41480,0.21280,2.42460,0.75470,0.02200,0,0,0,2444,5,0,1024,1024,0,1549,0
1032,3.44730,0.21470,2.41220,0.79690,0.02260,0,0,0,2444,5,0,1024,1024,0,1549,0
1033,3.34880,0.18930,2.36960,0.76690,0.02230,0,0,0,2444,5,0,1024,1024,0,1549,0
1034,3.43840,0.22660,2.43540,0.75260,0.02290,0,0,0,2444,5,0,1024,1024,0,1549,0
1035,3.33200,0.18620,2.37080,0.75190,0.02240,0,0,0,2444,5,0,1024,1024,0,1549,0
1036,5.94830,1.89110,3.27680,0.75850,0.02140,0,0,0,2444,5,0,1024,1024,0,1549,0
1037,3.35200,0.23750,2.34250,0.75000,0.02130,0,0,0,2444,5,0,1024,1024,0,1549,0
1038,3.41420,0.22120,2.38050,0.79090,0.02090,0,0,0,2444,5,0,1024,1024,0,1549,0
1039,3.39950,0.21630,2.41520,0.74570,0.02170,0,0,0,2444,5,0,1024,1024,0,1549,0
1040,3.49110,0.23020,2.40280,0.83340,0.02380,0,0,0,2444,5,0,1024,1024,0,1549,0
1041,3.30570,0.18670,2.34970,0.74580,0.02280,0,0,0,2444,5,0,1024,1024,0,1549,0
1042,3.29710,0.22530,2.31750,0.73160,0.02220,0,0,0,2444,5,0,1024,1024,0,1549,0
1043,3.41020,0.21720,2.34500,0.82600,0.02130,0,0,0,2444,5,0,1024,1024,0,1549,0
1044,3.27270,0.21590,2.28490,0.74770,0.02370,0,0,0,2444,5,0,1024,1024,0,1549,0
1045,3.42870,0.24080,2.32770,0.83830,0.02130,0,0,0,2444,5,0,1024,1024,0,1549,0
1046,3.28690,0.19520,2.28200,0.78110,0.02810,0,0,0,2444,5,0,1024,1024,0,1549,0
1047,3.28190,0.23410,2.28720,0.73680,0.02310,0,0,0,2444,5,0,1024,1024,0,1549,0
1048,3.32500,0.22160,2.29390,0.78720,0.02160,0,0,0,2444,5,0,1024,1024,0,1549,0
1049,3.27610,0.18440,2.32280,0.74390,0.02430,0,0,0,2444,5,0,1024,1024,0,1549,0
1050,3.46050,0.24550,2.42950,0.74150,0.04340,0,0,0,2444,5,0,1024,1024,0,1549,0
1051,5.95420,1.76280,3.36620,0.79640,0.02680,0,0,0,2444,5,0,1024,1024,0,1549,0
1052,4.41510,0.15840,3.42530,0.80400,0.02660,0,0,0,2444,5,0,1024,1024,0,1549,0
1053,3.92130,0.17260,2.96460,0.76790,0.01580,0,0,0,2444,5,0,1024,1024,0,1549,0
1054,4.15390,0.17280,3.09340,0.86860,0.01850,0,0,0,2444,5,0,1024,1024,0,1549,0
1055,4.02370,0.18120,3.04640,0.77580,0.01950,0,0,0,2444,5,0,1024,1024,0,1549,0
1056,4.47360,0.16720,3.48950,0.79800,0.01820,0,0,0,2444,5,0,1024,1024,0,1549,0
1057,4.51460,0.17380,3.46970,0.85310,0.01730,0,0,0,2444,5,0,1024,1024,0,1549,0
1058,4.19140,0.18140,3.21650,0.77610,0.01670,0,0,0,2444,5,0,1024,1024,0,1549,0
1059,4.05250,0.17850,2.99750,0.84870,0.02700,0,0,0,2444,5,0,1024,1024,0,1549,0
1060,4.19000,0.17370,3.13570,0.85520,0.02470,0,0,0,2444,5,0,1024,1024,0,1549,0
1061,3.88310,0.17400,2.89720,0.79230,0.01880,0,0,0,2444,5,0,1024,1024,0,1549,0
1062,3.94620,0.19760,2.91850,0.81180,0.01750,0,0,0,2444,5,0,1024,1024,0,1549,0
1063,3.90060,0.17660,2.94760,0.76000,0.01580,0,0,0,2444,5,0,1024,1024,0,1549,0
1064,4.18530,0.21170,3.00020,0.95090,0.02180,0,0,0,2444,5,0,1024,1024,0,1549,0
1065,3.93550,0.17080,2.91970,0.82410,0.02020,0,0,0,2444,5,0,1024,1024,0,1549,0
1066,5.54330,1.59100,3.00910,0.92330,0.01930,0,0,0,2444,5,0,1024,1024,0,1549,0
1067,3.94930,0.19100,2.91480,0.79680,0.04580,0,0,0,2444,5,0,1024,1024,0,1549,0
1068,4.21000,0.17040,3.22840,0.79320,0.01740,0,0,0,2444,5,0,1024,1024,0,1549,0
1069,3.90770,0.17870,2.92850,0.78270,0.01700,0,0,0,2444,5,0,1024,1024,0,1549,0
1070,3.64390,0.17890,2.61740,0.82830,0.01850,0,0,0,2444,5,0,1024,1024,0,1549,0
1071,5.01820,0.20600,4.01610,0.77530,0.02010,0,0,0,2444,5,0,1024,1024,0,1549,0
1072,3.47880,0.19270,2.55730,0.70950,0.01860,0,0,0,2444,5,0,1024,1024,0,1549,0
1073,3.45850,0.17860,2.53450,0.72660,0.01800,0,0,0,2444,5,0,1024,1024,0,1549,0
1074,3.78200,0.17650,2.73970,0.84500,0.02010,0,0,0,2444,5,0,1024,1024,0,1549,0
1075,3.54700,0.18860,2.58030,0.75990,0.01740,0,0,0,2444,5,0,1024,1024,0,1549,0
1076,4.28640,0.20640,3.28900,0.76980,0.02050,0,0,0,2444,5,0,1024,1024,0,1549,0
1077,3.41530,0.22340,2.47430,0.69890,0.01800,0,0,0,2444,5,0,1024,1024,0,1549,0
1078,3.50480,0.20540,2.55090,0.72930,0.01850,0,0,0,2444,5,0,1024,1024,0,1549,0
1079,3.39910,0.20300,2.44990,0.72260,0.02290,0,0,0,2444,5,0,1024,1024,0,1549,0
1080,3.53290,0.19570,2.57410,0.73890,0.02350,0,0,0,2444,5,0,1024,1024,0,1549,0
1081,5.29210,1.73390,2.74330,0.78200,0.03070,0,0,0,2444,5,0,1024,1024,0,1549,0
1082,5.07460,0.19740,4.00810,0.83420,0.03380,0,0,0,2444,5,0,1024,1024,0,1549,0
1083,3.96190,0.21480,2.95310,0.76340,0.02990,0,0,0,2444,5,0,1024,1024,0,1549,0
1084,3.34130,0.21390,2.36800,0.72890,0.02950,0,0,0,2444,5,0,1024,1024,0,1549,0
1085,4.43620,0.17510,3.46840,0.76300,0.02870,0,0,0,2444,5,0,1024,1024,0,1549,0
1086,3.90270,0.19750,2.77320,0.90550,0.02530,0,0,0,2444,5,0,1024,1024,0,1549,0
1087,4.32720,0.20450,3.31450,0.78410,0.02340,0,0,0,2444,5,0,1024,1024,0,1549,0
1088,3.42900,0.20440,2.44030,0.76010,0.02330,0,0,0,2444,5,0,1024,1024,0,1549,0
1089,4.55330,0.19950,3.57650,0.74750,0.02830,0,0,0,2444,5,0,1024,1024,0,1549,0
1090,3.28170,0.21520,2.28700,0.75030,0.02860,0,0,0,2444,5,0,1024,1024,0,1549,0
1091,3.19620,0.18640,2.28680,0.69680,0.02530,0,0,0,2444,5,0,1024,1024,0,1549,0
1092,3.28170,0.18370,2.26680,0.74710,0.08320,0,0,0,2444,5,0,1024,1024,0,1549,0
1093,3.49950,0.21580,2.44310,0.81220,0.02760,0,0,0,2444,5,0,1024,1024,0,1549,0
1094,3.99890,0.18190,2.92490,0.86160,0.02980,0,0,0,2444,5,0,1024,1024,0,1549,0
1095,3.65460,0.21240,2.59100,0.80510,0.04520,0,0,0,2444,5,0,1024,1024,0,1549,0
1096,4.83870,1.60430,2.35760,0.84540,0.03070,0,0,0,2444,5,0,1024,1024,0,1549,0
1097,3.22190,0.21040,2.25380,0.73190,0.02480,0,0,0,2444,5,0,1024,1024,0,1549,0
1098,3.56150,0.20670,2.49810,0.82960,0.02480,0,0,0,2444,5,0,1024,1024,0,1549,0
1099,3.21200,0.20690,2.25670,0.72090,0.02660,0,0,0,2444,5,0,1024,1024,0,1549,0
1100,3.20570,0.20110,2.17680,0.80000,0.02710,0,0,0,2444,5,0,1024,1024,0,1549,0
1101,3.26050,0.21210,2.26140,0.75980,0.02660,0,0,0,2444,5,0,1024,1024,0,1549,0
1102,3.10060,0.18980,2.16760,0.71420,0.02850,0,0,0,2444,5,0,1024,1024,0,1549,0
1103,3.11770,0.20550,2.16630,0.71810,0.02700,0,0,0,2444,5,0,1024,1024,0,1549,0
1104,3.16860,0.21280,2.23660,0.69480,0.02370,0,0,0,2444,5,0,1024,1024,0,1549,0
1105,3.24690,0.20620,2.25880,0.75510,0.02610,0,0,0,2444,5,0,1024,1024,0,1549,0
1106,3.08570,0.19330,2.15850,0.70660,0.02660,0,0,0,2444,5,0,1024,1024,0,1549,0
1107,3.17810,0.21190,2.16530,0.77440,0.02580,0,0,0,2444,5,0,1024,1024,0,1549,0
1108,3.14050,0.21240,2.17350,0.72810,0.02570,0,0,0,2444,5,0,1024,1024,0,1549,0
1109,3.20420,0.21520,2.19990,0.75820,0.03000,0,0,0,2444,5,0,1024,1024,0,1549,0
1110,3.26600,0.20840,2.20140,0.82910,0.02640,0,0,0,2444,5,0,1024,1024,0,1549,0
1111,7.84190,1.78090,5.20880,0.83050,0.02060,0,0,0,2444,5,0,1024,1024,0,1549,0
1112,5.20000,0.17160,4.19150,0.81610,0.02010,0,0,0,2444,5,0,1024,1024,0,1549,0
1113,7.48550,0.15030,6.35640,0.95880,0.01920,0,0,0,2444,5,0,1024,1024,0,1549,0
1114,5.74500,0.15910,4.75240,0.81420,0.01840,0,0,0,2444,5,0,1024,1024,0,1549,0
1115,4.42780,0.17150,3.43390,0.80510,0.01640,0,0,0,2444,5,0,1024,1024,0,1549,0
1116,4.46630,0.18110,3.43170,0.82620,0.02650,0,0,0,2444,5,0,1024,1024,0,1549,0
1117,4.52050,0.20640,3.50430,0.78720,0.02190,0,0,0,2444,5,0,1024,1024,0,1549,0
1118,4.72200,0.17830,3.67910,0.84390,0.01980,0,0,0,2444,5,0,1024,1024,0,1549,0
1119,4.81390,0.17350,3.83870,0.78370,0.01740,0,0,0,2444,5,0,1024,1024,0,1549,0
1120,3.93650,0.23190,2.90360,0.78020,0.02000,0,0,0,2444,5,0,1024,1024,0,1549,0
1121,4.46410,0.18580,3.35300,0.90730,0.01740,0,0,0,2444,5,0,1024,1024,0,1549,0
1122,4.05780,0.19310,2.99600,0.84520,0.02270,0,0,0,2444,5,0,1024,1024,0,1549,0
1123,3.90880,0.17820,2.92000,0.79330,0.01640,0,0,0,2444,5,0,1024,1024,0,1549,0
1124,4.19120,0.34720,3.03200,0.79280,0.01850,0,0,0,2444,5,0,1024,1024,0,1549,0
1125,4.03680,0.18330,3.05790,0.77630,0.01850,0,0,0,2444,5,0,1024,1024,0,1549,0
1126,6.59690,1.60380,4.12080,0.85520,0.01640,0,0,0,2444,5,0,1024,1024,0,1549,0
1127,3.93750,0.19900,2.87880,0.84130,0.01790,0,0,0,2444,5,0,1024,1024,0,1549,0
1128,4.64620,0.18710,3.64670,0.79250,0.01940,0,0,0,2444,5,0,1024,1024,0,1549,0
1129,3.60590,0.19790,2.64430,0.74650,0.01660,0,0,0,2444,5,0,1024,1024,0,1549,0
1130,3.93390,0.20950,2.93900,0.76850,0.01640,0,0,0,2444,5,0,1024,1024,0,1549,0
1131,3.84300,0.20200,2.82710,0.79600,0.01720,0,0,0,2444,5,0,1024,1024,0,1549,0
1132,3.50410,0.16810,2.58550,0.73160,0.01820,0,0,0,2444,5,0,1024,1024,0,1549,0
1133,3.59130,0.18480,2.62550,0.76190,0.01830,0,0,0,2444,5,0,1024,1024,0,1549,0
1134,3.46860,0.19370,2.55100,0.70380,0.01940,0,0,0,2444,5,0,1024,1024,0,1549,0
1135,3.46930,0.19910,2.54650,0.70340,0.01960,0,0,0,2444,5,0,1024,1024,0,1549,0
1136,3.49600,0.16930,2.53880,0.76740,0.01970,0,0,0,2444,5,0,1024,1024,0,1549,0
1137,3.52160,0.17120,2.57470,0.75690,0.01800,0,0,0,2444,5,0,1024,1024,0,1549,0
1138,3.96990,0.18690,2.92160,0.84020,0.02050,0,0,0,2444,5,0,1024,1024,0,1549,0
1139,3.48050,0.17600,2.53450,0.75320,0.01630,0,0,0,2444,5,0,1024,1024,0,1549,0
1140,3.47570,0.18720,2.55290,0.71540,0.01970,0,0,0,2444,5,0,1024,1024,0,1549,0
1141,5.18240,1.70140,2.70130,0.75950,0.01900,0,0,0,2444,5,0,1024,1024,0,1549,0
1142,3.44750,0.20130,2.48600,0.73520,0.02430,0,0,0,2444,5,0,1024,1024,0,1549,0
1143,3.58700,0.19960,2.58200,0.78410,0.02080,0,0,0,2444,5,0,1024,1024,0,1549,0
1144,3.74170,0.19830,2.67710,0.84240,0.02310,0,0,0,2444,5,0,1024,1024,0,1549,0
1145,3.52650,0.18710,2.54870,0.76860,0.02130,0,0,0,2444,5,0,1024,1024,0,1549,0
1146,3.60440,0.23610,2.55290,0.78940,0.02530,0,0,0,2444,5,0,1024,1024,0,1549,0
1147,3.55310,0.18010,2.55250,0.78580,0.03380,0,0,0,2444,5,0,1024,1024,0,1549,0
1148,3.44380,0.23350,2.42770,0.75780,0.02420,0,0,0,2444,5,0,1024,1024,0,1549,0
1149,3.44540,0.20850,2.47350,0.74010,0.02240,0,0,0,2444,5,0,1024,1024,0,1549,0
1150,3.42340,0.23150,2.38050,0.75670,0.05380,0,0,0,2444,5,0,1024,1024,0,1549,0
1151,3.43770,0.21100,2.43790,0.76290,0.02510,0,0,0,2444,5,0,1024,1024,0,1549,0
1152,3.45800,0.22150,2.38430,0.82530,0.02630,0,0,0,2444,5,0,1024,1024,0,1549,0
1153,3.50830,0.20740,2.42730,0.85120,0.02170,0,0,0,2444,5,0,1024,1024,0,1549,0
1154,3.49680,0.21500,2.39350,0.81730,0.07040,0,0,0,2444,5,0,1024,1024,0,1549,0
1155,3.38240,0.23870,2.35710,0.76250,0.02350,0,0,0,2444,5,0,1024,1024,0,1549,0
1156,4.82280,1.61520,2.40740,0.77710,0.02250,0,0,0,2444,5,0,1024,1024,0,1549,0
1157,3.40550,0.22740,2.36330,0.79460,0.01960,0,0,0,2444,5,0,1024,1024,0,1549,0
1158,3.41320,0.22440,2.37180,0.79530,0.02090,0,0,0,2444,5,0,1024,1024,0,1549,0
1159,3.44490,0.21890,2.41360,0.78880,0.02290,0,0,0,2444,5,0,1024,1024,0,1549,0
1160,3.43450,0.21250,2.38240,0.81660,0.02240,0,0,0,2444,5,0,1024,1024,0,1549,0
1161,3.34590,0.23150,2.34520,0.74450,0.02380,0,0,0,2444,5,0,1024,1024,0,1549,0
1162,3.40410,0.22730,2.37540,0.77630,0.02460,0,0,0,2444,5,0,1024,1024,0,1549,0
1163,3.31670,0.23290,2.30380,0.75300,0.02640,0,0,0,2444,5,0,1024,1024,0,1549,0
1164,3.29090,0.20170,2.32060,0.74280,0.02510,0,0,0,2444,5,0,1024,1024,0,1549,0
1165,3.26200,0.18440,2.31370,0.74000,0.02330,0,0,0,2444,5,0,1024,1024,0,1549,0
1166,3.32600,0.21750,2.34230,0.74280,0.02260,0,0,0,2444,5,0,1024,1024,0,1549,0
1167,3.40350,0.22140,2.35080,0.80780,0.02270,0,0,0,2444,5,0,1024,1024,0,1549,0
1168,3.28740,0.23200,2.24120,0.79120,0.02230,0,0,0,2444,5,0,1024,1024,0,1549,0
1169,3.38570,0.23900,2.34060,0.78430,0.02130,0,0,0,2444,5,0,1024,1024,0,1549,0
1170,3.40000,0.22220,2.35120,0.80110,0.02480,0,0,0,2444,5,0,1024,1024,0,1549,0
1171,4.87800,1.68770,2.34740,0.81100,0.03090,0,0,0,2444,5,0,1024,1024,0,1549,0
1172,3.25550,0.21990,2.19240,0.81010,0.03250,0,0,0,2444,5,0,1024,1024,0,1549,0
1173,3.41200,0.44400,2.22100,0.72090,0.02560,0,0,0,2444,5,0,1024,1024,0,1549,0
1174,3.19520,0.20660,2.23920,0.72360,0.02520,0,0,0,2444,5,0,1024,1024,0,1549,0
1175,3.26440,0.21480,2.28240,0.74080,0.02560,0,0,0,2444,5,0,1024,1024,0,1549,0
1176,3.37080,0.21330,2.25160,0.83960,0.06540,0,0,0,2444,5,0,1024,1024,0,1549,0
1177,3.38680,0.19390,2.37910,0.78740,0.02560,0,0,0,2444,5,0,1024,1024,0,1549,0
1178,3.22460,0.20990,2.20490,0.78090,0.02820,0,0,0,2444,5,0,1024,1024,0,1549,0
1179,3.39010,0.23460,2.33940,0.78920,0.02630,0,0,0,2444,5,0,1024,1024,0,1549,0
1180,3.30700,0.22550,2.20810,0.84300,0.02970,0,0,0,2444,5,0,1024,1024,0,1549,0
1181,3.36860,0.22540,2.31970,0.79490,0.02790,0,0,0,2444,5,0,1024,1024,0,1549,0
1182,3.25320,0.21070,2.25660,0.75830,0.02700,0,0,0,2444,5,0,1024,1024,0,1549,0
1183,3.26240,0.22540,2.20800,0.79810,0.03020,0,0,0,2444,5,0,1024,1024,0,1549,0
1184,3.36790,0.19280,2.37330,0.77340,0.02770,0,0,0,2444,5,0,1024,1024,0,1549,0
1185,3.25710,0.20980,2.25200,0.76720,0.02730,0,0,0,2444,5,0,1024,1024,0,1549,0
1186,4.92220,1.69440,2.33940,0.85920,0.02860,0,0,0,2444,5,0,1024,1024,0,1549,0
1187,3.33500,0.20940,2.30000,0.79720,0.02790,0,0,0,2444,5,0,1024,1024,0,1549,0
1188,3.43770,0.22150,2.33670,0.84760,0.03110,0,0,0,2444,5,0,1024,1024,0,1549,0
1189,3.31960,0.22740,2.23850,0.82170,0.03130,0,0,0,2444,5,0,1024,1024,0,1549,0
1190,3.34960,0.20440,2.29330,0.82230,0.02890,0,0,0,2444,5,0,1024,1024,0,1549,0
1191,3.33280,0.22270,2.25680,0.82320,0.02930,0,0,0,2444,5,0,1024,1024,0,1549,0
1192,3.36540,0.22600,2.32990,0.78340,0.02520,0,0,0,2444,5,0,1024,1024,0,1549,0
1193,3.28570,0.22910,2.25950,0.76780,0.02840,0,0,0,2444,5,0,1024,1024,0,1549,0
1194,3.37480,0.24820,2.32560,0.77420,0.02610,0,0,0,2444,5,0,1024,1024,0,1549,0
1195,3.30690,0.22360,2.27210,0.78230,0.02820,0,0,0,2444,5,0,1024,1024,0,1549,0
1196,3.43510,0.23170,2.35700,0.81510,0.03050,0,0,0,2444,5,0,1024,1024,0,1549,0
1197,3.40310,0.26290,2.32170,0.78740,0.02780,0,0,0,2444,5,0,1024,1024,0,1549,0
1198,3.34940,0.22320,2.25580,0.83790,0.03180,0,0,0,2444,5,0,1024,1024,0,1549,0
1199,3.43570,0.22900,2.31370,0.86110,0.03120,0,0,0,2444,5,0,1024,1024,0,1549,0
1200,3.23670,0.22360,2.17350,0.81050,0.02860,0,0,0,2444,5,0,1024,1024,0,1549,0
1201,4.84420,1.67350,2.39360,0.75250,0.02310,0,0,0,2444,5,0,1024,1024,0,1549,0
1202,3.38690,0.23120,2.27710,0.85030,0.02760,0,0,0,2444,5,0,1024,1024,0,1549,0
1203,3.19220,0.22530,2.18820,0.75320,0.02500,0,0,0,2444,5,0,1024,1024,0,1549,0
1204,3.18400,0.22230,2.20870,0.72670,0.02590,0,0,0,2444,5,0,1024,1024,0,1549,0
1205,3.25910,0.22200,2.18960,0.82000,0.02700,0,0,0,2444,5,0,1024,1024,0,1549,0
1206,3.19040,0.22280,2.22480,0.71360,0.02840,0,0,0,2444,5,0,1024,1024,0,1549,0
1207,3.19880,0.20300,2.21280,0.75570,0.02640,0,0,0,2444,5,0,1024,1024,0,1549,0
1208,3.32800,0.23190,2.24820,0.81820,0.02880,0,0,0,2444,5,0,1024,1024,0,1549,0
1209,3.28610,0.23420,2.21560,0.80530,0.03010,0,0,0,2444,5,0,1024,1024,0,1549,0
1210,3.50540,0.23620,2.45370,0.78990,0.02490,0,0,0,2444,5,0,1024,1024,0,1549,0
1211,3.25590,0.22290,2.17870,0.82520,0.02840,0,0,0,2444,5,0,1024,1024,0,1549,0
1212,3.20580,0.21680,2.12120,0.75290,0.11400,0,0,0,2444,5,0,1024,1024,0,1549,0
1213,3.24280,0.23240,2.22970,0.75330,0.02670,0,0,0,2444,5,0,1024,1024,0,1549,0
1214,3.22410,0.22510,2.20230,0.76960,0.02640,0,0,0,2444,5,0,1024,1024,0,1549,0
1215,3.36800,0.21970,2.25400,0.86280,0.03070,0,0,0,2444,5,0,1024,1024,0,1549,0
1216,5.00490,1.78490,2.39910,0.79100,0.02940,0,0,0,2444,5,0,1024,1024,0,1549,0
1217,3.21430,0.22420,2.18490,0.77710,0.02740,0,0,0,2444,5,0,1024,1024,0,1549,0
1218,3.35420,0.22100,2.22520,0.80970,0.09730,0,0,0,2444,5,0,1024,1024,0,1549,0
1219,3.28290,0.22890,2.19180,0.83300,0.02860,0,0,0,2444,5,0,1024,1024,0,1549,0
1220,3.19980,0.20480,2.17320,0.79330,0.02800,0,0,0,2444,5,0,1024,1024,0,1549,0
1221,3.27320,0.23320,2.22440,0.78620,0.02860,0,0,0,2444,5,0,1024,1024,0,1549,0
1222,3.21890,0.20500,2.20910,0.77740,0.02680,0,0,0,2444,5,0,1024,1024,0,1549,0
1223,3.16960,0.24230,2.11910,0.77900,0.02860,0,0,0,2444,5,0,1024,1024,0,1549,0
1224,3.30820,0.23530,2.22980,0.81070,0.03160,0,0,0,2444,5,0,1024,1024,0,1549,0
1225,3.11700,0.23860,2.05540,0.79420,0.02800,0,0,0,2444,5,0,1024,1024,0,1549,0
1226,3.22190,0.21540,2.20940,0.76830,0.02810,0,0,0,2444,5,0,1024,1024,0,1549,0
1227,3.19940,0.20680,2.19470,0.76930,0.02790,0,0,0,2444,5,0,1024,1024,0,1549,0
1228,3.34370,0.22480,2.32120,0.76780,0.02920,0,0,0,2444,5,0,1024,1024,0,1549,0
1229,3.26300,0.22420,2.14650,0.84930,0.04230,0,0,0,2444,5,0,1024,1024,0,1549,0
1230,3.17390,0.22820,2.10450,0.80990,0.03070,0,0,0,2444,5,0,1024,1024,0,1549,0
1231,7.90430,1.85110,5.17200,0.85590,0.02380,0,0,0,2444,5,0,1024,1024,0,1549,0
1232,6.14860,0.14940,5.12700,0.85540,0.01630,0,0,0,2444,5,0,1024,1024,0,1549,0
1233,4.86660,0.15900,3.90750,0.77350,0.02580,0,0,0,2444,5,0,1024,1024,0,1549,0
1234,4.19330,0.17550,3.20880,0.78760,0.02040,0,0,0,2444,5,0,1024,1024,0,1549,0
1235,4.16210,0.25250,3.13430,0.74600,0.02810,0,0,0,2444,5,0,1024,1024,0,1549,0
1236,3.70500,0.17570,2.74500,0.75720,0.02590,0,0,0,2444,5,0,1024,1024,0,1549,0
1237,4.49710,0.19410,3.44110,0.83990,0.02110,0,0,0,2444,5,0,1024,1024,0,1549,0
1238,3.70510,0.30480,2.57370,0.80040,0.02510,0,0,0,2444,5,0,1024,1024,0,1549,0
1239,3.48750,0.20200,2.52310,0.74300,0.01860,0,0,0,2444,5,0,1024,1024,0,1549,0
1240,3.50390,0.16860,2.56550,0.74330,0.02550,0,0,0,2444,5,0,1024,1024,0,1549,0
1241,3.62990,0.17920,2.67020,0.75810,0.02180,0,0,0,2444,5,0,1024,1024,0,1549,0
1242,3.52860,0.17790,2.58930,0.74240,0.01830,0,0,0,2444,5,0,1024,1024,0,1549,0
1243,3.45720,0.19150,2.51940,0.72540,0.02030,0,0,0,2444,5,0,1024,1024,0,1549,0
1244,3.48470,0.17660,2.54260,0.74660,0.01810,0,0,0,2444,5,0,1024,1024,0,1549,0
1245,3.41120,0.18480,2.45060,0.75220,0.02290,0,0,0,2444,5,0,1024,1024,0,1549,0
1246,5.13590,1.81700,2.49970,0.79210,0.02650,0,0,0,2444,5,0,1024,1024,0,1549,0
1247,3.59050,0.20350,2.59160,0.77130,0.02320,0,0,0,2444,5,0,1024,1024,0,1549,0
1248,3.39430,0.19210,2.39660,0.76940,0.03550,0,0,0,2444,5,0,1024,1024,0,1549,0
1249,3.41820,0.17500,2.50200,0.71930,0.02090,0,0,0,2444,5,0,1024,1024,0,1549,0
1250,3.85890,0.20070,2.83090,0.80520,0.02050,0,0,0,2444,5,0,1024,1024,0,1549,0
1251,3.58090,0.18990,2.56470,0.80150,0.02360,0,0,0,2444,5,0,1024,1024,0,1549,0
1252,3.40540,0.18720,2.43660,0.75680,0.02390,0,0,0,2444,5,0,1024,1024,0,1549,0
1253,4.45920,0.20330,3.44650,0.76500,0.04340,0,0,0,2444,5,0,1024,1024,0,1549,0
1254,3.48890,0.20250,2.47340,0.78860,0.02360,0,0,0,2444,5,0,1024,1024,0,1549,0
1255,3.58210,0.21160,2.58650,0.76100,0.02160,0,0,0,2444,5,0,1024,1024,0,1549,0
1256,4.46060,0.19620,3.45600,0.78100,0.02590,0,0,0,2444,5,0,1024,1024,0,1549,0
1257,3.46190,0.20900,2.42530,0.80100,0.02560,0,0,0,2444,5,0,1024,1024,0,1549,0
1258,3.83430,0.20040,2.73560,0.87310,0.02420,0,0,0,2444,5,0,1024,1024,0,1549,0
1259,3.58360,0.20170,2.46400,0.89110,0.02510,0,0,0,2444,5,0,1024,1024,0,1549,0
1260,3.67270,0.19280,2.59210,0.85820,0.02820,0,0,0,2444,5,0,1024,1024,0,1549,0
1261,6.98650,1.96230,4.11150,0.88650,0.02440,0,0,0,2444,5,0,1024,1024,0,1549,0
1262,4.70280,0.27720,3.58370,0.82030,0.02090,0,0,0,2444,5,0,1024,1024,0,1549,0
1263,4.85550,0.30880,3.68300,0.84400,0.01890,0,0,0,2444,5,0,1024,1024,0,1549,0
1264,5.62500,0.16230,4.62220,0.81460,0.02520,0,0,0,2444,5,0,1024,1024,0,1549,0
1265,5.53220,0.15450,4.55700,0.80100,0.01900,0,0,0,2444,5,0,1024,1024,0,1549,0
1266,4.87750,0.17620,3.89560,0.78460,0.02040,0,0,0,2444,5,0,1024,1024,0,1549,0
1267,4.39730,0.19960,3.35460,0.81610,0.02610,0,0,0,2444,5,0,1024,1024,0,1549,0
1268,4.68760,0.16800,3.72070,0.77400,0.02410,0,0,0,2444,5,0,1024,1024,0,1549,0
1269,3.66690,0.20590,2.70740,0.73410,0.01870,0,0,0,2444,5,0,1024,1024,0,1549,0
1270,3.60930,0.17520,2.59720,0.81300,0.02300,0,0,0,2444,5,0,1024,1024,0,1549,0
1271,3.45540,0.16550,2.51930,0.74630,0.02360,0,0,0,2444,5,0,1024,1024,0,1549,0
1272,3.42610,0.16750,2.48980,0.74420,0.02330,0,0,0,2444,5,0,1024,1024,0,1549,0
1273,3.38630,0.17120,2.45170,0.74070,0.02190,0,0,0,2444,5,0,1024,1024,0,1549,0
1274,3.65260,0.17350,2.71380,0.73840,0.02610,0,0,0,2444,5,0,1024,1024,0,1549,0
1275,4.92090,0.17900,3.95800,0.75910,0.02370,0,0,0,2444,5,0,1024,1024,0,1549,0
1276,5.15990,1.63940,2.72560,0.77580,0.01830,0,0,0,2444,5,0,1024,1024,0,1549,0
1277,3.78340,0.20080,2.73180,0.82260,0.02730,0,0,0,2444,5,0,1024,1024,0,1549,0
1278,4.32250,0.22340,3.18270,0.89240,0.02330,0,0,0,2444,5,0,1024,1024,0,1549,0
1279,5.28570,0.19260,4.10880,0.94890,0.03470,0,0,0,2444,5,0,1024,1024,0,1549,0
1280,4.43230,0.21950,3.29360,0.89680,0.02160,0,0,0,2444,5,0,1024,1024,0,1549,0
1281,5.17600,0.18860,4.10890,0.85570,0.02220,0,0,0,2444,5,0,1024,1024,0,1549,0
1282,4.20290,0.20640,3.18330,0.77390,0.03860,0,0,0,2444,5,0,1024,1024,0,1549,0
1283,3.88830,0.21610,2.81800,0.82670,0.02670,0,0,0,2444,5,0,1024,1024,0,1549,0
1284,4.25530,0.19700,3.20140,0.83160,0.02420,0,0,0,2444,5,0,1024,1024,0,1549,0
1285,4.68410,0.19690,3.37550,1.08790,0.02300,0,0,0,2444,5,0,1024,1024,0,1549,0
1286,4.21500,0.19800,3.04170,0.95500,0.01950,0,0,0,2444,5,0,1024,1024,0,1549,0
1287,3.54670,0.19120,2.46440,0.86750,0.02280,0,0,0,2444,5,0,1024,1024,0,1549,0
1288,3.56970,0.19780,2.52890,0.81850,0.02370,0,0,0,2444,5,0,1024,1024,0,1549,0
1289,3.27320,0.21380,2.28690,0.75110,0.02080,0,0,0,2444,5,0,1024,1024,0,1549,0
1290,3.20840,0.20620,2.24690,0.73290,0.02170,0,0,0,2444,5,0,1024,1024,0,1549,0
1291,4.94370,1.62970,2.37890,0.89840,0.03480,0,0,0,2444,5,0,1024,1024,0,1549,0
1292,3.24400,0.20900,2.24040,0.76390,0.03000,0,0,0,2444,5,0,1024,1024,0,1549,0
1293,3.31620,0.20350,2.32500,0.75980,0.02690,0,0,0,2444,5,0,1024,1024,0,1549,0
1294,3.13850,0.20220,2.19580,0.71380,0.02610,0,0,0,2444,5,0,1024,1024,0,1549,0
1295,3.25240,0.20470,2.27180,0.74750,0.02760,0,0,0,2444,5,0,1024,1024,0,1549,0
1296,3.13550,0.19220,2.20120,0.71540,0.02610,0,0,0,2444,5,0,1024,1024,0,1549,0
1297,3.44060,0.20210,2.28520,0.92020,0.03230,0,0,0,2444,5,0,1024,1024,0,1549,0
1298,3.33650,0.20900,2.34120,0.75930,0.02620,0,0,0,2444,5,0,1024,1024,0,1549,0
1299,3.53000,0.20730,2.37770,0.91020,0.03400,0,0,0,2444,5,0,1024,1024,0,1549,0
1300,3.34590,0.20790,2.33920,0.76940,0.02870,0,0,0,2444,5,0,1024,1024,0,1549,0
1301,3.31580,0.24200,2.29010,0.75530,0.02790,0,0,0,2444,5,0,1024,1024,0,1549,0
1302,3.31840,0.20870,2.30580,0.77380,0.02930,0,0,0,2444,5,0,1024,1024,0,1549,0
1303,3.25040,0.20550,2.27230,0.74200,0.02990,0,0,0,2444,5,0,1024,1024,0,1549,0
1304,3.26750,0.22990,2.27710,0.72430,0.03550,0,0,0,2444,5,0,1024,1024,0,1549,0
1305,3.35940,0.20300,2.25540,0.85880,0.04140,0,0,0,2444,5,0,1024,1024,0,1549,0
1306,4.63600,1.62380,2.25960,0.72220,0.02970,0,0,0,2444,5,0,1024,1024,0,1549,0
1307,3.26120,0.21120,2.29110,0.72640,0.03170,0,0,0,2444,5,0,1024,1024,0,1549,0
1308,3.21330,0.21170,2.22540,0.74480,0.03060,0,0,0,2444,5,0,1024,1024,0,1549,0
1309,3.33460,0.21020,2.31630,0.77660,0.03100,0,0,0,2444,5,0,1024,1024,0,1549,0
1310,3.14940,0.20720,2.21430,0.70130,0.02590,0,0,0,2444,5,0,1024,1024,0,1549,0
1311,3.28390,0.20520,2.26180,0.76090,0.05500,0,0,0,2444,5,0,1024,1024,0,1549,0
1312,3.18840,0.19180,2.13500,0.83170,0.02930,0,0,0,2444,5,0,1024,1024,0,1549,0
1313,3.31420,0.23290,2.25490,0.79280,0.03280,0,0,0,2444,5,0,1024,1024,0,1549,0
1314,3.19670,0.20160,2.16670,0.79920,0.02880,0,0,0,2444,5,0,1024,1024,0,1549,0
1315,3.15690,0.18990,2.18960,0.74510,0.03170,0,0,0,2444,5,0,1024,1024,0,1549,0
1316,3.30130,0.20830,2.33760,0.72820,0.02640,0,0,0,2444,5,0,1024,1024,0,1549,0
1317,3.22250,0.22870,2.24150,0.72490,0.02680,0,0,0,2444,5,0,1024,1024,0,1549,0
1318,3.10790,0.20290,2.16520,0.71590,0.02310,0,0,0,2444,5,0,1024,1024,0,1549,0
1319,3.15880,0.19390,2.16290,0.76940,0.03170,0,0,0,2444,5,0,1024,1024,0,1549,0
1320,3.21110,0.20870,2.20110,0.77170,0.02870,0,0,0,2444,5,0,1024,1024,0,1549,0
1321,6.30830,1.87320,3.59960,0.81050,0.02310,0,0,0,2444,5,0,1024,1024,0,1549,0
1322,4.64180,0.16720,3.67920,0.77400,0.02070,0,0,0,2444,5,0,1024,1024,0,1549,0
1323,4.93660,0.17130,3.78200,0.96300,0.01960,0,0,0,2444,5,0,1024,1024,0,1549,0
1324,4.41150,0.17020,3.43000,0.79540,0.01530,0,0,0,2444,5,0,1024,1024,0,1549,0
1325,4.40130,0.17290,3.40190,0.80910,0.01660,0,0,0,2444,5,0,1024,1024,0,1549,0
1326,4.40930,0.17170,3.44340,0.77860,0.01490,0,0,0,2444,5,0,1024,1024,0,1549,0
1327,4.04100,0.15630,3.11000,0.75940,0.01490,0,0,0,2444,5,0,1024,1024,0,1549,0
1328,4.34430,0.16760,3.38020,0.78120,0.01480,0,0,0,2444,5,0,1024,1024,0,1549,0
1329,4.02280,0.15890,3.03020,0.80710,0.02580,0,0,0,2444,5,0,1024,1024,0,1549,0
1330,3.89370,0.17390,2.89720,0.80620,0.01550,0,0,0,2444,5,0,1024,1024,0,1549,0
1331,4.04700,0.17130,2.82740,1.01370,0.03390,0,0,0,2444,5,0,1024,1024,0,1549,0
1332,4.01290,0.19140,2.98280,0.82180,0.01630,0,0,0,2444,5,0,1024,1024,0,1549,0
1333,3.83740,0.17480,2.79330,0.84480,0.02380,0,0,0,2444,5,0,1024,1024,0,1549,0
1334,3.89910,0.18490,2.90710,0.79030,0.01610,0,0,0,2444,5,0,1024,1024,0,1549,0
1335,4.56560,0.15810,3.61840,0.76970,0.01870,0,0,0,2444,5,0,1024,1024,0,1549,0
1336,5.47310,1.70890,2.95230,0.79500,0.01630,0,0,0,2444,5,0,1024,1024,0,1549,0
1337,3.84020,0.16990,2.87510,0.77500,0.01950,0,0,0,2444,5,0,1024,1024,0,1549,0
1338,3.88150,0.16470,2.91230,0.78750,0.01640,0,0,0,2444,5,0,1024,1024,0,1549,0
1339,3.85690,0.17300,2.90250,0.76280,0.01790,0,0,0,2444,5,0,1024,1024,0,1549,0
1340,3.93970,0.17420,2.94850,0.79950,0.01670,0,0,0,2444,5,0,1024,1024,0,1549,0
1341,5.04170,0.17350,4.00320,0.83580,0.02840,0,0,0,2444,5,0,1024,1024,0,1549,0
1342,3.72670,0.17420,2.79290,0.74070,0.01830,0,0,0,2444,5,0,1024,1024,0,1549,0
1343,3.88640,0.18780,2.88300,0.79900,0.01600,0,0,0,2444,5,0,1024,1024,0,1549,0
1344,3.70270,0.18550,2.76420,0.73510,0.01730,0,0,0,2444,5,0,1024,1024,0,1549,0
1345,3.52240,0.18190,2.53040,0.76550,0.04370,0,0,0,2444,5,0,1024,1024,0,1549,0
1346,3.95440,0.18730,2.87190,0.87820,0.01630,0,0,0,2444,5,0,1024,1024,0,1549,0
1347,3.65180,0.18910,2.66550,0.76170,0.03490,0,0,0,2444,5,0,1024,1024,0,1549,0
1348,3.62750,0.19480,2.69410,0.71830,0.01970,0,0,0,2444,5,0,1024,1024,0,1549,0
1349,3.50370,0.17740,2.57810,0.72850,0.01910,0,0,0,2444,5,0,1024,1024,0,1549,0
1350,3.49460,0.17600,2.53410,0.76340,0.02060,0,0,0,2444,5,0,1024,1024,0,1549,0
1351,6.20170,1.80890,3.58580,0.78450,0.02100,0,0,0,2444,5,0,1024,1024,0,1549,0
1352,4.65930,0.17080,3.70380,0.76710,0.01670,0,0,0,2444,5,0,1024,1024,0,1549,0
1353,3.89200,0.18780,2.90390,0.77620,0.02340,0,0,0,2444,5,0,1024,1024,0,1549,0
1354,3.97810,0.17780,3.00610,0.77690,0.01660,0,0,0,2444,5,0,1024,1024,0,1549,0
1355,5.09830,0.17570,4.09400,0.80560,0.02220,0,0,0,2444,5,0,1024,1024,0,1549,0
1356,5.09110,0.16600,4.07140,0.83150,0.02160,0,0,0,2444,5,0,1024,1024,0,1549,0
1357,3.63870,0.18690,2.66320,0.76890,0.01870,0,0,0,2444,5,0,1024,1024,0,1549,0
1358,3.62800,0.21800,2.63480,0.74890,0.02530,0,0,0,2444,5,0,1024,1024,0,1549,0
1359,3.94340,0.17540,2.91060,0.83740,0.01920,0,0,0,2444,5,0,1024,1024,0,1549,0
1360,3.53590,0.19160,2.53690,0.78350,0.02300,0,0,0,2444,5,0,1024,1024,0,1549,0
1361,3.48540,0.18120,2.53730,0.74670,0.01960,0,0,0,2444,5,0,1024,1024,0,1549,0
1362,4.00500,0.19230,2.96960,0.82240,0.01930,0,0,0,2444,5,0,1024,1024,0,1549,0
1363,3.59640,0.18470,2.57260,0.81740,0.02100,0,0,0,2444,5,0,1024,1024,0,1549,0
1364,3.51580,0.20750,2.59300,0.69780,0.01680,0,0,0,2444,5,0,1024,1024,0,1549,0
1365,3.61300,0.21250,2.63390,0.73850,0.02720,0,0,0,2444,5,0,1024,1024,0,1549,0
1366,6.62590,1.72590,4.05660,0.82150,0.02130,0,0,0,2444,5,0,1024,1024,0,1549,0
1367,3.59590,0.20220,2.59520,0.77960,0.01810,0,0,0,2444,5,0,1024,1024,0,1549,0
1368,3.46570,0.20970,2.47880,0.73950,0.03670,0,0,0,2444,5,0,1024,1024,0,1549,0
1369,3.58020,0.22220,2.59520,0.74200,0.02000,0,0,0,2444,5,0,1024,1024,0,1549,0
1370,3.47730,0.18370,2.53370,0.74140,0.01780,0,0,0,2444,5,0,1024,1024,0,1549,0
1371,3.50860,0.19570,2.57510,0.71840,0.01850,0,0,0,2444,5,0,1024,1024,0,1549,0
1372,3.44910,0.18450,2.51180,0.73120,0.02100,0,0,0,2444,5,0,1024,1024,0,1549,0
1373,3.55710,0.20880,2.57040,0.75840,0.01890,0,0,0,2444,5,0,1024,1024,0,1549,0
1374,3.47010,0.18680,2.52780,0.73540,0.01880,0,0,0,2444,5,0,1024,1024,0,1549,0
1375,3.44350,0.24250,2.43350,0.74660,0.02000,0,0,0,2444,5,0,1024,1024,0,1549,0
1376,3.45870,0.20040,2.49950,0.73590,0.02210,0,0,0,2444,5,0,1024,1024,0,1549,0
1377,3.53480,0.19810,2.52680,0.78660,0.02260,0,0,0,2444,5,0,1024,1024,0,1549,0
1378,3.49340,0.20020,2.47780,0.79360,0.02110,0,0,0,2444,5,0,1024,1024,0,1549,0
1379,3.41040,0.19900,2.45860,0.73090,0.02140,0,0,0,2444,5,0,1024,1024,0,1549,0
1380,3.42510,0.17090,2.47780,0.75160,0.02390,0,0,0,2444,5,0,1024,1024,0,1549,0
1381,5.26640,1.82500,2.53480,0.86990,0.03490,0,0,0,2444,5,0,1024,1024,0,1549,0
1382,3.52570,0.20080,2.42600,0.85680,0.04140,0,0,0,2444,5,0,1024,1024,0,1549,0
1383,3.43700,0.20320,2.44730,0.75890,0.02690,0,0,0,2444,5,0,1024,1024,0,1549,0
1384,3.40010,0.20270,2.42360,0.74080,0.03230,0,0,0,2444,5,0,1024,1024,0,1549,0
1385,3.54860,0.20010,2.45890,0.85510,0.03360,0,0,0,2444,5,0,1024,1024,0,1549,0
1386,3.49710,0.20960,2.49900,0.76010,0.02750,0,0,0,2444,5,0,1024,1024,0,1549,0
1387,3.54750,0.20240,2.43730,0.87370,0.03330,0,0,0,2444,5,0,1024,1024,0,1549,0
1388,3.71490,0.20740,2.55110,0.92040,0.03520,0,0,0,2444,5,0,1024,1024,0,1549,0
1389,3.53570,0.20520,2.53530,0.76940,0.02520,0,0,0,2444,5,0,1024,1024,0,1549,0
1390,3.79380,0.20180,2.63460,0.92180,0.03480,0,0,0,2444,5,0,1024,1024,0,1549,0
1391,3.51080,0.18970,2.51300,0.78170,0.02570,0,0,0,2444,5,0,1024,1024,0,1549,0
1392,3.38760,0.18540,2.43050,0.74710,0.02370,0,0,0,2444,5,0,1024,1024,0,1549,0
1393,3.30460,0.21110,2.30330,0.75490,0.03470,0,0,0,2444,5,0,1024,1024,0,1549,0
1394,3.37400,0.20590,2.37140,0.76680,0.02910,0,0,0,2444,5,0,1024,1024,0,1549,0
1395,3.35210,0.19560,2.38220,0.74760,0.02580,0,0,0,2444,5,0,1024,1024,0,1549,0
1396,5.06850,1.77980,2.36740,0.82430,0.09580,0,0,0,2444,5,0,1024,1024,0,1549,0
1397,3.25770,0.19960,2.31630,0.71990,0.02080,0,0,0,2444,5,0,1024,1024,0,1549,0
1398,3.20020,0.19910,2.25560,0.71940,0.02490,0,0,0,2444,5,0,1024,1024,0,1549,0
1399,3.19650,0.19110,2.24440,0.73940,0.02060,0,0,0,2444,5,0,1024,1024,0,1549,0
1400,3.31120,0.19620,2.36030,0.73160,0.02230,0,0,0,2444,5,0,1024,1024,0,1549,0
1401,3.39950,0.22050,2.33190,0.82130,0.02470,0,0,0,2444,5,0,1024,1024,0,1549,0
1402,3.27000,0.19890,2.32220,0.72410,0.02390,0,0,0,2444,5,0,1024,1024,0,1549,0
1403,3.26400,0.18670,2.31290,0.73700,0.02650,0,0,0,2444,5,0,1024,1024,0,1549,0
1404,3.29610,0.18900,2.34410,0.74050,0.02170,0,0,0,2444,5,0,1024,1024,0,1549,0
1405,3.43460,0.21130,2.35530,0.84220,0.02510,0,0,0,2444,5,0,1024,1024,0,1549,0
1406,3.25600,0.19250,2.26980,0.76090,0.03220,0,0,0,2444,5,0,1024,1024,0,1549,0
1407,3.23900,0.21390,2.26670,0.72080,0.03670,0,0,0,2444,5,0,1024,1024,0,1549,0
1408,3.25870,0.18660,2.26560,0.78360,0.02220,0,0,0,2444,5,0,1024,1024,0,1549,0
1409,3.22780,0.21310,2.26330,0.72700,0.02380,0,0,0,2444,5,0,1024,1024,0,1549,0
1410,3.24650,0.22040,2.26500,0.73620,0.02410,0,0,0,2444,5,0,1024,1024,0,1549,0
1411,6.65250,2.21350,3.53330,0.88250,0.02130,0,0,0,2444,5,0,1024,1024,0,1549,0
1412,5.85360,0.18180,4.85670,0.79320,0.02120,0,0,0,2444,5,0,1024,1024,0,1549,0
1413,4.79650,0.26060,3.72580,0.78620,0.02310,0,0,0,2444,5,0,1024,1024,0,1549,0
1414,5.07260,0.16670,4.01490,0.86900,0.02150,0,0,0,2444,5,0,1024,1024,0,1549,0
1415,3.62920,0.18460,2.68420,0.74030,0.01920,0,0,0,2444,5,0,1024,1024,0,1549,0
1416,3.47210,0.21390,2.51180,0.72670,0.01900,0,0,0,2444,5,0,1024,1024,0,1549,0
1417,3.49940,0.17410,2.55880,0.74640,0.01940,0,0,0,2444,5,0,1024,1024,0,1549,0
1418,3.74960,0.16830,2.50850,1.05080,0.02130,0,0,0,2444,5,0,1024,1024,0,1549,0
1419,3.43840,0.16770,2.52250,0.72890,0.01850,0,0,0,2444,5,0,1024,1024,0,1549,0
1420,3.47450,0.16810,2.51150,0.77360,0.02030,0,0,0,2444,5,0,1024,1024,0,1549,0
1421,3.60880,0.16910,2.64640,0.77330,0.01920,0,0,0,2444,5,0,1024,1024,0,1549,0
1422,3.56520,0.21190,2.58340,0.74670,0.02240,0,0,0,2444,5,0,1024,1024,0,1549,0
1423,3.64790,0.17040,2.69180,0.75750,0.02760,0,0,0,2444,5,0,1024,1024,0,1549,0
1424,3.44680,0.16850,2.51210,0.74370,0.02180,0,0,0,2444,5,0,1024,1024,0,1549,0
1425,3.60500,0.17390,2.64800,0.76420,0.01800,0,0,0,2444,5,0,1024,1024,0,1549,0
1426,6.70590,1.76770,4.12300,0.79300,0.02150,0,0,0,2444,5,0,1024,1024,0,1549,0
1427,3.29280,0.20080,2.34820,0.71840,0.02450,0,0,0,2444,5,0,1024,1024,0,1549,0
1428,3.36970,0.19690,2.39610,0.73290,0.04290,0,0,0,2444,5,0,1024,1024,0,1549,0
1429,3.35450,0.23240,2.34030,0.74940,0.03160,0,0,0,2444,5,0,1024,1024,0,1549,0
1430,3.15810,0.19680,2.21400,0.72370,0.02290,0,0,0,2444,5,0,1024,1024,0,1549,0
1431,3.32240,0.20090,2.36390,0.73250,0.02430,0,0,0,2444,5,0,1024,1024,0,1549,0
1432,3.34010,0.20610,2.34830,0.75900,0.02590,0,0,0,2444,5,0,1024,1024,0,1549,0
1433,3.36340,0.20620,2.36990,0.76010,0.02640,0,0,0,2444,5,0,1024,1024,0,1549,0
1434,3.29450,0.21500,2.31780,0.73540,0.02570,0,0,0,2444,5,0,1024,1024,0,1549,0
1435,3.20690,0.19660,2.24990,0.73380,0.02590,0,0,0,2444,5,0,1024,1024,0,1549,0
1436,3.18990,0.19560,2.20550,0.76480,0.02320,0,0,0,2444,5,0,1024,1024,0,1549,0
1437,3.40880,0.21910,2.33750,0.82180,0.02970,0,0,0,2444,5,0,1024,1024,0,1549,0
1438,3.25780,0.19840,2.29020,0.74060,0.02790,0,0,0,2444,5,0,1024,1024,0,1549,0
1439,3.22940,0.19280,2.21480,0.79540,0.02560,0,0,0,2444,5,0,1024,1024,0,1549,0
1440,3.43790,0.19900,2.39080,0.82050,0.02690,0,0,0,2444,5,0,1024,1024,0,1549,0
1441,5.24700,2.05150,2.39430,0.76490,0.03440,0,0,0,2444,5,0,1024,1024,0,1549,0
1442,3.31670,0.20440,2.28650,0.78580,0.03920,0,0,0,2444,5,0,1024,1024,0,1549,0
1443,3.30290,0.26660,2.26640,0.74460,0.02440,0,0,0,2444,5,0,1024,1024,0,1549,0
1444,3.26870,0.20300,2.27960,0.75780,0.02740,0,0,0,2444,5,0,1024,1024,0,1549,0
1445,3.29750,0.21070,2.26000,0.79970,0.02640,0,0,0,2444,5,0,1024,1024,0,1549,0
1446,3.26960,0.19970,2.23920,0.80250,0.02680,0,0,0,2444,5,0,1024,1024,0,1549,0
1447,3.27730,0.18880,2.28220,0.77380,0.03160,0,0,0,2444,5,0,1024,1024,0,1549,0
1448,3.20580,0.20380,2.22050,0.75460,0.02610,0,0,0,2444,5,0,1024,1024,0,1549,0
1449,3.35850,0.18950,2.31840,0.81160,0.03810,0,0,0,2444,5,0,1024,1024,0,1549,0
1450,3.18820,0.19120,2.21500,0.75160,0.02970,0,0,0,2444,5,0,1024,1024,0,1549,0
1451,3.27390,0.20460,2.28180,0.74870,0.03790,0,0,0,2444,5,0,1024,1024,0,1549,0
1452,3.21520,0.18810,2.20180,0.79380,0.03080,0,0,0,2444,5,0,1024,1024,0,1549,0
1453,3.26360,0.21120,2.27340,0.74900,0.02880,0,0,0,2444,5,0,1024,1024,0,1549,0
1454,3.30680,0.19100,2.24190,0.84500,0.02810,0,0,0,2444,5,0,1024,1024,0,1549,0
1455,3.21450,0.20600,2.23570,0.74410,0.02800,0,0,0,2444,5,0,1024,1024,0,1549,0
1456,5.07210,2.00890,2.28490,0.74950,0.02810,0,0,0,2444,5,0,1024,1024,0,1549,0
1457,3.41180,0.19860,2.43380,0.75470,0.02380,0,0,0,2444,5,0,1024,1024,0,1549,0
1458,3.23760,0.20830,2.26800,0.72980,0.03070,0,0,0,2444,5,0,1024,1024,0,1549,0
1459,3.25160,0.20920,2.26710,0.74440,0.03010,0,0,0,2444,5,0,1024,1024,0,1549,0
1460,3.22720,0.19980,2.27200,0.72540,0.02920,0,0,0,2444,5,0,1024,1024,0,1549,0
1461,3.22940,0.20560,2.19350,0.80200,0.02730,0,0,0,2444,5,0,1024,1024,0,1549,0
1462,3.24150,0.18840,2.20360,0.82270,0.02620,0,0,0,2444,5,0,1024,1024,0,1549,0
1463,3.25140,0.20020,2.30030,0.72160,0.02830,0,0,0,2444,5,0,1024,1024,0,1549,0
1464,3.23960,0.20800,2.26710,0.73720,0.02670,0,0,0,2444,5,0,1024,1024,0,1549,0
1465,3.32440,0.20240,2.20130,0.88320,0.03630,0,0,0,2444,5,0,1024,1024,0,1549,0
1466,3.24270,0.19670,2.23380,0.72480,0.08670,0,0,0,2444,5,0,1024,1024,0,1549,0
1467,3.24890,0.20660,2.21500,0.79330,0.03320,0,0,0,2444,5,0,1024,1024,0,1549,0
1468,3.52790,0.28550,2.30410,0.90400,0.03350,0,0,0,2444,5,0,1024,1024,0,1549,0
1469,3.15480,0.20270,2.18710,0.73780,0.02650,0,0,0,2444,5,0,1024,1024,0,1549,0
1470,3.16560,0.19730,2.19450,0.74770,0.02540,0,0,0,2444,5,0,1024,1024,0,1549,0
1471,5.73150,1.87190,3.04340,0.79490,0.01980,0,0,0,2444,5,0,1024,1024,0,1549,0
1472,4.25860,0.27490,3.21350,0.75190,0.01750,0,0,0,2444,5,0,1024,1024,0,1549,0
1473,4.18180,0.17660,3.18710,0.79270,0.02440,0,0,0,2444,5,0,1024,1024,0,1549,0
1474,3.87550,0.17750,2.94730,0.73230,0.01770,0,0,0,2444,5,0,1024,1024,0,1549,0
1475,3.44610,0.18050,2.53140,0.71190,0.02140,0,0,0,2444,5,0,1024,1024,0,1549,0
1476,3.55820,0.20540,2.53870,0.78700,0.02640,0,0,0,2444,5,0,1024,1024,0,1549,0
1477,3.46550,0.16420,2.51720,0.75970,0.02360,0,0,0,2444,5,0,1024,1024,0,1549,0
1478,3.44340,0.16320,2.54200,0.71780,0.01950,0,0,0,2444,5,0,1024,1024,0,1549,0
1479,3.47640,0.17910,2.52750,0.75070,0.01840,0,0,0,2444,5,0,1024,1024,0,1549,0
1480,3.43080,0.16870,2.50980,0.72800,0.02360,0,0,0,2444,5,0,1024,1024,0,1549,0
1481,3.57920,0.17780,2.59610,0.78040,0.02410,0,0,0,2444,5,0,1024,1024,0,1549,0
1482,3.46280,0.22960,2.44820,0.75490,0.02930,0,0,0,2444,5,0,1024,1024,0,1549,0
1483,3.47540,0.20250,2.51550,0.73400,0.02240,0,0,0,2444,5,0,1024,1024,0,1549,0
1484,3.50630,0.20130,2.49290,0.78100,0.03050,0,0,0,2444,5,0,1024,1024,0,1549,0
1485,3.38210,0.19570,2.45060,0.71350,0.02170,0,0,0,2444,5,0,1024,1024,0,1549,0
1486,5.21410,1.79470,2.63440,0.76270,0.02170,0,0,0,2444,5,0,1024,1024,0,1549,0
1487,3.38930,0.20310,2.41490,0.74270,0.02790,0,0,0,2444,5,0,1024,1024,0,1549,0
1488,3.52710,0.21140,2.48610,0.78630,0.04200,0,0,0,2444,5,0,1024,1024,0,1549,0
1489,3.23470,0.19680,2.29200,0.71670,0.02850,0,0,0,2444,5,0,1024,1024,0,1549,0
1490,3.36660,0.20870,2.41180,0.72160,0.02380,0,0,0,2444,5,0,1024,1024,0,1549,0
1491,3.30180,0.20920,2.25970,0.80670,0.02550,0,0,0,2444,5,0,1024,1024,0,1549,0
1492,3.28300,0.25550,2.26310,0.73930,0.02410,0,0,0,2444,5,0,1024,1024,0,1549,0
1493,3.32820,0.19770,2.35490,0.75010,0.02460,0,0,0,2444,5,0,1024,1024,0,1549,0
1494,3.38250,0.21020,2.35860,0.78580,0.02700,0,0,0,2444,5,0,1024,1024,0,1549,0
1495,3.27480,0.20890,2.22530,0.80600,0.03370,0,0,0,2444,5,0,1024,1024,0,1549,0
1496,3.16250,0.19400,2.17290,0.76720,0.02770,0,0,0,2444,5,0,1024,1024,0,1549,0
1497,3.31790,0.20690,2.29080,0.79360,0.02590,0,0,0,2444,5,0,1024,1024,0,1549,0
1498,3.33640,0.20030,2.28930,0.81960,0.02680,0,0,0,2444,5,0,1024,1024,0,1549,0
1499,3.24000,0.20560,2.20480,0.79710,0.03170,0,0,0,2444,5,0,1024,1024,0,1549,0
1500,3.31830,0.19860,2.27070,0.81880,0.02950,0,0,0,2444,5,0,1024,1024,0,1549,0
1501,5.08810,1.88320,2.42120,0.75160,0.03020,0,0,0,2444,5,0,1024,1024,0,1549,0
1502,3.32210,0.20560,2.28940,0.80160,0.02480,0,0,0,2444,5,0,1024,1024,0,1549,0
1503,3.16600,0.20730,2.16480,0.76420,0.02890,0,0,0,2444,5,0,1024,1024,0,1549,0
1504,3.24350,0.20880,2.26040,0.74630,0.02730,0,0,0,2444,5,0,1024,1024,0,1549,0
1505,3.36120,0.20450,2.33220,0.79440,0.02930,0,0,0,2444,5,0,1024,1024,0,1549,0
1506,3.22380,0.21030,2.22920,0.75860,0.02500,0,0,0,2444,5,0,1024,1024,0,1549,0
1507,3.24810,0.19520,2.28660,0.73900,0.02670,0,0,0,2444,5,0,1024,1024,0,1549,0
1508,3.16330,0.22400,2.15330,0.75790,0.02730,0,0,0,2444,5,0,1024,1024,0,1549,0
1509,3.23210,0.20680,2.26380,0.73480,0.02590,0,0,0,2444,5,0,1024,1024,0,1549,0
1510,3.25660,0.20400,2.21910,0.80430,0.02840,0,0,0,2444,5,0,1024,1024,0,1549,0
1511,3.30670,0.20850,2.33790,0.73290,0.02640,0,0,0,2444,5,0,1024,1024,0,1549,0
1512,3.22910,0.19990,2.22820,0.77540,0.02490,0,0,0,2444,5,0,1024,1024,0,1549,0
1513,3.24110,0.18030,2.25560,0.77140,0.03290,0,0,0,2444,5,0,1024,1024,0,1549,0
1514,3.12370,0.20850,2.14510,0.74510,0.02420,0,0,0,2444,5,0,1024,1024,0,1549,0
1515,3.21690,0.19630,2.20330,0.77950,0.03670,0,0,0,2444,5,0,1024,1024,0,1549,0
1516,5.28770,1.95810,2.51250,0.79190,0.02330,0,0,0,2444,5,0,1024,1024,0,1549,0
1517,3.18840,0.21500,2.20970,0.74100,0.02130,0,0,0,2444,5,0,1024,1024,0,1549,0
1518,3.17770,0.18090,2.22450,0.74750,0.02390,0,0,0,2444,5,0,1024,1024,0,1549,0
1519,3.45670,0.21520,2.31990,0.89310,0.02750,0,0,0,2444,5,0,1024,1024,0,1549,0
1520,3.29290,0.21410,2.25680,0.79700,0.02420,0,0,0,2444,5,0,1024,1024,0,1549,0
1521,3.17410,0.20820,2.17750,0.76270,0.02430,0,0,0,2444,5,0,1024,1024,0,1549,0
1522,3.29050,0.19390,2.26880,0.80250,0.02400,0,0,0,2444,5,0,1024,1024,0,1549,0
1523,3.58790,0.20390,2.51890,0.84080,0.02370,0,0,0,2444,5,0,1024,1024,0,1549,0
1524,3.18260,0.21580,2.20450,0.73770,0.02410,0,0,0,2444,5,0,1024,1024,0,1549,0
1525,3.46770,0.20630,2.43280,0.79470,0.03270,0,0,0,2444,5,0,1024,1024,0,1549,0
1526,3.23130,0.21890,2.23140,0.75130,0.02850,0,0,0,2444,5,0,1024,1024,0,1549,0
1527,3.76280,0.21480,2.76340,0.75440,0.02920,0,0,0,2444,5,0,1024,1024,0,1549,0
1528,3.19570,0.20580,2.25070,0.71090,0.02720,0,0,0,2444,5,0,1024,1024,0,1549,0
1529,3.23380,0.20970,2.26420,0.73590,0.02310,0,0,0,2444,5,0,1024,1024,0,1549,0
1530,3.27460,0.21950,2.28080,0.74550,0.02810,0,0,0,2444,5,0,1024,1024,0,1549,0
1531,6.58100,1.93230,3.84370,0.78120,0.02250,0,0,0,2444,5,0,1024,1024,0,1549,0
1532,4.79640,0.25270,3.76250,0.75260,0.02760,0,0,0,2444,5,0,1024,1024,0,1549,0
1533,5.51310,0.17150,4.47920,0.82570,0.03580,0,0,0,2444,5,0,1024,1024,0,1549,0
1534,5.42050,0.17360,4.44810,0.77730,0.02070,0,0,0,2444,5,0,1024,1024,0,1549,0
1535,3.54160,0.18120,2.58890,0.74870,0.02200,0,0,0,2444,5,0,1024,1024,0,1549,0
1536,3.49910,0.17780,2.60570,0.69660,0.01820,0,0,0,2444,5,0,1024,1024,0,1549,0
1537,3.76840,0.17700,2.51380,1.05650,0.02070,0,0,0,2444,5,0,1024,1024,0,1549,0
1538,3.48780,0.17460,2.51650,0.77180,0.02400,0,0,0,2444,5,0,1024,1024,0,1549,0
1539,3.46330,0.17620,2.53280,0.73190,0.02160,0,0,0,2444,5,0,1024,1024,0,1549,0
1540,3.55080,0.17070,2.54310,0.80510,0.03120,0,0,0,2444,5,0,1024,1024,0,1549,0
1541,4.51310,0.18400,3.54610,0.76360,0.01880,0,0,0,2444,5,0,1024,1024,0,1549,0
1542,3.54310,0.18690,2.57600,0.75070,0.02890,0,0,0,2444,5,0,1024,1024,0,1549,0
1543,3.42080,0.18250,2.44680,0.76130,0.02950,0,0,0,2444,5,0,1024,1024,0,1549,0
1544,3.58470,0.18910,2.55860,0.81440,0.02180,0,0,0,2444,5,0,1024,1024,0,1549,0
1545,3.42020,0.16580,2.48860,0.74180,0.02320,0,0,0,2444,5,0,1024,1024,0,1549,0
1546,5.08910,1.76800,2.54540,0.75570,0.01880,0,0,0,2444,5,0,1024,1024,0,1549,0
1547,3.39500,0.22560,2.39180,0.75240,0.02450,0,0,0,2444,5,0,1024,1024,0,1549,0
1548,3.24630,0.19930,2.26100,0.76080,0.02440,0,0,0,2444,5,0,1024,1024,0,1549,0
1549,3.36450,0.21220,2.36400,0.76290,0.02460,0,0,0,2444,5,0,1024,1024,0,1549,0
1550,3.44530,0.21140,2.40770,0.79970,0.02560,0,0,0,2444,5,0,1024,1024,0,1549,0
1551,3.28770,0.20970,2.32910,0.72600,0.02210,0,0,0,2444,5,0,1024,1024,0,1549,0
1552,3.27700,0.21290,2.30490,0.73010,0.02830,0,0,0,2444,5,0,1024,1024,0,1549,0
1553,3.28350,0.21010,2.30420,0.74330,0.02510,0,0,0,2444,5,0,1024,1024,0,1549,0
1554,3.39180,0.21310,2.40410,0.74800,0.02590,0,0,0,2444,5,0,1024,1024,0,1549,0
1555,3.26380,0.23510,2.25940,0.73860,0.02980,0,0,0,2444,5,0,1024,1024,0,1549,0
1556,3.32010,0.21360,2.34840,0.73550,0.02180,0,0,0,2444,5,0,1024,1024,0,1549,0
1557,3.35830,0.21070,2.32120,0.80360,0.02200,0,0,0,2444,5,0,1024,1024,0,1549,0
1558,3.25420,0.20640,2.29860,0.72520,0.02330,0,0,0,2444,5,0,1024,1024,0,1549,0
1559,3.37680,0.22240,2.28280,0.84600,0.02490,0,0,0,2444,5,0,1024,1024,0,1549,0
1560,3.32510,0.20680,2.37820,0.71320,0.02610,0,0,0,2444,5,0,1024,1024,0,1549,0
1561,5.09320,1.78850,2.42540,0.84180,0.03540,0,0,0,2444,5,0,1024,1024,0,1549,0
1562,3.43490,0.19020,2.32030,0.78190,0.14060,0,0,0,2444,5,0,1024,1024,0,1549,0
1563,3.21460,0.21330,2.22930,0.74300,0.02810,0,0,0,2444,5,0,1024,1024,0,1549,0
1564,3.44960,0.20240,2.46520,0.75500,0.02620,0,0,0,2444,5,0,1024,1024,0,1549,0
1565,3.33040,0.20810,2.33800,0.75710,0.02640,0,0,0,2444,5,0,1024,1024,0,1549,0
1566,3.37330,0.19750,2.30210,0.83480,0.03820,0,0,0,2444,5,0,1024,1024,0,1549,0
1567,3.17830,0.19490,2.21170,0.74360,0.02720,0,0,0,2444,5,0,1024,1024,0,1549,0
1568,3.23300,0.20220,2.26540,0.73730,0.02730,0,0,0,2444,5,0,1024,1024,0,1549,0
1569,3.41860,0.19920,2.44820,0.74320,0.02720,0,0,0,2444,5,0,1024,1024,0,1549,0
1570,3.32170,0.20220,2.32700,0.76360,0.02790,0,0,0,2444,5,0,1024,1024,0,1549,0
1571,3.28880,0.20210,2.30900,0.74940,0.02750,0,0,0,2444,5,0,1024,1024,0,1549,0
1572,3.33960,0.24910,2.29240,0.76720,0.03030,0,0,0,2444,5,0,1024,1024,0,1549,0
1573,3.25490,0.19420,2.26660,0.76440,0.02880,0,0,0,2444,5,0,1024,1024,0,1549,0
1574,3.05130,0.20060,2.10270,0.72030,0.02680,0,0,0,2444,5,0,1024,1024,0,1549,0
1575,3.29960,0.20620,2.30490,0.75870,0.02890,0,0,0,2444,5,0,1024,1024,0,1549,0
1576,4.87810,1.76780,2.30830,0.77330,0.02800,0,0,0,2444,5,0,1024,1024,0,1549,0
1577,3.35160,0.21580,2.23410,0.87340,0.02740,0,0,0,2444,5,0,1024,1024,0,1549,0
1578,3.33330,0.22170,2.33830,0.74750,0.02490,0,0,0,2444,5,0,1024,1024,0,1549,0
1579,3.31050,0.19180,2.27640,0.80860,0.03310,0,0,0,2444,5,0,1024,1024,0,1549,0
1580,3.32680,0.22330,2.32850,0.75000,0.02430,0,0,0,2444,5,0,1024,1024,0,1549,0
1581,3.29570,0.22110,2.26660,0.77760,0.02960,0,0,0,2444,5,0,1024,1024,0,1549,0
1582,3.39080,0.20720,2.30390,0.85150,0.02740,0,0,0,2444,5,0,1024,1024,0,1549,0
1583,3.45240,0.22680,2.37660,0.82080,0.02740,0,0,0,2444,5,0,1024,1024,0,1549,0
1584,3.35740,0.19000,2.37670,0.76260,0.02740,0,0,0,2444,5,0,1024,1024,0,1549,0
1585,3.45090,0.22880,2.29310,0.90070,0.02760,0,0,0,2444,5,0,1024,1024,0,1549,0
1586,3.19830,0.18160,2.25280,0.73930,0.02380,0,0,0,2444,5,0,1024,1024,0,1549,0
1587,3.28980,0.20860,2.25170,0.80450,0.02430,0,0,0,2444,5,0,1024,1024,0,1549,0
1588,3.35010,0.21730,2.35960,0.74680,0.02480,0,0,0,2444,5,0,1024,1024,0,1549,0
1589,3.17270,0.21570,2.20740,0.72470,0.02390,0,0,0,2444,5,0,1024,1024,0,1549,0
1590,3.16370,0.19090,2.21950,0.72870,0.02380,0,0,0,2444,5,0,1024,1024,0,1549,0
1591,5.91790,2.08650,2.95850,0.84560,0.02590,0,0,0,2444,5,0,1024,1024,0,1549,0
1592,4.01130,0.21540,2.96050,0.81690,0.01780,0,0,0,2444,5,0,1024,1024,0,1549,0
1593,4.14150,0.17790,3.14510,0.79470,0.02280,0,0,0,2444,5,0,1024,1024,0,1549,0
1594,4.28560,0.16970,3.20450,0.88890,0.02160,0,0,0,2444,5,0,1024,1024,0,1549,0
1595,3.61320,0.18360,2.64920,0.75750,0.02210,0,0,0,2444,5,0,1024,1024,0,1549,0
1596,3.54730,0.18000,2.57460,0.76180,0.02950,0,0,0,2444,5,0,1024,1024,0,1549,0
1597,3.58550,0.17770,2.56300,0.82180,0.02230,0,0,0,2444,5,0,1024,1024,0,1549,0
1598,5.03500,0.16830,4.06490,0.77630,0.02470,0,0,0,2444,5,0,1024,1024,0,1549,0
1599,3.47850,0.18290,2.44480,0.77050,0.07940,0,0,0,2444,5,0,1024,1024,0,1549,0
1600,3.49960,0.21190,2.52770,0.73870,0.02070,0,0,0,2444,5,0,1024,1024,0,1549,0
1601,3.44480,0.18110,2.49660,0.74260,0.02380,0,0,0,2444,5,0,1024,1024,0,1549,0
1602,3.42750,0.19410,2.45330,0.75510,0.02420,0,0,0,2444,5,0,1024,1024,0,1549,0
1603,4.38160,0.21830,3.34050,0.80040,0.02160,0,0,0,2444,5,0,1024,1024,0,1549,0
1604,3.38900,0.20580,2.39260,0.76460,0.02530,0,0,0,2444,5,0,1024,1024,0,1549,0
1605,3.43540,0.18640,2.47450,0.75320,0.02040,0,0,0,2444,5,0,1024,1024,0,1549,0
1606,5.09150,1.80170,2.50680,0.75340,0.02890,0,0,0,2444,5,0,1024,1024,0,1549,0
1607,3.45380,0.20270,2.41490,0.78750,0.04780,0,0,0,2444,5,0,1024,1024,0,1549,0
1608,3.23610,0.22840,2.25020,0.73040,0.02620,0,0,0,2444,5,0,1024,1024,0,1549,0
1609,3.24410,0.22600,2.25650,0.73980,0.02090,0,0,0,2444,5,0,1024,1024,0,1549,0
1610,3.34500,0.18600,2.37230,0.76170,0.02400,0,0,0,2444,5,0,1024,1024,0,1549,0
1611,3.22380,0.21100,2.22840,0.76070,0.02300,0,0,0,2444,5,0,1024,1024,0,1549,0
1612,3.46290,0.20720,2.42470,0.81060,0.01960,0,0,0,2444,5,0,1024,1024,0,1549,0
1613,3.25670,0.21130,2.28770,0.73440,0.02250,0,0,0,2444,5,0,1024,1024,0,1549,0
1614,3.34920,0.19210,2.31520,0.81630,0.02460,0,0,0,2444,5,0,1024,1024,0,1549,0
1615,3.15110,0.20570,2.18790,0.73330,0.02360,0,0,0,2444,5,0,1024,1024,0,1549,0
1616,3.41600,0.20840,2.42300,0.75060,0.03310,0,0,0,2444,5,0,1024,1024,0,1549,0
1617,3.29780,0.22830,2.28430,0.76270,0.02170,0,0,0,2444,5,0,1024,1024,0,1549,0
1618,3.39230,0.20210,2.34750,0.82280,0.01910,0,0,0,2444,5,0,1024,1024,0,1549,0
1619,3.04390,0.19870,2.09370,0.72650,0.02420,0,0,0,2444,5,0,1024,1024,0,1549,0
1620,3.26190,0.20940,2.28630,0.74490,0.02030,0,0,0,2444,5,0,1024,1024,0,1549,0
1621,5.05710,1.74550,2.34880,0.93130,0.02930,0,0,0,2444,5,0,1024,1024,0,1549,0
1622,3.39100,0.20210,2.28860,0.87220,0.02720,0,0,0,2444,5,0,1024,1024,0,1549,0
1623,3.30360,0.19800,2.31700,0.73840,0.04920,0,0,0,2444,5,0,1024,1024,0,1549,0
1624,3.37810,0.21010,2.34430,0.78070,0.04210,0,0,0,2444,5,0,1024,1024,0,1549,0
1625,3.34900,0.20660,2.33950,0.77890,0.02320,0,0,0,2444,5,0,1024,1024,0,1549,0
1626,3.31460,0.19690,2.33870,0.75280,0.02530,0,0,0,2444,5,0,1024,1024,0,1549,0
1627,3.13450,0.20550,2.17160,0.72990,0.02670,0,0,0,2444,5,0,1024,1024,0,1549,0
1628,3.13570,0.20970,2.13340,0.74320,0.04870,0,0,0,2444,5,0,1024,1024,0,1549,0
1629,3.35070,0.21040,2.32400,0.78810,0.02740,0,0,0,2444,5,0,1024,1024,0,1549,0
1630,3.26880,0.19880,2.25760,0.78670,0.02480,0,0,0,2444,5,0,1024,1024,0,1549,0
1631,3.41810,0.22350,2.28690,0.87560,0.03140,0,0,0,2444,5,0,1024,1024,0,1549,0
1632,3.33910,0.19900,2.32260,0.77520,0.04120,0,0,0,2444,5,0,1024,1024,0,1549,0
1633,3.34160,0.21950,2.34610,0.74770,0.02730,0,0,0,2444,5,0,1024,1024,0,1549,0
1634,3.35720,0.19910,2.33860,0.79000,0.02860,0,0,0,2444,5,0,1024,1024,0,1549,0
1635,3.32150,0.20080,2.29620,0.79560,0.02820,0,0,0,2444,5,0,1024,1024,0,1549,0
1636,5.08490,1.88650,2.35830,0.81730,0.02140,0,0,0,2444,5,0,1024,1024,0,1549,0
1637,3.25930,0.21630,2.23540,0.78360,0.02320,0,0,0,2444,5,0,1024,1024,0,1549,0
1638,3.32540,0.20770,2.33990,0.75110,0.02600,0,0,0,2444,5,0,1024,1024,0,1549,0
1639,3.30640,0.23000,2.28380,0.76440,0.02720,0,0,0,2444,5,0,1024,1024,0,1549,0
1640,3.45400,0.20270,2.46350,0.75930,0.02760,0,0,0,2444,5,0,1024,1024,0,1549,0
1641,3.75000,0.20960,2.74450,0.76990,0.02520,0,0,0,2444,5,0,1024,1024,0,1549,0
1642,3.35100,0.21560,2.33920,0.77120,0.02440,0,0,0,2444,5,0,1024,1024,0,1549,0
1643,3.26910,0.22330,2.25780,0.75910,0.02800,0,0,0,2444,5,0,1024,1024,0,1549,0
1644,3.18540,0.19920,2.22750,0.72900,0.02890,0,0,0,2444,5,0,1024,1024,0,1549,0
1645,3.27820,0.20330,2.31370,0.73380,0.02670,0,0,0,2444,5,0,1024,1024,0,1549,0
1646,3.27880,0.20370,2.16400,0.88230,0.02790,0,0,0,2444,5,0,1024,1024,0,1549,0
1647,3.46620,0.21060,2.32160,0.88170,0.05140,0,0,0,2444,5,0,1024,1024,0,1549,0
1648,3.25990,0.20370,2.18700,0.83870,0.02980,0,0,0,2444,5,0,1024,1024,0,1549,0
1649,3.41960,0.21740,2.31530,0.85830,0.02800,0,0,0,2444,5,0,1024,1024,0,1549,0
1650,3.18690,0.22470,2.20460,0.73090,0.02600,0,0,0,2444,5,0,1024,1024,0,1549,0
1651,7.05720,2.98860,3.17370,0.86580,0.02690,0,0,0,2444,5,0,1024,1024,0,1549,0
1652,4.05140,0.19450,3.01740,0.81180,0.02700,0,0,0,2444,5,0,1024,1024,0,1549,0
1653,3.98250,0.17700,3.01480,0.77000,0.02010,0,0,0,2444,5,0,1024,1024,0,1549,0
1654,4.15260,0.17200,3.14810,0.81000,0.02170,0,0,0,2444,5,0,1024,1024,0,1549,0
1655,3.61830,0.23140,2.61350,0.74610,0.02640,0,0,0,2444,5,0,1024,1024,0,1549,0
1656,3.46510,0.17820,2.52560,0.73550,0.02500,0,0,0,2444,5,0,1024,1024,0,1549,0
1657,3.43990,0.17550,2.50450,0.73160,0.02760,0,0,0,2444,5,0,1024,1024,0,1549,0
1658,3.47430,0.17890,2.52800,0.74680,0.01990,0,0,0,2444,5,0,1024,1024,0,1549,0
1659,3.43040,0.17090,2.51890,0.72150,0.01840,0,0,0,2444,5,0,1024,1024,0,1549,0
1660,3.55840,0.18320,2.56500,0.78760,0.02200,0,0,0,2444,5,0,1024,1024,0,1549,0
1661,3.31880,0.20030,2.32760,0.75850,0.03160,0,0,0,2444,5,0,1024,1024,0,1549,0
1662,3.15980,0.20620,2.20400,0.72120,0.02740,0,0,0,2444,5,0,1024,1024,0,1549,0
1663,3.29680,0.20580,2.30880,0.75300,0.02850,0,0,0,2444,5,0,1024,1024,0,1549,0
1664,3.45620,0.20710,2.46230,0.75570,0.03030,0,0,0,2444,5,0,1024,1024,0,1549,0
1665,3.32370,0.19710,2.32600,0.77320,0.02600,0,0,0,2444,5,0,1024,1024,0,1549,0
1666,4.91160,1.76900,2.39090,0.72650,0.02450,0,0,0,2444,5,0,1024,1024,0,1549,0
1667,3.38740,0.18820,2.34090,0.83210,0.02530,0,0,0,2444,5,0,1024,1024,0,1549,0
1668,3.32850,0.21070,2.32450,0.75920,0.03280,0,0,0,2444,5,0,1024,1024,0,1549,0
1669,3.27580,0.20280,2.30870,0.73750,0.02590,0,0,0,2444,5,0,1024,1024,0,1549,0
1670,3.39910,0.21820,2.38510,0.76860,0.02630,0,0,0,2444,5,0,1024,1024,0,1549,0
1671,3.17400,0.22330,2.17480,0.75060,0.02460,0,0,0,2444,5,0,1024,1024,0,1549,0
1672,3.19660,0.19790,2.17350,0.79870,0.02570,0,0,0,2444,5,0,1024,1024,0,1549,0
1673,3.22060,0.19950,2.27680,0.71820,0.02530,0,0,0,2444,5,0,1024,1024,0,1549,0
1674,3.26430,0.19660,2.21510,0.81800,0.03390,0,0,0,2444,5,0,1024,1024,0,1549,0
1675,3.33420,0.21580,2.26870,0.82100,0.02780,0,0,0,2444,5,0,1024,1024,0,1549,0
1676,3.21570,0.20890,2.25410,0.72500,0.02720,0,0,0,2444,5,0,1024,1024,0,1549,0
1677,3.18360,0.22100,2.18720,0.74850,0.02610,0,0,0,2444,5,0,1024,1024,0,1549,0
1678,3.27940,0.22250,2.27870,0.74980,0.02770,0,0,0,2444,5,0,1024,1024,0,1549,0
1679,3.25670,0.20880,2.25970,0.75870,0.02880,0,0,0,2444,5,0,1024,1024,0,1549,0
1680,3.16720,0.21080,2.20300,0.72580,0.02680,0,0,0,2444,5,0,1024,1024,0,1549,0
1681,6.49280,1.84350,3.77010,0.79300,0.08470,0,0,0,2444,5,0,1024,1024,0,1549,0
1682,4.81960,0.17160,3.80620,0.81840,0.02260,0,0,0,2444,5,0,1024,1024,0,1549,0
1683,5.58580,0.16480,4.57840,0.82030,0.02180,0,0,0,2444,5,0,1024,1024,0,1549,0
1684,5.06680,0.16360,4.06410,0.81730,0.02090,0,0,0,2444,5,0,1024,1024,0,1549,0
1685,3.61450,0.17580,2.61550,0.75320,0.06920,0,0,0,2444,5,0,1024,1024,0,1549,0
1686,3.94310,0.21800,2.92170,0.77710,0.02530,0,0,0,2444,5,0,1024,1024,0,1549,0
1687,3.62030,0.16940,2.68340,0.74440,0.02220,0,0,0,2444,5,0,1024,1024,0,1549,0
1688,3.86610,0.16500,2.89900,0.78020,0.02110,0,0,0,2444,5,0,1024,1024,0,1549,0
1689,3.92770,0.17470,2.95980,0.77450,0.01790,0,0,0,2444,5,0,1024,1024,0,1549,0
1690,3.50320,0.17990,2.57200,0.73130,0.01870,0,0,0,2444,5,0,1024,1024,0,1549,0
1691,3.63100,0.21680,2.64160,0.75230,0.01910,0,0,0,2444,5,0,1024,1024,0,1549,0
1692,3.54360,0.21820,2.56870,0.73610,0.01990,0,0,0,2444,5,0,1024,1024,0,1549,0
1693,3.52200,0.18230,2.57790,0.74150,0.01960,0,0,0,2444,5,0,1024,1024,0,1549,0
1694,3.42350,0.17720,2.49910,0.72640,0.02030,0,0,0,2444,5,0,1024,1024,0,1549,0
1695,3.62240,0.17730,2.58490,0.83620,0.02330,0,0,0,2444,5,0,1024,1024,0,1549,0
1696,5.17060,1.79920,2.63690,0.71390,0.02000,0,0,0,2444,5,0,1024,1024,0,1549,0
1697,3.35490,0.16580,2.43050,0.73530,0.02260,0,0,0,2444,5,0,1024,1024,0,1549,0
1698,3.58290,0.20220,2.54210,0.81390,0.02280,0,0,0,2444,5,0,1024,1024,0,1549,0
1699,3.41980,0.19800,2.44020,0.74970,0.03100,0,0,0,2444,5,0,1024,1024,0,1549,0
1700,3.62620,0.20180,2.62680,0.77430,0.02280,0,0,0,2444,5,0,1024,1024,0,1549,0
1701,3.67500,0.47770,2.36340,0.80040,0.03260,0,0,0,2444,5,0,1024,1024,0,1549,0
1702,3.40670,0.19850,2.38660,0.79870,0.02210,0,0,0,2444,5,0,1024,1024,0,1549,0
1703,3.42670,0.20130,2.41360,0.78560,0.02550,0,0,0,2444,5,0,1024,1024,0,1549,0
1704,3.29160,0.20180,2.29430,0.76870,0.02600,0,0,0,2444,5,0,1024,1024,0,1549,0
1705,3.25810,0.21540,2.26400,0.75160,0.02630,0,0,0,2444,5,0,1024,1024,0,1549,0
1706,3.38020,0.21360,2.39500,0.74370,0.02720,0,0,0,2444,5,0,1024,1024,0,1549,0
1707,3.22520,0.20190,2.28140,0.71640,0.02480,0,0,0,2444,5,0,1024,1024,0,1549,0
1708,3.23270,0.20490,2.25330,0.74640,0.02720,0,0,0,2444,5,0,1024,1024,0,1549,0
1709,3.24870,0.21770,2.28150,0.72060,0.02820,0,0,0,2444,5,0,1024,1024,0,1549,0
1710,3.40690,0.19270,2.32320,0.86160,0.02830,0,0,0,2444,5,0,1024,1024,0,1549,0
1711,4.94430,1.81970,2.35220,0.74300,0.02770,0,0,0,2444,5,0,1024,1024,0,1549,0
1712,3.44040,0.21300,2.29330,0.90250,0.03050,0,0,0,2444,5,0,1024,1024,0,1549,0
1713,3.31680,0.21380,2.32650,0.75210,0.02360,0,0,0,2444,5,0,1024,1024,0,1549,0
1714,3.26840,0.21120,2.25870,0.77030,0.02720,0,0,0,2444,5,0,1024,1024,0,1549,0
1715,3.31130,0.20840,2.32610,0.74880,0.02700,0,0,0,2444,5,0,1024,1024,0,1549,0
1716,3.26070,0.20070,2.28400,0.74840,0.02630,0,0,0,2444,5,0,1024,1024,0,1549,0
1717,3.25370,0.19990,2.28770,0.73980,0.02530,0,0,0,2444,5,0,1024,1024,0,1549,0
1718,3.35790,0.21130,2.32180,0.79670,0.02710,0,0,0,2444,5,0,1024,1024,0,1549,0
1719,3.38600,0.20860,2.39990,0.74840,0.02820,0,0,0,2444,5,0,1024,1024,0,1549,0
1720,3.22380,0.19580,2.25180,0.74880,0.02670,0,0,0,2444,5,0,1024,1024,0,1549,0
1721,3.23950,0.21050,2.26870,0.73280,0.02690,0,0,0,2444,5,0,1024,1024,0,1549,0
1722,3.32350,0.25800,2.27680,0.75950,0.02830,0,0,0,2444,5,0,1024,1024,0,1549,0
1723,3.18890,0.18920,2.25940,0.71240,0.02710,0,0,0,2444,5,0,1024,1024,0,1549,0
1724,3.21700,0.20070,2.24120,0.74840,0.02620,0,0,0,2444,5,0,1024,1024,0,1549,0
1725,3.18790,0.20280,2.21500,0.74370,0.02560,0,0,0,2444,5,0,1024,1024,0,1549,0
1726,4.90820,1.77330,2.33610,0.76860,0.02930,0,0,0,2444,5,0,1024,1024,0,1549,0
1727,3.25800,0.21690,2.27380,0.73890,0.02770,0,0,0,2444,5,0,1024,1024,0,1549,0
1728,3.09060,0.20720,2.11070,0.74530,0.02660,0,0,0,2444,5,0,1024,1024,0,1549,0
1729,3.22090,0.19980,2.26700,0.72570,0.02780,0,0,0,2444,5,0,1024,1024,0,1549,0
1730,3.14290,0.20910,2.18460,0.72200,0.02650,0,0,0,2444,5,0,1024,1024,0,1549,0
1731,3.29830,0.20000,2.28080,0.78900,0.02770,0,0,0,2444,5,0,1024,1024,0,1549,0
1732,3.25320,0.20020,2.27730,0.74960,0.02530,0,0,0,2444,5,0,1024,1024,0,1549,0
1733,3.25000,0.22590,2.24040,0.75150,0.03150,0,0,0,2444,5,0,1024,1024,0,1549,0
1734,3.29500,0.19910,2.33850,0.72620,0.03030,0,0,0,2444,5,0,1024,1024,0,1549,0
1735,3.29350,0.19930,2.33310,0.73590,0.02460,0,0,0,2444,5,0,1024,1024,0,1549,0
1736,3.31070,0.21030,2.26660,0.80550,0.02740,0,0,0,2444,5,0,1024,1024,0,1549,0
1737,3.40070,0.20920,2.31170,0.82470,0.05390,0,0,0,2444,5,0,1024,1024,0,1549,0
1738,3.25740,0.20640,2.26920,0.75300,0.02800,0,0,0,2444,5,0,1024,1024,0,1549,0
1739,3.29030,0.20650,2.25400,0.80080,0.02820,0,0,0,2444,5,0,1024,1024,0,1549,0
1740,3.30100,0.19630,2.24020,0.83320,0.03030,0,0,0,2444,5,0,1024,1024,0,1549,0
1741,5.90730,1.84900,3.26180,0.77610,0.01910,0,0,0,2444,5,0,1024,1024,0,1549,0
1742,4.71370,0.17260,3.69960,0.81590,0.02480,0,0,0,2444,5,0,1024,1024,0,1549,0
1743,4.24910,0.17840,3.27500,0.77750,0.01750,0,0,0,2444,5,0,1024,1024,0,1549,0
1744,4.69760,0.16730,3.70670,0.80340,0.01960,0,0,0,2444,5,0,1024,1024,0,1549,0
1745,3.65330,0.31320,2.59190,0.72950,0.01800,0,0,0,2444,5,0,1024,1024,0,1549,0
1746,3.77630,0.19100,2.80060,0.75730,0.02660,0,0,0,2444,5,0,1024,1024,0,1549,0
1747,3.61460,0.24590,2.61220,0.73590,0.01980,0,0,0,2444,5,0,1024,1024,0,1549,0
1748,3.54560,0.17020,2.59140,0.75940,0.02390,0,0,0,2444,5,0,1024,1024,0,1549,0
1749,3.48400,0.17950,2.54620,0.73820,0.01940,0,0,0,2444,5,0,1024,1024,0,1549,0
1750,3.45230,0.17130,2.52310,0.73880,0.01860,0,0,0,2444,5,0,1024,1024,0,1549,0
1751,4.21910,0.17810,3.21450,0.75180,0.07390,0,0,0,2444,5,0,1024,1024,0,1549,0
1752,5.16510,0.22170,4.12480,0.78550,0.03220,0,0,0,2444,5,0,1024,1024,0,1549,0
1753,3.96550,0.20370,2.96490,0.77410,0.02170,0,0,0,2444,5,0,1024,1024,0,1549,0
1754,3.51810,0.18160,2.50650,0.79370,0.03500,0,0,0,2444,5,0,1024,1024,0,1549,0
1755,3.81980,0.22720,2.58650,0.97230,0.03240,0,0,0,2444,5,0,1024,1024,0,1549,0
1756,5.35380,1.80230,2.64400,0.82150,0.08500,0,0,0,2444,5,0,1024,1024,0,1549,0
1757,3.22350,0.20730,2.26380,0.72750,0.02400,0,0,0,2444,5,0,1024,1024,0,1549,0
1758,3.27040,0.19260,2.31640,0.72170,0.03870,0,0,0,2444,5,0,1024,1024,0,1549,0
1759,3.38230,0.21360,2.40540,0.73760,0.02450,0,0,0,2444,5,0,1024,1024,0,1549,0
1760,3.28140,0.21700,2.31060,0.72840,0.02420,0,0,0,2444,5,0,1024,1024,0,1549,0
1761,3.42880,0.20300,2.33630,0.85630,0.03220,0,0,0,2444,5,0,1024,1024,0,1549,0
1762,3.38300,0.19930,2.34450,0.81310,0.02520,0,0,0,2444,5,0,1024,1024,0,1549,0
1763,3.27220,0.20360,2.28580,0.75250,0.02930,0,0,0,2444,5,0,1024,1024,0,1549,0
1764,3.19500,0.19380,2.21970,0.75420,0.02660,0,0,0,2444,5,0,1024,1024,0,1549,0
1765,3.20520,0.21110,2.23540,0.72900,0.02870,0,0,0,2444,5,0,1024,1024,0,1549,0
1766,3.23600,0.20510,2.25270,0.74810,0.02930,0,0,0,2444,5,0,1024,1024,0,1549,0
1767,3.28810,0.21210,2.27360,0.77520,0.02650,0,0,0,2444,5,0,1024,1024,0,1549,0
1768,3.29160,0.21960,2.29570,0.74710,0.02850,0,0,0,2444,5,0,1024,1024,0,1549,0
1769,3.23390,0.20470,2.28390,0.71830,0.02630,0,0,0,2444,5,0,1024,1024,0,1549,0
1770,3.32570,0.21120,2.31590,0.76570,0.03230,0,0,0,2444,5,0,1024,1024,0,1549,0
1771,6.13610,1.94840,2.96100,1.18800,0.03740,0,0,0,2444,5,0,1024,1024,0,1549,0
1772,4.65430,0.17980,3.67490,0.77940,0.01900,0,0,0,2444,5,0,1024,1024,0,1549,0
1773,4.38730,0.17980,3.27970,0.90070,0.02620,0,0,0,2444,5,0,1024,1024,0,1549,0
1774,3.72040,0.17780,2.76530,0.74980,0.02660,0,0,0,2444,5,0,1024,1024,0,1549,0
1775,3.76080,0.17160,2.77220,0.79380,0.02240,0,0,0,2444,5,0,1024,1024,0,1549,0
1776,3.76840,0.20380,2.76710,0.77380,0.02280,0,0,0,2444,5,0,1024,1024,0,1549,0
1777,3.49470,0.21340,2.48120,0.77600,0.02320,0,0,0,2444,5,0,1024,1024,0,1549,0
1778,3.57020,0.21150,2.57970,0.74520,0.03310,0,0,0,2444,5,0,1024,1024,0,1549,0
1779,3.92960,0.17850,2.92690,0.79550,0.02790,0,0,0,2444,5,0,1024,1024,0,1549,0
1780,3.44030,0.18120,2.44710,0.78450,0.02670,0,0,0,2444,5,0,1024,1024,0,1549,0
1781,3.35140,0.21280,2.37070,0.74250,0.02480,0,0,0,2444,5,0,1024,1024,0,1549,0
1782,3.37440,0.20870,2.37720,0.75990,0.02790,0,0,0,2444,5,0,1024,1024,0,1549,0
1783,3.26480,0.19470,2.32380,0.72410,0.02130,0,0,0,2444,5,0,1024,1024,0,1549,0
1784,3.43000,0.20310,2.43370,0.76440,0.02800,0,0,0,2444,5,0,1024,1024,0,1549,0
1785,3.33960,0.19050,2.31790,0.80550,0.02480,0,0,0,2444,5,0,1024,1024,0,1549,0
1786,5.46400,1.93880,2.43370,1.06170,0.02900,0,0,0,2444,5,0,1024,1024,0,1549,0
1787,3.16700,0.20990,2.19960,0.72850,0.02820,0,0,0,2444,5,0,1024,1024,0,1549,0
1788,3.48890,0.20650,2.50770,0.74840,0.02550,0,0,0,2444,5,0,1024,1024,0,1549,0
1789,3.60440,0.19180,2.55010,0.82820,0.03350,0,0,0,2444,5,0,1024,1024,0,1549,0
1790,3.44950,0.20320,2.47660,0.74220,0.02680,0,0,0,2444,5,0,1024,1024,0,1549,0
1791,3.40190,0.20420,2.40310,0.76780,0.02580,0,0,0,2444,5,0,1024,1024,0,1549,0
1792,3.44330,0.18800,2.47960,0.74980,0.02500,0,0,0,2444,5,0,1024,1024,0,1549,0
1793,3.21720,0.20370,2.13550,0.83390,0.04300,0,0,0,2444,5,0,1024,1024,0,1549,0
1794,3.33660,0.21690,2.28320,0.81320,0.02270,0,0,0,2444,5,0,1024,1024,0,1549,0
1795,3.27900,0.20870,2.30030,0.74710,0.02240,0,0,0,2444,5,0,1024,1024,0,1549,0
1796,3.35390,0.19040,2.33140,0.80450,0.02680,0,0,0,2444,5,0,1024,1024,0,1549,0
1797,3.17040,0.21170,2.21180,0.72340,0.02280,0,0,0,2444,5,0,1024,1024,0,1549,0
1798,3.28420,0.22260,2.30440,0.73500,0.02140,0,0,0,2444,5,0,1024,1024,0,1549,0
1799,3.36380,0.21180,2.34050,0.78540,0.02540,0,0,0,2444,5,0,1024,1024,0,1549,0
1800,3.16770,0.22090,2.20200,0.71950,0.02450,0,0,0,2444,5,0,1024,1024,0,1549,0
