tick,total_ms,navigation_ms,neighbors_ms,avoidance_ms,integration_ms,expanded,pending,failed,coarse,fallbacks,replans,first_arrived,current_arrived,never_ready,safety_pair_checks,limited
1,12.50740,9.48690,2.22220,0.77660,0.02040,519,994,0,16,0,0,0,0,994,1534,0
2,7.81080,4.37630,2.59440,0.81720,0.02180,551,978,0,32,0,0,0,0,978,1534,0
3,7.07940,3.66310,2.64980,0.74450,0.02110,436,962,0,48,0,0,0,0,962,1538,0
4,7.21670,3.81690,2.60750,0.77030,0.02140,363,946,0,64,0,0,0,0,946,1541,0
5,7.15300,3.89120,2.41860,0.81700,0.02530,437,930,0,80,0,0,0,0,930,1542,0
6,6.96420,3.71990,2.45010,0.76920,0.02410,348,914,0,96,0,0,0,0,914,1537,0
7,7.89990,3.82540,3.11840,0.92720,0.02780,502,898,0,112,0,0,0,0,898,1543,0
8,7.15020,3.75930,2.54810,0.81400,0.02770,610,883,0,128,0,0,0,0,882,1534,0
9,6.96390,3.67870,2.46410,0.79640,0.02360,615,867,0,144,0,0,0,0,866,1534,0
10,7.27730,3.94800,2.45590,0.84070,0.03160,646,851,0,160,0,0,0,0,850,1542,0
11,6.88370,3.76850,2.30710,0.78270,0.02450,482,835,0,176,0,0,0,0,834,1539,0
12,6.93800,3.82150,2.32130,0.76760,0.02560,377,819,0,192,0,0,0,0,818,1536,0
13,6.86600,3.57280,2.34150,0.91430,0.03610,406,804,0,208,0,0,0,0,802,1546,0
14,7.12040,3.83820,2.43470,0.81040,0.03600,498,789,0,224,0,0,0,0,786,1541,0
15,7.06700,3.92410,2.29200,0.82140,0.02840,676,773,0,240,0,0,0,0,770,1541,0
16,8.86680,5.61740,2.41880,0.79000,0.03960,653,759,0,256,0,0,0,0,754,1551,0
17,6.85900,3.54860,2.39250,0.87590,0.04090,423,745,0,272,0,0,0,0,738,1558,0
18,6.60480,3.40460,2.35830,0.81050,0.03040,400,729,0,288,0,0,0,0,722,1558,0
19,7.07650,3.92440,2.32670,0.80170,0.02280,609,714,0,304,0,0,0,0,706,1555,0
20,7.41110,3.89480,2.57640,0.89900,0.03980,715,699,0,320,0,0,0,0,690,1560,0
21,6.83050,3.60120,2.31400,0.89030,0.02400,392,683,0,336,0,0,0,0,674,1548,0
22,6.70880,3.43250,2.35820,0.88610,0.03090,471,667,0,352,0,0,0,0,658,1531,0
23,6.99700,3.63930,2.33390,0.99460,0.02830,476,652,0,368,0,0,0,0,642,1564,0
24,7.18850,3.80700,2.42480,0.92070,0.03480,535,636,0,384,0,0,0,0,626,1571,0
25,7.03930,3.83230,2.36170,0.81690,0.02730,526,621,0,400,0,0,0,0,610,1585,0
26,7.77810,4.40310,2.48800,0.85720,0.02840,499,605,0,416,0,0,0,0,594,1585,0
27,7.41400,4.09080,2.45000,0.84830,0.02390,578,590,0,432,0,0,0,0,578,1590,0
28,7.81990,4.15540,2.77640,0.86210,0.02470,431,575,0,448,0,0,0,0,562,1594,0
29,7.39650,4.07240,2.43060,0.86330,0.02910,370,559,0,464,0,0,0,0,546,1593,0
30,7.21400,3.91420,2.39280,0.87860,0.02650,473,545,0,480,0,0,0,0,530,1609,0
31,14.24150,10.55400,2.86040,0.79520,0.03020,1705,530,0,496,1,0,0,0,514,1618,0
32,8.23850,4.56110,2.73690,0.90940,0.02980,551,514,0,511,1,0,0,0,498,1633,0
33,8.99360,4.20640,3.82690,0.91510,0.04340,474,499,0,527,1,0,0,0,482,1640,0
34,8.09870,4.44480,2.71170,0.90150,0.03950,576,483,0,543,1,0,0,0,466,1652,0
35,8.22850,4.61890,2.62290,0.95810,0.02760,651,469,0,559,1,0,0,0,450,1667,0
36,7.46350,4.04030,2.47770,0.91550,0.02900,544,455,0,575,1,0,0,0,434,1684,0
37,7.38760,4.05880,2.45590,0.84180,0.03010,449,440,0,591,1,0,0,0,418,1680,0
38,7.95340,4.45800,2.55110,0.91150,0.03130,651,425,0,607,1,0,0,0,402,1666,0
39,7.46570,4.01750,2.40110,1.01420,0.03200,597,409,0,623,1,0,0,0,386,1660,0
40,7.68540,4.44430,2.35110,0.85150,0.03730,523,393,0,639,1,0,0,0,370,1657,0
41,7.72660,4.21020,2.54840,0.92620,0.04040,449,378,0,655,1,0,0,0,354,1666,0
42,7.66420,4.17770,2.52550,0.92530,0.03440,617,362,0,671,1,0,0,0,338,1677,0
43,7.71230,4.26330,2.51830,0.90080,0.02810,512,346,0,687,1,0,0,0,322,1690,0
44,7.63780,4.06530,2.58710,0.95770,0.02630,504,331,0,703,1,0,0,0,306,1712,0
45,7.09220,3.66290,2.49750,0.90000,0.03030,364,315,0,719,1,0,0,0,290,1734,0
46,9.56380,5.79910,2.76130,0.97200,0.03000,538,300,0,735,1,0,0,0,274,1743,0
47,7.82990,4.24540,2.48030,1.04320,0.05970,522,287,0,751,1,0,0,0,258,1798,0
48,7.72420,4.05190,2.65750,0.98830,0.02540,432,272,0,767,1,0,0,0,242,1821,0
49,7.83100,4.33440,2.40690,1.05410,0.03390,445,256,0,783,1,0,0,0,226,1839,0
50,7.53510,4.17670,2.40150,0.92480,0.03070,450,244,0,799,1,0,0,0,210,1865,0
51,7.76360,4.27390,2.50340,0.95700,0.02810,446,228,0,815,1,0,0,0,194,1853,0
52,15.55520,11.89570,2.63480,0.99470,0.02850,2502,214,0,831,2,0,0,0,178,1871,0
53,10.77630,7.25900,2.48030,1.00630,0.02940,1233,199,0,846,2,0,0,0,162,1899,0
54,7.66460,4.08160,2.54110,1.01180,0.02830,475,183,0,862,2,0,0,0,146,1911,0
55,7.44980,3.89850,2.44040,1.07510,0.03460,533,168,0,878,2,0,0,0,130,1965,0
56,12.53540,8.99700,2.47520,1.02070,0.04110,1647,152,0,894,3,0,0,0,114,2000,0
57,22.17640,18.60180,2.45690,1.08750,0.02880,4096,138,0,908,3,0,0,0,100,2040,0
58,22.03240,18.27610,2.70370,1.02380,0.02710,4096,125,0,923,3,0,0,0,85,2066,0
59,20.45870,16.83100,2.57450,1.02210,0.03010,4096,111,0,937,3,0,0,0,71,2100,0
60,19.65820,16.01600,2.64460,0.96310,0.03290,4096,98,0,951,3,0,0,0,57,2117,0
61,23.50650,19.27630,3.19680,1.00690,0.02490,4096,85,0,966,3,0,0,0,42,2139,0
62,23.45250,18.02250,4.34700,1.05410,0.02750,4096,70,0,981,3,0,0,0,27,2174,0
63,22.16070,17.18100,3.91610,1.03120,0.03100,4096,59,0,996,3,0,0,0,12,2159,0
64,21.11270,17.20840,2.84280,1.02720,0.03300,4096,55,0,1004,4,0,0,0,4,2162,0
65,20.23560,16.64400,2.58130,0.98400,0.02490,4096,54,0,1007,4,0,0,0,1,2188,0
66,20.50700,16.77140,2.70920,0.99550,0.02950,4096,40,0,1022,4,0,0,0,1,2235,0
67,19.39740,15.86040,2.57020,0.94120,0.02430,4096,25,0,1037,4,0,0,0,1,2244,0
68,19.22540,15.67990,2.51250,0.99820,0.03330,4096,10,0,1052,4,0,0,0,1,2295,0
69,19.49290,15.77440,2.58860,1.10320,0.02490,4096,1,0,1064,4,0,0,0,1,2341,0
70,19.51950,15.84700,2.56200,1.06980,0.03910,4096,1,0,1066,4,0,0,0,1,2382,0
71,19.09050,15.09540,2.90580,1.04110,0.04650,4096,1,0,1067,4,0,0,0,1,2410,0
72,18.28460,14.35640,2.84620,1.04760,0.03280,4096,1,0,1067,4,0,0,0,1,2459,0
73,19.69590,15.94850,2.67020,1.04760,0.02840,4096,1,0,1068,4,0,0,0,1,2542,0
74,19.32150,15.42960,2.70500,1.14750,0.03740,4096,0,0,1068,4,0,0,0,0,2597,0
75,4.68980,0.94400,2.63020,1.07910,0.03530,18,0,0,1069,4,0,0,0,0,2649,0
76,6.66290,2.76680,2.75450,1.10990,0.03100,25,0,0,1070,4,0,0,0,0,2684,0
77,4.85410,0.86480,2.64590,1.31410,0.02840,27,0,0,1071,4,0,0,0,0,2695,0
78,5.73870,1.82520,2.75500,1.12410,0.03360,216,0,0,1075,4,0,0,0,0,2706,0
79,4.60230,0.84790,2.67430,1.05270,0.02610,49,0,0,1076,4,0,0,0,0,2740,0
80,4.49720,0.50840,2.80120,1.14180,0.04500,0,0,0,1076,4,0,0,0,0,2753,0
81,5.63960,1.69800,2.73790,1.17680,0.02500,88,0,0,1079,4,0,0,0,0,2813,0
82,5.60060,1.86530,2.57040,1.12620,0.03660,50,0,0,1082,4,0,0,0,0,2831,0
83,5.16750,1.27820,2.63570,1.21970,0.03240,80,0,0,1084,4,0,0,0,0,2891,0
84,5.29220,1.27070,2.76720,1.22010,0.03210,52,0,0,1086,4,0,0,0,0,2927,0
85,5.46430,1.53890,2.80760,1.08110,0.03470,38,0,0,1089,4,0,0,0,0,2960,0
86,5.77290,1.53000,2.79870,1.40930,0.03360,78,0,0,1092,4,0,0,0,0,3011,0
87,4.44780,0.49930,2.73630,1.17290,0.03760,0,0,0,1092,4,0,0,0,0,3036,0
88,5.18800,1.28010,2.73800,1.13570,0.03300,59,0,0,1094,4,0,0,0,0,3093,0
89,4.48530,0.51560,2.79070,1.15070,0.02740,0,0,0,1094,4,0,0,0,0,3098,0
90,6.32240,2.34820,2.80260,1.13600,0.03460,202,0,0,1101,4,0,0,0,0,3168,0
91,7.23090,3.01550,3.07950,1.10340,0.03030,50,0,0,1103,4,0,0,0,0,3198,0
92,5.20510,0.80750,3.13520,1.23050,0.03110,38,0,0,1104,4,0,0,0,0,3237,0
93,5.48890,1.19380,3.12010,1.14930,0.02500,52,0,0,1106,4,0,0,0,0,3284,0
94,6.28830,1.75190,3.35140,1.15270,0.03120,143,0,0,1111,4,0,0,0,0,3346,0
95,4.70380,0.57180,2.97700,1.13240,0.02200,0,0,0,1111,4,0,0,0,0,3393,0
96,5.29690,1.30570,2.75600,1.20190,0.03230,88,0,0,1114,4,0,0,0,0,3398,0
97,6.67970,1.58590,3.79070,1.26120,0.04070,91,0,0,1118,4,0,0,0,0,3438,0
98,5.52760,1.25510,3.03590,1.20790,0.02790,76,0,0,1121,4,0,0,0,0,3479,0
99,4.79420,1.06360,2.57070,1.12460,0.03420,48,0,0,1123,4,0,0,0,0,3504,0
100,5.30650,1.34430,2.72540,1.21360,0.02210,42,0,0,1126,4,0,0,0,0,3556,0
101,5.20530,1.12290,2.76490,1.28420,0.03210,46,0,0,1128,4,0,0,0,0,3656,0
102,4.50450,0.47920,2.77980,1.22060,0.02420,0,0,0,1128,4,0,0,0,0,3677,0
103,6.00100,0.80930,3.88600,1.27930,0.02550,21,0,0,1129,4,0,0,0,0,3722,0
104,6.05300,1.82390,2.91940,1.27660,0.03230,128,0,0,1134,4,0,0,0,0,3756,0
105,6.08160,0.99920,3.71240,1.34460,0.02450,36,0,0,1136,4,0,0,0,0,3766,0
106,6.83290,2.71840,2.84360,1.24270,0.02680,103,0,0,1139,4,0,0,0,0,3831,0
107,5.56520,1.04460,3.19920,1.29720,0.02330,43,0,0,1141,4,0,0,0,0,3865,0
108,5.54250,1.38760,2.87240,1.25530,0.02600,66,0,0,1144,4,0,0,0,0,3910,0
109,6.37670,2.00800,2.99280,1.34510,0.02960,139,0,0,1150,4,0,0,0,0,3974,0
110,5.84640,1.44540,2.97780,1.39200,0.03040,125,0,0,1153,4,0,0,0,0,3991,0
111,6.07390,1.89260,2.93780,1.21680,0.02540,160,0,0,1159,4,0,0,0,0,3979,0
112,4.93200,0.74360,2.87990,1.28540,0.02220,12,0,0,1160,4,0,0,0,0,3997,0
113,5.17490,1.07960,2.76140,1.30540,0.02730,46,0,0,1162,4,0,0,0,0,3981,0
114,5.19910,0.88160,2.92230,1.36330,0.02990,24,0,0,1163,4,0,0,0,0,3995,0
115,5.97110,1.63380,3.00870,1.30150,0.02570,56,0,0,1166,4,0,0,0,0,4055,0
116,6.20960,1.79790,3.09050,1.29620,0.02350,118,0,0,1170,4,0,0,0,0,4098,0
117,4.68830,0.52650,2.90440,1.22490,0.03110,0,0,0,1170,4,0,0,0,0,4120,0
118,5.22850,0.93000,2.97260,1.29090,0.03350,18,0,0,1171,4,0,0,0,0,4137,0
119,5.37620,1.19310,2.88530,1.27400,0.02280,68,0,0,1173,4,0,0,0,0,4149,0
120,5.84290,1.61920,2.97860,1.22190,0.02250,85,0,0,1178,4,0,0,0,0,4244,0
121,9.75660,3.63510,4.71870,1.36910,0.03210,102,0,0,1182,4,0,0,0,0,4303,0
122,6.94550,1.33430,4.14260,1.43280,0.03440,40,0,0,1184,4,0,0,0,0,4341,0
123,6.03380,1.50230,3.24300,1.25610,0.03120,57,0,0,1187,4,0,0,0,0,4363,0
124,7.57460,2.01430,4.20150,1.32070,0.03670,87,0,0,1191,4,0,0,0,0,4322,0
125,6.02190,1.45320,3.23280,1.28880,0.04590,80,0,0,1195,4,0,0,0,0,4382,0
126,6.13530,1.46340,3.38410,1.25490,0.03190,73,0,0,1198,4,0,0,0,0,4417,0
127,5.38770,0.81880,3.29270,1.24940,0.02580,17,0,0,1199,4,0,0,0,0,4451,0
128,5.49100,1.21700,2.91400,1.32440,0.03400,55,0,0,1201,4,0,0,0,0,4558,0
129,5.13450,0.88590,2.81790,1.39880,0.03100,18,0,0,1202,4,0,0,0,0,4546,0
130,6.86190,2.57850,2.97390,1.27170,0.03640,145,0,0,1210,4,0,0,0,0,4539,0
131,6.28190,1.93230,2.97680,1.33620,0.03420,140,0,0,1215,4,0,0,0,0,4523,0
132,5.95890,1.56250,2.97250,1.38400,0.03870,142,0,0,1218,4,0,0,0,0,4566,0
133,6.39780,1.87110,3.22810,1.26900,0.02860,106,0,0,1223,4,0,0,0,0,4641,0
134,6.03410,1.60230,3.03650,1.34270,0.05130,93,0,0,1227,4,0,0,0,0,4731,0
135,6.55120,1.98360,3.15420,1.37610,0.03590,108,0,0,1233,4,0,0,0,0,4773,0
136,7.85540,3.32840,3.11090,1.38320,0.03180,91,0,0,1237,4,0,0,0,0,4783,0
137,5.70630,1.15760,3.11250,1.39650,0.03850,32,0,0,1239,4,0,0,0,0,4764,0
138,6.34400,1.75850,3.20170,1.35980,0.02320,72,0,0,1243,4,0,0,0,0,4842,0
139,5.38270,0.98440,3.06840,1.30530,0.02380,36,0,0,1245,4,0,0,0,0,4858,0
140,5.53560,1.05630,3.09250,1.36000,0.02590,89,0,0,1247,4,0,0,0,0,4873,0
141,5.64060,1.02750,3.15490,1.43040,0.02680,31,0,0,1249,4,0,0,0,0,4913,0
142,5.26980,1.00900,2.86180,1.37480,0.02330,32,0,0,1251,4,0,0,0,0,4882,0
143,5.17990,0.81320,3.09020,1.25290,0.02280,15,0,0,1252,4,0,0,0,0,4922,0
144,5.44080,0.79350,3.25340,1.35500,0.03800,21,0,0,1253,4,0,0,0,0,4997,0
145,7.54280,2.60120,3.53110,1.38560,0.02390,180,0,0,1263,4,0,0,0,0,4958,0
146,5.86050,1.29840,3.12670,1.41080,0.02370,124,0,0,1267,4,0,0,0,0,4974,0
147,6.17650,0.97820,3.64530,1.52490,0.02720,56,0,0,1269,4,0,0,0,0,5001,0
148,6.63970,2.25870,3.05030,1.30100,0.02750,162,0,0,1277,4,0,0,0,0,5008,0
149,5.87580,1.39680,3.17240,1.27980,0.02610,76,0,0,1281,4,0,0,0,0,5058,0
150,6.91910,1.94410,3.44600,1.49310,0.03460,111,0,0,1287,4,0,0,0,0,5077,0
151,8.19610,2.95370,3.65280,1.53490,0.05320,45,0,0,1289,4,0,0,0,0,5108,0
152,8.41940,2.24210,4.78030,1.37450,0.02160,116,0,0,1295,4,0,0,0,0,5165,0
153,6.35430,1.27110,3.72640,1.32710,0.02850,32,0,0,1297,4,0,0,0,0,5218,0
154,6.62100,1.35510,3.88650,1.34970,0.02840,52,0,0,1299,4,0,0,0,0,5213,0
155,6.34570,2.01580,3.03480,1.26090,0.03330,142,0,0,1304,4,0,0,0,0,5260,0
156,7.06160,2.54330,3.15470,1.33250,0.02970,139,0,0,1312,4,0,0,0,0,5265,0
157,5.88690,1.40490,3.02730,1.42610,0.02750,45,0,0,1315,4,0,0,0,0,5216,0
158,5.85040,1.12840,3.26470,1.41900,0.03730,51,0,0,1317,4,0,0,0,0,5214,0
159,6.21390,1.49250,3.04450,1.63250,0.04320,68,0,0,1320,4,0,0,0,0,5301,0
160,6.89040,2.24750,3.00120,1.60280,0.03670,108,0,0,1326,4,0,0,0,0,5357,0
161,6.00770,1.24490,3.41280,1.31550,0.03300,26,0,0,1328,4,0,0,0,0,5400,0
162,5.05890,0.52430,3.19950,1.30400,0.02990,0,0,0,1328,4,0,0,0,0,5420,0
163,6.77260,2.14700,3.21210,1.37790,0.03410,110,0,0,1334,4,0,0,0,0,5452,0
164,6.81810,2.19650,3.19200,1.40420,0.02420,149,0,0,1340,4,0,0,0,0,5467,0
165,6.57380,1.91270,3.18560,1.43820,0.03550,124,0,0,1346,4,0,0,0,0,5439,0
166,7.75810,3.07140,3.25350,1.40830,0.02400,57,0,0,1349,4,0,0,0,0,5462,0
167,6.29400,1.48800,3.14840,1.60650,0.04970,47,0,0,1352,4,0,0,0,0,5491,0
168,6.09950,1.44800,3.14400,1.47560,0.03040,61,0,0,1355,4,0,0,0,0,5497,0
169,5.42610,0.79880,3.15520,1.44180,0.02930,36,0,0,1356,4,0,0,0,0,5517,0
170,6.12100,1.47370,3.25600,1.36070,0.02860,59,0,0,1359,4,0,0,0,0,5513,0
171,6.63520,1.96480,3.28260,1.35420,0.03220,134,0,0,1364,4,0,0,0,0,5561,0
172,5.82180,1.12190,3.28280,1.37760,0.03830,43,0,0,1366,4,0,0,0,0,5551,0
173,6.51880,1.74200,3.30090,1.44540,0.02950,84,0,0,1370,4,0,0,0,0,5571,0
174,5.65470,0.98220,3.27310,1.36420,0.03420,50,0,0,1372,4,0,0,0,0,5631,0
175,6.94140,1.87400,3.73880,1.29170,0.03600,141,0,0,1377,4,0,0,0,0,5693,0
176,5.02640,0.43460,3.19400,1.36740,0.02960,0,0,0,1377,4,0,0,0,0,5783,0
177,6.05960,1.45650,3.16520,1.40620,0.03090,56,0,0,1380,4,0,0,0,0,5770,0
178,5.72040,1.09450,3.20940,1.38730,0.02810,39,0,0,1382,4,0,0,0,0,5882,0
179,6.29430,1.87520,3.05760,1.33300,0.02740,157,0,0,1388,4,0,0,0,0,5917,0
180,5.99800,1.30030,3.23740,1.41440,0.04470,74,0,0,1392,4,0,0,0,0,5897,0
181,8.13660,2.90330,3.74200,1.45930,0.03100,49,0,0,1394,4,0,0,0,0,5958,0
182,7.23810,2.13240,3.65020,1.38880,0.06580,80,0,0,1399,4,0,0,0,0,6008,0
183,6.37660,1.51440,3.50430,1.32980,0.02710,70,0,0,1403,4,0,0,0,0,6040,0
184,6.57840,1.22370,3.80270,1.52630,0.02490,104,0,0,1406,4,0,0,0,0,6090,0
185,6.69000,1.86610,3.44170,1.35420,0.02690,95,0,0,1412,4,0,0,0,0,6142,0
186,6.70790,1.85830,3.44660,1.35450,0.04750,137,0,0,1418,4,0,0,0,0,6198,0
187,5.88800,1.03640,3.47880,1.34230,0.02990,53,0,0,1420,4,0,0,0,0,6126,0
188,6.30970,1.11170,3.52010,1.64350,0.03340,48,0,0,1422,4,0,0,0,0,6103,0
189,6.25070,0.74940,4.07250,1.40390,0.02390,18,0,0,1423,4,0,0,0,0,6170,0
190,6.69370,1.23320,4.09050,1.33810,0.03100,50,0,0,1426,4,0,0,0,0,6234,0
191,5.86520,1.15230,3.26420,1.42340,0.02430,46,0,0,1429,4,0,0,0,0,6191,0
192,6.32820,1.94230,2.97880,1.37950,0.02620,103,0,0,1434,4,0,0,0,0,6275,0
193,6.28250,1.66850,3.22160,1.34640,0.04440,51,0,0,1438,4,0,0,0,0,6282,0
194,6.67910,1.78050,3.28390,1.48990,0.12370,162,0,0,1444,4,0,0,0,0,6315,0
195,6.57070,1.92450,3.23970,1.37550,0.03010,89,0,0,1450,4,0,0,0,0,6323,0
196,7.02560,2.35110,3.20960,1.43360,0.03040,20,0,0,1451,4,0,0,0,0,6352,0
197,6.48350,1.74160,3.30020,1.41680,0.02390,87,0,0,1457,4,0,0,0,0,6394,0
198,5.74960,1.10200,3.25290,1.33830,0.05520,36,0,0,1459,4,0,0,0,0,6468,0
199,5.94340,1.37470,3.13060,1.40910,0.02800,128,0,0,1463,4,0,0,0,0,6471,0
200,5.71200,0.83740,3.35730,1.47320,0.04310,34,0,0,1465,4,0,0,0,0,6489,0
201,6.33210,1.55030,3.32560,1.40850,0.03710,100,0,0,1470,4,0,0,0,0,6516,0
202,5.36140,0.52000,3.29780,1.51340,0.02930,0,0,0,1470,4,0,0,0,0,6592,0
203,6.51920,1.77170,3.24160,1.46700,0.03760,106,0,0,1476,4,0,0,0,0,6637,0
204,6.52950,1.62680,3.33500,1.52310,0.04340,91,0,0,1480,4,0,0,0,0,6667,0
205,6.37170,1.77450,3.06430,1.50600,0.02580,97,0,0,1485,4,0,0,0,0,6684,0
206,6.25410,1.63310,3.02690,1.53470,0.05840,88,0,0,1491,4,0,0,0,0,6751,0
207,5.94530,1.06670,3.28390,1.56570,0.02790,37,0,0,1493,4,0,0,0,0,6786,0
208,6.39020,1.43210,3.34570,1.58470,0.02660,71,0,0,1497,4,0,0,0,0,6844,0
209,6.45000,1.61640,3.37290,1.42880,0.03030,129,0,0,1500,4,0,0,0,0,6874,0
210,6.25780,1.40690,3.30280,1.52200,0.02510,45,0,0,1503,4,0,0,0,0,6879,0
211,10.86260,3.64520,5.50440,1.66380,0.04730,86,0,0,1508,4,0,0,0,0,6849,0
212,9.35870,1.92920,5.70260,1.70650,0.01960,176,0,0,1515,4,0,0,0,0,6877,0
213,8.70490,1.43910,5.67340,1.57240,0.01930,99,0,0,1520,4,0,0,0,0,6919,0
214,7.99550,1.38220,4.84420,1.73880,0.02940,70,0,0,1524,4,0,0,0,0,7005,0
215,6.92240,0.69500,4.53290,1.67530,0.01850,15,0,0,1525,4,0,0,0,0,7037,0
216,7.71630,1.25460,4.31840,2.11900,0.02330,52,0,0,1529,4,0,0,0,0,7110,0
217,7.44100,0.71750,4.71730,1.98150,0.02380,11,0,0,1530,4,0,0,0,0,7210,0
218,7.40550,1.74880,4.02800,1.60590,0.02200,99,0,0,1536,4,0,0,0,0,7302,0
219,7.75770,1.70420,4.41320,1.62110,0.01820,123,0,0,1542,4,0,0,0,0,7330,0
220,6.81450,0.84030,4.37920,1.57500,0.01930,31,0,0,1544,4,0,0,0,0,7358,0
221,6.67300,1.04920,4.04330,1.56220,0.01750,42,0,0,1547,4,0,0,0,0,7363,0
222,6.66670,0.88360,4.19770,1.56270,0.02200,28,0,0,1549,4,0,0,0,0,7434,0
223,6.67240,0.87200,4.24220,1.53520,0.02230,24,0,0,1551,4,0,0,0,0,7470,0
224,7.02640,1.18960,4.27490,1.53810,0.02300,40,0,0,1555,4,0,0,0,0,7591,0
225,6.66320,0.84670,4.31920,1.47400,0.02240,34,0,0,1557,4,0,0,0,0,7681,0
226,8.65960,2.80640,4.29830,1.53480,0.01930,72,0,0,1561,4,0,0,0,0,7671,0
227,6.11700,0.80690,3.88830,1.39980,0.02130,22,0,0,1562,4,0,0,0,0,7750,0
228,6.54330,0.69660,4.21130,1.61420,0.02040,16,0,0,1563,4,0,0,0,0,7731,0
229,6.98970,1.28420,4.11370,1.56910,0.02180,110,0,0,1567,4,0,0,0,0,7814,0
230,5.82780,0.63140,3.70390,1.46820,0.02340,15,0,0,1568,4,0,0,0,0,7810,0
231,6.56260,1.11250,3.97280,1.45090,0.02560,62,0,0,1571,4,0,0,0,0,7855,0
232,5.83830,0.64410,3.62260,1.54660,0.02410,10,0,0,1572,4,0,0,0,0,7927,0
233,6.71780,1.55090,3.62400,1.50740,0.03460,100,0,0,1578,4,0,0,0,0,7890,0
234,6.92990,1.86120,3.53020,1.50720,0.03030,101,0,0,1585,4,0,0,0,0,7885,0
235,5.96360,0.94600,3.51410,1.47920,0.02360,52,0,0,1588,4,0,0,0,0,7945,0
236,5.93340,0.74530,3.62830,1.53360,0.02540,17,0,0,1590,4,0,0,0,0,7958,0
237,6.81120,1.63620,3.56610,1.58700,0.02100,95,0,0,1597,4,0,0,0,0,8033,0
238,6.29320,0.82660,3.78810,1.65690,0.02090,17,0,0,1599,4,0,0,0,0,8083,0
239,6.50940,1.29360,3.65920,1.52770,0.02810,52,0,0,1604,4,0,0,0,0,8132,0
240,6.37730,1.02770,3.73110,1.59580,0.02130,34,0,0,1606,4,0,0,0,0,8215,0
241,10.11450,3.42310,4.46500,2.19180,0.03230,90,0,0,1611,4,0,0,0,0,8225,0
242,7.43900,1.14500,4.59600,1.67410,0.02290,44,0,0,1614,4,0,0,0,0,8346,0
243,8.53790,1.73870,4.65650,2.11980,0.02210,83,0,0,1620,4,0,0,0,0,8359,0
244,7.62830,1.30380,4.20480,2.09800,0.02070,99,0,0,1624,4,0,0,0,0,8315,0
245,7.74700,1.54950,4.47680,1.69670,0.02310,82,0,0,1629,4,0,0,0,0,8423,0
246,7.48350,1.36950,4.40340,1.69050,0.01870,56,0,0,1634,4,0,0,0,0,8457,0
247,7.83190,1.20940,4.50410,2.09270,0.02470,63,0,0,1638,4,0,0,0,0,8518,0
248,8.34020,1.72060,4.41920,2.17820,0.02160,131,0,0,1645,4,0,0,0,0,8564,0
249,7.05670,1.25590,4.16170,1.61040,0.02780,48,0,0,1648,4,0,0,0,0,8588,0
250,7.10680,1.12920,4.33540,1.61020,0.03060,37,0,0,1650,4,0,0,0,0,8619,0
251,7.47080,1.42170,4.35050,1.66050,0.03680,77,0,0,1654,4,0,0,0,0,8671,0
252,8.10120,2.07160,4.34720,1.64270,0.03850,74,0,0,1660,4,0,1,1,0,8658,0
253,7.17290,1.20110,4.20390,1.73630,0.03090,88,0,0,1663,4,0,1,1,0,8646,0
254,7.36800,1.53160,4.21200,1.59990,0.02350,63,0,0,1668,4,0,1,1,0,8722,0
255,6.64270,1.20370,3.91540,1.49890,0.02370,74,0,0,1672,4,0,1,1,0,8751,0
256,8.11980,2.97100,3.57880,1.53040,0.03860,85,0,0,1677,4,0,1,1,0,8865,0
257,8.14350,2.10260,4.29290,1.71240,0.03410,102,0,0,1684,4,0,1,1,0,8874,0
258,6.23110,1.06320,3.47320,1.66870,0.02450,27,0,0,1686,4,0,1,1,0,8862,0
259,7.14860,1.70960,3.70800,1.70480,0.02500,62,0,0,1691,4,0,1,1,0,8901,0
260,7.41220,2.07790,3.67660,1.62760,0.02870,97,0,0,1698,4,0,1,1,0,8865,0
261,6.99380,1.66010,3.69950,1.60920,0.02390,66,0,0,1703,4,0,1,1,0,8936,0
262,6.61950,1.00610,3.92400,1.65420,0.03400,30,0,0,1705,4,0,1,1,0,9024,0
263,6.14530,0.96450,3.63500,1.51800,0.02660,31,0,0,1707,4,0,1,1,0,9046,0
264,6.45350,1.03900,3.70830,1.67760,0.02730,29,0,0,1710,4,0,1,1,0,9121,0
265,6.15520,0.82090,3.72310,1.58370,0.02650,37,0,0,1712,4,0,1,1,0,9061,0
266,6.08290,0.82610,3.63320,1.58840,0.03450,21,0,0,1714,4,0,1,1,0,9132,0
267,6.52810,1.16380,3.70920,1.62740,0.02660,40,0,0,1717,4,0,1,1,0,9083,0
268,7.00430,1.69070,3.61920,1.66610,0.02750,154,0,0,1724,4,0,1,1,0,9137,0
269,6.45200,1.16310,3.67650,1.58190,0.02940,37,0,0,1729,4,0,1,1,0,9144,0
270,6.05490,0.77590,3.60610,1.64390,0.02760,28,0,0,1731,4,0,2,2,0,9253,0
271,11.73260,4.00710,5.67190,2.01800,0.03360,107,0,0,1740,4,0,2,2,0,9217,0
272,10.00850,1.43280,6.48770,2.04880,0.03770,68,0,0,1743,4,0,2,2,0,9251,0
273,9.05010,1.17510,6.16190,1.68770,0.02410,20,0,0,1745,4,0,2,2,0,9264,0
274,7.65550,1.59320,4.42670,1.61210,0.02210,43,0,0,1749,4,0,2,2,0,9247,0
275,7.96080,1.41080,4.75050,1.77080,0.02730,53,0,0,1752,4,0,2,2,0,9303,0
276,7.76660,1.82650,4.24310,1.66870,0.02690,68,0,0,1757,4,0,2,2,0,9282,0
277,7.56610,1.36660,4.57770,1.59800,0.02250,42,0,0,1760,4,0,2,2,0,9264,0
278,7.81240,1.57800,4.52440,1.67710,0.03120,47,0,0,1764,4,0,2,2,0,9300,0
279,7.25820,1.06570,4.53000,1.63440,0.02670,52,0,0,1767,4,0,2,2,0,9322,0
280,6.34610,0.60530,4.13170,1.58710,0.02140,5,0,0,1768,4,0,2,2,0,9314,0
281,7.23730,1.03640,4.57210,1.60250,0.02550,44,0,0,1771,4,0,2,2,0,9320,0
282,6.81630,0.83960,4.32470,1.61760,0.03340,23,0,0,1773,4,0,2,2,0,9378,0
283,7.74910,2.16170,3.95310,1.60650,0.02690,163,0,0,1781,4,0,2,2,0,9356,0
284,6.84470,1.35100,3.85770,1.61350,0.02150,87,0,0,1786,4,0,2,2,0,9333,0
285,6.97320,1.27060,4.06670,1.61240,0.02260,57,0,0,1791,4,0,3,3,0,9394,0
286,8.13840,2.71670,3.73820,1.65380,0.02890,57,0,0,1796,4,0,3,3,0,9427,0
287,6.62120,1.37690,3.65090,1.56730,0.02510,64,0,0,1801,4,0,3,3,0,9408,0
288,6.84070,1.52720,3.70810,1.58040,0.02410,95,0,0,1807,4,0,3,2,0,9424,0
289,6.93800,1.76940,3.64940,1.49340,0.02450,96,0,0,1814,4,0,3,2,0,9348,0
290,6.36650,1.26920,3.47060,1.59790,0.02760,82,0,0,1819,4,0,3,2,0,9382,0
291,6.27120,1.07800,3.61130,1.55340,0.02720,42,0,0,1823,4,0,3,2,0,9416,0
292,6.39870,1.12310,3.66200,1.58810,0.02460,50,0,0,1827,4,0,3,2,0,9411,0
293,6.11750,0.78940,3.66250,1.64160,0.02320,25,0,0,1829,4,0,3,2,0,9394,0
294,5.92210,0.82200,3.56920,1.50580,0.02430,47,0,0,1831,4,0,3,2,0,9350,0
295,5.67220,0.38300,3.67920,1.58570,0.02350,0,0,0,1831,4,0,3,3,0,9298,0
296,6.68510,1.41080,3.61410,1.63100,0.02810,86,0,0,1836,4,0,3,3,0,9218,0
297,5.95900,0.77810,3.59650,1.55400,0.02950,11,0,0,1838,4,0,4,4,0,9193,0
298,6.77220,1.59960,3.66990,1.47550,0.02610,91,0,0,1844,4,0,4,3,0,9215,0
299,6.64040,1.37770,3.64450,1.59160,0.02540,93,0,0,1849,4,0,4,4,0,9159,0
300,6.53880,1.37560,3.62890,1.50510,0.02830,62,0,0,1855,4,0,4,4,0,9143,0
301,11.04700,3.70910,5.47300,1.84080,0.02260,82,0,0,1862,4,0,4,4,0,9056,0
302,8.56370,0.98280,5.88560,1.67400,0.02050,30,0,0,1865,4,0,4,4,0,9092,0
303,8.87220,2.01780,5.27070,1.55500,0.02800,122,0,0,1873,4,0,5,5,0,9138,0
304,6.96340,1.10670,4.25530,1.57800,0.02250,44,0,0,1876,4,0,6,6,0,9124,0
305,7.33200,1.33420,4.26460,1.71540,0.01710,83,0,0,1881,4,0,7,7,0,9098,0
306,7.39530,1.45320,4.38540,1.53520,0.02070,74,0,0,1887,4,0,8,8,0,9092,0
307,7.24190,1.22680,4.37240,1.62150,0.02040,51,0,0,1891,4,0,9,8,0,8986,0
308,7.37330,0.81880,4.90340,1.63000,0.02020,31,0,0,1893,4,0,10,9,0,9023,0
309,7.81830,1.41500,4.28690,2.09360,0.02200,95,0,0,1899,4,0,10,9,0,8993,0
310,7.46320,1.39370,4.37600,1.67330,0.01950,97,0,0,1904,4,0,10,8,0,9003,0
311,6.53330,0.76760,4.11270,1.62900,0.02310,28,0,0,1906,4,0,10,8,0,8958,0
312,6.68160,0.79160,4.24500,1.62380,0.02040,18,0,0,1908,4,0,11,9,0,8952,0
313,6.47740,1.20430,3.58450,1.66020,0.02730,60,0,0,1912,4,0,11,9,0,8875,0
314,7.23940,1.40610,4.22070,1.56580,0.04590,55,0,0,1916,4,0,12,10,0,8781,0
315,6.87990,0.99090,4.35930,1.50340,0.02550,48,0,0,1919,4,0,12,11,0,8639,0
316,8.15540,2.77280,3.84060,1.51750,0.02370,47,0,0,1923,4,0,12,11,0,8620,0
317,6.49330,0.74140,4.22630,1.50160,0.02350,14,0,0,1925,4,0,13,12,0,8583,0
318,7.27470,1.81130,3.91960,1.52030,0.02270,120,0,0,1933,4,0,14,13,0,8564,0
319,5.76840,0.77820,3.42740,1.53590,0.02590,30,0,0,1935,4,0,14,13,0,8504,0
320,6.28760,1.31400,3.45690,1.49100,0.02480,87,0,0,1940,4,0,14,13,0,8522,0
321,6.36110,1.30270,3.48110,1.55400,0.02240,72,0,0,1945,4,0,14,13,0,8499,0
322,6.59930,0.83680,4.14340,1.59650,0.02170,37,0,0,1947,4,0,14,13,0,8467,0
323,6.38730,1.38000,3.51410,1.46970,0.02270,57,0,0,1952,4,0,15,14,0,8396,0
324,7.56110,2.40300,3.53390,1.59400,0.02930,174,0,0,1965,4,0,15,14,0,8382,0
325,6.72920,0.97500,4.16960,1.55930,0.02450,56,0,0,1968,4,0,15,13,0,8354,0
326,6.02080,0.98990,3.54250,1.46540,0.02200,56,0,0,1971,4,0,16,15,0,8322,0
327,5.74120,0.80630,3.42980,1.47320,0.03100,31,0,0,1973,4,0,16,15,0,8247,0
328,6.38170,1.34180,3.52160,1.47530,0.04220,61,0,0,1978,4,0,17,16,0,8282,0
329,6.19320,1.37720,3.37670,1.41150,0.02680,70,0,0,1983,4,0,19,17,0,8278,0
330,5.97490,1.18960,3.40280,1.35550,0.02610,51,0,0,1988,4,0,19,16,0,8224,0
331,9.61420,2.26210,5.57350,1.74480,0.03260,18,0,0,1989,4,0,19,16,0,8225,0
332,8.46230,1.30570,5.38420,1.74810,0.02320,37,0,0,1992,4,0,19,15,0,8154,0
333,6.78400,0.65610,4.61730,1.48920,0.02070,17,0,0,1993,4,0,19,15,0,8154,0
334,7.07820,1.04410,4.50800,1.50830,0.01720,38,0,0,1996,4,0,19,15,0,8103,0
335,7.18940,0.65740,4.43400,2.06430,0.03290,11,0,0,1997,4,0,21,17,0,8071,0
336,7.58420,1.44200,4.54630,1.54920,0.04580,73,0,0,2002,4,0,24,21,0,8044,0
337,6.99780,1.21140,4.16090,1.59530,0.02920,57,0,0,2006,4,0,24,22,0,8000,0
338,6.46740,0.65390,4.28850,1.49080,0.03310,13,0,0,2007,4,0,24,21,0,8032,0
339,8.61310,2.52400,4.64670,1.41440,0.02640,118,0,0,2017,4,0,25,24,0,7931,0
340,7.12040,1.39130,4.20020,1.50410,0.02370,81,0,0,2022,4,0,26,24,0,7909,0
341,7.21340,1.38200,4.30750,1.50120,0.02150,56,0,0,2025,4,0,26,23,0,7832,0
342,7.02770,1.37160,4.16790,1.46860,0.01850,63,0,0,2029,4,0,27,25,0,7778,0
343,6.76820,1.46270,3.77700,1.50610,0.02150,63,0,0,2035,4,0,27,25,0,7690,0
344,6.35550,0.77030,4.12210,1.43720,0.02510,18,0,0,2037,4,0,29,27,0,7725,0
345,6.53510,0.88250,4.13180,1.49820,0.02180,42,0,0,2040,4,0,29,26,0,7715,0
346,7.26810,1.84770,3.93030,1.46030,0.02890,35,0,0,2044,4,0,29,27,0,7657,0
347,5.98590,1.28130,3.29570,1.38520,0.02290,61,0,0,2049,4,0,29,27,0,7558,0
348,6.10760,1.39260,3.33420,1.35570,0.02410,72,0,0,2054,4,0,29,26,0,7562,0
349,6.28100,0.63710,4.17210,1.44690,0.02370,10,0,0,2055,4,0,31,28,0,7492,0
350,5.66120,0.85630,3.34420,1.43440,0.02540,23,0,0,2057,4,0,31,27,0,7477,0
351,6.01950,1.35430,3.31030,1.31070,0.04330,53,0,0,2062,4,0,32,29,0,7367,0
352,5.90590,1.22580,3.26860,1.38780,0.02280,62,0,0,2067,4,0,33,29,0,7282,0
353,5.41980,0.82950,3.24120,1.32180,0.02640,36,0,0,2069,4,0,33,28,0,7220,0
354,5.91380,0.92950,3.59680,1.36030,0.02620,34,0,0,2072,4,0,34,29,0,7248,0
355,5.92650,1.32140,3.24840,1.32940,0.02640,82,0,0,2078,4,0,35,30,0,7198,0
356,5.57610,0.88670,3.35770,1.30870,0.02210,24,0,0,2081,4,0,36,31,0,7113,0
357,5.75160,1.15690,3.16960,1.39960,0.02480,49,0,0,2085,4,0,36,30,0,7098,0
358,5.89130,0.89590,3.58460,1.38460,0.02540,36,0,0,2088,4,0,36,29,0,6979,0
359,5.76100,1.14590,3.22080,1.37000,0.02280,45,0,0,2092,4,0,38,29,0,6938,0
360,5.56010,0.89280,3.20690,1.43120,0.02810,36,0,0,2095,4,0,40,33,0,6916,0
361,10.38750,3.02180,5.66660,1.67420,0.02170,51,0,0,2098,4,0,41,34,0,6874,0
362,8.43460,1.33090,5.45490,1.62320,0.02460,46,0,0,2102,4,0,41,34,0,6884,0
363,7.84930,1.39320,4.88430,1.54970,0.02110,68,0,0,2107,4,0,43,36,0,6863,0
364,6.93710,0.71420,4.69600,1.50500,0.02120,28,0,0,2108,4,0,43,36,0,6857,0
365,6.49610,0.87200,4.15410,1.43730,0.03180,27,0,0,2110,4,0,44,37,0,6825,0
366,6.59960,0.96640,4.12710,1.48560,0.01880,24,0,0,2113,4,0,45,37,0,6821,0
367,6.41180,0.79020,4.11930,1.48200,0.01960,17,0,0,2115,4,0,45,37,0,6721,0
368,6.34490,0.72760,4.11710,1.48060,0.01880,8,0,0,2116,4,0,45,36,0,6664,0
369,6.66620,1.15330,4.06140,1.43080,0.01990,36,0,0,2119,4,0,47,38,0,6592,0
370,5.89330,0.51800,4.05670,1.29480,0.02320,0,0,0,2119,4,0,49,39,0,6525,0
371,6.05210,1.07490,3.60370,1.35290,0.01970,36,0,0,2122,4,0,49,38,0,6493,0
372,6.14170,1.02610,3.70740,1.38920,0.01810,40,0,0,2125,4,0,50,40,0,6477,0
373,5.57490,0.63250,3.58490,1.33150,0.02520,16,0,0,2126,4,0,52,43,0,6531,0
374,6.34030,1.33470,3.66790,1.31480,0.02210,62,0,0,2131,4,0,52,42,0,6499,0
375,5.98190,0.96720,3.57100,1.41950,0.02350,37,0,0,2134,4,0,54,45,0,6405,0
376,7.28620,2.39090,3.62080,1.24800,0.02560,44,0,0,2137,4,0,54,44,0,6301,0
377,5.96580,1.07070,3.56350,1.30880,0.02160,32,0,0,2140,4,0,55,45,0,6289,0
378,6.09190,1.33440,3.45780,1.28020,0.01860,66,0,0,2145,4,0,55,45,0,6286,0
379,5.13630,0.57370,3.28080,1.25980,0.02070,5,0,0,2146,4,0,56,46,0,6266,0
380,6.22100,1.42330,3.46700,1.30830,0.02170,39,0,0,2151,4,0,61,52,0,6264,0
381,6.16380,1.39920,3.50190,1.24190,0.02000,38,0,0,2157,4,0,62,53,0,6261,0
382,5.98230,0.88480,3.73550,1.33550,0.02560,21,0,0,2160,4,0,63,53,0,6234,0
383,4.82310,0.42310,3.17430,1.20220,0.02270,0,0,0,2160,4,0,65,54,0,6120,0
384,5.05560,0.62850,3.07550,1.32930,0.02150,12,0,0,2161,4,0,67,55,0,6051,0
385,4.90190,0.43660,3.15810,1.28360,0.02290,0,0,0,2161,4,0,68,53,0,5984,0
386,5.15210,0.69860,3.17760,1.25200,0.02330,11,0,0,2162,4,0,69,54,0,5954,0
387,5.51120,1.22180,3.04050,1.22550,0.02250,43,0,0,2166,4,0,70,56,0,5873,0
388,5.07240,0.76540,3.06010,1.21960,0.02640,35,0,0,2168,4,0,73,60,0,5824,0
389,5.59290,1.17870,3.17610,1.21170,0.02560,56,0,0,2172,4,0,73,60,0,5800,0
390,5.18290,0.90160,3.06920,1.18510,0.02600,20,0,0,2175,4,0,75,62,0,5693,0
391,11.58670,3.16880,6.97040,1.41740,0.02910,101,0,0,2180,4,0,77,65,0,5667,0
392,7.15630,0.95650,4.74640,1.42070,0.03180,14,0,0,2182,4,0,77,65,0,5589,0
393,6.52000,1.02110,4.06020,1.31320,0.12450,34,0,0,2185,4,0,79,65,0,5562,0
394,6.46490,1.01080,3.93870,1.48880,0.02550,26,0,0,2188,4,0,79,63,0,5522,0
395,6.16270,0.61440,4.07240,1.44650,0.02860,8,0,0,2189,4,0,80,63,0,5475,0
396,6.86630,1.46930,4.01370,1.27760,0.10470,50,0,0,2194,4,0,80,65,0,5460,0
397,5.54650,0.49210,3.62360,1.40390,0.02600,0,0,0,2194,4,0,80,65,0,5456,0
398,5.66660,0.83340,3.53640,1.25120,0.04480,18,0,0,2196,4,0,87,74,0,5464,0
399,5.56130,0.55730,3.62710,1.33800,0.03800,0,0,0,2196,4,0,88,75,0,5433,0
400,5.86050,1.05990,3.43670,1.34160,0.02140,24,0,0,2198,4,0,89,76,0,5360,0
401,6.25220,1.12220,3.78080,1.29290,0.05500,15,0,0,2200,4,0,90,76,0,5295,0
402,6.50770,1.79920,3.44210,1.24530,0.02020,118,0,0,2203,5,0,90,75,0,5242,0
403,5.71450,0.92900,3.54290,1.21940,0.02240,27,0,0,2206,5,0,90,75,0,5185,0
404,5.87180,1.19420,3.35270,1.29240,0.03170,52,0,0,2210,5,0,92,76,0,5170,0
405,5.63570,0.91690,3.46800,1.22710,0.02290,26,0,0,2213,5,0,93,77,0,5116,0
406,8.76090,3.25090,4.19800,1.29250,0.01870,58,0,0,2218,5,0,96,80,0,5079,0
407,5.65140,0.64690,3.72960,1.25250,0.02140,5,0,0,2219,5,0,97,79,0,5033,0
408,5.51460,0.92260,3.28190,1.28890,0.01960,21,0,0,2222,5,0,99,82,0,5007,0
409,5.22670,0.75410,3.26970,1.17540,0.02650,24,0,0,2224,5,0,102,85,0,4999,0
410,4.98940,0.58550,3.19720,1.18590,0.02000,10,0,0,2225,5,0,102,85,0,4952,0
411,5.42680,0.98510,3.20550,1.21590,0.01950,34,0,0,2228,5,0,104,86,0,4996,0
412,5.04250,0.60250,3.26130,1.16010,0.01780,6,0,0,2229,5,0,109,91,0,4926,0
413,4.97300,0.60180,3.12520,1.22080,0.02430,10,0,0,2230,5,0,110,89,0,4911,0
414,4.60930,0.41300,2.99000,1.17540,0.02990,0,0,0,2230,5,0,111,89,0,4934,0
415,5.28820,0.77150,3.31530,1.17610,0.02460,24,0,0,2232,5,0,114,91,0,4896,0
416,4.49690,0.40340,2.87740,1.18300,0.03230,0,0,0,2232,5,0,118,97,0,4877,0
417,4.79970,0.60930,2.92420,1.24360,0.02180,5,0,0,2233,5,0,119,96,0,4853,0
418,5.17600,0.91370,2.89690,1.34120,0.02330,36,0,0,2235,5,0,122,98,0,4816,0
419,5.18450,1.05130,2.90780,1.20540,0.01910,35,0,0,2238,5,0,123,99,0,4796,0
420,4.85570,0.70140,2.88770,1.23970,0.02610,15,0,0,2240,5,0,123,98,0,4748,0
421,7.51980,2.33100,3.86380,1.30090,0.02300,11,0,0,2241,5,0,126,99,0,4678,0
422,8.19500,1.21360,5.32590,1.62710,0.02760,31,0,0,2244,5,0,127,97,0,4598,0
423,7.05520,0.48790,5.27010,1.27550,0.02010,0,0,0,2244,5,0,130,102,0,4571,0
424,5.94200,0.93000,3.73660,1.25730,0.01720,15,0,0,2247,5,0,136,111,0,4551,0
425,5.84910,0.69400,3.82150,1.30560,0.02720,27,0,0,2248,5,0,139,113,0,4561,0
426,6.41560,1.09360,3.87650,1.41920,0.02550,34,0,0,2251,5,0,142,114,0,4565,0
427,5.30930,0.62110,3.29740,1.36140,0.02820,7,0,0,2252,5,0,143,112,0,4528,0
428,5.82840,0.79560,3.65770,1.35120,0.02230,19,0,0,2254,5,0,146,112,0,4520,0
429,5.13560,0.61020,3.25730,1.20870,0.05830,8,0,0,2255,5,0,147,115,0,4507,0
430,7.01020,0.71800,5.07950,1.19090,0.02080,34,0,0,2256,5,0,148,117,0,4494,0
431,6.42210,0.55030,4.48250,1.36990,0.01870,0,0,0,2256,5,0,149,120,0,4513,0
432,5.52350,0.98830,3.31930,1.19380,0.02130,15,0,0,2258,5,0,151,120,0,4514,0
433,5.42510,0.88610,3.34490,1.17420,0.01900,30,0,0,2260,5,0,152,123,0,4497,0
434,5.22370,0.86590,3.17180,1.16360,0.02150,29,0,0,2262,5,0,153,122,0,4451,0
435,5.04200,0.58690,3.15620,1.27450,0.02370,8,0,0,2263,5,0,154,124,0,4397,0
436,6.69150,2.34690,3.18290,1.14180,0.01930,24,0,0,2266,5,0,155,124,0,4363,0
437,5.05660,0.86120,3.00590,1.16690,0.02180,21,0,0,2268,5,0,155,122,0,4331,0
438,4.79670,0.68760,2.94730,1.13590,0.02470,4,0,0,2269,5,0,159,127,0,4258,0
439,5.07290,0.92790,2.99460,1.11640,0.03290,11,0,0,2271,5,0,161,129,0,4237,0
440,5.12910,1.18370,2.83330,1.08920,0.02190,42,0,0,2274,5,0,163,132,0,4267,0
441,5.31660,1.14200,2.87500,1.27150,0.02660,26,0,0,2276,5,0,164,134,0,4224,0
442,4.30270,0.41180,2.81470,1.05160,0.02390,0,0,0,2276,5,0,164,133,0,4214,0
443,4.66880,0.39620,2.93500,1.11690,0.21960,0,0,0,2276,5,0,168,134,0,4183,0
444,4.91990,1.01510,2.77430,1.10360,0.02610,14,0,0,2278,5,0,171,139,0,4160,0
445,5.05080,0.87770,2.93330,1.20760,0.03120,41,0,0,2280,5,0,174,142,0,4170,0
446,4.50260,0.39230,3.01470,1.06870,0.02610,0,0,0,2280,5,0,176,143,0,4132,0
447,4.55310,0.61370,2.78660,1.11800,0.03400,16,0,0,2281,5,0,183,149,0,4163,0
448,4.65430,0.60330,2.87710,1.14400,0.02900,9,0,0,2282,5,0,184,149,0,4097,0
449,4.74520,0.83030,2.81120,1.07680,0.02600,21,0,0,2284,5,0,186,150,0,4115,0
450,4.90760,1.01580,2.78500,1.07720,0.02830,13,0,0,2286,5,0,189,150,0,4042,0
451,10.36670,2.47530,6.37920,1.48450,0.02650,7,0,0,2287,5,0,192,155,0,3984,0
452,9.14880,1.02350,6.86060,1.24460,0.01920,21,0,0,2289,5,0,195,156,0,3914,0
453,7.09350,0.50010,5.18240,1.38190,0.02830,0,0,0,2289,5,0,200,162,0,3880,0
454,8.57450,1.05320,6.08630,1.41190,0.02150,30,0,0,2292,5,0,203,163,0,3839,0
455,6.81510,1.19340,4.42960,1.17540,0.01590,61,0,0,2296,5,0,207,167,0,3870,0
456,6.01760,0.54620,4.27180,1.17860,0.01990,7,0,0,2297,5,0,210,173,0,3822,0
457,5.60410,0.45190,3.69950,1.41450,0.03740,0,0,0,2297,5,0,213,176,0,3797,0
458,5.73280,0.41630,4.10080,1.19320,0.02160,0,0,0,2297,5,0,214,172,0,3736,0
459,5.29350,0.62240,3.52210,1.13190,0.01630,6,0,0,2298,5,0,217,174,0,3720,0
460,5.32200,0.61790,3.55610,1.12950,0.01780,7,0,0,2299,5,0,222,181,0,3648,0
461,5.78150,1.00100,3.55170,1.16860,0.05930,25,0,0,2302,5,0,224,180,0,3609,0
462,5.29360,0.62950,3.49740,1.14730,0.01840,16,0,0,2303,5,0,227,185,0,3592,0
463,5.91580,0.98380,3.67170,1.15410,0.10550,32,0,0,2306,5,0,229,184,0,3568,0
464,5.31040,0.94850,3.28280,1.06180,0.01640,32,0,0,2309,5,0,229,185,0,3569,0
465,5.23080,0.56280,3.38090,1.23500,0.05130,5,0,0,2310,5,0,230,185,0,3588,0
466,6.36100,2.11900,3.13100,1.09320,0.01720,5,0,0,2311,5,0,234,192,0,3559,0
467,5.57950,1.00960,3.41040,1.14020,0.01870,30,0,0,2314,5,0,235,192,0,3576,0
468,4.79490,0.41620,3.20840,1.14900,0.02040,0,0,0,2314,5,0,243,200,0,3506,0
469,4.78780,0.42800,3.14820,1.19100,0.01980,0,0,0,2314,5,0,246,204,0,3483,0
470,4.91740,0.74320,3.08330,1.06640,0.02370,31,0,0,2316,5,0,247,201,0,3405,0
471,5.42850,0.81610,3.41890,1.17110,0.02170,15,0,0,2318,5,0,252,211,0,3401,0
472,4.56160,0.38390,3.04810,1.10090,0.02810,0,0,0,2318,5,0,256,211,0,3373,0
473,4.73070,0.55360,3.09530,1.06420,0.01700,9,0,0,2319,5,0,258,216,0,3370,0
474,4.57850,0.39980,3.08120,1.07690,0.01960,0,0,0,2319,5,0,259,217,0,3362,0
475,5.71240,0.59420,4.06880,1.02870,0.01990,3,0,0,2320,5,0,261,215,0,3335,0
476,5.95430,0.61270,4.13950,1.18160,0.01960,11,0,0,2321,5,0,264,219,0,3361,0
477,4.67740,0.56710,3.01980,1.07220,0.01760,17,0,0,2322,5,0,267,223,0,3357,0
478,4.90810,0.99940,2.82810,1.05800,0.02180,26,0,0,2325,5,0,269,225,0,3339,0
479,5.21330,0.94320,3.10270,1.14250,0.02400,26,0,0,2327,5,0,273,230,0,3334,0
480,4.65300,0.40880,3.06450,1.14890,0.02930,0,0,0,2327,5,0,278,234,0,3328,0
481,7.15440,2.27090,3.57130,1.17110,0.11770,6,0,0,2328,5,0,279,233,0,3303,0
482,6.86150,1.05230,4.64760,1.13990,0.02080,19,0,0,2330,5,0,285,240,0,3252,0
483,6.47360,0.67460,4.64620,1.13580,0.01640,6,0,0,2331,5,0,289,244,0,3226,0
484,7.42520,0.90760,5.43980,1.05770,0.01920,14,0,0,2333,5,0,289,242,0,3215,0
485,6.17630,0.80070,4.25020,1.10220,0.02270,33,0,0,2335,5,0,291,244,0,3160,0
486,4.47780,0.45170,3.01750,0.98430,0.02350,0,0,0,2335,5,0,293,246,0,3154,0
487,5.21370,0.64430,3.47860,1.07230,0.01760,5,0,0,2336,5,0,298,252,0,3137,0
488,5.88350,0.62960,4.21850,1.01500,0.01950,4,0,0,2337,5,0,302,257,0,3110,0
489,4.29650,0.39100,2.85510,1.02400,0.02570,0,0,0,2337,5,0,302,253,0,3076,0
490,4.39730,0.39040,3.00400,0.98000,0.02220,0,0,0,2337,5,0,305,253,0,3032,0
491,5.25120,0.66350,3.46840,1.08970,0.02880,6,0,0,2338,5,0,307,260,0,3012,0
492,5.41780,0.35880,4.01930,1.01500,0.02390,0,0,0,2338,5,0,308,258,0,2990,0
493,4.48060,0.69700,2.72780,1.02410,0.03090,5,0,0,2339,5,0,310,263,0,2972,0
494,4.61480,0.67370,2.85520,1.06270,0.02230,15,0,0,2340,5,0,316,269,0,2949,0
495,4.71960,0.69290,2.91420,1.08370,0.02810,38,0,0,2341,5,0,321,273,0,2910,0
496,5.60640,1.77800,2.80600,0.99410,0.02750,0,0,0,2341,5,0,324,273,0,2901,0
497,4.29840,0.63640,2.68840,0.94840,0.02460,4,0,0,2342,5,0,325,273,0,2882,0
498,4.88300,0.63190,3.21560,1.00940,0.02530,6,0,0,2343,5,0,327,279,0,2913,0
499,4.33090,0.64010,2.68600,0.97990,0.02410,8,0,0,2344,5,0,331,280,0,2904,0
500,4.77610,0.93510,2.81570,0.99560,0.02900,33,0,0,2346,5,0,337,289,0,2871,0
501,4.46720,0.73720,2.69950,0.97950,0.05020,23,0,0,2348,5,0,342,292,0,2834,0
502,4.10810,0.34340,2.76180,0.96900,0.03310,0,0,0,2348,5,0,343,289,0,2801,0
503,5.17330,0.81120,3.16290,1.17430,0.02400,17,0,0,2350,5,0,346,295,0,2791,0
504,4.12080,0.56810,2.57360,0.95230,0.02590,12,0,0,2351,5,0,351,299,0,2776,0
505,4.48720,0.36350,2.98120,1.11400,0.02770,0,0,0,2351,5,0,356,304,0,2792,0
506,4.61840,1.05890,2.57210,0.94400,0.04210,15,0,0,2354,5,0,358,306,0,2766,0
507,4.19590,0.33410,2.71400,1.12010,0.02690,0,0,0,2354,5,0,360,308,0,2755,0
508,4.46030,0.87650,2.59760,0.95800,0.02740,10,0,0,2356,5,0,364,313,0,2741,0
509,4.10750,0.58530,2.54820,0.94780,0.02540,15,0,0,2357,5,0,368,314,0,2754,0
510,4.75670,0.99420,2.69270,1.04280,0.02620,44,0,0,2360,5,0,372,321,0,2730,0
511,5.65850,1.88090,2.80430,0.94230,0.02880,0,0,0,2360,5,0,379,330,0,2690,0
512,6.26210,0.99300,4.23900,0.99880,0.03020,12,0,0,2362,5,0,382,332,0,2699,0
513,4.89800,1.00550,2.88100,0.98510,0.02560,17,0,0,2364,5,0,390,339,0,2717,0
514,4.16110,0.37390,2.65110,1.10000,0.03530,0,0,0,2364,5,0,393,341,0,2700,0
515,4.28480,0.37560,2.87950,1.00360,0.02520,0,0,0,2364,5,0,397,348,0,2674,0
516,4.55400,0.95090,2.65210,0.92180,0.02830,22,0,0,2366,5,0,401,354,0,2644,0
517,4.01710,0.37870,2.66540,0.93960,0.03260,0,0,0,2366,5,0,401,357,0,2642,0
518,4.17030,0.59160,2.57660,0.97270,0.02860,4,0,0,2367,5,0,402,356,0,2606,0
519,4.06500,0.63560,2.47990,0.92630,0.02250,8,0,0,2368,5,0,405,362,0,2594,0
520,3.85190,0.35330,2.53920,0.92960,0.02880,0,0,0,2368,5,0,407,363,0,2579,0
521,4.04930,0.54470,2.57180,0.90480,0.02730,3,0,0,2369,5,0,409,367,0,2537,0
522,3.91900,0.34880,2.63570,0.90710,0.02670,0,0,0,2369,5,0,414,370,0,2519,0
523,3.85570,0.35300,2.54310,0.93680,0.02210,0,0,0,2369,5,0,418,376,0,2505,0
524,3.85470,0.33620,2.51100,0.97280,0.03390,0,0,0,2369,5,0,422,375,0,2504,0
525,4.74360,0.90770,2.84600,0.96290,0.02630,43,0,0,2371,5,0,427,380,0,2491,0
526,5.57460,1.88460,2.69360,0.96120,0.03430,0,0,0,2371,5,0,431,382,0,2474,0
527,4.57170,0.85880,2.74280,0.94230,0.02710,32,0,0,2373,5,0,437,392,0,2466,0
528,4.10230,0.68090,2.48620,0.91030,0.02420,9,0,0,2375,5,0,441,394,0,2436,0
529,4.00910,0.50150,2.51310,0.96320,0.03050,7,0,0,2376,5,0,443,397,0,2411,0
530,4.05140,0.39340,2.63390,0.99230,0.03080,0,0,0,2376,5,0,449,401,0,2435,0
531,4.16010,0.58160,2.52720,1.02080,0.02950,7,0,0,2377,5,0,452,404,0,2462,0
532,3.82830,0.36860,2.52000,0.91260,0.02640,0,0,0,2377,5,0,454,409,0,2442,0
533,3.82930,0.35580,2.54190,0.90600,0.02500,0,0,0,2377,5,0,461,413,0,2407,0
534,4.36280,0.79470,2.52550,1.01400,0.02790,13,0,0,2379,5,0,462,413,0,2394,0
535,4.15770,0.56670,2.50960,1.05380,0.02680,6,0,0,2380,5,0,467,419,0,2378,0
536,3.91370,0.37850,2.59350,0.91630,0.02470,0,0,0,2380,5,0,469,420,0,2363,0
537,4.04700,0.56620,2.52940,0.92630,0.02430,19,0,0,2381,5,0,475,425,0,2369,0
538,4.29750,0.34710,2.99100,0.93510,0.02350,0,0,0,2381,5,0,479,428,0,2350,0
539,3.94940,0.42320,2.52210,0.97240,0.03070,0,0,0,2381,5,0,480,427,0,2334,0
540,3.98520,0.39430,2.66110,0.90210,0.02690,0,0,0,2381,5,0,480,422,0,2349,0
541,8.03670,2.63320,4.25020,1.10770,0.04310,9,0,0,2383,5,0,482,426,0,2325,0
542,6.38290,0.71300,4.63790,1.01360,0.01780,6,0,0,2384,5,0,484,428,0,2299,0
543,6.46600,0.70540,4.73780,1.00350,0.01860,3,0,0,2385,5,0,488,434,0,2284,0
544,4.78080,0.92790,2.90350,0.92330,0.02560,9,0,0,2387,5,0,492,439,0,2267,0
545,4.86700,1.09490,2.83040,0.91460,0.02540,40,0,0,2389,5,0,495,443,0,2262,0
546,5.05800,0.60190,3.42940,1.00820,0.01770,7,0,0,2390,5,0,497,443,0,2274,0
547,4.62260,0.40550,3.28060,0.91800,0.01790,0,0,0,2390,5,0,502,447,0,2276,0
548,4.82470,0.39640,3.01670,1.37910,0.03180,0,0,0,2390,5,0,508,455,0,2237,0
549,4.25680,0.60370,2.74230,0.88070,0.02920,6,0,0,2391,5,0,514,460,0,2217,0
550,4.05960,0.39090,2.70740,0.93620,0.02450,0,0,0,2391,5,0,518,460,0,2200,0
551,4.41720,0.39240,2.93760,0.98770,0.09870,0,0,0,2391,5,0,521,466,0,2203,0
552,4.21390,0.38310,2.84500,0.96070,0.02430,0,0,0,2391,5,0,524,467,0,2194,0
553,4.05520,0.39640,2.71770,0.91500,0.02530,0,0,0,2391,5,0,524,465,0,2203,0
554,4.20900,0.66290,2.62200,0.89400,0.02950,7,0,0,2392,5,0,528,469,0,2176,0
555,3.91570,0.34830,2.62690,0.91430,0.02550,0,0,0,2392,5,0,529,468,0,2152,0
556,5.74670,2.04470,2.71800,0.95500,0.02830,0,0,0,2392,5,0,530,470,0,2146,0
557,4.31660,0.58870,2.76310,0.93690,0.02700,6,0,0,2393,5,0,531,470,0,2162,0
558,4.12870,0.61670,2.57430,0.90520,0.03170,6,0,0,2394,5,0,535,476,0,2149,0
559,4.09960,0.55560,2.58460,0.92970,0.02880,7,0,0,2395,5,0,539,477,0,2137,0
560,4.03130,0.53640,2.57860,0.88990,0.02530,2,0,0,2396,5,0,540,479,0,2157,0
561,4.11890,0.51610,2.66140,0.91730,0.02330,6,0,0,2397,5,0,542,481,0,2143,0
562,4.48780,0.84020,2.66200,0.95830,0.02650,15,0,0,2399,5,0,544,484,0,2143,0
563,4.18030,0.71350,2.51880,0.91450,0.03270,13,0,0,2401,5,0,548,493,0,2139,0
564,4.02390,0.49790,2.59510,0.88480,0.04520,6,0,0,2402,5,0,551,494,0,2131,0
565,3.84050,0.36840,2.56840,0.87280,0.03010,0,0,0,2402,5,0,557,499,0,2132,0
566,4.04700,0.55590,2.52910,0.92920,0.03200,5,0,0,2403,5,0,560,500,0,2120,0
567,3.95860,0.37900,2.67080,0.88270,0.02530,0,0,0,2403,5,0,563,501,0,2118,0
568,3.84400,0.35970,2.57120,0.87660,0.03570,0,0,0,2403,5,0,566,506,0,2094,0
569,3.97480,0.36500,2.56000,1.02140,0.02760,0,0,0,2403,5,0,568,506,0,2087,0
570,3.80880,0.35950,2.52060,0.88670,0.04100,0,0,0,2403,5,0,574,513,0,2081,0
571,7.23750,1.87370,4.39230,0.95380,0.01680,0,0,0,2403,5,0,582,522,0,2067,0
572,5.57170,0.63680,3.88470,1.02570,0.02370,6,0,0,2404,5,0,584,524,0,2058,0
573,5.37100,0.34970,4.01030,0.98690,0.02340,0,0,0,2404,5,0,588,525,0,2064,0
574,6.06410,0.57600,4.48440,0.98300,0.02010,7,0,0,2405,5,0,590,526,0,2079,0
575,5.32080,0.55290,3.83530,0.91340,0.01770,2,0,0,2406,5,0,593,533,0,2073,0
576,5.15540,0.58160,3.57320,0.97980,0.01980,5,0,0,2407,5,0,594,539,0,2063,0
577,4.88150,0.76440,3.21890,0.88140,0.01610,10,0,0,2409,5,0,597,546,0,2061,0
578,4.96650,0.35170,3.68440,0.91250,0.01730,0,0,0,2409,5,0,599,540,0,2055,0
579,5.24210,0.56110,3.73320,0.92930,0.01770,6,0,0,2410,5,0,603,547,0,2057,0
580,4.55640,0.36150,3.24810,0.92950,0.01650,0,0,0,2410,5,0,606,552,0,2044,0
581,4.91510,0.56420,3.37490,0.94840,0.02700,6,0,0,2411,5,0,609,553,0,2047,0
582,5.53830,0.35760,4.24600,0.91330,0.02080,0,0,0,2411,5,0,614,564,0,2032,0
583,4.47380,0.35030,3.19630,0.90980,0.01680,0,0,0,2411,5,0,617,566,0,2037,0
584,4.64200,0.58000,3.14980,0.89530,0.01630,21,0,0,2412,5,0,622,573,0,2030,0
585,4.76460,0.73100,3.11770,0.89520,0.02000,12,0,0,2414,5,0,623,577,0,2036,0
586,5.96230,1.91470,3.12630,0.90430,0.01650,6,0,0,2415,5,0,624,575,0,2030,0
587,4.42160,0.37020,3.05400,0.97960,0.01710,0,0,0,2415,5,0,626,577,0,2015,0
588,4.26110,0.36530,2.98020,0.89570,0.01910,0,0,0,2415,5,0,631,583,0,2007,0
589,4.27400,0.33250,3.03370,0.88900,0.01800,0,0,0,2415,5,0,637,591,0,1980,0
590,4.26910,0.51520,2.86910,0.86620,0.01790,4,0,0,2416,5,0,638,590,0,1976,0
591,4.42490,0.35180,3.10800,0.94640,0.01800,0,0,0,2416,5,0,643,593,0,1968,0
592,4.14110,0.31890,2.87850,0.92600,0.01700,0,0,0,2416,5,0,645,595,0,1977,0
593,4.71730,0.35730,3.45560,0.88550,0.01800,0,0,0,2416,5,0,650,606,0,1970,0
594,4.24620,0.34650,3.00290,0.87880,0.01730,0,0,0,2416,5,0,653,609,0,1958,0
595,4.07970,0.36730,2.82320,0.87060,0.01800,0,0,0,2416,5,0,656,609,0,1955,0
596,4.03850,0.36390,2.74780,0.90860,0.01740,0,0,0,2416,5,0,658,612,0,1959,0
597,4.27600,0.56660,2.83480,0.85630,0.01760,6,0,0,2417,5,0,660,614,0,1960,0
598,4.00440,0.32820,2.76110,0.89610,0.01820,0,0,0,2417,5,0,665,620,0,1966,0
599,4.14750,0.60340,2.64230,0.86160,0.03940,21,0,0,2418,5,0,668,623,0,1971,0
600,5.55640,0.56420,4.04120,0.93080,0.01930,4,0,0,2419,5,0,669,625,0,1964,0
601,5.78480,2.10760,2.73430,0.91500,0.02570,6,0,0,2420,5,0,672,626,0,1961,0
602,3.89080,0.39840,2.62440,0.84410,0.02320,0,0,0,2420,5,0,675,626,0,1957,0
603,3.94210,0.34250,2.70510,0.86710,0.02650,0,0,0,2420,5,0,677,628,0,1960,0
604,4.04660,0.67510,2.49570,0.84380,0.03110,5,0,0,2421,5,0,681,634,0,1967,0
605,3.96570,0.58090,2.52850,0.83130,0.02430,6,0,0,2422,5,0,683,635,0,1954,0
606,3.80310,0.34180,2.58290,0.85450,0.02320,0,0,0,2422,5,0,685,639,0,1948,0
607,3.81270,0.32510,2.60170,0.86230,0.02290,0,0,0,2422,5,0,688,642,0,1933,0
608,3.82690,0.32390,2.57680,0.90320,0.02220,0,0,0,2422,5,0,691,646,0,1924,0
609,3.71470,0.31710,2.51870,0.85270,0.02540,0,0,0,2422,5,0,694,649,0,1914,0
610,3.74410,0.37350,2.49740,0.84840,0.02400,0,0,0,2422,5,0,695,653,0,1914,0
611,3.71390,0.28930,2.53390,0.86730,0.02250,0,0,0,2422,5,0,696,653,0,1916,0
612,3.69490,0.33250,2.51990,0.82050,0.02130,0,0,0,2422,5,0,700,656,0,1923,0
613,4.00770,0.58040,2.52940,0.86800,0.02900,5,0,0,2423,5,0,704,659,0,1938,0
614,3.70000,0.33760,2.44560,0.89010,0.02590,0,0,0,2423,5,0,706,664,0,1934,0
615,4.01780,0.53060,2.59050,0.87270,0.02320,8,0,0,2424,5,0,711,669,0,1920,0
616,5.41210,1.91620,2.63190,0.83860,0.02450,6,0,0,2425,5,0,715,673,0,1916,0
617,3.82300,0.33190,2.51070,0.95110,0.02830,0,0,0,2425,5,0,715,670,0,1917,0
618,3.74450,0.34220,2.53870,0.83680,0.02610,0,0,0,2425,5,0,718,674,0,1919,0
619,3.94530,0.52260,2.45590,0.94010,0.02600,5,0,0,2426,5,0,720,674,0,1914,0
620,3.63430,0.32000,2.42290,0.83750,0.05320,0,0,0,2426,5,0,724,681,0,1902,0
621,3.63820,0.35760,2.40840,0.83870,0.03250,0,0,0,2426,5,0,725,678,0,1893,0
622,3.72840,0.35030,2.45120,0.90020,0.02610,0,0,0,2426,5,0,727,681,0,1895,0
623,4.53140,0.53670,2.99470,0.95840,0.04070,4,0,0,2427,5,0,731,688,0,1896,0
624,3.81090,0.54380,2.41200,0.83060,0.02360,7,0,0,2428,5,0,734,690,0,1885,0
625,3.50730,0.32410,2.32620,0.82190,0.03410,0,0,0,2428,5,0,735,694,0,1870,0
626,3.52900,0.29160,2.39210,0.82180,0.02270,0,0,0,2428,5,0,736,693,0,1860,0
627,3.53730,0.30810,2.34420,0.86220,0.02200,0,0,0,2428,5,0,742,698,0,1847,0
628,3.55380,0.31540,2.37710,0.83730,0.02320,0,0,0,2428,5,0,744,702,0,1851,0
629,3.52560,0.27150,2.40910,0.82220,0.02180,0,0,0,2428,5,0,745,702,0,1850,0
630,3.50920,0.31480,2.35200,0.81650,0.02510,0,0,0,2428,5,0,748,704,0,1843,0
631,6.51500,1.73420,3.82430,0.93670,0.01860,0,0,0,2428,5,0,752,704,0,1844,0
632,6.27540,0.33350,4.79070,1.12110,0.02930,0,0,0,2428,5,0,754,705,0,1835,0
633,5.78830,0.29710,4.46030,1.00950,0.02070,0,0,0,2428,5,0,755,707,0,1817,0
634,6.29420,0.33570,4.95000,0.99100,0.01690,0,0,0,2428,5,0,755,708,0,1811,0
635,4.63850,0.43600,3.31210,0.86950,0.02000,0,0,0,2428,5,0,756,710,0,1808,0
636,4.99700,0.33010,3.74580,0.90420,0.01620,0,0,0,2428,5,0,756,712,0,1800,0
637,4.72870,0.33610,3.50510,0.87080,0.01600,0,0,0,2428,5,0,759,718,0,1786,0
638,4.49730,0.33280,3.23380,0.90810,0.02190,0,0,0,2428,5,0,762,720,0,1791,0
639,4.63840,0.56420,3.17940,0.87350,0.02050,7,0,0,2429,5,0,764,726,0,1799,0
640,4.67600,0.63740,3.15980,0.86100,0.01660,4,0,0,2430,5,0,765,724,0,1803,0
641,4.35780,0.35100,3.10040,0.88890,0.01670,0,0,0,2430,5,0,766,722,0,1789,0
642,4.36400,0.34880,3.11720,0.88060,0.01660,0,0,0,2430,5,0,770,724,0,1792,0
643,4.28280,0.33150,3.07600,0.85840,0.01610,0,0,0,2430,5,0,772,733,0,1796,0
644,4.54630,0.32320,3.35340,0.85220,0.01670,0,0,0,2430,5,0,775,736,0,1803,0
645,5.22150,0.29010,4.05540,0.85780,0.01750,0,0,0,2430,5,0,775,736,0,1793,0
646,5.94190,2.05500,3.01660,0.84910,0.02080,2,0,0,2431,5,0,776,739,0,1786,0
647,3.89530,0.32200,2.72220,0.83230,0.01800,0,0,0,2431,5,0,781,745,0,1776,0
648,4.09990,0.30280,2.92940,0.84870,0.01860,0,0,0,2431,5,0,784,747,0,1775,0
649,4.15490,0.26550,3.02780,0.84350,0.01740,0,0,0,2431,5,0,786,747,0,1767,0
650,3.81100,0.28690,2.64740,0.85210,0.02380,0,0,0,2431,5,0,787,750,0,1753,0
651,3.91530,0.32120,2.70810,0.86290,0.02250,0,0,0,2431,5,0,788,751,0,1731,0
652,3.95010,0.30950,2.80610,0.81730,0.01660,0,0,0,2431,5,0,790,754,0,1720,0
653,4.12840,0.32810,2.87090,0.85970,0.06910,0,0,0,2431,5,0,792,752,0,1713,0
654,4.16160,0.60560,2.73500,0.80170,0.01860,4,0,0,2432,5,0,792,753,0,1708,0
655,3.95700,0.32340,2.74040,0.87060,0.02180,0,0,0,2432,5,0,793,753,0,1696,0
656,3.84620,0.31710,2.71960,0.79210,0.01680,0,0,0,2432,5,0,797,758,0,1700,0
657,3.78660,0.31280,2.65380,0.80130,0.01790,0,0,0,2432,5,0,797,760,0,1690,0
658,3.95150,0.32160,2.73230,0.85150,0.04540,0,0,0,2432,5,0,801,763,0,1699,0
659,3.75060,0.30150,2.64440,0.78480,0.01890,0,0,0,2432,5,0,804,768,0,1686,0
660,5.13270,0.28910,3.98990,0.83100,0.02200,0,0,0,2432,5,0,806,770,0,1681,0
661,7.84710,2.56950,4.28570,0.96790,0.02190,6,0,0,2434,5,0,808,772,0,1690,0
662,6.43280,0.32200,5.22920,0.86360,0.01740,0,0,0,2434,5,0,811,777,0,1699,0
663,6.69080,0.37470,5.27750,1.01840,0.01930,0,0,0,2434,5,0,811,773,0,1709,0
664,6.37760,0.28890,5.23130,0.84160,0.01510,0,0,0,2434,5,0,815,780,0,1695,0
665,4.21780,0.30930,3.02640,0.86360,0.01800,0,0,0,2434,5,0,819,782,0,1703,0
666,4.16820,0.30040,2.98650,0.86510,0.01540,0,0,0,2434,5,0,820,784,0,1705,0
667,4.36360,0.29200,3.03460,1.00850,0.02750,0,0,0,2434,5,0,821,788,0,1701,0
668,4.19870,0.37540,2.87620,0.91740,0.02870,0,0,0,2434,5,0,824,787,0,1702,0
669,4.10800,0.58830,2.65370,0.84240,0.02280,4,0,0,2435,5,0,824,790,0,1689,0
670,3.85210,0.30570,2.71280,0.81260,0.02040,0,0,0,2435,5,0,826,787,0,1692,0
671,3.97490,0.33960,2.73600,0.88020,0.01790,0,0,0,2435,5,0,828,791,0,1689,0
672,3.80270,0.31320,2.65560,0.81180,0.02120,0,0,0,2435,5,0,829,793,0,1681,0
673,3.88530,0.31230,2.74530,0.80560,0.02120,0,0,0,2435,5,0,834,796,0,1681,0
674,3.77120,0.31990,2.65620,0.77580,0.01860,0,0,0,2435,5,0,834,797,0,1681,0
675,3.92530,0.31040,2.75330,0.83750,0.02340,0,0,0,2435,5,0,835,797,0,1686,0
676,5.35560,1.99420,2.48410,0.85470,0.02190,4,0,0,2436,5,0,837,800,0,1688,0
677,3.78400,0.28680,2.61310,0.86180,0.02160,0,0,0,2436,5,0,838,801,0,1685,0
678,3.70890,0.32320,2.55330,0.81110,0.02040,0,0,0,2436,5,0,841,803,0,1701,0
679,3.69810,0.29200,2.57590,0.80710,0.02200,0,0,0,2436,5,0,841,806,0,1698,0
680,4.36000,0.31640,3.18690,0.82570,0.03020,0,0,0,2436,5,0,844,809,0,1698,0
681,3.54030,0.25130,2.45220,0.81300,0.02300,0,0,0,2436,5,0,844,812,0,1696,0
682,3.83750,0.29530,2.58940,0.92550,0.02640,0,0,0,2436,5,0,845,812,0,1691,0
683,3.66110,0.33060,2.49090,0.81610,0.02280,0,0,0,2436,5,0,847,814,0,1691,0
684,3.55500,0.25920,2.47610,0.79640,0.02250,0,0,0,2436,5,0,852,820,0,1692,0
685,4.15740,0.81000,2.47040,0.85240,0.02380,17,0,0,2438,5,0,853,823,0,1711,0
686,3.58410,0.31330,2.45800,0.78860,0.02360,0,0,0,2438,5,0,855,825,0,1692,0
687,3.54420,0.23880,2.43880,0.84160,0.02410,0,0,0,2438,5,0,856,827,0,1691,0
688,3.49410,0.26780,2.40230,0.79720,0.02620,0,0,0,2438,5,0,859,834,0,1696,0
689,3.51810,0.27610,2.39770,0.82290,0.02060,0,0,0,2438,5,0,860,831,0,1700,0
690,3.63160,0.28310,2.54650,0.77780,0.02360,0,0,0,2438,5,0,860,832,0,1699,0
691,8.06360,1.82580,5.33790,0.87790,0.02110,0,0,0,2438,5,0,861,833,0,1699,0
692,5.19500,0.26590,4.05680,0.85160,0.02000,0,0,0,2438,5,0,864,837,0,1704,0
693,4.18830,0.29270,3.03220,0.83700,0.02570,0,0,0,2438,5,0,864,840,0,1702,0
694,4.69550,0.27770,3.53680,0.86200,0.01830,0,0,0,2438,5,0,864,837,0,1688,0
695,4.35050,0.28920,3.19350,0.85050,0.01640,0,0,0,2438,5,0,864,837,0,1688,0
696,4.46260,0.27960,3.33300,0.83340,0.01620,0,0,0,2438,5,0,864,838,0,1688,0
697,4.66530,0.24210,3.55600,0.84950,0.01690,0,0,0,2438,5,0,865,837,0,1674,0
698,4.40610,0.29270,3.09360,0.99640,0.02270,0,0,0,2438,5,0,866,839,0,1681,0
699,3.84310,0.29660,2.73090,0.79710,0.01790,0,0,0,2438,5,0,869,841,0,1673,0
700,4.51470,0.53100,3.12270,0.84280,0.01750,6,0,0,2439,5,0,870,841,0,1668,0
701,4.21660,0.29780,2.97050,0.91140,0.03620,0,0,0,2439,5,0,871,845,0,1670,0
702,4.05400,0.26630,2.94460,0.82460,0.01790,0,0,0,2439,5,0,872,848,0,1664,0
703,4.00090,0.28280,2.77830,0.91790,0.02130,0,0,0,2439,5,0,873,847,0,1663,0
704,4.10630,0.29270,2.97310,0.82220,0.01750,0,0,0,2439,5,0,875,849,0,1664,0
705,3.70010,0.27630,2.62870,0.77200,0.02220,0,0,0,2439,5,0,877,856,0,1653,0
706,5.35580,1.81320,2.73120,0.79200,0.01870,0,0,0,2439,5,0,878,855,0,1649,0
707,3.77510,0.27140,2.71900,0.76310,0.02090,0,0,0,2439,5,0,882,858,0,1649,0
708,3.89160,0.26990,2.73260,0.86390,0.02460,0,0,0,2439,5,0,882,861,0,1646,0
709,5.14650,0.27120,4.04750,0.80800,0.01900,0,0,0,2439,5,0,883,864,0,1648,0
710,3.90070,0.27250,2.74800,0.86010,0.01950,0,0,0,2439,5,0,886,867,0,1646,0
711,3.73190,0.27170,2.58320,0.85810,0.01810,0,0,0,2439,5,0,888,871,0,1646,0
712,3.65430,0.27200,2.60500,0.75370,0.02290,0,0,0,2439,5,0,891,874,0,1636,0
713,3.69320,0.26460,2.62920,0.77830,0.02020,0,0,0,2439,5,0,893,875,0,1646,0
714,3.71090,0.27220,2.65180,0.76460,0.02160,0,0,0,2439,5,0,898,883,0,1646,0
715,5.02470,0.24730,3.96560,0.78790,0.02330,0,0,0,2439,5,0,898,884,0,1642,0
716,3.53450,0.21390,2.52940,0.76360,0.02720,0,0,0,2439,5,0,900,885,0,1633,0
717,3.56500,0.27330,2.47280,0.79550,0.02280,0,0,0,2439,5,0,900,886,0,1633,0
718,3.63330,0.27980,2.52760,0.80520,0.01990,0,0,0,2439,5,0,902,888,0,1638,0
719,3.56250,0.25870,2.51680,0.76750,0.01900,0,0,0,2439,5,0,904,890,0,1649,0
720,3.58010,0.25220,2.52900,0.75920,0.03880,0,0,0,2439,5,0,906,893,0,1641,0
721,5.21760,1.84830,2.53920,0.80730,0.02130,0,0,0,2439,5,0,908,893,0,1637,0
722,3.86050,0.49880,2.43090,0.90350,0.02660,5,0,0,2440,5,0,908,894,0,1631,0
723,3.40630,0.26400,2.32380,0.79220,0.02570,0,0,0,2440,5,0,910,893,0,1633,0
724,3.52860,0.25940,2.43060,0.81350,0.02430,0,0,0,2440,5,0,911,897,0,1628,0
725,3.42030,0.28130,2.32050,0.79130,0.02660,0,0,0,2440,5,0,911,896,0,1623,0
726,3.46120,0.26570,2.38570,0.78410,0.02490,0,0,0,2440,5,0,912,899,0,1630,0
727,3.51170,0.25690,2.45630,0.77380,0.02390,0,0,0,2440,5,0,913,902,0,1635,0
728,3.50180,0.25680,2.45270,0.76620,0.02550,0,0,0,2440,5,0,913,903,0,1623,0
729,3.51610,0.25290,2.40330,0.82520,0.03380,0,0,0,2440,5,0,917,905,0,1620,0
730,3.37480,0.27290,2.30290,0.77410,0.02420,0,0,0,2440,5,0,917,903,0,1619,0
731,3.37550,0.26700,2.30930,0.77500,0.02340,0,0,0,2440,5,0,920,907,0,1613,0
732,3.33920,0.27330,2.25560,0.78410,0.02560,0,0,0,2440,5,0,921,910,0,1618,0
733,3.71970,0.55370,2.35000,0.78790,0.02740,7,0,0,2441,5,0,924,913,0,1612,0
734,3.35680,0.26460,2.30370,0.75900,0.02870,0,0,0,2441,5,0,925,913,0,1607,0
735,3.47910,0.26750,2.40640,0.77940,0.02490,0,0,0,2441,5,0,926,916,0,1606,0
736,4.81560,1.70610,2.31260,0.77190,0.02430,0,0,0,2441,5,0,926,916,0,1598,0
737,3.39090,0.27050,2.31530,0.77840,0.02580,0,0,0,2441,5,0,926,917,0,1600,0
738,3.38050,0.26290,2.31920,0.77020,0.02730,0,0,0,2441,5,0,928,918,0,1599,0
739,3.25490,0.26940,2.22100,0.74000,0.02370,0,0,0,2441,5,0,929,918,0,1601,0
740,3.37630,0.27420,2.26360,0.81240,0.02520,0,0,0,2441,5,0,930,919,0,1608,0
741,3.35760,0.25300,2.32840,0.74970,0.02570,0,0,0,2441,5,0,930,920,0,1595,0
742,3.63700,0.25900,2.30930,1.03210,0.03580,0,0,0,2441,5,0,933,923,0,1594,0
743,3.38020,0.24030,2.32840,0.78410,0.02680,0,0,0,2441,5,0,936,926,0,1589,0
744,3.41980,0.26250,2.31590,0.80880,0.03190,0,0,0,2441,5,0,936,925,0,1587,0
745,3.31490,0.26460,2.26900,0.75580,0.02510,0,0,0,2441,5,0,939,929,0,1586,0
746,3.30590,0.25310,2.29560,0.73150,0.02500,0,0,0,2441,5,0,940,930,0,1586,0
747,3.38940,0.25980,2.30720,0.79990,0.02190,0,0,0,2441,5,0,941,931,0,1588,0
748,3.65380,0.53060,2.32260,0.77360,0.02610,7,0,0,2442,5,0,945,938,0,1580,0
749,3.30330,0.25420,2.26190,0.76250,0.02410,0,0,0,2442,5,0,946,938,0,1583,0
750,3.35710,0.23930,2.34520,0.74710,0.02470,0,0,0,2442,5,0,947,937,0,1585,0
751,6.31950,1.74660,3.52250,0.97740,0.07120,0,0,0,2442,5,0,950,939,0,1581,0
752,3.75820,0.26480,2.64210,0.82020,0.03040,0,0,0,2442,5,0,950,938,0,1575,0
753,4.23440,0.23260,3.19580,0.78730,0.01810,0,0,0,2442,5,0,951,941,0,1578,0
754,4.02630,0.22070,3.00210,0.78110,0.02160,0,0,0,2442,5,0,952,943,0,1568,0
755,4.73690,0.23420,3.57140,0.89700,0.03350,0,0,0,2442,5,0,953,943,0,1567,0
756,4.73260,0.24130,3.57410,0.88250,0.03380,0,0,0,2442,5,0,954,943,0,1568,0
757,3.96640,0.22700,2.90530,0.80930,0.02410,0,0,0,2442,5,0,954,945,0,1574,0
758,4.04220,0.20730,2.98180,0.82590,0.02640,0,0,0,2442,5,0,954,945,0,1575,0
759,3.79240,0.23020,2.71050,0.82310,0.02820,0,0,0,2442,5,0,954,945,0,1571,0
760,4.98050,0.21160,3.87500,0.87100,0.02230,0,0,0,2442,5,0,954,948,0,1571,0
761,3.88860,0.22120,2.74410,0.89670,0.02590,0,0,0,2442,5,0,956,946,0,1573,0
762,3.97360,0.45180,2.70970,0.77320,0.03820,3,0,0,2443,5,0,957,947,0,1574,0
763,3.55510,0.22330,2.51110,0.79380,0.02590,0,0,0,2443,5,0,958,947,0,1577,0
764,3.36650,0.25080,2.34790,0.74390,0.02320,0,0,0,2443,5,0,960,950,0,1578,0
765,3.57110,0.22750,2.56240,0.75370,0.02680,0,0,0,2443,5,0,960,948,0,1577,0
766,5.73350,1.63860,3.27000,0.78440,0.03970,0,0,0,2443,5,0,961,950,0,1573,0
767,3.36610,0.23550,2.34590,0.75900,0.02500,0,0,0,2443,5,0,962,955,0,1574,0
768,3.51240,0.23330,2.49370,0.76440,0.02040,0,0,0,2443,5,0,964,953,0,1584,0
769,3.83540,0.26730,2.72870,0.81180,0.02680,0,0,0,2443,5,0,964,948,0,1582,0
770,3.49620,0.25520,2.44030,0.77740,0.02250,0,0,0,2443,5,0,964,953,0,1579,0
771,4.69610,0.21280,3.51010,0.94480,0.02760,0,0,0,2443,5,0,964,953,0,1581,0
772,3.79420,0.19600,2.59530,0.96430,0.03790,0,0,0,2443,5,0,964,953,0,1582,0
773,3.80640,0.24350,2.76510,0.77620,0.02070,0,0,0,2443,5,0,968,956,0,1581,0
774,3.55200,0.20650,2.38140,0.93700,0.02630,0,0,0,2443,5,0,970,957,0,1578,0
775,3.35570,0.26070,2.32210,0.74430,0.02790,0,0,0,2443,5,0,970,959,0,1577,0
776,3.72040,0.23490,2.63120,0.83230,0.02130,0,0,0,2443,5,0,970,957,0,1577,0
777,3.38270,0.23800,2.34640,0.77020,0.02750,0,0,0,2443,5,0,971,958,0,1580,0
778,3.39270,0.23630,2.35770,0.77300,0.02510,0,0,0,2443,5,0,972,959,0,1581,0
779,3.53440,0.25570,2.45900,0.78960,0.02920,0,0,0,2443,5,0,972,958,0,1584,0
780,3.25720,0.25840,2.25130,0.72460,0.02200,0,0,0,2443,5,0,973,960,0,1580,0
781,4.83010,1.65600,2.36200,0.77980,0.03000,0,0,0,2443,5,0,973,959,0,1575,0
782,3.31000,0.26710,2.27840,0.73600,0.02780,0,0,0,2443,5,0,976,964,0,1566,0
783,3.22150,0.22730,2.21800,0.74840,0.02700,0,0,0,2443,5,0,977,963,0,1567,0
784,3.33180,0.23630,2.27210,0.80110,0.02160,0,0,0,2443,5,0,977,965,0,1568,0
785,3.22090,0.21730,2.22700,0.74720,0.02850,0,0,0,2443,5,0,977,967,0,1572,0
786,3.78830,0.24580,2.74000,0.77760,0.02430,0,0,0,2443,5,0,978,969,0,1573,0
787,3.21940,0.20740,2.22690,0.75830,0.02590,0,0,0,2443,5,0,978,970,0,1571,0
788,3.29820,0.23740,2.23360,0.79920,0.02710,0,0,0,2443,5,0,978,969,0,1575,0
789,3.28200,0.23080,2.27380,0.74810,0.02850,0,0,0,2443,5,0,979,970,0,1577,0
790,3.17150,0.22390,2.19700,0.72340,0.02640,0,0,0,2443,5,0,979,972,0,1575,0
791,3.38300,0.48800,2.11320,0.76020,0.02070,7,0,0,2444,5,0,979,973,0,1571,0
792,3.21930,0.20170,2.23870,0.75100,0.02700,0,0,0,2444,5,0,981,974,0,1572,0
793,3.18120,0.25530,2.19560,0.70400,0.02570,0,0,0,2444,5,0,981,975,0,1572,0
794,3.22800,0.23300,2.21190,0.75310,0.02920,0,0,0,2444,5,0,983,977,0,1574,0
795,3.40870,0.23820,2.33660,0.80720,0.02610,0,0,0,2444,5,0,984,979,0,1580,0
796,4.70090,1.74190,2.20960,0.72090,0.02780,0,0,0,2444,5,0,984,979,0,1583,0
797,3.25810,0.21760,2.25150,0.76280,0.02530,0,0,0,2444,5,0,985,980,0,1588,0
798,3.24830,0.21540,2.15890,0.84500,0.02800,0,0,0,2444,5,0,986,981,0,1587,0
799,3.22780,0.20640,2.24000,0.75520,0.02550,0,0,0,2444,5,0,986,982,0,1588,0
800,3.44970,0.24460,2.36710,0.80640,0.03090,0,0,0,2444,5,0,987,982,0,1585,0
801,3.20570,0.22290,2.15470,0.80020,0.02740,0,0,0,2444,5,0,987,981,0,1583,0
802,3.24970,0.22610,2.23520,0.75970,0.02790,0,0,0,2444,5,0,988,984,0,1580,0
803,3.25870,0.20190,2.27310,0.75580,0.02720,0,0,0,2444,5,0,988,983,0,1581,0
804,3.51470,0.24460,2.44900,0.79450,0.02580,0,0,0,2444,5,0,988,982,0,1587,0
805,3.41580,0.24660,2.24900,0.88840,0.03120,0,0,0,2444,5,0,988,981,0,1585,0
806,3.23040,0.21630,2.25390,0.73180,0.02780,0,0,0,2444,5,0,989,984,0,1582,0
807,3.34260,0.20530,2.26370,0.84420,0.02850,0,0,0,2444,5,0,989,985,0,1582,0
808,3.13760,0.22660,2.16080,0.72150,0.02790,0,0,0,2444,5,0,990,986,0,1585,0
809,3.13240,0.22210,2.15650,0.72680,0.02620,0,0,0,2444,5,0,990,985,0,1583,0
810,3.18870,0.19630,2.17460,0.79230,0.02480,0,0,0,2444,5,0,991,987,0,1592,0
811,6.85600,1.77010,4.22670,0.84090,0.01710,0,0,0,2444,5,0,991,987,0,1591,0
812,5.79850,0.24480,4.71480,0.81940,0.01880,0,0,0,2444,5,0,992,988,0,1594,0
813,4.83020,0.18290,3.84630,0.78170,0.01870,0,0,0,2444,5,0,993,988,0,1598,0
814,5.13460,0.20350,4.07270,0.84120,0.01640,0,0,0,2444,5,0,994,989,0,1598,0
815,4.74240,0.17640,3.74480,0.80020,0.02030,0,0,0,2444,5,0,995,989,0,1597,0
816,4.39200,0.20460,3.35050,0.81470,0.02140,0,0,0,2444,5,0,995,991,0,1596,0
817,4.07380,0.18810,3.07760,0.78660,0.02060,0,0,0,2444,5,0,995,989,0,1599,0
818,3.77420,0.22370,2.78070,0.75090,0.01780,0,0,0,2444,5,0,995,989,0,1594,0
819,3.55140,0.19690,2.53810,0.78990,0.02580,0,0,0,2444,5,0,995,990,0,1598,0
820,3.52880,0.19170,2.57990,0.74000,0.01650,0,0,0,2444,5,0,995,991,0,1602,0
821,3.59160,0.22290,2.57400,0.77110,0.02260,0,0,0,2444,5,0,995,991,0,1604,0
822,3.62320,0.18370,2.59840,0.81970,0.02030,0,0,0,2444,5,0,995,990,0,1603,0
823,3.78900,0.23930,2.73850,0.78550,0.02420,0,0,0,2444,5,0,995,990,0,1594,0
824,3.48570,0.20720,2.51030,0.74970,0.01770,0,0,0,2444,5,0,995,990,0,1596,0
825,3.53460,0.20570,2.49480,0.75080,0.08270,0,0,0,2444,5,0,995,991,0,1599,0
826,5.32820,1.74640,2.74240,0.82180,0.01680,0,0,0,2444,5,0,997,993,0,1598,0
827,3.50300,0.20010,2.54800,0.73590,0.01830,0,0,0,2444,5,0,997,993,0,1596,0
828,3.46770,0.21790,2.47540,0.75720,0.01660,0,0,0,2444,5,0,997,993,0,1595,0
829,3.50030,0.22310,2.51510,0.74220,0.01910,0,0,0,2444,5,0,997,994,0,1593,0
830,3.56740,0.29610,2.48930,0.76050,0.02070,0,0,0,2444,5,0,997,994,0,1590,0
831,5.10190,0.25600,3.98670,0.83540,0.02300,0,0,0,2444,5,0,998,995,0,1596,0
832,3.65910,0.24070,2.57370,0.82360,0.02040,0,0,0,2444,5,0,998,995,0,1601,0
833,3.58350,0.22030,2.48120,0.85480,0.02630,0,0,0,2444,5,0,998,995,0,1602,0
834,3.48940,0.22100,2.51120,0.73660,0.01990,0,0,0,2444,5,0,998,995,0,1602,0
835,5.03380,0.20080,4.01940,0.79170,0.02120,0,0,0,2444,5,0,998,995,0,1601,0
836,3.44090,0.20780,2.47360,0.73730,0.02150,0,0,0,2444,5,0,998,995,0,1601,0
837,3.52720,0.20490,2.53940,0.76390,0.01830,0,0,0,2444,5,0,998,995,0,1598,0
838,3.61690,0.19570,2.60760,0.79370,0.01900,0,0,0,2444,5,0,999,996,0,1592,0
839,3.55170,0.25440,2.54190,0.73380,0.02070,0,0,0,2444,5,0,999,997,0,1592,0
840,3.60700,0.24980,2.51070,0.82300,0.02270,0,0,0,2444,5,0,999,998,0,1590,0
841,4.93310,1.68520,2.39280,0.82300,0.03070,0,0,0,2444,5,0,999,998,0,1589,0
842,3.42560,0.21710,2.37400,0.80710,0.02660,0,0,0,2444,5,0,999,998,0,1587,0
843,3.56280,0.23310,2.53420,0.77190,0.02290,0,0,0,2444,5,0,999,998,0,1588,0
844,3.31920,0.23280,2.30640,0.75540,0.02380,0,0,0,2444,5,0,999,998,0,1587,0
845,3.46390,0.22990,2.43570,0.77340,0.02430,0,0,0,2444,5,0,999,996,0,1584,0
846,3.37810,0.24940,2.32400,0.78160,0.02240,0,0,0,2444,5,0,999,998,0,1585,0
847,3.36530,0.24490,2.32930,0.76490,0.02550,0,0,0,2444,5,0,1000,998,0,1584,0
848,3.44700,0.23010,2.41460,0.77740,0.02420,0,0,0,2444,5,0,1000,998,0,1585,0
849,3.32860,0.22460,2.35980,0.71690,0.02650,0,0,0,2444,5,0,1000,999,0,1582,0
850,3.38420,0.23300,2.37870,0.74850,0.02360,0,0,0,2444,5,0,1000,998,0,1582,0
851,3.36330,0.24870,2.31250,0.77850,0.02300,0,0,0,2444,5,0,1000,998,0,1582,0
852,3.37700,0.23380,2.36420,0.75690,0.02170,0,0,0,2444,5,0,1000,998,0,1580,0
853,3.42430,0.20560,2.40640,0.78380,0.02790,0,0,0,2444,5,0,1001,999,0,1580,0
854,3.32440,0.22370,2.32260,0.75110,0.02640,0,0,0,2444,5,0,1001,1000,0,1579,0
855,3.30030,0.23050,2.27810,0.76370,0.02720,0,0,0,2444,5,0,1001,1000,0,1579,0
856,5.07650,1.76390,2.40610,0.87740,0.02840,0,0,0,2444,5,0,1001,1000,0,1583,0
857,3.37990,0.22550,2.35840,0.77130,0.02410,0,0,0,2444,5,0,1002,1001,0,1582,0
858,3.31120,0.23860,2.27730,0.76960,0.02500,0,0,0,2444,5,0,1002,1001,0,1582,0
859,3.30440,0.21940,2.30580,0.75040,0.02820,0,0,0,2444,5,0,1003,1003,0,1578,0
860,3.28910,0.22700,2.30310,0.73450,0.02390,0,0,0,2444,5,0,1003,1003,0,1575,0
861,3.34040,0.22560,2.34500,0.74360,0.02540,0,0,0,2444,5,0,1003,1003,0,1574,0
862,3.36930,0.21870,2.35520,0.75690,0.03790,0,0,0,2444,5,0,1003,1003,0,1574,0
863,3.22530,0.22000,2.24280,0.73780,0.02370,0,0,0,2444,5,0,1003,1003,0,1578,0
864,3.28920,0.21320,2.25890,0.79140,0.02510,0,0,0,2444,5,0,1003,1002,0,1578,0
865,3.40490,0.21480,2.36970,0.78900,0.03060,0,0,0,2444,5,0,1003,1002,0,1576,0
866,3.50440,0.23590,2.39920,0.83950,0.02880,0,0,0,2444,5,0,1004,1004,0,1576,0
867,3.42380,0.22040,2.28690,0.88690,0.02880,0,0,0,2444,5,0,1004,1004,0,1575,0
868,3.45430,0.18940,2.46430,0.77540,0.02440,0,0,0,2444,5,0,1005,1004,0,1574,0
869,3.62790,0.22420,2.56990,0.80560,0.02760,0,0,0,2444,5,0,1005,1004,0,1574,0
870,3.52410,0.21820,2.35770,0.91860,0.02880,0,0,0,2444,5,0,1005,1004,0,1574,0
871,5.10540,1.81330,2.45320,0.77930,0.05770,0,0,0,2444,5,0,1005,1004,0,1572,0
872,3.37550,0.23710,2.32200,0.78880,0.02670,0,0,0,2444,5,0,1005,1004,0,1570,0
873,3.42260,0.21760,2.38870,0.78560,0.02980,0,0,0,2444,5,0,1005,1004,0,1566,0
874,3.33470,0.21160,2.33190,0.75400,0.03640,0,0,0,2444,5,0,1006,1005,0,1565,0
875,3.58950,0.21140,2.50590,0.83820,0.03320,0,0,0,2444,5,0,1007,1006,0,1563,0
876,3.28820,0.22070,2.23560,0.80480,0.02620,0,0,0,2444,5,0,1008,1007,0,1563,0
877,3.24590,0.20570,2.26630,0.74560,0.02740,0,0,0,2444,5,0,1008,1007,0,1564,0
878,3.34230,0.20870,2.33770,0.76140,0.03370,0,0,0,2444,5,0,1008,1007,0,1565,0
879,3.44810,0.22630,2.35720,0.83750,0.02630,0,0,0,2444,5,0,1008,1007,0,1563,0
880,3.24840,0.20810,2.27920,0.73390,0.02650,0,0,0,2444,5,0,1008,1007,0,1563,0
881,3.21140,0.22440,2.22210,0.73850,0.02460,0,0,0,2444,5,0,1008,1008,0,1562,0
882,3.20640,0.19790,2.21290,0.76520,0.02880,0,0,0,2444,5,0,1008,1007,0,1559,0
883,3.30060,0.21680,2.22780,0.83460,0.02020,0,0,0,2444,5,0,1008,1006,0,1559,0
884,3.24070,0.24250,2.21070,0.76480,0.02140,0,0,0,2444,5,0,1009,1007,0,1559,0
885,3.31770,0.21310,2.25980,0.79380,0.05000,0,0,0,2444,5,0,1010,1009,0,1559,0
886,5.11350,1.81790,2.45030,0.82120,0.02320,0,0,0,2444,5,0,1010,1008,0,1561,0
887,3.30710,0.18910,2.32390,0.76770,0.02560,0,0,0,2444,5,0,1010,1007,0,1561,0
888,3.28350,0.21520,2.21860,0.82450,0.02420,0,0,0,2444,5,0,1010,1008,0,1560,0
889,3.22070,0.21700,2.19040,0.78730,0.02510,0,0,0,2444,5,0,1010,1009,0,1558,0
890,3.34250,0.21120,2.33070,0.77810,0.02160,0,0,0,2444,5,0,1010,1008,0,1557,0
891,3.24160,0.20590,2.26950,0.74040,0.02510,0,0,0,2444,5,0,1011,1009,0,1565,0
892,3.14750,0.21200,2.17050,0.73950,0.02470,0,0,0,2444,5,0,1011,1009,0,1561,0
893,3.52980,0.21510,2.31670,0.96570,0.03130,0,0,0,2444,5,0,1012,1009,0,1559,0
894,3.26680,0.23630,2.26580,0.73950,0.02420,0,0,0,2444,5,0,1012,1011,0,1556,0
895,3.26390,0.20400,2.28510,0.74690,0.02730,0,0,0,2444,5,0,1012,1011,0,1557,0
896,3.28090,0.25360,2.20840,0.79260,0.02530,0,0,0,2444,5,0,1012,1010,0,1557,0
897,3.23230,0.21890,2.23970,0.75200,0.02100,0,0,0,2444,5,0,1012,1010,0,1561,0
898,3.15370,0.21130,2.18210,0.73370,0.02570,0,0,0,2444,5,0,1012,1011,0,1560,0
899,3.23310,0.22600,2.23800,0.72570,0.04290,0,0,0,2444,5,0,1012,1010,0,1560,0
900,3.28890,0.22730,2.29340,0.74530,0.02220,0,0,0,2444,5,0,1012,1010,0,1561,0
901,6.84030,2.05290,3.90720,0.85060,0.02750,0,0,0,2444,5,0,1013,1011,0,1561,0
902,5.86620,0.18990,4.81510,0.83870,0.02170,0,0,0,2444,5,0,1014,1013,0,1561,0
903,5.25170,0.17500,4.23260,0.81770,0.02550,0,0,0,2444,5,0,1014,1013,0,1557,0
904,4.46740,0.18280,3.48410,0.77960,0.02020,0,0,0,2444,5,0,1014,1012,0,1553,0
905,4.57890,0.19660,3.45600,0.84250,0.08290,0,0,0,2444,5,0,1014,1012,0,1550,0
906,4.02220,0.23180,2.98030,0.78250,0.02660,0,0,0,2444,5,0,1015,1013,0,1549,0
907,4.42990,0.21480,3.39030,0.79960,0.02440,0,0,0,2444,5,0,1015,1013,0,1548,0
908,4.06090,0.20190,2.98530,0.85390,0.01910,0,0,0,2444,5,0,1015,1013,0,1548,0
909,4.34920,0.21130,3.30470,0.80840,0.02390,0,0,0,2444,5,0,1015,1013,0,1548,0
910,3.65600,0.21230,2.69150,0.73100,0.02010,0,0,0,2444,5,0,1015,1013,0,1549,0
911,4.02760,0.21700,2.93860,0.85010,0.02120,0,0,0,2444,5,0,1015,1013,0,1549,0
912,3.94040,0.17600,3.03560,0.70870,0.01920,0,0,0,2444,5,0,1015,1013,0,1549,0
913,3.60040,0.22210,2.59950,0.75520,0.02270,0,0,0,2444,5,0,1016,1014,0,1551,0
914,3.56240,0.22130,2.56090,0.75900,0.02040,0,0,0,2444,5,0,1016,1014,0,1554,0
915,3.45560,0.18610,2.51660,0.71520,0.03700,0,0,0,2444,5,0,1017,1015,0,1555,0
916,5.22500,1.81730,2.65210,0.73500,0.01990,0,0,0,2444,5,0,1017,1015,0,1555,0
917,3.44950,0.21300,2.50850,0.70810,0.01930,0,0,0,2444,5,0,1017,1015,0,1556,0
918,3.59960,0.22340,2.55630,0.80000,0.01880,0,0,0,2444,5,0,1017,1015,0,1556,0
919,4.93400,0.18560,3.97350,0.75130,0.02300,0,0,0,2444,5,0,1017,1014,0,1556,0
920,3.50290,0.23260,2.46670,0.76220,0.04050,0,0,0,2444,5,0,1017,1015,0,1557,0
921,3.77400,0.23130,2.74200,0.76790,0.03200,0,0,0,2444,5,0,1017,1014,0,1557,0
922,3.34290,0.22040,2.35910,0.74200,0.02050,0,0,0,2444,5,0,1019,1016,0,1557,0
923,3.30160,0.22110,2.31480,0.74290,0.02210,0,0,0,2444,5,0,1019,1016,0,1557,0
924,3.41130,0.20810,2.40070,0.77120,0.03050,0,0,0,2444,5,0,1019,1016,0,1557,0
925,3.38460,0.19260,2.39050,0.76790,0.03280,0,0,0,2444,5,0,1019,1016,0,1556,0
926,3.31330,0.21940,2.29640,0.76980,0.02660,0,0,0,2444,5,0,1019,1017,0,1559,0
927,3.21690,0.21050,2.23690,0.74670,0.02200,0,0,0,2444,5,0,1019,1017,0,1559,0
928,3.45070,0.21030,2.43930,0.77350,0.02680,0,0,0,2444,5,0,1019,1016,0,1559,0
929,3.27330,0.20370,2.29860,0.74670,0.02330,0,0,0,2444,5,0,1019,1016,0,1557,0
930,3.32520,0.22120,2.32850,0.74990,0.02430,0,0,0,2444,5,0,1019,1016,0,1553,0
931,4.99050,1.85210,2.34470,0.76400,0.02750,0,0,0,2444,5,0,1019,1016,0,1552,0
932,3.30210,0.20360,2.33820,0.73450,0.02520,0,0,0,2444,5,0,1019,1016,0,1552,0
933,3.42810,0.23510,2.29650,0.86310,0.03250,0,0,0,2444,5,0,1019,1016,0,1552,0
934,3.41340,0.21680,2.42020,0.75070,0.02480,0,0,0,2444,5,0,1019,1016,0,1552,0
935,3.43600,0.23260,2.40050,0.77350,0.02870,0,0,0,2444,5,0,1019,1016,0,1550,0
936,3.29640,0.23930,2.28530,0.74210,0.02900,0,0,0,2444,5,0,1019,1016,0,1550,0
937,3.26900,0.20110,2.28890,0.74570,0.03260,0,0,0,2444,5,0,1019,1016,0,1551,0
938,3.33290,0.21080,2.32410,0.76980,0.02730,0,0,0,2444,5,0,1019,1016,0,1551,0
939,3.42720,0.21050,2.41280,0.77300,0.02970,0,0,0,2444,5,0,1019,1018,0,1551,0
940,3.31390,0.19810,2.36970,0.71640,0.02880,0,0,0,2444,5,0,1019,1018,0,1551,0
941,3.44810,0.20510,2.39060,0.82180,0.02940,0,0,0,2444,5,0,1020,1019,0,1551,0
942,3.33830,0.21150,2.35330,0.74660,0.02610,0,0,0,2444,5,0,1020,1019,0,1551,0
943,3.35720,0.23700,2.32150,0.76790,0.02990,0,0,0,2444,5,0,1020,1019,0,1553,0
944,3.42360,0.19940,2.34680,0.83060,0.04580,0,0,0,2444,5,0,1020,1019,0,1553,0
945,3.34960,0.21730,2.34590,0.75760,0.02790,0,0,0,2444,5,0,1020,1019,0,1553,0
946,5.24500,2.02530,2.44160,0.75070,0.02670,0,0,0,2444,5,0,1020,1019,0,1553,0
947,3.44590,0.20920,2.36170,0.84580,0.02720,0,0,0,2444,5,0,1021,1020,0,1553,0
948,3.37680,0.21150,2.36570,0.77620,0.02260,0,0,0,2444,5,0,1021,1020,0,1553,0
949,3.28570,0.20130,2.31520,0.74600,0.02250,0,0,0,2444,5,0,1021,1020,0,1553,0
950,3.28240,0.21500,2.28680,0.75570,0.02400,0,0,0,2444,5,0,1021,1020,0,1553,0
951,3.33700,0.19720,2.28780,0.82280,0.02720,0,0,0,2444,5,0,1021,1020,0,1553,0
952,3.29370,0.19120,2.28050,0.78410,0.03710,0,0,0,2444,5,0,1021,1020,0,1554,0
953,3.29720,0.21040,2.29400,0.76880,0.02290,0,0,0,2444,5,0,1021,1020,0,1553,0
954,3.17630,0.19120,2.21580,0.73960,0.02880,0,0,0,2444,5,0,1021,1020,0,1553,0
955,3.19450,0.18800,2.22620,0.74870,0.03080,0,0,0,2444,5,0,1021,1020,0,1554,0
956,3.20710,0.19290,2.17730,0.81430,0.02190,0,0,0,2444,5,0,1021,1020,0,1554,0
957,3.25230,0.19000,2.26920,0.75930,0.03300,0,0,0,2444,5,0,1021,1020,0,1555,0
958,3.23190,0.18270,2.28220,0.73910,0.02720,0,0,0,2444,5,0,1021,1020,0,1555,0
959,3.28080,0.20290,2.31080,0.74500,0.02130,0,0,0,2444,5,0,1021,1020,0,1555,0
960,3.22690,0.20360,2.25500,0.73610,0.03150,0,0,0,2444,5,0,1021,1020,0,1555,0
961,5.34730,1.83430,2.70500,0.78050,0.02540,0,0,0,2444,5,0,1021,1021,0,1555,0
962,3.98520,0.21300,3.00870,0.74070,0.02200,0,0,0,2444,5,0,1021,1021,0,1555,0
963,3.59450,0.23270,2.57240,0.75930,0.02920,0,0,0,2444,5,0,1021,1021,0,1555,0
964,3.76990,0.20740,2.72480,0.81570,0.02110,0,0,0,2444,5,0,1021,1021,0,1555,0
965,3.54040,0.20740,2.59450,0.71630,0.02140,0,0,0,2444,5,0,1021,1021,0,1555,0
966,3.48600,0.18260,2.50970,0.76560,0.02740,0,0,0,2444,5,0,1021,1021,0,1557,0
967,3.81060,0.20800,2.80700,0.77350,0.02110,0,0,0,2444,5,0,1021,1021,0,1555,0
968,3.73110,0.19360,2.65990,0.84810,0.02870,0,0,0,2444,5,0,1021,1021,0,1555,0
969,3.64790,0.21670,2.65960,0.74600,0.02460,0,0,0,2444,5,0,1021,1021,0,1555,0
970,3.43380,0.18990,2.47810,0.74590,0.01930,0,0,0,2444,5,0,1021,1021,0,1555,0
971,3.37230,0.19430,2.39430,0.75680,0.02610,0,0,0,2444,5,0,1021,1021,0,1555,0
972,3.39100,0.19450,2.45300,0.71420,0.02870,0,0,0,2444,5,0,1021,1021,0,1555,0
973,3.34090,0.20090,2.39920,0.71670,0.02360,0,0,0,2444,5,0,1021,1021,0,1554,0
974,3.48690,0.21200,2.47860,0.76980,0.02570,0,0,0,2444,5,0,1021,1021,0,1551,0
975,3.43850,0.22320,2.45290,0.73890,0.02260,0,0,0,2444,5,0,1021,1021,0,1550,0
976,5.00710,1.82160,2.40430,0.75560,0.02500,0,0,0,2444,5,0,1021,1021,0,1548,0
977,3.47700,0.19280,2.50510,0.75460,0.02370,0,0,0,2444,5,0,1021,1021,0,1548,0
978,3.41620,0.19900,2.45220,0.74360,0.02060,0,0,0,2444,5,0,1021,1021,0,1548,0
979,3.35970,0.20920,2.38160,0.74420,0.02380,0,0,0,2444,5,0,1021,1021,0,1548,0
980,3.47920,0.18450,2.51790,0.75120,0.02470,0,0,0,2444,5,0,1021,1021,0,1548,0
981,3.40310,0.18660,2.42010,0.76740,0.02820,0,0,0,2444,5,0,1021,1021,0,1548,0
982,3.31020,0.18340,2.32960,0.76990,0.02610,0,0,0,2444,5,0,1021,1021,0,1548,0
983,3.33310,0.21790,2.31210,0.77350,0.02840,0,0,0,2444,5,0,1021,1021,0,1548,0
984,3.38680,0.19610,2.33750,0.82620,0.02570,0,0,0,2444,5,0,1021,1021,0,1548,0
985,3.49900,0.21320,2.43490,0.81450,0.03550,0,0,0,2444,5,0,1021,1021,0,1548,0
986,3.35310,0.22420,2.32710,0.77390,0.02680,0,0,0,2444,5,0,1021,1021,0,1548,0
987,3.16100,0.21690,2.18710,0.73220,0.02380,0,0,0,2444,5,0,1021,1021,0,1548,0
988,3.46680,0.19260,2.46920,0.77270,0.03150,0,0,0,2444,5,0,1021,1021,0,1548,0
989,3.38450,0.20330,2.33480,0.80960,0.03600,0,0,0,2444,5,0,1021,1021,0,1548,0
990,3.40110,0.20730,2.36250,0.80120,0.02910,0,0,0,2444,5,0,1022,1022,0,1548,0
991,5.40920,2.22960,2.36460,0.76760,0.04470,0,0,0,2444,5,0,1022,1022,0,1549,0
992,3.40520,0.22200,2.39200,0.76320,0.02700,0,0,0,2444,5,0,1022,1022,0,1550,0
993,3.22400,0.20250,2.27440,0.72060,0.02590,0,0,0,2444,5,0,1022,1022,0,1550,0
994,3.53200,0.21660,2.36850,0.89880,0.04670,0,0,0,2444,5,0,1022,1022,0,1550,0
995,3.38770,0.20030,2.41290,0.74610,0.02760,0,0,0,2444,5,0,1022,1022,0,1550,0
996,3.31000,0.21170,2.31190,0.76290,0.02280,0,0,0,2444,5,0,1022,1022,0,1550,0
997,3.30130,0.22170,2.30560,0.75010,0.02330,0,0,0,2444,5,0,1022,1022,0,1550,0
998,3.29160,0.20760,2.29890,0.75630,0.02790,0,0,0,2444,5,0,1022,1022,0,1550,0
999,3.37100,0.22570,2.35040,0.76810,0.02540,0,0,0,2444,5,0,1022,1022,0,1550,0
1000,3.34730,0.22740,2.32170,0.76980,0.02760,0,0,0,2444,5,0,1022,1022,0,1550,0
1001,3.70000,0.21980,2.53790,0.91010,0.03100,0,0,0,2444,5,0,1023,1023,0,1550,0
1002,3.37750,0.21790,2.31890,0.81440,0.02560,0,0,0,2444,5,0,1023,1023,0,1550,0
1003,3.23450,0.23630,2.22320,0.75160,0.02260,0,0,0,2444,5,0,1023,1023,0,1550,0
1004,3.15970,0.21180,2.20440,0.72070,0.02220,0,0,0,2444,5,0,1023,1023,0,1550,0
1005,3.35910,0.21420,2.33140,0.79020,0.02270,0,0,0,2444,5,0,1023,1023,0,1550,0
1006,4.88780,1.76470,2.25750,0.83810,0.02660,0,0,0,2444,5,0,1023,1023,0,1550,0
1007,3.25470,0.21310,2.22420,0.79530,0.02140,0,0,0,2444,5,0,1023,1023,0,1550,0
1008,3.30160,0.21070,2.29800,0.76670,0.02550,0,0,0,2444,5,0,1023,1023,0,1550,0
1009,3.17430,0.21260,2.21630,0.71920,0.02530,0,0,0,2444,5,0,1023,1023,0,1550,0
1010,3.26380,0.22430,2.27940,0.73470,0.02440,0,0,0,2444,5,0,1023,1023,0,1549,0
1011,3.26150,0.19640,2.28180,0.75570,0.02690,0,0,0,2444,5,0,1023,1023,0,1549,0
1012,3.20570,0.22840,2.20000,0.74610,0.03030,0,0,0,2444,5,0,1023,1023,0,1549,0
1013,3.32760,0.25370,2.26470,0.78650,0.02190,0,0,0,2444,5,0,1023,1023,0,1549,0
1014,3.20650,0.22410,2.23140,0.72440,0.02590,0,0,0,2444,5,0,1023,1023,0,1549,0
1015,3.25750,0.21770,2.26420,0.75060,0.02430,0,0,0,2444,5,0,1023,1023,0,1549,0
1016,3.17390,0.19890,2.21720,0.72980,0.02710,0,0,0,2444,5,0,1023,1023,0,1549,0
1017,3.16930,0.19250,2.19880,0.74620,0.03120,0,0,0,2444,5,0,1023,1023,0,1549,0
1018,3.20330,0.19080,2.27270,0.71460,0.02450,0,0,0,2444,5,0,1023,1023,0,1549,0
1019,3.26530,0.22720,2.27270,0.73640,0.02820,0,0,0,2444,5,0,1024,1024,0,1549,0
1020,3.18960,0.20160,2.23540,0.72720,0.02470,0,0,0,2444,5,0,1024,1024,0,1549,0
1021,5.99260,1.84070,3.34220,0.78450,0.02320,0,0,0,2444,5,0,1024,1024,0,1549,0
1022,4.56790,0.25490,3.46910,0.82070,0.02250,0,0,0,2444,5,0,1024,1024,0,1549,0
1023,3.87960,0.17790,2.91070,0.76720,0.02300,0,0,0,2444,5,0,1024,1024,0,1549,0
1024,3.91010,0.18430,2.91970,0.78650,0.01770,0,0,0,2444,5,0,1024,1024,0,1549,0
1025,3.99130,0.17430,2.95880,0.82930,0.02790,0,0,0,2444,5,0,1024,1024,0,1549,0
1026,3.84520,0.17700,2.87420,0.76990,0.02340,0,0,0,2444,5,0,1024,1024,0,1549,0
1027,3.50060,0.16340,2.57400,0.74250,0.02010,0,0,0,2444,5,0,1024,1024,0,1549,0
1028,3.84870,0.17620,2.88690,0.75860,0.02630,0,0,0,2444,5,0,1024,1024,0,1549,0
1029,4.03300,0.18440,2.60080,1.22360,0.02310,0,0,0,2444,5,0,1024,1024,0,1549,0
1030,3.95290,0.17380,2.99810,0.75530,0.02390,0,0,0,2444,5,0,1024,1024,0,1549,0
1031,3.90520,0.16580,2.94830,0.77040,0.01980,0,0,0,2444,5,0,1024,1024,0,1549,0
1032,3.55350,0.18100,2.55840,0.79100,0.02180,0,0,0,2444,5,0,1024,1024,0,1549,0
1033,3.70510,0.25070,2.67310,0.75670,0.02360,0,0,0,2444,5,0,1024,1024,0,1549,0
1034,3.69580,0.18330,2.73310,0.75490,0.02350,0,0,0,2444,5,0,1024,1024,0,1549,0
1035,3.50200,0.18140,2.56310,0.73700,0.01960,0,0,0,2444,5,0,1024,1024,0,1549,0
1036,6.16670,1.71150,3.63720,0.79300,0.02420,0,0,0,2444,5,0,1024,1024,0,1549,0
1037,3.53940,0.21390,2.57100,0.73080,0.02320,0,0,0,2444,5,0,1024,1024,0,1549,0
1038,3.51300,0.18110,2.57360,0.73850,0.01910,0,0,0,2444,5,0,1024,1024,0,1549,0
1039,3.53600,0.19440,2.58170,0.73490,0.02430,0,0,0,2444,5,0,1024,1024,0,1549,0
1040,3.86930,0.18900,2.87490,0.78190,0.02190,0,0,0,2444,5,0,1024,1024,0,1549,0
1041,3.48160,0.20880,2.48730,0.75850,0.02640,0,0,0,2444,5,0,1024,1024,0,1549,0
1042,3.46710,0.17770,2.46910,0.78790,0.03140,0,0,0,2444,5,0,1024,1024,0,1549,0
1043,3.55710,0.17790,2.57240,0.77620,0.02960,0,0,0,2444,5,0,1024,1024,0,1549,0
1044,3.45060,0.22470,2.44230,0.76240,0.02040,0,0,0,2444,5,0,1024,1024,0,1549,0
1045,3.48020,0.20500,2.46100,0.76120,0.05220,0,0,0,2444,5,0,1024,1024,0,1549,0
1046,3.49110,0.20020,2.51800,0.74850,0.02370,0,0,0,2444,5,0,1024,1024,0,1549,0
1047,3.40540,0.20780,2.41770,0.75400,0.02510,0,0,0,2444,5,0,1024,1024,0,1549,0
1048,3.37230,0.20820,2.38820,0.75210,0.02310,0,0,0,2444,5,0,1024,1024,0,1549,0
1049,3.33910,0.19720,2.38700,0.73170,0.02240,0,0,0,2444,5,0,1024,1024,0,1549,0
1050,3.38740,0.20170,2.38420,0.76730,0.03340,0,0,0,2444,5,0,1024,1024,0,1549,0
1051,5.11830,1.82400,2.49160,0.75240,0.04890,0,0,0,2444,5,0,1024,1024,0,1549,0
1052,3.62960,0.23810,2.46840,0.88530,0.03670,0,0,0,2444,5,0,1024,1024,0,1549,0
1053,3.33140,0.19240,2.36990,0.74090,0.02740,0,0,0,2444,5,0,1024,1024,0,1549,0
1054,3.35940,0.19790,2.34800,0.78170,0.03120,0,0,0,2444,5,0,1024,1024,0,1549,0
1055,3.47560,0.21440,2.36060,0.86120,0.03850,0,0,0,2444,5,0,1024,1024,0,1549,0
1056,3.43620,0.21170,2.41520,0.77470,0.03350,0,0,0,2444,5,0,1024,1024,0,1549,0
1057,3.57520,0.34280,2.30730,0.89080,0.03360,0,0,0,2444,5,0,1024,1024,0,1549,0
1058,3.30460,0.20350,2.30640,0.76660,0.02730,0,0,0,2444,5,0,1024,1024,0,1549,0
1059,3.38860,0.28350,2.34160,0.73600,0.02660,0,0,0,2444,5,0,1024,1024,0,1549,0
1060,3.35140,0.21730,2.36520,0.74190,0.02640,0,0,0,2444,5,0,1024,1024,0,1549,0
1061,3.34860,0.21060,2.33880,0.77250,0.02600,0,0,0,2444,5,0,1024,1024,0,1549,0
1062,3.38690,0.22660,2.37290,0.75750,0.02900,0,0,0,2444,5,0,1024,1024,0,1549,0
1063,3.31690,0.17400,2.38040,0.74050,0.02110,0,0,0,2444,5,0,1024,1024,0,1549,0
1064,3.29970,0.22870,2.32330,0.72050,0.02650,0,0,0,2444,5,0,1024,1024,0,1549,0
1065,3.38340,0.20770,2.37440,0.77570,0.02490,0,0,0,2444,5,0,1024,1024,0,1549,0
1066,5.26240,1.84970,2.61160,0.77130,0.02910,0,0,0,2444,5,0,1024,1024,0,1549,0
1067,3.33500,0.21460,2.30560,0.78530,0.02870,0,0,0,2444,5,0,1024,1024,0,1549,0
1068,3.33560,0.20300,2.35700,0.75160,0.02310,0,0,0,2444,5,0,1024,1024,0,1549,0
1069,3.43590,0.18860,2.44970,0.77030,0.02640,0,0,0,2444,5,0,1024,1024,0,1549,0
1070,3.17640,0.19590,2.23070,0.72530,0.02380,0,0,0,2444,5,0,1024,1024,0,1549,0
1071,3.34700,0.21740,2.36130,0.74520,0.02250,0,0,0,2444,5,0,1024,1024,0,1549,0
1072,3.44720,0.21500,2.44330,0.76570,0.02250,0,0,0,2444,5,0,1024,1024,0,1549,0
1073,3.31910,0.19970,2.32740,0.76080,0.03030,0,0,0,2444,5,0,1024,1024,0,1549,0
1074,3.48280,0.19180,2.50620,0.75720,0.02700,0,0,0,2444,5,0,1024,1024,0,1549,0
1075,3.35840,0.21150,2.37870,0.74380,0.02360,0,0,0,2444,5,0,1024,1024,0,1549,0
1076,3.33790,0.19620,2.32610,0.78880,0.02560,0,0,0,2444,5,0,1024,1024,0,1549,0
1077,3.22690,0.21450,2.22740,0.74550,0.03860,0,0,0,2444,5,0,1024,1024,0,1549,0
1078,3.31920,0.20340,2.30110,0.79090,0.02300,0,0,0,2444,5,0,1024,1024,0,1549,0
1079,3.46530,0.19370,2.44150,0.80480,0.02450,0,0,0,2444,5,0,1024,1024,0,1549,0
1080,3.37020,0.20610,2.40230,0.73750,0.02350,0,0,0,2444,5,0,1024,1024,0,1549,0
1081,5.09090,2.02040,2.27030,0.74800,0.05000,0,0,0,2444,5,0,1024,1024,0,1549,0
1082,3.44620,0.23530,2.34880,0.83200,0.02870,0,0,0,2444,5,0,1024,1024,0,1549,0
1083,3.23150,0.19400,2.22810,0.78060,0.02760,0,0,0,2444,5,0,1024,1024,0,1549,0
1084,3.31800,0.22600,2.30680,0.76260,0.02140,0,0,0,2444,5,0,1024,1024,0,1549,0
1085,3.33880,0.19390,2.31980,0.79980,0.02440,0,0,0,2444,5,0,1024,1024,0,1549,0
1086,3.47060,0.21420,2.32760,0.90130,0.02640,0,0,0,2444,5,0,1024,1024,0,1549,0
1087,3.18100,0.21610,2.14350,0.77940,0.04080,0,0,0,2444,5,0,1024,1024,0,1549,0
1088,3.30970,0.21440,2.28720,0.77700,0.02920,0,0,0,2444,5,0,1024,1024,0,1549,0
1089,3.41340,0.23880,2.36750,0.77820,0.02790,0,0,0,2444,5,0,1024,1024,0,1549,0
1090,3.26500,0.20410,2.27060,0.76660,0.02270,0,0,0,2444,5,0,1024,1024,0,1549,0
1091,3.34850,0.23340,2.30540,0.78210,0.02590,0,0,0,2444,5,0,1024,1024,0,1549,0
1092,3.23060,0.19120,2.27620,0.73980,0.02260,0,0,0,2444,5,0,1024,1024,0,1549,0
1093,3.26820,0.18390,2.31270,0.74800,0.02290,0,0,0,2444,5,0,1024,1024,0,1549,0
1094,3.31090,0.22750,2.25250,0.79960,0.03050,0,0,0,2444,5,0,1024,1024,0,1549,0
1095,3.24680,0.20170,2.28830,0.73450,0.02140,0,0,0,2444,5,0,1024,1024,0,1549,0
1096,4.88680,1.83680,2.26170,0.76570,0.02200,0,0,0,2444,5,0,1024,1024,0,1549,0
1097,3.15790,0.18800,2.15650,0.79180,0.02100,0,0,0,2444,5,0,1024,1024,0,1549,0
1098,3.29970,0.20090,2.28190,0.79110,0.02450,0,0,0,2444,5,0,1024,1024,0,1549,0
1099,4.11910,0.19830,3.04340,0.85310,0.02360,0,0,0,2444,5,0,1024,1024,0,1549,0
1100,5.46760,0.18980,4.33720,0.90760,0.03210,0,0,0,2444,5,0,1024,1024,0,1549,0
1101,4.32390,0.20220,3.16320,0.92710,0.03060,0,0,0,2444,5,0,1024,1024,0,1549,0
1102,3.51660,0.18970,2.48880,0.81710,0.02030,0,0,0,2444,5,0,1024,1024,0,1549,0
1103,3.23650,0.18390,2.21760,0.81300,0.02120,0,0,0,2444,5,0,1024,1024,0,1549,0
1104,3.20750,0.18200,2.26240,0.73620,0.02610,0,0,0,2444,5,0,1024,1024,0,1549,0
1105,3.21070,0.20280,2.24390,0.73820,0.02490,0,0,0,2444,5,0,1024,1024,0,1549,0
1106,3.23060,0.19640,2.25590,0.74990,0.02770,0,0,0,2444,5,0,1024,1024,0,1549,0
1107,3.19690,0.20600,2.18970,0.75160,0.04870,0,0,0,2444,5,0,1024,1024,0,1549,0
1108,3.35950,0.22820,2.31730,0.78290,0.03010,0,0,0,2444,5,0,1024,1024,0,1549,0
1109,3.20930,0.19490,2.24870,0.74390,0.02090,0,0,0,2444,5,0,1024,1024,0,1549,0
1110,3.08940,0.18960,2.13060,0.75030,0.01820,0,0,0,2444,5,0,1024,1024,0,1549,0
1111,5.74300,2.11830,2.83650,0.76920,0.01720,0,0,0,2444,5,0,1024,1024,0,1549,0
1112,3.82010,0.17390,2.78510,0.83550,0.02460,0,0,0,2444,5,0,1024,1024,0,1549,0
1113,3.54140,0.18800,2.53680,0.77820,0.03750,0,0,0,2444,5,0,1024,1024,0,1549,0
1114,3.85890,0.17320,2.56400,1.09020,0.03050,0,0,0,2444,5,0,1024,1024,0,1549,0
1115,3.59080,0.18000,2.65220,0.73290,0.02490,0,0,0,2444,5,0,1024,1024,0,1549,0
1116,4.23350,0.19230,2.97360,1.03770,0.02910,0,0,0,2444,5,0,1024,1024,0,1549,0
1117,4.33070,0.18310,3.36390,0.76640,0.01630,0,0,0,2444,5,0,1024,1024,0,1549,0
1118,3.76250,0.20650,2.68850,0.84260,0.02410,0,0,0,2444,5,0,1024,1024,0,1549,0
1119,3.45480,0.16960,2.52880,0.72810,0.02760,0,0,0,2444,5,0,1024,1024,0,1549,0
1120,3.47210,0.19290,2.52070,0.73900,0.01880,0,0,0,2444,5,0,1024,1024,0,1549,0
1121,4.95310,0.19240,3.96050,0.77670,0.02260,0,0,0,2444,5,0,1024,1024,0,1549,0
1122,3.52710,0.18860,2.54290,0.76260,0.03220,0,0,0,2444,5,0,1024,1024,0,1549,0
1123,3.41750,0.17920,2.41790,0.78580,0.03390,0,0,0,2444,5,0,1024,1024,0,1549,0
1124,3.37100,0.20400,2.38650,0.75640,0.02330,0,0,0,2444,5,0,1024,1024,0,1549,0
1125,3.27800,0.21120,2.31080,0.73450,0.02070,0,0,0,2444,5,0,1024,1024,0,1549,0
1126,4.96340,1.80750,2.37240,0.76080,0.02200,0,0,0,2444,5,0,1024,1024,0,1549,0
1127,3.37420,0.19250,2.32290,0.83760,0.02030,0,0,0,2444,5,0,1024,1024,0,1549,0
1128,3.35990,0.19260,2.31690,0.82890,0.02070,0,0,0,2444,5,0,1024,1024,0,1549,0
1129,3.35310,0.22610,2.29700,0.79890,0.03020,0,0,0,2444,5,0,1024,1024,0,1549,0
1130,3.35650,0.19910,2.31150,0.82250,0.02260,0,0,0,2444,5,0,1024,1024,0,1549,0
1131,3.26690,0.21720,2.29240,0.73260,0.02390,0,0,0,2444,5,0,1024,1024,0,1549,0
1132,3.20540,0.20490,2.25940,0.71860,0.02170,0,0,0,2444,5,0,1024,1024,0,1549,0
1133,3.27930,0.19720,2.31810,0.74210,0.02100,0,0,0,2444,5,0,1024,1024,0,1549,0
1134,3.21700,0.19850,2.20090,0.79430,0.02260,0,0,0,2444,5,0,1024,1024,0,1549,0
1135,3.21650,0.19720,2.23510,0.75690,0.02650,0,0,0,2444,5,0,1024,1024,0,1549,0
1136,3.42510,0.20310,2.42260,0.77560,0.02310,0,0,0,2444,5,0,1024,1024,0,1549,0
1137,3.21040,0.18740,2.28410,0.71570,0.02250,0,0,0,2444,5,0,1024,1024,0,1549,0
1138,3.14940,0.19900,2.18570,0.73980,0.02420,0,0,0,2444,5,0,1024,1024,0,1549,0
1139,3.34610,0.22720,2.31010,0.78660,0.02140,0,0,0,2444,5,0,1024,1024,0,1549,0
1140,3.27630,0.20220,2.25130,0.78810,0.03380,0,0,0,2444,5,0,1024,1024,0,1549,0
1141,5.94580,2.00380,3.16170,0.75210,0.02680,0,0,0,2444,5,0,1024,1024,0,1549,0
1142,4.55230,0.17240,3.57900,0.78150,0.01880,0,0,0,2444,5,0,1024,1024,0,1549,0
1143,4.84870,0.18380,3.78710,0.81880,0.05830,0,0,0,2444,5,0,1024,1024,0,1549,0
1144,4.15960,0.27700,3.05570,0.80580,0.01990,0,0,0,2444,5,0,1024,1024,0,1549,0
1145,4.90270,0.21140,3.86590,0.80190,0.02300,0,0,0,2444,5,0,1024,1024,0,1549,0
1146,5.22570,0.20870,4.22230,0.76700,0.02700,0,0,0,2444,5,0,1024,1024,0,1549,0
1147,3.91240,0.18400,2.93040,0.77710,0.02000,0,0,0,2444,5,0,1024,1024,0,1549,0
1148,3.94970,0.20670,2.91110,0.81000,0.02120,0,0,0,2444,5,0,1024,1024,0,1549,0
1149,3.97610,0.17870,2.97810,0.79470,0.02410,0,0,0,2444,5,0,1024,1024,0,1549,0
1150,3.98990,0.18070,2.92260,0.80780,0.07820,0,0,0,2444,5,0,1024,1024,0,1549,0
1151,3.63590,0.20860,2.67670,0.73110,0.01880,0,0,0,2444,5,0,1024,1024,0,1549,0
1152,4.32050,0.17410,3.34370,0.78110,0.02080,0,0,0,2444,5,0,1024,1024,0,1549,0
1153,3.64360,0.18520,2.64210,0.79540,0.02020,0,0,0,2444,5,0,1024,1024,0,1549,0
1154,3.58560,0.20890,2.61710,0.74010,0.01880,0,0,0,2444,5,0,1024,1024,0,1549,0
1155,3.50770,0.18080,2.55650,0.75000,0.01970,0,0,0,2444,5,0,1024,1024,0,1549,0
1156,6.78430,1.98280,3.98670,0.79370,0.02060,0,0,0,2444,5,0,1024,1024,0,1549,0
1157,3.54700,0.18560,2.54980,0.78680,0.02400,0,0,0,2444,5,0,1024,1024,0,1549,0
1158,3.53560,0.22260,2.58090,0.71230,0.01890,0,0,0,2444,5,0,1024,1024,0,1549,0
1159,3.48840,0.17430,2.57080,0.72530,0.01740,0,0,0,2444,5,0,1024,1024,0,1549,0
1160,3.46720,0.17180,2.53230,0.73690,0.02560,0,0,0,2444,5,0,1024,1024,0,1549,0
1161,3.55080,0.19350,2.57520,0.75910,0.02230,0,0,0,2444,5,0,1024,1024,0,1549,0
1162,3.54660,0.19510,2.57840,0.75410,0.01770,0,0,0,2444,5,0,1024,1024,0,1549,0
1163,3.63060,0.18300,2.65960,0.76250,0.02420,0,0,0,2444,5,0,1024,1024,0,1549,0
1164,3.72870,0.17750,2.75600,0.76600,0.02840,0,0,0,2444,5,0,1024,1024,0,1549,0
1165,3.52280,0.17520,2.49090,0.80860,0.04710,0,0,0,2444,5,0,1024,1024,0,1549,0
1166,3.51880,0.20610,2.50370,0.78730,0.02090,0,0,0,2444,5,0,1024,1024,0,1549,0
1167,3.46780,0.20130,2.48440,0.76080,0.02060,0,0,0,2444,5,0,1024,1024,0,1549,0
1168,3.40390,0.19230,2.43350,0.75530,0.02180,0,0,0,2444,5,0,1024,1024,0,1549,0
1169,3.59140,0.19390,2.53420,0.83780,0.02480,0,0,0,2444,5,0,1024,1024,0,1549,0
1170,3.55420,0.20380,2.51130,0.80810,0.03040,0,0,0,2444,5,0,1024,1024,0,1549,0
1171,5.20290,1.86110,2.54220,0.76860,0.02940,0,0,0,2444,5,0,1024,1024,0,1549,0
1172,3.59720,0.19710,2.47130,0.88330,0.04470,0,0,0,2444,5,0,1024,1024,0,1549,0
1173,3.52260,0.20480,2.41880,0.86280,0.03540,0,0,0,2444,5,0,1024,1024,0,1549,0
1174,3.40680,0.20750,2.44510,0.72590,0.02760,0,0,0,2444,5,0,1024,1024,0,1549,0
1175,3.39600,0.19940,2.41960,0.75040,0.02580,0,0,0,2444,5,0,1024,1024,0,1549,0
1176,3.42350,0.20970,2.43290,0.75430,0.02570,0,0,0,2444,5,0,1024,1024,0,1549,0
1177,3.56960,0.20030,2.42540,0.90660,0.03640,0,0,0,2444,5,0,1024,1024,0,1549,0
1178,3.37770,0.19930,2.40420,0.74730,0.02600,0,0,0,2444,5,0,1024,1024,0,1549,0
1179,3.42870,0.19200,2.43710,0.76600,0.03290,0,0,0,2444,5,0,1024,1024,0,1549,0
1180,3.38660,0.21040,2.35430,0.78350,0.03760,0,0,0,2444,5,0,1024,1024,0,1549,0
1181,3.77660,0.22020,2.69670,0.82100,0.03770,0,0,0,2444,5,0,1024,1024,0,1549,0
1182,3.37990,0.20390,2.40020,0.74840,0.02670,0,0,0,2444,5,0,1024,1024,0,1549,0
1183,3.38790,0.21310,2.40370,0.74420,0.02630,0,0,0,2444,5,0,1024,1024,0,1549,0
1184,3.40430,0.19460,2.45210,0.73070,0.02610,0,0,0,2444,5,0,1024,1024,0,1549,0
1185,3.41930,0.21470,2.38740,0.77990,0.03670,0,0,0,2444,5,0,1024,1024,0,1549,0
1186,5.17650,1.83220,2.51790,0.78830,0.03730,0,0,0,2444,5,0,1024,1024,0,1549,0
1187,3.41840,0.20900,2.42270,0.75910,0.02670,0,0,0,2444,5,0,1024,1024,0,1549,0
1188,3.40940,0.22200,2.29550,0.86440,0.02660,0,0,0,2444,5,0,1024,1024,0,1549,0
1189,3.31440,0.18780,2.33850,0.76410,0.02300,0,0,0,2444,5,0,1024,1024,0,1549,0
1190,3.26860,0.20080,2.30220,0.73890,0.02600,0,0,0,2444,5,0,1024,1024,0,1549,0
1191,3.26240,0.21170,2.33150,0.69610,0.02230,0,0,0,2444,5,0,1024,1024,0,1549,0
1192,3.23310,0.19870,2.27990,0.73100,0.02270,0,0,0,2444,5,0,1024,1024,0,1549,0
1193,3.31620,0.20380,2.31110,0.77560,0.02480,0,0,0,2444,5,0,1024,1024,0,1549,0
1194,3.29960,0.33750,2.23310,0.70740,0.02090,0,0,0,2444,5,0,1024,1024,0,1549,0
1195,3.27760,0.21440,2.31760,0.72050,0.02410,0,0,0,2444,5,0,1024,1024,0,1549,0
1196,3.28320,0.20310,2.30480,0.74080,0.03370,0,0,0,2444,5,0,1024,1024,0,1549,0
1197,3.53280,0.23810,2.48740,0.78350,0.02310,0,0,0,2444,5,0,1024,1024,0,1549,0
1198,3.42300,0.20000,2.41360,0.78060,0.02810,0,0,0,2444,5,0,1024,1024,0,1549,0
1199,3.24490,0.19140,2.28290,0.74840,0.02160,0,0,0,2444,5,0,1024,1024,0,1549,0
1200,3.24760,0.20090,2.22050,0.79990,0.02540,0,0,0,2444,5,0,1024,1024,0,1549,0
1201,4.89510,1.71130,2.36660,0.78000,0.03550,0,0,0,2444,5,0,1024,1024,0,1549,0
1202,3.40480,0.22610,2.36320,0.77510,0.03950,0,0,0,2444,5,0,1024,1024,0,1549,0
1203,3.49270,0.26050,2.35340,0.84080,0.03720,0,0,0,2444,5,0,1024,1024,0,1549,0
1204,3.32870,0.20780,2.33580,0.75790,0.02660,0,0,0,2444,5,0,1024,1024,0,1549,0
1205,3.32500,0.18730,2.34860,0.76090,0.02730,0,0,0,2444,5,0,1024,1024,0,1549,0
1206,3.24950,0.20240,2.23350,0.78680,0.02610,0,0,0,2444,5,0,1024,1024,0,1549,0
1207,3.17110,0.20040,2.18310,0.75780,0.02850,0,0,0,2444,5,0,1024,1024,0,1549,0
1208,3.22030,0.21730,2.22460,0.75140,0.02600,0,0,0,2444,5,0,1024,1024,0,1549,0
1209,3.32250,0.21090,2.24140,0.84110,0.02830,0,0,0,2444,5,0,1024,1024,0,1549,0
1210,3.31040,0.20830,2.25260,0.81590,0.03270,0,0,0,2444,5,0,1024,1024,0,1549,0
1211,3.23330,0.19570,2.20550,0.80210,0.02930,0,0,0,2444,5,0,1024,1024,0,1549,0
1212,3.38040,0.20460,2.34070,0.79400,0.04010,0,0,0,2444,5,0,1024,1024,0,1549,0
1213,3.36170,0.22410,2.25820,0.84980,0.02900,0,0,0,2444,5,0,1024,1024,0,1549,0
1214,3.09050,0.19860,2.11560,0.74790,0.02770,0,0,0,2444,5,0,1024,1024,0,1549,0
1215,3.23110,0.22450,2.21570,0.76340,0.02680,0,0,0,2444,5,0,1024,1024,0,1549,0
1216,4.98300,1.86310,2.28920,0.79920,0.03090,0,0,0,2444,5,0,1024,1024,0,1549,0
1217,3.28330,0.23480,2.22070,0.80080,0.02540,0,0,0,2444,5,0,1024,1024,0,1549,0
1218,3.30440,0.20190,2.22380,0.84980,0.02820,0,0,0,2444,5,0,1024,1024,0,1549,0
1219,3.35100,0.20920,2.27400,0.83830,0.02860,0,0,0,2444,5,0,1024,1024,0,1549,0
1220,3.20790,0.21580,2.22870,0.73440,0.02820,0,0,0,2444,5,0,1024,1024,0,1549,0
1221,3.47390,0.21140,2.27320,0.95640,0.03210,0,0,0,2444,5,0,1024,1024,0,1549,0
1222,3.31510,0.21510,2.27600,0.79320,0.02990,0,0,0,2444,5,0,1024,1024,0,1549,0
1223,3.27030,0.21740,2.26090,0.76260,0.02860,0,0,0,2444,5,0,1024,1024,0,1549,0
1224,3.32620,0.21270,2.28750,0.80020,0.02490,0,0,0,2444,5,0,1024,1024,0,1549,0
1225,3.22770,0.23560,2.21520,0.74700,0.02920,0,0,0,2444,5,0,1024,1024,0,1549,0
1226,3.36950,0.27000,2.30930,0.76030,0.02890,0,0,0,2444,5,0,1024,1024,0,1549,0
1227,3.36610,0.20690,2.30570,0.82070,0.03190,0,0,0,2444,5,0,1024,1024,0,1549,0
1228,3.29070,0.20190,2.23960,0.82030,0.02830,0,0,0,2444,5,0,1024,1024,0,1549,0
1229,3.27230,0.20470,2.26940,0.76210,0.03530,0,0,0,2444,5,0,1024,1024,0,1549,0
1230,3.18530,0.20060,2.13480,0.81740,0.03170,0,0,0,2444,5,0,1024,1024,0,1549,0
1231,7.52890,1.69130,4.97430,0.82900,0.03290,0,0,0,2444,5,0,1024,1024,0,1549,0
1232,5.84950,0.18630,4.80030,0.84560,0.01630,0,0,0,2444,5,0,1024,1024,0,1549,0
1233,5.10800,0.17280,4.06010,0.85160,0.02280,0,0,0,2444,5,0,1024,1024,0,1549,0
1234,4.79980,0.17920,3.81710,0.77870,0.02410,0,0,0,2444,5,0,1024,1024,0,1549,0
1235,4.45160,0.17350,3.39680,0.81240,0.06830,0,0,0,2444,5,0,1024,1024,0,1549,0
1236,4.44550,0.24060,3.01340,1.15600,0.03470,0,0,0,2444,5,0,1024,1024,0,1549,0
1237,4.40800,0.20260,3.38300,0.80220,0.01940,0,0,0,2444,5,0,1024,1024,0,1549,0
1238,4.27660,0.18540,3.28410,0.78650,0.01990,0,0,0,2444,5,0,1024,1024,0,1549,0
1239,4.54490,0.21030,3.48500,0.82280,0.02610,0,0,0,2444,5,0,1024,1024,0,1549,0
1240,3.92590,0.19290,2.92050,0.79040,0.02140,0,0,0,2444,5,0,1024,1024,0,1549,0
1241,3.94220,0.17710,2.97120,0.77600,0.01710,0,0,0,2444,5,0,1024,1024,0,1549,0
1242,3.62880,0.18390,2.67650,0.74550,0.02120,0,0,0,2444,5,0,1024,1024,0,1549,0
1243,3.75070,0.25850,2.73240,0.73890,0.02000,0,0,0,2444,5,0,1024,1024,0,1549,0
1244,3.64770,0.18600,2.64000,0.79790,0.02290,0,0,0,2444,5,0,1024,1024,0,1549,0
1245,4.48570,0.16550,3.50440,0.79130,0.02370,0,0,0,2444,5,0,1024,1024,0,1549,0
1246,5.26470,1.75870,2.68490,0.79970,0.02070,0,0,0,2444,5,0,1024,1024,0,1549,0
1247,3.54960,0.17390,2.56140,0.78900,0.02450,0,0,0,2444,5,0,1024,1024,0,1549,0
1248,3.64270,0.20850,2.68790,0.72610,0.01940,0,0,0,2444,5,0,1024,1024,0,1549,0
1249,4.06750,0.17330,2.77060,1.10320,0.02000,0,0,0,2444,5,0,1024,1024,0,1549,0
1250,3.71660,0.20440,2.68940,0.80410,0.01810,0,0,0,2444,5,0,1024,1024,0,1549,0
1251,3.89790,0.17560,2.86800,0.82940,0.02420,0,0,0,2444,5,0,1024,1024,0,1549,0
1252,3.53910,0.20750,2.53060,0.78160,0.01870,0,0,0,2444,5,0,1024,1024,0,1549,0
1253,3.50630,0.18150,2.56290,0.74300,0.01810,0,0,0,2444,5,0,1024,1024,0,1549,0
1254,3.63020,0.18300,2.66700,0.76230,0.01710,0,0,0,2444,5,0,1024,1024,0,1549,0
1255,3.53600,0.18670,2.59930,0.73200,0.01720,0,0,0,2444,5,0,1024,1024,0,1549,0
1256,3.50600,0.19700,2.55590,0.72830,0.02410,0,0,0,2444,5,0,1024,1024,0,1549,0
1257,3.54760,0.19450,2.52730,0.80480,0.02020,0,0,0,2444,5,0,1024,1024,0,1549,0
1258,3.49770,0.21020,2.52120,0.74020,0.02520,0,0,0,2444,5,0,1024,1024,0,1549,0
1259,3.42150,0.16980,2.49820,0.73290,0.01970,0,0,0,2444,5,0,1024,1024,0,1549,0
1260,3.54550,0.18550,2.54550,0.79280,0.02090,0,0,0,2444,5,0,1024,1024,0,1549,0
1261,5.13160,1.79560,2.54650,0.76280,0.02490,0,0,0,2444,5,0,1024,1024,0,1549,0
1262,3.55200,0.24950,2.52760,0.74910,0.02510,0,0,0,2444,5,0,1024,1024,0,1549,0
1263,3.37970,0.20500,2.39660,0.74880,0.02860,0,0,0,2444,5,0,1024,1024,0,1549,0
1264,3.39580,0.20830,2.42010,0.74520,0.02150,0,0,0,2444,5,0,1024,1024,0,1549,0
1265,3.53790,0.22400,2.52490,0.76660,0.02170,0,0,0,2444,5,0,1024,1024,0,1549,0
1266,3.43530,0.20490,2.43100,0.77340,0.02510,0,0,0,2444,5,0,1024,1024,0,1549,0
1267,3.39200,0.20450,2.39260,0.76560,0.02890,0,0,0,2444,5,0,1024,1024,0,1549,0
1268,3.35900,0.20520,2.39680,0.73090,0.02530,0,0,0,2444,5,0,1024,1024,0,1549,0
1269,3.32210,0.20830,2.35360,0.73130,0.02810,0,0,0,2444,5,0,1024,1024,0,1549,0
1270,3.46490,0.20590,2.38230,0.83310,0.04270,0,0,0,2444,5,0,1024,1024,0,1549,0
1271,3.36050,0.20250,2.35590,0.77370,0.02770,0,0,0,2444,5,0,1024,1024,0,1549,0
1272,3.40340,0.21240,2.36820,0.79360,0.02840,0,0,0,2444,5,0,1024,1024,0,1549,0
1273,3.39000,0.20480,2.38220,0.77460,0.02760,0,0,0,2444,5,0,1024,1024,0,1549,0
1274,3.28590,0.20530,2.28270,0.76910,0.02770,0,0,0,2444,5,0,1024,1024,0,1549,0
1275,3.43860,0.20780,2.41300,0.78970,0.02730,0,0,0,2444,5,0,1024,1024,0,1549,0
1276,5.15750,1.93010,2.42000,0.77810,0.02860,0,0,0,2444,5,0,1024,1024,0,1549,0
1277,3.60840,0.20370,2.45740,0.87460,0.07170,0,0,0,2444,5,0,1024,1024,0,1549,0
1278,3.32800,0.20450,2.33580,0.76020,0.02670,0,0,0,2444,5,0,1024,1024,0,1549,0
1279,3.39230,0.21140,2.39560,0.75740,0.02710,0,0,0,2444,5,0,1024,1024,0,1549,0
1280,3.53410,0.19680,2.39670,0.90340,0.03640,0,0,0,2444,5,0,1024,1024,0,1549,0
1281,3.40480,0.20700,2.38040,0.78250,0.03410,0,0,0,2444,5,0,1024,1024,0,1549,0
1282,3.42660,0.21280,2.41670,0.76940,0.02690,0,0,0,2444,5,0,1024,1024,0,1549,0
1283,3.49150,0.20850,2.47920,0.77430,0.02870,0,0,0,2444,5,0,1024,1024,0,1549,0
1284,3.36970,0.21230,2.32230,0.79240,0.04190,0,0,0,2444,5,0,1024,1024,0,1549,0
1285,3.49030,0.20350,2.41650,0.84040,0.02900,0,0,0,2444,5,0,1024,1024,0,1549,0
1286,3.40380,0.21820,2.36440,0.79410,0.02630,0,0,0,2444,5,0,1024,1024,0,1549,0
1287,3.37800,0.20240,2.37490,0.77050,0.02940,0,0,0,2444,5,0,1024,1024,0,1549,0
1288,3.28440,0.20830,2.27000,0.76240,0.04290,0,0,0,2444,5,0,1024,1024,0,1549,0
1289,3.42490,0.20670,2.36370,0.82120,0.03260,0,0,0,2444,5,0,1024,1024,0,1549,0
1290,3.47350,0.20370,2.45800,0.77250,0.03840,0,0,0,2444,5,0,1024,1024,0,1549,0
1291,7.18380,2.06750,4.10520,0.97300,0.03660,0,0,0,2444,5,0,1024,1024,0,1549,0
1292,4.99780,0.18040,3.75830,1.02320,0.03500,0,0,0,2444,5,0,1024,1024,0,1549,0
1293,4.70560,0.17740,3.46520,1.01570,0.04640,0,0,0,2444,5,0,1024,1024,0,1549,0
1294,5.22260,0.18460,3.83110,1.16250,0.04360,0,0,0,2444,5,0,1024,1024,0,1549,0
1295,5.39510,0.18940,4.39230,0.78900,0.02360,0,0,0,2444,5,0,1024,1024,0,1549,0
1296,3.54470,0.18110,2.52180,0.80670,0.03400,0,0,0,2444,5,0,1024,1024,0,1549,0
1297,3.67960,0.17070,2.56030,0.91800,0.02970,0,0,0,2444,5,0,1024,1024,0,1549,0
1298,3.61860,0.20710,2.53090,0.85230,0.02740,0,0,0,2444,5,0,1024,1024,0,1549,0
1299,3.59660,0.18370,2.53660,0.85160,0.02390,0,0,0,2444,5,0,1024,1024,0,1549,0
1300,4.03740,0.21790,3.04240,0.75110,0.02500,0,0,0,2444,5,0,1024,1024,0,1549,0
1301,3.78700,0.25450,2.72600,0.78720,0.01820,0,0,0,2444,5,0,1024,1024,0,1549,0
1302,3.58110,0.20460,2.59620,0.75670,0.02290,0,0,0,2444,5,0,1024,1024,0,1549,0
1303,3.49210,0.20830,2.49640,0.76350,0.02320,0,0,0,2444,5,0,1024,1024,0,1549,0
1304,3.47220,0.21040,2.46900,0.77080,0.02100,0,0,0,2444,5,0,1024,1024,0,1549,0
1305,3.35220,0.16150,2.44200,0.72560,0.02220,0,0,0,2444,5,0,1024,1024,0,1549,0
1306,5.11050,1.74990,2.53080,0.80160,0.02650,0,0,0,2444,5,0,1024,1024,0,1549,0
1307,3.63830,0.20300,2.60380,0.80860,0.02210,0,0,0,2444,5,0,1024,1024,0,1549,0
1308,3.57450,0.20310,2.55000,0.77620,0.04450,0,0,0,2444,5,0,1024,1024,0,1549,0
1309,3.72400,0.19960,2.64510,0.85780,0.02050,0,0,0,2444,5,0,1024,1024,0,1549,0
1310,3.82980,0.20020,2.75140,0.85130,0.02600,0,0,0,2444,5,0,1024,1024,0,1549,0
1311,4.22830,0.19000,2.98710,1.01490,0.03540,0,0,0,2444,5,0,1024,1024,0,1549,0
1312,3.58920,0.20750,2.51400,0.84090,0.02610,0,0,0,2444,5,0,1024,1024,0,1549,0
1313,3.41870,0.18650,2.49880,0.71340,0.01910,0,0,0,2444,5,0,1024,1024,0,1549,0
1314,3.46010,0.18340,2.50550,0.75040,0.02010,0,0,0,2444,5,0,1024,1024,0,1549,0
1315,3.37070,0.18500,2.38440,0.77550,0.02520,0,0,0,2444,5,0,1024,1024,0,1549,0
1316,3.32770,0.22140,2.32330,0.75410,0.02810,0,0,0,2444,5,0,1024,1024,0,1549,0
1317,3.62130,0.21530,2.52600,0.85430,0.02460,0,0,0,2444,5,0,1024,1024,0,1549,0
1318,3.48440,0.20750,2.49650,0.75800,0.02160,0,0,0,2444,5,0,1024,1024,0,1549,0
1319,3.32310,0.20890,2.33090,0.75930,0.02300,0,0,0,2444,5,0,1024,1024,0,1549,0
1320,3.68350,0.20930,2.68140,0.76660,0.02530,0,0,0,2444,5,0,1024,1024,0,1549,0
1321,5.20090,1.85010,2.40580,0.90990,0.03340,0,0,0,2444,5,0,1024,1024,0,1549,0
1322,3.51430,0.19790,2.39770,0.88910,0.02870,0,0,0,2444,5,0,1024,1024,0,1549,0
1323,3.39510,0.22110,2.39700,0.75070,0.02550,0,0,0,2444,5,0,1024,1024,0,1549,0
1324,3.30940,0.21940,2.31990,0.72690,0.04230,0,0,0,2444,5,0,1024,1024,0,1549,0
1325,3.36640,0.21680,2.38050,0.73990,0.02840,0,0,0,2444,5,0,1024,1024,0,1549,0
1326,3.23970,0.20530,2.24200,0.76460,0.02710,0,0,0,2444,5,0,1024,1024,0,1549,0
1327,3.28670,0.20390,2.28910,0.76980,0.02320,0,0,0,2444,5,0,1024,1024,0,1549,0
1328,3.28110,0.19820,2.30460,0.74810,0.02930,0,0,0,2444,5,0,1024,1024,0,1549,0
1329,3.33240,0.20390,2.22270,0.87530,0.02950,0,0,0,2444,5,0,1024,1024,0,1549,0
1330,3.40390,0.21360,2.36840,0.78350,0.03740,0,0,0,2444,5,0,1024,1024,0,1549,0
1331,3.31040,0.21350,2.31600,0.75330,0.02680,0,0,0,2444,5,0,1024,1024,0,1549,0
1332,3.29430,0.20060,2.31280,0.75710,0.02290,0,0,0,2444,5,0,1024,1024,0,1549,0
1333,3.34800,0.25350,2.32190,0.74510,0.02670,0,0,0,2444,5,0,1024,1024,0,1549,0
1334,3.40750,0.21010,2.35010,0.82010,0.02650,0,0,0,2444,5,0,1024,1024,0,1549,0
1335,3.50760,0.20060,2.35580,0.92260,0.02790,0,0,0,2444,5,0,1024,1024,0,1549,0
1336,5.03590,1.81610,2.43290,0.75620,0.02970,0,0,0,2444,5,0,1024,1024,0,1549,0
1337,3.45450,0.19820,2.35390,0.87190,0.02960,0,0,0,2444,5,0,1024,1024,0,1549,0
1338,3.25540,0.21820,2.25670,0.75470,0.02510,0,0,0,2444,5,0,1024,1024,0,1549,0
1339,3.42040,0.21950,2.39060,0.78540,0.02410,0,0,0,2444,5,0,1024,1024,0,1549,0
1340,3.34020,0.20700,2.32900,0.74740,0.05600,0,0,0,2444,5,0,1024,1024,0,1549,0
1341,3.32380,0.25290,2.28630,0.73100,0.05260,0,0,0,2444,5,0,1024,1024,0,1549,0
1342,3.44490,0.22180,2.32260,0.87190,0.02790,0,0,0,2444,5,0,1024,1024,0,1549,0
1343,3.32360,0.19180,2.33800,0.76430,0.02870,0,0,0,2444,5,0,1024,1024,0,1549,0
1344,3.40630,0.19330,2.39780,0.78130,0.03310,0,0,0,2444,5,0,1024,1024,0,1549,0
1345,3.40140,0.20620,2.41270,0.75820,0.02340,0,0,0,2444,5,0,1024,1024,0,1549,0
1346,3.40660,0.19060,2.35610,0.82980,0.02920,0,0,0,2444,5,0,1024,1024,0,1549,0
1347,3.47880,0.19480,2.36200,0.89310,0.02840,0,0,0,2444,5,0,1024,1024,0,1549,0
1348,3.32160,0.20370,2.34380,0.74960,0.02380,0,0,0,2444,5,0,1024,1024,0,1549,0
1349,3.21070,0.21330,2.22070,0.74990,0.02590,0,0,0,2444,5,0,1024,1024,0,1549,0
1350,3.40380,0.19960,2.35720,0.81950,0.02680,0,0,0,2444,5,0,1024,1024,0,1549,0
1351,6.44970,2.04200,3.50760,0.86800,0.03080,0,0,0,2444,5,0,1024,1024,0,1549,0
1352,5.09650,0.20850,3.88230,0.98330,0.02150,0,0,0,2444,5,0,1024,1024,0,1549,0
1353,4.38070,0.18120,3.38270,0.78680,0.02930,0,0,0,2444,5,0,1024,1024,0,1549,0
1354,4.73930,0.17200,3.74050,0.80260,0.02340,0,0,0,2444,5,0,1024,1024,0,1549,0
1355,3.74620,0.24630,2.73200,0.74970,0.01740,0,0,0,2444,5,0,1024,1024,0,1549,0
1356,3.59050,0.19400,2.62780,0.74430,0.02380,0,0,0,2444,5,0,1024,1024,0,1549,0
1357,3.76300,0.18630,2.77870,0.77410,0.02300,0,0,0,2444,5,0,1024,1024,0,1549,0
1358,3.87580,0.19390,2.90120,0.76210,0.01780,0,0,0,2444,5,0,1024,1024,0,1549,0
1359,3.72560,0.20400,2.73160,0.77110,0.01820,0,0,0,2444,5,0,1024,1024,0,1549,0
1360,4.06850,0.19140,2.92070,0.92810,0.02740,0,0,0,2444,5,0,1024,1024,0,1549,0
1361,3.68850,0.20300,2.70660,0.75330,0.02490,0,0,0,2444,5,0,1024,1024,0,1549,0
1362,4.18670,0.21680,3.17520,0.77260,0.02120,0,0,0,2444,5,0,1024,1024,0,1549,0
1363,3.67670,0.18990,2.72730,0.74050,0.01830,0,0,0,2444,5,0,1024,1024,0,1549,0
1364,3.55270,0.19200,2.57930,0.75890,0.02190,0,0,0,2444,5,0,1024,1024,0,1549,0
1365,3.54390,0.17990,2.59550,0.74630,0.02140,0,0,0,2444,5,0,1024,1024,0,1549,0
1366,5.24940,1.75530,2.71810,0.75300,0.02220,0,0,0,2444,5,0,1024,1024,0,1549,0
1367,3.49060,0.21890,2.52330,0.72650,0.02110,0,0,0,2444,5,0,1024,1024,0,1549,0
1368,3.43630,0.18790,2.51540,0.70890,0.02330,0,0,0,2444,5,0,1024,1024,0,1549,0
1369,3.66970,0.17620,2.73030,0.74380,0.01880,0,0,0,2444,5,0,1024,1024,0,1549,0
1370,3.47860,0.20030,2.54950,0.70810,0.02020,0,0,0,2444,5,0,1024,1024,0,1549,0
1371,3.54240,0.20600,2.55660,0.75810,0.02090,0,0,0,2444,5,0,1024,1024,0,1549,0
1372,5.16320,0.20310,4.02390,0.91370,0.02170,0,0,0,2444,5,0,1024,1024,0,1549,0
1373,3.53310,0.21370,2.57470,0.72650,0.01740,0,0,0,2444,5,0,1024,1024,0,1549,0
1374,3.53700,0.19640,2.54010,0.77840,0.02130,0,0,0,2444,5,0,1024,1024,0,1549,0
1375,3.54130,0.19320,2.57270,0.75630,0.01820,0,0,0,2444,5,0,1024,1024,0,1549,0
1376,3.68130,0.20370,2.68410,0.76510,0.02750,0,0,0,2444,5,0,1024,1024,0,1549,0
1377,3.68140,0.21810,2.67470,0.76620,0.02170,0,0,0,2444,5,0,1024,1024,0,1549,0
1378,3.62310,0.17260,2.67580,0.75400,0.01980,0,0,0,2444,5,0,1024,1024,0,1549,0
1379,5.01380,0.19630,4.00100,0.79010,0.02550,0,0,0,2444,5,0,1024,1024,0,1549,0
1380,3.72710,0.23820,2.62750,0.83240,0.02820,0,0,0,2444,5,0,1024,1024,0,1549,0
1381,5.23210,1.81960,2.61860,0.76650,0.02550,0,0,0,2444,5,0,1024,1024,0,1549,0
1382,3.53060,0.22620,2.52750,0.75190,0.02410,0,0,0,2444,5,0,1024,1024,0,1549,0
1383,3.57760,0.19460,2.56130,0.75540,0.06520,0,0,0,2444,5,0,1024,1024,0,1549,0
1384,3.60520,0.21540,2.60340,0.76250,0.02320,0,0,0,2444,5,0,1024,1024,0,1549,0
1385,3.51860,0.22360,2.48530,0.78560,0.02330,0,0,0,2444,5,0,1024,1024,0,1549,0
1386,3.52650,0.24010,2.50060,0.76020,0.02470,0,0,0,2444,5,0,1024,1024,0,1549,0
1387,3.65760,0.18790,2.46000,0.98200,0.02700,0,0,0,2444,5,0,1024,1024,0,1549,0
1388,3.56480,0.21740,2.51960,0.79670,0.03030,0,0,0,2444,5,0,1024,1024,0,1549,0
1389,3.45460,0.25630,2.39200,0.78630,0.01930,0,0,0,2444,5,0,1024,1024,0,1549,0
1390,3.32610,0.18570,2.32700,0.73830,0.07410,0,0,0,2444,5,0,1024,1024,0,1549,0
1391,3.50700,0.21860,2.47550,0.76610,0.04590,0,0,0,2444,5,0,1024,1024,0,1549,0
1392,3.46470,0.22200,2.46760,0.75190,0.02230,0,0,0,2444,5,0,1024,1024,0,1549,0
1393,3.34460,0.20260,2.37140,0.74980,0.02010,0,0,0,2444,5,0,1024,1024,0,1549,0
1394,3.50210,0.19200,2.50540,0.77840,0.02560,0,0,0,2444,5,0,1024,1024,0,1549,0
1395,3.35350,0.20630,2.37830,0.74360,0.02460,0,0,0,2444,5,0,1024,1024,0,1549,0
1396,5.12190,1.83350,2.43320,0.82380,0.03060,0,0,0,2444,5,0,1024,1024,0,1549,0
1397,3.32400,0.21760,2.32560,0.75310,0.02680,0,0,0,2444,5,0,1024,1024,0,1549,0
1398,3.38550,0.21580,2.35370,0.79070,0.02460,0,0,0,2444,5,0,1024,1024,0,1549,0
1399,3.35920,0.20910,2.35650,0.76890,0.02390,0,0,0,2444,5,0,1024,1024,0,1549,0
1400,3.44930,0.23290,2.43150,0.75830,0.02590,0,0,0,2444,5,0,1024,1024,0,1549,0
1401,3.43820,0.20650,2.40400,0.79370,0.03200,0,0,0,2444,5,0,1024,1024,0,1549,0
1402,3.39430,0.19820,2.37340,0.78840,0.03340,0,0,0,2444,5,0,1024,1024,0,1549,0
1403,3.35120,0.19890,2.38850,0.73960,0.02340,0,0,0,2444,5,0,1024,1024,0,1549,0
1404,3.41880,0.23270,2.40260,0.75080,0.03200,0,0,0,2444,5,0,1024,1024,0,1549,0
1405,3.42080,0.19010,2.44990,0.75730,0.02270,0,0,0,2444,5,0,1024,1024,0,1549,0
1406,3.50240,0.24870,2.36480,0.85500,0.03310,0,0,0,2444,5,0,1024,1024,0,1549,0
1407,3.37330,0.19450,2.41100,0.74250,0.02460,0,0,0,2444,5,0,1024,1024,0,1549,0
1408,3.33600,0.21240,2.34170,0.75810,0.02300,0,0,0,2444,5,0,1024,1024,0,1549,0
1409,3.32820,0.21950,2.35030,0.73190,0.02550,0,0,0,2444,5,0,1024,1024,0,1549,0
1410,3.54470,0.19550,2.56770,0.75680,0.02380,0,0,0,2444,5,0,1024,1024,0,1549,0
1411,5.09370,1.84760,2.39170,0.80280,0.04940,0,0,0,2444,5,0,1024,1024,0,1549,0
1412,3.41100,0.20310,2.28750,0.88710,0.03180,0,0,0,2444,5,0,1024,1024,0,1549,0
1413,3.40140,0.19100,2.35180,0.79540,0.06170,0,0,0,2444,5,0,1024,1024,0,1549,0
1414,3.40890,0.22280,2.37160,0.78550,0.02790,0,0,0,2444,5,0,1024,1024,0,1549,0
1415,3.38930,0.19880,2.27190,0.88800,0.02930,0,0,0,2444,5,0,1024,1024,0,1549,0
1416,3.50900,0.20610,2.47660,0.79580,0.02930,0,0,0,2444,5,0,1024,1024,0,1549,0
1417,3.52370,0.20990,2.38540,0.89660,0.03050,0,0,0,2444,5,0,1024,1024,0,1549,0
1418,3.34220,0.19090,2.29040,0.82340,0.03640,0,0,0,2444,5,0,1024,1024,0,1549,0
1419,3.52670,0.20420,2.47060,0.82030,0.03060,0,0,0,2444,5,0,1024,1024,0,1549,0
1420,3.48670,0.19720,2.50370,0.75830,0.02680,0,0,0,2444,5,0,1024,1024,0,1549,0
1421,3.31880,0.22700,2.31450,0.75230,0.02420,0,0,0,2444,5,0,1024,1024,0,1549,0
1422,3.34120,0.19910,2.34440,0.77330,0.02380,0,0,0,2444,5,0,1024,1024,0,1549,0
1423,3.37960,0.20550,2.37570,0.77490,0.02290,0,0,0,2444,5,0,1024,1024,0,1549,0
1424,3.38020,0.21430,2.36710,0.76570,0.03230,0,0,0,2444,5,0,1024,1024,0,1549,0
1425,3.33070,0.20820,2.38620,0.70970,0.02580,0,0,0,2444,5,0,1024,1024,0,1549,0
1426,5.06890,1.76610,2.44370,0.82730,0.03090,0,0,0,2444,5,0,1024,1024,0,1549,0
1427,3.27030,0.21390,2.27600,0.75550,0.02410,0,0,0,2444,5,0,1024,1024,0,1549,0
1428,3.34470,0.21760,2.32250,0.77760,0.02630,0,0,0,2444,5,0,1024,1024,0,1549,0
1429,3.29660,0.20680,2.23390,0.83120,0.02390,0,0,0,2444,5,0,1024,1024,0,1549,0
1430,3.39740,0.18370,2.41470,0.77460,0.02350,0,0,0,2444,5,0,1024,1024,0,1549,0
1431,3.15170,0.18590,2.14500,0.79500,0.02510,0,0,0,2444,5,0,1024,1024,0,1549,0
1432,3.40750,0.21690,2.28540,0.87760,0.02650,0,0,0,2444,5,0,1024,1024,0,1549,0
1433,3.43350,0.22210,2.36500,0.82250,0.02320,0,0,0,2444,5,0,1024,1024,0,1549,0
1434,3.27100,0.19960,2.26780,0.78200,0.02070,0,0,0,2444,5,0,1024,1024,0,1549,0
1435,3.20020,0.21630,2.17740,0.77870,0.02700,0,0,0,2444,5,0,1024,1024,0,1549,0
1436,3.19680,0.21270,2.15420,0.79450,0.03450,0,0,0,2444,5,0,1024,1024,0,1549,0
1437,3.35080,0.20580,2.29150,0.82140,0.03120,0,0,0,2444,5,0,1024,1024,0,1549,0
1438,3.29070,0.20930,2.27900,0.77810,0.02360,0,0,0,2444,5,0,1024,1024,0,1549,0
1439,3.23420,0.22600,2.23110,0.75590,0.02040,0,0,0,2444,5,0,1024,1024,0,1549,0
1440,3.24170,0.21160,2.25080,0.75370,0.02480,0,0,0,2444,5,0,1024,1024,0,1549,0
1441,6.00320,1.77840,3.22590,0.95430,0.04330,0,0,0,2444,5,0,1024,1024,0,1549,0
1442,4.72200,0.16460,3.72680,0.80550,0.02440,0,0,0,2444,5,0,1024,1024,0,1549,0
1443,4.26680,0.16840,3.27900,0.79780,0.02090,0,0,0,2444,5,0,1024,1024,0,1549,0
1444,3.63360,0.17120,2.68110,0.76170,0.01890,0,0,0,2444,5,0,1024,1024,0,1549,0
1445,3.51120,0.17790,2.55980,0.75110,0.02190,0,0,0,2444,5,0,1024,1024,0,1549,0
1446,4.30950,0.17660,3.28780,0.81930,0.02510,0,0,0,2444,5,0,1024,1024,0,1549,0
1447,3.63300,0.17450,2.56350,0.86090,0.03340,0,0,0,2444,5,0,1024,1024,0,1549,0
1448,4.84890,0.17120,3.85320,0.79450,0.02920,0,0,0,2444,5,0,1024,1024,0,1549,0
1449,3.77960,0.19470,2.70550,0.84920,0.02900,0,0,0,2444,5,0,1024,1024,0,1549,0
1450,3.65550,0.20690,2.64480,0.77790,0.02510,0,0,0,2444,5,0,1024,1024,0,1549,0
1451,3.50650,0.20050,2.50060,0.78130,0.02320,0,0,0,2444,5,0,1024,1024,0,1549,0
1452,3.82980,0.17770,2.80590,0.80590,0.03950,0,0,0,2444,5,0,1024,1024,0,1549,0
1453,3.35700,0.17210,2.39580,0.76140,0.02690,0,0,0,2444,5,0,1024,1024,0,1549,0
1454,3.68630,0.19610,2.62940,0.83150,0.02840,0,0,0,2444,5,0,1024,1024,0,1549,0
1455,3.32470,0.21270,2.33720,0.74930,0.02480,0,0,0,2444,5,0,1024,1024,0,1549,0
1456,4.96370,1.77730,2.41420,0.74340,0.02790,0,0,0,2444,5,0,1024,1024,0,1549,0
1457,3.40520,0.21400,2.33380,0.82690,0.02960,0,0,0,2444,5,0,1024,1024,0,1549,0
1458,3.30950,0.20800,2.33370,0.74190,0.02510,0,0,0,2444,5,0,1024,1024,0,1549,0
1459,3.32990,0.19770,2.34030,0.76520,0.02600,0,0,0,2444,5,0,1024,1024,0,1549,0
1460,3.30940,0.22210,2.25480,0.79650,0.03520,0,0,0,2444,5,0,1024,1024,0,1549,0
1461,3.32750,0.20950,2.28790,0.80270,0.02610,0,0,0,2444,5,0,1024,1024,0,1549,0
1462,3.24780,0.21630,2.23130,0.76910,0.03010,0,0,0,2444,5,0,1024,1024,0,1549,0
1463,3.26520,0.20370,2.27730,0.75740,0.02600,0,0,0,2444,5,0,1024,1024,0,1549,0
1464,3.20680,0.19360,2.23570,0.74660,0.03000,0,0,0,2444,5,0,1024,1024,0,1549,0
1465,3.39300,0.21110,2.40910,0.74490,0.02700,0,0,0,2444,5,0,1024,1024,0,1549,0
1466,3.20220,0.20380,2.24110,0.72670,0.02980,0,0,0,2444,5,0,1024,1024,0,1549,0
1467,3.25960,0.20090,2.31130,0.71470,0.03210,0,0,0,2444,5,0,1024,1024,0,1549,0
1468,3.17720,0.21430,2.16090,0.76540,0.03590,0,0,0,2444,5,0,1024,1024,0,1549,0
1469,3.34150,0.22460,2.17420,0.90140,0.04050,0,0,0,2444,5,0,1024,1024,0,1549,0
1470,3.23330,0.21110,2.16490,0.81480,0.04170,0,0,0,2444,5,0,1024,1024,0,1549,0
1471,4.86680,1.70280,2.39090,0.74230,0.02930,0,0,0,2444,5,0,1024,1024,0,1549,0
1472,3.13720,0.21020,2.15390,0.74550,0.02680,0,0,0,2444,5,0,1024,1024,0,1549,0
1473,3.20920,0.22930,2.21760,0.73550,0.02600,0,0,0,2444,5,0,1024,1024,0,1549,0
1474,3.12650,0.22510,2.09880,0.77410,0.02780,0,0,0,2444,5,0,1024,1024,0,1549,0
1475,3.16040,0.22480,2.15920,0.74980,0.02620,0,0,0,2444,5,0,1024,1024,0,1549,0
1476,3.16880,0.23130,2.16910,0.74220,0.02540,0,0,0,2444,5,0,1024,1024,0,1549,0
1477,3.16390,0.22050,2.15390,0.76310,0.02570,0,0,0,2444,5,0,1024,1024,0,1549,0
1478,3.22520,0.22290,2.11010,0.85670,0.03480,0,0,0,2444,5,0,1024,1024,0,1549,0
1479,3.10230,0.22140,2.11720,0.73670,0.02630,0,0,0,2444,5,0,1024,1024,0,1549,0
1480,3.29520,0.19660,2.24490,0.81450,0.03840,0,0,0,2444,5,0,1024,1024,0,1549,0
1481,3.30030,0.21440,2.14920,0.90170,0.03420,0,0,0,2444,5,0,1024,1024,0,1549,0
1482,3.16700,0.22180,2.16890,0.74700,0.02850,0,0,0,2444,5,0,1024,1024,0,1549,0
1483,3.26510,0.21380,2.15160,0.86450,0.03430,0,0,0,2444,5,0,1024,1024,0,1549,0
1484,3.21730,0.20520,2.15300,0.80490,0.05330,0,0,0,2444,5,0,1024,1024,0,1549,0
1485,3.09650,0.21990,2.13080,0.71950,0.02550,0,0,0,2444,5,0,1024,1024,0,1549,0
1486,4.91080,1.78420,2.32560,0.76890,0.03140,0,0,0,2444,5,0,1024,1024,0,1549,0
1487,3.23800,0.22460,2.16300,0.82240,0.02720,0,0,0,2444,5,0,1024,1024,0,1549,0
1488,3.16580,0.22570,2.14610,0.76560,0.02790,0,0,0,2444,5,0,1024,1024,0,1549,0
1489,3.23430,0.22780,2.18090,0.79700,0.02770,0,0,0,2444,5,0,1024,1024,0,1549,0
1490,3.26360,0.22820,2.23930,0.76810,0.02720,0,0,0,2444,5,0,1024,1024,0,1549,0
1491,3.32670,0.22000,2.20950,0.86310,0.03330,0,0,0,2444,5,0,1024,1024,0,1549,0
1492,3.19420,0.22570,2.11660,0.81940,0.03170,0,0,0,2444,5,0,1024,1024,0,1549,0
1493,3.39870,0.23250,2.31300,0.82510,0.02750,0,0,0,2444,5,0,1024,1024,0,1549,0
1494,3.23180,0.22760,2.16200,0.79690,0.04450,0,0,0,2444,5,0,1024,1024,0,1549,0
1495,3.20320,0.22650,2.16520,0.78400,0.02670,0,0,0,2444,5,0,1024,1024,0,1549,0
1496,3.26730,0.21450,2.16960,0.84620,0.03620,0,0,0,2444,5,0,1024,1024,0,1549,0
1497,3.12260,0.20520,2.11710,0.77020,0.02930,0,0,0,2444,5,0,1024,1024,0,1549,0
1498,3.24360,0.22580,2.20570,0.77930,0.03220,0,0,0,2444,5,0,1024,1024,0,1549,0
1499,3.13690,0.20550,2.09550,0.79990,0.03510,0,0,0,2444,5,0,1024,1024,0,1549,0
1500,3.17730,0.20760,2.15640,0.78100,0.03170,0,0,0,2444,5,0,1024,1024,0,1549,0
1501,6.64740,1.77220,3.99220,0.86320,0.01850,0,0,0,2444,5,0,1024,1024,0,1549,0
1502,6.63610,0.16230,5.54290,0.90230,0.02740,0,0,0,2444,5,0,1024,1024,0,1549,0
1503,5.35150,0.18710,4.27240,0.87570,0.01540,0,0,0,2444,5,0,1024,1024,0,1549,0
1504,4.80580,0.16120,3.80120,0.82050,0.02230,0,0,0,2444,5,0,1024,1024,0,1549,0
1505,4.68810,0.29920,3.53350,0.83740,0.01720,0,0,0,2444,5,0,1024,1024,0,1549,0
1506,4.57670,0.22890,3.49130,0.83370,0.02190,0,0,0,2444,5,0,1024,1024,0,1549,0
1507,4.62440,0.20280,3.55380,0.84440,0.02250,0,0,0,2444,5,0,1024,1024,0,1549,0
1508,4.47970,0.16900,3.50120,0.78890,0.01980,0,0,0,2444,5,0,1024,1024,0,1549,0
1509,4.35460,0.17550,3.35170,0.81140,0.01550,0,0,0,2444,5,0,1024,1024,0,1549,0
1510,3.96930,0.19020,2.98650,0.76820,0.02380,0,0,0,2444,5,0,1024,1024,0,1549,0
1511,4.70920,0.18140,3.02340,1.47320,0.03040,0,0,0,2444,5,0,1024,1024,0,1549,0
1512,3.85140,0.18560,2.85010,0.79360,0.02150,0,0,0,2444,5,0,1024,1024,0,1549,0
1513,4.04000,0.16530,3.08500,0.77120,0.01780,0,0,0,2444,5,0,1024,1024,0,1549,0
1514,3.95730,0.17530,2.92860,0.83060,0.02220,0,0,0,2444,5,0,1024,1024,0,1549,0
1515,3.99470,0.16690,3.01060,0.79890,0.01760,0,0,0,2444,5,0,1024,1024,0,1549,0
1516,5.24910,1.58890,2.75150,0.88180,0.02630,0,0,0,2444,5,0,1024,1024,0,1549,0
1517,4.00230,0.16840,3.02560,0.78940,0.01820,0,0,0,2444,5,0,1024,1024,0,1549,0
1518,5.22120,0.18120,4.19240,0.81860,0.02830,0,0,0,2444,5,0,1024,1024,0,1549,0
1519,4.72010,0.20700,3.69780,0.79380,0.02060,0,0,0,2444,5,0,1024,1024,0,1549,0
1520,4.84110,0.20380,3.83620,0.77970,0.02080,0,0,0,2444,5,0,1024,1024,0,1549,0
1521,4.02070,0.17470,3.04690,0.77620,0.02210,0,0,0,2444,5,0,1024,1024,0,1549,0
1522,3.52170,0.17010,2.60470,0.72620,0.01980,0,0,0,2444,5,0,1024,1024,0,1549,0
1523,3.52040,0.17390,2.61050,0.71850,0.01690,0,0,0,2444,5,0,1024,1024,0,1549,0
1524,3.50050,0.18810,2.53100,0.76370,0.01690,0,0,0,2444,5,0,1024,1024,0,1549,0
1525,3.74300,0.28610,2.57470,0.85130,0.03020,0,0,0,2444,5,0,1024,1024,0,1549,0
1526,3.47820,0.19040,2.53710,0.73060,0.01940,0,0,0,2444,5,0,1024,1024,0,1549,0
1527,3.60190,0.19020,2.59200,0.79540,0.02350,0,0,0,2444,5,0,1024,1024,0,1549,0
1528,4.60870,0.22760,3.57010,0.79270,0.01730,0,0,0,2444,5,0,1024,1024,0,1549,0
1529,3.47870,0.16680,2.56790,0.72480,0.01860,0,0,0,2444,5,0,1024,1024,0,1549,0
1530,5.06990,0.19430,3.98240,0.87140,0.02100,0,0,0,2444,5,0,1024,1024,0,1549,0
1531,5.17150,1.74910,2.64420,0.75880,0.01760,0,0,0,2444,5,0,1024,1024,0,1549,0
1532,3.48410,0.22690,2.53030,0.70620,0.02010,0,0,0,2444,5,0,1024,1024,0,1549,0
1533,3.74590,0.20850,2.63960,0.87490,0.02220,0,0,0,2444,5,0,1024,1024,0,1549,0
1534,3.62340,0.18300,2.64840,0.75430,0.03720,0,0,0,2444,5,0,1024,1024,0,1549,0
1535,3.71060,0.22320,2.63530,0.77800,0.07340,0,0,0,2444,5,0,1024,1024,0,1549,0
1536,3.76400,0.21010,2.78560,0.74270,0.02460,0,0,0,2444,5,0,1024,1024,0,1549,0
1537,3.54690,0.17230,2.61480,0.74060,0.01850,0,0,0,2444,5,0,1024,1024,0,1549,0
1538,3.56580,0.19470,2.59660,0.74770,0.02620,0,0,0,2444,5,0,1024,1024,0,1549,0
1539,3.59560,0.19380,2.65020,0.73250,0.01830,0,0,0,2444,5,0,1024,1024,0,1549,0
1540,3.74120,0.25570,2.67680,0.78960,0.01830,0,0,0,2444,5,0,1024,1024,0,1549,0
1541,3.98030,0.20730,2.87210,0.87770,0.02250,0,0,0,2444,5,0,1024,1024,0,1549,0
1542,3.40830,0.21270,2.37760,0.79600,0.02120,0,0,0,2444,5,0,1024,1024,0,1549,0
1543,3.40580,0.22670,2.39620,0.75850,0.02380,0,0,0,2444,5,0,1024,1024,0,1549,0
1544,3.38870,0.22790,2.39560,0.74250,0.02190,0,0,0,2444,5,0,1024,1024,0,1549,0
1545,3.40750,0.23490,2.40840,0.73820,0.02540,0,0,0,2444,5,0,1024,1024,0,1549,0
1546,5.13240,1.67630,2.64240,0.79150,0.02130,0,0,0,2444,5,0,1024,1024,0,1549,0
1547,3.41700,0.22240,2.38130,0.79250,0.02010,0,0,0,2444,5,0,1024,1024,0,1549,0
1548,3.35690,0.20960,2.33570,0.79330,0.01770,0,0,0,2444,5,0,1024,1024,0,1549,0
1549,3.49340,0.23970,2.44840,0.78300,0.02160,0,0,0,2444,5,0,1024,1024,0,1549,0
1550,3.42880,0.22930,2.43310,0.74560,0.02000,0,0,0,2444,5,0,1024,1024,0,1549,0
1551,3.31840,0.20300,2.36730,0.72350,0.02390,0,0,0,2444,5,0,1024,1024,0,1549,0
1552,3.36040,0.19860,2.35030,0.77500,0.03570,0,0,0,2444,5,0,1024,1024,0,1549,0
1553,3.46230,0.18400,2.48630,0.76690,0.02450,0,0,0,2444,5,0,1024,1024,0,1549,0
1554,3.43440,0.24430,2.39490,0.76920,0.02520,0,0,0,2444,5,0,1024,1024,0,1549,0
1555,3.48010,0.22870,2.40610,0.82390,0.02050,0,0,0,2444,5,0,1024,1024,0,1549,0
1556,3.36950,0.19520,2.40810,0.74630,0.01920,0,0,0,2444,5,0,1024,1024,0,1549,0
1557,3.39250,0.20570,2.41660,0.74550,0.02410,0,0,0,2444,5,0,1024,1024,0,1549,0
1558,3.41650,0.21430,2.40530,0.77260,0.02350,0,0,0,2444,5,0,1024,1024,0,1549,0
1559,3.57410,0.22500,2.44650,0.79170,0.11020,0,0,0,2444,5,0,1024,1024,0,1549,0
1560,3.42010,0.19970,2.40750,0.78950,0.02250,0,0,0,2444,5,0,1024,1024,0,1549,0
1561,6.67900,1.93020,3.94430,0.77990,0.02290,0,0,0,2444,5,0,1024,1024,0,1549,0
1562,4.65790,0.18690,3.66230,0.78660,0.02140,0,0,0,2444,5,0,1024,1024,0,1549,0
1563,4.37930,0.18480,3.35990,0.81010,0.02360,0,0,0,2444,5,0,1024,1024,0,1549,0
1564,4.02190,0.19690,3.02320,0.77390,0.02740,0,0,0,2444,5,0,1024,1024,0,1549,0
1565,3.73940,0.24910,2.70550,0.76610,0.01780,0,0,0,2444,5,0,1024,1024,0,1549,0
1566,4.00880,0.17920,3.01740,0.79330,0.01830,0,0,0,2444,5,0,1024,1024,0,1549,0
1567,4.00310,0.19000,3.00610,0.78920,0.01700,0,0,0,2444,5,0,1024,1024,0,1549,0
1568,3.95010,0.19320,2.95910,0.77970,0.01730,0,0,0,2444,5,0,1024,1024,0,1549,0
1569,4.08380,0.19330,3.07760,0.79330,0.01890,0,0,0,2444,5,0,1024,1024,0,1549,0
1570,3.85180,0.19320,2.85100,0.78940,0.01750,0,0,0,2444,5,0,1024,1024,0,1549,0
1571,3.59870,0.19970,2.62170,0.75740,0.01910,0,0,0,2444,5,0,1024,1024,0,1549,0
1572,3.60530,0.16960,2.68200,0.73570,0.01730,0,0,0,2444,5,0,1024,1024,0,1549,0
1573,3.67280,0.18830,2.70400,0.76030,0.01960,0,0,0,2444,5,0,1024,1024,0,1549,0
1574,3.82390,0.18400,2.76930,0.85210,0.01780,0,0,0,2444,5,0,1024,1024,0,1549,0
1575,3.69980,0.18680,2.64430,0.84800,0.02020,0,0,0,2444,5,0,1024,1024,0,1549,0
1576,5.46190,2.05910,2.64880,0.73350,0.01990,0,0,0,2444,5,0,1024,1024,0,1549,0
1577,3.51440,0.20090,2.56720,0.72940,0.01630,0,0,0,2444,5,0,1024,1024,0,1549,0
1578,3.48870,0.20970,2.54610,0.71580,0.01640,0,0,0,2444,5,0,1024,1024,0,1549,0
1579,3.47090,0.19300,2.53040,0.72930,0.01770,0,0,0,2444,5,0,1024,1024,0,1549,0
1580,3.44550,0.19860,2.47590,0.74520,0.02500,0,0,0,2444,5,0,1024,1024,0,1549,0
1581,3.53250,0.18370,2.56980,0.76080,0.01770,0,0,0,2444,5,0,1024,1024,0,1549,0
1582,3.52860,0.20790,2.55280,0.74850,0.01880,0,0,0,2444,5,0,1024,1024,0,1549,0
1583,3.46150,0.20730,2.49290,0.73930,0.02130,0,0,0,2444,5,0,1024,1024,0,1549,0
1584,3.47360,0.21640,2.46440,0.76720,0.02480,0,0,0,2444,5,0,1024,1024,0,1549,0
1585,3.39690,0.17070,2.47610,0.73100,0.01840,0,0,0,2444,5,0,1024,1024,0,1549,0
1586,3.35740,0.21390,2.39350,0.72930,0.02010,0,0,0,2444,5,0,1024,1024,0,1549,0
1587,3.50140,0.18200,2.46920,0.81130,0.03800,0,0,0,2444,5,0,1024,1024,0,1549,0
1588,3.47220,0.19140,2.45760,0.77290,0.04940,0,0,0,2444,5,0,1024,1024,0,1549,0
1589,3.38150,0.24180,2.36190,0.75590,0.02140,0,0,0,2444,5,0,1024,1024,0,1549,0
1590,3.46010,0.22030,2.43230,0.77910,0.02760,0,0,0,2444,5,0,1024,1024,0,1549,0
1591,5.56300,2.12540,2.51310,0.89050,0.03200,0,0,0,2444,5,0,1024,1024,0,1549,0
1592,3.44140,0.28830,2.38740,0.73840,0.02660,0,0,0,2444,5,0,1024,1024,0,1549,0
1593,3.34350,0.19940,2.39940,0.72010,0.02380,0,0,0,2444,5,0,1024,1024,0,1549,0
1594,3.40490,0.18700,2.44520,0.74560,0.02630,0,0,0,2444,5,0,1024,1024,0,1549,0
1595,3.46890,0.20970,2.48900,0.74210,0.02740,0,0,0,2444,5,0,1024,1024,0,1549,0
1596,3.38070,0.25000,2.35480,0.75160,0.02350,0,0,0,2444,5,0,1024,1024,0,1549,0
1597,3.26620,0.19020,2.29860,0.75460,0.02220,0,0,0,2444,5,0,1024,1024,0,1549,0
1598,3.39560,0.19750,2.40850,0.75890,0.02990,0,0,0,2444,5,0,1024,1024,0,1549,0
1599,3.32240,0.23470,2.32770,0.73620,0.02280,0,0,0,2444,5,0,1024,1024,0,1549,0
1600,3.20680,0.22000,2.22960,0.73070,0.02560,0,0,0,2444,5,0,1024,1024,0,1549,0
1601,3.21730,0.19350,2.25920,0.73720,0.02640,0,0,0,2444,5,0,1024,1024,0,1549,0
1602,3.33170,0.20000,2.27940,0.82030,0.03120,0,0,0,2444,5,0,1024,1024,0,1549,0
1603,3.21860,0.20450,2.23650,0.75710,0.01970,0,0,0,2444,5,0,1024,1024,0,1549,0
1604,3.35180,0.20920,2.32850,0.73530,0.07790,0,0,0,2444,5,0,1024,1024,0,1549,0
1605,3.27880,0.19000,2.28960,0.77210,0.02640,0,0,0,2444,5,0,1024,1024,0,1549,0
1606,5.13530,1.99920,2.33330,0.77430,0.02770,0,0,0,2444,5,0,1024,1024,0,1549,0
1607,3.32760,0.22130,2.27470,0.80000,0.03080,0,0,0,2444,5,0,1024,1024,0,1549,0
1608,3.13050,0.20080,2.18300,0.71990,0.02610,0,0,0,2444,5,0,1024,1024,0,1549,0
1609,3.28790,0.20870,2.26060,0.78950,0.02820,0,0,0,2444,5,0,1024,1024,0,1549,0
1610,3.24080,0.19010,2.22160,0.80130,0.02710,0,0,0,2444,5,0,1024,1024,0,1549,0
1611,3.16660,0.20120,2.19220,0.74280,0.02970,0,0,0,2444,5,0,1024,1024,0,1549,0
1612,3.21200,0.20810,2.18670,0.78940,0.02710,0,0,0,2444,5,0,1024,1024,0,1549,0
1613,3.31070,0.20160,2.32940,0.75040,0.02840,0,0,0,2444,5,0,1024,1024,0,1549,0
1614,3.30330,0.20840,2.19310,0.86800,0.03300,0,0,0,2444,5,0,1024,1024,0,1549,0
1615,3.21400,0.21000,2.21280,0.76500,0.02550,0,0,0,2444,5,0,1024,1024,0,1549,0
1616,3.12820,0.19670,2.15640,0.74830,0.02610,0,0,0,2444,5,0,1024,1024,0,1549,0
1617,3.22790,0.20130,2.20350,0.79510,0.02710,0,0,0,2444,5,0,1024,1024,0,1549,0
1618,3.25730,0.20330,2.27450,0.75190,0.02680,0,0,0,2444,5,0,1024,1024,0,1549,0
1619,3.32680,0.22490,2.21390,0.85390,0.03320,0,0,0,2444,5,0,1024,1024,0,1549,0
1620,3.31710,0.20540,2.25290,0.82190,0.03580,0,0,0,2444,5,0,1024,1024,0,1549,0
1621,6.57130,1.77040,3.96970,0.80940,0.02010,0,0,0,2444,5,0,1024,1024,0,1549,0
1622,4.39930,0.17710,3.40270,0.80060,0.01790,0,0,0,2444,5,0,1024,1024,0,1549,0
1623,4.72740,0.16650,3.73790,0.79910,0.02320,0,0,0,2444,5,0,1024,1024,0,1549,0
1624,4.49540,0.17330,3.45610,0.84210,0.02310,0,0,0,2444,5,0,1024,1024,0,1549,0
1625,4.25440,0.18850,3.18790,0.85220,0.02480,0,0,0,2444,5,0,1024,1024,0,1549,0
1626,4.41240,0.17570,3.41500,0.80040,0.02060,0,0,0,2444,5,0,1024,1024,0,1549,0
1627,4.39550,0.17310,3.42010,0.78650,0.01510,0,0,0,2444,5,0,1024,1024,0,1549,0
1628,4.36240,0.16730,3.37240,0.80730,0.01480,0,0,0,2444,5,0,1024,1024,0,1549,0
1629,4.02620,0.17180,3.07350,0.76360,0.01690,0,0,0,2444,5,0,1024,1024,0,1549,0
1630,3.95780,0.16650,2.97000,0.80380,0.01670,0,0,0,2444,5,0,1024,1024,0,1549,0
1631,3.84690,0.17290,2.85920,0.79710,0.01710,0,0,0,2444,5,0,1024,1024,0,1549,0
1632,4.73280,0.17380,3.72520,0.81150,0.02160,0,0,0,2444,5,0,1024,1024,0,1549,0
1633,3.97960,0.17660,2.99950,0.78500,0.01770,0,0,0,2444,5,0,1024,1024,0,1549,0
1634,4.99360,0.18110,4.00260,0.78940,0.01970,0,0,0,2444,5,0,1024,1024,0,1549,0
1635,4.01510,0.17690,3.01470,0.80520,0.01770,0,0,0,2444,5,0,1024,1024,0,1549,0
1636,5.14190,1.79960,2.58860,0.73030,0.02270,0,0,0,2444,5,0,1024,1024,0,1549,0
1637,3.98230,0.17500,2.97740,0.80480,0.02450,0,0,0,2444,5,0,1024,1024,0,1549,0
1638,3.80890,0.17460,2.80980,0.80500,0.01870,0,0,0,2444,5,0,1024,1024,0,1549,0
1639,3.78050,0.17430,2.82300,0.76390,0.01860,0,0,0,2444,5,0,1024,1024,0,1549,0
1640,3.48280,0.18910,2.54700,0.72810,0.01770,0,0,0,2444,5,0,1024,1024,0,1549,0
1641,3.48300,0.18310,2.56470,0.71820,0.01630,0,0,0,2444,5,0,1024,1024,0,1549,0
1642,3.49200,0.19260,2.53150,0.73590,0.03140,0,0,0,2444,5,0,1024,1024,0,1549,0
1643,3.52950,0.21920,2.55480,0.73620,0.01810,0,0,0,2444,5,0,1024,1024,0,1549,0
1644,3.50960,0.20450,2.55280,0.73250,0.01890,0,0,0,2444,5,0,1024,1024,0,1549,0
1645,3.62590,0.20300,2.61820,0.78320,0.02050,0,0,0,2444,5,0,1024,1024,0,1549,0
1646,3.85240,0.20670,2.59480,1.02070,0.02960,0,0,0,2444,5,0,1024,1024,0,1549,0
1647,3.45920,0.19400,2.52310,0.72260,0.01890,0,0,0,2444,5,0,1024,1024,0,1549,0
1648,3.52180,0.19420,2.54660,0.73900,0.04130,0,0,0,2444,5,0,1024,1024,0,1549,0
1649,3.56720,0.18450,2.63040,0.73130,0.02040,0,0,0,2444,5,0,1024,1024,0,1549,0
1650,3.59750,0.16510,2.51710,0.89470,0.01980,0,0,0,2444,5,0,1024,1024,0,1549,0
1651,5.08260,1.77190,2.54750,0.74020,0.02190,0,0,0,2444,5,0,1024,1024,0,1549,0
1652,3.45610,0.21940,2.45830,0.75410,0.02360,0,0,0,2444,5,0,1024,1024,0,1549,0
1653,3.56060,0.21020,2.50840,0.76690,0.07420,0,0,0,2444,5,0,1024,1024,0,1549,0
1654,3.58050,0.21890,2.55580,0.78360,0.02140,0,0,0,2444,5,0,1024,1024,0,1549,0
1655,3.77600,0.19360,2.64280,0.90430,0.03470,0,0,0,2444,5,0,1024,1024,0,1549,0
1656,3.43100,0.20550,2.45180,0.74850,0.02450,0,0,0,2444,5,0,1024,1024,0,1549,0
1657,3.53440,0.19160,2.51900,0.79890,0.02420,0,0,0,2444,5,0,1024,1024,0,1549,0
1658,3.40130,0.19960,2.42760,0.74920,0.02430,0,0,0,2444,5,0,1024,1024,0,1549,0
1659,3.41450,0.22830,2.40740,0.75390,0.02410,0,0,0,2444,5,0,1024,1024,0,1549,0
1660,3.46910,0.21260,2.45440,0.78330,0.01810,0,0,0,2444,5,0,1024,1024,0,1549,0
1661,3.38540,0.20300,2.38850,0.76920,0.02390,0,0,0,2444,5,0,1024,1024,0,1549,0
1662,3.42770,0.19680,2.42850,0.77660,0.02510,0,0,0,2444,5,0,1024,1024,0,1549,0
1663,3.34690,0.21070,2.36200,0.74370,0.02980,0,0,0,2444,5,0,1024,1024,0,1549,0
1664,3.47270,0.22290,2.37120,0.85540,0.02250,0,0,0,2444,5,0,1024,1024,0,1549,0
1665,3.38050,0.19940,2.42200,0.73530,0.02310,0,0,0,2444,5,0,1024,1024,0,1549,0
1666,5.17450,1.72110,2.61540,0.81620,0.02100,0,0,0,2444,5,0,1024,1024,0,1549,0
1667,3.38130,0.20320,2.41910,0.73670,0.02170,0,0,0,2444,5,0,1024,1024,0,1549,0
1668,3.35710,0.23430,2.35770,0.73950,0.02500,0,0,0,2444,5,0,1024,1024,0,1549,0
1669,3.38550,0.20100,2.39820,0.76400,0.02150,0,0,0,2444,5,0,1024,1024,0,1549,0
1670,3.31550,0.19460,2.31120,0.78560,0.02320,0,0,0,2444,5,0,1024,1024,0,1549,0
1671,3.38160,0.21470,2.38090,0.76400,0.02120,0,0,0,2444,5,0,1024,1024,0,1549,0
1672,3.41910,0.18140,2.39210,0.82200,0.02280,0,0,0,2444,5,0,1024,1024,0,1549,0
1673,3.41960,0.23440,2.38780,0.77380,0.02270,0,0,0,2444,5,0,1024,1024,0,1549,0
1674,3.37120,0.21120,2.39470,0.74450,0.02020,0,0,0,2444,5,0,1024,1024,0,1549,0
1675,3.41050,0.22760,2.42790,0.73050,0.02380,0,0,0,2444,5,0,1024,1024,0,1549,0
1676,3.38590,0.21340,2.39120,0.75760,0.02290,0,0,0,2444,5,0,1024,1024,0,1549,0
1677,3.37300,0.19300,2.39880,0.75550,0.02490,0,0,0,2444,5,0,1024,1024,0,1549,0
1678,3.34980,0.22100,2.32220,0.78330,0.02250,0,0,0,2444,5,0,1024,1024,0,1549,0
1679,3.42720,0.22680,2.37890,0.79330,0.02750,0,0,0,2444,5,0,1024,1024,0,1549,0
1680,3.28070,0.22240,2.28720,0.74880,0.02160,0,0,0,2444,5,0,1024,1024,0,1549,0
1681,5.83460,1.68110,3.32850,0.79980,0.02410,0,0,0,2444,5,0,1024,1024,0,1549,0
1682,4.41370,0.16920,3.41860,0.80170,0.02330,0,0,0,2444,5,0,1024,1024,0,1549,0
1683,5.11830,0.16410,4.13830,0.79930,0.01580,0,0,0,2444,5,0,1024,1024,0,1549,0
1684,5.30590,0.16710,4.23900,0.87970,0.01940,0,0,0,2444,5,0,1024,1024,0,1549,0
1685,5.34970,0.18370,4.27990,0.87020,0.01470,0,0,0,2444,5,0,1024,1024,0,1549,0
1686,5.37750,0.16930,4.37750,0.81210,0.01790,0,0,0,2444,5,0,1024,1024,0,1549,0
1687,3.72620,0.17500,2.74340,0.78960,0.01750,0,0,0,2444,5,0,1024,1024,0,1549,0
1688,3.77740,0.17640,2.80670,0.77560,0.01790,0,0,0,2444,5,0,1024,1024,0,1549,0
1689,3.70070,0.17750,2.72010,0.78330,0.01900,0,0,0,2444,5,0,1024,1024,0,1549,0
1690,4.09670,0.17580,2.92420,0.96960,0.02630,0,0,0,2444,5,0,1024,1024,0,1549,0
1691,3.67980,0.17470,2.73640,0.74470,0.02320,0,0,0,2444,5,0,1024,1024,0,1549,0
1692,3.68370,0.17440,2.74940,0.73440,0.02490,0,0,0,2444,5,0,1024,1024,0,1549,0
1693,4.99290,0.17750,4.00470,0.78790,0.02200,0,0,0,2444,5,0,1024,1024,0,1549,0
1694,3.85880,0.17650,2.87880,0.78420,0.01870,0,0,0,2444,5,0,1024,1024,0,1549,0
1695,3.49990,0.18250,2.54660,0.75080,0.01920,0,0,0,2444,5,0,1024,1024,0,1549,0
1696,5.04740,1.58110,2.69830,0.74870,0.01860,0,0,0,2444,5,0,1024,1024,0,1549,0
1697,3.76830,0.16970,2.68820,0.88870,0.02090,0,0,0,2444,5,0,1024,1024,0,1549,0
1698,3.51820,0.17550,2.55190,0.77280,0.01720,0,0,0,2444,5,0,1024,1024,0,1549,0
1699,3.45580,0.19250,2.50460,0.74100,0.01700,0,0,0,2444,5,0,1024,1024,0,1549,0
1700,3.42930,0.17850,2.49100,0.74030,0.01890,0,0,0,2444,5,0,1024,1024,0,1549,0
1701,3.53280,0.21070,2.48400,0.78240,0.05430,0,0,0,2444,5,0,1024,1024,0,1549,0
1702,3.53340,0.19510,2.52260,0.79570,0.01940,0,0,0,2444,5,0,1024,1024,0,1549,0
1703,3.52480,0.20310,2.51980,0.78040,0.02070,0,0,0,2444,5,0,1024,1024,0,1549,0
1704,4.99560,0.17020,3.97960,0.82270,0.02220,0,0,0,2444,5,0,1024,1024,0,1549,0
1705,4.97960,0.21670,3.97270,0.76890,0.02070,0,0,0,2444,5,0,1024,1024,0,1549,0
1706,5.03970,0.19010,4.00700,0.81530,0.02650,0,0,0,2444,5,0,1024,1024,0,1549,0
1707,3.43520,0.18840,2.42950,0.79470,0.02200,0,0,0,2444,5,0,1024,1024,0,1549,0
1708,3.94580,0.23770,2.84340,0.84270,0.02120,0,0,0,2444,5,0,1024,1024,0,1549,0
1709,3.77380,0.20020,2.77280,0.77990,0.02010,0,0,0,2444,5,0,1024,1024,0,1549,0
1710,3.48300,0.18880,2.52560,0.74500,0.02290,0,0,0,2444,5,0,1024,1024,0,1549,0
1711,5.42270,2.00670,2.59110,0.79950,0.02450,0,0,0,2444,5,0,1024,1024,0,1549,0
1712,3.49810,0.19240,2.52420,0.75550,0.02520,0,0,0,2444,5,0,1024,1024,0,1549,0
1713,3.55070,0.22600,2.49800,0.79710,0.02890,0,0,0,2444,5,0,1024,1024,0,1549,0
1714,3.46290,0.21170,2.41440,0.80580,0.03030,0,0,0,2444,5,0,1024,1024,0,1549,0
1715,3.77780,0.22590,2.58140,0.93720,0.03250,0,0,0,2444,5,0,1024,1024,0,1549,0
1716,3.46450,0.21890,2.46260,0.75710,0.02540,0,0,0,2444,5,0,1024,1024,0,1549,0
1717,3.50500,0.19120,2.47720,0.80920,0.02670,0,0,0,2444,5,0,1024,1024,0,1549,0
1718,3.42510,0.22080,2.42860,0.74900,0.02590,0,0,0,2444,5,0,1024,1024,0,1549,0
1719,3.65200,0.21510,2.57350,0.80090,0.06170,0,0,0,2444,5,0,1024,1024,0,1549,0
1720,3.45760,0.20310,2.44200,0.77600,0.03580,0,0,0,2444,5,0,1024,1024,0,1549,0
1721,3.24780,0.20670,2.24000,0.74970,0.05050,0,0,0,2444,5,0,1024,1024,0,1549,0
1722,3.49310,0.19370,2.51340,0.75420,0.03100,0,0,0,2444,5,0,1024,1024,0,1549,0
1723,3.30610,0.20240,2.32550,0.74740,0.02990,0,0,0,2444,5,0,1024,1024,0,1549,0
1724,3.31070,0.20300,2.34740,0.73420,0.02520,0,0,0,2444,5,0,1024,1024,0,1549,0
1725,3.36360,0.18870,2.38100,0.76580,0.02720,0,0,0,2444,5,0,1024,1024,0,1549,0
1726,4.97530,1.80240,2.36240,0.78080,0.02910,0,0,0,2444,5,0,1024,1024,0,1549,0
1727,3.24510,0.20430,2.21620,0.79550,0.02840,0,0,0,2444,5,0,1024,1024,0,1549,0
1728,3.29310,0.20080,2.28770,0.77850,0.02540,0,0,0,2444,5,0,1024,1024,0,1549,0
1729,3.25570,0.20250,2.19840,0.79870,0.05540,0,0,0,2444,5,0,1024,1024,0,1549,0
1730,3.24790,0.20570,2.23610,0.77670,0.02880,0,0,0,2444,5,0,1024,1024,0,1549,0
1731,3.30980,0.21900,2.26740,0.79270,0.03000,0,0,0,2444,5,0,1024,1024,0,1549,0
1732,3.29820,0.22520,2.21340,0.83160,0.02730,0,0,0,2444,5,0,1024,1024,0,1549,0
1733,3.30310,0.18810,2.31160,0.77330,0.02950,0,0,0,2444,5,0,1024,1024,0,1549,0
1734,3.27600,0.21760,2.22820,0.79890,0.03040,0,0,0,2444,5,0,1024,1024,0,1549,0
1735,3.18570,0.22150,2.16710,0.76360,0.03290,0,0,0,2444,5,0,1024,1024,0,1549,0
1736,3.47120,0.20120,2.39540,0.83930,0.03460,0,0,0,2444,5,0,1024,1024,0,1549,0
1737,3.08380,0.21290,2.09480,0.74810,0.02730,0,0,0,2444,5,0,1024,1024,0,1549,0
1738,3.17440,0.19970,2.21830,0.72310,0.03260,0,0,0,2444,5,0,1024,1024,0,1549,0
1739,3.16710,0.20630,2.17310,0.75610,0.03080,0,0,0,2444,5,0,1024,1024,0,1549,0
1740,3.13090,0.19640,2.17090,0.73100,0.03190,0,0,0,2444,5,0,1024,1024,0,1549,0
1741,5.62540,1.75330,3.05510,0.78550,0.02960,0,0,0,2444,5,0,1024,1024,0,1549,0
1742,3.71130,0.18580,2.68330,0.80900,0.03200,0,0,0,2444,5,0,1024,1024,0,1549,0
1743,5.03440,0.35090,3.79540,0.85810,0.02910,0,0,0,2444,5,0,1024,1024,0,1549,0
1744,4.97460,0.18360,3.81240,0.94220,0.03540,0,0,0,2444,5,0,1024,1024,0,1549,0
1745,4.39710,0.22160,3.39050,0.75400,0.03000,0,0,0,2444,5,0,1024,1024,0,1549,0
1746,4.03590,0.21270,2.98680,0.81470,0.02050,0,0,0,2444,5,0,1024,1024,0,1549,0
1747,4.56340,0.18520,3.46050,0.87970,0.03660,0,0,0,2444,5,0,1024,1024,0,1549,0
1748,3.58210,0.18750,2.55050,0.80420,0.03870,0,0,0,2444,5,0,1024,1024,0,1549,0
1749,3.82570,0.21390,2.81600,0.76700,0.02790,0,0,0,2444,5,0,1024,1024,0,1549,0
1750,4.31210,0.18740,3.28080,0.81500,0.02800,0,0,0,2444,5,0,1024,1024,0,1549,0
1751,4.24300,0.19850,3.08170,0.92460,0.03710,0,0,0,2444,5,0,1024,1024,0,1549,0
1752,4.38690,0.22750,3.22660,0.89850,0.03340,0,0,0,2444,5,0,1024,1024,0,1549,0
1753,3.44280,0.20480,2.45850,0.75060,0.02840,0,0,0,2444,5,0,1024,1024,0,1549,0
1754,3.78140,0.20900,2.64580,0.89450,0.03140,0,0,0,2444,5,0,1024,1024,0,1549,0
1755,3.77280,0.22930,2.77420,0.74450,0.02410,0,0,0,2444,5,0,1024,1024,0,1549,0
1756,4.80490,1.67870,2.32010,0.77860,0.02660,0,0,0,2444,5,0,1024,1024,0,1549,0
1757,3.15240,0.18900,2.23200,0.70270,0.02780,0,0,0,2444,5,0,1024,1024,0,1549,0
1758,3.22510,0.19850,2.28570,0.71750,0.02250,0,0,0,2444,5,0,1024,1024,0,1549,0
1759,3.16600,0.17860,2.22240,0.74160,0.02270,0,0,0,2444,5,0,1024,1024,0,1549,0
1760,3.58490,0.20060,2.44860,0.90830,0.02670,0,0,0,2444,5,0,1024,1024,0,1549,0
1761,3.30850,0.22390,2.32300,0.73510,0.02600,0,0,0,2444,5,0,1024,1024,0,1549,0
1762,3.27490,0.19540,2.17330,0.88310,0.02230,0,0,0,2444,5,0,1024,1024,0,1549,0
1763,3.10500,0.18760,2.16910,0.72420,0.02310,0,0,0,2444,5,0,1024,1024,0,1549,0
1764,3.42620,0.22360,2.35010,0.82310,0.02850,0,0,0,2444,5,0,1024,1024,0,1549,0
1765,3.26460,0.20650,2.27540,0.75100,0.03080,0,0,0,2444,5,0,1024,1024,0,1549,0
1766,3.20480,0.20940,2.23220,0.74050,0.02200,0,0,0,2444,5,0,1024,1024,0,1549,0
1767,3.32160,0.22480,2.28260,0.78860,0.02470,0,0,0,2444,5,0,1024,1024,0,1549,0
1768,3.24310,0.22430,2.22250,0.77350,0.02200,0,0,0,2444,5,0,1024,1024,0,1549,0
1769,3.09840,0.18630,2.16670,0.71730,0.02760,0,0,0,2444,5,0,1024,1024,0,1549,0
1770,3.15720,0.18920,2.17370,0.77100,0.02230,0,0,0,2444,5,0,1024,1024,0,1549,0
1771,4.80470,1.74050,2.25980,0.77480,0.02760,0,0,0,2444,5,0,1024,1024,0,1549,0
1772,3.16330,0.20450,2.21630,0.72190,0.01980,0,0,0,2444,5,0,1024,1024,0,1549,0
1773,3.20750,0.22290,2.17760,0.77870,0.02750,0,0,0,2444,5,0,1024,1024,0,1549,0
1774,3.44570,0.21520,2.29230,0.88460,0.03560,0,0,0,2444,5,0,1024,1024,0,1549,0
1775,3.15080,0.18700,2.20100,0.73520,0.02680,0,0,0,2444,5,0,1024,1024,0,1549,0
1776,3.36080,0.22550,2.34200,0.76280,0.02930,0,0,0,2444,5,0,1024,1024,0,1549,0
1777,3.23570,0.18860,2.24390,0.77270,0.02910,0,0,0,2444,5,0,1024,1024,0,1549,0
1778,4.10390,0.20690,3.12720,0.74230,0.02650,0,0,0,2444,5,0,1024,1024,0,1549,0
1779,3.30810,0.18790,2.31530,0.77770,0.02630,0,0,0,2444,5,0,1024,1024,0,1549,0
1780,3.40470,0.18640,2.44080,0.74750,0.02940,0,0,0,2444,5,0,1024,1024,0,1549,0
1781,3.36300,0.21400,2.35700,0.76530,0.02590,0,0,0,2444,5,0,1024,1024,0,1549,0
1782,3.25300,0.22320,2.24480,0.75450,0.03000,0,0,0,2444,5,0,1024,1024,0,1549,0
1783,3.20440,0.26280,2.19180,0.72130,0.02770,0,0,0,2444,5,0,1024,1024,0,1549,0
1784,3.27050,0.22510,2.23810,0.78480,0.02130,0,0,0,2444,5,0,1024,1024,0,1549,0
1785,3.18540,0.22450,2.19460,0.74210,0.02300,0,0,0,2444,5,0,1024,1024,0,1549,0
1786,4.71590,1.78970,2.19320,0.71000,0.02220,0,0,0,2444,5,0,1024,1024,0,1549,0
1787,3.09610,0.18860,2.15910,0.72630,0.02150,0,0,0,2444,5,0,1024,1024,0,1549,0
1788,3.23090,0.21000,2.23210,0.76300,0.02530,0,0,0,2444,5,0,1024,1024,0,1549,0
1789,3.29190,0.22070,2.30490,0.73890,0.02660,0,0,0,2444,5,0,1024,1024,0,1549,0
1790,3.11000,0.19450,2.17110,0.72010,0.02360,0,0,0,2444,5,0,1024,1024,0,1549,0
1791,3.11800,0.22500,2.17140,0.69930,0.02160,0,0,0,2444,5,0,1024,1024,0,1549,0
1792,3.24790,0.22270,2.18040,0.81640,0.02760,0,0,0,2444,5,0,1024,1024,0,1549,0
1793,3.15650,0.18480,2.15840,0.78890,0.02370,0,0,0,2444,5,0,1024,1024,0,1549,0
1794,3.24960,0.21190,2.28270,0.73080,0.02360,0,0,0,2444,5,0,1024,1024,0,1549,0
1795,3.17290,0.22530,2.14030,0.78510,0.02160,0,0,0,2444,5,0,1024,1024,0,1549,0
1796,3.07220,0.21470,2.12310,0.71180,0.02190,0,0,0,2444,5,0,1024,1024,0,1549,0
1797,3.12950,0.18340,2.13740,0.78630,0.02170,0,0,0,2444,5,0,1024,1024,0,1549,0
1798,3.16460,0.21820,2.17250,0.74670,0.02650,0,0,0,2444,5,0,1024,1024,0,1549,0
1799,3.17480,0.19050,2.15660,0.80380,0.02280,0,0,0,2444,5,0,1024,1024,0,1549,0
1800,3.09510,0.18550,2.18250,0.70290,0.02330,0,0,0,2444,5,0,1024,1024,0,1549,0
