tick,total_ms,navigation_ms,neighbors_ms,avoidance_ms,integration_ms,expanded,pending,failed,coarse,fallbacks,replans,first_arrived,current_arrived,never_ready,safety_pair_checks,limited
1,14.47290,9.30930,4.25500,0.88650,0.02080,519,994,0,16,0,0,0,0,994,1534,0
2,9.27650,4.04620,4.39040,0.81670,0.02230,551,978,0,32,0,0,0,0,978,1534,0
3,8.83130,3.65660,4.21310,0.93900,0.02190,436,962,0,48,0,0,0,0,962,1538,0
4,8.32680,3.78870,3.69640,0.82520,0.01550,363,946,0,64,0,0,0,0,946,1541,0
5,8.18120,3.73520,3.52980,0.89660,0.01860,437,930,0,80,0,0,0,0,930,1542,0
6,7.85960,3.46700,3.50260,0.83950,0.04970,348,914,0,96,0,0,0,0,914,1537,0
7,7.53600,3.75410,2.92190,0.83870,0.02020,502,898,0,112,0,0,0,0,898,1543,0
8,7.99230,3.61910,3.49550,0.86160,0.01540,610,883,0,128,0,0,0,0,882,1534,0
9,8.33150,3.75250,3.49830,1.05260,0.02710,615,867,0,144,0,0,0,0,866,1534,0
10,8.53520,3.71210,3.99860,0.79530,0.02840,646,851,0,160,0,0,0,0,850,1542,0
11,8.87680,3.79030,4.18340,0.88170,0.02040,482,835,0,176,0,0,0,0,834,1539,0
12,7.13130,3.34080,2.93870,0.83390,0.01700,377,819,0,192,0,0,0,0,818,1536,0
13,7.13230,3.37350,2.86730,0.87020,0.02030,406,804,0,208,0,0,0,0,802,1546,0
14,8.31660,3.59380,3.86020,0.84620,0.01560,498,789,0,224,0,0,0,0,786,1541,0
15,7.55330,3.76480,2.93400,0.83680,0.01690,676,773,0,240,0,0,0,0,770,1541,0
16,9.02220,5.13840,2.94310,0.92100,0.01850,653,759,0,256,0,0,0,0,754,1551,0
17,6.89950,3.27080,2.80350,0.80080,0.02360,423,745,0,272,0,0,0,0,738,1558,0
18,7.02350,3.40720,2.76890,0.82810,0.01850,400,729,0,288,0,0,0,0,722,1558,0
19,7.59600,3.72820,2.97740,0.85090,0.01860,609,714,0,304,0,0,0,0,706,1555,0
20,7.86030,3.97430,2.99120,0.87310,0.02030,715,699,0,320,0,0,0,0,690,1560,0
21,7.17550,3.59700,2.68550,0.87120,0.02080,392,683,0,336,0,0,0,0,674,1548,0
22,7.20110,3.34630,2.93050,0.90460,0.01900,471,667,0,352,0,0,0,0,658,1531,0
23,8.22460,3.45820,3.83650,0.91020,0.01860,476,652,0,368,0,0,0,0,642,1564,0
24,7.44380,3.55030,2.92140,0.94810,0.02320,535,636,0,384,0,0,0,0,626,1571,0
25,6.83310,3.40490,2.58010,0.82750,0.01990,526,621,0,400,0,0,0,0,610,1585,0
26,6.86970,3.38750,2.65320,0.80680,0.02150,499,605,0,416,0,0,0,0,594,1585,0
27,6.88380,3.45520,2.62060,0.79000,0.01730,578,590,0,432,0,0,0,0,578,1590,0
28,6.89100,3.43810,2.60450,0.82580,0.02190,431,575,0,448,0,0,0,0,562,1594,0
29,6.83080,3.34940,2.61320,0.85020,0.01720,370,559,0,464,0,0,0,0,546,1593,0
30,6.96850,3.47640,2.64950,0.81990,0.02160,473,545,0,480,0,0,0,0,530,1609,0
31,13.66630,10.14190,2.65250,0.84920,0.02170,1705,530,0,496,1,0,0,0,514,1618,0
32,7.63720,4.08440,2.63940,0.88130,0.03130,551,514,0,511,1,0,0,0,498,1633,0
33,8.06790,3.46660,3.63520,0.94170,0.02350,474,499,0,527,1,0,0,0,482,1640,0
34,6.93110,3.56240,2.52540,0.81930,0.02310,576,483,0,543,1,0,0,0,466,1652,0
35,7.08270,3.62550,2.54220,0.88750,0.02640,651,469,0,559,1,0,0,0,450,1667,0
36,6.98030,3.51120,2.58400,0.86050,0.02390,544,455,0,575,1,0,0,0,434,1684,0
37,6.86960,3.52660,2.45980,0.85870,0.02370,449,440,0,591,1,0,0,0,418,1680,0
38,7.00130,3.55180,2.50760,0.91500,0.02590,651,425,0,607,1,0,0,0,402,1666,0
39,6.90690,3.60160,2.42590,0.85730,0.02130,597,409,0,623,1,0,0,0,386,1660,0
40,7.16110,3.56940,2.57550,0.96330,0.05190,523,393,0,639,1,0,0,0,370,1657,0
41,6.94780,3.52630,2.55800,0.83850,0.02420,449,378,0,655,1,0,0,0,354,1666,0
42,7.20990,3.65220,2.63000,0.90420,0.02250,617,362,0,671,1,0,0,0,338,1677,0
43,6.92910,3.57870,2.40620,0.91930,0.02400,512,346,0,687,1,0,0,0,322,1690,0
44,7.23100,3.51810,2.76270,0.92360,0.02570,504,331,0,703,1,0,0,0,306,1712,0
45,6.65550,3.40710,2.32610,0.89320,0.02810,364,315,0,719,1,0,0,0,290,1734,0
46,8.59430,4.93720,2.63290,0.99650,0.02670,538,300,0,735,1,0,0,0,274,1743,0
47,6.92870,3.62750,2.36700,0.90700,0.02630,522,287,0,751,1,0,0,0,258,1798,0
48,6.92490,3.33220,2.63610,0.93070,0.02510,432,272,0,767,1,0,0,0,242,1821,0
49,7.28190,3.51560,2.75460,0.98780,0.02280,445,256,0,783,1,0,0,0,226,1839,0
50,6.85370,3.53530,2.33000,0.96110,0.02660,450,244,0,799,1,0,0,0,210,1865,0
51,6.95100,3.53790,2.42680,0.96460,0.02060,446,228,0,815,1,0,0,0,194,1853,0
52,13.72820,10.42910,2.33250,0.94520,0.02080,2502,214,0,831,2,0,0,0,178,1871,0
53,9.92890,6.49000,2.47510,0.93990,0.02310,1233,199,0,846,2,0,0,0,162,1899,0
54,6.85350,3.36880,2.45870,1.00330,0.02180,475,183,0,862,2,0,0,0,146,1911,0
55,7.03990,3.55460,2.44010,1.02060,0.02380,533,168,0,878,2,0,0,0,130,1965,0
56,11.27250,7.73770,2.49050,1.02000,0.02330,1647,152,0,894,3,0,0,0,114,2000,0
57,20.64560,17.06890,2.48240,1.06760,0.02580,4096,138,0,908,3,0,0,0,100,2040,0
58,20.01010,16.59630,2.42190,0.96970,0.02150,4096,125,0,923,3,0,0,0,85,2066,0
59,19.33690,15.72450,2.54280,1.04200,0.02690,4096,111,0,937,3,0,0,0,71,2100,0
60,18.81540,15.24630,2.41270,1.11950,0.03610,4096,98,0,951,3,0,0,0,57,2117,0
61,24.21410,17.37360,5.60730,1.21270,0.01940,4096,85,0,966,3,0,0,0,42,2139,0
62,21.05840,15.30530,4.62830,1.09910,0.02470,4096,70,0,981,3,0,0,0,27,2174,0
63,20.56840,16.01640,3.51720,1.00840,0.02520,4096,59,0,996,3,0,0,0,12,2159,0
64,22.60370,15.83780,5.35810,1.37360,0.03290,4096,55,0,1004,4,0,0,0,4,2162,0
65,19.39290,15.45990,2.93360,0.98030,0.01840,4096,54,0,1007,4,0,0,0,1,2188,0
66,19.19390,15.22580,2.88800,1.04840,0.03060,4096,40,0,1022,4,0,0,0,1,2235,0
67,19.70920,15.70620,2.98570,0.99470,0.02150,4096,25,0,1037,4,0,0,0,1,2244,0
68,20.86910,15.64760,4.12810,1.06970,0.02240,4096,10,0,1052,4,0,0,0,1,2295,0
69,18.84410,14.78870,2.94850,1.08110,0.02480,4096,1,0,1064,4,0,0,0,1,2341,0
70,17.64390,13.48030,3.03940,1.09240,0.03070,4096,1,0,1066,4,0,0,0,1,2382,0
71,18.70520,13.40070,4.20820,1.05840,0.03680,4096,1,0,1067,4,0,0,0,1,2410,0
72,18.04260,13.98610,2.97070,1.06310,0.02180,4096,1,0,1067,4,0,0,0,1,2459,0
73,20.86380,15.75500,4.03160,1.05390,0.02190,4096,1,0,1068,4,0,0,0,1,2542,0
74,19.38070,15.02320,2.93230,1.40300,0.02130,4096,0,0,1068,4,0,0,0,0,2597,0
75,5.10780,0.81940,3.12690,1.13990,0.02090,18,0,0,1069,4,0,0,0,0,2649,0
76,6.49610,2.44490,2.95100,1.08200,0.01760,25,0,0,1070,4,0,0,0,0,2684,0
77,5.29410,0.76800,3.36710,1.13710,0.01860,27,0,0,1071,4,0,0,0,0,2695,0
78,5.96330,1.55700,3.20950,1.17890,0.01700,216,0,0,1075,4,0,0,0,0,2706,0
79,5.00540,0.73150,3.19800,1.04990,0.02510,49,0,0,1076,4,0,0,0,0,2740,0
80,5.82310,0.59260,4.06640,1.14060,0.02280,0,0,0,1076,4,0,0,0,0,2753,0
81,5.26130,1.17280,2.94700,1.11820,0.02240,88,0,0,1079,4,0,0,0,0,2813,0
82,5.33900,1.20850,2.95470,1.15580,0.01920,50,0,0,1082,4,0,0,0,0,2831,0
83,5.19500,1.00260,3.03640,1.13270,0.02270,80,0,0,1084,4,0,0,0,0,2891,0
84,5.15340,1.10010,2.82720,1.20370,0.02150,52,0,0,1086,4,0,0,0,0,2927,0
85,5.50500,1.26640,3.09870,1.10220,0.03660,38,0,0,1089,4,0,0,0,0,2960,0
86,5.53990,1.35000,2.93830,1.22730,0.02350,78,0,0,1092,4,0,0,0,0,3011,0
87,4.39600,0.49380,2.71290,1.12470,0.06380,0,0,0,1092,4,0,0,0,0,3036,0
88,5.17230,1.21070,2.76510,1.16600,0.02940,59,0,0,1094,4,0,0,0,0,3093,0
89,4.68570,0.62630,2.92660,1.10420,0.02770,0,0,0,1094,4,0,0,0,0,3098,0
90,6.25410,2.25100,2.82960,1.12230,0.05020,202,0,0,1101,4,0,0,0,0,3168,0
91,7.85810,3.25550,3.16650,1.39850,0.03590,50,0,0,1103,4,0,0,0,0,3198,0
92,6.37020,0.95010,4.09730,1.29290,0.02870,38,0,0,1104,4,0,0,0,0,3237,0
93,6.68960,1.27130,4.06590,1.32880,0.02310,52,0,0,1106,4,0,0,0,0,3284,0
94,6.34540,2.07030,3.06920,1.18420,0.02040,143,0,0,1111,4,0,0,0,0,3346,0
95,5.05040,0.54720,3.28160,1.18850,0.03230,0,0,0,1111,4,0,0,0,0,3393,0
96,6.36350,1.47100,3.58710,1.26190,0.04220,88,0,0,1114,4,0,0,0,0,3398,0
97,6.61540,1.82160,3.53820,1.23260,0.02180,91,0,0,1118,4,0,0,0,0,3438,0
98,5.84390,1.27870,3.32650,1.21510,0.02260,76,0,0,1121,4,0,0,0,0,3479,0
99,5.88770,1.05850,3.59770,1.19380,0.03560,48,0,0,1123,4,0,0,0,0,3504,0
100,6.89170,1.40530,4.17670,1.27350,0.03540,42,0,0,1126,4,0,0,0,0,3556,0
101,5.82380,1.16030,3.35550,1.26560,0.04120,46,0,0,1128,4,0,0,0,0,3656,0
102,5.95980,0.56350,4.06430,1.29380,0.03710,0,0,0,1128,4,0,0,0,0,3677,0
103,5.13830,0.91680,3.00510,1.19340,0.02210,21,0,0,1129,4,0,0,0,0,3722,0
104,5.79500,1.86810,2.75960,1.14010,0.02620,128,0,0,1134,4,0,0,0,0,3756,0
105,4.93080,1.00670,2.77020,1.12010,0.03270,36,0,0,1136,4,0,0,0,0,3766,0
106,6.77070,2.51770,2.94610,1.27670,0.02860,103,0,0,1139,4,0,0,0,0,3831,0
107,5.15540,1.12120,2.81260,1.18930,0.03170,43,0,0,1141,4,0,0,0,0,3865,0
108,5.58170,1.45830,2.83430,1.25830,0.02980,66,0,0,1144,4,0,0,0,0,3910,0
109,6.20310,2.02940,2.82570,1.30700,0.03970,139,0,0,1150,4,0,0,0,0,3974,0
110,5.35100,1.25320,2.84670,1.20900,0.04090,125,0,0,1153,4,0,0,0,0,3991,0
111,6.13420,1.99670,2.87920,1.21840,0.03910,160,0,0,1159,4,0,0,0,0,3979,0
112,4.77990,0.68750,2.82100,1.23660,0.03380,12,0,0,1160,4,0,0,0,0,3997,0
113,5.16740,1.18150,2.70070,1.25880,0.02510,46,0,0,1162,4,0,0,0,0,3981,0
114,4.81030,0.86700,2.77340,1.14240,0.02640,24,0,0,1163,4,0,0,0,0,3995,0
115,5.55420,1.49550,2.79670,1.22850,0.03240,56,0,0,1166,4,0,0,0,0,4055,0
116,5.94120,1.77800,2.89650,1.23200,0.03330,118,0,0,1170,4,0,0,0,0,4098,0
117,4.79190,0.52470,2.96780,1.27460,0.02390,0,0,0,1170,4,0,0,0,0,4120,0
118,4.97780,0.85380,2.82740,1.27080,0.02440,18,0,0,1171,4,0,0,0,0,4137,0
119,5.13440,1.19350,2.71750,1.19700,0.02530,68,0,0,1173,4,0,0,0,0,4149,0
120,6.02580,1.92540,2.79210,1.27330,0.03400,85,0,0,1178,4,0,0,0,0,4244,0
121,8.54580,3.43310,3.77970,1.31020,0.02100,102,0,0,1182,4,0,0,0,0,4303,0
122,6.76560,1.03940,4.30460,1.40050,0.02010,40,0,0,1184,4,0,0,0,0,4341,0
123,6.67680,1.13080,4.04140,1.48600,0.01790,57,0,0,1187,4,0,0,0,0,4363,0
124,6.73680,1.36060,4.01630,1.34210,0.01710,87,0,0,1191,4,0,0,0,0,4322,0
125,6.45870,1.33340,3.71170,1.39260,0.02030,80,0,0,1195,4,0,0,0,0,4382,0
126,6.29900,1.11880,3.73880,1.42230,0.01840,73,0,0,1198,4,0,0,0,0,4417,0
127,6.60700,0.77540,4.20260,1.60960,0.01860,17,0,0,1199,4,0,0,0,0,4451,0
128,5.98130,1.03450,3.35970,1.56920,0.01710,55,0,0,1201,4,0,0,0,0,4558,0
129,5.83780,0.79750,3.71810,1.30350,0.01810,18,0,0,1202,4,0,0,0,0,4546,0
130,6.61160,1.95870,3.47970,1.15190,0.02070,145,0,0,1210,4,0,0,0,0,4539,0
131,6.48270,1.93870,3.24120,1.27790,0.02350,140,0,0,1215,4,0,0,0,0,4523,0
132,6.04630,1.30770,3.43640,1.28100,0.02010,142,0,0,1218,4,0,0,0,0,4566,0
133,6.94830,1.93830,3.28330,1.70460,0.02130,106,0,0,1223,4,0,0,0,0,4641,0
134,5.85250,1.43160,3.12570,1.27470,0.01940,93,0,0,1227,4,0,0,0,0,4731,0
135,6.67870,1.55650,3.70610,1.39180,0.02360,108,0,0,1233,4,0,0,0,0,4773,0
136,8.64850,2.96390,4.21270,1.42980,0.04130,91,0,0,1237,4,0,0,0,0,4783,0
137,5.31360,0.85020,3.08310,1.35330,0.02620,32,0,0,1239,4,0,0,0,0,4764,0
138,6.09790,1.55100,3.13770,1.38380,0.02440,72,0,0,1243,4,0,0,0,0,4842,0
139,6.35310,1.13230,3.69830,1.49610,0.02520,36,0,0,1245,4,0,0,0,0,4858,0
140,5.55350,1.13490,3.12050,1.27340,0.02370,89,0,0,1247,4,0,0,0,0,4873,0
141,5.48370,1.19820,2.90100,1.35320,0.02940,31,0,0,1249,4,0,0,0,0,4913,0
142,5.61110,1.18120,3.05510,1.35160,0.02170,32,0,0,1251,4,0,0,0,0,4882,0
143,5.24980,0.91740,2.95700,1.35020,0.02340,15,0,0,1252,4,0,0,0,0,4922,0
144,5.15070,0.86790,2.89990,1.34200,0.03930,21,0,0,1253,4,0,0,0,0,4997,0
145,6.84510,2.72730,2.85500,1.23720,0.02420,180,0,0,1263,4,0,0,0,0,4958,0
146,5.56460,1.41650,2.86670,1.25270,0.02760,124,0,0,1267,4,0,0,0,0,4974,0
147,5.11410,0.90580,2.95720,1.22730,0.02250,56,0,0,1269,4,0,0,0,0,5001,0
148,6.30630,2.04760,2.96560,1.27010,0.02200,162,0,0,1277,4,0,0,0,0,5008,0
149,5.84660,1.49890,2.98300,1.33810,0.02560,76,0,0,1281,4,0,0,0,0,5058,0
150,5.89290,1.60690,2.92170,1.34160,0.02190,111,0,0,1287,4,0,0,0,0,5077,0
151,8.46530,2.77250,4.21770,1.44200,0.03170,45,0,0,1289,4,0,0,0,0,5108,0
152,7.99600,1.82920,4.67990,1.46360,0.02250,116,0,0,1295,4,0,0,0,0,5165,0
153,6.58340,1.14600,4.09600,1.31950,0.02120,32,0,0,1297,4,0,0,0,0,5218,0
154,5.92730,1.12510,3.48410,1.29100,0.02580,52,0,0,1299,4,0,0,0,0,5213,0
155,6.45740,1.57820,3.47220,1.38670,0.01930,142,0,0,1304,4,0,0,0,0,5260,0
156,6.93940,2.04760,3.51740,1.35150,0.02220,139,0,0,1312,4,0,0,0,0,5265,0
157,5.72930,1.06820,3.28670,1.34690,0.02640,45,0,0,1315,4,0,0,0,0,5216,0
158,5.70120,1.03010,3.36190,1.27950,0.02870,51,0,0,1317,4,0,0,0,0,5214,0
159,5.88370,1.14060,3.29920,1.41990,0.02300,68,0,0,1320,4,0,0,0,0,5301,0
160,6.44460,1.67300,3.31520,1.41680,0.03850,108,0,0,1326,4,0,0,0,0,5357,0
161,6.51400,0.83910,4.16510,1.46890,0.03980,26,0,0,1328,4,0,0,0,0,5400,0
162,5.38650,0.51790,3.50760,1.33870,0.02140,0,0,0,1328,4,0,0,0,0,5420,0
163,6.71530,1.90930,3.42530,1.35590,0.02380,110,0,0,1334,4,0,0,0,0,5452,0
164,6.46110,1.68380,3.34430,1.41010,0.02200,149,0,0,1340,4,0,0,0,0,5467,0
165,6.20820,1.73970,3.16250,1.28140,0.02350,124,0,0,1346,4,0,0,0,0,5439,0
166,6.96390,2.59910,3.05770,1.28230,0.02360,57,0,0,1349,4,0,0,0,0,5462,0
167,5.66060,1.20440,3.01120,1.41870,0.02540,47,0,0,1352,4,0,0,0,0,5491,0
168,5.53860,1.10960,3.02700,1.37890,0.02220,61,0,0,1355,4,0,0,0,0,5497,0
169,5.13920,0.69360,3.05340,1.36690,0.02440,36,0,0,1356,4,0,0,0,0,5517,0
170,5.54730,1.14160,3.03170,1.34840,0.02430,59,0,0,1359,4,0,0,0,0,5513,0
171,5.90740,1.46950,3.05080,1.36450,0.02150,134,0,0,1364,4,0,0,0,0,5561,0
172,5.24580,0.81460,3.03170,1.37140,0.02730,43,0,0,1366,4,0,0,0,0,5551,0
173,5.70050,1.28930,3.03000,1.35630,0.02390,84,0,0,1370,4,0,0,0,0,5571,0
174,5.32030,0.84320,3.05450,1.39710,0.02470,50,0,0,1372,4,0,0,0,0,5631,0
175,5.98780,1.51260,3.10880,1.34350,0.02190,141,0,0,1377,4,0,0,0,0,5693,0
176,4.88320,0.44720,3.03520,1.37980,0.02000,0,0,0,1377,4,0,0,0,0,5783,0
177,5.59000,1.16760,3.01840,1.38420,0.01920,56,0,0,1380,4,0,0,0,0,5770,0
178,5.25990,0.88370,2.96600,1.38680,0.02260,39,0,0,1382,4,0,0,0,0,5882,0
179,6.06090,1.57540,3.07410,1.38470,0.02540,157,0,0,1388,4,0,0,0,0,5917,0
180,5.55850,1.14110,3.06590,1.32510,0.02540,74,0,0,1392,4,0,0,0,0,5897,0
181,9.06370,2.66540,4.96930,1.40560,0.02240,49,0,0,1394,4,0,0,0,0,5958,0
182,8.87110,1.66580,5.46250,1.72230,0.01950,80,0,0,1399,4,0,0,0,0,6008,0
183,8.97060,1.38450,5.49820,2.06290,0.02410,70,0,0,1403,4,0,0,0,0,6040,0
184,7.51380,1.18610,4.75180,1.54690,0.02830,104,0,0,1406,4,0,0,0,0,6090,0
185,7.96630,1.66840,4.75000,1.52860,0.01870,95,0,0,1412,4,0,0,0,0,6142,0
186,7.27640,1.69230,4.12550,1.41400,0.04380,137,0,0,1418,4,0,0,0,0,6198,0
187,6.82530,0.97080,4.02650,1.80380,0.02350,53,0,0,1420,4,0,0,0,0,6126,0
188,6.47040,0.98620,4.08620,1.37530,0.02190,48,0,0,1422,4,0,0,0,0,6103,0
189,6.27820,0.76030,4.11100,1.38950,0.01650,18,0,0,1423,4,0,0,0,0,6170,0
190,6.53480,1.07160,4.08930,1.35470,0.01850,50,0,0,1426,4,0,0,0,0,6234,0
191,6.33470,1.13310,3.77000,1.41460,0.01630,46,0,0,1429,4,0,0,0,0,6191,0
192,6.95400,1.42820,4.06740,1.41010,0.04750,103,0,0,1434,4,0,0,0,0,6275,0
193,6.77510,1.30030,4.06190,1.39050,0.02130,51,0,0,1438,4,0,0,0,0,6282,0
194,6.73820,1.60160,3.68430,1.43120,0.01950,162,0,0,1444,4,0,0,0,0,6315,0
195,7.17430,1.61740,4.05800,1.48050,0.01770,89,0,0,1450,4,0,0,0,0,6323,0
196,7.61490,2.01060,4.08960,1.49710,0.01660,20,0,0,1451,4,0,0,0,0,6352,0
197,6.90410,1.62280,3.82770,1.43180,0.02080,87,0,0,1457,4,0,0,0,0,6394,0
198,6.22400,0.88980,3.88790,1.40800,0.03750,36,0,0,1459,4,0,0,0,0,6468,0
199,6.75050,1.24910,4.09240,1.38020,0.02750,128,0,0,1463,4,0,0,0,0,6471,0
200,6.66020,1.18700,3.92160,1.52400,0.02620,34,0,0,1465,4,0,0,0,0,6489,0
201,6.93260,1.94200,3.52200,1.44410,0.02320,100,0,0,1470,4,0,0,0,0,6516,0
202,5.49310,0.50120,3.42580,1.53790,0.02670,0,0,0,1470,4,0,0,0,0,6592,0
203,6.83940,2.00000,3.32610,1.48230,0.03000,106,0,0,1476,4,0,0,0,0,6637,0
204,6.44720,1.52840,3.37790,1.49990,0.03990,91,0,0,1480,4,0,0,0,0,6667,0
205,6.48850,1.60780,3.29390,1.56690,0.01900,97,0,0,1485,4,0,0,0,0,6684,0
206,6.54720,1.72060,3.29900,1.50180,0.02450,88,0,0,1491,4,0,0,0,0,6751,0
207,5.73660,0.94350,3.30880,1.45590,0.02760,37,0,0,1493,4,0,0,0,0,6786,0
208,5.91100,1.26010,3.17160,1.45530,0.02340,71,0,0,1497,4,0,0,0,0,6844,0
209,5.86560,1.01860,3.43630,1.38070,0.02900,129,0,0,1500,4,0,0,0,0,6874,0
210,5.53560,1.04310,3.02810,1.43920,0.02400,45,0,0,1503,4,0,0,0,0,6879,0
211,11.31200,3.12660,6.40250,1.74650,0.03530,86,0,0,1508,4,0,0,0,0,6849,0
212,8.69530,1.95220,5.07900,1.64260,0.02060,176,0,0,1515,4,0,0,0,0,6877,0
213,7.55720,1.58220,4.39470,1.55870,0.02050,99,0,0,1520,4,0,0,0,0,6919,0
214,7.47980,1.29770,4.61860,1.53910,0.02350,70,0,0,1524,4,0,0,0,0,7005,0
215,6.86950,0.79150,4.39210,1.66010,0.02490,15,0,0,1525,4,0,0,0,0,7037,0
216,7.28190,1.30360,4.41110,1.53520,0.03130,52,0,0,1529,4,0,0,0,0,7110,0
217,6.09810,0.65800,3.87290,1.54130,0.02510,11,0,0,1530,4,0,0,0,0,7210,0
218,7.35610,1.57910,4.27100,1.48600,0.01920,99,0,0,1536,4,0,0,0,0,7302,0
219,7.31340,1.59340,4.20840,1.48170,0.02900,123,0,0,1542,4,0,0,0,0,7330,0
220,6.50920,0.82760,4.08000,1.58340,0.01750,31,0,0,1544,4,0,0,0,0,7358,0
221,6.51420,1.09100,3.86740,1.53740,0.01760,42,0,0,1547,4,0,0,0,0,7363,0
222,6.69270,0.80950,4.28070,1.58380,0.01790,28,0,0,1549,4,0,0,0,0,7434,0
223,6.67840,0.83670,4.25280,1.57100,0.01710,24,0,0,1551,4,0,0,0,0,7470,0
224,6.71200,1.13810,3.98790,1.56120,0.02400,40,0,0,1555,4,0,0,0,0,7591,0
225,6.29090,0.83090,3.87130,1.56870,0.01920,34,0,0,1557,4,0,0,0,0,7681,0
226,7.98110,2.65940,3.78990,1.51000,0.02090,72,0,0,1561,4,0,0,0,0,7671,0
227,6.13450,0.69940,3.88070,1.53030,0.02340,22,0,0,1562,4,0,0,0,0,7750,0
228,6.03220,0.68540,3.85540,1.46540,0.02510,16,0,0,1563,4,0,0,0,0,7731,0
229,6.84860,1.21490,4.06180,1.55160,0.01970,110,0,0,1567,4,0,0,0,0,7814,0
230,5.93000,0.62870,3.77500,1.50250,0.02300,15,0,0,1568,4,0,0,0,0,7810,0
231,6.16100,1.16560,3.43720,1.53500,0.02230,62,0,0,1571,4,0,0,0,0,7855,0
232,5.66960,0.62520,3.48120,1.53910,0.02320,10,0,0,1572,4,0,0,0,0,7927,0
233,6.86240,1.64670,3.66270,1.52970,0.02230,100,0,0,1578,4,0,0,0,0,7890,0
234,6.72950,1.64480,3.49800,1.56390,0.02200,101,0,0,1585,4,0,0,0,0,7885,0
235,5.82520,0.93000,3.37640,1.49680,0.02100,52,0,0,1588,4,0,0,0,0,7945,0
236,5.76910,0.74250,3.51780,1.48150,0.02660,17,0,0,1590,4,0,0,0,0,7958,0
237,6.62850,1.69280,3.37850,1.53440,0.02200,95,0,0,1597,4,0,0,0,0,8033,0
238,6.00490,0.82270,3.57350,1.57090,0.03710,17,0,0,1599,4,0,0,0,0,8083,0
239,6.36490,1.25240,3.49610,1.56160,0.05390,52,0,0,1604,4,0,0,0,0,8132,0
240,5.98110,0.91330,3.52220,1.52240,0.02240,34,0,0,1606,4,0,0,0,0,8215,0
241,10.01180,3.51690,4.73780,1.72710,0.02810,90,0,0,1611,4,0,0,0,0,8225,0
242,7.93140,1.02670,4.65960,2.22360,0.02060,44,0,0,1614,4,0,0,0,0,8346,0
243,7.66460,1.57220,4.34290,1.73020,0.01820,83,0,0,1620,4,0,0,0,0,8359,0
244,7.40530,1.27880,4.47610,1.63120,0.01850,99,0,0,1624,4,0,0,0,0,8315,0
245,7.63570,1.48330,4.44910,1.67920,0.02320,82,0,0,1629,4,0,0,0,0,8423,0
246,7.24770,1.31540,4.27920,1.63360,0.01850,56,0,0,1634,4,0,0,0,0,8457,0
247,7.29460,1.25100,4.40130,1.61960,0.02200,63,0,0,1638,4,0,0,0,0,8518,0
248,7.85350,1.68670,4.41200,1.72910,0.02470,131,0,0,1645,4,0,0,0,0,8564,0
249,7.24330,1.03740,4.43020,1.75250,0.02240,48,0,0,1648,4,0,0,0,0,8588,0
250,7.16670,0.88510,4.60020,1.65980,0.02100,37,0,0,1650,4,0,0,0,0,8619,0
251,7.44020,1.18540,4.47940,1.75510,0.01970,77,0,0,1654,4,0,0,0,0,8671,0
252,7.87390,1.57200,4.42960,1.83000,0.04140,74,0,0,1660,4,0,1,1,0,8658,0
253,7.23330,1.11760,4.42210,1.67030,0.02240,88,0,0,1663,4,0,1,1,0,8646,0
254,7.12990,1.36330,4.02400,1.72170,0.02020,63,0,0,1668,4,0,1,1,0,8722,0
255,6.98040,1.19640,4.14810,1.61550,0.01960,74,0,0,1672,4,0,1,1,0,8751,0
256,8.63770,2.75260,4.28080,1.57740,0.02570,85,0,0,1677,4,0,1,1,0,8865,0
257,7.21890,1.61680,3.99950,1.57880,0.02280,102,0,0,1684,4,0,1,1,0,8874,0
258,5.99270,0.78500,3.59490,1.59340,0.01870,27,0,0,1686,4,0,1,1,0,8862,0
259,6.58550,1.30440,3.68160,1.57300,0.02570,62,0,0,1691,4,0,1,1,0,8901,0
260,7.12030,1.69520,3.79500,1.61140,0.01790,97,0,0,1698,4,0,1,1,0,8865,0
261,7.03020,1.74520,3.73950,1.52130,0.02310,66,0,0,1703,4,0,1,1,0,8936,0
262,6.10410,0.79800,3.61360,1.66620,0.02520,30,0,0,1705,4,0,1,1,0,9024,0
263,6.15490,0.81570,3.64460,1.67060,0.02320,31,0,0,1707,4,0,1,1,0,9046,0
264,6.28110,0.94580,3.71280,1.60240,0.01940,29,0,0,1710,4,0,1,1,0,9121,0
265,6.08610,0.82270,3.57540,1.66010,0.02720,37,0,0,1712,4,0,1,1,0,9061,0
266,6.13410,0.81350,3.65770,1.63960,0.02240,21,0,0,1714,4,0,1,1,0,9132,0
267,6.32570,1.02290,3.65460,1.62320,0.02420,40,0,0,1717,4,0,1,1,0,9083,0
268,6.80450,1.61350,3.52470,1.64290,0.02260,154,0,0,1724,4,0,1,1,0,9137,0
269,6.43370,1.17990,3.68760,1.54060,0.02470,37,0,0,1729,4,0,1,1,0,9144,0
270,6.10690,0.83620,3.63810,1.61010,0.02160,28,0,0,1731,4,0,2,2,0,9253,0
271,11.54010,3.83810,5.81660,1.86060,0.02360,107,0,0,1740,4,0,2,2,0,9217,0
272,9.41200,1.16530,6.27370,1.93710,0.03510,68,0,0,1743,4,0,2,2,0,9251,0
273,8.02750,0.92230,4.87860,2.19150,0.03420,20,0,0,1745,4,0,2,2,0,9264,0
274,7.89480,1.22170,4.90290,1.68890,0.08050,43,0,0,1749,4,0,2,2,0,9247,0
275,7.88840,1.03440,4.95080,1.87870,0.02340,53,0,0,1752,4,0,2,2,0,9303,0
276,7.75170,1.51230,4.57720,1.64230,0.01900,68,0,0,1757,4,0,2,2,0,9282,0
277,7.96720,1.05060,4.68990,2.19260,0.03310,42,0,0,1760,4,0,2,2,0,9264,0
278,7.66750,1.21060,4.66560,1.76790,0.02240,47,0,0,1764,4,0,2,2,0,9300,0
279,7.72390,1.15380,4.36370,2.17900,0.02630,52,0,0,1767,4,0,2,2,0,9322,0
280,7.18240,0.78660,4.32460,2.04140,0.02890,5,0,0,1768,4,0,2,2,0,9314,0
281,8.09050,1.19930,4.73100,2.13490,0.02460,44,0,0,1771,4,0,2,2,0,9320,0
282,7.36570,1.04080,4.59200,1.71060,0.02150,23,0,0,1773,4,0,2,2,0,9378,0
283,8.01320,1.98560,4.42530,1.58250,0.01880,163,0,0,1781,4,0,2,2,0,9356,0
284,7.56950,1.28130,4.54980,1.71270,0.02460,87,0,0,1786,4,0,2,2,0,9333,0
285,7.26230,1.37070,4.16600,1.70160,0.02290,57,0,0,1791,4,0,3,3,0,9394,0
286,8.93470,2.69950,4.51950,1.69420,0.02070,57,0,0,1796,4,0,3,3,0,9427,0
287,7.40640,1.31270,4.39550,1.67250,0.02470,64,0,0,1801,4,0,3,3,0,9408,0
288,7.53440,1.47240,4.40700,1.63640,0.01790,95,0,0,1807,4,0,3,2,0,9424,0
289,7.84000,1.70730,4.53040,1.58280,0.01860,96,0,0,1814,4,0,3,2,0,9348,0
290,7.14130,1.30220,4.35850,1.45820,0.02150,82,0,0,1819,4,0,3,2,0,9382,0
291,6.70880,1.04590,4.06680,1.57180,0.02340,42,0,0,1823,4,0,3,2,0,9416,0
292,6.94770,1.11110,4.21550,1.60230,0.01810,50,0,0,1827,4,0,3,2,0,9411,0
293,6.23270,0.78530,3.80050,1.62720,0.01880,25,0,0,1829,4,0,3,2,0,9394,0
294,6.08660,0.80070,3.65750,1.59420,0.03330,47,0,0,1831,4,0,3,2,0,9350,0
295,5.84460,0.45220,3.76100,1.60360,0.02690,0,0,0,1831,4,0,3,3,0,9298,0
296,7.15420,1.52880,4.04280,1.55770,0.02390,86,0,0,1836,4,0,3,3,0,9218,0
297,6.16190,0.75910,3.81360,1.57060,0.01780,11,0,0,1838,4,0,4,4,0,9193,0
298,6.90420,1.52180,3.78590,1.57430,0.02140,91,0,0,1844,4,0,4,3,0,9215,0
299,6.69770,1.43330,3.66240,1.57520,0.02530,93,0,0,1849,4,0,4,4,0,9159,0
300,7.61090,1.51510,4.37690,1.69290,0.02490,62,0,0,1855,4,0,4,4,0,9143,0
301,11.95850,3.55350,6.48420,1.89700,0.02280,82,0,0,1862,4,0,4,4,0,9056,0
302,8.20110,0.95330,5.45820,1.76010,0.02860,30,0,0,1865,4,0,4,4,0,9092,0
303,9.36060,1.95220,5.55040,1.83280,0.02440,122,0,0,1873,4,0,5,5,0,9138,0
304,8.22140,1.00500,5.62860,1.56870,0.01820,44,0,0,1876,4,0,6,6,0,9124,0
305,8.57090,1.51180,4.83730,2.19590,0.02520,83,0,0,1881,4,0,7,7,0,9098,0
306,8.07320,1.49460,4.91730,1.63420,0.02610,74,0,0,1887,4,0,8,8,0,9092,0
307,8.66420,1.14000,5.89700,1.60140,0.02490,51,0,0,1891,4,0,9,8,0,8986,0
308,7.02450,0.84540,4.45500,1.70380,0.01930,31,0,0,1893,4,0,10,9,0,9023,0
309,7.65330,1.53050,4.38220,1.71750,0.02220,95,0,0,1899,4,0,10,9,0,8993,0
310,7.68880,1.48260,4.54080,1.64290,0.02170,97,0,0,1904,4,0,10,8,0,9003,0
311,7.03320,0.80000,4.40380,1.80370,0.02490,28,0,0,1906,4,0,10,8,0,8958,0
312,6.98210,0.92560,4.39570,1.64210,0.01800,18,0,0,1908,4,0,11,9,0,8952,0
313,7.41580,1.30440,4.44780,1.64200,0.02050,60,0,0,1912,4,0,11,9,0,8875,0
314,6.91570,1.20770,4.02600,1.66120,0.02000,55,0,0,1916,4,0,12,10,0,8781,0
315,7.09580,0.95980,4.49200,1.62250,0.02060,48,0,0,1919,4,0,12,11,0,8639,0
316,8.41750,2.62690,4.11070,1.64220,0.03700,47,0,0,1923,4,0,12,11,0,8620,0
317,6.71350,0.85300,4.29350,1.54590,0.02020,14,0,0,1925,4,0,13,12,0,8583,0
318,7.66140,1.82740,4.27390,1.53980,0.01960,120,0,0,1933,4,0,14,13,0,8564,0
319,6.68910,0.77980,4.36170,1.52810,0.01840,30,0,0,1935,4,0,14,13,0,8504,0
320,7.40100,1.49280,4.36370,1.52170,0.02190,87,0,0,1940,4,0,14,13,0,8522,0
321,7.16500,1.30110,4.35340,1.49130,0.01830,72,0,0,1945,4,0,14,13,0,8499,0
322,6.69180,0.82160,4.30510,1.54420,0.01990,37,0,0,1947,4,0,14,13,0,8467,0
323,6.79420,1.35670,3.88140,1.53340,0.02170,57,0,0,1952,4,0,15,14,0,8396,0
324,8.38270,2.46060,4.38720,1.51570,0.01850,174,0,0,1965,4,0,15,14,0,8382,0
325,6.67840,0.96200,4.14860,1.54710,0.01960,56,0,0,1968,4,0,15,13,0,8354,0
326,6.02580,1.01050,3.53250,1.42710,0.05500,56,0,0,1971,4,0,16,15,0,8322,0
327,6.36410,0.84620,4.00370,1.48920,0.02410,31,0,0,1973,4,0,16,15,0,8247,0
328,6.81470,1.42670,3.77340,1.58590,0.02690,61,0,0,1978,4,0,17,16,0,8282,0
329,6.25440,1.28110,3.39650,1.54970,0.02640,70,0,0,1983,4,0,19,17,0,8278,0
330,6.10400,1.17450,3.47540,1.43010,0.02300,51,0,0,1988,4,0,19,16,0,8224,0
331,8.89150,2.52930,4.72280,1.60190,0.03590,18,0,0,1989,4,0,19,16,0,8225,0
332,6.99920,1.31400,4.13970,1.52150,0.02310,37,0,0,1992,4,0,19,15,0,8154,0
333,7.28560,0.67080,4.87890,1.70700,0.02800,17,0,0,1993,4,0,19,15,0,8154,0
334,6.56710,1.17470,3.92920,1.43870,0.02360,38,0,0,1996,4,0,19,15,0,8103,0
335,6.21510,0.64070,4.08970,1.45670,0.02710,11,0,0,1997,4,0,21,17,0,8071,0
336,6.90460,1.49150,3.87110,1.52130,0.01990,73,0,0,2002,4,0,24,21,0,8044,0
337,6.38270,1.10210,3.82420,1.42720,0.02820,57,0,0,2006,4,0,24,22,0,8000,0
338,5.46530,0.56620,3.47090,1.40440,0.02300,13,0,0,2007,4,0,24,21,0,8032,0
339,7.37170,2.23380,3.66900,1.44560,0.02240,118,0,0,2017,4,0,25,24,0,7931,0
340,6.16220,1.29850,3.39870,1.44110,0.02330,81,0,0,2022,4,0,26,24,0,7909,0
341,5.82590,0.97930,3.36580,1.45490,0.02490,56,0,0,2025,4,0,26,23,0,7832,0
342,5.90510,1.29050,3.21030,1.38430,0.01900,63,0,0,2029,4,0,27,25,0,7778,0
343,6.31640,1.44570,3.44320,1.40420,0.02260,63,0,0,2035,4,0,27,25,0,7690,0
344,5.59720,0.76140,3.37500,1.43560,0.02450,18,0,0,2037,4,0,29,27,0,7725,0
345,5.45400,0.95270,3.08020,1.38800,0.03200,42,0,0,2040,4,0,29,26,0,7715,0
346,6.87360,1.89890,3.55570,1.39000,0.02800,35,0,0,2044,4,0,29,27,0,7657,0
347,6.05620,1.34910,3.28300,1.39690,0.02640,61,0,0,2049,4,0,29,27,0,7558,0
348,6.07990,1.34360,3.28450,1.42360,0.02720,72,0,0,2054,4,0,29,26,0,7562,0
349,5.16940,0.59540,3.17490,1.37620,0.02170,10,0,0,2055,4,0,31,28,0,7492,0
350,5.37050,0.84140,3.07970,1.41920,0.02920,23,0,0,2057,4,0,31,27,0,7477,0
351,6.04670,1.36050,3.27880,1.38150,0.02510,53,0,0,2062,4,0,32,29,0,7367,0
352,5.81600,1.22580,3.15140,1.41080,0.02730,62,0,0,2067,4,0,33,29,0,7282,0
353,5.55040,0.88110,3.22340,1.42230,0.02250,36,0,0,2069,4,0,33,28,0,7220,0
354,5.42920,0.95960,3.05310,1.39180,0.02370,34,0,0,2072,4,0,34,29,0,7248,0
355,6.00730,1.45810,3.18320,1.34090,0.02430,82,0,0,2078,4,0,35,30,0,7198,0
356,5.46840,0.86900,3.24690,1.32870,0.02280,24,0,0,2081,4,0,36,31,0,7113,0
357,5.70780,1.28260,3.01370,1.38790,0.02270,49,0,0,2085,4,0,36,30,0,7098,0
358,5.48620,0.89190,3.16050,1.40870,0.02420,36,0,0,2088,4,0,36,29,0,6979,0
359,5.70730,1.15660,3.22450,1.30120,0.02410,45,0,0,2092,4,0,38,29,0,6938,0
360,5.51990,1.04980,3.09580,1.34570,0.02740,36,0,0,2095,4,0,40,33,0,6916,0
361,8.99820,2.84520,4.51070,1.60960,0.03140,51,0,0,2098,4,0,41,34,0,6874,0
362,7.57590,1.31240,4.31080,1.92810,0.02360,46,0,0,2102,4,0,41,34,0,6884,0
363,6.98170,1.38450,4.07860,1.42740,0.08990,68,0,0,2107,4,0,43,36,0,6863,0
364,6.32840,0.71550,4.18950,1.39870,0.02400,28,0,0,2108,4,0,43,36,0,6857,0
365,6.44980,0.88680,4.09200,1.44740,0.02270,27,0,0,2110,4,0,44,37,0,6825,0
366,6.56110,0.96500,4.08930,1.46970,0.03630,24,0,0,2113,4,0,45,37,0,6821,0
367,7.21500,0.78550,4.86690,1.54120,0.02070,17,0,0,2115,4,0,45,37,0,6721,0
368,5.81320,0.73180,3.61380,1.43770,0.02910,8,0,0,2116,4,0,45,36,0,6664,0
369,6.17400,1.00590,3.74430,1.39920,0.02380,36,0,0,2119,4,0,47,38,0,6592,0
370,5.69990,0.60370,3.68850,1.38830,0.01870,0,0,0,2119,4,0,49,39,0,6525,0
371,6.39940,1.10550,3.86890,1.40250,0.02180,36,0,0,2122,4,0,49,38,0,6493,0
372,6.15600,1.21170,3.57780,1.34070,0.02440,40,0,0,2125,4,0,50,40,0,6477,0
373,5.79390,0.70170,3.68590,1.37910,0.02650,16,0,0,2126,4,0,52,43,0,6531,0
374,7.46840,1.43320,4.14980,1.85510,0.02940,62,0,0,2131,4,0,52,42,0,6499,0
375,5.90530,0.98430,3.56640,1.32100,0.03260,37,0,0,2134,4,0,54,45,0,6405,0
376,7.71870,2.75310,3.62690,1.31170,0.02620,44,0,0,2137,4,0,54,44,0,6301,0
377,7.45750,1.24000,4.87550,1.30650,0.03480,32,0,0,2140,4,0,55,45,0,6289,0
378,7.17830,1.36220,4.32390,1.46470,0.02640,66,0,0,2145,4,0,55,45,0,6286,0
379,5.54420,0.63140,3.49940,1.38260,0.03020,5,0,0,2146,4,0,56,46,0,6266,0
380,6.84480,1.28760,4.20140,1.33100,0.02350,39,0,0,2151,4,0,61,52,0,6264,0
381,6.08540,1.39640,3.40430,1.26260,0.02110,38,0,0,2157,4,0,62,53,0,6261,0
382,5.57890,0.83970,3.45480,1.26010,0.02350,21,0,0,2160,4,0,63,53,0,6234,0
383,5.11790,0.47810,3.39670,1.22360,0.01870,0,0,0,2160,4,0,65,54,0,6120,0
384,5.35710,0.67650,3.39790,1.25930,0.02280,12,0,0,2161,4,0,67,55,0,6051,0
385,5.25500,0.48500,3.46100,1.26090,0.04710,0,0,0,2161,4,0,68,53,0,5984,0
386,5.61840,0.69420,3.59770,1.30620,0.01950,11,0,0,2162,4,0,69,54,0,5954,0
387,6.68250,1.21150,4.18570,1.26800,0.01640,43,0,0,2166,4,0,70,56,0,5873,0
388,5.19180,0.81980,3.13000,1.20880,0.03210,35,0,0,2168,4,0,73,60,0,5824,0
389,5.80250,1.12450,3.43490,1.21540,0.02680,56,0,0,2172,4,0,73,60,0,5800,0
390,5.47510,1.01440,3.22210,1.21890,0.01880,20,0,0,2175,4,0,75,62,0,5693,0
391,10.57110,3.32700,5.81620,1.40110,0.02520,101,0,0,2180,4,0,77,65,0,5667,0
392,8.71210,0.89710,6.22470,1.56330,0.02610,14,0,0,2182,4,0,77,65,0,5589,0
393,9.55180,1.05080,6.87440,1.58950,0.03610,34,0,0,2185,4,0,79,65,0,5562,0
394,7.22070,1.07340,4.84150,1.28220,0.02270,26,0,0,2188,4,0,79,63,0,5522,0
395,7.01650,0.66630,5.01510,1.31360,0.02080,8,0,0,2189,4,0,80,63,0,5475,0
396,7.38250,1.46260,4.64940,1.24750,0.02210,50,0,0,2194,4,0,80,65,0,5460,0
397,5.71580,0.46580,3.92300,1.30420,0.02190,0,0,0,2194,4,0,80,65,0,5456,0
398,6.16690,0.83680,4.02260,1.28920,0.01770,18,0,0,2196,4,0,87,74,0,5464,0
399,5.59860,0.44940,3.89110,1.23560,0.02160,0,0,0,2196,4,0,88,75,0,5433,0
400,6.26540,0.97080,4.01130,1.26050,0.02180,24,0,0,2198,4,0,89,76,0,5360,0
401,5.68890,0.97210,3.42500,1.27300,0.01800,15,0,0,2200,4,0,90,76,0,5295,0
402,7.03160,1.84090,3.87340,1.29850,0.01790,118,0,0,2203,5,0,90,75,0,5242,0
403,5.70600,1.09160,3.42320,1.17060,0.01950,27,0,0,2206,5,0,90,75,0,5185,0
404,5.97140,1.28470,3.41210,1.25340,0.02030,52,0,0,2210,5,0,92,76,0,5170,0
405,5.65690,1.02120,3.35360,1.26050,0.02090,26,0,0,2213,5,0,93,77,0,5116,0
406,7.75830,3.18280,3.43000,1.12340,0.02120,58,0,0,2218,5,0,96,80,0,5079,0
407,5.05440,0.58400,3.24680,1.19030,0.03260,5,0,0,2219,5,0,97,79,0,5033,0
408,5.53130,1.05210,3.24530,1.21020,0.02290,21,0,0,2222,5,0,99,82,0,5007,0
409,5.45550,0.80540,3.35760,1.27050,0.02130,24,0,0,2224,5,0,102,85,0,4999,0
410,5.97980,0.63120,4.05260,1.26160,0.03370,10,0,0,2225,5,0,102,85,0,4952,0
411,5.71120,1.12720,3.35080,1.21010,0.02210,34,0,0,2228,5,0,104,86,0,4996,0
412,4.98390,0.61740,3.14080,1.20600,0.01880,6,0,0,2229,5,0,109,91,0,4926,0
413,5.04590,0.64190,3.21340,1.16320,0.02660,10,0,0,2230,5,0,110,89,0,4911,0
414,4.51300,0.39170,2.89250,1.20760,0.02040,0,0,0,2230,5,0,111,89,0,4934,0
415,5.05260,0.85880,2.94900,1.18890,0.05500,24,0,0,2232,5,0,114,91,0,4896,0
416,5.35770,0.37760,3.78720,1.16670,0.02530,0,0,0,2232,5,0,118,97,0,4877,0
417,4.75020,0.62270,2.91040,1.18990,0.02650,5,0,0,2233,5,0,119,96,0,4853,0
418,5.12030,0.96380,2.89010,1.24290,0.02290,36,0,0,2235,5,0,122,98,0,4816,0
419,5.05620,1.02720,2.86630,1.14000,0.02140,35,0,0,2238,5,0,123,99,0,4796,0
420,4.87950,0.75740,2.86160,1.23630,0.02340,15,0,0,2240,5,0,123,98,0,4748,0
421,8.45550,2.59640,4.61630,1.21710,0.02370,11,0,0,2241,5,0,126,99,0,4678,0
422,7.41470,1.32870,4.75800,1.30950,0.01760,31,0,0,2244,5,0,127,97,0,4598,0
423,6.43240,0.55120,4.66870,1.18860,0.02320,0,0,0,2244,5,0,130,102,0,4571,0
424,5.97850,1.14160,3.61280,1.20300,0.01990,15,0,0,2247,5,0,136,111,0,4551,0
425,5.65660,0.87360,3.39500,1.35950,0.02770,27,0,0,2248,5,0,139,113,0,4561,0
426,6.20460,1.11000,3.74280,1.32420,0.02660,34,0,0,2251,5,0,142,114,0,4565,0
427,5.35150,0.65910,3.26060,1.40060,0.03050,7,0,0,2252,5,0,143,112,0,4528,0
428,6.85740,1.05450,4.34430,1.42880,0.02910,19,0,0,2254,5,0,146,112,0,4520,0
429,5.15590,0.65650,3.33310,1.14680,0.01870,8,0,0,2255,5,0,147,115,0,4507,0
430,5.43980,0.68370,3.48410,1.24820,0.02290,34,0,0,2256,5,0,148,117,0,4494,0
431,5.78650,0.41000,4.10970,1.24690,0.01910,0,0,0,2256,5,0,149,120,0,4513,0
432,5.33810,0.93140,3.15660,1.23100,0.01860,15,0,0,2258,5,0,151,120,0,4514,0
433,5.34250,0.92040,3.17970,1.21980,0.02170,30,0,0,2260,5,0,152,123,0,4497,0
434,5.31090,0.91090,3.22230,1.15740,0.01940,29,0,0,2262,5,0,153,122,0,4451,0
435,4.84170,0.62200,3.08820,1.11050,0.01990,8,0,0,2263,5,0,154,124,0,4397,0
436,7.15070,2.68650,3.26060,1.18370,0.01900,24,0,0,2266,5,0,155,124,0,4363,0
437,5.12280,0.86480,3.07470,1.16170,0.02070,21,0,0,2268,5,0,155,122,0,4331,0
438,4.94320,0.69370,3.09710,1.12680,0.02450,4,0,0,2269,5,0,159,127,0,4258,0
439,4.95490,0.77440,3.04970,1.10380,0.02610,11,0,0,2271,5,0,161,129,0,4237,0
440,5.29050,1.01980,3.14010,1.10710,0.02240,42,0,0,2274,5,0,163,132,0,4267,0
441,6.13380,0.80600,4.08590,1.20900,0.03190,26,0,0,2276,5,0,164,134,0,4224,0
442,4.62250,0.41350,3.00590,1.18110,0.02130,0,0,0,2276,5,0,164,133,0,4214,0
443,4.70760,0.41310,3.12640,1.14390,0.02260,0,0,0,2276,5,0,168,134,0,4183,0
444,5.98170,0.97370,3.78450,1.19620,0.02640,14,0,0,2278,5,0,171,139,0,4160,0
445,5.23970,0.87820,3.18770,1.14330,0.02930,41,0,0,2280,5,0,174,142,0,4170,0
446,4.58180,0.38870,3.04310,1.12590,0.02330,0,0,0,2280,5,0,176,143,0,4132,0
447,5.23920,0.62070,3.30720,1.29070,0.01990,16,0,0,2281,5,0,183,149,0,4163,0
448,4.86090,0.66310,3.04320,1.12710,0.02690,9,0,0,2282,5,0,184,149,0,4097,0
449,5.05440,0.91480,3.02060,1.09950,0.01880,21,0,0,2284,5,0,186,150,0,4115,0
450,4.90190,1.02400,2.73430,1.11140,0.03090,13,0,0,2286,5,0,189,150,0,4042,0
451,6.47470,2.30460,2.96190,1.17060,0.03580,7,0,0,2287,5,0,192,155,0,3984,0
452,5.12560,1.00370,2.85960,1.22490,0.03660,21,0,0,2289,5,0,195,156,0,3914,0
453,4.43400,0.42810,2.75740,1.21400,0.03350,0,0,0,2289,5,0,200,162,0,3880,0
454,5.24000,1.14160,2.78750,1.26650,0.04310,30,0,0,2292,5,0,203,163,0,3839,0
455,5.18820,1.32140,2.74610,1.09240,0.02750,61,0,0,2296,5,0,207,167,0,3870,0
456,4.48610,0.57650,2.84130,1.03880,0.02850,7,0,0,2297,5,0,210,173,0,3822,0
457,4.38430,0.40700,2.87900,1.07040,0.02710,0,0,0,2297,5,0,213,176,0,3797,0
458,4.40330,0.40470,2.84580,1.11760,0.03370,0,0,0,2297,5,0,214,172,0,3736,0
459,4.68060,0.70580,2.82610,1.11820,0.02990,6,0,0,2298,5,0,217,174,0,3720,0
460,4.67490,0.69170,2.88170,1.07380,0.02690,7,0,0,2299,5,0,222,181,0,3648,0
461,5.20890,1.32320,2.76110,1.09300,0.03030,25,0,0,2302,5,0,224,180,0,3609,0
462,4.55120,0.65450,2.82120,1.04780,0.02690,16,0,0,2303,5,0,227,185,0,3592,0
463,5.26170,1.25550,2.91340,1.06880,0.02290,32,0,0,2306,5,0,229,184,0,3568,0
464,4.95370,1.03360,2.78630,1.10660,0.02610,32,0,0,2309,5,0,229,185,0,3569,0
465,4.56120,0.65370,2.79510,1.08500,0.02660,5,0,0,2310,5,0,230,185,0,3588,0
466,6.14360,2.18520,2.85660,1.07330,0.02750,5,0,0,2311,5,0,234,192,0,3559,0
467,5.01920,1.18640,2.73260,1.07140,0.02780,30,0,0,2314,5,0,235,192,0,3576,0
468,4.27090,0.40140,2.75790,1.09030,0.02050,0,0,0,2314,5,0,243,200,0,3506,0
469,4.29570,0.38420,2.75170,1.13210,0.02680,0,0,0,2314,5,0,246,204,0,3483,0
470,4.82820,0.92160,2.79480,1.08120,0.02990,31,0,0,2316,5,0,247,201,0,3405,0
471,4.61330,0.91670,2.55160,1.11370,0.03050,15,0,0,2318,5,0,252,211,0,3401,0
472,4.30310,0.36270,2.82120,1.09330,0.02490,0,0,0,2318,5,0,256,211,0,3373,0
473,4.55780,0.64800,2.78380,1.09260,0.03270,9,0,0,2319,5,0,258,216,0,3370,0
474,4.20310,0.35500,2.75450,1.06630,0.02670,0,0,0,2319,5,0,259,217,0,3362,0
475,4.38460,0.61110,2.71020,1.03480,0.02770,3,0,0,2320,5,0,261,215,0,3335,0
476,4.33350,0.62760,2.66020,1.01690,0.02780,11,0,0,2321,5,0,264,219,0,3361,0
477,4.48970,0.62660,2.79970,1.03460,0.02790,17,0,0,2322,5,0,267,223,0,3357,0
478,5.00370,1.19160,2.74980,1.03260,0.02860,26,0,0,2325,5,0,269,225,0,3339,0
479,4.79050,0.88010,2.80470,1.07010,0.03470,26,0,0,2327,5,0,273,230,0,3334,0
480,4.16160,0.40190,2.72060,1.01070,0.02770,0,0,0,2327,5,0,278,234,0,3328,0
481,8.14090,2.56500,4.32180,1.22150,0.03130,6,0,0,2328,5,0,279,233,0,3303,0
482,6.51050,0.98970,4.34270,1.15330,0.02390,19,0,0,2330,5,0,285,240,0,3252,0
483,6.44300,0.69310,4.16070,1.56260,0.02550,6,0,0,2331,5,0,289,244,0,3226,0
484,4.96570,0.94300,2.99610,1.00720,0.01890,14,0,0,2333,5,0,289,242,0,3215,0
485,5.99930,0.92840,3.46970,1.56980,0.02980,33,0,0,2335,5,0,291,244,0,3160,0
486,4.68150,0.39020,3.25190,1.02160,0.01700,0,0,0,2335,5,0,293,246,0,3154,0
487,4.89720,0.60700,3.23740,1.02250,0.02960,5,0,0,2336,5,0,298,252,0,3137,0
488,4.86760,0.63330,3.06080,1.14800,0.02370,4,0,0,2337,5,0,302,257,0,3110,0
489,5.76320,0.38150,4.19900,1.15660,0.02540,0,0,0,2337,5,0,302,253,0,3076,0
490,4.58740,0.41200,3.13690,1.01420,0.02360,0,0,0,2337,5,0,305,253,0,3032,0
491,5.03570,0.67650,3.28030,1.05550,0.02260,6,0,0,2338,5,0,307,260,0,3012,0
492,4.40050,0.40700,2.92320,1.04610,0.02350,0,0,0,2338,5,0,308,258,0,2990,0
493,4.73240,0.69610,2.99430,1.02210,0.01910,5,0,0,2339,5,0,310,263,0,2972,0
494,4.89370,0.75190,3.04330,1.07970,0.01800,15,0,0,2340,5,0,316,269,0,2949,0
495,4.63120,0.68270,2.95170,0.97570,0.02020,38,0,0,2341,5,0,321,273,0,2910,0
496,7.03960,1.93370,4.06380,1.01290,0.02850,0,0,0,2341,5,0,324,273,0,2901,0
497,4.96580,0.63680,3.22760,1.08010,0.02060,4,0,0,2342,5,0,325,273,0,2882,0
498,4.62410,0.65030,2.90560,1.04590,0.02150,6,0,0,2343,5,0,327,279,0,2913,0
499,5.33730,0.66910,3.40100,1.23880,0.02760,8,0,0,2344,5,0,331,280,0,2904,0
500,4.89430,0.98900,2.83360,1.04960,0.02110,33,0,0,2346,5,0,337,289,0,2871,0
501,4.78390,0.79550,2.86080,1.10390,0.02250,23,0,0,2348,5,0,342,292,0,2834,0
502,4.62550,0.41990,3.12280,1.05720,0.02480,0,0,0,2348,5,0,343,289,0,2801,0
503,4.62110,0.78230,2.83470,0.98120,0.02230,17,0,0,2350,5,0,346,295,0,2791,0
504,4.42390,0.53910,2.79800,1.06360,0.02230,12,0,0,2351,5,0,351,299,0,2776,0
505,4.20100,0.35660,2.77590,1.04770,0.02020,0,0,0,2351,5,0,356,304,0,2792,0
506,4.89710,1.05800,2.83560,0.97930,0.02330,15,0,0,2354,5,0,358,306,0,2766,0
507,4.17390,0.37340,2.80970,0.97060,0.01960,0,0,0,2354,5,0,360,308,0,2755,0
508,4.64790,0.89830,2.70880,1.00560,0.03410,10,0,0,2356,5,0,364,313,0,2741,0
509,4.37790,0.57210,2.81230,0.96910,0.02380,15,0,0,2357,5,0,368,314,0,2754,0
510,6.14890,0.95640,4.08920,1.07650,0.02600,44,0,0,2360,5,0,372,321,0,2730,0
511,8.20500,2.25930,4.80740,1.10850,0.02860,0,0,0,2360,5,0,379,330,0,2690,0
512,6.86130,1.03000,4.73160,1.07970,0.01930,12,0,0,2362,5,0,382,332,0,2699,0
513,6.86760,1.10580,4.49970,1.19580,0.06540,17,0,0,2364,5,0,390,339,0,2717,0
514,5.42570,0.53610,3.81650,1.04280,0.02890,0,0,0,2364,5,0,393,341,0,2700,0
515,4.81200,0.39910,3.40720,0.98670,0.01820,0,0,0,2364,5,0,397,348,0,2674,0
516,5.51000,0.89350,3.48580,1.10790,0.02230,22,0,0,2366,5,0,401,354,0,2644,0
517,5.59970,0.39210,4.17470,1.01500,0.01710,0,0,0,2366,5,0,401,357,0,2642,0
518,5.11620,0.63980,3.43040,1.02650,0.01860,4,0,0,2367,5,0,402,356,0,2606,0
519,4.57090,0.68470,2.95100,0.91590,0.01850,8,0,0,2368,5,0,405,362,0,2594,0
520,4.80010,0.35120,3.32410,1.09460,0.02940,0,0,0,2368,5,0,407,363,0,2579,0
521,4.56050,0.60980,2.95320,0.98020,0.01660,3,0,0,2369,5,0,409,367,0,2537,0
522,4.33550,0.34760,2.97990,0.98840,0.01890,0,0,0,2369,5,0,414,370,0,2519,0
523,4.29880,0.36920,2.99140,0.91670,0.02060,0,0,0,2369,5,0,418,376,0,2505,0
524,4.30660,0.37770,2.90600,0.99970,0.02250,0,0,0,2369,5,0,422,375,0,2504,0
525,5.28410,0.96610,2.97530,1.32270,0.01920,43,0,0,2371,5,0,427,380,0,2491,0
526,5.83770,1.87610,3.01530,0.92520,0.02050,0,0,0,2371,5,0,431,382,0,2474,0
527,5.24930,0.98400,2.91970,1.32380,0.02090,32,0,0,2373,5,0,437,392,0,2466,0
528,5.00740,0.79590,3.19990,0.98780,0.02290,9,0,0,2375,5,0,441,394,0,2436,0
529,4.55550,0.53580,3.03920,0.95500,0.02440,7,0,0,2376,5,0,443,397,0,2411,0
530,4.20740,0.39480,2.85210,0.93750,0.02210,0,0,0,2376,5,0,449,401,0,2435,0
531,4.54720,0.66130,2.82260,1.02530,0.03700,7,0,0,2377,5,0,452,404,0,2462,0
532,3.99750,0.35880,2.67200,0.94230,0.02340,0,0,0,2377,5,0,454,409,0,2442,0
533,4.62580,0.38700,3.15030,1.06430,0.02310,0,0,0,2377,5,0,461,413,0,2407,0
534,4.78520,0.99720,2.80960,0.95230,0.02460,13,0,0,2379,5,0,462,413,0,2394,0
535,4.72300,0.64850,3.07180,0.98030,0.02150,6,0,0,2380,5,0,467,419,0,2378,0
536,3.92400,0.36800,2.65270,0.87980,0.02260,0,0,0,2380,5,0,469,420,0,2363,0
537,4.23710,0.62720,2.62980,0.94970,0.02960,19,0,0,2381,5,0,475,425,0,2369,0
538,4.02460,0.35760,2.66050,0.98090,0.02490,0,0,0,2381,5,0,479,428,0,2350,0
539,3.94450,0.31960,2.66400,0.93540,0.02470,0,0,0,2381,5,0,480,427,0,2334,0
540,3.86870,0.35310,2.56190,0.92900,0.02380,0,0,0,2381,5,0,480,422,0,2349,0
541,9.30640,2.79520,5.17380,1.30040,0.03530,9,0,0,2383,5,0,482,426,0,2325,0
542,6.09090,0.67140,4.36600,1.02050,0.03200,6,0,0,2384,5,0,484,428,0,2299,0
543,5.97570,0.67000,3.96020,1.31530,0.02940,3,0,0,2385,5,0,488,434,0,2284,0
544,5.61320,0.91170,3.63630,1.03920,0.02450,9,0,0,2387,5,0,492,439,0,2267,0
545,6.42670,1.11090,4.15290,1.12250,0.03940,40,0,0,2389,5,0,495,443,0,2262,0
546,4.88830,0.57960,3.13390,1.14850,0.02560,7,0,0,2390,5,0,497,443,0,2274,0
547,5.38110,0.36250,3.70070,1.28770,0.02920,0,0,0,2390,5,0,502,447,0,2276,0
548,4.48960,0.37550,3.08720,1.00520,0.02100,0,0,0,2390,5,0,508,455,0,2237,0
549,5.11530,0.62260,3.39610,1.07540,0.02030,6,0,0,2391,5,0,514,460,0,2217,0
550,4.20220,0.36420,2.89270,0.91980,0.02470,0,0,0,2391,5,0,518,460,0,2200,0
551,3.92110,0.39110,2.60800,0.89730,0.02370,0,0,0,2391,5,0,521,466,0,2203,0
552,3.96730,0.33570,2.68620,0.92030,0.02410,0,0,0,2391,5,0,524,467,0,2194,0
553,3.96310,0.35500,2.53110,1.05150,0.02490,0,0,0,2391,5,0,524,465,0,2203,0
554,4.14750,0.63120,2.51970,0.97530,0.02010,7,0,0,2392,5,0,528,469,0,2176,0
555,4.05700,0.40480,2.73900,0.88910,0.02290,0,0,0,2392,5,0,529,468,0,2152,0
556,6.13770,2.07040,3.06550,0.96560,0.03530,0,0,0,2392,5,0,530,470,0,2146,0
557,4.72190,0.62250,3.16500,0.90760,0.02610,6,0,0,2393,5,0,531,470,0,2162,0
558,5.54010,0.65790,3.87820,0.97830,0.02480,6,0,0,2394,5,0,535,476,0,2149,0
559,4.11580,0.59910,2.53000,0.96150,0.02420,7,0,0,2395,5,0,539,477,0,2137,0
560,4.07280,0.59860,2.53810,0.91070,0.02460,2,0,0,2396,5,0,540,479,0,2157,0
561,4.18080,0.61080,2.56450,0.97750,0.02690,6,0,0,2397,5,0,542,481,0,2143,0
562,4.49540,0.99800,2.50050,0.95140,0.04440,15,0,0,2399,5,0,544,484,0,2143,0
563,4.42920,0.84120,2.60240,0.95440,0.03020,13,0,0,2401,5,0,548,493,0,2139,0
564,4.07070,0.63180,2.54670,0.86580,0.02570,6,0,0,2402,5,0,551,494,0,2131,0
565,5.31790,0.35480,3.92090,1.01310,0.02830,0,0,0,2402,5,0,557,499,0,2132,0
566,4.10250,0.65280,2.54690,0.87900,0.02300,5,0,0,2403,5,0,560,500,0,2120,0
567,4.61640,0.33430,3.38060,0.87900,0.02180,0,0,0,2403,5,0,563,501,0,2118,0
568,4.02130,0.34270,2.65520,0.99810,0.02450,0,0,0,2403,5,0,566,506,0,2094,0
569,3.73430,0.35830,2.42720,0.91430,0.03370,0,0,0,2403,5,0,568,506,0,2087,0
570,4.01880,0.35150,2.71800,0.92280,0.02570,0,0,0,2403,5,0,574,513,0,2081,0
571,6.16920,2.13560,3.02170,0.98260,0.02720,0,0,0,2403,5,0,582,522,0,2067,0
572,5.20140,0.66070,3.44660,1.06750,0.02560,6,0,0,2404,5,0,584,524,0,2058,0
573,5.01990,0.38040,3.69160,0.92810,0.01900,0,0,0,2404,5,0,588,525,0,2064,0
574,4.38340,0.62540,2.79080,0.93810,0.02830,7,0,0,2405,5,0,590,526,0,2079,0
575,4.74360,0.61250,2.75480,1.35010,0.02530,2,0,0,2406,5,0,593,533,0,2073,0
576,4.11460,0.58860,2.60230,0.89160,0.03130,5,0,0,2407,5,0,594,539,0,2063,0
577,4.82690,0.91870,2.87040,1.01030,0.02640,10,0,0,2409,5,0,597,546,0,2061,0
578,4.09160,0.35090,2.72400,0.98000,0.03590,0,0,0,2409,5,0,599,540,0,2055,0
579,4.10050,0.66120,2.51210,0.90080,0.02500,6,0,0,2410,5,0,603,547,0,2057,0
580,3.79730,0.34820,2.53250,0.88460,0.03100,0,0,0,2410,5,0,606,552,0,2044,0
581,4.18810,0.64200,2.63160,0.88880,0.02470,6,0,0,2411,5,0,609,553,0,2047,0
582,3.86550,0.35130,2.58590,0.90240,0.02500,0,0,0,2411,5,0,614,564,0,2032,0
583,3.84010,0.34800,2.59910,0.86510,0.02730,0,0,0,2411,5,0,617,566,0,2037,0
584,4.06570,0.65880,2.52530,0.85740,0.02340,21,0,0,2412,5,0,622,573,0,2030,0
585,4.23320,0.86990,2.43000,0.88090,0.05130,12,0,0,2414,5,0,623,577,0,2036,0
586,5.71010,2.19730,2.59590,0.89100,0.02520,6,0,0,2415,5,0,624,575,0,2030,0
587,3.78920,0.34720,2.52450,0.88990,0.02660,0,0,0,2415,5,0,626,577,0,2015,0
588,3.91330,0.35420,2.56680,0.96120,0.03030,0,0,0,2415,5,0,631,583,0,2007,0
589,4.01780,0.35630,2.59230,1.03740,0.03090,0,0,0,2415,5,0,637,591,0,1980,0
590,4.08020,0.59570,2.58300,0.87240,0.02800,4,0,0,2416,5,0,638,590,0,1976,0
591,3.80970,0.35570,2.48100,0.94430,0.02770,0,0,0,2416,5,0,643,593,0,1968,0
592,3.87470,0.36770,2.42670,1.02720,0.05230,0,0,0,2416,5,0,645,595,0,1977,0
593,3.85110,0.34440,2.58100,0.89870,0.02610,0,0,0,2416,5,0,650,606,0,1970,0
594,3.60270,0.32300,2.42080,0.83100,0.02720,0,0,0,2416,5,0,653,609,0,1958,0
595,3.87550,0.31320,2.56080,0.96680,0.03380,0,0,0,2416,5,0,656,609,0,1955,0
596,3.77050,0.35270,2.51720,0.87360,0.02620,0,0,0,2416,5,0,658,612,0,1959,0
597,3.98040,0.57150,2.47440,0.90460,0.02910,6,0,0,2417,5,0,660,614,0,1960,0
598,3.73460,0.31260,2.54050,0.85640,0.02430,0,0,0,2417,5,0,665,620,0,1966,0
599,3.94850,0.64960,2.42110,0.85410,0.02290,21,0,0,2418,5,0,668,623,0,1971,0
600,3.91430,0.58620,2.39410,0.91060,0.02250,4,0,0,2419,5,0,669,625,0,1964,0
601,7.16770,2.34980,3.79210,1.00180,0.02170,6,0,0,2420,5,0,672,626,0,1961,0
602,5.21520,0.34320,3.85340,0.97640,0.04130,0,0,0,2420,5,0,675,626,0,1957,0
603,5.76590,0.36990,4.05140,1.31250,0.03140,0,0,0,2420,5,0,677,628,0,1960,0
604,4.68850,0.61760,3.12190,0.93020,0.01810,5,0,0,2421,5,0,681,634,0,1967,0
605,4.70640,0.61300,3.12930,0.94040,0.02280,6,0,0,2422,5,0,683,635,0,1954,0
606,4.48200,0.34370,3.10920,1.00030,0.02800,0,0,0,2422,5,0,685,639,0,1948,0
607,4.71780,0.33350,3.45420,0.90510,0.02430,0,0,0,2422,5,0,688,642,0,1933,0
608,4.18210,0.35090,2.95240,0.85510,0.02310,0,0,0,2422,5,0,691,646,0,1924,0
609,4.35970,0.32470,3.12630,0.89010,0.01790,0,0,0,2422,5,0,694,649,0,1914,0
610,4.47160,0.32500,3.20820,0.91170,0.02580,0,0,0,2422,5,0,695,653,0,1914,0
611,4.25830,0.33510,3.02250,0.87960,0.02050,0,0,0,2422,5,0,696,653,0,1916,0
612,4.42240,0.33790,3.18340,0.88230,0.01800,0,0,0,2422,5,0,700,656,0,1923,0
613,4.52180,0.61420,2.88580,0.99440,0.02660,5,0,0,2423,5,0,704,659,0,1938,0
614,4.08570,0.34700,2.82270,0.88970,0.02550,0,0,0,2423,5,0,706,664,0,1934,0
615,4.40640,0.56770,2.82120,0.99630,0.02040,8,0,0,2424,5,0,711,669,0,1920,0
616,5.96060,2.20450,2.91070,0.82410,0.02050,6,0,0,2425,5,0,715,673,0,1916,0
617,3.95910,0.31450,2.78920,0.83540,0.01940,0,0,0,2425,5,0,715,670,0,1917,0
618,4.24640,0.34540,3.01210,0.86760,0.02060,0,0,0,2425,5,0,718,674,0,1919,0
619,4.15510,0.55470,2.73630,0.84100,0.02250,5,0,0,2426,5,0,720,674,0,1914,0
620,3.98170,0.33250,2.73400,0.86710,0.04740,0,0,0,2426,5,0,724,681,0,1902,0
621,3.98750,0.33950,2.80170,0.82640,0.01890,0,0,0,2426,5,0,725,678,0,1893,0
622,4.44200,0.34150,3.20490,0.87080,0.02400,0,0,0,2426,5,0,727,681,0,1895,0
623,4.24130,0.60560,2.72720,0.88790,0.01980,4,0,0,2427,5,0,731,688,0,1896,0
624,4.22310,0.58580,2.79520,0.82320,0.01820,7,0,0,2428,5,0,734,690,0,1885,0
625,3.85340,0.31240,2.66700,0.85510,0.01820,0,0,0,2428,5,0,735,694,0,1870,0
626,3.80440,0.30610,2.67800,0.79700,0.02270,0,0,0,2428,5,0,736,693,0,1860,0
627,3.91080,0.32620,2.71550,0.84930,0.01890,0,0,0,2428,5,0,742,698,0,1847,0
628,3.84730,0.30690,2.70560,0.81300,0.02120,0,0,0,2428,5,0,744,702,0,1851,0
629,3.92440,0.29590,2.72230,0.88350,0.02190,0,0,0,2428,5,0,745,702,0,1850,0
630,3.97300,0.31480,2.66360,0.96920,0.02460,0,0,0,2428,5,0,748,704,0,1843,0
631,7.66080,2.26090,4.40540,0.96460,0.02760,0,0,0,2428,5,0,752,704,0,1844,0
632,5.46270,0.40090,4.02810,0.99890,0.03380,0,0,0,2428,5,0,754,705,0,1835,0
633,5.70140,0.32400,4.37760,0.97480,0.02420,0,0,0,2428,5,0,755,707,0,1817,0
634,5.26550,0.29700,3.98620,0.95570,0.02530,0,0,0,2428,5,0,755,708,0,1811,0
635,5.03930,0.43420,3.65620,0.92080,0.02720,0,0,0,2428,5,0,756,710,0,1808,0
636,5.27750,0.27520,4.06300,0.91850,0.01990,0,0,0,2428,5,0,756,712,0,1800,0
637,4.73650,0.35820,3.48980,0.85990,0.02790,0,0,0,2428,5,0,759,718,0,1786,0
638,4.96280,0.37690,3.53430,1.02350,0.02730,0,0,0,2428,5,0,762,720,0,1791,0
639,5.03730,0.57010,3.54440,0.90040,0.02160,7,0,0,2429,5,0,764,726,0,1799,0
640,4.62750,0.53570,3.18180,0.88980,0.01930,4,0,0,2430,5,0,765,724,0,1803,0
641,4.96810,0.29440,3.69000,0.96200,0.02080,0,0,0,2430,5,0,766,722,0,1789,0
642,4.37740,0.34670,3.09080,0.91860,0.02030,0,0,0,2430,5,0,770,724,0,1792,0
643,4.32530,0.31900,3.05030,0.93640,0.01910,0,0,0,2430,5,0,772,733,0,1796,0
644,4.28020,0.29200,3.09590,0.87450,0.01710,0,0,0,2430,5,0,775,736,0,1803,0
645,4.33540,0.30510,3.06850,0.94380,0.01730,0,0,0,2430,5,0,775,736,0,1793,0
646,6.07270,2.34830,2.77690,0.92550,0.02110,2,0,0,2431,5,0,776,739,0,1786,0
647,4.19810,0.31340,3.00490,0.86220,0.01700,0,0,0,2431,5,0,781,745,0,1776,0
648,4.15570,0.30840,2.91630,0.91280,0.01760,0,0,0,2431,5,0,784,747,0,1775,0
649,4.26780,0.31260,3.05980,0.87330,0.02130,0,0,0,2431,5,0,786,747,0,1767,0
650,4.28560,0.30260,3.06670,0.89530,0.02030,0,0,0,2431,5,0,787,750,0,1753,0
651,4.92620,0.30570,3.76230,0.83770,0.01980,0,0,0,2431,5,0,788,751,0,1731,0
652,3.82770,0.33880,2.54440,0.90860,0.03450,0,0,0,2431,5,0,790,754,0,1720,0
653,3.75480,0.29450,2.61800,0.81920,0.02150,0,0,0,2431,5,0,792,752,0,1713,0
654,4.64450,0.57920,3.17920,0.86540,0.01960,4,0,0,2432,5,0,792,753,0,1708,0
655,3.87030,0.32340,2.69020,0.83370,0.02150,0,0,0,2432,5,0,793,753,0,1696,0
656,3.63560,0.30970,2.48470,0.81560,0.02390,0,0,0,2432,5,0,797,758,0,1700,0
657,3.83400,0.32090,2.58500,0.89930,0.02790,0,0,0,2432,5,0,797,760,0,1690,0
658,3.61930,0.30700,2.46190,0.82430,0.02540,0,0,0,2432,5,0,801,763,0,1699,0
659,3.65050,0.31260,2.47600,0.83650,0.02450,0,0,0,2432,5,0,804,768,0,1686,0
660,3.70450,0.30230,2.49770,0.87520,0.02860,0,0,0,2432,5,0,806,770,0,1681,0
661,6.08920,2.68770,2.45090,0.91730,0.03100,6,0,0,2434,5,0,808,772,0,1690,0
662,3.70040,0.31740,2.42200,0.92430,0.03600,0,0,0,2434,5,0,811,777,0,1699,0
663,3.54490,0.31440,2.39430,0.80750,0.02790,0,0,0,2434,5,0,811,773,0,1709,0
664,3.58580,0.31840,2.43400,0.80860,0.02400,0,0,0,2434,5,0,815,780,0,1695,0
665,3.48390,0.27870,2.35650,0.82160,0.02610,0,0,0,2434,5,0,819,782,0,1703,0
666,3.64080,0.30000,2.46280,0.84930,0.02790,0,0,0,2434,5,0,820,784,0,1705,0
667,3.63830,0.29960,2.50550,0.79940,0.03300,0,0,0,2434,5,0,821,788,0,1701,0
668,3.89410,0.32440,2.56510,0.96940,0.03410,0,0,0,2434,5,0,824,787,0,1702,0
669,3.86240,0.53950,2.42270,0.81240,0.08710,4,0,0,2435,5,0,824,790,0,1689,0
670,3.53790,0.30830,2.35850,0.84340,0.02680,0,0,0,2435,5,0,826,787,0,1692,0
671,3.65070,0.32990,2.46870,0.82440,0.02690,0,0,0,2435,5,0,828,791,0,1689,0
672,3.57310,0.29900,2.43650,0.80970,0.02710,0,0,0,2435,5,0,829,793,0,1681,0
673,3.61430,0.27930,2.48390,0.82510,0.02530,0,0,0,2435,5,0,834,796,0,1681,0
674,3.58910,0.30900,2.42410,0.82910,0.02610,0,0,0,2435,5,0,834,797,0,1681,0
675,3.47910,0.30080,2.35660,0.79610,0.02500,0,0,0,2435,5,0,835,797,0,1686,0
676,5.71400,2.13320,2.57780,0.97570,0.02640,4,0,0,2436,5,0,837,800,0,1688,0
677,3.58810,0.27790,2.47730,0.80570,0.02620,0,0,0,2436,5,0,838,801,0,1685,0
678,3.51340,0.29380,2.39260,0.80070,0.02560,0,0,0,2436,5,0,841,803,0,1701,0
679,3.67810,0.29590,2.56010,0.79210,0.02920,0,0,0,2436,5,0,841,806,0,1698,0
680,3.58010,0.31070,2.39250,0.84910,0.02700,0,0,0,2436,5,0,844,809,0,1698,0
681,3.52800,0.26880,2.43070,0.80180,0.02580,0,0,0,2436,5,0,844,812,0,1696,0
682,3.38680,0.28790,2.28450,0.78870,0.02490,0,0,0,2436,5,0,845,812,0,1691,0
683,3.57780,0.28300,2.41940,0.84500,0.02960,0,0,0,2436,5,0,847,814,0,1691,0
684,3.58820,0.30100,2.44180,0.81500,0.02960,0,0,0,2436,5,0,852,820,0,1692,0
685,4.10400,0.86630,2.38520,0.82400,0.02770,17,0,0,2438,5,0,853,823,0,1711,0
686,3.47310,0.27810,2.36410,0.80590,0.02400,0,0,0,2438,5,0,855,825,0,1692,0
687,3.37180,0.27840,2.25590,0.81000,0.02680,0,0,0,2438,5,0,856,827,0,1691,0
688,3.56670,0.29830,2.37610,0.85850,0.03310,0,0,0,2438,5,0,859,834,0,1696,0
689,3.47760,0.30260,2.36270,0.78680,0.02480,0,0,0,2438,5,0,860,831,0,1700,0
690,3.60460,0.29970,2.45810,0.81970,0.02640,0,0,0,2438,5,0,860,832,0,1699,0
691,6.61190,2.09310,3.55460,0.93530,0.02770,0,0,0,2438,5,0,861,833,0,1699,0
692,4.75620,0.31440,3.60240,0.81650,0.02200,0,0,0,2438,5,0,864,837,0,1704,0
693,4.79410,0.27700,3.64620,0.84900,0.02110,0,0,0,2438,5,0,864,840,0,1702,0
694,4.55260,0.24730,3.44730,0.83870,0.01860,0,0,0,2438,5,0,864,837,0,1688,0
695,4.47560,0.26990,3.25540,0.92460,0.02490,0,0,0,2438,5,0,864,837,0,1688,0
696,4.25280,0.26800,3.06060,0.90260,0.02100,0,0,0,2438,5,0,864,838,0,1688,0
697,4.12970,0.27090,2.99980,0.83170,0.02670,0,0,0,2438,5,0,865,837,0,1674,0
698,4.79840,0.26080,3.68190,0.83640,0.01830,0,0,0,2438,5,0,866,839,0,1681,0
699,3.73230,0.26560,2.67550,0.76710,0.02290,0,0,0,2438,5,0,869,841,0,1673,0
700,4.39220,0.57140,2.97300,0.82650,0.02060,6,0,0,2439,5,0,870,841,0,1668,0
701,4.04510,0.29510,2.62390,1.09930,0.02610,0,0,0,2439,5,0,871,845,0,1670,0
702,3.88730,0.27220,2.81690,0.77550,0.02200,0,0,0,2439,5,0,872,848,0,1664,0
703,5.06970,0.26810,3.88110,0.90150,0.01830,0,0,0,2439,5,0,873,847,0,1663,0
704,3.80610,0.28170,2.66630,0.83740,0.01980,0,0,0,2439,5,0,875,849,0,1664,0
705,3.73960,0.27740,2.63160,0.80860,0.02130,0,0,0,2439,5,0,877,856,0,1653,0
706,5.65750,1.89370,2.84570,0.89940,0.01780,0,0,0,2439,5,0,878,855,0,1649,0
707,3.94870,0.28730,2.76520,0.87650,0.01890,0,0,0,2439,5,0,882,858,0,1649,0
708,3.72560,0.27330,2.61820,0.81450,0.01870,0,0,0,2439,5,0,882,861,0,1646,0
709,3.74330,0.28640,2.62440,0.81050,0.02110,0,0,0,2439,5,0,883,864,0,1648,0
710,3.70090,0.28240,2.58070,0.81900,0.01810,0,0,0,2439,5,0,886,867,0,1646,0
711,3.63570,0.23880,2.58660,0.78900,0.02060,0,0,0,2439,5,0,888,871,0,1646,0
712,3.67490,0.25090,2.62730,0.77780,0.01800,0,0,0,2439,5,0,891,874,0,1636,0
713,5.15180,0.27560,4.04620,0.80710,0.02200,0,0,0,2439,5,0,893,875,0,1646,0
714,3.62740,0.27610,2.53940,0.78840,0.02250,0,0,0,2439,5,0,898,883,0,1646,0
715,3.54110,0.27230,2.48850,0.75740,0.02200,0,0,0,2439,5,0,898,884,0,1642,0
716,3.79700,0.26450,2.69300,0.81630,0.02230,0,0,0,2439,5,0,900,885,0,1633,0
717,5.04210,0.26990,3.97220,0.77440,0.02480,0,0,0,2439,5,0,900,886,0,1633,0
718,4.25570,0.27120,2.95770,1.00450,0.02150,0,0,0,2439,5,0,902,888,0,1638,0
719,3.61960,0.25380,2.49560,0.84110,0.02830,0,0,0,2439,5,0,904,890,0,1649,0
720,3.71400,0.26550,2.61290,0.78410,0.05070,0,0,0,2439,5,0,906,893,0,1641,0
721,5.18920,1.86760,2.50640,0.78800,0.02520,0,0,0,2439,5,0,908,893,0,1637,0
722,3.77800,0.51220,2.44460,0.79550,0.02480,5,0,0,2440,5,0,908,894,0,1631,0
723,3.55450,0.27000,2.48850,0.76970,0.02560,0,0,0,2440,5,0,910,893,0,1633,0
724,3.53630,0.29610,2.44310,0.77110,0.02520,0,0,0,2440,5,0,911,897,0,1628,0
725,3.70890,0.26190,2.52630,0.89150,0.02860,0,0,0,2440,5,0,911,896,0,1623,0
726,3.74980,0.25730,2.54790,0.91600,0.02770,0,0,0,2440,5,0,912,899,0,1630,0
727,3.83530,0.25190,2.61620,0.93180,0.03450,0,0,0,2440,5,0,913,902,0,1635,0
728,3.65900,0.26010,2.51940,0.85100,0.02780,0,0,0,2440,5,0,913,903,0,1623,0
729,3.87490,0.25840,2.77590,0.81380,0.02600,0,0,0,2440,5,0,917,905,0,1620,0
730,3.55640,0.26600,2.41690,0.84220,0.03060,0,0,0,2440,5,0,917,903,0,1619,0
731,3.95870,0.27250,2.75130,0.90620,0.02800,0,0,0,2440,5,0,920,907,0,1613,0
732,3.80040,0.24580,2.67960,0.84360,0.03070,0,0,0,2440,5,0,921,910,0,1618,0
733,3.87060,0.55760,2.40990,0.87410,0.02810,7,0,0,2441,5,0,924,913,0,1612,0
734,3.63690,0.28580,2.44040,0.88110,0.02890,0,0,0,2441,5,0,925,913,0,1607,0
735,3.51790,0.24470,2.44440,0.79750,0.03040,0,0,0,2441,5,0,926,916,0,1606,0
736,5.31250,2.09430,2.41310,0.78130,0.02300,0,0,0,2441,5,0,926,916,0,1598,0
737,3.39010,0.23920,2.37420,0.75380,0.02210,0,0,0,2441,5,0,926,917,0,1600,0
738,3.38120,0.24500,2.37010,0.74220,0.02310,0,0,0,2441,5,0,928,918,0,1599,0
739,3.44880,0.26380,2.39000,0.77090,0.02340,0,0,0,2441,5,0,929,918,0,1601,0
740,3.28490,0.26470,2.24970,0.74080,0.02900,0,0,0,2441,5,0,930,919,0,1608,0
741,3.39530,0.22360,2.33350,0.81480,0.02260,0,0,0,2441,5,0,930,920,0,1595,0
742,3.45400,0.25220,2.38650,0.78680,0.02770,0,0,0,2441,5,0,933,923,0,1594,0
743,3.47860,0.24990,2.44800,0.75740,0.02260,0,0,0,2441,5,0,936,926,0,1589,0
744,3.31240,0.21890,2.29830,0.77000,0.02450,0,0,0,2441,5,0,936,925,0,1587,0
745,3.38360,0.22460,2.32210,0.81480,0.02130,0,0,0,2441,5,0,939,929,0,1586,0
746,3.40470,0.24750,2.38860,0.74410,0.02370,0,0,0,2441,5,0,940,930,0,1586,0
747,3.42050,0.26110,2.34280,0.78650,0.02920,0,0,0,2441,5,0,941,931,0,1588,0
748,3.59250,0.51710,2.28950,0.76250,0.02240,7,0,0,2442,5,0,945,938,0,1580,0
749,3.46640,0.24550,2.33400,0.85980,0.02620,0,0,0,2442,5,0,946,938,0,1583,0
750,3.44610,0.26810,2.38020,0.77250,0.02440,0,0,0,2442,5,0,947,937,0,1585,0
751,5.39090,2.07900,2.49230,0.78820,0.03000,0,0,0,2442,5,0,950,939,0,1581,0
752,3.35240,0.27180,2.29290,0.75930,0.02750,0,0,0,2442,5,0,950,938,0,1575,0
753,3.26990,0.24830,2.25810,0.73450,0.02800,0,0,0,2442,5,0,951,941,0,1578,0
754,3.45340,0.24810,2.27480,0.89040,0.03920,0,0,0,2442,5,0,952,943,0,1568,0
755,3.50800,0.23570,2.46500,0.77830,0.02830,0,0,0,2442,5,0,953,943,0,1567,0
756,3.71080,0.25290,2.57420,0.85210,0.03070,0,0,0,2442,5,0,954,943,0,1568,0
757,3.32620,0.25150,2.29170,0.75670,0.02560,0,0,0,2442,5,0,954,945,0,1574,0
758,3.32360,0.24040,2.28760,0.76580,0.02870,0,0,0,2442,5,0,954,945,0,1575,0
759,3.42200,0.21810,2.32420,0.84300,0.03580,0,0,0,2442,5,0,954,945,0,1571,0
760,3.55130,0.23780,2.38140,0.89610,0.03520,0,0,0,2442,5,0,954,948,0,1571,0
761,3.35190,0.22890,2.32010,0.77460,0.02750,0,0,0,2442,5,0,956,946,0,1573,0
762,3.64680,0.47360,2.34570,0.80080,0.02570,3,0,0,2443,5,0,957,947,0,1574,0
763,3.98820,0.24330,2.69220,1.02140,0.03050,0,0,0,2443,5,0,958,947,0,1577,0
764,3.48540,0.26180,2.28220,0.91310,0.02760,0,0,0,2443,5,0,960,950,0,1578,0
765,3.61990,0.25870,2.41080,0.92120,0.02840,0,0,0,2443,5,0,960,948,0,1577,0
766,5.08010,1.83380,2.42910,0.79090,0.02550,0,0,0,2443,5,0,961,950,0,1573,0
767,3.28750,0.22300,2.28060,0.76000,0.02310,0,0,0,2443,5,0,962,955,0,1574,0
768,3.60870,0.25240,2.42480,0.89770,0.03280,0,0,0,2443,5,0,964,953,0,1584,0
769,3.35910,0.26500,2.31130,0.75910,0.02290,0,0,0,2443,5,0,964,948,0,1582,0
770,3.32380,0.27130,2.29250,0.73480,0.02440,0,0,0,2443,5,0,964,953,0,1579,0
771,3.40370,0.24120,2.30320,0.83190,0.02630,0,0,0,2443,5,0,964,953,0,1581,0
772,3.42310,0.25360,2.31340,0.83380,0.02140,0,0,0,2443,5,0,964,953,0,1582,0
773,3.34570,0.25890,2.31440,0.74670,0.02480,0,0,0,2443,5,0,968,956,0,1581,0
774,3.36160,0.24570,2.30030,0.76420,0.05050,0,0,0,2443,5,0,970,957,0,1578,0
775,3.29660,0.24500,2.27910,0.74890,0.02290,0,0,0,2443,5,0,970,959,0,1577,0
776,3.31380,0.20830,2.28580,0.78000,0.03870,0,0,0,2443,5,0,970,957,0,1577,0
777,3.41860,0.25800,2.34460,0.78840,0.02680,0,0,0,2443,5,0,971,958,0,1580,0
778,3.31920,0.23210,2.24640,0.81020,0.02880,0,0,0,2443,5,0,972,959,0,1581,0
779,3.33520,0.20590,2.35320,0.75420,0.02120,0,0,0,2443,5,0,972,958,0,1584,0
780,3.25540,0.22760,2.25210,0.75170,0.02300,0,0,0,2443,5,0,973,960,0,1580,0
781,5.69290,2.09830,2.77770,0.79590,0.01920,0,0,0,2443,5,0,973,959,0,1575,0
782,3.99360,0.25600,2.90960,0.80540,0.02180,0,0,0,2443,5,0,976,964,0,1566,0
783,4.09370,0.20110,3.05040,0.82620,0.01520,0,0,0,2443,5,0,977,963,0,1567,0
784,4.15310,0.22470,3.07470,0.83150,0.02140,0,0,0,2443,5,0,977,965,0,1568,0
785,3.96360,0.21870,2.93710,0.78410,0.02290,0,0,0,2443,5,0,977,967,0,1572,0
786,3.99390,0.26860,2.78240,0.91670,0.02540,0,0,0,2443,5,0,978,969,0,1573,0
787,3.60560,0.21690,2.60250,0.75860,0.02690,0,0,0,2443,5,0,978,970,0,1571,0
788,3.74450,0.22470,2.73310,0.76730,0.01860,0,0,0,2443,5,0,978,969,0,1575,0
789,3.72190,0.24110,2.70150,0.75980,0.01870,0,0,0,2443,5,0,979,970,0,1577,0
790,3.65840,0.21580,2.64400,0.77780,0.02000,0,0,0,2443,5,0,979,972,0,1575,0
791,3.99720,0.48670,2.70550,0.78390,0.02050,7,0,0,2444,5,0,979,973,0,1571,0
792,4.03820,0.23160,2.94890,0.83070,0.02610,0,0,0,2444,5,0,981,974,0,1572,0
793,3.75690,0.20610,2.54300,0.96200,0.04470,0,0,0,2444,5,0,981,975,0,1572,0
794,3.54250,0.26680,2.41720,0.80890,0.04820,0,0,0,2444,5,0,983,977,0,1574,0
795,3.78220,0.24170,2.63940,0.87610,0.02400,0,0,0,2444,5,0,984,979,0,1580,0
796,5.26040,1.83700,2.64510,0.74850,0.02850,0,0,0,2444,5,0,984,979,0,1583,0
797,5.16290,0.21330,4.11850,0.77070,0.05910,0,0,0,2444,5,0,985,980,0,1588,0
798,3.37690,0.21780,2.36580,0.76360,0.02830,0,0,0,2444,5,0,986,981,0,1587,0
799,3.41700,0.21230,2.34100,0.83880,0.02380,0,0,0,2444,5,0,986,982,0,1588,0
800,3.34150,0.22800,2.37150,0.71750,0.02380,0,0,0,2444,5,0,987,982,0,1585,0
801,3.39890,0.23710,2.34080,0.79430,0.02600,0,0,0,2444,5,0,987,981,0,1583,0
802,3.40200,0.23330,2.36490,0.77660,0.02640,0,0,0,2444,5,0,988,984,0,1580,0
803,3.35720,0.23890,2.33280,0.75980,0.02460,0,0,0,2444,5,0,988,983,0,1581,0
804,3.36110,0.23750,2.37610,0.72280,0.02410,0,0,0,2444,5,0,988,982,0,1587,0
805,3.37540,0.22990,2.36270,0.75630,0.02570,0,0,0,2444,5,0,988,981,0,1585,0
806,3.57210,0.21580,2.53380,0.79670,0.02480,0,0,0,2444,5,0,989,984,0,1582,0
807,3.34560,0.22590,2.31450,0.78020,0.02400,0,0,0,2444,5,0,989,985,0,1582,0
808,3.59040,0.22620,2.58610,0.75520,0.02210,0,0,0,2444,5,0,990,986,0,1585,0
809,3.42290,0.20490,2.46950,0.72360,0.02410,0,0,0,2444,5,0,990,985,0,1583,0
810,3.25070,0.22820,2.24520,0.75170,0.02500,0,0,0,2444,5,0,991,987,0,1592,0
811,6.04100,2.00780,3.19740,0.81350,0.02090,0,0,0,2444,5,0,991,987,0,1591,0
812,4.06380,0.24780,3.02210,0.77650,0.01680,0,0,0,2444,5,0,992,988,0,1594,0
813,4.50950,0.23120,3.32180,0.92950,0.02620,0,0,0,2444,5,0,993,988,0,1598,0
814,3.98910,0.21370,2.96080,0.79340,0.02050,0,0,0,2444,5,0,994,989,0,1598,0
815,3.68610,0.20800,2.57290,0.88010,0.02440,0,0,0,2444,5,0,995,989,0,1597,0
816,3.97540,0.19950,2.95440,0.80230,0.01850,0,0,0,2444,5,0,995,991,0,1596,0
817,3.98390,0.17360,2.98700,0.79840,0.02410,0,0,0,2444,5,0,995,989,0,1599,0
818,3.96500,0.22080,2.92260,0.80230,0.01870,0,0,0,2444,5,0,995,989,0,1594,0
819,3.61790,0.22130,2.61100,0.76560,0.01910,0,0,0,2444,5,0,995,990,0,1598,0
820,4.79370,0.17590,3.77430,0.81690,0.02550,0,0,0,2444,5,0,995,991,0,1602,0
821,3.66480,0.22630,2.65490,0.75860,0.02430,0,0,0,2444,5,0,995,991,0,1604,0
822,3.70970,0.19280,2.69820,0.79620,0.02160,0,0,0,2444,5,0,995,990,0,1603,0
823,3.72190,0.24100,2.67210,0.78320,0.02490,0,0,0,2444,5,0,995,990,0,1594,0
824,3.56360,0.22840,2.56490,0.75130,0.01820,0,0,0,2444,5,0,995,990,0,1596,0
825,3.53750,0.18610,2.55930,0.76940,0.02210,0,0,0,2444,5,0,995,991,0,1599,0
826,5.34470,1.81230,2.61480,0.88340,0.03300,0,0,0,2444,5,0,997,993,0,1598,0
827,3.49480,0.19550,2.50810,0.75880,0.03130,0,0,0,2444,5,0,997,993,0,1596,0
828,3.53160,0.21670,2.54400,0.74340,0.02650,0,0,0,2444,5,0,997,993,0,1595,0
829,3.58070,0.22720,2.58550,0.74370,0.02320,0,0,0,2444,5,0,997,994,0,1593,0
830,3.76750,0.23770,2.74500,0.76450,0.01860,0,0,0,2444,5,0,997,994,0,1590,0
831,3.77720,0.19640,2.71170,0.84200,0.02610,0,0,0,2444,5,0,998,995,0,1596,0
832,3.76160,0.24430,2.66860,0.82370,0.02390,0,0,0,2444,5,0,998,995,0,1601,0
833,4.31830,0.21830,3.27770,0.79550,0.02570,0,0,0,2444,5,0,998,995,0,1602,0
834,3.52290,0.24470,2.48230,0.75930,0.03570,0,0,0,2444,5,0,998,995,0,1602,0
835,4.50520,0.24800,3.42930,0.80000,0.02630,0,0,0,2444,5,0,998,995,0,1601,0
836,3.68040,0.24960,2.60900,0.79350,0.02730,0,0,0,2444,5,0,998,995,0,1601,0
837,3.68370,0.23540,2.64570,0.77710,0.02420,0,0,0,2444,5,0,998,995,0,1598,0
838,3.82920,0.24090,2.67950,0.87710,0.03040,0,0,0,2444,5,0,999,996,0,1592,0
839,4.07730,0.22040,3.03480,0.79350,0.02660,0,0,0,2444,5,0,999,997,0,1592,0
840,3.56980,0.22760,2.47440,0.84450,0.02230,0,0,0,2444,5,0,999,998,0,1590,0
841,9.41760,3.39000,5.17570,0.82940,0.02010,0,0,0,2444,5,0,999,998,0,1589,0
842,4.26070,0.19940,3.26350,0.77950,0.01720,0,0,0,2444,5,0,999,998,0,1587,0
843,5.09400,0.19610,4.03370,0.83310,0.03020,0,0,0,2444,5,0,999,998,0,1588,0
844,4.45970,0.17970,3.49260,0.75770,0.02880,0,0,0,2444,5,0,999,998,0,1587,0
845,3.64370,0.19820,2.65750,0.76010,0.02690,0,0,0,2444,5,0,999,996,0,1584,0
846,4.64200,0.23390,3.56160,0.82490,0.01960,0,0,0,2444,5,0,999,998,0,1585,0
847,4.01870,0.21870,2.96370,0.80810,0.02740,0,0,0,2444,5,0,1000,998,0,1584,0
848,3.73980,0.22440,2.65650,0.80950,0.04830,0,0,0,2444,5,0,1000,998,0,1585,0
849,4.32400,0.20940,3.28720,0.80540,0.02140,0,0,0,2444,5,0,1000,999,0,1582,0
850,3.70590,0.24040,2.59730,0.76640,0.10060,0,0,0,2444,5,0,1000,998,0,1582,0
851,3.71850,0.23680,2.68750,0.76720,0.02640,0,0,0,2444,5,0,1000,998,0,1582,0
852,3.54210,0.22120,2.52160,0.77500,0.02370,0,0,0,2444,5,0,1000,998,0,1580,0
853,3.76890,0.21320,2.50190,1.02060,0.03260,0,0,0,2444,5,0,1001,999,0,1580,0
854,3.53680,0.21920,2.52500,0.76530,0.02640,0,0,0,2444,5,0,1001,1000,0,1579,0
855,5.01830,0.20180,4.01770,0.77410,0.02390,0,0,0,2444,5,0,1001,1000,0,1579,0
856,4.99850,1.76160,2.47100,0.73990,0.02490,0,0,0,2444,5,0,1001,1000,0,1583,0
857,3.32430,0.20350,2.34400,0.75080,0.02510,0,0,0,2444,5,0,1002,1001,0,1582,0
858,4.52890,0.22010,3.51620,0.76830,0.02360,0,0,0,2444,5,0,1002,1001,0,1582,0
859,3.33850,0.21320,2.34330,0.75690,0.02440,0,0,0,2444,5,0,1003,1003,0,1578,0
860,3.37530,0.20290,2.33660,0.80380,0.03060,0,0,0,2444,5,0,1003,1003,0,1575,0
861,3.36890,0.20920,2.39420,0.74010,0.02420,0,0,0,2444,5,0,1003,1003,0,1574,0
862,3.29800,0.22490,2.25200,0.78850,0.03150,0,0,0,2444,5,0,1003,1003,0,1574,0
863,3.15000,0.21080,2.17370,0.73820,0.02650,0,0,0,2444,5,0,1003,1003,0,1578,0
864,3.26930,0.18880,2.29890,0.75710,0.02370,0,0,0,2444,5,0,1003,1002,0,1578,0
865,3.23000,0.21770,2.23500,0.75430,0.02190,0,0,0,2444,5,0,1003,1002,0,1576,0
866,3.26560,0.22870,2.28810,0.72130,0.02680,0,0,0,2444,5,0,1004,1004,0,1576,0
867,3.31690,0.22750,2.26860,0.78710,0.03280,0,0,0,2444,5,0,1004,1004,0,1575,0
868,3.29410,0.20580,2.30290,0.76110,0.02340,0,0,0,2444,5,0,1005,1004,0,1574,0
869,3.25150,0.21020,2.28850,0.72250,0.02960,0,0,0,2444,5,0,1005,1004,0,1574,0
870,3.18230,0.19860,2.22200,0.73650,0.02430,0,0,0,2444,5,0,1005,1004,0,1574,0
871,4.99910,1.84970,2.30670,0.80920,0.03190,0,0,0,2444,5,0,1005,1004,0,1572,0
872,3.41720,0.21590,2.32690,0.83940,0.03420,0,0,0,2444,5,0,1005,1004,0,1570,0
873,3.27300,0.21130,2.27380,0.76000,0.02720,0,0,0,2444,5,0,1005,1004,0,1566,0
874,3.37080,0.21250,2.30140,0.82580,0.03030,0,0,0,2444,5,0,1006,1005,0,1565,0
875,3.25920,0.22770,2.21440,0.79060,0.02570,0,0,0,2444,5,0,1007,1006,0,1563,0
876,3.32410,0.20390,2.28880,0.80400,0.02670,0,0,0,2444,5,0,1008,1007,0,1563,0
877,3.21220,0.20950,2.23020,0.74490,0.02690,0,0,0,2444,5,0,1008,1007,0,1564,0
878,3.32500,0.22360,2.30560,0.76730,0.02780,0,0,0,2444,5,0,1008,1007,0,1565,0
879,3.36210,0.22570,2.27620,0.82840,0.03110,0,0,0,2444,5,0,1008,1007,0,1563,0
880,3.29940,0.20400,2.22730,0.83630,0.03100,0,0,0,2444,5,0,1008,1007,0,1563,0
881,3.13860,0.22750,2.15520,0.72720,0.02800,0,0,0,2444,5,0,1008,1008,0,1562,0
882,3.25160,0.21610,2.24930,0.75660,0.02880,0,0,0,2444,5,0,1008,1007,0,1559,0
883,3.29000,0.20980,2.26060,0.78870,0.03020,0,0,0,2444,5,0,1008,1006,0,1559,0
884,3.39800,0.22880,2.32920,0.80210,0.03660,0,0,0,2444,5,0,1009,1007,0,1559,0
885,3.38230,0.23580,2.29230,0.82380,0.02950,0,0,0,2444,5,0,1010,1009,0,1559,0
886,5.21870,1.89940,2.36240,0.91940,0.03670,0,0,0,2444,5,0,1010,1008,0,1561,0
887,3.32890,0.23220,2.27960,0.78510,0.03140,0,0,0,2444,5,0,1010,1007,0,1561,0
888,3.62350,0.23980,2.24940,1.10470,0.02890,0,0,0,2444,5,0,1010,1008,0,1560,0
889,3.29980,0.22540,2.26410,0.78090,0.02880,0,0,0,2444,5,0,1010,1009,0,1558,0
890,3.44800,0.24520,2.37430,0.79630,0.03130,0,0,0,2444,5,0,1010,1008,0,1557,0
891,3.31030,0.22200,2.24060,0.81500,0.03210,0,0,0,2444,5,0,1011,1009,0,1565,0
892,3.35850,0.22520,2.30550,0.79750,0.02950,0,0,0,2444,5,0,1011,1009,0,1561,0
893,3.22490,0.22780,2.21020,0.75650,0.02970,0,0,0,2444,5,0,1012,1009,0,1559,0
894,3.36250,0.21900,2.31920,0.79900,0.02390,0,0,0,2444,5,0,1012,1011,0,1556,0
895,3.41640,0.23380,2.30530,0.84340,0.03300,0,0,0,2444,5,0,1012,1011,0,1557,0
896,3.15980,0.20310,2.15080,0.77900,0.02610,0,0,0,2444,5,0,1012,1010,0,1557,0
897,3.22970,0.20090,2.24030,0.75900,0.02870,0,0,0,2444,5,0,1012,1010,0,1561,0
898,3.39720,0.23430,2.31880,0.81380,0.02950,0,0,0,2444,5,0,1012,1011,0,1560,0
899,3.28360,0.21850,2.24820,0.78660,0.02960,0,0,0,2444,5,0,1012,1010,0,1560,0
900,3.35980,0.21960,2.28610,0.82450,0.02870,0,0,0,2444,5,0,1012,1010,0,1561,0
901,6.19180,1.73760,3.62400,0.81030,0.01880,0,0,0,2444,5,0,1013,1011,0,1561,0
902,5.04790,0.19160,3.96210,0.86750,0.02580,0,0,0,2444,5,0,1014,1013,0,1561,0
903,4.08100,0.19420,3.07780,0.78780,0.02060,0,0,0,2444,5,0,1014,1013,0,1557,0
904,4.39080,0.18250,3.37970,0.80620,0.02170,0,0,0,2444,5,0,1014,1012,0,1553,0
905,4.42320,0.16970,3.43910,0.79820,0.01550,0,0,0,2444,5,0,1014,1012,0,1550,0
906,4.15300,0.19480,3.16310,0.77300,0.02130,0,0,0,2444,5,0,1015,1013,0,1549,0
907,4.56100,0.16690,3.56420,0.80860,0.02060,0,0,0,2444,5,0,1015,1013,0,1548,0
908,4.49030,0.18600,3.42920,0.85500,0.01950,0,0,0,2444,5,0,1015,1013,0,1548,0
909,3.89120,0.21270,2.85520,0.80650,0.01600,0,0,0,2444,5,0,1015,1013,0,1548,0
910,3.92690,0.18480,2.92920,0.78520,0.02690,0,0,0,2444,5,0,1015,1013,0,1549,0
911,4.05230,0.21150,3.02050,0.79880,0.02080,0,0,0,2444,5,0,1015,1013,0,1549,0
912,3.94840,0.20080,2.93220,0.79820,0.01650,0,0,0,2444,5,0,1015,1013,0,1549,0
913,4.37770,0.19520,3.40140,0.75710,0.02310,0,0,0,2444,5,0,1016,1014,0,1551,0
914,3.88130,0.21770,2.74490,0.89500,0.02290,0,0,0,2444,5,0,1016,1014,0,1554,0
915,3.62700,0.21660,2.63750,0.75560,0.01680,0,0,0,2444,5,0,1017,1015,0,1555,0
916,5.08710,1.60630,2.71160,0.74850,0.02000,0,0,0,2444,5,0,1017,1015,0,1555,0
917,3.57430,0.17800,2.61470,0.76020,0.02070,0,0,0,2444,5,0,1017,1015,0,1556,0
918,3.61600,0.17750,2.66520,0.75090,0.02170,0,0,0,2444,5,0,1017,1015,0,1556,0
919,3.64400,0.18790,2.62980,0.80650,0.01930,0,0,0,2444,5,0,1017,1014,0,1556,0
920,3.70310,0.19700,2.72850,0.76000,0.01720,0,0,0,2444,5,0,1017,1015,0,1557,0
921,3.46920,0.18310,2.54690,0.71550,0.02340,0,0,0,2444,5,0,1017,1014,0,1557,0
922,3.68530,0.18820,2.69160,0.78630,0.01870,0,0,0,2444,5,0,1019,1016,0,1557,0
923,3.49730,0.19340,2.56440,0.71820,0.02050,0,0,0,2444,5,0,1019,1016,0,1557,0
924,3.49530,0.19460,2.53000,0.75050,0.01950,0,0,0,2444,5,0,1019,1016,0,1557,0
925,3.45550,0.18900,2.52030,0.72800,0.01760,0,0,0,2444,5,0,1019,1016,0,1556,0
926,3.60840,0.17310,2.61090,0.80620,0.01770,0,0,0,2444,5,0,1019,1017,0,1559,0
927,3.49980,0.17820,2.52530,0.75870,0.03720,0,0,0,2444,5,0,1019,1017,0,1559,0
928,3.50630,0.24520,2.51150,0.72440,0.02440,0,0,0,2444,5,0,1019,1016,0,1559,0
929,3.57140,0.21620,2.58340,0.75090,0.02010,0,0,0,2444,5,0,1019,1016,0,1557,0
930,3.47880,0.21730,2.53350,0.70720,0.01990,0,0,0,2444,5,0,1019,1016,0,1553,0
931,4.99170,1.65680,2.57450,0.73160,0.02710,0,0,0,2444,5,0,1019,1016,0,1552,0
932,3.45950,0.21410,2.45020,0.76890,0.02560,0,0,0,2444,5,0,1019,1016,0,1552,0
933,3.58730,0.23390,2.51630,0.81140,0.02510,0,0,0,2444,5,0,1019,1016,0,1552,0
934,3.59230,0.22490,2.48580,0.85580,0.02510,0,0,0,2444,5,0,1019,1016,0,1552,0
935,3.62590,0.18520,2.61290,0.80220,0.02480,0,0,0,2444,5,0,1019,1016,0,1550,0
936,3.51440,0.21730,2.49750,0.77530,0.02360,0,0,0,2444,5,0,1019,1016,0,1550,0
937,3.40430,0.21890,2.40090,0.76060,0.02330,0,0,0,2444,5,0,1019,1016,0,1551,0
938,3.41060,0.20550,2.44120,0.73030,0.03270,0,0,0,2444,5,0,1019,1016,0,1551,0
939,3.42190,0.20450,2.44960,0.74100,0.02550,0,0,0,2444,5,0,1019,1018,0,1551,0
940,3.46800,0.22770,2.37120,0.83850,0.02950,0,0,0,2444,5,0,1019,1018,0,1551,0
941,3.35520,0.22820,2.34370,0.75700,0.02550,0,0,0,2444,5,0,1020,1019,0,1551,0
942,3.21280,0.19900,2.25100,0.73850,0.02340,0,0,0,2444,5,0,1020,1019,0,1551,0
943,3.39910,0.22050,2.39700,0.75680,0.02420,0,0,0,2444,5,0,1020,1019,0,1553,0
944,3.47510,0.22000,2.34860,0.87490,0.03090,0,0,0,2444,5,0,1020,1019,0,1553,0
945,3.50740,0.20270,2.36490,0.91340,0.02580,0,0,0,2444,5,0,1020,1019,0,1553,0
946,4.88120,1.66310,2.34550,0.84530,0.02670,0,0,0,2444,5,0,1020,1019,0,1553,0
947,3.26550,0.22160,2.28020,0.74180,0.02120,0,0,0,2444,5,0,1021,1020,0,1553,0
948,3.53640,0.22040,2.46660,0.81710,0.03150,0,0,0,2444,5,0,1021,1020,0,1553,0
949,3.33950,0.22320,2.32850,0.76250,0.02450,0,0,0,2444,5,0,1021,1020,0,1553,0
950,3.34470,0.21360,2.34850,0.75790,0.02390,0,0,0,2444,5,0,1021,1020,0,1553,0
951,3.33280,0.20740,2.34310,0.75970,0.02180,0,0,0,2444,5,0,1021,1020,0,1553,0
952,3.25280,0.19260,2.27750,0.75480,0.02720,0,0,0,2444,5,0,1021,1020,0,1554,0
953,3.22820,0.20500,2.25020,0.74620,0.02590,0,0,0,2444,5,0,1021,1020,0,1553,0
954,3.34040,0.19950,2.23070,0.88380,0.02530,0,0,0,2444,5,0,1021,1020,0,1553,0
955,3.16480,0.19890,2.22450,0.71790,0.02280,0,0,0,2444,5,0,1021,1020,0,1554,0
956,3.29170,0.21100,2.28670,0.76460,0.02870,0,0,0,2444,5,0,1021,1020,0,1554,0
957,3.36310,0.22220,2.19540,0.91620,0.02810,0,0,0,2444,5,0,1021,1020,0,1555,0
958,4.58290,0.19700,3.55540,0.80740,0.02240,0,0,0,2444,5,0,1021,1020,0,1555,0
959,3.97960,0.25170,2.93630,0.76860,0.02190,0,0,0,2444,5,0,1021,1020,0,1555,0
960,3.37130,0.23450,2.35190,0.76160,0.02270,0,0,0,2444,5,0,1021,1020,0,1555,0
961,4.96310,1.78750,2.28960,0.85710,0.02770,0,0,0,2444,5,0,1021,1021,0,1555,0
962,3.28910,0.21200,2.28560,0.76750,0.02330,0,0,0,2444,5,0,1021,1021,0,1555,0
963,3.33970,0.23100,2.32320,0.76040,0.02440,0,0,0,2444,5,0,1021,1021,0,1555,0
964,3.44890,0.22920,2.30890,0.88310,0.02700,0,0,0,2444,5,0,1021,1021,0,1555,0
965,3.30490,0.22800,2.31140,0.73890,0.02600,0,0,0,2444,5,0,1021,1021,0,1555,0
966,3.09560,0.20100,2.13000,0.73990,0.02400,0,0,0,2444,5,0,1021,1021,0,1557,0
967,3.39860,0.22440,2.37560,0.77450,0.02330,0,0,0,2444,5,0,1021,1021,0,1555,0
968,3.61700,0.22740,2.52100,0.82790,0.03990,0,0,0,2444,5,0,1021,1021,0,1555,0
969,3.21360,0.23550,2.15370,0.79180,0.03200,0,0,0,2444,5,0,1021,1021,0,1555,0
970,3.40440,0.21230,2.29770,0.86720,0.02660,0,0,0,2444,5,0,1021,1021,0,1555,0
971,3.31020,0.23330,2.27330,0.77780,0.02510,0,0,0,2444,5,0,1021,1021,0,1555,0
972,3.36600,0.18850,2.26460,0.88670,0.02550,0,0,0,2444,5,0,1021,1021,0,1555,0
973,3.07630,0.21430,2.04340,0.79210,0.02560,0,0,0,2444,5,0,1021,1021,0,1554,0
974,3.18960,0.22370,2.21780,0.72240,0.02520,0,0,0,2444,5,0,1021,1021,0,1551,0
975,3.47620,0.22640,2.32740,0.89530,0.02640,0,0,0,2444,5,0,1021,1021,0,1550,0
976,4.76060,1.69390,2.23090,0.80370,0.03150,0,0,0,2444,5,0,1021,1021,0,1548,0
977,3.22460,0.23630,2.19330,0.77240,0.02190,0,0,0,2444,5,0,1021,1021,0,1548,0
978,3.15450,0.23530,2.11220,0.78170,0.02480,0,0,0,2444,5,0,1021,1021,0,1548,0
979,3.13270,0.21610,2.16460,0.72590,0.02540,0,0,0,2444,5,0,1021,1021,0,1548,0
980,3.21170,0.23090,2.16230,0.79550,0.02210,0,0,0,2444,5,0,1021,1021,0,1548,0
981,3.12920,0.19210,2.14920,0.76630,0.02090,0,0,0,2444,5,0,1021,1021,0,1548,0
982,3.10410,0.22760,2.08040,0.77310,0.02230,0,0,0,2444,5,0,1021,1021,0,1548,0
983,3.08490,0.21790,2.11350,0.73110,0.02170,0,0,0,2444,5,0,1021,1021,0,1548,0
984,3.22930,0.23210,2.16360,0.80990,0.02290,0,0,0,2444,5,0,1021,1021,0,1548,0
985,3.11850,0.23060,2.14830,0.71620,0.02280,0,0,0,2444,5,0,1021,1021,0,1548,0
986,3.20580,0.22830,2.18920,0.76400,0.02350,0,0,0,2444,5,0,1021,1021,0,1548,0
987,3.08630,0.23150,2.10870,0.72160,0.02370,0,0,0,2444,5,0,1021,1021,0,1548,0
988,3.05150,0.23430,2.07800,0.71620,0.02210,0,0,0,2444,5,0,1021,1021,0,1548,0
989,3.15970,0.23330,2.08870,0.81300,0.02420,0,0,0,2444,5,0,1021,1021,0,1548,0
990,3.17090,0.22210,2.12850,0.79270,0.02690,0,0,0,2444,5,0,1022,1022,0,1548,0
991,7.02250,1.76770,4.35340,0.88060,0.01990,0,0,0,2444,5,0,1022,1022,0,1549,0
992,4.41850,0.17270,3.44770,0.77770,0.01970,0,0,0,2444,5,0,1022,1022,0,1550,0
993,4.84260,0.18070,3.82000,0.82500,0.01620,0,0,0,2444,5,0,1022,1022,0,1550,0
994,4.86600,0.21240,3.85410,0.77980,0.01870,0,0,0,2444,5,0,1022,1022,0,1550,0
995,4.84200,0.18270,3.84100,0.79530,0.02240,0,0,0,2444,5,0,1022,1022,0,1550,0
996,4.34650,0.16390,3.34400,0.82180,0.01610,0,0,0,2444,5,0,1022,1022,0,1550,0
997,4.05050,0.18110,3.09710,0.75150,0.02030,0,0,0,2444,5,0,1022,1022,0,1550,0
998,3.96150,0.16670,2.91690,0.85110,0.02610,0,0,0,2444,5,0,1022,1022,0,1550,0
999,4.04680,0.20160,3.01100,0.81760,0.01570,0,0,0,2444,5,0,1022,1022,0,1550,0
1000,4.54930,0.17210,3.54040,0.81930,0.01680,0,0,0,2444,5,0,1022,1022,0,1550,0
1001,3.96230,0.17670,2.98970,0.77610,0.01900,0,0,0,2444,5,0,1023,1023,0,1550,0
1002,3.91790,0.18370,2.93240,0.78190,0.01910,0,0,0,2444,5,0,1023,1023,0,1550,0
1003,4.34840,0.20870,3.34340,0.77830,0.01710,0,0,0,2444,5,0,1023,1023,0,1550,0
1004,4.68880,0.19420,3.69690,0.78100,0.01600,0,0,0,2444,5,0,1023,1023,0,1550,0
1005,3.61340,0.17840,2.64780,0.76520,0.02110,0,0,0,2444,5,0,1023,1023,0,1550,0
1006,5.36760,1.60260,2.95760,0.78970,0.01680,0,0,0,2444,5,0,1023,1023,0,1550,0
1007,3.66160,0.20480,2.71360,0.72620,0.01630,0,0,0,2444,5,0,1023,1023,0,1550,0
1008,3.84980,0.18430,2.66390,0.87230,0.12850,0,0,0,2444,5,0,1023,1023,0,1550,0
1009,3.62680,0.22450,2.63370,0.74650,0.02150,0,0,0,2444,5,0,1023,1023,0,1550,0
1010,4.26870,0.17730,3.30650,0.76780,0.01620,0,0,0,2444,5,0,1023,1023,0,1549,0
1011,3.74780,0.20460,2.70110,0.79260,0.04860,0,0,0,2444,5,0,1023,1023,0,1549,0
1012,4.04100,0.22500,2.87190,0.92020,0.02330,0,0,0,2444,5,0,1023,1023,0,1549,0
1013,3.51330,0.22240,2.55540,0.71740,0.01770,0,0,0,2444,5,0,1023,1023,0,1549,0
1014,3.60030,0.16740,2.65000,0.75930,0.02280,0,0,0,2444,5,0,1023,1023,0,1549,0
1015,3.47230,0.17570,2.53190,0.73990,0.02400,0,0,0,2444,5,0,1023,1023,0,1549,0
1016,3.66560,0.17980,2.74420,0.72280,0.01810,0,0,0,2444,5,0,1023,1023,0,1549,0
1017,4.97810,0.18080,4.00790,0.76770,0.02080,0,0,0,2444,5,0,1023,1023,0,1549,0
1018,3.63940,0.19750,2.61550,0.80040,0.02520,0,0,0,2444,5,0,1023,1023,0,1549,0
1019,3.48450,0.17250,2.57470,0.71710,0.01940,0,0,0,2444,5,0,1024,1024,0,1549,0
1020,3.61050,0.21690,2.60370,0.76750,0.02170,0,0,0,2444,5,0,1024,1024,0,1549,0
1021,8.09390,1.97990,5.20760,0.88430,0.02070,0,0,0,2444,5,0,1024,1024,0,1549,0
1022,4.59550,0.18370,3.56070,0.83160,0.01850,0,0,0,2444,5,0,1024,1024,0,1549,0
1023,5.00720,0.17620,3.97430,0.83670,0.01910,0,0,0,2444,5,0,1024,1024,0,1549,0
1024,4.38700,0.16630,3.40670,0.79410,0.01910,0,0,0,2444,5,0,1024,1024,0,1549,0
1025,3.96730,0.19720,2.97490,0.77520,0.01920,0,0,0,2444,5,0,1024,1024,0,1549,0
1026,4.83250,0.15590,3.81460,0.84090,0.02040,0,0,0,2444,5,0,1024,1024,0,1549,0
1027,5.09090,0.16850,4.07500,0.82920,0.01730,0,0,0,2444,5,0,1024,1024,0,1549,0
1028,4.48040,0.15850,3.43550,0.86460,0.02120,0,0,0,2444,5,0,1024,1024,0,1549,0
1029,3.93950,0.17720,2.92560,0.81530,0.02080,0,0,0,2444,5,0,1024,1024,0,1549,0
1030,4.46640,0.17100,3.40300,0.86850,0.02310,0,0,0,2444,5,0,1024,1024,0,1549,0
1031,3.89800,0.18150,2.91700,0.78220,0.01660,0,0,0,2444,5,0,1024,1024,0,1549,0
1032,4.07100,0.25140,3.00820,0.79010,0.02050,0,0,0,2444,5,0,1024,1024,0,1549,0
1033,3.87920,0.17470,2.90950,0.77800,0.01610,0,0,0,2444,5,0,1024,1024,0,1549,0
1034,3.93700,0.19910,2.90880,0.80580,0.02250,0,0,0,2444,5,0,1024,1024,0,1549,0
1035,3.89320,0.17950,2.88830,0.80780,0.01680,0,0,0,2444,5,0,1024,1024,0,1549,0
1036,5.64070,1.70570,3.13910,0.77670,0.01850,0,0,0,2444,5,0,1024,1024,0,1549,0
1037,4.03330,0.18770,3.04570,0.78100,0.01800,0,0,0,2444,5,0,1024,1024,0,1549,0
1038,4.06240,0.20100,3.04600,0.79740,0.01740,0,0,0,2444,5,0,1024,1024,0,1549,0
1039,4.13560,0.18110,3.17870,0.75630,0.01870,0,0,0,2444,5,0,1024,1024,0,1549,0
1040,3.70380,0.18570,2.73720,0.75900,0.02130,0,0,0,2444,5,0,1024,1024,0,1549,0
1041,3.59530,0.19870,2.56760,0.80910,0.01940,0,0,0,2444,5,0,1024,1024,0,1549,0
1042,4.35810,0.20720,3.36180,0.76890,0.01980,0,0,0,2444,5,0,1024,1024,0,1549,0
1043,3.55520,0.20480,2.51810,0.80990,0.02180,0,0,0,2444,5,0,1024,1024,0,1549,0
1044,4.41090,0.20110,3.35830,0.82980,0.02100,0,0,0,2444,5,0,1024,1024,0,1549,0
1045,3.49530,0.18180,2.57020,0.72130,0.02120,0,0,0,2444,5,0,1024,1024,0,1549,0
1046,3.57900,0.20660,2.57320,0.77550,0.02300,0,0,0,2444,5,0,1024,1024,0,1549,0
1047,3.47190,0.18770,2.49010,0.74190,0.05140,0,0,0,2444,5,0,1024,1024,0,1549,0
1048,3.56540,0.19240,2.54890,0.76180,0.06120,0,0,0,2444,5,0,1024,1024,0,1549,0
1049,3.55920,0.20200,2.53560,0.80380,0.01730,0,0,0,2444,5,0,1024,1024,0,1549,0
1050,3.49400,0.22910,2.47060,0.76850,0.02500,0,0,0,2444,5,0,1024,1024,0,1549,0
1051,5.00040,1.63500,2.58460,0.75630,0.02330,0,0,0,2444,5,0,1024,1024,0,1549,0
1052,3.84280,0.23730,2.67410,0.89330,0.03750,0,0,0,2444,5,0,1024,1024,0,1549,0
1053,3.68460,0.25100,2.64250,0.76690,0.02340,0,0,0,2444,5,0,1024,1024,0,1549,0
1054,3.47680,0.19870,2.48130,0.77200,0.02410,0,0,0,2444,5,0,1024,1024,0,1549,0
1055,3.53570,0.18590,2.52950,0.79510,0.02430,0,0,0,2444,5,0,1024,1024,0,1549,0
1056,3.49950,0.20400,2.51300,0.75650,0.02530,0,0,0,2444,5,0,1024,1024,0,1549,0
1057,3.46470,0.18880,2.48970,0.76180,0.02360,0,0,0,2444,5,0,1024,1024,0,1549,0
1058,3.44220,0.19920,2.46550,0.75070,0.02600,0,0,0,2444,5,0,1024,1024,0,1549,0
1059,3.42090,0.21050,2.43400,0.75130,0.02440,0,0,0,2444,5,0,1024,1024,0,1549,0
1060,3.57410,0.19240,2.44920,0.89750,0.03420,0,0,0,2444,5,0,1024,1024,0,1549,0
1061,3.65090,0.19190,2.46390,0.93980,0.05450,0,0,0,2444,5,0,1024,1024,0,1549,0
1062,3.40300,0.22130,2.39720,0.75890,0.02490,0,0,0,2444,5,0,1024,1024,0,1549,0
1063,3.44560,0.22470,2.42610,0.76860,0.02560,0,0,0,2444,5,0,1024,1024,0,1549,0
1064,3.39660,0.21680,2.39860,0.75400,0.02660,0,0,0,2444,5,0,1024,1024,0,1549,0
1065,3.50460,0.20730,2.52770,0.74470,0.02400,0,0,0,2444,5,0,1024,1024,0,1549,0
1066,4.89820,1.61880,2.49350,0.76580,0.01930,0,0,0,2444,5,0,1024,1024,0,1549,0
1067,3.48520,0.23010,2.47910,0.75510,0.02020,0,0,0,2444,5,0,1024,1024,0,1549,0
1068,3.55460,0.23060,2.54390,0.75490,0.02440,0,0,0,2444,5,0,1024,1024,0,1549,0
1069,3.44270,0.21980,2.43130,0.76220,0.02860,0,0,0,2444,5,0,1024,1024,0,1549,0
1070,3.57990,0.24090,2.48890,0.81910,0.03030,0,0,0,2444,5,0,1024,1024,0,1549,0
1071,3.42230,0.22330,2.43000,0.74490,0.02350,0,0,0,2444,5,0,1024,1024,0,1549,0
1072,3.50740,0.20820,2.48200,0.79300,0.02320,0,0,0,2444,5,0,1024,1024,0,1549,0
1073,3.50850,0.20790,2.38890,0.88620,0.02480,0,0,0,2444,5,0,1024,1024,0,1549,0
1074,3.52880,0.19400,2.43790,0.86930,0.02690,0,0,0,2444,5,0,1024,1024,0,1549,0
1075,3.43500,0.20630,2.46950,0.73560,0.02270,0,0,0,2444,5,0,1024,1024,0,1549,0
1076,3.52900,0.20920,2.39440,0.89400,0.03070,0,0,0,2444,5,0,1024,1024,0,1549,0
1077,3.38370,0.20480,2.40080,0.75260,0.02480,0,0,0,2444,5,0,1024,1024,0,1549,0
1078,3.33370,0.19970,2.35050,0.76010,0.02280,0,0,0,2444,5,0,1024,1024,0,1549,0
1079,3.38330,0.23000,2.40310,0.72950,0.02000,0,0,0,2444,5,0,1024,1024,0,1549,0
1080,3.35470,0.22280,2.35240,0.75620,0.02250,0,0,0,2444,5,0,1024,1024,0,1549,0
1081,7.96110,1.92560,5.14280,0.87040,0.02070,0,0,0,2444,5,0,1024,1024,0,1549,0
1082,6.11720,0.18350,5.03650,0.87320,0.02330,0,0,0,2444,5,0,1024,1024,0,1549,0
1083,6.15140,0.15670,5.11950,0.85800,0.01660,0,0,0,2444,5,0,1024,1024,0,1549,0
1084,5.20260,0.37720,3.97870,0.82370,0.02210,0,0,0,2444,5,0,1024,1024,0,1549,0
1085,5.43810,0.21440,3.98950,1.21100,0.02250,0,0,0,2444,5,0,1024,1024,0,1549,0
1086,4.05670,0.19640,3.03470,0.80980,0.01520,0,0,0,2444,5,0,1024,1024,0,1549,0
1087,4.91110,0.16440,3.94250,0.78770,0.01590,0,0,0,2444,5,0,1024,1024,0,1549,0
1088,5.08440,0.16950,4.07330,0.82200,0.01890,0,0,0,2444,5,0,1024,1024,0,1549,0
1089,4.91140,0.20070,3.75980,0.92860,0.02170,0,0,0,2444,5,0,1024,1024,0,1549,0
1090,5.31160,0.20420,4.29600,0.78930,0.02150,0,0,0,2444,5,0,1024,1024,0,1549,0
1091,4.03640,0.23900,2.98650,0.79220,0.01800,0,0,0,2444,5,0,1024,1024,0,1549,0
1092,3.98020,0.16640,3.03460,0.75970,0.01900,0,0,0,2444,5,0,1024,1024,0,1549,0
1093,5.38510,0.18240,4.39910,0.78530,0.01770,0,0,0,2444,5,0,1024,1024,0,1549,0
1094,4.01300,0.17520,2.96850,0.84040,0.02810,0,0,0,2444,5,0,1024,1024,0,1549,0
1095,3.69000,0.17570,2.72430,0.76470,0.02470,0,0,0,2444,5,0,1024,1024,0,1549,0
1096,5.25640,1.62230,2.81350,0.80020,0.01960,0,0,0,2444,5,0,1024,1024,0,1549,0
1097,3.45620,0.17250,2.54570,0.72020,0.01710,0,0,0,2444,5,0,1024,1024,0,1549,0
1098,4.03350,0.17590,3.05880,0.78030,0.01790,0,0,0,2444,5,0,1024,1024,0,1549,0
1099,3.59280,0.20060,2.66010,0.71350,0.01800,0,0,0,2444,5,0,1024,1024,0,1549,0
1100,3.56290,0.20120,2.59270,0.74290,0.02550,0,0,0,2444,5,0,1024,1024,0,1549,0
1101,4.85830,0.17320,3.87940,0.78540,0.01960,0,0,0,2444,5,0,1024,1024,0,1549,0
1102,3.96870,0.17490,2.93170,0.80350,0.05770,0,0,0,2444,5,0,1024,1024,0,1549,0
1103,3.83460,0.18860,2.80380,0.81980,0.02150,0,0,0,2444,5,0,1024,1024,0,1549,0
1104,4.04970,0.19810,3.06970,0.76220,0.01890,0,0,0,2444,5,0,1024,1024,0,1549,0
1105,3.73840,0.20230,2.74230,0.77470,0.01820,0,0,0,2444,5,0,1024,1024,0,1549,0
1106,4.25990,0.20470,3.24430,0.78970,0.02030,0,0,0,2444,5,0,1024,1024,0,1549,0
1107,3.50060,0.23590,2.51840,0.72660,0.01890,0,0,0,2444,5,0,1024,1024,0,1549,0
1108,3.51500,0.17270,2.58560,0.72730,0.02850,0,0,0,2444,5,0,1024,1024,0,1549,0
1109,3.46500,0.19720,2.47020,0.76970,0.02700,0,0,0,2444,5,0,1024,1024,0,1549,0
1110,3.68240,0.21020,2.48330,0.95980,0.02820,0,0,0,2444,5,0,1024,1024,0,1549,0
1111,4.96620,1.67520,2.43460,0.82890,0.02610,0,0,0,2444,5,0,1024,1024,0,1549,0
1112,3.55720,0.23100,2.51860,0.78410,0.02270,0,0,0,2444,5,0,1024,1024,0,1549,0
1113,3.38310,0.21920,2.38180,0.75750,0.02370,0,0,0,2444,5,0,1024,1024,0,1549,0
1114,3.36250,0.21970,2.35550,0.76260,0.02390,0,0,0,2444,5,0,1024,1024,0,1549,0
1115,3.43350,0.20440,2.44390,0.75790,0.02640,0,0,0,2444,5,0,1024,1024,0,1549,0
1116,3.46200,0.19110,2.48920,0.75900,0.02200,0,0,0,2444,5,0,1024,1024,0,1549,0
1117,3.49710,0.22360,2.49770,0.75300,0.02210,0,0,0,2444,5,0,1024,1024,0,1549,0
1118,3.33070,0.21030,2.34610,0.74800,0.02570,0,0,0,2444,5,0,1024,1024,0,1549,0
1119,3.44930,0.22090,2.38480,0.81500,0.02780,0,0,0,2444,5,0,1024,1024,0,1549,0
1120,3.44310,0.22030,2.36800,0.82730,0.02680,0,0,0,2444,5,0,1024,1024,0,1549,0
1121,3.24580,0.22930,2.26300,0.72790,0.02490,0,0,0,2444,5,0,1024,1024,0,1549,0
1122,3.52340,0.22020,2.40070,0.87480,0.02700,0,0,0,2444,5,0,1024,1024,0,1549,0
1123,3.36000,0.20850,2.31810,0.80710,0.02570,0,0,0,2444,5,0,1024,1024,0,1549,0
1124,3.37290,0.20350,2.40030,0.74650,0.02190,0,0,0,2444,5,0,1024,1024,0,1549,0
1125,3.32280,0.18510,2.29210,0.81480,0.03000,0,0,0,2444,5,0,1024,1024,0,1549,0
1126,5.06220,1.79180,2.43050,0.81530,0.02410,0,0,0,2444,5,0,1024,1024,0,1549,0
1127,3.36070,0.20010,2.34940,0.76300,0.04730,0,0,0,2444,5,0,1024,1024,0,1549,0
1128,3.20800,0.18800,2.27990,0.71800,0.02130,0,0,0,2444,5,0,1024,1024,0,1549,0
1129,3.43420,0.21440,2.31530,0.87690,0.02670,0,0,0,2444,5,0,1024,1024,0,1549,0
1130,3.29610,0.22170,2.29950,0.72810,0.04610,0,0,0,2444,5,0,1024,1024,0,1549,0
1131,3.16040,0.21810,2.18430,0.72730,0.03010,0,0,0,2444,5,0,1024,1024,0,1549,0
1132,3.31180,0.23400,2.30770,0.74630,0.02320,0,0,0,2444,5,0,1024,1024,0,1549,0
1133,3.33380,0.21490,2.37130,0.72460,0.02210,0,0,0,2444,5,0,1024,1024,0,1549,0
1134,3.22840,0.21150,2.26780,0.72790,0.02040,0,0,0,2444,5,0,1024,1024,0,1549,0
1135,3.29490,0.19470,2.32520,0.75380,0.02030,0,0,0,2444,5,0,1024,1024,0,1549,0
1136,3.31490,0.21360,2.34380,0.73470,0.02200,0,0,0,2444,5,0,1024,1024,0,1549,0
1137,3.33750,0.23370,2.32990,0.74520,0.02780,0,0,0,2444,5,0,1024,1024,0,1549,0
1138,3.35460,0.22540,2.28780,0.81930,0.02120,0,0,0,2444,5,0,1024,1024,0,1549,0
1139,3.34260,0.23160,2.27920,0.81020,0.02100,0,0,0,2444,5,0,1024,1024,0,1549,0
1140,3.42900,0.23070,2.33010,0.84740,0.02030,0,0,0,2444,5,0,1024,1024,0,1549,0
1141,8.11170,1.91130,5.27000,0.90310,0.02650,0,0,0,2444,5,0,1024,1024,0,1549,0
1142,5.04360,0.28490,3.92060,0.81820,0.01930,0,0,0,2444,5,0,1024,1024,0,1549,0
1143,5.17080,0.16150,4.11130,0.81760,0.07950,0,0,0,2444,5,0,1024,1024,0,1549,0
1144,4.91300,0.18560,3.92230,0.78570,0.01870,0,0,0,2444,5,0,1024,1024,0,1549,0
1145,4.99480,0.18660,3.96120,0.82680,0.01940,0,0,0,2444,5,0,1024,1024,0,1549,0
1146,4.19460,0.18310,3.16330,0.81020,0.03610,0,0,0,2444,5,0,1024,1024,0,1549,0
1147,4.49280,0.18120,3.47330,0.81530,0.02230,0,0,0,2444,5,0,1024,1024,0,1549,0
1148,4.36500,0.16530,3.30110,0.83360,0.06400,0,0,0,2444,5,0,1024,1024,0,1549,0
1149,4.45580,0.18340,3.43600,0.81990,0.01580,0,0,0,2444,5,0,1024,1024,0,1549,0
1150,3.92740,0.16600,2.93030,0.80900,0.02130,0,0,0,2444,5,0,1024,1024,0,1549,0
1151,4.02720,0.17360,3.05330,0.78340,0.01600,0,0,0,2444,5,0,1024,1024,0,1549,0
1152,3.80700,0.17900,2.83870,0.77100,0.01740,0,0,0,2444,5,0,1024,1024,0,1549,0
1153,3.78780,0.17020,2.79570,0.80350,0.01780,0,0,0,2444,5,0,1024,1024,0,1549,0
1154,3.67140,0.20270,2.70740,0.74370,0.01680,0,0,0,2444,5,0,1024,1024,0,1549,0
1155,3.61420,0.17720,2.60790,0.80470,0.02370,0,0,0,2444,5,0,1024,1024,0,1549,0
1156,5.28530,1.64370,2.85460,0.76460,0.02170,0,0,0,2444,5,0,1024,1024,0,1549,0
1157,3.95840,0.19340,2.98130,0.76300,0.01970,0,0,0,2444,5,0,1024,1024,0,1549,0
1158,4.35460,0.20190,3.35230,0.77470,0.02460,0,0,0,2444,5,0,1024,1024,0,1549,0
1159,3.80350,0.18180,2.75510,0.84660,0.01890,0,0,0,2444,5,0,1024,1024,0,1549,0
1160,3.67800,0.18530,2.64610,0.81710,0.02870,0,0,0,2444,5,0,1024,1024,0,1549,0
1161,3.47650,0.17660,2.54320,0.73510,0.02080,0,0,0,2444,5,0,1024,1024,0,1549,0
1162,3.79950,0.19520,2.81320,0.76510,0.02440,0,0,0,2444,5,0,1024,1024,0,1549,0
1163,3.78310,0.22560,2.77960,0.75760,0.01930,0,0,0,2444,5,0,1024,1024,0,1549,0
1164,3.61070,0.20060,2.60160,0.78350,0.02380,0,0,0,2444,5,0,1024,1024,0,1549,0
1165,4.34700,0.19350,3.30760,0.82520,0.01950,0,0,0,2444,5,0,1024,1024,0,1549,0
1166,3.55350,0.18400,2.54270,0.80640,0.01900,0,0,0,2444,5,0,1024,1024,0,1549,0
1167,3.84960,0.19590,2.82340,0.81010,0.01900,0,0,0,2444,5,0,1024,1024,0,1549,0
1168,4.84750,0.20720,3.83110,0.78420,0.02410,0,0,0,2444,5,0,1024,1024,0,1549,0
1169,3.88250,0.20270,2.81660,0.84450,0.01770,0,0,0,2444,5,0,1024,1024,0,1549,0
1170,3.80250,0.18620,2.78710,0.80890,0.01960,0,0,0,2444,5,0,1024,1024,0,1549,0
1171,5.84970,1.83870,3.18390,0.79850,0.02710,0,0,0,2444,5,0,1024,1024,0,1549,0
1172,3.60620,0.21130,2.63090,0.73850,0.02470,0,0,0,2444,5,0,1024,1024,0,1549,0
1173,3.50820,0.18120,2.56230,0.73930,0.02460,0,0,0,2444,5,0,1024,1024,0,1549,0
1174,3.51880,0.19120,2.53370,0.76910,0.02400,0,0,0,2444,5,0,1024,1024,0,1549,0
1175,4.28750,0.21050,3.29850,0.74590,0.03170,0,0,0,2444,5,0,1024,1024,0,1549,0
1176,4.05430,0.19470,2.92550,0.90090,0.03240,0,0,0,2444,5,0,1024,1024,0,1549,0
1177,3.36620,0.19100,2.40190,0.74240,0.03050,0,0,0,2444,5,0,1024,1024,0,1549,0
1178,3.30930,0.19750,2.32600,0.75610,0.02890,0,0,0,2444,5,0,1024,1024,0,1549,0
1179,3.66860,0.20490,2.53520,0.87000,0.05790,0,0,0,2444,5,0,1024,1024,0,1549,0
1180,3.46090,0.20080,2.34570,0.88100,0.03250,0,0,0,2444,5,0,1024,1024,0,1549,0
1181,3.42710,0.19140,2.30960,0.89120,0.03430,0,0,0,2444,5,0,1024,1024,0,1549,0
1182,3.69620,0.19100,2.60320,0.86570,0.03570,0,0,0,2444,5,0,1024,1024,0,1549,0
1183,3.30270,0.20090,2.30070,0.77560,0.02490,0,0,0,2444,5,0,1024,1024,0,1549,0
1184,3.53950,0.20810,2.38500,0.91890,0.02670,0,0,0,2444,5,0,1024,1024,0,1549,0
1185,3.29760,0.18810,2.31160,0.77070,0.02660,0,0,0,2444,5,0,1024,1024,0,1549,0
1186,4.97750,1.60730,2.54860,0.79120,0.02970,0,0,0,2444,5,0,1024,1024,0,1549,0
1187,3.15370,0.20360,2.21250,0.71060,0.02630,0,0,0,2444,5,0,1024,1024,0,1549,0
1188,3.27420,0.20130,2.31000,0.73940,0.02260,0,0,0,2444,5,0,1024,1024,0,1549,0
1189,3.26230,0.19260,2.30380,0.74090,0.02430,0,0,0,2444,5,0,1024,1024,0,1549,0
1190,3.32090,0.21610,2.22010,0.85620,0.02780,0,0,0,2444,5,0,1024,1024,0,1549,0
1191,3.34000,0.17710,2.32870,0.81140,0.02220,0,0,0,2444,5,0,1024,1024,0,1549,0
1192,3.08940,0.21130,2.12330,0.73160,0.02250,0,0,0,2444,5,0,1024,1024,0,1549,0
1193,3.39170,0.18690,2.42370,0.75590,0.02440,0,0,0,2444,5,0,1024,1024,0,1549,0
1194,3.30550,0.21530,2.29440,0.77170,0.02340,0,0,0,2444,5,0,1024,1024,0,1549,0
1195,3.27270,0.21580,2.16910,0.85920,0.02780,0,0,0,2444,5,0,1024,1024,0,1549,0
1196,3.17800,0.19080,2.20920,0.75360,0.02350,0,0,0,2444,5,0,1024,1024,0,1549,0
1197,3.10690,0.18510,2.14980,0.74020,0.03110,0,0,0,2444,5,0,1024,1024,0,1549,0
1198,3.29610,0.18960,2.29440,0.78410,0.02740,0,0,0,2444,5,0,1024,1024,0,1549,0
1199,3.21730,0.18420,2.23460,0.76090,0.03710,0,0,0,2444,5,0,1024,1024,0,1549,0
1200,3.14510,0.20010,2.19520,0.71410,0.03490,0,0,0,2444,5,0,1024,1024,0,1549,0
1201,5.17260,1.70150,2.69950,0.75050,0.01990,0,0,0,2444,5,0,1024,1024,0,1549,0
1202,5.14610,0.17930,4.16630,0.77540,0.02430,0,0,0,2444,5,0,1024,1024,0,1549,0
1203,3.49590,0.19240,2.55610,0.72120,0.02530,0,0,0,2444,5,0,1024,1024,0,1549,0
1204,3.70370,0.16650,2.75230,0.75580,0.02840,0,0,0,2444,5,0,1024,1024,0,1549,0
1205,3.45900,0.17840,2.50790,0.75100,0.02090,0,0,0,2444,5,0,1024,1024,0,1549,0
1206,3.52270,0.18010,2.57070,0.74820,0.02210,0,0,0,2444,5,0,1024,1024,0,1549,0
1207,3.48310,0.17710,2.50600,0.77570,0.02350,0,0,0,2444,5,0,1024,1024,0,1549,0
1208,3.53820,0.17630,2.60490,0.73490,0.02130,0,0,0,2444,5,0,1024,1024,0,1549,0
1209,4.08360,0.16790,3.12560,0.76950,0.01980,0,0,0,2444,5,0,1024,1024,0,1549,0
1210,3.63060,0.19620,2.57850,0.82330,0.03190,0,0,0,2444,5,0,1024,1024,0,1549,0
1211,3.41540,0.20510,2.43420,0.74950,0.02590,0,0,0,2444,5,0,1024,1024,0,1549,0
1212,3.38530,0.20530,2.40240,0.75220,0.02470,0,0,0,2444,5,0,1024,1024,0,1549,0
1213,3.50970,0.20680,2.50800,0.76930,0.02490,0,0,0,2444,5,0,1024,1024,0,1549,0
1214,3.51450,0.23060,2.46680,0.78840,0.02800,0,0,0,2444,5,0,1024,1024,0,1549,0
1215,3.48780,0.21650,2.44200,0.80080,0.02780,0,0,0,2444,5,0,1024,1024,0,1549,0
1216,5.01180,1.61180,2.54890,0.82300,0.02720,0,0,0,2444,5,0,1024,1024,0,1549,0
1217,3.46810,0.19350,2.46310,0.78690,0.02390,0,0,0,2444,5,0,1024,1024,0,1549,0
1218,3.72200,0.22440,2.68800,0.78390,0.02490,0,0,0,2444,5,0,1024,1024,0,1549,0
1219,3.70680,0.21960,2.60900,0.84620,0.03140,0,0,0,2444,5,0,1024,1024,0,1549,0
1220,3.51880,0.21120,2.36810,0.90670,0.03200,0,0,0,2444,5,0,1024,1024,0,1549,0
1221,3.54440,0.22980,2.45400,0.82830,0.03150,0,0,0,2444,5,0,1024,1024,0,1549,0
1222,3.31290,0.22040,2.30880,0.75660,0.02630,0,0,0,2444,5,0,1024,1024,0,1549,0
1223,3.51540,0.21880,2.38550,0.87520,0.03510,0,0,0,2444,5,0,1024,1024,0,1549,0
1224,3.34400,0.22070,2.33530,0.76070,0.02660,0,0,0,2444,5,0,1024,1024,0,1549,0
1225,3.18990,0.21520,2.22510,0.72420,0.02470,0,0,0,2444,5,0,1024,1024,0,1549,0
1226,3.50100,0.24020,2.47130,0.76280,0.02540,0,0,0,2444,5,0,1024,1024,0,1549,0
1227,3.44520,0.21890,2.25890,0.93090,0.03570,0,0,0,2444,5,0,1024,1024,0,1549,0
1228,3.43360,0.20030,2.45920,0.74890,0.02460,0,0,0,2444,5,0,1024,1024,0,1549,0
1229,3.37220,0.20940,2.38150,0.75220,0.02830,0,0,0,2444,5,0,1024,1024,0,1549,0
1230,3.53800,0.21840,2.40450,0.88570,0.02870,0,0,0,2444,5,0,1024,1024,0,1549,0
1231,5.09470,1.65520,2.65170,0.76360,0.02310,0,0,0,2444,5,0,1024,1024,0,1549,0
1232,3.52600,0.22910,2.52130,0.75480,0.02000,0,0,0,2444,5,0,1024,1024,0,1549,0
1233,3.52500,0.19900,2.55780,0.74640,0.02090,0,0,0,2444,5,0,1024,1024,0,1549,0
1234,3.39640,0.22610,2.35930,0.78450,0.02580,0,0,0,2444,5,0,1024,1024,0,1549,0
1235,3.39440,0.22190,2.38290,0.76460,0.02410,0,0,0,2444,5,0,1024,1024,0,1549,0
1236,3.58630,0.22350,2.40180,0.93520,0.02500,0,0,0,2444,5,0,1024,1024,0,1549,0
1237,3.39400,0.22490,2.41830,0.72650,0.02360,0,0,0,2444,5,0,1024,1024,0,1549,0
1238,3.48080,0.20450,2.42880,0.81830,0.02820,0,0,0,2444,5,0,1024,1024,0,1549,0
1239,3.43650,0.20770,2.43170,0.77160,0.02460,0,0,0,2444,5,0,1024,1024,0,1549,0
1240,3.36490,0.20140,2.39070,0.74910,0.02270,0,0,0,2444,5,0,1024,1024,0,1549,0
1241,3.42980,0.18370,2.47700,0.74300,0.02520,0,0,0,2444,5,0,1024,1024,0,1549,0
1242,3.27880,0.20260,2.30530,0.74420,0.02600,0,0,0,2444,5,0,1024,1024,0,1549,0
1243,3.45110,0.22470,2.41250,0.78850,0.02460,0,0,0,2444,5,0,1024,1024,0,1549,0
1244,3.44500,0.22390,2.40770,0.78440,0.02840,0,0,0,2444,5,0,1024,1024,0,1549,0
1245,3.49070,0.21380,2.44160,0.73540,0.09920,0,0,0,2444,5,0,1024,1024,0,1549,0
1246,5.03720,1.62160,2.59880,0.79080,0.02530,0,0,0,2444,5,0,1024,1024,0,1549,0
1247,3.39540,0.21120,2.39400,0.76790,0.02170,0,0,0,2444,5,0,1024,1024,0,1549,0
1248,3.41380,0.20940,2.36170,0.74260,0.09920,0,0,0,2444,5,0,1024,1024,0,1549,0
1249,3.25340,0.18370,2.25110,0.78720,0.03080,0,0,0,2444,5,0,1024,1024,0,1549,0
1250,3.35550,0.22010,2.34330,0.76980,0.02160,0,0,0,2444,5,0,1024,1024,0,1549,0
1251,3.34460,0.23290,2.32370,0.75790,0.02940,0,0,0,2444,5,0,1024,1024,0,1549,0
1252,3.39760,0.20450,2.40530,0.76420,0.02280,0,0,0,2444,5,0,1024,1024,0,1549,0
1253,3.40150,0.21480,2.39990,0.76190,0.02420,0,0,0,2444,5,0,1024,1024,0,1549,0
1254,3.48170,0.20670,2.37750,0.87170,0.02510,0,0,0,2444,5,0,1024,1024,0,1549,0
1255,3.45640,0.20770,2.34700,0.87600,0.02480,0,0,0,2444,5,0,1024,1024,0,1549,0
1256,3.20590,0.22100,2.24220,0.71940,0.02260,0,0,0,2444,5,0,1024,1024,0,1549,0
1257,3.31760,0.21450,2.28050,0.80190,0.02000,0,0,0,2444,5,0,1024,1024,0,1549,0
1258,3.32950,0.22550,2.35350,0.72790,0.02190,0,0,0,2444,5,0,1024,1024,0,1549,0
1259,3.33050,0.22640,2.27990,0.79990,0.02360,0,0,0,2444,5,0,1024,1024,0,1549,0
1260,3.31150,0.19710,2.36820,0.72380,0.02170,0,0,0,2444,5,0,1024,1024,0,1549,0
1261,4.82600,1.64660,2.37300,0.77640,0.02900,0,0,0,2444,5,0,1024,1024,0,1549,0
1262,3.26800,0.22100,2.25770,0.76200,0.02650,0,0,0,2444,5,0,1024,1024,0,1549,0
1263,3.44980,0.21870,2.37070,0.82810,0.03130,0,0,0,2444,5,0,1024,1024,0,1549,0
1264,3.21750,0.20930,2.23570,0.74620,0.02560,0,0,0,2444,5,0,1024,1024,0,1549,0
1265,3.25040,0.20180,2.24710,0.77260,0.02790,0,0,0,2444,5,0,1024,1024,0,1549,0
1266,3.54170,0.19050,2.51530,0.80830,0.02660,0,0,0,2444,5,0,1024,1024,0,1549,0
1267,3.24400,0.22300,2.23100,0.76180,0.02750,0,0,0,2444,5,0,1024,1024,0,1549,0
1268,3.18510,0.21760,2.18370,0.75710,0.02630,0,0,0,2444,5,0,1024,1024,0,1549,0
1269,3.17960,0.21650,2.18880,0.74660,0.02690,0,0,0,2444,5,0,1024,1024,0,1549,0
1270,3.26470,0.26310,2.20840,0.76450,0.02790,0,0,0,2444,5,0,1024,1024,0,1549,0
1271,3.35810,0.22430,2.29900,0.80610,0.02790,0,0,0,2444,5,0,1024,1024,0,1549,0
1272,3.28530,0.23110,2.18110,0.84290,0.02940,0,0,0,2444,5,0,1024,1024,0,1549,0
1273,3.23140,0.22250,2.22140,0.75830,0.02870,0,0,0,2444,5,0,1024,1024,0,1549,0
1274,3.66580,0.24530,2.44760,0.94230,0.02970,0,0,0,2444,5,0,1024,1024,0,1549,0
1275,3.24980,0.23050,2.23340,0.75700,0.02810,0,0,0,2444,5,0,1024,1024,0,1549,0
1276,4.78740,1.69040,2.26290,0.80270,0.03080,0,0,0,2444,5,0,1024,1024,0,1549,0
1277,3.36230,0.20350,2.30370,0.82470,0.02980,0,0,0,2444,5,0,1024,1024,0,1549,0
1278,3.20500,0.22300,2.17070,0.77780,0.03260,0,0,0,2444,5,0,1024,1024,0,1549,0
1279,3.25550,0.22620,2.20970,0.79050,0.02860,0,0,0,2444,5,0,1024,1024,0,1549,0
1280,3.25890,0.19630,2.21110,0.82240,0.02820,0,0,0,2444,5,0,1024,1024,0,1549,0
1281,3.23500,0.21600,2.20600,0.78620,0.02610,0,0,0,2444,5,0,1024,1024,0,1549,0
1282,3.27210,0.24570,2.19090,0.80720,0.02730,0,0,0,2444,5,0,1024,1024,0,1549,0
1283,3.21320,0.23140,2.14160,0.81010,0.02950,0,0,0,2444,5,0,1024,1024,0,1549,0
1284,3.25450,0.22730,2.17800,0.81980,0.02880,0,0,0,2444,5,0,1024,1024,0,1549,0
1285,3.14760,0.21410,2.13480,0.76970,0.02840,0,0,0,2444,5,0,1024,1024,0,1549,0
1286,3.21250,0.23410,2.13210,0.81630,0.02940,0,0,0,2444,5,0,1024,1024,0,1549,0
1287,3.37740,0.22200,2.30440,0.81710,0.03320,0,0,0,2444,5,0,1024,1024,0,1549,0
1288,3.26900,0.22500,2.12290,0.89120,0.02890,0,0,0,2444,5,0,1024,1024,0,1549,0
1289,3.33820,0.20330,2.20400,0.90240,0.02790,0,0,0,2444,5,0,1024,1024,0,1549,0
1290,3.22550,0.22540,2.13340,0.83720,0.02880,0,0,0,2444,5,0,1024,1024,0,1549,0
1291,7.74060,1.68090,5.16750,0.87170,0.01960,0,0,0,2444,5,0,1024,1024,0,1549,0
1292,6.89090,0.16390,5.83840,0.87120,0.01670,0,0,0,2444,5,0,1024,1024,0,1549,0
1293,5.29230,0.18620,4.19340,0.88540,0.02650,0,0,0,2444,5,0,1024,1024,0,1549,0
1294,4.68880,0.14980,3.70540,0.80770,0.02530,0,0,0,2444,5,0,1024,1024,0,1549,0
1295,4.52850,0.18420,3.55090,0.77370,0.01890,0,0,0,2444,5,0,1024,1024,0,1549,0
1296,5.08470,0.17860,4.03330,0.85160,0.02050,0,0,0,2444,5,0,1024,1024,0,1549,0
1297,4.72940,0.16190,3.75700,0.79440,0.01530,0,0,0,2444,5,0,1024,1024,0,1549,0
1298,4.44040,0.17000,3.36780,0.87900,0.02290,0,0,0,2444,5,0,1024,1024,0,1549,0
1299,4.55470,0.17760,3.51130,0.84340,0.02180,0,0,0,2444,5,0,1024,1024,0,1549,0
1300,4.90000,0.18100,3.35720,1.33830,0.02290,0,0,0,2444,5,0,1024,1024,0,1549,0
1301,3.95460,0.16910,2.95780,0.80870,0.01830,0,0,0,2444,5,0,1024,1024,0,1549,0
1302,4.31710,0.18990,3.21330,0.80970,0.10340,0,0,0,2444,5,0,1024,1024,0,1549,0
1303,4.09660,0.26060,3.00930,0.80740,0.01840,0,0,0,2444,5,0,1024,1024,0,1549,0
1304,4.33640,0.18440,3.35620,0.77830,0.01680,0,0,0,2444,5,0,1024,1024,0,1549,0
1305,3.96810,0.18070,2.98570,0.78350,0.01730,0,0,0,2444,5,0,1024,1024,0,1549,0
1306,5.49570,1.58290,3.02510,0.86930,0.01760,0,0,0,2444,5,0,1024,1024,0,1549,0
1307,3.82550,0.20740,2.81590,0.78140,0.02030,0,0,0,2444,5,0,1024,1024,0,1549,0
1308,3.91430,0.19800,2.89400,0.80470,0.01670,0,0,0,2444,5,0,1024,1024,0,1549,0
1309,3.88480,0.17080,2.88050,0.79410,0.03870,0,0,0,2444,5,0,1024,1024,0,1549,0
1310,3.53040,0.22430,2.56590,0.71970,0.01990,0,0,0,2444,5,0,1024,1024,0,1549,0
1311,3.50060,0.19790,2.54060,0.73840,0.02300,0,0,0,2444,5,0,1024,1024,0,1549,0
1312,3.45970,0.19200,2.51740,0.73110,0.01840,0,0,0,2444,5,0,1024,1024,0,1549,0
1313,4.48260,0.20420,3.45600,0.79590,0.02580,0,0,0,2444,5,0,1024,1024,0,1549,0
1314,3.61440,0.17620,2.59940,0.76130,0.07640,0,0,0,2444,5,0,1024,1024,0,1549,0
1315,3.44830,0.21660,2.48200,0.73240,0.01670,0,0,0,2444,5,0,1024,1024,0,1549,0
1316,3.45960,0.19490,2.51160,0.73370,0.01870,0,0,0,2444,5,0,1024,1024,0,1549,0
1317,4.91710,0.20620,3.93850,0.75540,0.01640,0,0,0,2444,5,0,1024,1024,0,1549,0
1318,3.52360,0.19950,2.54970,0.75550,0.01830,0,0,0,2444,5,0,1024,1024,0,1549,0
1319,3.48920,0.20480,2.49050,0.77550,0.01770,0,0,0,2444,5,0,1024,1024,0,1549,0
1320,3.76070,0.17290,2.79750,0.77300,0.01690,0,0,0,2444,5,0,1024,1024,0,1549,0
1321,5.06230,1.83350,2.45250,0.75110,0.02440,0,0,0,2444,5,0,1024,1024,0,1549,0
1322,3.36230,0.16440,2.41900,0.75850,0.01970,0,0,0,2444,5,0,1024,1024,0,1549,0
1323,3.45330,0.17290,2.48840,0.76540,0.02580,0,0,0,2444,5,0,1024,1024,0,1549,0
1324,3.49840,0.21680,2.47490,0.78510,0.02090,0,0,0,2444,5,0,1024,1024,0,1549,0
1325,3.39560,0.24030,2.34710,0.78410,0.02330,0,0,0,2444,5,0,1024,1024,0,1549,0
1326,3.56420,0.22210,2.56130,0.75850,0.02150,0,0,0,2444,5,0,1024,1024,0,1549,0
1327,3.51350,0.21910,2.53580,0.73580,0.02220,0,0,0,2444,5,0,1024,1024,0,1549,0
1328,3.45970,0.17840,2.49840,0.75820,0.02390,0,0,0,2444,5,0,1024,1024,0,1549,0
1329,3.42130,0.23220,2.38460,0.77510,0.02860,0,0,0,2444,5,0,1024,1024,0,1549,0
1330,3.29910,0.21910,2.33260,0.72250,0.02400,0,0,0,2444,5,0,1024,1024,0,1549,0
1331,3.49880,0.19290,2.49180,0.79150,0.02170,0,0,0,2444,5,0,1024,1024,0,1549,0
1332,3.59280,0.19830,2.57310,0.79630,0.02420,0,0,0,2444,5,0,1024,1024,0,1549,0
1333,3.46040,0.20860,2.34180,0.87770,0.03170,0,0,0,2444,5,0,1024,1024,0,1549,0
1334,3.46280,0.22910,2.42990,0.77770,0.02550,0,0,0,2444,5,0,1024,1024,0,1549,0
1335,3.23160,0.18530,2.29290,0.73100,0.02180,0,0,0,2444,5,0,1024,1024,0,1549,0
1336,5.00300,1.83880,2.32710,0.79350,0.04270,0,0,0,2444,5,0,1024,1024,0,1549,0
1337,3.24580,0.20020,2.29030,0.72850,0.02600,0,0,0,2444,5,0,1024,1024,0,1549,0
1338,3.28150,0.23100,2.28460,0.73950,0.02580,0,0,0,2444,5,0,1024,1024,0,1549,0
1339,3.51770,0.21780,2.36740,0.90230,0.02940,0,0,0,2444,5,0,1024,1024,0,1549,0
1340,3.35030,0.22100,2.32400,0.78150,0.02300,0,0,0,2444,5,0,1024,1024,0,1549,0
1341,3.47310,0.21670,2.46000,0.77220,0.02360,0,0,0,2444,5,0,1024,1024,0,1549,0
1342,3.44260,0.22940,2.36910,0.81440,0.02910,0,0,0,2444,5,0,1024,1024,0,1549,0
1343,3.48950,0.19920,2.40530,0.85740,0.02680,0,0,0,2444,5,0,1024,1024,0,1549,0
1344,3.30590,0.20190,2.32250,0.75600,0.02490,0,0,0,2444,5,0,1024,1024,0,1549,0
1345,3.35990,0.22320,2.30350,0.80130,0.03110,0,0,0,2444,5,0,1024,1024,0,1549,0
1346,3.49550,0.22600,2.33710,0.90240,0.02920,0,0,0,2444,5,0,1024,1024,0,1549,0
1347,3.28460,0.21570,2.35180,0.69010,0.02640,0,0,0,2444,5,0,1024,1024,0,1549,0
1348,3.47130,0.22620,2.28490,0.93000,0.02950,0,0,0,2444,5,0,1024,1024,0,1549,0
1349,3.35920,0.24010,2.28770,0.80910,0.02160,0,0,0,2444,5,0,1024,1024,0,1549,0
1350,3.41980,0.23840,2.33530,0.82380,0.02170,0,0,0,2444,5,0,1024,1024,0,1549,0
1351,6.69880,1.64950,4.13960,0.89120,0.01760,0,0,0,2444,5,0,1024,1024,0,1549,0
1352,5.58270,0.16100,4.52030,0.88120,0.01940,0,0,0,2444,5,0,1024,1024,0,1549,0
1353,6.53980,0.16890,5.43560,0.90370,0.03050,0,0,0,2444,5,0,1024,1024,0,1549,0
1354,5.70500,0.30820,4.43040,0.93520,0.03050,0,0,0,2444,5,0,1024,1024,0,1549,0
1355,5.78570,0.17440,4.79790,0.79390,0.01890,0,0,0,2444,5,0,1024,1024,0,1549,0
1356,4.41030,0.22130,3.38470,0.78670,0.01710,0,0,0,2444,5,0,1024,1024,0,1549,0
1357,4.66980,0.16930,3.39800,1.08080,0.02100,0,0,0,2444,5,0,1024,1024,0,1549,0
1358,4.43890,0.17440,3.35950,0.88160,0.02290,0,0,0,2444,5,0,1024,1024,0,1549,0
1359,5.36140,0.17250,4.40930,0.76150,0.01740,0,0,0,2444,5,0,1024,1024,0,1549,0
1360,3.90700,0.17450,2.94210,0.77400,0.01580,0,0,0,2444,5,0,1024,1024,0,1549,0
1361,4.00620,0.25060,2.95200,0.78550,0.01730,0,0,0,2444,5,0,1024,1024,0,1549,0
1362,3.61940,0.18370,2.66970,0.74400,0.02130,0,0,0,2444,5,0,1024,1024,0,1549,0
1363,3.55920,0.19380,2.61770,0.72720,0.01980,0,0,0,2444,5,0,1024,1024,0,1549,0
1364,3.54440,0.19770,2.54120,0.78120,0.02350,0,0,0,2444,5,0,1024,1024,0,1549,0
1365,3.93860,0.18280,2.87080,0.86810,0.01640,0,0,0,2444,5,0,1024,1024,0,1549,0
1366,5.66290,2.02380,2.83370,0.78590,0.01860,0,0,0,2444,5,0,1024,1024,0,1549,0
1367,3.45690,0.17070,2.54830,0.71910,0.01810,0,0,0,2444,5,0,1024,1024,0,1549,0
1368,3.44160,0.22980,2.45520,0.73710,0.01890,0,0,0,2444,5,0,1024,1024,0,1549,0
1369,3.86820,0.17660,2.85200,0.81360,0.02530,0,0,0,2444,5,0,1024,1024,0,1549,0
1370,3.67700,0.17400,2.69340,0.79110,0.01780,0,0,0,2444,5,0,1024,1024,0,1549,0
1371,3.50990,0.19270,2.55990,0.74000,0.01670,0,0,0,2444,5,0,1024,1024,0,1549,0
1372,3.48540,0.17490,2.60470,0.68850,0.01650,0,0,0,2444,5,0,1024,1024,0,1549,0
1373,3.45120,0.18210,2.46520,0.77880,0.02440,0,0,0,2444,5,0,1024,1024,0,1549,0
1374,3.52980,0.20760,2.46970,0.82820,0.02360,0,0,0,2444,5,0,1024,1024,0,1549,0
1375,3.33480,0.20850,2.36920,0.73600,0.02030,0,0,0,2444,5,0,1024,1024,0,1549,0
1376,3.48290,0.19360,2.52760,0.73920,0.02170,0,0,0,2444,5,0,1024,1024,0,1549,0
1377,4.97500,0.19650,4.00720,0.75230,0.01830,0,0,0,2444,5,0,1024,1024,0,1549,0
1378,3.44720,0.17670,2.51100,0.73680,0.02190,0,0,0,2444,5,0,1024,1024,0,1549,0
1379,3.68250,0.21450,2.66040,0.78190,0.02490,0,0,0,2444,5,0,1024,1024,0,1549,0
1380,3.39000,0.22600,2.38260,0.75680,0.02390,0,0,0,2444,5,0,1024,1024,0,1549,0
1381,5.07670,1.66910,2.61020,0.77120,0.02480,0,0,0,2444,5,0,1024,1024,0,1549,0
1382,3.50000,0.20760,2.48980,0.77680,0.02510,0,0,0,2444,5,0,1024,1024,0,1549,0
1383,3.32470,0.23130,2.30330,0.76270,0.02670,0,0,0,2444,5,0,1024,1024,0,1549,0
1384,3.16140,0.21940,2.21290,0.70260,0.02580,0,0,0,2444,5,0,1024,1024,0,1549,0
1385,3.13510,0.22600,2.18860,0.69510,0.02480,0,0,0,2444,5,0,1024,1024,0,1549,0
1386,3.31360,0.21250,2.30810,0.75880,0.03340,0,0,0,2444,5,0,1024,1024,0,1549,0
1387,3.34310,0.21090,2.20440,0.89580,0.03120,0,0,0,2444,5,0,1024,1024,0,1549,0
1388,3.18410,0.22440,2.18850,0.74470,0.02590,0,0,0,2444,5,0,1024,1024,0,1549,0
1389,3.36730,0.21840,2.32960,0.79120,0.02730,0,0,0,2444,5,0,1024,1024,0,1549,0
1390,3.35800,0.22670,2.29710,0.80410,0.02930,0,0,0,2444,5,0,1024,1024,0,1549,0
1391,3.36910,0.22660,2.32500,0.78910,0.02770,0,0,0,2444,5,0,1024,1024,0,1549,0
1392,3.23940,0.20790,2.23080,0.77340,0.02660,0,0,0,2444,5,0,1024,1024,0,1549,0
1393,3.41810,0.22740,2.26610,0.88680,0.03710,0,0,0,2444,5,0,1024,1024,0,1549,0
1394,3.29830,0.23380,2.26330,0.77280,0.02760,0,0,0,2444,5,0,1024,1024,0,1549,0
1395,3.31700,0.22390,2.25690,0.80340,0.03200,0,0,0,2444,5,0,1024,1024,0,1549,0
1396,5.00730,1.73520,2.40410,0.83950,0.02780,0,0,0,2444,5,0,1024,1024,0,1549,0
1397,3.34030,0.22810,2.28650,0.79750,0.02730,0,0,0,2444,5,0,1024,1024,0,1549,0
1398,3.35410,0.22610,2.30530,0.79220,0.02970,0,0,0,2444,5,0,1024,1024,0,1549,0
1399,3.24890,0.22680,2.21600,0.77710,0.02820,0,0,0,2444,5,0,1024,1024,0,1549,0
1400,3.34960,0.21980,2.28570,0.81480,0.02860,0,0,0,2444,5,0,1024,1024,0,1549,0
1401,3.27840,0.22570,2.21780,0.80370,0.03050,0,0,0,2444,5,0,1024,1024,0,1549,0
1402,3.22570,0.22950,2.16790,0.79970,0.02790,0,0,0,2444,5,0,1024,1024,0,1549,0
1403,3.41450,0.21040,2.39870,0.77780,0.02690,0,0,0,2444,5,0,1024,1024,0,1549,0
1404,3.21790,0.21720,2.15940,0.80970,0.03100,0,0,0,2444,5,0,1024,1024,0,1549,0
1405,3.22510,0.22980,2.19930,0.77130,0.02400,0,0,0,2444,5,0,1024,1024,0,1549,0
1406,3.12890,0.19430,2.14000,0.76120,0.03260,0,0,0,2444,5,0,1024,1024,0,1549,0
1407,3.26350,0.21990,2.20290,0.80770,0.03230,0,0,0,2444,5,0,1024,1024,0,1549,0
1408,3.17710,0.21860,2.18680,0.74670,0.02430,0,0,0,2444,5,0,1024,1024,0,1549,0
1409,3.15920,0.23690,2.15610,0.73910,0.02630,0,0,0,2444,5,0,1024,1024,0,1549,0
1410,3.19090,0.21720,2.17260,0.76190,0.03840,0,0,0,2444,5,0,1024,1024,0,1549,0
1411,6.30960,1.75230,3.72800,0.81160,0.01690,0,0,0,2444,5,0,1024,1024,0,1549,0
1412,5.28450,0.16690,4.22080,0.87610,0.02000,0,0,0,2444,5,0,1024,1024,0,1549,0
1413,5.77600,0.18670,4.72370,0.78090,0.08390,0,0,0,2444,5,0,1024,1024,0,1549,0
1414,4.16840,0.23740,3.13960,0.77380,0.01710,0,0,0,2444,5,0,1024,1024,0,1549,0
1415,4.53780,0.17360,3.52350,0.82370,0.01610,0,0,0,2444,5,0,1024,1024,0,1549,0
1416,4.36640,0.17480,3.39910,0.77600,0.01570,0,0,0,2444,5,0,1024,1024,0,1549,0
1417,4.51080,0.17370,3.51100,0.80930,0.01610,0,0,0,2444,5,0,1024,1024,0,1549,0
1418,4.45390,0.16950,3.46770,0.80000,0.01590,0,0,0,2444,5,0,1024,1024,0,1549,0
1419,5.42540,0.17270,4.42580,0.80360,0.02250,0,0,0,2444,5,0,1024,1024,0,1549,0
1420,3.96750,0.18900,2.88770,0.79750,0.09240,0,0,0,2444,5,0,1024,1024,0,1549,0
1421,4.02080,0.23930,2.97170,0.79220,0.01690,0,0,0,2444,5,0,1024,1024,0,1549,0
1422,3.97680,0.17220,3.00570,0.77380,0.02430,0,0,0,2444,5,0,1024,1024,0,1549,0
1423,3.85430,0.18390,2.86950,0.77980,0.02030,0,0,0,2444,5,0,1024,1024,0,1549,0
1424,3.50060,0.16350,2.57020,0.74610,0.02010,0,0,0,2444,5,0,1024,1024,0,1549,0
1425,3.55570,0.17030,2.55170,0.80420,0.02900,0,0,0,2444,5,0,1024,1024,0,1549,0
1426,5.15570,1.76570,2.61800,0.74930,0.02180,0,0,0,2444,5,0,1024,1024,0,1549,0
1427,3.54690,0.19450,2.58820,0.74430,0.01920,0,0,0,2444,5,0,1024,1024,0,1549,0
1428,3.67370,0.19310,2.67460,0.74280,0.06240,0,0,0,2444,5,0,1024,1024,0,1549,0
1429,3.69170,0.21470,2.58960,0.86710,0.01950,0,0,0,2444,5,0,1024,1024,0,1549,0
1430,3.57510,0.21000,2.58740,0.75680,0.02020,0,0,0,2444,5,0,1024,1024,0,1549,0
1431,3.74900,0.17010,2.61520,0.93400,0.02880,0,0,0,2444,5,0,1024,1024,0,1549,0
1432,3.75660,0.20640,2.73540,0.78750,0.02630,0,0,0,2444,5,0,1024,1024,0,1549,0
1433,3.36690,0.21830,2.37990,0.74590,0.02210,0,0,0,2444,5,0,1024,1024,0,1549,0
1434,3.68720,0.18260,2.70390,0.77580,0.02410,0,0,0,2444,5,0,1024,1024,0,1549,0
1435,3.88040,0.17020,2.92040,0.76730,0.02150,0,0,0,2444,5,0,1024,1024,0,1549,0
1436,3.46070,0.20910,2.47010,0.75850,0.02220,0,0,0,2444,5,0,1024,1024,0,1549,0
1437,5.00810,0.19780,4.00100,0.78350,0.02490,0,0,0,2444,5,0,1024,1024,0,1549,0
1438,3.56140,0.19690,2.58470,0.75200,0.02710,0,0,0,2444,5,0,1024,1024,0,1549,0
1439,3.75100,0.21490,2.69010,0.82250,0.02280,0,0,0,2444,5,0,1024,1024,0,1549,0
1440,3.87500,0.21620,2.80350,0.83220,0.02210,0,0,0,2444,5,0,1024,1024,0,1549,0
1441,6.83860,1.76930,4.20740,0.84130,0.01930,0,0,0,2444,5,0,1024,1024,0,1549,0
1442,4.94060,0.17560,3.86550,0.86640,0.03210,0,0,0,2444,5,0,1024,1024,0,1549,0
1443,5.10070,0.25830,3.94270,0.87300,0.02580,0,0,0,2444,5,0,1024,1024,0,1549,0
1444,6.89940,0.16460,5.83690,0.88010,0.01700,0,0,0,2444,5,0,1024,1024,0,1549,0
1445,5.15040,0.16370,4.20080,0.76860,0.01670,0,0,0,2444,5,0,1024,1024,0,1549,0
1446,4.79580,0.17570,3.40430,1.18900,0.02610,0,0,0,2444,5,0,1024,1024,0,1549,0
1447,4.07230,0.17450,3.00650,0.85880,0.03170,0,0,0,2444,5,0,1024,1024,0,1549,0
1448,4.39140,0.17420,3.36210,0.83710,0.01710,0,0,0,2444,5,0,1024,1024,0,1549,0
1449,4.15570,0.23850,3.08190,0.81240,0.02210,0,0,0,2444,5,0,1024,1024,0,1549,0
1450,3.98140,0.17540,3.02060,0.76390,0.02010,0,0,0,2444,5,0,1024,1024,0,1549,0
1451,4.14600,0.17390,3.15820,0.79470,0.01860,0,0,0,2444,5,0,1024,1024,0,1549,0
1452,4.05920,0.16810,3.09300,0.77850,0.01890,0,0,0,2444,5,0,1024,1024,0,1549,0
1453,5.12310,0.17540,4.13180,0.79730,0.01780,0,0,0,2444,5,0,1024,1024,0,1549,0
1454,3.76440,0.16650,2.77770,0.80190,0.01750,0,0,0,2444,5,0,1024,1024,0,1549,0
1455,3.76560,0.17710,2.79410,0.77610,0.01750,0,0,0,2444,5,0,1024,1024,0,1549,0
1456,5.34410,1.67400,2.82860,0.81250,0.02820,0,0,0,2444,5,0,1024,1024,0,1549,0
1457,3.70690,0.26120,2.67580,0.74840,0.02070,0,0,0,2444,5,0,1024,1024,0,1549,0
1458,3.60540,0.17360,2.64280,0.76980,0.01840,0,0,0,2444,5,0,1024,1024,0,1549,0
1459,3.66050,0.19350,2.63870,0.80550,0.02210,0,0,0,2444,5,0,1024,1024,0,1549,0
1460,3.66110,0.17820,2.69690,0.76890,0.01650,0,0,0,2444,5,0,1024,1024,0,1549,0
1461,3.67080,0.19500,2.71240,0.74460,0.01840,0,0,0,2444,5,0,1024,1024,0,1549,0
1462,3.46100,0.18610,2.51850,0.73840,0.01750,0,0,0,2444,5,0,1024,1024,0,1549,0
1463,3.59370,0.18600,2.59980,0.78460,0.02260,0,0,0,2444,5,0,1024,1024,0,1549,0
1464,3.60730,0.21850,2.55610,0.81070,0.02110,0,0,0,2444,5,0,1024,1024,0,1549,0
1465,3.55650,0.20670,2.56560,0.75780,0.02560,0,0,0,2444,5,0,1024,1024,0,1549,0
1466,3.51280,0.20270,2.57140,0.72020,0.01780,0,0,0,2444,5,0,1024,1024,0,1549,0
1467,3.47760,0.19760,2.50550,0.74910,0.02470,0,0,0,2444,5,0,1024,1024,0,1549,0
1468,4.96460,0.18240,3.98690,0.77270,0.02190,0,0,0,2444,5,0,1024,1024,0,1549,0
1469,4.37960,0.19520,3.33460,0.82940,0.01960,0,0,0,2444,5,0,1024,1024,0,1549,0
1470,5.04450,0.20200,3.98570,0.83440,0.02150,0,0,0,2444,5,0,1024,1024,0,1549,0
1471,5.31280,1.76980,2.76250,0.75260,0.02690,0,0,0,2444,5,0,1024,1024,0,1549,0
1472,3.49080,0.17710,2.57040,0.72280,0.01980,0,0,0,2444,5,0,1024,1024,0,1549,0
1473,3.70380,0.24520,2.54620,0.77320,0.13840,0,0,0,2444,5,0,1024,1024,0,1549,0
1474,3.59750,0.22340,2.46470,0.88340,0.02530,0,0,0,2444,5,0,1024,1024,0,1549,0
1475,3.58800,0.19070,2.49220,0.87800,0.02640,0,0,0,2444,5,0,1024,1024,0,1549,0
1476,3.54190,0.23210,2.53510,0.74970,0.02420,0,0,0,2444,5,0,1024,1024,0,1549,0
1477,3.48340,0.20490,2.52220,0.73240,0.02330,0,0,0,2444,5,0,1024,1024,0,1549,0
1478,3.68130,0.22370,2.63570,0.77980,0.04120,0,0,0,2444,5,0,1024,1024,0,1549,0
1479,3.43820,0.22670,2.44520,0.74060,0.02520,0,0,0,2444,5,0,1024,1024,0,1549,0
1480,3.46830,0.22800,2.40010,0.81370,0.02570,0,0,0,2444,5,0,1024,1024,0,1549,0
1481,3.43110,0.20060,2.42910,0.75970,0.04090,0,0,0,2444,5,0,1024,1024,0,1549,0
1482,3.36480,0.21870,2.38750,0.72790,0.02990,0,0,0,2444,5,0,1024,1024,0,1549,0
1483,3.39790,0.20680,2.40370,0.76400,0.02290,0,0,0,2444,5,0,1024,1024,0,1549,0
1484,3.45920,0.22330,2.48520,0.72670,0.02330,0,0,0,2444,5,0,1024,1024,0,1549,0
1485,3.38630,0.20200,2.40830,0.75220,0.02310,0,0,0,2444,5,0,1024,1024,0,1549,0
1486,4.97440,1.63280,2.51440,0.80490,0.02150,0,0,0,2444,5,0,1024,1024,0,1549,0
1487,3.38150,0.21210,2.33530,0.80950,0.02390,0,0,0,2444,5,0,1024,1024,0,1549,0
1488,3.41320,0.20560,2.37300,0.80670,0.02720,0,0,0,2444,5,0,1024,1024,0,1549,0
1489,4.95150,0.21430,3.91700,0.79700,0.02200,0,0,0,2444,5,0,1024,1024,0,1549,0
1490,3.44590,0.18860,2.39960,0.80740,0.04930,0,0,0,2444,5,0,1024,1024,0,1549,0
1491,3.52090,0.20190,2.48630,0.80990,0.02140,0,0,0,2444,5,0,1024,1024,0,1549,0
1492,4.86030,0.22350,3.87710,0.73530,0.02340,0,0,0,2444,5,0,1024,1024,0,1549,0
1493,3.41440,0.20230,2.45830,0.72900,0.02380,0,0,0,2444,5,0,1024,1024,0,1549,0
1494,3.45220,0.21950,2.42630,0.77710,0.02770,0,0,0,2444,5,0,1024,1024,0,1549,0
1495,3.39100,0.19420,2.37410,0.79880,0.02320,0,0,0,2444,5,0,1024,1024,0,1549,0
1496,3.61130,0.22260,2.56440,0.79480,0.02860,0,0,0,2444,5,0,1024,1024,0,1549,0
1497,3.49160,0.20890,2.43720,0.81810,0.02660,0,0,0,2444,5,0,1024,1024,0,1549,0
1498,3.60560,0.18810,2.61600,0.77840,0.02210,0,0,0,2444,5,0,1024,1024,0,1549,0
1499,3.28830,0.18650,2.36230,0.71800,0.02040,0,0,0,2444,5,0,1024,1024,0,1549,0
1500,3.37170,0.19990,2.39750,0.75090,0.02270,0,0,0,2444,5,0,1024,1024,0,1549,0
1501,6.35450,1.89770,3.57060,0.86260,0.02250,0,0,0,2444,5,0,1024,1024,0,1549,0
1502,4.09020,0.25890,3.02050,0.78950,0.02040,0,0,0,2444,5,0,1024,1024,0,1549,0
1503,3.57460,0.21530,2.59580,0.74030,0.02210,0,0,0,2444,5,0,1024,1024,0,1549,0
1504,3.70120,0.17530,2.75360,0.75270,0.01830,0,0,0,2444,5,0,1024,1024,0,1549,0
1505,4.13760,0.16950,3.17850,0.76100,0.02790,0,0,0,2444,5,0,1024,1024,0,1549,0
1506,4.68270,0.20030,3.68040,0.78070,0.02050,0,0,0,2444,5,0,1024,1024,0,1549,0
1507,4.02750,0.19790,3.00970,0.79360,0.02550,0,0,0,2444,5,0,1024,1024,0,1549,0
1508,5.15350,0.22170,4.09160,0.82000,0.01930,0,0,0,2444,5,0,1024,1024,0,1549,0
1509,4.32560,0.21560,3.23220,0.85700,0.02000,0,0,0,2444,5,0,1024,1024,0,1549,0
1510,3.93100,0.22350,2.85200,0.82690,0.02780,0,0,0,2444,5,0,1024,1024,0,1549,0
1511,5.12630,0.18570,4.10050,0.81130,0.02810,0,0,0,2444,5,0,1024,1024,0,1549,0
1512,3.83340,0.17890,2.86940,0.75910,0.02520,0,0,0,2444,5,0,1024,1024,0,1549,0
1513,3.36210,0.21820,2.39660,0.72530,0.02130,0,0,0,2444,5,0,1024,1024,0,1549,0
1514,3.25950,0.18010,2.33080,0.72410,0.02390,0,0,0,2444,5,0,1024,1024,0,1549,0
1515,4.73020,0.22110,3.74560,0.74260,0.02030,0,0,0,2444,5,0,1024,1024,0,1549,0
1516,5.20670,1.65150,2.65900,0.87300,0.02240,0,0,0,2444,5,0,1024,1024,0,1549,0
1517,3.44410,0.21910,2.41660,0.78120,0.02680,0,0,0,2444,5,0,1024,1024,0,1549,0
1518,4.60210,0.17950,3.61680,0.78300,0.02200,0,0,0,2444,5,0,1024,1024,0,1549,0
1519,3.71300,0.19850,2.55040,0.93270,0.03040,0,0,0,2444,5,0,1024,1024,0,1549,0
1520,4.37810,0.17300,3.35210,0.82800,0.02440,0,0,0,2444,5,0,1024,1024,0,1549,0
1521,3.44200,0.22650,2.41860,0.77180,0.02430,0,0,0,2444,5,0,1024,1024,0,1549,0
1522,3.72220,0.19800,2.63140,0.87020,0.02190,0,0,0,2444,5,0,1024,1024,0,1549,0
1523,3.28070,0.21980,2.25730,0.78210,0.02060,0,0,0,2444,5,0,1024,1024,0,1549,0
1524,3.34140,0.18700,2.38000,0.75020,0.02340,0,0,0,2444,5,0,1024,1024,0,1549,0
1525,3.31230,0.19030,2.32680,0.76940,0.02490,0,0,0,2444,5,0,1024,1024,0,1549,0
1526,3.36710,0.20350,2.38130,0.76040,0.02110,0,0,0,2444,5,0,1024,1024,0,1549,0
1527,3.23580,0.21260,2.30300,0.69800,0.02160,0,0,0,2444,5,0,1024,1024,0,1549,0
1528,3.14690,0.21020,2.20510,0.70560,0.02540,0,0,0,2444,5,0,1024,1024,0,1549,0
1529,3.28530,0.21820,2.27970,0.76400,0.02260,0,0,0,2444,5,0,1024,1024,0,1549,0
1530,3.38810,0.20230,2.35340,0.80850,0.02310,0,0,0,2444,5,0,1024,1024,0,1549,0
1531,5.35250,1.79500,2.79720,0.73590,0.02320,0,0,0,2444,5,0,1024,1024,0,1549,0
1532,4.55500,0.17760,3.57070,0.77900,0.02720,0,0,0,2444,5,0,1024,1024,0,1549,0
1533,4.64090,0.17650,3.68000,0.76290,0.02060,0,0,0,2444,5,0,1024,1024,0,1549,0
1534,4.52980,0.16920,3.57390,0.76780,0.01810,0,0,0,2444,5,0,1024,1024,0,1549,0
1535,4.58320,0.17880,3.64290,0.73760,0.02320,0,0,0,2444,5,0,1024,1024,0,1549,0
1536,3.57540,0.18550,2.57210,0.79480,0.02230,0,0,0,2444,5,0,1024,1024,0,1549,0
1537,3.46590,0.16140,2.54360,0.74190,0.01840,0,0,0,2444,5,0,1024,1024,0,1549,0
1538,3.48180,0.18550,2.55320,0.71680,0.02580,0,0,0,2444,5,0,1024,1024,0,1549,0
1539,3.53260,0.17600,2.55130,0.78430,0.02020,0,0,0,2444,5,0,1024,1024,0,1549,0
1540,3.45720,0.17480,2.53940,0.72340,0.01910,0,0,0,2444,5,0,1024,1024,0,1549,0
1541,3.72640,0.17470,2.80130,0.72900,0.02050,0,0,0,2444,5,0,1024,1024,0,1549,0
1542,3.55720,0.19860,2.56350,0.77200,0.02250,0,0,0,2444,5,0,1024,1024,0,1549,0
1543,3.42520,0.18770,2.48040,0.73590,0.02060,0,0,0,2444,5,0,1024,1024,0,1549,0
1544,3.53810,0.16720,2.55490,0.76740,0.04750,0,0,0,2444,5,0,1024,1024,0,1549,0
1545,3.62980,0.21780,2.54330,0.84450,0.02340,0,0,0,2444,5,0,1024,1024,0,1549,0
1546,5.22400,1.64000,2.73860,0.81860,0.02620,0,0,0,2444,5,0,1024,1024,0,1549,0
1547,4.69440,0.17880,3.68670,0.80710,0.02110,0,0,0,2444,5,0,1024,1024,0,1549,0
1548,3.49330,0.17590,2.49200,0.74380,0.08070,0,0,0,2444,5,0,1024,1024,0,1549,0
1549,3.43470,0.22110,2.45560,0.73480,0.02250,0,0,0,2444,5,0,1024,1024,0,1549,0
1550,4.92790,0.21490,3.95100,0.73840,0.02270,0,0,0,2444,5,0,1024,1024,0,1549,0
1551,3.57850,0.20470,2.56320,0.78750,0.02240,0,0,0,2444,5,0,1024,1024,0,1549,0
1552,3.44100,0.20190,2.41970,0.79060,0.02810,0,0,0,2444,5,0,1024,1024,0,1549,0
1553,3.42970,0.21100,2.45940,0.73610,0.02270,0,0,0,2444,5,0,1024,1024,0,1549,0
1554,3.66410,0.21440,2.61240,0.81700,0.01960,0,0,0,2444,5,0,1024,1024,0,1549,0
1555,3.40310,0.22830,2.42200,0.71860,0.03350,0,0,0,2444,5,0,1024,1024,0,1549,0
1556,3.41710,0.22070,2.41630,0.76010,0.01950,0,0,0,2444,5,0,1024,1024,0,1549,0
1557,3.38710,0.21460,2.42790,0.72230,0.02170,0,0,0,2444,5,0,1024,1024,0,1549,0
1558,3.43020,0.18190,2.42070,0.79340,0.03320,0,0,0,2444,5,0,1024,1024,0,1549,0
1559,3.40080,0.19200,2.42600,0.75850,0.02380,0,0,0,2444,5,0,1024,1024,0,1549,0
1560,3.46520,0.18470,2.46680,0.78980,0.02300,0,0,0,2444,5,0,1024,1024,0,1549,0
1561,5.04410,1.73310,2.52470,0.76090,0.02440,0,0,0,2444,5,0,1024,1024,0,1549,0
1562,3.38580,0.23770,2.37160,0.75400,0.02190,0,0,0,2444,5,0,1024,1024,0,1549,0
1563,3.59310,0.20600,2.47810,0.88320,0.02520,0,0,0,2444,5,0,1024,1024,0,1549,0
1564,3.51020,0.21150,2.45150,0.81510,0.03140,0,0,0,2444,5,0,1024,1024,0,1549,0
1565,3.34840,0.21370,2.37690,0.73050,0.02670,0,0,0,2444,5,0,1024,1024,0,1549,0
1566,3.46090,0.22370,2.37330,0.83670,0.02640,0,0,0,2444,5,0,1024,1024,0,1549,0
1567,3.46790,0.21040,2.36150,0.86690,0.02850,0,0,0,2444,5,0,1024,1024,0,1549,0
1568,3.48720,0.23050,2.32830,0.90220,0.02560,0,0,0,2444,5,0,1024,1024,0,1549,0
1569,3.38840,0.24290,2.31760,0.79590,0.02880,0,0,0,2444,5,0,1024,1024,0,1549,0
1570,3.47750,0.19070,2.49830,0.76050,0.02710,0,0,0,2444,5,0,1024,1024,0,1549,0
1571,3.31790,0.18530,2.28840,0.82160,0.02190,0,0,0,2444,5,0,1024,1024,0,1549,0
1572,3.48780,0.24490,2.41030,0.81110,0.02090,0,0,0,2444,5,0,1024,1024,0,1549,0
1573,3.42020,0.20530,2.41150,0.77850,0.02400,0,0,0,2444,5,0,1024,1024,0,1549,0
1574,3.37890,0.24450,2.36230,0.75010,0.02140,0,0,0,2444,5,0,1024,1024,0,1549,0
1575,3.56790,0.26520,2.45670,0.82370,0.02130,0,0,0,2444,5,0,1024,1024,0,1549,0
1576,4.84410,1.64220,2.35310,0.82490,0.02310,0,0,0,2444,5,0,1024,1024,0,1549,0
1577,3.41060,0.24210,2.38840,0.75500,0.02450,0,0,0,2444,5,0,1024,1024,0,1549,0
1578,3.55520,0.24610,2.47490,0.80840,0.02500,0,0,0,2444,5,0,1024,1024,0,1549,0
1579,3.28950,0.22170,2.30090,0.74260,0.02350,0,0,0,2444,5,0,1024,1024,0,1549,0
1580,3.41830,0.22360,2.36420,0.80860,0.02110,0,0,0,2444,5,0,1024,1024,0,1549,0
1581,3.27730,0.18650,2.32640,0.74100,0.02270,0,0,0,2444,5,0,1024,1024,0,1549,0
1582,3.26230,0.23160,2.25070,0.75700,0.02230,0,0,0,2444,5,0,1024,1024,0,1549,0
1583,3.27090,0.20090,2.31020,0.73800,0.02100,0,0,0,2444,5,0,1024,1024,0,1549,0
1584,3.14740,0.22200,2.19890,0.70340,0.02240,0,0,0,2444,5,0,1024,1024,0,1549,0
1585,3.32140,0.19230,2.30290,0.80070,0.02370,0,0,0,2444,5,0,1024,1024,0,1549,0
1586,3.29370,0.22360,2.28960,0.74680,0.03210,0,0,0,2444,5,0,1024,1024,0,1549,0
1587,3.37480,0.22070,2.34700,0.69920,0.10640,0,0,0,2444,5,0,1024,1024,0,1549,0
1588,3.27140,0.21070,2.29140,0.74820,0.02020,0,0,0,2444,5,0,1024,1024,0,1549,0
1589,3.27330,0.18390,2.30350,0.76200,0.02320,0,0,0,2444,5,0,1024,1024,0,1549,0
1590,3.20390,0.23500,2.21220,0.73260,0.02330,0,0,0,2444,5,0,1024,1024,0,1549,0
1591,4.83040,1.62720,2.36170,0.81440,0.02620,0,0,0,2444,5,0,1024,1024,0,1549,0
1592,3.28690,0.25480,2.20850,0.79550,0.02730,0,0,0,2444,5,0,1024,1024,0,1549,0
1593,3.14800,0.21930,2.16090,0.74210,0.02510,0,0,0,2444,5,0,1024,1024,0,1549,0
1594,3.55400,0.21750,2.43840,0.87170,0.02560,0,0,0,2444,5,0,1024,1024,0,1549,0
1595,3.40940,0.23020,2.25410,0.89740,0.02690,0,0,0,2444,5,0,1024,1024,0,1549,0
1596,3.21400,0.22830,2.20030,0.75750,0.02740,0,0,0,2444,5,0,1024,1024,0,1549,0
1597,3.15690,0.22830,2.17000,0.72720,0.03070,0,0,0,2444,5,0,1024,1024,0,1549,0
1598,3.28500,0.22290,2.19070,0.84380,0.02670,0,0,0,2444,5,0,1024,1024,0,1549,0
1599,3.21720,0.23270,2.20880,0.74870,0.02630,0,0,0,2444,5,0,1024,1024,0,1549,0
1600,3.20640,0.20130,2.25820,0.72060,0.02540,0,0,0,2444,5,0,1024,1024,0,1549,0
1601,3.27670,0.21330,2.20350,0.83150,0.02770,0,0,0,2444,5,0,1024,1024,0,1549,0
1602,3.23290,0.22180,2.21260,0.77590,0.02200,0,0,0,2444,5,0,1024,1024,0,1549,0
1603,3.34570,0.22750,2.22970,0.86070,0.02740,0,0,0,2444,5,0,1024,1024,0,1549,0
1604,3.08370,0.22260,2.09930,0.73650,0.02450,0,0,0,2444,5,0,1024,1024,0,1549,0
1605,3.15100,0.20550,2.17680,0.74220,0.02570,0,0,0,2444,5,0,1024,1024,0,1549,0
1606,4.87200,1.80690,2.27880,0.75450,0.03110,0,0,0,2444,5,0,1024,1024,0,1549,0
1607,3.20220,0.23050,2.16300,0.78560,0.02230,0,0,0,2444,5,0,1024,1024,0,1549,0
1608,3.20930,0.20460,2.16870,0.81230,0.02320,0,0,0,2444,5,0,1024,1024,0,1549,0
1609,3.24030,0.20470,2.25550,0.75700,0.02250,0,0,0,2444,5,0,1024,1024,0,1549,0
1610,3.25970,0.24570,2.22740,0.76080,0.02530,0,0,0,2444,5,0,1024,1024,0,1549,0
1611,3.13070,0.21140,2.15900,0.73320,0.02630,0,0,0,2444,5,0,1024,1024,0,1549,0
1612,3.17600,0.23400,2.16210,0.75780,0.02140,0,0,0,2444,5,0,1024,1024,0,1549,0
1613,3.16920,0.21550,2.20910,0.72320,0.02090,0,0,0,2444,5,0,1024,1024,0,1549,0
1614,3.18040,0.21360,2.21730,0.72500,0.02370,0,0,0,2444,5,0,1024,1024,0,1549,0
1615,3.20940,0.17930,2.27980,0.72770,0.02200,0,0,0,2444,5,0,1024,1024,0,1549,0
1616,3.17030,0.23330,2.18590,0.72690,0.02350,0,0,0,2444,5,0,1024,1024,0,1549,0
1617,3.14780,0.19380,2.20850,0.72180,0.02310,0,0,0,2444,5,0,1024,1024,0,1549,0
1618,3.21200,0.23920,2.20340,0.74580,0.02290,0,0,0,2444,5,0,1024,1024,0,1549,0
1619,3.18350,0.21640,2.19490,0.74970,0.02180,0,0,0,2444,5,0,1024,1024,0,1549,0
1620,3.14080,0.21890,2.11370,0.78650,0.02110,0,0,0,2444,5,0,1024,1024,0,1549,0
1621,5.84840,2.09880,2.98780,0.73740,0.02260,0,0,0,2444,5,0,1024,1024,0,1549,0
1622,3.48840,0.17270,2.52360,0.77040,0.02080,0,0,0,2444,5,0,1024,1024,0,1549,0
1623,5.28410,0.20550,4.25550,0.80390,0.01820,0,0,0,2444,5,0,1024,1024,0,1549,0
1624,4.44510,0.18730,3.43110,0.80490,0.02060,0,0,0,2444,5,0,1024,1024,0,1549,0
1625,3.63200,0.17280,2.66130,0.77700,0.01990,0,0,0,2444,5,0,1024,1024,0,1549,0
1626,4.08080,0.19330,3.06190,0.79580,0.02900,0,0,0,2444,5,0,1024,1024,0,1549,0
1627,4.34090,0.25360,3.28670,0.77680,0.02280,0,0,0,2444,5,0,1024,1024,0,1549,0
1628,4.98580,0.19140,3.99300,0.77350,0.02700,0,0,0,2444,5,0,1024,1024,0,1549,0
1629,4.40360,0.18780,3.44280,0.74450,0.02770,0,0,0,2444,5,0,1024,1024,0,1549,0
1630,4.89020,0.19100,3.92000,0.75630,0.02200,0,0,0,2444,5,0,1024,1024,0,1549,0
1631,3.89940,0.19490,2.94550,0.73400,0.02380,0,0,0,2444,5,0,1024,1024,0,1549,0
1632,3.51610,0.20510,2.50120,0.78460,0.02430,0,0,0,2444,5,0,1024,1024,0,1549,0
1633,3.22610,0.24160,2.20160,0.75510,0.02700,0,0,0,2444,5,0,1024,1024,0,1549,0
1634,3.19250,0.23560,2.20530,0.73010,0.02070,0,0,0,2444,5,0,1024,1024,0,1549,0
1635,3.28170,0.21520,2.29400,0.74920,0.02260,0,0,0,2444,5,0,1024,1024,0,1549,0
1636,5.14520,1.98370,2.35990,0.77830,0.02200,0,0,0,2444,5,0,1024,1024,0,1549,0
1637,3.24390,0.22500,2.18680,0.81100,0.02050,0,0,0,2444,5,0,1024,1024,0,1549,0
1638,3.29860,0.24210,2.28250,0.75220,0.02140,0,0,0,2444,5,0,1024,1024,0,1549,0
1639,3.19100,0.22290,2.21840,0.72600,0.02280,0,0,0,2444,5,0,1024,1024,0,1549,0
1640,3.34470,0.22920,2.29670,0.79660,0.02150,0,0,0,2444,5,0,1024,1024,0,1549,0
1641,3.24140,0.23220,2.19800,0.78920,0.02130,0,0,0,2444,5,0,1024,1024,0,1549,0
1642,3.16160,0.21840,2.16030,0.76070,0.02150,0,0,0,2444,5,0,1024,1024,0,1549,0
1643,3.20340,0.21220,2.19730,0.77180,0.02130,0,0,0,2444,5,0,1024,1024,0,1549,0
1644,3.29220,0.22850,2.24630,0.79670,0.01990,0,0,0,2444,5,0,1024,1024,0,1549,0
1645,3.15880,0.17910,2.22000,0.73570,0.02320,0,0,0,2444,5,0,1024,1024,0,1549,0
1646,3.23730,0.21070,2.21520,0.78990,0.02070,0,0,0,2444,5,0,1024,1024,0,1549,0
1647,3.24300,0.22340,2.26960,0.72440,0.02510,0,0,0,2444,5,0,1024,1024,0,1549,0
1648,3.33260,0.27770,2.30560,0.72610,0.02250,0,0,0,2444,5,0,1024,1024,0,1549,0
1649,3.20460,0.23500,2.22860,0.71860,0.02160,0,0,0,2444,5,0,1024,1024,0,1549,0
1650,3.25110,0.20040,2.27650,0.75300,0.02050,0,0,0,2444,5,0,1024,1024,0,1549,0
1651,6.71010,1.74710,4.10390,0.83880,0.01910,0,0,0,2444,5,0,1024,1024,0,1549,0
1652,5.82730,0.16210,4.63090,1.00610,0.02750,0,0,0,2444,5,0,1024,1024,0,1549,0
1653,6.66130,0.18010,5.59330,0.86940,0.01760,0,0,0,2444,5,0,1024,1024,0,1549,0
1654,4.85490,0.18300,3.86920,0.78360,0.01830,0,0,0,2444,5,0,1024,1024,0,1549,0
1655,4.73040,0.16100,3.69200,0.86040,0.01640,0,0,0,2444,5,0,1024,1024,0,1549,0
1656,5.88620,0.16090,4.88240,0.82560,0.01670,0,0,0,2444,5,0,1024,1024,0,1549,0
1657,4.66490,0.15570,3.66590,0.82690,0.01580,0,0,0,2444,5,0,1024,1024,0,1549,0
1658,4.70430,0.17840,3.72360,0.78340,0.01830,0,0,0,2444,5,0,1024,1024,0,1549,0
1659,4.03070,0.20790,3.03610,0.76850,0.01740,0,0,0,2444,5,0,1024,1024,0,1549,0
1660,3.78820,0.20300,2.79600,0.77270,0.01610,0,0,0,2444,5,0,1024,1024,0,1549,0
1661,3.93050,0.19320,2.92520,0.79450,0.01690,0,0,0,2444,5,0,1024,1024,0,1549,0
1662,3.95810,0.17150,2.82730,0.92720,0.03120,0,0,0,2444,5,0,1024,1024,0,1549,0
1663,3.90950,0.18370,2.87530,0.83040,0.01950,0,0,0,2444,5,0,1024,1024,0,1549,0
1664,3.93260,0.16950,2.96790,0.77510,0.01950,0,0,0,2444,5,0,1024,1024,0,1549,0
1665,3.93930,0.16620,2.96230,0.79020,0.02000,0,0,0,2444,5,0,1024,1024,0,1549,0
1666,6.80040,1.92390,4.06540,0.79180,0.01860,0,0,0,2444,5,0,1024,1024,0,1549,0
1667,3.55560,0.19350,2.59030,0.75350,0.01760,0,0,0,2444,5,0,1024,1024,0,1549,0
1668,3.65480,0.21190,2.68740,0.73480,0.02000,0,0,0,2444,5,0,1024,1024,0,1549,0
1669,3.88580,0.18890,2.86830,0.80940,0.01850,0,0,0,2444,5,0,1024,1024,0,1549,0
1670,3.87370,0.17420,2.91390,0.76820,0.01690,0,0,0,2444,5,0,1024,1024,0,1549,0
1671,4.53910,0.17320,3.48130,0.78780,0.09600,0,0,0,2444,5,0,1024,1024,0,1549,0
1672,4.98320,0.16950,3.96340,0.83250,0.01720,0,0,0,2444,5,0,1024,1024,0,1549,0
1673,4.93420,0.17580,3.97470,0.76480,0.01840,0,0,0,2444,5,0,1024,1024,0,1549,0
1674,3.59270,0.17710,2.56270,0.82580,0.02650,0,0,0,2444,5,0,1024,1024,0,1549,0
1675,3.81950,0.21200,2.72400,0.86560,0.01720,0,0,0,2444,5,0,1024,1024,0,1549,0
1676,3.51750,0.18150,2.59720,0.72310,0.01510,0,0,0,2444,5,0,1024,1024,0,1549,0
1677,3.52710,0.18870,2.57410,0.74270,0.02070,0,0,0,2444,5,0,1024,1024,0,1549,0
1678,3.60860,0.16790,2.67640,0.74500,0.01850,0,0,0,2444,5,0,1024,1024,0,1549,0
1679,4.94580,0.19140,3.95290,0.77960,0.02110,0,0,0,2444,5,0,1024,1024,0,1549,0
1680,3.59030,0.17880,2.53620,0.85700,0.01780,0,0,0,2444,5,0,1024,1024,0,1549,0
1681,5.35810,1.99910,2.58690,0.74320,0.02790,0,0,0,2444,5,0,1024,1024,0,1549,0
1682,3.49890,0.17230,2.58280,0.72370,0.01940,0,0,0,2444,5,0,1024,1024,0,1549,0
1683,3.62660,0.17300,2.55870,0.87110,0.02310,0,0,0,2444,5,0,1024,1024,0,1549,0
1684,3.49450,0.21620,2.52230,0.73610,0.01930,0,0,0,2444,5,0,1024,1024,0,1549,0
1685,3.54420,0.17000,2.55510,0.79810,0.02020,0,0,0,2444,5,0,1024,1024,0,1549,0
1686,3.53790,0.17030,2.56250,0.78110,0.02330,0,0,0,2444,5,0,1024,1024,0,1549,0
1687,3.61930,0.17530,2.64270,0.78250,0.01810,0,0,0,2444,5,0,1024,1024,0,1549,0
1688,3.43190,0.17700,2.49070,0.74240,0.02090,0,0,0,2444,5,0,1024,1024,0,1549,0
1689,3.41920,0.18800,2.49140,0.71530,0.02360,0,0,0,2444,5,0,1024,1024,0,1549,0
1690,3.46120,0.20720,2.41280,0.81570,0.02470,0,0,0,2444,5,0,1024,1024,0,1549,0
1691,3.52970,0.21060,2.53930,0.75680,0.02240,0,0,0,2444,5,0,1024,1024,0,1549,0
1692,3.49570,0.20680,2.48720,0.78170,0.01940,0,0,0,2444,5,0,1024,1024,0,1549,0
1693,4.97470,0.23000,3.92580,0.79860,0.01980,0,0,0,2444,5,0,1024,1024,0,1549,0
1694,3.50750,0.28690,2.43370,0.75420,0.03210,0,0,0,2444,5,0,1024,1024,0,1549,0
1695,3.33520,0.21650,2.34940,0.74830,0.02040,0,0,0,2444,5,0,1024,1024,0,1549,0
1696,5.12170,1.89050,2.46050,0.74960,0.02030,0,0,0,2444,5,0,1024,1024,0,1549,0
1697,3.30320,0.21650,2.33770,0.72880,0.01940,0,0,0,2444,5,0,1024,1024,0,1549,0
1698,3.35570,0.24540,2.34840,0.74170,0.01940,0,0,0,2444,5,0,1024,1024,0,1549,0
1699,3.36270,0.21180,2.39340,0.73540,0.02150,0,0,0,2444,5,0,1024,1024,0,1549,0
1700,3.29020,0.22690,2.28520,0.75420,0.02330,0,0,0,2444,5,0,1024,1024,0,1549,0
1701,3.26470,0.20410,2.29180,0.74520,0.02290,0,0,0,2444,5,0,1024,1024,0,1549,0
1702,3.31550,0.22250,2.29440,0.77280,0.02500,0,0,0,2444,5,0,1024,1024,0,1549,0
1703,3.22180,0.22380,2.24570,0.72560,0.02570,0,0,0,2444,5,0,1024,1024,0,1549,0
1704,3.30980,0.22340,2.29750,0.76590,0.02220,0,0,0,2444,5,0,1024,1024,0,1549,0
1705,3.18940,0.21640,2.22670,0.72440,0.02120,0,0,0,2444,5,0,1024,1024,0,1549,0
1706,3.40080,0.21560,2.34240,0.81620,0.02590,0,0,0,2444,5,0,1024,1024,0,1549,0
1707,3.19040,0.19370,2.26030,0.71250,0.02320,0,0,0,2444,5,0,1024,1024,0,1549,0
1708,3.16110,0.21400,2.19070,0.73330,0.02240,0,0,0,2444,5,0,1024,1024,0,1549,0
1709,3.27090,0.23140,2.26220,0.75150,0.02500,0,0,0,2444,5,0,1024,1024,0,1549,0
1710,3.19780,0.20360,2.23600,0.73510,0.02260,0,0,0,2444,5,0,1024,1024,0,1549,0
1711,6.25460,2.10360,3.31190,0.81380,0.02420,0,0,0,2444,5,0,1024,1024,0,1549,0
1712,4.53450,0.17570,3.47980,0.86070,0.01750,0,0,0,2444,5,0,1024,1024,0,1549,0
1713,5.74970,0.16070,4.68910,0.88480,0.01430,0,0,0,2444,5,0,1024,1024,0,1549,0
1714,5.39530,0.16130,4.35870,0.85960,0.01490,0,0,0,2444,5,0,1024,1024,0,1549,0
1715,6.06220,0.16140,5.02320,0.85760,0.01930,0,0,0,2444,5,0,1024,1024,0,1549,0
1716,3.89330,0.17200,2.93120,0.77290,0.01650,0,0,0,2444,5,0,1024,1024,0,1549,0
1717,3.93010,0.17440,2.96890,0.76990,0.01620,0,0,0,2444,5,0,1024,1024,0,1549,0
1718,3.93520,0.16620,2.92120,0.83150,0.01560,0,0,0,2444,5,0,1024,1024,0,1549,0
1719,3.93070,0.16550,2.97300,0.77160,0.01990,0,0,0,2444,5,0,1024,1024,0,1549,0
1720,3.86620,0.17000,2.89720,0.78150,0.01670,0,0,0,2444,5,0,1024,1024,0,1549,0
1721,3.83710,0.24240,2.83130,0.74300,0.01990,0,0,0,2444,5,0,1024,1024,0,1549,0
1722,5.05330,0.20110,3.98610,0.84630,0.01900,0,0,0,2444,5,0,1024,1024,0,1549,0
1723,3.74600,0.20090,2.79000,0.73480,0.01980,0,0,0,2444,5,0,1024,1024,0,1549,0
1724,3.69240,0.19180,2.72480,0.75690,0.01800,0,0,0,2444,5,0,1024,1024,0,1549,0
1725,3.87300,0.20060,2.86850,0.78640,0.01700,0,0,0,2444,5,0,1024,1024,0,1549,0
1726,5.75040,2.02230,2.92290,0.78920,0.01550,0,0,0,2444,5,0,1024,1024,0,1549,0
1727,3.71190,0.19990,2.73780,0.75680,0.01690,0,0,0,2444,5,0,1024,1024,0,1549,0
1728,3.60570,0.23170,2.60520,0.75080,0.01740,0,0,0,2444,5,0,1024,1024,0,1549,0
1729,3.55020,0.20270,2.60330,0.70940,0.03410,0,0,0,2444,5,0,1024,1024,0,1549,0
1730,3.58280,0.19740,2.61030,0.75770,0.01670,0,0,0,2444,5,0,1024,1024,0,1549,0
1731,4.94760,0.18490,3.94270,0.80090,0.01860,0,0,0,2444,5,0,1024,1024,0,1549,0
1732,3.57190,0.20550,2.63410,0.71560,0.01600,0,0,0,2444,5,0,1024,1024,0,1549,0
1733,3.86850,0.16690,2.61430,1.06860,0.01800,0,0,0,2444,5,0,1024,1024,0,1549,0
1734,3.45600,0.19690,2.52330,0.71760,0.01780,0,0,0,2444,5,0,1024,1024,0,1549,0
1735,3.50040,0.18350,2.52190,0.77680,0.01750,0,0,0,2444,5,0,1024,1024,0,1549,0
1736,3.62750,0.20020,2.63660,0.77100,0.01920,0,0,0,2444,5,0,1024,1024,0,1549,0
1737,3.46110,0.17290,2.54910,0.72030,0.01800,0,0,0,2444,5,0,1024,1024,0,1549,0
1738,3.47180,0.19940,2.51290,0.73780,0.02120,0,0,0,2444,5,0,1024,1024,0,1549,0
1739,3.54160,0.20030,2.61700,0.70830,0.01540,0,0,0,2444,5,0,1024,1024,0,1549,0
1740,3.48120,0.16490,2.57870,0.72020,0.01680,0,0,0,2444,5,0,1024,1024,0,1549,0
1741,6.62760,2.23870,3.55750,0.81140,0.01850,0,0,0,2444,5,0,1024,1024,0,1549,0
1742,4.88880,0.16090,3.79390,0.91480,0.01870,0,0,0,2444,5,0,1024,1024,0,1549,0
1743,4.40750,0.16150,3.38770,0.83720,0.02060,0,0,0,2444,5,0,1024,1024,0,1549,0
1744,4.32870,0.16700,3.35720,0.78930,0.01480,0,0,0,2444,5,0,1024,1024,0,1549,0
1745,4.42270,0.16590,3.43290,0.80870,0.01470,0,0,0,2444,5,0,1024,1024,0,1549,0
1746,4.11830,0.20340,3.12680,0.77250,0.01480,0,0,0,2444,5,0,1024,1024,0,1549,0
1747,4.12400,0.18760,3.07570,0.84220,0.01760,0,0,0,2444,5,0,1024,1024,0,1549,0
1748,4.40230,0.16480,3.42600,0.79590,0.01500,0,0,0,2444,5,0,1024,1024,0,1549,0
1749,3.94060,0.19560,2.93650,0.79210,0.01560,0,0,0,2444,5,0,1024,1024,0,1549,0
1750,3.67720,0.17100,2.73100,0.75210,0.02220,0,0,0,2444,5,0,1024,1024,0,1549,0
1751,3.91460,0.16760,2.93720,0.79350,0.01570,0,0,0,2444,5,0,1024,1024,0,1549,0
1752,3.92420,0.18340,2.92380,0.79910,0.01720,0,0,0,2444,5,0,1024,1024,0,1549,0
1753,3.84190,0.18350,2.86920,0.77230,0.01620,0,0,0,2444,5,0,1024,1024,0,1549,0
1754,4.86300,0.16710,3.87200,0.80650,0.01660,0,0,0,2444,5,0,1024,1024,0,1549,0
1755,3.91040,0.18380,2.93670,0.77230,0.01710,0,0,0,2444,5,0,1024,1024,0,1549,0
1756,5.69940,1.95260,2.93860,0.79170,0.01590,0,0,0,2444,5,0,1024,1024,0,1549,0
1757,3.84730,0.16910,2.88860,0.77020,0.01870,0,0,0,2444,5,0,1024,1024,0,1549,0
1758,4.03820,0.16980,2.98880,0.82340,0.05540,0,0,0,2444,5,0,1024,1024,0,1549,0
1759,3.92350,0.16980,2.95140,0.78420,0.01730,0,0,0,2444,5,0,1024,1024,0,1549,0
1760,4.84810,0.16700,3.78720,0.86650,0.02670,0,0,0,2444,5,0,1024,1024,0,1549,0
1761,3.78020,0.17100,2.61590,0.97400,0.01870,0,0,0,2444,5,0,1024,1024,0,1549,0
1762,3.58040,0.19830,2.61590,0.74760,0.01810,0,0,0,2444,5,0,1024,1024,0,1549,0
1763,3.69040,0.17420,2.56830,0.92770,0.01950,0,0,0,2444,5,0,1024,1024,0,1549,0
1764,3.82660,0.18200,2.82530,0.80070,0.01800,0,0,0,2444,5,0,1024,1024,0,1549,0
1765,3.47830,0.16580,2.56180,0.72340,0.02660,0,0,0,2444,5,0,1024,1024,0,1549,0
1766,4.65480,0.18150,3.66390,0.79100,0.01780,0,0,0,2444,5,0,1024,1024,0,1549,0
1767,3.85440,0.17780,2.65170,1.00880,0.01550,0,0,0,2444,5,0,1024,1024,0,1549,0
1768,3.45530,0.18280,2.53380,0.71610,0.02210,0,0,0,2444,5,0,1024,1024,0,1549,0
1769,5.06340,0.20630,3.80570,1.03500,0.01570,0,0,0,2444,5,0,1024,1024,0,1549,0
1770,3.60250,0.19940,2.60800,0.77400,0.02040,0,0,0,2444,5,0,1024,1024,0,1549,0
1771,5.57140,2.15840,2.62840,0.76410,0.01950,0,0,0,2444,5,0,1024,1024,0,1549,0
1772,3.59870,0.19570,2.65310,0.73040,0.01860,0,0,0,2444,5,0,1024,1024,0,1549,0
1773,3.43250,0.20960,2.42980,0.77130,0.02120,0,0,0,2444,5,0,1024,1024,0,1549,0
1774,3.47800,0.16940,2.56940,0.71890,0.01950,0,0,0,2444,5,0,1024,1024,0,1549,0
1775,3.44110,0.16900,2.53060,0.72210,0.01870,0,0,0,2444,5,0,1024,1024,0,1549,0
1776,3.56580,0.23440,2.52450,0.78150,0.02460,0,0,0,2444,5,0,1024,1024,0,1549,0
1777,3.39580,0.21940,2.41700,0.72820,0.03050,0,0,0,2444,5,0,1024,1024,0,1549,0
1778,3.44380,0.21320,2.39190,0.81510,0.02310,0,0,0,2444,5,0,1024,1024,0,1549,0
1779,3.57090,0.21350,2.48720,0.74810,0.12160,0,0,0,2444,5,0,1024,1024,0,1549,0
1780,3.46030,0.21740,2.42040,0.79500,0.02680,0,0,0,2444,5,0,1024,1024,0,1549,0
1781,3.41010,0.20960,2.40260,0.77380,0.02340,0,0,0,2444,5,0,1024,1024,0,1549,0
1782,3.36760,0.21760,2.39730,0.72930,0.02290,0,0,0,2444,5,0,1024,1024,0,1549,0
1783,3.54770,0.20260,2.44110,0.87670,0.02660,0,0,0,2444,5,0,1024,1024,0,1549,0
1784,3.39300,0.21970,2.39040,0.76030,0.02190,0,0,0,2444,5,0,1024,1024,0,1549,0
1785,3.40860,0.21330,2.40670,0.76720,0.02070,0,0,0,2444,5,0,1024,1024,0,1549,0
1786,5.17640,1.89530,2.52390,0.73310,0.02360,0,0,0,2444,5,0,1024,1024,0,1549,0
1787,3.48390,0.20880,2.44380,0.80320,0.02750,0,0,0,2444,5,0,1024,1024,0,1549,0
1788,3.43170,0.20870,2.43160,0.77080,0.01990,0,0,0,2444,5,0,1024,1024,0,1549,0
1789,3.41890,0.21840,2.42260,0.74380,0.03350,0,0,0,2444,5,0,1024,1024,0,1549,0
1790,3.38350,0.19950,2.41790,0.74110,0.02400,0,0,0,2444,5,0,1024,1024,0,1549,0
1791,3.44750,0.21550,2.44030,0.76910,0.02180,0,0,0,2444,5,0,1024,1024,0,1549,0
1792,3.59790,0.22890,2.46300,0.87980,0.02560,0,0,0,2444,5,0,1024,1024,0,1549,0
1793,3.39630,0.24880,2.34200,0.78410,0.02070,0,0,0,2444,5,0,1024,1024,0,1549,0
1794,3.39310,0.21310,2.40380,0.75400,0.02120,0,0,0,2444,5,0,1024,1024,0,1549,0
1795,3.33890,0.21000,2.35910,0.74800,0.02100,0,0,0,2444,5,0,1024,1024,0,1549,0
1796,3.49120,0.23600,2.45790,0.71090,0.08550,0,0,0,2444,5,0,1024,1024,0,1549,0
1797,3.31340,0.19510,2.29280,0.79380,0.03090,0,0,0,2444,5,0,1024,1024,0,1549,0
1798,3.28570,0.18220,2.31620,0.76530,0.02110,0,0,0,2444,5,0,1024,1024,0,1549,0
1799,3.22530,0.19090,2.26800,0.74470,0.02090,0,0,0,2444,5,0,1024,1024,0,1549,0
1800,3.21230,0.22890,2.22140,0.73970,0.02160,0,0,0,2444,5,0,1024,1024,0,1549,0
