frame,tick,dropped_ticks,frame_ms,pack_ms,upload_ms,submit_ms,upload_bytes,latest_gpu_ms,gpu_timing_timestamp,simulation_cpu_ms
301,150,0,3.55100,0.00000,0.00000,0.02260,0,-1.00000,665650081929,0.00000
302,151,0,0.99360,2.25540,0.19600,0.03900,2560000,-1.00000,665650086741,0.00000
303,151,0,3.16760,0.00000,0.00000,0.02060,0,-1.00000,665650181519,0.00000
304,152,0,0.45340,2.25900,0.22810,0.02190,2560000,-1.00000,665650278518,0.00000
305,152,0,10.90230,0.00000,0.00000,0.04240,0,-1.00000,665650314022,0.00000
306,153,0,9.52120,2.17860,0.18450,0.03790,2560000,-1.00000,665650323932,0.00000
307,153,0,9.54580,0.00000,0.00000,0.02670,0,-1.00000,665650355621,0.00000
308,154,0,19.08780,2.12590,0.18580,0.03060,2560000,-1.00000,665650360134,0.00000
309,154,0,3.12790,0.00000,0.00000,0.02150,0,-1.00000,665650469246,0.00000
310,155,0,0.64300,2.15870,0.19690,0.02270,2560000,-1.00000,665650564403,0.00000
311,155,0,3.00250,0.00000,0.00000,0.01800,0,-1.00000,665650659857,0.00000
312,156,0,0.53430,3.02300,0.27480,0.03380,2560000,-1.00000,665650850722,0.00000
313,156,0,11.81620,0.00000,0.00000,0.02560,0,-1.00000,665650881997,0.00000
314,157,0,12.80490,2.30180,0.20750,0.02540,2560000,-1.00000,665650888417,0.00000
315,157,0,3.33120,0.00000,0.00000,0.02060,0,-1.00000,665650918456,0.00000
316,158,0,0.50960,2.21660,0.22200,0.02120,2560000,-1.00000,665650923781,0.00000
317,158,0,3.12980,0.00000,0.00000,0.01930,0,-1.00000,665651041983,0.00000
318,159,0,0.50970,2.24810,0.25080,0.02570,2560000,-1.00000,665651169998,0.00000
319,159,0,3.13940,0.00000,0.00000,0.01890,0,-1.00000,665651203318,0.00000
320,160,0,0.68000,2.20330,0.24940,0.02570,2560000,-1.00000,665651208405,0.00000
321,160,0,3.15349,0.00000,0.00000,0.02240,0,-1.00000,665651239701,0.00000
322,161,0,1.59550,2.14510,0.22690,0.02980,2560000,-1.00000,665651244796,0.00000
323,161,0,3.15561,0.00000,0.00000,0.02360,0,-1.00000,665651276206,0.00000
324,162,0,1.72170,2.10610,0.21600,0.02340,2560000,-1.00000,665651282987,0.00000
325,162,0,2.94520,0.00000,0.00000,0.01730,0,-1.00000,665651314541,0.00000
326,163,0,1.61769,2.10600,0.22850,0.02460,2560000,-1.00000,665651330486,0.00000
327,163,0,2.99170,0.00000,0.00000,0.01720,0,-1.00000,665651362057,0.00000
328,164,0,2.05870,2.21330,0.21710,0.02370,2560000,-1.00000,665651379253,0.00000
329,164,0,3.06760,0.00000,0.00000,0.01770,0,-1.00000,665651408708,0.00000
330,165,0,1.51200,2.24400,0.19320,0.02210,2560000,-1.00000,665651424877,0.00000
331,165,0,3.11150,0.00000,0.00000,0.02040,0,-1.00000,665651454805,0.00000
332,166,0,1.91430,2.22970,0.23170,0.02240,2560000,-1.00000,665651475385,0.00000
333,166,0,3.04660,0.00000,0.00000,0.01780,0,-1.00000,665651506068,0.00000
334,167,0,1.55420,2.28530,0.20000,0.03230,2560000,-1.00000,665651521183,0.00000
335,167,0,3.28610,0.00000,0.00000,0.01940,0,-1.00000,665651552304,0.00000
336,168,0,1.22090,2.24870,0.23770,0.02990,2560000,-1.00000,665651571440,0.00000
337,168,0,3.17310,0.00000,0.00000,0.02190,0,-1.00000,665651601907,0.00000
338,169,0,4.24510,2.11260,0.23760,0.02230,2560000,-1.00000,665651617446,0.00000
339,169,0,2.94320,0.00000,0.00000,0.01950,0,-1.00000,665651650328,0.00000
340,170,0,0.50150,2.27640,0.23550,0.02240,2560000,-1.00000,665651662523,0.00000
341,170,0,3.06600,0.00000,0.00000,0.01950,0,-1.00000,665651694261,0.00000
342,171,0,0.63630,2.28980,0.23110,0.02510,2560000,-1.00000,665651736698,0.00000
343,171,0,3.22490,0.00000,0.00000,0.01710,0,-1.00000,665651766133,0.00000
344,172,0,1.64719,2.22500,0.20820,0.02260,2560000,-1.00000,665651771148,0.00000
345,172,0,3.03990,0.00000,0.00000,0.01970,0,-1.00000,665651801813,0.00000
346,173,0,5.20500,2.11540,0.24300,0.02280,2560000,-1.00000,665651808163,0.00000
347,173,0,3.08580,0.00000,0.00000,0.02170,0,-1.00000,665651840422,0.00000
348,174,0,0.52270,2.28010,0.20980,0.03860,2560000,-1.00000,665651856889,0.00000
349,174,0,3.23520,0.00000,0.00000,0.01820,0,-1.00000,665651887293,0.00000
350,175,0,0.59580,2.24220,0.22100,0.02550,2560000,-1.00000,665651939337,0.00000
351,175,0,3.13520,0.00000,0.00000,0.01860,0,-1.00000,665651970206,0.00000
352,176,0,3.12990,2.16800,0.21560,0.02440,2560000,-1.00000,665651975424,0.00000
353,176,0,2.98490,0.00000,0.00000,0.02160,0,-1.00000,665652007810,0.00000
354,177,0,3.93040,2.29370,0.21360,0.02730,2560000,-1.00000,665652013733,0.00000
355,177,0,3.05750,0.00000,0.00000,0.02150,0,-1.00000,665652045096,0.00000
356,178,0,0.41460,2.31720,0.21820,0.02290,2560000,-1.00000,665652076386,0.00000
357,178,0,3.06800,0.00000,0.00000,0.01900,0,-1.00000,665652106242,0.00000
358,179,0,0.38960,2.16050,0.22330,0.02090,2560000,-1.00000,665652145534,0.00000
359,179,0,3.00561,0.00000,0.00000,0.01940,0,-1.00000,665652176119,0.00000
360,180,0,3.73800,2.35300,0.21110,0.03880,2560000,-1.00000,665652180256,0.00000
361,180,0,3.24960,0.00000,0.00000,0.02130,0,-1.00000,665652210937,0.00000
362,181,0,1.45640,2.26430,0.23240,0.03710,2560000,-1.00000,665652214829,0.00000
363,181,0,3.22630,0.00000,0.00000,0.01900,0,-1.00000,665652244892,0.00000
364,182,0,1.18420,2.28920,0.24650,0.03500,2560000,-1.00000,665652282271,0.00000
365,182,0,3.26750,0.00000,0.00000,0.02490,0,-1.00000,665652314798,0.00000
366,183,0,1.46960,2.42550,0.28420,0.05540,2560000,-1.00000,665652329336,0.00000
367,183,0,3.57260,0.00000,0.00000,0.02350,0,-1.00000,665652361619,0.00000
368,184,0,0.93070,2.36120,0.22700,0.04170,2560000,-1.00000,665652373449,0.00000
369,184,0,3.30030,0.00000,0.00000,0.02160,0,-1.00000,665652406149,0.00000
370,185,0,0.38450,2.28750,0.21230,0.04010,2560000,-1.00000,665652420812,0.00000
371,185,0,3.17170,0.00000,0.00000,0.02000,0,-1.00000,665652456566,0.00000
372,186,0,0.44310,2.20610,0.23370,0.03870,2560000,-1.00000,665652465851,0.00000
373,186,0,6.26840,0.00000,0.00000,0.03600,0,-1.00000,665652498878,0.00000
374,187,0,0.58480,2.24050,0.19710,0.03920,2560000,-1.00000,665652502683,0.00000
375,187,0,3.18650,0.00000,0.00000,0.02010,0,-1.00000,665652534435,0.00000
376,188,0,0.79950,2.25870,0.21770,0.04940,2560000,-1.00000,665652538833,0.00000
377,188,0,3.31610,0.00000,0.00000,0.02790,0,-1.00000,665652601579,0.00000
378,189,0,9.30810,2.23210,0.29630,0.05650,2560000,-1.00000,665652607372,0.00000
379,189,0,3.46991,0.00000,0.00000,0.02740,0,-1.00000,665652639256,0.00000
380,190,0,0.63350,2.46910,0.24010,0.04780,2560000,-1.00000,665652647235,0.00000
381,190,0,3.58340,0.00000,0.00000,0.02780,0,-1.00000,665652680437,0.00000
382,191,0,0.52389,2.10590,0.21340,0.03760,2560000,-1.00000,665652773554,0.00000
383,191,0,3.12100,0.00000,0.00000,0.02730,0,-1.00000,665652808237,0.00000
384,192,0,0.55670,2.29710,0.21260,0.04100,2560000,-1.00000,665652814515,0.00000
385,192,0,3.50950,0.00000,0.00000,0.02740,0,-1.00000,665652850389,0.00000
386,193,0,0.57730,2.33130,0.32400,0.06090,2560000,-1.00000,665652855582,0.00000
387,193,0,3.59070,0.00000,0.00000,0.03130,0,-1.00000,665652886833,0.00000
388,194,0,0.53990,2.57400,0.30090,0.05270,2560000,-1.00000,665652892362,0.00000
389,194,0,3.62490,0.00000,0.00000,0.02270,0,-1.00000,665652927500,0.00000
390,195,0,0.46820,2.36920,0.21970,0.03920,2560000,-1.00000,665652933230,0.00000
391,195,0,3.35970,0.00000,0.00000,0.02160,0,-1.00000,665652969187,0.00000
392,196,0,1.24470,2.36780,0.23050,0.04090,2560000,-1.00000,665652974534,0.00000
393,196,0,3.29080,0.00000,0.00000,0.02250,0,-1.00000,665653010816,0.00000
394,197,0,1.16300,2.37630,0.23310,0.04310,2560000,-1.00000,665653015467,0.00000
395,197,0,3.35720,0.00000,0.00000,0.02320,0,-1.00000,665653049090,0.00000
396,198,0,3.49121,2.42750,0.22450,0.04630,2560000,-1.00000,665653061509,0.00000
397,198,0,3.41270,0.00000,0.00000,0.02210,0,-1.00000,665653094444,0.00000
398,199,0,1.13450,2.40750,0.24880,0.04350,2560000,-1.00000,665653106053,0.00000
399,199,0,3.36550,0.00000,0.00000,0.02190,0,-1.00000,665653139650,0.00000
400,200,0,3.49510,2.46230,0.26850,0.04980,2560000,-1.00000,665653174549,0.00000
401,200,0,3.67380,0.00000,0.00000,0.02710,0,-1.00000,665653208682,0.00000
402,201,0,0.81850,2.36660,0.22280,0.02640,2560000,-1.00000,665653219998,0.00000
403,201,0,4.55260,0.00000,0.00000,0.02310,0,-1.00000,665653253693,0.00000
404,202,0,0.42470,2.37460,0.26820,0.02470,2560000,-1.00000,665653288707,0.00000
405,202,0,3.17280,0.00000,0.00000,0.02300,0,-1.00000,665653325385,0.00000
406,203,0,1.09060,2.37030,0.30190,0.04470,2560000,-1.00000,665653333542,0.00000
407,203,0,3.34590,0.00000,0.00000,0.01970,0,-1.00000,665653379089,0.00000
408,204,0,1.17560,2.33340,0.27140,0.02710,2560000,-1.00000,665653383303,0.00000
409,204,0,3.39540,0.00000,0.00000,0.02280,0,-1.00000,665653415033,0.00000
410,205,0,4.33570,2.30590,0.29740,0.02380,2560000,-1.00000,665653425939,0.00000
411,205,0,3.22120,0.00000,0.00000,0.01900,0,-1.00000,665653459403,0.00000
412,206,0,0.46200,2.23720,0.25400,0.02560,2560000,-1.00000,665653471156,0.00000
413,206,0,3.16811,0.00000,0.00000,0.02270,0,-1.00000,665653505114,0.00000
414,207,0,0.87490,2.50750,0.24160,0.03630,2560000,-1.00000,665653548464,0.00000
415,207,0,3.50310,0.00000,0.00000,0.02440,0,-1.00000,665653580678,0.00000
416,208,0,0.52370,2.45990,0.25260,0.02810,2560000,-1.00000,665653585289,0.00000
417,208,0,3.41380,0.00000,0.00000,0.02380,0,-1.00000,665653617032,0.00000
418,209,0,0.51260,2.39800,0.27390,0.03140,2560000,-1.00000,665653625730,0.00000
419,209,0,3.29650,0.00000,0.00000,0.02030,0,-1.00000,665653660783,0.00000
420,210,0,0.47400,2.20290,0.20970,0.02850,2560000,-1.00000,665653665990,0.00000
421,210,0,3.10830,0.00000,0.00000,0.02160,0,-1.00000,665653700142,0.00000
422,211,0,0.57460,2.41470,0.22370,0.02880,2560000,-1.00000,665653705369,0.00000
423,211,0,3.36740,0.00000,0.00000,0.02160,0,-1.00000,665653738229,0.00000
424,212,0,0.51480,2.38470,0.21300,0.02580,2560000,-1.00000,665653742961,0.00000
425,212,0,3.46830,0.00000,0.00000,0.02240,0,-1.00000,665653774053,0.00000
426,213,0,0.43241,2.18530,0.34920,0.02080,2560000,-1.00000,665653779787,0.00000
427,213,0,3.15640,0.00000,0.00000,0.02190,0,-1.00000,665653813472,0.00000
428,214,0,0.45040,2.46840,0.22870,0.02730,2560000,-1.00000,665653818604,0.00000
429,214,0,3.38530,0.00000,0.00000,0.03310,0,-1.00000,665653853306,0.00000
430,215,0,0.51090,2.25700,0.25270,0.02450,2560000,-1.00000,665653857626,0.00000
431,215,0,3.15630,0.00000,0.00000,0.02230,0,-1.00000,665653889179,0.00000
432,216,0,1.21760,2.42370,0.27440,0.04630,2560000,-1.00000,665653893684,0.00000
433,216,0,3.74600,0.00000,0.00000,0.03700,0,-1.00000,665653927551,0.00000
434,217,0,0.78330,2.90630,0.21430,0.02830,2560000,-1.00000,665653932646,0.00000
435,217,0,8.95280,0.00000,0.00000,0.02060,0,-1.00000,665653964212,0.00000
436,218,0,2.28140,2.26380,0.20100,0.02580,2560000,-1.00000,665653976393,0.00000
437,218,0,3.06830,0.00000,0.00000,0.01900,0,-1.00000,665654013915,0.00000
438,219,0,1.51820,2.19480,0.23700,0.02390,2560000,-1.00000,665654021705,0.00000
439,219,0,3.13390,0.00000,0.00000,0.01950,0,-1.00000,665654111240,0.00000
440,220,0,3.60460,2.16310,0.21650,0.02480,2560000,-1.00000,665654134018,0.00000
441,220,0,3.03680,0.00000,0.00000,0.02390,0,-1.00000,665654164713,0.00000
442,221,0,0.47320,2.44620,0.26760,0.04550,2560000,-1.00000,665654179886,0.00000
443,221,0,3.58490,0.00000,0.00000,0.02350,0,-1.00000,665654211232,0.00000
444,222,0,2.13550,2.36010,0.22570,0.02500,2560000,-1.00000,665654247273,0.00000
445,222,0,3.20950,0.00000,0.00000,0.02130,0,-1.00000,665654277654,0.00000
446,223,0,3.63459,2.20060,0.21560,0.02810,2560000,-1.00000,665654282377,0.00000
447,223,0,3.09810,0.00000,0.00000,0.03430,0,-1.00000,665654318252,0.00000
448,224,0,0.51840,2.32780,0.28440,0.04580,2560000,-1.00000,665654339578,0.00000
449,224,0,3.45020,0.00000,0.00000,0.02370,0,-1.00000,665654371680,0.00000
450,225,0,0.54180,2.21450,0.21980,0.03960,2560000,-1.00000,665654408021,0.00000
451,225,0,3.17960,0.00000,0.00000,0.02360,0,-1.00000,665654439062,0.00000
452,226,0,0.63870,2.33790,0.19880,0.02580,2560000,-1.00000,665654444183,0.00000
453,226,0,3.22910,0.00000,0.00000,0.02260,0,-1.00000,665654478723,0.00000
454,227,0,3.57520,2.34400,0.27300,0.02800,2560000,-1.00000,665654484109,0.00000
455,227,0,3.27950,0.00000,0.00000,0.02430,0,-1.00000,665654515929,0.00000
456,228,0,0.56590,2.24130,0.23300,0.03290,2560000,-1.00000,665654522286,0.00000
457,228,0,3.23400,0.00000,0.00000,0.02410,0,-1.00000,665654554586,0.00000
458,229,0,0.54690,2.21890,0.25010,0.02790,2560000,-1.00000,665654590335,0.00000
459,229,0,3.16790,0.00000,0.00000,0.02010,0,-1.00000,665654623139,0.00000
460,230,0,0.66760,2.37610,0.23740,0.02510,2560000,-1.00000,665654628784,0.00000
461,230,0,3.23620,0.00000,0.00000,0.01940,0,-1.00000,665654661143,0.00000
462,231,0,1.18410,2.31440,0.21390,0.02640,2560000,-1.00000,665654666598,0.00000
463,231,0,3.24470,0.00000,0.00000,0.02140,0,-1.00000,665654698428,0.00000
464,232,0,0.49580,2.45380,0.23350,0.02360,2560000,-1.00000,665654704951,0.00000
465,232,0,3.33700,0.00000,0.00000,0.02500,0,-1.00000,665654737358,0.00000
466,233,0,0.64180,2.24420,0.23520,0.02630,2560000,-1.00000,665654749151,0.00000
467,233,0,3.17690,0.00000,0.00000,0.02370,0,-1.00000,665654781612,0.00000
468,234,0,0.51200,2.14720,0.24030,0.02940,2560000,-1.00000,665654786554,0.00000
469,234,0,3.01200,0.00000,0.00000,0.02250,0,-1.00000,665654819932,0.00000
470,235,0,3.84170,2.07010,0.23960,0.03730,2560000,-1.00000,665654826344,0.00000
471,235,0,3.16589,0.00000,0.00000,0.02430,0,-1.00000,665654858117,0.00000
472,236,0,0.49250,2.08490,0.21560,0.02740,2560000,-1.00000,665654863226,0.00000
473,236,0,3.02400,0.00000,0.00000,0.01980,0,-1.00000,665654893366,0.00000
474,237,0,2.40980,1.97370,0.23600,0.02360,2560000,-1.00000,665654931770,0.00000
475,237,0,2.81680,0.00000,0.00000,0.01960,0,-1.00000,665654963450,0.00000
476,238,0,0.54650,2.40850,0.25510,0.02730,2560000,-1.00000,665654968357,0.00000
477,238,0,3.35509,0.00000,0.00000,0.02610,0,-1.00000,665654998606,0.00000
478,239,0,2.38440,2.21170,0.27180,0.03480,2560000,-1.00000,665655022690,0.00000
479,239,0,3.15210,0.00000,0.00000,0.02030,0,-1.00000,665655050862,0.00000
480,240,0,0.49500,2.58420,0.26580,0.04940,2560000,-1.00000,665655056323,0.00000
481,240,0,3.93279,0.00000,0.00000,0.03370,0,-1.00000,665655089896,0.00000
482,241,0,1.50850,2.01510,0.21940,0.03430,2560000,-1.00000,665655113726,0.00000
483,241,0,3.05380,0.00000,0.00000,0.02340,0,-1.00000,665655145261,0.00000
484,242,0,3.83151,2.15410,0.21100,0.03350,2560000,-1.00000,665655150184,0.00000
485,242,0,3.08150,0.00000,0.00000,0.02480,0,-1.00000,665655189569,0.00000
486,243,0,1.42550,2.33130,0.21120,0.03950,2560000,-1.00000,665655204657,0.00000
487,243,0,3.25690,0.00000,0.00000,0.02700,0,-1.00000,665655235256,0.00000
488,244,0,1.33760,2.27280,0.23780,0.03810,2560000,-1.00000,665655273469,0.00000
489,244,0,3.24760,0.00000,0.00000,0.02460,0,-1.00000,665655304284,0.00000
490,245,0,1.27489,2.22920,0.22130,0.02820,2560000,-1.00000,665655318532,0.00000
491,245,0,3.04060,0.00000,0.00000,0.02030,0,-1.00000,665655351107,0.00000
492,246,0,1.53560,2.21010,0.23560,0.02480,2560000,-1.00000,665655364476,0.00000
493,246,0,3.04380,0.00000,0.00000,0.01970,0,-1.00000,665655396990,0.00000
494,247,0,3.86350,2.25290,0.29070,0.03350,2560000,-1.00000,665655409694,0.00000
495,247,0,3.27650,0.00000,0.00000,0.03010,0,-1.00000,665655440107,0.00000
496,248,0,0.58080,2.35910,0.19600,0.03470,2560000,-1.00000,665655455463,0.00000
497,248,0,3.25200,0.00000,0.00000,0.02330,0,-1.00000,665655485901,0.00000
498,249,0,0.47600,2.19400,0.23180,0.07710,2560000,-1.00000,665655524528,0.00000
499,249,0,3.14710,0.00000,0.00000,0.02280,0,-1.00000,665655557331,0.00000
500,250,0,0.69380,2.34230,0.21670,0.02430,2560000,-1.00000,665655563119,0.00000
501,250,0,3.15960,0.00000,0.00000,0.02400,0,-1.00000,665655595645,0.00000
502,251,0,0.46030,2.35990,0.27060,0.02830,2560000,-1.00000,665655600382,0.00000
503,251,0,3.20150,0.00000,0.00000,0.02330,0,-1.00000,665655631877,0.00000
504,252,0,4.25810,2.35940,0.30420,0.02560,2560000,-1.00000,665655638813,0.00000
505,252,0,3.22740,0.00000,0.00000,0.02130,0,-1.00000,665655670399,0.00000
506,253,0,0.39360,2.33930,0.25420,0.03210,2560000,-1.00000,665655674991,0.00000
507,253,0,3.27230,0.00000,0.00000,0.02870,0,-1.00000,665655707019,0.00000
508,254,0,0.92030,2.36770,0.23060,0.03010,2560000,-1.00000,665655749587,0.00000
509,254,0,3.19740,0.00000,0.00000,0.02080,0,-1.00000,665655781862,0.00000
510,255,0,1.43930,2.32820,0.22080,0.02410,2560000,-1.00000,665655785792,0.00000
511,255,0,3.15320,0.00000,0.00000,0.02010,0,-1.00000,665655818544,0.00000
512,256,0,0.41140,2.27230,0.20440,0.02250,2560000,-1.00000,665655827724,0.00000
513,256,0,3.09040,0.00000,0.00000,0.02410,0,-1.00000,665655859712,0.00000
514,257,0,3.65210,2.32760,0.21830,0.04590,2560000,-1.00000,665655874092,0.00000
515,257,0,3.28710,0.00000,0.00000,0.02100,0,-1.00000,665655905631,0.00000
516,258,0,0.54250,2.39200,0.24000,0.03250,2560000,-1.00000,665655909731,0.00000
517,258,0,3.29250,0.00000,0.00000,0.02420,0,-1.00000,665655940647,0.00000
518,259,0,0.41100,2.84450,0.23500,0.02750,2560000,-1.00000,665655977160,0.00000
519,259,0,3.68750,0.00000,0.00000,0.02320,0,-1.00000,665656010073,0.00000
520,260,0,0.42479,2.43070,0.23140,0.02480,2560000,-1.00000,665656015462,0.00000
521,260,0,3.28900,0.00000,0.00000,0.02330,0,-1.00000,665656048384,0.00000
522,261,0,0.39290,2.33530,0.26130,0.02440,2560000,-1.00000,665656052493,0.00000
523,261,0,3.29730,0.00000,0.00000,0.01960,0,-1.00000,665656089375,0.00000
524,262,0,2.05590,2.28020,0.21570,0.02740,2560000,-1.00000,665656093612,0.00000
525,262,0,3.07000,0.00000,0.00000,0.02360,0,-1.00000,665656126514,0.00000
526,263,0,1.45510,2.32370,0.32110,0.03810,2560000,-1.00000,665656130431,0.00000
527,263,0,3.30800,0.00000,0.00000,0.01930,0,-1.00000,665656163424,0.00000
528,264,0,1.28270,2.37150,0.24280,0.04760,2560000,-1.00000,665656183973,0.00000
529,264,0,3.30540,0.00000,0.00000,0.02000,0,-1.00000,665656214677,0.00000
530,265,0,1.25461,2.30470,0.30790,0.02420,2560000,-1.00000,665656229224,0.00000
531,265,0,3.14430,0.00000,0.00000,0.01810,0,-1.00000,665656262316,0.00000
532,266,0,1.40800,2.76530,0.22450,0.02800,2560000,-1.00000,665656275127,0.00000
533,266,0,3.51570,0.00000,0.00000,0.02050,0,-1.00000,665656308211,0.00000
534,267,0,1.06990,2.31640,0.19550,0.03340,2560000,-1.00000,665656320728,0.00000
535,267,0,3.22110,0.00000,0.00000,0.02080,0,-1.00000,665656352170,0.00000
536,268,0,3.52970,2.38590,0.21540,0.03340,2560000,-1.00000,665656366247,0.00000
537,268,0,3.21140,0.00000,0.00000,0.02480,0,-1.00000,665656401411,0.00000
538,269,0,1.24830,2.13090,0.22370,0.02390,2560000,-1.00000,665656412113,0.00000
539,269,0,4.58340,0.00000,0.00000,0.01910,0,-1.00000,665656444329,0.00000
540,270,0,0.40110,2.76840,0.21490,0.02470,2560000,-1.00000,665656479622,0.00000
541,270,0,3.63771,0.00000,0.00000,0.02100,0,-1.00000,665656511727,0.00000
542,271,0,0.47470,2.19890,0.24580,0.03030,2560000,-1.00000,665656524208,0.00000
543,271,0,3.11940,0.00000,0.00000,0.02420,0,-1.00000,665656570047,0.00000
544,272,0,0.77320,2.56230,0.20210,0.03590,2560000,-1.00000,665656574047,0.00000
545,272,0,3.62550,0.00000,0.00000,0.02310,0,-1.00000,665656610468,0.00000
546,273,0,0.47389,2.23730,0.19780,0.02420,2560000,-1.00000,665656615173,0.00000
547,273,0,3.00450,0.00000,0.00000,0.01970,0,-1.00000,665656646409,0.00000
548,274,0,0.41830,2.25660,0.20610,0.02230,2560000,-1.00000,665656654147,0.00000
549,274,0,3.02450,0.00000,0.00000,0.01900,0,-1.00000,665656690394,0.00000
550,275,0,0.48980,2.24070,0.24740,0.02540,2560000,-1.00000,665656695092,0.00000
551,275,0,3.07970,0.00000,0.00000,0.01800,0,-1.00000,665656725141,0.00000
552,276,0,0.41830,2.19240,0.20820,0.02400,2560000,-1.00000,665656729318,0.00000
553,276,0,3.00650,0.00000,0.00000,0.02190,0,-1.00000,665656759572,0.00000
554,277,0,1.55660,2.16070,0.23080,0.03380,2560000,-1.00000,665656764464,0.00000
555,277,0,3.09491,0.00000,0.00000,0.02320,0,-1.00000,665656795272,0.00000
556,278,0,3.73630,2.13190,0.23240,0.02510,2560000,-1.00000,665656799447,0.00000
557,278,0,3.00420,0.00000,0.00000,0.02550,0,-1.00000,665656829533,0.00000
558,279,0,1.55890,2.16430,0.21310,0.03630,2560000,-1.00000,665656845093,0.00000
559,279,0,3.08690,0.00000,0.00000,0.02480,0,-1.00000,665656876045,0.00000
560,280,0,3.76880,2.22490,0.22100,0.03620,2560000,-1.00000,665656913394,0.00000
561,280,0,3.14180,0.00000,0.00000,0.02280,0,-1.00000,665656943453,0.00000
562,281,0,3.69600,2.17830,0.21410,0.02720,2560000,-1.00000,665656959033,0.00000
563,281,0,3.13680,0.00000,0.00000,0.01920,0,-1.00000,665656989914,0.00000
564,282,0,0.45310,2.13890,0.23260,0.02210,2560000,-1.00000,665657027594,0.00000
565,282,0,2.97421,0.00000,0.00000,0.01820,0,-1.00000,665657059009,0.00000
566,283,0,0.42470,2.14060,0.23370,0.02410,2560000,-1.00000,665657096087,0.00000
567,283,0,2.97510,0.00000,0.00000,0.01720,0,-1.00000,665657127334,0.00000
568,284,0,0.48490,2.13650,0.23080,0.02310,2560000,-1.00000,665657131850,0.00000
569,284,0,2.96660,0.00000,0.00000,0.01890,0,-1.00000,665657161597,0.00000
570,285,0,0.44680,2.16810,0.28310,0.03240,2560000,-1.00000,665657165839,0.00000
571,285,0,3.22791,0.00000,0.00000,0.02330,0,-1.00000,665657195594,0.00000
572,286,0,1.15820,2.15740,0.21800,0.02390,2560000,-1.00000,665657200445,0.00000
573,286,0,3.02170,0.00000,0.00000,0.02210,0,-1.00000,665657230113,0.00000
574,287,0,2.56040,2.22920,0.34750,0.03210,2560000,-1.00000,665657234583,0.00000
575,287,0,3.33080,0.00000,0.00000,0.02940,0,-1.00000,665657266887,0.00000
576,288,0,2.40090,2.26190,0.23390,0.02640,2560000,-1.00000,665657278444,0.00000
577,288,0,3.15651,0.00000,0.00000,0.02720,0,-1.00000,665657308662,0.00000
578,289,0,1.44330,2.28370,0.19880,0.03730,2560000,-1.00000,665657334267,0.00000
579,289,0,3.25230,0.00000,0.00000,0.02200,0,-1.00000,665657367581,0.00000
580,290,0,3.65110,2.10180,0.22770,0.02180,2560000,-1.00000,665657391572,0.00000
581,290,0,2.93630,0.00000,0.00000,0.01710,0,-1.00000,665657423152,0.00000
582,291,0,1.55100,2.16520,0.23450,0.03000,2560000,-1.00000,665657437581,0.00000
583,291,0,3.08310,0.00000,0.00000,0.02030,0,-1.00000,665657470118,0.00000
584,292,0,0.46250,2.16790,0.24890,0.01990,2560000,-1.00000,665657506608,0.00000
585,292,0,3.11720,0.00000,0.00000,0.01690,0,-1.00000,665657535969,0.00000
586,293,0,2.50870,2.26330,0.20970,0.03250,2560000,-1.00000,665657551480,0.00000
587,293,0,3.24460,0.00000,0.00000,0.02010,0,-1.00000,665657582322,0.00000
588,294,0,3.76240,2.12730,0.18840,0.03420,2560000,-1.00000,665657586934,0.00000
589,294,0,3.27399,0.00000,0.00000,0.02150,0,-1.00000,665657618118,0.00000
590,295,0,3.38131,2.02240,0.26480,0.02660,2560000,-1.00000,665657643204,0.00000
591,295,0,2.99420,0.00000,0.00000,0.01970,0,-1.00000,665657675656,0.00000
592,296,0,0.54540,2.05710,0.24720,0.02460,2560000,-1.00000,665657713275,0.00000
593,296,0,2.97220,0.00000,0.00000,0.02060,0,-1.00000,665657746018,0.00000
594,297,0,0.50080,2.21590,0.24310,0.04370,2560000,-1.00000,665657779825,0.00000
595,297,0,3.35560,0.00000,0.00000,0.02700,0,-1.00000,665657809771,0.00000
596,298,0,0.55120,2.19120,0.25750,0.02920,2560000,-1.00000,665657815217,0.00000
597,298,0,3.02830,0.00000,0.00000,0.02250,0,-1.00000,665657844946,0.00000
598,299,0,0.43220,2.16720,0.18570,0.02050,2560000,-1.00000,665657849947,0.00000
599,299,0,2.96570,0.00000,0.00000,0.02190,0,-1.00000,665657883555,0.00000
600,300,0,0.87270,2.26730,0.28050,0.04340,2560000,-1.00000,665657889019,0.00000
601,300,0,3.22220,0.00000,0.00000,0.02150,0,-1.00000,665657919316,0.00000
602,301,0,2.15070,2.15050,0.22660,0.03320,2560000,-1.00000,665657923625,0.00000
603,301,0,3.10820,0.00000,0.00000,0.02400,0,-1.00000,665657953291,0.00000
604,302,0,2.90150,2.10370,0.22350,0.03120,2560000,-1.00000,665657962007,0.00000
605,302,0,3.01480,0.00000,0.00000,0.03120,0,-1.00000,665657994250,0.00000
606,303,0,1.51460,2.19520,0.33630,0.03330,2560000,-1.00000,665658015739,0.00000
607,303,0,3.26010,0.00000,0.00000,0.02440,0,-1.00000,665658046838,0.00000
608,304,0,4.56800,2.11660,0.21650,0.03210,2560000,-1.00000,665658075835,0.00000
609,304,0,2.93160,0.00000,0.00000,0.02170,0,-1.00000,665658105991,0.00000
610,305,0,0.59590,2.08030,0.22760,0.02130,2560000,-1.00000,665658121130,0.00000
611,305,0,2.86049,0.00000,0.00000,0.02260,0,-1.00000,665658153743,0.00000
612,306,0,1.77260,2.89030,0.20870,0.03790,2560000,-1.00000,665658199409,0.00000
613,306,0,3.86060,0.00000,0.00000,0.02440,0,-1.00000,665658228737,0.00000
614,307,0,0.46910,2.63450,0.22680,0.03190,2560000,-1.00000,665658234675,0.00000
615,307,0,3.48900,0.00000,0.00000,0.02370,0,-1.00000,665658263287,0.00000
616,308,0,0.63950,2.80230,0.23120,0.06290,2560000,-1.00000,665658281016,0.00000
617,308,0,3.65040,0.00000,0.00000,0.01930,0,-1.00000,665658319645,0.00000
618,309,0,0.41850,2.22940,0.26380,0.02270,2560000,-1.00000,665658324305,0.00000
619,309,0,2.99870,0.00000,0.00000,0.01950,0,-1.00000,665658359218,0.00000
620,310,0,0.40880,2.15250,0.25450,0.02590,2560000,-1.00000,665658365590,0.00000
621,310,0,2.97270,0.00000,0.00000,0.01900,0,-1.00000,665658402104,0.00000
622,311,0,0.43430,2.23540,0.23120,0.02810,2560000,-1.00000,665658406276,0.00000
623,311,0,3.05890,0.00000,0.00000,0.01970,0,-1.00000,665658436280,0.00000
624,312,0,0.55540,2.25420,0.29360,0.03190,2560000,-1.00000,665658440352,0.00000
625,312,0,3.24250,0.00000,0.00000,0.02080,0,-1.00000,665658470089,0.00000
626,313,0,1.29810,2.08110,0.26630,0.02980,2560000,-1.00000,665658474422,0.00000
627,313,0,2.92290,0.00000,0.00000,0.02260,0,-1.00000,665658505022,0.00000
628,314,0,1.60979,2.56540,0.21020,0.02240,2560000,-1.00000,665658510570,0.00000
629,314,0,3.30080,0.00000,0.00000,0.02040,0,-1.00000,665658543016,0.00000
630,315,0,1.26210,2.17950,0.21780,0.04530,2560000,-1.00000,665658555979,0.00000
631,315,0,3.15060,0.00000,0.00000,0.02090,0,-1.00000,665658585219,0.00000
632,316,0,1.43570,2.34820,0.25250,0.05800,2560000,-1.00000,665658601301,0.00000
633,316,0,3.53639,0.00000,0.00000,0.03870,0,-1.00000,665658634314,0.00000
634,317,0,1.16960,2.24420,0.20790,0.04550,2560000,-1.00000,665658646930,0.00000
635,317,0,3.23750,0.00000,0.00000,0.02800,0,-1.00000,665658678475,0.00000
636,318,0,0.49650,2.37780,0.33340,0.03270,2560000,-1.00000,665658692819,0.00000
637,318,0,3.33250,0.00000,0.00000,0.02420,0,-1.00000,665658728231,0.00000
638,319,0,0.47640,2.25910,0.25250,0.05020,2560000,-1.00000,665658739867,0.00000
639,319,0,3.42140,0.00000,0.00000,0.04390,0,-1.00000,665658772270,0.00000
640,320,0,0.53951,2.30030,0.23780,0.03130,2560000,-1.00000,665658777196,0.00000
641,320,0,3.07680,0.00000,0.00000,0.02630,0,-1.00000,665658810560,0.00000
642,321,0,0.94709,2.25750,0.21660,0.03850,2560000,-1.00000,665658815297,0.00000
643,321,0,3.36590,0.00000,0.00000,0.02450,0,-1.00000,665658849551,0.00000
644,322,0,1.29930,2.22150,0.23710,0.04110,2560000,-1.00000,665658854901,0.00000
645,322,0,3.24960,0.00000,0.00000,0.02570,0,-1.00000,665658885683,0.00000
646,323,0,0.56070,2.33130,0.21570,0.03000,2560000,-1.00000,665658895152,0.00000
647,323,0,3.20350,0.00000,0.00000,0.02310,0,-1.00000,665658928814,0.00000
648,324,0,0.43980,2.25770,0.32450,0.02970,2560000,-1.00000,665658941788,0.00000
649,324,0,3.19720,0.00000,0.00000,0.01920,0,-1.00000,665658974317,0.00000
650,325,0,0.38590,2.32270,0.31580,0.02600,2560000,-1.00000,665658979893,0.00000
651,325,0,3.19460,0.00000,0.00000,0.02280,0,-1.00000,665659011948,0.00000
652,326,0,0.38870,2.37380,0.26100,0.02400,2560000,-1.00000,665659016327,0.00000
653,326,0,3.15340,0.00000,0.00000,0.01770,0,-1.00000,665659048305,0.00000
654,327,0,0.58580,2.20670,0.29340,0.03800,2560000,-1.00000,665659052148,0.00000
655,327,0,3.14210,0.00000,0.00000,0.02510,0,-1.00000,665659084103,0.00000
656,328,0,1.42850,2.18420,0.20320,0.02310,2560000,-1.00000,665659087982,0.00000
657,328,0,2.96540,0.00000,0.00000,0.01990,0,-1.00000,665659119524,0.00000
658,329,0,1.58640,2.82170,0.27530,0.02700,2560000,-1.00000,665659125375,0.00000
659,329,0,3.64090,0.00000,0.00000,0.02240,0,-1.00000,665659156823,0.00000
660,330,0,3.20650,2.20800,0.21570,0.02640,2560000,-1.00000,665659171089,0.00000
661,330,0,3.00670,0.00000,0.00000,0.02430,0,-1.00000,665659200737,0.00000
662,331,0,1.59470,2.20510,0.22360,0.03500,2560000,-1.00000,665659216603,0.00000
663,331,0,3.08110,0.00000,0.00000,0.02110,0,-1.00000,665659253019,0.00000
664,332,0,3.63680,2.18460,0.21550,0.02590,2560000,-1.00000,665659285077,0.00000
665,332,0,2.96460,0.00000,0.00000,0.02040,0,-1.00000,665659315174,0.00000
666,333,0,0.38960,2.26710,0.29800,0.02270,2560000,-1.00000,665659331097,0.00000
667,333,0,3.03800,0.00000,0.00000,0.02070,0,-1.00000,665659361906,0.00000
668,334,0,0.54390,2.20810,0.30410,0.02400,2560000,-1.00000,665659398267,0.00000
669,334,0,2.99060,0.00000,0.00000,0.02050,0,-1.00000,665659427927,0.00000
670,335,0,0.39530,2.25790,0.30500,0.02120,2560000,-1.00000,665659431806,0.00000
671,335,0,3.03380,0.00000,0.00000,0.01900,0,-1.00000,665659462189,0.00000
672,336,0,0.37330,2.20930,0.30020,0.02740,2560000,-1.00000,665659467622,0.00000
673,336,0,3.23400,0.00000,0.00000,0.02440,0,-1.00000,665659497531,0.00000
674,337,0,1.40230,2.26170,0.20030,0.02920,2560000,-1.00000,665659501482,0.00000
675,337,0,4.33350,0.00000,0.00000,0.02530,0,-1.00000,665659531829,0.00000
676,338,0,0.51280,2.24220,0.33840,0.02530,2560000,-1.00000,665659535550,0.00000
677,338,0,3.12299,0.00000,0.00000,0.02310,0,-1.00000,665659567915,0.00000
678,339,0,1.15750,2.25500,0.29980,0.02380,2560000,-1.00000,665659581931,0.00000
679,339,0,4.37660,0.00000,0.00000,0.01870,0,-1.00000,665659625277,0.00000
680,340,0,0.53610,2.34020,0.23370,0.03850,2560000,-1.00000,665659630382,0.00000
681,340,0,3.27920,0.00000,0.00000,0.02190,0,-1.00000,665659661617,0.00000
682,341,0,3.28030,2.20450,0.31400,0.03060,2560000,-1.00000,665659673192,0.00000
683,341,0,3.07520,0.00000,0.00000,0.02260,0,-1.00000,665659716955,0.00000
684,342,0,0.45510,2.21330,0.30870,0.02340,2560000,-1.00000,665659722320,0.00000
685,342,0,3.11669,0.00000,0.00000,0.02010,0,-1.00000,665659755135,0.00000
686,343,0,0.38180,2.76720,0.24270,0.03320,2560000,-1.00000,665659787914,0.00000
687,343,0,3.59190,0.00000,0.00000,0.02220,0,-1.00000,665659818689,0.00000
688,344,0,3.08110,2.29270,0.22020,0.02330,2560000,-1.00000,665659823211,0.00000
689,344,0,3.04170,0.00000,0.00000,0.01780,0,-1.00000,665659854395,0.00000
690,345,0,1.47000,2.18330,0.24840,0.03440,2560000,-1.00000,665659858196,0.00000
691,345,0,3.20640,0.00000,0.00000,0.02070,0,-1.00000,665659894131,0.00000
692,346,0,1.37230,2.28390,0.27950,0.03920,2560000,-1.00000,665659924932,0.00000
693,346,0,3.32460,0.00000,0.00000,0.01690,0,-1.00000,665659955353,0.00000
694,347,0,3.69500,2.13400,0.20540,0.02380,2560000,-1.00000,665659970042,0.00000
695,347,0,2.97420,0.00000,0.00000,0.01770,0,-1.00000,665660002135,0.00000
696,348,0,0.41770,2.09870,0.23390,0.02450,2560000,-1.00000,665660015830,0.00000
697,348,0,2.91340,0.00000,0.00000,0.01820,0,-1.00000,665660049098,0.00000
698,349,0,0.43820,2.13020,0.22780,0.03350,2560000,-1.00000,665660086033,0.00000
699,349,0,3.15779,0.00000,0.00000,0.02230,0,-1.00000,665660115771,0.00000
700,350,0,1.37160,2.08260,0.22910,0.02630,2560000,-1.00000,665660119943,0.00000
701,350,0,2.92710,0.00000,0.00000,0.01740,0,-1.00000,665660149078,0.00000
702,351,0,1.65460,2.06470,0.25570,0.02570,2560000,-1.00000,665660153456,0.00000
703,351,0,2.92780,0.00000,0.00000,0.01730,0,-1.00000,665660185080,0.00000
704,352,0,1.65490,2.13580,0.29430,0.03530,2560000,-1.00000,665660198757,0.00000
705,352,0,3.09480,0.00000,0.00000,0.02410,0,-1.00000,665660228033,0.00000
706,353,0,0.53120,2.14930,0.26480,0.03710,2560000,-1.00000,665660244704,0.00000
707,353,0,3.20599,0.00000,0.00000,0.02420,0,-1.00000,665660273856,0.00000
708,354,0,0.53401,2.02370,0.22010,0.02310,2560000,-1.00000,665660290411,0.00000
709,354,0,2.82890,0.00000,0.00000,0.01730,0,-1.00000,665660321370,0.00000
710,355,0,4.63400,2.11960,0.19260,0.02530,2560000,-1.00000,665660326656,0.00000
711,355,0,2.88540,0.00000,0.00000,0.01660,0,-1.00000,665660358764,0.00000
712,356,0,0.43469,2.11520,0.26690,0.02490,2560000,-1.00000,665660364064,0.00000
713,356,0,3.10880,0.00000,0.00000,0.01930,0,-1.00000,665660392350,0.00000
714,357,0,0.43190,2.09760,0.21280,0.02180,2560000,-1.00000,665660438686,0.00000
715,357,0,2.85640,0.00000,0.00000,0.01780,0,-1.00000,665660467543,0.00000
716,358,0,0.61070,2.06120,0.23540,0.02360,2560000,-1.00000,665660471886,0.00000
717,358,0,2.89310,0.00000,0.00000,0.01750,0,-1.00000,665660502985,0.00000
718,359,0,1.68380,2.15410,0.20970,0.03510,2560000,-1.00000,665660507290,0.00000
719,359,0,3.09640,0.00000,0.00000,0.01910,0,-1.00000,665660535863,0.00000
720,360,0,3.80180,2.90880,0.20240,0.04160,2560000,-1.00000,665660541961,0.00000
721,360,0,3.99390,0.00000,0.00000,0.02590,0,-1.00000,665660570896,0.00000
722,361,0,0.58671,2.07430,0.21810,0.02180,2560000,-1.00000,665660587743,0.00000
723,361,0,2.89570,0.00000,0.00000,0.01720,0,-1.00000,665660618723,0.00000
724,362,0,0.44940,2.07970,0.22710,0.02350,2560000,-1.00000,665660656734,0.00000
725,362,0,2.96670,0.00000,0.00000,0.02260,0,-1.00000,665660696686,0.00000
726,363,0,0.75740,2.17420,0.20210,0.03420,2560000,-1.00000,665660702530,0.00000
727,363,0,3.19570,0.00000,0.00000,0.02010,0,-1.00000,665660731485,0.00000
728,364,0,0.48241,2.18740,0.21780,0.02960,2560000,-1.00000,665660735983,0.00000
729,364,0,3.08220,0.00000,0.00000,0.02340,0,-1.00000,665660765658,0.00000
730,365,0,0.44539,2.11800,0.30480,0.02360,2560000,-1.00000,665660773226,0.00000
731,365,0,3.03980,0.00000,0.00000,0.02310,0,-1.00000,665660805195,0.00000
732,366,0,0.97630,2.24250,0.28240,0.02630,2560000,-1.00000,665660810001,0.00000
733,366,0,3.11100,0.00000,0.00000,0.02170,0,-1.00000,665660840839,0.00000
734,367,0,3.74960,2.20620,0.21630,0.04170,2560000,-1.00000,665660845273,0.00000
735,367,0,3.11460,0.00000,0.00000,0.02130,0,-1.00000,665660875679,0.00000
736,368,0,0.42119,2.24300,0.27180,0.03020,2560000,-1.00000,665660885440,0.00000
737,368,0,3.06531,0.00000,0.00000,0.02440,0,-1.00000,665660916556,0.00000
738,369,0,0.43500,2.24020,0.29670,0.02450,2560000,-1.00000,665660954048,0.00000
739,369,0,3.06380,0.00000,0.00000,0.01850,0,-1.00000,665660985209,0.00000
740,370,0,1.35410,2.19980,0.31560,0.02790,2560000,-1.00000,665660989396,0.00000
741,370,0,3.15770,0.00000,0.00000,0.01830,0,-1.00000,665661020076,0.00000
742,371,0,3.51971,2.19930,0.23560,0.02940,2560000,-1.00000,665661024408,0.00000
743,371,0,3.19390,0.00000,0.00000,0.02030,0,-1.00000,665661055043,0.00000
744,372,0,1.36930,2.11680,0.25770,0.05030,2560000,-1.00000,665661068573,0.00000
745,372,0,3.35480,0.00000,0.00000,0.02110,0,-1.00000,665661100173,0.00000
746,373,0,0.59460,2.01700,0.18700,0.02490,2560000,-1.00000,665661135363,0.00000
747,373,0,2.99700,0.00000,0.00000,0.02170,0,-1.00000,665661167308,0.00000
748,374,0,2.20550,2.32400,0.22790,0.02490,2560000,-1.00000,665661180998,0.00000
749,374,0,3.33720,0.00000,0.00000,0.03980,0,-1.00000,665661214611,0.00000
750,375,0,0.50470,2.12490,0.22610,0.03320,2560000,-1.00000,665661220474,0.00000
751,375,0,3.18620,0.00000,0.00000,0.02340,0,-1.00000,665661250462,0.00000
752,376,0,0.54860,2.17540,0.23720,0.02870,2560000,-1.00000,665661272506,0.00000
753,376,0,3.12690,0.00000,0.00000,0.02320,0,-1.00000,665661305886,0.00000
754,377,0,0.52290,2.20210,0.26780,0.02570,2560000,-1.00000,665661310922,0.00000
755,377,0,3.23550,0.00000,0.00000,0.02330,0,-1.00000,665661342819,0.00000
756,378,0,0.52810,2.19190,0.24400,0.04050,2560000,-1.00000,665661348277,0.00000
757,378,0,3.39820,0.00000,0.00000,0.02460,0,-1.00000,665661379561,0.00000
758,379,0,0.52800,2.27340,0.27630,0.02970,2560000,-1.00000,665661384769,0.00000
759,379,0,3.40310,0.00000,0.00000,0.02070,0,-1.00000,665661417142,0.00000
760,380,0,0.79090,2.13290,0.26480,0.02750,2560000,-1.00000,665661422407,0.00000
761,380,0,3.17070,0.00000,0.00000,0.02180,0,-1.00000,665661456422,0.00000
762,381,0,1.49130,2.15720,0.31620,0.02410,2560000,-1.00000,665661461665,0.00000
763,381,0,3.26460,0.00000,0.00000,0.02140,0,-1.00000,665661495770,0.00000
764,382,0,1.22120,2.19860,0.30310,0.03660,2560000,-1.00000,665661503614,0.00000
765,382,0,3.41930,0.00000,0.00000,0.02560,0,-1.00000,665661535327,0.00000
766,383,0,2.13240,2.16660,0.22800,0.02900,2560000,-1.00000,665661550236,0.00000
767,383,0,3.16500,0.00000,0.00000,0.02300,0,-1.00000,665661582888,0.00000
768,384,0,0.52710,2.16370,0.19450,0.02370,2560000,-1.00000,665661595093,0.00000
769,384,0,3.09979,0.00000,0.00000,0.01910,0,-1.00000,665661629316,0.00000
770,385,0,1.48331,2.23170,0.22360,0.02540,2560000,-1.00000,665661650616,0.00000
771,385,0,3.26859,0.00000,0.00000,0.01960,0,-1.00000,665661682262,0.00000
772,386,0,1.19630,2.29190,0.23170,0.04590,2560000,-1.00000,665661687525,0.00000
773,386,0,3.46050,0.00000,0.00000,0.02400,0,-1.00000,665661718525,0.00000
774,387,0,0.99540,2.17920,0.30450,0.03280,2560000,-1.00000,665661733359,0.00000
775,387,0,3.33240,0.00000,0.00000,0.02430,0,-1.00000,665661766053,0.00000
776,388,0,1.39550,2.13030,0.20230,0.03590,2560000,-1.00000,665661778009,0.00000
777,388,0,3.25950,0.00000,0.00000,0.02240,0,-1.00000,665661812638,0.00000
778,389,0,1.24280,2.12360,0.21950,0.03860,2560000,-1.00000,665661822573,0.00000
779,389,0,3.36940,0.00000,0.00000,0.02100,0,-1.00000,665661855907,0.00000
780,390,0,1.23770,2.15620,0.27670,0.05690,2560000,-1.00000,665661869856,0.00000
781,390,0,3.44690,0.00000,0.00000,0.02810,0,-1.00000,665661902462,0.00000
782,391,0,4.47430,2.23120,0.19890,0.04500,2560000,-1.00000,665661914873,0.00000
783,391,0,3.40471,0.00000,0.00000,0.03390,0,-1.00000,665661948583,0.00000
784,392,0,0.64439,2.14070,0.23610,0.02590,2560000,-1.00000,665661960951,0.00000
785,392,0,3.10330,0.00000,0.00000,0.02080,0,-1.00000,665661995465,0.00000
786,393,0,0.52470,2.18200,0.26980,0.02320,2560000,-1.00000,665662040166,0.00000
787,393,0,3.17930,0.00000,0.00000,0.01610,0,-1.00000,665662074222,0.00000
788,394,0,0.52940,2.18480,0.22850,0.02340,2560000,-1.00000,665662080635,0.00000
789,394,0,3.22150,0.00000,0.00000,0.01710,0,-1.00000,665662111686,0.00000
790,395,0,0.57710,2.04120,0.29930,0.02690,2560000,-1.00000,665662116916,0.00000
791,395,0,3.19480,0.00000,0.00000,0.02290,0,-1.00000,665662148711,0.00000
792,396,0,0.55080,2.20470,0.21860,0.03080,2560000,-1.00000,665662154002,0.00000
793,396,0,3.19500,0.00000,0.00000,0.02340,0,-1.00000,665662186224,0.00000
794,397,0,0.54230,2.10960,0.24230,0.08030,2560000,-1.00000,665662191990,0.00000
795,397,0,3.32400,0.00000,0.00000,0.02280,0,-1.00000,665662223966,0.00000
796,398,0,0.65110,2.18250,0.30370,0.02550,2560000,-1.00000,665662229460,0.00000
797,398,0,3.22160,0.00000,0.00000,0.02340,0,-1.00000,665662261416,0.00000
798,399,0,1.05680,2.20710,0.22350,0.02680,2560000,-1.00000,665662266822,0.00000
799,399,0,3.19200,0.00000,0.00000,0.01840,0,-1.00000,665662300095,0.00000
800,400,0,1.38970,2.09140,0.23230,0.02780,2560000,-1.00000,665662306572,0.00000
801,400,0,3.20291,0.00000,0.00000,0.02040,0,-1.00000,665662338796,0.00000
802,401,0,1.31000,2.25860,0.29700,0.12720,2560000,-1.00000,665662349357,0.00000
803,401,0,3.44960,0.00000,0.00000,0.02070,0,-1.00000,665662381290,0.00000
804,402,0,1.10880,2.24730,0.24330,0.02770,2560000,-1.00000,665662395178,0.00000
805,402,0,3.24700,0.00000,0.00000,0.02230,0,-1.00000,665662427205,0.00000
806,403,0,1.34560,2.12890,0.21720,0.02700,2560000,-1.00000,665662440308,0.00000
807,403,0,3.09480,0.00000,0.00000,0.01880,0,-1.00000,665662474821,0.00000
808,404,0,1.48460,2.12970,0.23230,0.02620,2560000,-1.00000,665662485889,0.00000
809,404,0,3.16930,0.00000,0.00000,0.02150,0,-1.00000,665662518373,0.00000
810,405,0,1.44450,2.08010,0.23410,0.02950,2560000,-1.00000,665662531819,0.00000
811,405,0,3.11070,0.00000,0.00000,0.02310,0,-1.00000,665662562771,0.00000
812,406,0,1.40190,2.18620,0.28890,0.03130,2560000,-1.00000,665662577605,0.00000
813,406,0,3.28340,0.00000,0.00000,0.02270,0,-1.00000,665662609310,0.00000
814,407,0,2.15390,2.10430,0.25270,0.04440,2560000,-1.00000,665662623747,0.00000
815,407,0,3.36710,0.00000,0.00000,0.02540,0,-1.00000,665662654883,0.00000
816,408,0,0.85190,2.18420,0.30920,0.02930,2560000,-1.00000,665662668880,0.00000
817,408,0,3.27161,0.00000,0.00000,0.02300,0,-1.00000,665662701717,0.00000
818,409,0,1.88490,2.13130,0.20830,0.02710,2560000,-1.00000,665662723259,0.00000
819,409,0,3.07780,0.00000,0.00000,0.01900,0,-1.00000,665662756946,0.00000
820,410,0,1.38890,2.17510,0.27230,0.02780,2560000,-1.00000,665662765435,0.00000
821,410,0,3.23580,0.00000,0.00000,0.02210,0,-1.00000,665662798158,0.00000
822,411,0,0.58890,2.12710,0.19740,0.02970,2560000,-1.00000,665662817003,0.00000
823,411,0,3.17840,0.00000,0.00000,0.02050,0,-1.00000,665662847782,0.00000
824,412,0,1.14120,2.16280,0.28910,0.04570,2560000,-1.00000,665662861671,0.00000
825,412,0,3.80500,0.00000,0.00000,0.02730,0,-1.00000,665662894037,0.00000
826,413,0,0.72500,2.36230,0.23670,0.03100,2560000,-1.00000,665662899917,0.00000
827,413,0,3.50290,0.00000,0.00000,0.02100,0,-1.00000,665662931705,0.00000
828,414,0,1.10740,2.17320,0.30530,0.02560,2560000,-1.00000,665662943123,0.00000
829,414,0,3.28250,0.00000,0.00000,0.01920,0,-1.00000,665662981199,0.00000
830,415,0,1.25810,2.16140,0.23470,0.03610,2560000,-1.00000,665662988417,0.00000
831,415,0,3.24850,0.00000,0.00000,0.02170,0,-1.00000,665663023455,0.00000
832,416,0,1.37040,2.17810,0.30750,0.02770,2560000,-1.00000,665663034518,0.00000
833,416,0,3.27020,0.00000,0.00000,0.01800,0,-1.00000,665663067353,0.00000
834,417,0,1.25050,2.10480,0.35220,0.02660,2560000,-1.00000,665663079926,0.00000
835,417,0,3.13440,0.00000,0.00000,0.01920,0,-1.00000,665663112417,0.00000
836,418,0,1.46680,2.06200,0.22660,0.02390,2560000,-1.00000,665663126110,0.00000
837,418,0,3.01770,0.00000,0.00000,0.01960,0,-1.00000,665663158815,0.00000
838,419,0,1.54470,2.09770,0.30270,0.02470,2560000,-1.00000,665663171316,0.00000
839,419,0,3.12720,0.00000,0.00000,0.02080,0,-1.00000,665663202660,0.00000
840,420,0,1.39700,2.07310,0.26880,0.03510,2560000,-1.00000,665663217326,0.00000
841,420,0,3.20450,0.00000,0.00000,0.02410,0,-1.00000,665663247507,0.00000
842,421,0,1.45940,2.11450,0.26660,0.02250,2560000,-1.00000,665663262950,0.00000
843,421,0,3.11770,0.00000,0.00000,0.01810,0,-1.00000,665663294225,0.00000
844,422,0,3.69190,2.10430,0.26560,0.03000,2560000,-1.00000,665663308185,0.00000
845,422,0,3.09820,0.00000,0.00000,0.02150,0,-1.00000,665663340266,0.00000
846,423,0,1.36930,2.08210,0.24280,0.02950,2560000,-1.00000,665663354830,0.00000
847,423,0,3.26070,0.00000,0.00000,0.02270,0,-1.00000,665663386009,0.00000
848,424,0,1.36690,2.26330,0.34510,0.02680,2560000,-1.00000,665663422927,0.00000
849,424,0,3.37330,0.00000,0.00000,0.02270,0,-1.00000,665663453918,0.00000
850,425,0,1.19490,2.04890,0.23660,0.05400,2560000,-1.00000,665663467612,0.00000
851,425,0,4.43030,0.00000,0.00000,0.01990,0,-1.00000,665663500232,0.00000
852,426,0,0.54350,2.05900,0.30540,0.03730,2560000,-1.00000,665663513885,0.00000
853,426,0,3.45360,0.00000,0.00000,0.02400,0,-1.00000,665663547620,0.00000
854,427,0,0.69500,2.08930,0.24180,0.02900,2560000,-1.00000,665663559565,0.00000
855,427,0,3.35350,0.00000,0.00000,0.02220,0,-1.00000,665663603872,0.00000
856,428,0,1.23340,2.09120,0.23310,0.02620,2560000,-1.00000,665663609298,0.00000
857,428,0,3.06420,0.00000,0.00000,0.02120,0,-1.00000,665663643869,0.00000
858,429,0,1.52100,2.05600,0.31480,0.02490,2560000,-1.00000,665663650782,0.00000
859,429,0,3.03510,0.00000,0.00000,0.02340,0,-1.00000,665663684338,0.00000
860,430,0,0.50630,2.09180,0.23640,0.02510,2560000,-1.00000,665663696664,0.00000
861,430,0,3.00790,0.00000,0.00000,0.02150,0,-1.00000,665663727301,0.00000
862,431,0,0.48320,2.07630,0.31010,0.02410,2560000,-1.00000,665663742511,0.00000
863,431,0,3.09619,0.00000,0.00000,0.01790,0,-1.00000,665663772863,0.00000
864,432,0,3.58941,2.09740,0.30160,0.02340,2560000,-1.00000,665663777918,0.00000
865,432,0,3.06040,0.00000,0.00000,0.02260,0,-1.00000,665663808011,0.00000
866,433,0,1.62290,2.09770,0.33840,0.03420,2560000,-1.00000,665663812829,0.00000
867,433,0,3.32830,0.00000,0.00000,0.02150,0,-1.00000,665663843793,0.00000
868,434,0,1.09490,2.06280,0.27520,0.03810,2560000,-1.00000,665663879687,0.00000
869,434,0,3.19990,0.00000,0.00000,0.01780,0,-1.00000,665663910304,0.00000
870,435,0,1.55710,2.11010,0.26410,0.04600,2560000,-1.00000,665663926527,0.00000
871,435,0,3.29160,0.00000,0.00000,0.02200,0,-1.00000,665663959813,0.00000
872,436,0,1.07370,2.17500,0.21760,0.02390,2560000,-1.00000,665663970754,0.00000
873,436,0,3.07430,0.00000,0.00000,0.02110,0,-1.00000,665664002768,0.00000
874,437,0,1.68470,2.08380,0.27510,0.02250,2560000,-1.00000,665664018329,0.00000
875,437,0,3.06590,0.00000,0.00000,0.02060,0,-1.00000,665664051303,0.00000
876,438,0,1.34290,2.03090,0.21190,0.02720,2560000,-1.00000,665664061981,0.00000
877,438,0,3.00540,0.00000,0.00000,0.01990,0,-1.00000,665664092723,0.00000
878,439,0,1.57090,2.03630,0.22670,0.02770,2560000,-1.00000,665664109564,0.00000
879,439,0,2.98270,0.00000,0.00000,0.01840,0,-1.00000,665664140223,0.00000
880,440,0,3.82530,2.03930,0.28690,0.03050,2560000,-1.00000,665664153649,0.00000
881,440,0,3.07950,0.00000,0.00000,0.02370,0,-1.00000,665664183711,0.00000
882,441,0,2.34581,2.22150,0.32310,0.02660,2560000,-1.00000,665664199420,0.00000
883,441,0,3.27770,0.00000,0.00000,0.02190,0,-1.00000,665664229244,0.00000
884,442,0,0.66759,2.09410,0.26650,0.05190,2560000,-1.00000,665664267494,0.00000
885,442,0,3.29950,0.00000,0.00000,0.02760,0,-1.00000,665664298310,0.00000
886,443,0,1.10779,2.06200,0.23260,0.02820,2560000,-1.00000,665664321759,0.00000
887,443,0,3.00111,0.00000,0.00000,0.02310,0,-1.00000,665664354530,0.00000
888,444,0,2.48400,2.07340,0.31770,0.02760,2560000,-1.00000,665664361199,0.00000
889,444,0,3.18280,0.00000,0.00000,0.02300,0,-1.00000,665664394233,0.00000
890,445,0,0.50240,2.11840,0.28960,0.02830,2560000,-1.00000,665664405281,0.00000
891,445,0,3.14590,0.00000,0.00000,0.02160,0,-1.00000,665664435285,0.00000
892,446,0,3.66660,2.09560,0.32800,0.02610,2560000,-1.00000,665664460129,0.00000
893,446,0,3.06930,0.00000,0.00000,0.02120,0,-1.00000,665664491963,0.00000
894,447,0,1.39770,2.04250,0.22650,0.02200,2560000,-1.00000,665664496970,0.00000
895,447,0,2.94491,0.00000,0.00000,0.01950,0,-1.00000,665664528464,0.00000
896,448,0,1.69970,2.11840,0.25260,0.03880,2560000,-1.00000,665664565114,0.00000
897,448,0,3.26080,0.00000,0.00000,0.02620,0,-1.00000,665664595800,0.00000
898,449,0,1.29990,2.14090,0.22880,0.02910,2560000,-1.00000,665664609770,0.00000
899,449,0,3.21590,0.00000,0.00000,0.02630,0,-1.00000,665664639225,0.00000
900,450,0,1.45010,1.99890,0.22090,0.02520,2560000,-1.00000,665664656224,0.00000
901,450,0,2.88650,0.00000,0.00000,0.01820,0,-1.00000,665664688846,0.00000
902,451,0,1.53850,1.91100,0.23320,0.02110,2560000,-1.00000,665664701828,0.00000
903,451,0,2.93310,0.00000,0.00000,0.01840,0,-1.00000,665664734000,0.00000
904,452,0,1.71270,1.95270,0.21630,0.02360,2560000,-1.00000,665664748488,0.00000
905,452,0,2.98231,0.00000,0.00000,0.02340,0,-1.00000,665664777350,0.00000
906,453,0,1.31589,2.10910,0.21530,0.02780,2560000,-1.00000,665664792739,0.00000
907,453,0,3.11010,0.00000,0.00000,0.02130,0,-1.00000,665664822069,0.00000
908,454,0,0.47720,2.03920,0.22400,0.02360,2560000,-1.00000,665664839200,0.00000
909,454,0,2.89520,0.00000,0.00000,0.01930,0,-1.00000,665664869031,0.00000
910,455,0,0.58750,2.05000,0.26140,0.03930,2560000,-1.00000,665664882175,0.00000
911,455,0,3.20670,0.00000,0.00000,0.02570,0,-1.00000,665664913281,0.00000
912,456,0,1.34730,2.06530,0.22290,0.02810,2560000,-1.00000,665664918038,0.00000
913,456,0,3.03990,0.00000,0.00000,0.02380,0,-1.00000,665664947018,0.00000
914,457,0,1.51640,2.11280,0.22800,0.02530,2560000,-1.00000,665664952876,0.00000
915,457,0,3.08730,0.00000,0.00000,0.02350,0,-1.00000,665664984979,0.00000
916,458,0,2.54230,1.96710,0.24770,0.03530,2560000,-1.00000,665664998427,0.00000
917,458,0,2.96410,0.00000,0.00000,0.02280,0,-1.00000,665665028830,0.00000
918,459,0,1.46350,2.10420,0.25860,0.05020,2560000,-1.00000,665665043984,0.00000
919,459,0,3.34950,0.00000,0.00000,0.02530,0,-1.00000,665665074864,0.00000
920,460,0,2.38830,1.96260,0.21660,0.03290,2560000,-1.00000,665665100274,0.00000
921,460,0,3.51530,0.00000,0.00000,0.07310,0,-1.00000,665665129918,0.00000
922,461,0,1.17600,1.94510,0.29400,0.02450,2560000,-1.00000,665665144550,0.00000
923,461,0,2.90760,0.00000,0.00000,0.01800,0,-1.00000,665665178097,0.00000
924,462,0,1.68581,1.99800,0.31640,0.03720,2560000,-1.00000,665665201946,0.00000
925,462,0,3.22029,0.00000,0.00000,0.02020,0,-1.00000,665665237091,0.00000
926,463,0,1.22710,1.94990,0.21880,0.02560,2560000,-1.00000,665665248841,0.00000
927,463,0,3.08360,0.00000,0.00000,0.02060,0,-1.00000,665665277918,0.00000
928,464,0,0.53530,2.11340,0.34260,0.02290,2560000,-1.00000,665665294772,0.00000
929,464,0,3.21010,0.00000,0.00000,0.05400,0,-1.00000,665665327010,0.00000
930,465,0,0.55380,2.01590,0.20390,0.02590,2560000,-1.00000,665665339306,0.00000
931,465,0,2.89860,0.00000,0.00000,0.01900,0,-1.00000,665665370163,0.00000
932,466,0,1.18520,2.10090,0.22610,0.02590,2560000,-1.00000,665665375432,0.00000
933,466,0,3.02030,0.00000,0.00000,0.01720,0,-1.00000,665665407545,0.00000
934,467,0,1.56770,2.08720,0.22390,0.02410,2560000,-1.00000,665665413075,0.00000
935,467,0,3.00310,0.00000,0.00000,0.01910,0,-1.00000,665665442070,0.00000
936,468,0,4.96870,2.04170,0.27790,0.02130,2560000,-1.00000,665665453911,0.00000
937,468,0,3.05460,0.00000,0.00000,0.02060,0,-1.00000,665665484117,0.00000
938,469,0,0.54080,2.10760,0.23160,0.03490,2560000,-1.00000,665665499802,0.00000
939,469,0,3.21330,0.00000,0.00000,0.01920,0,-1.00000,665665529829,0.00000
940,470,0,1.29720,2.07930,0.27890,0.02640,2560000,-1.00000,665665579516,0.00000
941,470,0,3.09910,0.00000,0.00000,0.01660,0,-1.00000,665665610061,0.00000
942,471,0,1.26210,2.09780,0.26300,0.02330,2560000,-1.00000,665665615462,0.00000
943,471,0,3.01560,0.00000,0.00000,0.01820,0,-1.00000,665665647620,0.00000
944,472,0,0.48190,2.07080,0.34920,0.03650,2560000,-1.00000,665665660579,0.00000
945,472,0,3.13170,0.00000,0.00000,0.02200,0,-1.00000,665665691611,0.00000
946,473,0,0.52670,2.02370,0.22970,0.02500,2560000,-1.00000,665665704190,0.00000
947,473,0,2.87550,0.00000,0.00000,0.02310,0,-1.00000,665665734346,0.00000
948,474,0,1.47479,2.12430,0.30790,0.01970,2560000,-1.00000,665665739168,0.00000
949,474,0,3.07360,0.00000,0.00000,0.02000,0,-1.00000,665665770481,0.00000
950,475,0,3.72580,1.95080,0.20110,0.02450,2560000,-1.00000,665665775739,0.00000
951,475,0,2.84040,0.00000,0.00000,0.01940,0,-1.00000,665665804507,0.00000
952,476,0,0.53670,2.09530,0.21640,0.02350,2560000,-1.00000,665665819244,0.00000
953,476,0,2.98400,0.00000,0.00000,0.01790,0,-1.00000,665665849981,0.00000
954,477,0,1.57520,1.97780,0.24990,0.03540,2560000,-1.00000,665665887241,0.00000
955,477,0,3.10111,0.00000,0.00000,0.03060,0,-1.00000,665665915659,0.00000
956,478,0,0.52860,2.03230,0.21090,0.02410,2560000,-1.00000,665665921005,0.00000
957,478,0,2.90490,0.00000,0.00000,0.02160,0,-1.00000,665665950856,0.00000
958,479,0,0.49530,2.07120,0.23410,0.02350,2560000,-1.00000,665665966607,0.00000
959,479,0,2.93800,0.00000,0.00000,0.01990,0,-1.00000,665665997630,0.00000
960,480,0,0.50320,2.13310,0.24340,0.02820,2560000,-1.00000,665666002895,0.00000
961,480,0,3.10090,0.00000,0.00000,0.02060,0,-1.00000,665666031989,0.00000
962,481,0,3.60880,2.07660,0.20850,0.02730,2560000,-1.00000,665666036896,0.00000
963,481,0,2.98810,0.00000,0.00000,0.02320,0,-1.00000,665666066287,0.00000
964,482,0,0.47450,2.11020,0.35300,0.02410,2560000,-1.00000,665666071311,0.00000
965,482,0,3.12450,0.00000,0.00000,0.02080,0,-1.00000,665666102331,0.00000
966,483,0,0.49751,2.02760,0.24090,0.02430,2560000,-1.00000,665666138414,0.00000
967,483,0,3.02790,0.00000,0.00000,0.02250,0,-1.00000,665666168304,0.00000
968,484,0,1.19130,2.10770,0.28880,0.03010,2560000,-1.00000,665666173041,0.00000
969,484,0,3.20570,0.00000,0.00000,0.02370,0,-1.00000,665666204287,0.00000
970,485,0,1.50570,1.97980,0.25390,0.02720,2560000,-1.00000,665666209255,0.00000
971,485,0,3.00640,0.00000,0.00000,0.02270,0,-1.00000,665666239546,0.00000
972,486,0,1.40270,1.92100,0.26550,0.02350,2560000,-1.00000,665666251456,0.00000
973,486,0,2.90510,0.00000,0.00000,0.01780,0,-1.00000,665666283526,0.00000
974,487,0,1.78009,2.00730,0.22670,0.02640,2560000,-1.00000,665666298566,0.00000
975,487,0,2.94391,0.00000,0.00000,0.01760,0,-1.00000,665666328632,0.00000
976,488,0,1.42839,1.93810,0.29120,0.02310,2560000,-1.00000,665666342655,0.00000
977,488,0,2.89970,0.00000,0.00000,0.02140,0,-1.00000,665666371703,0.00000
978,489,0,1.85140,1.94820,0.19970,0.02090,2560000,-1.00000,665666389504,0.00000
979,489,0,2.84540,0.00000,0.00000,0.02080,0,-1.00000,665666418948,0.00000
980,490,0,1.50879,2.07970,0.30300,0.10350,2560000,-1.00000,665666433230,0.00000
981,490,0,3.15510,0.00000,0.00000,0.02120,0,-1.00000,665666462238,0.00000
982,491,0,1.43570,1.94620,0.22540,0.02280,2560000,-1.00000,665666480743,0.00000
983,491,0,2.79680,0.00000,0.00000,0.01930,0,-1.00000,665666509212,0.00000
984,492,0,1.75381,2.10010,0.27880,0.02180,2560000,-1.00000,665666524281,0.00000
985,492,0,3.14020,0.00000,0.00000,0.02060,0,-1.00000,665666555842,0.00000
986,493,0,1.36650,2.12210,0.22950,0.02950,2560000,-1.00000,665666570196,0.00000
987,493,0,3.11220,0.00000,0.00000,0.02060,0,-1.00000,665666598158,0.00000
988,494,0,1.49850,2.12390,0.22060,0.02440,2560000,-1.00000,665666615693,0.00000
989,494,0,3.33780,0.00000,0.00000,0.01950,0,-1.00000,665666647104,0.00000
990,495,0,4.31910,1.99830,0.21380,0.02400,2560000,-1.00000,665666660761,0.00000
991,495,0,2.85850,0.00000,0.00000,0.01950,0,-1.00000,665666691888,0.00000
992,496,0,0.55260,1.97660,0.21390,0.02210,2560000,-1.00000,665666706873,0.00000
993,496,0,2.84050,0.00000,0.00000,0.01910,0,-1.00000,665666740256,0.00000
994,497,0,2.02400,1.99620,0.23240,0.02270,2560000,-1.00000,665666783434,0.00000
995,497,0,2.99050,0.00000,0.00000,0.01970,0,-1.00000,665666812025,0.00000
996,498,0,1.59340,2.12240,0.21520,0.02170,2560000,-1.00000,665666817549,0.00000
997,498,0,3.03600,0.00000,0.00000,0.01740,0,-1.00000,665666845954,0.00000
998,499,0,3.67630,1.93410,0.22160,0.03570,2560000,-1.00000,665666866198,0.00000
999,499,0,2.92950,0.00000,0.00000,0.01970,0,-1.00000,665666896114,0.00000
1000,500,0,0.59000,2.14270,0.35750,0.02610,2560000,-1.00000,665666912036,0.00000
1001,500,0,3.18510,0.00000,0.00000,0.01800,0,-1.00000,665666942402,0.00000
1002,501,0,0.60580,1.98700,0.22790,0.02370,2560000,-1.00000,665666979172,0.00000
1003,501,0,2.89820,0.00000,0.00000,0.02100,0,-1.00000,665667008459,0.00000
1004,502,0,0.53290,2.13040,0.22230,0.02540,2560000,-1.00000,665667014352,0.00000
1005,502,0,3.01460,0.00000,0.00000,0.01800,0,-1.00000,665667046216,0.00000
1006,503,0,0.48960,2.10230,0.21740,0.02200,2560000,-1.00000,665667052259,0.00000
1007,503,0,2.93300,0.00000,0.00000,0.02290,0,-1.00000,665667081249,0.00000
1008,504,0,1.18040,2.11790,0.27220,0.04070,2560000,-1.00000,665667086567,0.00000
1009,504,0,3.10240,0.00000,0.00000,0.02360,0,-1.00000,665667116722,0.00000
1010,505,0,1.61120,2.07670,0.21800,0.02410,2560000,-1.00000,665667121610,0.00000
1011,505,0,2.96280,0.00000,0.00000,0.02150,0,-1.00000,665667150957,0.00000
1012,506,0,1.40030,2.25530,0.23410,0.03970,2560000,-1.00000,665667162744,0.00000
1013,506,0,3.20291,0.00000,0.00000,0.02440,0,-1.00000,665667193791,0.00000
1014,507,0,1.24750,2.71440,0.25240,0.04370,2560000,-1.00000,665667209894,0.00000
1015,507,0,3.77900,0.00000,0.00000,0.02460,0,-1.00000,665667239521,0.00000
1016,508,0,0.87601,2.10080,0.25250,0.02480,2560000,-1.00000,665667253517,0.00000
1017,508,0,3.02500,0.00000,0.00000,0.02390,0,-1.00000,665667285569,0.00000
1018,509,0,1.52309,2.16010,0.23690,0.04600,2560000,-1.00000,665667298018,0.00000
1019,509,0,3.74031,0.00000,0.00000,0.03600,0,-1.00000,665667335845,0.00000
1020,510,0,0.81880,2.14460,0.21830,0.04830,2560000,-1.00000,665667344570,0.00000
1021,510,0,3.42680,0.00000,0.00000,0.03530,0,-1.00000,665667374830,0.00000
1022,511,0,1.22119,2.18750,0.31410,0.05120,2560000,-1.00000,665667390073,0.00000
1023,511,0,3.42161,0.00000,0.00000,0.02840,0,-1.00000,665667427507,0.00000
1024,512,0,1.13050,2.26840,0.25390,0.03300,2560000,-1.00000,665667435666,0.00000
1025,512,0,3.32950,0.00000,0.00000,0.02610,0,-1.00000,665667469993,0.00000
1026,513,0,4.32590,2.08800,0.30900,0.05740,2560000,-1.00000,665667482153,0.00000
1027,513,0,3.21939,0.00000,0.00000,0.02850,0,-1.00000,665667516378,0.00000
1028,514,0,0.54370,2.20440,0.21040,0.15270,2560000,-1.00000,665667527648,0.00000
1029,514,0,3.41240,0.00000,0.00000,0.02410,0,-1.00000,665667560974,0.00000
1030,515,0,0.55651,2.19330,0.23140,0.03550,2560000,-1.00000,665667604200,0.00000
1031,515,0,3.21599,0.00000,0.00000,0.02070,0,-1.00000,665667636435,0.00000
1032,516,0,0.48910,2.24170,0.23970,0.03380,2560000,-1.00000,665667641833,0.00000
1033,516,0,3.16590,0.00000,0.00000,0.02630,0,-1.00000,665667675992,0.00000
1034,517,0,0.54890,2.16180,0.23570,0.03440,2560000,-1.00000,665667681518,0.00000
1035,517,0,3.08090,0.00000,0.00000,0.02230,0,-1.00000,665667713709,0.00000
1036,518,0,1.42611,1.99310,0.21850,0.02950,2560000,-1.00000,665667718565,0.00000
1037,518,0,2.84000,0.00000,0.00000,0.01980,0,-1.00000,665667750256,0.00000
1038,519,0,1.84369,2.04880,0.26750,0.03890,2560000,-1.00000,665667755714,0.00000
1039,519,0,3.03480,0.00000,0.00000,0.02110,0,-1.00000,665667786550,0.00000
1040,520,0,1.38720,2.01980,0.27090,0.03490,2560000,-1.00000,665667800786,0.00000
1041,520,0,3.00110,0.00000,0.00000,0.02670,0,-1.00000,665667829189,0.00000
1042,521,0,3.82380,2.00950,0.27150,0.05010,2560000,-1.00000,665667847627,0.00000
1043,521,0,3.11670,0.00000,0.00000,0.02930,0,-1.00000,665667878000,0.00000
1044,522,0,0.54889,2.01510,0.21640,0.03510,2560000,-1.00000,665667891859,0.00000
1045,522,0,2.90330,0.00000,0.00000,0.02000,0,-1.00000,665667921875,0.00000
1046,523,0,0.45780,2.22160,0.32960,0.04710,2560000,-1.00000,665667960099,0.00000
1047,523,0,3.38870,0.00000,0.00000,0.02880,0,-1.00000,665667991298,0.00000
1048,524,0,0.95090,2.20020,0.21190,0.03490,2560000,-1.00000,665667996745,0.00000
1049,524,0,3.06540,0.00000,0.00000,0.01950,0,-1.00000,665668025792,0.00000
1050,525,0,1.61740,2.28020,0.26150,0.02440,2560000,-1.00000,665668030360,0.00000
1051,525,0,3.17840,0.00000,0.00000,0.02930,0,-1.00000,665668064289,0.00000
1052,526,0,1.22940,2.24000,0.30190,0.02500,2560000,-1.00000,665668073762,0.00000
1053,526,0,3.15530,0.00000,0.00000,0.02260,0,-1.00000,665668104428,0.00000
1054,527,0,1.34520,2.19330,0.31360,0.02560,2560000,-1.00000,665668120587,0.00000
1055,527,0,3.07040,0.00000,0.00000,0.01920,0,-1.00000,665668152371,0.00000
1056,528,0,1.46920,2.10850,0.25930,0.03020,2560000,-1.00000,665668164666,0.00000
1057,528,0,3.03930,0.00000,0.00000,0.02050,0,-1.00000,665668196219,0.00000
1058,529,0,0.46110,2.55990,0.30150,0.03150,2560000,-1.00000,665668209667,0.00000
1059,529,0,3.46400,0.00000,0.00000,0.02410,0,-1.00000,665668240380,0.00000
1060,530,0,0.42380,2.82080,0.32670,0.02270,2560000,-1.00000,665668255063,0.00000
1061,530,0,3.68851,0.00000,0.00000,0.02280,0,-1.00000,665668285467,0.00000
1062,531,0,2.54030,2.15760,0.25600,0.02620,2560000,-1.00000,665668290063,0.00000
1063,531,0,2.91700,0.00000,0.00000,0.01830,0,-1.00000,665668324720,0.00000
1064,532,0,0.41750,2.82880,0.32680,0.02300,2560000,-1.00000,665668328940,0.00000
1065,532,0,3.68840,0.00000,0.00000,0.02320,0,-1.00000,665668365831,0.00000
1066,533,0,0.41091,2.81300,0.31470,0.02140,2560000,-1.00000,665668391236,0.00000
1067,533,0,3.64290,0.00000,0.00000,0.01760,0,-1.00000,665668420405,0.00000
1068,534,0,0.42039,2.17350,0.26610,0.02100,2560000,-1.00000,665668424573,0.00000
1069,534,0,2.92640,0.00000,0.00000,0.01800,0,-1.00000,665668461471,0.00000
1070,535,0,1.62660,2.13860,0.32270,0.02310,2560000,-1.00000,665668465568,0.00000
1071,535,0,3.05910,0.00000,0.00000,0.02150,0,-1.00000,665668501999,0.00000
1072,536,0,3.81950,2.14110,0.24220,0.02760,2560000,-1.00000,665668506200,0.00000
1073,536,0,3.03230,0.00000,0.00000,0.02370,0,-1.00000,665668535465,0.00000
1074,537,0,1.57320,2.06560,0.21150,0.02680,2560000,-1.00000,665668551733,0.00000
1075,537,0,2.97620,0.00000,0.00000,0.02020,0,-1.00000,665668582325,0.00000
1076,538,0,1.44240,1.97720,0.21560,0.02570,2560000,-1.00000,665668620517,0.00000
1077,538,0,2.78200,0.00000,0.00000,0.01890,0,-1.00000,665668650861,0.00000
1078,539,0,4.08729,2.09770,0.24750,0.02240,2560000,-1.00000,665668666578,0.00000
1079,539,0,2.90530,0.00000,0.00000,0.01710,0,-1.00000,665668696338,0.00000
1080,540,0,0.43040,2.12300,0.25220,0.02200,2560000,-1.00000,665668710761,0.00000
1081,540,0,2.90111,0.00000,0.00000,0.01610,0,-1.00000,665668738580,0.00000
1082,541,0,0.67590,2.03870,0.25500,0.02140,2560000,-1.00000,665668779450,0.00000
1083,541,0,2.87760,0.00000,0.00000,0.01630,0,-1.00000,665668808503,0.00000
1084,542,0,1.57720,2.14990,0.23530,0.02770,2560000,-1.00000,665668812806,0.00000
1085,542,0,2.98980,0.00000,0.00000,0.01730,0,-1.00000,665668841818,0.00000
1086,543,0,1.57990,2.10670,0.24520,0.03120,2560000,-1.00000,665668848575,0.00000
1087,543,0,3.11440,0.00000,0.00000,0.08370,0,-1.00000,665668877356,0.00000
1088,544,0,1.44940,2.17610,0.20070,0.02490,2560000,-1.00000,665668893129,0.00000
1089,544,0,3.03570,0.00000,0.00000,0.02380,0,-1.00000,665668923031,0.00000
1090,545,0,1.39580,2.03720,0.21800,0.02550,2560000,-1.00000,665668938819,0.00000
1091,545,0,2.87790,0.00000,0.00000,0.02020,0,-1.00000,665668969994,0.00000
1092,546,0,1.81090,2.11230,0.22830,0.02350,2560000,-1.00000,665668984468,0.00000
1093,546,0,3.32060,0.00000,0.00000,0.02740,0,-1.00000,665669014831,0.00000
1094,547,0,1.18100,2.11840,0.23750,0.02450,2560000,-1.00000,665669028781,0.00000
1095,547,0,3.00480,0.00000,0.00000,0.01740,0,-1.00000,665669057565,0.00000
1096,548,0,1.64800,2.18930,0.20410,0.02480,2560000,-1.00000,665669075664,0.00000
1097,548,0,3.16390,0.00000,0.00000,0.01510,0,-1.00000,665669108873,0.00000
1098,549,0,1.34340,2.10440,0.24020,0.01950,2560000,-1.00000,665669120676,0.00000
1099,549,0,2.94990,0.00000,0.00000,0.01590,0,-1.00000,665669150730,0.00000
1100,550,0,3.95710,2.03220,0.23870,0.03520,2560000,-1.00000,665669167213,0.00000
1101,550,0,2.85070,0.00000,0.00000,0.01720,0,-1.00000,665669198857,0.00000
1102,551,0,1.69160,2.07930,0.36330,0.03300,2560000,-1.00000,665669212279,0.00000
1103,551,0,3.25470,0.00000,0.00000,0.02100,0,-1.00000,665669241776,0.00000
1104,552,0,1.28240,2.12360,0.21280,0.02490,2560000,-1.00000,665669281351,0.00000
1105,552,0,2.95860,0.00000,0.00000,0.02040,0,-1.00000,665669309866,0.00000
1106,553,0,1.63400,2.04550,0.22050,0.02400,2560000,-1.00000,665669326782,0.00000
1107,553,0,2.91640,0.00000,0.00000,0.01720,0,-1.00000,665669359331,0.00000
1108,554,0,1.61210,2.24760,0.26090,0.02480,2560000,-1.00000,665669372146,0.00000
1109,554,0,3.19400,0.00000,0.00000,0.02410,0,-1.00000,665669401739,0.00000
1110,555,0,1.42810,2.07330,0.23720,0.02340,2560000,-1.00000,665669418065,0.00000
1111,555,0,2.94050,0.00000,0.00000,0.01810,0,-1.00000,665669447234,0.00000
1112,556,0,1.63620,2.20370,0.23990,0.02670,2560000,-1.00000,665669463351,0.00000
1113,556,0,3.06320,0.00000,0.00000,0.01790,0,-1.00000,665669495308,0.00000
1114,557,0,1.50810,2.07200,0.34450,0.09780,2560000,-1.00000,665669509576,0.00000
1115,557,0,3.23610,0.00000,0.00000,0.02320,0,-1.00000,665669538982,0.00000
1116,558,0,1.33310,2.12430,0.30610,0.02780,2560000,-1.00000,665669555344,0.00000
1117,558,0,3.03240,0.00000,0.00000,0.01910,0,-1.00000,665669585980,0.00000
1118,559,0,1.57630,2.03200,0.21660,0.02430,2560000,-1.00000,665669601055,0.00000
1119,559,0,2.85730,0.00000,0.00000,0.01990,0,-1.00000,665669633440,0.00000
1120,560,0,3.97540,2.03500,0.23470,0.02490,2560000,-1.00000,665669646749,0.00000
1121,560,0,2.94420,0.00000,0.00000,0.03460,0,-1.00000,665669677123,0.00000
1122,561,0,1.64630,2.10680,0.23370,0.02130,2560000,-1.00000,665669692839,0.00000
1123,561,0,2.92790,0.00000,0.00000,0.01710,0,-1.00000,665669721411,0.00000
1124,562,0,6.01310,2.00530,0.22350,0.03130,2560000,-1.00000,665669761160,0.00000
1125,562,0,2.85630,0.00000,0.00000,0.01860,0,-1.00000,665669790628,0.00000
1126,563,0,0.66400,2.20540,0.23060,0.02550,2560000,-1.00000,665669807065,0.00000
1127,563,0,3.13120,0.00000,0.00000,0.01770,0,-1.00000,665669836347,0.00000
1128,564,0,2.43620,2.29290,0.20120,0.04020,2560000,-1.00000,665669896480,0.00000
1129,564,0,3.29150,0.00000,0.00000,0.02140,0,-1.00000,665669925045,0.00000
1130,565,0,0.49820,2.17510,0.22900,0.02130,2560000,-1.00000,665669931676,0.00000
1131,565,0,2.99140,0.00000,0.00000,0.01690,0,-1.00000,665669962998,0.00000
1132,566,0,0.42310,2.16920,0.20930,0.02150,2560000,-1.00000,665669987367,0.00000
1133,566,0,2.95170,0.00000,0.00000,0.01590,0,-1.00000,665670020282,0.00000
1134,567,0,0.44110,2.12750,0.23090,0.02850,2560000,-1.00000,665670025248,0.00000
1135,567,0,3.07050,0.00000,0.00000,0.02010,0,-1.00000,665670055168,0.00000
1136,568,0,0.48830,2.05410,0.22120,0.02220,2560000,-1.00000,665670059392,0.00000
1137,568,0,2.93590,0.00000,0.00000,0.01790,0,-1.00000,665670088913,0.00000
1138,569,0,1.50540,2.09000,0.22810,0.02140,2560000,-1.00000,665670093330,0.00000
1139,569,0,2.92410,0.00000,0.00000,0.02040,0,-1.00000,665670124042,0.00000
1140,570,0,1.47770,2.14210,0.24470,0.02230,2560000,-1.00000,665670128915,0.00000
1141,570,0,2.94370,0.00000,0.00000,0.01630,0,-1.00000,665670158273,0.00000
1142,571,0,1.75651,2.11820,0.30890,0.04780,2560000,-1.00000,665670173328,0.00000
1143,571,0,3.15680,0.00000,0.00000,0.02170,0,-1.00000,665670202569,0.00000
1144,572,0,1.62070,2.08060,0.26860,0.02850,2560000,-1.00000,665670217340,0.00000
1145,572,0,2.94690,0.00000,0.00000,0.01860,0,-1.00000,665670246777,0.00000
1146,573,0,3.73240,2.09240,0.23230,0.02680,2560000,-1.00000,665670264350,0.00000
1147,573,0,2.92810,0.00000,0.00000,0.02250,0,-1.00000,665670295942,0.00000
1148,574,0,0.43070,2.17910,0.19630,0.02210,2560000,-1.00000,665670312128,0.00000
1149,574,0,2.98100,0.00000,0.00000,0.01760,0,-1.00000,665670341599,0.00000
1150,575,0,0.45990,2.17220,0.21080,0.02350,2560000,-1.00000,665670378912,0.00000
1151,575,0,2.97640,0.00000,0.00000,0.01960,0,-1.00000,665670408199,0.00000
1152,576,0,1.63480,2.06720,0.25880,0.03900,2560000,-1.00000,665670412499,0.00000
1153,576,0,2.96760,0.00000,0.00000,0.01880,0,-1.00000,665670442314,0.00000
1154,577,0,1.59740,2.14130,0.24550,0.02160,2560000,-1.00000,665670446913,0.00000
1155,577,0,2.98670,0.00000,0.00000,0.02010,0,-1.00000,665670476680,0.00000
1156,578,0,1.54810,2.21390,0.31380,0.02590,2560000,-1.00000,665670493022,0.00000
1157,578,0,3.15370,0.00000,0.00000,0.02060,0,-1.00000,665670522700,0.00000
1158,579,0,4.74380,2.39310,0.32240,0.03210,2560000,-1.00000,665670538674,0.00000
1159,579,0,3.40641,0.00000,0.00000,0.01870,0,-1.00000,665670568546,0.00000
1160,580,0,0.56200,2.20490,0.22280,0.02170,2560000,-1.00000,665670584023,0.00000
1161,580,0,3.05510,0.00000,0.00000,0.01980,0,-1.00000,665670615557,0.00000
1162,581,0,0.46280,2.14860,0.22790,0.02390,2560000,-1.00000,665670663010,0.00000
1163,581,0,3.01210,0.00000,0.00000,0.02250,0,-1.00000,665670697065,0.00000
1164,582,0,0.47230,2.18720,0.21840,0.01910,2560000,-1.00000,665670702684,0.00000
1165,582,0,2.96610,0.00000,0.00000,0.01590,0,-1.00000,665670733238,0.00000
1166,583,0,0.41460,2.17730,0.24140,0.02310,2560000,-1.00000,665670737857,0.00000
1167,583,0,3.02720,0.00000,0.00000,0.01740,0,-1.00000,665670767991,0.00000
1168,584,0,0.45111,2.22850,0.22190,0.02580,2560000,-1.00000,665670772744,0.00000
1169,584,0,3.08470,0.00000,0.00000,0.01490,0,-1.00000,665670802358,0.00000
1170,585,0,1.04060,2.24760,0.22690,0.02830,2560000,-1.00000,665670806503,0.00000
1171,585,0,3.15900,0.00000,0.00000,0.02010,0,-1.00000,665670836784,0.00000
1172,586,0,1.38770,2.16500,0.28260,0.03230,2560000,-1.00000,665670841293,0.00000
1173,586,0,3.22071,0.00000,0.00000,0.02330,0,-1.00000,665670872143,0.00000
1174,587,0,1.33180,2.17940,0.20760,0.02360,2560000,-1.00000,665670882553,0.00000
1175,587,0,3.14320,0.00000,0.00000,0.02110,0,-1.00000,665670914141,0.00000
1176,588,0,1.42250,2.31960,0.23610,0.02220,2560000,-1.00000,665670928014,0.00000
1177,588,0,3.16710,0.00000,0.00000,0.01890,0,-1.00000,665670960238,0.00000
1178,589,0,1.41420,2.21690,0.22730,0.02730,2560000,-1.00000,665670973544,0.00000
1179,589,0,3.06930,0.00000,0.00000,0.02120,0,-1.00000,665671004983,0.00000
1180,590,0,1.48740,2.24270,0.20590,0.02480,2560000,-1.00000,665671019197,0.00000
1181,590,0,3.03490,0.00000,0.00000,0.02060,0,-1.00000,665671050877,0.00000
1182,591,0,1.49010,2.19800,0.19830,0.02270,2560000,-1.00000,665671065137,0.00000
1183,591,0,3.08080,0.00000,0.00000,0.01880,0,-1.00000,665671095705,0.00000
1184,592,0,0.49830,2.19050,0.22700,0.02660,2560000,-1.00000,665671110575,0.00000
1185,592,0,3.02450,0.00000,0.00000,0.01960,0,-1.00000,665671140932,0.00000
1186,593,0,0.44200,2.30800,0.22020,0.02210,2560000,-1.00000,665671155823,0.00000
1187,593,0,3.10821,0.00000,0.00000,0.01710,0,-1.00000,665671186643,0.00000
1188,594,0,1.22250,2.09510,0.21680,0.02000,2560000,-1.00000,665671191617,0.00000
1189,594,0,2.90700,0.00000,0.00000,0.01670,0,-1.00000,665671221863,0.00000
1190,595,0,0.42320,2.20060,0.23010,0.03530,2560000,-1.00000,665671226276,0.00000
1191,595,0,3.20560,0.00000,0.00000,0.02410,0,-1.00000,665671257365,0.00000
1192,596,0,0.51150,2.27870,0.24900,0.02770,2560000,-1.00000,665671269582,0.00000
1193,596,0,3.17280,0.00000,0.00000,0.02430,0,-1.00000,665671298655,0.00000
1194,597,0,2.30921,2.21860,0.21410,0.02020,2560000,-1.00000,665671302884,0.00000
1195,597,0,3.04950,0.00000,0.00000,0.01680,0,-1.00000,665671334979,0.00000
1196,598,0,0.58630,2.23020,0.28980,0.02190,2560000,-1.00000,665671340061,0.00000
1197,598,0,3.15100,0.00000,0.00000,0.01870,0,-1.00000,665671371800,0.00000
1198,599,0,1.43590,2.21200,0.32760,0.03190,2560000,-1.00000,665671394880,0.00000
1199,599,0,3.26320,0.00000,0.00000,0.02320,0,-1.00000,665671425378,0.00000
1200,600,0,3.56010,2.24300,0.23660,0.02810,2560000,-1.00000,665671431236,0.00000
1201,600,0,3.13550,0.00000,0.00000,0.01970,0,-1.00000,665671462757,0.00000
1202,601,0,1.43860,2.29010,0.27030,0.02870,2560000,-1.00000,665671477166,0.00000
1203,601,0,3.21360,0.00000,0.00000,0.01950,0,-1.00000,665671509769,0.00000
1204,602,0,1.48430,2.23220,0.22620,0.03390,2560000,-1.00000,665671545339,0.00000
1205,602,0,3.20900,0.00000,0.00000,0.02600,0,-1.00000,665671576706,0.00000
1206,603,0,1.31980,2.23970,0.21800,0.02370,2560000,-1.00000,665671591079,0.00000
1207,603,0,3.08210,0.00000,0.00000,0.01750,0,-1.00000,665671623237,0.00000
1208,604,0,1.37120,2.11740,0.23470,0.02220,2560000,-1.00000,665671638062,0.00000
1209,604,0,3.00230,0.00000,0.00000,0.01700,0,-1.00000,665671670346,0.00000
1210,605,0,1.46631,2.29730,0.24320,0.02110,2560000,-1.00000,665671683347,0.00000
1211,605,0,3.16480,0.00000,0.00000,0.01830,0,-1.00000,665671714171,0.00000
1212,606,0,1.50840,2.30580,0.22360,0.02420,2560000,-1.00000,665671727878,0.00000
1213,606,0,3.17380,0.00000,0.00000,0.02170,0,-1.00000,665671757906,0.00000
1214,607,0,1.58730,2.21480,0.23050,0.02510,2560000,-1.00000,665671772564,0.00000
1215,607,0,3.08790,0.00000,0.00000,0.01980,0,-1.00000,665671804216,0.00000
1216,608,0,3.59131,2.25440,0.23240,0.02410,2560000,-1.00000,665671819300,0.00000
1217,608,0,3.08340,0.00000,0.00000,0.01680,0,-1.00000,665671851040,0.00000
1218,609,0,1.48070,2.23430,0.22930,0.03910,2560000,-1.00000,665671866909,0.00000
1219,609,0,3.23750,0.00000,0.00000,0.02340,0,-1.00000,665671897788,0.00000
1220,610,0,1.37060,2.26140,0.21650,0.02450,2560000,-1.00000,665671933699,0.00000
1221,610,0,3.06351,0.00000,0.00000,0.01730,0,-1.00000,665671964535,0.00000
1222,611,0,3.76310,2.13810,0.22080,0.02350,2560000,-1.00000,665671979347,0.00000
1223,611,0,2.97340,0.00000,0.00000,0.02010,0,-1.00000,665672011735,0.00000
1224,612,0,0.43630,2.09770,0.23190,0.02270,2560000,-1.00000,665672025422,0.00000
1225,612,0,3.09240,0.00000,0.00000,0.01700,0,-1.00000,665672056102,0.00000
1226,613,0,1.42659,2.28090,0.26270,0.02290,2560000,-1.00000,665672093688,0.00000
1227,613,0,3.11290,0.00000,0.00000,0.01690,0,-1.00000,665672123422,0.00000
1228,614,0,1.20880,2.31160,0.24070,0.02210,2560000,-1.00000,665672127781,0.00000
1229,614,0,3.05599,0.00000,0.00000,0.01590,0,-1.00000,665672158715,0.00000
1230,615,0,2.97421,2.32860,0.20740,0.04120,2560000,-1.00000,665672172974,0.00000
1231,615,0,3.23420,0.00000,0.00000,0.02400,0,-1.00000,665672204109,0.00000
1232,616,0,0.46020,2.38490,0.20620,0.02260,2560000,-1.00000,665672216199,0.00000
1233,616,0,3.15580,0.00000,0.00000,0.01480,0,-1.00000,665672246751,0.00000
1234,617,0,0.39590,2.20330,0.20510,0.02130,2560000,-1.00000,665672276499,0.00000
1235,617,0,2.91400,0.00000,0.00000,0.01790,0,-1.00000,665672308867,0.00000
1236,618,0,3.55180,2.24730,0.22840,0.02450,2560000,-1.00000,665672313438,0.00000
1237,618,0,3.20740,0.00000,0.00000,0.01720,0,-1.00000,665672344997,0.00000
1238,619,0,1.32330,2.15370,0.20230,0.03230,2560000,-1.00000,665672348955,0.00000
1239,619,0,3.03900,0.00000,0.00000,0.01970,0,-1.00000,665672378100,0.00000
1240,620,0,1.68980,2.13020,0.23970,0.02690,2560000,-1.00000,665672413616,0.00000
1241,620,0,2.98520,0.00000,0.00000,0.02100,0,-1.00000,665672445735,0.00000
1242,621,0,1.46300,2.34480,0.21110,0.02440,2560000,-1.00000,665672458927,0.00000
1243,621,0,3.18950,0.00000,0.00000,0.01850,0,-1.00000,665672489319,0.00000
1244,622,0,3.64270,2.12250,0.26500,0.02980,2560000,-1.00000,665672506213,0.00000
1245,622,0,3.05159,0.00000,0.00000,0.02200,0,-1.00000,665672536073,0.00000
1246,623,0,1.50731,2.43550,0.20650,0.02540,2560000,-1.00000,665672550692,0.00000
1247,623,0,3.23029,0.00000,0.00000,0.02020,0,-1.00000,665672582590,0.00000
1248,624,0,3.56081,2.12850,0.18560,0.02190,2560000,-1.00000,665672619015,0.00000
1249,624,0,2.87830,0.00000,0.00000,0.02310,0,-1.00000,665672649544,0.00000
1250,625,0,1.84780,2.28810,0.20900,0.02860,2560000,-1.00000,665672664611,0.00000
1251,625,0,3.10570,0.00000,0.00000,0.01830,0,-1.00000,665672696912,0.00000
1252,626,0,3.68810,2.43080,0.21300,0.04600,2560000,-1.00000,665672732516,0.00000
1253,626,0,3.46900,0.00000,0.00000,0.03300,0,-1.00000,665672761306,0.00000
1254,627,0,1.07070,2.28490,0.22410,0.02650,2560000,-1.00000,665672779780,0.00000
1255,627,0,3.11210,0.00000,0.00000,0.01850,0,-1.00000,665672810835,0.00000
1256,628,0,1.45530,2.32800,0.23770,0.03770,2560000,-1.00000,665672847733,0.00000
1257,628,0,3.22610,0.00000,0.00000,0.01910,0,-1.00000,665672882439,0.00000
1258,629,0,2.26280,2.19490,0.21880,0.02450,2560000,-1.00000,665672893112,0.00000
1259,629,0,3.03180,0.00000,0.00000,0.01800,0,-1.00000,665672924236,0.00000
1260,630,0,0.38650,2.26980,0.25470,0.01960,2560000,-1.00000,665672938784,0.00000
1261,630,0,2.99680,0.00000,0.00000,0.02130,0,-1.00000,665672971070,0.00000
1262,631,0,0.38690,2.22260,0.20170,0.02530,2560000,-1.00000,665672993675,0.00000
1263,631,0,3.09600,0.00000,0.00000,0.01940,0,-1.00000,665673023992,0.00000
1264,632,0,0.52990,2.26240,0.24020,0.02410,2560000,-1.00000,665673027851,0.00000
1265,632,0,3.11980,0.00000,0.00000,0.01940,0,-1.00000,665673057830,0.00000
1266,633,0,1.52420,2.28560,0.24680,0.02340,2560000,-1.00000,665673061697,0.00000
1267,633,0,3.10540,0.00000,0.00000,0.01740,0,-1.00000,665673092660,0.00000
1268,634,0,1.39080,2.13220,0.22660,0.02670,2560000,-1.00000,665673097949,0.00000
1269,634,0,2.99210,0.00000,0.00000,0.01800,0,-1.00000,665673129161,0.00000
1270,635,0,1.70780,2.34000,0.22820,0.04810,2560000,-1.00000,665673144395,0.00000
1271,635,0,3.50890,0.00000,0.00000,0.02860,0,-1.00000,665673175446,0.00000
1272,636,0,3.23890,2.33270,0.23930,0.05020,2560000,-1.00000,665673189359,0.00000
1273,636,0,3.47030,0.00000,0.00000,0.02660,0,-1.00000,665673219280,0.00000
1274,637,0,1.16800,2.21540,0.19210,0.02440,2560000,-1.00000,665673236366,0.00000
1275,637,0,3.17260,0.00000,0.00000,0.01930,0,-1.00000,665673271490,0.00000
1276,638,0,0.39900,2.31250,0.29040,0.03780,2560000,-1.00000,665673303856,0.00000
1277,638,0,3.36140,0.00000,0.00000,0.02420,0,-1.00000,665673338586,0.00000
1278,639,0,1.06210,2.34110,0.22230,0.04420,2560000,-1.00000,665673350218,0.00000
1279,639,0,3.37940,0.00000,0.00000,0.02310,0,-1.00000,665673382000,0.00000
1280,640,0,0.52881,2.28560,0.21530,0.03060,2560000,-1.00000,665673385935,0.00000
1281,640,0,3.07020,0.00000,0.00000,0.01990,0,-1.00000,665673419565,0.00000
1282,641,0,0.91140,2.29170,0.27340,0.02450,2560000,-1.00000,665673430176,0.00000
1283,641,0,3.11080,0.00000,0.00000,0.01990,0,-1.00000,665673463991,0.00000
1284,642,0,1.56080,2.28170,0.29290,0.02300,2560000,-1.00000,665673469255,0.00000
1285,642,0,3.15570,0.00000,0.00000,0.02240,0,-1.00000,665673499958,0.00000
1286,643,0,1.63170,2.29430,0.24720,0.03820,2560000,-1.00000,665673509067,0.00000
1287,643,0,3.32540,0.00000,0.00000,0.02910,0,-1.00000,665673540176,0.00000
1288,644,0,1.08950,2.35660,0.23290,0.02720,2560000,-1.00000,665673555779,0.00000
1289,644,0,3.16300,0.00000,0.00000,0.03130,0,-1.00000,665673587342,0.00000
1290,645,0,1.25360,2.38050,0.29810,0.02700,2560000,-1.00000,665673603707,0.00000
1291,645,0,3.53520,0.00000,0.00000,0.05050,0,-1.00000,665673636944,0.00000
1292,646,0,1.13400,2.25100,0.21060,0.02390,2560000,-1.00000,665673647805,0.00000
1293,646,0,2.99650,0.00000,0.00000,0.01800,0,-1.00000,665673679437,0.00000
1294,647,0,0.34750,2.36540,0.25240,0.02500,2560000,-1.00000,665673691976,0.00000
1295,647,0,3.23760,0.00000,0.00000,0.01760,0,-1.00000,665673727331,0.00000
1296,648,0,0.85140,2.24610,0.22820,0.02310,2560000,-1.00000,665673738660,0.00000
1297,648,0,3.06260,0.00000,0.00000,0.02050,0,-1.00000,665673768629,0.00000
1298,649,0,0.49200,2.34240,0.26690,0.02720,2560000,-1.00000,665673772101,0.00000
1299,649,0,3.25740,0.00000,0.00000,0.02020,0,-1.00000,665673804478,0.00000
1300,650,0,0.41080,2.38390,0.29280,0.02330,2560000,-1.00000,665673812994,0.00000
1301,650,0,3.21030,0.00000,0.00000,0.01870,0,-1.00000,665673843613,0.00000
1302,651,0,0.51060,2.24510,0.29220,0.01900,2560000,-1.00000,665673848594,0.00000
1303,651,0,3.11100,0.00000,0.00000,0.03300,0,-1.00000,665673881130,0.00000
1304,652,0,3.72420,2.38330,0.19740,0.03670,2560000,-1.00000,665673885215,0.00000
1305,652,0,3.29160,0.00000,0.00000,0.02440,0,-1.00000,665673917320,0.00000
1306,653,0,0.49660,2.32280,0.22380,0.02370,2560000,-1.00000,665673922422,0.00000
1307,653,0,3.15730,0.00000,0.00000,0.01940,0,-1.00000,665673953543,0.00000
1308,654,0,0.45220,2.29480,0.20500,0.02330,2560000,-1.00000,665673990796,0.00000
1309,654,0,3.03450,0.00000,0.00000,0.02100,0,-1.00000,665674023706,0.00000
1310,655,0,0.91740,2.26840,0.23430,0.02370,2560000,-1.00000,665674028657,0.00000
1311,655,0,3.13210,0.00000,0.00000,0.02030,0,-1.00000,665674060236,0.00000
1312,656,0,0.41800,2.25580,0.24020,0.02430,2560000,-1.00000,665674064753,0.00000
1313,656,0,3.12580,0.00000,0.00000,0.01720,0,-1.00000,665674095107,0.00000
1314,657,0,0.41350,2.20790,0.27410,0.01920,2560000,-1.00000,665674104271,0.00000
1315,657,0,3.03490,0.00000,0.00000,0.01600,0,-1.00000,665674135594,0.00000
1316,658,0,0.40930,2.32100,0.19920,0.01910,2560000,-1.00000,665674139771,0.00000
1317,658,0,3.09550,0.00000,0.00000,0.01450,0,-1.00000,665674171041,0.00000
1318,659,0,0.41361,2.20650,0.20520,0.02370,2560000,-1.00000,665674175164,0.00000
1319,659,0,3.07820,0.00000,0.00000,0.01750,0,-1.00000,665674205514,0.00000
1320,660,0,1.28410,2.37890,0.22140,0.03330,2560000,-1.00000,665674209607,0.00000
1321,660,0,3.23231,0.00000,0.00000,0.02140,0,-1.00000,665674240621,0.00000
1322,661,0,1.46750,2.18900,0.20910,0.02370,2560000,-1.00000,665674244706,0.00000
1323,661,0,3.01650,0.00000,0.00000,0.02010,0,-1.00000,665674275494,0.00000
1324,662,0,1.34400,2.24970,0.20380,0.02380,2560000,-1.00000,665674288336,0.00000
1325,662,0,3.06140,0.00000,0.00000,0.02030,0,-1.00000,665674320668,0.00000
1326,663,0,3.83180,2.24710,0.20440,0.02710,2560000,-1.00000,665674335327,0.00000
1327,663,0,3.00930,0.00000,0.00000,0.02240,0,-1.00000,665674365494,0.00000
1328,664,0,0.48660,2.21910,0.23630,0.02070,2560000,-1.00000,665674378931,0.00000
1329,664,0,2.97840,0.00000,0.00000,0.01860,0,-1.00000,665674409547,0.00000
1330,665,0,0.45590,2.36610,0.29540,0.02090,2560000,-1.00000,665674447863,0.00000
1331,665,0,3.23550,0.00000,0.00000,0.01700,0,-1.00000,665674477961,0.00000
1332,666,0,1.19430,2.26490,0.35310,0.04780,2560000,-1.00000,665674482822,0.00000
1333,666,0,3.55810,0.00000,0.00000,0.02300,0,-1.00000,665674512648,0.00000
1334,667,0,4.24650,2.28080,0.22170,0.03810,2560000,-1.00000,665674517163,0.00000
1335,667,0,3.21280,0.00000,0.00000,0.02230,0,-1.00000,665674549518,0.00000
1336,668,0,0.49960,2.38920,0.23790,0.02680,2560000,-1.00000,665674561458,0.00000
1337,668,0,3.23390,0.00000,0.00000,0.01900,0,-1.00000,665674597060,0.00000
1338,669,0,0.41030,2.38340,0.22940,0.02170,2560000,-1.00000,665674639510,0.00000
1339,669,0,3.20570,0.00000,0.00000,0.02000,0,-1.00000,665674671654,0.00000
1340,670,0,0.38250,2.35180,0.23070,0.02490,2560000,-1.00000,665674676631,0.00000
1341,670,0,3.16570,0.00000,0.00000,0.01990,0,-1.00000,665674708975,0.00000
1342,671,0,0.43260,2.23090,0.20540,0.02150,2560000,-1.00000,665674713067,0.00000
1343,671,0,3.00220,0.00000,0.00000,0.01730,0,-1.00000,665674745130,0.00000
1344,672,0,0.45130,2.17570,0.19710,0.02310,2560000,-1.00000,665674748950,0.00000
1345,672,0,2.98510,0.00000,0.00000,0.02110,0,-1.00000,665674780617,0.00000
1346,673,0,0.88090,2.25420,0.24080,0.02270,2560000,-1.00000,665674784933,0.00000
1347,673,0,3.03950,0.00000,0.00000,0.01670,0,-1.00000,665674814960,0.00000
1348,674,0,1.56410,2.25710,0.28640,0.02390,2560000,-1.00000,665674819629,0.00000
1349,674,0,3.14300,0.00000,0.00000,0.01750,0,-1.00000,665674849331,0.00000
1350,675,0,1.37880,2.31670,0.21620,0.03630,2560000,-1.00000,665674858135,0.00000
1351,675,0,3.25850,0.00000,0.00000,0.01840,0,-1.00000,665674888526,0.00000
1352,676,0,1.34550,2.35330,0.22310,0.02110,2560000,-1.00000,665674904165,0.00000
1353,676,0,3.17280,0.00000,0.00000,0.02320,0,-1.00000,665674935602,0.00000
1354,677,0,1.33740,2.24610,0.22760,0.02550,2560000,-1.00000,665674949396,0.00000
1355,677,0,3.06350,0.00000,0.00000,0.02090,0,-1.00000,665674981988,0.00000
1356,678,0,1.48160,2.23380,0.20070,0.02580,2560000,-1.00000,665674995431,0.00000
1357,678,0,3.02659,0.00000,0.00000,0.01820,0,-1.00000,665675027160,0.00000
1358,679,0,3.92530,2.18100,0.18800,0.02350,2560000,-1.00000,665675040533,0.00000
1359,679,0,3.04280,0.00000,0.00000,0.01900,0,-1.00000,665675071167,0.00000
1360,680,0,1.39020,2.21740,0.23210,0.02450,2560000,-1.00000,665675085984,0.00000
1361,680,0,3.05970,0.00000,0.00000,0.01830,0,-1.00000,665675116248,0.00000
1362,681,0,1.45879,2.26360,0.24790,0.03370,2560000,-1.00000,665675155514,0.00000
1363,681,0,3.21510,0.00000,0.00000,0.02260,0,-1.00000,665675185932,0.00000
1364,682,0,1.37480,2.25780,0.30760,0.03470,2560000,-1.00000,665675199827,0.00000
1365,682,0,3.23970,0.00000,0.00000,0.01960,0,-1.00000,665675230423,0.00000
1366,683,0,1.29359,2.22590,0.31250,0.02410,2560000,-1.00000,665675245024,0.00000
1367,683,0,3.35731,0.00000,0.00000,0.02050,0,-1.00000,665675277171,0.00000
1368,684,0,1.16000,2.29450,0.21420,0.02160,2560000,-1.00000,665675290916,0.00000
1369,684,0,3.06420,0.00000,0.00000,0.01690,0,-1.00000,665675323327,0.00000
1370,685,0,0.38210,2.21870,0.23580,0.02100,2560000,-1.00000,665675336253,0.00000
1371,685,0,3.03639,0.00000,0.00000,0.01600,0,-1.00000,665675369835,0.00000
1372,686,0,1.42170,2.21270,0.21060,0.01970,2560000,-1.00000,665675381418,0.00000
1373,686,0,3.00060,0.00000,0.00000,0.01720,0,-1.00000,665675412057,0.00000
1374,687,0,0.51560,2.21470,0.23470,0.02370,2560000,-1.00000,665675415877,0.00000
1375,687,0,2.99860,0.00000,0.00000,0.01650,0,-1.00000,665675446245,0.00000
1376,688,0,3.86370,2.22970,0.30700,0.02480,2560000,-1.00000,665675460458,0.00000
1377,688,0,3.10959,0.00000,0.00000,0.01970,0,-1.00000,665675490468,0.00000
1378,689,0,1.51250,2.27330,0.21250,0.03410,2560000,-1.00000,665675495626,0.00000
1379,689,0,3.21230,0.00000,0.00000,0.01900,0,-1.00000,665675525754,0.00000
1380,690,0,3.54770,2.22800,0.32520,0.02420,2560000,-1.00000,665675564245,0.00000
1381,690,0,3.13350,0.00000,0.00000,0.01720,0,-1.00000,665675595341,0.00000
1382,691,0,1.43270,2.16870,0.23630,0.02690,2560000,-1.00000,665675610471,0.00000
1383,691,0,2.99420,0.00000,0.00000,0.01880,0,-1.00000,665675642613,0.00000
1384,692,0,1.55550,2.20820,0.25010,0.02080,2560000,-1.00000,665675678121,0.00000
1385,692,0,3.06910,0.00000,0.00000,0.02180,0,-1.00000,665675709405,0.00000
1386,693,0,1.46350,2.21080,0.30580,0.02220,2560000,-1.00000,665675723743,0.00000
1387,693,0,3.03570,0.00000,0.00000,0.01740,0,-1.00000,665675753680,0.00000
1388,694,0,1.48850,2.13490,0.23560,0.02470,2560000,-1.00000,665675769231,0.00000
1389,694,0,2.96220,0.00000,0.00000,0.01810,0,-1.00000,665675799931,0.00000
1390,695,0,1.59540,2.16340,0.20310,0.01980,2560000,-1.00000,665675814560,0.00000
1391,695,0,2.87389,0.00000,0.00000,0.02120,0,-1.00000,665675844912,0.00000
1392,696,0,1.66550,2.12390,0.27790,0.02810,2560000,-1.00000,665675859796,0.00000
1393,696,0,3.00640,0.00000,0.00000,0.02040,0,-1.00000,665675889428,0.00000
1394,697,0,1.56880,2.18170,0.21690,0.02830,2560000,-1.00000,665675905378,0.00000
1395,697,0,3.02350,0.00000,0.00000,0.01950,0,-1.00000,665675934116,0.00000
1396,698,0,1.54890,2.16190,0.19620,0.02790,2560000,-1.00000,665675950766,0.00000
1397,698,0,2.99410,0.00000,0.00000,0.02030,0,-1.00000,665675980840,0.00000
1398,699,0,1.53771,2.17700,0.22670,0.02230,2560000,-1.00000,665675996528,0.00000
1399,699,0,2.93750,0.00000,0.00000,0.02110,0,-1.00000,665676026753,0.00000
1400,700,0,2.36600,2.19760,0.22610,0.02600,2560000,-1.00000,665676042243,0.00000
1401,700,0,3.01040,0.00000,0.00000,0.02260,0,-1.00000,665676072198,0.00000
1402,701,0,0.72930,2.07650,0.21640,0.02680,2560000,-1.00000,665676087559,0.00000
1403,701,0,2.93870,0.00000,0.00000,0.01840,0,-1.00000,665676116947,0.00000
1404,702,0,3.81110,2.17370,0.19350,0.02770,2560000,-1.00000,665676140593,0.00000
1405,702,0,3.04700,0.00000,0.00000,0.02210,0,-1.00000,665676170701,0.00000
1406,703,0,3.80651,2.21700,0.24380,0.04340,2560000,-1.00000,665676177991,0.00000
1407,703,0,3.26270,0.00000,0.00000,0.02530,0,-1.00000,665676207388,0.00000
1408,704,0,0.55230,2.38070,0.22220,0.02210,2560000,-1.00000,665676245489,0.00000
1409,704,0,3.21081,0.00000,0.00000,0.01770,0,-1.00000,665676275972,0.00000
1410,705,0,0.39020,2.25790,0.22110,0.02260,2560000,-1.00000,665676314040,0.00000
1411,705,0,3.01130,0.00000,0.00000,0.01820,0,-1.00000,665676346675,0.00000
1412,706,0,1.05700,2.09290,0.19170,0.02090,2560000,-1.00000,665676352175,0.00000
1413,706,0,2.79740,0.00000,0.00000,0.01630,0,-1.00000,665676384343,0.00000
1414,707,0,0.38070,2.12360,0.21180,0.02080,2560000,-1.00000,665676388181,0.00000
1415,707,0,3.52340,0.00000,0.00000,0.02200,0,-1.00000,665676418301,0.00000
1416,708,0,2.35880,2.17300,0.23340,0.02450,2560000,-1.00000,665676428867,0.00000
1417,708,0,2.94050,0.00000,0.00000,0.01640,0,-1.00000,665676456844,0.00000
1418,709,0,3.75380,2.13460,0.25440,0.02170,2560000,-1.00000,665676460645,0.00000
1419,709,0,2.88930,0.00000,0.00000,0.01690,0,-1.00000,665676495893,0.00000
1420,710,0,0.37460,2.09110,0.41440,0.02730,2560000,-1.00000,665676519472,0.00000
1421,710,0,3.13670,0.00000,0.00000,0.01720,0,-1.00000,665676548876,0.00000
1422,711,0,0.39560,2.14250,0.20960,0.03000,2560000,-1.00000,665676586416,0.00000
1423,711,0,3.00490,0.00000,0.00000,0.02200,0,-1.00000,665676615310,0.00000
1424,712,0,1.66261,2.11360,0.21930,0.02510,2560000,-1.00000,665676619049,0.00000
1425,712,0,2.88870,0.00000,0.00000,0.01800,0,-1.00000,665676650433,0.00000
1426,713,0,1.47310,2.19810,0.21840,0.02100,2560000,-1.00000,665676654372,0.00000
1427,713,0,2.97310,0.00000,0.00000,0.01660,0,-1.00000,665676684442,0.00000
1428,714,0,1.55950,2.20520,0.22340,0.02590,2560000,-1.00000,665676701053,0.00000
1429,714,0,3.09730,0.00000,0.00000,0.01960,0,-1.00000,665676729940,0.00000
1430,715,0,1.46260,2.17570,0.22450,0.02610,2560000,-1.00000,665676744665,0.00000
1431,715,0,2.90680,0.00000,0.00000,0.01830,0,-1.00000,665676774403,0.00000
1432,716,0,1.62080,2.01380,0.22660,0.02030,2560000,-1.00000,665676789988,0.00000
1433,716,0,2.74481,0.00000,0.00000,0.01680,0,-1.00000,665676820979,0.00000
1434,717,0,0.37900,1.99630,0.23280,0.01910,2560000,-1.00000,665676835591,0.00000
1435,717,0,2.76140,0.00000,0.00000,0.01770,0,-1.00000,665676864661,0.00000
1436,718,0,3.19920,2.04860,0.20920,0.03550,2560000,-1.00000,665676880868,0.00000
1437,718,0,3.00790,0.00000,0.00000,0.02240,0,-1.00000,665676908315,0.00000
1438,719,0,1.52020,2.17460,0.19930,0.02240,2560000,-1.00000,665676912103,0.00000
1439,719,0,2.97140,0.00000,0.00000,0.01810,0,-1.00000,665676939721,0.00000
1440,720,0,0.38850,2.14240,0.20520,0.02480,2560000,-1.00000,665676971738,0.00000
1441,720,0,2.92630,0.00000,0.00000,0.01710,0,-1.00000,665677001807,0.00000
1442,721,0,0.54150,2.15460,0.23210,0.02470,2560000,-1.00000,665677016997,0.00000
1443,721,0,3.06660,0.00000,0.00000,0.01710,0,-1.00000,665677046713,0.00000
1444,722,0,0.38970,2.09270,0.22670,0.02800,2560000,-1.00000,665677050592,0.00000
1445,722,0,2.94070,0.00000,0.00000,0.01880,0,-1.00000,665677079863,0.00000
1446,723,0,0.52140,2.07350,0.21260,0.03090,2560000,-1.00000,665677085267,0.00000
1447,723,0,3.05560,0.00000,0.00000,0.02420,0,-1.00000,665677115942,0.00000
1448,724,0,1.45420,2.02070,0.23940,0.03960,2560000,-1.00000,665677119882,0.00000
1449,724,0,3.01940,0.00000,0.00000,0.02780,0,-1.00000,665677149259,0.00000
1450,725,0,1.53840,2.13330,0.24070,0.04230,2560000,-1.00000,665677154452,0.00000
1451,725,0,3.20620,0.00000,0.00000,0.02510,0,-1.00000,665677185037,0.00000
1452,726,0,1.25140,2.26390,0.25870,0.04920,2560000,-1.00000,665677199562,0.00000
1453,726,0,3.41060,0.00000,0.00000,0.02280,0,-1.00000,665677229777,0.00000
1454,727,0,1.26300,2.14720,0.23550,0.04310,2560000,-1.00000,665677245138,0.00000
1455,727,0,3.21759,0.00000,0.00000,0.02330,0,-1.00000,665677277217,0.00000
1456,728,0,1.19920,2.20210,0.23690,0.03680,2560000,-1.00000,665677289713,0.00000
1457,728,0,3.11240,0.00000,0.00000,0.01990,0,-1.00000,665677323866,0.00000
1458,729,0,1.53970,2.21540,0.28040,0.04600,2560000,-1.00000,665677336455,0.00000
1459,729,0,3.26710,0.00000,0.00000,0.02220,0,-1.00000,665677368651,0.00000
1460,730,0,1.11430,2.16520,0.26070,0.03960,2560000,-1.00000,665677380614,0.00000
1461,730,0,3.11490,0.00000,0.00000,0.02130,0,-1.00000,665677411752,0.00000
1462,731,0,1.58980,2.19360,0.22560,0.04510,2560000,-1.00000,665677427139,0.00000
1463,731,0,3.21620,0.00000,0.00000,0.02310,0,-1.00000,665677459831,0.00000
1464,732,0,1.20510,2.17690,0.21020,0.04450,2560000,-1.00000,665677470958,0.00000
1465,732,0,3.13980,0.00000,0.00000,0.02420,0,-1.00000,665677502121,0.00000
1466,733,0,1.39720,2.61500,0.28590,0.06010,2560000,-1.00000,665677518008,0.00000
1467,733,0,3.82410,0.00000,0.00000,0.02880,0,-1.00000,665677550192,0.00000
1468,734,0,0.59850,2.41840,0.23550,0.04110,2560000,-1.00000,665677562224,0.00000
1469,734,0,3.37290,0.00000,0.00000,0.02400,0,-1.00000,665677593641,0.00000
1470,735,0,0.49360,2.27760,0.23520,0.03850,2560000,-1.00000,665677607594,0.00000
1471,735,0,3.21150,0.00000,0.00000,0.02150,0,-1.00000,665677645872,0.00000
1472,736,0,0.94540,2.34560,0.23790,0.04160,2560000,-1.00000,665677651804,0.00000
1473,736,0,3.39740,0.00000,0.00000,0.02770,0,-1.00000,665677685557,0.00000
1474,737,0,2.25500,2.33800,0.22060,0.04830,2560000,-1.00000,665677690470,0.00000
1475,737,0,3.42560,0.00000,0.00000,0.02560,0,-1.00000,665677722608,0.00000
1476,738,0,0.47580,2.28080,0.22120,0.03660,2560000,-1.00000,665677732045,0.00000
1477,738,0,3.23550,0.00000,0.00000,0.02010,0,-1.00000,665677766045,0.00000
1478,739,0,0.41290,2.38580,0.22720,0.04030,2560000,-1.00000,665677788588,0.00000
1479,739,0,3.31779,0.00000,0.00000,0.02360,0,-1.00000,665677822843,0.00000
1480,740,0,0.61760,2.33920,0.21210,0.03730,2560000,-1.00000,665677827578,0.00000
1481,740,0,3.31850,0.00000,0.00000,0.02540,0,-1.00000,665677859963,0.00000
1482,741,0,1.32830,2.34590,0.26250,0.05110,2560000,-1.00000,665677864066,0.00000
1483,741,0,3.42500,0.00000,0.00000,0.02710,0,-1.00000,665677897271,0.00000
1484,742,0,1.10920,2.43200,0.31850,0.04630,2560000,-1.00000,665677903409,0.00000
1485,742,0,3.57090,0.00000,0.00000,0.02800,0,-1.00000,665677936627,0.00000
1486,743,0,0.91840,2.34580,0.22520,0.04160,2560000,-1.00000,665677949887,0.00000
1487,743,0,3.30870,0.00000,0.00000,0.02480,0,-1.00000,665677984170,0.00000
1488,744,0,1.24230,2.29180,0.20660,0.03150,2560000,-1.00000,665677995241,0.00000
1489,744,0,3.13590,0.00000,0.00000,0.01930,0,-1.00000,665678030979,0.00000
1490,745,0,1.49120,2.30230,0.22510,0.02680,2560000,-1.00000,665678040128,0.00000
1491,745,0,3.14070,0.00000,0.00000,0.01930,0,-1.00000,665678073236,0.00000
1492,746,0,1.35660,2.26260,0.26850,0.03050,2560000,-1.00000,665678085627,0.00000
1493,746,0,3.18250,0.00000,0.00000,0.02370,0,-1.00000,665678117001,0.00000
1494,747,0,1.36990,2.29840,0.26080,0.03250,2560000,-1.00000,665678131906,0.00000
1495,747,0,3.19160,0.00000,0.00000,0.02360,0,-1.00000,665678163312,0.00000
1496,748,0,1.34500,2.25050,0.23950,0.03420,2560000,-1.00000,665678176877,0.00000
1497,748,0,3.13040,0.00000,0.00000,0.02170,0,-1.00000,665678208714,0.00000
1498,749,0,3.75070,2.39770,0.32160,0.03370,2560000,-1.00000,665678222405,0.00000
1499,749,0,3.36910,0.00000,0.00000,0.02120,0,-1.00000,665678254310,0.00000
1500,750,0,0.99950,2.30220,0.22980,0.02770,2560000,-1.00000,665678267766,0.00000
1501,750,0,3.06229,0.00000,0.00000,0.01960,0,-1.00000,665678299093,0.00000
1502,751,0,0.39031,2.31690,0.22020,0.02470,2560000,-1.00000,665678336577,0.00000
1503,751,0,3.08690,0.00000,0.00000,0.02030,0,-1.00000,665678370273,0.00000
1504,752,0,0.36550,2.25160,0.22130,0.02730,2560000,-1.00000,665678380256,0.00000
1505,752,0,2.99620,0.00000,0.00000,0.02100,0,-1.00000,665678410896,0.00000
1506,753,0,2.38880,2.31320,0.25450,0.02810,2560000,-1.00000,665678414781,0.00000
1507,753,0,3.13380,0.00000,0.00000,0.02380,0,-1.00000,665678445657,0.00000
1508,754,0,2.86091,2.25480,0.30650,0.02390,2560000,-1.00000,665678449308,0.00000
1509,754,0,3.14529,0.00000,0.00000,0.01660,0,-1.00000,665678479281,0.00000
1510,755,0,1.35900,2.25530,0.46900,0.02370,2560000,-1.00000,665678503159,0.00000
1511,755,0,3.36541,0.00000,0.00000,0.01970,0,-1.00000,665678534505,0.00000
1512,756,0,1.17260,2.43530,0.21520,0.04270,2560000,-1.00000,665678563107,0.00000
1513,756,0,3.35590,0.00000,0.00000,0.02140,0,-1.00000,665678594559,0.00000
1514,757,0,1.17929,2.24590,0.20280,0.03340,2560000,-1.00000,665678608150,0.00000
1515,757,0,3.12040,0.00000,0.00000,0.02460,0,-1.00000,665678641812,0.00000
1516,758,0,3.68030,2.25470,0.22500,0.03620,2560000,-1.00000,665678653533,0.00000
1517,758,0,3.09070,0.00000,0.00000,0.02710,0,-1.00000,665678687112,0.00000
1518,759,0,3.72460,2.30380,0.24330,0.03620,2560000,-1.00000,665678698884,0.00000
1519,759,0,3.17860,0.00000,0.00000,0.01980,0,-1.00000,665678730101,0.00000
1520,760,0,0.51080,2.50410,0.30800,0.02780,2560000,-1.00000,665678766893,0.00000
1521,760,0,3.40540,0.00000,0.00000,0.02150,0,-1.00000,665678797803,0.00000
1522,761,0,0.42660,2.25360,0.31000,0.02230,2560000,-1.00000,665678835060,0.00000
1523,761,0,3.08420,0.00000,0.00000,0.02080,0,-1.00000,665678866837,0.00000
1524,762,0,0.73739,2.33020,0.25730,0.05220,2560000,-1.00000,665678871951,0.00000
1525,762,0,3.58180,0.00000,0.00000,0.04030,0,-1.00000,665678906002,0.00000
1526,763,0,0.94480,3.13000,0.30360,0.03140,2560000,-1.00000,665678910252,0.00000
1527,763,0,4.11360,0.00000,0.00000,0.01980,0,-1.00000,665678941100,0.00000
1528,764,0,0.44350,2.31520,0.23270,0.02520,2560000,-1.00000,665678948478,0.00000
1529,764,0,3.08060,0.00000,0.00000,0.01860,0,-1.00000,665678984345,0.00000
1530,765,0,1.47260,2.30660,0.31240,0.02590,2560000,-1.00000,665678993771,0.00000
1531,765,0,3.14529,0.00000,0.00000,0.01950,0,-1.00000,665679034887,0.00000
1532,766,0,1.37090,2.27690,0.22680,0.02720,2560000,-1.00000,665679039306,0.00000
1533,766,0,3.06560,0.00000,0.00000,0.02120,0,-1.00000,665679070117,0.00000
1534,767,0,1.50810,2.29700,0.23730,0.02240,2560000,-1.00000,665679084835,0.00000
1535,767,0,3.22280,0.00000,0.00000,0.02160,0,-1.00000,665679116294,0.00000
1536,768,0,1.28830,2.25980,0.22060,0.02180,2560000,-1.00000,665679130005,0.00000
1537,768,0,2.97630,0.00000,0.00000,0.01820,0,-1.00000,665679160663,0.00000
1538,769,0,1.54790,2.22580,0.22580,0.02930,2560000,-1.00000,665679175740,0.00000
1539,769,0,3.05860,0.00000,0.00000,0.02280,0,-1.00000,665679207973,0.00000
1540,770,0,1.47380,2.34540,0.20280,0.03580,2560000,-1.00000,665679220849,0.00000
1541,770,0,3.27250,0.00000,0.00000,0.01960,0,-1.00000,665679250615,0.00000
1542,771,0,3.53151,2.09340,0.19830,0.02450,2560000,-1.00000,665679266086,0.00000
1543,771,0,2.83270,0.00000,0.00000,0.01860,0,-1.00000,665679296685,0.00000
1544,772,0,0.41480,2.13950,0.23750,0.02480,2560000,-1.00000,665679311420,0.00000
1545,772,0,2.92830,0.00000,0.00000,0.01790,0,-1.00000,665679344152,0.00000
1546,773,0,0.66030,2.11310,0.29700,0.02020,2560000,-1.00000,665679379456,0.00000
1547,773,0,2.93590,0.00000,0.00000,0.01740,0,-1.00000,665679407785,0.00000
1548,774,0,3.79090,2.26710,0.20840,0.02420,2560000,-1.00000,665679411926,0.00000
1549,774,0,3.03510,0.00000,0.00000,0.02520,0,-1.00000,665679441215,0.00000
1550,775,0,1.57569,2.78720,0.22840,0.02690,2560000,-1.00000,665679447818,0.00000
1551,775,0,3.66760,0.00000,0.00000,0.02040,0,-1.00000,665679477174,0.00000
1552,776,0,0.77810,2.23590,0.25420,0.03570,2560000,-1.00000,665679515085,0.00000
1553,776,0,3.20821,0.00000,0.00000,0.02310,0,-1.00000,665679545436,0.00000
1554,777,0,1.33760,2.28670,0.23160,0.02300,2560000,-1.00000,665679561185,0.00000
1555,777,0,3.10090,0.00000,0.00000,0.01950,0,-1.00000,665679597871,0.00000
1556,778,0,1.57530,2.11710,0.24820,0.02200,2560000,-1.00000,665679605664,0.00000
1557,778,0,2.90980,0.00000,0.00000,0.01830,0,-1.00000,665679637782,0.00000
1558,779,0,1.53130,2.26530,0.20750,0.02730,2560000,-1.00000,665679651108,0.00000
1559,779,0,3.06880,0.00000,0.00000,0.01880,0,-1.00000,665679682119,0.00000
1560,780,0,1.60450,2.27360,0.23740,0.02630,2560000,-1.00000,665679697866,0.00000
1561,780,0,3.13151,0.00000,0.00000,0.02040,0,-1.00000,665679726967,0.00000
1562,781,0,1.24539,2.78100,0.26260,0.02350,2560000,-1.00000,665679742275,0.00000
1563,781,0,3.62370,0.00000,0.00000,0.01780,0,-1.00000,665679772973,0.00000
1564,782,0,1.05230,2.25130,0.22170,0.02600,2560000,-1.00000,665679789013,0.00000
1565,782,0,3.18710,0.00000,0.00000,0.02020,0,-1.00000,665679820336,0.00000
1566,783,0,1.26180,2.12560,0.20390,0.02300,2560000,-1.00000,665679832777,0.00000
1567,783,0,2.91450,0.00000,0.00000,0.01810,0,-1.00000,665679869025,0.00000
1568,784,0,1.62120,2.11350,0.25550,0.03930,2560000,-1.00000,665679879549,0.00000
1569,784,0,3.11550,0.00000,0.00000,0.02100,0,-1.00000,665679911423,0.00000
1570,785,0,1.33130,2.08360,0.21880,0.03020,2560000,-1.00000,665679924030,0.00000
1571,785,0,2.94300,0.00000,0.00000,0.02170,0,-1.00000,665679953187,0.00000
1572,786,0,0.43460,2.11490,0.29330,0.02720,2560000,-1.00000,665679969386,0.00000
1573,786,0,3.05529,0.00000,0.00000,0.02400,0,-1.00000,665680000574,0.00000
1574,787,0,0.47681,2.23000,0.22830,0.02560,2560000,-1.00000,665680013860,0.00000
1575,787,0,3.02029,0.00000,0.00000,0.01920,0,-1.00000,665680043310,0.00000
1576,788,0,1.58200,2.09740,0.25340,0.02460,2560000,-1.00000,665680047636,0.00000
1577,788,0,3.00280,0.00000,0.00000,0.02220,0,-1.00000,665680078204,0.00000
1578,789,0,3.62630,2.14630,0.24610,0.02520,2560000,-1.00000,665680082951,0.00000
1579,789,0,2.95240,0.00000,0.00000,0.01960,0,-1.00000,665680113165,0.00000
1580,790,0,0.41310,2.04680,0.29600,0.02360,2560000,-1.00000,665680128974,0.00000
1581,790,0,2.89460,0.00000,0.00000,0.01810,0,-1.00000,665680159011,0.00000
1582,791,0,0.41110,2.29130,0.32720,0.03300,2560000,-1.00000,665680195264,0.00000
1583,791,0,3.27871,0.00000,0.00000,0.01890,0,-1.00000,665680224792,0.00000
1584,792,0,0.47800,2.25070,0.26700,0.02310,2560000,-1.00000,665680228916,0.00000
1585,792,0,3.15360,0.00000,0.00000,0.02310,0,-1.00000,665680257869,0.00000
1586,793,0,0.51010,2.20970,0.24200,0.02290,2560000,-1.00000,665680261974,0.00000
1587,793,0,3.06451,0.00000,0.00000,0.01980,0,-1.00000,665680294786,0.00000
1588,794,0,3.52470,2.11610,0.27400,0.02840,2560000,-1.00000,665680299548,0.00000
1589,794,0,3.06240,0.00000,0.00000,0.07100,0,-1.00000,665680331201,0.00000
1590,795,0,1.53550,2.21580,0.20530,0.02810,2560000,-1.00000,665680336177,0.00000
1591,795,0,3.07280,0.00000,0.00000,0.01920,0,-1.00000,665680366833,0.00000
1592,796,0,3.82550,2.23510,0.20640,0.02640,2560000,-1.00000,665680402077,0.00000
1593,796,0,3.04220,0.00000,0.00000,0.02040,0,-1.00000,665680432784,0.00000
1594,797,0,1.35200,2.17110,0.23760,0.02640,2560000,-1.00000,665680448055,0.00000
1595,797,0,3.11210,0.00000,0.00000,0.01890,0,-1.00000,665680478788,0.00000
1596,798,0,1.62750,2.02910,0.21700,0.02550,2560000,-1.00000,665680517041,0.00000
1597,798,0,2.86490,0.00000,0.00000,0.02360,0,-1.00000,665680547468,0.00000
1598,799,0,1.50580,2.12970,0.20630,0.03820,2560000,-1.00000,665680560974,0.00000
1599,799,0,3.02040,0.00000,0.00000,0.02470,0,-1.00000,665680592106,0.00000
1600,800,0,1.65950,2.05690,0.21260,0.02790,2560000,-1.00000,665680608375,0.00000
1601,800,0,2.91001,0.00000,0.00000,0.01810,0,-1.00000,665680637035,0.00000
1602,801,0,3.86010,2.07090,0.25900,0.02200,2560000,-1.00000,665680652086,0.00000
1603,801,0,2.94300,0.00000,0.00000,0.01850,0,-1.00000,665680682299,0.00000
1604,802,0,0.40500,2.08350,0.23460,0.02520,2560000,-1.00000,665680698886,0.00000
1605,802,0,2.87740,0.00000,0.00000,0.01900,0,-1.00000,665680727987,0.00000
1606,803,0,0.51280,2.12130,0.23980,0.02360,2560000,-1.00000,665680766579,0.00000
1607,803,0,3.11750,0.00000,0.00000,0.01650,0,-1.00000,665680796015,0.00000
1608,804,0,4.78750,2.07110,0.21520,0.02480,2560000,-1.00000,665680800055,0.00000
1609,804,0,2.90410,0.00000,0.00000,0.02060,0,-1.00000,665680828838,0.00000
1610,805,0,0.48650,2.25810,0.24790,0.03500,2560000,-1.00000,665680833957,0.00000
1611,805,0,3.23340,0.00000,0.00000,0.01740,0,-1.00000,665680865144,0.00000
1612,806,0,0.43630,2.15330,0.20470,0.02740,2560000,-1.00000,665680913011,0.00000
1613,806,0,2.97480,0.00000,0.00000,0.01770,0,-1.00000,665680942064,0.00000
1614,807,0,0.44240,2.75830,0.23000,0.02880,2560000,-1.00000,665680946924,0.00000
1615,807,0,3.60430,0.00000,0.00000,0.01910,0,-1.00000,665680979270,0.00000
1616,808,0,3.10940,1.89740,0.24260,0.02420,2560000,-1.00000,665680983612,0.00000
1617,808,0,2.76920,0.00000,0.00000,0.01830,0,-1.00000,665681013377,0.00000
1618,809,0,4.19340,2.14010,0.19290,0.02600,2560000,-1.00000,665681017784,0.00000
1619,809,0,3.00440,0.00000,0.00000,0.02110,0,-1.00000,665681053834,0.00000
1620,810,0,0.48510,2.01770,0.20820,0.02100,2560000,-1.00000,665681084926,0.00000
1621,810,0,2.81760,0.00000,0.00000,0.01750,0,-1.00000,665681112617,0.00000
1622,811,0,0.46180,2.71560,0.20870,0.02770,2560000,-1.00000,665681154551,0.00000
1623,811,0,3.54090,0.00000,0.00000,0.01630,0,-1.00000,665681184607,0.00000
1624,812,0,1.01589,2.13110,0.23390,0.02590,2560000,-1.00000,665681189442,0.00000
1625,812,0,3.03080,0.00000,0.00000,0.01850,0,-1.00000,665681217622,0.00000
1626,813,0,1.51160,2.15980,0.22830,0.03930,2560000,-1.00000,665681222243,0.00000
1627,813,0,3.13530,0.00000,0.00000,0.02430,0,-1.00000,665681257658,0.00000
1628,814,0,1.42090,2.01400,0.22460,0.02610,2560000,-1.00000,665681267810,0.00000
1629,814,0,2.98870,0.00000,0.00000,0.02010,0,-1.00000,665681298122,0.00000
1630,815,0,1.57010,2.78330,0.20510,0.02590,2560000,-1.00000,665681313237,0.00000
1631,815,0,3.58540,0.00000,0.00000,0.02160,0,-1.00000,665681344606,0.00000
1632,816,0,0.98070,2.02930,0.25570,0.02900,2560000,-1.00000,665681358791,0.00000
1633,816,0,2.94110,0.00000,0.00000,0.01640,0,-1.00000,665681388691,0.00000
1634,817,0,1.63220,2.12160,0.23570,0.02530,2560000,-1.00000,665681404380,0.00000
1635,817,0,2.98770,0.00000,0.00000,0.02380,0,-1.00000,665681440248,0.00000
1636,818,0,1.58030,2.56390,0.23180,0.02680,2560000,-1.00000,665681450047,0.00000
1637,818,0,3.41170,0.00000,0.00000,0.01750,0,-1.00000,665681479467,0.00000
1638,819,0,1.11210,2.06660,0.26040,0.02630,2560000,-1.00000,665681495775,0.00000
1639,819,0,2.99889,0.00000,0.00000,0.02660,0,-1.00000,665681525665,0.00000
1640,820,0,3.86300,2.12170,0.20090,0.03270,2560000,-1.00000,665681541456,0.00000
1641,820,0,2.98770,0.00000,0.00000,0.02470,0,-1.00000,665681575582,0.00000
1642,821,0,1.57780,2.12660,0.32550,0.02330,2560000,-1.00000,665681586693,0.00000
1643,821,0,3.29500,0.00000,0.00000,0.02160,0,-1.00000,665681616721,0.00000
1644,822,0,1.27200,2.10600,0.30740,0.02500,2560000,-1.00000,665681655327,0.00000
1645,822,0,3.01560,0.00000,0.00000,0.02060,0,-1.00000,665681685202,0.00000
1646,823,0,1.50850,2.11070,0.20560,0.02210,2560000,-1.00000,665681700967,0.00000
1647,823,0,3.13070,0.00000,0.00000,0.01670,0,-1.00000,665681733927,0.00000
1648,824,0,1.33770,2.01760,0.23550,0.03510,2560000,-1.00000,665681746635,0.00000
1649,824,0,2.88630,0.00000,0.00000,0.01670,0,-1.00000,665681776801,0.00000
1650,825,0,0.40420,2.06670,0.20120,0.01980,2560000,-1.00000,665681791876,0.00000
1651,825,0,2.82971,0.00000,0.00000,0.01620,0,-1.00000,665681823192,0.00000
1652,826,0,3.04099,2.12980,0.22930,0.02630,2560000,-1.00000,665681836562,0.00000
1653,826,0,2.94931,0.00000,0.00000,0.02070,0,-1.00000,665681865428,0.00000
1654,827,0,0.42880,2.05980,0.23010,0.03160,2560000,-1.00000,665681869462,0.00000
1655,827,0,2.95470,0.00000,0.00000,0.02290,0,-1.00000,665681897767,0.00000
1656,828,0,0.66040,2.14810,0.23270,0.02630,2560000,-1.00000,665681928173,0.00000
1657,828,0,3.02590,0.00000,0.00000,0.01950,0,-1.00000,665681957666,0.00000
1658,829,0,1.61700,2.05600,0.23760,0.02280,2560000,-1.00000,665681961949,0.00000
1659,829,0,2.93410,0.00000,0.00000,0.01880,0,-1.00000,665681991523,0.00000
1660,830,0,1.60020,2.03400,0.23750,0.02320,2560000,-1.00000,665681998107,0.00000
1661,830,0,3.04340,0.00000,0.00000,0.01680,0,-1.00000,665682028366,0.00000
1662,831,0,1.49360,2.01780,0.27260,0.02540,2560000,-1.00000,665682044538,0.00000
1663,831,0,2.95710,0.00000,0.00000,0.02370,0,-1.00000,665682073879,0.00000
1664,832,0,1.68680,2.10430,0.23790,0.02070,2560000,-1.00000,665682089880,0.00000
1665,832,0,2.94710,0.00000,0.00000,0.01870,0,-1.00000,665682120318,0.00000
1666,833,0,1.55010,1.95510,0.24290,0.01950,2560000,-1.00000,665682135243,0.00000
1667,833,0,2.84270,0.00000,0.00000,0.01650,0,-1.00000,665682164824,0.00000
1668,834,0,1.73150,2.10300,0.27160,0.03830,2560000,-1.00000,665682181686,0.00000
1669,834,0,3.22360,0.00000,0.00000,0.02030,0,-1.00000,665682211156,0.00000
1670,835,0,0.47400,2.09740,0.21550,0.02500,2560000,-1.00000,665682226656,0.00000
1671,835,0,2.96350,0.00000,0.00000,0.01920,0,-1.00000,665682255083,0.00000
1672,836,0,0.59070,1.88680,0.23190,0.02010,2560000,-1.00000,665682272398,0.00000
1673,836,0,2.69150,0.00000,0.00000,0.01700,0,-1.00000,665682304662,0.00000
1674,837,0,1.53120,2.11480,0.24470,0.02620,2560000,-1.00000,665682309377,0.00000
1675,837,0,3.01320,0.00000,0.00000,0.01670,0,-1.00000,665682339016,0.00000
1676,838,0,1.52030,2.09780,0.22590,0.02130,2560000,-1.00000,665682344915,0.00000
1677,838,0,2.99280,0.00000,0.00000,0.01510,0,-1.00000,665682371883,0.00000
1678,839,0,1.50320,2.07900,0.23080,0.01830,2560000,-1.00000,665682387142,0.00000
1679,839,0,2.85021,0.00000,0.00000,0.01580,0,-1.00000,665682417293,0.00000
1680,840,0,0.39120,2.04760,0.20840,0.02150,2560000,-1.00000,665682432475,0.00000
1681,840,0,2.85800,0.00000,0.00000,0.01660,0,-1.00000,665682462410,0.00000
1682,841,0,3.16170,2.01440,0.23040,0.02870,2560000,-1.00000,665682477438,0.00000
1683,841,0,2.88090,0.00000,0.00000,0.02100,0,-1.00000,665682505938,0.00000
1684,842,0,0.47550,2.08960,0.23650,0.02500,2560000,-1.00000,665682509847,0.00000
1685,842,0,2.90320,0.00000,0.00000,0.01800,0,-1.00000,665682538439,0.00000
1686,843,0,0.64930,2.08910,0.25250,0.03450,2560000,-1.00000,665682570054,0.00000
1687,843,0,3.10080,0.00000,0.00000,0.02230,0,-1.00000,665682598870,0.00000
1688,844,0,1.45630,2.18900,0.20020,0.02590,2560000,-1.00000,665682603613,0.00000
1689,844,0,3.10950,0.00000,0.00000,0.01970,0,-1.00000,665682632647,0.00000
1690,845,0,1.46150,2.05710,0.21670,0.02450,2560000,-1.00000,665682639142,0.00000
1691,845,0,2.99940,0.00000,0.00000,0.01930,0,-1.00000,665682670185,0.00000
1692,846,0,3.86290,2.14850,0.23890,0.06170,2560000,-1.00000,665682684712,0.00000
1693,846,0,3.24920,0.00000,0.00000,0.02140,0,-1.00000,665682715872,0.00000
1694,847,0,3.57530,2.05390,0.20860,0.02370,2560000,-1.00000,665682730429,0.00000
1695,847,0,2.94970,0.00000,0.00000,0.01790,0,-1.00000,665682760420,0.00000
1696,848,0,0.44190,2.06750,0.20120,0.02070,2560000,-1.00000,665682799062,0.00000
1697,848,0,2.84730,0.00000,0.00000,0.01650,0,-1.00000,665682831564,0.00000
1698,849,0,0.58200,2.00190,0.31760,0.03900,2560000,-1.00000,665682867292,0.00000
1699,849,0,3.05180,0.00000,0.00000,0.02380,0,-1.00000,665682896789,0.00000
1700,850,0,1.68040,2.04520,0.21350,0.02320,2560000,-1.00000,665682901205,0.00000
1701,850,0,2.89060,0.00000,0.00000,0.02180,0,-1.00000,665682929682,0.00000
1702,851,0,1.45850,2.01910,0.21790,0.02720,2560000,-1.00000,665682935502,0.00000
1703,851,0,2.86860,0.00000,0.00000,0.01700,0,-1.00000,665682966041,0.00000
1704,852,0,0.41560,2.03830,0.22910,0.02330,2560000,-1.00000,665682982825,0.00000
1705,852,0,2.86920,0.00000,0.00000,0.01860,0,-1.00000,665683011728,0.00000
1706,853,0,0.82090,2.04260,0.22950,0.02070,2560000,-1.00000,665683026319,0.00000
1707,853,0,2.94070,0.00000,0.00000,0.01850,0,-1.00000,665683055000,0.00000
1708,854,0,1.61410,1.97960,0.25540,0.02050,2560000,-1.00000,665683059149,0.00000
1709,854,0,2.79880,0.00000,0.00000,0.02170,0,-1.00000,665683087848,0.00000
1710,855,0,1.86040,2.14060,0.20590,0.03120,2560000,-1.00000,665683096059,0.00000
1711,855,0,3.01490,0.00000,0.00000,0.02330,0,-1.00000,665683125466,0.00000
1712,856,0,1.50360,2.13760,0.20520,0.02250,2560000,-1.00000,665683141611,0.00000
1713,856,0,2.98580,0.00000,0.00000,0.01920,0,-1.00000,665683169635,0.00000
1714,857,0,2.37700,2.03180,0.40350,0.03790,2560000,-1.00000,665683188200,0.00000
1715,857,0,3.25760,0.00000,0.00000,0.02490,0,-1.00000,665683218351,0.00000
1716,858,0,0.50270,2.08810,0.21560,0.03000,2560000,-1.00000,665683233378,0.00000
1717,858,0,3.16850,0.00000,0.00000,0.01890,0,-1.00000,665683263248,0.00000
1718,859,0,0.44900,2.21570,0.25330,0.02310,2560000,-1.00000,665683287005,0.00000
1719,859,0,3.07160,0.00000,0.00000,0.01760,0,-1.00000,665683319602,0.00000
1720,860,0,0.42860,2.20090,0.22930,0.02070,2560000,-1.00000,665683324615,0.00000
1721,860,0,3.01930,0.00000,0.00000,0.01760,0,-1.00000,665683356305,0.00000
1722,861,0,1.27360,2.03410,0.22500,0.02280,2560000,-1.00000,665683360790,0.00000
1723,861,0,2.86140,0.00000,0.00000,0.01730,0,-1.00000,665683391502,0.00000
1724,862,0,1.69640,2.66090,0.20860,0.02390,2560000,-1.00000,665683395784,0.00000
1725,862,0,3.50470,0.00000,0.00000,0.01730,0,-1.00000,665683425982,0.00000
1726,863,0,1.17500,2.07420,0.22900,0.02900,2560000,-1.00000,665683438718,0.00000
1727,863,0,2.94700,0.00000,0.00000,0.01720,0,-1.00000,665683467331,0.00000
1728,864,0,3.80020,2.04610,0.27890,0.03700,2560000,-1.00000,665683484297,0.00000
1729,864,0,3.02920,0.00000,0.00000,0.02020,0,-1.00000,665683519350,0.00000
1730,865,0,1.53510,2.08280,0.25620,0.02830,2560000,-1.00000,665683531098,0.00000
1731,865,0,3.07950,0.00000,0.00000,0.02150,0,-1.00000,665683560567,0.00000
1732,866,0,1.51910,2.07090,0.22340,0.01850,2560000,-1.00000,665683598563,0.00000
1733,866,0,2.83410,0.00000,0.00000,0.01590,0,-1.00000,665683628876,0.00000
1734,867,0,3.97540,1.98660,0.20610,0.02130,2560000,-1.00000,665683644216,0.00000
1735,867,0,2.74410,0.00000,0.00000,0.01630,0,-1.00000,665683675012,0.00000
1736,868,0,0.47000,2.13890,0.20340,0.02320,2560000,-1.00000,665683690194,0.00000
1737,868,0,2.93810,0.00000,0.00000,0.02010,0,-1.00000,665683718536,0.00000
1738,869,0,0.65830,2.02440,0.30720,0.02250,2560000,-1.00000,665683758286,0.00000
1739,869,0,2.91360,0.00000,0.00000,0.01830,0,-1.00000,665683785729,0.00000
1740,870,0,1.67420,1.98650,0.25750,0.01810,2560000,-1.00000,665683790428,0.00000
1741,870,0,2.81001,0.00000,0.00000,0.01620,0,-1.00000,665683819815,0.00000
1742,871,0,1.77280,1.94350,0.23940,0.02360,2560000,-1.00000,665683826395,0.00000
1743,871,0,2.88430,0.00000,0.00000,0.02660,0,-1.00000,665683855532,0.00000
1744,872,0,1.71750,2.27490,0.23170,0.03720,2560000,-1.00000,665683872266,0.00000
1745,872,0,3.34910,0.00000,0.00000,0.02050,0,-1.00000,665683900367,0.00000
1746,873,0,1.21090,2.01170,0.24440,0.02210,2560000,-1.00000,665683918102,0.00000
1747,873,0,2.85740,0.00000,0.00000,0.01750,0,-1.00000,665683946954,0.00000
1748,874,0,1.71840,2.06490,0.24880,0.02120,2560000,-1.00000,665683964122,0.00000
1749,874,0,2.83550,0.00000,0.00000,0.01670,0,-1.00000,665683997631,0.00000
1750,875,0,1.71620,2.00820,0.24850,0.02350,2560000,-1.00000,665684009719,0.00000
1751,875,0,2.84710,0.00000,0.00000,0.01620,0,-1.00000,665684038293,0.00000
1752,876,0,2.61630,1.97560,0.23720,0.02540,2560000,-1.00000,665684055478,0.00000
1753,876,0,2.83340,0.00000,0.00000,0.01850,0,-1.00000,665684083833,0.00000
1754,877,0,1.87200,2.01090,0.24150,0.02420,2560000,-1.00000,665684101046,0.00000
1755,877,0,2.86820,0.00000,0.00000,0.01880,0,-1.00000,665684129473,0.00000
1756,878,0,0.43600,2.00580,0.24110,0.02680,2560000,-1.00000,665684155630,0.00000
1757,878,0,2.83240,0.00000,0.00000,0.01700,0,-1.00000,665684183961,0.00000
1758,879,0,0.42720,1.98100,0.22250,0.02470,2560000,-1.00000,665684202678,0.00000
1759,879,0,2.81769,0.00000,0.00000,0.02000,0,-1.00000,665684231363,0.00000
1760,880,0,3.25480,2.05030,0.33730,0.03260,2560000,-1.00000,665684235721,0.00000
1761,880,0,3.10160,0.00000,0.00000,0.02090,0,-1.00000,665684264047,0.00000
1762,881,0,1.53459,1.96820,0.21530,0.02350,2560000,-1.00000,665684268312,0.00000
1763,881,0,2.97620,0.00000,0.00000,0.02090,0,-1.00000,665684296497,0.00000
1764,882,0,1.53230,1.98160,0.25540,0.02510,2560000,-1.00000,665684329038,0.00000
1765,882,0,2.91590,0.00000,0.00000,0.02030,0,-1.00000,665684360133,0.00000
1766,883,0,1.68639,1.99730,0.24400,0.02660,2560000,-1.00000,665684375407,0.00000
1767,883,0,2.95631,0.00000,0.00000,0.02140,0,-1.00000,665684405177,0.00000
1768,884,0,1.60799,2.01800,0.23290,0.02270,2560000,-1.00000,665684420494,0.00000
1769,884,0,2.88080,0.00000,0.00000,0.02000,0,-1.00000,665684449654,0.00000
1770,885,0,1.68040,2.03590,0.24720,0.02690,2560000,-1.00000,665684466516,0.00000
1771,885,0,2.95900,0.00000,0.00000,0.01820,0,-1.00000,665684496081,0.00000
1772,886,0,1.60880,1.96150,0.24380,0.02210,2560000,-1.00000,665684512159,0.00000
1773,886,0,2.76710,0.00000,0.00000,0.01720,0,-1.00000,665684540973,0.00000
1774,887,0,1.81720,2.03210,0.26780,0.04030,2560000,-1.00000,665684557765,0.00000
1775,887,0,3.04031,0.00000,0.00000,0.01860,0,-1.00000,665684587359,0.00000
1776,888,0,1.53819,2.16980,0.26400,0.03210,2560000,-1.00000,665684603444,0.00000
1777,888,0,3.19620,0.00000,0.00000,0.02310,0,-1.00000,665684631122,0.00000
1778,889,0,1.36940,1.98650,0.27750,0.04260,2560000,-1.00000,665684649300,0.00000
1779,889,0,3.09310,0.00000,0.00000,0.03130,0,-1.00000,665684679711,0.00000
1780,890,0,1.54010,2.15540,0.21080,0.04140,2560000,-1.00000,665684695079,0.00000
1781,890,0,3.10810,0.00000,0.00000,0.02670,0,-1.00000,665684727053,0.00000
1782,891,0,2.22820,1.95970,0.21810,0.02210,2560000,-1.00000,665684740735,0.00000
1783,891,0,2.73960,0.00000,0.00000,0.02240,0,-1.00000,665684771713,0.00000
1784,892,0,3.28060,1.96010,0.24530,0.03900,2560000,-1.00000,665684787076,0.00000
1785,892,0,2.85850,0.00000,0.00000,0.02460,0,-1.00000,665684818175,0.00000
1786,893,0,4.03660,2.00850,0.22710,0.04880,2560000,-1.00000,665684840426,0.00000
1787,893,0,3.06890,0.00000,0.00000,0.02680,0,-1.00000,665684867837,0.00000
1788,894,0,0.52640,2.13570,0.21810,0.02280,2560000,-1.00000,665684900651,0.00000
1789,894,0,2.91510,0.00000,0.00000,0.02000,0,-1.00000,665684929232,0.00000
1790,895,0,0.45800,1.93580,0.28490,0.02920,2560000,-1.00000,665684969639,0.00000
1791,895,0,2.92020,0.00000,0.00000,0.02290,0,-1.00000,665685000301,0.00000
1792,896,0,0.44170,2.05590,0.21950,0.02420,2560000,-1.00000,665685005532,0.00000
1793,896,0,2.88020,0.00000,0.00000,0.01710,0,-1.00000,665685034706,0.00000
1794,897,0,0.35990,2.04990,0.25060,0.02200,2560000,-1.00000,665685039265,0.00000
1795,897,0,2.84730,0.00000,0.00000,0.01810,0,-1.00000,665685068474,0.00000
1796,898,0,1.84040,2.05560,0.26720,0.02400,2560000,-1.00000,665685072879,0.00000
1797,898,0,2.91360,0.00000,0.00000,0.01840,0,-1.00000,665685101686,0.00000
1798,899,0,1.67280,1.90040,0.32380,0.02510,2560000,-1.00000,665685105280,0.00000
1799,899,0,2.81100,0.00000,0.00000,0.03220,0,-1.00000,665685133755,0.00000
1800,900,0,1.74590,1.92330,0.32090,0.02060,2560000,-1.00000,665685152157,0.00000
1801,900,0,2.82930,0.00000,0.00000,0.01640,0,-1.00000,665685181302,0.00000
1802,901,0,4.03960,1.99510,0.22410,0.03330,2560000,-1.00000,665685198029,0.00000
1803,901,0,3.08070,0.00000,0.00000,0.02020,0,-1.00000,665685226140,0.00000
1804,902,0,0.59480,2.13870,0.22170,0.02920,2560000,-1.00000,665685243591,0.00000
1805,902,0,3.01610,0.00000,0.00000,0.03440,0,-1.00000,665685271886,0.00000
1806,903,0,0.54020,1.96160,0.23100,0.02260,2560000,-1.00000,665685312287,0.00000
1807,903,0,2.81250,0.00000,0.00000,0.02080,0,-1.00000,665685343096,0.00000
1808,904,0,1.32990,2.00280,0.23300,0.02320,2560000,-1.00000,665685349046,0.00000
1809,904,0,2.91750,0.00000,0.00000,0.02110,0,-1.00000,665685379210,0.00000
1810,905,0,1.68840,1.97030,0.26930,0.02510,2560000,-1.00000,665685384606,0.00000
1811,905,0,2.83590,0.00000,0.00000,0.02030,0,-1.00000,665685412731,0.00000
1812,906,0,1.81171,2.02030,0.22360,0.02460,2560000,-1.00000,665685426028,0.00000
1813,906,0,2.88400,0.00000,0.00000,0.02510,0,-1.00000,665685455210,0.00000
1814,907,0,1.67770,1.90050,0.33140,0.02220,2560000,-1.00000,665685472083,0.00000
1815,907,0,2.87760,0.00000,0.00000,0.01690,0,-1.00000,665685500444,0.00000
1816,908,0,1.64760,2.12600,0.28450,0.03610,2560000,-1.00000,665685518565,0.00000
1817,908,0,3.17550,0.00000,0.00000,0.02260,0,-1.00000,665685547423,0.00000
1818,909,0,1.44550,2.17040,0.23460,0.02480,2560000,-1.00000,665685564180,0.00000
1819,909,0,3.05920,0.00000,0.00000,0.02680,0,-1.00000,665685592961,0.00000
1820,910,0,2.49120,2.03710,0.23430,0.02240,2560000,-1.00000,665685609429,0.00000
1821,910,0,2.83540,0.00000,0.00000,0.01810,0,-1.00000,665685641208,0.00000
1822,911,0,1.53460,2.16640,0.32050,0.02350,2560000,-1.00000,665685655733,0.00000
1823,911,0,3.05690,0.00000,0.00000,0.01780,0,-1.00000,665685686299,0.00000
1824,912,0,0.44870,1.95340,0.22820,0.02200,2560000,-1.00000,665685711144,0.00000
1825,912,0,2.75541,0.00000,0.00000,0.02160,0,-1.00000,665685739500,0.00000
1826,913,0,0.56660,2.08530,0.21860,0.02620,2560000,-1.00000,665685754837,0.00000
1827,913,0,2.91780,0.00000,0.00000,0.01890,0,-1.00000,665685785411,0.00000
1828,914,0,0.91770,1.98380,0.26360,0.02060,2560000,-1.00000,665685789901,0.00000
1829,914,0,2.80230,0.00000,0.00000,0.02160,0,-1.00000,665685817449,0.00000
1830,915,0,1.83020,1.89310,0.23280,0.02650,2560000,-1.00000,665685823169,0.00000
1831,915,0,2.74160,0.00000,0.00000,0.01790,0,-1.00000,665685852299,0.00000
1832,916,0,1.70570,2.01600,0.36240,0.03000,2560000,-1.00000,665685861474,0.00000
1833,916,0,3.11250,0.00000,0.00000,0.02340,0,-1.00000,665685889499,0.00000
1834,917,0,0.55870,1.98340,0.28460,0.04010,2560000,-1.00000,665685907794,0.00000
1835,917,0,3.18560,0.00000,0.00000,0.02190,0,-1.00000,665685935214,0.00000
1836,918,0,4.57100,1.91240,0.20750,0.02370,2560000,-1.00000,665685952276,0.00000
1837,918,0,2.84330,0.00000,0.00000,0.02200,0,-1.00000,665685983415,0.00000
1838,919,0,3.96310,1.98140,0.19740,0.02490,2560000,-1.00000,665685988985,0.00000
1839,919,0,2.81849,0.00000,0.00000,0.02160,0,-1.00000,665686020845,0.00000
1840,920,0,0.48760,1.90270,0.21240,0.02210,2560000,-1.00000,665686066567,0.00000
1841,920,0,2.71610,0.00000,0.00000,0.02060,0,-1.00000,665686094992,0.00000
1842,921,0,3.06650,1.96350,0.20850,0.02070,2560000,-1.00000,665686134621,0.00000
1843,921,0,2.72560,0.00000,0.00000,0.02560,0,-1.00000,665686162806,0.00000
1844,922,0,0.49470,1.94460,0.28190,0.02790,2560000,-1.00000,665686167677,0.00000
1845,922,0,2.84810,0.00000,0.00000,0.02480,0,-1.00000,665686194836,0.00000
1846,923,0,0.86210,1.98670,0.20360,0.03190,2560000,-1.00000,665686225499,0.00000
1847,923,0,2.92210,0.00000,0.00000,0.01960,0,-1.00000,665686252765,0.00000
1848,924,0,0.43880,2.02570,0.25120,0.02090,2560000,-1.00000,665686257707,0.00000
1849,924,0,2.89170,0.00000,0.00000,0.02120,0,-1.00000,665686286208,0.00000
1850,925,0,0.53140,2.10340,0.20680,0.01940,2560000,-1.00000,665686294811,0.00000
1851,925,0,3.11030,0.00000,0.00000,0.02290,0,-1.00000,665686324039,0.00000
1852,926,0,1.48070,1.90540,0.20860,0.03620,2560000,-1.00000,665686328412,0.00000
1853,926,0,2.75010,0.00000,0.00000,0.02180,0,-1.00000,665686357338,0.00000
1854,927,0,1.76870,2.26680,0.25910,0.02980,2560000,-1.00000,665686362652,0.00000
1855,927,0,3.36270,0.00000,0.00000,0.03090,0,-1.00000,665686393751,0.00000
1856,928,0,1.15300,1.90980,0.23310,0.02320,2560000,-1.00000,665686408557,0.00000
1857,928,0,2.75480,0.00000,0.00000,0.01910,0,-1.00000,665686436058,0.00000
1858,929,0,1.93400,1.97820,0.23260,0.03490,2560000,-1.00000,665686453748,0.00000
1859,929,0,2.80680,0.00000,0.00000,0.01890,0,-1.00000,665686487382,0.00000
1860,930,0,1.73250,2.07700,0.23800,0.02360,2560000,-1.00000,665686498896,0.00000
1861,930,0,3.02240,0.00000,0.00000,0.01580,0,-1.00000,665686526454,0.00000
1862,931,0,3.83340,2.13970,0.19510,0.03600,2560000,-1.00000,665686545790,0.00000
1863,931,0,2.99650,0.00000,0.00000,0.02260,0,-1.00000,665686573862,0.00000
1864,932,0,0.45160,2.15140,0.22360,0.02390,2560000,-1.00000,665686591179,0.00000
1865,932,0,2.97759,0.00000,0.00000,0.02180,0,-1.00000,665686621407,0.00000
1866,933,0,0.61210,2.03150,0.18820,0.02180,2560000,-1.00000,665686659747,0.00000
1867,933,0,2.85950,0.00000,0.00000,0.02290,0,-1.00000,665686689713,0.00000
1868,934,0,1.40260,2.00230,0.25300,0.02320,2560000,-1.00000,665686694217,0.00000
1869,934,0,2.83729,0.00000,0.00000,0.01980,0,-1.00000,665686724008,0.00000
1870,935,0,1.82390,2.07640,0.21270,0.02560,2560000,-1.00000,665686730113,0.00000
1871,935,0,2.92020,0.00000,0.00000,0.02130,0,-1.00000,665686758726,0.00000
1872,936,0,1.52130,1.99440,0.25450,0.02410,2560000,-1.00000,665686772738,0.00000
1873,936,0,2.85280,0.00000,0.00000,0.02190,0,-1.00000,665686801109,0.00000
1874,937,0,1.87930,1.90520,0.21850,0.02360,2560000,-1.00000,665686819352,0.00000
1875,937,0,2.66700,0.00000,0.00000,0.02260,0,-1.00000,665686848553,0.00000
1876,938,0,1.72839,2.26330,0.21650,0.02800,2560000,-1.00000,665686863761,0.00000
1877,938,0,3.04481,0.00000,0.00000,0.02300,0,-1.00000,665686892298,0.00000
1878,939,0,1.63800,2.02340,0.25280,0.03230,2560000,-1.00000,665686911084,0.00000
1879,939,0,2.92950,0.00000,0.00000,0.02410,0,-1.00000,665686937760,0.00000
1880,940,0,1.50950,2.08970,0.29370,0.02530,2560000,-1.00000,665686955043,0.00000
1881,940,0,2.88010,0.00000,0.00000,0.01860,0,-1.00000,665686985492,0.00000
1882,941,0,1.77990,2.05080,0.22930,0.02300,2560000,-1.00000,665687001873,0.00000
1883,941,0,2.89940,0.00000,0.00000,0.02300,0,-1.00000,665687031182,0.00000
1884,942,0,1.53550,2.06750,0.29910,0.02040,2560000,-1.00000,665687046260,0.00000
1885,942,0,2.84720,0.00000,0.00000,0.01630,0,-1.00000,665687075060,0.00000
1886,943,0,1.66060,1.92530,0.28630,0.02700,2560000,-1.00000,665687092864,0.00000
1887,943,0,3.02000,0.00000,0.00000,0.02120,0,-1.00000,665687121853,0.00000
1888,944,0,1.59600,1.90150,0.30690,0.02210,2560000,-1.00000,665687137209,0.00000
1889,944,0,2.79320,0.00000,0.00000,0.02210,0,-1.00000,665687165682,0.00000
1890,945,0,1.78610,1.91780,0.24090,0.02540,2560000,-1.00000,665687182285,0.00000
1891,945,0,2.78960,0.00000,0.00000,0.02420,0,-1.00000,665687212505,0.00000
1892,946,0,1.87700,2.13200,0.24620,0.03590,2560000,-1.00000,665687228447,0.00000
1893,946,0,3.28760,0.00000,0.00000,0.02290,0,-1.00000,665687256386,0.00000
1894,947,0,1.15830,1.93760,0.23610,0.02560,2560000,-1.00000,665687274238,0.00000
1895,947,0,2.73649,0.00000,0.00000,0.01880,0,-1.00000,665687302144,0.00000
1896,948,0,1.75911,2.06510,0.30050,0.02430,2560000,-1.00000,665687320908,0.00000
1897,948,0,2.95760,0.00000,0.00000,0.02090,0,-1.00000,665687353792,0.00000
1898,949,0,3.93520,2.03230,0.25690,0.02530,2560000,-1.00000,665687365362,0.00000
1899,949,0,2.90850,0.00000,0.00000,0.02110,0,-1.00000,665687392729,0.00000
1900,950,0,0.41930,1.90990,0.21960,0.02260,2560000,-1.00000,665687410328,0.00000
1901,950,0,2.71020,0.00000,0.00000,0.02000,0,-1.00000,665687439898,0.00000
1902,951,0,0.44660,1.92970,0.22840,0.02310,2560000,-1.00000,665687479244,0.00000
1903,951,0,2.79980,0.00000,0.00000,0.01950,0,-1.00000,665687508592,0.00000
1904,952,0,0.44940,2.09810,0.23150,0.02170,2560000,-1.00000,665687512524,0.00000
1905,952,0,2.93861,0.00000,0.00000,0.02240,0,-1.00000,665687539627,0.00000
1906,953,0,0.98369,1.97420,0.24040,0.01930,2560000,-1.00000,665687544086,0.00000
1907,953,0,2.79870,0.00000,0.00000,0.01890,0,-1.00000,665687572095,0.00000
1908,954,0,1.71760,1.93270,0.23470,0.03630,2560000,-1.00000,665687576581,0.00000
1909,954,0,2.91090,0.00000,0.00000,0.02650,0,-1.00000,665687605973,0.00000
1910,955,0,1.69480,1.95430,0.26780,0.04080,2560000,-1.00000,665687615803,0.00000
1911,955,0,2.85550,0.00000,0.00000,0.01930,0,-1.00000,665687643791,0.00000
1912,956,0,1.69160,1.91840,0.23100,0.02400,2560000,-1.00000,665687660968,0.00000
1913,956,0,2.68530,0.00000,0.00000,0.02170,0,-1.00000,665687690104,0.00000
1914,957,0,1.89830,2.07190,0.22500,0.02770,2560000,-1.00000,665687707036,0.00000
1915,957,0,3.06760,0.00000,0.00000,0.02200,0,-1.00000,665687735585,0.00000
1916,958,0,1.48260,1.88630,0.30850,0.02630,2560000,-1.00000,665687752497,0.00000
1917,958,0,2.80879,0.00000,0.00000,0.02180,0,-1.00000,665687779362,0.00000
1918,959,0,1.75721,1.84280,0.27430,0.02230,2560000,-1.00000,665687798335,0.00000
1919,959,0,2.78999,0.00000,0.00000,0.02090,0,-1.00000,665687829024,0.00000
1920,960,0,1.77010,2.12460,0.21170,0.03410,2560000,-1.00000,665687843846,0.00000
1921,960,0,2.90190,0.00000,0.00000,0.02120,0,-1.00000,665687871939,0.00000
1922,961,0,1.59960,2.06910,0.31730,0.03490,2560000,-1.00000,665687889500,0.00000
1923,961,0,3.15130,0.00000,0.00000,0.02340,0,-1.00000,665687917403,0.00000
1924,962,0,2.36550,1.95150,0.32850,0.02590,2560000,-1.00000,665687935099,0.00000
1925,962,0,2.93141,0.00000,0.00000,0.01840,0,-1.00000,665687964113,0.00000
1926,963,0,2.79200,1.97050,0.24070,0.02330,2560000,-1.00000,665687980119,0.00000
1927,963,0,2.78670,0.00000,0.00000,0.02050,0,-1.00000,665688011642,0.00000
1928,964,0,0.44190,2.08350,0.19040,0.02430,2560000,-1.00000,665688035283,0.00000
1929,964,0,2.91769,0.00000,0.00000,0.02160,0,-1.00000,665688064595,0.00000
1930,965,0,3.11880,2.03000,0.20120,0.02260,2560000,-1.00000,665688092515,0.00000
1931,965,0,2.90580,0.00000,0.00000,0.02110,0,-1.00000,665688120380,0.00000
1932,966,0,0.46170,1.96100,0.30520,0.02060,2560000,-1.00000,665688124798,0.00000
1933,966,0,2.90110,0.00000,0.00000,0.02100,0,-1.00000,665688153990,0.00000
1934,967,0,0.55520,1.95540,0.23150,0.02430,2560000,-1.00000,665688185168,0.00000
1935,967,0,2.88710,0.00000,0.00000,0.01970,0,-1.00000,665688214239,0.00000
1936,968,0,1.67270,2.12600,0.20180,0.01880,2560000,-1.00000,665688218841,0.00000
1937,968,0,2.91940,0.00000,0.00000,0.02120,0,-1.00000,665688247859,0.00000
1938,969,0,1.61390,2.01110,0.32460,0.03100,2560000,-1.00000,665688253403,0.00000
1939,969,0,3.07170,0.00000,0.00000,0.01780,0,-1.00000,665688282282,0.00000
1940,970,0,1.47209,2.09370,0.20900,0.02450,2560000,-1.00000,665688298999,0.00000
1941,970,0,2.90530,0.00000,0.00000,0.02220,0,-1.00000,665688328202,0.00000
1942,971,0,1.67680,2.00640,0.27630,0.04270,2560000,-1.00000,665688344337,0.00000
1943,971,0,3.01690,0.00000,0.00000,0.04820,0,-1.00000,665688375064,0.00000
1944,972,0,1.52390,1.95990,0.24140,0.02110,2560000,-1.00000,665688389780,0.00000
1945,972,0,2.76280,0.00000,0.00000,0.02110,0,-1.00000,665688418829,0.00000
1946,973,0,1.78560,1.96340,0.26110,0.02430,2560000,-1.00000,665688435593,0.00000
1947,973,0,2.79290,0.00000,0.00000,0.01710,0,-1.00000,665688465817,0.00000
1948,974,0,1.79270,1.99630,0.28640,0.02870,2560000,-1.00000,665688481005,0.00000
1949,974,0,2.88370,0.00000,0.00000,0.02170,0,-1.00000,665688508625,0.00000
1950,975,0,1.69850,1.93280,0.26780,0.05720,2560000,-1.00000,665688526486,0.00000
1951,975,0,2.89920,0.00000,0.00000,0.02420,0,-1.00000,665688554416,0.00000
1952,976,0,1.63350,2.06340,0.23360,0.02830,2560000,-1.00000,665688572347,0.00000
1953,976,0,2.86260,0.00000,0.00000,0.01910,0,-1.00000,665688601189,0.00000
1954,977,0,1.72360,1.95810,0.24570,0.02040,2560000,-1.00000,665688618168,0.00000
1955,977,0,2.78650,0.00000,0.00000,0.01850,0,-1.00000,665688647182,0.00000
1956,978,0,1.76150,2.00650,0.22250,0.02720,2560000,-1.00000,665688663494,0.00000
1957,978,0,2.87780,0.00000,0.00000,0.01810,0,-1.00000,665688692125,0.00000
1958,979,0,1.67220,2.00500,0.23570,0.02380,2560000,-1.00000,665688709360,0.00000
1959,979,0,2.83450,0.00000,0.00000,0.01620,0,-1.00000,665688737222,0.00000
1960,980,0,1.66790,2.08190,0.24840,0.03840,2560000,-1.00000,665688754836,0.00000
1961,980,0,2.95990,0.00000,0.00000,0.01820,0,-1.00000,665688783618,0.00000
1962,981,0,2.56340,2.02920,0.21390,0.02350,2560000,-1.00000,665688800333,0.00000
1963,981,0,2.88180,0.00000,0.00000,0.01750,0,-1.00000,665688828678,0.00000
1964,982,0,0.73289,2.04870,0.30100,0.02600,2560000,-1.00000,665688845351,0.00000
1965,982,0,2.98970,0.00000,0.00000,0.02170,0,-1.00000,665688874960,0.00000
1966,983,0,1.60960,1.99260,0.30960,0.02910,2560000,-1.00000,665688900588,0.00000
1967,983,0,2.95650,0.00000,0.00000,0.01940,0,-1.00000,665688929411,0.00000
1968,984,0,1.55770,2.03250,0.22690,0.02720,2560000,-1.00000,665688936736,0.00000
1969,984,0,2.87620,0.00000,0.00000,0.01840,0,-1.00000,665688966640,0.00000
1970,985,0,1.61620,2.03560,0.25260,0.03500,2560000,-1.00000,665688982729,0.00000
1971,985,0,2.89370,0.00000,0.00000,0.02130,0,-1.00000,665689012315,0.00000
1972,986,0,1.74160,2.03670,0.21720,0.02310,2560000,-1.00000,665689027878,0.00000
1973,986,0,2.85169,0.00000,0.00000,0.01710,0,-1.00000,665689056640,0.00000
1974,987,0,1.62971,2.03690,0.23960,0.02560,2560000,-1.00000,665689072804,0.00000
1975,987,0,2.79320,0.00000,0.00000,0.02120,0,-1.00000,665689101741,0.00000
1976,988,0,1.79330,2.00410,0.24520,0.02220,2560000,-1.00000,665689119149,0.00000
1977,988,0,2.93330,0.00000,0.00000,0.01830,0,-1.00000,665689147678,0.00000
1978,989,0,1.56450,2.00120,0.23840,0.02150,2560000,-1.00000,665689163960,0.00000
1979,989,0,2.76640,0.00000,0.00000,0.01720,0,-1.00000,665689191907,0.00000
1980,990,0,1.83379,1.96510,0.27870,0.03530,2560000,-1.00000,665689209826,0.00000
1981,990,0,2.97650,0.00000,0.00000,0.01960,0,-1.00000,665689239169,0.00000
1982,991,0,1.58460,2.20910,0.22740,0.02900,2560000,-1.00000,665689254807,0.00000
1983,991,0,3.01240,0.00000,0.00000,0.02270,0,-1.00000,665689282475,0.00000
1984,992,0,1.51270,2.02570,0.24120,0.02300,2560000,-1.00000,665689300810,0.00000
1985,992,0,2.77970,0.00000,0.00000,0.01820,0,-1.00000,665689330595,0.00000
1986,993,0,1.75340,2.03170,0.29970,0.02090,2560000,-1.00000,665689346447,0.00000
1987,993,0,2.86970,0.00000,0.00000,0.01690,0,-1.00000,665689376551,0.00000
1988,994,0,1.68760,1.99190,0.24400,0.02160,2560000,-1.00000,665689391668,0.00000
1989,994,0,2.77190,0.00000,0.00000,0.01620,0,-1.00000,665689419470,0.00000
1990,995,0,2.59390,1.98590,0.20570,0.02440,2560000,-1.00000,665689437000,0.00000
1991,995,0,2.80520,0.00000,0.00000,0.01880,0,-1.00000,665689465696,0.00000
1992,996,0,0.92530,1.94190,0.26760,0.02350,2560000,-1.00000,665689482571,0.00000
1993,996,0,2.79650,0.00000,0.00000,0.01990,0,-1.00000,665689510295,0.00000
1994,997,0,3.88290,2.02190,0.25670,0.02380,2560000,-1.00000,665689536236,0.00000
1995,997,0,2.82300,0.00000,0.00000,0.15000,0,-1.00000,665689564287,0.00000
1996,998,0,0.69290,2.01960,0.20340,0.03270,2560000,-1.00000,665689573542,0.00000
1997,998,0,2.96060,0.00000,0.00000,0.01860,0,-1.00000,665689601506,0.00000
1998,999,0,1.43930,1.96010,0.22610,0.02390,2560000,-1.00000,665689640330,0.00000
1999,999,0,2.72320,0.00000,0.00000,0.02230,0,-1.00000,665689668566,0.00000
2000,1000,0,0.84050,2.14580,0.24510,0.02090,2560000,-1.00000,665689675553,0.00000
2001,1000,0,2.93590,0.00000,0.00000,0.01810,0,-1.00000,665689705120,0.00000
2002,1001,0,1.64420,1.94430,0.23860,0.02200,2560000,-1.00000,665689719486,0.00000
2003,1001,0,2.75500,0.00000,0.00000,0.01780,0,-1.00000,665689746725,0.00000
2004,1002,0,1.77100,2.00790,0.25030,0.02370,2560000,-1.00000,665689755122,0.00000
2005,1002,0,2.85140,0.00000,0.00000,0.01660,0,-1.00000,665689784484,0.00000
2006,1003,0,1.69290,2.08800,0.21300,0.02320,2560000,-1.00000,665689800928,0.00000
2007,1003,0,2.83280,0.00000,0.00000,0.01630,0,-1.00000,665689828482,0.00000
2008,1004,0,1.71900,2.07270,0.24560,0.02250,2560000,-1.00000,665689846191,0.00000
2009,1004,0,2.79710,0.00000,0.00000,0.01670,0,-1.00000,665689874704,0.00000
2010,1005,0,4.16760,1.85430,0.20530,0.04130,2560000,-1.00000,665689891629,0.00000
2011,1005,0,2.76460,0.00000,0.00000,0.02360,0,-1.00000,665689919963,0.00000
2012,1006,0,0.46090,1.85190,0.20560,0.01960,2560000,-1.00000,665689937146,0.00000
2013,1006,0,2.58070,0.00000,0.00000,0.01650,0,-1.00000,665689965124,0.00000
2014,1007,0,0.83310,2.04190,0.26240,0.02600,2560000,-1.00000,665690006814,0.00000
2015,1007,0,2.88630,0.00000,0.00000,0.01970,0,-1.00000,665690034466,0.00000
2016,1008,0,1.70670,1.84580,0.24890,0.02150,2560000,-1.00000,665690039046,0.00000
2017,1008,0,2.78700,0.00000,0.00000,0.02230,0,-1.00000,665690064856,0.00000
2018,1009,0,1.76800,2.00880,0.24140,0.02550,2560000,-1.00000,665690073184,0.00000
2019,1009,0,2.83690,0.00000,0.00000,0.01830,0,-1.00000,665690102054,0.00000
2020,1010,0,1.70960,1.89970,0.25400,0.02740,2560000,-1.00000,665690119115,0.00000
2021,1010,0,2.77630,0.00000,0.00000,0.01770,0,-1.00000,665690146998,0.00000
2022,1011,0,1.80670,2.00500,0.29550,0.02730,2560000,-1.00000,665690164670,0.00000
2023,1011,0,2.90960,0.00000,0.00000,0.01860,0,-1.00000,665690193044,0.00000
2024,1012,0,1.66679,2.07330,0.22660,0.02970,2560000,-1.00000,665690210131,0.00000
2025,1012,0,3.02910,0.00000,0.00000,0.06320,0,-1.00000,665690237902,0.00000
2026,1013,0,1.50170,1.89500,0.24140,0.02220,2560000,-1.00000,665690255966,0.00000
2027,1013,0,2.72660,0.00000,0.00000,0.01790,0,-1.00000,665690285069,0.00000
2028,1014,0,4.09300,1.85850,0.22530,0.02600,2560000,-1.00000,665690301974,0.00000
2029,1014,0,2.61970,0.00000,0.00000,0.01840,0,-1.00000,665690332033,0.00000
2030,1015,0,2.00520,1.99300,0.19680,0.03680,2560000,-1.00000,665690347033,0.00000
2031,1015,0,3.11499,0.00000,0.00000,0.02120,0,-1.00000,665690374301,0.00000
2032,1016,0,1.42360,2.01020,0.20320,0.02260,2560000,-1.00000,665690415232,0.00000
2033,1016,0,2.80850,0.00000,0.00000,0.01720,0,-1.00000,665690441430,0.00000
2034,1017,0,3.92460,1.87270,0.24590,0.02400,2560000,-1.00000,665690461519,0.00000
2035,1017,0,2.81100,0.00000,0.00000,0.01750,0,-1.00000,665690492640,0.00000
2036,1018,0,0.62640,2.09640,0.20550,0.02380,2560000,-1.00000,665690506865,0.00000
2037,1018,0,2.86550,0.00000,0.00000,0.01810,0,-1.00000,665690534955,0.00000
2038,1019,0,0.63290,1.97130,0.20720,0.03200,2560000,-1.00000,665690574195,0.00000
2039,1019,0,2.87500,0.00000,0.00000,0.02210,0,-1.00000,665690602311,0.00000
2040,1020,0,1.61530,2.04140,0.23870,0.02520,2560000,-1.00000,665690608568,0.00000
2041,1020,0,2.90220,0.00000,0.00000,0.02080,0,-1.00000,665690637227,0.00000
2042,1021,0,1.76970,2.03880,0.23440,0.02460,2560000,-1.00000,665690643557,0.00000
2043,1021,0,3.00100,0.00000,0.00000,0.01990,0,-1.00000,665690672318,0.00000
2044,1022,0,1.39750,2.09620,0.23520,0.02350,2560000,-1.00000,665690688454,0.00000
2045,1022,0,2.90250,0.00000,0.00000,0.01560,0,-1.00000,665690717488,0.00000
2046,1023,0,1.80870,2.07950,0.23570,0.02380,2560000,-1.00000,665690735173,0.00000
2047,1023,0,2.88780,0.00000,0.00000,0.01670,0,-1.00000,665690765196,0.00000
2048,1024,0,3.83810,2.15210,0.20680,0.02690,2560000,-1.00000,665690779162,0.00000
2049,1024,0,2.89750,0.00000,0.00000,0.01880,0,-1.00000,665690808185,0.00000
2050,1025,0,1.68360,1.99240,0.26150,0.03450,2560000,-1.00000,665690826273,0.00000
2051,1025,0,3.19190,0.00000,0.00000,0.01770,0,-1.00000,665690855154,0.00000
2052,1026,0,1.35381,2.05650,0.23930,0.02440,2560000,-1.00000,665690893531,0.00000
2053,1026,0,2.87919,0.00000,0.00000,0.03370,0,-1.00000,665690922509,0.00000
2054,1027,0,1.70330,2.08690,0.19820,0.02020,2560000,-1.00000,665690939347,0.00000
2055,1027,0,2.79610,0.00000,0.00000,0.01950,0,-1.00000,665690971296,0.00000
2056,1028,0,3.86040,2.11040,0.25230,0.02820,2560000,-1.00000,665690984799,0.00000
2057,1028,0,2.93970,0.00000,0.00000,0.02150,0,-1.00000,665691013610,0.00000
2058,1029,0,0.48120,1.93260,0.22660,0.02160,2560000,-1.00000,665691030623,0.00000
2059,1029,0,2.68440,0.00000,0.00000,0.02090,0,-1.00000,665691058589,0.00000
2060,1030,0,0.95060,1.94840,0.22600,0.02370,2560000,-1.00000,665691097194,0.00000
2061,1030,0,2.81940,0.00000,0.00000,0.01780,0,-1.00000,665691127624,0.00000
2062,1031,0,3.91130,1.95000,0.22240,0.02950,2560000,-1.00000,665691131399,0.00000
2063,1031,0,2.77810,0.00000,0.00000,0.01880,0,-1.00000,665691158248,0.00000
2064,1032,0,0.43880,1.94890,0.22880,0.02070,2560000,-1.00000,665691167751,0.00000
2065,1032,0,2.69120,0.00000,0.00000,0.01660,0,-1.00000,665691195946,0.00000
2066,1033,0,0.96100,2.04520,0.25690,0.03580,2560000,-1.00000,665691235060,0.00000
2067,1033,0,3.06800,0.00000,0.00000,0.02330,0,-1.00000,665691262845,0.00000
2068,1034,0,1.56650,2.05790,0.23150,0.02180,2560000,-1.00000,665691267222,0.00000
2069,1034,0,2.86750,0.00000,0.00000,0.01680,0,-1.00000,665691294136,0.00000
2070,1035,0,1.72330,2.10690,0.19890,0.02340,2560000,-1.00000,665691303748,0.00000
2071,1035,0,2.95860,0.00000,0.00000,0.02170,0,-1.00000,665691334456,0.00000
2072,1036,0,1.55959,1.92170,0.24870,0.02380,2560000,-1.00000,665691350092,0.00000
2073,1036,0,2.75160,0.00000,0.00000,0.01920,0,-1.00000,665691378769,0.00000
2074,1037,0,4.04900,1.95090,0.22570,0.02490,2560000,-1.00000,665691396054,0.00000
2075,1037,0,2.77380,0.00000,0.00000,0.02030,0,-1.00000,665691425598,0.00000
2076,1038,0,0.43830,2.00880,0.21210,0.02070,2560000,-1.00000,665691441186,0.00000
2077,1038,0,2.82290,0.00000,0.00000,0.01630,0,-1.00000,665691468704,0.00000
2078,1039,0,0.82380,1.90470,0.27270,0.02340,2560000,-1.00000,665691509190,0.00000
2079,1039,0,2.79390,0.00000,0.00000,0.01630,0,-1.00000,665691536934,0.00000
2080,1040,0,1.78140,2.13880,0.23560,0.02190,2560000,-1.00000,665691541306,0.00000
2081,1040,0,2.89460,0.00000,0.00000,0.01600,0,-1.00000,665691569592,0.00000
2082,1041,0,1.67390,2.24990,0.27160,0.04090,2560000,-1.00000,665691577774,0.00000
2083,1041,0,3.53200,0.00000,0.00000,0.02140,0,-1.00000,665691605721,0.00000
2084,1042,0,1.05860,1.96350,0.23920,0.02370,2560000,-1.00000,665691623527,0.00000
2085,1042,0,2.78820,0.00000,0.00000,0.01760,0,-1.00000,665691652475,0.00000
2086,1043,0,1.71780,2.11870,0.20970,0.01960,2560000,-1.00000,665691669219,0.00000
2087,1043,0,2.99930,0.00000,0.00000,0.02520,0,-1.00000,665691704561,0.00000
2088,1044,0,1.66400,2.15110,0.23420,0.02270,2560000,-1.00000,665691715123,0.00000
2089,1044,0,2.90200,0.00000,0.00000,0.01640,0,-1.00000,665691743009,0.00000
2090,1045,0,1.59530,2.09350,0.21730,0.02310,2560000,-1.00000,665691760175,0.00000
2091,1045,0,2.92250,0.00000,0.00000,0.01550,0,-1.00000,665691790187,0.00000
2092,1046,0,0.39430,2.16450,0.25050,0.02560,2560000,-1.00000,665691806809,0.00000
2093,1046,0,2.94750,0.00000,0.00000,0.01620,0,-1.00000,665691835828,0.00000
2094,1047,0,0.54950,2.11980,0.27400,0.02620,2560000,-1.00000,665691851789,0.00000
2095,1047,0,3.00660,0.00000,0.00000,0.01600,0,-1.00000,665691881015,0.00000
2096,1048,0,3.94470,2.17380,0.20920,0.03600,2560000,-1.00000,665691884946,0.00000
2097,1048,0,3.07130,0.00000,0.00000,0.02130,0,-1.00000,665691914431,0.00000
2098,1049,0,2.38730,2.17330,0.21140,0.02350,2560000,-1.00000,665691919919,0.00000
2099,1049,0,2.92759,0.00000,0.00000,0.01950,0,-1.00000,665691949995,0.00000
2100,1050,0,0.70420,2.16230,0.24360,0.02200,2560000,-1.00000,665691989452,0.00000
