frame,tick,dropped_ticks,frame_ms,pack_ms,upload_ms,submit_ms,upload_bytes,latest_gpu_ms,gpu_timing_timestamp,simulation_cpu_ms
301,150,0,1.84481,0.00000,0.00000,0.02070,0,-1.00000,665024748055,0.00000
302,151,0,1.21700,1.34160,0.11530,0.03390,1280000,-1.00000,665024751895,0.00000
303,151,0,2.20869,0.00000,0.00000,0.02200,0,-1.00000,665024769810,0.00000
304,152,0,0.36830,1.19540,0.10430,0.02410,1280000,-1.00000,665024773388,0.00000
305,152,0,1.76020,0.00000,0.00000,0.01870,0,-1.00000,665024791841,0.00000
306,153,0,0.55380,1.19160,0.10360,0.02840,1280000,-1.00000,665024804017,0.00000
307,153,0,1.79440,0.00000,0.00000,0.01930,0,-1.00000,665024826106,0.00000
308,154,0,0.35800,1.17820,0.12350,0.02370,1280000,-1.00000,665024829778,0.00000
309,154,0,2.08130,0.00000,0.00000,0.02250,0,-1.00000,665024847381,0.00000
310,155,0,0.58640,1.22410,0.09850,0.02820,1280000,-1.00000,665024852917,0.00000
311,155,0,1.82040,0.00000,0.00000,0.01980,0,-1.00000,665024870862,0.00000
312,156,0,0.57970,1.18480,0.11980,0.02310,1280000,-1.00000,665024874436,0.00000
313,156,0,1.75700,0.00000,0.00000,0.01730,0,-1.00000,665024895250,0.00000
314,157,0,0.67930,1.20460,0.10720,0.03040,1280000,-1.00000,665024901119,0.00000
315,157,0,1.82930,0.00000,0.00000,0.02000,0,-1.00000,665024919324,0.00000
316,158,0,1.16270,1.22720,0.11730,0.03820,1280000,-1.00000,665024925112,0.00000
317,158,0,2.07580,0.00000,0.00000,0.02220,0,-1.00000,665024942690,0.00000
318,159,0,0.95950,1.19250,0.10790,0.02670,1280000,-1.00000,665024949480,0.00000
319,159,0,1.78110,0.00000,0.00000,0.01840,0,-1.00000,665024967776,0.00000
320,160,0,0.38780,1.23300,0.10950,0.02290,1280000,-1.00000,665024979422,0.00000
321,160,0,1.82470,0.00000,0.00000,0.01840,0,-1.00000,665025000169,0.00000
322,161,0,0.33310,1.23280,0.09720,0.02390,1280000,-1.00000,665025009756,0.00000
323,161,0,1.79040,0.00000,0.00000,0.01800,0,-1.00000,665025027571,0.00000
324,162,0,0.33941,1.22940,0.12470,0.02260,1280000,-1.00000,665025031440,0.00000
325,162,0,1.91650,0.00000,0.00000,0.01930,0,-1.00000,665025049693,0.00000
326,163,0,0.36050,1.24090,0.11190,0.02250,1280000,-1.00000,665025053022,0.00000
327,163,0,1.83990,0.00000,0.00000,0.01830,0,-1.00000,665025070927,0.00000
328,164,0,0.37720,1.17710,0.11520,0.02300,1280000,-1.00000,665025074318,0.00000
329,164,0,1.73910,0.00000,0.00000,0.01700,0,-1.00000,665025093494,0.00000
330,165,0,0.30780,1.18830,0.13750,0.02560,1280000,-1.00000,665025097086,0.00000
331,165,0,1.77920,0.00000,0.00000,0.02040,0,-1.00000,665025115492,0.00000
332,166,0,0.84020,1.22030,0.11560,0.02430,1280000,-1.00000,665025119254,0.00000
333,166,0,1.78890,0.00000,0.00000,0.01800,0,-1.00000,665025136649,0.00000
334,167,0,0.55760,1.17850,0.09840,0.01960,1280000,-1.00000,665025139725,0.00000
335,167,0,1.70490,0.00000,0.00000,0.01680,0,-1.00000,665025157523,0.00000
336,168,0,0.30790,1.21220,0.11270,0.02310,1280000,-1.00000,665025165928,0.00000
337,168,0,1.75419,0.00000,0.00000,0.01770,0,-1.00000,665025183807,0.00000
338,169,0,0.30890,1.20640,0.11160,0.03660,1280000,-1.00000,665025189381,0.00000
339,169,0,1.73310,0.00000,0.00000,0.01630,0,-1.00000,665025206433,0.00000
340,170,0,0.30561,1.21450,0.17920,0.02120,1280000,-1.00000,665025209508,0.00000
341,170,0,1.78670,0.00000,0.00000,0.01700,0,-1.00000,665025227055,0.00000
342,171,0,0.50630,1.27830,0.17080,0.03170,1280000,-1.00000,665025230141,0.00000
343,171,0,1.96070,0.00000,0.00000,0.01650,0,-1.00000,665025247480,0.00000
344,172,0,0.43150,1.17870,0.11610,0.02350,1280000,-1.00000,665025250527,0.00000
345,172,0,1.78570,0.00000,0.00000,0.01680,0,-1.00000,665025268402,0.00000
346,173,0,0.30080,1.17010,0.10860,0.01810,1280000,-1.00000,665025273466,0.00000
347,173,0,1.82160,0.00000,0.00000,0.02060,0,-1.00000,665025293075,0.00000
348,174,0,0.34940,1.17420,0.11760,0.03150,1280000,-1.00000,665025297375,0.00000
349,174,0,1.87500,0.00000,0.00000,0.01940,0,-1.00000,665025315249,0.00000
350,175,0,0.36300,1.19400,0.10840,0.03120,1280000,-1.00000,665025318246,0.00000
351,175,0,1.82120,0.00000,0.00000,0.02010,0,-1.00000,665025336468,0.00000
352,176,0,0.34400,1.18010,0.11000,0.02840,1280000,-1.00000,665025339956,0.00000
353,176,0,1.77960,0.00000,0.00000,0.02280,0,-1.00000,665025358735,0.00000
354,177,0,0.36430,1.23980,0.10830,0.02490,1280000,-1.00000,665025362349,0.00000
355,177,0,1.80480,0.00000,0.00000,0.02120,0,-1.00000,665025380558,0.00000
356,178,0,0.34810,1.25250,0.12410,0.02590,1280000,-1.00000,665025383989,0.00000
357,178,0,1.82900,0.00000,0.00000,0.01880,0,-1.00000,665025401800,0.00000
358,179,0,0.32120,1.22000,0.10110,0.02600,1280000,-1.00000,665025405429,0.00000
359,179,0,1.76180,0.00000,0.00000,0.01900,0,-1.00000,665025423482,0.00000
360,180,0,2.44570,1.19340,0.10150,0.03630,1280000,-1.00000,665025426956,0.00000
361,180,0,1.86110,0.00000,0.00000,0.01950,0,-1.00000,665025445259,0.00000
362,181,0,0.40169,1.20270,0.10320,0.02600,1280000,-1.00000,665025448457,0.00000
363,181,0,1.85381,0.00000,0.00000,0.02240,0,-1.00000,665025466083,0.00000
364,182,0,0.35779,1.18450,0.10920,0.02500,1280000,-1.00000,665025490539,0.00000
365,182,0,1.76190,0.00000,0.00000,0.02110,0,-1.00000,665025509154,0.00000
366,183,0,0.34490,1.25610,0.15460,0.02380,1280000,-1.00000,665025513155,0.00000
367,183,0,2.07780,0.00000,0.00000,0.02210,0,-1.00000,665025531706,0.00000
368,184,0,0.45920,1.22570,0.12140,0.03470,1280000,-1.00000,665025535279,0.00000
369,184,0,1.95799,0.00000,0.00000,0.02300,0,-1.00000,665025552900,0.00000
370,185,0,0.39440,1.25900,0.12330,0.03840,1280000,-1.00000,665025556349,0.00000
371,185,0,1.94770,0.00000,0.00000,0.02030,0,-1.00000,665025577150,0.00000
372,186,0,0.40810,1.26500,0.13290,0.03940,1280000,-1.00000,665025581724,0.00000
373,186,0,2.09160,0.00000,0.00000,0.03040,0,-1.00000,665025601318,0.00000
374,187,0,0.49460,1.18940,0.11100,0.03690,1280000,-1.00000,665025605243,0.00000
375,187,0,1.84980,0.00000,0.00000,0.02680,0,-1.00000,665025624735,0.00000
376,188,0,0.44400,1.23550,0.16650,0.02430,1280000,-1.00000,665025628807,0.00000
377,188,0,1.85350,0.00000,0.00000,0.02070,0,-1.00000,665025649757,0.00000
378,189,0,0.49870,1.28570,0.09720,0.02400,1280000,-1.00000,665025654670,0.00000
379,189,0,1.83520,0.00000,0.00000,0.01900,0,-1.00000,665025673187,0.00000
380,190,0,0.34260,1.16550,0.09840,0.02240,1280000,-1.00000,665025677599,0.00000
381,190,0,1.70690,0.00000,0.00000,0.01830,0,-1.00000,665025696132,0.00000
382,191,0,0.32830,1.17730,0.11940,0.02070,1280000,-1.00000,665025701121,0.00000
383,191,0,1.71460,0.00000,0.00000,0.01780,0,-1.00000,665025719471,0.00000
384,192,0,0.54619,1.20720,0.10310,0.02360,1280000,-1.00000,665025722900,0.00000
385,192,0,1.76991,0.00000,0.00000,0.01910,0,-1.00000,665025739966,0.00000
386,193,0,0.69330,1.17280,0.10560,0.02260,1280000,-1.00000,665025743251,0.00000
387,193,0,1.72870,0.00000,0.00000,0.02140,0,-1.00000,665025760394,0.00000
388,194,0,0.33760,1.18820,0.10670,0.02040,1280000,-1.00000,665025765857,0.00000
389,194,0,1.70260,0.00000,0.00000,0.01810,0,-1.00000,665025783547,0.00000
390,195,0,1.02910,1.16040,0.10690,0.01930,1280000,-1.00000,665025790496,0.00000
391,195,0,1.67840,0.00000,0.00000,0.01740,0,-1.00000,665025807779,0.00000
392,196,0,1.87810,1.26750,0.11390,0.02360,1280000,-1.00000,665025811151,0.00000
393,196,0,1.84380,0.00000,0.00000,0.01810,0,-1.00000,665025828180,0.00000
394,197,0,0.31690,1.20020,0.09730,0.01780,1280000,-1.00000,665025838467,0.00000
395,197,0,1.66810,0.00000,0.00000,0.01770,0,-1.00000,665025855253,0.00000
396,198,0,0.30911,1.19830,0.09840,0.01780,1280000,-1.00000,665025874035,0.00000
397,198,0,1.69320,0.00000,0.00000,0.02230,0,-1.00000,665025892474,0.00000
398,199,0,0.36190,1.18900,0.10220,0.02040,1280000,-1.00000,665025895638,0.00000
399,199,0,1.70750,0.00000,0.00000,0.01790,0,-1.00000,665025912320,0.00000
400,200,0,0.32790,1.22190,0.12530,0.01870,1280000,-1.00000,665025915413,0.00000
401,200,0,1.76320,0.00000,0.00000,0.01690,0,-1.00000,665025932352,0.00000
402,201,0,2.07270,1.16930,0.12740,0.02720,1280000,-1.00000,665025935966,0.00000
403,201,0,1.81510,0.00000,0.00000,0.02340,0,-1.00000,665025953038,0.00000
404,202,0,0.41250,1.28700,0.10420,0.02550,1280000,-1.00000,665025956320,0.00000
405,202,0,1.85480,0.00000,0.00000,0.01920,0,-1.00000,665025973950,0.00000
406,203,0,0.36450,1.21520,0.08860,0.02010,1280000,-1.00000,665025994680,0.00000
407,203,0,1.72560,0.00000,0.00000,0.02000,0,-1.00000,665026012846,0.00000
408,204,0,0.34921,1.19670,0.10460,0.02270,1280000,-1.00000,665026016956,0.00000
409,204,0,1.77430,0.00000,0.00000,0.02230,0,-1.00000,665026035505,0.00000
410,205,0,1.26560,1.19420,0.09210,0.02080,1280000,-1.00000,665026039147,0.00000
411,205,0,1.73980,0.00000,0.00000,0.01720,0,-1.00000,665026056397,0.00000
412,206,0,0.62960,1.23900,0.10380,0.02200,1280000,-1.00000,665026059893,0.00000
413,206,0,1.82780,0.00000,0.00000,0.02100,0,-1.00000,665026077644,0.00000
414,207,0,0.51190,1.15310,0.10660,0.02000,1280000,-1.00000,665026090301,0.00000
415,207,0,1.66910,0.00000,0.00000,0.01800,0,-1.00000,665026107691,0.00000
416,208,0,0.30250,1.49770,0.11060,0.01930,1280000,-1.00000,665026114007,0.00000
417,208,0,2.00180,0.00000,0.00000,0.01670,0,-1.00000,665026132258,0.00000
418,209,0,0.81759,1.19570,0.10990,0.01870,1280000,-1.00000,665026137385,0.00000
419,209,0,1.74640,0.00000,0.00000,0.02200,0,-1.00000,665026154075,0.00000
420,210,0,0.63681,1.14370,0.11650,0.02430,1280000,-1.00000,665026157099,0.00000
421,210,0,1.69410,0.00000,0.00000,0.02020,0,-1.00000,665026177117,0.00000
422,211,0,0.36270,1.18820,0.11420,0.02220,1280000,-1.00000,665026185311,0.00000
423,211,0,1.71000,0.00000,0.00000,0.02070,0,-1.00000,665026202761,0.00000
424,212,0,0.48190,1.84730,0.11810,0.02130,1280000,-1.00000,665026209121,0.00000
425,212,0,2.42120,0.00000,0.00000,0.01810,0,-1.00000,665026226079,0.00000
426,213,0,0.32580,1.19790,0.09670,0.02040,1280000,-1.00000,665026229696,0.00000
427,213,0,1.73090,0.00000,0.00000,0.01990,0,-1.00000,665026246799,0.00000
428,214,0,0.34230,1.22650,0.13840,0.03040,1280000,-1.00000,665026251641,0.00000
429,214,0,1.91290,0.00000,0.00000,0.01970,0,-1.00000,665026275828,0.00000
430,215,0,0.33340,1.37170,0.09430,0.02370,1280000,-1.00000,665026279086,0.00000
431,215,0,1.89169,0.00000,0.00000,0.01920,0,-1.00000,665026296394,0.00000
432,216,0,0.32870,1.29930,0.16510,0.02270,1280000,-1.00000,665026299817,0.00000
433,216,0,1.98870,0.00000,0.00000,0.02080,0,-1.00000,665026318955,0.00000
434,217,0,0.34030,1.40210,0.10180,0.01890,1280000,-1.00000,665026322283,0.00000
435,217,0,1.90780,0.00000,0.00000,0.01690,0,-1.00000,665026341198,0.00000
436,218,0,0.30720,1.37520,0.13960,0.02140,1280000,-1.00000,665026344484,0.00000
437,218,0,1.92430,0.00000,0.00000,0.01750,0,-1.00000,665026364376,0.00000
438,219,0,0.36910,1.14820,0.11570,0.02020,1280000,-1.00000,665026367771,0.00000
439,219,0,1.71340,0.00000,0.00000,0.02140,0,-1.00000,665026386850,0.00000
440,220,0,0.36050,1.23800,0.11670,0.02100,1280000,-1.00000,665026389921,0.00000
441,220,0,1.76300,0.00000,0.00000,0.01800,0,-1.00000,665026409172,0.00000
442,221,0,0.30500,1.17480,0.11800,0.01710,1280000,-1.00000,665026412864,0.00000
443,221,0,1.65510,0.00000,0.00000,0.01670,0,-1.00000,665026429993,0.00000
444,222,0,2.59800,1.13660,0.12990,0.02040,1280000,-1.00000,665026433598,0.00000
445,222,0,1.72389,0.00000,0.00000,0.01770,0,-1.00000,665026451226,0.00000
446,223,0,0.41920,1.41630,0.10870,0.02290,1280000,-1.00000,665026454274,0.00000
447,223,0,1.94930,0.00000,0.00000,0.01950,0,-1.00000,665026470824,0.00000
448,224,0,0.40890,1.77530,0.10930,0.02650,1280000,-1.00000,665026496814,0.00000
449,224,0,2.33560,0.00000,0.00000,0.02110,0,-1.00000,665026514047,0.00000
450,225,0,0.34960,1.13790,0.09650,0.01830,1280000,-1.00000,665026518238,0.00000
451,225,0,1.61300,0.00000,0.00000,0.01760,0,-1.00000,665026537732,0.00000
452,226,0,0.30800,1.29070,0.11380,0.02270,1280000,-1.00000,665026541820,0.00000
453,226,0,1.83670,0.00000,0.00000,0.02070,0,-1.00000,665026565180,0.00000
454,227,0,0.35320,1.58620,0.14410,0.02020,1280000,-1.00000,665026568674,0.00000
455,227,0,2.13820,0.00000,0.00000,0.01780,0,-1.00000,665026584800,0.00000
456,228,0,0.32000,1.16640,0.10010,0.02390,1280000,-1.00000,665026587880,0.00000
457,228,0,1.70600,0.00000,0.00000,0.01890,0,-1.00000,665026606246,0.00000
458,229,0,1.23110,1.20820,0.15020,0.03200,1280000,-1.00000,665026609780,0.00000
459,229,0,2.43500,0.00000,0.00000,0.03060,0,-1.00000,665026631165,0.00000
460,230,0,0.59970,1.41140,0.11530,0.02530,1280000,-1.00000,665026634362,0.00000
461,230,0,2.02251,0.00000,0.00000,0.01890,0,-1.00000,665026651422,0.00000
462,231,0,0.32440,1.91970,0.13580,0.02340,1280000,-1.00000,665026663738,0.00000
463,231,0,2.52950,0.00000,0.00000,0.02040,0,-1.00000,665026688117,0.00000
464,232,0,0.42960,1.44400,0.10430,0.02220,1280000,-1.00000,665026694106,0.00000
465,232,0,2.04860,0.00000,0.00000,0.01800,0,-1.00000,665026714305,0.00000
466,233,0,0.39979,1.60440,0.10860,0.02080,1280000,-1.00000,665026717548,0.00000
467,233,0,2.17380,0.00000,0.00000,0.02350,0,-1.00000,665026742855,0.00000
468,234,0,0.43470,1.43440,0.10610,0.02010,1280000,-1.00000,665026747166,0.00000
469,234,0,2.02480,0.00000,0.00000,0.01940,0,-1.00000,665026767616,0.00000
470,235,0,0.58250,1.79240,0.09270,0.02250,1280000,-1.00000,665026771648,0.00000
471,235,0,2.37820,0.00000,0.00000,0.02240,0,-1.00000,665026793373,0.00000
472,236,0,0.46049,1.63200,0.09560,0.02360,1280000,-1.00000,665026797727,0.00000
473,236,0,2.36100,0.00000,0.00000,0.01880,0,-1.00000,665026817956,0.00000
474,237,0,0.40740,1.57380,0.09590,0.02220,1280000,-1.00000,665026823823,0.00000
475,237,0,2.18140,0.00000,0.00000,0.02250,0,-1.00000,665026847573,0.00000
476,238,0,0.36690,1.39830,0.11140,0.02470,1280000,-1.00000,665026852213,0.00000
477,238,0,1.95690,0.00000,0.00000,0.01980,0,-1.00000,665026875785,0.00000
478,239,0,0.34620,1.56090,0.11130,0.02030,1280000,-1.00000,665026879904,0.00000
479,239,0,2.09120,0.00000,0.00000,0.01810,0,-1.00000,665026901673,0.00000
480,240,0,0.42540,1.28070,0.10450,0.02150,1280000,-1.00000,665026905339,0.00000
481,240,0,1.84230,0.00000,0.00000,0.02070,0,-1.00000,665026924917,0.00000
482,241,0,0.40689,2.10410,0.11120,0.03090,1280000,-1.00000,665026928369,0.00000
483,241,0,2.75110,0.00000,0.00000,0.02090,0,-1.00000,665026949281,0.00000
484,242,0,0.35480,1.49440,0.09380,0.01970,1280000,-1.00000,665026953539,0.00000
485,242,0,2.02970,0.00000,0.00000,0.01730,0,-1.00000,665026971960,0.00000
486,243,0,0.32130,1.34340,0.11180,0.02280,1280000,-1.00000,665026976023,0.00000
487,243,0,1.93940,0.00000,0.00000,0.01840,0,-1.00000,665027003550,0.00000
488,244,0,0.33310,1.29640,0.10240,0.02100,1280000,-1.00000,665027007087,0.00000
489,244,0,1.83140,0.00000,0.00000,0.01910,0,-1.00000,665027027381,0.00000
490,245,0,0.33070,1.48560,0.13000,0.02140,1280000,-1.00000,665027030600,0.00000
491,245,0,2.08670,0.00000,0.00000,0.02360,0,-1.00000,665027049995,0.00000
492,246,0,0.67940,1.63120,0.12450,0.02670,1280000,-1.00000,665027053322,0.00000
493,246,0,2.35300,0.00000,0.00000,0.02380,0,-1.00000,665027071633,0.00000
494,247,0,0.81770,1.68950,0.13710,0.06090,1280000,-1.00000,665027074941,0.00000
495,247,0,3.37690,0.00000,0.00000,0.02670,0,-1.00000,665027095816,0.00000
496,248,0,0.99630,1.55750,0.09230,0.02260,1280000,-1.00000,665027102642,0.00000
497,248,0,2.27510,0.00000,0.00000,0.01990,0,-1.00000,665027126253,0.00000
498,249,0,0.35150,1.24970,0.09250,0.02030,1280000,-1.00000,665027134364,0.00000
499,249,0,1.75779,0.00000,0.00000,0.01850,0,-1.00000,665027168117,0.00000
500,250,0,0.31570,1.94030,0.11060,0.02360,1280000,-1.00000,665027178116,0.00000
501,250,0,2.47590,0.00000,0.00000,0.01890,0,-1.00000,665027200797,0.00000
502,251,0,0.33640,1.28890,0.15920,0.02070,1280000,-1.00000,665027204306,0.00000
503,251,0,1.88150,0.00000,0.00000,0.02200,0,-1.00000,665027221885,0.00000
504,252,0,0.35860,1.42800,0.11120,0.01950,1280000,-1.00000,665027225045,0.00000
505,252,0,1.91980,0.00000,0.00000,0.01740,0,-1.00000,665027249801,0.00000
506,253,0,0.30890,1.58780,0.11200,0.02150,1280000,-1.00000,665027253162,0.00000
507,253,0,2.14880,0.00000,0.00000,0.01780,0,-1.00000,665027271986,0.00000
508,254,0,0.32010,1.23250,0.12380,0.02490,1280000,-1.00000,665027275563,0.00000
509,254,0,1.78220,0.00000,0.00000,0.02060,0,-1.00000,665027294759,0.00000
510,255,0,0.33920,1.42850,0.12280,0.02800,1280000,-1.00000,665027297857,0.00000
511,255,0,2.08890,0.00000,0.00000,0.02220,0,-1.00000,665027319342,0.00000
512,256,0,0.36949,1.12730,0.10510,0.01960,1280000,-1.00000,665027322542,0.00000
513,256,0,1.67511,0.00000,0.00000,0.02170,0,-1.00000,665027340367,0.00000
514,257,0,0.37970,1.30280,0.10060,0.02360,1280000,-1.00000,665027343763,0.00000
515,257,0,1.86700,0.00000,0.00000,0.01860,0,-1.00000,665027364666,0.00000
516,258,0,0.33810,1.15730,0.09760,0.01900,1280000,-1.00000,665027368341,0.00000
517,258,0,1.64970,0.00000,0.00000,0.01720,0,-1.00000,665027385093,0.00000
518,259,0,0.30760,1.17400,0.10210,0.01730,1280000,-1.00000,665027388903,0.00000
519,259,0,1.64780,0.00000,0.00000,0.01660,0,-1.00000,665027407559,0.00000
520,260,0,0.30320,1.82230,0.10670,0.02300,1280000,-1.00000,665027410939,0.00000
521,260,0,2.38260,0.00000,0.00000,0.02150,0,-1.00000,665027427436,0.00000
522,261,0,0.35820,1.12930,0.09760,0.02210,1280000,-1.00000,665027430509,0.00000
523,261,0,1.65940,0.00000,0.00000,0.01850,0,-1.00000,665027446985,0.00000
524,262,0,0.34620,1.28260,0.09760,0.01870,1280000,-1.00000,665027450020,0.00000
525,262,0,1.80290,0.00000,0.00000,0.01720,0,-1.00000,665027473852,0.00000
526,263,0,0.39110,2.13600,0.11180,0.02590,1280000,-1.00000,665027477431,0.00000
527,263,0,2.80000,0.00000,0.00000,0.02160,0,-1.00000,665027494025,0.00000
528,264,0,0.35500,1.29400,0.10690,0.01820,1280000,-1.00000,665027497486,0.00000
529,264,0,1.80760,0.00000,0.00000,0.01700,0,-1.00000,665027515513,0.00000
530,265,0,0.30350,1.24200,0.11660,0.02010,1280000,-1.00000,665027519497,0.00000
531,265,0,1.84830,0.00000,0.00000,0.01960,0,-1.00000,665027547424,0.00000
532,266,0,0.33310,1.91960,0.11080,0.02360,1280000,-1.00000,665027550990,0.00000
533,266,0,2.50470,0.00000,0.00000,0.02030,0,-1.00000,665027569051,0.00000
534,267,0,0.32850,1.94710,0.14290,0.02410,1280000,-1.00000,665027572084,0.00000
535,267,0,2.56130,0.00000,0.00000,0.02310,0,-1.00000,665027590571,0.00000
536,268,0,0.45650,1.36450,0.09870,0.02350,1280000,-1.00000,665027593903,0.00000
537,268,0,1.92881,0.00000,0.00000,0.01930,0,-1.00000,665027618951,0.00000
538,269,0,0.33660,1.43170,0.10180,0.02000,1280000,-1.00000,665027622230,0.00000
539,269,0,1.94179,0.00000,0.00000,0.01860,0,-1.00000,665027647853,0.00000
540,270,0,0.40821,2.14120,0.10420,0.02440,1280000,-1.00000,665027652420,0.00000
541,270,0,2.71460,0.00000,0.00000,0.01950,0,-1.00000,665027671708,0.00000
542,271,0,0.45200,1.97500,0.17580,0.02020,1280000,-1.00000,665027675067,0.00000
543,271,0,2.62690,0.00000,0.00000,0.02190,0,-1.00000,665027694484,0.00000
544,272,0,0.60850,2.04150,0.17850,0.07260,1280000,-1.00000,665027698573,0.00000
545,272,0,3.55800,0.00000,0.00000,0.06850,0,-1.00000,665027725713,0.00000
546,273,0,1.17520,2.20290,0.11090,0.02440,1280000,-1.00000,665027730255,0.00000
547,273,0,2.94920,0.00000,0.00000,0.02260,0,-1.00000,665027756506,0.00000
548,274,0,0.37930,1.35060,0.10010,0.02130,1280000,-1.00000,665027762644,0.00000
549,274,0,1.90140,0.00000,0.00000,0.01810,0,-1.00000,665027798214,0.00000
550,275,0,0.32350,1.47630,0.10170,0.02350,1280000,-1.00000,665027809985,0.00000
551,275,0,2.00920,0.00000,0.00000,0.01870,0,-1.00000,665027839415,0.00000
552,276,0,0.34950,1.48940,0.09690,0.01870,1280000,-1.00000,665027843197,0.00000
553,276,0,1.96520,0.00000,0.00000,0.02270,0,-1.00000,665027862217,0.00000
554,277,0,0.30969,1.15260,0.09950,0.01780,1280000,-1.00000,665027865452,0.00000
555,277,0,1.62370,0.00000,0.00000,0.01610,0,-1.00000,665027885541,0.00000
556,278,0,0.28950,1.37610,0.09670,0.01960,1280000,-1.00000,665027889039,0.00000
557,278,0,1.86600,0.00000,0.00000,0.01730,0,-1.00000,665027908689,0.00000
558,279,0,0.31210,2.04070,0.12760,0.02350,1280000,-1.00000,665027911784,0.00000
559,279,0,2.61330,0.00000,0.00000,0.02100,0,-1.00000,665027928021,0.00000
560,280,0,0.42029,1.20470,0.10270,0.02040,1280000,-1.00000,665027930915,0.00000
561,280,0,1.77930,0.00000,0.00000,0.01930,0,-1.00000,665027949581,0.00000
562,281,0,0.38050,1.69920,0.12160,0.02410,1280000,-1.00000,665027952697,0.00000
563,281,0,2.30210,0.00000,0.00000,0.02310,0,-1.00000,665027978834,0.00000
564,282,0,0.69900,1.58630,0.15920,0.02200,1280000,-1.00000,665027983041,0.00000
565,282,0,2.26670,0.00000,0.00000,0.01830,0,-1.00000,665028000833,0.00000
566,283,0,0.37550,1.15350,0.09740,0.02280,1280000,-1.00000,665028004642,0.00000
567,283,0,1.69640,0.00000,0.00000,0.01840,0,-1.00000,665028027668,0.00000
568,284,0,0.32700,1.44710,0.10380,0.01920,1280000,-1.00000,665028034701,0.00000
569,284,0,2.00150,0.00000,0.00000,0.02130,0,-1.00000,665028057314,0.00000
570,285,0,0.33670,1.24020,0.10610,0.02080,1280000,-1.00000,665028061071,0.00000
571,285,0,1.80650,0.00000,0.00000,0.02370,0,-1.00000,665028078033,0.00000
572,286,0,0.35990,2.05030,0.11450,0.02030,1280000,-1.00000,665028081301,0.00000
573,286,0,2.60160,0.00000,0.00000,0.01990,0,-1.00000,665028101312,0.00000
574,287,0,0.34370,1.22810,0.10830,0.02160,1280000,-1.00000,665028104685,0.00000
575,287,0,1.75300,0.00000,0.00000,0.01820,0,-1.00000,665028122755,0.00000
576,288,0,0.34650,1.26850,0.12610,0.01990,1280000,-1.00000,665028126348,0.00000
577,288,0,1.79170,0.00000,0.00000,0.01700,0,-1.00000,665028152359,0.00000
578,289,0,0.40840,1.14640,0.10880,0.01790,1280000,-1.00000,665028155823,0.00000
579,289,0,1.64280,0.00000,0.00000,0.01660,0,-1.00000,665028173329,0.00000
580,290,0,0.30030,1.52210,0.15140,0.02210,1280000,-1.00000,665028176791,0.00000
581,290,0,2.08750,0.00000,0.00000,0.01770,0,-1.00000,665028194710,0.00000
582,291,0,0.33110,1.23510,0.10440,0.02120,1280000,-1.00000,665028198797,0.00000
583,291,0,1.81100,0.00000,0.00000,0.02070,0,-1.00000,665028215223,0.00000
584,292,0,0.33950,1.15160,0.16840,0.02270,1280000,-1.00000,665028218223,0.00000
585,292,0,1.74330,0.00000,0.00000,0.02060,0,-1.00000,665028239102,0.00000
586,293,0,0.39210,1.13330,0.09310,0.02110,1280000,-1.00000,665028242412,0.00000
587,293,0,1.62090,0.00000,0.00000,0.01850,0,-1.00000,665028260528,0.00000
588,294,0,0.32880,1.48950,0.13180,0.03430,1280000,-1.00000,665028263920,0.00000
589,294,0,2.11670,0.00000,0.00000,0.02110,0,-1.00000,665028281352,0.00000
590,295,0,0.49280,1.65770,0.09340,0.02200,1280000,-1.00000,665028285265,0.00000
591,295,0,2.32000,0.00000,0.00000,0.01850,0,-1.00000,665028301481,0.00000
592,296,0,0.33131,1.14150,0.11000,0.02160,1280000,-1.00000,665028304770,0.00000
593,296,0,1.68500,0.00000,0.00000,0.01840,0,-1.00000,665028325948,0.00000
594,297,0,0.32080,1.16620,0.12970,0.02330,1280000,-1.00000,665028330912,0.00000
595,297,0,1.72560,0.00000,0.00000,0.01990,0,-1.00000,665028354052,0.00000
596,298,0,0.38230,1.21910,0.17150,0.02260,1280000,-1.00000,665028357384,0.00000
597,298,0,1.83090,0.00000,0.00000,0.02130,0,-1.00000,665028374228,0.00000
598,299,0,0.59970,1.33820,0.10150,0.02210,1280000,-1.00000,665028377434,0.00000
599,299,0,1.93940,0.00000,0.00000,0.01800,0,-1.00000,665028394691,0.00000
600,300,0,0.32380,1.30180,0.09470,0.01830,1280000,-1.00000,665028398511,0.00000
601,300,0,1.77670,0.00000,0.00000,0.01710,0,-1.00000,665028416823,0.00000
602,301,0,0.31390,1.48710,0.10400,0.01970,1280000,-1.00000,665028422849,0.00000
603,301,0,2.00120,0.00000,0.00000,0.01660,0,-1.00000,665028442213,0.00000
604,302,0,0.32900,1.09620,0.09750,0.01830,1280000,-1.00000,665028445454,0.00000
605,302,0,1.59340,0.00000,0.00000,0.01940,0,-1.00000,665028463218,0.00000
606,303,0,0.33330,1.49150,0.10280,0.01950,1280000,-1.00000,665028466371,0.00000
607,303,0,2.02720,0.00000,0.00000,0.01700,0,-1.00000,665028486368,0.00000
608,304,0,0.36690,1.31030,0.09860,0.02210,1280000,-1.00000,665028489656,0.00000
609,304,0,1.82479,0.00000,0.00000,0.01790,0,-1.00000,665028505595,0.00000
610,305,0,0.31620,1.55100,0.18090,0.02480,1280000,-1.00000,665028508930,0.00000
611,305,0,2.13581,0.00000,0.00000,0.01780,0,-1.00000,665028529201,0.00000
612,306,0,0.34670,2.11390,0.09980,0.02000,1280000,-1.00000,665028532869,0.00000
613,306,0,2.72280,0.00000,0.00000,0.01760,0,-1.00000,665028551119,0.00000
614,307,0,0.38540,2.02470,0.11220,0.02410,1280000,-1.00000,665028554277,0.00000
615,307,0,2.68990,0.00000,0.00000,0.01850,0,-1.00000,665028575638,0.00000
616,308,0,0.31820,1.13500,0.10040,0.01830,1280000,-1.00000,665028579141,0.00000
617,308,0,1.61110,0.00000,0.00000,0.01650,0,-1.00000,665028606331,0.00000
618,309,0,0.29340,1.10510,0.12460,0.02530,1280000,-1.00000,665028610257,0.00000
619,309,0,1.66700,0.00000,0.00000,0.02250,0,-1.00000,665028637085,0.00000
620,310,0,0.42220,1.59620,0.11060,0.02520,1280000,-1.00000,665028640263,0.00000
621,310,0,2.17780,0.00000,0.00000,0.01910,0,-1.00000,665028656374,0.00000
622,311,0,0.31830,1.27840,0.14480,0.01920,1280000,-1.00000,665028659309,0.00000
623,311,0,1.83920,0.00000,0.00000,0.01720,0,-1.00000,665028675985,0.00000
624,312,0,0.37039,1.31630,0.09890,0.02100,1280000,-1.00000,665028680205,0.00000
625,312,0,1.86560,0.00000,0.00000,0.02230,0,-1.00000,665028701983,0.00000
626,313,0,0.37710,1.28260,0.11650,0.02290,1280000,-1.00000,665028705161,0.00000
627,313,0,1.82810,0.00000,0.00000,0.02010,0,-1.00000,665028723556,0.00000
628,314,0,0.36980,1.13140,0.09850,0.01910,1280000,-1.00000,665028727259,0.00000
629,314,0,1.65500,0.00000,0.00000,0.01710,0,-1.00000,665028745919,0.00000
630,315,0,0.37560,1.36240,0.10110,0.02060,1280000,-1.00000,665028749690,0.00000
631,315,0,1.88390,0.00000,0.00000,0.02030,0,-1.00000,665028767974,0.00000
632,316,0,0.33520,1.13690,0.11280,0.02150,1280000,-1.00000,665028771657,0.00000
633,316,0,1.67350,0.00000,0.00000,0.02030,0,-1.00000,665028788217,0.00000
634,317,0,0.36870,1.21570,0.12640,0.02310,1280000,-1.00000,665028791962,0.00000
635,317,0,1.75340,0.00000,0.00000,0.02080,0,-1.00000,665028810800,0.00000
636,318,0,0.34460,1.09480,0.09840,0.02110,1280000,-1.00000,665028814165,0.00000
637,318,0,1.66290,0.00000,0.00000,0.01820,0,-1.00000,665028830901,0.00000
638,319,0,0.31950,1.48250,0.09850,0.01880,1280000,-1.00000,665028834586,0.00000
639,319,0,1.97650,0.00000,0.00000,0.01690,0,-1.00000,665028852123,0.00000
640,320,0,0.31229,1.47560,0.13680,0.02200,1280000,-1.00000,665028855564,0.00000
641,320,0,2.03600,0.00000,0.00000,0.01970,0,-1.00000,665028872196,0.00000
642,321,0,0.36960,1.08110,0.09920,0.02180,1280000,-1.00000,665028875387,0.00000
643,321,0,1.58130,0.00000,0.00000,0.01960,0,-1.00000,665028895153,0.00000
644,322,0,0.33270,1.08500,0.10900,0.01790,1280000,-1.00000,665028898277,0.00000
645,322,0,1.57120,0.00000,0.00000,0.01730,0,-1.00000,665028918643,0.00000
646,323,0,0.31210,1.52980,0.13980,0.02140,1280000,-1.00000,665028922325,0.00000
647,323,0,2.06949,0.00000,0.00000,0.02280,0,-1.00000,665028938147,0.00000
648,324,0,0.39260,1.50630,0.10350,0.07210,1280000,-1.00000,665028941471,0.00000
649,324,0,2.15370,0.00000,0.00000,0.01840,0,-1.00000,665028957182,0.00000
650,325,0,0.33410,1.12200,0.12070,0.01780,1280000,-1.00000,665028960303,0.00000
651,325,0,1.62081,0.00000,0.00000,0.01670,0,-1.00000,665028981012,0.00000
652,326,0,0.30350,1.34780,0.11040,0.02380,1280000,-1.00000,665028984953,0.00000
653,326,0,1.93330,0.00000,0.00000,0.02270,0,-1.00000,665029006472,0.00000
654,327,0,0.35930,1.08580,0.09990,0.02020,1280000,-1.00000,665029009804,0.00000
655,327,0,1.62580,0.00000,0.00000,0.01780,0,-1.00000,665029026012,0.00000
656,328,0,0.32170,1.11810,0.10680,0.01800,1280000,-1.00000,665029029051,0.00000
657,328,0,1.60300,0.00000,0.00000,0.01730,0,-1.00000,665029048378,0.00000
658,329,0,0.33220,1.22120,0.10500,0.01900,1280000,-1.00000,665029051976,0.00000
659,329,0,1.75360,0.00000,0.00000,0.01700,0,-1.00000,665029068232,0.00000
660,330,0,0.43290,1.19920,0.17150,0.02280,1280000,-1.00000,665029071448,0.00000
661,330,0,1.79430,0.00000,0.00000,0.02040,0,-1.00000,665029087480,0.00000
662,331,0,0.34279,1.30030,0.09880,0.02200,1280000,-1.00000,665029090803,0.00000
663,331,0,1.81181,0.00000,0.00000,0.01990,0,-1.00000,665029108340,0.00000
664,332,0,0.34990,1.14170,0.10600,0.01890,1280000,-1.00000,665029112658,0.00000
665,332,0,1.62240,0.00000,0.00000,0.01670,0,-1.00000,665029130610,0.00000
666,333,0,0.32670,1.25270,0.11640,0.01680,1280000,-1.00000,665029134037,0.00000
667,333,0,1.73350,0.00000,0.00000,0.02230,0,-1.00000,665029152155,0.00000
668,334,0,0.37880,1.45170,0.12530,0.02370,1280000,-1.00000,665029155651,0.00000
669,334,0,2.03100,0.00000,0.00000,0.01960,0,-1.00000,665029171876,0.00000
670,335,0,0.33610,1.33960,0.09830,0.01980,1280000,-1.00000,665029175143,0.00000
671,335,0,1.83430,0.00000,0.00000,0.01800,0,-1.00000,665029192479,0.00000
672,336,0,0.32320,1.16170,0.10700,0.01830,1280000,-1.00000,665029196272,0.00000
673,336,0,1.66450,0.00000,0.00000,0.01910,0,-1.00000,665029216579,0.00000
674,337,0,0.32790,1.32520,0.09860,0.02130,1280000,-1.00000,665029219939,0.00000
675,337,0,1.84800,0.00000,0.00000,0.02020,0,-1.00000,665029238283,0.00000
676,338,0,0.34350,1.11370,0.10700,0.01960,1280000,-1.00000,665029241508,0.00000
677,338,0,1.73260,0.00000,0.00000,0.01980,0,-1.00000,665029258157,0.00000
678,339,0,0.35201,1.17470,0.16500,0.02040,1280000,-1.00000,665029261435,0.00000
679,339,0,1.76580,0.00000,0.00000,0.01990,0,-1.00000,665029279915,0.00000
680,340,0,0.85850,1.07260,0.12310,0.02440,1280000,-1.00000,665029283345,0.00000
681,340,0,1.65250,0.00000,0.00000,0.02950,0,-1.00000,665029300682,0.00000
682,341,0,1.29290,1.31200,0.11260,0.03390,1280000,-1.00000,665029304193,0.00000
683,341,0,2.16759,0.00000,0.00000,0.02110,0,-1.00000,665029321890,0.00000
684,342,0,0.38560,1.16830,0.10840,0.02270,1280000,-1.00000,665029330450,0.00000
685,342,0,1.75420,0.00000,0.00000,0.02120,0,-1.00000,665029346980,0.00000
686,343,0,0.35110,1.10240,0.08980,0.02090,1280000,-1.00000,665029359932,0.00000
687,343,0,1.60730,0.00000,0.00000,0.01800,0,-1.00000,665029381580,0.00000
688,344,0,0.30430,1.10770,0.09420,0.01910,1280000,-1.00000,665029385433,0.00000
689,344,0,1.59640,0.00000,0.00000,0.01710,0,-1.00000,665029402975,0.00000
690,345,0,0.31960,1.07750,0.09220,0.01700,1280000,-1.00000,665029406483,0.00000
691,345,0,1.53840,0.00000,0.00000,0.01560,0,-1.00000,665029422555,0.00000
692,346,0,0.29480,1.71900,0.11670,0.01840,1280000,-1.00000,665029425596,0.00000
693,346,0,2.25590,0.00000,0.00000,0.01650,0,-1.00000,665029441562,0.00000
694,347,0,0.33970,1.15370,0.10530,0.02290,1280000,-1.00000,665029444754,0.00000
695,347,0,1.70390,0.00000,0.00000,0.01880,0,-1.00000,665029460140,0.00000
696,348,0,0.97440,1.10980,0.10710,0.02320,1280000,-1.00000,665029463085,0.00000
697,348,0,1.65580,0.00000,0.00000,0.01670,0,-1.00000,665029485648,0.00000
698,349,0,0.72129,1.07130,0.11070,0.01700,1280000,-1.00000,665029489045,0.00000
699,349,0,1.56220,0.00000,0.00000,0.01630,0,-1.00000,665029506088,0.00000
700,350,0,0.29960,1.67550,0.12340,0.01760,1280000,-1.00000,665029515877,0.00000
701,350,0,2.15699,0.00000,0.00000,0.01620,0,-1.00000,665029532388,0.00000
702,351,0,0.29221,1.12060,0.09490,0.01610,1280000,-1.00000,665029539597,0.00000
703,351,0,1.64960,0.00000,0.00000,0.01890,0,-1.00000,665029555219,0.00000
704,352,0,0.33260,1.06680,0.09620,0.01740,1280000,-1.00000,665029558217,0.00000
705,352,0,1.54580,0.00000,0.00000,0.01670,0,-1.00000,665029579785,0.00000
706,353,0,0.55420,1.15970,0.11620,0.02220,1280000,-1.00000,665029582705,0.00000
707,353,0,1.73850,0.00000,0.00000,0.02270,0,-1.00000,665029599210,0.00000
708,354,0,0.68820,1.66150,0.12640,0.03190,1280000,-1.00000,665029602528,0.00000
709,354,0,2.38630,0.00000,0.00000,0.02070,0,-1.00000,665029617986,0.00000
710,355,0,2.45201,1.07330,0.09820,0.02350,1280000,-1.00000,665029623527,0.00000
711,355,0,1.62540,0.00000,0.00000,0.01860,0,-1.00000,665029640922,0.00000
712,356,0,0.34020,1.23590,0.13610,0.02280,1280000,-1.00000,665029647810,0.00000
713,356,0,1.82850,0.00000,0.00000,0.01940,0,-1.00000,665029671677,0.00000
714,357,0,0.34420,1.25390,0.10310,0.02240,1280000,-1.00000,665029696188,0.00000
715,357,0,1.79430,0.00000,0.00000,0.02030,0,-1.00000,665029712437,0.00000
716,358,0,0.36260,1.10290,0.10070,0.01880,1280000,-1.00000,665029715837,0.00000
717,358,0,1.58910,0.00000,0.00000,0.01720,0,-1.00000,665029734124,0.00000
718,359,0,0.30700,1.10380,0.10770,0.01750,1280000,-1.00000,665029737557,0.00000
719,359,0,1.60570,0.00000,0.00000,0.01740,0,-1.00000,665029755508,0.00000
720,360,0,0.30420,1.06120,0.11090,0.02430,1280000,-1.00000,665029759131,0.00000
721,360,0,1.60240,0.00000,0.00000,0.01850,0,-1.00000,665029775022,0.00000
722,361,0,0.32050,1.10790,0.15980,0.02040,1280000,-1.00000,665029778090,0.00000
723,361,0,1.78930,0.00000,0.00000,0.02120,0,-1.00000,665029794151,0.00000
724,362,0,0.33880,1.70490,0.11190,0.01950,1280000,-1.00000,665029797190,0.00000
725,362,0,2.21740,0.00000,0.00000,0.01710,0,-1.00000,665029813214,0.00000
726,363,0,0.40650,1.10180,0.10740,0.01660,1280000,-1.00000,665029816419,0.00000
727,363,0,1.64940,0.00000,0.00000,0.01900,0,-1.00000,665029834316,0.00000
728,364,0,0.82910,1.06080,0.11010,0.02210,1280000,-1.00000,665029837710,0.00000
729,364,0,1.60970,0.00000,0.00000,0.01830,0,-1.00000,665029859877,0.00000
730,365,0,0.31350,1.70150,0.11370,0.01890,1280000,-1.00000,665029863942,0.00000
731,365,0,2.20760,0.00000,0.00000,0.01630,0,-1.00000,665029880430,0.00000
732,366,0,0.30110,1.11530,0.11750,0.01910,1280000,-1.00000,665029888731,0.00000
733,366,0,1.62310,0.00000,0.00000,0.01700,0,-1.00000,665029904825,0.00000
734,367,0,0.30610,1.69750,0.11440,0.01760,1280000,-1.00000,665029907956,0.00000
735,367,0,2.17610,0.00000,0.00000,0.01660,0,-1.00000,665029930080,0.00000
736,368,0,0.31240,1.59740,0.11450,0.01850,1280000,-1.00000,665029933043,0.00000
737,368,0,2.10021,0.00000,0.00000,0.01870,0,-1.00000,665029949278,0.00000
738,369,0,0.32250,1.23860,0.10250,0.02580,1280000,-1.00000,665029952336,0.00000
739,369,0,1.80440,0.00000,0.00000,0.01890,0,-1.00000,665029974096,0.00000
740,370,0,0.34060,1.07400,0.09940,0.01790,1280000,-1.00000,665029977219,0.00000
741,370,0,1.58080,0.00000,0.00000,0.01680,0,-1.00000,665029998228,0.00000
742,371,0,0.55220,1.10690,0.09910,0.01770,1280000,-1.00000,665030001452,0.00000
743,371,0,1.63550,0.00000,0.00000,0.01640,0,-1.00000,665030019501,0.00000
744,372,0,0.30290,1.09300,0.10670,0.01640,1280000,-1.00000,665030022898,0.00000
745,372,0,1.57020,0.00000,0.00000,0.01580,0,-1.00000,665030038707,0.00000
746,373,0,1.40570,1.69740,0.10960,0.02070,1280000,-1.00000,665030044461,0.00000
747,373,0,2.25970,0.00000,0.00000,0.02200,0,-1.00000,665030060585,0.00000
748,374,0,0.34410,1.05750,0.10870,0.02010,1280000,-1.00000,665030063613,0.00000
749,374,0,1.61400,0.00000,0.00000,0.02000,0,-1.00000,665030079314,0.00000
750,375,0,0.46910,1.36000,0.11170,0.02370,1280000,-1.00000,665030093384,0.00000
751,375,0,1.89980,0.00000,0.00000,0.01950,0,-1.00000,665030115964,0.00000
752,376,0,0.32480,1.04920,0.11130,0.01850,1280000,-1.00000,665030119413,0.00000
753,376,0,1.54050,0.00000,0.00000,0.01710,0,-1.00000,665030135550,0.00000
754,377,0,1.07830,1.13350,0.10490,0.02050,1280000,-1.00000,665030140241,0.00000
755,377,0,1.65200,0.00000,0.00000,0.01640,0,-1.00000,665030159246,0.00000
756,378,0,0.78080,1.04680,0.10210,0.01790,1280000,-1.00000,665030162486,0.00000
757,378,0,1.53010,0.00000,0.00000,0.01670,0,-1.00000,665030177892,0.00000
758,379,0,0.29450,1.04810,0.11700,0.02330,1280000,-1.00000,665030188679,0.00000
759,379,0,1.59870,0.00000,0.00000,0.02030,0,-1.00000,665030205192,0.00000
760,380,0,1.38140,1.08640,0.10630,0.02100,1280000,-1.00000,665030213005,0.00000
761,380,0,1.58870,0.00000,0.00000,0.01890,0,-1.00000,665030228303,0.00000
762,381,0,0.33250,1.04510,0.10670,0.01970,1280000,-1.00000,665030231246,0.00000
763,381,0,1.56530,0.00000,0.00000,0.01730,0,-1.00000,665030247233,0.00000
764,382,0,0.32210,1.17180,0.12910,0.02920,1280000,-1.00000,665030261056,0.00000
765,382,0,1.78860,0.00000,0.00000,0.02340,0,-1.00000,665030276933,0.00000
766,383,0,0.40070,1.16450,0.13150,0.02310,1280000,-1.00000,665030280265,0.00000
767,383,0,2.37520,0.00000,0.00000,0.02070,0,-1.00000,665030295915,0.00000
768,384,0,0.34380,1.16930,0.17320,0.01920,1280000,-1.00000,665030299136,0.00000
769,384,0,1.73590,0.00000,0.00000,0.01860,0,-1.00000,665030317041,0.00000
770,385,0,0.32940,1.08370,0.09910,0.02170,1280000,-1.00000,665030321036,0.00000
771,385,0,1.61550,0.00000,0.00000,0.02200,0,-1.00000,665030344789,0.00000
772,386,0,0.81480,1.09220,0.09450,0.02130,1280000,-1.00000,665030348218,0.00000
773,386,0,1.63650,0.00000,0.00000,0.01840,0,-1.00000,665030365579,0.00000
774,387,0,0.31340,1.69480,0.10030,0.01960,1280000,-1.00000,665030368870,0.00000
775,387,0,2.23460,0.00000,0.00000,0.01970,0,-1.00000,665030385026,0.00000
776,388,0,0.33970,1.08420,0.11340,0.02060,1280000,-1.00000,665030393183,0.00000
777,388,0,1.61740,0.00000,0.00000,0.01840,0,-1.00000,665030409542,0.00000
778,389,0,0.33870,1.07450,0.12370,0.02430,1280000,-1.00000,665030412675,0.00000
779,389,0,1.63580,0.00000,0.00000,0.01890,0,-1.00000,665030435020,0.00000
780,390,0,1.43470,1.13020,0.09930,0.02260,1280000,-1.00000,665030438423,0.00000
781,390,0,1.67390,0.00000,0.00000,0.01880,0,-1.00000,665030454592,0.00000
782,391,0,0.78300,1.08100,0.10240,0.01880,1280000,-1.00000,665030457977,0.00000
783,391,0,1.57110,0.00000,0.00000,0.01710,0,-1.00000,665030474342,0.00000
784,392,0,1.99660,1.10110,0.11360,0.02210,1280000,-1.00000,665030488692,0.00000
785,392,0,1.63690,0.00000,0.00000,0.02040,0,-1.00000,665030505423,0.00000
786,393,0,0.36730,1.68750,0.11270,0.01900,1280000,-1.00000,665030513259,0.00000
787,393,0,2.26790,0.00000,0.00000,0.02220,0,-1.00000,665030528962,0.00000
788,394,0,0.34480,1.59170,0.11480,0.02150,1280000,-1.00000,665030548939,0.00000
789,394,0,2.12060,0.00000,0.00000,0.01830,0,-1.00000,665030565304,0.00000
790,395,0,0.31981,1.04100,0.09870,0.01970,1280000,-1.00000,665030568963,0.00000
791,395,0,1.52320,0.00000,0.00000,0.01720,0,-1.00000,665030591639,0.00000
792,396,0,0.30480,1.07300,0.11480,0.01770,1280000,-1.00000,665030595103,0.00000
793,396,0,1.55170,0.00000,0.00000,0.01620,0,-1.00000,665030616306,0.00000
794,397,0,0.27850,1.64230,0.12290,0.02470,1280000,-1.00000,665030619502,0.00000
795,397,0,2.17660,0.00000,0.00000,0.01920,0,-1.00000,665030634732,0.00000
796,398,0,0.44950,1.04110,0.09790,0.02400,1280000,-1.00000,665030637778,0.00000
797,398,0,1.57560,0.00000,0.00000,0.02250,0,-1.00000,665030653297,0.00000
798,399,0,0.37340,1.67660,0.11100,0.02280,1280000,-1.00000,665030656081,0.00000
799,399,0,2.24220,0.00000,0.00000,0.01930,0,-1.00000,665030677854,0.00000
800,400,0,0.32870,1.08370,0.11320,0.02250,1280000,-1.00000,665030682355,0.00000
801,400,0,1.63990,0.00000,0.00000,0.01830,0,-1.00000,665030698104,0.00000
802,401,0,0.32130,1.05060,0.11250,0.02090,1280000,-1.00000,665030701837,0.00000
803,401,0,1.56830,0.00000,0.00000,0.01830,0,-1.00000,665030724248,0.00000
804,402,0,0.37920,1.48350,0.18240,0.02340,1280000,-1.00000,665030727551,0.00000
805,402,0,2.11250,0.00000,0.00000,0.01870,0,-1.00000,665030743945,0.00000
806,403,0,0.32410,1.29350,0.11020,0.02300,1280000,-1.00000,665030747160,0.00000
807,403,0,1.88150,0.00000,0.00000,0.01890,0,-1.00000,665030762840,0.00000
808,404,0,0.30950,1.69430,0.09650,0.01800,1280000,-1.00000,665030766632,0.00000
809,404,0,2.18490,0.00000,0.00000,0.01710,0,-1.00000,665030787759,0.00000
810,405,0,0.31370,1.68560,0.10990,0.02150,1280000,-1.00000,665030790996,0.00000
811,405,0,2.22450,0.00000,0.00000,0.02040,0,-1.00000,665030809814,0.00000
812,406,0,0.34420,1.69310,0.11130,0.02030,1280000,-1.00000,665030812906,0.00000
813,406,0,2.21850,0.00000,0.00000,0.01730,0,-1.00000,665030834754,0.00000
814,407,0,0.32310,1.03090,0.09590,0.01880,1280000,-1.00000,665030837892,0.00000
815,407,0,1.50250,0.00000,0.00000,0.01610,0,-1.00000,665030860137,0.00000
816,408,0,0.30100,1.06970,0.17130,0.02020,1280000,-1.00000,665030863579,0.00000
817,408,0,1.76370,0.00000,0.00000,0.02010,0,-1.00000,665030885767,0.00000
818,409,0,0.88061,1.16000,0.10110,0.02130,1280000,-1.00000,665030888997,0.00000
819,409,0,1.87500,0.00000,0.00000,0.01770,0,-1.00000,665030904023,0.00000
820,410,0,0.43080,1.03560,0.14500,0.01860,1280000,-1.00000,665030907031,0.00000
821,410,0,1.62840,0.00000,0.00000,0.01910,0,-1.00000,665030924673,0.00000
822,411,0,0.30780,1.16120,0.11630,0.02730,1280000,-1.00000,665030933525,0.00000
823,411,0,1.73950,0.00000,0.00000,0.01950,0,-1.00000,665030952223,0.00000
824,412,0,1.78340,1.19280,0.15910,0.02010,1280000,-1.00000,665030956531,0.00000
825,412,0,1.83480,0.00000,0.00000,0.02350,0,-1.00000,665030972816,0.00000
826,413,0,0.37440,1.02820,0.12040,0.02720,1280000,-1.00000,665030975899,0.00000
827,413,0,1.64610,0.00000,0.00000,0.02240,0,-1.00000,665030993294,0.00000
828,414,0,0.37000,1.68710,0.10860,0.01860,1280000,-1.00000,665031011126,0.00000
829,414,0,2.25670,0.00000,0.00000,0.02030,0,-1.00000,665031029475,0.00000
830,415,0,0.34050,1.02780,0.12530,0.01960,1280000,-1.00000,665031033219,0.00000
831,415,0,1.56040,0.00000,0.00000,0.02130,0,-1.00000,665031049689,0.00000
832,416,0,0.58530,1.05650,0.13520,0.01870,1280000,-1.00000,665031053374,0.00000
833,416,0,1.59390,0.00000,0.00000,0.01900,0,-1.00000,665031075942,0.00000
834,417,0,0.84380,1.02000,0.11050,0.02290,1280000,-1.00000,665031079347,0.00000
835,417,0,1.55390,0.00000,0.00000,0.03130,0,-1.00000,665031094953,0.00000
836,418,0,0.32670,1.01840,0.10500,0.01950,1280000,-1.00000,665031100805,0.00000
837,418,0,1.73860,0.00000,0.00000,0.01750,0,-1.00000,665031116735,0.00000
838,419,0,2.35111,1.05540,0.09460,0.02260,1280000,-1.00000,665031125186,0.00000
839,419,0,1.54279,0.00000,0.00000,0.01760,0,-1.00000,665031140721,0.00000
840,420,0,0.30440,1.07900,0.10820,0.02340,1280000,-1.00000,665031143988,0.00000
841,420,0,1.65201,0.00000,0.00000,0.01900,0,-1.00000,665031161374,0.00000
842,421,0,0.31890,1.04760,0.10810,0.01730,1280000,-1.00000,665031184885,0.00000
843,421,0,1.53150,0.00000,0.00000,0.01650,0,-1.00000,665031200317,0.00000
844,422,0,0.31040,1.67330,0.11470,0.01700,1280000,-1.00000,665031203355,0.00000
845,422,0,2.16640,0.00000,0.00000,0.01740,0,-1.00000,665031219878,0.00000
846,423,0,0.29700,1.66640,0.11340,0.01890,1280000,-1.00000,665031223063,0.00000
847,423,0,2.15390,0.00000,0.00000,0.01620,0,-1.00000,665031238380,0.00000
848,424,0,0.30200,1.67210,0.10280,0.01720,1280000,-1.00000,665031241482,0.00000
849,424,0,3.11480,0.00000,0.00000,0.02250,0,-1.00000,665031263147,0.00000
850,425,0,0.48160,1.01020,0.12400,0.02370,1280000,-1.00000,665031266116,0.00000
851,425,0,1.70641,0.00000,0.00000,0.01800,0,-1.00000,665031287656,0.00000
852,426,0,0.44610,1.01490,0.09650,0.02410,1280000,-1.00000,665031290674,0.00000
853,426,0,1.74740,0.00000,0.00000,0.02150,0,-1.00000,665031321851,0.00000
854,427,0,0.42920,1.05780,0.10440,0.02310,1280000,-1.00000,665031326683,0.00000
855,427,0,1.77460,0.00000,0.00000,0.02070,0,-1.00000,665031343717,0.00000
856,428,0,0.43790,1.05420,0.10000,0.02200,1280000,-1.00000,665031348174,0.00000
857,428,0,1.76830,0.00000,0.00000,0.02000,0,-1.00000,665031365638,0.00000
858,429,0,0.44700,1.01090,0.09490,0.01980,1280000,-1.00000,665031369933,0.00000
859,429,0,2.25120,0.00000,0.00000,0.01520,0,-1.00000,665031387680,0.00000
860,430,0,1.24690,1.08690,0.11440,0.02210,1280000,-1.00000,665031392063,0.00000
861,430,0,1.75440,0.00000,0.00000,0.02050,0,-1.00000,665031409741,0.00000
862,431,0,0.57420,1.10750,0.16340,0.02080,1280000,-1.00000,665031414208,0.00000
863,431,0,1.82130,0.00000,0.00000,0.01670,0,-1.00000,665031436725,0.00000
864,432,0,0.40600,1.05170,0.09740,0.02940,1280000,-1.00000,665031449202,0.00000
865,432,0,1.89550,0.00000,0.00000,0.02160,0,-1.00000,665031466735,0.00000
866,433,0,0.70210,1.01280,0.13000,0.02170,1280000,-1.00000,665031472471,0.00000
867,433,0,1.71280,0.00000,0.00000,0.01720,0,-1.00000,665031490684,0.00000
868,434,0,0.66900,1.06300,0.12940,0.02240,1280000,-1.00000,665031494754,0.00000
869,434,0,1.76040,0.00000,0.00000,0.01790,0,-1.00000,665031513711,0.00000
870,435,0,0.65770,1.03000,0.10940,0.02220,1280000,-1.00000,665031520729,0.00000
871,435,0,1.71250,0.00000,0.00000,0.01710,0,-1.00000,665031537850,0.00000
872,436,0,0.74520,1.67720,0.11300,0.02130,1280000,-1.00000,665031544540,0.00000
873,436,0,2.36820,0.00000,0.00000,0.01700,0,-1.00000,665031562142,0.00000
874,437,0,0.44740,1.15170,0.13850,0.02210,1280000,-1.00000,665031568729,0.00000
875,437,0,1.89140,0.00000,0.00000,0.02170,0,-1.00000,665031585840,0.00000
876,438,0,0.47690,1.12610,0.12790,0.02230,1280000,-1.00000,665031593303,0.00000
877,438,0,1.85111,0.00000,0.00000,0.02030,0,-1.00000,665031616983,0.00000
878,439,0,1.88700,1.05260,0.09940,0.02190,1280000,-1.00000,665031621462,0.00000
879,439,0,1.82300,0.00000,0.00000,0.01950,0,-1.00000,665031640378,0.00000
880,440,0,0.42550,1.02740,0.17760,0.01790,1280000,-1.00000,665031645147,0.00000
881,440,0,1.75010,0.00000,0.00000,0.01730,0,-1.00000,665031663661,0.00000
882,441,0,0.40630,1.20970,0.11660,0.01970,1280000,-1.00000,665031682528,0.00000
883,441,0,1.86640,0.00000,0.00000,0.01710,0,-1.00000,665031700755,0.00000
884,442,0,0.41600,1.08870,0.11120,0.01950,1280000,-1.00000,665031705003,0.00000
885,442,0,1.73950,0.00000,0.00000,0.01670,0,-1.00000,665031722508,0.00000
886,443,0,0.56190,1.00920,0.10620,0.02050,1280000,-1.00000,665031726571,0.00000
887,443,0,1.68350,0.00000,0.00000,0.01690,0,-1.00000,665031745235,0.00000
888,444,0,1.97520,1.68010,0.11880,0.02100,1280000,-1.00000,665031749389,0.00000
889,444,0,2.28260,0.00000,0.00000,0.01790,0,-1.00000,665031766789,0.00000
890,445,0,0.44410,1.02690,0.10830,0.02250,1280000,-1.00000,665031772403,0.00000
891,445,0,1.64990,0.00000,0.00000,0.01820,0,-1.00000,665031789244,0.00000
892,446,0,0.44990,1.00460,0.10700,0.02100,1280000,-1.00000,665031809003,0.00000
893,446,0,1.67690,0.00000,0.00000,0.02130,0,-1.00000,665031831824,0.00000
894,447,0,0.63540,1.66670,0.11350,0.02620,1280000,-1.00000,665031836261,0.00000
895,447,0,2.35570,0.00000,0.00000,0.02000,0,-1.00000,665031852761,0.00000
896,448,0,0.41400,1.63270,0.11230,0.02120,1280000,-1.00000,665031857259,0.00000
897,448,0,2.30370,0.00000,0.00000,0.01840,0,-1.00000,665031874033,0.00000
898,449,0,0.44490,1.00450,0.10720,0.01730,1280000,-1.00000,665031880381,0.00000
899,449,0,1.63940,0.00000,0.00000,0.01540,0,-1.00000,665031903936,0.00000
900,450,0,0.43230,1.01540,0.10480,0.02290,1280000,-1.00000,665031908074,0.00000
901,450,0,1.70900,0.00000,0.00000,0.01830,0,-1.00000,665031931111,0.00000
902,451,0,0.42860,1.02100,0.11930,0.02160,1280000,-1.00000,665031935558,0.00000
903,451,0,1.66760,0.00000,0.00000,0.01570,0,-1.00000,665031951956,0.00000
904,452,0,0.59530,1.14550,0.11790,0.02940,1280000,-1.00000,665031956290,0.00000
905,452,0,1.96870,0.00000,0.00000,0.02420,0,-1.00000,665031973366,0.00000
906,453,0,0.53600,1.19530,0.10010,0.03720,1280000,-1.00000,665031977662,0.00000
907,453,0,2.00190,0.00000,0.00000,0.02090,0,-1.00000,665031994330,0.00000
908,454,0,0.48010,1.07760,0.10530,0.02490,1280000,-1.00000,665032000281,0.00000
909,454,0,1.80090,0.00000,0.00000,0.02310,0,-1.00000,665032020000,0.00000
910,455,0,0.49600,1.21160,0.11040,0.02420,1280000,-1.00000,665032025348,0.00000
911,455,0,1.96990,0.00000,0.00000,0.01960,0,-1.00000,665032045368,0.00000
912,456,0,0.45650,1.02640,0.09460,0.02250,1280000,-1.00000,665032050152,0.00000
913,456,0,1.69910,0.00000,0.00000,0.01650,0,-1.00000,665032068177,0.00000
914,457,0,0.42790,1.00930,0.08840,0.02550,1280000,-1.00000,665032073123,0.00000
915,457,0,1.73260,0.00000,0.00000,0.01720,0,-1.00000,665032092957,0.00000
916,458,0,0.43950,1.01070,0.10260,0.02070,1280000,-1.00000,665032097391,0.00000
917,458,0,1.67590,0.00000,0.00000,0.07840,0,-1.00000,665032114373,0.00000
918,459,0,0.52320,1.35040,0.17330,0.02830,1280000,-1.00000,665032118664,0.00000
919,459,0,2.22760,0.00000,0.00000,0.02330,0,-1.00000,665032135981,0.00000
920,460,0,0.75120,1.06280,0.11500,0.03290,1280000,-1.00000,665032140373,0.00000
921,460,0,1.91210,0.00000,0.00000,0.01920,0,-1.00000,665032157139,0.00000
922,461,0,0.50700,1.02460,0.11260,0.02210,1280000,-1.00000,665032162377,0.00000
923,461,0,1.73990,0.00000,0.00000,0.01920,0,-1.00000,665032184665,0.00000
924,462,0,0.61730,1.06540,0.09320,0.02050,1280000,-1.00000,665032192158,0.00000
925,462,0,1.75770,0.00000,0.00000,0.01730,0,-1.00000,665032211290,0.00000
926,463,0,0.72020,1.02660,0.09860,0.02160,1280000,-1.00000,665032216347,0.00000
927,463,0,1.78210,0.00000,0.00000,0.01800,0,-1.00000,665032233747,0.00000
928,464,0,0.51950,1.04000,0.10090,0.07030,1280000,-1.00000,665032239919,0.00000
929,464,0,1.79230,0.00000,0.00000,0.01810,0,-1.00000,665032257501,0.00000
930,465,0,0.66860,1.02320,0.11020,0.02410,1280000,-1.00000,665032264714,0.00000
931,465,0,1.78750,0.00000,0.00000,0.02110,0,-1.00000,665032282515,0.00000
932,466,0,0.54540,1.04780,0.10110,0.02470,1280000,-1.00000,665032287718,0.00000
933,466,0,1.78390,0.00000,0.00000,0.01770,0,-1.00000,665032305641,0.00000
934,467,0,0.40490,1.00780,0.10180,0.01970,1280000,-1.00000,665032312334,0.00000
935,467,0,2.68540,0.00000,0.00000,0.01720,0,-1.00000,665032330205,0.00000
936,468,0,0.42380,1.00810,0.09280,0.02020,1280000,-1.00000,665032335656,0.00000
937,468,0,1.62360,0.00000,0.00000,0.01620,0,-1.00000,665032353483,0.00000
938,469,0,0.39720,1.00180,0.09820,0.01840,1280000,-1.00000,665032357541,0.00000
939,469,0,1.68830,0.00000,0.00000,0.01730,0,-1.00000,665032384397,0.00000
940,470,0,0.43830,1.05700,0.10550,0.02490,1280000,-1.00000,665032388633,0.00000
941,470,0,1.72680,0.00000,0.00000,0.02070,0,-1.00000,665032404866,0.00000
942,471,0,0.40130,1.04530,0.15060,0.02190,1280000,-1.00000,665032408838,0.00000
943,471,0,1.71280,0.00000,0.00000,0.01910,0,-1.00000,665032425727,0.00000
944,472,0,0.42740,1.00080,0.11100,0.02260,1280000,-1.00000,665032430108,0.00000
945,472,0,1.65840,0.00000,0.00000,0.01820,0,-1.00000,665032447376,0.00000
946,473,0,0.45350,1.04920,0.09360,0.02140,1280000,-1.00000,665032451383,0.00000
947,473,0,1.68500,0.00000,0.00000,0.01750,0,-1.00000,665032468513,0.00000
948,474,0,0.40910,1.00670,0.11220,0.01880,1280000,-1.00000,665032472791,0.00000
949,474,0,1.64010,0.00000,0.00000,0.01660,0,-1.00000,665032489368,0.00000
950,475,0,0.84510,1.05790,0.09210,0.02110,1280000,-1.00000,665032493915,0.00000
951,475,0,1.71550,0.00000,0.00000,0.02070,0,-1.00000,665032510759,0.00000
952,476,0,0.63310,1.66920,0.11040,0.01780,1280000,-1.00000,665032514858,0.00000
953,476,0,2.31070,0.00000,0.00000,0.01920,0,-1.00000,665032531251,0.00000
954,477,0,0.41810,1.01070,0.10380,0.02270,1280000,-1.00000,665032539709,0.00000
955,477,0,1.69180,0.00000,0.00000,0.01870,0,-1.00000,665032556863,0.00000
956,478,0,0.39310,1.67040,0.13630,0.02330,1280000,-1.00000,665032563410,0.00000
957,478,0,2.33820,0.00000,0.00000,0.01750,0,-1.00000,665032586286,0.00000
958,479,0,0.40250,1.04410,0.10340,0.02010,1280000,-1.00000,665032590479,0.00000
959,479,0,1.66070,0.00000,0.00000,0.01770,0,-1.00000,665032607400,0.00000
960,480,0,0.39619,1.01610,0.19110,0.02470,1280000,-1.00000,665032611330,0.00000
961,480,0,1.83470,0.00000,0.00000,0.02000,0,-1.00000,665032634711,0.00000
962,481,0,1.23200,1.01350,0.10290,0.02580,1280000,-1.00000,665032638736,0.00000
963,481,0,1.64870,0.00000,0.00000,0.02150,0,-1.00000,665032655344,0.00000
964,482,0,0.42820,1.01980,0.09400,0.02380,1280000,-1.00000,665032659300,0.00000
965,482,0,1.66680,0.00000,0.00000,0.01950,0,-1.00000,665032677657,0.00000
966,483,0,0.44370,1.01470,0.10620,0.01880,1280000,-1.00000,665032689969,0.00000
967,483,0,1.58590,0.00000,0.00000,0.01540,0,-1.00000,665032706465,0.00000
968,484,0,0.38410,1.66640,0.10970,0.01840,1280000,-1.00000,665032710740,0.00000
969,484,0,2.28170,0.00000,0.00000,0.02230,0,-1.00000,665032727413,0.00000
970,485,0,0.57200,1.09770,0.10510,0.02090,1280000,-1.00000,665032731844,0.00000
971,485,0,1.79259,0.00000,0.00000,0.02110,0,-1.00000,665032747701,0.00000
972,486,0,0.47820,1.05570,0.12160,0.02740,1280000,-1.00000,665032751545,0.00000
973,486,0,1.75290,0.00000,0.00000,0.01820,0,-1.00000,665032774361,0.00000
974,487,0,0.61930,1.03220,0.12400,0.02270,1280000,-1.00000,665032780087,0.00000
975,487,0,1.77910,0.00000,0.00000,0.02210,0,-1.00000,665032798010,0.00000
976,488,0,0.45960,1.02950,0.10240,0.02490,1280000,-1.00000,665032802799,0.00000
977,488,0,1.70180,0.00000,0.00000,0.02770,0,-1.00000,665032820326,0.00000
978,489,0,0.88320,1.07070,0.09860,0.01750,1280000,-1.00000,665032826513,0.00000
979,489,0,1.67950,0.00000,0.00000,0.01700,0,-1.00000,665032844307,0.00000
980,490,0,0.67030,1.69840,0.12470,0.01950,1280000,-1.00000,665032848897,0.00000
981,490,0,2.37040,0.00000,0.00000,0.01760,0,-1.00000,665032865928,0.00000
982,491,0,0.40170,1.02140,0.10390,0.02070,1280000,-1.00000,665032874746,0.00000
983,491,0,1.65590,0.00000,0.00000,0.02080,0,-1.00000,665032891540,0.00000
984,492,0,0.45330,1.05240,0.11090,0.02110,1280000,-1.00000,665032898252,0.00000
985,492,0,1.67090,0.00000,0.00000,0.01630,0,-1.00000,665032921951,0.00000
986,493,0,0.39330,1.01170,0.13230,0.02220,1280000,-1.00000,665032925969,0.00000
987,493,0,1.80750,0.00000,0.00000,0.01580,0,-1.00000,665032942522,0.00000
988,494,0,0.47440,1.68110,0.10470,0.02510,1280000,-1.00000,665032947064,0.00000
989,494,0,2.35000,0.00000,0.00000,0.01690,0,-1.00000,665032963767,0.00000
990,495,0,0.42510,1.03630,0.11630,0.02070,1280000,-1.00000,665032967696,0.00000
991,495,0,1.65940,0.00000,0.00000,0.01760,0,-1.00000,665032985776,0.00000
992,496,0,0.72400,1.02500,0.10260,0.01780,1280000,-1.00000,665032990521,0.00000
993,496,0,1.67490,0.00000,0.00000,0.01670,0,-1.00000,665033014012,0.00000
994,497,0,0.68130,1.67500,0.10350,0.01760,1280000,-1.00000,665033018276,0.00000
995,497,0,2.29640,0.00000,0.00000,0.01780,0,-1.00000,665033034865,0.00000
996,498,0,0.50490,1.08630,0.10450,0.02630,1280000,-1.00000,665033042108,0.00000
997,498,0,1.98670,0.00000,0.00000,0.01700,0,-1.00000,665033058852,0.00000
998,499,0,0.39210,1.03660,0.09720,0.02100,1280000,-1.00000,665033065669,0.00000
999,499,0,1.68200,0.00000,0.00000,0.01750,0,-1.00000,665033088644,0.00000
1000,500,0,0.45830,1.04000,0.11120,0.02160,1280000,-1.00000,665033093682,0.00000
1001,500,0,1.66840,0.00000,0.00000,0.01750,0,-1.00000,665033113546,0.00000
1002,501,0,0.57370,1.06990,0.10040,0.02340,1280000,-1.00000,665033117470,0.00000
1003,501,0,1.73050,0.00000,0.00000,0.01850,0,-1.00000,665033134289,0.00000
1004,502,0,0.39800,1.06040,0.10880,0.02320,1280000,-1.00000,665033138871,0.00000
1005,502,0,1.70320,0.00000,0.00000,0.02080,0,-1.00000,665033155552,0.00000
1006,503,0,1.01390,1.03330,0.10030,0.02190,1280000,-1.00000,665033161291,0.00000
1007,503,0,1.68570,0.00000,0.00000,0.01630,0,-1.00000,665033178596,0.00000
1008,504,0,0.64470,1.07020,0.11030,0.01870,1280000,-1.00000,665033182575,0.00000
1009,504,0,1.75720,0.00000,0.00000,0.02140,0,-1.00000,665033199610,0.00000
1010,505,0,0.43620,1.06910,0.10240,0.02130,1280000,-1.00000,665033209763,0.00000
1011,505,0,1.73750,0.00000,0.00000,0.01810,0,-1.00000,665033226603,0.00000
1012,506,0,2.12310,1.64920,0.10160,0.02170,1280000,-1.00000,665033233049,0.00000
1013,506,0,2.29030,0.00000,0.00000,0.01740,0,-1.00000,665033250621,0.00000
1014,507,0,0.41630,1.64760,0.13490,0.02290,1280000,-1.00000,665033254985,0.00000
1015,507,0,2.30570,0.00000,0.00000,0.02310,0,-1.00000,665033272359,0.00000
1016,508,0,0.41290,1.03500,0.10930,0.02370,1280000,-1.00000,665033293595,0.00000
1017,508,0,1.72780,0.00000,0.00000,0.02170,0,-1.00000,665033316497,0.00000
1018,509,0,0.44690,1.03080,0.10010,0.01940,1280000,-1.00000,665033320654,0.00000
1019,509,0,1.64000,0.00000,0.00000,0.02040,0,-1.00000,665033343727,0.00000
1020,510,0,0.47740,1.07270,0.11240,0.02200,1280000,-1.00000,665033347848,0.00000
1021,510,0,1.75550,0.00000,0.00000,0.01820,0,-1.00000,665033365125,0.00000
1022,511,0,0.41091,1.08680,0.11260,0.01840,1280000,-1.00000,665033369590,0.00000
1023,511,0,1.73289,0.00000,0.00000,0.01980,0,-1.00000,665033385995,0.00000
1024,512,0,0.42380,1.03990,0.10770,0.01840,1280000,-1.00000,665033390767,0.00000
1025,512,0,1.66000,0.00000,0.00000,0.01810,0,-1.00000,665033408325,0.00000
1026,513,0,0.42611,1.19620,0.15670,0.02210,1280000,-1.00000,665033412428,0.00000
1027,513,0,1.93270,0.00000,0.00000,0.02180,0,-1.00000,665033429755,0.00000
1028,514,0,0.43190,1.71100,0.11290,0.02020,1280000,-1.00000,665033433998,0.00000
1029,514,0,2.33270,0.00000,0.00000,0.01790,0,-1.00000,665033450593,0.00000
1030,515,0,0.40470,1.04160,0.11400,0.01960,1280000,-1.00000,665033454863,0.00000
1031,515,0,1.65460,0.00000,0.00000,0.01770,0,-1.00000,665033474184,0.00000
1032,516,0,0.93860,1.54230,0.12460,0.02060,1280000,-1.00000,665033478501,0.00000
1033,516,0,2.18400,0.00000,0.00000,0.01810,0,-1.00000,665033501829,0.00000
1034,517,0,0.40600,1.65180,0.10510,0.02200,1280000,-1.00000,665033505874,0.00000
1035,517,0,2.28270,0.00000,0.00000,0.02150,0,-1.00000,665033522423,0.00000
1036,518,0,0.42260,1.66030,0.13600,0.02020,1280000,-1.00000,665033531815,0.00000
1037,518,0,2.34840,0.00000,0.00000,0.01850,0,-1.00000,665033553649,0.00000
1038,519,0,0.41950,1.09060,0.10830,0.02110,1280000,-1.00000,665033557704,0.00000
1039,519,0,1.72680,0.00000,0.00000,0.01810,0,-1.00000,665033580543,0.00000
1040,520,0,0.42650,1.05910,0.13220,0.02240,1280000,-1.00000,665033584762,0.00000
1041,520,0,1.74420,0.00000,0.00000,0.02220,0,-1.00000,665033608248,0.00000
1042,521,0,0.48830,1.04210,0.09860,0.01960,1280000,-1.00000,665033612439,0.00000
1043,521,0,1.74590,0.00000,0.00000,0.01920,0,-1.00000,665033629708,0.00000
1044,522,0,0.42290,1.65780,0.12360,0.02510,1280000,-1.00000,665033633974,0.00000
1045,522,0,2.31420,0.00000,0.00000,0.01960,0,-1.00000,665033651429,0.00000
1046,523,0,2.23470,1.10080,0.09940,0.02280,1280000,-1.00000,665033656303,0.00000
1047,523,0,1.73850,0.00000,0.00000,0.01830,0,-1.00000,665033673765,0.00000
1048,524,0,0.40200,1.05320,0.11540,0.02450,1280000,-1.00000,665033677984,0.00000
1049,524,0,1.73720,0.00000,0.00000,0.01720,0,-1.00000,665033701133,0.00000
1050,525,0,0.41060,1.09630,0.10460,0.02280,1280000,-1.00000,665033723488,0.00000
1051,525,0,1.72990,0.00000,0.00000,0.01610,0,-1.00000,665033740863,0.00000
1052,526,0,0.42730,1.18050,0.12130,0.02040,1280000,-1.00000,665033744880,0.00000
1053,526,0,1.79180,0.00000,0.00000,0.01550,0,-1.00000,665033762253,0.00000
1054,527,0,0.39560,1.04390,0.10030,0.02410,1280000,-1.00000,665033766355,0.00000
1055,527,0,1.65140,0.00000,0.00000,0.01740,0,-1.00000,665033783655,0.00000
1056,528,0,0.39820,1.09540,0.11660,0.02330,1280000,-1.00000,665033787926,0.00000
1057,528,0,1.74581,0.00000,0.00000,0.01760,0,-1.00000,665033805837,0.00000
1058,529,0,0.42340,1.08140,0.11150,0.02000,1280000,-1.00000,665033809794,0.00000
1059,529,0,1.69690,0.00000,0.00000,0.01720,0,-1.00000,665033826320,0.00000
1060,530,0,0.94620,1.04410,0.11640,0.01980,1280000,-1.00000,665033830295,0.00000
1061,530,0,1.71210,0.00000,0.00000,0.01810,0,-1.00000,665033847755,0.00000
1062,531,0,1.92299,1.69200,0.10850,0.02080,1280000,-1.00000,665033851990,0.00000
1063,531,0,2.28110,0.00000,0.00000,0.01680,0,-1.00000,665033868961,0.00000
1064,532,0,0.42660,1.04260,0.10250,0.02150,1280000,-1.00000,665033878435,0.00000
1065,532,0,1.66040,0.00000,0.00000,0.02280,0,-1.00000,665033895549,0.00000
1066,533,0,0.43510,1.68860,0.10750,0.01850,1280000,-1.00000,665033914780,0.00000
1067,533,0,2.27920,0.00000,0.00000,0.02100,0,-1.00000,665033937582,0.00000
1068,534,0,0.41370,1.62600,0.12510,0.02210,1280000,-1.00000,665033941848,0.00000
1069,534,0,2.32950,0.00000,0.00000,0.02230,0,-1.00000,665033958454,0.00000
1070,535,0,0.46580,1.23610,0.11460,0.02700,1280000,-1.00000,665033962802,0.00000
1071,535,0,1.87550,0.00000,0.00000,0.02160,0,-1.00000,665033985595,0.00000
1072,536,0,0.40050,1.07820,0.13240,0.01960,1280000,-1.00000,665033989736,0.00000
1073,536,0,1.73290,0.00000,0.00000,0.01780,0,-1.00000,665034013039,0.00000
1074,537,0,0.44370,1.09190,0.10570,0.02100,1280000,-1.00000,665034017697,0.00000
1075,537,0,1.67140,0.00000,0.00000,0.02260,0,-1.00000,665034036446,0.00000
1076,538,0,0.41849,1.70060,0.09770,0.01970,1280000,-1.00000,665034040448,0.00000
1077,538,0,2.30160,0.00000,0.00000,0.01620,0,-1.00000,665034057776,0.00000
1078,539,0,0.38050,1.04750,0.09420,0.01990,1280000,-1.00000,665034062213,0.00000
1079,539,0,1.65270,0.00000,0.00000,0.01750,0,-1.00000,665034078938,0.00000
1080,540,0,0.42190,1.08990,0.10000,0.01680,1280000,-1.00000,665034083114,0.00000
1081,540,0,1.72040,0.00000,0.00000,0.01920,0,-1.00000,665034106129,0.00000
1082,541,0,0.40760,1.67380,0.17500,0.01910,1280000,-1.00000,665034109928,0.00000
1083,541,0,2.35160,0.00000,0.00000,0.01610,0,-1.00000,665034126462,0.00000
1084,542,0,0.37100,1.06820,0.11320,0.02100,1280000,-1.00000,665034130687,0.00000
1085,542,0,1.67630,0.00000,0.00000,0.02060,0,-1.00000,665034147879,0.00000
1086,543,0,0.47590,1.69670,0.10010,0.02110,1280000,-1.00000,665034151965,0.00000
1087,543,0,2.27810,0.00000,0.00000,0.01730,0,-1.00000,665034175475,0.00000
1088,544,0,0.40130,1.14540,0.12470,0.02180,1280000,-1.00000,665034179191,0.00000
1089,544,0,1.79550,0.00000,0.00000,0.01850,0,-1.00000,665034195943,0.00000
1090,545,0,0.39460,1.09210,0.10140,0.01990,1280000,-1.00000,665034200711,0.00000
1091,545,0,1.66650,0.00000,0.00000,0.01760,0,-1.00000,665034223493,0.00000
1092,546,0,0.38370,1.09350,0.11470,0.01870,1280000,-1.00000,665034227500,0.00000
1093,546,0,1.65810,0.00000,0.00000,0.01600,0,-1.00000,665034245461,0.00000
1094,547,0,0.35340,1.05750,0.11400,0.02220,1280000,-1.00000,665034249403,0.00000
1095,547,0,1.71340,0.00000,0.00000,0.02030,0,-1.00000,665034266113,0.00000
1096,548,0,0.47240,1.48650,0.12130,0.02770,1280000,-1.00000,665034269910,0.00000
1097,548,0,2.21180,0.00000,0.00000,0.02300,0,-1.00000,665034286485,0.00000
1098,549,0,0.44300,1.06070,0.10190,0.02280,1280000,-1.00000,665034290011,0.00000
1099,549,0,1.67670,0.00000,0.00000,0.01850,0,-1.00000,665034307151,0.00000
1100,550,0,0.58600,1.10090,0.09330,0.02010,1280000,-1.00000,665034311873,0.00000
1101,550,0,1.69809,0.00000,0.00000,0.01950,0,-1.00000,665034334013,0.00000
1102,551,0,2.75420,1.09980,0.10190,0.02020,1280000,-1.00000,665034338420,0.00000
1103,551,0,1.68910,0.00000,0.00000,0.02010,0,-1.00000,665034355197,0.00000
1104,552,0,0.47930,1.10290,0.10990,0.02010,1280000,-1.00000,665034361044,0.00000
1105,552,0,1.75850,0.00000,0.00000,0.01950,0,-1.00000,665034378030,0.00000
1106,553,0,0.43570,1.06780,0.13000,0.01920,1280000,-1.00000,665034405585,0.00000
1107,553,0,1.69580,0.00000,0.00000,0.01830,0,-1.00000,665034422469,0.00000
1108,554,0,0.41800,1.07200,0.10860,0.02110,1280000,-1.00000,665034427260,0.00000
1109,554,0,1.65420,0.00000,0.00000,0.01870,0,-1.00000,665034444836,0.00000
1110,555,0,0.45000,1.06700,0.10530,0.01870,1280000,-1.00000,665034449198,0.00000
1111,555,0,1.69590,0.00000,0.00000,0.02030,0,-1.00000,665034466160,0.00000
1112,556,0,0.41070,1.11220,0.10070,0.02050,1280000,-1.00000,665034470334,0.00000
1113,556,0,1.72980,0.00000,0.00000,0.01730,0,-1.00000,665034486886,0.00000
1114,557,0,0.42120,1.70200,0.11180,0.02300,1280000,-1.00000,665034491380,0.00000
1115,557,0,2.33110,0.00000,0.00000,0.01820,0,-1.00000,665034508343,0.00000
1116,558,0,0.35270,1.10840,0.11000,0.01860,1280000,-1.00000,665034512453,0.00000
1117,558,0,1.69740,0.00000,0.00000,0.01760,0,-1.00000,665034529745,0.00000
1118,559,0,0.72040,1.12070,0.11510,0.02210,1280000,-1.00000,665034533958,0.00000
1119,559,0,1.73470,0.00000,0.00000,0.01740,0,-1.00000,665034557272,0.00000
1120,560,0,0.47560,1.10980,0.10570,0.01770,1280000,-1.00000,665034560790,0.00000
1121,560,0,1.69320,0.00000,0.00000,0.01860,0,-1.00000,665034577771,0.00000
1122,561,0,0.40069,1.17340,0.11500,0.02070,1280000,-1.00000,665034584982,0.00000
1123,561,0,1.74720,0.00000,0.00000,0.01730,0,-1.00000,665034602328,0.00000
1124,562,0,0.40060,1.11630,0.09990,0.01880,1280000,-1.00000,665034607071,0.00000
1125,562,0,1.71730,0.00000,0.00000,0.01840,0,-1.00000,665034623998,0.00000
1126,563,0,0.50960,1.08290,0.11310,0.02490,1280000,-1.00000,665034628015,0.00000
1127,563,0,1.80160,0.00000,0.00000,0.02200,0,-1.00000,665034645489,0.00000
1128,564,0,1.51010,1.12480,0.10460,0.02000,1280000,-1.00000,665034649489,0.00000
1129,564,0,1.71460,0.00000,0.00000,0.01630,0,-1.00000,665034666664,0.00000
1130,565,0,0.67360,1.26490,0.09780,0.02340,1280000,-1.00000,665034671761,0.00000
1131,565,0,1.89650,0.00000,0.00000,0.01890,0,-1.00000,665034689794,0.00000
1132,566,0,0.49690,1.12340,0.10730,0.02080,1280000,-1.00000,665034704880,0.00000
1133,566,0,1.66200,0.00000,0.00000,0.01730,0,-1.00000,665034722027,0.00000
1134,567,0,0.32690,1.11730,0.09090,0.01670,1280000,-1.00000,665034728754,0.00000
1135,567,0,1.64380,0.00000,0.00000,0.01930,0,-1.00000,665034747729,0.00000
1136,568,0,0.45050,1.21790,0.10120,0.02320,1280000,-1.00000,665034752696,0.00000
1137,568,0,1.80570,0.00000,0.00000,0.01890,0,-1.00000,665034769319,0.00000
1138,569,0,0.36790,1.68280,0.10940,0.01750,1280000,-1.00000,665034772578,0.00000
1139,569,0,2.27430,0.00000,0.00000,0.01770,0,-1.00000,665034789013,0.00000
1140,570,0,0.33671,1.72770,0.11810,0.01980,1280000,-1.00000,665034793528,0.00000
1141,570,0,2.29910,0.00000,0.00000,0.01730,0,-1.00000,665034811591,0.00000
1142,571,0,0.39420,1.18940,0.15930,0.02240,1280000,-1.00000,665034815261,0.00000
1143,571,0,1.84260,0.00000,0.00000,0.01740,0,-1.00000,665034838009,0.00000
1144,572,0,2.21280,1.73480,0.12370,0.02040,1280000,-1.00000,665034841370,0.00000
1145,572,0,2.28470,0.00000,0.00000,0.01540,0,-1.00000,665034864366,0.00000
1146,573,0,0.38680,1.13760,0.10170,0.01900,1280000,-1.00000,665034868303,0.00000
1147,573,0,1.73990,0.00000,0.00000,0.01690,0,-1.00000,665034886731,0.00000
1148,574,0,0.34760,1.09990,0.13180,0.01930,1280000,-1.00000,665034908859,0.00000
1149,574,0,1.71850,0.00000,0.00000,0.01800,0,-1.00000,665034931707,0.00000
1150,575,0,0.37200,1.23500,0.11640,0.02440,1280000,-1.00000,665034935580,0.00000
1151,575,0,1.93819,0.00000,0.00000,0.01880,0,-1.00000,665034952975,0.00000
1152,576,0,0.49060,1.15090,0.09480,0.02350,1280000,-1.00000,665034956446,0.00000
1153,576,0,1.71670,0.00000,0.00000,0.02230,0,-1.00000,665034973636,0.00000
1154,577,0,0.36971,1.73000,0.12950,0.02330,1280000,-1.00000,665034977369,0.00000
1155,577,0,2.32820,0.00000,0.00000,0.01750,0,-1.00000,665034996747,0.00000
1156,578,0,0.34550,1.15130,0.10490,0.01830,1280000,-1.00000,665035001649,0.00000
1157,578,0,1.66680,0.00000,0.00000,0.01550,0,-1.00000,665035018813,0.00000
1158,579,0,0.36300,1.15030,0.10320,0.01730,1280000,-1.00000,665035022507,0.00000
1159,579,0,1.65400,0.00000,0.00000,0.01570,0,-1.00000,665035045792,0.00000
1160,580,0,0.39230,1.80780,0.11020,0.02240,1280000,-1.00000,665035049241,0.00000
1161,580,0,2.35300,0.00000,0.00000,0.01610,0,-1.00000,665035065911,0.00000
1162,581,0,0.32070,1.70700,0.11690,0.01790,1280000,-1.00000,665035069538,0.00000
1163,581,0,2.30160,0.00000,0.00000,0.01970,0,-1.00000,665035086079,0.00000
1164,582,0,0.35779,1.11510,0.11500,0.02390,1280000,-1.00000,665035090018,0.00000
1165,582,0,1.63840,0.00000,0.00000,0.02020,0,-1.00000,665035113539,0.00000
1166,583,0,0.36220,1.71890,0.11530,0.01780,1280000,-1.00000,665035116737,0.00000
1167,583,0,2.28570,0.00000,0.00000,0.02130,0,-1.00000,665035139759,0.00000
1168,584,0,0.35360,1.78320,0.10980,0.02860,1280000,-1.00000,665035143340,0.00000
1169,584,0,2.31580,0.00000,0.00000,0.01740,0,-1.00000,665035159721,0.00000
1170,585,0,0.32760,1.73970,0.10940,0.01640,1280000,-1.00000,665035163339,0.00000
1171,585,0,2.29880,0.00000,0.00000,0.01690,0,-1.00000,665035186204,0.00000
1172,586,0,0.32611,1.20690,0.14060,0.02520,1280000,-1.00000,665035189734,0.00000
1173,586,0,1.82630,0.00000,0.00000,0.01860,0,-1.00000,665035212895,0.00000
1174,587,0,0.35660,1.18670,0.10300,0.02230,1280000,-1.00000,665035216165,0.00000
1175,587,0,1.77781,0.00000,0.00000,0.01950,0,-1.00000,665035239159,0.00000
1176,588,0,0.43530,1.61580,0.20340,0.01890,1280000,-1.00000,665035242415,0.00000
1177,588,0,2.26480,0.00000,0.00000,0.01630,0,-1.00000,665035260686,0.00000
1178,589,0,0.35080,1.76220,0.11510,0.01670,1280000,-1.00000,665035264243,0.00000
1179,589,0,2.27360,0.00000,0.00000,0.02240,0,-1.00000,665035282027,0.00000
1180,590,0,0.39010,1.18030,0.14160,0.02610,1280000,-1.00000,665035286380,0.00000
1181,590,0,1.84480,0.00000,0.00000,0.02250,0,-1.00000,665035309026,0.00000
1182,591,0,0.39930,1.82610,0.09530,0.01990,1280000,-1.00000,665035312532,0.00000
1183,591,0,2.44830,0.00000,0.00000,0.01950,0,-1.00000,665035335278,0.00000
1184,592,0,0.40450,1.33920,0.10320,0.02120,1280000,-1.00000,665035339177,0.00000
1185,592,0,1.93660,0.00000,0.00000,0.01860,0,-1.00000,665035357638,0.00000
1186,593,0,0.36410,1.14990,0.09990,0.01860,1280000,-1.00000,665035361619,0.00000
1187,593,0,1.66450,0.00000,0.00000,0.01600,0,-1.00000,665035386099,0.00000
1188,594,0,0.35451,1.15700,0.09930,0.01890,1280000,-1.00000,665035390147,0.00000
1189,594,0,1.73590,0.00000,0.00000,0.01760,0,-1.00000,665035409513,0.00000
1190,595,0,0.45990,1.34680,0.10990,0.02010,1280000,-1.00000,665035413144,0.00000
1191,595,0,1.96540,0.00000,0.00000,0.01880,0,-1.00000,665035429789,0.00000
1192,596,0,0.33900,1.15920,0.09740,0.01870,1280000,-1.00000,665035433336,0.00000
1193,596,0,1.70779,0.00000,0.00000,0.01660,0,-1.00000,665035450700,0.00000
1194,597,0,0.34170,1.36790,0.12570,0.01840,1280000,-1.00000,665035455295,0.00000
1195,597,0,1.92840,0.00000,0.00000,0.01720,0,-1.00000,665035474944,0.00000
1196,598,0,0.43590,1.76560,0.10870,0.02500,1280000,-1.00000,665035478342,0.00000
1197,598,0,2.34170,0.00000,0.00000,0.01810,0,-1.00000,665035495416,0.00000
1198,599,0,0.35330,1.81940,0.11240,0.01800,1280000,-1.00000,665035498837,0.00000
1199,599,0,2.43739,0.00000,0.00000,0.02180,0,-1.00000,665035518118,0.00000
1200,600,0,0.48190,1.17650,0.10340,0.02700,1280000,-1.00000,665035522476,0.00000
1201,600,0,1.75160,0.00000,0.00000,0.02080,0,-1.00000,665035545896,0.00000
1202,601,0,0.44160,1.23570,0.09590,0.02390,1280000,-1.00000,665035549427,0.00000
1203,601,0,1.82710,0.00000,0.00000,0.01950,0,-1.00000,665035573814,0.00000
1204,602,0,0.35290,1.16880,0.11580,0.02160,1280000,-1.00000,665035578625,0.00000
1205,602,0,1.76920,0.00000,0.00000,0.02320,0,-1.00000,665035596140,0.00000
1206,603,0,0.40040,1.17720,0.12280,0.02250,1280000,-1.00000,665035600555,0.00000
1207,603,0,1.81800,0.00000,0.00000,0.01990,0,-1.00000,665035618825,0.00000
1208,604,0,0.38330,1.17200,0.10660,0.02380,1280000,-1.00000,665035622357,0.00000
1209,604,0,1.80510,0.00000,0.00000,0.01830,0,-1.00000,665035640055,0.00000
1210,605,0,0.40240,1.17750,0.10880,0.02380,1280000,-1.00000,665035644053,0.00000
1211,605,0,1.74510,0.00000,0.00000,0.01790,0,-1.00000,665035662232,0.00000
1212,606,0,0.34979,1.17270,0.13150,0.02250,1280000,-1.00000,665035666069,0.00000
1213,606,0,1.77550,0.00000,0.00000,0.02180,0,-1.00000,665035684114,0.00000
1214,607,0,2.31520,1.22280,0.10600,0.03650,1280000,-1.00000,665035688144,0.00000
1215,607,0,1.94440,0.00000,0.00000,0.02000,0,-1.00000,665035705590,0.00000
1216,608,0,0.40680,1.22670,0.09960,0.01980,1280000,-1.00000,665035709082,0.00000
1217,608,0,1.79210,0.00000,0.00000,0.01610,0,-1.00000,665035726843,0.00000
1218,609,0,0.35651,1.21620,0.09940,0.01940,1280000,-1.00000,665035750008,0.00000
1219,609,0,1.78210,0.00000,0.00000,0.01610,0,-1.00000,665035769447,0.00000
1220,610,0,0.32590,1.93740,0.11420,0.01810,1280000,-1.00000,665035773504,0.00000
1221,610,0,2.52650,0.00000,0.00000,0.01570,0,-1.00000,665035791426,0.00000
1222,611,0,0.36410,1.21350,0.09830,0.01710,1280000,-1.00000,665035794985,0.00000
1223,611,0,1.72710,0.00000,0.00000,0.01610,0,-1.00000,665035812812,0.00000
1224,612,0,0.38030,1.43330,0.12320,0.02250,1280000,-1.00000,665035816075,0.00000
1225,612,0,1.98850,0.00000,0.00000,0.01630,0,-1.00000,665035841334,0.00000
1226,613,0,0.32470,1.59870,0.09540,0.02070,1280000,-1.00000,665035844971,0.00000
1227,613,0,2.13100,0.00000,0.00000,0.01570,0,-1.00000,665035862248,0.00000
1228,614,0,0.36850,1.25260,0.13820,0.02320,1280000,-1.00000,665035866049,0.00000
1229,614,0,1.91350,0.00000,0.00000,0.01790,0,-1.00000,665035885940,0.00000
1230,615,0,0.32230,1.23000,0.11080,0.02150,1280000,-1.00000,665035889181,0.00000
1231,615,0,1.81580,0.00000,0.00000,0.01730,0,-1.00000,665035910491,0.00000
1232,616,0,0.37530,1.17740,0.09920,0.01760,1280000,-1.00000,665035914178,0.00000
1233,616,0,1.69040,0.00000,0.00000,0.01540,0,-1.00000,665035933314,0.00000
1234,617,0,0.38130,1.23970,0.10750,0.01940,1280000,-1.00000,665035936532,0.00000
1235,617,0,1.80300,0.00000,0.00000,0.01800,0,-1.00000,665035954694,0.00000
1236,618,0,0.41400,1.74540,0.12670,0.02960,1280000,-1.00000,665035958443,0.00000
1237,618,0,2.37380,0.00000,0.00000,0.02100,0,-1.00000,665035975347,0.00000
1238,619,0,0.39970,1.40030,0.13260,0.01910,1280000,-1.00000,665035979166,0.00000
1239,619,0,1.99640,0.00000,0.00000,0.01820,0,-1.00000,665035997195,0.00000
1240,620,0,0.31480,1.83470,0.09700,0.01900,1280000,-1.00000,665036001333,0.00000
1241,620,0,2.37720,0.00000,0.00000,0.01610,0,-1.00000,665036025089,0.00000
1242,621,0,0.33870,1.21470,0.10180,0.01900,1280000,-1.00000,665036029069,0.00000
1243,621,0,2.07010,0.00000,0.00000,0.02040,0,-1.00000,665036049033,0.00000
1244,622,0,0.36811,1.74880,0.11150,0.01880,1280000,-1.00000,665036052177,0.00000
1245,622,0,2.28649,0.00000,0.00000,0.02170,0,-1.00000,665036075952,0.00000
1246,623,0,0.43851,1.16850,0.10590,0.01990,1280000,-1.00000,665036079336,0.00000
1247,623,0,1.68880,0.00000,0.00000,0.02100,0,-1.00000,665036100050,0.00000
1248,624,0,0.34440,1.75430,0.10390,0.01870,1280000,-1.00000,665036103720,0.00000
1249,624,0,2.29280,0.00000,0.00000,0.01630,0,-1.00000,665036126585,0.00000
1250,625,0,0.36610,1.19360,0.10000,0.02130,1280000,-1.00000,665036130969,0.00000
1251,625,0,1.79510,0.00000,0.00000,0.01750,0,-1.00000,665036147869,0.00000
1252,626,0,0.34280,1.25830,0.09780,0.01880,1280000,-1.00000,665036151301,0.00000
1253,626,0,1.77080,0.00000,0.00000,0.01550,0,-1.00000,665036174233,0.00000
1254,627,0,0.32410,1.24800,0.10190,0.01790,1280000,-1.00000,665036177895,0.00000
1255,627,0,1.79221,0.00000,0.00000,0.01640,0,-1.00000,665036195846,0.00000
1256,628,0,0.37270,1.21710,0.11150,0.01770,1280000,-1.00000,665036199271,0.00000
1257,628,0,1.77060,0.00000,0.00000,0.02150,0,-1.00000,665036216977,0.00000
1258,629,0,0.61530,1.20300,0.11480,0.01820,1280000,-1.00000,665036220216,0.00000
1259,629,0,1.80210,0.00000,0.00000,0.01890,0,-1.00000,665036238145,0.00000
1260,630,0,0.34100,1.79980,0.12050,0.02130,1280000,-1.00000,665036241872,0.00000
1261,630,0,2.35570,0.00000,0.00000,0.01910,0,-1.00000,665036259576,0.00000
1262,631,0,0.35250,1.18500,0.12040,0.02560,1280000,-1.00000,665036265733,0.00000
1263,631,0,1.75670,0.00000,0.00000,0.01780,0,-1.00000,665036283740,0.00000
1264,632,0,0.36170,1.17730,0.10200,0.01940,1280000,-1.00000,665036287163,0.00000
1265,632,0,1.74250,0.00000,0.00000,0.01680,0,-1.00000,665036310717,0.00000
1266,633,0,0.33420,1.79560,0.13290,0.02040,1280000,-1.00000,665036314250,0.00000
1267,633,0,2.44570,0.00000,0.00000,0.02050,0,-1.00000,665036331816,0.00000
1268,634,0,0.35000,1.17370,0.10350,0.02390,1280000,-1.00000,665036335421,0.00000
1269,634,0,1.70760,0.00000,0.00000,0.01870,0,-1.00000,665036352852,0.00000
1270,635,0,0.90990,1.84460,0.11000,0.02490,1280000,-1.00000,665036356188,0.00000
1271,635,0,2.42260,0.00000,0.00000,0.01870,0,-1.00000,665036380653,0.00000
1272,636,0,0.37130,1.24500,0.11180,0.02160,1280000,-1.00000,665036384153,0.00000
1273,636,0,1.80050,0.00000,0.00000,0.01580,0,-1.00000,665036401226,0.00000
1274,637,0,0.40390,1.17200,0.11070,0.02090,1280000,-1.00000,665036410330,0.00000
1275,637,0,1.71270,0.00000,0.00000,0.01830,0,-1.00000,665036434555,0.00000
1276,638,0,0.31981,1.18930,0.12710,0.02040,1280000,-1.00000,665036438260,0.00000
1277,638,0,1.79430,0.00000,0.00000,0.01710,0,-1.00000,665036456264,0.00000
1278,639,0,0.38170,1.78730,0.10940,0.02320,1280000,-1.00000,665036460308,0.00000
1279,639,0,2.33490,0.00000,0.00000,0.02210,0,-1.00000,665036477427,0.00000
1280,640,0,0.36130,1.75370,0.11770,0.02280,1280000,-1.00000,665036480630,0.00000
1281,640,0,2.34090,0.00000,0.00000,0.01870,0,-1.00000,665036498579,0.00000
1282,641,0,0.34340,1.17020,0.10610,0.02070,1280000,-1.00000,665036502395,0.00000
1283,641,0,1.68450,0.00000,0.00000,0.02010,0,-1.00000,665036525748,0.00000
1284,642,0,0.54270,1.79020,0.11360,0.02180,1280000,-1.00000,665036529353,0.00000
1285,642,0,2.35180,0.00000,0.00000,0.01810,0,-1.00000,665036552767,0.00000
1286,643,0,0.37500,1.54650,0.10710,0.02050,1280000,-1.00000,665036556200,0.00000
1287,643,0,2.09020,0.00000,0.00000,0.01650,0,-1.00000,665036573039,0.00000
1288,644,0,0.35590,1.17350,0.11820,0.02260,1280000,-1.00000,665036578471,0.00000
1289,644,0,1.71550,0.00000,0.00000,0.02020,0,-1.00000,665036601990,0.00000
1290,645,0,0.34650,1.16530,0.10320,0.02140,1280000,-1.00000,665036605740,0.00000
1291,645,0,1.71250,0.00000,0.00000,0.02010,0,-1.00000,665036626640,0.00000
1292,646,0,0.38840,1.17120,0.10990,0.02760,1280000,-1.00000,665036630193,0.00000
1293,646,0,1.81700,0.00000,0.00000,0.02380,0,-1.00000,665036647351,0.00000
1294,647,0,0.42740,1.34660,0.09210,0.02070,1280000,-1.00000,665036650812,0.00000
1295,647,0,1.87130,0.00000,0.00000,0.01720,0,-1.00000,665036667947,0.00000
1296,648,0,0.40920,1.79640,0.10890,0.02000,1280000,-1.00000,665036671832,0.00000
1297,648,0,2.36520,0.00000,0.00000,0.01700,0,-1.00000,665036690017,0.00000
1298,649,0,1.85430,1.79710,0.11520,0.02460,1280000,-1.00000,665036694278,0.00000
1299,649,0,2.38300,0.00000,0.00000,0.01920,0,-1.00000,665036712987,0.00000
1300,650,0,0.40370,1.59860,0.11230,0.02270,1280000,-1.00000,665036717072,0.00000
1301,650,0,2.16840,0.00000,0.00000,0.02020,0,-1.00000,665036740730,0.00000
1302,651,0,0.34970,1.16470,0.10730,0.02120,1280000,-1.00000,665036759269,0.00000
1303,651,0,1.79270,0.00000,0.00000,0.01810,0,-1.00000,665036783108,0.00000
1304,652,0,0.33070,1.80300,0.10790,0.02300,1280000,-1.00000,665036787140,0.00000
1305,652,0,2.39080,0.00000,0.00000,0.02040,0,-1.00000,665036808825,0.00000
1306,653,0,0.36451,1.20880,0.10700,0.01800,1280000,-1.00000,665036812317,0.00000
1307,653,0,1.72320,0.00000,0.00000,0.01670,0,-1.00000,665036830247,0.00000
1308,654,0,0.33650,1.20860,0.10280,0.01720,1280000,-1.00000,665036833557,0.00000
1309,654,0,1.85450,0.00000,0.00000,0.01810,0,-1.00000,665036857466,0.00000
1310,655,0,0.32299,1.19930,0.10040,0.01730,1280000,-1.00000,665036861105,0.00000
1311,655,0,1.68910,0.00000,0.00000,0.01640,0,-1.00000,665036878336,0.00000
1312,656,0,0.31310,1.78600,0.11920,0.02250,1280000,-1.00000,665036881699,0.00000
1313,656,0,2.34260,0.00000,0.00000,0.01770,0,-1.00000,665036900248,0.00000
1314,657,0,0.31500,1.21160,0.09500,0.01730,1280000,-1.00000,665036903473,0.00000
1315,657,0,1.72310,0.00000,0.00000,0.02040,0,-1.00000,665036920368,0.00000
1316,658,0,0.33940,1.75860,0.12760,0.03080,1280000,-1.00000,665036923500,0.00000
1317,658,0,2.37701,0.00000,0.00000,0.02320,0,-1.00000,665036946928,0.00000
1318,659,0,0.36710,1.21310,0.09940,0.01910,1280000,-1.00000,665036950077,0.00000
1319,659,0,1.71620,0.00000,0.00000,0.01780,0,-1.00000,665036967312,0.00000
1320,660,0,0.31580,1.78790,0.11800,0.02270,1280000,-1.00000,665036970706,0.00000
1321,660,0,2.31869,0.00000,0.00000,0.01980,0,-1.00000,665036994488,0.00000
1322,661,0,0.31901,1.79290,0.11210,0.02160,1280000,-1.00000,665036998144,0.00000
1323,661,0,2.30720,0.00000,0.00000,0.01870,0,-1.00000,665037015306,0.00000
1324,662,0,0.31000,1.80260,0.11870,0.01870,1280000,-1.00000,665037018463,0.00000
1325,662,0,2.28290,0.00000,0.00000,0.01640,0,-1.00000,665037041653,0.00000
1326,663,0,0.30320,1.23170,0.17830,0.02240,1280000,-1.00000,665037044840,0.00000
1327,663,0,1.85830,0.00000,0.00000,0.01830,0,-1.00000,665037067911,0.00000
1328,664,0,0.32240,1.28140,0.09490,0.01670,1280000,-1.00000,665037071010,0.00000
1329,664,0,1.76830,0.00000,0.00000,0.01720,0,-1.00000,665037093842,0.00000
1330,665,0,0.29880,1.74660,0.09720,0.02260,1280000,-1.00000,665037096871,0.00000
1331,665,0,2.27900,0.00000,0.00000,0.02040,0,-1.00000,665037115456,0.00000
1332,666,0,0.33820,1.79580,0.11240,0.02230,1280000,-1.00000,665037118680,0.00000
1333,666,0,2.32810,0.00000,0.00000,0.01850,0,-1.00000,665037136365,0.00000
1334,667,0,0.33140,1.79110,0.11000,0.02200,1280000,-1.00000,665037139351,0.00000
1335,667,0,2.28270,0.00000,0.00000,0.02140,0,-1.00000,665037162143,0.00000
1336,668,0,0.34550,1.78710,0.11220,0.01970,1280000,-1.00000,665037165519,0.00000
1337,668,0,2.28480,0.00000,0.00000,0.01910,0,-1.00000,665037188807,0.00000
1338,669,0,0.32241,1.78880,0.10830,0.01900,1280000,-1.00000,665037192111,0.00000
1339,669,0,2.26640,0.00000,0.00000,0.01680,0,-1.00000,665037214944,0.00000
1340,670,0,0.29620,1.24140,0.09970,0.02180,1280000,-1.00000,665037218400,0.00000
1341,670,0,1.75950,0.00000,0.00000,0.02070,0,-1.00000,665037241249,0.00000
1342,671,0,0.34380,1.19730,0.10210,0.01940,1280000,-1.00000,665037244471,0.00000
1343,671,0,1.69270,0.00000,0.00000,0.01730,0,-1.00000,665037267135,0.00000
1344,672,0,0.30320,1.82680,0.12650,0.02060,1280000,-1.00000,665037270097,0.00000
1345,672,0,2.34720,0.00000,0.00000,0.01840,0,-1.00000,665037287696,0.00000
1346,673,0,0.37309,1.16330,0.12300,0.02730,1280000,-1.00000,665037291132,0.00000
1347,673,0,1.79010,0.00000,0.00000,0.02160,0,-1.00000,665037308058,0.00000
1348,674,0,0.36730,1.15730,0.11060,0.02310,1280000,-1.00000,665037311088,0.00000
1349,674,0,1.69480,0.00000,0.00000,0.01930,0,-1.00000,665037334563,0.00000
1350,675,0,0.33430,1.14760,0.13450,0.02110,1280000,-1.00000,665037338293,0.00000
1351,675,0,1.68100,0.00000,0.00000,0.01850,0,-1.00000,665037356193,0.00000
1352,676,0,0.32260,1.29010,0.15540,0.02120,1280000,-1.00000,665037359884,0.00000
1353,676,0,1.85610,0.00000,0.00000,0.01920,0,-1.00000,665037376815,0.00000
1354,677,0,0.31900,1.38500,0.11050,0.01790,1280000,-1.00000,665037380161,0.00000
1355,677,0,1.87460,0.00000,0.00000,0.01780,0,-1.00000,665037396969,0.00000
1356,678,0,0.31880,1.78970,0.10990,0.02330,1280000,-1.00000,665037400195,0.00000
1357,678,0,2.35070,0.00000,0.00000,0.02030,0,-1.00000,665037418756,0.00000
1358,679,0,0.35100,1.73940,0.11370,0.02270,1280000,-1.00000,665037421944,0.00000
1359,679,0,2.27330,0.00000,0.00000,0.01910,0,-1.00000,665037440693,0.00000
1360,680,0,0.32190,1.19960,0.15240,0.02160,1280000,-1.00000,665037443877,0.00000
1361,680,0,1.86790,0.00000,0.00000,0.01850,0,-1.00000,665037467388,0.00000
1362,681,0,0.33000,1.80100,0.10430,0.03150,1280000,-1.00000,665037470891,0.00000
1363,681,0,2.33400,0.00000,0.00000,0.02070,0,-1.00000,665037493630,0.00000
1364,682,0,0.32650,1.77690,0.11780,0.02120,1280000,-1.00000,665037496840,0.00000
1365,682,0,2.29430,0.00000,0.00000,0.01960,0,-1.00000,665037515527,0.00000
1366,683,0,0.34550,1.79510,0.12930,0.02320,1280000,-1.00000,665037518830,0.00000
1367,683,0,2.33930,0.00000,0.00000,0.01880,0,-1.00000,665037542167,0.00000
1368,684,0,0.34439,1.17450,0.16940,0.02720,1280000,-1.00000,665037545431,0.00000
1369,684,0,1.78520,0.00000,0.00000,0.01840,0,-1.00000,665037568378,0.00000
1370,685,0,0.32540,1.24440,0.18140,0.02450,1280000,-1.00000,665037571826,0.00000
1371,685,0,1.84800,0.00000,0.00000,0.02100,0,-1.00000,665037595217,0.00000
1372,686,0,0.34170,1.74610,0.10280,0.02610,1280000,-1.00000,665037598666,0.00000
1373,686,0,2.31800,0.00000,0.00000,0.02320,0,-1.00000,665037616526,0.00000
1374,687,0,0.38510,1.20420,0.16320,0.02030,1280000,-1.00000,665037619774,0.00000
1375,687,0,1.89810,0.00000,0.00000,0.02010,0,-1.00000,665037638248,0.00000
1376,688,0,0.33700,1.23740,0.15870,0.02180,1280000,-1.00000,665037641676,0.00000
1377,688,0,1.80580,0.00000,0.00000,0.01860,0,-1.00000,665037664869,0.00000
1378,689,0,0.32230,1.72890,0.11060,0.01810,1280000,-1.00000,665037668695,0.00000
1379,689,0,2.21010,0.00000,0.00000,0.01710,0,-1.00000,665037687682,0.00000
1380,690,0,0.29720,1.33910,0.13100,0.01850,1280000,-1.00000,665037691059,0.00000
1381,690,0,1.88420,0.00000,0.00000,0.02290,0,-1.00000,665037709114,0.00000
1382,691,0,0.36910,1.16150,0.10490,0.02330,1280000,-1.00000,665037712333,0.00000
1383,691,0,1.69100,0.00000,0.00000,0.01870,0,-1.00000,665037734433,0.00000
1384,692,0,0.33860,1.18420,0.17130,0.01980,1280000,-1.00000,665037737405,0.00000
1385,692,0,1.77600,0.00000,0.00000,0.02140,0,-1.00000,665037756261,0.00000
1386,693,0,0.36080,1.72530,0.10620,0.02270,1280000,-1.00000,665037759944,0.00000
1387,693,0,2.25770,0.00000,0.00000,0.01800,0,-1.00000,665037776852,0.00000
1388,694,0,0.31820,1.79560,0.12350,0.02180,1280000,-1.00000,665037780239,0.00000
1389,694,0,2.33460,0.00000,0.00000,0.01910,0,-1.00000,665037797990,0.00000
1390,695,0,0.36850,1.18380,0.10590,0.01960,1280000,-1.00000,665037801604,0.00000
1391,695,0,1.66900,0.00000,0.00000,0.01720,0,-1.00000,665037824185,0.00000
1392,696,0,0.30290,1.77790,0.11170,0.02120,1280000,-1.00000,665037827364,0.00000
1393,696,0,2.31100,0.00000,0.00000,0.01920,0,-1.00000,665037850702,0.00000
1394,697,0,0.37000,1.17620,0.11650,0.02010,1280000,-1.00000,665037854387,0.00000
1395,697,0,1.69320,0.00000,0.00000,0.01870,0,-1.00000,665037871083,0.00000
1396,698,0,0.31451,1.72470,0.11400,0.02050,1280000,-1.00000,665037874112,0.00000
1397,698,0,2.27000,0.00000,0.00000,0.01750,0,-1.00000,665037897221,0.00000
1398,699,0,0.29730,1.17020,0.10480,0.01670,1280000,-1.00000,665037900925,0.00000
1399,699,0,1.64490,0.00000,0.00000,0.01610,0,-1.00000,665037917853,0.00000
1400,700,0,0.29100,1.76330,0.11620,0.01670,1280000,-1.00000,665037920997,0.00000
1401,700,0,2.25380,0.00000,0.00000,0.01640,0,-1.00000,665037943699,0.00000
1402,701,0,0.29571,1.40240,0.19100,0.01850,1280000,-1.00000,665037946669,0.00000
1403,701,0,1.99040,0.00000,0.00000,0.02390,0,-1.00000,665037963127,0.00000
1404,702,0,0.37960,1.15070,0.10320,0.02570,1280000,-1.00000,665037966032,0.00000
1405,702,0,1.70960,0.00000,0.00000,0.01870,0,-1.00000,665037988568,0.00000
1406,703,0,0.32470,1.74210,0.09590,0.01890,1280000,-1.00000,665037991525,0.00000
1407,703,0,2.25920,0.00000,0.00000,0.02280,0,-1.00000,665038011442,0.00000
1408,704,0,0.36240,1.30520,0.09770,0.01970,1280000,-1.00000,665038015228,0.00000
1409,704,0,1.77830,0.00000,0.00000,0.01780,0,-1.00000,665038032327,0.00000
1410,705,0,1.89150,1.14830,0.10480,0.01790,1280000,-1.00000,665038035570,0.00000
1411,705,0,1.60770,0.00000,0.00000,0.01610,0,-1.00000,665038058160,0.00000
1412,706,0,0.31300,1.74290,0.11660,0.01780,1280000,-1.00000,665038061785,0.00000
1413,706,0,2.22430,0.00000,0.00000,0.01590,0,-1.00000,665038079569,0.00000
1414,707,0,0.30340,1.18440,0.09370,0.01710,1280000,-1.00000,665038098487,0.00000
1415,707,0,1.63540,0.00000,0.00000,0.01620,0,-1.00000,665038114558,0.00000
1416,708,0,0.28930,1.70770,0.13570,0.02230,1280000,-1.00000,665038117688,0.00000
1417,708,0,2.25850,0.00000,0.00000,0.01990,0,-1.00000,665038139932,0.00000
1418,709,0,0.33830,1.11170,0.09870,0.02150,1280000,-1.00000,665038142964,0.00000
1419,709,0,1.62010,0.00000,0.00000,0.01820,0,-1.00000,665038159320,0.00000
1420,710,0,0.31139,1.20000,0.10260,0.01870,1280000,-1.00000,665038162212,0.00000
1421,710,0,1.67120,0.00000,0.00000,0.01660,0,-1.00000,665038184802,0.00000
1422,711,0,0.29670,1.75030,0.11280,0.02020,1280000,-1.00000,665038188180,0.00000
1423,711,0,2.25830,0.00000,0.00000,0.01690,0,-1.00000,665038204385,0.00000
1424,712,0,0.30840,1.16200,0.10690,0.01710,1280000,-1.00000,665038207496,0.00000
1425,712,0,1.62530,0.00000,0.00000,0.01590,0,-1.00000,665038224209,0.00000
1426,713,0,0.81250,1.13570,0.11450,0.02370,1280000,-1.00000,665038227174,0.00000
1427,713,0,1.67530,0.00000,0.00000,0.02010,0,-1.00000,665038249762,0.00000
1428,714,0,0.35300,1.42620,0.17820,0.02770,1280000,-1.00000,665038252843,0.00000
1429,714,0,2.05420,0.00000,0.00000,0.02240,0,-1.00000,665038269097,0.00000
1430,715,0,0.35160,1.38000,0.10900,0.02480,1280000,-1.00000,665038277226,0.00000
1431,715,0,1.93379,0.00000,0.00000,0.01840,0,-1.00000,665038293973,0.00000
1432,716,0,0.32961,1.16790,0.12590,0.02330,1280000,-1.00000,665038297498,0.00000
1433,716,0,1.74480,0.00000,0.00000,0.01940,0,-1.00000,665038318054,0.00000
1434,717,0,0.35580,1.23390,0.10830,0.02200,1280000,-1.00000,665038321565,0.00000
1435,717,0,1.76740,0.00000,0.00000,0.02180,0,-1.00000,665038340905,0.00000
1436,718,0,0.35210,1.12850,0.10340,0.02030,1280000,-1.00000,665038344197,0.00000
1437,718,0,1.63880,0.00000,0.00000,0.01940,0,-1.00000,665038361647,0.00000
1438,719,0,0.31769,1.15680,0.10610,0.02320,1280000,-1.00000,665038365200,0.00000
1439,719,0,1.71070,0.00000,0.00000,0.02340,0,-1.00000,665038382876,0.00000
1440,720,0,2.07560,1.21100,0.11810,0.02290,1280000,-1.00000,665038386391,0.00000
1441,720,0,1.74820,0.00000,0.00000,0.01850,0,-1.00000,665038402790,0.00000
1442,721,0,0.32830,1.70280,0.13990,0.01850,1280000,-1.00000,665038405958,0.00000
1443,721,0,2.23099,0.00000,0.00000,0.02130,0,-1.00000,665038423079,0.00000
1444,722,0,0.35770,1.77500,0.17550,0.02050,1280000,-1.00000,665038443827,0.00000
1445,722,0,2.35230,0.00000,0.00000,0.02050,0,-1.00000,665038461309,0.00000
1446,723,0,0.35750,1.75070,0.10880,0.01870,1280000,-1.00000,665038464592,0.00000
1447,723,0,2.24660,0.00000,0.00000,0.01740,0,-1.00000,665038486905,0.00000
1448,724,0,0.34810,1.16420,0.10880,0.02010,1280000,-1.00000,665038490477,0.00000
1449,724,0,1.72500,0.00000,0.00000,0.01670,0,-1.00000,665038514005,0.00000
1450,725,0,0.30110,1.74830,0.09680,0.01670,1280000,-1.00000,665038517575,0.00000
1451,725,0,2.20610,0.00000,0.00000,0.01650,0,-1.00000,665038540044,0.00000
1452,726,0,0.29450,1.31030,0.14200,0.02400,1280000,-1.00000,665038543525,0.00000
1453,726,0,1.86830,0.00000,0.00000,0.01840,0,-1.00000,665038560771,0.00000
1454,727,0,0.36049,1.74780,0.10890,0.01810,1280000,-1.00000,665038563781,0.00000
1455,727,0,2.25471,0.00000,0.00000,0.01600,0,-1.00000,665038585843,0.00000
1456,728,0,0.29470,1.76120,0.11460,0.01630,1280000,-1.00000,665038588787,0.00000
1457,728,0,2.22780,0.00000,0.00000,0.01580,0,-1.00000,665038607475,0.00000
1458,729,0,0.28700,1.26070,0.14360,0.02860,1280000,-1.00000,665038611080,0.00000
1459,729,0,1.85190,0.00000,0.00000,0.02220,0,-1.00000,665038633621,0.00000
1460,730,0,0.38470,1.12590,0.10180,0.01980,1280000,-1.00000,665038636568,0.00000
1461,730,0,1.67580,0.00000,0.00000,0.01860,0,-1.00000,665038658847,0.00000
1462,731,0,0.32610,1.16990,0.10600,0.01680,1280000,-1.00000,665038661719,0.00000
1463,731,0,1.66451,0.00000,0.00000,0.01870,0,-1.00000,665038680250,0.00000
1464,732,0,0.33649,1.12860,0.09390,0.02580,1280000,-1.00000,665038684085,0.00000
1465,732,0,1.71510,0.00000,0.00000,0.01880,0,-1.00000,665038700845,0.00000
1466,733,0,0.34020,1.16440,0.10520,0.01910,1280000,-1.00000,665038704102,0.00000
1467,733,0,1.65210,0.00000,0.00000,0.01740,0,-1.00000,665038720748,0.00000
1468,734,0,0.42160,1.16330,0.11030,0.01920,1280000,-1.00000,665038724112,0.00000
1469,734,0,1.64550,0.00000,0.00000,0.01690,0,-1.00000,665038741270,0.00000
1470,735,0,0.29570,1.12910,0.10600,0.02390,1280000,-1.00000,665038744668,0.00000
1471,735,0,1.70640,0.00000,0.00000,0.01860,0,-1.00000,665038761189,0.00000
1472,736,0,0.31480,1.15930,0.10730,0.01770,1280000,-1.00000,665038765403,0.00000
1473,736,0,1.67910,0.00000,0.00000,0.01780,0,-1.00000,665038781860,0.00000
1474,737,0,0.31290,1.14020,0.10160,0.02180,1280000,-1.00000,665038784816,0.00000
1475,737,0,1.65470,0.00000,0.00000,0.02330,0,-1.00000,665038801883,0.00000
1476,738,0,0.82810,1.15220,0.09770,0.02420,1280000,-1.00000,665038805025,0.00000
1477,738,0,1.69130,0.00000,0.00000,0.01870,0,-1.00000,665038821819,0.00000
1478,739,0,0.60490,1.15690,0.10260,0.02060,1280000,-1.00000,665038824947,0.00000
1479,739,0,1.82701,0.00000,0.00000,0.02140,0,-1.00000,665038841504,0.00000
1480,740,0,0.33549,1.23880,0.12140,0.02150,1280000,-1.00000,665038849783,0.00000
1481,740,0,1.77740,0.00000,0.00000,0.02130,0,-1.00000,665038866693,0.00000
1482,741,0,0.90720,1.14950,0.10100,0.02080,1280000,-1.00000,665038872743,0.00000
1483,741,0,1.69040,0.00000,0.00000,0.02120,0,-1.00000,665038891005,0.00000
1484,742,0,0.68620,1.15810,0.11020,0.02100,1280000,-1.00000,665038894362,0.00000
1485,742,0,1.74020,0.00000,0.00000,0.01680,0,-1.00000,665038912142,0.00000
1486,743,0,0.31600,1.53290,0.11820,0.02780,1280000,-1.00000,665038921213,0.00000
1487,743,0,2.12560,0.00000,0.00000,0.02320,0,-1.00000,665038938114,0.00000
1488,744,0,0.44401,1.85310,0.11280,0.02610,1280000,-1.00000,665038944974,0.00000
1489,744,0,2.45540,0.00000,0.00000,0.02260,0,-1.00000,665038962375,0.00000
1490,745,0,0.36230,1.70250,0.11410,0.02060,1280000,-1.00000,665038965540,0.00000
1491,745,0,2.23170,0.00000,0.00000,0.01850,0,-1.00000,665038986812,0.00000
1492,746,0,0.32500,1.75070,0.12510,0.01860,1280000,-1.00000,665038991240,0.00000
1493,746,0,2.24680,0.00000,0.00000,0.01760,0,-1.00000,665039015798,0.00000
1494,747,0,0.31100,1.73800,0.12370,0.01720,1280000,-1.00000,665039019413,0.00000
1495,747,0,2.21600,0.00000,0.00000,0.01650,0,-1.00000,665039041728,0.00000
1496,748,0,0.29360,1.74850,0.09420,0.01890,1280000,-1.00000,665039044978,0.00000
1497,748,0,2.31300,0.00000,0.00000,0.02260,0,-1.00000,665039067445,0.00000
1498,749,0,0.35070,1.15300,0.12020,0.01730,1280000,-1.00000,665039070555,0.00000
1499,749,0,1.66200,0.00000,0.00000,0.01930,0,-1.00000,665039092713,0.00000
1500,750,0,0.33300,1.74060,0.10090,0.02210,1280000,-1.00000,665039095650,0.00000
1501,750,0,2.26650,0.00000,0.00000,0.01650,0,-1.00000,665039118789,0.00000
1502,751,0,0.30570,1.73540,0.11240,0.01640,1280000,-1.00000,665039122283,0.00000
1503,751,0,2.22400,0.00000,0.00000,0.01640,0,-1.00000,665039138915,0.00000
1504,752,0,0.28920,1.67060,0.20140,0.02000,1280000,-1.00000,665039142240,0.00000
1505,752,0,2.24470,0.00000,0.00000,0.01780,0,-1.00000,665039164903,0.00000
1506,753,0,0.30880,1.16090,0.11050,0.02310,1280000,-1.00000,665039167959,0.00000
1507,753,0,1.69830,0.00000,0.00000,0.01810,0,-1.00000,665039190201,0.00000
1508,754,0,1.91400,1.18800,0.10300,0.02340,1280000,-1.00000,665039193090,0.00000
1509,754,0,1.69230,0.00000,0.00000,0.02050,0,-1.00000,665039215540,0.00000
1510,755,0,0.34140,1.15130,0.12290,0.01840,1280000,-1.00000,665039218627,0.00000
1511,755,0,1.70410,0.00000,0.00000,0.01700,0,-1.00000,665039235614,0.00000
1512,756,0,0.32040,1.48290,0.11640,0.02150,1280000,-1.00000,665039254748,0.00000
1513,756,0,2.03800,0.00000,0.00000,0.01740,0,-1.00000,665039271673,0.00000
1514,757,0,0.31130,1.70310,0.13500,0.02260,1280000,-1.00000,665039275086,0.00000
1515,757,0,2.26590,0.00000,0.00000,0.02270,0,-1.00000,665039292127,0.00000
1516,758,0,0.41570,1.11570,0.11210,0.02400,1280000,-1.00000,665039295335,0.00000
1517,758,0,1.67900,0.00000,0.00000,0.01940,0,-1.00000,665039315714,0.00000
1518,759,0,0.33090,1.74620,0.10810,0.01940,1280000,-1.00000,665039318825,0.00000
1519,759,0,2.24570,0.00000,0.00000,0.01740,0,-1.00000,665039341496,0.00000
1520,760,0,0.32780,1.74240,0.11740,0.02010,1280000,-1.00000,665039345643,0.00000
1521,760,0,2.24410,0.00000,0.00000,0.01680,0,-1.00000,665039362435,0.00000
1522,761,0,0.43061,1.73940,0.11270,0.01680,1280000,-1.00000,665039365741,0.00000
1523,761,0,2.21859,0.00000,0.00000,0.01680,0,-1.00000,665039388197,0.00000
1524,762,0,0.31770,1.14500,0.10820,0.02320,1280000,-1.00000,665039391469,0.00000
1525,762,0,1.76280,0.00000,0.00000,0.02250,0,-1.00000,665039413916,0.00000
1526,763,0,0.37780,1.12670,0.10090,0.02220,1280000,-1.00000,665039418221,0.00000
1527,763,0,1.69269,0.00000,0.00000,0.01900,0,-1.00000,665039440408,0.00000
1528,764,0,0.37290,1.15180,0.13720,0.02080,1280000,-1.00000,665039443585,0.00000
1529,764,0,1.70620,0.00000,0.00000,0.01700,0,-1.00000,665039461220,0.00000
1530,765,0,0.31310,1.12800,0.11270,0.01980,1280000,-1.00000,665039464994,0.00000
1531,765,0,1.65850,0.00000,0.00000,0.01970,0,-1.00000,665039481919,0.00000
1532,766,0,0.33870,1.13980,0.12460,0.02790,1280000,-1.00000,665039485647,0.00000
1533,766,0,1.70380,0.00000,0.00000,0.01890,0,-1.00000,665039502713,0.00000
1534,767,0,0.31830,1.73390,0.11060,0.02040,1280000,-1.00000,665039505839,0.00000
1535,767,0,2.24470,0.00000,0.00000,0.01730,0,-1.00000,665039522425,0.00000
1536,768,0,0.66410,1.15210,0.10960,0.01980,1280000,-1.00000,665039525814,0.00000
1537,768,0,1.70610,0.00000,0.00000,0.01810,0,-1.00000,665039542843,0.00000
1538,769,0,0.69050,1.72340,0.10340,0.02300,1280000,-1.00000,665039546032,0.00000
1539,769,0,2.29770,0.00000,0.00000,0.01870,0,-1.00000,665039568482,0.00000
1540,770,0,0.33740,1.70110,0.12780,0.02400,1280000,-1.00000,665039575119,0.00000
1541,770,0,2.26200,0.00000,0.00000,0.02130,0,-1.00000,665039592187,0.00000
1542,771,0,0.37540,1.74950,0.09580,0.02450,1280000,-1.00000,665039599091,0.00000
1543,771,0,2.29259,0.00000,0.00000,0.01960,0,-1.00000,665039622067,0.00000
1544,772,0,0.33480,1.09910,0.10170,0.01960,1280000,-1.00000,665039625443,0.00000
1545,772,0,1.60220,0.00000,0.00000,0.01790,0,-1.00000,665039648063,0.00000
1546,773,0,0.30770,1.17210,0.16290,0.02170,1280000,-1.00000,665039651817,0.00000
1547,773,0,1.76300,0.00000,0.00000,0.01950,0,-1.00000,665039674740,0.00000
1548,774,0,0.32120,1.73180,0.09980,0.01940,1280000,-1.00000,665039678089,0.00000
1549,774,0,2.21270,0.00000,0.00000,0.01670,0,-1.00000,665039694108,0.00000
1550,775,0,1.33700,1.13970,0.09630,0.01920,1280000,-1.00000,665039697185,0.00000
1551,775,0,1.64860,0.00000,0.00000,0.01680,0,-1.00000,665039714814,0.00000
1552,776,0,0.80780,1.18160,0.10230,0.02380,1280000,-1.00000,665039718028,0.00000
1553,776,0,1.67830,0.00000,0.00000,0.01760,0,-1.00000,665039740153,0.00000
1554,777,0,0.31360,1.47880,0.18670,0.02090,1280000,-1.00000,665039753525,0.00000
1555,777,0,2.07470,0.00000,0.00000,0.01950,0,-1.00000,665039770013,0.00000
1556,778,0,0.34260,1.73550,0.11550,0.01770,1280000,-1.00000,665039778092,0.00000
1557,778,0,2.24020,0.00000,0.00000,0.01650,0,-1.00000,665039794870,0.00000
1558,779,0,0.29940,1.73320,0.10920,0.01630,1280000,-1.00000,665039798005,0.00000
1559,779,0,2.20240,0.00000,0.00000,0.01570,0,-1.00000,665039818757,0.00000
1560,780,0,0.29110,1.73900,0.11410,0.01990,1280000,-1.00000,665039822180,0.00000
1561,780,0,2.23120,0.00000,0.00000,0.01640,0,-1.00000,665039844583,0.00000
1562,781,0,0.31760,1.22040,0.10550,0.01890,1280000,-1.00000,665039847575,0.00000
1563,781,0,1.70630,0.00000,0.00000,0.01620,0,-1.00000,665039869599,0.00000
1564,782,0,0.53870,1.09730,0.10890,0.02460,1280000,-1.00000,665039872509,0.00000
1565,782,0,1.64080,0.00000,0.00000,0.01970,0,-1.00000,665039894826,0.00000
1566,783,0,0.81360,1.11190,0.09670,0.02170,1280000,-1.00000,665039897994,0.00000
1567,783,0,1.61350,0.00000,0.00000,0.02210,0,-1.00000,665039915064,0.00000
1568,784,0,0.36340,1.72420,0.10770,0.02080,1280000,-1.00000,665039920441,0.00000
1569,784,0,2.23170,0.00000,0.00000,0.01720,0,-1.00000,665039936861,0.00000
1570,785,0,0.30130,1.68440,0.12290,0.02460,1280000,-1.00000,665039944998,0.00000
1571,785,0,2.27430,0.00000,0.00000,0.02200,0,-1.00000,665039961123,0.00000
1572,786,0,0.40200,1.68850,0.12140,0.01950,1280000,-1.00000,665039964759,0.00000
1573,786,0,2.22521,0.00000,0.00000,0.01720,0,-1.00000,665039987078,0.00000
1574,787,0,0.31530,1.12100,0.10800,0.01750,1280000,-1.00000,665039990089,0.00000
1575,787,0,1.65560,0.00000,0.00000,0.02170,0,-1.00000,665040012844,0.00000
1576,788,0,0.39000,1.25690,0.09720,0.02240,1280000,-1.00000,665040016857,0.00000
1577,788,0,1.77200,0.00000,0.00000,0.01810,0,-1.00000,665040039109,0.00000
1578,789,0,1.92511,1.13180,0.10970,0.01740,1280000,-1.00000,665040042260,0.00000
1579,789,0,1.59670,0.00000,0.00000,0.01670,0,-1.00000,665040058816,0.00000
1580,790,0,0.35500,1.69040,0.11270,0.01960,1280000,-1.00000,665040062719,0.00000
1581,790,0,2.22839,0.00000,0.00000,0.01730,0,-1.00000,665040080437,0.00000
1582,791,0,0.31280,1.13610,0.12790,0.02340,1280000,-1.00000,665040099694,0.00000
1583,791,0,1.69740,0.00000,0.00000,0.02090,0,-1.00000,665040115652,0.00000
1584,792,0,0.33160,1.68650,0.13070,0.01990,1280000,-1.00000,665040119211,0.00000
1585,792,0,2.23150,0.00000,0.00000,0.01700,0,-1.00000,665040141491,0.00000
1586,793,0,0.29880,1.70380,0.12310,0.02020,1280000,-1.00000,665040144616,0.00000
1587,793,0,2.20220,0.00000,0.00000,0.02030,0,-1.00000,665040161585,0.00000
1588,794,0,0.33480,1.11830,0.11390,0.01790,1280000,-1.00000,665040164902,0.00000
1589,794,0,1.72980,0.00000,0.00000,0.01660,0,-1.00000,665040187221,0.00000
1590,795,0,0.30400,1.12430,0.10860,0.01810,1280000,-1.00000,665040190206,0.00000
1591,795,0,1.60880,0.00000,0.00000,0.01600,0,-1.00000,665040212232,0.00000
1592,796,0,0.28850,1.72420,0.11330,0.01640,1280000,-1.00000,665040215579,0.00000
1593,796,0,2.20570,0.00000,0.00000,0.01660,0,-1.00000,665040232878,0.00000
1594,797,0,0.30050,1.12640,0.11700,0.01710,1280000,-1.00000,665040235916,0.00000
1595,797,0,1.60050,0.00000,0.00000,0.01610,0,-1.00000,665040252004,0.00000
1596,798,0,0.29570,1.07890,0.13880,0.02490,1280000,-1.00000,665040254888,0.00000
1597,798,0,1.64160,0.00000,0.00000,0.02300,0,-1.00000,665040276945,0.00000
1598,799,0,0.41630,1.10960,0.09610,0.02060,1280000,-1.00000,665040279950,0.00000
1599,799,0,1.61690,0.00000,0.00000,0.01730,0,-1.00000,665040295956,0.00000
1600,800,0,0.31840,1.72280,0.09480,0.01670,1280000,-1.00000,665040298911,0.00000
1601,800,0,2.18700,0.00000,0.00000,0.02330,0,-1.00000,665040315335,0.00000
1602,801,0,0.40820,1.14160,0.10520,0.02140,1280000,-1.00000,665040319490,0.00000
1603,801,0,1.65210,0.00000,0.00000,0.01800,0,-1.00000,665040335668,0.00000
1604,802,0,1.74850,1.09170,0.11310,0.01840,1280000,-1.00000,665040338846,0.00000
1605,802,0,1.56360,0.00000,0.00000,0.01670,0,-1.00000,665040360725,0.00000
1606,803,0,0.82590,1.13000,0.10570,0.01910,1280000,-1.00000,665040364800,0.00000
1607,803,0,1.62360,0.00000,0.00000,0.01740,0,-1.00000,665040381321,0.00000
1608,804,0,0.80690,1.15150,0.10820,0.02450,1280000,-1.00000,665040398813,0.00000
1609,804,0,1.68180,0.00000,0.00000,0.02080,0,-1.00000,665040414443,0.00000
1610,805,0,0.34630,1.10830,0.10110,0.01870,1280000,-1.00000,665040422698,0.00000
1611,805,0,1.58310,0.00000,0.00000,0.02170,0,-1.00000,665040438937,0.00000
1612,806,0,0.33390,1.07280,0.13060,0.01980,1280000,-1.00000,665040447004,0.00000
1613,806,0,1.58830,0.00000,0.00000,0.01790,0,-1.00000,665040463815,0.00000
1614,807,0,0.40789,1.58880,0.10750,0.02350,1280000,-1.00000,665040467281,0.00000
1615,807,0,2.14880,0.00000,0.00000,0.02100,0,-1.00000,665040483115,0.00000
1616,808,0,0.36070,1.08860,0.11950,0.02160,1280000,-1.00000,665040486461,0.00000
1617,808,0,1.61910,0.00000,0.00000,0.01870,0,-1.00000,665040502338,0.00000
1618,809,0,1.23771,1.10890,0.09600,0.02190,1280000,-1.00000,665040506413,0.00000
1619,809,0,1.63740,0.00000,0.00000,0.01850,0,-1.00000,665040527905,0.00000
1620,810,0,2.54490,1.06960,0.10400,0.02210,1280000,-1.00000,665040531513,0.00000
1621,810,0,1.56560,0.00000,0.00000,0.01840,0,-1.00000,665040547697,0.00000
1622,811,0,0.32820,1.71350,0.11790,0.01850,1280000,-1.00000,665040560085,0.00000
1623,811,0,2.22910,0.00000,0.00000,0.01900,0,-1.00000,665040576449,0.00000
1624,812,0,0.32331,1.10550,0.09410,0.02140,1280000,-1.00000,665040601910,0.00000
1625,812,0,1.60140,0.00000,0.00000,0.01740,0,-1.00000,665040617561,0.00000
1626,813,0,0.33030,1.10300,0.12090,0.02650,1280000,-1.00000,665040620846,0.00000
1627,813,0,1.71350,0.00000,0.00000,0.02340,0,-1.00000,665040643123,0.00000
1628,814,0,0.37720,1.11030,0.09470,0.02420,1280000,-1.00000,665040646368,0.00000
1629,814,0,1.67260,0.00000,0.00000,0.02280,0,-1.00000,665040662371,0.00000
1630,815,0,0.37740,1.08340,0.09860,0.02360,1280000,-1.00000,665040665681,0.00000
1631,815,0,1.60339,0.00000,0.00000,0.02050,0,-1.00000,665040682831,0.00000
1632,816,0,0.49510,1.06900,0.09590,0.02220,1280000,-1.00000,665040686595,0.00000
1633,816,0,1.58400,0.00000,0.00000,0.01910,0,-1.00000,665040703320,0.00000
1634,817,0,2.60480,1.17610,0.09060,0.02340,1280000,-1.00000,665040707090,0.00000
1635,817,0,1.74041,0.00000,0.00000,0.02500,0,-1.00000,665040723117,0.00000
1636,818,0,0.41780,1.17080,0.11200,0.02300,1280000,-1.00000,665040728077,0.00000
1637,818,0,1.77240,0.00000,0.00000,0.02240,0,-1.00000,665040743909,0.00000
1638,819,0,0.41400,1.53820,0.12820,0.02550,1280000,-1.00000,665040769967,0.00000
1639,819,0,2.16680,0.00000,0.00000,0.02300,0,-1.00000,665040787374,0.00000
1640,820,0,0.44030,1.07230,0.10950,0.02350,1280000,-1.00000,665040791553,0.00000
1641,820,0,1.64010,0.00000,0.00000,0.01980,0,-1.00000,665040809277,0.00000
1642,821,0,0.33950,1.10750,0.10200,0.01850,1280000,-1.00000,665040813417,0.00000
1643,821,0,1.60060,0.00000,0.00000,0.01740,0,-1.00000,665040835094,0.00000
1644,822,0,0.31620,1.07380,0.10960,0.01790,1280000,-1.00000,665040839489,0.00000
1645,822,0,1.54440,0.00000,0.00000,0.01620,0,-1.00000,665040855884,0.00000
1646,823,0,0.29450,1.06280,0.09990,0.02340,1280000,-1.00000,665040859278,0.00000
1647,823,0,1.62410,0.00000,0.00000,0.02010,0,-1.00000,665040875281,0.00000
1648,824,0,1.26770,1.05910,0.11200,0.02320,1280000,-1.00000,665040878442,0.00000
1649,824,0,1.61490,0.00000,0.00000,0.01800,0,-1.00000,665040893884,0.00000
1650,825,0,0.82240,1.10420,0.10380,0.01760,1280000,-1.00000,665040896830,0.00000
1651,825,0,1.61400,0.00000,0.00000,0.01710,0,-1.00000,665040913072,0.00000
1652,826,0,0.30840,1.43200,0.12120,0.03000,1280000,-1.00000,665040925759,0.00000
1653,826,0,2.02830,0.00000,0.00000,0.02240,0,-1.00000,665040941901,0.00000
1654,827,0,0.45530,1.16650,0.16070,0.02220,1280000,-1.00000,665040950123,0.00000
1655,827,0,1.74690,0.00000,0.00000,0.02340,0,-1.00000,665040966265,0.00000
1656,828,0,0.36660,1.10930,0.11320,0.02040,1280000,-1.00000,665040969347,0.00000
1657,828,0,1.66120,0.00000,0.00000,0.02300,0,-1.00000,665040989649,0.00000
1658,829,0,0.36390,1.09700,0.09820,0.02190,1280000,-1.00000,665040994188,0.00000
1659,829,0,1.61590,0.00000,0.00000,0.01820,0,-1.00000,665041011662,0.00000
1660,830,0,1.85530,1.07180,0.10170,0.02220,1280000,-1.00000,665041015321,0.00000
1661,830,0,1.57730,0.00000,0.00000,0.01950,0,-1.00000,665041031932,0.00000
1662,831,0,0.81070,1.11090,0.09920,0.02700,1280000,-1.00000,665041035577,0.00000
1663,831,0,1.68110,0.00000,0.00000,0.01900,0,-1.00000,665041051731,0.00000
1664,832,0,0.63000,1.06010,0.11870,0.02350,1280000,-1.00000,665041070286,0.00000
1665,832,0,1.62880,0.00000,0.00000,0.02050,0,-1.00000,665041086056,0.00000
1666,833,0,0.35970,1.67190,0.10980,0.02040,1280000,-1.00000,665041094165,0.00000
1667,833,0,2.20160,0.00000,0.00000,0.01960,0,-1.00000,665041110979,0.00000
1668,834,0,0.33010,1.66480,0.10780,0.02180,1280000,-1.00000,665041117277,0.00000
1669,834,0,2.21510,0.00000,0.00000,0.01870,0,-1.00000,665041133570,0.00000
1670,835,0,0.32970,1.05700,0.09780,0.02150,1280000,-1.00000,665041137158,0.00000
1671,835,0,1.59630,0.00000,0.00000,0.01890,0,-1.00000,665041159164,0.00000
1672,836,0,0.32490,1.08690,0.10120,0.02150,1280000,-1.00000,665041162475,0.00000
1673,836,0,1.61260,0.00000,0.00000,0.01800,0,-1.00000,665041184626,0.00000
1674,837,0,1.51040,1.05490,0.09090,0.01920,1280000,-1.00000,665041187926,0.00000
1675,837,0,1.51240,0.00000,0.00000,0.01680,0,-1.00000,665041203887,0.00000
1676,838,0,2.05520,1.09340,0.11580,0.01990,1280000,-1.00000,665041207138,0.00000
1677,838,0,1.63130,0.00000,0.00000,0.01930,0,-1.00000,665041223263,0.00000
1678,839,0,0.34990,1.24100,0.10560,0.02690,1280000,-1.00000,665041238373,0.00000
1679,839,0,1.89980,0.00000,0.00000,0.02310,0,-1.00000,665041253490,0.00000
1680,840,0,0.40020,1.05800,0.10510,0.02150,1280000,-1.00000,665041274049,0.00000
1681,840,0,1.65440,0.00000,0.00000,0.02020,0,-1.00000,665041290352,0.00000
1682,841,0,0.38260,1.29370,0.11630,0.03130,1280000,-1.00000,665041293850,0.00000
1683,841,0,2.02299,0.00000,0.00000,0.02490,0,-1.00000,665041312861,0.00000
1684,842,0,0.40890,1.07200,0.11180,0.02530,1280000,-1.00000,665041316855,0.00000
1685,842,0,1.64650,0.00000,0.00000,0.02230,0,-1.00000,665041333400,0.00000
1686,843,0,0.37940,1.71380,0.11820,0.02270,1280000,-1.00000,665041337249,0.00000
1687,843,0,2.25270,0.00000,0.00000,0.01880,0,-1.00000,665041357486,0.00000
1688,844,0,0.35860,1.69700,0.12680,0.02540,1280000,-1.00000,665041361544,0.00000
1689,844,0,2.28290,0.00000,0.00000,0.01870,0,-1.00000,665041378016,0.00000
1690,845,0,0.33510,1.05640,0.14660,0.02630,1280000,-1.00000,665041381794,0.00000
1691,845,0,1.66350,0.00000,0.00000,0.01940,0,-1.00000,665041404331,0.00000
1692,846,0,0.41090,1.04920,0.11130,0.02790,1280000,-1.00000,665041407915,0.00000
1693,846,0,1.62540,0.00000,0.00000,0.02410,0,-1.00000,665041430752,0.00000
1694,847,0,0.39110,1.05030,0.10230,0.02260,1280000,-1.00000,665041434094,0.00000
1695,847,0,1.59620,0.00000,0.00000,0.02200,0,-1.00000,665041450733,0.00000
1696,848,0,0.35090,1.70860,0.11680,0.02360,1280000,-1.00000,665041454838,0.00000
1697,848,0,2.27460,0.00000,0.00000,0.01950,0,-1.00000,665041471099,0.00000
1698,849,0,0.34900,1.04820,0.09770,0.02330,1280000,-1.00000,665041475005,0.00000
1699,849,0,1.58500,0.00000,0.00000,0.01980,0,-1.00000,665041490972,0.00000
1700,850,0,0.34470,1.69840,0.10640,0.01820,1280000,-1.00000,665041494475,0.00000
1701,850,0,2.18250,0.00000,0.00000,0.01690,0,-1.00000,665041517223,0.00000
1702,851,0,0.29810,1.69860,0.10900,0.01980,1280000,-1.00000,665041520718,0.00000
1703,851,0,2.22530,0.00000,0.00000,0.02250,0,-1.00000,665041536567,0.00000
1704,852,0,1.19370,1.04940,0.11290,0.02350,1280000,-1.00000,665041540008,0.00000
1705,852,0,1.61730,0.00000,0.00000,0.01760,0,-1.00000,665041561831,0.00000
1706,853,0,0.74570,1.08540,0.11340,0.02260,1280000,-1.00000,665041564811,0.00000
1707,853,0,1.62710,0.00000,0.00000,0.02360,0,-1.00000,665041587067,0.00000
1708,854,0,0.38760,1.05940,0.12980,0.02520,1280000,-1.00000,665041599008,0.00000
1709,854,0,1.63470,0.00000,0.00000,0.01940,0,-1.00000,665041615178,0.00000
1710,855,0,0.33140,1.09060,0.09750,0.02500,1280000,-1.00000,665041622636,0.00000
1711,855,0,1.62310,0.00000,0.00000,0.01900,0,-1.00000,665041638907,0.00000
1712,856,0,0.37250,1.65420,0.11690,0.02040,1280000,-1.00000,665041642782,0.00000
1713,856,0,2.17450,0.00000,0.00000,0.03580,0,-1.00000,665041659130,0.00000
1714,857,0,0.33581,1.08660,0.11210,0.01700,1280000,-1.00000,665041662452,0.00000
1715,857,0,1.55920,0.00000,0.00000,0.01680,0,-1.00000,665041678674,0.00000
1716,858,0,1.94310,1.04010,0.12940,0.01840,1280000,-1.00000,665041682400,0.00000
1717,858,0,1.53950,0.00000,0.00000,0.01710,0,-1.00000,665041704143,0.00000
1718,859,0,2.04920,1.06410,0.11770,0.01820,1280000,-1.00000,665041707500,0.00000
1719,859,0,1.67590,0.00000,0.00000,0.01760,0,-1.00000,665041723091,0.00000
1720,860,0,0.34140,1.11540,0.10050,0.02350,1280000,-1.00000,665041742522,0.00000
1721,860,0,1.66330,0.00000,0.00000,0.02100,0,-1.00000,665041757920,0.00000
1722,861,0,0.34200,1.65140,0.10470,0.02200,1280000,-1.00000,665041778414,0.00000
1723,861,0,2.18470,0.00000,0.00000,0.01950,0,-1.00000,665041795168,0.00000
1724,862,0,0.32190,1.13060,0.16840,0.02250,1280000,-1.00000,665041798585,0.00000
1725,862,0,1.72500,0.00000,0.00000,0.02010,0,-1.00000,665041815208,0.00000
1726,863,0,0.33680,1.64890,0.10510,0.01980,1280000,-1.00000,665041818642,0.00000
1727,863,0,2.14740,0.00000,0.00000,0.01760,0,-1.00000,665041840484,0.00000
1728,864,0,0.30390,1.44220,0.11220,0.02070,1280000,-1.00000,665041843702,0.00000
1729,864,0,1.94900,0.00000,0.00000,0.01840,0,-1.00000,665041860950,0.00000
1730,865,0,0.32860,1.03410,0.09770,0.01740,1280000,-1.00000,665041864318,0.00000
1731,865,0,1.49710,0.00000,0.00000,0.01690,0,-1.00000,665041885793,0.00000
1732,866,0,0.72100,1.70300,0.11160,0.02060,1280000,-1.00000,665041888832,0.00000
1733,866,0,2.23800,0.00000,0.00000,0.01660,0,-1.00000,665041908327,0.00000
1734,867,0,0.30980,1.06810,0.10420,0.01620,1280000,-1.00000,665041911609,0.00000
1735,867,0,1.52880,0.00000,0.00000,0.01600,0,-1.00000,665041926578,0.00000
1736,868,0,0.30270,1.68470,0.10990,0.01890,1280000,-1.00000,665041933793,0.00000
1737,868,0,2.22410,0.00000,0.00000,0.02140,0,-1.00000,665041956173,0.00000
1738,869,0,0.38110,1.03670,0.11000,0.02530,1280000,-1.00000,665041959267,0.00000
1739,869,0,1.64430,0.00000,0.00000,0.02350,0,-1.00000,665041974554,0.00000
1740,870,0,0.40640,1.12160,0.11000,0.02110,1280000,-1.00000,665041977579,0.00000
1741,870,0,1.64800,0.00000,0.00000,0.02200,0,-1.00000,665041999826,0.00000
1742,871,0,0.38020,1.05470,0.11780,0.02090,1280000,-1.00000,665042003631,0.00000
1743,871,0,1.62200,0.00000,0.00000,0.01890,0,-1.00000,665042020093,0.00000
1744,872,0,1.15980,1.08600,0.10160,0.02480,1280000,-1.00000,665042024148,0.00000
1745,872,0,1.65580,0.00000,0.00000,0.02710,0,-1.00000,665042040627,0.00000
1746,873,0,1.29150,1.07390,0.09780,0.02040,1280000,-1.00000,665042044425,0.00000
1747,873,0,1.58650,0.00000,0.00000,0.01760,0,-1.00000,665042060647,0.00000
1748,874,0,0.87489,1.07620,0.11050,0.03170,1280000,-1.00000,665042072250,0.00000
1749,874,0,1.62300,0.00000,0.00000,0.01710,0,-1.00000,665042088801,0.00000
1750,875,0,0.30370,1.06810,0.10060,0.01690,1280000,-1.00000,665042101717,0.00000
1751,875,0,1.55630,0.00000,0.00000,0.01690,0,-1.00000,665042117583,0.00000
1752,876,0,0.30270,1.64620,0.10830,0.02000,1280000,-1.00000,665042126333,0.00000
1753,876,0,2.12860,0.00000,0.00000,0.01630,0,-1.00000,665042142562,0.00000
1754,877,0,0.34470,1.08210,0.10660,0.02240,1280000,-1.00000,665042145594,0.00000
1755,877,0,1.60390,0.00000,0.00000,0.02240,0,-1.00000,665042161158,0.00000
1756,878,0,0.49750,1.05350,0.12930,0.02300,1280000,-1.00000,665042164184,0.00000
1757,878,0,1.60340,0.00000,0.00000,0.01840,0,-1.00000,665042185472,0.00000
1758,879,0,1.33940,1.02900,0.09850,0.01780,1280000,-1.00000,665042188924,0.00000
1759,879,0,1.53120,0.00000,0.00000,0.01750,0,-1.00000,665042204958,0.00000
1760,880,0,0.29900,1.06590,0.12870,0.01730,1280000,-1.00000,665042209940,0.00000
1761,880,0,1.55220,0.00000,0.00000,0.01660,0,-1.00000,665042225969,0.00000
1762,881,0,0.87250,1.67100,0.12860,0.02450,1280000,-1.00000,665042239408,0.00000
1763,881,0,2.22710,0.00000,0.00000,0.01880,0,-1.00000,665042254672,0.00000
1764,882,0,0.32240,1.02600,0.13120,0.02480,1280000,-1.00000,665042257662,0.00000
1765,882,0,1.61200,0.00000,0.00000,0.02320,0,-1.00000,665042273182,0.00000
1766,883,0,0.36340,1.02340,0.09950,0.02290,1280000,-1.00000,665042281911,0.00000
1767,883,0,1.55461,0.00000,0.00000,0.01850,0,-1.00000,665042304181,0.00000
1768,884,0,0.32420,1.51440,0.11720,0.02450,1280000,-1.00000,665042307403,0.00000
1769,884,0,2.06149,0.00000,0.00000,0.02100,0,-1.00000,665042323534,0.00000
1770,885,0,0.34250,1.02650,0.09900,0.01850,1280000,-1.00000,665042327172,0.00000
1771,885,0,1.52380,0.00000,0.00000,0.01700,0,-1.00000,665042342707,0.00000
1772,886,0,0.45910,1.02490,0.09610,0.01860,1280000,-1.00000,665042345947,0.00000
1773,886,0,1.60630,0.00000,0.00000,0.02190,0,-1.00000,665042366569,0.00000
1774,887,0,0.35040,1.02550,0.11900,0.01990,1280000,-1.00000,665042369988,0.00000
1775,887,0,1.67630,0.00000,0.00000,0.01740,0,-1.00000,665042385224,0.00000
1776,888,0,1.18540,1.05770,0.11310,0.01720,1280000,-1.00000,665042389815,0.00000
1777,888,0,1.54480,0.00000,0.00000,0.01620,0,-1.00000,665042405868,0.00000
1778,889,0,0.90050,1.05330,0.10660,0.01650,1280000,-1.00000,665042409382,0.00000
1779,889,0,1.51380,0.00000,0.00000,0.01630,0,-1.00000,665042426149,0.00000
1780,890,0,0.29940,1.67150,0.11890,0.02260,1280000,-1.00000,665042438000,0.00000
1781,890,0,2.18870,0.00000,0.00000,0.01820,0,-1.00000,665042453446,0.00000
1782,891,0,0.31660,1.45880,0.10340,0.01900,1280000,-1.00000,665042462454,0.00000
1783,891,0,1.95790,0.00000,0.00000,0.01640,0,-1.00000,665042477588,0.00000
1784,892,0,0.30080,1.63380,0.11320,0.01850,1280000,-1.00000,665042480582,0.00000
1785,892,0,2.10820,0.00000,0.00000,0.01620,0,-1.00000,665042502473,0.00000
1786,893,0,0.30580,1.01150,0.11710,0.01760,1280000,-1.00000,665042505634,0.00000
1787,893,0,1.49860,0.00000,0.00000,0.01620,0,-1.00000,665042525219,0.00000
1788,894,0,0.28890,1.64820,0.11080,0.01690,1280000,-1.00000,665042528223,0.00000
1789,894,0,2.10160,0.00000,0.00000,0.01540,0,-1.00000,665042549306,0.00000
1790,895,0,0.30000,1.00990,0.11800,0.02390,1280000,-1.00000,665042552362,0.00000
1791,895,0,1.55480,0.00000,0.00000,0.01890,0,-1.00000,665042567351,0.00000
1792,896,0,0.84190,1.02260,0.11470,0.02400,1280000,-1.00000,665042570236,0.00000
1793,896,0,1.68070,0.00000,0.00000,0.02150,0,-1.00000,665042591255,0.00000
1794,897,0,0.36180,1.04710,0.10680,0.01970,1280000,-1.00000,665042594254,0.00000
1795,897,0,1.57160,0.00000,0.00000,0.01930,0,-1.00000,665042609806,0.00000
1796,898,0,1.14450,1.03560,0.13190,0.02790,1280000,-1.00000,665042618235,0.00000
1797,898,0,1.67680,0.00000,0.00000,0.01900,0,-1.00000,665042635031,0.00000
1798,899,0,0.35700,1.05510,0.10870,0.02620,1280000,-1.00000,665042638645,0.00000
1799,899,0,1.60900,0.00000,0.00000,0.01910,0,-1.00000,665042654354,0.00000
1800,900,0,0.32850,1.67630,0.11390,0.02060,1280000,-1.00000,665042665810,0.00000
1801,900,0,2.24790,0.00000,0.00000,0.01800,0,-1.00000,665042682593,0.00000
1802,901,0,1.69359,1.02180,0.10390,0.02900,1280000,-1.00000,665042686155,0.00000
1803,901,0,1.68170,0.00000,0.00000,0.02020,0,-1.00000,665042702238,0.00000
1804,902,0,0.41520,1.01930,0.10540,0.02610,1280000,-1.00000,665042705573,0.00000
1805,902,0,1.58910,0.00000,0.00000,0.02290,0,-1.00000,665042728001,0.00000
1806,903,0,0.43760,1.01690,0.11120,0.02380,1280000,-1.00000,665042744948,0.00000
1807,903,0,1.63000,0.00000,0.00000,0.02110,0,-1.00000,665042761762,0.00000
1808,904,0,0.35540,1.63330,0.10170,0.01870,1280000,-1.00000,665042765914,0.00000
1809,904,0,2.14390,0.00000,0.00000,0.02070,0,-1.00000,665042781811,0.00000
1810,905,0,0.34439,1.03340,0.12910,0.02350,1280000,-1.00000,665042786180,0.00000
1811,905,0,1.62310,0.00000,0.00000,0.02220,0,-1.00000,665042802477,0.00000
1812,906,0,0.35021,1.66840,0.10880,0.01890,1280000,-1.00000,665042806026,0.00000
1813,906,0,2.18199,0.00000,0.00000,0.02480,0,-1.00000,665042827474,0.00000
1814,907,0,0.32290,1.66990,0.11750,0.02020,1280000,-1.00000,665042830912,0.00000
1815,907,0,2.15430,0.00000,0.00000,0.01770,0,-1.00000,665042847141,0.00000
1816,908,0,1.60760,1.04460,0.11360,0.01920,1280000,-1.00000,665042850642,0.00000
1817,908,0,1.56170,0.00000,0.00000,0.01670,0,-1.00000,665042872463,0.00000
1818,909,0,0.30160,1.66830,0.10820,0.01800,1280000,-1.00000,665042875691,0.00000
1819,909,0,2.16210,0.00000,0.00000,0.01630,0,-1.00000,665042897234,0.00000
1820,910,0,0.29390,1.04640,0.11440,0.01660,1280000,-1.00000,665042913316,0.00000
1821,910,0,1.53320,0.00000,0.00000,0.02230,0,-1.00000,665042928927,0.00000
1822,911,0,0.38770,1.09540,0.11330,0.02690,1280000,-1.00000,665042931941,0.00000
1823,911,0,1.69460,0.00000,0.00000,0.02350,0,-1.00000,665042953567,0.00000
1824,912,0,1.06380,1.00820,0.10370,0.02170,1280000,-1.00000,665042956504,0.00000
1825,912,0,1.56950,0.00000,0.00000,0.02290,0,-1.00000,665042971840,0.00000
1826,913,0,0.78620,1.02080,0.11390,0.02170,1280000,-1.00000,665042975715,0.00000
1827,913,0,1.57880,0.00000,0.00000,0.02210,0,-1.00000,665042992670,0.00000
1828,914,0,0.78980,1.00600,0.10980,0.01950,1280000,-1.00000,665043003320,0.00000
1829,914,0,1.54600,0.00000,0.00000,0.01760,0,-1.00000,665043019000,0.00000
1830,915,0,0.31270,1.66610,0.11490,0.01660,1280000,-1.00000,665043026852,0.00000
1831,915,0,2.17480,0.00000,0.00000,0.01660,0,-1.00000,665043042651,0.00000
1832,916,0,0.81679,1.49710,0.19080,0.01870,1280000,-1.00000,665043050551,0.00000
1833,916,0,2.07251,0.00000,0.00000,0.01670,0,-1.00000,665043066005,0.00000
1834,917,0,0.33639,1.66120,0.10080,0.01680,1280000,-1.00000,665043069125,0.00000
1835,917,0,2.13690,0.00000,0.00000,0.06850,0,-1.00000,665043090872,0.00000
1836,918,0,0.40980,1.28120,0.10330,0.02390,1280000,-1.00000,665043099049,0.00000
1837,918,0,1.83289,0.00000,0.00000,0.02080,0,-1.00000,665043119765,0.00000
1838,919,0,0.36991,1.66900,0.10590,0.01870,1280000,-1.00000,665043123130,0.00000
1839,919,0,2.18130,0.00000,0.00000,0.01710,0,-1.00000,665043144498,0.00000
1840,920,0,0.29800,1.62580,0.10350,0.02140,1280000,-1.00000,665043148599,0.00000
1841,920,0,2.14470,0.00000,0.00000,0.02250,0,-1.00000,665043166927,0.00000
1842,921,0,0.36270,1.04660,0.10460,0.02000,1280000,-1.00000,665043170624,0.00000
1843,921,0,1.56860,0.00000,0.00000,0.01940,0,-1.00000,665043192437,0.00000
1844,922,0,0.31910,1.66010,0.11840,0.02060,1280000,-1.00000,665043195417,0.00000
1845,922,0,2.17650,0.00000,0.00000,0.01690,0,-1.00000,665043216870,0.00000
1846,923,0,0.49970,0.99920,0.12520,0.01960,1280000,-1.00000,665043220498,0.00000
1847,923,0,1.52280,0.00000,0.00000,0.02020,0,-1.00000,665043236181,0.00000
1848,924,0,0.90090,1.00370,0.11060,0.01820,1280000,-1.00000,665043239373,0.00000
1849,924,0,1.56400,0.00000,0.00000,0.01620,0,-1.00000,665043261135,0.00000
1850,925,0,0.38710,1.03610,0.11040,0.02040,1280000,-1.00000,665043266134,0.00000
1851,925,0,1.68280,0.00000,0.00000,0.01990,0,-1.00000,665043281361,0.00000
1852,926,0,1.13410,1.01590,0.12760,0.02930,1280000,-1.00000,665043290372,0.00000
1853,926,0,1.64190,0.00000,0.00000,0.02380,0,-1.00000,665043306008,0.00000
1854,927,0,0.76590,1.10670,0.16980,0.02250,1280000,-1.00000,665043309882,0.00000
1855,927,0,1.70760,0.00000,0.00000,0.02230,0,-1.00000,665043326700,0.00000
1856,928,0,0.67480,1.08650,0.11510,0.02080,1280000,-1.00000,665043338053,0.00000
1857,928,0,1.64510,0.00000,0.00000,0.02070,0,-1.00000,665043354481,0.00000
1858,929,0,0.37270,1.66440,0.10880,0.02210,1280000,-1.00000,665043362139,0.00000
1859,929,0,2.19920,0.00000,0.00000,0.01850,0,-1.00000,665043379203,0.00000
1860,930,0,0.56020,1.00790,0.09610,0.01800,1280000,-1.00000,665043385960,0.00000
1861,930,0,1.56800,0.00000,0.00000,0.01680,0,-1.00000,665043402402,0.00000
1862,931,0,2.01930,1.65680,0.11430,0.03950,1280000,-1.00000,665043406130,0.00000
1863,931,0,2.38480,0.00000,0.00000,0.02510,0,-1.00000,665043428127,0.00000
1864,932,0,0.42750,1.08840,0.19630,0.03040,1280000,-1.00000,665043433728,0.00000
1865,932,0,1.89610,0.00000,0.00000,0.02020,0,-1.00000,665043449404,0.00000
1866,933,0,0.36560,1.03080,0.18300,0.02650,1280000,-1.00000,665043469607,0.00000
1867,933,0,1.73040,0.00000,0.00000,0.02040,0,-1.00000,665043493471,0.00000
1868,934,0,0.36780,1.00450,0.09380,0.01840,1280000,-1.00000,665043497721,0.00000
1869,934,0,1.49410,0.00000,0.00000,0.02340,0,-1.00000,665043516692,0.00000
1870,935,0,0.35880,1.24370,0.12740,0.02170,1280000,-1.00000,665043520338,0.00000
1871,935,0,1.78450,0.00000,0.00000,0.01860,0,-1.00000,665043537648,0.00000
1872,936,0,0.46440,1.00970,0.10910,0.02180,1280000,-1.00000,665043541320,0.00000
1873,936,0,1.59370,0.00000,0.00000,0.01780,0,-1.00000,665043556262,0.00000
1874,937,0,0.31240,1.06090,0.14950,0.02460,1280000,-1.00000,665043559847,0.00000
1875,937,0,1.65190,0.00000,0.00000,0.02090,0,-1.00000,665043577689,0.00000
1876,938,0,1.92900,1.27590,0.20280,0.05220,1280000,-1.00000,665043582337,0.00000
1877,938,0,2.21200,0.00000,0.00000,0.02770,0,-1.00000,665043598263,0.00000
1878,939,0,0.50460,1.01950,0.12150,0.02620,1280000,-1.00000,665043601400,0.00000
1879,939,0,1.64870,0.00000,0.00000,0.02050,0,-1.00000,665043617926,0.00000
1880,940,0,0.36640,1.02220,0.11200,0.02760,1280000,-1.00000,665043637230,0.00000
1881,940,0,1.65430,0.00000,0.00000,0.01960,0,-1.00000,665043659371,0.00000
1882,941,0,0.36700,1.13750,0.17130,0.02240,1280000,-1.00000,665043664385,0.00000
1883,941,0,1.74300,0.00000,0.00000,0.01980,0,-1.00000,665043680874,0.00000
1884,942,0,0.35010,1.04980,0.10220,0.02380,1280000,-1.00000,665043684528,0.00000
1885,942,0,1.53700,0.00000,0.00000,0.01770,0,-1.00000,665043701073,0.00000
1886,943,0,0.37680,1.03270,0.13040,0.02240,1280000,-1.00000,665043704738,0.00000
1887,943,0,1.58400,0.00000,0.00000,0.01810,0,-1.00000,665043722169,0.00000
1888,944,0,1.96100,1.02530,0.11150,0.02380,1280000,-1.00000,665043725668,0.00000
1889,944,0,1.57670,0.00000,0.00000,0.01950,0,-1.00000,665043741037,0.00000
1890,945,0,0.36580,1.45110,0.13070,0.02830,1280000,-1.00000,665043744806,0.00000
1891,945,0,2.07200,0.00000,0.00000,0.01940,0,-1.00000,665043760648,0.00000
1892,946,0,0.33681,1.64600,0.11520,0.02240,1280000,-1.00000,665043780262,0.00000
1893,946,0,2.18940,0.00000,0.00000,0.02050,0,-1.00000,665043796029,0.00000
1894,947,0,0.33740,1.65970,0.10910,0.02310,1280000,-1.00000,665043799696,0.00000
1895,947,0,2.20740,0.00000,0.00000,0.01850,0,-1.00000,665043820405,0.00000
1896,948,0,0.33850,1.63080,0.10740,0.02220,1280000,-1.00000,665043823769,0.00000
1897,948,0,2.17500,0.00000,0.00000,0.01810,0,-1.00000,665043845661,0.00000
1898,949,0,0.44290,1.00070,0.10490,0.01870,1280000,-1.00000,665043849037,0.00000
1899,949,0,1.52410,0.00000,0.00000,0.01870,0,-1.00000,665043871113,0.00000
1900,950,0,2.05550,1.01590,0.11580,0.02010,1280000,-1.00000,665043874499,0.00000
1901,950,0,1.52270,0.00000,0.00000,0.01760,0,-1.00000,665043896246,0.00000
1902,951,0,0.31070,1.67200,0.10620,0.01940,1280000,-1.00000,665043900675,0.00000
1903,951,0,2.15220,0.00000,0.00000,0.01640,0,-1.00000,665043915914,0.00000
1904,952,0,0.30280,1.67180,0.12020,0.01730,1280000,-1.00000,665043936484,0.00000
1905,952,0,2.14090,0.00000,0.00000,0.01630,0,-1.00000,665043951698,0.00000
1906,953,0,0.36400,1.04250,0.12050,0.02650,1280000,-1.00000,665043954803,0.00000
1907,953,0,1.67190,0.00000,0.00000,0.01920,0,-1.00000,665043976327,0.00000
1908,954,0,0.33900,1.00480,0.10110,0.02470,1280000,-1.00000,665043979354,0.00000
1909,954,0,1.55470,0.00000,0.00000,0.01920,0,-1.00000,665044000761,0.00000
1910,955,0,0.40820,1.62160,0.10150,0.01910,1280000,-1.00000,665044004406,0.00000
1911,955,0,2.12560,0.00000,0.00000,0.01790,0,-1.00000,665044021122,0.00000
1912,956,0,0.31940,1.67300,0.10510,0.01900,1280000,-1.00000,665044024524,0.00000
1913,956,0,2.21950,0.00000,0.00000,0.01960,0,-1.00000,665044040061,0.00000
1914,957,0,1.32900,1.00790,0.10070,0.02080,1280000,-1.00000,665044044142,0.00000
1915,957,0,1.60160,0.00000,0.00000,0.02220,0,-1.00000,665044065399,0.00000
1916,958,0,0.74460,1.04890,0.11270,0.02090,1280000,-1.00000,665044068592,0.00000
1917,958,0,1.56490,0.00000,0.00000,0.01740,0,-1.00000,665044090785,0.00000
1918,959,0,0.31250,1.00850,0.12830,0.01780,1280000,-1.00000,665044104084,0.00000
1919,959,0,2.89430,0.00000,0.00000,0.01490,0,-1.00000,665044120097,0.00000
1920,960,0,0.29060,1.02980,0.11270,0.02180,1280000,-1.00000,665044127545,0.00000
1921,960,0,1.60130,0.00000,0.00000,0.01820,0,-1.00000,665044143188,0.00000
1922,961,0,0.51580,1.01230,0.11880,0.01710,1280000,-1.00000,665044146312,0.00000
1923,961,0,1.50370,0.00000,0.00000,0.01620,0,-1.00000,665044175262,0.00000
1924,962,0,0.92140,1.05060,0.10860,0.02140,1280000,-1.00000,665044178160,0.00000
1925,962,0,1.61010,0.00000,0.00000,0.02060,0,-1.00000,665044194173,0.00000
1926,963,0,1.99170,1.01880,0.11000,0.02200,1280000,-1.00000,665044199334,0.00000
1927,963,0,1.53730,0.00000,0.00000,0.01790,0,-1.00000,665044214368,0.00000
1928,964,0,2.07270,1.02570,0.13980,0.02610,1280000,-1.00000,665044223590,0.00000
1929,964,0,1.56910,0.00000,0.00000,0.01790,0,-1.00000,665044239685,0.00000
1930,965,0,0.39790,1.06850,0.10870,0.02500,1280000,-1.00000,665044259612,0.00000
1931,965,0,1.65420,0.00000,0.00000,0.02190,0,-1.00000,665044274978,0.00000
1932,966,0,0.35370,1.05440,0.10510,0.02130,1280000,-1.00000,665044295704,0.00000
1933,966,0,1.58210,0.00000,0.00000,0.01810,0,-1.00000,665044311396,0.00000
1934,967,0,0.31400,1.03490,0.11420,0.01920,1280000,-1.00000,665044315375,0.00000
1935,967,0,1.53369,0.00000,0.00000,0.01790,0,-1.00000,665044331918,0.00000
1936,968,0,0.32130,1.67600,0.11430,0.01700,1280000,-1.00000,665044335455,0.00000
1937,968,0,2.15480,0.00000,0.00000,0.01710,0,-1.00000,665044351274,0.00000
1938,969,0,0.31200,1.01790,0.10950,0.01720,1280000,-1.00000,665044354412,0.00000
1939,969,0,1.50380,0.00000,0.00000,0.01790,0,-1.00000,665044369748,0.00000
1940,970,0,1.34870,1.05680,0.10010,0.02010,1280000,-1.00000,665044372960,0.00000
1941,970,0,1.59790,0.00000,0.00000,0.01740,0,-1.00000,665044394514,0.00000
1942,971,0,2.05300,1.02530,0.11940,0.01770,1280000,-1.00000,665044397628,0.00000
1943,971,0,1.51100,0.00000,0.00000,0.01640,0,-1.00000,665044412667,0.00000
1944,972,0,0.30980,1.06000,0.10530,0.01830,1280000,-1.00000,665044426157,0.00000
1945,972,0,1.58310,0.00000,0.00000,0.01710,0,-1.00000,665044442137,0.00000
1946,973,0,0.31680,1.67860,0.11110,0.01690,1280000,-1.00000,665044462673,0.00000
1947,973,0,2.15940,0.00000,0.00000,0.01570,0,-1.00000,665044477774,0.00000
1948,974,0,0.29390,1.02050,0.11610,0.01740,1280000,-1.00000,665044480869,0.00000
1949,974,0,1.50150,0.00000,0.00000,0.01640,0,-1.00000,665044496702,0.00000
1950,975,0,0.35451,1.02380,0.10100,0.01770,1280000,-1.00000,665044499870,0.00000
1951,975,0,1.48710,0.00000,0.00000,0.01610,0,-1.00000,665044521463,0.00000
1952,976,0,0.29240,1.13690,0.13970,0.02310,1280000,-1.00000,665044524401,0.00000
1953,976,0,1.69120,0.00000,0.00000,0.01940,0,-1.00000,665044539419,0.00000
1954,977,0,0.85720,1.11210,0.09730,0.02050,1280000,-1.00000,665044542964,0.00000
1955,977,0,1.61710,0.00000,0.00000,0.02110,0,-1.00000,665044557834,0.00000
1956,978,0,0.34520,1.69350,0.11300,0.02320,1280000,-1.00000,665044560756,0.00000
1957,978,0,2.22700,0.00000,0.00000,0.01860,0,-1.00000,665044577674,0.00000
1958,979,0,0.32180,1.67950,0.11350,0.01820,1280000,-1.00000,665044586250,0.00000
1959,979,0,2.18010,0.00000,0.00000,0.01770,0,-1.00000,665044602410,0.00000
1960,980,0,0.30450,1.11230,0.13890,0.02300,1280000,-1.00000,665044605870,0.00000
1961,980,0,1.66050,0.00000,0.00000,0.02310,0,-1.00000,665044628136,0.00000
1962,981,0,0.37020,1.04280,0.14060,0.02820,1280000,-1.00000,665044631353,0.00000
1963,981,0,1.62920,0.00000,0.00000,0.02280,0,-1.00000,665044653155,0.00000
1964,982,0,0.37310,1.68720,0.09320,0.02000,1280000,-1.00000,665044656200,0.00000
1965,982,0,2.16950,0.00000,0.00000,0.01810,0,-1.00000,665044672815,0.00000
1966,983,0,0.42390,1.04400,0.10390,0.02560,1280000,-1.00000,665044676509,0.00000
1967,983,0,1.58909,0.00000,0.00000,0.02200,0,-1.00000,665044692805,0.00000
1968,984,0,0.36970,1.07840,0.10740,0.01970,1280000,-1.00000,665044696530,0.00000
1969,984,0,1.78040,0.00000,0.00000,0.01990,0,-1.00000,665044718225,0.00000
1970,985,0,1.35291,1.08940,0.10980,0.02070,1280000,-1.00000,665044722463,0.00000
1971,985,0,1.62500,0.00000,0.00000,0.01860,0,-1.00000,665044738363,0.00000
1972,986,0,0.75320,1.69850,0.11850,0.01840,1280000,-1.00000,665044742044,0.00000
1973,986,0,2.23331,0.00000,0.00000,0.01670,0,-1.00000,665044759844,0.00000
1974,987,0,0.32340,1.07670,0.10560,0.01870,1280000,-1.00000,665044773392,0.00000
1975,987,0,1.55470,0.00000,0.00000,0.01650,0,-1.00000,665044789635,0.00000
1976,988,0,0.30240,1.03450,0.11340,0.01900,1280000,-1.00000,665044797170,0.00000
1977,988,0,1.53600,0.00000,0.00000,0.01750,0,-1.00000,665044819499,0.00000
1978,989,0,0.31170,1.07630,0.10040,0.01660,1280000,-1.00000,665044822734,0.00000
1979,989,0,1.54270,0.00000,0.00000,0.02200,0,-1.00000,665044838280,0.00000
1980,990,0,0.54860,1.04700,0.11740,0.01720,1280000,-1.00000,665044841301,0.00000
1981,990,0,1.54790,0.00000,0.00000,0.01700,0,-1.00000,665044856663,0.00000
1982,991,0,0.80360,1.07760,0.10680,0.02010,1280000,-1.00000,665044859780,0.00000
1983,991,0,1.71230,0.00000,0.00000,0.01990,0,-1.00000,665044875207,0.00000
1984,992,0,0.31720,1.22550,0.10720,0.01730,1280000,-1.00000,665044880695,0.00000
1985,992,0,1.70130,0.00000,0.00000,0.02040,0,-1.00000,665044896174,0.00000
1986,993,0,1.03940,1.03690,0.10650,0.01720,1280000,-1.00000,665044904210,0.00000
1987,993,0,1.53790,0.00000,0.00000,0.01980,0,-1.00000,665044921326,0.00000
1988,994,0,0.78500,1.05850,0.11110,0.02860,1280000,-1.00000,665044924502,0.00000
1989,994,0,1.67220,0.00000,0.00000,0.02190,0,-1.00000,665044941516,0.00000
1990,995,0,0.36950,1.20780,0.09600,0.02420,1280000,-1.00000,665044951919,0.00000
1991,995,0,1.74070,0.00000,0.00000,0.01900,0,-1.00000,665044967294,0.00000
1992,996,0,0.31870,1.70010,0.11550,0.02260,1280000,-1.00000,665044975142,0.00000
1993,996,0,2.21780,0.00000,0.00000,0.01800,0,-1.00000,665044991869,0.00000
1994,997,0,0.32060,1.69460,0.10590,0.01940,1280000,-1.00000,665044995569,0.00000
1995,997,0,2.18019,0.00000,0.00000,0.01670,0,-1.00000,665045012965,0.00000
1996,998,0,0.30720,1.69520,0.08630,0.01700,1280000,-1.00000,665045016152,0.00000
1997,998,0,2.16990,0.00000,0.00000,0.01980,0,-1.00000,665045038333,0.00000
1998,999,0,1.94280,1.04310,0.10790,0.02420,1280000,-1.00000,665045041535,0.00000
1999,999,0,1.56010,0.00000,0.00000,0.01750,0,-1.00000,665045063337,0.00000
2000,1000,0,0.43000,1.69420,0.10480,0.01920,1280000,-1.00000,665045066407,0.00000
2001,1000,0,2.22110,0.00000,0.00000,0.01840,0,-1.00000,665045088108,0.00000
2002,1001,0,0.31720,1.64900,0.11310,0.01830,1280000,-1.00000,665045107546,0.00000
2003,1001,0,2.13630,0.00000,0.00000,0.01650,0,-1.00000,665045123137,0.00000
2004,1002,0,0.30260,1.10780,0.18470,0.01810,1280000,-1.00000,665045127439,0.00000
2005,1002,0,1.66340,0.00000,0.00000,0.01720,0,-1.00000,665045149650,0.00000
2006,1003,0,0.40330,1.28420,0.10530,0.02450,1280000,-1.00000,665045152819,0.00000
2007,1003,0,1.81170,0.00000,0.00000,0.01880,0,-1.00000,665045174184,0.00000
2008,1004,0,0.32230,1.27420,0.10880,0.02170,1280000,-1.00000,665045177208,0.00000
2009,1004,0,1.79310,0.00000,0.00000,0.01900,0,-1.00000,665045193843,0.00000
2010,1005,0,0.32610,1.68980,0.09750,0.01800,1280000,-1.00000,665045197874,0.00000
2011,1005,0,2.16631,0.00000,0.00000,0.01650,0,-1.00000,665045215996,0.00000
2012,1006,0,0.32260,1.69890,0.09750,0.01840,1280000,-1.00000,665045219215,0.00000
2013,1006,0,2.19120,0.00000,0.00000,0.01650,0,-1.00000,665045237149,0.00000
2014,1007,0,0.31290,1.04150,0.09990,0.01830,1280000,-1.00000,665045240408,0.00000
2015,1007,0,1.51200,0.00000,0.00000,0.01600,0,-1.00000,665045262070,0.00000
2016,1008,0,0.44390,1.04570,0.09780,0.01730,1280000,-1.00000,665045265294,0.00000
2017,1008,0,1.52550,0.00000,0.00000,0.01650,0,-1.00000,665045287212,0.00000
2018,1009,0,2.10820,1.09020,0.18220,0.02970,1280000,-1.00000,665045290338,0.00000
2019,1009,0,1.79440,0.00000,0.00000,0.02340,0,-1.00000,665045305458,0.00000
2020,1010,0,0.57240,1.08510,0.10870,0.01970,1280000,-1.00000,665045309895,0.00000
2021,1010,0,1.57950,0.00000,0.00000,0.01740,0,-1.00000,665045325154,0.00000
2022,1011,0,0.77650,1.08480,0.11250,0.02120,1280000,-1.00000,665045346247,0.00000
2023,1011,0,1.61621,0.00000,0.00000,0.01790,0,-1.00000,665045364181,0.00000
2024,1012,0,0.82000,1.04320,0.11150,0.01740,1280000,-1.00000,665045369904,0.00000
2025,1012,0,1.53370,0.00000,0.00000,0.01640,0,-1.00000,665045385699,0.00000
2026,1013,0,0.28560,1.09150,0.10700,0.01650,1280000,-1.00000,665045393463,0.00000
2027,1013,0,1.72280,0.00000,0.00000,0.02370,0,-1.00000,665045409627,0.00000
2028,1014,0,1.21620,1.09340,0.11340,0.02210,1280000,-1.00000,665045417827,0.00000
2029,1014,0,1.64590,0.00000,0.00000,0.01930,0,-1.00000,665045433163,0.00000
2030,1015,0,0.33970,1.65820,0.20890,0.02140,1280000,-1.00000,665045436014,0.00000
2031,1015,0,2.28320,0.00000,0.00000,0.01990,0,-1.00000,665045453241,0.00000
2032,1016,0,0.32810,1.09900,0.10380,0.02090,1280000,-1.00000,665045465416,0.00000
2033,1016,0,1.63920,0.00000,0.00000,0.01820,0,-1.00000,665045481869,0.00000
2034,1017,0,0.33990,1.70030,0.11980,0.01870,1280000,-1.00000,665045485265,0.00000
2035,1017,0,2.20111,0.00000,0.00000,0.01710,0,-1.00000,665045508093,0.00000
2036,1018,0,0.29660,1.66050,0.12000,0.01780,1280000,-1.00000,665045511378,0.00000
2037,1018,0,2.13530,0.00000,0.00000,0.01640,0,-1.00000,665045527771,0.00000
2038,1019,0,0.31220,1.69590,0.11380,0.02300,1280000,-1.00000,665045531168,0.00000
2039,1019,0,2.21610,0.00000,0.00000,0.02290,0,-1.00000,665045553177,0.00000
2040,1020,0,0.34650,1.70300,0.11840,0.01770,1280000,-1.00000,665045556144,0.00000
2041,1020,0,2.19770,0.00000,0.00000,0.01660,0,-1.00000,665045577495,0.00000
2042,1021,0,0.31310,1.65990,0.11880,0.02630,1280000,-1.00000,665045580616,0.00000
2043,1021,0,2.24770,0.00000,0.00000,0.03580,0,-1.00000,665045602780,0.00000
2044,1022,0,0.46970,1.06010,0.09570,0.02530,1280000,-1.00000,665045606245,0.00000
2045,1022,0,1.59240,0.00000,0.00000,0.02100,0,-1.00000,665045628220,0.00000
2046,1023,0,0.37180,1.06840,0.10690,0.02060,1280000,-1.00000,665045631350,0.00000
2047,1023,0,1.62680,0.00000,0.00000,0.02050,0,-1.00000,665045653847,0.00000
2048,1024,0,0.38120,1.19290,0.12390,0.02540,1280000,-1.00000,665045658533,0.00000
2049,1024,0,1.77479,0.00000,0.00000,0.02040,0,-1.00000,665045674452,0.00000
2050,1025,0,0.37341,1.06150,0.11370,0.02030,1280000,-1.00000,665045678170,0.00000
2051,1025,0,1.62350,0.00000,0.00000,0.01950,0,-1.00000,665045694444,0.00000
2052,1026,0,0.43920,1.66920,0.09520,0.02090,1280000,-1.00000,665045698262,0.00000
2053,1026,0,2.18610,0.00000,0.00000,0.01840,0,-1.00000,665045716005,0.00000
2054,1027,0,2.65540,1.11930,0.16800,0.02230,1280000,-1.00000,665045719733,0.00000
2055,1027,0,1.72860,0.00000,0.00000,0.02190,0,-1.00000,665045735960,0.00000
2056,1028,0,0.35190,1.30060,0.10680,0.02140,1280000,-1.00000,665045740358,0.00000
2057,1028,0,1.84730,0.00000,0.00000,0.02060,0,-1.00000,665045762223,0.00000
2058,1029,0,0.35780,1.20000,0.15160,0.02110,1280000,-1.00000,665045788782,0.00000
2059,1029,0,1.78570,0.00000,0.00000,0.02060,0,-1.00000,665045806062,0.00000
2060,1030,0,0.33560,1.67290,0.10500,0.02080,1280000,-1.00000,665045809583,0.00000
2061,1030,0,2.17960,0.00000,0.00000,0.01850,0,-1.00000,665045828050,0.00000
2062,1031,0,0.36000,1.11190,0.10930,0.01860,1280000,-1.00000,665045831631,0.00000
2063,1031,0,1.60070,0.00000,0.00000,0.01670,0,-1.00000,665045849483,0.00000
2064,1032,0,0.29440,1.06690,0.10710,0.02400,1280000,-1.00000,665045852836,0.00000
2065,1032,0,1.59350,0.00000,0.00000,0.01940,0,-1.00000,665045874638,0.00000
2066,1033,0,0.33729,1.67360,0.10410,0.02290,1280000,-1.00000,665045878238,0.00000
2067,1033,0,2.18890,0.00000,0.00000,0.01860,0,-1.00000,665045894243,0.00000
2068,1034,0,0.55790,1.11120,0.10430,0.02180,1280000,-1.00000,665045897186,0.00000
2069,1034,0,1.70260,0.00000,0.00000,0.02040,0,-1.00000,665045913120,0.00000
2070,1035,0,0.71780,1.75520,0.12560,0.02320,1280000,-1.00000,665045916495,0.00000
2071,1035,0,2.32309,0.00000,0.00000,0.02170,0,-1.00000,665045938392,0.00000
2072,1036,0,0.47630,1.09130,0.13510,0.03740,1280000,-1.00000,665045943961,0.00000
2073,1036,0,1.82860,0.00000,0.00000,0.02440,0,-1.00000,665045960997,0.00000
2074,1037,0,0.41610,1.08590,0.11380,0.02670,1280000,-1.00000,665045968178,0.00000
2075,1037,0,1.69660,0.00000,0.00000,0.02120,0,-1.00000,665045991412,0.00000
2076,1038,0,0.41730,1.09660,0.11540,0.02050,1280000,-1.00000,665045996163,0.00000
2077,1038,0,1.68390,0.00000,0.00000,0.01770,0,-1.00000,665046014480,0.00000
2078,1039,0,0.33389,1.09210,0.09640,0.01880,1280000,-1.00000,665046018611,0.00000
2079,1039,0,1.58810,0.00000,0.00000,0.01770,0,-1.00000,665046035588,0.00000
2080,1040,0,0.31630,1.12680,0.10100,0.02230,1280000,-1.00000,665046039750,0.00000
2081,1040,0,1.64060,0.00000,0.00000,0.01800,0,-1.00000,665046056587,0.00000
2082,1041,0,0.47490,1.17970,0.12050,0.02130,1280000,-1.00000,665046059929,0.00000
2083,1041,0,1.69890,0.00000,0.00000,0.02080,0,-1.00000,665046075808,0.00000
2084,1042,0,0.71350,1.15690,0.10470,0.02140,1280000,-1.00000,665046078970,0.00000
2085,1042,0,1.74089,0.00000,0.00000,0.01870,0,-1.00000,665046095375,0.00000
2086,1043,0,0.70790,1.12760,0.10680,0.01980,1280000,-1.00000,665046100125,0.00000
2087,1043,0,1.66680,0.00000,0.00000,0.01920,0,-1.00000,665046117117,0.00000
2088,1044,0,1.92620,1.13280,0.10690,0.02300,1280000,-1.00000,665046124274,0.00000
2089,1044,0,1.65281,0.00000,0.00000,0.01820,0,-1.00000,665046141651,0.00000
2090,1045,0,1.95240,1.17970,0.09760,0.02310,1280000,-1.00000,665046148741,0.00000
2091,1045,0,1.71460,0.00000,0.00000,0.02110,0,-1.00000,665046165404,0.00000
2092,1046,0,0.36900,1.19790,0.12340,0.02110,1280000,-1.00000,665046184676,0.00000
2093,1046,0,1.73590,0.00000,0.00000,0.02040,0,-1.00000,665046201192,0.00000
2094,1047,0,0.33610,1.14960,0.11770,0.02120,1280000,-1.00000,665046220727,0.00000
2095,1047,0,1.67849,0.00000,0.00000,0.01870,0,-1.00000,665046237869,0.00000
2096,1048,0,2.54510,1.11440,0.12210,0.03070,1280000,-1.00000,665046241555,0.00000
2097,1048,0,1.67780,0.00000,0.00000,0.01920,0,-1.00000,665046258918,0.00000
2098,1049,0,0.34800,1.10350,0.09630,0.02230,1280000,-1.00000,665046262276,0.00000
2099,1049,0,1.68830,0.00000,0.00000,0.01870,0,-1.00000,665046279066,0.00000
2100,1050,0,0.32180,1.10850,0.10940,0.02520,1280000,-1.00000,665046304518,0.00000
