frame,tick,dropped_ticks,frame_ms,pack_ms,upload_ms,submit_ms,upload_bytes,latest_gpu_ms,gpu_timing_timestamp,simulation_cpu_ms
301,150,0,3.09401,0.00000,0.00000,0.02340,0,-1.00000,665388966819,0.00000
302,151,0,1.44760,2.26930,0.22620,0.02160,2560000,-1.00000,665388970989,0.00000
303,151,0,3.05650,0.00000,0.00000,0.01700,0,-1.00000,665389005158,0.00000
304,152,0,1.46460,2.28840,0.27970,0.02260,2560000,-1.00000,665389011466,0.00000
305,152,0,3.26620,0.00000,0.00000,0.01760,0,-1.00000,665389042417,0.00000
306,153,0,1.22430,2.25970,0.23560,0.02170,2560000,-1.00000,665389056883,0.00000
307,153,0,3.10490,0.00000,0.00000,0.01550,0,-1.00000,665389087446,0.00000
308,154,0,1.41891,2.21320,0.23650,0.02510,2560000,-1.00000,665389102097,0.00000
309,154,0,3.06620,0.00000,0.00000,0.02120,0,-1.00000,665389134761,0.00000
310,155,0,1.49200,2.24020,0.22430,0.02380,2560000,-1.00000,665389147001,0.00000
311,155,0,3.06930,0.00000,0.00000,0.02170,0,-1.00000,665389178044,0.00000
312,156,0,0.41800,2.26470,0.21270,0.02770,2560000,-1.00000,665389192231,0.00000
313,156,0,3.19700,0.00000,0.00000,0.02290,0,-1.00000,665389222908,0.00000
314,157,0,2.31760,2.25490,0.20710,0.02630,2560000,-1.00000,665389237819,0.00000
315,157,0,3.08010,0.00000,0.00000,0.01900,0,-1.00000,665389268520,0.00000
316,158,0,1.38070,2.21070,0.22190,0.02040,2560000,-1.00000,665389272689,0.00000
317,158,0,3.05770,0.00000,0.00000,0.02110,0,-1.00000,665389304682,0.00000
318,159,0,1.48940,2.21900,0.20510,0.02440,2560000,-1.00000,665389327839,0.00000
319,159,0,2.99840,0.00000,0.00000,0.01780,0,-1.00000,665389358639,0.00000
320,160,0,1.49500,2.22080,0.21920,0.02770,2560000,-1.00000,665389372440,0.00000
321,160,0,3.04931,0.00000,0.00000,0.01860,0,-1.00000,665389403020,0.00000
322,161,0,1.45390,2.24690,0.22020,0.02480,2560000,-1.00000,665389417914,0.00000
323,161,0,3.10000,0.00000,0.00000,0.02260,0,-1.00000,665389447902,0.00000
324,162,0,1.38030,2.42340,0.23560,0.02830,2560000,-1.00000,665389462845,0.00000
325,162,0,3.32550,0.00000,0.00000,0.02250,0,-1.00000,665389493352,0.00000
326,163,0,1.16940,2.49390,0.26710,0.04120,2560000,-1.00000,665389507879,0.00000
327,163,0,3.53280,0.00000,0.00000,0.02770,0,-1.00000,665389538895,0.00000
328,164,0,3.10010,2.63340,0.23240,0.05390,2560000,-1.00000,665389552685,0.00000
329,164,0,3.86030,0.00000,0.00000,0.02980,0,-1.00000,665389585948,0.00000
330,165,0,0.84640,2.50510,0.26590,0.05280,2560000,-1.00000,665389597633,0.00000
331,165,0,3.61780,0.00000,0.00000,0.02770,0,-1.00000,665389632999,0.00000
332,166,0,0.80530,2.46570,0.23310,0.04700,2560000,-1.00000,665389664021,0.00000
333,166,0,3.41520,0.00000,0.00000,0.02500,0,-1.00000,665389702612,0.00000
334,167,0,1.05710,2.42180,0.20950,0.04200,2560000,-1.00000,665389711043,0.00000
335,167,0,3.39340,0.00000,0.00000,0.02680,0,-1.00000,665389747246,0.00000
336,168,0,0.46670,2.39230,0.23150,0.03050,2560000,-1.00000,665389755272,0.00000
337,168,0,3.16610,0.00000,0.00000,0.01950,0,-1.00000,665389789441,0.00000
338,169,0,0.49480,2.61280,0.29710,0.04160,2560000,-1.00000,665389799991,0.00000
339,169,0,3.68160,0.00000,0.00000,0.02590,0,-1.00000,665389833946,0.00000
340,170,0,0.41500,2.75890,0.26420,0.05060,2560000,-1.00000,665389838601,0.00000
341,170,0,4.12250,0.00000,0.00000,0.03430,0,-1.00000,665389870256,0.00000
342,171,0,0.65000,2.31780,0.22880,0.04440,2560000,-1.00000,665389875207,0.00000
343,171,0,3.33870,0.00000,0.00000,0.02550,0,-1.00000,665389912039,0.00000
344,172,0,0.56080,2.31020,0.23790,0.11010,2560000,-1.00000,665389916164,0.00000
345,172,0,3.26480,0.00000,0.00000,0.01870,0,-1.00000,665389957417,0.00000
346,173,0,1.28500,2.37180,0.24070,0.04640,2560000,-1.00000,665389963899,0.00000
347,173,0,3.36410,0.00000,0.00000,0.02590,0,-1.00000,665389997295,0.00000
348,174,0,1.85460,2.39900,0.29050,0.03120,2560000,-1.00000,665390002884,0.00000
349,174,0,3.35510,0.00000,0.00000,0.01940,0,-1.00000,665390035558,0.00000
350,175,0,3.06220,2.40030,0.25690,0.03360,2560000,-1.00000,665390048384,0.00000
351,175,0,3.34140,0.00000,0.00000,0.02570,0,-1.00000,665390082043,0.00000
352,176,0,0.43600,2.42210,0.25580,0.03480,2560000,-1.00000,665390100572,0.00000
353,176,0,3.37260,0.00000,0.00000,0.02830,0,-1.00000,665390134136,0.00000
354,177,0,0.49110,2.47430,0.24250,0.03070,2560000,-1.00000,665390164741,0.00000
355,177,0,3.37000,0.00000,0.00000,0.02310,0,-1.00000,665390198172,0.00000
356,178,0,0.43480,2.68140,0.25750,0.03460,2560000,-1.00000,665390202517,0.00000
357,178,0,3.59500,0.00000,0.00000,0.02740,0,-1.00000,665390236274,0.00000
358,179,0,0.51100,2.33630,0.20470,0.03620,2560000,-1.00000,665390241146,0.00000
359,179,0,3.31910,0.00000,0.00000,0.02450,0,-1.00000,665390274872,0.00000
360,180,0,1.27701,2.38160,0.29760,0.02090,2560000,-1.00000,665390279196,0.00000
361,180,0,3.20259,0.00000,0.00000,0.01860,0,-1.00000,665390315175,0.00000
362,181,0,0.47150,2.41310,0.23490,0.02350,2560000,-1.00000,665390320257,0.00000
363,181,0,3.20060,0.00000,0.00000,0.03150,0,-1.00000,665390353471,0.00000
364,182,0,0.98100,2.20020,0.22300,0.02040,2560000,-1.00000,665390366218,0.00000
365,182,0,3.02610,0.00000,0.00000,0.01770,0,-1.00000,665390398243,0.00000
366,183,0,1.17170,2.47240,0.28670,0.02560,2560000,-1.00000,665390402964,0.00000
367,183,0,3.33530,0.00000,0.00000,0.02050,0,-1.00000,665390434967,0.00000
368,184,0,0.95940,2.31360,0.25820,0.02290,2560000,-1.00000,665390444805,0.00000
369,184,0,3.15760,0.00000,0.00000,0.01720,0,-1.00000,665390475038,0.00000
370,185,0,1.17250,2.25900,0.23690,0.01880,2560000,-1.00000,665390486747,0.00000
371,185,0,3.01830,0.00000,0.00000,0.01490,0,-1.00000,665390520114,0.00000
372,186,0,1.23600,2.28330,0.26700,0.03920,2560000,-1.00000,665390529694,0.00000
373,186,0,3.28010,0.00000,0.00000,0.02320,0,-1.00000,665390561278,0.00000
374,187,0,1.03620,2.90110,0.31190,0.02330,2560000,-1.00000,665390572997,0.00000
375,187,0,3.76250,0.00000,0.00000,0.02010,0,-1.00000,665390603182,0.00000
376,188,0,0.38410,2.85030,0.30910,0.02140,2560000,-1.00000,665390615539,0.00000
377,188,0,3.66940,0.00000,0.00000,0.09670,0,-1.00000,665390648374,0.00000
378,189,0,0.60550,2.27670,0.23810,0.02350,2560000,-1.00000,665390658704,0.00000
379,189,0,3.10410,0.00000,0.00000,0.02030,0,-1.00000,665390696329,0.00000
380,190,0,0.39630,2.26720,0.26700,0.02780,2560000,-1.00000,665390700168,0.00000
381,190,0,3.14670,0.00000,0.00000,0.02440,0,-1.00000,665390736869,0.00000
382,191,0,0.83960,3.10830,0.31290,0.02230,2560000,-1.00000,665390742934,0.00000
383,191,0,4.10270,0.00000,0.00000,0.02300,0,-1.00000,665390773964,0.00000
384,192,0,0.41730,2.88400,0.32980,0.02070,2560000,-1.00000,665390777921,0.00000
385,192,0,3.71020,0.00000,0.00000,0.02240,0,-1.00000,665390809407,0.00000
386,193,0,0.40540,2.25300,0.24790,0.02400,2560000,-1.00000,665390817841,0.00000
387,193,0,3.04380,0.00000,0.00000,0.01800,0,-1.00000,665390858821,0.00000
388,194,0,0.38340,2.19310,0.20140,0.02210,2560000,-1.00000,665390862987,0.00000
389,194,0,2.93980,0.00000,0.00000,0.01990,0,-1.00000,665390900094,0.00000
390,195,0,1.31850,2.24630,0.24180,0.03830,2560000,-1.00000,665390904140,0.00000
391,195,0,3.15250,0.00000,0.00000,0.02450,0,-1.00000,665390934584,0.00000
392,196,0,1.00840,2.20020,0.23030,0.02400,2560000,-1.00000,665390938412,0.00000
393,196,0,3.03260,0.00000,0.00000,0.01840,0,-1.00000,665390967823,0.00000
394,197,0,0.38220,2.28550,0.28530,0.02140,2560000,-1.00000,665390981003,0.00000
395,197,0,3.06760,0.00000,0.00000,0.01660,0,-1.00000,665391012550,0.00000
396,198,0,0.38649,2.25560,0.20950,0.02480,2560000,-1.00000,665391022609,0.00000
397,198,0,3.02781,0.00000,0.00000,0.01820,0,-1.00000,665391052939,0.00000
398,199,0,0.99250,2.31960,0.25960,0.01840,2560000,-1.00000,665391056753,0.00000
399,199,0,3.13250,0.00000,0.00000,0.01990,0,-1.00000,665391087432,0.00000
400,200,0,1.12370,2.15920,0.22960,0.02060,2560000,-1.00000,665391091294,0.00000
401,200,0,2.94280,0.00000,0.00000,0.01670,0,-1.00000,665391121583,0.00000
402,201,0,3.48580,2.25660,0.20910,0.02610,2560000,-1.00000,665391131496,0.00000
403,201,0,3.10440,0.00000,0.00000,0.01980,0,-1.00000,665391162832,0.00000
404,202,0,0.41410,2.27350,0.24780,0.04450,2560000,-1.00000,665391174063,0.00000
405,202,0,3.16590,0.00000,0.00000,0.02200,0,-1.00000,665391203491,0.00000
406,203,0,0.43940,2.29060,0.22080,0.02410,2560000,-1.00000,665391238351,0.00000
407,203,0,3.08080,0.00000,0.00000,0.01980,0,-1.00000,665391269400,0.00000
408,204,0,0.45741,2.19530,0.23410,0.02220,2560000,-1.00000,665391273530,0.00000
409,204,0,3.00900,0.00000,0.00000,0.01870,0,-1.00000,665391305211,0.00000
410,205,0,1.41270,2.32620,0.24210,0.02460,2560000,-1.00000,665391309585,0.00000
411,205,0,3.17930,0.00000,0.00000,0.01840,0,-1.00000,665391340394,0.00000
412,206,0,0.97630,2.17540,0.19610,0.01850,2560000,-1.00000,665391344967,0.00000
413,206,0,2.92780,0.00000,0.00000,0.02060,0,-1.00000,665391375058,0.00000
414,207,0,1.41760,2.20530,0.24150,0.02160,2560000,-1.00000,665391389185,0.00000
415,207,0,3.02800,0.00000,0.00000,0.02030,0,-1.00000,665391420984,0.00000
416,208,0,3.36420,2.23920,0.23610,0.02280,2560000,-1.00000,665391430735,0.00000
417,208,0,3.05381,0.00000,0.00000,0.02210,0,-1.00000,665391460027,0.00000
418,209,0,1.23360,2.19780,0.22970,0.02640,2560000,-1.00000,665391474196,0.00000
419,209,0,3.00120,0.00000,0.00000,0.01730,0,-1.00000,665391504475,0.00000
420,210,0,1.27759,2.17500,0.22520,0.02320,2560000,-1.00000,665391538116,0.00000
421,210,0,2.94900,0.00000,0.00000,0.02240,0,-1.00000,665391568701,0.00000
422,211,0,3.46020,2.22390,0.25170,0.02790,2560000,-1.00000,665391580990,0.00000
423,211,0,3.08279,0.00000,0.00000,0.01920,0,-1.00000,665391611006,0.00000
424,212,0,0.54620,2.35250,0.31980,0.02870,2560000,-1.00000,665391623776,0.00000
425,212,0,3.27100,0.00000,0.00000,0.02150,0,-1.00000,665391653279,0.00000
426,213,0,0.44630,2.29510,0.22620,0.02340,2560000,-1.00000,665391687880,0.00000
427,213,0,3.10470,0.00000,0.00000,0.01710,0,-1.00000,665391718703,0.00000
428,214,0,0.39120,2.22970,0.24240,0.02110,2560000,-1.00000,665391724160,0.00000
429,214,0,3.00290,0.00000,0.00000,0.01720,0,-1.00000,665391756881,0.00000
430,215,0,1.16790,2.21690,0.23440,0.02240,2560000,-1.00000,665391761334,0.00000
431,215,0,3.16150,0.00000,0.00000,0.03050,0,-1.00000,665391792385,0.00000
432,216,0,1.14990,2.25500,0.24200,0.03320,2560000,-1.00000,665391796294,0.00000
433,216,0,3.22480,0.00000,0.00000,0.02920,0,-1.00000,665391826323,0.00000
434,217,0,3.16010,2.26460,0.22390,0.03000,2560000,-1.00000,665391837998,0.00000
435,217,0,3.16000,0.00000,0.00000,0.02320,0,-1.00000,665391869619,0.00000
436,218,0,0.47820,2.19770,0.20580,0.02090,2560000,-1.00000,665391881137,0.00000
437,218,0,3.06760,0.00000,0.00000,0.02470,0,-1.00000,665391913373,0.00000
438,219,0,0.41409,2.27940,0.23000,0.02220,2560000,-1.00000,665391944963,0.00000
439,219,0,3.07971,0.00000,0.00000,0.02180,0,-1.00000,665391976600,0.00000
440,220,0,0.46150,2.17870,0.20000,0.02060,2560000,-1.00000,665391981343,0.00000
441,220,0,2.93530,0.00000,0.00000,0.01710,0,-1.00000,665392012032,0.00000
442,221,0,3.52770,2.19590,0.24120,0.02360,2560000,-1.00000,665392016162,0.00000
443,221,0,2.98660,0.00000,0.00000,0.03080,0,-1.00000,665392046962,0.00000
444,222,0,0.43250,2.25460,0.23520,0.02010,2560000,-1.00000,665392051573,0.00000
445,222,0,2.95439,0.00000,0.00000,0.02350,0,-1.00000,665392080932,0.00000
446,223,0,0.43090,2.20650,0.20560,0.02060,2560000,-1.00000,665392116208,0.00000
447,223,0,2.96710,0.00000,0.00000,0.01740,0,-1.00000,665392146080,0.00000
448,224,0,3.04960,2.22590,0.24510,0.02480,2560000,-1.00000,665392150389,0.00000
449,224,0,3.03190,0.00000,0.00000,0.01870,0,-1.00000,665392179946,0.00000
450,225,0,1.23260,2.17920,0.26080,0.02310,2560000,-1.00000,665392184246,0.00000
451,225,0,3.04250,0.00000,0.00000,0.01940,0,-1.00000,665392213923,0.00000
452,226,0,1.23340,2.26520,0.19380,0.03320,2560000,-1.00000,665392244416,0.00000
453,226,0,3.12320,0.00000,0.00000,0.02220,0,-1.00000,665392274774,0.00000
454,227,0,3.26090,2.22540,0.23440,0.02090,2560000,-1.00000,665392287059,0.00000
455,227,0,2.98660,0.00000,0.00000,0.01960,0,-1.00000,665392317492,0.00000
456,228,0,0.41820,2.15840,0.23360,0.02200,2560000,-1.00000,665392329826,0.00000
457,228,0,3.02410,0.00000,0.00000,0.01720,0,-1.00000,665392361066,0.00000
458,229,0,2.07960,2.21530,0.24780,0.02380,2560000,-1.00000,665392393661,0.00000
459,229,0,2.99210,0.00000,0.00000,0.01690,0,-1.00000,665392423526,0.00000
460,230,0,0.41430,2.22820,0.23320,0.02370,2560000,-1.00000,665392427704,0.00000
461,230,0,3.01620,0.00000,0.00000,0.02620,0,-1.00000,665392457950,0.00000
462,231,0,0.43400,2.25420,0.20570,0.01990,2560000,-1.00000,665392478744,0.00000
463,231,0,2.99720,0.00000,0.00000,0.01640,0,-1.00000,665392508671,0.00000
464,232,0,0.82350,2.20220,0.24070,0.02130,2560000,-1.00000,665392512805,0.00000
465,232,0,3.00670,0.00000,0.00000,0.01950,0,-1.00000,665392542976,0.00000
466,233,0,3.47840,2.19520,0.19200,0.04050,2560000,-1.00000,665392547304,0.00000
467,233,0,3.16300,0.00000,0.00000,0.02010,0,-1.00000,665392577281,0.00000
468,234,0,0.43820,2.20320,0.22390,0.02950,2560000,-1.00000,665392585515,0.00000
469,234,0,3.06360,0.00000,0.00000,0.02800,0,-1.00000,665392615587,0.00000
470,235,0,0.55410,2.36320,0.22520,0.03720,2560000,-1.00000,665392650382,0.00000
471,235,0,3.34130,0.00000,0.00000,0.01900,0,-1.00000,665392682015,0.00000
472,236,0,0.45840,2.11280,0.22660,0.02090,2560000,-1.00000,665392686382,0.00000
473,236,0,2.87570,0.00000,0.00000,0.01630,0,-1.00000,665392717039,0.00000
474,237,0,0.99550,2.13110,0.19950,0.02230,2560000,-1.00000,665392722563,0.00000
475,237,0,2.96190,0.00000,0.00000,0.02300,0,-1.00000,665392755996,0.00000
476,238,0,1.27170,2.11990,0.20890,0.02380,2560000,-1.00000,665392760552,0.00000
477,238,0,2.89530,0.00000,0.00000,0.01750,0,-1.00000,665392789311,0.00000
478,239,0,3.43400,2.15450,0.25770,0.02210,2560000,-1.00000,665392799273,0.00000
479,239,0,2.96550,0.00000,0.00000,0.01650,0,-1.00000,665392828898,0.00000
480,240,0,0.43850,2.46660,0.21820,0.02720,2560000,-1.00000,665392841606,0.00000
481,240,0,3.28160,0.00000,0.00000,0.02090,0,-1.00000,665392870559,0.00000
482,241,0,0.44730,2.19980,0.25230,0.03420,2560000,-1.00000,665392904894,0.00000
483,241,0,3.14189,0.00000,0.00000,0.02020,0,-1.00000,665392934552,0.00000
484,242,0,0.45600,2.24060,0.19980,0.02050,2560000,-1.00000,665392938941,0.00000
485,242,0,3.04430,0.00000,0.00000,0.01810,0,-1.00000,665392971759,0.00000
486,243,0,0.42370,2.35810,0.20240,0.02940,2560000,-1.00000,665392976221,0.00000
487,243,0,3.26631,0.00000,0.00000,0.02120,0,-1.00000,665393007662,0.00000
488,244,0,0.44240,2.15780,0.29210,0.02360,2560000,-1.00000,665393012202,0.00000
489,244,0,3.04220,0.00000,0.00000,0.01790,0,-1.00000,665393042650,0.00000
490,245,0,0.46440,2.15160,0.20310,0.02360,2560000,-1.00000,665393046892,0.00000
491,245,0,2.93530,0.00000,0.00000,0.01790,0,-1.00000,665393079561,0.00000
492,246,0,3.51770,2.16020,0.22670,0.02710,2560000,-1.00000,665393083970,0.00000
493,246,0,2.96670,0.00000,0.00000,0.02150,0,-1.00000,665393114403,0.00000
494,247,0,3.38810,2.23980,0.20400,0.02650,2560000,-1.00000,665393119035,0.00000
495,247,0,3.06180,0.00000,0.00000,0.02120,0,-1.00000,665393148400,0.00000
496,248,0,0.45080,2.18860,0.24130,0.03600,2560000,-1.00000,665393183573,0.00000
497,248,0,3.17870,0.00000,0.00000,0.02450,0,-1.00000,665393213243,0.00000
498,249,0,0.41110,2.12560,0.23210,0.02420,2560000,-1.00000,665393247120,0.00000
499,249,0,2.90300,0.00000,0.00000,0.01980,0,-1.00000,665393277746,0.00000
500,250,0,0.73920,2.33560,0.31230,0.02040,2560000,-1.00000,665393282241,0.00000
501,250,0,3.12600,0.00000,0.00000,0.01690,0,-1.00000,665393314044,0.00000
502,251,0,1.13660,2.22710,0.27500,0.02370,2560000,-1.00000,665393318142,0.00000
503,251,0,3.01450,0.00000,0.00000,0.02350,0,-1.00000,665393347178,0.00000
504,252,0,1.22791,2.13880,0.28610,0.03130,2560000,-1.00000,665393354567,0.00000
505,252,0,2.99860,0.00000,0.00000,0.01710,0,-1.00000,665393385822,0.00000
506,253,0,1.33430,2.24550,0.31720,0.02050,2560000,-1.00000,665393397303,0.00000
507,253,0,3.09420,0.00000,0.00000,0.01960,0,-1.00000,665393427346,0.00000
508,254,0,3.27100,2.11520,0.22110,0.02430,2560000,-1.00000,665393439612,0.00000
509,254,0,2.93610,0.00000,0.00000,0.01770,0,-1.00000,665393469600,0.00000
510,255,0,1.22190,2.12410,0.24090,0.02290,2560000,-1.00000,665393482939,0.00000
511,255,0,2.89510,0.00000,0.00000,0.01830,0,-1.00000,665393514008,0.00000
512,256,0,0.36700,2.25440,0.30240,0.02080,2560000,-1.00000,665393546596,0.00000
513,256,0,3.29670,0.00000,0.00000,0.02340,0,-1.00000,665393575957,0.00000
514,257,0,0.43690,2.17300,0.21270,0.02760,2560000,-1.00000,665393588170,0.00000
515,257,0,3.01669,0.00000,0.00000,0.02320,0,-1.00000,665393617126,0.00000
516,258,0,0.84440,2.16350,0.22690,0.02020,2560000,-1.00000,665393620830,0.00000
517,258,0,2.95420,0.00000,0.00000,0.02600,0,-1.00000,665393653776,0.00000
518,259,0,1.32910,2.38990,0.22650,0.03230,2560000,-1.00000,665393658129,0.00000
519,259,0,3.26300,0.00000,0.00000,0.02330,0,-1.00000,665393688317,0.00000
520,260,0,0.99530,2.21070,0.34200,0.02110,2560000,-1.00000,665393696859,0.00000
521,260,0,3.05280,0.00000,0.00000,0.02070,0,-1.00000,665393726292,0.00000
522,261,0,1.19010,2.18810,0.23290,0.02720,2560000,-1.00000,665393739573,0.00000
523,261,0,2.99140,0.00000,0.00000,0.01950,0,-1.00000,665393772223,0.00000
524,262,0,1.33650,2.33520,0.26080,0.03960,2560000,-1.00000,665393782199,0.00000
525,262,0,3.26190,0.00000,0.00000,0.02360,0,-1.00000,665393812691,0.00000
526,263,0,0.99391,2.27820,0.20570,0.02790,2560000,-1.00000,665393824582,0.00000
527,263,0,3.14709,0.00000,0.00000,0.02300,0,-1.00000,665393854506,0.00000
528,264,0,3.19820,2.21670,0.20800,0.03550,2560000,-1.00000,665393867864,0.00000
529,264,0,3.17130,0.00000,0.00000,0.02670,0,-1.00000,665393900513,0.00000
530,265,0,1.17530,2.34270,0.24370,0.02540,2560000,-1.00000,665393910432,0.00000
531,265,0,3.27010,0.00000,0.00000,0.02030,0,-1.00000,665393941901,0.00000
532,266,0,0.98300,2.30440,0.20350,0.02560,2560000,-1.00000,665393973987,0.00000
533,266,0,3.12800,0.00000,0.00000,0.02210,0,-1.00000,665394005605,0.00000
534,267,0,1.16310,2.11380,0.22460,0.02090,2560000,-1.00000,665394017348,0.00000
535,267,0,2.94750,0.00000,0.00000,0.02240,0,-1.00000,665394050049,0.00000
536,268,0,3.52790,2.17860,0.25070,0.04130,2560000,-1.00000,665394059879,0.00000
537,268,0,3.03260,0.00000,0.00000,0.01970,0,-1.00000,665394091156,0.00000
538,269,0,1.20240,2.25800,0.19860,0.02820,2560000,-1.00000,665394102784,0.00000
539,269,0,3.08300,0.00000,0.00000,0.02630,0,-1.00000,665394132260,0.00000
540,270,0,3.35050,2.20520,0.23590,0.02570,2560000,-1.00000,665394167545,0.00000
541,270,0,3.03710,0.00000,0.00000,0.02120,0,-1.00000,665394197873,0.00000
542,271,0,3.41700,2.24820,0.21630,0.03870,2560000,-1.00000,665394209894,0.00000
543,271,0,3.19360,0.00000,0.00000,0.02140,0,-1.00000,665394240732,0.00000
544,272,0,0.56730,2.23240,0.27220,0.02320,2560000,-1.00000,665394274224,0.00000
545,272,0,3.11890,0.00000,0.00000,0.02340,0,-1.00000,665394304603,0.00000
546,273,0,0.44580,2.17770,0.23530,0.02470,2560000,-1.00000,665394338812,0.00000
547,273,0,3.06300,0.00000,0.00000,0.02230,0,-1.00000,665394370712,0.00000
548,274,0,0.41700,2.17840,0.22670,0.02090,2560000,-1.00000,665394376376,0.00000
549,274,0,3.00980,0.00000,0.00000,0.02300,0,-1.00000,665394407569,0.00000
550,275,0,3.42500,2.22380,0.21720,0.02800,2560000,-1.00000,665394412018,0.00000
551,275,0,3.07330,0.00000,0.00000,0.02380,0,-1.00000,665394442656,0.00000
552,276,0,0.44950,2.17570,0.23080,0.02520,2560000,-1.00000,665394446828,0.00000
553,276,0,3.00940,0.00000,0.00000,0.01900,0,-1.00000,665394476926,0.00000
554,277,0,0.44620,2.10870,0.24090,0.02070,2560000,-1.00000,665394511173,0.00000
555,277,0,2.93930,0.00000,0.00000,0.01680,0,-1.00000,665394541912,0.00000
556,278,0,0.39400,2.22120,0.28100,0.04060,2560000,-1.00000,665394546398,0.00000
557,278,0,3.26370,0.00000,0.00000,0.02310,0,-1.00000,665394576498,0.00000
558,279,0,0.49180,2.22570,0.23420,0.02450,2560000,-1.00000,665394580947,0.00000
559,279,0,3.14190,0.00000,0.00000,0.02480,0,-1.00000,665394610351,0.00000
560,280,0,0.45970,2.18920,0.19930,0.02170,2560000,-1.00000,665394614313,0.00000
561,280,0,2.89800,0.00000,0.00000,0.02050,0,-1.00000,665394646936,0.00000
562,281,0,0.59700,2.23200,0.23360,0.02630,2560000,-1.00000,665394651841,0.00000
563,281,0,3.07900,0.00000,0.00000,0.02020,0,-1.00000,665394683325,0.00000
564,282,0,3.36310,2.12100,0.21880,0.02420,2560000,-1.00000,665394687856,0.00000
565,282,0,3.05890,0.00000,0.00000,0.02360,0,-1.00000,665394716842,0.00000
566,283,0,5.33270,2.17170,0.21930,0.02730,2560000,-1.00000,665394722806,0.00000
567,283,0,3.03010,0.00000,0.00000,0.02270,0,-1.00000,665394753604,0.00000
568,284,0,0.51070,2.81210,0.21500,0.02550,2560000,-1.00000,665394787223,0.00000
569,284,0,3.58790,0.00000,0.00000,0.02120,0,-1.00000,665394817835,0.00000
570,285,0,0.39680,2.88940,0.23940,0.02690,2560000,-1.00000,665394871148,0.00000
571,285,0,3.76470,0.00000,0.00000,0.02730,0,-1.00000,665394901455,0.00000
572,286,0,0.61490,2.32510,0.21750,0.03950,2560000,-1.00000,665394906554,0.00000
573,286,0,3.41200,0.00000,0.00000,0.02500,0,-1.00000,665394942445,0.00000
574,287,0,0.43861,2.21150,0.22170,0.02590,2560000,-1.00000,665394946396,0.00000
575,287,0,2.99940,0.00000,0.00000,0.02050,0,-1.00000,665394984198,0.00000
576,288,0,0.41780,2.13160,0.24130,0.01980,2560000,-1.00000,665394990210,0.00000
577,288,0,2.92550,0.00000,0.00000,0.01900,0,-1.00000,665395024343,0.00000
578,289,0,0.40291,2.20250,0.19520,0.02260,2560000,-1.00000,665395028701,0.00000
579,289,0,2.87610,0.00000,0.00000,0.01810,0,-1.00000,665395058702,0.00000
580,290,0,0.42920,2.26880,0.21860,0.02840,2560000,-1.00000,665395062869,0.00000
581,290,0,3.09960,0.00000,0.00000,0.02460,0,-1.00000,665395092139,0.00000
582,291,0,0.44090,2.30260,0.31520,0.02250,2560000,-1.00000,665395096157,0.00000
583,291,0,3.09460,0.00000,0.00000,0.01770,0,-1.00000,665395124920,0.00000
584,292,0,0.33280,2.31240,0.22950,0.01960,2560000,-1.00000,665395129206,0.00000
585,292,0,3.01270,0.00000,0.00000,0.02290,0,-1.00000,665395160225,0.00000
586,293,0,0.56230,2.11320,0.24330,0.02450,2560000,-1.00000,665395164615,0.00000
587,293,0,2.90450,0.00000,0.00000,0.02080,0,-1.00000,665395195562,0.00000
588,294,0,1.46220,2.38340,0.26870,0.04750,2560000,-1.00000,665395198886,0.00000
589,294,0,3.36880,0.00000,0.00000,0.02660,0,-1.00000,665395229027,0.00000
590,295,0,0.48720,2.17500,0.29790,0.02450,2560000,-1.00000,665395234640,0.00000
591,295,0,3.04130,0.00000,0.00000,0.01770,0,-1.00000,665395263682,0.00000
592,296,0,0.39760,2.11480,0.22590,0.01850,2560000,-1.00000,665395278309,0.00000
593,296,0,2.87980,0.00000,0.00000,0.02210,0,-1.00000,665395312025,0.00000
594,297,0,0.43320,2.29370,0.25560,0.02510,2560000,-1.00000,665395316865,0.00000
595,297,0,3.10630,0.00000,0.00000,0.01670,0,-1.00000,665395347289,0.00000
596,298,0,3.34820,2.15370,0.21760,0.03330,2560000,-1.00000,665395351252,0.00000
597,298,0,2.99370,0.00000,0.00000,0.02700,0,-1.00000,665395380054,0.00000
598,299,0,0.45300,2.28260,0.23340,0.02300,2560000,-1.00000,665395384380,0.00000
599,299,0,3.09430,0.00000,0.00000,0.01730,0,-1.00000,665395415451,0.00000
600,300,0,0.36930,2.28030,0.22190,0.02400,2560000,-1.00000,665395448935,0.00000
601,300,0,3.06970,0.00000,0.00000,0.01710,0,-1.00000,665395479009,0.00000
602,301,0,0.59460,2.28830,0.23110,0.03320,2560000,-1.00000,665395483394,0.00000
603,301,0,3.15080,0.00000,0.00000,0.02050,0,-1.00000,665395514343,0.00000
604,302,0,0.40740,2.11990,0.20330,0.02290,2560000,-1.00000,665395518039,0.00000
605,302,0,2.90210,0.00000,0.00000,0.01730,0,-1.00000,665395548733,0.00000
606,303,0,0.40831,2.25200,0.24240,0.02590,2560000,-1.00000,665395554842,0.00000
607,303,0,3.12910,0.00000,0.00000,0.02870,0,-1.00000,665395586193,0.00000
608,304,0,0.74290,2.32370,0.22580,0.03370,2560000,-1.00000,665395590262,0.00000
609,304,0,3.22560,0.00000,0.00000,0.02630,0,-1.00000,665395619281,0.00000
610,305,0,3.22520,2.20510,0.19350,0.02910,2560000,-1.00000,665395623360,0.00000
611,305,0,3.06390,0.00000,0.00000,0.02690,0,-1.00000,665395654674,0.00000
612,306,0,0.48230,2.28990,0.21200,0.02770,2560000,-1.00000,665395662087,0.00000
613,306,0,3.10220,0.00000,0.00000,0.02130,0,-1.00000,665395694365,0.00000
614,307,0,0.38290,2.25230,0.22530,0.02330,2560000,-1.00000,665395726594,0.00000
615,307,0,2.98830,0.00000,0.00000,0.01750,0,-1.00000,665395757242,0.00000
616,308,0,0.58650,2.80060,0.22010,0.02540,2560000,-1.00000,665395762061,0.00000
617,308,0,3.52300,0.00000,0.00000,0.01810,0,-1.00000,665395793084,0.00000
618,309,0,0.81510,2.15050,0.22990,0.02700,2560000,-1.00000,665395796900,0.00000
619,309,0,2.96520,0.00000,0.00000,0.01980,0,-1.00000,665395826790,0.00000
620,310,0,1.32770,2.54740,0.20690,0.02050,2560000,-1.00000,665395832647,0.00000
621,310,0,3.31770,0.00000,0.00000,0.01720,0,-1.00000,665395867886,0.00000
622,311,0,3.03999,2.16080,0.19030,0.03060,2560000,-1.00000,665395876030,0.00000
623,311,0,3.05480,0.00000,0.00000,0.02180,0,-1.00000,665395905691,0.00000
624,312,0,0.40120,2.27420,0.21220,0.02390,2560000,-1.00000,665395918957,0.00000
625,312,0,3.08310,0.00000,0.00000,0.02330,0,-1.00000,665395952144,0.00000
626,313,0,0.42570,2.17890,0.19420,0.02500,2560000,-1.00000,665395982552,0.00000
627,313,0,2.88520,0.00000,0.00000,0.02160,0,-1.00000,665396013087,0.00000
628,314,0,0.41200,2.77420,0.23540,0.02320,2560000,-1.00000,665396017093,0.00000
629,314,0,3.53800,0.00000,0.00000,0.02070,0,-1.00000,665396047940,0.00000
630,315,0,0.35540,2.11500,0.20390,0.02360,2560000,-1.00000,665396052188,0.00000
631,315,0,2.81621,0.00000,0.00000,0.01780,0,-1.00000,665396081040,0.00000
632,316,0,0.39629,2.10720,0.21210,0.02030,2560000,-1.00000,665396085160,0.00000
633,316,0,2.83870,0.00000,0.00000,0.01500,0,-1.00000,665396120540,0.00000
634,317,0,1.51380,2.07320,0.20050,0.02950,2560000,-1.00000,665396124086,0.00000
635,317,0,2.84940,0.00000,0.00000,0.02070,0,-1.00000,665396152271,0.00000
636,318,0,1.23279,2.18380,0.20340,0.02310,2560000,-1.00000,665396156215,0.00000
637,318,0,2.88780,0.00000,0.00000,0.02180,0,-1.00000,665396184608,0.00000
638,319,0,0.34330,2.19630,0.29890,0.01940,2560000,-1.00000,665396199747,0.00000
639,319,0,3.20560,0.00000,0.00000,0.02220,0,-1.00000,665396228246,0.00000
640,320,0,2.09301,2.24850,0.26050,0.03620,2560000,-1.00000,665396240568,0.00000
641,320,0,3.19310,0.00000,0.00000,0.02150,0,-1.00000,665396269446,0.00000
642,321,0,1.20240,2.12480,0.29850,0.02510,2560000,-1.00000,665396272873,0.00000
643,321,0,2.94940,0.00000,0.00000,0.02160,0,-1.00000,665396304936,0.00000
644,322,0,3.34080,2.13530,0.20610,0.02430,2560000,-1.00000,665396325862,0.00000
645,322,0,2.87049,0.00000,0.00000,0.01770,0,-1.00000,665396357796,0.00000
646,323,0,3.54180,2.52130,0.21750,0.02460,2560000,-1.00000,665396369817,0.00000
647,323,0,3.26440,0.00000,0.00000,0.02010,0,-1.00000,665396399313,0.00000
648,324,0,0.37431,2.03530,0.26220,0.02170,2560000,-1.00000,665396432802,0.00000
649,324,0,2.82730,0.00000,0.00000,0.01840,0,-1.00000,665396461425,0.00000
650,325,0,0.35410,2.11150,0.23380,0.02390,2560000,-1.00000,665396496839,0.00000
651,325,0,2.85300,0.00000,0.00000,0.01810,0,-1.00000,665396529488,0.00000
652,326,0,1.10820,2.19370,0.30540,0.03250,2560000,-1.00000,665396533223,0.00000
653,326,0,3.25430,0.00000,0.00000,0.02160,0,-1.00000,665396561504,0.00000
654,327,0,2.95860,2.22600,0.22120,0.03120,2560000,-1.00000,665396565036,0.00000
655,327,0,3.04820,0.00000,0.00000,0.02530,0,-1.00000,665396593575,0.00000
656,328,0,0.40060,2.30210,0.23530,0.02470,2560000,-1.00000,665396604655,0.00000
657,328,0,3.05011,0.00000,0.00000,0.02200,0,-1.00000,665396637215,0.00000
658,329,0,0.42749,2.21280,0.21800,0.02410,2560000,-1.00000,665396666791,0.00000
659,329,0,3.09370,0.00000,0.00000,0.02060,0,-1.00000,665396697280,0.00000
660,330,0,0.36361,2.25880,0.28120,0.02460,2560000,-1.00000,665396701274,0.00000
661,330,0,3.07800,0.00000,0.00000,0.02330,0,-1.00000,665396731783,0.00000
662,331,0,0.37810,2.33600,0.24990,0.02980,2560000,-1.00000,665396736043,0.00000
663,331,0,3.15890,0.00000,0.00000,0.02210,0,-1.00000,665396766988,0.00000
664,332,0,0.40350,2.23360,0.30340,0.02500,2560000,-1.00000,665396770618,0.00000
665,332,0,3.04730,0.00000,0.00000,0.02280,0,-1.00000,665396801407,0.00000
666,333,0,1.16060,2.22980,0.30690,0.02630,2560000,-1.00000,665396805177,0.00000
667,333,0,3.09980,0.00000,0.00000,0.01980,0,-1.00000,665396836784,0.00000
668,334,0,1.19600,2.25410,0.20830,0.03010,2560000,-1.00000,665396840799,0.00000
669,334,0,3.05250,0.00000,0.00000,0.01830,0,-1.00000,665396871285,0.00000
670,335,0,1.23420,2.30860,0.26620,0.04220,2560000,-1.00000,665396882878,0.00000
671,335,0,3.37380,0.00000,0.00000,0.04070,0,-1.00000,665396913886,0.00000
672,336,0,0.98320,2.38640,0.27220,0.03230,2560000,-1.00000,665396925846,0.00000
673,336,0,3.41060,0.00000,0.00000,0.02300,0,-1.00000,665396956373,0.00000
674,337,0,0.65940,2.03170,0.21810,0.02290,2560000,-1.00000,665396968709,0.00000
675,337,0,2.73860,0.00000,0.00000,0.01840,0,-1.00000,665397002499,0.00000
676,338,0,1.75000,2.08690,0.29310,0.02540,2560000,-1.00000,665397012320,0.00000
677,338,0,2.94500,0.00000,0.00000,0.02010,0,-1.00000,665397046401,0.00000
678,339,0,3.40570,2.09580,0.23970,0.02650,2560000,-1.00000,665397052987,0.00000
679,339,0,2.88490,0.00000,0.00000,0.02130,0,-1.00000,665397080366,0.00000
680,340,0,0.40690,2.13610,0.21900,0.02210,2560000,-1.00000,665397097863,0.00000
681,340,0,2.88320,0.00000,0.00000,0.02320,0,-1.00000,665397127315,0.00000
682,341,0,0.48460,2.12720,0.22730,0.02150,2560000,-1.00000,665397161375,0.00000
683,341,0,2.89600,0.00000,0.00000,0.01790,0,-1.00000,665397190224,0.00000
684,342,0,1.17090,2.67520,0.21170,0.04000,2560000,-1.00000,665397194285,0.00000
685,342,0,3.62421,0.00000,0.00000,0.02820,0,-1.00000,665397223132,0.00000
686,343,0,0.80349,2.33940,0.23000,0.02530,2560000,-1.00000,665397227962,0.00000
687,343,0,3.34280,0.00000,0.00000,0.01800,0,-1.00000,665397256929,0.00000
688,344,0,0.75410,2.88930,0.22530,0.02310,2560000,-1.00000,665397268630,0.00000
689,344,0,3.69080,0.00000,0.00000,0.01840,0,-1.00000,665397304915,0.00000
690,345,0,0.71090,2.03800,0.22160,0.02400,2560000,-1.00000,665397312952,0.00000
691,345,0,2.83590,0.00000,0.00000,0.02160,0,-1.00000,665397346353,0.00000
692,346,0,1.33090,2.14220,0.23610,0.02570,2560000,-1.00000,665397353879,0.00000
693,346,0,2.92100,0.00000,0.00000,0.01910,0,-1.00000,665397390792,0.00000
694,347,0,1.40980,2.47010,0.22850,0.02090,2560000,-1.00000,665397397900,0.00000
695,347,0,3.22050,0.00000,0.00000,0.01730,0,-1.00000,665397426264,0.00000
696,348,0,1.02780,2.09270,0.22830,0.02080,2560000,-1.00000,665397439566,0.00000
697,348,0,2.84041,0.00000,0.00000,0.01860,0,-1.00000,665397468780,0.00000
698,349,0,3.58940,2.05970,0.23800,0.04090,2560000,-1.00000,665397482872,0.00000
699,349,0,2.94990,0.00000,0.00000,0.02170,0,-1.00000,665397515081,0.00000
700,350,0,0.44690,2.14210,0.25040,0.03300,2560000,-1.00000,665397525357,0.00000
701,350,0,3.17140,0.00000,0.00000,0.02580,0,-1.00000,665397553767,0.00000
702,351,0,0.46790,2.16360,0.21970,0.04770,2560000,-1.00000,665397589655,0.00000
703,351,0,3.16420,0.00000,0.00000,0.02220,0,-1.00000,665397619182,0.00000
704,352,0,0.53270,2.08740,0.21080,0.03090,2560000,-1.00000,665397623623,0.00000
705,352,0,2.90830,0.00000,0.00000,0.02180,0,-1.00000,665397655397,0.00000
706,353,0,1.39120,2.33650,0.23990,0.03020,2560000,-1.00000,665397660044,0.00000
707,353,0,3.37650,0.00000,0.00000,0.04040,0,-1.00000,665397691692,0.00000
708,354,0,0.81090,2.33610,0.24000,0.04250,2560000,-1.00000,665397696992,0.00000
709,354,0,3.39770,0.00000,0.00000,0.03070,0,-1.00000,665397726081,0.00000
710,355,0,0.92971,2.25560,0.31680,0.04760,2560000,-1.00000,665397739982,0.00000
711,355,0,3.44280,0.00000,0.00000,0.02310,0,-1.00000,665397773793,0.00000
712,356,0,0.48040,2.05350,0.21760,0.03880,2560000,-1.00000,665397781884,0.00000
713,356,0,2.99660,0.00000,0.00000,0.02030,0,-1.00000,665397815860,0.00000
714,357,0,0.40710,2.18470,0.20000,0.02340,2560000,-1.00000,665397825156,0.00000
715,357,0,2.93490,0.00000,0.00000,0.03370,0,-1.00000,665397859620,0.00000
716,358,0,1.38920,2.16200,0.22890,0.03660,2560000,-1.00000,665397864361,0.00000
717,358,0,3.03420,0.00000,0.00000,0.02530,0,-1.00000,665397894352,0.00000
718,359,0,0.45910,2.15750,0.22430,0.02810,2560000,-1.00000,665397898395,0.00000
719,359,0,2.97730,0.00000,0.00000,0.01880,0,-1.00000,665397927759,0.00000
720,360,0,1.35550,2.09710,0.20700,0.02470,2560000,-1.00000,665397941645,0.00000
721,360,0,2.83010,0.00000,0.00000,0.02130,0,-1.00000,665397971996,0.00000
722,361,0,3.59640,2.04740,0.22860,0.02330,2560000,-1.00000,665397976578,0.00000
723,361,0,2.82020,0.00000,0.00000,0.01870,0,-1.00000,665398006351,0.00000
724,362,0,0.39330,2.14040,0.23250,0.02260,2560000,-1.00000,665398019908,0.00000
725,362,0,2.85990,0.00000,0.00000,0.01690,0,-1.00000,665398048201,0.00000
726,363,0,2.52130,2.19570,0.19960,0.02080,2560000,-1.00000,665398084166,0.00000
727,363,0,2.89840,0.00000,0.00000,0.01700,0,-1.00000,665398112372,0.00000
728,364,0,0.36120,2.08670,0.28530,0.02420,2560000,-1.00000,665398116297,0.00000
729,364,0,2.98600,0.00000,0.00000,0.01940,0,-1.00000,665398144901,0.00000
730,365,0,0.39440,2.12080,0.21700,0.02350,2560000,-1.00000,665398170111,0.00000
731,365,0,2.92470,0.00000,0.00000,0.01760,0,-1.00000,665398199098,0.00000
732,366,0,3.33190,2.05600,0.25990,0.03320,2560000,-1.00000,665398202703,0.00000
733,366,0,3.02930,0.00000,0.00000,0.02430,0,-1.00000,665398232580,0.00000
734,367,0,1.23260,2.09540,0.32600,0.02550,2560000,-1.00000,665398236509,0.00000
735,367,0,3.00490,0.00000,0.00000,0.01920,0,-1.00000,665398265768,0.00000
736,368,0,1.28980,2.00340,0.21170,0.02840,2560000,-1.00000,665398299076,0.00000
737,368,0,2.80310,0.00000,0.00000,0.02390,0,-1.00000,665398329406,0.00000
738,369,0,1.63740,2.08990,0.20900,0.02590,2560000,-1.00000,665398341702,0.00000
739,369,0,3.06550,0.00000,0.00000,0.01750,0,-1.00000,665398371760,0.00000
740,370,0,3.27450,2.21420,0.21870,0.02800,2560000,-1.00000,665398384647,0.00000
741,370,0,3.02161,0.00000,0.00000,0.02130,0,-1.00000,665398412689,0.00000
742,371,0,3.40400,2.04070,0.22480,0.03200,2560000,-1.00000,665398429051,0.00000
743,371,0,2.86200,0.00000,0.00000,0.01910,0,-1.00000,665398459766,0.00000
744,372,0,0.40890,2.08740,0.19670,0.01970,2560000,-1.00000,665398492448,0.00000
745,372,0,2.99619,0.00000,0.00000,0.03340,0,-1.00000,665398522671,0.00000
746,373,0,0.56860,2.02460,0.22420,0.03510,2560000,-1.00000,665398556715,0.00000
747,373,0,2.89420,0.00000,0.00000,0.01820,0,-1.00000,665398585329,0.00000
748,374,0,1.01589,2.00180,0.24490,0.03200,2560000,-1.00000,665398589418,0.00000
749,374,0,2.97460,0.00000,0.00000,0.02460,0,-1.00000,665398619385,0.00000
750,375,0,3.46510,2.09970,0.22890,0.03280,2560000,-1.00000,665398625067,0.00000
751,375,0,3.01220,0.00000,0.00000,0.02260,0,-1.00000,665398654020,0.00000
752,376,0,0.47190,2.14290,0.23030,0.02350,2560000,-1.00000,665398664169,0.00000
753,376,0,2.90370,0.00000,0.00000,0.01890,0,-1.00000,665398693931,0.00000
754,377,0,0.44830,2.01210,0.23410,0.03090,2560000,-1.00000,665398728564,0.00000
755,377,0,2.85520,0.00000,0.00000,0.01630,0,-1.00000,665398758706,0.00000
756,378,0,3.27130,2.03630,0.20850,0.03190,2560000,-1.00000,665398763400,0.00000
757,378,0,2.82770,0.00000,0.00000,0.01880,0,-1.00000,665398792441,0.00000
758,379,0,1.41370,2.06600,0.32060,0.04700,2560000,-1.00000,665398796926,0.00000
759,379,0,3.10670,0.00000,0.00000,0.02410,0,-1.00000,665398825489,0.00000
760,380,0,3.39240,2.01080,0.25110,0.03070,2560000,-1.00000,665398858193,0.00000
761,380,0,3.02640,0.00000,0.00000,0.02240,0,-1.00000,665398886480,0.00000
762,381,0,1.25490,2.06980,0.20480,0.03580,2560000,-1.00000,665398900598,0.00000
763,381,0,2.97730,0.00000,0.00000,0.02410,0,-1.00000,665398931681,0.00000
764,382,0,1.38110,2.06060,0.22670,0.02910,2560000,-1.00000,665398965597,0.00000
765,382,0,2.93700,0.00000,0.00000,0.01970,0,-1.00000,665398995879,0.00000
766,383,0,3.44070,2.07650,0.22300,0.02760,2560000,-1.00000,665399008419,0.00000
767,383,0,2.90270,0.00000,0.00000,0.01900,0,-1.00000,665399038197,0.00000
768,384,0,0.41710,2.03390,0.21990,0.02480,2560000,-1.00000,665399051992,0.00000
769,384,0,2.80480,0.00000,0.00000,0.01740,0,-1.00000,665399081362,0.00000
770,385,0,0.41770,2.74080,0.20270,0.02450,2560000,-1.00000,665399115767,0.00000
771,385,0,3.49450,0.00000,0.00000,0.01740,0,-1.00000,665399144796,0.00000
772,386,0,2.83670,1.89700,0.21170,0.02920,2560000,-1.00000,665399148959,0.00000
773,386,0,2.71550,0.00000,0.00000,0.01870,0,-1.00000,665399177021,0.00000
774,387,0,1.60140,2.07980,0.21440,0.04220,2560000,-1.00000,665399181186,0.00000
775,387,0,3.01000,0.00000,0.00000,0.01850,0,-1.00000,665399216139,0.00000
776,388,0,1.23370,1.92680,0.20420,0.03130,2560000,-1.00000,665399244506,0.00000
777,388,0,2.77840,0.00000,0.00000,0.02350,0,-1.00000,665399271659,0.00000
778,389,0,3.67050,1.91430,0.24390,0.03280,2560000,-1.00000,665399287677,0.00000
779,389,0,2.75260,0.00000,0.00000,0.01880,0,-1.00000,665399317797,0.00000
780,390,0,0.40100,2.07470,0.20790,0.02490,2560000,-1.00000,665399330108,0.00000
781,390,0,2.84860,0.00000,0.00000,0.01960,0,-1.00000,665399357897,0.00000
782,391,0,0.39041,2.14500,0.27260,0.03060,2560000,-1.00000,665399394596,0.00000
783,391,0,3.04610,0.00000,0.00000,0.01660,0,-1.00000,665399422128,0.00000
784,392,0,3.43420,1.95060,0.20970,0.02610,2560000,-1.00000,665399426126,0.00000
785,392,0,2.78951,0.00000,0.00000,0.01860,0,-1.00000,665399454622,0.00000
786,393,0,3.59259,2.59370,0.21440,0.03340,2560000,-1.00000,665399458519,0.00000
787,393,0,3.41541,0.00000,0.00000,0.01940,0,-1.00000,665399489008,0.00000
788,394,0,0.43350,2.08520,0.29540,0.04030,2560000,-1.00000,665399523321,0.00000
789,394,0,3.07970,0.00000,0.00000,0.02660,0,-1.00000,665399551227,0.00000
790,395,0,0.54311,2.00340,0.21530,0.03730,2560000,-1.00000,665399587152,0.00000
791,395,0,2.88730,0.00000,0.00000,0.02180,0,-1.00000,665399621310,0.00000
792,396,0,0.42970,2.04680,0.23650,0.02520,2560000,-1.00000,665399625631,0.00000
793,396,0,2.87000,0.00000,0.00000,0.02060,0,-1.00000,665399656466,0.00000
794,397,0,0.43080,1.94390,0.21690,0.02260,2560000,-1.00000,665399661876,0.00000
795,397,0,2.75200,0.00000,0.00000,0.01830,0,-1.00000,665399690763,0.00000
796,398,0,0.39410,2.04690,0.23620,0.02980,2560000,-1.00000,665399695033,0.00000
797,398,0,2.88480,0.00000,0.00000,0.01860,0,-1.00000,665399723741,0.00000
798,399,0,1.47900,2.10250,0.25830,0.03420,2560000,-1.00000,665399728039,0.00000
799,399,0,3.02480,0.00000,0.00000,0.01820,0,-1.00000,665399755567,0.00000
800,400,0,1.08880,1.96930,0.21870,0.02580,2560000,-1.00000,665399759499,0.00000
801,400,0,2.73160,0.00000,0.00000,0.01680,0,-1.00000,665399788356,0.00000
802,401,0,3.75390,2.65940,0.23840,0.02990,2560000,-1.00000,665399803144,0.00000
803,401,0,3.47390,0.00000,0.00000,0.02080,0,-1.00000,665399833400,0.00000
804,402,0,0.43690,2.02350,0.22950,0.04290,2560000,-1.00000,665399844275,0.00000
805,402,0,3.00140,0.00000,0.00000,0.02790,0,-1.00000,665399871595,0.00000
806,403,0,0.47611,2.18840,0.28230,0.02770,2560000,-1.00000,665399909134,0.00000
807,403,0,3.07970,0.00000,0.00000,0.02050,0,-1.00000,665399943874,0.00000
808,404,0,0.44120,2.17870,0.21980,0.02730,2560000,-1.00000,665399948237,0.00000
809,404,0,2.93350,0.00000,0.00000,0.02210,0,-1.00000,665399978289,0.00000
810,405,0,1.04310,2.01870,0.20420,0.02880,2560000,-1.00000,665399983017,0.00000
811,405,0,2.82230,0.00000,0.00000,0.01930,0,-1.00000,665400013832,0.00000
812,406,0,1.61400,2.04440,0.29790,0.05010,2560000,-1.00000,665400018221,0.00000
813,406,0,3.13479,0.00000,0.00000,0.03320,0,-1.00000,665400047566,0.00000
814,407,0,1.14630,2.53700,0.30470,0.04900,2560000,-1.00000,665400057985,0.00000
815,407,0,3.65100,0.00000,0.00000,0.02720,0,-1.00000,665400086222,0.00000
816,408,0,0.54910,2.20790,0.30420,0.04080,2560000,-1.00000,665400102354,0.00000
817,408,0,3.20811,0.00000,0.00000,0.04000,0,-1.00000,665400133736,0.00000
818,409,0,0.65069,2.38210,0.25700,0.03050,2560000,-1.00000,665400145188,0.00000
819,409,0,3.25741,0.00000,0.00000,0.01990,0,-1.00000,665400181710,0.00000
820,410,0,0.64619,2.94990,0.22950,0.03540,2560000,-1.00000,665400187171,0.00000
821,410,0,3.85330,0.00000,0.00000,0.02070,0,-1.00000,665400219268,0.00000
822,411,0,0.38080,2.44230,0.23440,0.04150,2560000,-1.00000,665400225773,0.00000
823,411,0,3.42100,0.00000,0.00000,0.02630,0,-1.00000,665400258340,0.00000
824,412,0,0.61640,3.01940,0.20580,0.03350,2560000,-1.00000,665400264808,0.00000
825,412,0,3.91441,0.00000,0.00000,0.01990,0,-1.00000,665400303327,0.00000
826,413,0,0.41769,2.11000,0.23710,0.02490,2560000,-1.00000,665400307126,0.00000
827,413,0,2.98380,0.00000,0.00000,0.01840,0,-1.00000,665400341376,0.00000
828,414,0,0.42520,2.61760,0.22950,0.02900,2560000,-1.00000,665400347540,0.00000
829,414,0,4.41340,0.00000,0.00000,0.02430,0,-1.00000,665400386662,0.00000
830,415,0,0.55510,2.11260,0.20830,0.02600,2560000,-1.00000,665400390824,0.00000
831,415,0,3.06720,0.00000,0.00000,0.02350,0,-1.00000,665400420669,0.00000
832,416,0,0.47161,2.07630,0.32030,0.02720,2560000,-1.00000,665400424915,0.00000
833,416,0,3.08410,0.00000,0.00000,0.01950,0,-1.00000,665400469080,0.00000
834,417,0,0.44130,2.76400,0.27400,0.03260,2560000,-1.00000,665400474652,0.00000
835,417,0,3.83270,0.00000,0.00000,0.02110,0,-1.00000,665400505280,0.00000
836,418,0,0.51110,2.42200,0.30260,0.02720,2560000,-1.00000,665400509988,0.00000
837,418,0,3.50440,0.00000,0.00000,0.02340,0,-1.00000,665400540829,0.00000
838,419,0,0.55140,2.48590,0.33710,0.05390,2560000,-1.00000,665400545243,0.00000
839,419,0,3.73690,0.00000,0.00000,0.02530,0,-1.00000,665400583575,0.00000
840,420,0,0.58570,2.58960,0.31800,0.03200,2560000,-1.00000,665400588679,0.00000
841,420,0,3.63760,0.00000,0.00000,0.02310,0,-1.00000,665400623741,0.00000
842,421,0,0.73530,2.39110,0.22940,0.04090,2560000,-1.00000,665400629244,0.00000
843,421,0,3.55580,0.00000,0.00000,0.02450,0,-1.00000,665400666632,0.00000
844,422,0,0.51090,2.53650,0.24820,0.04120,2560000,-1.00000,665400672468,0.00000
845,422,0,3.58940,0.00000,0.00000,0.01960,0,-1.00000,665400708858,0.00000
846,423,0,0.48690,2.34070,0.23400,0.03850,2560000,-1.00000,665400716206,0.00000
847,423,0,3.55470,0.00000,0.00000,0.02200,0,-1.00000,665400751766,0.00000
848,424,0,0.53260,2.09000,0.23420,0.04400,2560000,-1.00000,665400756857,0.00000
849,424,0,3.18999,0.00000,0.00000,0.02120,0,-1.00000,665400792771,0.00000
850,425,0,0.54870,2.37450,0.32330,0.04250,2560000,-1.00000,665400797627,0.00000
851,425,0,3.52930,0.00000,0.00000,0.02360,0,-1.00000,665400833192,0.00000
852,426,0,0.52340,2.50110,0.23140,0.04630,2560000,-1.00000,665400838495,0.00000
853,426,0,3.68680,0.00000,0.00000,0.02480,0,-1.00000,665400870420,0.00000
854,427,0,0.50840,2.12540,0.24000,0.04310,2560000,-1.00000,665400875887,0.00000
855,427,0,3.24790,0.00000,0.00000,0.03720,0,-1.00000,665400911208,0.00000
856,428,0,0.94590,2.61550,0.27080,0.04980,2560000,-1.00000,665400916405,0.00000
857,428,0,3.95290,0.00000,0.00000,0.04060,0,-1.00000,665400953304,0.00000
858,429,0,0.87340,2.40380,0.21450,0.04370,2560000,-1.00000,665400958366,0.00000
859,429,0,3.53840,0.00000,0.00000,0.02530,0,-1.00000,665400990865,0.00000
860,430,0,0.56210,2.25960,0.22580,0.04340,2560000,-1.00000,665401000322,0.00000
861,430,0,3.35519,0.00000,0.00000,0.02240,0,-1.00000,665401039891,0.00000
862,431,0,0.51910,2.19080,0.22300,0.04180,2560000,-1.00000,665401048590,0.00000
863,431,0,3.22190,0.00000,0.00000,0.02310,0,-1.00000,665401083975,0.00000
864,432,0,0.49800,2.58600,0.23620,0.04250,2560000,-1.00000,665401089581,0.00000
865,432,0,3.63790,0.00000,0.00000,0.02630,0,-1.00000,665401123146,0.00000
866,433,0,0.50950,2.59680,0.32870,0.04260,2560000,-1.00000,665401128303,0.00000
867,433,0,3.79030,0.00000,0.00000,0.02340,0,-1.00000,665401160557,0.00000
868,434,0,0.50670,2.20420,0.30660,0.03970,2560000,-1.00000,665401165511,0.00000
869,434,0,3.35590,0.00000,0.00000,0.02340,0,-1.00000,665401201917,0.00000
870,435,0,0.56570,2.81430,0.23200,0.05250,2560000,-1.00000,665401206981,0.00000
871,435,0,4.06690,0.00000,0.00000,0.02580,0,-1.00000,665401244920,0.00000
872,436,0,0.56230,2.57450,0.22980,0.05050,2560000,-1.00000,665401249951,0.00000
873,436,0,3.75990,0.00000,0.00000,0.02670,0,-1.00000,665401283533,0.00000
874,437,0,0.64240,2.78530,0.24910,0.04970,2560000,-1.00000,665401289176,0.00000
875,437,0,4.04750,0.00000,0.00000,0.02250,0,-1.00000,665401329878,0.00000
876,438,0,0.52090,2.40850,0.23790,0.03990,2560000,-1.00000,665401335465,0.00000
877,438,0,3.45250,0.00000,0.00000,0.02310,0,-1.00000,665401373105,0.00000
878,439,0,0.72380,2.35210,0.23830,0.04200,2560000,-1.00000,665401379499,0.00000
879,439,0,3.50270,0.00000,0.00000,0.02270,0,-1.00000,665401419991,0.00000
880,440,0,0.55240,2.57820,0.25350,0.04430,2560000,-1.00000,665401425162,0.00000
881,440,0,3.75560,0.00000,0.00000,0.02660,0,-1.00000,665401459718,0.00000
882,441,0,0.57161,2.08340,0.22840,0.04060,2560000,-1.00000,665401466942,0.00000
883,441,0,3.13170,0.00000,0.00000,0.02380,0,-1.00000,665401501989,0.00000
884,442,0,0.57310,2.36250,0.22380,0.04390,2560000,-1.00000,665401507478,0.00000
885,442,0,3.44040,0.00000,0.00000,0.02120,0,-1.00000,665401545069,0.00000
886,443,0,0.53270,2.27330,0.25790,0.05010,2560000,-1.00000,665401550753,0.00000
887,443,0,3.56630,0.00000,0.00000,0.04520,0,-1.00000,665401582084,0.00000
888,444,0,1.12080,2.49620,0.23090,0.04600,2560000,-1.00000,665401587801,0.00000
889,444,0,3.75580,0.00000,0.00000,0.02380,0,-1.00000,665401622229,0.00000
890,445,0,0.56470,2.26920,0.24740,0.03900,2560000,-1.00000,665401627534,0.00000
891,445,0,3.36721,0.00000,0.00000,0.02190,0,-1.00000,665401663266,0.00000
892,446,0,0.52830,2.35530,0.29540,0.03490,2560000,-1.00000,665401674427,0.00000
893,446,0,3.44170,0.00000,0.00000,0.02160,0,-1.00000,665401711991,0.00000
894,447,0,0.54220,2.64740,0.34900,0.04710,2560000,-1.00000,665401717606,0.00000
895,447,0,3.94150,0.00000,0.00000,0.03110,0,-1.00000,665401751290,0.00000
896,448,0,0.62180,2.19670,0.27400,0.03170,2560000,-1.00000,665401756553,0.00000
897,448,0,3.20150,0.00000,0.00000,0.01900,0,-1.00000,665401790997,0.00000
898,449,0,0.47720,2.33180,0.32770,0.02670,2560000,-1.00000,665401796402,0.00000
899,449,0,3.36240,0.00000,0.00000,0.01940,0,-1.00000,665401835859,0.00000
900,450,0,0.46950,2.76590,0.30280,0.03380,2560000,-1.00000,665401842031,0.00000
901,450,0,3.98880,0.00000,0.00000,0.03670,0,-1.00000,665401874061,0.00000
902,451,0,0.96280,2.91890,0.31900,0.04100,2560000,-1.00000,665401878815,0.00000
903,451,0,4.22400,0.00000,0.00000,0.02310,0,-1.00000,665401912465,0.00000
904,452,0,0.58400,2.29340,0.24340,0.02970,2560000,-1.00000,665401917134,0.00000
905,452,0,3.35820,0.00000,0.00000,0.03660,0,-1.00000,665401957071,0.00000
906,453,0,0.97510,2.47650,0.23900,0.03060,2560000,-1.00000,665401966673,0.00000
907,453,0,3.48620,0.00000,0.00000,0.02080,0,-1.00000,665402008932,0.00000
908,454,0,0.52680,2.09300,0.31300,0.02340,2560000,-1.00000,665402014739,0.00000
909,454,0,3.13009,0.00000,0.00000,0.02300,0,-1.00000,665402048332,0.00000
910,455,0,0.96680,2.33170,0.23100,0.02790,2560000,-1.00000,665402058107,0.00000
911,455,0,3.26950,0.00000,0.00000,0.01990,0,-1.00000,665402092945,0.00000
912,456,0,0.50990,2.47910,0.24980,0.02800,2560000,-1.00000,665402098194,0.00000
913,456,0,3.60710,0.00000,0.00000,0.01830,0,-1.00000,665402129504,0.00000
914,457,0,0.49130,2.31610,0.23550,0.02440,2560000,-1.00000,665402139174,0.00000
915,457,0,3.27470,0.00000,0.00000,0.02000,0,-1.00000,665402171876,0.00000
916,458,0,0.51740,2.30810,0.21510,0.02560,2560000,-1.00000,665402176954,0.00000
917,458,0,3.21660,0.00000,0.00000,0.01960,0,-1.00000,665402213034,0.00000
918,459,0,0.69690,2.29170,0.34140,0.04080,2560000,-1.00000,665402217952,0.00000
919,459,0,3.58420,0.00000,0.00000,0.02800,0,-1.00000,665402250696,0.00000
920,460,0,0.60790,2.73320,0.20210,0.02720,2560000,-1.00000,665402255867,0.00000
921,460,0,3.65380,0.00000,0.00000,0.02120,0,-1.00000,665402288030,0.00000
922,461,0,0.49080,2.01830,0.20680,0.02360,2560000,-1.00000,665402295020,0.00000
923,461,0,2.87690,0.00000,0.00000,0.01940,0,-1.00000,665402330873,0.00000
924,462,0,1.13820,2.73350,0.23440,0.03800,2560000,-1.00000,665402336928,0.00000
925,462,0,3.66750,0.00000,0.00000,0.02060,0,-1.00000,665402373472,0.00000
926,463,0,0.54600,2.75600,0.22600,0.02590,2560000,-1.00000,665402378370,0.00000
927,463,0,3.69230,0.00000,0.00000,0.01960,0,-1.00000,665402407140,0.00000
928,464,0,0.58780,2.07300,0.21730,0.02220,2560000,-1.00000,665402418526,0.00000
929,464,0,2.90381,0.00000,0.00000,0.01920,0,-1.00000,665402455213,0.00000
930,465,0,1.43300,2.24050,0.24500,0.02730,2560000,-1.00000,665402460656,0.00000
931,465,0,3.16810,0.00000,0.00000,0.01980,0,-1.00000,665402497591,0.00000
932,466,0,1.10960,2.30400,0.26340,0.02950,2560000,-1.00000,665402503456,0.00000
933,466,0,3.30410,0.00000,0.00000,0.02130,0,-1.00000,665402532503,0.00000
934,467,0,0.96500,2.18920,0.23050,0.03130,2560000,-1.00000,665402546834,0.00000
935,467,0,3.15300,0.00000,0.00000,0.02140,0,-1.00000,665402578515,0.00000
936,468,0,1.13190,2.09160,0.20950,0.02700,2560000,-1.00000,665402589598,0.00000
937,468,0,2.99430,0.00000,0.00000,0.02140,0,-1.00000,665402622658,0.00000
938,469,0,1.28290,2.06020,0.26210,0.02570,2560000,-1.00000,665402632292,0.00000
939,469,0,3.05120,0.00000,0.00000,0.01970,0,-1.00000,665402663833,0.00000
940,470,0,1.23980,2.03430,0.21810,0.02740,2560000,-1.00000,665402675153,0.00000
941,470,0,2.97800,0.00000,0.00000,0.02140,0,-1.00000,665402705093,0.00000
942,471,0,2.16120,2.13180,0.25400,0.04560,2560000,-1.00000,665402717914,0.00000
943,471,0,3.28960,0.00000,0.00000,0.02370,0,-1.00000,665402748430,0.00000
944,472,0,0.53510,2.71160,0.22500,0.03420,2560000,-1.00000,665402760834,0.00000
945,472,0,3.69090,0.00000,0.00000,0.01990,0,-1.00000,665402790602,0.00000
946,473,0,0.45810,2.01770,0.22540,0.02240,2560000,-1.00000,665402812227,0.00000
947,473,0,2.86840,0.00000,0.00000,0.02190,0,-1.00000,665402845147,0.00000
948,474,0,3.75069,2.03140,0.26070,0.02680,2560000,-1.00000,665402850463,0.00000
949,474,0,2.96271,0.00000,0.00000,0.02240,0,-1.00000,665402887378,0.00000
950,475,0,0.76180,2.09550,0.30000,0.02850,2560000,-1.00000,665402891943,0.00000
951,475,0,3.09840,0.00000,0.00000,0.01950,0,-1.00000,665402920649,0.00000
952,476,0,3.36440,2.03830,0.24040,0.03450,2560000,-1.00000,665402958141,0.00000
953,476,0,3.00320,0.00000,0.00000,0.02340,0,-1.00000,665402987783,0.00000
954,477,0,1.23590,2.17430,0.20500,0.04000,2560000,-1.00000,665402995400,0.00000
955,477,0,3.22750,0.00000,0.00000,0.02240,0,-1.00000,665403026379,0.00000
956,478,0,3.23009,2.04560,0.30730,0.02630,2560000,-1.00000,665403060018,0.00000
957,478,0,2.95011,0.00000,0.00000,0.01890,0,-1.00000,665403090078,0.00000
958,479,0,3.39359,2.26090,0.22140,0.03070,2560000,-1.00000,665403102422,0.00000
959,479,0,3.14250,0.00000,0.00000,0.01980,0,-1.00000,665403134700,0.00000
960,480,0,0.46740,2.67370,0.29010,0.04420,2560000,-1.00000,665403166990,0.00000
961,480,0,3.76590,0.00000,0.00000,0.02530,0,-1.00000,665403196485,0.00000
962,481,0,0.67290,2.71910,0.26290,0.02970,2560000,-1.00000,665403230426,0.00000
963,481,0,3.65870,0.00000,0.00000,0.03190,0,-1.00000,665403261844,0.00000
964,482,0,0.62029,2.10610,0.31440,0.02080,2560000,-1.00000,665403266522,0.00000
965,482,0,3.09661,0.00000,0.00000,0.01880,0,-1.00000,665403304197,0.00000
966,483,0,0.42659,2.04740,0.22330,0.02590,2560000,-1.00000,665403310918,0.00000
967,483,0,2.91920,0.00000,0.00000,0.02060,0,-1.00000,665403347507,0.00000
968,484,0,0.46610,2.02810,0.23930,0.02190,2560000,-1.00000,665403353704,0.00000
969,484,0,2.88810,0.00000,0.00000,0.01830,0,-1.00000,665403384667,0.00000
970,485,0,1.36910,2.03940,0.22330,0.02180,2560000,-1.00000,665403388930,0.00000
971,485,0,2.90550,0.00000,0.00000,0.01790,0,-1.00000,665403418119,0.00000
972,486,0,1.44610,2.10370,0.20970,0.02460,2560000,-1.00000,665403422783,0.00000
973,486,0,2.93040,0.00000,0.00000,0.01880,0,-1.00000,665403451662,0.00000
974,487,0,0.47600,3.01410,0.23160,0.04130,2560000,-1.00000,665403465347,0.00000
975,487,0,4.40700,0.00000,0.00000,0.04410,0,-1.00000,665403494403,0.00000
976,488,0,0.94280,2.42550,0.30540,0.02290,2560000,-1.00000,665403508875,0.00000
977,488,0,3.46200,0.00000,0.00000,0.01850,0,-1.00000,665403538178,0.00000
978,489,0,0.43430,2.45590,0.23970,0.03510,2560000,-1.00000,665403542937,0.00000
979,489,0,3.49650,0.00000,0.00000,0.04830,0,-1.00000,665403587060,0.00000
980,490,0,1.08540,2.34530,0.25190,0.03610,2560000,-1.00000,665403596459,0.00000
981,490,0,3.41120,0.00000,0.00000,0.02230,0,-1.00000,665403631058,0.00000
982,491,0,0.48910,2.11280,0.23500,0.02220,2560000,-1.00000,665403635390,0.00000
983,491,0,2.94539,0.00000,0.00000,0.01830,0,-1.00000,665403670371,0.00000
984,492,0,0.48600,2.09720,0.30350,0.01930,2560000,-1.00000,665403681257,0.00000
985,492,0,3.00270,0.00000,0.00000,0.02240,0,-1.00000,665403715335,0.00000
986,493,0,0.45590,2.78090,0.23710,0.02400,2560000,-1.00000,665403720215,0.00000
987,493,0,3.59450,0.00000,0.00000,0.01880,0,-1.00000,665403749673,0.00000
988,494,0,0.54311,2.47260,0.23860,0.03190,2560000,-1.00000,665403754537,0.00000
989,494,0,3.47780,0.00000,0.00000,0.02350,0,-1.00000,665403784558,0.00000
990,495,0,0.58300,2.06560,0.23940,0.02720,2560000,-1.00000,665403789111,0.00000
991,495,0,2.88540,0.00000,0.00000,0.01990,0,-1.00000,665403825058,0.00000
992,496,0,1.54770,2.05940,0.26400,0.02580,2560000,-1.00000,665403830516,0.00000
993,496,0,2.94810,0.00000,0.00000,0.01890,0,-1.00000,665403865287,0.00000
994,497,0,1.19259,2.07670,0.20420,0.03440,2560000,-1.00000,665403871098,0.00000
995,497,0,3.05620,0.00000,0.00000,0.01890,0,-1.00000,665403899949,0.00000
996,498,0,1.35240,2.13110,0.23590,0.03450,2560000,-1.00000,665403915440,0.00000
997,498,0,3.04080,0.00000,0.00000,0.02370,0,-1.00000,665403944916,0.00000
998,499,0,1.09570,2.12940,0.21270,0.02270,2560000,-1.00000,665403956850,0.00000
999,499,0,3.09480,0.00000,0.00000,0.02070,0,-1.00000,665403987416,0.00000
1000,500,0,1.27100,2.10380,0.31990,0.02490,2560000,-1.00000,665404000927,0.00000
1001,500,0,3.05230,0.00000,0.00000,0.02200,0,-1.00000,665404031353,0.00000
1002,501,0,1.11520,2.22030,0.28710,0.02710,2560000,-1.00000,665404042306,0.00000
1003,501,0,3.22200,0.00000,0.00000,0.03540,0,-1.00000,665404073253,0.00000
1004,502,0,1.01890,2.11740,0.20020,0.02600,2560000,-1.00000,665404085955,0.00000
1005,502,0,2.93970,0.00000,0.00000,0.02270,0,-1.00000,665404116594,0.00000
1006,503,0,1.37910,2.09600,0.31130,0.02150,2560000,-1.00000,665404127630,0.00000
1007,503,0,3.02460,0.00000,0.00000,0.01810,0,-1.00000,665404159850,0.00000
1008,504,0,1.24580,2.10810,0.23220,0.02360,2560000,-1.00000,665404170037,0.00000
1009,504,0,2.93630,0.00000,0.00000,0.03330,0,-1.00000,665404199430,0.00000
1010,505,0,1.31220,2.07530,0.27990,0.03620,2560000,-1.00000,665404213222,0.00000
1011,505,0,3.04380,0.00000,0.00000,0.02350,0,-1.00000,665404243469,0.00000
1012,506,0,0.62810,2.90460,0.20110,0.03070,2560000,-1.00000,665404255930,0.00000
1013,506,0,3.90599,0.00000,0.00000,0.02050,0,-1.00000,665404285286,0.00000
1014,507,0,0.47090,2.26050,0.21650,0.02340,2560000,-1.00000,665404298412,0.00000
1015,507,0,3.14990,0.00000,0.00000,0.02520,0,-1.00000,665404328864,0.00000
1016,508,0,0.57140,2.47870,0.26420,0.02920,2560000,-1.00000,665404335145,0.00000
1017,508,0,3.50040,0.00000,0.00000,0.01960,0,-1.00000,665404374199,0.00000
1018,509,0,0.44170,2.39220,0.30620,0.02620,2560000,-1.00000,665404378903,0.00000
1019,509,0,3.30060,0.00000,0.00000,0.01940,0,-1.00000,665404410389,0.00000
1020,510,0,0.45030,2.31640,0.23520,0.02260,2560000,-1.00000,665404416128,0.00000
1021,510,0,3.20490,0.00000,0.00000,0.02130,0,-1.00000,665404451123,0.00000
1022,511,0,0.45350,2.12400,0.26980,0.02370,2560000,-1.00000,665404455526,0.00000
1023,511,0,2.99760,0.00000,0.00000,0.01850,0,-1.00000,665404488546,0.00000
1024,512,0,0.39580,2.28300,0.30940,0.02650,2560000,-1.00000,665404493041,0.00000
1025,512,0,3.22930,0.00000,0.00000,0.01840,0,-1.00000,665404525093,0.00000
1026,513,0,0.40400,2.14860,0.29780,0.03390,2560000,-1.00000,665404529630,0.00000
1027,513,0,3.32720,0.00000,0.00000,0.03850,0,-1.00000,665404559605,0.00000
1028,514,0,0.85920,2.39160,0.29390,0.02700,2560000,-1.00000,665404563554,0.00000
1029,514,0,3.46650,0.00000,0.00000,0.01870,0,-1.00000,665404595851,0.00000
1030,515,0,0.41981,2.18760,0.30700,0.02210,2560000,-1.00000,665404599885,0.00000
1031,515,0,3.19240,0.00000,0.00000,0.01730,0,-1.00000,665404633210,0.00000
1032,516,0,0.41950,2.13540,0.25470,0.02510,2560000,-1.00000,665404641763,0.00000
1033,516,0,2.97730,0.00000,0.00000,0.01740,0,-1.00000,665404676419,0.00000
1034,517,0,1.15240,2.17680,0.27250,0.02420,2560000,-1.00000,665404680621,0.00000
1035,517,0,3.11720,0.00000,0.00000,0.02140,0,-1.00000,665404712546,0.00000
1036,518,0,0.47760,2.23070,0.23010,0.02460,2560000,-1.00000,665404716734,0.00000
1037,518,0,3.11230,0.00000,0.00000,0.01780,0,-1.00000,665404746519,0.00000
1038,519,0,0.81770,2.19540,0.23940,0.02420,2560000,-1.00000,665404758039,0.00000
1039,519,0,3.06240,0.00000,0.00000,0.02020,0,-1.00000,665404789206,0.00000
1040,520,0,3.34960,2.09720,0.21080,0.02710,2560000,-1.00000,665404793981,0.00000
1041,520,0,2.94970,0.00000,0.00000,0.01910,0,-1.00000,665404825109,0.00000
1042,521,0,1.33020,2.84220,0.22240,0.02830,2560000,-1.00000,665404833281,0.00000
1043,521,0,3.80930,0.00000,0.00000,0.02220,0,-1.00000,665404863907,0.00000
1044,522,0,0.59810,2.29210,0.20660,0.03760,2560000,-1.00000,665404897416,0.00000
1045,522,0,3.30180,0.00000,0.00000,0.02200,0,-1.00000,665404926917,0.00000
1046,523,0,0.78470,2.14300,0.30290,0.02480,2560000,-1.00000,665404940217,0.00000
1047,523,0,3.13110,0.00000,0.00000,0.01810,0,-1.00000,665404978301,0.00000
1048,524,0,3.34530,2.11360,0.19830,0.02890,2560000,-1.00000,665404984276,0.00000
1049,524,0,3.00060,0.00000,0.00000,0.02160,0,-1.00000,665405017299,0.00000
1050,525,0,1.21480,2.14680,0.30380,0.02470,2560000,-1.00000,665405025143,0.00000
1051,525,0,3.08550,0.00000,0.00000,0.02260,0,-1.00000,665405056457,0.00000
1052,526,0,3.48459,2.14510,0.22350,0.02650,2560000,-1.00000,665405089908,0.00000
1053,526,0,3.01500,0.00000,0.00000,0.02010,0,-1.00000,665405119922,0.00000
1054,527,0,3.25740,2.74000,0.25630,0.03480,2560000,-1.00000,665405132065,0.00000
1055,527,0,3.74710,0.00000,0.00000,0.03290,0,-1.00000,665405162928,0.00000
1056,528,0,0.70770,2.52220,0.22370,0.02650,2560000,-1.00000,665405197758,0.00000
1057,528,0,3.49590,0.00000,0.00000,0.01930,0,-1.00000,665405227917,0.00000
1058,529,0,0.50950,2.17420,0.30530,0.02620,2560000,-1.00000,665405260487,0.00000
1059,529,0,3.11650,0.00000,0.00000,0.01910,0,-1.00000,665405297977,0.00000
1060,530,0,0.43510,2.25640,0.22370,0.03610,2560000,-1.00000,665405305043,0.00000
1061,530,0,3.26920,0.00000,0.00000,0.02330,0,-1.00000,665405339991,0.00000
1062,531,0,0.48570,2.14000,0.25760,0.02160,2560000,-1.00000,665405345080,0.00000
1063,531,0,3.00240,0.00000,0.00000,0.01790,0,-1.00000,665405376256,0.00000
1064,532,0,0.52120,2.09850,0.23280,0.02630,2560000,-1.00000,665405380599,0.00000
1065,532,0,2.93209,0.00000,0.00000,0.02180,0,-1.00000,665405413304,0.00000
1066,533,0,1.28681,2.12730,0.20310,0.02330,2560000,-1.00000,665405418145,0.00000
1067,533,0,2.95640,0.00000,0.00000,0.02000,0,-1.00000,665405448175,0.00000
1068,534,0,3.45250,2.16590,0.29980,0.03010,2560000,-1.00000,665405453385,0.00000
1069,534,0,3.05530,0.00000,0.00000,0.02410,0,-1.00000,665405482709,0.00000
1070,535,0,3.24520,2.15060,0.24440,0.02330,2560000,-1.00000,665405495578,0.00000
1071,535,0,3.09250,0.00000,0.00000,0.01810,0,-1.00000,665405525145,0.00000
1072,536,0,0.50040,2.37720,0.30150,0.05730,2560000,-1.00000,665405559674,0.00000
1073,536,0,3.92431,0.00000,0.00000,0.03620,0,-1.00000,665405590219,0.00000
1074,537,0,0.55920,2.55080,0.22620,0.03240,2560000,-1.00000,665405622677,0.00000
1075,537,0,3.56180,0.00000,0.00000,0.02400,0,-1.00000,665405653605,0.00000
1076,538,0,0.44260,2.17010,0.24160,0.02960,2560000,-1.00000,665405658600,0.00000
1077,538,0,3.06060,0.00000,0.00000,0.01800,0,-1.00000,665405697890,0.00000
1078,539,0,0.45620,2.10070,0.28750,0.01970,2560000,-1.00000,665405703444,0.00000
1079,539,0,3.00190,0.00000,0.00000,0.02210,0,-1.00000,665405739063,0.00000
1080,540,0,0.69770,2.15770,0.25250,0.02610,2560000,-1.00000,665405743479,0.00000
1081,540,0,3.05550,0.00000,0.00000,0.01850,0,-1.00000,665405774083,0.00000
1082,541,0,3.40080,2.11060,0.23130,0.02500,2560000,-1.00000,665405778643,0.00000
1083,541,0,2.94940,0.00000,0.00000,0.01740,0,-1.00000,665405808670,0.00000
1084,542,0,0.44291,2.12270,0.23560,0.02110,2560000,-1.00000,665405815648,0.00000
1085,542,0,2.89600,0.00000,0.00000,0.02250,0,-1.00000,665405846195,0.00000
1086,543,0,1.03250,2.81420,0.39090,0.03260,2560000,-1.00000,665405880203,0.00000
1087,543,0,3.95551,0.00000,0.00000,0.01930,0,-1.00000,665405909703,0.00000
1088,544,0,0.45170,2.23700,0.23520,0.02810,2560000,-1.00000,665405914127,0.00000
1089,544,0,3.09279,0.00000,0.00000,0.01800,0,-1.00000,665405943086,0.00000
1090,545,0,0.63970,2.17750,0.30970,0.02530,2560000,-1.00000,665405953408,0.00000
1091,545,0,3.18530,0.00000,0.00000,0.01900,0,-1.00000,665405992970,0.00000
1092,546,0,0.55680,2.22110,0.23770,0.02110,2560000,-1.00000,665405997490,0.00000
1093,546,0,3.06820,0.00000,0.00000,0.01860,0,-1.00000,665406028421,0.00000
1094,547,0,1.22550,2.12280,0.31110,0.02320,2560000,-1.00000,665406034822,0.00000
1095,547,0,3.08810,0.00000,0.00000,0.01740,0,-1.00000,665406066653,0.00000
1096,548,0,1.24290,2.17420,0.20760,0.02230,2560000,-1.00000,665406072237,0.00000
1097,548,0,2.97080,0.00000,0.00000,0.01840,0,-1.00000,665406102916,0.00000
1098,549,0,3.43880,2.17510,0.22030,0.02420,2560000,-1.00000,665406115170,0.00000
1099,549,0,3.03780,0.00000,0.00000,0.01860,0,-1.00000,665406146051,0.00000
1100,550,0,0.44720,2.23290,0.23880,0.01890,2560000,-1.00000,665406158476,0.00000
1101,550,0,3.04889,0.00000,0.00000,0.02190,0,-1.00000,665406188190,0.00000
1102,551,0,0.41580,2.19490,0.27690,0.02570,2560000,-1.00000,665406222578,0.00000
1103,551,0,3.04200,0.00000,0.00000,0.02280,0,-1.00000,665406252955,0.00000
1104,552,0,0.42870,2.33030,0.30490,0.02820,2560000,-1.00000,665406257420,0.00000
1105,552,0,3.24060,0.00000,0.00000,0.01820,0,-1.00000,665406287919,0.00000
1106,553,0,0.38050,2.20020,0.32450,0.02230,2560000,-1.00000,665406292071,0.00000
1107,553,0,3.03430,0.00000,0.00000,0.01720,0,-1.00000,665406322504,0.00000
1108,554,0,0.37450,2.15480,0.32110,0.01870,2560000,-1.00000,665406326782,0.00000
1109,554,0,2.94720,0.00000,0.00000,0.02180,0,-1.00000,665406359191,0.00000
1110,555,0,0.86090,2.16430,0.22460,0.02300,2560000,-1.00000,665406362983,0.00000
1111,555,0,2.89930,0.00000,0.00000,0.01800,0,-1.00000,665406393334,0.00000
1112,556,0,0.33210,2.31410,0.28380,0.02270,2560000,-1.00000,665406397069,0.00000
1113,556,0,3.10310,0.00000,0.00000,0.04920,0,-1.00000,665406426552,0.00000
1114,557,0,0.61670,2.23650,0.31840,0.02170,2560000,-1.00000,665406435156,0.00000
1115,557,0,3.05340,0.00000,0.00000,0.01830,0,-1.00000,665406464155,0.00000
1116,558,0,0.35120,2.16550,0.31690,0.02670,2560000,-1.00000,665406467470,0.00000
1117,558,0,2.92910,0.00000,0.00000,0.01830,0,-1.00000,665406498548,0.00000
1118,559,0,0.32690,2.21270,0.31480,0.01990,2560000,-1.00000,665406504686,0.00000
1119,559,0,2.96410,0.00000,0.00000,0.01770,0,-1.00000,665406535203,0.00000
1120,560,0,0.75950,2.15120,0.24570,0.03590,2560000,-1.00000,665406538712,0.00000
1121,560,0,3.05050,0.00000,0.00000,0.02410,0,-1.00000,665406568011,0.00000
1122,561,0,1.19700,2.22140,0.24120,0.02690,2560000,-1.00000,665406571277,0.00000
1123,561,0,2.96230,0.00000,0.00000,0.02280,0,-1.00000,665406600917,0.00000
1124,562,0,3.50630,2.17360,0.22060,0.02550,2560000,-1.00000,665406608518,0.00000
1125,562,0,2.88099,0.00000,0.00000,0.02230,0,-1.00000,665406639036,0.00000
1126,563,0,1.40140,2.16780,0.30900,0.02210,2560000,-1.00000,665406651003,0.00000
1127,563,0,2.97080,0.00000,0.00000,0.02100,0,-1.00000,665406680614,0.00000
1128,564,0,1.33410,2.26940,0.24310,0.02290,2560000,-1.00000,665406715677,0.00000
1129,564,0,2.99740,0.00000,0.00000,0.01930,0,-1.00000,665406744482,0.00000
1130,565,0,2.16040,2.21920,0.21970,0.02120,2560000,-1.00000,665406758508,0.00000
1131,565,0,2.94390,0.00000,0.00000,0.01780,0,-1.00000,665406788208,0.00000
1132,566,0,0.36580,2.11580,0.24130,0.01880,2560000,-1.00000,665406801547,0.00000
1133,566,0,2.82070,0.00000,0.00000,0.01550,0,-1.00000,665406831520,0.00000
1134,567,0,0.38300,2.21030,0.20210,0.02340,2560000,-1.00000,665406853123,0.00000
1135,567,0,2.97120,0.00000,0.00000,0.01920,0,-1.00000,665406882563,0.00000
1136,568,0,0.48130,2.04400,0.30190,0.02420,2560000,-1.00000,665406886217,0.00000
1137,568,0,2.97070,0.00000,0.00000,0.01880,0,-1.00000,665406914423,0.00000
1138,569,0,3.36750,2.08400,0.22550,0.03690,2560000,-1.00000,665406918251,0.00000
1139,569,0,2.94070,0.00000,0.00000,0.02420,0,-1.00000,665406948096,0.00000
1140,570,0,0.47830,2.32590,0.22870,0.02290,2560000,-1.00000,665406952782,0.00000
1141,570,0,3.05210,0.00000,0.00000,0.01570,0,-1.00000,665406982493,0.00000
1142,571,0,0.37560,2.21980,0.22260,0.02150,2560000,-1.00000,665407016187,0.00000
1143,571,0,2.91670,0.00000,0.00000,0.02370,0,-1.00000,665407045579,0.00000
1144,572,0,0.98990,2.06600,0.22400,0.02330,2560000,-1.00000,665407050359,0.00000
1145,572,0,3.04481,0.00000,0.00000,0.02150,0,-1.00000,665407080875,0.00000
1146,573,0,1.15599,2.13470,0.22580,0.02270,2560000,-1.00000,665407084628,0.00000
1147,573,0,2.96910,0.00000,0.00000,0.01770,0,-1.00000,665407113806,0.00000
1148,574,0,3.57110,2.06110,0.20430,0.02200,2560000,-1.00000,665407123741,0.00000
1149,574,0,2.78990,0.00000,0.00000,0.01720,0,-1.00000,665407154155,0.00000
1150,575,0,1.52980,2.12030,0.26860,0.03560,2560000,-1.00000,665407165709,0.00000
1151,575,0,3.10760,0.00000,0.00000,0.02460,0,-1.00000,665407195396,0.00000
1152,576,0,3.29780,2.15500,0.21640,0.02870,2560000,-1.00000,665407231106,0.00000
1153,576,0,2.97071,0.00000,0.00000,0.01980,0,-1.00000,665407259004,0.00000
1154,577,0,3.44830,2.18370,0.23100,0.02150,2560000,-1.00000,665407274308,0.00000
1155,577,0,2.91849,0.00000,0.00000,0.02220,0,-1.00000,665407305405,0.00000
1156,578,0,0.39870,2.19780,0.22040,0.02100,2560000,-1.00000,665407338370,0.00000
1157,578,0,3.02540,0.00000,0.00000,0.01810,0,-1.00000,665407368073,0.00000
1158,579,0,0.41690,2.17080,0.23150,0.01910,2560000,-1.00000,665407402554,0.00000
1159,579,0,2.93700,0.00000,0.00000,0.01640,0,-1.00000,665407431735,0.00000
1160,580,0,3.17490,2.23050,0.20880,0.02020,2560000,-1.00000,665407435727,0.00000
1161,580,0,2.99259,0.00000,0.00000,0.01580,0,-1.00000,665407465978,0.00000
1162,581,0,3.60340,2.15160,0.22620,0.02590,2560000,-1.00000,665407470138,0.00000
1163,581,0,2.93580,0.00000,0.00000,0.01720,0,-1.00000,665407499512,0.00000
1164,582,0,0.40480,2.11370,0.27580,0.02350,2560000,-1.00000,665407531261,0.00000
1165,582,0,3.02900,0.00000,0.00000,0.02290,0,-1.00000,665407561188,0.00000
1166,583,0,0.43990,2.18870,0.28230,0.02620,2560000,-1.00000,665407597224,0.00000
1167,583,0,3.10530,0.00000,0.00000,0.02200,0,-1.00000,665407626579,0.00000
1168,584,0,0.67510,2.18760,0.20120,0.02800,2560000,-1.00000,665407630626,0.00000
1169,584,0,3.03200,0.00000,0.00000,0.01740,0,-1.00000,665407660934,0.00000
1170,585,0,2.11070,2.10490,0.24420,0.02420,2560000,-1.00000,665407665321,0.00000
1171,585,0,3.07070,0.00000,0.00000,0.02080,0,-1.00000,665407696383,0.00000
1172,586,0,0.44780,2.06070,0.22510,0.02260,2560000,-1.00000,665407703174,0.00000
1173,586,0,2.85260,0.00000,0.00000,0.01780,0,-1.00000,665407733449,0.00000
1174,587,0,1.36670,2.15730,0.19670,0.02420,2560000,-1.00000,665407754552,0.00000
1175,587,0,2.97360,0.00000,0.00000,0.01680,0,-1.00000,665407785264,0.00000
1176,588,0,1.35130,2.21810,0.21270,0.02460,2560000,-1.00000,665407789741,0.00000
1177,588,0,3.03040,0.00000,0.00000,0.02060,0,-1.00000,665407818258,0.00000
1178,589,0,1.30340,2.14100,0.20890,0.02090,2560000,-1.00000,665407831926,0.00000
1179,589,0,2.94740,0.00000,0.00000,0.02500,0,-1.00000,665407861663,0.00000
1180,590,0,1.31550,2.22460,0.20870,0.03340,2560000,-1.00000,665407875177,0.00000
1181,590,0,3.11320,0.00000,0.00000,0.01840,0,-1.00000,665407905491,0.00000
1182,591,0,3.31870,2.19540,0.23850,0.03720,2560000,-1.00000,665407918516,0.00000
1183,591,0,3.01220,0.00000,0.00000,0.01820,0,-1.00000,665407947998,0.00000
1184,592,0,0.45509,2.37830,0.20310,0.02510,2560000,-1.00000,665407961146,0.00000
1185,592,0,3.31310,0.00000,0.00000,0.02220,0,-1.00000,665407992283,0.00000
1186,593,0,0.48280,2.18270,0.20400,0.02420,2560000,-1.00000,665408025466,0.00000
1187,593,0,3.18630,0.00000,0.00000,0.02560,0,-1.00000,665408055722,0.00000
1188,594,0,0.47701,2.34720,0.23070,0.02380,2560000,-1.00000,665408060140,0.00000
1189,594,0,3.17980,0.00000,0.00000,0.01880,0,-1.00000,665408093278,0.00000
1190,595,0,0.37430,2.08480,0.20480,0.02070,2560000,-1.00000,665408098098,0.00000
1191,595,0,2.95180,0.00000,0.00000,0.02170,0,-1.00000,665408129964,0.00000
1192,596,0,1.87060,2.12800,0.22710,0.02560,2560000,-1.00000,665408134724,0.00000
1193,596,0,3.09390,0.00000,0.00000,0.01840,0,-1.00000,665408166526,0.00000
1194,597,0,0.50471,2.40570,0.19300,0.02480,2560000,-1.00000,665408170266,0.00000
1195,597,0,3.18189,0.00000,0.00000,0.01990,0,-1.00000,665408199797,0.00000
1196,598,0,1.87090,2.27380,0.24140,0.03500,2560000,-1.00000,665408218495,0.00000
1197,598,0,3.25330,0.00000,0.00000,0.03710,0,-1.00000,665408249433,0.00000
1198,599,0,1.92029,2.31350,0.23390,0.02540,2560000,-1.00000,665408254482,0.00000
1199,599,0,3.15800,0.00000,0.00000,0.01900,0,-1.00000,665408286298,0.00000
1200,600,0,0.42640,2.27070,0.23070,0.02400,2560000,-1.00000,665408305004,0.00000
1201,600,0,3.02610,0.00000,0.00000,0.01840,0,-1.00000,665408337564,0.00000
1202,601,0,1.04780,2.18420,0.22660,0.02150,2560000,-1.00000,665408356749,0.00000
1203,601,0,2.99410,0.00000,0.00000,0.01670,0,-1.00000,665408388324,0.00000
1204,602,0,1.30390,2.28560,0.20390,0.02290,2560000,-1.00000,665408392581,0.00000
1205,602,0,3.05330,0.00000,0.00000,0.01710,0,-1.00000,665408422848,0.00000
1206,603,0,1.24680,2.24720,0.20710,0.02060,2560000,-1.00000,665408433321,0.00000
1207,603,0,3.07360,0.00000,0.00000,0.01680,0,-1.00000,665408463264,0.00000
1208,604,0,3.28170,2.22720,0.19950,0.01850,2560000,-1.00000,665408476304,0.00000
1209,604,0,3.06150,0.00000,0.00000,0.02780,0,-1.00000,665408506835,0.00000
1210,605,0,0.43630,2.36580,0.19160,0.03230,2560000,-1.00000,665408519308,0.00000
1211,605,0,3.33260,0.00000,0.00000,0.01740,0,-1.00000,665408550041,0.00000
1212,606,0,1.81300,2.26730,0.24060,0.02590,2560000,-1.00000,665408582859,0.00000
1213,606,0,3.16730,0.00000,0.00000,0.01840,0,-1.00000,665408613474,0.00000
1214,607,0,0.46670,2.34650,0.22290,0.01830,2560000,-1.00000,665408617877,0.00000
1215,607,0,3.32530,0.00000,0.00000,0.01950,0,-1.00000,665408651182,0.00000
1216,608,0,0.47980,2.16250,0.21980,0.02370,2560000,-1.00000,665408669832,0.00000
1217,608,0,2.96160,0.00000,0.00000,0.02150,0,-1.00000,665408700971,0.00000
1218,609,0,0.41730,2.28930,0.29150,0.02270,2560000,-1.00000,665408705630,0.00000
1219,609,0,3.10940,0.00000,0.00000,0.01780,0,-1.00000,665408738893,0.00000
1220,610,0,1.14100,2.51330,0.22570,0.03740,2560000,-1.00000,665408743681,0.00000
1221,610,0,3.30420,0.00000,0.00000,0.02000,0,-1.00000,665408773297,0.00000
1222,611,0,0.42701,2.40150,0.32460,0.02010,2560000,-1.00000,665408777468,0.00000
1223,611,0,3.18250,0.00000,0.00000,0.01750,0,-1.00000,665408808580,0.00000
1224,612,0,0.31900,2.35600,0.25200,0.02630,2560000,-1.00000,665408819978,0.00000
1225,612,0,3.06430,0.00000,0.00000,0.01960,0,-1.00000,665408853031,0.00000
1226,613,0,0.43570,2.43820,0.30650,0.02360,2560000,-1.00000,665408857293,0.00000
1227,613,0,3.22300,0.00000,0.00000,0.02040,0,-1.00000,665408889116,0.00000
1228,614,0,1.11170,2.39000,0.24080,0.03200,2560000,-1.00000,665408892302,0.00000
1229,614,0,3.21400,0.00000,0.00000,0.02490,0,-1.00000,665408922948,0.00000
1230,615,0,1.14830,2.36640,0.22220,0.02160,2560000,-1.00000,665408927309,0.00000
1231,615,0,3.06030,0.00000,0.00000,0.02220,0,-1.00000,665408959537,0.00000
1232,616,0,1.15551,2.43760,0.29540,0.02030,2560000,-1.00000,665408970653,0.00000
1233,616,0,3.18490,0.00000,0.00000,0.01990,0,-1.00000,665409002815,0.00000
1234,617,0,1.08140,2.40760,0.32740,0.02210,2560000,-1.00000,665409014279,0.00000
1235,617,0,3.21800,0.00000,0.00000,0.02340,0,-1.00000,665409044879,0.00000
1236,618,0,1.10790,2.88660,0.25650,0.03700,2560000,-1.00000,665409056435,0.00000
1237,618,0,3.81830,0.00000,0.00000,0.02290,0,-1.00000,665409088284,0.00000
1238,619,0,0.44100,2.25310,0.30080,0.03440,2560000,-1.00000,665409099099,0.00000
1239,619,0,3.28230,0.00000,0.00000,0.02250,0,-1.00000,665409131279,0.00000
1240,620,0,0.95450,2.22680,0.19700,0.03960,2560000,-1.00000,665409142347,0.00000
1241,620,0,3.12470,0.00000,0.00000,0.02170,0,-1.00000,665409180548,0.00000
1242,621,0,1.32010,2.21680,0.22680,0.03210,2560000,-1.00000,665409184948,0.00000
1243,621,0,3.06510,0.00000,0.00000,0.01890,0,-1.00000,665409217793,0.00000
1244,622,0,1.09529,2.56200,0.27360,0.04110,2560000,-1.00000,665409227324,0.00000
1245,622,0,3.57680,0.00000,0.00000,0.02470,0,-1.00000,665409258582,0.00000
1246,623,0,0.64030,2.28810,0.25510,0.04290,2560000,-1.00000,665409271764,0.00000
1247,623,0,3.24090,0.00000,0.00000,0.02720,0,-1.00000,665409302435,0.00000
1248,624,0,0.44760,2.55030,0.20420,0.03560,2560000,-1.00000,665409313398,0.00000
1249,624,0,3.37010,0.00000,0.00000,0.02170,0,-1.00000,665409349151,0.00000
1250,625,0,0.42700,2.41270,0.27310,0.02590,2560000,-1.00000,665409355541,0.00000
1251,625,0,3.19440,0.00000,0.00000,0.02280,0,-1.00000,665409387973,0.00000
1252,626,0,0.43480,2.40470,0.22000,0.02330,2560000,-1.00000,665409392417,0.00000
1253,626,0,3.15810,0.00000,0.00000,0.02060,0,-1.00000,665409426139,0.00000
1254,627,0,2.88820,2.37670,0.20510,0.02180,2560000,-1.00000,665409430390,0.00000
1255,627,0,3.10540,0.00000,0.00000,0.01880,0,-1.00000,665409462345,0.00000
1256,628,0,0.42130,2.39630,0.25240,0.02190,2560000,-1.00000,665409466687,0.00000
1257,628,0,3.13850,0.00000,0.00000,0.01810,0,-1.00000,665409498258,0.00000
1258,629,0,0.37550,2.41950,0.22870,0.02130,2560000,-1.00000,665409527151,0.00000
1259,629,0,3.13210,0.00000,0.00000,0.02690,0,-1.00000,665409558212,0.00000
1260,630,0,0.66361,2.40350,0.24520,0.03550,2560000,-1.00000,665409562416,0.00000
1261,630,0,3.30320,0.00000,0.00000,0.02190,0,-1.00000,665409593800,0.00000
1262,631,0,3.18740,2.27420,0.30900,0.02290,2560000,-1.00000,665409597552,0.00000
1263,631,0,3.08230,0.00000,0.00000,0.02210,0,-1.00000,665409628888,0.00000
1264,632,0,0.44460,2.43010,0.19600,0.01920,2560000,-1.00000,665409635516,0.00000
1265,632,0,3.20720,0.00000,0.00000,0.02080,0,-1.00000,665409668556,0.00000
1266,633,0,0.37550,2.28540,0.34300,0.03680,2560000,-1.00000,665409700425,0.00000
1267,633,0,3.21010,0.00000,0.00000,0.02000,0,-1.00000,665409731247,0.00000
1268,634,0,0.41070,2.43250,0.22700,0.02340,2560000,-1.00000,665409735685,0.00000
1269,634,0,3.21810,0.00000,0.00000,0.02150,0,-1.00000,665409767761,0.00000
1270,635,0,2.00240,2.24300,0.24040,0.02060,2560000,-1.00000,665409771514,0.00000
1271,635,0,3.07060,0.00000,0.00000,0.01750,0,-1.00000,665409803616,0.00000
1272,636,0,0.38710,2.38820,0.24190,0.01780,2560000,-1.00000,665409807723,0.00000
1273,636,0,3.12400,0.00000,0.00000,0.01710,0,-1.00000,665409839909,0.00000
1274,637,0,0.46280,2.37870,0.32630,0.03750,2560000,-1.00000,665409859927,0.00000
1275,637,0,3.42040,0.00000,0.00000,0.02310,0,-1.00000,665409890631,0.00000
1276,638,0,0.52610,2.43840,0.25370,0.02450,2560000,-1.00000,665409894502,0.00000
1277,638,0,3.25360,0.00000,0.00000,0.02170,0,-1.00000,665409925743,0.00000
1278,639,0,0.40570,2.26760,0.31930,0.02070,2560000,-1.00000,665409930369,0.00000
1279,639,0,3.17310,0.00000,0.00000,0.02000,0,-1.00000,665409964601,0.00000
1280,640,0,0.39940,2.41900,0.27110,0.02180,2560000,-1.00000,665409969836,0.00000
1281,640,0,3.22320,0.00000,0.00000,0.02070,0,-1.00000,665410002377,0.00000
1282,641,0,0.42350,2.93870,0.22140,0.04130,2560000,-1.00000,665410006434,0.00000
1283,641,0,3.87470,0.00000,0.00000,0.02170,0,-1.00000,665410038161,0.00000
1284,642,0,0.41710,2.27360,0.21800,0.02300,2560000,-1.00000,665410042196,0.00000
1285,642,0,3.06950,0.00000,0.00000,0.02490,0,-1.00000,665410074395,0.00000
1286,643,0,0.93930,2.29560,0.29010,0.01870,2560000,-1.00000,665410078622,0.00000
1287,643,0,3.12929,0.00000,0.00000,0.01850,0,-1.00000,665410117442,0.00000
1288,644,0,0.33610,2.41000,0.22220,0.02320,2560000,-1.00000,665410121536,0.00000
1289,644,0,3.21780,0.00000,0.00000,0.01960,0,-1.00000,665410152240,0.00000
1290,645,0,0.92080,2.22360,0.25180,0.02470,2560000,-1.00000,665410161627,0.00000
1291,645,0,3.10960,0.00000,0.00000,0.01830,0,-1.00000,665410192921,0.00000
1292,646,0,1.23180,2.34060,0.20430,0.02110,2560000,-1.00000,665410196279,0.00000
1293,646,0,3.09640,0.00000,0.00000,0.01890,0,-1.00000,665410228461,0.00000
1294,647,0,1.17120,2.34460,0.23070,0.03350,2560000,-1.00000,665410237662,0.00000
1295,647,0,3.23850,0.00000,0.00000,0.01950,0,-1.00000,665410268766,0.00000
1296,648,0,1.05040,2.23210,0.22220,0.02380,2560000,-1.00000,665410281077,0.00000
1297,648,0,3.01310,0.00000,0.00000,0.02050,0,-1.00000,665410312047,0.00000
1298,649,0,1.23730,2.39810,0.26400,0.03280,2560000,-1.00000,665410323846,0.00000
1299,649,0,3.53670,0.00000,0.00000,0.01990,0,-1.00000,665410356151,0.00000
1300,650,0,1.72920,2.29190,0.32030,0.02430,2560000,-1.00000,665410366648,0.00000
1301,650,0,3.16720,0.00000,0.00000,0.02190,0,-1.00000,665410396780,0.00000
1302,651,0,0.45410,2.40950,0.22970,0.02470,2560000,-1.00000,665410409359,0.00000
1303,651,0,3.27250,0.00000,0.00000,0.02110,0,-1.00000,665410444534,0.00000
1304,652,0,0.81680,2.24300,0.24550,0.02360,2560000,-1.00000,665410461809,0.00000
1305,652,0,3.06230,0.00000,0.00000,0.02050,0,-1.00000,665410493485,0.00000
1306,653,0,1.17299,2.22850,0.29900,0.02300,2560000,-1.00000,665410498025,0.00000
1307,653,0,3.07140,0.00000,0.00000,0.02180,0,-1.00000,665410530748,0.00000
1308,654,0,1.19420,2.35760,0.21920,0.03310,2560000,-1.00000,665410538915,0.00000
1309,654,0,3.31390,0.00000,0.00000,0.02250,0,-1.00000,665410569539,0.00000
1310,655,0,1.00731,2.26290,0.30260,0.02250,2560000,-1.00000,665410581273,0.00000
1311,655,0,3.09950,0.00000,0.00000,0.02040,0,-1.00000,665410612121,0.00000
1312,656,0,1.19590,2.35980,0.37100,0.03360,2560000,-1.00000,665410623931,0.00000
1313,656,0,3.38430,0.00000,0.00000,0.02070,0,-1.00000,665410657072,0.00000
1314,657,0,0.94570,2.21280,0.21230,0.02380,2560000,-1.00000,665410667133,0.00000
1315,657,0,2.98580,0.00000,0.00000,0.01850,0,-1.00000,665410698134,0.00000
1316,658,0,1.26130,2.37130,0.23190,0.02380,2560000,-1.00000,665410710092,0.00000
1317,658,0,3.13550,0.00000,0.00000,0.02060,0,-1.00000,665410743949,0.00000
1318,659,0,1.16840,2.28180,0.28470,0.02250,2560000,-1.00000,665410753393,0.00000
1319,659,0,3.13890,0.00000,0.00000,0.02470,0,-1.00000,665410783253,0.00000
1320,660,0,1.17980,2.26060,0.30290,0.02070,2560000,-1.00000,665410795861,0.00000
1321,660,0,3.06160,0.00000,0.00000,0.01980,0,-1.00000,665410827220,0.00000
1322,661,0,1.20070,2.18670,0.22520,0.02210,2560000,-1.00000,665410838902,0.00000
1323,661,0,2.96040,0.00000,0.00000,0.02100,0,-1.00000,665410870301,0.00000
1324,662,0,1.28760,2.20330,0.22690,0.02660,2560000,-1.00000,665410882089,0.00000
1325,662,0,3.07970,0.00000,0.00000,0.02510,0,-1.00000,665410912798,0.00000
1326,663,0,3.22370,2.27360,0.20850,0.02740,2560000,-1.00000,665410924720,0.00000
1327,663,0,3.02630,0.00000,0.00000,0.01940,0,-1.00000,665410954321,0.00000
1328,664,0,0.39440,2.38070,0.22870,0.01980,2560000,-1.00000,665410967194,0.00000
1329,664,0,3.12850,0.00000,0.00000,0.02190,0,-1.00000,665410998001,0.00000
1330,665,0,0.49460,2.26210,0.30310,0.02220,2560000,-1.00000,665411030238,0.00000
1331,665,0,3.07230,0.00000,0.00000,0.01950,0,-1.00000,665411060491,0.00000
1332,666,0,0.70470,2.23740,0.22450,0.02090,2560000,-1.00000,665411064432,0.00000
1333,666,0,3.00110,0.00000,0.00000,0.02940,0,-1.00000,665411095718,0.00000
1334,667,0,1.32870,2.40380,0.20440,0.02060,2560000,-1.00000,665411100661,0.00000
1335,667,0,3.15810,0.00000,0.00000,0.01680,0,-1.00000,665411131384,0.00000
1336,668,0,3.26190,2.18010,0.22630,0.02170,2560000,-1.00000,665411138431,0.00000
1337,668,0,2.88540,0.00000,0.00000,0.02140,0,-1.00000,665411168444,0.00000
1338,669,0,1.43770,2.22070,0.31090,0.03280,2560000,-1.00000,665411181859,0.00000
1339,669,0,3.19211,0.00000,0.00000,0.02180,0,-1.00000,665411213312,0.00000
1340,670,0,1.10370,2.29550,0.32040,0.02500,2560000,-1.00000,665411245931,0.00000
1341,670,0,3.22370,0.00000,0.00000,0.02380,0,-1.00000,665411274794,0.00000
1342,671,0,1.00970,2.39360,0.25970,0.02530,2560000,-1.00000,665411289171,0.00000
1343,671,0,3.26470,0.00000,0.00000,0.02090,0,-1.00000,665411321091,0.00000
1344,672,0,1.05890,2.17420,0.19890,0.01980,2560000,-1.00000,665411332123,0.00000
1345,672,0,2.92420,0.00000,0.00000,0.01690,0,-1.00000,665411364362,0.00000
1346,673,0,1.35500,2.18550,0.21800,0.02080,2560000,-1.00000,665411374457,0.00000
1347,673,0,2.96970,0.00000,0.00000,0.01710,0,-1.00000,665411407110,0.00000
1348,674,0,1.26770,2.17480,0.22130,0.03560,2560000,-1.00000,665411417687,0.00000
1349,674,0,2.99680,0.00000,0.00000,0.01660,0,-1.00000,665411446931,0.00000
1350,675,0,1.33180,2.26460,0.23750,0.02300,2560000,-1.00000,665411460481,0.00000
1351,675,0,3.05310,0.00000,0.00000,0.02000,0,-1.00000,665411490181,0.00000
1352,676,0,1.21920,2.17350,0.23310,0.02070,2560000,-1.00000,665411502855,0.00000
1353,676,0,2.94220,0.00000,0.00000,0.01780,0,-1.00000,665411532823,0.00000
1354,677,0,1.28820,2.17260,0.38430,0.04930,2560000,-1.00000,665411546139,0.00000
1355,677,0,3.28520,0.00000,0.00000,0.02260,0,-1.00000,665411576673,0.00000
1356,678,0,1.08590,2.17630,0.20090,0.02560,2560000,-1.00000,665411588866,0.00000
1357,678,0,2.97110,0.00000,0.00000,0.02040,0,-1.00000,665411618324,0.00000
1358,679,0,1.26040,2.19870,0.19930,0.02060,2560000,-1.00000,665411631166,0.00000
1359,679,0,2.92360,0.00000,0.00000,0.01950,0,-1.00000,665411664046,0.00000
1360,680,0,1.38510,2.21220,0.23980,0.02010,2560000,-1.00000,665411674893,0.00000
1361,680,0,2.96030,0.00000,0.00000,0.01660,0,-1.00000,665411704603,0.00000
1362,681,0,3.40420,2.19140,0.24640,0.02780,2560000,-1.00000,665411717200,0.00000
1363,681,0,3.03990,0.00000,0.00000,0.02140,0,-1.00000,665411746432,0.00000
1364,682,0,0.41540,2.38020,0.23110,0.02090,2560000,-1.00000,665411760283,0.00000
1365,682,0,3.14980,0.00000,0.00000,0.02170,0,-1.00000,665411789931,0.00000
1366,683,0,0.41100,2.20810,0.22090,0.02120,2560000,-1.00000,665411823935,0.00000
1367,683,0,2.95050,0.00000,0.00000,0.01700,0,-1.00000,665411854338,0.00000
1368,684,0,0.71950,2.28920,0.27180,0.03090,2560000,-1.00000,665411858479,0.00000
1369,684,0,3.20800,0.00000,0.00000,0.02570,0,-1.00000,665411889981,0.00000
1370,685,0,3.21220,2.18560,0.20980,0.02950,2560000,-1.00000,665411894088,0.00000
1371,685,0,2.95920,0.00000,0.00000,0.02370,0,-1.00000,665411923589,0.00000
1372,686,0,0.45011,2.38940,0.21620,0.01930,2560000,-1.00000,665411930789,0.00000
1373,686,0,3.09030,0.00000,0.00000,0.02470,0,-1.00000,665411962889,0.00000
1374,687,0,0.40570,2.25340,0.24480,0.04840,2560000,-1.00000,665411994999,0.00000
1375,687,0,3.22250,0.00000,0.00000,0.02510,0,-1.00000,665412024593,0.00000
1376,688,0,0.54590,2.30480,0.22680,0.03760,2560000,-1.00000,665412029079,0.00000
1377,688,0,3.10210,0.00000,0.00000,0.02410,0,-1.00000,665412059991,0.00000
1378,689,0,1.14920,2.19500,0.21290,0.02300,2560000,-1.00000,665412064039,0.00000
1379,689,0,2.94450,0.00000,0.00000,0.01720,0,-1.00000,665412096304,0.00000
1380,690,0,1.35790,2.38370,0.20380,0.01990,2560000,-1.00000,665412101738,0.00000
1381,690,0,3.16650,0.00000,0.00000,0.01590,0,-1.00000,665412132759,0.00000
1382,691,0,1.05100,2.32210,0.21880,0.02250,2560000,-1.00000,665412144289,0.00000
1383,691,0,3.07710,0.00000,0.00000,0.01750,0,-1.00000,665412173686,0.00000
1384,692,0,1.16900,2.22230,0.23610,0.02510,2560000,-1.00000,665412187259,0.00000
1385,692,0,3.04100,0.00000,0.00000,0.02180,0,-1.00000,665412218934,0.00000
1386,693,0,1.24920,2.24460,0.21500,0.03380,2560000,-1.00000,665412229444,0.00000
1387,693,0,3.35120,0.00000,0.00000,0.02180,0,-1.00000,665412260216,0.00000
1388,694,0,0.90620,2.18470,0.20300,0.02260,2560000,-1.00000,665412271908,0.00000
1389,694,0,2.91600,0.00000,0.00000,0.02230,0,-1.00000,665412302321,0.00000
1390,695,0,1.24540,2.12710,0.23370,0.01920,2560000,-1.00000,665412314801,0.00000
1391,695,0,2.88820,0.00000,0.00000,0.02050,0,-1.00000,665412348330,0.00000
1392,696,0,1.61440,2.18830,0.21530,0.02660,2560000,-1.00000,665412357372,0.00000
1393,696,0,3.02770,0.00000,0.00000,0.02390,0,-1.00000,665412386541,0.00000
1394,697,0,1.10510,2.17530,0.29560,0.02180,2560000,-1.00000,665412398989,0.00000
1395,697,0,3.03540,0.00000,0.00000,0.01840,0,-1.00000,665412427877,0.00000
1396,698,0,3.36451,2.16940,0.30570,0.02210,2560000,-1.00000,665412444018,0.00000
1397,698,0,2.94840,0.00000,0.00000,0.01640,0,-1.00000,665412474304,0.00000
1398,699,0,1.28250,2.25620,0.22880,0.02840,2560000,-1.00000,665412485344,0.00000
1399,699,0,3.15230,0.00000,0.00000,0.02260,0,-1.00000,665412515698,0.00000
1400,700,0,0.45930,2.24900,0.24680,0.03240,2560000,-1.00000,665412549349,0.00000
1401,700,0,3.11480,0.00000,0.00000,0.02040,0,-1.00000,665412578830,0.00000
1402,701,0,0.38950,2.21930,0.31420,0.02180,2560000,-1.00000,665412591655,0.00000
1403,701,0,3.05540,0.00000,0.00000,0.01790,0,-1.00000,665412623198,0.00000
1404,702,0,0.50320,2.14650,0.30480,0.01850,2560000,-1.00000,665412627773,0.00000
1405,702,0,2.98320,0.00000,0.00000,0.01710,0,-1.00000,665412658923,0.00000
1406,703,0,1.28730,2.29120,0.26750,0.03270,2560000,-1.00000,665412662809,0.00000
1407,703,0,3.25959,0.00000,0.00000,0.02350,0,-1.00000,665412693365,0.00000
1408,704,0,1.01480,2.17510,0.24690,0.02820,2560000,-1.00000,665412698399,0.00000
1409,704,0,3.03540,0.00000,0.00000,0.02060,0,-1.00000,665412728231,0.00000
1410,705,0,1.24439,2.34040,0.24760,0.04840,2560000,-1.00000,665412741113,0.00000
1411,705,0,3.35731,0.00000,0.00000,0.02440,0,-1.00000,665412773711,0.00000
1412,706,0,0.85480,2.27700,0.21030,0.02290,2560000,-1.00000,665412783844,0.00000
1413,706,0,3.01860,0.00000,0.00000,0.01820,0,-1.00000,665412814207,0.00000
1414,707,0,3.32560,2.28200,0.22270,0.02690,2560000,-1.00000,665412826708,0.00000
1415,707,0,3.15831,0.00000,0.00000,0.02050,0,-1.00000,665412860254,0.00000
1416,708,0,0.41100,2.18830,0.26150,0.03360,2560000,-1.00000,665412868765,0.00000
1417,708,0,3.18070,0.00000,0.00000,0.02330,0,-1.00000,665412898951,0.00000
1418,709,0,0.56780,2.34250,0.24250,0.02600,2560000,-1.00000,665412932215,0.00000
1419,709,0,3.12180,0.00000,0.00000,0.02110,0,-1.00000,665412963797,0.00000
1420,710,0,0.56480,2.14410,0.33480,0.02240,2560000,-1.00000,665412967938,0.00000
1421,710,0,3.01830,0.00000,0.00000,0.02140,0,-1.00000,665412999728,0.00000
1422,711,0,3.01480,2.11260,0.23010,0.02370,2560000,-1.00000,665413005397,0.00000
1423,711,0,2.84050,0.00000,0.00000,0.02000,0,-1.00000,665413036609,0.00000
1424,712,0,0.39520,2.23630,0.32980,0.02510,2560000,-1.00000,665413042250,0.00000
1425,712,0,3.11261,0.00000,0.00000,0.01780,0,-1.00000,665413072434,0.00000
1426,713,0,0.36160,2.33420,0.23170,0.02290,2560000,-1.00000,665413102583,0.00000
1427,713,0,3.09480,0.00000,0.00000,0.01920,0,-1.00000,665413130983,0.00000
1428,714,0,0.90340,2.30160,0.25550,0.02800,2560000,-1.00000,665413134946,0.00000
1429,714,0,3.14960,0.00000,0.00000,0.02160,0,-1.00000,665413166070,0.00000
1430,715,0,1.06750,2.30220,0.21810,0.02190,2560000,-1.00000,665413169680,0.00000
1431,715,0,3.05800,0.00000,0.00000,0.02250,0,-1.00000,665413200633,0.00000
1432,716,0,1.19730,2.20630,0.21470,0.03180,2560000,-1.00000,665413209659,0.00000
1433,716,0,3.06370,0.00000,0.00000,0.02290,0,-1.00000,665413241175,0.00000
1434,717,0,1.10760,2.23190,0.26580,0.02260,2560000,-1.00000,665413251836,0.00000
1435,717,0,3.14400,0.00000,0.00000,0.01740,0,-1.00000,665413282415,0.00000
1436,718,0,1.28770,2.16440,0.22500,0.02300,2560000,-1.00000,665413294393,0.00000
1437,718,0,3.04450,0.00000,0.00000,0.02390,0,-1.00000,665413325032,0.00000
1438,719,0,1.18150,2.25690,0.24180,0.02060,2560000,-1.00000,665413336111,0.00000
1439,719,0,3.03070,0.00000,0.00000,0.01700,0,-1.00000,665413367542,0.00000
1440,720,0,1.19349,2.12090,0.21650,0.01940,2560000,-1.00000,665413380422,0.00000
1441,720,0,2.82340,0.00000,0.00000,0.01630,0,-1.00000,665413410867,0.00000
1442,721,0,1.48321,2.15360,0.26440,0.02310,2560000,-1.00000,665413422676,0.00000
1443,721,0,2.94520,0.00000,0.00000,0.01480,0,-1.00000,665413452983,0.00000
1444,722,0,1.27820,2.31040,0.22060,0.02390,2560000,-1.00000,665413464918,0.00000
1445,722,0,3.10680,0.00000,0.00000,0.01640,0,-1.00000,665413493152,0.00000
1446,723,0,3.26370,2.14260,0.23030,0.02170,2560000,-1.00000,665413507985,0.00000
1447,723,0,2.86070,0.00000,0.00000,0.01720,0,-1.00000,665413537441,0.00000
1448,724,0,0.44830,2.25410,0.22120,0.03310,2560000,-1.00000,665413550221,0.00000
1449,724,0,3.15670,0.00000,0.00000,0.01930,0,-1.00000,665413581290,0.00000
1450,725,0,0.41541,2.30530,0.24460,0.02540,2560000,-1.00000,665413613928,0.00000
1451,725,0,3.18140,0.00000,0.00000,0.01990,0,-1.00000,665413642530,0.00000
1452,726,0,0.59000,2.33980,0.20760,0.02300,2560000,-1.00000,665413647053,0.00000
1453,726,0,3.09470,0.00000,0.00000,0.01700,0,-1.00000,665413678593,0.00000
1454,727,0,3.34290,2.12770,0.22110,0.02110,2560000,-1.00000,665413682730,0.00000
1455,727,0,2.82600,0.00000,0.00000,0.01980,0,-1.00000,665413714557,0.00000
1456,728,0,0.38990,2.31630,0.20500,0.02230,2560000,-1.00000,665413720449,0.00000
1457,728,0,3.15630,0.00000,0.00000,0.02320,0,-1.00000,665413751399,0.00000
1458,729,0,0.44080,2.16160,0.21060,0.02310,2560000,-1.00000,665413784828,0.00000
1459,729,0,2.90030,0.00000,0.00000,0.01750,0,-1.00000,665413813085,0.00000
1460,730,0,0.79899,2.17480,0.23140,0.02100,2560000,-1.00000,665413816980,0.00000
1461,730,0,2.95741,0.00000,0.00000,0.01650,0,-1.00000,665413848567,0.00000
1462,731,0,0.33750,2.20030,0.27920,0.02320,2560000,-1.00000,665413852949,0.00000
1463,731,0,3.23690,0.00000,0.00000,0.02430,0,-1.00000,665413881960,0.00000
1464,732,0,0.43260,2.28520,0.21990,0.02880,2560000,-1.00000,665413889945,0.00000
1465,732,0,3.09950,0.00000,0.00000,0.02320,0,-1.00000,665413919521,0.00000
1466,733,0,2.88630,2.22870,0.21740,0.02760,2560000,-1.00000,665413922899,0.00000
1467,733,0,3.00040,0.00000,0.00000,0.02260,0,-1.00000,665413955275,0.00000
1468,734,0,0.45200,2.29680,0.21690,0.02220,2560000,-1.00000,665413959588,0.00000
1469,734,0,3.05011,0.00000,0.00000,0.02120,0,-1.00000,665413990606,0.00000
1470,735,0,0.38270,2.31450,0.23060,0.02100,2560000,-1.00000,665414019458,0.00000
1471,735,0,3.01080,0.00000,0.00000,0.01820,0,-1.00000,665414049458,0.00000
1472,736,0,0.73080,2.16020,0.20820,0.02240,2560000,-1.00000,665414053972,0.00000
1473,736,0,2.93450,0.00000,0.00000,0.02200,0,-1.00000,665414084481,0.00000
1474,737,0,3.54440,2.16610,0.21070,0.02420,2560000,-1.00000,665414088300,0.00000
1475,737,0,2.87980,0.00000,0.00000,0.01760,0,-1.00000,665414118417,0.00000
1476,738,0,0.37061,2.10150,0.22760,0.02350,2560000,-1.00000,665414125721,0.00000
1477,738,0,2.92070,0.00000,0.00000,0.01790,0,-1.00000,665414155061,0.00000
1478,739,0,0.36560,2.28240,0.23180,0.01750,2560000,-1.00000,665414190513,0.00000
1479,739,0,2.97930,0.00000,0.00000,0.01890,0,-1.00000,665414219310,0.00000
1480,740,0,1.10100,2.33270,0.29200,0.03300,2560000,-1.00000,665414223014,0.00000
1481,740,0,3.29380,0.00000,0.00000,0.02740,0,-1.00000,665414252273,0.00000
1482,741,0,0.99520,2.23550,0.20020,0.02710,2560000,-1.00000,665414255875,0.00000
1483,741,0,3.03510,0.00000,0.00000,0.02650,0,-1.00000,665414285755,0.00000
1484,742,0,1.23020,2.20240,0.20010,0.02460,2560000,-1.00000,665414296683,0.00000
1485,742,0,2.96020,0.00000,0.00000,0.01820,0,-1.00000,665414329638,0.00000
1486,743,0,3.33520,2.18960,0.23890,0.02710,2560000,-1.00000,665414339569,0.00000
1487,743,0,3.03260,0.00000,0.00000,0.01720,0,-1.00000,665414369922,0.00000
1488,744,0,0.39770,2.24490,0.31390,0.02180,2560000,-1.00000,665414382227,0.00000
1489,744,0,3.10670,0.00000,0.00000,0.01700,0,-1.00000,665414411824,0.00000
1490,745,0,0.36640,2.14090,0.23820,0.01870,2560000,-1.00000,665414445175,0.00000
1491,745,0,2.83330,0.00000,0.00000,0.01560,0,-1.00000,665414475501,0.00000
1492,746,0,1.03890,2.13850,0.29810,0.01950,2560000,-1.00000,665414479473,0.00000
1493,746,0,2.96320,0.00000,0.00000,0.01700,0,-1.00000,665414510545,0.00000
1494,747,0,3.38740,2.37880,0.21230,0.03730,2560000,-1.00000,665414514206,0.00000
1495,747,0,3.42260,0.00000,0.00000,0.02300,0,-1.00000,665414542541,0.00000
1496,748,0,0.45541,2.33620,0.19900,0.02370,2560000,-1.00000,665414552935,0.00000
1497,748,0,3.10979,0.00000,0.00000,0.02060,0,-1.00000,665414582562,0.00000
1498,749,0,0.39311,2.15140,0.23890,0.01970,2560000,-1.00000,665414616433,0.00000
1499,749,0,2.86540,0.00000,0.00000,0.02050,0,-1.00000,665414650681,0.00000
1500,750,0,0.40710,2.24360,0.19960,0.02240,2560000,-1.00000,665414655214,0.00000
1501,750,0,2.97890,0.00000,0.00000,0.02100,0,-1.00000,665414686324,0.00000
1502,751,0,3.58760,2.24970,0.22400,0.02700,2560000,-1.00000,665414690242,0.00000
1503,751,0,3.05780,0.00000,0.00000,0.01760,0,-1.00000,665414718904,0.00000
1504,752,0,0.53230,2.26350,0.28210,0.02210,2560000,-1.00000,665414722970,0.00000
1505,752,0,3.09700,0.00000,0.00000,0.01940,0,-1.00000,665414752761,0.00000
1506,753,0,0.42570,2.12600,0.22470,0.01980,2560000,-1.00000,665414788637,0.00000
1507,753,0,2.83960,0.00000,0.00000,0.02040,0,-1.00000,665414819214,0.00000
1508,754,0,0.49830,2.28660,0.32190,0.03600,2560000,-1.00000,665414824537,0.00000
1509,754,0,3.11660,0.00000,0.00000,0.02030,0,-1.00000,665414855562,0.00000
1510,755,0,1.23240,2.13650,0.28020,0.02210,2560000,-1.00000,665414859758,0.00000
1511,755,0,2.99430,0.00000,0.00000,0.01770,0,-1.00000,665414888164,0.00000
1512,756,0,1.19439,2.19330,0.23740,0.03600,2560000,-1.00000,665414893142,0.00000
1513,756,0,3.06210,0.00000,0.00000,0.02340,0,-1.00000,665414924314,0.00000
1514,757,0,1.26980,2.18470,0.23340,0.02260,2560000,-1.00000,665414936638,0.00000
1515,757,0,2.96650,0.00000,0.00000,0.01840,0,-1.00000,665414966573,0.00000
1516,758,0,1.25950,2.22070,0.22910,0.02330,2560000,-1.00000,665414978519,0.00000
1517,758,0,3.00860,0.00000,0.00000,0.01980,0,-1.00000,665415009155,0.00000
1518,759,0,1.28180,2.14540,0.21910,0.02340,2560000,-1.00000,665415021841,0.00000
1519,759,0,2.92560,0.00000,0.00000,0.01900,0,-1.00000,665415051505,0.00000
1520,760,0,1.29180,2.10880,0.23090,0.02620,2560000,-1.00000,665415064097,0.00000
1521,760,0,2.95280,0.00000,0.00000,0.02060,0,-1.00000,665415094187,0.00000
1522,761,0,1.29830,2.30420,0.31220,0.04970,2560000,-1.00000,665415107006,0.00000
1523,761,0,3.46610,0.00000,0.00000,0.02920,0,-1.00000,665415136263,0.00000
1524,762,0,0.77770,2.11660,0.20280,0.03110,2560000,-1.00000,665415149177,0.00000
1525,762,0,2.94770,0.00000,0.00000,0.01910,0,-1.00000,665415178719,0.00000
1526,763,0,1.32250,2.16600,0.26680,0.03610,2560000,-1.00000,665415191686,0.00000
1527,763,0,3.21760,0.00000,0.00000,0.02180,0,-1.00000,665415226393,0.00000
1528,764,0,1.08120,2.28240,0.20090,0.02670,2560000,-1.00000,665415234128,0.00000
1529,764,0,3.06409,0.00000,0.00000,0.01960,0,-1.00000,665415263608,0.00000
1530,765,0,1.19980,2.09400,0.22770,0.02150,2560000,-1.00000,665415276826,0.00000
1531,765,0,2.90930,0.00000,0.00000,0.01980,0,-1.00000,665415309032,0.00000
1532,766,0,1.28739,2.17830,0.22230,0.03880,2560000,-1.00000,665415319825,0.00000
1533,766,0,3.10420,0.00000,0.00000,0.01870,0,-1.00000,665415350466,0.00000
1534,767,0,1.22370,2.15290,0.22140,0.02410,2560000,-1.00000,665415362454,0.00000
1535,767,0,2.93369,0.00000,0.00000,0.01980,0,-1.00000,665415391551,0.00000
1536,768,0,1.27890,2.12480,0.22380,0.02090,2560000,-1.00000,665415404424,0.00000
1537,768,0,2.83440,0.00000,0.00000,0.02180,0,-1.00000,665415435484,0.00000
1538,769,0,1.98040,2.24620,0.22950,0.02280,2560000,-1.00000,665415447700,0.00000
1539,769,0,3.10011,0.00000,0.00000,0.01840,0,-1.00000,665415477043,0.00000
1540,770,0,0.59110,2.11610,0.25780,0.03810,2560000,-1.00000,665415489828,0.00000
1541,770,0,2.99780,0.00000,0.00000,0.02480,0,-1.00000,665415518173,0.00000
1542,771,0,1.28090,2.08820,0.21170,0.02760,2560000,-1.00000,665415537974,0.00000
1543,771,0,2.91100,0.00000,0.00000,0.02230,0,-1.00000,665415568975,0.00000
1544,772,0,1.43260,2.19640,0.27240,0.03080,2560000,-1.00000,665415574887,0.00000
1545,772,0,3.13660,0.00000,0.00000,0.02170,0,-1.00000,665415604888,0.00000
1546,773,0,1.06700,2.16220,0.23810,0.02620,2560000,-1.00000,665415617677,0.00000
1547,773,0,3.03140,0.00000,0.00000,0.02190,0,-1.00000,665415646790,0.00000
1548,774,0,1.21930,2.09410,0.23540,0.02270,2560000,-1.00000,665415661117,0.00000
1549,774,0,2.87270,0.00000,0.00000,0.02140,0,-1.00000,665415692485,0.00000
1550,775,0,1.36780,2.09530,0.26740,0.02010,2560000,-1.00000,665415703147,0.00000
1551,775,0,2.88000,0.00000,0.00000,0.01620,0,-1.00000,665415733465,0.00000
1552,776,0,1.40790,2.42570,0.20280,0.03520,2560000,-1.00000,665415745657,0.00000
1553,776,0,3.35360,0.00000,0.00000,0.02410,0,-1.00000,665415774384,0.00000
1554,777,0,0.87840,2.30250,0.21690,0.02740,2560000,-1.00000,665415788053,0.00000
1555,777,0,3.15520,0.00000,0.00000,0.02100,0,-1.00000,665415816857,0.00000
1556,778,0,1.10440,2.12830,0.22090,0.02440,2560000,-1.00000,665415830942,0.00000
1557,778,0,2.88810,0.00000,0.00000,0.02110,0,-1.00000,665415864488,0.00000
1558,779,0,3.41240,2.12600,0.27220,0.03370,2560000,-1.00000,665415873280,0.00000
1559,779,0,3.04180,0.00000,0.00000,0.02010,0,-1.00000,665415904813,0.00000
1560,780,0,0.48420,2.27860,0.23190,0.03580,2560000,-1.00000,665415915852,0.00000
1561,780,0,3.31760,0.00000,0.00000,0.02290,0,-1.00000,665415944734,0.00000
1562,781,0,0.51000,2.19660,0.22910,0.02390,2560000,-1.00000,665415978871,0.00000
1563,781,0,2.96361,0.00000,0.00000,0.02000,0,-1.00000,665416009279,0.00000
1564,782,0,0.43900,2.25370,0.23200,0.02010,2560000,-1.00000,665416014125,0.00000
1565,782,0,3.02640,0.00000,0.00000,0.02190,0,-1.00000,665416047311,0.00000
1566,783,0,1.24560,2.10040,0.29290,0.02100,2560000,-1.00000,665416052395,0.00000
1567,783,0,2.94750,0.00000,0.00000,0.01920,0,-1.00000,665416082040,0.00000
1568,784,0,1.29660,2.11230,0.23350,0.02700,2560000,-1.00000,665416086419,0.00000
1569,784,0,2.93910,0.00000,0.00000,0.02060,0,-1.00000,665416116689,0.00000
1570,785,0,1.31170,2.07450,0.29620,0.02220,2560000,-1.00000,665416129140,0.00000
1571,785,0,2.91410,0.00000,0.00000,0.02060,0,-1.00000,665416158617,0.00000
1572,786,0,1.39190,2.09690,0.29650,0.03340,2560000,-1.00000,665416171584,0.00000
1573,786,0,3.07280,0.00000,0.00000,0.02170,0,-1.00000,665416200976,0.00000
1574,787,0,1.17601,2.11900,0.27520,0.03320,2560000,-1.00000,665416214085,0.00000
1575,787,0,3.08750,0.00000,0.00000,0.02570,0,-1.00000,665416243231,0.00000
1576,788,0,1.19400,2.06110,0.20590,0.02420,2560000,-1.00000,665416257149,0.00000
1577,788,0,2.86560,0.00000,0.00000,0.01880,0,-1.00000,665416287891,0.00000
1578,789,0,3.53220,2.04700,0.25330,0.02640,2560000,-1.00000,665416299634,0.00000
1579,789,0,2.87980,0.00000,0.00000,0.02130,0,-1.00000,665416330533,0.00000
1580,790,0,0.61250,2.17780,0.31230,0.02940,2560000,-1.00000,665416342452,0.00000
1581,790,0,3.12730,0.00000,0.00000,0.01970,0,-1.00000,665416371110,0.00000
1582,791,0,0.45120,2.15530,0.22670,0.02410,2560000,-1.00000,665416406430,0.00000
1583,791,0,2.94510,0.00000,0.00000,0.01860,0,-1.00000,665416435229,0.00000
1584,792,0,0.63140,2.06230,0.39010,0.02240,2560000,-1.00000,665416441358,0.00000
1585,792,0,2.97230,0.00000,0.00000,0.02010,0,-1.00000,665416472633,0.00000
1586,793,0,1.32100,2.10180,0.20680,0.02170,2560000,-1.00000,665416477144,0.00000
1587,793,0,2.83930,0.00000,0.00000,0.01690,0,-1.00000,665416506593,0.00000
1588,794,0,3.54050,2.18970,0.20400,0.03690,2560000,-1.00000,665416512902,0.00000
1589,794,0,3.01410,0.00000,0.00000,0.02580,0,-1.00000,665416542626,0.00000
1590,795,0,1.39480,2.10030,0.26700,0.03310,2560000,-1.00000,665416555833,0.00000
1591,795,0,3.03850,0.00000,0.00000,0.01950,0,-1.00000,665416584228,0.00000
1592,796,0,1.08840,2.04430,0.22090,0.03520,2560000,-1.00000,665416619638,0.00000
1593,796,0,2.76271,0.00000,0.00000,0.02400,0,-1.00000,665416649782,0.00000
1594,797,0,1.55950,2.04410,0.22820,0.02640,2560000,-1.00000,665416663722,0.00000
1595,797,0,2.85330,0.00000,0.00000,0.02040,0,-1.00000,665416694118,0.00000
1596,798,0,1.37560,2.09990,0.21540,0.02550,2560000,-1.00000,665416704989,0.00000
1597,798,0,2.89170,0.00000,0.00000,0.01730,0,-1.00000,665416732619,0.00000
1598,799,0,1.40540,2.09870,0.25100,0.02310,2560000,-1.00000,665416748214,0.00000
1599,799,0,2.94290,0.00000,0.00000,0.02230,0,-1.00000,665416776743,0.00000
1600,800,0,1.36390,2.22510,0.19810,0.03070,2560000,-1.00000,665416790503,0.00000
1601,800,0,3.07130,0.00000,0.00000,0.02200,0,-1.00000,665416819423,0.00000
1602,801,0,1.16570,2.27480,0.29140,0.02560,2560000,-1.00000,665416833479,0.00000
1603,801,0,3.19180,0.00000,0.00000,0.01970,0,-1.00000,665416862911,0.00000
1604,802,0,1.16740,2.05180,0.26160,0.03020,2560000,-1.00000,665416876545,0.00000
1605,802,0,2.95010,0.00000,0.00000,0.02200,0,-1.00000,665416907266,0.00000
1606,803,0,1.29180,2.03530,0.23830,0.02880,2560000,-1.00000,665416918911,0.00000
1607,803,0,2.84680,0.00000,0.00000,0.01870,0,-1.00000,665416950835,0.00000
1608,804,0,1.38480,2.12790,0.21080,0.03610,2560000,-1.00000,665416962505,0.00000
1609,804,0,3.11350,0.00000,0.00000,0.02010,0,-1.00000,665416992013,0.00000
1610,805,0,1.16070,2.10560,0.28750,0.02010,2560000,-1.00000,665417004931,0.00000
1611,805,0,2.93880,0.00000,0.00000,0.01730,0,-1.00000,665417033392,0.00000
1612,806,0,1.41939,2.02630,0.29050,0.05700,2560000,-1.00000,665417047242,0.00000
1613,806,0,2.94360,0.00000,0.00000,0.01870,0,-1.00000,665417078386,0.00000
1614,807,0,1.43740,2.05870,0.19840,0.02230,2560000,-1.00000,665417089983,0.00000
1615,807,0,2.84620,0.00000,0.00000,0.01880,0,-1.00000,665417119408,0.00000
1616,808,0,1.27870,2.02670,0.23840,0.02160,2560000,-1.00000,665417133570,0.00000
1617,808,0,2.82950,0.00000,0.00000,0.01680,0,-1.00000,665417163000,0.00000
1618,809,0,1.46160,2.10630,0.28450,0.04400,2560000,-1.00000,665417177368,0.00000
1619,809,0,3.01300,0.00000,0.00000,0.02410,0,-1.00000,665417205842,0.00000
1620,810,0,1.25660,2.28270,0.22760,0.02970,2560000,-1.00000,665417218625,0.00000
1621,810,0,3.14380,0.00000,0.00000,0.01870,0,-1.00000,665417246916,0.00000
1622,811,0,0.38210,2.15280,0.28750,0.02140,2560000,-1.00000,665417261537,0.00000
1623,811,0,2.97060,0.00000,0.00000,0.01850,0,-1.00000,665417291694,0.00000
1624,812,0,0.35260,2.10130,0.29280,0.01800,2560000,-1.00000,665417304227,0.00000
1625,812,0,2.93520,0.00000,0.00000,0.02350,0,-1.00000,665417335667,0.00000
1626,813,0,0.92791,2.01250,0.23160,0.02250,2560000,-1.00000,665417339485,0.00000
1627,813,0,2.77620,0.00000,0.00000,0.02150,0,-1.00000,665417369199,0.00000
1628,814,0,1.47760,2.09710,0.24010,0.03350,2560000,-1.00000,665417372716,0.00000
1629,814,0,2.99920,0.00000,0.00000,0.02400,0,-1.00000,665417402078,0.00000
1630,815,0,1.33580,2.07570,0.26250,0.02700,2560000,-1.00000,665417411351,0.00000
1631,815,0,2.90430,0.00000,0.00000,0.02060,0,-1.00000,665417439109,0.00000
1632,816,0,1.37310,2.06420,0.34680,0.02090,2560000,-1.00000,665417453889,0.00000
1633,816,0,2.94080,0.00000,0.00000,0.01760,0,-1.00000,665417483891,0.00000
1634,817,0,1.33270,2.19240,0.20980,0.02670,2560000,-1.00000,665417497242,0.00000
1635,817,0,3.00940,0.00000,0.00000,0.02020,0,-1.00000,665417526292,0.00000
1636,818,0,2.20190,2.03000,0.21680,0.04840,2560000,-1.00000,665417540012,0.00000
1637,818,0,2.93690,0.00000,0.00000,0.02300,0,-1.00000,665417569418,0.00000
1638,819,0,0.47830,2.03500,0.20030,0.02480,2560000,-1.00000,665417582879,0.00000
1639,819,0,2.74780,0.00000,0.00000,0.02090,0,-1.00000,665417612845,0.00000
1640,820,0,1.47850,2.16190,0.20680,0.03830,2560000,-1.00000,665417634861,0.00000
1641,820,0,3.10620,0.00000,0.00000,0.02250,0,-1.00000,665417664246,0.00000
1642,821,0,1.27640,2.08810,0.20530,0.02270,2560000,-1.00000,665417669015,0.00000
1643,821,0,2.87230,0.00000,0.00000,0.01760,0,-1.00000,665417696492,0.00000
1644,822,0,1.37710,2.06650,0.19230,0.02120,2560000,-1.00000,665417711278,0.00000
1645,822,0,2.81980,0.00000,0.00000,0.01630,0,-1.00000,665417742354,0.00000
1646,823,0,1.46140,2.18460,0.23200,0.01990,2560000,-1.00000,665417755101,0.00000
1647,823,0,2.96530,0.00000,0.00000,0.02140,0,-1.00000,665417783831,0.00000
1648,824,0,1.30860,2.27720,0.26430,0.03720,2560000,-1.00000,665417797598,0.00000
1649,824,0,3.22740,0.00000,0.00000,0.02390,0,-1.00000,665417825795,0.00000
1650,825,0,2.06200,2.09800,0.22110,0.04470,2560000,-1.00000,665417840527,0.00000
1651,825,0,3.09580,0.00000,0.00000,0.02140,0,-1.00000,665417870063,0.00000
1652,826,0,0.53030,2.08300,0.19910,0.02160,2560000,-1.00000,665417883147,0.00000
1653,826,0,2.80890,0.00000,0.00000,0.02100,0,-1.00000,665417915440,0.00000
1654,827,0,0.36780,2.07460,0.23080,0.02130,2560000,-1.00000,665417936044,0.00000
1655,827,0,2.88390,0.00000,0.00000,0.01450,0,-1.00000,665417967013,0.00000
1656,828,0,0.35740,2.03380,0.24770,0.02150,2560000,-1.00000,665417972301,0.00000
1657,828,0,2.81180,0.00000,0.00000,0.01740,0,-1.00000,665418000390,0.00000
1658,829,0,1.19800,2.03100,0.22240,0.02310,2560000,-1.00000,665418004068,0.00000
1659,829,0,2.86080,0.00000,0.00000,0.01780,0,-1.00000,665418032915,0.00000
1660,830,0,3.58110,2.06390,0.21150,0.03320,2560000,-1.00000,665418036478,0.00000
1661,830,0,2.93790,0.00000,0.00000,0.02250,0,-1.00000,665418064597,0.00000
1662,831,0,1.36340,2.15860,0.29510,0.03190,2560000,-1.00000,665418076582,0.00000
1663,831,0,3.07250,0.00000,0.00000,0.01910,0,-1.00000,665418105189,0.00000
1664,832,0,1.27770,2.04740,0.24300,0.02690,2560000,-1.00000,665418141008,0.00000
1665,832,0,2.90720,0.00000,0.00000,0.02420,0,-1.00000,665418170384,0.00000
1666,833,0,1.30320,2.03990,0.20870,0.02350,2560000,-1.00000,665418184014,0.00000
1667,833,0,2.78480,0.00000,0.00000,0.02190,0,-1.00000,665418214745,0.00000
1668,834,0,1.51390,2.09340,0.23730,0.05220,2560000,-1.00000,665418227543,0.00000
1669,834,0,3.08290,0.00000,0.00000,0.01890,0,-1.00000,665418256593,0.00000
1670,835,0,3.53110,2.16220,0.27470,0.02830,2560000,-1.00000,665418269620,0.00000
1671,835,0,2.94619,0.00000,0.00000,0.02000,0,-1.00000,665418297468,0.00000
1672,836,0,0.35790,2.13420,0.24170,0.02230,2560000,-1.00000,665418312599,0.00000
1673,836,0,2.98370,0.00000,0.00000,0.01990,0,-1.00000,665418343454,0.00000
1674,837,0,0.35310,2.16230,0.25560,0.02220,2560000,-1.00000,665418378751,0.00000
1675,837,0,2.88311,0.00000,0.00000,0.01800,0,-1.00000,665418408208,0.00000
1676,838,0,1.10090,2.15770,0.27370,0.02920,2560000,-1.00000,665418411795,0.00000
1677,838,0,2.96149,0.00000,0.00000,0.02100,0,-1.00000,665418441632,0.00000
1678,839,0,2.19311,2.15740,0.30710,0.03050,2560000,-1.00000,665418445152,0.00000
1679,839,0,3.12360,0.00000,0.00000,0.02420,0,-1.00000,665418473990,0.00000
1680,840,0,0.41450,2.14820,0.21980,0.02800,2560000,-1.00000,665418485002,0.00000
1681,840,0,2.88540,0.00000,0.00000,0.02400,0,-1.00000,665418514615,0.00000
1682,841,0,1.21020,2.15860,0.21140,0.03700,2560000,-1.00000,665418536540,0.00000
1683,841,0,3.02930,0.00000,0.00000,0.02480,0,-1.00000,665418567804,0.00000
1684,842,0,3.46910,2.22700,0.27740,0.02920,2560000,-1.00000,665418571921,0.00000
1685,842,0,3.03780,0.00000,0.00000,0.02270,0,-1.00000,665418600778,0.00000
1686,843,0,0.41650,2.18180,0.31550,0.02390,2560000,-1.00000,665418612875,0.00000
1687,843,0,3.00291,0.00000,0.00000,0.01990,0,-1.00000,665418643186,0.00000
1688,844,0,2.12389,2.27480,0.22370,0.03710,2560000,-1.00000,665418677868,0.00000
1689,844,0,3.22450,0.00000,0.00000,0.02450,0,-1.00000,665418708243,0.00000
1690,845,0,1.13680,2.36980,0.21430,0.02880,2560000,-1.00000,665418712402,0.00000
1691,845,0,3.18320,0.00000,0.00000,0.02310,0,-1.00000,665418742450,0.00000
1692,846,0,1.04610,2.17310,0.30020,0.02980,2560000,-1.00000,665418763692,0.00000
1693,846,0,3.02190,0.00000,0.00000,0.01960,0,-1.00000,665418795931,0.00000
1694,847,0,1.25750,2.10850,0.24970,0.02500,2560000,-1.00000,665418807292,0.00000
1695,847,0,2.86680,0.00000,0.00000,0.02310,0,-1.00000,665418839124,0.00000
1696,848,0,1.42320,2.13740,0.20370,0.03550,2560000,-1.00000,665418849588,0.00000
1697,848,0,3.00920,0.00000,0.00000,0.02490,0,-1.00000,665418879801,0.00000
1698,849,0,1.39120,2.18000,0.22770,0.04190,2560000,-1.00000,665418892373,0.00000
1699,849,0,3.12770,0.00000,0.00000,0.03230,0,-1.00000,665418921044,0.00000
1700,850,0,1.14130,2.13190,0.23810,0.02670,2560000,-1.00000,665418935279,0.00000
1701,850,0,2.95340,0.00000,0.00000,0.02410,0,-1.00000,665418965382,0.00000
1702,851,0,1.28820,2.10970,0.23180,0.02440,2560000,-1.00000,665418979325,0.00000
1703,851,0,2.84720,0.00000,0.00000,0.02190,0,-1.00000,665419010574,0.00000
1704,852,0,1.44600,2.17260,0.27180,0.02280,2560000,-1.00000,665419021968,0.00000
1705,852,0,2.91420,0.00000,0.00000,0.02400,0,-1.00000,665419051518,0.00000
1706,853,0,1.37940,2.10400,0.21670,0.03880,2560000,-1.00000,665419064389,0.00000
1707,853,0,2.99920,0.00000,0.00000,0.02600,0,-1.00000,665419092865,0.00000
1708,854,0,1.29090,2.11960,0.30370,0.02650,2560000,-1.00000,665419107315,0.00000
1709,854,0,2.96870,0.00000,0.00000,0.01900,0,-1.00000,665419136456,0.00000
1710,855,0,1.30150,2.22690,0.20220,0.02430,2560000,-1.00000,665419150301,0.00000
1711,855,0,2.95060,0.00000,0.00000,0.02220,0,-1.00000,665419180264,0.00000
1712,856,0,1.42140,2.14840,0.25800,0.04120,2560000,-1.00000,665419193152,0.00000
1713,856,0,3.07560,0.00000,0.00000,0.02580,0,-1.00000,665419222838,0.00000
1714,857,0,1.10840,2.11430,0.23460,0.02950,2560000,-1.00000,665419235864,0.00000
1715,857,0,2.92791,0.00000,0.00000,0.02460,0,-1.00000,665419265366,0.00000
1716,858,0,1.36340,2.11870,0.25510,0.02480,2560000,-1.00000,665419279571,0.00000
1717,858,0,2.99619,0.00000,0.00000,0.01860,0,-1.00000,665419310358,0.00000
1718,859,0,1.48750,2.04080,0.28190,0.02380,2560000,-1.00000,665419321420,0.00000
1719,859,0,2.90160,0.00000,0.00000,0.02140,0,-1.00000,665419350704,0.00000
1720,860,0,1.23450,2.03330,0.23480,0.02420,2560000,-1.00000,665419364332,0.00000
1721,860,0,2.81740,0.00000,0.00000,0.02170,0,-1.00000,665419394289,0.00000
1722,861,0,1.47010,1.95430,0.22780,0.02280,2560000,-1.00000,665419409159,0.00000
1723,861,0,2.73670,0.00000,0.00000,0.02220,0,-1.00000,665419438186,0.00000
1724,862,0,1.50090,2.18170,0.21020,0.02240,2560000,-1.00000,665419450531,0.00000
1725,862,0,2.92540,0.00000,0.00000,0.02070,0,-1.00000,665419478746,0.00000
1726,863,0,0.41300,2.04140,0.30100,0.04750,2560000,-1.00000,665419493398,0.00000
1727,863,0,2.98850,0.00000,0.00000,0.01870,0,-1.00000,665419520771,0.00000
1728,864,0,0.44760,2.19520,0.25330,0.02730,2560000,-1.00000,665419535774,0.00000
1729,864,0,3.06271,0.00000,0.00000,0.02280,0,-1.00000,665419565033,0.00000
1730,865,0,0.94670,2.12980,0.24770,0.03520,2560000,-1.00000,665419569154,0.00000
1731,865,0,3.07260,0.00000,0.00000,0.02290,0,-1.00000,665419599054,0.00000
1732,866,0,1.22110,1.99090,0.30940,0.02300,2560000,-1.00000,665419603527,0.00000
1733,866,0,2.88750,0.00000,0.00000,0.02190,0,-1.00000,665419634153,0.00000
1734,867,0,2.27980,2.01130,0.21900,0.02220,2560000,-1.00000,665419643619,0.00000
1735,867,0,2.75090,0.00000,0.00000,0.01960,0,-1.00000,665419674359,0.00000
1736,868,0,0.61620,2.04340,0.21750,0.03800,2560000,-1.00000,665419686553,0.00000
1737,868,0,2.96490,0.00000,0.00000,0.02880,0,-1.00000,665419715426,0.00000
1738,869,0,1.32990,2.03810,0.21550,0.02410,2560000,-1.00000,665419738226,0.00000
1739,869,0,2.79040,0.00000,0.00000,0.01930,0,-1.00000,665419765734,0.00000
1740,870,0,3.65950,2.10240,0.23090,0.02430,2560000,-1.00000,665419771898,0.00000
1741,870,0,2.88160,0.00000,0.00000,0.01860,0,-1.00000,665419801565,0.00000
1742,871,0,1.43850,1.96090,0.22200,0.02380,2560000,-1.00000,665419814846,0.00000
1743,871,0,2.75470,0.00000,0.00000,0.01860,0,-1.00000,665419842750,0.00000
1744,872,0,1.50710,2.09020,0.21660,0.03480,2560000,-1.00000,665419879343,0.00000
1745,872,0,2.95200,0.00000,0.00000,0.02380,0,-1.00000,665419908161,0.00000
1746,873,0,1.31460,2.18730,0.20870,0.03410,2560000,-1.00000,665419922546,0.00000
1747,873,0,3.28140,0.00000,0.00000,0.01970,0,-1.00000,665419950097,0.00000
1748,874,0,1.05150,1.96550,0.30390,0.02370,2560000,-1.00000,665419965174,0.00000
1749,874,0,2.80000,0.00000,0.00000,0.01900,0,-1.00000,665419994682,0.00000
1750,875,0,1.49160,2.03760,0.30230,0.02250,2560000,-1.00000,665420007828,0.00000
1751,875,0,2.93450,0.00000,0.00000,0.01880,0,-1.00000,665420040657,0.00000
1752,876,0,1.39840,2.15030,0.20890,0.02440,2560000,-1.00000,665420051153,0.00000
1753,876,0,3.00050,0.00000,0.00000,0.02090,0,-1.00000,665420079154,0.00000
1754,877,0,3.36950,2.05230,0.30410,0.03470,2560000,-1.00000,665420094073,0.00000
1755,877,0,3.03170,0.00000,0.00000,0.02340,0,-1.00000,665420123419,0.00000
1756,878,0,0.47870,2.14000,0.20920,0.02620,2560000,-1.00000,665420137401,0.00000
1757,878,0,3.03940,0.00000,0.00000,0.01970,0,-1.00000,665420167413,0.00000
1758,879,0,0.35350,2.80410,0.22010,0.02280,2560000,-1.00000,665420201108,0.00000
1759,879,0,3.53920,0.00000,0.00000,0.02030,0,-1.00000,665420231430,0.00000
1760,880,0,0.41540,2.05700,0.25780,0.03520,2560000,-1.00000,665420236213,0.00000
1761,880,0,3.11430,0.00000,0.00000,0.02650,0,-1.00000,665420266604,0.00000
1762,881,0,1.01410,2.10080,0.30540,0.03460,2560000,-1.00000,665420270136,0.00000
1763,881,0,3.15110,0.00000,0.00000,0.02450,0,-1.00000,665420305531,0.00000
1764,882,0,1.39770,2.96780,0.30170,0.09190,2560000,-1.00000,665420309677,0.00000
1765,882,0,4.66720,0.00000,0.00000,0.03320,0,-1.00000,665420340846,0.00000
1766,883,0,0.59330,2.80190,0.26340,0.04250,2560000,-1.00000,665420350963,0.00000
1767,883,0,3.86130,0.00000,0.00000,0.02970,0,-1.00000,665420382507,0.00000
1768,884,0,0.60100,2.17600,0.22470,0.04490,2560000,-1.00000,665420396489,0.00000
1769,884,0,3.29420,0.00000,0.00000,0.02350,0,-1.00000,665420443172,0.00000
1770,885,0,0.43860,2.15650,0.24710,0.04650,2560000,-1.00000,665420449073,0.00000
1771,885,0,3.15450,0.00000,0.00000,0.02700,0,-1.00000,665420487746,0.00000
1772,886,0,0.54170,2.22360,0.31210,0.03060,2560000,-1.00000,665420493708,0.00000
1773,886,0,3.13840,0.00000,0.00000,0.02560,0,-1.00000,665420526650,0.00000
1774,887,0,1.04100,2.13670,0.25520,0.04860,2560000,-1.00000,665420531020,0.00000
1775,887,0,3.51970,0.00000,0.00000,0.02380,0,-1.00000,665420562590,0.00000
1776,888,0,0.63540,2.11930,0.28460,0.04080,2560000,-1.00000,665420567976,0.00000
1777,888,0,3.17230,0.00000,0.00000,0.02290,0,-1.00000,665420599369,0.00000
1778,889,0,1.22530,2.30080,0.25600,0.04580,2560000,-1.00000,665420609765,0.00000
1779,889,0,3.43630,0.00000,0.00000,0.02550,0,-1.00000,665420644999,0.00000
1780,890,0,0.74790,2.31520,0.27480,0.05220,2560000,-1.00000,665420651316,0.00000
1781,890,0,3.43150,0.00000,0.00000,0.02800,0,-1.00000,665420683069,0.00000
1782,891,0,1.01850,2.38130,0.26960,0.06470,2560000,-1.00000,665420695297,0.00000
1783,891,0,3.45960,0.00000,0.00000,0.03010,0,-1.00000,665420729683,0.00000
1784,892,0,0.65040,2.08020,0.22250,0.03390,2560000,-1.00000,665420737153,0.00000
1785,892,0,3.01340,0.00000,0.00000,0.06650,0,-1.00000,665420771483,0.00000
1786,893,0,1.32130,2.09500,0.26870,0.03520,2560000,-1.00000,665420781645,0.00000
1787,893,0,3.13600,0.00000,0.00000,0.02610,0,-1.00000,665420816265,0.00000
1788,894,0,1.16171,2.16730,0.23590,0.03860,2560000,-1.00000,665420822742,0.00000
1789,894,0,3.12000,0.00000,0.00000,0.03740,0,-1.00000,665420852879,0.00000
1790,895,0,1.16180,2.10280,0.32840,0.05470,2560000,-1.00000,665420866083,0.00000
1791,895,0,3.43160,0.00000,0.00000,0.02660,0,-1.00000,665420897473,0.00000
1792,896,0,0.81669,2.10780,0.22510,0.04550,2560000,-1.00000,665420909065,0.00000
1793,896,0,3.01220,0.00000,0.00000,0.02460,0,-1.00000,665420940296,0.00000
1794,897,0,1.29480,2.15810,0.31980,0.06550,2560000,-1.00000,665420951884,0.00000
1795,897,0,3.43430,0.00000,0.00000,0.02780,0,-1.00000,665420986225,0.00000
1796,898,0,2.98980,2.07300,0.21490,0.04680,2560000,-1.00000,665420994371,0.00000
1797,898,0,3.02840,0.00000,0.00000,0.02270,0,-1.00000,665421024512,0.00000
1798,899,0,1.29670,2.70630,0.22120,0.03020,2560000,-1.00000,665421037437,0.00000
1799,899,0,3.56580,0.00000,0.00000,0.02470,0,-1.00000,665421071810,0.00000
1800,900,0,0.67750,2.07140,0.22640,0.02050,2560000,-1.00000,665421101712,0.00000
1801,900,0,2.81820,0.00000,0.00000,0.01840,0,-1.00000,665421131984,0.00000
1802,901,0,2.41720,2.15380,0.29320,0.03560,2560000,-1.00000,665421144926,0.00000
1803,901,0,3.15010,0.00000,0.00000,0.02080,0,-1.00000,665421180586,0.00000
1804,902,0,0.39350,2.03110,0.27960,0.03420,2560000,-1.00000,665421187356,0.00000
1805,902,0,3.02750,0.00000,0.00000,0.02090,0,-1.00000,665421215535,0.00000
1806,903,0,0.39490,2.79250,0.34350,0.03020,2560000,-1.00000,665421239718,0.00000
1807,903,0,3.65640,0.00000,0.00000,0.01940,0,-1.00000,665421271212,0.00000
1808,904,0,0.38290,2.77350,0.33410,0.02380,2560000,-1.00000,665421275142,0.00000
1809,904,0,3.62240,0.00000,0.00000,0.02190,0,-1.00000,665421305439,0.00000
1810,905,0,0.36351,2.03620,0.27770,0.02340,2560000,-1.00000,665421309367,0.00000
1811,905,0,2.81120,0.00000,0.00000,0.02460,0,-1.00000,665421345944,0.00000
1812,906,0,0.54620,2.76030,0.32670,0.02220,2560000,-1.00000,665421349759,0.00000
1813,906,0,3.57870,0.00000,0.00000,0.04750,0,-1.00000,665421385991,0.00000
1814,907,0,0.83420,2.03770,0.21940,0.03880,2560000,-1.00000,665421389615,0.00000
1815,907,0,2.90831,0.00000,0.00000,0.02410,0,-1.00000,665421417736,0.00000
1816,908,0,1.29889,2.09250,0.25090,0.02430,2560000,-1.00000,665421423188,0.00000
1817,908,0,2.92480,0.00000,0.00000,0.02400,0,-1.00000,665421458986,0.00000
1818,909,0,3.45400,2.10810,0.29430,0.02270,2560000,-1.00000,665421467323,0.00000
1819,909,0,2.87500,0.00000,0.00000,0.01910,0,-1.00000,665421496430,0.00000
1820,910,0,0.33890,2.14850,0.30220,0.02770,2560000,-1.00000,665421509393,0.00000
1821,910,0,2.91380,0.00000,0.00000,0.02030,0,-1.00000,665421538648,0.00000
1822,911,0,0.40350,2.07880,0.28640,0.03530,2560000,-1.00000,665421573186,0.00000
1823,911,0,3.04570,0.00000,0.00000,0.02550,0,-1.00000,665421601934,0.00000
1824,912,0,3.27860,2.09300,0.37410,0.02350,2560000,-1.00000,665421605323,0.00000
1825,912,0,2.96980,0.00000,0.00000,0.01840,0,-1.00000,665421634460,0.00000
1826,913,0,1.40130,2.06440,0.25420,0.02330,2560000,-1.00000,665421638502,0.00000
1827,913,0,2.81010,0.00000,0.00000,0.01870,0,-1.00000,665421668975,0.00000
1828,914,0,1.39180,2.05950,0.22660,0.02250,2560000,-1.00000,665421701737,0.00000
1829,914,0,2.75920,0.00000,0.00000,0.01770,0,-1.00000,665421731437,0.00000
1830,915,0,1.57170,2.06210,0.20950,0.02500,2560000,-1.00000,665421745457,0.00000
1831,915,0,2.89580,0.00000,0.00000,0.01880,0,-1.00000,665421773549,0.00000
1832,916,0,1.36640,2.10490,0.28420,0.03480,2560000,-1.00000,665421787472,0.00000
1833,916,0,2.97390,0.00000,0.00000,0.02370,0,-1.00000,665421815059,0.00000
1834,917,0,3.41790,2.14720,0.20880,0.03970,2560000,-1.00000,665421830779,0.00000
1835,917,0,3.02020,0.00000,0.00000,0.02420,0,-1.00000,665421859735,0.00000
1836,918,0,0.47100,2.04560,0.20140,0.07750,2560000,-1.00000,665421873393,0.00000
1837,918,0,2.81480,0.00000,0.00000,0.02010,0,-1.00000,665421903167,0.00000
1838,919,0,0.39120,2.04500,0.19820,0.02200,2560000,-1.00000,665421937325,0.00000
1839,919,0,2.82900,0.00000,0.00000,0.01650,0,-1.00000,665421967551,0.00000
1840,920,0,3.40610,2.03000,0.25870,0.03520,2560000,-1.00000,665421972233,0.00000
1841,920,0,2.87370,0.00000,0.00000,0.02470,0,-1.00000,665422000382,0.00000
1842,921,0,1.36240,2.07470,0.23710,0.02510,2560000,-1.00000,665422004286,0.00000
1843,921,0,2.86590,0.00000,0.00000,0.02390,0,-1.00000,665422032583,0.00000
1844,922,0,1.41580,2.03040,0.21330,0.02410,2560000,-1.00000,665422066640,0.00000
1845,922,0,2.74490,0.00000,0.00000,0.02170,0,-1.00000,665422095386,0.00000
1846,923,0,3.67700,2.10180,0.25040,0.02270,2560000,-1.00000,665422109004,0.00000
1847,923,0,2.86470,0.00000,0.00000,0.01830,0,-1.00000,665422137670,0.00000
1848,924,0,0.37209,2.04480,0.26420,0.03430,2560000,-1.00000,665422151819,0.00000
1849,924,0,2.87840,0.00000,0.00000,0.01800,0,-1.00000,665422179271,0.00000
1850,925,0,0.40890,2.06900,0.24990,0.01890,2560000,-1.00000,665422216037,0.00000
1851,925,0,2.81750,0.00000,0.00000,0.01760,0,-1.00000,665422244683,0.00000
1852,926,0,1.34990,2.05750,0.22050,0.03590,2560000,-1.00000,665422248404,0.00000
1853,926,0,2.90480,0.00000,0.00000,0.02490,0,-1.00000,665422277206,0.00000
1854,927,0,1.38430,2.04240,0.23940,0.02340,2560000,-1.00000,665422281273,0.00000
1855,927,0,2.82780,0.00000,0.00000,0.02210,0,-1.00000,665422309457,0.00000
1856,928,0,4.54619,2.11100,0.30780,0.02610,2560000,-1.00000,665422322953,0.00000
1857,928,0,2.96250,0.00000,0.00000,0.02140,0,-1.00000,665422352007,0.00000
1858,929,0,0.36500,2.05240,0.27640,0.02570,2560000,-1.00000,665422365841,0.00000
1859,929,0,2.94140,0.00000,0.00000,0.02110,0,-1.00000,665422394120,0.00000
1860,930,0,0.42200,2.07240,0.24090,0.03120,2560000,-1.00000,665422439587,0.00000
1861,930,0,2.87550,0.00000,0.00000,0.01990,0,-1.00000,665422469209,0.00000
1862,931,0,0.42410,2.09170,0.28630,0.02450,2560000,-1.00000,665422472859,0.00000
1863,931,0,2.89910,0.00000,0.00000,0.02080,0,-1.00000,665422502286,0.00000
1864,932,0,1.18850,2.05570,0.20820,0.02530,2560000,-1.00000,665422506491,0.00000
1865,932,0,2.76070,0.00000,0.00000,0.02100,0,-1.00000,665422535266,0.00000
1866,933,0,0.37190,2.03390,0.24810,0.03530,2560000,-1.00000,665422539490,0.00000
1867,933,0,3.16091,0.00000,0.00000,0.02110,0,-1.00000,665422568477,0.00000
1868,934,0,2.19210,1.97940,0.24590,0.03430,2560000,-1.00000,665422580358,0.00000
1869,934,0,2.91300,0.00000,0.00000,0.02370,0,-1.00000,665422607975,0.00000
1870,935,0,1.35021,1.91340,0.33670,0.02080,2560000,-1.00000,665422611694,0.00000
1871,935,0,2.91730,0.00000,0.00000,0.02130,0,-1.00000,665422643321,0.00000
1872,936,0,1.34910,1.89910,0.22030,0.02500,2560000,-1.00000,665422665224,0.00000
1873,936,0,2.71030,0.00000,0.00000,0.01930,0,-1.00000,665422694365,0.00000
1874,937,0,1.58090,1.91770,0.22320,0.03000,2560000,-1.00000,665422707854,0.00000
1875,937,0,2.81910,0.00000,0.00000,0.02230,0,-1.00000,665422737029,0.00000
1876,938,0,1.43160,2.05970,0.30300,0.04200,2560000,-1.00000,665422750558,0.00000
1877,938,0,3.07010,0.00000,0.00000,0.02330,0,-1.00000,665422777620,0.00000
1878,939,0,1.24390,1.93530,0.19920,0.02620,2560000,-1.00000,665422793427,0.00000
1879,939,0,2.68640,0.00000,0.00000,0.02010,0,-1.00000,665422821633,0.00000
1880,940,0,1.45960,2.05150,0.27140,0.04680,2560000,-1.00000,665422835938,0.00000
1881,940,0,3.09610,0.00000,0.00000,0.02430,0,-1.00000,665422866712,0.00000
1882,941,0,1.32760,2.01750,0.28860,0.03290,2560000,-1.00000,665422879078,0.00000
1883,941,0,2.96360,0.00000,0.00000,0.02150,0,-1.00000,665422905937,0.00000
1884,942,0,1.36940,1.95180,0.19980,0.02660,2560000,-1.00000,665422920538,0.00000
1885,942,0,3.00060,0.00000,0.00000,0.02130,0,-1.00000,665422951515,0.00000
1886,943,0,1.07700,2.08840,0.21570,0.02520,2560000,-1.00000,665422964774,0.00000
1887,943,0,2.91370,0.00000,0.00000,0.01900,0,-1.00000,665422994420,0.00000
1888,944,0,0.33920,2.02040,0.28740,0.02780,2560000,-1.00000,665423008106,0.00000
1889,944,0,2.87659,0.00000,0.00000,0.02410,0,-1.00000,665423038110,0.00000
1890,945,0,0.52300,2.10950,0.30470,0.02750,2560000,-1.00000,665423048878,0.00000
1891,945,0,2.94970,0.00000,0.00000,0.02020,0,-1.00000,665423078015,0.00000
1892,946,0,1.16900,2.12790,0.36390,0.02400,2560000,-1.00000,665423081406,0.00000
1893,946,0,3.05330,0.00000,0.00000,0.02160,0,-1.00000,665423110209,0.00000
1894,947,0,1.26610,2.06820,0.28250,0.02740,2560000,-1.00000,665423115404,0.00000
1895,947,0,2.92650,0.00000,0.00000,0.01890,0,-1.00000,665423144903,0.00000
1896,948,0,1.38500,2.06670,0.22760,0.02510,2560000,-1.00000,665423156596,0.00000
1897,948,0,2.82130,0.00000,0.00000,0.01750,0,-1.00000,665423187128,0.00000
1898,949,0,1.36800,2.02230,0.22490,0.03420,2560000,-1.00000,665423199785,0.00000
1899,949,0,2.87140,0.00000,0.00000,0.02410,0,-1.00000,665423229056,0.00000
1900,950,0,2.48940,2.03450,0.25300,0.03580,2560000,-1.00000,665423242907,0.00000
1901,950,0,2.94010,0.00000,0.00000,0.02020,0,-1.00000,665423271118,0.00000
1902,951,0,0.47020,2.04020,0.22360,0.02600,2560000,-1.00000,665423284798,0.00000
1903,951,0,2.81910,0.00000,0.00000,0.02930,0,-1.00000,665423313524,0.00000
1904,952,0,0.36720,2.13630,0.28450,0.02330,2560000,-1.00000,665423338543,0.00000
1905,952,0,2.85260,0.00000,0.00000,0.01890,0,-1.00000,665423367820,0.00000
1906,953,0,0.38430,2.05600,0.27730,0.02440,2560000,-1.00000,665423372508,0.00000
1907,953,0,2.86600,0.00000,0.00000,0.01810,0,-1.00000,665423400692,0.00000
1908,954,0,3.33750,2.05320,0.27870,0.02660,2560000,-1.00000,665423404358,0.00000
1909,954,0,2.88990,0.00000,0.00000,0.02000,0,-1.00000,665423432889,0.00000
1910,955,0,1.33470,2.08730,0.21380,0.03100,2560000,-1.00000,665423436733,0.00000
1911,955,0,3.05290,0.00000,0.00000,0.01960,0,-1.00000,665423465395,0.00000
1912,956,0,1.23510,2.12780,0.23280,0.02490,2560000,-1.00000,665423498774,0.00000
1913,956,0,2.88450,0.00000,0.00000,0.01920,0,-1.00000,665423527676,0.00000
1914,957,0,3.49630,2.08560,0.21730,0.03400,2560000,-1.00000,665423541045,0.00000
1915,957,0,2.94440,0.00000,0.00000,0.02010,0,-1.00000,665423571547,0.00000
1916,958,0,0.40730,2.08430,0.21660,0.02780,2560000,-1.00000,665423583898,0.00000
1917,958,0,2.89170,0.00000,0.00000,0.02190,0,-1.00000,665423612742,0.00000
1918,959,0,0.50230,2.00330,0.21090,0.03040,2560000,-1.00000,665423647703,0.00000
1919,959,0,2.84860,0.00000,0.00000,0.02170,0,-1.00000,665423677161,0.00000
1920,960,0,0.42590,2.04230,0.29490,0.02330,2560000,-1.00000,665423681215,0.00000
1921,960,0,2.90159,0.00000,0.00000,0.01940,0,-1.00000,665423710149,0.00000
1922,961,0,0.46330,2.15890,0.22370,0.02220,2560000,-1.00000,665423715162,0.00000
1923,961,0,2.91210,0.00000,0.00000,0.01950,0,-1.00000,665423743663,0.00000
1924,962,0,0.91080,2.07660,0.26250,0.02880,2560000,-1.00000,665423747903,0.00000
1925,962,0,2.94020,0.00000,0.00000,0.02340,0,-1.00000,665423776922,0.00000
1926,963,0,1.37500,1.96390,0.25570,0.02870,2560000,-1.00000,665423781552,0.00000
1927,963,0,2.82980,0.00000,0.00000,0.02070,0,-1.00000,665423810674,0.00000
1928,964,0,1.25450,1.95200,0.30160,0.02030,2560000,-1.00000,665423819784,0.00000
1929,964,0,2.81300,0.00000,0.00000,0.01760,0,-1.00000,665423849191,0.00000
1930,965,0,1.59690,1.97280,0.24940,0.03850,2560000,-1.00000,665423862945,0.00000
1931,965,0,2.92650,0.00000,0.00000,0.02430,0,-1.00000,665423891244,0.00000
1932,966,0,1.33790,2.02010,0.29600,0.02340,2560000,-1.00000,665423903777,0.00000
1933,966,0,2.85490,0.00000,0.00000,0.01880,0,-1.00000,665423931908,0.00000
1934,967,0,1.36430,2.03310,0.13690,0.02430,2560000,-1.00000,665423947875,0.00000
1935,967,0,2.72540,0.00000,0.00000,0.01750,0,-1.00000,665423977177,0.00000
1936,968,0,3.68430,1.97150,0.21550,0.02270,2560000,-1.00000,665423990522,0.00000
1937,968,0,2.73010,0.00000,0.00000,0.01960,0,-1.00000,665424019071,0.00000
1938,969,0,3.71890,2.02850,0.21060,0.02870,2560000,-1.00000,665424032714,0.00000
1939,969,0,2.90430,0.00000,0.00000,0.02210,0,-1.00000,665424059968,0.00000
1940,970,0,0.44400,1.98200,0.27250,0.02030,2560000,-1.00000,665424096810,0.00000
1941,970,0,2.78930,0.00000,0.00000,0.02100,0,-1.00000,665424124110,0.00000
1942,971,0,1.13140,1.96000,0.24920,0.02420,2560000,-1.00000,665424161313,0.00000
1943,971,0,2.75630,0.00000,0.00000,0.01760,0,-1.00000,665424190349,0.00000
1944,972,0,0.60520,2.13730,0.23520,0.01770,2560000,-1.00000,665424194781,0.00000
1945,972,0,2.90010,0.00000,0.00000,0.01730,0,-1.00000,665424222674,0.00000
1946,973,0,1.37380,2.09300,0.26360,0.03590,2560000,-1.00000,665424233985,0.00000
1947,973,0,3.20710,0.00000,0.00000,0.02290,0,-1.00000,665424261560,0.00000
1948,974,0,1.12640,1.96130,0.21950,0.02430,2560000,-1.00000,665424267601,0.00000
1949,974,0,2.73840,0.00000,0.00000,0.02110,0,-1.00000,665424296603,0.00000
1950,975,0,1.52500,1.99550,0.23360,0.02230,2560000,-1.00000,665424310351,0.00000
1951,975,0,2.77000,0.00000,0.00000,0.02130,0,-1.00000,665424342434,0.00000
1952,976,0,1.47839,2.25070,0.24480,0.02520,2560000,-1.00000,665424353683,0.00000
1953,976,0,3.11490,0.00000,0.00000,0.01940,0,-1.00000,665424381072,0.00000
1954,977,0,1.19900,2.05290,0.20490,0.02090,2560000,-1.00000,665424396319,0.00000
1955,977,0,2.82570,0.00000,0.00000,0.01760,0,-1.00000,665424424017,0.00000
1956,978,0,1.47780,2.00050,0.21190,0.02290,2560000,-1.00000,665424438892,0.00000
1957,978,0,2.76850,0.00000,0.00000,0.02230,0,-1.00000,665424469949,0.00000
1958,979,0,1.40750,2.03140,0.29970,0.02080,2560000,-1.00000,665424481938,0.00000
1959,979,0,2.85450,0.00000,0.00000,0.02090,0,-1.00000,665424510194,0.00000
1960,980,0,1.41310,2.08380,0.24050,0.03770,2560000,-1.00000,665424524975,0.00000
1961,980,0,3.14290,0.00000,0.00000,0.02520,0,-1.00000,665424552660,0.00000
1962,981,0,1.19190,1.98070,0.21220,0.02420,2560000,-1.00000,665424566728,0.00000
1963,981,0,2.80810,0.00000,0.00000,0.02310,0,-1.00000,665424595276,0.00000
1964,982,0,3.60500,1.95370,0.22440,0.02460,2560000,-1.00000,665424609404,0.00000
1965,982,0,2.70201,0.00000,0.00000,0.01730,0,-1.00000,665424640865,0.00000
1966,983,0,1.57050,2.04640,0.23990,0.02460,2560000,-1.00000,665424652757,0.00000
1967,983,0,2.84780,0.00000,0.00000,0.01750,0,-1.00000,665424680841,0.00000
1968,984,0,1.46210,2.03470,0.28320,0.02530,2560000,-1.00000,665424716883,0.00000
1969,984,0,3.02680,0.00000,0.00000,0.02250,0,-1.00000,665424743903,0.00000
1970,985,0,1.10599,1.98720,0.24230,0.02460,2560000,-1.00000,665424759615,0.00000
1971,985,0,2.80420,0.00000,0.00000,0.01730,0,-1.00000,665424788089,0.00000
1972,986,0,0.36020,1.98840,0.33080,0.01820,2560000,-1.00000,665424802711,0.00000
1973,986,0,2.84359,0.00000,0.00000,0.01610,0,-1.00000,665424832990,0.00000
1974,987,0,0.49870,2.01360,0.28340,0.02120,2560000,-1.00000,665424844035,0.00000
1975,987,0,2.80440,0.00000,0.00000,0.02210,0,-1.00000,665424872083,0.00000
1976,988,0,1.49820,1.96480,0.25440,0.02200,2560000,-1.00000,665424875680,0.00000
1977,988,0,2.72530,0.00000,0.00000,0.02030,0,-1.00000,665424904115,0.00000
1978,989,0,1.56370,2.06150,0.20980,0.03680,2560000,-1.00000,665424909101,0.00000
1979,989,0,2.95770,0.00000,0.00000,0.02370,0,-1.00000,665424937165,0.00000
1980,990,0,1.25600,2.05770,0.20820,0.02770,2560000,-1.00000,665424952133,0.00000
1981,990,0,2.92520,0.00000,0.00000,0.02100,0,-1.00000,665424979385,0.00000
1982,991,0,1.34900,2.07290,0.26250,0.02970,2560000,-1.00000,665424995025,0.00000
1983,991,0,2.94540,0.00000,0.00000,0.02220,0,-1.00000,665425024608,0.00000
1984,992,0,2.22970,1.95630,0.20240,0.02210,2560000,-1.00000,665425037161,0.00000
1985,992,0,2.85380,0.00000,0.00000,0.02100,0,-1.00000,665425066418,0.00000
1986,993,0,0.49140,2.13050,0.26420,0.03960,2560000,-1.00000,665425079903,0.00000
1987,993,0,3.17480,0.00000,0.00000,0.02490,0,-1.00000,665425109368,0.00000
1988,994,0,1.14619,2.29860,0.22420,0.05000,2560000,-1.00000,665425131652,0.00000
1989,994,0,3.36610,0.00000,0.00000,0.02510,0,-1.00000,665425160265,0.00000
1990,995,0,0.95480,2.11290,0.32470,0.02680,2560000,-1.00000,665425165109,0.00000
1991,995,0,3.05660,0.00000,0.00000,0.01960,0,-1.00000,665425196888,0.00000
1992,996,0,1.15770,2.17500,0.34030,0.03320,2560000,-1.00000,665425208328,0.00000
1993,996,0,3.20509,0.00000,0.00000,0.02470,0,-1.00000,665425242011,0.00000
1994,997,0,1.05850,2.16000,0.30080,0.02380,2560000,-1.00000,665425251531,0.00000
1995,997,0,3.07590,0.00000,0.00000,0.01910,0,-1.00000,665425282088,0.00000
1996,998,0,1.19340,2.12640,0.22310,0.02260,2560000,-1.00000,665425293671,0.00000
1997,998,0,2.84930,0.00000,0.00000,0.01840,0,-1.00000,665425325784,0.00000
1998,999,0,2.32380,2.32010,0.31500,0.02250,2560000,-1.00000,665425336303,0.00000
1999,999,0,3.16660,0.00000,0.00000,0.01890,0,-1.00000,665425367062,0.00000
2000,1000,0,0.35650,2.13600,0.31560,0.01880,2560000,-1.00000,665425378998,0.00000
2001,1000,0,2.89900,0.00000,0.00000,0.01720,0,-1.00000,665425407489,0.00000
2002,1001,0,0.31960,2.12530,0.23030,0.02440,2560000,-1.00000,665425430732,0.00000
2003,1001,0,2.83680,0.00000,0.00000,0.01930,0,-1.00000,665425462395,0.00000
2004,1002,0,0.41200,2.13030,0.35390,0.02480,2560000,-1.00000,665425465954,0.00000
2005,1002,0,3.01040,0.00000,0.00000,0.02310,0,-1.00000,665425494945,0.00000
2006,1003,0,1.20220,2.09460,0.22680,0.02360,2560000,-1.00000,665425498141,0.00000
2007,1003,0,2.89130,0.00000,0.00000,0.02330,0,-1.00000,665425526514,0.00000
2008,1004,0,1.24760,2.12620,0.24150,0.02330,2560000,-1.00000,665425530633,0.00000
2009,1004,0,2.93080,0.00000,0.00000,0.01980,0,-1.00000,665425560789,0.00000
2010,1005,0,1.35100,2.19930,0.22960,0.03270,2560000,-1.00000,665425572760,0.00000
2011,1005,0,3.07890,0.00000,0.00000,0.01960,0,-1.00000,665425601677,0.00000
2012,1006,0,3.30191,2.08380,0.20130,0.02610,2560000,-1.00000,665425614148,0.00000
2013,1006,0,2.80550,0.00000,0.00000,0.01780,0,-1.00000,665425643457,0.00000
2014,1007,0,1.48270,2.01530,0.30830,0.02360,2560000,-1.00000,665425656965,0.00000
2015,1007,0,2.90111,0.00000,0.00000,0.01880,0,-1.00000,665425687761,0.00000
2016,1008,0,1.35840,1.97880,0.25090,0.02870,2560000,-1.00000,665425720773,0.00000
2017,1008,0,2.78830,0.00000,0.00000,0.02170,0,-1.00000,665425748829,0.00000
2018,1009,0,1.52130,2.06310,0.24700,0.02540,2560000,-1.00000,665425763662,0.00000
2019,1009,0,2.82430,0.00000,0.00000,0.01960,0,-1.00000,665425792662,0.00000
2020,1010,0,1.44090,2.03900,0.27730,0.03070,2560000,-1.00000,665425806246,0.00000
2021,1010,0,2.90050,0.00000,0.00000,0.01790,0,-1.00000,665425834139,0.00000
2022,1011,0,1.34410,2.00900,0.32990,0.04910,2560000,-1.00000,665425849347,0.00000
2023,1011,0,3.07560,0.00000,0.00000,0.02550,0,-1.00000,665425877594,0.00000
2024,1012,0,1.26740,2.02810,0.20680,0.03850,2560000,-1.00000,665425891997,0.00000
2025,1012,0,3.05590,0.00000,0.00000,0.02140,0,-1.00000,665425921015,0.00000
2026,1013,0,2.01881,2.02070,0.22360,0.04320,2560000,-1.00000,665425934450,0.00000
2027,1013,0,2.92880,0.00000,0.00000,0.02380,0,-1.00000,665425965237,0.00000
2028,1014,0,0.47790,2.05880,0.24290,0.03580,2560000,-1.00000,665425977886,0.00000
2029,1014,0,2.98550,0.00000,0.00000,0.02420,0,-1.00000,665426008453,0.00000
2030,1015,0,0.42130,2.04720,0.21190,0.03420,2560000,-1.00000,665426028635,0.00000
2031,1015,0,2.90450,0.00000,0.00000,0.02470,0,-1.00000,665426057930,0.00000
2032,1016,0,0.49200,2.10110,0.31150,0.03930,2560000,-1.00000,665426062690,0.00000
2033,1016,0,3.09950,0.00000,0.00000,0.02530,0,-1.00000,665426092564,0.00000
2034,1017,0,2.92640,2.05150,0.21390,0.04670,2560000,-1.00000,665426096754,0.00000
2035,1017,0,2.97250,0.00000,0.00000,0.02650,0,-1.00000,665426125831,0.00000
2036,1018,0,0.45530,2.20770,0.24510,0.03680,2560000,-1.00000,665426130719,0.00000
2037,1018,0,3.11430,0.00000,0.00000,0.02280,0,-1.00000,665426161735,0.00000
2038,1019,0,0.41720,2.22150,0.24650,0.03870,2560000,-1.00000,665426191010,0.00000
2039,1019,0,3.10210,0.00000,0.00000,0.02430,0,-1.00000,665426220730,0.00000
2040,1020,0,0.62849,2.20450,0.26330,0.05710,2560000,-1.00000,665426225253,0.00000
2041,1020,0,3.25360,0.00000,0.00000,0.02390,0,-1.00000,665426256416,0.00000
2042,1021,0,1.02310,2.20370,0.27030,0.04190,2560000,-1.00000,665426260569,0.00000
2043,1021,0,3.23280,0.00000,0.00000,0.02670,0,-1.00000,665426291620,0.00000
2044,1022,0,1.05830,2.16550,0.23120,0.04280,2560000,-1.00000,665426297876,0.00000
2045,1022,0,3.07750,0.00000,0.00000,0.02700,0,-1.00000,665426330450,0.00000
2046,1023,0,1.24220,2.18390,0.22850,0.04260,2560000,-1.00000,665426340662,0.00000
2047,1023,0,3.13220,0.00000,0.00000,0.02520,0,-1.00000,665426372997,0.00000
2048,1024,0,1.18070,2.19690,0.25080,0.04810,2560000,-1.00000,665426383561,0.00000
2049,1024,0,3.21530,0.00000,0.00000,0.02460,0,-1.00000,665426414354,0.00000
2050,1025,0,1.03570,2.18180,0.33070,0.03900,2560000,-1.00000,665426426947,0.00000
2051,1025,0,3.18940,0.00000,0.00000,0.02470,0,-1.00000,665426458103,0.00000
2052,1026,0,1.05530,2.17120,0.23390,0.04050,2560000,-1.00000,665426469881,0.00000
2053,1026,0,3.11580,0.00000,0.00000,0.02560,0,-1.00000,665426502062,0.00000
2054,1027,0,1.21130,2.16460,0.26300,0.04730,2560000,-1.00000,665426512401,0.00000
2055,1027,0,3.22170,0.00000,0.00000,0.02740,0,-1.00000,665426544311,0.00000
2056,1028,0,1.02650,2.29700,0.21580,0.04630,2560000,-1.00000,665426554842,0.00000
2057,1028,0,3.34720,0.00000,0.00000,0.02520,0,-1.00000,665426586015,0.00000
2058,1029,0,0.98100,2.21620,0.31360,0.03700,2560000,-1.00000,665426598111,0.00000
2059,1029,0,3.19670,0.00000,0.00000,0.02540,0,-1.00000,665426630378,0.00000
2060,1030,0,1.09041,2.20930,0.23710,0.04340,2560000,-1.00000,665426640602,0.00000
2061,1030,0,3.16730,0.00000,0.00000,0.02540,0,-1.00000,665426674098,0.00000
2062,1031,0,1.25570,2.24510,0.21710,0.04090,2560000,-1.00000,665426683878,0.00000
2063,1031,0,3.18940,0.00000,0.00000,0.02310,0,-1.00000,665426715865,0.00000
2064,1032,0,0.95180,2.22130,0.25310,0.03420,2560000,-1.00000,665426726748,0.00000
2065,1032,0,3.05260,0.00000,0.00000,0.02050,0,-1.00000,665426758464,0.00000
2066,1033,0,1.19050,2.22030,0.25020,0.03020,2560000,-1.00000,665426770973,0.00000
2067,1033,0,3.07260,0.00000,0.00000,0.02450,0,-1.00000,665426802893,0.00000
2068,1034,0,1.21680,2.16800,0.29300,0.02380,2560000,-1.00000,665426812386,0.00000
2069,1034,0,2.92830,0.00000,0.00000,0.01940,0,-1.00000,665426842929,0.00000
2070,1035,0,1.36070,2.20820,0.30280,0.02730,2560000,-1.00000,665426854819,0.00000
2071,1035,0,3.07540,0.00000,0.00000,0.01920,0,-1.00000,665426885548,0.00000
2072,1036,0,1.22500,2.18580,0.31290,0.03330,2560000,-1.00000,665426897716,0.00000
2073,1036,0,3.08760,0.00000,0.00000,0.02470,0,-1.00000,665426926997,0.00000
2074,1037,0,1.24240,2.22300,0.20480,0.02230,2560000,-1.00000,665426940604,0.00000
2075,1037,0,2.90789,0.00000,0.00000,0.01900,0,-1.00000,665426971363,0.00000
2076,1038,0,1.28990,2.18260,0.22830,0.02540,2560000,-1.00000,665426983618,0.00000
2077,1038,0,2.97990,0.00000,0.00000,0.02430,0,-1.00000,665427014506,0.00000
2078,1039,0,0.40090,2.40050,0.23020,0.02350,2560000,-1.00000,665427026908,0.00000
2079,1039,0,3.13890,0.00000,0.00000,0.02120,0,-1.00000,665427055991,0.00000
2080,1040,0,0.46210,2.50370,0.25480,0.03120,2560000,-1.00000,665427068893,0.00000
2081,1040,0,3.34370,0.00000,0.00000,0.02180,0,-1.00000,665427098702,0.00000
2082,1041,0,0.42320,2.23430,0.24700,0.02480,2560000,-1.00000,665427102690,0.00000
2083,1041,0,2.96600,0.00000,0.00000,0.01890,0,-1.00000,665427134081,0.00000
2084,1042,0,1.37320,2.23330,0.30630,0.02710,2560000,-1.00000,665427138712,0.00000
2085,1042,0,3.05420,0.00000,0.00000,0.02160,0,-1.00000,665427172144,0.00000
2086,1043,0,1.25990,2.19840,0.34200,0.03260,2560000,-1.00000,665427176372,0.00000
2087,1043,0,3.15710,0.00000,0.00000,0.01940,0,-1.00000,665427206031,0.00000
2088,1044,0,1.10561,2.25990,0.22040,0.02770,2560000,-1.00000,665427219770,0.00000
2089,1044,0,3.00330,0.00000,0.00000,0.02080,0,-1.00000,665427250296,0.00000
2090,1045,0,3.52130,2.26160,0.29020,0.02510,2560000,-1.00000,665427262911,0.00000
2091,1045,0,3.07640,0.00000,0.00000,0.02330,0,-1.00000,665427294482,0.00000
2092,1046,0,0.39390,2.54660,0.31180,0.02220,2560000,-1.00000,665427305534,0.00000
2093,1046,0,3.34610,0.00000,0.00000,0.01990,0,-1.00000,665427335569,0.00000
2094,1047,0,0.35620,2.33380,0.23530,0.02510,2560000,-1.00000,665427370778,0.00000
2095,1047,0,3.19510,0.00000,0.00000,0.01900,0,-1.00000,665427401546,0.00000
2096,1048,0,0.33130,2.22000,0.27400,0.02370,2560000,-1.00000,665427405478,0.00000
2097,1048,0,2.98250,0.00000,0.00000,0.02280,0,-1.00000,665427438932,0.00000
2098,1049,0,2.18400,2.37860,0.27400,0.02910,2560000,-1.00000,665427442501,0.00000
2099,1049,0,3.15510,0.00000,0.00000,0.01950,0,-1.00000,665427474455,0.00000
2100,1050,0,0.32800,2.50590,0.23500,0.02270,2560000,-1.00000,665427477774,0.00000
