frame,tick,dropped_ticks,frame_ms,pack_ms,upload_ms,submit_ms,upload_bytes,latest_gpu_ms,gpu_timing_timestamp,simulation_cpu_ms
301,150,0,1.83670,0.00000,0.00000,0.02280,0,-1.00000,665090999625,0.00000
302,151,0,0.92590,1.22970,0.10480,0.02040,1280000,-1.00000,665091007993,0.00000
303,151,0,1.82840,0.00000,0.00000,0.02770,0,-1.00000,665091026038,0.00000
304,152,0,2.14490,1.32480,0.11000,0.02270,1280000,-1.00000,665091034709,0.00000
305,152,0,1.85060,0.00000,0.00000,0.01910,0,-1.00000,665091053078,0.00000
306,153,0,0.73930,1.20750,0.10680,0.01800,1280000,-1.00000,665091062338,0.00000
307,153,0,1.77430,0.00000,0.00000,0.01810,0,-1.00000,665091080616,0.00000
308,154,0,0.35390,1.22880,0.09400,0.01880,1280000,-1.00000,665091102063,0.00000
309,154,0,1.70260,0.00000,0.00000,0.01700,0,-1.00000,665091120570,0.00000
310,155,0,0.31420,1.17930,0.12680,0.01650,1280000,-1.00000,665091127968,0.00000
311,155,0,1.69110,0.00000,0.00000,0.01650,0,-1.00000,665091145706,0.00000
312,156,0,0.31360,1.24790,0.13310,0.02470,1280000,-1.00000,665091149243,0.00000
313,156,0,1.86310,0.00000,0.00000,0.02130,0,-1.00000,665091166270,0.00000
314,157,0,0.41570,1.35940,0.11870,0.01950,1280000,-1.00000,665091169410,0.00000
315,157,0,1.94000,0.00000,0.00000,0.01740,0,-1.00000,665091186322,0.00000
316,158,0,0.51580,1.27190,0.11120,0.01690,1280000,-1.00000,665091189457,0.00000
317,158,0,1.77180,0.00000,0.00000,0.01740,0,-1.00000,665091208105,0.00000
318,159,0,0.94170,1.22110,0.09940,0.02530,1280000,-1.00000,665091212249,0.00000
319,159,0,1.80320,0.00000,0.00000,0.01890,0,-1.00000,665091231647,0.00000
320,160,0,0.95400,1.27390,0.09880,0.02010,1280000,-1.00000,665091236807,0.00000
321,160,0,1.82990,0.00000,0.00000,0.01760,0,-1.00000,665091254522,0.00000
322,161,0,2.07700,1.19040,0.16950,0.03540,1280000,-1.00000,665091263948,0.00000
323,161,0,2.03690,0.00000,0.00000,0.02400,0,-1.00000,665091281975,0.00000
324,162,0,0.65910,1.28860,0.10120,0.02040,1280000,-1.00000,665091291513,0.00000
325,162,0,1.83510,0.00000,0.00000,0.02290,0,-1.00000,665091309814,0.00000
326,163,0,0.91890,1.21190,0.09920,0.02280,1280000,-1.00000,665091330584,0.00000
327,163,0,1.73780,0.00000,0.00000,0.05670,0,-1.00000,665091350978,0.00000
328,164,0,0.94640,1.23030,0.11050,0.01910,1280000,-1.00000,665091357545,0.00000
329,164,0,1.75300,0.00000,0.00000,0.01840,0,-1.00000,665091375903,0.00000
330,165,0,0.32810,1.22690,0.12340,0.02280,1280000,-1.00000,665091385072,0.00000
331,165,0,1.75830,0.00000,0.00000,0.02030,0,-1.00000,665091402461,0.00000
332,166,0,0.34290,1.22420,0.09470,0.01760,1280000,-1.00000,665091411927,0.00000
333,166,0,1.71640,0.00000,0.00000,0.01730,0,-1.00000,665091429458,0.00000
334,167,0,2.19260,1.17460,0.14490,0.02410,1280000,-1.00000,665091432735,0.00000
335,167,0,1.77460,0.00000,0.00000,0.02300,0,-1.00000,665091450320,0.00000
336,168,0,0.40770,1.27140,0.10490,0.02010,1280000,-1.00000,665091453747,0.00000
337,168,0,1.83510,0.00000,0.00000,0.02230,0,-1.00000,665091470910,0.00000
338,169,0,2.58411,1.21220,0.10470,0.02390,1280000,-1.00000,665091492848,0.00000
339,169,0,1.78430,0.00000,0.00000,0.01810,0,-1.00000,665091510592,0.00000
340,170,0,0.33950,1.37140,0.13820,0.02180,1280000,-1.00000,665091514660,0.00000
341,170,0,1.93460,0.00000,0.00000,0.01860,0,-1.00000,665091533003,0.00000
342,171,0,1.46550,1.20750,0.11810,0.01750,1280000,-1.00000,665091558855,0.00000
343,171,0,1.71850,0.00000,0.00000,0.01820,0,-1.00000,665091576697,0.00000
344,172,0,0.34910,1.26850,0.10340,0.02660,1280000,-1.00000,665091580089,0.00000
345,172,0,1.84860,0.00000,0.00000,0.02240,0,-1.00000,665091599435,0.00000
346,173,0,0.37100,1.18050,0.10000,0.02280,1280000,-1.00000,665091614091,0.00000
347,173,0,1.70750,0.00000,0.00000,0.02030,0,-1.00000,665091631276,0.00000
348,174,0,0.81380,1.31410,0.14900,0.02060,1280000,-1.00000,665091634767,0.00000
349,174,0,1.88950,0.00000,0.00000,0.01830,0,-1.00000,665091653263,0.00000
350,175,0,0.69260,1.20640,0.10970,0.01850,1280000,-1.00000,665091656962,0.00000
351,175,0,1.73900,0.00000,0.00000,0.01720,0,-1.00000,665091674039,0.00000
352,176,0,0.43040,1.27340,0.11230,0.01750,1280000,-1.00000,665091682180,0.00000
353,176,0,1.92670,0.00000,0.00000,0.02310,0,-1.00000,665091701072,0.00000
354,177,0,2.70210,1.22190,0.09940,0.02250,1280000,-1.00000,665091707999,0.00000
355,177,0,1.76540,0.00000,0.00000,0.01870,0,-1.00000,665091725386,0.00000
356,178,0,0.35080,1.23190,0.11250,0.01980,1280000,-1.00000,665091729688,0.00000
357,178,0,1.76100,0.00000,0.00000,0.01780,0,-1.00000,665091748965,0.00000
358,179,0,0.44590,1.19500,0.16070,0.02390,1280000,-1.00000,665091775987,0.00000
359,179,0,1.79210,0.00000,0.00000,0.01930,0,-1.00000,665091793637,0.00000
360,180,0,0.53380,1.26330,0.10740,0.01830,1280000,-1.00000,665091797142,0.00000
361,180,0,1.76500,0.00000,0.00000,0.01710,0,-1.00000,665091814752,0.00000
362,181,0,0.94870,1.20160,0.11190,0.01970,1280000,-1.00000,665091819216,0.00000
363,181,0,1.71740,0.00000,0.00000,0.01740,0,-1.00000,665091837135,0.00000
364,182,0,0.98150,1.24490,0.10980,0.01750,1280000,-1.00000,665091842469,0.00000
365,182,0,1.75090,0.00000,0.00000,0.01730,0,-1.00000,665091860119,0.00000
366,183,0,0.98550,1.20830,0.11040,0.02150,1280000,-1.00000,665091869606,0.00000
367,183,0,1.78120,0.00000,0.00000,0.02300,0,-1.00000,665091886779,0.00000
368,184,0,2.21859,1.25950,0.10060,0.02120,1280000,-1.00000,665091896597,0.00000
369,184,0,1.87260,0.00000,0.00000,0.02310,0,-1.00000,665091914102,0.00000
370,185,0,0.78720,1.20580,0.11640,0.02690,1280000,-1.00000,665091923968,0.00000
371,185,0,1.83470,0.00000,0.00000,0.02100,0,-1.00000,665091941764,0.00000
372,186,0,0.37870,1.26450,0.11250,0.02650,1280000,-1.00000,665091963953,0.00000
373,186,0,1.85800,0.00000,0.00000,0.01980,0,-1.00000,665091982691,0.00000
374,187,0,0.69391,1.20300,0.11840,0.02220,1280000,-1.00000,665091990563,0.00000
375,187,0,1.76689,0.00000,0.00000,0.02100,0,-1.00000,665092008911,0.00000
376,188,0,0.65120,1.26460,0.10380,0.02150,1280000,-1.00000,665092012696,0.00000
377,188,0,1.82450,0.00000,0.00000,0.01850,0,-1.00000,665092031272,0.00000
378,189,0,0.43030,1.16160,0.11610,0.01820,1280000,-1.00000,665092038211,0.00000
379,189,0,1.66930,0.00000,0.00000,0.01720,0,-1.00000,665092055884,0.00000
380,190,0,0.34020,1.34790,0.10320,0.02380,1280000,-1.00000,665092062388,0.00000
381,190,0,1.98970,0.00000,0.00000,0.02130,0,-1.00000,665092080634,0.00000
382,191,0,2.79970,1.17700,0.09710,0.02250,1280000,-1.00000,665092084937,0.00000
383,191,0,1.74660,0.00000,0.00000,0.02150,0,-1.00000,665092101629,0.00000
384,192,0,0.39600,1.21160,0.10070,0.02020,1280000,-1.00000,665092105030,0.00000
385,192,0,1.73390,0.00000,0.00000,0.01780,0,-1.00000,665092124934,0.00000
386,193,0,0.50050,1.17400,0.10310,0.02090,1280000,-1.00000,665092152930,0.00000
387,193,0,1.71010,0.00000,0.00000,0.01780,0,-1.00000,665092170399,0.00000
388,194,0,0.31910,1.25070,0.10110,0.01760,1280000,-1.00000,665092174350,0.00000
389,194,0,1.88300,0.00000,0.00000,0.01780,0,-1.00000,665092191691,0.00000
390,195,0,0.32490,1.24000,0.13990,0.02320,1280000,-1.00000,665092196698,0.00000
391,195,0,1.82540,0.00000,0.00000,0.01930,0,-1.00000,665092213797,0.00000
392,196,0,0.71770,1.34640,0.15460,0.02050,1280000,-1.00000,665092216987,0.00000
393,196,0,1.92420,0.00000,0.00000,0.02210,0,-1.00000,665092235822,0.00000
394,197,0,0.37470,1.20770,0.11550,0.02830,1280000,-1.00000,665092239066,0.00000
395,197,0,1.82840,0.00000,0.00000,0.02070,0,-1.00000,665092257322,0.00000
396,198,0,0.88909,1.26200,0.10320,0.02400,1280000,-1.00000,665092264504,0.00000
397,198,0,1.89240,0.00000,0.00000,0.01840,0,-1.00000,665092283736,0.00000
398,199,0,0.62860,1.16840,0.10500,0.01840,1280000,-1.00000,665092287484,0.00000
399,199,0,1.72850,0.00000,0.00000,0.01790,0,-1.00000,665092305792,0.00000
400,200,0,1.06390,1.25420,0.09780,0.01670,1280000,-1.00000,665092314668,0.00000
401,200,0,1.73930,0.00000,0.00000,0.01680,0,-1.00000,665092333588,0.00000
402,201,0,2.29170,1.16340,0.11120,0.02330,1280000,-1.00000,665092339875,0.00000
403,201,0,1.75570,0.00000,0.00000,0.02270,0,-1.00000,665092357158,0.00000
404,202,0,0.36970,1.25070,0.11740,0.02290,1280000,-1.00000,665092367796,0.00000
405,202,0,1.82749,0.00000,0.00000,0.02450,0,-1.00000,665092385189,0.00000
406,203,0,0.38670,1.20410,0.11030,0.02070,1280000,-1.00000,665092408105,0.00000
407,203,0,1.75140,0.00000,0.00000,0.01860,0,-1.00000,665092425656,0.00000
408,204,0,0.33080,1.25200,0.09230,0.02200,1280000,-1.00000,665092429359,0.00000
409,204,0,2.00380,0.00000,0.00000,0.02200,0,-1.00000,665092447645,0.00000
410,205,0,0.95870,1.15310,0.10190,0.01940,1280000,-1.00000,665092451502,0.00000
411,205,0,1.87690,0.00000,0.00000,0.01830,0,-1.00000,665092469017,0.00000
412,206,0,0.88760,1.28910,0.09500,0.02430,1280000,-1.00000,665092472326,0.00000
413,206,0,1.86210,0.00000,0.00000,0.01840,0,-1.00000,665092492367,0.00000
414,207,0,0.84800,1.19660,0.10870,0.02210,1280000,-1.00000,665092501950,0.00000
415,207,0,1.77100,0.00000,0.00000,0.02010,0,-1.00000,665092520717,0.00000
416,208,0,0.34030,1.28810,0.11010,0.01980,1280000,-1.00000,665092529600,0.00000
417,208,0,1.82070,0.00000,0.00000,0.02060,0,-1.00000,665092548218,0.00000
418,209,0,2.73110,1.14330,0.10950,0.02470,1280000,-1.00000,665092556697,0.00000
419,209,0,1.69560,0.00000,0.00000,0.01870,0,-1.00000,665092574408,0.00000
420,210,0,0.35200,1.25600,0.12670,0.01840,1280000,-1.00000,665092577807,0.00000
421,210,0,1.78590,0.00000,0.00000,0.02290,0,-1.00000,665092596010,0.00000
422,211,0,0.37850,1.26630,0.11070,0.02150,1280000,-1.00000,665092623337,0.00000
423,211,0,1.95610,0.00000,0.00000,0.01750,0,-1.00000,665092640284,0.00000
424,212,0,0.57350,1.22550,0.09540,0.01790,1280000,-1.00000,665092643799,0.00000
425,212,0,1.99460,0.00000,0.00000,0.01870,0,-1.00000,665092661662,0.00000
426,213,0,2.02120,1.18820,0.10430,0.02080,1280000,-1.00000,665092665444,0.00000
427,213,0,1.67950,0.00000,0.00000,0.01760,0,-1.00000,665092685015,0.00000
428,214,0,0.33280,1.29840,0.11820,0.02460,1280000,-1.00000,665092690744,0.00000
429,214,0,1.86810,0.00000,0.00000,0.01950,0,-1.00000,665092710687,0.00000
430,215,0,0.35310,1.13910,0.11730,0.02450,1280000,-1.00000,665092730902,0.00000
431,215,0,1.72100,0.00000,0.00000,0.01830,0,-1.00000,665092747693,0.00000
432,216,0,0.64260,1.22400,0.11160,0.02870,1280000,-1.00000,665092751029,0.00000
433,216,0,1.86430,0.00000,0.00000,0.02350,0,-1.00000,665092769706,0.00000
434,217,0,0.87660,1.15690,0.10820,0.03170,1280000,-1.00000,665092773240,0.00000
435,217,0,1.76000,0.00000,0.00000,0.02340,0,-1.00000,665092790450,0.00000
436,218,0,0.94580,1.25520,0.09500,0.01950,1280000,-1.00000,665092796879,0.00000
437,218,0,1.79250,0.00000,0.00000,0.01790,0,-1.00000,665092815527,0.00000
438,219,0,2.90990,1.17020,0.10360,0.01980,1280000,-1.00000,665092824287,0.00000
439,219,0,1.81090,0.00000,0.00000,0.02310,0,-1.00000,665092841891,0.00000
440,220,0,0.48140,1.82240,0.11600,0.02250,1280000,-1.00000,665092851342,0.00000
441,220,0,2.43190,0.00000,0.00000,0.01790,0,-1.00000,665092869264,0.00000
442,221,0,0.37580,1.22700,0.10360,0.02380,1280000,-1.00000,665092898365,0.00000
443,221,0,1.81920,0.00000,0.00000,0.02060,0,-1.00000,665092916470,0.00000
444,222,0,0.38850,1.20690,0.11360,0.02440,1280000,-1.00000,665092921288,0.00000
445,222,0,1.80471,0.00000,0.00000,0.02340,0,-1.00000,665092945606,0.00000
446,223,0,0.40470,1.18460,0.10910,0.01980,1280000,-1.00000,665092949361,0.00000
447,223,0,1.76180,0.00000,0.00000,0.02110,0,-1.00000,665092967559,0.00000
448,224,0,0.35870,1.21120,0.10160,0.02270,1280000,-1.00000,665092971439,0.00000
449,224,0,1.80370,0.00000,0.00000,0.02060,0,-1.00000,665092989500,0.00000
450,225,0,0.34670,1.24580,0.09980,0.02200,1280000,-1.00000,665092993536,0.00000
451,225,0,1.80090,0.00000,0.00000,0.01820,0,-1.00000,665093011150,0.00000
452,226,0,2.50590,1.31310,0.10250,0.02370,1280000,-1.00000,665093014744,0.00000
453,226,0,1.84660,0.00000,0.00000,0.02240,0,-1.00000,665093032777,0.00000
454,227,0,0.37670,1.22130,0.10420,0.02290,1280000,-1.00000,665093036245,0.00000
455,227,0,1.75810,0.00000,0.00000,0.02000,0,-1.00000,665093054253,0.00000
456,228,0,0.36080,1.19440,0.09410,0.01920,1280000,-1.00000,665093079324,0.00000
457,228,0,1.69740,0.00000,0.00000,0.01780,0,-1.00000,665093097781,0.00000
458,229,0,0.68420,1.17630,0.09500,0.02010,1280000,-1.00000,665093101544,0.00000
459,229,0,1.70990,0.00000,0.00000,0.01790,0,-1.00000,665093119124,0.00000
460,230,0,2.25890,1.28680,0.09230,0.02310,1280000,-1.00000,665093122729,0.00000
461,230,0,1.82770,0.00000,0.00000,0.01930,0,-1.00000,665093139704,0.00000
462,231,0,0.33800,1.16570,0.09880,0.01760,1280000,-1.00000,665093146552,0.00000
463,231,0,1.65130,0.00000,0.00000,0.01730,0,-1.00000,665093163647,0.00000
464,232,0,0.32280,1.22730,0.10470,0.01750,1280000,-1.00000,665093186252,0.00000
465,232,0,1.80330,0.00000,0.00000,0.02270,0,-1.00000,665093204514,0.00000
466,233,0,0.37160,1.15930,0.11700,0.01710,1280000,-1.00000,665093207892,0.00000
467,233,0,1.68940,0.00000,0.00000,0.01660,0,-1.00000,665093224405,0.00000
468,234,0,0.32570,1.21760,0.09830,0.01950,1280000,-1.00000,665093227631,0.00000
469,234,0,1.71250,0.00000,0.00000,0.01670,0,-1.00000,665093245674,0.00000
470,235,0,2.00330,1.11180,0.10980,0.01740,1280000,-1.00000,665093249380,0.00000
471,235,0,1.61330,0.00000,0.00000,0.01640,0,-1.00000,665093266274,0.00000
472,236,0,1.02180,1.19020,0.12420,0.02850,1280000,-1.00000,665093269533,0.00000
473,236,0,1.86990,0.00000,0.00000,0.02370,0,-1.00000,665093286657,0.00000
474,237,0,2.59720,1.17410,0.10200,0.02370,1280000,-1.00000,665093306691,0.00000
475,237,0,1.73260,0.00000,0.00000,0.01900,0,-1.00000,665093322821,0.00000
476,238,0,0.43459,1.28970,0.10510,0.02070,1280000,-1.00000,665093333049,0.00000
477,238,0,1.81910,0.00000,0.00000,0.01770,0,-1.00000,665093351754,0.00000
478,239,0,0.32930,1.15560,0.10880,0.01800,1280000,-1.00000,665093377720,0.00000
479,239,0,1.90959,0.00000,0.00000,0.02170,0,-1.00000,665093395041,0.00000
480,240,0,1.43560,1.23450,0.09750,0.01870,1280000,-1.00000,665093399386,0.00000
481,240,0,1.77100,0.00000,0.00000,0.01710,0,-1.00000,665093417577,0.00000
482,241,0,0.85140,1.16230,0.10170,0.01660,1280000,-1.00000,665093420866,0.00000
483,241,0,1.66840,0.00000,0.00000,0.01610,0,-1.00000,665093439969,0.00000
484,242,0,1.01080,1.24580,0.11460,0.02120,1280000,-1.00000,665093454325,0.00000
485,242,0,1.79910,0.00000,0.00000,0.01770,0,-1.00000,665093472031,0.00000
486,243,0,2.29140,1.12380,0.10930,0.02570,1280000,-1.00000,665093480546,0.00000
487,243,0,1.68180,0.00000,0.00000,0.01880,0,-1.00000,665093497225,0.00000
488,244,0,0.38430,1.19180,0.09690,0.01930,1280000,-1.00000,665093507341,0.00000
489,244,0,1.69889,0.00000,0.00000,0.01680,0,-1.00000,665093525326,0.00000
490,245,0,0.33280,1.16340,0.10320,0.01680,1280000,-1.00000,665093548247,0.00000
491,245,0,1.63180,0.00000,0.00000,0.01750,0,-1.00000,665093565056,0.00000
492,246,0,2.65969,1.18720,0.13200,0.03150,1280000,-1.00000,665093568897,0.00000
493,246,0,1.82251,0.00000,0.00000,0.01920,0,-1.00000,665093585889,0.00000
494,247,0,0.37900,1.13340,0.12080,0.02370,1280000,-1.00000,665093589217,0.00000
495,247,0,1.73300,0.00000,0.00000,0.01860,0,-1.00000,665093605537,0.00000
496,248,0,0.36720,1.27030,0.10300,0.02400,1280000,-1.00000,665093632145,0.00000
497,248,0,1.84211,0.00000,0.00000,0.02330,0,-1.00000,665093650371,0.00000
498,249,0,0.39640,1.12940,0.13620,0.02350,1280000,-1.00000,665093654160,0.00000
499,249,0,1.74380,0.00000,0.00000,0.02270,0,-1.00000,665093671489,0.00000
500,250,0,0.60730,1.24560,0.10250,0.02320,1280000,-1.00000,665093675154,0.00000
501,250,0,1.81600,0.00000,0.00000,0.01890,0,-1.00000,665093693588,0.00000
502,251,0,2.23790,1.17370,0.10220,0.01970,1280000,-1.00000,665093697540,0.00000
503,251,0,1.66770,0.00000,0.00000,0.01750,0,-1.00000,665093714985,0.00000
504,252,0,0.32310,1.23300,0.15240,0.01820,1280000,-1.00000,665093721055,0.00000
505,252,0,1.81260,0.00000,0.00000,0.01730,0,-1.00000,665093739210,0.00000
506,253,0,0.64180,1.15160,0.11260,0.02560,1280000,-1.00000,665093761591,0.00000
507,253,0,1.73410,0.00000,0.00000,0.01930,0,-1.00000,665093778264,0.00000
508,254,0,0.94960,1.24700,0.09660,0.01720,1280000,-1.00000,665093781493,0.00000
509,254,0,1.75790,0.00000,0.00000,0.01710,0,-1.00000,665093799623,0.00000
510,255,0,1.83880,1.23800,0.11110,0.02130,1280000,-1.00000,665093806038,0.00000
511,255,0,1.78100,0.00000,0.00000,0.01800,0,-1.00000,665093823385,0.00000
512,256,0,0.33469,1.18780,0.11350,0.01780,1280000,-1.00000,665093832876,0.00000
513,256,0,1.75950,0.00000,0.00000,0.02160,0,-1.00000,665093850452,0.00000
514,257,0,0.37890,1.16760,0.10300,0.02400,1280000,-1.00000,665093868845,0.00000
515,257,0,1.71050,0.00000,0.00000,0.02070,0,-1.00000,665093886652,0.00000
516,258,0,0.85600,1.24440,0.10190,0.01870,1280000,-1.00000,665093889998,0.00000
517,258,0,1.76750,0.00000,0.00000,0.01760,0,-1.00000,665093907599,0.00000
518,259,0,0.82251,1.15730,0.11340,0.01900,1280000,-1.00000,665093911385,0.00000
519,259,0,1.68009,0.00000,0.00000,0.01700,0,-1.00000,665093928490,0.00000
520,260,0,0.30880,1.19860,0.12970,0.02550,1280000,-1.00000,665093937059,0.00000
521,260,0,2.06390,0.00000,0.00000,0.01930,0,-1.00000,665093954725,0.00000
522,261,0,1.28540,1.38900,0.14970,0.02120,1280000,-1.00000,665093962951,0.00000
523,261,0,1.97540,0.00000,0.00000,0.02280,0,-1.00000,665093979748,0.00000
524,262,0,2.11770,1.23900,0.10090,0.02020,1280000,-1.00000,665093982835,0.00000
525,262,0,1.74740,0.00000,0.00000,0.01820,0,-1.00000,665094003486,0.00000
526,263,0,0.32590,1.15350,0.09550,0.01830,1280000,-1.00000,665094016341,0.00000
527,263,0,1.63810,0.00000,0.00000,0.01790,0,-1.00000,665094036086,0.00000
528,264,0,0.36960,1.22500,0.13170,0.02550,1280000,-1.00000,665094057264,0.00000
529,264,0,1.79720,0.00000,0.00000,0.01880,0,-1.00000,665094074736,0.00000
530,265,0,2.16950,1.15470,0.10890,0.01740,1280000,-1.00000,665094077993,0.00000
531,265,0,1.67750,0.00000,0.00000,0.01640,0,-1.00000,665094094375,0.00000
532,266,0,0.31700,1.23080,0.10510,0.01750,1280000,-1.00000,665094098071,0.00000
533,266,0,1.75430,0.00000,0.00000,0.01720,0,-1.00000,665094116041,0.00000
534,267,0,0.33240,1.14210,0.14620,0.02250,1280000,-1.00000,665094137753,0.00000
535,267,0,1.73870,0.00000,0.00000,0.01700,0,-1.00000,665094154513,0.00000
536,268,0,0.31541,1.30750,0.10360,0.02310,1280000,-1.00000,665094157682,0.00000
537,268,0,1.90940,0.00000,0.00000,0.02010,0,-1.00000,665094175226,0.00000
538,269,0,0.35340,1.23010,0.11350,0.02280,1280000,-1.00000,665094178547,0.00000
539,269,0,1.80150,0.00000,0.00000,0.01880,0,-1.00000,665094195939,0.00000
540,270,0,0.37730,1.19140,0.10210,0.01780,1280000,-1.00000,665094199089,0.00000
541,270,0,1.70480,0.00000,0.00000,0.01720,0,-1.00000,665094218186,0.00000
542,271,0,0.31330,1.19600,0.10270,0.01780,1280000,-1.00000,665094221718,0.00000
543,271,0,1.71300,0.00000,0.00000,0.01680,0,-1.00000,665094239739,0.00000
544,272,0,1.04240,1.19210,0.13660,0.02980,1280000,-1.00000,665094243506,0.00000
545,272,0,1.83780,0.00000,0.00000,0.02400,0,-1.00000,665094260553,0.00000
546,273,0,1.49240,1.12390,0.10200,0.02700,1280000,-1.00000,665094263685,0.00000
547,273,0,1.78400,0.00000,0.00000,0.02090,0,-1.00000,665094280816,0.00000
548,274,0,0.92300,1.18840,0.10610,0.02380,1280000,-1.00000,665094291242,0.00000
549,274,0,1.75370,0.00000,0.00000,0.01920,0,-1.00000,665094309638,0.00000
550,275,0,0.90860,1.12800,0.10160,0.02330,1280000,-1.00000,665094324557,0.00000
551,275,0,1.70960,0.00000,0.00000,0.01850,0,-1.00000,665094342389,0.00000
552,276,0,2.28960,1.18810,0.11210,0.02330,1280000,-1.00000,665094351621,0.00000
553,276,0,1.72740,0.00000,0.00000,0.01820,0,-1.00000,665094369154,0.00000
554,277,0,0.34140,1.20130,0.14520,0.02150,1280000,-1.00000,665094378245,0.00000
555,277,0,1.78120,0.00000,0.00000,0.01840,0,-1.00000,665094395335,0.00000
556,278,0,0.34040,1.23170,0.09960,0.02440,1280000,-1.00000,665094418233,0.00000
557,278,0,1.79510,0.00000,0.00000,0.01860,0,-1.00000,665094435506,0.00000
558,279,0,2.08880,1.13760,0.10130,0.01860,1280000,-1.00000,665094438919,0.00000
559,279,0,1.65310,0.00000,0.00000,0.01740,0,-1.00000,665094456733,0.00000
560,280,0,0.35320,1.27490,0.15400,0.02220,1280000,-1.00000,665094460138,0.00000
561,280,0,1.88190,0.00000,0.00000,0.01930,0,-1.00000,665094478088,0.00000
562,281,0,0.34860,1.18800,0.10370,0.01950,1280000,-1.00000,665094498973,0.00000
563,281,0,1.68800,0.00000,0.00000,0.02000,0,-1.00000,665094515507,0.00000
564,282,0,0.86510,1.26260,0.10540,0.01950,1280000,-1.00000,665094519035,0.00000
565,282,0,1.78070,0.00000,0.00000,0.01970,0,-1.00000,665094537857,0.00000
566,283,0,0.74680,1.18980,0.10920,0.02020,1280000,-1.00000,665094541342,0.00000
567,283,0,1.71630,0.00000,0.00000,0.01720,0,-1.00000,665094558224,0.00000
568,284,0,1.04420,1.21840,0.11860,0.01740,1280000,-1.00000,665094566873,0.00000
569,284,0,1.74169,0.00000,0.00000,0.01670,0,-1.00000,665094584676,0.00000
570,285,0,0.93020,1.12720,0.10610,0.02470,1280000,-1.00000,665094592147,0.00000
571,285,0,1.70110,0.00000,0.00000,0.02090,0,-1.00000,665094609309,0.00000
572,286,0,0.89370,1.18420,0.10140,0.02610,1280000,-1.00000,665094619754,0.00000
573,286,0,1.88980,0.00000,0.00000,0.02190,0,-1.00000,665094637168,0.00000
574,287,0,2.20980,1.23860,0.09970,0.02110,1280000,-1.00000,665094646473,0.00000
575,287,0,1.76560,0.00000,0.00000,0.01770,0,-1.00000,665094663483,0.00000
576,288,0,2.22810,1.22030,0.11230,0.01910,1280000,-1.00000,665094672433,0.00000
577,288,0,1.72990,0.00000,0.00000,0.01710,0,-1.00000,665094691325,0.00000
578,289,0,0.31850,1.15070,0.09380,0.01830,1280000,-1.00000,665094713417,0.00000
579,289,0,1.64350,0.00000,0.00000,0.02210,0,-1.00000,665094731068,0.00000
580,290,0,0.36780,1.21320,0.10680,0.02350,1280000,-1.00000,665094753354,0.00000
581,290,0,1.75920,0.00000,0.00000,0.01780,0,-1.00000,665094770649,0.00000
582,291,0,0.34670,1.15610,0.09780,0.01820,1280000,-1.00000,665094773834,0.00000
583,291,0,1.87010,0.00000,0.00000,0.02270,0,-1.00000,665094790273,0.00000
584,292,0,2.72440,1.21800,0.11070,0.02130,1280000,-1.00000,665094793950,0.00000
585,292,0,1.72710,0.00000,0.00000,0.01710,0,-1.00000,665094811547,0.00000
586,293,0,0.31351,1.10680,0.10440,0.01770,1280000,-1.00000,665094815009,0.00000
587,293,0,1.61939,0.00000,0.00000,0.01690,0,-1.00000,665094833709,0.00000
588,294,0,0.36620,1.21470,0.11150,0.01790,1280000,-1.00000,665094860956,0.00000
589,294,0,1.71640,0.00000,0.00000,0.01640,0,-1.00000,665094878222,0.00000
590,295,0,0.30350,1.14490,0.11770,0.01750,1280000,-1.00000,665094881357,0.00000
591,295,0,2.07000,0.00000,0.00000,0.01680,0,-1.00000,665094897553,0.00000
592,296,0,1.28610,1.17560,0.12920,0.02590,1280000,-1.00000,665094901213,0.00000
593,296,0,1.78909,0.00000,0.00000,0.01980,0,-1.00000,665094918377,0.00000
594,297,0,2.22590,1.15140,0.10630,0.02080,1280000,-1.00000,665094921412,0.00000
595,297,0,1.70090,0.00000,0.00000,0.01710,0,-1.00000,665094942114,0.00000
596,298,0,0.33110,1.35210,0.10670,0.01930,1280000,-1.00000,665094954984,0.00000
597,298,0,1.84690,0.00000,0.00000,0.01700,0,-1.00000,665094972870,0.00000
598,299,0,0.34170,1.14100,0.10270,0.01690,1280000,-1.00000,665094995142,0.00000
599,299,0,1.62781,0.00000,0.00000,0.01650,0,-1.00000,665095012132,0.00000
600,300,0,0.76470,1.21470,0.10820,0.01970,1280000,-1.00000,665095015442,0.00000
601,300,0,1.73220,0.00000,0.00000,0.01740,0,-1.00000,665095033917,0.00000
602,301,0,0.93470,1.10520,0.12060,0.02210,1280000,-1.00000,665095037331,0.00000
603,301,0,1.72910,0.00000,0.00000,0.01940,0,-1.00000,665095053608,0.00000
604,302,0,1.00249,1.21140,0.09550,0.01970,1280000,-1.00000,665095061265,0.00000
605,302,0,1.76780,0.00000,0.00000,0.01790,0,-1.00000,665095078578,0.00000
606,303,0,2.21740,1.09930,0.11210,0.01940,1280000,-1.00000,665095087932,0.00000
607,303,0,1.60890,0.00000,0.00000,0.01660,0,-1.00000,665095105221,0.00000
608,304,0,0.32470,1.21180,0.10820,0.01700,1280000,-1.00000,665095115252,0.00000
609,304,0,1.71120,0.00000,0.00000,0.01650,0,-1.00000,665095132920,0.00000
610,305,0,0.32130,1.09790,0.14780,0.01820,1280000,-1.00000,665095155098,0.00000
611,305,0,1.65990,0.00000,0.00000,0.02200,0,-1.00000,665095171182,0.00000
612,306,0,0.36780,1.21080,0.10450,0.02060,1280000,-1.00000,665095174428,0.00000
613,306,0,1.76570,0.00000,0.00000,0.02030,0,-1.00000,665095191541,0.00000
614,307,0,0.35440,1.15150,0.09750,0.02220,1280000,-1.00000,665095194753,0.00000
615,307,0,1.73160,0.00000,0.00000,0.01770,0,-1.00000,665095211354,0.00000
616,308,0,0.88900,1.21020,0.10110,0.02200,1280000,-1.00000,665095215035,0.00000
617,308,0,1.76280,0.00000,0.00000,0.01810,0,-1.00000,665095232695,0.00000
618,309,0,0.32520,1.14570,0.10150,0.01930,1280000,-1.00000,665095236235,0.00000
619,309,0,1.84760,0.00000,0.00000,0.02080,0,-1.00000,665095253549,0.00000
620,310,0,2.73550,1.17270,0.12270,0.03150,1280000,-1.00000,665095262447,0.00000
621,310,0,1.78250,0.00000,0.00000,0.02060,0,-1.00000,665095280072,0.00000
622,311,0,0.39651,1.13770,0.10100,0.02600,1280000,-1.00000,665095283319,0.00000
623,311,0,1.69070,0.00000,0.00000,0.01970,0,-1.00000,665095301792,0.00000
624,312,0,0.35370,1.20790,0.11470,0.02200,1280000,-1.00000,665095329151,0.00000
625,312,0,1.75350,0.00000,0.00000,0.01880,0,-1.00000,665095346983,0.00000
626,313,0,0.71190,1.13510,0.09650,0.01870,1280000,-1.00000,665095350941,0.00000
627,313,0,1.67100,0.00000,0.00000,0.01800,0,-1.00000,665095367849,0.00000
628,314,0,2.34320,1.17140,0.11850,0.02390,1280000,-1.00000,665095371385,0.00000
629,314,0,1.72930,0.00000,0.00000,0.01890,0,-1.00000,665095388920,0.00000
630,315,0,0.34440,1.13240,0.10640,0.02300,1280000,-1.00000,665095396040,0.00000
631,315,0,1.65840,0.00000,0.00000,0.01850,0,-1.00000,665095412749,0.00000
632,316,0,0.35780,1.26700,0.10270,0.02070,1280000,-1.00000,665095436192,0.00000
633,316,0,1.79240,0.00000,0.00000,0.01910,0,-1.00000,665095453477,0.00000
634,317,0,0.88829,1.11710,0.10320,0.02070,1280000,-1.00000,665095456918,0.00000
635,317,0,1.85220,0.00000,0.00000,0.02250,0,-1.00000,665095473502,0.00000
636,318,0,0.79760,1.20130,0.09870,0.02190,1280000,-1.00000,665095477079,0.00000
637,318,0,1.74060,0.00000,0.00000,0.01820,0,-1.00000,665095495003,0.00000
638,319,0,0.88430,1.08820,0.10660,0.01920,1280000,-1.00000,665095503889,0.00000
639,319,0,1.61170,0.00000,0.00000,0.01800,0,-1.00000,665095522411,0.00000
640,320,0,0.96210,1.20410,0.09790,0.02050,1280000,-1.00000,665095530386,0.00000
641,320,0,1.75970,0.00000,0.00000,0.01710,0,-1.00000,665095547789,0.00000
642,321,0,3.45090,1.10980,0.11490,0.02940,1280000,-1.00000,665095556634,0.00000
643,321,0,1.79900,0.00000,0.00000,0.02180,0,-1.00000,665095572750,0.00000
644,322,0,0.39250,1.20160,0.09640,0.02070,1280000,-1.00000,665095582373,0.00000
645,322,0,1.75490,0.00000,0.00000,0.01810,0,-1.00000,665095599969,0.00000
646,323,0,0.97820,1.12350,0.10370,0.02060,1280000,-1.00000,665095634480,0.00000
647,323,0,1.67280,0.00000,0.00000,0.01850,0,-1.00000,665095652468,0.00000
648,324,0,0.83670,1.16020,0.11020,0.01770,1280000,-1.00000,665095656398,0.00000
649,324,0,1.70220,0.00000,0.00000,0.01690,0,-1.00000,665095673943,0.00000
650,325,0,0.50100,1.09720,0.10160,0.02130,1280000,-1.00000,665095683724,0.00000
651,325,0,1.65390,0.00000,0.00000,0.02210,0,-1.00000,665095700454,0.00000
652,326,0,0.36560,1.19850,0.10280,0.02000,1280000,-1.00000,665095708823,0.00000
653,326,0,2.06610,0.00000,0.00000,0.01910,0,-1.00000,665095725838,0.00000
654,327,0,2.58540,1.07980,0.10290,0.01950,1280000,-1.00000,665095730847,0.00000
655,327,0,1.58640,0.00000,0.00000,0.01660,0,-1.00000,665095747391,0.00000
656,328,0,0.32670,1.22090,0.10530,0.02290,1280000,-1.00000,665095751047,0.00000
657,328,0,1.84040,0.00000,0.00000,0.01790,0,-1.00000,665095771708,0.00000
658,329,0,0.33390,1.08980,0.13450,0.01890,1280000,-1.00000,665095797561,0.00000
659,329,0,1.67660,0.00000,0.00000,0.02070,0,-1.00000,665095813424,0.00000
660,330,0,0.97720,1.15170,0.12770,0.02230,1280000,-1.00000,665095816690,0.00000
661,330,0,1.72760,0.00000,0.00000,0.01850,0,-1.00000,665095835092,0.00000
662,331,0,2.76610,1.12490,0.10640,0.01950,1280000,-1.00000,665095838432,0.00000
663,331,0,1.67200,0.00000,0.00000,0.01750,0,-1.00000,665095855203,0.00000
664,332,0,0.35110,1.21030,0.10080,0.02280,1280000,-1.00000,665095864973,0.00000
665,332,0,1.76290,0.00000,0.00000,0.01960,0,-1.00000,665095882248,0.00000
666,333,0,0.35540,1.09440,0.11140,0.01860,1280000,-1.00000,665095909910,0.00000
667,333,0,1.58980,0.00000,0.00000,0.01780,0,-1.00000,665095926629,0.00000
668,334,0,0.47040,1.15820,0.11560,0.01680,1280000,-1.00000,665095930143,0.00000
669,334,0,1.67070,0.00000,0.00000,0.01600,0,-1.00000,665095947773,0.00000
670,335,0,1.03210,1.12420,0.12280,0.02800,1280000,-1.00000,665095951323,0.00000
671,335,0,1.76250,0.00000,0.00000,0.02330,0,-1.00000,665095967218,0.00000
672,336,0,0.98880,1.20160,0.10210,0.02030,1280000,-1.00000,665095971926,0.00000
673,336,0,1.73800,0.00000,0.00000,0.01850,0,-1.00000,665095988630,0.00000
674,337,0,2.21160,1.12530,0.11360,0.02440,1280000,-1.00000,665095998947,0.00000
675,337,0,1.71510,0.00000,0.00000,0.01820,0,-1.00000,665096016601,0.00000
676,338,0,0.33850,1.33700,0.13540,0.02260,1280000,-1.00000,665096026470,0.00000
677,338,0,1.90530,0.00000,0.00000,0.01920,0,-1.00000,665096043847,0.00000
678,339,0,0.74270,1.24450,0.13240,0.02300,1280000,-1.00000,665096066214,0.00000
679,339,0,1.81930,0.00000,0.00000,0.02020,0,-1.00000,665096083111,0.00000
680,340,0,0.34290,1.19040,0.11800,0.01870,1280000,-1.00000,665096086497,0.00000
681,340,0,1.75790,0.00000,0.00000,0.01800,0,-1.00000,665096105553,0.00000
682,341,0,1.50750,1.10910,0.10490,0.02060,1280000,-1.00000,665096112977,0.00000
683,341,0,1.67160,0.00000,0.00000,0.01760,0,-1.00000,665096131176,0.00000
684,342,0,0.37430,1.23590,0.14530,0.02230,1280000,-1.00000,665096134596,0.00000
685,342,0,1.81760,0.00000,0.00000,0.01890,0,-1.00000,665096152180,0.00000
686,343,0,0.84680,1.10340,0.10170,0.02390,1280000,-1.00000,665096167252,0.00000
687,343,0,1.67140,0.00000,0.00000,0.01950,0,-1.00000,665096183969,0.00000
688,344,0,0.33480,1.25070,0.11320,0.01990,1280000,-1.00000,665096187710,0.00000
689,344,0,2.09710,0.00000,0.00000,0.02230,0,-1.00000,665096205890,0.00000
690,345,0,1.31670,1.10940,0.10940,0.02140,1280000,-1.00000,665096214358,0.00000
691,345,0,1.64690,0.00000,0.00000,0.01850,0,-1.00000,665096231073,0.00000
692,346,0,0.98360,1.15230,0.14230,0.02640,1280000,-1.00000,665096234417,0.00000
693,346,0,1.81780,0.00000,0.00000,0.01910,0,-1.00000,665096255389,0.00000
694,347,0,0.95090,1.07690,0.11360,0.01980,1280000,-1.00000,665096268558,0.00000
695,347,0,1.75140,0.00000,0.00000,0.02100,0,-1.00000,665096285027,0.00000
696,348,0,0.92270,1.18860,0.10230,0.07750,1280000,-1.00000,665096294872,0.00000
697,348,0,1.85940,0.00000,0.00000,0.02420,0,-1.00000,665096313049,0.00000
698,349,0,0.79311,1.07600,0.10560,0.02260,1280000,-1.00000,665096322562,0.00000
699,349,0,1.63150,0.00000,0.00000,0.01840,0,-1.00000,665096340057,0.00000
700,350,0,1.10380,1.15480,0.12130,0.02250,1280000,-1.00000,665096349291,0.00000
701,350,0,1.71410,0.00000,0.00000,0.01850,0,-1.00000,665096367894,0.00000
702,351,0,0.34740,1.13070,0.09730,0.02230,1280000,-1.00000,665096375818,0.00000
703,351,0,1.66570,0.00000,0.00000,0.02080,0,-1.00000,665096392130,0.00000
704,352,0,0.35030,1.14920,0.10020,0.01900,1280000,-1.00000,665096403176,0.00000
705,352,0,1.66200,0.00000,0.00000,0.01750,0,-1.00000,665096420310,0.00000
706,353,0,0.92710,1.11060,0.10810,0.01990,1280000,-1.00000,665096423780,0.00000
707,353,0,1.63530,0.00000,0.00000,0.01700,0,-1.00000,665096440439,0.00000
708,354,0,1.10190,1.28950,0.12890,0.01840,1280000,-1.00000,665096443941,0.00000
709,354,0,1.82470,0.00000,0.00000,0.01760,0,-1.00000,665096460562,0.00000
710,355,0,0.33370,1.10200,0.11700,0.02470,1280000,-1.00000,665096469836,0.00000
711,355,0,1.71920,0.00000,0.00000,0.01990,0,-1.00000,665096486184,0.00000
712,356,0,0.35471,1.18590,0.11120,0.01740,1280000,-1.00000,665096497205,0.00000
713,356,0,1.68240,0.00000,0.00000,0.01670,0,-1.00000,665096515452,0.00000
714,357,0,1.31550,1.13730,0.11340,0.02450,1280000,-1.00000,665096518787,0.00000
715,357,0,1.71540,0.00000,0.00000,0.01870,0,-1.00000,665096535983,0.00000
716,358,0,0.35170,1.19730,0.11230,0.02010,1280000,-1.00000,665096539526,0.00000
717,358,0,1.73990,0.00000,0.00000,0.01800,0,-1.00000,665096556349,0.00000
718,359,0,1.72350,1.08030,0.10380,0.01980,1280000,-1.00000,665096569516,0.00000
719,359,0,1.63180,0.00000,0.00000,0.01720,0,-1.00000,665096586663,0.00000
720,360,0,0.46000,1.14240,0.13470,0.01850,1280000,-1.00000,665096590181,0.00000
721,360,0,1.72960,0.00000,0.00000,0.01770,0,-1.00000,665096607580,0.00000
722,361,0,1.05320,1.08800,0.11410,0.02920,1280000,-1.00000,665096624865,0.00000
723,361,0,1.74790,0.00000,0.00000,0.02020,0,-1.00000,665096641133,0.00000
724,362,0,2.30850,1.18840,0.10650,0.02090,1280000,-1.00000,665096645728,0.00000
725,362,0,2.69740,0.00000,0.00000,0.02310,0,-1.00000,665096663032,0.00000
726,363,0,0.51050,1.13720,0.14350,0.02130,1280000,-1.00000,665096673570,0.00000
727,363,0,1.92150,0.00000,0.00000,0.02010,0,-1.00000,665096691044,0.00000
728,364,0,0.46330,1.20600,0.14580,0.02070,1280000,-1.00000,665096714127,0.00000
729,364,0,1.94940,0.00000,0.00000,0.01760,0,-1.00000,665096741122,0.00000
730,365,0,0.43120,1.14410,0.10410,0.02260,1280000,-1.00000,665096746246,0.00000
731,365,0,1.85040,0.00000,0.00000,0.02100,0,-1.00000,665096765421,0.00000
732,366,0,0.43680,1.19850,0.12170,0.02060,1280000,-1.00000,665096770043,0.00000
733,366,0,1.91840,0.00000,0.00000,0.01790,0,-1.00000,665096789543,0.00000
734,367,0,0.47260,1.06960,0.10500,0.02110,1280000,-1.00000,665096793848,0.00000
735,367,0,1.76960,0.00000,0.00000,0.01840,0,-1.00000,665096812348,0.00000
736,368,0,0.43279,1.14070,0.10160,0.01950,1280000,-1.00000,665096816720,0.00000
737,368,0,1.78530,0.00000,0.00000,0.01930,0,-1.00000,665096835916,0.00000
738,369,0,0.89230,1.13020,0.11150,0.02170,1280000,-1.00000,665096840637,0.00000
739,369,0,1.82360,0.00000,0.00000,0.01780,0,-1.00000,665096858335,0.00000
740,370,0,0.84000,1.14790,0.11720,0.01860,1280000,-1.00000,665096862656,0.00000
741,370,0,1.83310,0.00000,0.00000,0.01630,0,-1.00000,665096880517,0.00000
742,371,0,2.26939,1.09950,0.13870,0.02650,1280000,-1.00000,665096889442,0.00000
743,371,0,1.95641,0.00000,0.00000,0.02300,0,-1.00000,665096907674,0.00000
744,372,0,2.79340,1.19620,0.10000,0.02630,1280000,-1.00000,665096916077,0.00000
745,372,0,1.96370,0.00000,0.00000,0.02080,0,-1.00000,665096934403,0.00000
746,373,0,0.51750,1.07620,0.09900,0.02090,1280000,-1.00000,665096957098,0.00000
747,373,0,1.79630,0.00000,0.00000,0.01940,0,-1.00000,665096976676,0.00000
748,374,0,0.48970,1.15900,0.12820,0.03040,1280000,-1.00000,665097004609,0.00000
749,374,0,2.27280,0.00000,0.00000,0.02370,0,-1.00000,665097024234,0.00000
750,375,0,0.60030,1.13930,0.12190,0.03440,1280000,-1.00000,665097029408,0.00000
751,375,0,2.06370,0.00000,0.00000,0.02350,0,-1.00000,665097047372,0.00000
752,376,0,0.53909,1.17020,0.09500,0.02260,1280000,-1.00000,665097052276,0.00000
753,376,0,1.86820,0.00000,0.00000,0.01890,0,-1.00000,665097075022,0.00000
754,377,0,0.43160,1.06970,0.11660,0.02250,1280000,-1.00000,665097081008,0.00000
755,377,0,1.82330,0.00000,0.00000,0.03150,0,-1.00000,665097101659,0.00000
756,378,0,0.49390,1.18430,0.09290,0.02110,1280000,-1.00000,665097107031,0.00000
757,378,0,1.88040,0.00000,0.00000,0.02010,0,-1.00000,665097125709,0.00000
758,379,0,1.55541,1.09430,0.11440,0.01850,1280000,-1.00000,665097130023,0.00000
759,379,0,1.82219,0.00000,0.00000,0.01640,0,-1.00000,665097148269,0.00000
760,380,0,2.27781,1.13980,0.09920,0.02050,1280000,-1.00000,665097153200,0.00000
761,380,0,1.81220,0.00000,0.00000,0.01900,0,-1.00000,665097172003,0.00000
762,381,0,0.46720,1.09860,0.11010,0.01910,1280000,-1.00000,665097187556,0.00000
763,381,0,1.81091,0.00000,0.00000,0.01810,0,-1.00000,665097205777,0.00000
764,382,0,0.49269,1.14400,0.12000,0.02530,1280000,-1.00000,665097228560,0.00000
765,382,0,2.02180,0.00000,0.00000,0.02380,0,-1.00000,665097246676,0.00000
766,383,0,0.62250,1.22030,0.09800,0.02190,1280000,-1.00000,665097251345,0.00000
767,383,0,1.95930,0.00000,0.00000,0.02040,0,-1.00000,665097269461,0.00000
768,384,0,0.49570,1.23650,0.10110,0.02900,1280000,-1.00000,665097274385,0.00000
769,384,0,2.02560,0.00000,0.00000,0.02360,0,-1.00000,665097294666,0.00000
770,385,0,0.52521,1.11000,0.10380,0.02150,1280000,-1.00000,665097300835,0.00000
771,385,0,1.82219,0.00000,0.00000,0.02060,0,-1.00000,665097320427,0.00000
772,386,0,0.70430,1.13270,0.10220,0.04210,1280000,-1.00000,665097325383,0.00000
773,386,0,1.82580,0.00000,0.00000,0.01670,0,-1.00000,665097345646,0.00000
774,387,0,0.88810,1.08920,0.12450,0.01780,1280000,-1.00000,665097350893,0.00000
775,387,0,1.82260,0.00000,0.00000,0.01820,0,-1.00000,665097369107,0.00000
776,388,0,2.19750,1.13310,0.16310,0.02530,1280000,-1.00000,665097376150,0.00000
777,388,0,1.96631,0.00000,0.00000,0.01990,0,-1.00000,665097394408,0.00000
778,389,0,0.58500,1.10380,0.10250,0.02390,1280000,-1.00000,665097403292,0.00000
779,389,0,1.86900,0.00000,0.00000,0.02250,0,-1.00000,665097421519,0.00000
780,390,0,0.47320,1.25750,0.11240,0.02090,1280000,-1.00000,665097443489,0.00000
781,390,0,1.99340,0.00000,0.00000,0.01650,0,-1.00000,665097463231,0.00000
782,391,0,0.56030,1.10530,0.09790,0.02260,1280000,-1.00000,665097469011,0.00000
783,391,0,1.83470,0.00000,0.00000,0.02220,0,-1.00000,665097487706,0.00000
784,392,0,0.75700,1.17310,0.10790,0.02080,1280000,-1.00000,665097492425,0.00000
785,392,0,1.88880,0.00000,0.00000,0.01950,0,-1.00000,665097512363,0.00000
786,393,0,2.95610,1.05350,0.10520,0.02190,1280000,-1.00000,665097517967,0.00000
787,393,0,1.73800,0.00000,0.00000,0.04410,0,-1.00000,665097536317,0.00000
788,394,0,0.54360,1.13760,0.10040,0.01930,1280000,-1.00000,665097543888,0.00000
789,394,0,1.91310,0.00000,0.00000,0.02190,0,-1.00000,665097562768,0.00000
790,395,0,0.52350,1.05390,0.09780,0.02470,1280000,-1.00000,665097592335,0.00000
791,395,0,1.83220,0.00000,0.00000,0.02130,0,-1.00000,665097609707,0.00000
792,396,0,0.47290,1.16830,0.10800,0.02470,1280000,-1.00000,665097615149,0.00000
793,396,0,1.88420,0.00000,0.00000,0.01930,0,-1.00000,665097634282,0.00000
794,397,0,0.62440,1.08710,0.11010,0.02740,1280000,-1.00000,665097639510,0.00000
795,397,0,1.88880,0.00000,0.00000,0.01870,0,-1.00000,665097657838,0.00000
796,398,0,0.82380,1.16640,0.10310,0.02290,1280000,-1.00000,665097662561,0.00000
797,398,0,1.94740,0.00000,0.00000,0.01620,0,-1.00000,665097681408,0.00000
798,399,0,0.63800,1.04620,0.10560,0.02470,1280000,-1.00000,665097687647,0.00000
799,399,0,1.78729,0.00000,0.00000,0.01940,0,-1.00000,665097706539,0.00000
800,400,0,2.36490,1.13110,0.10740,0.02060,1280000,-1.00000,665097714789,0.00000
801,400,0,1.82970,0.00000,0.00000,0.01490,0,-1.00000,665097734250,0.00000
802,401,0,0.45111,1.14120,0.14130,0.02670,1280000,-1.00000,665097740622,0.00000
803,401,0,1.89100,0.00000,0.00000,0.01740,0,-1.00000,665097758497,0.00000
804,402,0,0.44150,1.17180,0.10750,0.02400,1280000,-1.00000,665097782161,0.00000
805,402,0,1.88050,0.00000,0.00000,0.01820,0,-1.00000,665097800449,0.00000
806,403,0,0.44250,1.03200,0.10910,0.02300,1280000,-1.00000,665097804953,0.00000
807,403,0,1.77370,0.00000,0.00000,0.02130,0,-1.00000,665097823872,0.00000
808,404,0,0.46410,1.15070,0.11230,0.02500,1280000,-1.00000,665097828282,0.00000
809,404,0,2.01650,0.00000,0.00000,0.02270,0,-1.00000,665097847085,0.00000
810,405,0,0.46030,1.05060,0.10700,0.02260,1280000,-1.00000,665097851512,0.00000
811,405,0,1.75810,0.00000,0.00000,0.01810,0,-1.00000,665097869254,0.00000
812,406,0,1.35820,1.12880,0.09820,0.02310,1280000,-1.00000,665097873888,0.00000
813,406,0,1.84790,0.00000,0.00000,0.01910,0,-1.00000,665097894066,0.00000
814,407,0,2.30350,1.06990,0.10970,0.01940,1280000,-1.00000,665097898657,0.00000
815,407,0,1.73450,0.00000,0.00000,0.01720,0,-1.00000,665097916237,0.00000
816,408,0,0.44990,1.17190,0.13440,0.02480,1280000,-1.00000,665097929827,0.00000
817,408,0,2.02710,0.00000,0.00000,0.01850,0,-1.00000,665097948297,0.00000
818,409,0,0.49270,1.08450,0.10030,0.02210,1280000,-1.00000,665097971335,0.00000
819,409,0,1.83780,0.00000,0.00000,0.01730,0,-1.00000,665097988681,0.00000
820,410,0,0.45790,1.11530,0.10380,0.02210,1280000,-1.00000,665097993173,0.00000
821,410,0,1.80160,0.00000,0.00000,0.02030,0,-1.00000,665098013459,0.00000
822,411,0,0.57630,1.04240,0.12490,0.02480,1280000,-1.00000,665098018387,0.00000
823,411,0,1.81770,0.00000,0.00000,0.02180,0,-1.00000,665098036757,0.00000
824,412,0,0.48880,1.16980,0.10290,0.02210,1280000,-1.00000,665098041337,0.00000
825,412,0,1.90350,0.00000,0.00000,0.01860,0,-1.00000,665098059351,0.00000
826,413,0,0.48200,1.02910,0.11660,0.02950,1280000,-1.00000,665098065117,0.00000
827,413,0,1.81120,0.00000,0.00000,0.02000,0,-1.00000,665098083295,0.00000
828,414,0,1.73170,1.17760,0.09790,0.02040,1280000,-1.00000,665098088184,0.00000
829,414,0,1.95250,0.00000,0.00000,0.01890,0,-1.00000,665098107218,0.00000
830,415,0,0.72230,1.02630,0.10210,0.02260,1280000,-1.00000,665098112031,0.00000
831,415,0,1.74430,0.00000,0.00000,0.01720,0,-1.00000,665098130147,0.00000
832,416,0,2.30660,1.15830,0.17650,0.02090,1280000,-1.00000,665098147478,0.00000
833,416,0,1.90840,0.00000,0.00000,0.01850,0,-1.00000,665098166984,0.00000
834,417,0,0.46770,1.02410,0.09540,0.01840,1280000,-1.00000,665098174207,0.00000
835,417,0,1.63130,0.00000,0.00000,0.01620,0,-1.00000,665098191648,0.00000
836,418,0,0.41530,1.11770,0.10800,0.01890,1280000,-1.00000,665098214715,0.00000
837,418,0,1.80410,0.00000,0.00000,0.02030,0,-1.00000,665098233806,0.00000
838,419,0,0.52410,1.01860,0.10320,0.02130,1280000,-1.00000,665098238478,0.00000
839,419,0,1.69120,0.00000,0.00000,0.02190,0,-1.00000,665098254795,0.00000
840,420,0,0.97180,1.12330,0.10890,0.02910,1280000,-1.00000,665098258937,0.00000
841,420,0,1.91910,0.00000,0.00000,0.02100,0,-1.00000,665098276989,0.00000
842,421,0,0.81550,1.02290,0.09860,0.01880,1280000,-1.00000,665098282231,0.00000
843,421,0,1.71610,0.00000,0.00000,0.02250,0,-1.00000,665098299140,0.00000
844,422,0,1.00980,1.16920,0.09920,0.02220,1280000,-1.00000,665098308893,0.00000
845,422,0,1.91901,0.00000,0.00000,0.01980,0,-1.00000,665098328135,0.00000
846,423,0,0.72850,1.08010,0.10620,0.02380,1280000,-1.00000,665098336207,0.00000
847,423,0,1.85230,0.00000,0.00000,0.01950,0,-1.00000,665098353372,0.00000
848,424,0,0.48530,1.14900,0.11060,0.02320,1280000,-1.00000,665098363467,0.00000
849,424,0,1.89920,0.00000,0.00000,0.01870,0,-1.00000,665098382704,0.00000
850,425,0,0.46170,1.00640,0.10170,0.02040,1280000,-1.00000,665098389937,0.00000
851,425,0,1.64180,0.00000,0.00000,0.01950,0,-1.00000,665098408516,0.00000
852,426,0,1.83780,1.10720,0.09950,0.02210,1280000,-1.00000,665098413316,0.00000
853,426,0,1.81710,0.00000,0.00000,0.01770,0,-1.00000,665098432316,0.00000
854,427,0,0.45000,1.05740,0.10510,0.02110,1280000,-1.00000,665098436923,0.00000
855,427,0,1.75430,0.00000,0.00000,0.01730,0,-1.00000,665098453327,0.00000
856,428,0,2.72670,1.15050,0.13860,0.03570,1280000,-1.00000,665098471722,0.00000
857,428,0,1.98300,0.00000,0.00000,0.02340,0,-1.00000,665098489882,0.00000
858,429,0,0.57310,1.06340,0.09710,0.02370,1280000,-1.00000,665098494395,0.00000
859,429,0,1.74970,0.00000,0.00000,0.01890,0,-1.00000,665098511930,0.00000
860,430,0,0.49180,1.10910,0.12620,0.02460,1280000,-1.00000,665098539207,0.00000
861,430,0,1.80720,0.00000,0.00000,0.01820,0,-1.00000,665098559045,0.00000
862,431,0,0.45570,1.15660,0.10550,0.01950,1280000,-1.00000,665098564772,0.00000
863,431,0,1.83410,0.00000,0.00000,0.01580,0,-1.00000,665098582257,0.00000
864,432,0,0.92910,1.11050,0.09340,0.01690,1280000,-1.00000,665098587172,0.00000
865,432,0,1.82511,0.00000,0.00000,0.01930,0,-1.00000,665098605251,0.00000
866,433,0,0.56580,1.02280,0.16040,0.02780,1280000,-1.00000,665098609798,0.00000
867,433,0,1.83840,0.00000,0.00000,0.01950,0,-1.00000,665098628148,0.00000
868,434,0,2.14500,1.11400,0.10980,0.02550,1280000,-1.00000,665098637437,0.00000
869,434,0,1.87389,0.00000,0.00000,0.01970,0,-1.00000,665098655684,0.00000
870,435,0,0.87900,1.03220,0.13930,0.07510,1280000,-1.00000,665098661356,0.00000
871,435,0,1.90960,0.00000,0.00000,0.02430,0,-1.00000,665098679742,0.00000
872,436,0,0.74700,1.10920,0.11040,0.02240,1280000,-1.00000,665098701188,0.00000
873,436,0,1.80900,0.00000,0.00000,0.02120,0,-1.00000,665098719931,0.00000
874,437,0,0.53210,1.01130,0.09940,0.02410,1280000,-1.00000,665098728715,0.00000
875,437,0,1.77701,0.00000,0.00000,0.02300,0,-1.00000,665098747819,0.00000
876,438,0,0.51049,1.10460,0.10680,0.02220,1280000,-1.00000,665098755274,0.00000
877,438,0,1.76660,0.00000,0.00000,0.01800,0,-1.00000,665098773372,0.00000
878,439,0,0.43340,1.04440,0.09620,0.01710,1280000,-1.00000,665098778689,0.00000
879,439,0,1.72521,0.00000,0.00000,0.01710,0,-1.00000,665098796462,0.00000
880,440,0,0.96859,1.19410,0.12210,0.02030,1280000,-1.00000,665098801561,0.00000
881,440,0,1.83200,0.00000,0.00000,0.01560,0,-1.00000,665098819231,0.00000
882,441,0,2.87240,1.01670,0.12830,0.02600,1280000,-1.00000,665098823565,0.00000
883,441,0,1.75700,0.00000,0.00000,0.02090,0,-1.00000,665098840814,0.00000
884,442,0,0.93340,1.21110,0.12290,0.02640,1280000,-1.00000,665098850502,0.00000
885,442,0,1.97710,0.00000,0.00000,0.02320,0,-1.00000,665098868819,0.00000
886,443,0,0.45170,1.01600,0.11400,0.02160,1280000,-1.00000,665098897545,0.00000
887,443,0,1.69600,0.00000,0.00000,0.01720,0,-1.00000,665098915130,0.00000
888,444,0,0.44140,1.11010,0.09890,0.02720,1280000,-1.00000,665098924454,0.00000
889,444,0,1.84370,0.00000,0.00000,0.01860,0,-1.00000,665098944222,0.00000
890,445,0,0.45050,1.05820,0.09660,0.02020,1280000,-1.00000,665098948736,0.00000
891,445,0,1.70390,0.00000,0.00000,0.01780,0,-1.00000,665098965698,0.00000
892,446,0,0.41110,1.12170,0.14100,0.02460,1280000,-1.00000,665098970107,0.00000
893,446,0,1.80380,0.00000,0.00000,0.02020,0,-1.00000,665098988556,0.00000
894,447,0,0.65970,1.01040,0.09810,0.02460,1280000,-1.00000,665098993053,0.00000
895,447,0,1.65810,0.00000,0.00000,0.01880,0,-1.00000,665099010091,0.00000
896,448,0,1.14220,1.17930,0.10980,0.01990,1280000,-1.00000,665099014197,0.00000
897,448,0,1.85230,0.00000,0.00000,0.01620,0,-1.00000,665099032242,0.00000
898,449,0,0.41030,1.01600,0.10230,0.01860,1280000,-1.00000,665099038842,0.00000
899,449,0,1.75280,0.00000,0.00000,0.02070,0,-1.00000,665099055415,0.00000
900,450,0,1.44540,1.15010,0.09940,0.02030,1280000,-1.00000,665099066837,0.00000
901,450,0,1.76360,0.00000,0.00000,0.01560,0,-1.00000,665099085406,0.00000
902,451,0,0.87450,1.01660,0.11100,0.02710,1280000,-1.00000,665099089459,0.00000
903,451,0,1.78780,0.00000,0.00000,0.02220,0,-1.00000,665099106997,0.00000
904,452,0,2.30050,1.19230,0.11940,0.02110,1280000,-1.00000,665099121446,0.00000
905,452,0,1.83360,0.00000,0.00000,0.01780,0,-1.00000,665099139087,0.00000
906,453,0,0.81290,1.01060,0.10270,0.02400,1280000,-1.00000,665099147829,0.00000
907,453,0,1.61560,0.00000,0.00000,0.01720,0,-1.00000,665099165727,0.00000
908,454,0,1.11139,1.15020,0.10920,0.01720,1280000,-1.00000,665099188719,0.00000
909,454,0,1.74260,0.00000,0.00000,0.01780,0,-1.00000,665099207048,0.00000
910,455,0,2.22120,1.00410,0.09820,0.02030,1280000,-1.00000,665099215188,0.00000
911,455,0,1.54890,0.00000,0.00000,0.01950,0,-1.00000,665099231327,0.00000
912,456,0,0.40330,1.13780,0.10970,0.01760,1280000,-1.00000,665099242444,0.00000
913,456,0,1.72161,0.00000,0.00000,0.01660,0,-1.00000,665099259871,0.00000
914,457,0,0.38410,1.01510,0.12340,0.02700,1280000,-1.00000,665099282085,0.00000
915,457,0,1.80950,0.00000,0.00000,0.02070,0,-1.00000,665099297564,0.00000
916,458,0,0.41100,1.26800,0.10860,0.02570,1280000,-1.00000,665099301598,0.00000
917,458,0,1.89889,0.00000,0.00000,0.02330,0,-1.00000,665099318823,0.00000
918,459,0,0.40800,1.01380,0.09270,0.02110,1280000,-1.00000,665099322661,0.00000
919,459,0,1.64760,0.00000,0.00000,0.01900,0,-1.00000,665099340827,0.00000
920,460,0,0.62810,1.14150,0.10020,0.01990,1280000,-1.00000,665099344879,0.00000
921,460,0,1.70470,0.00000,0.00000,0.01640,0,-1.00000,665099363862,0.00000
922,461,0,1.07720,1.04280,0.09880,0.01880,1280000,-1.00000,665099367938,0.00000
923,461,0,1.61720,0.00000,0.00000,0.01500,0,-1.00000,665099384418,0.00000
924,462,0,2.31010,1.14140,0.11910,0.02090,1280000,-1.00000,665099390693,0.00000
925,462,0,1.73189,0.00000,0.00000,0.01820,0,-1.00000,665099407743,0.00000
926,463,0,2.34270,1.06440,0.11510,0.01970,1280000,-1.00000,665099418515,0.00000
927,463,0,1.64830,0.00000,0.00000,0.01630,0,-1.00000,665099434685,0.00000
928,464,0,0.40050,1.09950,0.10670,0.02340,1280000,-1.00000,665099457789,0.00000
929,464,0,1.69630,0.00000,0.00000,0.01760,0,-1.00000,665099475108,0.00000
930,465,0,0.38279,1.05810,0.12030,0.02230,1280000,-1.00000,665099498538,0.00000
931,465,0,1.65230,0.00000,0.00000,0.01840,0,-1.00000,665099515016,0.00000
932,466,0,0.47410,1.13380,0.12950,0.02350,1280000,-1.00000,665099519029,0.00000
933,466,0,1.85400,0.00000,0.00000,0.02180,0,-1.00000,665099535984,0.00000
934,467,0,0.42290,1.00600,0.11370,0.02220,1280000,-1.00000,665099539805,0.00000
935,467,0,1.58910,0.00000,0.00000,0.01970,0,-1.00000,665099556336,0.00000
936,468,0,0.72510,1.19360,0.10240,0.02010,1280000,-1.00000,665099561080,0.00000
937,468,0,1.75090,0.00000,0.00000,0.01790,0,-1.00000,665099579632,0.00000
938,469,0,0.83940,1.01240,0.10800,0.02580,1280000,-1.00000,665099583843,0.00000
939,469,0,1.75550,0.00000,0.00000,0.02410,0,-1.00000,665099599744,0.00000
940,470,0,1.07990,1.16520,0.10170,0.02370,1280000,-1.00000,665099606994,0.00000
941,470,0,1.88459,0.00000,0.00000,0.02230,0,-1.00000,665099624497,0.00000
942,471,0,0.68470,1.01960,0.10140,0.01970,1280000,-1.00000,665099632890,0.00000
943,471,0,1.79010,0.00000,0.00000,0.02240,0,-1.00000,665099650469,0.00000
944,472,0,0.91040,1.14020,0.09730,0.02250,1280000,-1.00000,665099661259,0.00000
945,472,0,1.70470,0.00000,0.00000,0.01630,0,-1.00000,665099680096,0.00000
946,473,0,0.35630,1.00480,0.09450,0.01660,1280000,-1.00000,665099686942,0.00000
947,473,0,1.55930,0.00000,0.00000,0.02170,0,-1.00000,665099704833,0.00000
948,474,0,1.14089,1.12570,0.10450,0.02800,1280000,-1.00000,665099713939,0.00000
949,474,0,1.78820,0.00000,0.00000,0.02130,0,-1.00000,665099730989,0.00000
950,475,0,0.69460,1.04440,0.09960,0.01770,1280000,-1.00000,665099734545,0.00000
951,475,0,1.58960,0.00000,0.00000,0.01610,0,-1.00000,665099750151,0.00000
952,476,0,1.98790,1.09870,0.10230,0.02440,1280000,-1.00000,665099761568,0.00000
953,476,0,1.69700,0.00000,0.00000,0.02260,0,-1.00000,665099779438,0.00000
954,477,0,1.05069,1.00810,0.09980,0.02090,1280000,-1.00000,665099786384,0.00000
955,477,0,1.55410,0.00000,0.00000,0.01690,0,-1.00000,665099802275,0.00000
956,478,0,0.39780,1.10630,0.11480,0.01950,1280000,-1.00000,665099822165,0.00000
957,478,0,1.69719,0.00000,0.00000,0.01740,0,-1.00000,665099839136,0.00000
958,479,0,0.37620,1.00390,0.10370,0.02180,1280000,-1.00000,665099849638,0.00000
959,479,0,1.53330,0.00000,0.00000,0.01700,0,-1.00000,665099865175,0.00000
960,480,0,0.37820,1.14820,0.11300,0.01750,1280000,-1.00000,665099869157,0.00000
961,480,0,2.17520,0.00000,0.00000,0.01970,0,-1.00000,665099886125,0.00000
962,481,0,1.37250,1.05340,0.12200,0.02230,1280000,-1.00000,665099889883,0.00000
963,481,0,1.66780,0.00000,0.00000,0.02210,0,-1.00000,665099905211,0.00000
964,482,0,0.97980,1.10480,0.12530,0.02180,1280000,-1.00000,665099908996,0.00000
965,482,0,1.74041,0.00000,0.00000,0.02090,0,-1.00000,665099930761,0.00000
966,483,0,2.20599,1.01230,0.13400,0.03050,1280000,-1.00000,665099944481,0.00000
967,483,0,1.71091,0.00000,0.00000,0.02470,0,-1.00000,665099961148,0.00000
968,484,0,0.42350,1.19840,0.13770,0.02230,1280000,-1.00000,665099970953,0.00000
969,484,0,1.90980,0.00000,0.00000,0.05380,0,-1.00000,665099988349,0.00000
970,485,0,0.46070,1.03060,0.09630,0.02150,1280000,-1.00000,665100010428,0.00000
971,485,0,1.63960,0.00000,0.00000,0.01730,0,-1.00000,665100027539,0.00000
972,486,0,0.70950,1.10310,0.11630,0.02250,1280000,-1.00000,665100031760,0.00000
973,486,0,1.67830,0.00000,0.00000,0.01660,0,-1.00000,665100050873,0.00000
974,487,0,0.36470,1.21050,0.13450,0.02350,1280000,-1.00000,665100055468,0.00000
975,487,0,1.82580,0.00000,0.00000,0.02390,0,-1.00000,665100071862,0.00000
976,488,0,1.46990,1.15920,0.11900,0.02480,1280000,-1.00000,665100078955,0.00000
977,488,0,1.79040,0.00000,0.00000,0.01750,0,-1.00000,665100095731,0.00000
978,489,0,2.22990,1.03030,0.12500,0.02920,1280000,-1.00000,665100099380,0.00000
979,489,0,1.73200,0.00000,0.00000,0.02140,0,-1.00000,665100117661,0.00000
980,490,0,0.40030,1.11080,0.11740,0.02040,1280000,-1.00000,665100132357,0.00000
981,490,0,1.72320,0.00000,0.00000,0.02220,0,-1.00000,665100150254,0.00000
982,491,0,0.42810,1.02380,0.10000,0.01930,1280000,-1.00000,665100172542,0.00000
983,491,0,1.57640,0.00000,0.00000,0.01530,0,-1.00000,665100189882,0.00000
984,492,0,1.59120,1.14830,0.10280,0.01720,1280000,-1.00000,665100193876,0.00000
985,492,0,1.69770,0.00000,0.00000,0.01540,0,-1.00000,665100211115,0.00000
986,493,0,1.48050,1.12330,0.10480,0.02190,1280000,-1.00000,665100215382,0.00000
987,493,0,1.73390,0.00000,0.00000,0.02100,0,-1.00000,665100231148,0.00000
988,494,0,0.45850,1.11860,0.10640,0.02390,1280000,-1.00000,665100247058,0.00000
989,494,0,1.82850,0.00000,0.00000,0.02060,0,-1.00000,665100264034,0.00000
990,495,0,0.39180,1.06340,0.10200,0.01990,1280000,-1.00000,665100278852,0.00000
991,495,0,1.67910,0.00000,0.00000,0.01790,0,-1.00000,665100296180,0.00000
992,496,0,0.37039,1.10920,0.11880,0.02070,1280000,-1.00000,665100300769,0.00000
993,496,0,1.72630,0.00000,0.00000,0.02310,0,-1.00000,665100319063,0.00000
994,497,0,0.43020,1.03560,0.11450,0.02550,1280000,-1.00000,665100322969,0.00000
995,497,0,1.69259,0.00000,0.00000,0.01940,0,-1.00000,665100339765,0.00000
996,498,0,0.35960,1.16620,0.10510,0.01880,1280000,-1.00000,665100343459,0.00000
997,498,0,1.77910,0.00000,0.00000,0.01800,0,-1.00000,665100360734,0.00000
998,499,0,1.26690,1.05270,0.11230,0.02480,1280000,-1.00000,665100365035,0.00000
999,499,0,1.66510,0.00000,0.00000,0.01840,0,-1.00000,665100381956,0.00000
1000,500,0,1.08800,1.18680,0.10690,0.02940,1280000,-1.00000,665100385546,0.00000
1001,500,0,1.88910,0.00000,0.00000,0.02160,0,-1.00000,665100403343,0.00000
1002,501,0,0.75510,1.07480,0.12020,0.02900,1280000,-1.00000,665100416014,0.00000
1003,501,0,1.78750,0.00000,0.00000,0.02430,0,-1.00000,665100432670,0.00000
1004,502,0,1.65260,1.17140,0.11120,0.03240,1280000,-1.00000,665100443550,0.00000
1005,502,0,1.94160,0.00000,0.00000,0.01960,0,-1.00000,665100462442,0.00000
1006,503,0,0.39200,1.03390,0.10010,0.02290,1280000,-1.00000,665100469993,0.00000
1007,503,0,1.59401,0.00000,0.00000,0.01900,0,-1.00000,665100487875,0.00000
1008,504,0,0.79989,1.12550,0.10150,0.01730,1280000,-1.00000,665100504396,0.00000
1009,504,0,1.67450,0.00000,0.00000,0.01620,0,-1.00000,665100523811,0.00000
1010,505,0,0.94800,1.02960,0.09590,0.02540,1280000,-1.00000,665100527719,0.00000
1011,505,0,1.69889,0.00000,0.00000,0.01800,0,-1.00000,665100543667,0.00000
1012,506,0,0.96500,1.19650,0.14840,0.04070,1280000,-1.00000,665100551671,0.00000
1013,506,0,2.27050,0.00000,0.00000,0.02430,0,-1.00000,665100568405,0.00000
1014,507,0,0.54600,1.08060,0.12980,0.02860,1280000,-1.00000,665100577884,0.00000
1015,507,0,1.80180,0.00000,0.00000,0.01860,0,-1.00000,665100594876,0.00000
1016,508,0,0.71480,1.13970,0.10650,0.03800,1280000,-1.00000,665100604577,0.00000
1017,508,0,1.98500,0.00000,0.00000,0.02680,0,-1.00000,665100627266,0.00000
1018,509,0,0.70901,1.09650,0.10080,0.03190,1280000,-1.00000,665100632696,0.00000
1019,509,0,1.95060,0.00000,0.00000,0.02310,0,-1.00000,665100650718,0.00000
1020,510,0,0.79580,1.18450,0.10890,0.02230,1280000,-1.00000,665100657861,0.00000
1021,510,0,1.86210,0.00000,0.00000,0.01850,0,-1.00000,665100677733,0.00000
1022,511,0,0.90890,1.11520,0.10150,0.02110,1280000,-1.00000,665100684809,0.00000
1023,511,0,2.00510,0.00000,0.00000,0.02300,0,-1.00000,665100704312,0.00000
1024,512,0,0.39970,1.26880,0.14330,0.02470,1280000,-1.00000,665100712263,0.00000
1025,512,0,1.96490,0.00000,0.00000,0.01860,0,-1.00000,665100730890,0.00000
1026,513,0,2.47620,1.07960,0.10970,0.04140,1280000,-1.00000,665100739993,0.00000
1027,513,0,1.83870,0.00000,0.00000,0.02460,0,-1.00000,665100760030,0.00000
1028,514,0,0.42630,1.13630,0.16070,0.03100,1280000,-1.00000,665100764024,0.00000
1029,514,0,1.87570,0.00000,0.00000,0.01880,0,-1.00000,665100783684,0.00000
1030,515,0,0.39300,1.15250,0.16850,0.02470,1280000,-1.00000,665100808457,0.00000
1031,515,0,1.92730,0.00000,0.00000,0.01840,0,-1.00000,665100826821,0.00000
1032,516,0,0.35599,1.29740,0.11140,0.02270,1280000,-1.00000,665100831079,0.00000
1033,516,0,1.89350,0.00000,0.00000,0.01450,0,-1.00000,665100849845,0.00000
1034,517,0,0.40140,1.07840,0.14460,0.02500,1280000,-1.00000,665100853764,0.00000
1035,517,0,1.87850,0.00000,0.00000,0.02450,0,-1.00000,665100873052,0.00000
1036,518,0,0.40380,1.15340,0.10970,0.02560,1280000,-1.00000,665100876596,0.00000
1037,518,0,1.80690,0.00000,0.00000,0.02360,0,-1.00000,665100895536,0.00000
1038,519,0,0.41340,1.04550,0.10900,0.02450,1280000,-1.00000,665100899554,0.00000
1039,519,0,1.73120,0.00000,0.00000,0.02350,0,-1.00000,665100918350,0.00000
1040,520,0,0.43070,1.45720,0.19530,0.03990,1280000,-1.00000,665100922372,0.00000
1041,520,0,2.37590,0.00000,0.00000,0.02590,0,-1.00000,665100940453,0.00000
1042,521,0,0.49350,1.12630,0.17050,0.02990,1280000,-1.00000,665100944576,0.00000
1043,521,0,1.87180,0.00000,0.00000,0.01770,0,-1.00000,665100961894,0.00000
1044,522,0,0.37990,1.28260,0.12660,0.03550,1280000,-1.00000,665100966194,0.00000
1045,522,0,2.33350,0.00000,0.00000,0.03710,0,-1.00000,665100990001,0.00000
1046,523,0,0.80550,1.15080,0.15690,0.03110,1280000,-1.00000,665100994890,0.00000
1047,523,0,2.04250,0.00000,0.00000,0.02170,0,-1.00000,665101013613,0.00000
1048,524,0,0.44460,1.19520,0.11210,0.03220,1280000,-1.00000,665101017399,0.00000
1049,524,0,1.91330,0.00000,0.00000,0.02170,0,-1.00000,665101040795,0.00000
1050,525,0,0.38590,1.10160,0.11120,0.02230,1280000,-1.00000,665101048816,0.00000
1051,525,0,1.73880,0.00000,0.00000,0.01810,0,-1.00000,665101069253,0.00000
1052,526,0,0.38780,1.14630,0.11730,0.02420,1280000,-1.00000,665101073670,0.00000
1053,526,0,1.80560,0.00000,0.00000,0.01580,0,-1.00000,665101092815,0.00000
1054,527,0,0.84910,1.72680,0.13430,0.05190,1280000,-1.00000,665101096656,0.00000
1055,527,0,2.60170,0.00000,0.00000,0.01660,0,-1.00000,665101114052,0.00000
1056,528,0,0.43070,1.18470,0.10610,0.02070,1280000,-1.00000,665101117920,0.00000
1057,528,0,1.82840,0.00000,0.00000,0.01670,0,-1.00000,665101135982,0.00000
1058,529,0,0.48070,1.22730,0.12550,0.04100,1280000,-1.00000,665101144481,0.00000
1059,529,0,2.36261,0.00000,0.00000,0.02680,0,-1.00000,665101170510,0.00000
1060,530,0,0.62070,1.16460,0.11050,0.03440,1280000,-1.00000,665101174799,0.00000
1061,530,0,1.91160,0.00000,0.00000,0.01970,0,-1.00000,665101193082,0.00000
1062,531,0,0.39550,1.22280,0.10580,0.02820,1280000,-1.00000,665101197894,0.00000
1063,531,0,1.88320,0.00000,0.00000,0.02090,0,-1.00000,665101221545,0.00000
1064,532,0,0.38750,1.14050,0.11430,0.02380,1280000,-1.00000,665101227725,0.00000
1065,532,0,1.73980,0.00000,0.00000,0.01820,0,-1.00000,665101246847,0.00000
1066,533,0,1.62520,1.27980,0.12140,0.03470,1280000,-1.00000,665101250788,0.00000
1067,533,0,2.08880,0.00000,0.00000,0.02340,0,-1.00000,665101269630,0.00000
1068,534,0,0.83800,1.76540,0.16740,0.04930,1280000,-1.00000,665101273495,0.00000
1069,534,0,2.84360,0.00000,0.00000,0.02730,0,-1.00000,665101290886,0.00000
1070,535,0,0.47870,1.81240,0.11350,0.03500,1280000,-1.00000,665101307153,0.00000
1071,535,0,2.56180,0.00000,0.00000,0.02180,0,-1.00000,665101328054,0.00000
1072,536,0,0.44960,1.19270,0.12490,0.03160,1280000,-1.00000,665101336450,0.00000
1073,536,0,1.92540,0.00000,0.00000,0.02350,0,-1.00000,665101364901,0.00000
1074,537,0,0.42100,1.05920,0.11110,0.02440,1280000,-1.00000,665101369645,0.00000
1075,537,0,1.85340,0.00000,0.00000,0.02230,0,-1.00000,665101395276,0.00000
1076,538,0,0.44810,1.46530,0.14280,0.04140,1280000,-1.00000,665101399755,0.00000
1077,538,0,2.33600,0.00000,0.00000,0.03670,0,-1.00000,665101419015,0.00000
1078,539,0,0.81920,1.85690,0.11130,0.03740,1280000,-1.00000,665101423218,0.00000
1079,539,0,2.67260,0.00000,0.00000,0.02830,0,-1.00000,665101441761,0.00000
1080,540,0,0.71870,1.24980,0.10920,0.03100,1280000,-1.00000,665101446229,0.00000
1081,540,0,2.02230,0.00000,0.00000,0.02130,0,-1.00000,665101469623,0.00000
1082,541,0,0.44280,1.09820,0.12060,0.03450,1280000,-1.00000,665101477800,0.00000
1083,541,0,1.74810,0.00000,0.00000,0.01650,0,-1.00000,665101504554,0.00000
1084,542,0,0.37130,1.53840,0.10670,0.03340,1280000,-1.00000,665101511734,0.00000
1085,542,0,2.23800,0.00000,0.00000,0.01980,0,-1.00000,665101531928,0.00000
1086,543,0,0.41150,1.09880,0.11230,0.02830,1280000,-1.00000,665101536347,0.00000
1087,543,0,1.76080,0.00000,0.00000,0.02290,0,-1.00000,665101553830,0.00000
1088,544,0,0.40520,1.41780,0.10620,0.02810,1280000,-1.00000,665101557537,0.00000
1089,544,0,2.07750,0.00000,0.00000,0.02350,0,-1.00000,665101579939,0.00000
1090,545,0,0.58900,1.59790,0.13540,0.04930,1280000,-1.00000,665101584040,0.00000
1091,545,0,2.63110,0.00000,0.00000,0.04820,0,-1.00000,665101601644,0.00000
1092,546,0,0.83860,1.96650,0.10330,0.02970,1280000,-1.00000,665101605697,0.00000
1093,546,0,2.65360,0.00000,0.00000,0.01960,0,-1.00000,665101626484,0.00000
1094,547,0,0.40820,1.19350,0.10600,0.02290,1280000,-1.00000,665101632387,0.00000
1095,547,0,1.76090,0.00000,0.00000,0.01680,0,-1.00000,665101658709,0.00000
1096,548,0,1.01910,1.18750,0.09430,0.02150,1280000,-1.00000,665101667079,0.00000
1097,548,0,1.77839,0.00000,0.00000,0.01550,0,-1.00000,665101693608,0.00000
1098,549,0,0.89240,1.33750,0.10530,0.01810,1280000,-1.00000,665101697677,0.00000
1099,549,0,2.63580,0.00000,0.00000,0.02210,0,-1.00000,665101715283,0.00000
1100,550,0,1.34890,1.70710,0.10750,0.02540,1280000,-1.00000,665101725491,0.00000
1101,550,0,2.34670,0.00000,0.00000,0.03000,0,-1.00000,665101743256,0.00000
1102,551,0,0.68040,1.97320,0.11100,0.02050,1280000,-1.00000,665101752238,0.00000
1103,551,0,2.64450,0.00000,0.00000,0.01870,0,-1.00000,665101778544,0.00000
1104,552,0,0.96560,1.81080,0.10480,0.02080,1280000,-1.00000,665101792035,0.00000
1105,552,0,2.41190,0.00000,0.00000,0.01710,0,-1.00000,665101815506,0.00000
1106,553,0,0.34320,1.10060,0.14250,0.01780,1280000,-1.00000,665101822337,0.00000
1107,553,0,1.66520,0.00000,0.00000,0.01710,0,-1.00000,665101848747,0.00000
1108,554,0,0.35270,1.95750,0.10870,0.02300,1280000,-1.00000,665101858406,0.00000
1109,554,0,2.59970,0.00000,0.00000,0.02320,0,-1.00000,665101882522,0.00000
1110,555,0,0.40540,1.46650,0.14970,0.02160,1280000,-1.00000,665101885949,0.00000
1111,555,0,2.08570,0.00000,0.00000,0.01730,0,-1.00000,665101902600,0.00000
1112,556,0,0.46800,1.84740,0.09860,0.02050,1280000,-1.00000,665101906130,0.00000
1113,556,0,2.63450,0.00000,0.00000,0.01680,0,-1.00000,665101932139,0.00000
1114,557,0,0.37950,1.84890,0.11920,0.03180,1280000,-1.00000,665101936183,0.00000
1115,557,0,2.53819,0.00000,0.00000,0.03790,0,-1.00000,665101957039,0.00000
1116,558,0,0.84510,1.46550,0.10380,0.02080,1280000,-1.00000,665101961739,0.00000
1117,558,0,2.10960,0.00000,0.00000,0.01580,0,-1.00000,665101988067,0.00000
1118,559,0,0.51200,1.93850,0.10390,0.01930,1280000,-1.00000,665101991862,0.00000
1119,559,0,2.68380,0.00000,0.00000,0.01760,0,-1.00000,665102017259,0.00000
1120,560,0,0.38370,1.40580,0.10860,0.02120,1280000,-1.00000,665102025749,0.00000
1121,560,0,2.00509,0.00000,0.00000,0.01650,0,-1.00000,665102046787,0.00000
1122,561,0,0.50620,1.48040,0.09790,0.02010,1280000,-1.00000,665102051956,0.00000
1123,561,0,2.10651,0.00000,0.00000,0.01780,0,-1.00000,665102078749,0.00000
1124,562,0,1.24920,1.17560,0.10030,0.02040,1280000,-1.00000,665102082592,0.00000
1125,562,0,1.79200,0.00000,0.00000,0.01740,0,-1.00000,665102102638,0.00000
1126,563,0,0.38260,1.07260,0.10270,0.02440,1280000,-1.00000,665102107695,0.00000
1127,563,0,1.62640,0.00000,0.00000,0.02870,0,-1.00000,665102128770,0.00000
1128,564,0,0.37810,1.44060,0.10360,0.01650,1280000,-1.00000,665102141261,0.00000
1129,564,0,2.00830,0.00000,0.00000,0.02340,0,-1.00000,665102159177,0.00000
1130,565,0,0.38520,1.09250,0.11320,0.02300,1280000,-1.00000,665102162996,0.00000
1131,565,0,1.66000,0.00000,0.00000,0.01980,0,-1.00000,665102179259,0.00000
1132,566,0,0.36190,1.57820,0.09980,0.02000,1280000,-1.00000,665102183040,0.00000
1133,566,0,2.12830,0.00000,0.00000,0.02160,0,-1.00000,665102203132,0.00000
1134,567,0,0.36760,1.31690,0.10970,0.01890,1280000,-1.00000,665102206982,0.00000
1135,567,0,1.85140,0.00000,0.00000,0.01810,0,-1.00000,665102223585,0.00000
1136,568,0,0.33270,1.51100,0.10550,0.02060,1280000,-1.00000,665102227197,0.00000
1137,568,0,2.15020,0.00000,0.00000,0.02100,0,-1.00000,665102248490,0.00000
1138,569,0,0.98740,1.09730,0.11430,0.02810,1280000,-1.00000,665102252159,0.00000
1139,569,0,1.73440,0.00000,0.00000,0.01970,0,-1.00000,665102270672,0.00000
1140,570,0,3.39620,1.75140,0.10930,0.02740,1280000,-1.00000,665102274003,0.00000
1141,570,0,2.30730,0.00000,0.00000,0.01940,0,-1.00000,665102295500,0.00000
1142,571,0,0.36690,1.09520,0.10270,0.02140,1280000,-1.00000,665102305382,0.00000
1143,571,0,1.62730,0.00000,0.00000,0.01840,0,-1.00000,665102322724,0.00000
1144,572,0,0.36350,1.28130,0.10280,0.02160,1280000,-1.00000,665102356675,0.00000
1145,572,0,1.81850,0.00000,0.00000,0.01840,0,-1.00000,665102379757,0.00000
1146,573,0,0.33760,1.52420,0.09820,0.02350,1280000,-1.00000,665102383423,0.00000
1147,573,0,2.06610,0.00000,0.00000,0.02220,0,-1.00000,665102399698,0.00000
1148,574,0,0.37680,1.79210,0.10930,0.02100,1280000,-1.00000,665102403330,0.00000
1149,574,0,2.32730,0.00000,0.00000,0.02010,0,-1.00000,665102421521,0.00000
1150,575,0,0.38970,1.12290,0.09730,0.02140,1280000,-1.00000,665102424899,0.00000
1151,575,0,1.69790,0.00000,0.00000,0.01830,0,-1.00000,665102445560,0.00000
1152,576,0,0.37540,1.53630,0.11600,0.02230,1280000,-1.00000,665102449321,0.00000
1153,576,0,2.12740,0.00000,0.00000,0.01910,0,-1.00000,665102472594,0.00000
1154,577,0,0.36240,1.29310,0.10160,0.02410,1280000,-1.00000,665102476485,0.00000
1155,577,0,1.84710,0.00000,0.00000,0.02320,0,-1.00000,665102493472,0.00000
1156,578,0,0.79120,1.20060,0.14390,0.02440,1280000,-1.00000,665102497243,0.00000
1157,578,0,1.80680,0.00000,0.00000,0.02180,0,-1.00000,665102518499,0.00000
1158,579,0,0.77110,1.11540,0.09520,0.02060,1280000,-1.00000,665102522128,0.00000
1159,579,0,1.75060,0.00000,0.00000,0.02330,0,-1.00000,665102540594,0.00000
1160,580,0,0.45890,2.11020,0.12660,0.02450,1280000,-1.00000,665102548513,0.00000
1161,580,0,2.75180,0.00000,0.00000,0.02260,0,-1.00000,665102566574,0.00000
1162,581,0,0.39510,2.07580,0.12850,0.02070,1280000,-1.00000,665102574289,0.00000
1163,581,0,2.69790,0.00000,0.00000,0.02170,0,-1.00000,665102591801,0.00000
1164,582,0,0.38400,1.19320,0.11240,0.02750,1280000,-1.00000,665102596384,0.00000
1165,582,0,1.82590,0.00000,0.00000,0.02330,0,-1.00000,665102623903,0.00000
1166,583,0,0.77300,1.14770,0.10050,0.02470,1280000,-1.00000,665102627884,0.00000
1167,583,0,1.74290,0.00000,0.00000,0.01900,0,-1.00000,665102654836,0.00000
1168,584,0,0.90340,1.28950,0.12120,0.02100,1280000,-1.00000,665102658669,0.00000
1169,584,0,1.84950,0.00000,0.00000,0.02180,0,-1.00000,665102676938,0.00000
1170,585,0,0.89270,1.14130,0.10180,0.02280,1280000,-1.00000,665102684658,0.00000
1171,585,0,1.71260,0.00000,0.00000,0.02000,0,-1.00000,665102702087,0.00000
1172,586,0,1.03190,1.18950,0.10170,0.01930,1280000,-1.00000,665102711125,0.00000
1173,586,0,1.76270,0.00000,0.00000,0.02370,0,-1.00000,665102729618,0.00000
1174,587,0,0.96160,1.20820,0.14670,0.03060,1280000,-1.00000,665102738544,0.00000
1175,587,0,2.02220,0.00000,0.00000,0.02140,0,-1.00000,665102755670,0.00000
1176,588,0,1.88060,1.36240,0.10830,0.03900,1280000,-1.00000,665102765988,0.00000
1177,588,0,2.08620,0.00000,0.00000,0.02080,0,-1.00000,665102783618,0.00000
1178,589,0,0.60660,1.18440,0.10650,0.02050,1280000,-1.00000,665102793273,0.00000
1179,589,0,1.78240,0.00000,0.00000,0.01820,0,-1.00000,665102813475,0.00000
1180,590,0,0.98420,1.25300,0.12830,0.02610,1280000,-1.00000,665102832272,0.00000
1181,590,0,1.94110,0.00000,0.00000,0.05130,0,-1.00000,665102853132,0.00000
1182,591,0,0.71690,1.27750,0.10120,0.01950,1280000,-1.00000,665102859182,0.00000
1183,591,0,1.85370,0.00000,0.00000,0.01830,0,-1.00000,665102877012,0.00000
1184,592,0,0.48460,1.24660,0.10870,0.01850,1280000,-1.00000,665102886853,0.00000
1185,592,0,1.77080,0.00000,0.00000,0.01660,0,-1.00000,665102906287,0.00000
1186,593,0,0.33380,1.14610,0.14520,0.05070,1280000,-1.00000,665102913454,0.00000
1187,593,0,1.85840,0.00000,0.00000,0.02340,0,-1.00000,665102931967,0.00000
1188,594,0,0.45650,1.20740,0.08820,0.02000,1280000,-1.00000,665102936812,0.00000
1189,594,0,1.73190,0.00000,0.00000,0.02260,0,-1.00000,665102954522,0.00000
1190,595,0,1.01010,1.15590,0.09180,0.02010,1280000,-1.00000,665102957858,0.00000
1191,595,0,1.89870,0.00000,0.00000,0.02060,0,-1.00000,665102976461,0.00000
1192,596,0,0.37600,1.25190,0.10750,0.01960,1280000,-1.00000,665102981013,0.00000
1193,596,0,2.49640,0.00000,0.00000,0.01740,0,-1.00000,665102998336,0.00000
1194,597,0,0.60070,1.16320,0.09890,0.01870,1280000,-1.00000,665103008429,0.00000
1195,597,0,2.07050,0.00000,0.00000,0.02600,0,-1.00000,665103027419,0.00000
1196,598,0,2.07590,1.26420,0.09810,0.01910,1280000,-1.00000,665103031171,0.00000
1197,598,0,1.77420,0.00000,0.00000,0.01720,0,-1.00000,665103056146,0.00000
1198,599,0,0.33330,1.20060,0.09410,0.01680,1280000,-1.00000,665103062145,0.00000
1199,599,0,1.77890,0.00000,0.00000,0.01950,0,-1.00000,665103082854,0.00000
1200,600,0,0.34910,1.26130,0.09960,0.01890,1280000,-1.00000,665103103611,0.00000
1201,600,0,1.78590,0.00000,0.00000,0.01680,0,-1.00000,665103121354,0.00000
1202,601,0,0.82530,1.19780,0.10800,0.01840,1280000,-1.00000,665103124687,0.00000
1203,601,0,1.73250,0.00000,0.00000,0.02170,0,-1.00000,665103142486,0.00000
1204,602,0,0.80429,1.23730,0.13680,0.02570,1280000,-1.00000,665103145968,0.00000
1205,602,0,1.88710,0.00000,0.00000,0.02100,0,-1.00000,665103163825,0.00000
1206,603,0,0.55890,1.43930,0.10020,0.02000,1280000,-1.00000,665103172088,0.00000
1207,603,0,2.02610,0.00000,0.00000,0.02200,0,-1.00000,665103189401,0.00000
1208,604,0,2.28980,1.26870,0.10530,0.02240,1280000,-1.00000,665103197444,0.00000
1209,604,0,1.79880,0.00000,0.00000,0.01850,0,-1.00000,665103216324,0.00000
1210,605,0,0.39140,1.25190,0.09430,0.02010,1280000,-1.00000,665103221940,0.00000
1211,605,0,1.77560,0.00000,0.00000,0.01840,0,-1.00000,665103242176,0.00000
1212,606,0,0.36570,1.42310,0.10420,0.02410,1280000,-1.00000,665103265066,0.00000
1213,606,0,1.98370,0.00000,0.00000,0.02410,0,-1.00000,665103283056,0.00000
1214,607,0,0.51780,1.36160,0.11330,0.02560,1280000,-1.00000,665103286970,0.00000
1215,607,0,1.96620,0.00000,0.00000,0.02380,0,-1.00000,665103304722,0.00000
1216,608,0,0.72900,1.27340,0.09680,0.02070,1280000,-1.00000,665103308384,0.00000
1217,608,0,1.81590,0.00000,0.00000,0.02050,0,-1.00000,665103328227,0.00000
1218,609,0,0.84000,1.19950,0.09750,0.02040,1280000,-1.00000,665103333401,0.00000
1219,609,0,1.77630,0.00000,0.00000,0.01790,0,-1.00000,665103353066,0.00000
1220,610,0,0.94740,1.77430,0.11940,0.01920,1280000,-1.00000,665103360341,0.00000
1221,610,0,2.37820,0.00000,0.00000,0.01800,0,-1.00000,665103378510,0.00000
1222,611,0,0.35270,1.34870,0.12520,0.01840,1280000,-1.00000,665103386907,0.00000
1223,611,0,1.87210,0.00000,0.00000,0.01650,0,-1.00000,665103404671,0.00000
1224,612,0,0.71120,1.26110,0.10250,0.01750,1280000,-1.00000,665103414167,0.00000
1225,612,0,1.78970,0.00000,0.00000,0.01660,0,-1.00000,665103437925,0.00000
1226,613,0,0.96140,1.17880,0.11130,0.02370,1280000,-1.00000,665103441451,0.00000
1227,613,0,1.71849,0.00000,0.00000,0.02020,0,-1.00000,665103460173,0.00000
1228,614,0,0.97530,1.22880,0.10050,0.02420,1280000,-1.00000,665103467283,0.00000
1229,614,0,1.83630,0.00000,0.00000,0.01910,0,-1.00000,665103485180,0.00000
1230,615,0,0.88880,1.17660,0.10200,0.02150,1280000,-1.00000,665103494794,0.00000
1231,615,0,1.80580,0.00000,0.00000,0.01830,0,-1.00000,665103511984,0.00000
1232,616,0,2.19260,1.26940,0.10360,0.02070,1280000,-1.00000,665103521734,0.00000
1233,616,0,1.81570,0.00000,0.00000,0.01850,0,-1.00000,665103540098,0.00000
1234,617,0,0.90821,1.32250,0.13190,0.02670,1280000,-1.00000,665103548985,0.00000
1235,617,0,2.02659,0.00000,0.00000,0.02200,0,-1.00000,665103567044,0.00000
1236,618,0,0.72030,2.07140,0.10420,0.02730,1280000,-1.00000,665103588977,0.00000
1237,618,0,2.76240,0.00000,0.00000,0.01960,0,-1.00000,665103607126,0.00000
1238,619,0,0.36110,1.25240,0.09990,0.02010,1280000,-1.00000,665103616220,0.00000
1239,619,0,1.81010,0.00000,0.00000,0.01810,0,-1.00000,665103636483,0.00000
1240,620,0,0.36350,1.50800,0.15230,0.02260,1280000,-1.00000,665103643711,0.00000
1241,620,0,2.15770,0.00000,0.00000,0.02210,0,-1.00000,665103671307,0.00000
1242,621,0,0.55290,1.23170,0.10680,0.02190,1280000,-1.00000,665103674917,0.00000
1243,621,0,1.76930,0.00000,0.00000,0.01850,0,-1.00000,665103693015,0.00000
1244,622,0,0.93070,1.22790,0.10750,0.01990,1280000,-1.00000,665103696647,0.00000
1245,622,0,1.82770,0.00000,0.00000,0.01750,0,-1.00000,665103718223,0.00000
1246,623,0,2.27670,1.34130,0.11620,0.01910,1280000,-1.00000,665103723754,0.00000
1247,623,0,1.91890,0.00000,0.00000,0.01750,0,-1.00000,665103741449,0.00000
1248,624,0,2.11820,1.42780,0.09910,0.02460,1280000,-1.00000,665103750749,0.00000
1249,624,0,2.05990,0.00000,0.00000,0.01840,0,-1.00000,665103769033,0.00000
1250,625,0,0.36600,1.17990,0.10580,0.02080,1280000,-1.00000,665103791801,0.00000
1251,625,0,1.75850,0.00000,0.00000,0.01830,0,-1.00000,665103810989,0.00000
1252,626,0,0.37060,1.48000,0.10220,0.02250,1280000,-1.00000,665103832170,0.00000
1253,626,0,2.03370,0.00000,0.00000,0.02010,0,-1.00000,665103852772,0.00000
1254,627,0,0.40920,1.38160,0.11370,0.02000,1280000,-1.00000,665103856426,0.00000
1255,627,0,1.93310,0.00000,0.00000,0.01820,0,-1.00000,665103874016,0.00000
1256,628,0,0.49770,1.25260,0.10030,0.01960,1280000,-1.00000,665103877717,0.00000
1257,628,0,1.77290,0.00000,0.00000,0.01770,0,-1.00000,665103898061,0.00000
1258,629,0,2.96150,1.26510,0.11480,0.10360,1280000,-1.00000,665103902158,0.00000
1259,629,0,1.88440,0.00000,0.00000,0.01840,0,-1.00000,665103921479,0.00000
1260,630,0,0.72370,1.59800,0.12230,0.02840,1280000,-1.00000,665103926454,0.00000
1261,630,0,2.36610,0.00000,0.00000,0.02310,0,-1.00000,665103944186,0.00000
1262,631,0,0.39000,1.59000,0.10240,0.02170,1280000,-1.00000,665103973802,0.00000
1263,631,0,2.13630,0.00000,0.00000,0.01800,0,-1.00000,665103992648,0.00000
1264,632,0,0.37500,1.34760,0.16060,0.02210,1280000,-1.00000,665103999922,0.00000
1265,632,0,1.95230,0.00000,0.00000,0.01930,0,-1.00000,665104023561,0.00000
1266,633,0,0.36380,1.55410,0.11510,0.02040,1280000,-1.00000,665104027444,0.00000
1267,633,0,2.12230,0.00000,0.00000,0.01780,0,-1.00000,665104048806,0.00000
1268,634,0,0.67870,1.26130,0.11130,0.02030,1280000,-1.00000,665104052555,0.00000
1269,634,0,1.86210,0.00000,0.00000,0.02270,0,-1.00000,665104072080,0.00000
1270,635,0,0.78690,1.76190,0.11620,0.03060,1280000,-1.00000,665104075718,0.00000
1271,635,0,2.49719,0.00000,0.00000,0.02350,0,-1.00000,665104096942,0.00000
1272,636,0,0.46970,1.22950,0.09640,0.02170,1280000,-1.00000,665104103737,0.00000
1273,636,0,1.76600,0.00000,0.00000,0.01990,0,-1.00000,665104122351,0.00000
1274,637,0,2.06490,1.24800,0.10170,0.01930,1280000,-1.00000,665104130216,0.00000
1275,637,0,1.79910,0.00000,0.00000,0.01720,0,-1.00000,665104155197,0.00000
1276,638,0,2.22080,1.26580,0.09710,0.02180,1280000,-1.00000,665104159883,0.00000
1277,638,0,1.80030,0.00000,0.00000,0.01790,0,-1.00000,665104177545,0.00000
1278,639,0,0.33350,1.39420,0.09730,0.01810,1280000,-1.00000,665104198196,0.00000
1279,639,0,1.91360,0.00000,0.00000,0.01700,0,-1.00000,665104216183,0.00000
1280,640,0,0.32830,1.37900,0.21940,0.02580,1280000,-1.00000,665104238397,0.00000
1281,640,0,2.10960,0.00000,0.00000,0.01920,0,-1.00000,665104256396,0.00000
1282,641,0,0.77350,2.06050,0.10370,0.02750,1280000,-1.00000,665104259742,0.00000
1283,641,0,2.74680,0.00000,0.00000,0.02400,0,-1.00000,665104278864,0.00000
1284,642,0,0.68870,2.28800,0.10560,0.02210,1280000,-1.00000,665104282147,0.00000
1285,642,0,2.95040,0.00000,0.00000,0.01880,0,-1.00000,665104303256,0.00000
1286,643,0,0.50530,1.56380,0.08880,0.01890,1280000,-1.00000,665104311025,0.00000
1287,643,0,2.20720,0.00000,0.00000,0.01820,0,-1.00000,665104338465,0.00000
1288,644,0,0.35860,1.28980,0.09640,0.01960,1280000,-1.00000,665104345366,0.00000
1289,644,0,1.80680,0.00000,0.00000,0.01750,0,-1.00000,665104374844,0.00000
1290,645,0,0.34310,1.59830,0.09660,0.01940,1280000,-1.00000,665104379965,0.00000
1291,645,0,2.23800,0.00000,0.00000,0.02290,0,-1.00000,665104401965,0.00000
1292,646,0,0.40540,1.66590,0.11640,0.02010,1280000,-1.00000,665104405551,0.00000
1293,646,0,2.22420,0.00000,0.00000,0.02260,0,-1.00000,665104423618,0.00000
1294,647,0,0.76490,1.92830,0.10420,0.02060,1280000,-1.00000,665104427049,0.00000
1295,647,0,2.58660,0.00000,0.00000,0.01800,0,-1.00000,665104449495,0.00000
1296,648,0,0.36981,1.38330,0.13600,0.01850,1280000,-1.00000,665104453490,0.00000
1297,648,0,1.93819,0.00000,0.00000,0.01690,0,-1.00000,665104475731,0.00000
1298,649,0,0.46860,1.62520,0.15460,0.02230,1280000,-1.00000,665104483440,0.00000
1299,649,0,2.23250,0.00000,0.00000,0.01790,0,-1.00000,665104509243,0.00000
1300,650,0,0.34460,1.47560,0.10660,0.02330,1280000,-1.00000,665104512940,0.00000
1301,650,0,2.06740,0.00000,0.00000,0.01890,0,-1.00000,665104532319,0.00000
1302,651,0,0.34480,1.47580,0.11840,0.02300,1280000,-1.00000,665104537014,0.00000
1303,651,0,2.08940,0.00000,0.00000,0.01790,0,-1.00000,665104559338,0.00000
1304,652,0,0.34730,1.55150,0.11120,0.01760,1280000,-1.00000,665104562779,0.00000
1305,652,0,2.13920,0.00000,0.00000,0.01680,0,-1.00000,665104583457,0.00000
1306,653,0,0.31710,1.38190,0.09260,0.02100,1280000,-1.00000,665104586898,0.00000
1307,653,0,1.96920,0.00000,0.00000,0.01880,0,-1.00000,665104607797,0.00000
1308,654,0,0.42740,1.70470,0.11340,0.03220,1280000,-1.00000,665104611299,0.00000
1309,654,0,2.44790,0.00000,0.00000,0.02400,0,-1.00000,665104632657,0.00000
1310,655,0,0.42040,1.17260,0.10330,0.02190,1280000,-1.00000,665104635827,0.00000
1311,655,0,1.71910,0.00000,0.00000,0.01850,0,-1.00000,665104655528,0.00000
1312,656,0,0.36730,1.25960,0.09770,0.02060,1280000,-1.00000,665104659815,0.00000
1313,656,0,1.79430,0.00000,0.00000,0.01760,0,-1.00000,665104684310,0.00000
1314,657,0,0.33990,1.25140,0.09450,0.02030,1280000,-1.00000,665104688485,0.00000
1315,657,0,1.76660,0.00000,0.00000,0.01690,0,-1.00000,665104705671,0.00000
1316,658,0,0.33970,1.49130,0.10080,0.01940,1280000,-1.00000,665104709348,0.00000
1317,658,0,1.99500,0.00000,0.00000,0.01730,0,-1.00000,665104727290,0.00000
1318,659,0,0.36000,1.57100,0.12550,0.02670,1280000,-1.00000,665104730686,0.00000
1319,659,0,2.18650,0.00000,0.00000,0.02250,0,-1.00000,665104748353,0.00000
1320,660,0,0.38630,1.22240,0.09930,0.01950,1280000,-1.00000,665104751748,0.00000
1321,660,0,1.73390,0.00000,0.00000,0.02170,0,-1.00000,665104771699,0.00000
1322,661,0,0.36940,1.15910,0.10000,0.01960,1280000,-1.00000,665104775296,0.00000
1323,661,0,1.70640,0.00000,0.00000,0.01910,0,-1.00000,665104797175,0.00000
1324,662,0,0.35750,1.35100,0.09380,0.01760,1280000,-1.00000,665104801026,0.00000
1325,662,0,1.83840,0.00000,0.00000,0.01710,0,-1.00000,665104818375,0.00000
1326,663,0,0.37630,1.16560,0.10350,0.01950,1280000,-1.00000,665104822061,0.00000
1327,663,0,1.70710,0.00000,0.00000,0.02370,0,-1.00000,665104839128,0.00000
1328,664,0,0.57960,1.23100,0.10890,0.02200,1280000,-1.00000,665104842698,0.00000
1329,664,0,1.80030,0.00000,0.00000,0.02230,0,-1.00000,665104861082,0.00000
1330,665,0,1.54741,1.55200,0.10350,0.02620,1280000,-1.00000,665104864850,0.00000
1331,665,0,2.15580,0.00000,0.00000,0.01970,0,-1.00000,665104881918,0.00000
1332,666,0,0.35130,1.29820,0.11670,0.02260,1280000,-1.00000,665104887711,0.00000
1333,666,0,1.88710,0.00000,0.00000,0.01950,0,-1.00000,665104905719,0.00000
1334,667,0,0.53180,2.08280,0.10480,0.02820,1280000,-1.00000,665104921181,0.00000
1335,667,0,2.81690,0.00000,0.00000,0.02030,0,-1.00000,665104942754,0.00000
1336,668,0,0.37010,1.25640,0.09160,0.01900,1280000,-1.00000,665104946260,0.00000
1337,668,0,1.82780,0.00000,0.00000,0.02320,0,-1.00000,665104965134,0.00000
1338,669,0,0.36830,1.42310,0.09650,0.02110,1280000,-1.00000,665104970508,0.00000
1339,669,0,1.94890,0.00000,0.00000,0.01750,0,-1.00000,665104998630,0.00000
1340,670,0,0.33630,1.54610,0.10180,0.01800,1280000,-1.00000,665105002320,0.00000
1341,670,0,2.06530,0.00000,0.00000,0.02280,0,-1.00000,665105020601,0.00000
1342,671,0,0.39311,1.18680,0.10360,0.02220,1280000,-1.00000,665105024282,0.00000
1343,671,0,1.78480,0.00000,0.00000,0.02170,0,-1.00000,665105043769,0.00000
1344,672,0,0.37510,1.25150,0.09520,0.02220,1280000,-1.00000,665105047130,0.00000
1345,672,0,1.80980,0.00000,0.00000,0.02220,0,-1.00000,665105067791,0.00000
1346,673,0,0.56759,1.19260,0.09910,0.02240,1280000,-1.00000,665105071720,0.00000
1347,673,0,1.75670,0.00000,0.00000,0.02830,0,-1.00000,665105089573,0.00000
1348,674,0,1.10610,1.24430,0.10120,0.02010,1280000,-1.00000,665105093317,0.00000
1349,674,0,1.84590,0.00000,0.00000,0.01820,0,-1.00000,665105111420,0.00000
1350,675,0,1.24830,1.20030,0.10900,0.01910,1280000,-1.00000,665105117091,0.00000
1351,675,0,1.76240,0.00000,0.00000,0.01750,0,-1.00000,665105134658,0.00000
1352,676,0,0.42850,1.31460,0.09790,0.02270,1280000,-1.00000,665105145726,0.00000
1353,676,0,1.84000,0.00000,0.00000,0.02110,0,-1.00000,665105164177,0.00000
1354,677,0,0.94360,1.15120,0.09960,0.02260,1280000,-1.00000,665105176670,0.00000
1355,677,0,1.69400,0.00000,0.00000,0.01810,0,-1.00000,665105194286,0.00000
1356,678,0,0.99840,1.25310,0.12440,0.02060,1280000,-1.00000,665105198571,0.00000
1357,678,0,1.88360,0.00000,0.00000,0.02260,0,-1.00000,665105216972,0.00000
1358,679,0,0.67670,1.16850,0.09890,0.02220,1280000,-1.00000,665105226407,0.00000
1359,679,0,1.71490,0.00000,0.00000,0.01760,0,-1.00000,665105243347,0.00000
1360,680,0,1.02140,1.23000,0.10380,0.02420,1280000,-1.00000,665105253359,0.00000
1361,680,0,1.81690,0.00000,0.00000,0.02350,0,-1.00000,665105272157,0.00000
1362,681,0,0.88280,1.69860,0.12480,0.03230,1280000,-1.00000,665105278933,0.00000
1363,681,0,2.54730,0.00000,0.00000,0.02480,0,-1.00000,665105296081,0.00000
1364,682,0,0.42130,1.21900,0.15870,0.02500,1280000,-1.00000,665105306297,0.00000
1365,682,0,1.85060,0.00000,0.00000,0.02020,0,-1.00000,665105324471,0.00000
1366,683,0,0.38980,1.41430,0.11840,0.01930,1280000,-1.00000,665105333349,0.00000
1367,683,0,1.97550,0.00000,0.00000,0.01740,0,-1.00000,665105358780,0.00000
1368,684,0,0.35590,1.31700,0.09210,0.02240,1280000,-1.00000,665105362979,0.00000
1369,684,0,1.87460,0.00000,0.00000,0.01890,0,-1.00000,665105381488,0.00000
1370,685,0,0.34360,1.37060,0.09450,0.02240,1280000,-1.00000,665105385380,0.00000
1371,685,0,1.93120,0.00000,0.00000,0.02250,0,-1.00000,665105405137,0.00000
1372,686,0,0.39590,1.30660,0.09510,0.02250,1280000,-1.00000,665105408693,0.00000
1373,686,0,1.89280,0.00000,0.00000,0.01860,0,-1.00000,665105427442,0.00000
1374,687,0,2.13520,1.16490,0.15540,0.02140,1280000,-1.00000,665105430874,0.00000
1375,687,0,1.76780,0.00000,0.00000,0.02220,0,-1.00000,665105450189,0.00000
1376,688,0,0.39450,1.38610,0.14710,0.01960,1280000,-1.00000,665105454145,0.00000
1377,688,0,2.04140,0.00000,0.00000,0.02020,0,-1.00000,665105473077,0.00000
1378,689,0,0.35670,1.76520,0.10080,0.02300,1280000,-1.00000,665105494437,0.00000
1379,689,0,2.32660,0.00000,0.00000,0.01900,0,-1.00000,665105512111,0.00000
1380,690,0,0.36140,1.51380,0.14180,0.02120,1280000,-1.00000,665105516052,0.00000
1381,690,0,2.11730,0.00000,0.00000,0.02010,0,-1.00000,665105536469,0.00000
1382,691,0,0.36190,1.18430,0.10500,0.01900,1280000,-1.00000,665105540036,0.00000
1383,691,0,1.73840,0.00000,0.00000,0.02280,0,-1.00000,665105563302,0.00000
1384,692,0,0.59540,1.19630,0.12700,0.02220,1280000,-1.00000,665105566917,0.00000
1385,692,0,1.80610,0.00000,0.00000,0.02370,0,-1.00000,665105588085,0.00000
1386,693,0,0.95300,1.30670,0.10080,0.02380,1280000,-1.00000,665105591702,0.00000
1387,693,0,1.86270,0.00000,0.00000,0.01880,0,-1.00000,665105609096,0.00000
1388,694,0,0.77010,1.25140,0.10420,0.02070,1280000,-1.00000,665105615043,0.00000
1389,694,0,1.95680,0.00000,0.00000,0.01950,0,-1.00000,665105633113,0.00000
1390,695,0,0.75380,1.14040,0.10630,0.02040,1280000,-1.00000,665105642638,0.00000
1391,695,0,1.68940,0.00000,0.00000,0.01850,0,-1.00000,665105661263,0.00000
1392,696,0,2.29730,1.19950,0.09450,0.02240,1280000,-1.00000,665105668966,0.00000
1393,696,0,1.72550,0.00000,0.00000,0.02170,0,-1.00000,665105688532,0.00000
1394,697,0,0.37090,1.71840,0.10310,0.02030,1280000,-1.00000,665105696072,0.00000
1395,697,0,2.22410,0.00000,0.00000,0.01830,0,-1.00000,665105712961,0.00000
1396,698,0,0.34990,1.80230,0.10580,0.02000,1280000,-1.00000,665105735941,0.00000
1397,698,0,2.31540,0.00000,0.00000,0.02190,0,-1.00000,665105753199,0.00000
1398,699,0,0.98120,1.76820,0.10640,0.02110,1280000,-1.00000,665105756902,0.00000
1399,699,0,2.36950,0.00000,0.00000,0.01800,0,-1.00000,665105779137,0.00000
1400,700,0,0.33530,1.23240,0.10370,0.01970,1280000,-1.00000,665105782635,0.00000
1401,700,0,1.73310,0.00000,0.00000,0.01690,0,-1.00000,665105805798,0.00000
1402,701,0,0.31640,1.16950,0.11810,0.01920,1280000,-1.00000,665105815605,0.00000
1403,701,0,1.71000,0.00000,0.00000,0.02240,0,-1.00000,665105839303,0.00000
1404,702,0,1.76050,1.20460,0.10150,0.02100,1280000,-1.00000,665105842651,0.00000
1405,702,0,1.72010,0.00000,0.00000,0.01970,0,-1.00000,665105859984,0.00000
1406,703,0,0.36670,1.12100,0.09840,0.01990,1280000,-1.00000,665105863145,0.00000
1407,703,0,1.64330,0.00000,0.00000,0.01920,0,-1.00000,665105880255,0.00000
1408,704,0,0.34200,1.18590,0.10400,0.02210,1280000,-1.00000,665105897857,0.00000
1409,704,0,1.73180,0.00000,0.00000,0.01830,0,-1.00000,665105915052,0.00000
1410,705,0,0.97630,1.75140,0.09770,0.01820,1280000,-1.00000,665105918723,0.00000
1411,705,0,2.34260,0.00000,0.00000,0.02110,0,-1.00000,665105935155,0.00000
1412,706,0,0.40580,1.32590,0.14000,0.03010,1280000,-1.00000,665105938576,0.00000
1413,706,0,1.99480,0.00000,0.00000,0.02090,0,-1.00000,665105955892,0.00000
1414,707,0,0.52390,1.13700,0.11280,0.02470,1280000,-1.00000,665105965657,0.00000
1415,707,0,1.71410,0.00000,0.00000,0.01910,0,-1.00000,665105989078,0.00000
1416,708,0,2.36090,1.19040,0.10740,0.02100,1280000,-1.00000,665105993143,0.00000
1417,708,0,1.70610,0.00000,0.00000,0.01830,0,-1.00000,665106013095,0.00000
1418,709,0,0.32910,1.75150,0.10530,0.01740,1280000,-1.00000,665106018326,0.00000
1419,709,0,2.24330,0.00000,0.00000,0.01700,0,-1.00000,665106035467,0.00000
1420,710,0,0.32460,1.83070,0.11660,0.02370,1280000,-1.00000,665106059082,0.00000
1421,710,0,2.39200,0.00000,0.00000,0.01830,0,-1.00000,665106076137,0.00000
1422,711,0,0.35820,1.11890,0.11110,0.02320,1280000,-1.00000,665106079427,0.00000
1423,711,0,1.66730,0.00000,0.00000,0.01910,0,-1.00000,665106101859,0.00000
1424,712,0,0.34360,1.65370,0.13890,0.02450,1280000,-1.00000,665106105111,0.00000
1425,712,0,2.21970,0.00000,0.00000,0.02230,0,-1.00000,665106129029,0.00000
1426,713,0,0.47180,1.16460,0.11290,0.01920,1280000,-1.00000,665106132611,0.00000
1427,713,0,1.69650,0.00000,0.00000,0.02200,0,-1.00000,665106149280,0.00000
1428,714,0,4.15220,1.19300,0.09920,0.02130,1280000,-1.00000,665106152716,0.00000
1429,714,0,1.76360,0.00000,0.00000,0.01840,0,-1.00000,665106174916,0.00000
1430,715,0,0.44320,1.18450,0.11810,0.02070,1280000,-1.00000,665106179634,0.00000
1431,715,0,1.72650,0.00000,0.00000,0.01790,0,-1.00000,665106196602,0.00000
1432,716,0,1.45120,1.20920,0.10720,0.02890,1280000,-1.00000,665106238124,0.00000
1433,716,0,1.87930,0.00000,0.00000,0.02320,0,-1.00000,665106255757,0.00000
1434,717,0,1.00770,1.16340,0.10520,0.02530,1280000,-1.00000,665106260191,0.00000
1435,717,0,1.75330,0.00000,0.00000,0.02070,0,-1.00000,665106277453,0.00000
1436,718,0,0.35030,1.19630,0.09960,0.02140,1280000,-1.00000,665106291961,0.00000
1437,718,0,1.72980,0.00000,0.00000,0.01820,0,-1.00000,665106310771,0.00000
1438,719,0,0.46640,1.11910,0.09540,0.01880,1280000,-1.00000,665106320844,0.00000
1439,719,0,1.65180,0.00000,0.00000,0.01950,0,-1.00000,665106338365,0.00000
1440,720,0,0.34950,1.22620,0.15580,0.02140,1280000,-1.00000,665106341870,0.00000
1441,720,0,1.83360,0.00000,0.00000,0.01620,0,-1.00000,665106359169,0.00000
1442,721,0,0.68109,1.12130,0.11080,0.02000,1280000,-1.00000,665106363832,0.00000
1443,721,0,1.70451,0.00000,0.00000,0.01790,0,-1.00000,665106380347,0.00000
1444,722,0,0.32669,1.28900,0.12710,0.02000,1280000,-1.00000,665106383847,0.00000
1445,722,0,1.90980,0.00000,0.00000,0.02290,0,-1.00000,665106402180,0.00000
1446,723,0,1.46020,1.12380,0.10730,0.02190,1280000,-1.00000,665106409157,0.00000
1447,723,0,1.66610,0.00000,0.00000,0.01770,0,-1.00000,665106426037,0.00000
1448,724,0,1.03520,1.20790,0.11160,0.02350,1280000,-1.00000,665106429300,0.00000
1449,724,0,1.77980,0.00000,0.00000,0.02220,0,-1.00000,665106448409,0.00000
1450,725,0,0.86580,1.14090,0.09470,0.02350,1280000,-1.00000,665106463011,0.00000
1451,725,0,1.78730,0.00000,0.00000,0.02100,0,-1.00000,665106479667,0.00000
1452,726,0,2.08080,1.22990,0.11870,0.02210,1280000,-1.00000,665106490024,0.00000
1453,726,0,1.79900,0.00000,0.00000,0.01880,0,-1.00000,665106507819,0.00000
1454,727,0,0.33860,1.16420,0.10100,0.01830,1280000,-1.00000,665106516474,0.00000
1455,727,0,1.65830,0.00000,0.00000,0.01740,0,-1.00000,665106534345,0.00000
1456,728,0,0.35540,1.19270,0.10470,0.01870,1280000,-1.00000,665106555167,0.00000
1457,728,0,1.69130,0.00000,0.00000,0.01690,0,-1.00000,665106573146,0.00000
1458,729,0,1.00960,1.16380,0.11160,0.01880,1280000,-1.00000,665106576529,0.00000
1459,729,0,1.79010,0.00000,0.00000,0.01850,0,-1.00000,665106593113,0.00000
1460,730,0,0.92280,1.22230,0.10690,0.02430,1280000,-1.00000,665106596663,0.00000
1461,730,0,1.81840,0.00000,0.00000,0.02330,0,-1.00000,665106613581,0.00000
1462,731,0,0.87950,1.15860,0.11900,0.02670,1280000,-1.00000,665106623690,0.00000
1463,731,0,1.96090,0.00000,0.00000,0.02330,0,-1.00000,665106641579,0.00000
1464,732,0,0.64391,1.25020,0.11770,0.02380,1280000,-1.00000,665106650815,0.00000
1465,732,0,1.81499,0.00000,0.00000,0.02240,0,-1.00000,665106669006,0.00000
1466,733,0,0.90160,1.23060,0.14270,0.02420,1280000,-1.00000,665106677795,0.00000
1467,733,0,1.94990,0.00000,0.00000,0.02290,0,-1.00000,665106697410,0.00000
1468,734,0,0.67120,1.22740,0.09780,0.02100,1280000,-1.00000,665106703837,0.00000
1469,734,0,2.06100,0.00000,0.00000,0.01950,0,-1.00000,665106721982,0.00000
1470,735,0,0.72050,1.16970,0.09910,0.02220,1280000,-1.00000,665106731007,0.00000
1471,735,0,1.88890,0.00000,0.00000,0.02060,0,-1.00000,665106750502,0.00000
1472,736,0,0.35240,1.18710,0.09800,0.02130,1280000,-1.00000,665106757209,0.00000
1473,736,0,2.48591,0.00000,0.00000,0.02240,0,-1.00000,665106777821,0.00000
1474,737,0,0.66380,1.16390,0.11530,0.02430,1280000,-1.00000,665106785030,0.00000
1475,737,0,1.76240,0.00000,0.00000,0.01920,0,-1.00000,665106803914,0.00000
1476,738,0,0.98670,1.19540,0.10750,0.02330,1280000,-1.00000,665106807438,0.00000
1477,738,0,1.79440,0.00000,0.00000,0.01930,0,-1.00000,665106832298,0.00000
1478,739,0,2.15509,1.12040,0.12690,0.02700,1280000,-1.00000,665106838936,0.00000
1479,739,0,1.70390,0.00000,0.00000,0.02120,0,-1.00000,665106856561,0.00000
1480,740,0,2.43340,1.20180,0.10230,0.02230,1280000,-1.00000,665106866431,0.00000
1481,740,0,1.71570,0.00000,0.00000,0.02250,0,-1.00000,665106884371,0.00000
1482,741,0,0.39990,1.11680,0.10660,0.02450,1280000,-1.00000,665106905920,0.00000
1483,741,0,1.71040,0.00000,0.00000,0.02350,0,-1.00000,665106922966,0.00000
1484,742,0,0.42060,1.25330,0.09020,0.02100,1280000,-1.00000,665106947293,0.00000
1485,742,0,1.81130,0.00000,0.00000,0.01870,0,-1.00000,665106964460,0.00000
1486,743,0,0.53720,1.12290,0.13600,0.02140,1280000,-1.00000,665106968452,0.00000
1487,743,0,1.70880,0.00000,0.00000,0.01810,0,-1.00000,665106985561,0.00000
1488,744,0,1.01020,1.22420,0.10230,0.01770,1280000,-1.00000,665106989759,0.00000
1489,744,0,1.72610,0.00000,0.00000,0.01690,0,-1.00000,665107007875,0.00000
1490,745,0,1.02120,1.12060,0.11820,0.02190,1280000,-1.00000,665107013235,0.00000
1491,745,0,1.72440,0.00000,0.00000,0.01810,0,-1.00000,665107030337,0.00000
1492,746,0,0.33990,1.22600,0.11210,0.02410,1280000,-1.00000,665107040442,0.00000
1493,746,0,1.77980,0.00000,0.00000,0.02420,0,-1.00000,665107057692,0.00000
1494,747,0,0.38300,1.23520,0.10810,0.03480,1280000,-1.00000,665107067919,0.00000
1495,747,0,1.94540,0.00000,0.00000,0.02320,0,-1.00000,665107085153,0.00000
1496,748,0,0.46190,1.23010,0.12140,0.02950,1280000,-1.00000,665107088549,0.00000
1497,748,0,1.85991,0.00000,0.00000,0.02410,0,-1.00000,665107106354,0.00000
1498,749,0,0.89830,1.15360,0.11360,0.02140,1280000,-1.00000,665107110186,0.00000
1499,749,0,1.82720,0.00000,0.00000,0.02150,0,-1.00000,665107129676,0.00000
1500,750,0,0.87000,1.18600,0.10850,0.02110,1280000,-1.00000,665107134257,0.00000
1501,750,0,1.95760,0.00000,0.00000,0.02230,0,-1.00000,665107152864,0.00000
1502,751,0,0.67000,1.14150,0.10470,0.02260,1280000,-1.00000,665107161842,0.00000
1503,751,0,1.79350,0.00000,0.00000,0.01750,0,-1.00000,665107180109,0.00000
1504,752,0,0.99030,1.22480,0.09770,0.01940,1280000,-1.00000,665107188804,0.00000
1505,752,0,1.93830,0.00000,0.00000,0.02060,0,-1.00000,665107208381,0.00000
1506,753,0,0.74520,1.16710,0.11300,0.02280,1280000,-1.00000,665107215077,0.00000
1507,753,0,1.72210,0.00000,0.00000,0.01880,0,-1.00000,665107233003,0.00000
1508,754,0,0.34629,1.26290,0.08990,0.01860,1280000,-1.00000,665107242923,0.00000
1509,754,0,1.90300,0.00000,0.00000,0.02120,0,-1.00000,665107262303,0.00000
1510,755,0,1.37890,1.11150,0.10750,0.02740,1280000,-1.00000,665107269755,0.00000
1511,755,0,1.74410,0.00000,0.00000,0.02010,0,-1.00000,665107286978,0.00000
1512,756,0,2.29380,1.19000,0.10320,0.02070,1280000,-1.00000,665107290436,0.00000
1513,756,0,1.72020,0.00000,0.00000,0.01850,0,-1.00000,665107309475,0.00000
1514,757,0,2.32210,1.15150,0.09970,0.01870,1280000,-1.00000,665107323258,0.00000
1515,757,0,1.65380,0.00000,0.00000,0.01700,0,-1.00000,665107340715,0.00000
1516,758,0,0.33920,1.19800,0.11540,0.01800,1280000,-1.00000,665107363634,0.00000
1517,758,0,1.71810,0.00000,0.00000,0.01640,0,-1.00000,665107380841,0.00000
1518,759,0,0.38880,1.16220,0.10540,0.02070,1280000,-1.00000,665107404058,0.00000
1519,759,0,1.68550,0.00000,0.00000,0.01720,0,-1.00000,665107420596,0.00000
1520,760,0,0.91610,1.17550,0.10490,0.01830,1280000,-1.00000,665107423985,0.00000
1521,760,0,1.68670,0.00000,0.00000,0.01720,0,-1.00000,665107441168,0.00000
1522,761,0,0.98510,1.10810,0.11250,0.02170,1280000,-1.00000,665107445055,0.00000
1523,761,0,1.64280,0.00000,0.00000,0.01780,0,-1.00000,665107461912,0.00000
1524,762,0,1.05010,1.22070,0.10720,0.01900,1280000,-1.00000,665107471080,0.00000
1525,762,0,1.73530,0.00000,0.00000,0.01710,0,-1.00000,665107487941,0.00000
1526,763,0,0.93740,1.15480,0.12370,0.02100,1280000,-1.00000,665107497794,0.00000
1527,763,0,1.70180,0.00000,0.00000,0.01790,0,-1.00000,665107514218,0.00000
1528,764,0,0.98410,1.18200,0.12480,0.02320,1280000,-1.00000,665107524727,0.00000
1529,764,0,1.75120,0.00000,0.00000,0.02100,0,-1.00000,665107542073,0.00000
1530,765,0,0.93170,1.14930,0.11310,0.01960,1280000,-1.00000,665107551452,0.00000
1531,765,0,1.69930,0.00000,0.00000,0.01840,0,-1.00000,665107568468,0.00000
1532,766,0,0.94550,1.21640,0.13190,0.02560,1280000,-1.00000,665107578304,0.00000
1533,766,0,1.88960,0.00000,0.00000,0.02350,0,-1.00000,665107595824,0.00000
1534,767,0,0.40390,1.10080,0.09900,0.02020,1280000,-1.00000,665107605139,0.00000
1535,767,0,1.61120,0.00000,0.00000,0.01830,0,-1.00000,665107622131,0.00000
1536,768,0,1.51830,1.18260,0.11850,0.02240,1280000,-1.00000,665107631587,0.00000
1537,768,0,1.74860,0.00000,0.00000,0.01890,0,-1.00000,665107650499,0.00000
1538,769,0,2.24400,1.13560,0.11710,0.01860,1280000,-1.00000,665107654519,0.00000
1539,769,0,1.63640,0.00000,0.00000,0.02220,0,-1.00000,665107670629,0.00000
1540,770,0,0.37140,1.23500,0.09880,0.02020,1280000,-1.00000,665107685818,0.00000
1541,770,0,1.78060,0.00000,0.00000,0.02050,0,-1.00000,665107703307,0.00000
1542,771,0,1.54790,1.14090,0.10070,0.02060,1280000,-1.00000,665107725745,0.00000
1543,771,0,1.67440,0.00000,0.00000,0.02030,0,-1.00000,665107742109,0.00000
1544,772,0,0.34100,1.17570,0.09290,0.02090,1280000,-1.00000,665107745825,0.00000
1545,772,0,1.71330,0.00000,0.00000,0.01870,0,-1.00000,665107763629,0.00000
1546,773,0,0.32760,1.14690,0.13180,0.01760,1280000,-1.00000,665107779106,0.00000
1547,773,0,1.71800,0.00000,0.00000,0.03600,0,-1.00000,665107795851,0.00000
1548,774,0,1.01820,1.17700,0.10930,0.01870,1280000,-1.00000,665107799259,0.00000
1549,774,0,1.77730,0.00000,0.00000,0.02140,0,-1.00000,665107816391,0.00000
1550,775,0,0.88590,1.10860,0.11790,0.02440,1280000,-1.00000,665107819672,0.00000
1551,775,0,1.69041,0.00000,0.00000,0.02140,0,-1.00000,665107836850,0.00000
1552,776,0,0.91820,1.17100,0.11300,0.02410,1280000,-1.00000,665107847036,0.00000
1553,776,0,1.75320,0.00000,0.00000,0.02120,0,-1.00000,665107864806,0.00000
1554,777,0,0.98330,1.09480,0.13080,0.02590,1280000,-1.00000,665107873666,0.00000
1555,777,0,1.68410,0.00000,0.00000,0.02140,0,-1.00000,665107890569,0.00000
1556,778,0,1.01370,1.16650,0.10530,0.02050,1280000,-1.00000,665107899750,0.00000
1557,778,0,1.69200,0.00000,0.00000,0.01950,0,-1.00000,665107917281,0.00000
1558,779,0,0.98501,1.13580,0.15510,0.02400,1280000,-1.00000,665107927120,0.00000
1559,779,0,1.79439,0.00000,0.00000,0.01960,0,-1.00000,665107943959,0.00000
1560,780,0,0.87530,1.16730,0.11250,0.02410,1280000,-1.00000,665107954094,0.00000
1561,780,0,1.73700,0.00000,0.00000,0.02270,0,-1.00000,665107971006,0.00000
1562,781,0,0.97780,1.12190,0.11090,0.02170,1280000,-1.00000,665107980861,0.00000
1563,781,0,1.70010,0.00000,0.00000,0.01880,0,-1.00000,665107998807,0.00000
1564,782,0,1.02370,1.21010,0.10270,0.01930,1280000,-1.00000,665108007559,0.00000
1565,782,0,1.76280,0.00000,0.00000,0.01780,0,-1.00000,665108024943,0.00000
1566,783,0,0.91030,1.13020,0.11410,0.02060,1280000,-1.00000,665108034708,0.00000
1567,783,0,1.68140,0.00000,0.00000,0.02150,0,-1.00000,665108051709,0.00000
1568,784,0,1.41210,1.29130,0.13670,0.02090,1280000,-1.00000,665108061943,0.00000
1569,784,0,1.84140,0.00000,0.00000,0.01810,0,-1.00000,665108079569,0.00000
1570,785,0,0.35230,1.08580,0.10320,0.01830,1280000,-1.00000,665108088677,0.00000
1571,785,0,1.57900,0.00000,0.00000,0.01770,0,-1.00000,665108105484,0.00000
1572,786,0,1.40430,1.17120,0.10300,0.01940,1280000,-1.00000,665108119610,0.00000
1573,786,0,1.69430,0.00000,0.00000,0.01740,0,-1.00000,665108138031,0.00000
1574,787,0,2.06190,1.13200,0.10740,0.01930,1280000,-1.00000,665108141547,0.00000
1575,787,0,1.70500,0.00000,0.00000,0.01780,0,-1.00000,665108157336,0.00000
1576,788,0,0.36860,1.20520,0.10510,0.01840,1280000,-1.00000,665108171383,0.00000
1577,788,0,1.73750,0.00000,0.00000,0.01650,0,-1.00000,665108188320,0.00000
1578,789,0,0.33160,1.08350,0.12120,0.01770,1280000,-1.00000,665108208940,0.00000
1579,789,0,1.58370,0.00000,0.00000,0.01680,0,-1.00000,665108225990,0.00000
1580,790,0,0.30790,1.16220,0.09910,0.01720,1280000,-1.00000,665108229674,0.00000
1581,790,0,1.65240,0.00000,0.00000,0.02350,0,-1.00000,665108247049,0.00000
1582,791,0,0.51560,1.09860,0.14030,0.02950,1280000,-1.00000,665108250364,0.00000
1583,791,0,1.76750,0.00000,0.00000,0.02340,0,-1.00000,665108266202,0.00000
1584,792,0,0.36560,1.20470,0.10740,0.02430,1280000,-1.00000,665108269279,0.00000
1585,792,0,1.80720,0.00000,0.00000,0.01940,0,-1.00000,665108285811,0.00000
1586,793,0,2.75890,1.09290,0.13390,0.02550,1280000,-1.00000,665108290964,0.00000
1587,793,0,1.65030,0.00000,0.00000,0.01860,0,-1.00000,665108308646,0.00000
1588,794,0,0.39940,1.30620,0.13960,0.02230,1280000,-1.00000,665108312298,0.00000
1589,794,0,1.90760,0.00000,0.00000,0.02170,0,-1.00000,665108330369,0.00000
1590,795,0,0.36310,1.19300,0.09280,0.02260,1280000,-1.00000,665108357961,0.00000
1591,795,0,1.72030,0.00000,0.00000,0.01980,0,-1.00000,665108374462,0.00000
1592,796,0,1.37260,1.19620,0.09460,0.02020,1280000,-1.00000,665108378458,0.00000
1593,796,0,1.73620,0.00000,0.00000,0.01910,0,-1.00000,665108397531,0.00000
1594,797,0,0.34240,1.22380,0.10460,0.02050,1280000,-1.00000,665108401158,0.00000
1595,797,0,1.74840,0.00000,0.00000,0.01810,0,-1.00000,665108418360,0.00000
1596,798,0,0.92000,1.20410,0.09720,0.01970,1280000,-1.00000,665108432089,0.00000
1597,798,0,1.74330,0.00000,0.00000,0.01720,0,-1.00000,665108449449,0.00000
1598,799,0,0.88640,1.17860,0.13920,0.02540,1280000,-1.00000,665108452877,0.00000
1599,799,0,1.78640,0.00000,0.00000,0.02320,0,-1.00000,665108470359,0.00000
1600,800,0,0.90760,1.15480,0.10490,0.02370,1280000,-1.00000,665108479601,0.00000
1601,800,0,1.87550,0.00000,0.00000,0.02030,0,-1.00000,665108497072,0.00000
1602,801,0,0.73610,1.12180,0.10230,0.02130,1280000,-1.00000,665108505862,0.00000
1603,801,0,1.69500,0.00000,0.00000,0.02180,0,-1.00000,665108523730,0.00000
1604,802,0,1.08600,1.16010,0.13960,0.02110,1280000,-1.00000,665108532801,0.00000
1605,802,0,1.74950,0.00000,0.00000,0.01850,0,-1.00000,665108551558,0.00000
1606,803,0,0.35879,1.10960,0.11580,0.02250,1280000,-1.00000,665108558969,0.00000
1607,803,0,1.63700,0.00000,0.00000,0.01700,0,-1.00000,665108575864,0.00000
1608,804,0,0.88250,1.19300,0.10520,0.02930,1280000,-1.00000,665108586719,0.00000
1609,804,0,1.75590,0.00000,0.00000,0.02220,0,-1.00000,665108604217,0.00000
1610,805,0,0.50510,1.07500,0.12760,0.02840,1280000,-1.00000,665108607805,0.00000
1611,805,0,1.68630,0.00000,0.00000,0.01900,0,-1.00000,665108624173,0.00000
1612,806,0,0.33730,1.33490,0.12120,0.03660,1280000,-1.00000,665108633006,0.00000
1613,806,0,2.00870,0.00000,0.00000,0.02600,0,-1.00000,665108650566,0.00000
1614,807,0,1.23090,1.14850,0.13590,0.02340,1280000,-1.00000,665108655610,0.00000
1615,807,0,1.77100,0.00000,0.00000,0.01880,0,-1.00000,665108672478,0.00000
1616,808,0,0.91960,1.19170,0.10270,0.02420,1280000,-1.00000,665108675850,0.00000
1617,808,0,1.77220,0.00000,0.00000,0.01890,0,-1.00000,665108695950,0.00000
1618,809,0,0.94390,1.12500,0.11160,0.01990,1280000,-1.00000,665108708246,0.00000
1619,809,0,1.69850,0.00000,0.00000,0.02240,0,-1.00000,665108725955,0.00000
1620,810,0,1.01640,1.30990,0.14490,0.02040,1280000,-1.00000,665108735151,0.00000
1621,810,0,1.88639,0.00000,0.00000,0.02300,0,-1.00000,665108752870,0.00000
1622,811,0,0.76780,1.07140,0.12340,0.02050,1280000,-1.00000,665108762307,0.00000
1623,811,0,1.85600,0.00000,0.00000,0.01750,0,-1.00000,665108779299,0.00000
1624,812,0,0.82750,1.19640,0.10930,0.02300,1280000,-1.00000,665108789453,0.00000
1625,812,0,1.73930,0.00000,0.00000,0.01860,0,-1.00000,665108808312,0.00000
1626,813,0,1.01910,1.07410,0.10510,0.01870,1280000,-1.00000,665108816002,0.00000
1627,813,0,1.60450,0.00000,0.00000,0.01830,0,-1.00000,665108834561,0.00000
1628,814,0,1.09540,1.15830,0.15070,0.02030,1280000,-1.00000,665108842837,0.00000
1629,814,0,1.79310,0.00000,0.00000,0.01800,0,-1.00000,665108860226,0.00000
1630,815,0,0.86901,1.10950,0.11940,0.01730,1280000,-1.00000,665108870429,0.00000
1631,815,0,1.64470,0.00000,0.00000,0.01720,0,-1.00000,665108886464,0.00000
1632,816,0,1.09510,1.15180,0.14360,0.02620,1280000,-1.00000,665108897432,0.00000
1633,816,0,1.73420,0.00000,0.00000,0.02280,0,-1.00000,665108915349,0.00000
1634,817,0,0.94740,1.07120,0.12920,0.02370,1280000,-1.00000,665108924041,0.00000
1635,817,0,1.74100,0.00000,0.00000,0.02450,0,-1.00000,665108940483,0.00000
1636,818,0,1.01530,1.18910,0.11260,0.03920,1280000,-1.00000,665108951439,0.00000
1637,818,0,1.79420,0.00000,0.00000,0.01730,0,-1.00000,665108968784,0.00000
1638,819,0,0.90620,1.07410,0.11050,0.02040,1280000,-1.00000,665108978257,0.00000
1639,819,0,1.59760,0.00000,0.00000,0.01820,0,-1.00000,665108995676,0.00000
1640,820,0,1.06330,1.14830,0.14560,0.01800,1280000,-1.00000,665109005826,0.00000
1641,820,0,1.68861,0.00000,0.00000,0.01690,0,-1.00000,665109023761,0.00000
1642,821,0,1.43559,1.20480,0.12940,0.02040,1280000,-1.00000,665109032820,0.00000
1643,821,0,1.76600,0.00000,0.00000,0.01730,0,-1.00000,665109048793,0.00000
1644,822,0,1.19370,1.27220,0.14080,0.01940,1280000,-1.00000,665109059426,0.00000
1645,822,0,1.82980,0.00000,0.00000,0.02250,0,-1.00000,665109076311,0.00000
1646,823,0,1.38099,1.11230,0.09360,0.02200,1280000,-1.00000,665109090673,0.00000
1647,823,0,1.66290,0.00000,0.00000,0.01870,0,-1.00000,665109108328,0.00000
1648,824,0,0.34350,1.19130,0.09980,0.01890,1280000,-1.00000,665109120269,0.00000
1649,824,0,1.71070,0.00000,0.00000,0.01720,0,-1.00000,665109138569,0.00000
1650,825,0,0.51380,1.09910,0.11190,0.01910,1280000,-1.00000,665109152377,0.00000
1651,825,0,1.66030,0.00000,0.00000,0.01620,0,-1.00000,665109169006,0.00000
1652,826,0,1.04040,1.18480,0.11120,0.01770,1280000,-1.00000,665109172439,0.00000
1653,826,0,1.72620,0.00000,0.00000,0.02240,0,-1.00000,665109189546,0.00000
1654,827,0,0.35100,1.09840,0.10740,0.01780,1280000,-1.00000,665109194680,0.00000
1655,827,0,1.95630,0.00000,0.00000,0.02040,0,-1.00000,665109211286,0.00000
1656,828,0,1.36860,1.18320,0.11640,0.02260,1280000,-1.00000,665109221692,0.00000
1657,828,0,1.74690,0.00000,0.00000,0.01810,0,-1.00000,665109238958,0.00000
1658,829,0,0.99950,1.07900,0.14740,0.02020,1280000,-1.00000,665109242464,0.00000
1659,829,0,1.80770,0.00000,0.00000,0.02290,0,-1.00000,665109262029,0.00000
1660,830,0,0.85509,1.14460,0.14260,0.02700,1280000,-1.00000,665109275717,0.00000
1661,830,0,1.78920,0.00000,0.00000,0.02430,0,-1.00000,665109293183,0.00000
1662,831,0,0.94370,1.06820,0.10790,0.02130,1280000,-1.00000,665109303186,0.00000
1663,831,0,1.61890,0.00000,0.00000,0.01780,0,-1.00000,665109321258,0.00000
1664,832,0,1.07660,1.18560,0.16320,0.02350,1280000,-1.00000,665109329808,0.00000
1665,832,0,1.79860,0.00000,0.00000,0.02110,0,-1.00000,665109347702,0.00000
1666,833,0,0.93090,1.15630,0.15110,0.02180,1280000,-1.00000,665109357137,0.00000
1667,833,0,1.72750,0.00000,0.00000,0.01850,0,-1.00000,665109373322,0.00000
1668,834,0,0.94120,1.23490,0.11990,0.01980,1280000,-1.00000,665109384092,0.00000
1669,834,0,1.78410,0.00000,0.00000,0.01770,0,-1.00000,665109402080,0.00000
1670,835,0,0.90191,1.10640,0.11550,0.02470,1280000,-1.00000,665109411394,0.00000
1671,835,0,1.69899,0.00000,0.00000,0.02190,0,-1.00000,665109428661,0.00000
1672,836,0,1.02490,1.14550,0.11420,0.02170,1280000,-1.00000,665109438071,0.00000
1673,836,0,1.69060,0.00000,0.00000,0.03080,0,-1.00000,665109455911,0.00000
1674,837,0,1.03460,1.05880,0.10410,0.02010,1280000,-1.00000,665109464935,0.00000
1675,837,0,1.59979,0.00000,0.00000,0.01780,0,-1.00000,665109481922,0.00000
1676,838,0,0.32960,1.14030,0.10310,0.01740,1280000,-1.00000,665109492178,0.00000
1677,838,0,2.16811,0.00000,0.00000,0.02110,0,-1.00000,665109509079,0.00000
1678,839,0,1.71590,1.16190,0.17290,0.02030,1280000,-1.00000,665109519424,0.00000
1679,839,0,1.77090,0.00000,0.00000,0.01850,0,-1.00000,665109535419,0.00000
1680,840,0,1.81400,1.14070,0.10830,0.02110,1280000,-1.00000,665109538713,0.00000
1681,840,0,1.72180,0.00000,0.00000,0.02450,0,-1.00000,665109560408,0.00000
1682,841,0,1.10770,1.20710,0.10700,0.02330,1280000,-1.00000,665109577559,0.00000
1683,841,0,1.76610,0.00000,0.00000,0.02260,0,-1.00000,665109595265,0.00000
1684,842,0,0.35930,1.14340,0.10850,0.02200,1280000,-1.00000,665109613406,0.00000
1685,842,0,1.82220,0.00000,0.00000,0.02230,0,-1.00000,665109630638,0.00000
1686,843,0,0.40040,1.10710,0.09200,0.02030,1280000,-1.00000,665109641708,0.00000
1687,843,0,1.63900,0.00000,0.00000,0.01810,0,-1.00000,665109659366,0.00000
1688,844,0,0.67140,1.19750,0.12070,0.01980,1280000,-1.00000,665109662958,0.00000
1689,844,0,1.75830,0.00000,0.00000,0.02070,0,-1.00000,665109681174,0.00000
1690,845,0,0.97990,1.05130,0.11750,0.02360,1280000,-1.00000,665109685187,0.00000
1691,845,0,1.60810,0.00000,0.00000,0.01940,0,-1.00000,665109701569,0.00000
1692,846,0,2.47730,1.14470,0.10550,0.02400,1280000,-1.00000,665109708288,0.00000
1693,846,0,1.75720,0.00000,0.00000,0.01840,0,-1.00000,665109725870,0.00000
1694,847,0,0.35650,1.05130,0.10670,0.02120,1280000,-1.00000,665109735669,0.00000
1695,847,0,1.56940,0.00000,0.00000,0.02280,0,-1.00000,665109751747,0.00000
1696,848,0,0.37440,1.17960,0.10600,0.03150,1280000,-1.00000,665109776521,0.00000
1697,848,0,1.79960,0.00000,0.00000,0.02070,0,-1.00000,665109794095,0.00000
1698,849,0,0.79440,1.10140,0.10800,0.02110,1280000,-1.00000,665109797660,0.00000
1699,849,0,1.81680,0.00000,0.00000,0.02360,0,-1.00000,665109813351,0.00000
1700,850,0,0.88320,1.19970,0.11360,0.02150,1280000,-1.00000,665109817093,0.00000
1701,850,0,1.79730,0.00000,0.00000,0.01820,0,-1.00000,665109835097,0.00000
1702,851,0,0.92450,1.04800,0.10480,0.02200,1280000,-1.00000,665109843041,0.00000
1703,851,0,1.58220,0.00000,0.00000,0.01840,0,-1.00000,665109861211,0.00000
1704,852,0,1.11390,1.21500,0.11840,0.02890,1280000,-1.00000,665109870039,0.00000
1705,852,0,1.85320,0.00000,0.00000,0.02020,0,-1.00000,665109888010,0.00000
1706,853,0,0.91810,1.07540,0.16910,0.02540,1280000,-1.00000,665109897252,0.00000
1707,853,0,1.72950,0.00000,0.00000,0.02380,0,-1.00000,665109913078,0.00000
1708,854,0,0.92960,1.14060,0.12030,0.02690,1280000,-1.00000,665109924218,0.00000
1709,854,0,1.80561,0.00000,0.00000,0.02260,0,-1.00000,665109942762,0.00000
1710,855,0,0.41310,1.12120,0.09940,0.02360,1280000,-1.00000,665109951938,0.00000
1711,855,0,1.81920,0.00000,0.00000,0.02250,0,-1.00000,665109969226,0.00000
1712,856,0,2.69450,1.17510,0.09450,0.02260,1280000,-1.00000,665109978539,0.00000
1713,856,0,1.71640,0.00000,0.00000,0.01840,0,-1.00000,665109996590,0.00000
1714,857,0,0.34400,1.08380,0.10900,0.01800,1280000,-1.00000,665110000709,0.00000
1715,857,0,1.60750,0.00000,0.00000,0.06240,0,-1.00000,665110018910,0.00000
1716,858,0,1.81570,1.16070,0.10170,0.02200,1280000,-1.00000,665110046041,0.00000
1717,858,0,1.71270,0.00000,0.00000,0.02400,0,-1.00000,665110063005,0.00000
1718,859,0,2.26621,1.04920,0.10100,0.02300,1280000,-1.00000,665110066445,0.00000
1719,859,0,1.58739,0.00000,0.00000,0.01880,0,-1.00000,665110082527,0.00000
1720,860,0,0.34940,1.13020,0.09670,0.01910,1280000,-1.00000,665110100683,0.00000
1721,860,0,1.64140,0.00000,0.00000,0.02220,0,-1.00000,665110117810,0.00000
1722,861,0,0.50550,1.05670,0.10890,0.02120,1280000,-1.00000,665110140469,0.00000
1723,861,0,1.60220,0.00000,0.00000,0.02070,0,-1.00000,665110156343,0.00000
1724,862,0,0.34920,1.15540,0.09600,0.01930,1280000,-1.00000,665110159832,0.00000
1725,862,0,2.08860,0.00000,0.00000,0.01970,0,-1.00000,665110176252,0.00000
1726,863,0,1.39780,1.08130,0.10100,0.02100,1280000,-1.00000,665110181299,0.00000
1727,863,0,1.63220,0.00000,0.00000,0.01930,0,-1.00000,665110197330,0.00000
1728,864,0,1.52830,1.18020,0.09910,0.01880,1280000,-1.00000,665110200817,0.00000
1729,864,0,1.71850,0.00000,0.00000,0.01730,0,-1.00000,665110221708,0.00000
1730,865,0,0.47740,1.05480,0.14380,0.02470,1280000,-1.00000,665110235685,0.00000
1731,865,0,1.64260,0.00000,0.00000,0.02310,0,-1.00000,665110252002,0.00000
1732,866,0,1.09490,1.13030,0.10280,0.02330,1280000,-1.00000,665110267297,0.00000
1733,866,0,1.82410,0.00000,0.00000,0.02470,0,-1.00000,665110284471,0.00000
1734,867,0,0.90980,1.03760,0.09820,0.01960,1280000,-1.00000,665110289244,0.00000
1735,867,0,1.54770,0.00000,0.00000,0.01750,0,-1.00000,665110305687,0.00000
1736,868,0,1.14270,1.12290,0.10240,0.02300,1280000,-1.00000,665110316626,0.00000
1737,868,0,1.83990,0.00000,0.00000,0.02250,0,-1.00000,665110334863,0.00000
1738,869,0,0.76970,1.04980,0.08890,0.02240,1280000,-1.00000,665110343964,0.00000
1739,869,0,1.69910,0.00000,0.00000,0.02060,0,-1.00000,665110359435,0.00000
1740,870,0,1.00580,1.16930,0.12310,0.02270,1280000,-1.00000,665110370873,0.00000
1741,870,0,1.73310,0.00000,0.00000,0.01870,0,-1.00000,665110389268,0.00000
1742,871,0,3.03771,1.05680,0.09970,0.02090,1280000,-1.00000,665110396991,0.00000
1743,871,0,1.58829,0.00000,0.00000,0.02170,0,-1.00000,665110413949,0.00000
1744,872,0,0.37560,1.16640,0.11580,0.01940,1280000,-1.00000,665110424015,0.00000
1745,872,0,1.75890,0.00000,0.00000,0.01950,0,-1.00000,665110441339,0.00000
1746,873,0,0.33560,1.13640,0.09870,0.02150,1280000,-1.00000,665110471712,0.00000
1747,873,0,1.65870,0.00000,0.00000,0.01780,0,-1.00000,665110487607,0.00000
1748,874,0,0.35509,1.11980,0.15600,0.02520,1280000,-1.00000,665110491356,0.00000
1749,874,0,1.98061,0.00000,0.00000,0.02250,0,-1.00000,665110508943,0.00000
1750,875,0,0.76700,1.07390,0.10500,0.02130,1280000,-1.00000,665110512298,0.00000
1751,875,0,1.65820,0.00000,0.00000,0.01820,0,-1.00000,665110528884,0.00000
1752,876,0,0.46380,1.11970,0.11480,0.02030,1280000,-1.00000,665110532446,0.00000
1753,876,0,1.85780,0.00000,0.00000,0.01820,0,-1.00000,665110552254,0.00000
1754,877,0,1.43090,1.02900,0.10420,0.02200,1280000,-1.00000,665110559920,0.00000
1755,877,0,1.58180,0.00000,0.00000,0.01830,0,-1.00000,665110576498,0.00000
1756,878,0,2.43260,1.12410,0.14030,0.02420,1280000,-1.00000,665110581133,0.00000
1757,878,0,1.70210,0.00000,0.00000,0.01750,0,-1.00000,665110599714,0.00000
1758,879,0,0.35240,1.03500,0.09810,0.01900,1280000,-1.00000,665110614021,0.00000
1759,879,0,1.58340,0.00000,0.00000,0.01700,0,-1.00000,665110629839,0.00000
1760,880,0,0.46320,1.16640,0.12500,0.02050,1280000,-1.00000,665110654169,0.00000
1761,880,0,1.70890,0.00000,0.00000,0.01730,0,-1.00000,665110671195,0.00000
1762,881,0,1.07100,1.03860,0.10010,0.02070,1280000,-1.00000,665110674710,0.00000
1763,881,0,1.56849,0.00000,0.00000,0.01850,0,-1.00000,665110690544,0.00000
1764,882,0,1.78080,1.15520,0.14680,0.02270,1280000,-1.00000,665110695179,0.00000
1765,882,0,1.76270,0.00000,0.00000,0.02340,0,-1.00000,665110712267,0.00000
1766,883,0,0.63360,1.33330,0.10480,0.02360,1280000,-1.00000,665110722979,0.00000
1767,883,0,1.96930,0.00000,0.00000,0.02090,0,-1.00000,665110738660,0.00000
1768,884,0,0.36631,1.13280,0.10150,0.02140,1280000,-1.00000,665110756480,0.00000
1769,884,0,1.72530,0.00000,0.00000,0.01820,0,-1.00000,665110774108,0.00000
1770,885,0,0.99670,1.04980,0.11090,0.02060,1280000,-1.00000,665110780443,0.00000
1771,885,0,1.61550,0.00000,0.00000,0.01840,0,-1.00000,665110800125,0.00000
1772,886,0,1.00159,1.15620,0.10940,0.02200,1280000,-1.00000,665110803787,0.00000
1773,886,0,1.67760,0.00000,0.00000,0.01710,0,-1.00000,665110821041,0.00000
1774,887,0,0.98770,1.06090,0.09500,0.01890,1280000,-1.00000,665110831011,0.00000
1775,887,0,1.62950,0.00000,0.00000,0.02190,0,-1.00000,665110847162,0.00000
1776,888,0,1.02490,1.11330,0.10080,0.02080,1280000,-1.00000,665110857183,0.00000
1777,888,0,1.67730,0.00000,0.00000,0.02060,0,-1.00000,665110873955,0.00000
1778,889,0,1.11800,1.06180,0.10370,0.02070,1280000,-1.00000,665110883834,0.00000
1779,889,0,1.59820,0.00000,0.00000,0.01800,0,-1.00000,665110900129,0.00000
1780,890,0,0.98420,1.13480,0.11940,0.02660,1280000,-1.00000,665110910504,0.00000
1781,890,0,1.80310,0.00000,0.00000,0.02330,0,-1.00000,665110927147,0.00000
1782,891,0,0.40670,1.08490,0.14100,0.02550,1280000,-1.00000,665110938330,0.00000
1783,891,0,1.67060,0.00000,0.00000,0.02120,0,-1.00000,665110954312,0.00000
1784,892,0,1.64520,1.12040,0.09920,0.02190,1280000,-1.00000,665110964154,0.00000
1785,892,0,1.66520,0.00000,0.00000,0.02240,0,-1.00000,665110982199,0.00000
1786,893,0,0.36830,1.04870,0.11430,0.02000,1280000,-1.00000,665110986251,0.00000
1787,893,0,1.59539,0.00000,0.00000,0.01950,0,-1.00000,665111002956,0.00000
1788,894,0,0.34221,1.14720,0.10220,0.02130,1280000,-1.00000,665111019412,0.00000
1789,894,0,1.67250,0.00000,0.00000,0.01890,0,-1.00000,665111036067,0.00000
1790,895,0,1.11990,1.01270,0.10010,0.02120,1280000,-1.00000,665111039745,0.00000
1791,895,0,1.56240,0.00000,0.00000,0.01910,0,-1.00000,665111055699,0.00000
1792,896,0,1.14940,1.14180,0.10910,0.02110,1280000,-1.00000,665111059121,0.00000
1793,896,0,1.69121,0.00000,0.00000,0.01860,0,-1.00000,665111075847,0.00000
1794,897,0,0.33119,1.04760,0.10800,0.02100,1280000,-1.00000,665111087045,0.00000
1795,897,0,1.97601,0.00000,0.00000,0.02370,0,-1.00000,665111102665,0.00000
1796,898,0,1.43840,1.14770,0.10930,0.02270,1280000,-1.00000,665111114166,0.00000
1797,898,0,1.73270,0.00000,0.00000,0.01880,0,-1.00000,665111131075,0.00000
1798,899,0,0.93790,1.08680,0.12530,0.01970,1280000,-1.00000,665111134388,0.00000
1799,899,0,1.68380,0.00000,0.00000,0.01780,0,-1.00000,665111154152,0.00000
1800,900,0,1.05320,1.11070,0.11250,0.02010,1280000,-1.00000,665111168532,0.00000
1801,900,0,1.62820,0.00000,0.00000,0.01800,0,-1.00000,665111185859,0.00000
1802,901,0,1.08350,1.04200,0.12060,0.02400,1280000,-1.00000,665111195245,0.00000
1803,901,0,1.59660,0.00000,0.00000,0.02080,0,-1.00000,665111212073,0.00000
1804,902,0,1.10160,1.10770,0.12940,0.02070,1280000,-1.00000,665111222614,0.00000
1805,902,0,1.66930,0.00000,0.00000,0.01760,0,-1.00000,665111238888,0.00000
1806,903,0,1.00550,1.03460,0.14950,0.02230,1280000,-1.00000,665111249733,0.00000
1807,903,0,1.62900,0.00000,0.00000,0.01900,0,-1.00000,665111265692,0.00000
1808,904,0,1.05361,1.12350,0.12940,0.02720,1280000,-1.00000,665111276710,0.00000
1809,904,0,1.78490,0.00000,0.00000,0.02150,0,-1.00000,665111293397,0.00000
1810,905,0,1.35959,1.02110,0.12040,0.03680,1280000,-1.00000,665111303456,0.00000
1811,905,0,1.74350,0.00000,0.00000,0.02450,0,-1.00000,665111319746,0.00000
1812,906,0,0.59140,1.44670,0.12570,0.04790,1280000,-1.00000,665111330284,0.00000
1813,906,0,2.59160,0.00000,0.00000,0.03020,0,-1.00000,665111348138,0.00000
1814,907,0,0.59570,1.19590,0.11590,0.04350,1280000,-1.00000,665111361737,0.00000
1815,907,0,2.21030,0.00000,0.00000,0.03800,0,-1.00000,665111379176,0.00000
1816,908,0,0.74670,1.16110,0.11710,0.04330,1280000,-1.00000,665111385089,0.00000
1817,908,0,1.99160,0.00000,0.00000,0.02700,0,-1.00000,665111411032,0.00000
1818,909,0,0.59880,1.16000,0.12980,0.04020,1280000,-1.00000,665111416965,0.00000
1819,909,0,2.00890,0.00000,0.00000,0.03260,0,-1.00000,665111439091,0.00000
1820,910,0,0.52750,1.14030,0.11290,0.03090,1280000,-1.00000,665111446527,0.00000
1821,910,0,1.93410,0.00000,0.00000,0.02560,0,-1.00000,665111466468,0.00000
1822,911,0,1.54850,1.02130,0.11120,0.02700,1280000,-1.00000,665111472433,0.00000
1823,911,0,1.69860,0.00000,0.00000,0.02340,0,-1.00000,665111492561,0.00000
1824,912,0,1.04090,1.17920,0.12530,0.02710,1280000,-1.00000,665111497794,0.00000
1825,912,0,1.86090,0.00000,0.00000,0.02470,0,-1.00000,665111517144,0.00000
1826,913,0,0.89050,1.05330,0.09850,0.02770,1280000,-1.00000,665111532620,0.00000
1827,913,0,1.66860,0.00000,0.00000,0.02040,0,-1.00000,665111549610,0.00000
1828,914,0,2.25640,1.14870,0.13040,0.04470,1280000,-1.00000,665111560008,0.00000
1829,914,0,1.93730,0.00000,0.00000,0.02510,0,-1.00000,665111578629,0.00000
1830,915,0,0.79280,1.02270,0.10240,0.02710,1280000,-1.00000,665111587526,0.00000
1831,915,0,1.67690,0.00000,0.00000,0.02030,0,-1.00000,665111604210,0.00000
1832,916,0,1.04010,1.12540,0.12070,0.03060,1280000,-1.00000,665111626770,0.00000
1833,916,0,1.77610,0.00000,0.00000,0.02020,0,-1.00000,665111646167,0.00000
1834,917,0,0.93840,1.03190,0.11510,0.02740,1280000,-1.00000,665111654081,0.00000
1835,917,0,1.64090,0.00000,0.00000,0.02150,0,-1.00000,665111670840,0.00000
1836,918,0,1.05840,1.10930,0.14680,0.02820,1280000,-1.00000,665111681251,0.00000
1837,918,0,1.76020,0.00000,0.00000,0.02000,0,-1.00000,665111699008,0.00000
1838,919,0,0.91480,1.03370,0.11240,0.02450,1280000,-1.00000,665111708390,0.00000
1839,919,0,1.67530,0.00000,0.00000,0.02020,0,-1.00000,665111724798,0.00000
1840,920,0,1.01700,1.12250,0.10530,0.02380,1280000,-1.00000,665111735375,0.00000
1841,920,0,1.74060,0.00000,0.00000,0.02220,0,-1.00000,665111752984,0.00000
1842,921,0,0.97680,1.69790,0.11040,0.02640,1280000,-1.00000,665111762125,0.00000
1843,921,0,2.29070,0.00000,0.00000,0.02000,0,-1.00000,665111778882,0.00000
1844,922,0,0.36310,1.14770,0.12270,0.02180,1280000,-1.00000,665111789051,0.00000
1845,922,0,1.73650,0.00000,0.00000,0.02660,0,-1.00000,665111806468,0.00000
1846,923,0,0.95000,1.06230,0.11370,0.03100,1280000,-1.00000,665111816226,0.00000
1847,923,0,1.75270,0.00000,0.00000,0.02290,0,-1.00000,665111839137,0.00000
1848,924,0,0.95350,1.11160,0.13940,0.02630,1280000,-1.00000,665111842766,0.00000
1849,924,0,1.75360,0.00000,0.00000,0.02110,0,-1.00000,665111860127,0.00000
1850,925,0,0.45230,1.02140,0.11700,0.02720,1280000,-1.00000,665111869628,0.00000
1851,925,0,1.79070,0.00000,0.00000,0.01990,0,-1.00000,665111887154,0.00000
1852,926,0,1.99370,1.12520,0.09900,0.02550,1280000,-1.00000,665111896693,0.00000
1853,926,0,1.73740,0.00000,0.00000,0.02220,0,-1.00000,665111914233,0.00000
1854,927,0,0.40050,1.06810,0.19090,0.03610,1280000,-1.00000,665111918755,0.00000
1855,927,0,1.86460,0.00000,0.00000,0.02260,0,-1.00000,665111936661,0.00000
1856,928,0,0.43660,1.14240,0.18090,0.04100,1280000,-1.00000,665111956596,0.00000
1857,928,0,2.04530,0.00000,0.00000,0.02040,0,-1.00000,665111973969,0.00000
1858,929,0,0.41140,1.04940,0.13310,0.04250,1280000,-1.00000,665111977970,0.00000
1859,929,0,1.91730,0.00000,0.00000,0.02160,0,-1.00000,665111996645,0.00000
1860,930,0,0.59430,1.15410,0.11550,0.02730,1280000,-1.00000,665112000986,0.00000
1861,930,0,1.84120,0.00000,0.00000,0.02070,0,-1.00000,665112021471,0.00000
1862,931,0,0.40760,1.01670,0.10830,0.02290,1280000,-1.00000,665112025560,0.00000
1863,931,0,1.60760,0.00000,0.00000,0.01900,0,-1.00000,665112044758,0.00000
1864,932,0,0.36800,1.13750,0.15990,0.02950,1280000,-1.00000,665112050677,0.00000
1865,932,0,1.88800,0.00000,0.00000,0.02180,0,-1.00000,665112069091,0.00000
1866,933,0,1.48020,1.04210,0.11930,0.03690,1280000,-1.00000,665112073159,0.00000
1867,933,0,1.80820,0.00000,0.00000,0.02830,0,-1.00000,665112089230,0.00000
1868,934,0,0.89200,1.13910,0.10420,0.02910,1280000,-1.00000,665112092911,0.00000
1869,934,0,1.86080,0.00000,0.00000,0.02240,0,-1.00000,665112111810,0.00000
1870,935,0,0.78030,1.02570,0.11230,0.01880,1280000,-1.00000,665112126618,0.00000
1871,935,0,1.57740,0.00000,0.00000,0.01820,0,-1.00000,665112144682,0.00000
1872,936,0,2.40770,1.10880,0.12220,0.02320,1280000,-1.00000,665112153602,0.00000
1873,936,0,1.65110,0.00000,0.00000,0.02330,0,-1.00000,665112172218,0.00000
1874,937,0,0.40471,1.04540,0.10170,0.02210,1280000,-1.00000,665112180010,0.00000
1875,937,0,1.63260,0.00000,0.00000,0.01970,0,-1.00000,665112195780,0.00000
1876,938,0,0.37090,1.13980,0.10860,0.02050,1280000,-1.00000,665112219862,0.00000
1877,938,0,1.68990,0.00000,0.00000,0.02110,0,-1.00000,665112236371,0.00000
1878,939,0,1.00790,1.01710,0.11910,0.02060,1280000,-1.00000,665112240414,0.00000
1879,939,0,1.65550,0.00000,0.00000,0.02320,0,-1.00000,665112256741,0.00000
1880,940,0,2.84680,1.12340,0.10400,0.02720,1280000,-1.00000,665112260448,0.00000
1881,940,0,1.71500,0.00000,0.00000,0.01990,0,-1.00000,665112277349,0.00000
1882,941,0,0.42050,1.65190,0.10280,0.02120,1280000,-1.00000,665112287431,0.00000
1883,941,0,2.20410,0.00000,0.00000,0.01910,0,-1.00000,665112303994,0.00000
1884,942,0,0.34970,1.68180,0.10800,0.01850,1280000,-1.00000,665112332465,0.00000
1885,942,0,2.28830,0.00000,0.00000,0.02110,0,-1.00000,665112349603,0.00000
1886,943,0,0.38500,1.05610,0.11720,0.02620,1280000,-1.00000,665112353806,0.00000
1887,943,0,1.70620,0.00000,0.00000,0.02370,0,-1.00000,665112375847,0.00000
1888,944,0,0.38980,1.67200,0.10620,0.02330,1280000,-1.00000,665112379342,0.00000
1889,944,0,2.27820,0.00000,0.00000,0.01980,0,-1.00000,665112402235,0.00000
1890,945,0,0.35530,0.99480,0.10050,0.01920,1280000,-1.00000,665112406078,0.00000
1891,945,0,1.49620,0.00000,0.00000,0.02130,0,-1.00000,665112423153,0.00000
1892,946,0,0.70720,1.67560,0.10630,0.02180,1280000,-1.00000,665112427039,0.00000
1893,946,0,2.25900,0.00000,0.00000,0.02290,0,-1.00000,665112449822,0.00000
1894,947,0,0.39120,1.62150,0.10150,0.02090,1280000,-1.00000,665112453372,0.00000
1895,947,0,2.18250,0.00000,0.00000,0.02110,0,-1.00000,665112468335,0.00000
1896,948,0,0.37170,1.29420,0.09700,0.02270,1280000,-1.00000,665112475405,0.00000
1897,948,0,1.82590,0.00000,0.00000,0.02080,0,-1.00000,665112498001,0.00000
1898,949,0,0.39960,1.03400,0.09170,0.02120,1280000,-1.00000,665112501910,0.00000
1899,949,0,1.57200,0.00000,0.00000,0.01830,0,-1.00000,665112523737,0.00000
1900,950,0,0.52570,1.11180,0.11440,0.02250,1280000,-1.00000,665112527449,0.00000
1901,950,0,1.68860,0.00000,0.00000,0.01830,0,-1.00000,665112545711,0.00000
1902,951,0,1.00640,1.68480,0.12010,0.02170,1280000,-1.00000,665112549712,0.00000
1903,951,0,2.30320,0.00000,0.00000,0.01790,0,-1.00000,665112565427,0.00000
1904,952,0,0.36580,1.10130,0.09820,0.01880,1280000,-1.00000,665112570685,0.00000
1905,952,0,1.60260,0.00000,0.00000,0.01750,0,-1.00000,665112587572,0.00000
1906,953,0,1.16430,1.00980,0.12960,0.03550,1280000,-1.00000,665112597633,0.00000
1907,953,0,1.64520,0.00000,0.00000,0.01980,0,-1.00000,665112620665,0.00000
1908,954,0,1.04490,1.10710,0.11440,0.02560,1280000,-1.00000,665112624322,0.00000
1909,954,0,1.70760,0.00000,0.00000,0.02000,0,-1.00000,665112640347,0.00000
1910,955,0,0.96499,1.01820,0.10880,0.02520,1280000,-1.00000,665112651991,0.00000
1911,955,0,1.62341,0.00000,0.00000,0.02270,0,-1.00000,665112668455,0.00000
1912,956,0,1.09130,1.16680,0.10580,0.02190,1280000,-1.00000,665112678896,0.00000
1913,956,0,1.74200,0.00000,0.00000,0.01850,0,-1.00000,665112695973,0.00000
1914,957,0,0.35380,1.68460,0.09900,0.03460,1280000,-1.00000,665112705621,0.00000
1915,957,0,2.27850,0.00000,0.00000,0.02380,0,-1.00000,665112721861,0.00000
1916,958,0,1.71920,1.12150,0.12130,0.03350,1280000,-1.00000,665112732778,0.00000
1917,958,0,1.89160,0.00000,0.00000,0.02330,0,-1.00000,665112750184,0.00000
1918,959,0,1.42410,1.03200,0.11260,0.03310,1280000,-1.00000,665112753720,0.00000
1919,959,0,1.89840,0.00000,0.00000,0.02270,0,-1.00000,665112776518,0.00000
1920,960,0,0.41130,1.12670,0.10560,0.02420,1280000,-1.00000,665112793708,0.00000
1921,960,0,2.16110,0.00000,0.00000,0.02040,0,-1.00000,665112812632,0.00000
1922,961,0,0.96290,1.07310,0.14310,0.02780,1280000,-1.00000,665112826905,0.00000
1923,961,0,1.97350,0.00000,0.00000,0.02020,0,-1.00000,665112845846,0.00000
1924,962,0,0.72370,1.11420,0.09530,0.02250,1280000,-1.00000,665112849953,0.00000
1925,962,0,1.71790,0.00000,0.00000,0.02120,0,-1.00000,665112871563,0.00000
1926,963,0,0.93580,1.01700,0.09110,0.02040,1280000,-1.00000,665112881194,0.00000
1927,963,0,1.56660,0.00000,0.00000,0.01840,0,-1.00000,665112900943,0.00000
1928,964,0,1.21560,1.13570,0.11900,0.03260,1280000,-1.00000,665112908173,0.00000
1929,964,0,1.85460,0.00000,0.00000,0.02130,0,-1.00000,665112925351,0.00000
1930,965,0,0.82320,1.03170,0.09740,0.02280,1280000,-1.00000,665112934711,0.00000
1931,965,0,1.58710,0.00000,0.00000,0.01870,0,-1.00000,665112950370,0.00000
1932,966,0,1.10620,1.13070,0.10380,0.02310,1280000,-1.00000,665112962538,0.00000
1933,966,0,1.70040,0.00000,0.00000,0.01970,0,-1.00000,665112981085,0.00000
1934,967,0,0.38220,1.02080,0.10090,0.02120,1280000,-1.00000,665112989310,0.00000
1935,967,0,1.90730,0.00000,0.00000,0.02150,0,-1.00000,665113005175,0.00000
1936,968,0,1.26850,1.12300,0.09410,0.02330,1280000,-1.00000,665113016239,0.00000
1937,968,0,1.71740,0.00000,0.00000,0.01920,0,-1.00000,665113033246,0.00000
1938,969,0,1.15570,1.05040,0.11810,0.02170,1280000,-1.00000,665113037059,0.00000
1939,969,0,1.62560,0.00000,0.00000,0.01820,0,-1.00000,665113056135,0.00000
1940,970,0,1.02299,1.11720,0.09440,0.01960,1280000,-1.00000,665113068818,0.00000
1941,970,0,1.71660,0.00000,0.00000,0.02020,0,-1.00000,665113085995,0.00000
1942,971,0,0.99770,1.75440,0.10340,0.02120,1280000,-1.00000,665113097551,0.00000
1943,971,0,2.33660,0.00000,0.00000,0.02260,0,-1.00000,665113113811,0.00000
1944,972,0,0.38761,1.11460,0.09950,0.01910,1280000,-1.00000,665113124048,0.00000
1945,972,0,1.62489,0.00000,0.00000,0.01850,0,-1.00000,665113141206,0.00000
1946,973,0,0.96640,1.12270,0.11760,0.02830,1280000,-1.00000,665113151185,0.00000
1947,973,0,1.78860,0.00000,0.00000,0.01980,0,-1.00000,665113174554,0.00000
1948,974,0,0.93900,1.15460,0.11010,0.01920,1280000,-1.00000,665113178426,0.00000
1949,974,0,1.69290,0.00000,0.00000,0.01810,0,-1.00000,665113194672,0.00000
1950,975,0,1.02640,1.03200,0.10170,0.02160,1280000,-1.00000,665113204533,0.00000
1951,975,0,1.73560,0.00000,0.00000,0.02250,0,-1.00000,665113222228,0.00000
1952,976,0,0.96070,1.12100,0.09800,0.01990,1280000,-1.00000,665113231605,0.00000
1953,976,0,1.97480,0.00000,0.00000,0.02040,0,-1.00000,665113248541,0.00000
1954,977,0,0.69070,1.02970,0.11280,0.02540,1280000,-1.00000,665113258804,0.00000
1955,977,0,1.66570,0.00000,0.00000,0.02050,0,-1.00000,665113276157,0.00000
1956,978,0,0.90970,1.58800,0.10490,0.02740,1280000,-1.00000,665113285765,0.00000
1957,978,0,2.31820,0.00000,0.00000,0.02140,0,-1.00000,665113305516,0.00000
1958,979,0,0.38400,1.07530,0.10050,0.02110,1280000,-1.00000,665113312423,0.00000
1959,979,0,1.63810,0.00000,0.00000,0.02000,0,-1.00000,665113329088,0.00000
1960,980,0,0.36030,1.16570,0.09690,0.02040,1280000,-1.00000,665113338205,0.00000
1961,980,0,1.68980,0.00000,0.00000,0.01810,0,-1.00000,665113361368,0.00000
1962,981,0,0.32250,1.64610,0.10480,0.02160,1280000,-1.00000,665113365199,0.00000
1963,981,0,2.18960,0.00000,0.00000,0.01790,0,-1.00000,665113381586,0.00000
1964,982,0,0.66970,1.66010,0.09940,0.02500,1280000,-1.00000,665113385182,0.00000
1965,982,0,2.29720,0.00000,0.00000,0.02080,0,-1.00000,665113402078,0.00000
1966,983,0,0.43860,1.03180,0.09760,0.01990,1280000,-1.00000,665113405304,0.00000
1967,983,0,1.56070,0.00000,0.00000,0.01790,0,-1.00000,665113427202,0.00000
1968,984,0,2.44810,1.12260,0.11500,0.02890,1280000,-1.00000,665113433941,0.00000
1969,984,0,1.82540,0.00000,0.00000,0.02440,0,-1.00000,665113456878,0.00000
1970,985,0,0.95060,1.10190,0.10150,0.02260,1280000,-1.00000,665113461254,0.00000
1971,985,0,1.69490,0.00000,0.00000,0.01920,0,-1.00000,665113476862,0.00000
1972,986,0,1.02490,1.81530,0.10610,0.02600,1280000,-1.00000,665113501343,0.00000
1973,986,0,2.45160,0.00000,0.00000,0.01990,0,-1.00000,665113519614,0.00000
1974,987,0,0.36980,1.50720,0.09880,0.02160,1280000,-1.00000,665113529129,0.00000
1975,987,0,2.03310,0.00000,0.00000,0.01890,0,-1.00000,665113546052,0.00000
1976,988,0,0.36580,1.17260,0.10230,0.02430,1280000,-1.00000,665113556342,0.00000
1977,988,0,1.82250,0.00000,0.00000,0.01960,0,-1.00000,665113580822,0.00000
1978,989,0,0.99640,1.72280,0.11760,0.02580,1280000,-1.00000,665113584521,0.00000
1979,989,0,2.45080,0.00000,0.00000,0.01920,0,-1.00000,665113604847,0.00000
1980,990,0,0.53590,1.72330,0.12370,0.02480,1280000,-1.00000,665113608508,0.00000
1981,990,0,2.31910,0.00000,0.00000,0.02070,0,-1.00000,665113626734,0.00000
1982,991,0,0.64401,1.71650,0.10500,0.02180,1280000,-1.00000,665113636739,0.00000
1983,991,0,2.41050,0.00000,0.00000,0.02100,0,-1.00000,665113661213,0.00000
1984,992,0,0.39220,1.16760,0.09640,0.02140,1280000,-1.00000,665113666562,0.00000
1985,992,0,1.70220,0.00000,0.00000,0.01840,0,-1.00000,665113689754,0.00000
1986,993,0,0.39780,1.31550,0.10440,0.02610,1280000,-1.00000,665113696254,0.00000
1987,993,0,1.93710,0.00000,0.00000,0.01850,0,-1.00000,665113720301,0.00000
1988,994,0,0.53560,1.72940,0.10550,0.02030,1280000,-1.00000,665113724224,0.00000
1989,994,0,2.28880,0.00000,0.00000,0.02300,0,-1.00000,665113741242,0.00000
1990,995,0,0.36360,1.05460,0.10450,0.02440,1280000,-1.00000,665113745221,0.00000
1991,995,0,1.63300,0.00000,0.00000,0.02340,0,-1.00000,665113764590,0.00000
1992,996,0,1.11800,1.13250,0.12940,0.02540,1280000,-1.00000,665113769947,0.00000
1993,996,0,1.75170,0.00000,0.00000,0.02310,0,-1.00000,665113792842,0.00000
1994,997,0,1.03510,1.12380,0.10800,0.02240,1280000,-1.00000,665113796471,0.00000
1995,997,0,1.78160,0.00000,0.00000,0.02160,0,-1.00000,665113812805,0.00000
1996,998,0,0.87209,1.17560,0.09950,0.02240,1280000,-1.00000,665113823985,0.00000
1997,998,0,1.72500,0.00000,0.00000,0.01850,0,-1.00000,665113841508,0.00000
1998,999,0,0.34680,1.43200,0.10350,0.02400,1280000,-1.00000,665113851854,0.00000
1999,999,0,2.00590,0.00000,0.00000,0.02070,0,-1.00000,665113869667,0.00000
2000,1000,0,1.28820,1.13670,0.09960,0.02240,1280000,-1.00000,665113878390,0.00000
2001,1000,0,1.76540,0.00000,0.00000,0.01850,0,-1.00000,665113895636,0.00000
2002,1001,0,0.94041,1.04430,0.10420,0.01850,1280000,-1.00000,665113899105,0.00000
2003,1001,0,1.60060,0.00000,0.00000,0.01750,0,-1.00000,665113919167,0.00000
2004,1002,0,0.32620,1.43600,0.11670,0.02270,1280000,-1.00000,665113932269,0.00000
2005,1002,0,2.06530,0.00000,0.00000,0.01920,0,-1.00000,665113949698,0.00000
2006,1003,0,1.42430,1.70270,0.10580,0.02660,1280000,-1.00000,665113959102,0.00000
2007,1003,0,2.32290,0.00000,0.00000,0.01860,0,-1.00000,665113975107,0.00000
2008,1004,0,0.34950,1.13070,0.10530,0.02000,1280000,-1.00000,665113978368,0.00000
2009,1004,0,1.65750,0.00000,0.00000,0.01770,0,-1.00000,665113999041,0.00000
2010,1005,0,2.27780,1.04960,0.10210,0.02320,1280000,-1.00000,665114013274,0.00000
2011,1005,0,1.60090,0.00000,0.00000,0.01810,0,-1.00000,665114036498,0.00000
2012,1006,0,1.09349,1.13620,0.10970,0.01960,1280000,-1.00000,665114039993,0.00000
2013,1006,0,1.67950,0.00000,0.00000,0.02420,0,-1.00000,665114056566,0.00000
2014,1007,0,1.08890,1.04630,0.10720,0.02080,1280000,-1.00000,665114079347,0.00000
2015,1007,0,1.72020,0.00000,0.00000,0.01950,0,-1.00000,665114095353,0.00000
2016,1008,0,0.92590,1.18050,0.10630,0.02310,1280000,-1.00000,665114106285,0.00000
2017,1008,0,1.78610,0.00000,0.00000,0.02260,0,-1.00000,665114123092,0.00000
2018,1009,0,1.31720,1.07860,0.09840,0.02400,1280000,-1.00000,665114133976,0.00000
2019,1009,0,1.67881,0.00000,0.00000,0.02200,0,-1.00000,665114151179,0.00000
2020,1010,0,1.01030,1.18770,0.10960,0.02280,1280000,-1.00000,665114160449,0.00000
2021,1010,0,1.77230,0.00000,0.00000,0.02080,0,-1.00000,665114178287,0.00000
2022,1011,0,1.06010,1.05970,0.10540,0.02390,1280000,-1.00000,665114191464,0.00000
2023,1011,0,1.68941,0.00000,0.00000,0.02270,0,-1.00000,665114208260,0.00000
2024,1012,0,0.37479,1.16720,0.16140,0.02210,1280000,-1.00000,665114218359,0.00000
2025,1012,0,1.85471,0.00000,0.00000,0.01780,0,-1.00000,665114236079,0.00000
2026,1013,0,1.58300,1.07850,0.12050,0.03590,1280000,-1.00000,665114246691,0.00000
2027,1013,0,1.81020,0.00000,0.00000,0.02540,0,-1.00000,665114263570,0.00000
2028,1014,0,0.42290,1.67510,0.10410,0.02260,1280000,-1.00000,665114267324,0.00000
2029,1014,0,2.23379,0.00000,0.00000,0.01910,0,-1.00000,665114285868,0.00000
2030,1015,0,0.36590,1.22240,0.09860,0.02470,1280000,-1.00000,665114301700,0.00000
2031,1015,0,1.81490,0.00000,0.00000,0.02080,0,-1.00000,665114319815,0.00000
2032,1016,0,0.76730,1.18170,0.11360,0.01880,1280000,-1.00000,665114324029,0.00000
2033,1016,0,1.72670,0.00000,0.00000,0.01730,0,-1.00000,665114346371,0.00000
2034,1017,0,0.96760,1.05350,0.10050,0.02320,1280000,-1.00000,665114350035,0.00000
2035,1017,0,1.63410,0.00000,0.00000,0.01830,0,-1.00000,665114368179,0.00000
2036,1018,0,1.06220,1.14370,0.11460,0.02610,1280000,-1.00000,665114375851,0.00000
2037,1018,0,1.71380,0.00000,0.00000,0.02100,0,-1.00000,665114393114,0.00000
2038,1019,0,1.01060,1.47510,0.12700,0.02710,1280000,-1.00000,665114402793,0.00000
2039,1019,0,2.10080,0.00000,0.00000,0.02140,0,-1.00000,665114419135,0.00000
2040,1020,0,0.57670,1.19140,0.11100,0.02240,1280000,-1.00000,665114429758,0.00000
2041,1020,0,1.81910,0.00000,0.00000,0.01900,0,-1.00000,665114446899,0.00000
2042,1021,0,0.90230,1.05900,0.10520,0.01890,1280000,-1.00000,665114457003,0.00000
2043,1021,0,1.61060,0.00000,0.00000,0.01740,0,-1.00000,665114478011,0.00000
2044,1022,0,1.11870,1.18660,0.11860,0.01820,1280000,-1.00000,665114483776,0.00000
2045,1022,0,1.69890,0.00000,0.00000,0.01710,0,-1.00000,665114501966,0.00000
2046,1023,0,2.39670,1.15360,0.15280,0.02260,1280000,-1.00000,665114510991,0.00000
2047,1023,0,1.74270,0.00000,0.00000,0.01860,0,-1.00000,665114527091,0.00000
2048,1024,0,0.36200,1.41290,0.14550,0.02000,1280000,-1.00000,665114538284,0.00000
2049,1024,0,2.05170,0.00000,0.00000,0.02210,0,-1.00000,665114555269,0.00000
2050,1025,0,0.37860,1.66170,0.10800,0.02440,1280000,-1.00000,665114579238,0.00000
2051,1025,0,2.27450,0.00000,0.00000,0.02010,0,-1.00000,665114596665,0.00000
2052,1026,0,0.36510,1.32100,0.15020,0.02880,1280000,-1.00000,665114600288,0.00000
2053,1026,0,1.94311,0.00000,0.00000,0.01920,0,-1.00000,665114620800,0.00000
2054,1027,0,1.54370,1.69280,0.10210,0.02580,1280000,-1.00000,665114624588,0.00000
2055,1027,0,2.35959,0.00000,0.00000,0.01840,0,-1.00000,665114647331,0.00000
2056,1028,0,0.36260,1.20830,0.15350,0.02670,1280000,-1.00000,665114650983,0.00000
2057,1028,0,1.83880,0.00000,0.00000,0.01890,0,-1.00000,665114670422,0.00000
2058,1029,0,0.35750,1.13620,0.15380,0.01730,1280000,-1.00000,665114685858,0.00000
2059,1029,0,1.69140,0.00000,0.00000,0.01690,0,-1.00000,665114709450,0.00000
2060,1030,0,1.52500,1.21040,0.11050,0.02530,1280000,-1.00000,665114713070,0.00000
2061,1030,0,1.78970,0.00000,0.00000,0.01870,0,-1.00000,665114731462,0.00000
2062,1031,0,0.93990,1.22570,0.09520,0.02430,1280000,-1.00000,665114735035,0.00000
2063,1031,0,1.79240,0.00000,0.00000,0.01960,0,-1.00000,665114751949,0.00000
2064,1032,0,0.88050,1.15520,0.09610,0.02040,1280000,-1.00000,665114767198,0.00000
2065,1032,0,1.76680,0.00000,0.00000,0.02340,0,-1.00000,665114785100,0.00000
2066,1033,0,1.03380,1.07480,0.09810,0.02240,1280000,-1.00000,665114794515,0.00000
2067,1033,0,1.67580,0.00000,0.00000,0.01860,0,-1.00000,665114812427,0.00000
2068,1034,0,0.99430,1.16920,0.09660,0.02460,1280000,-1.00000,665114821224,0.00000
2069,1034,0,1.74400,0.00000,0.00000,0.01960,0,-1.00000,665114838899,0.00000
2070,1035,0,0.97640,1.09050,0.10580,0.02310,1280000,-1.00000,665114849235,0.00000
2071,1035,0,1.67170,0.00000,0.00000,0.01830,0,-1.00000,665114865989,0.00000
2072,1036,0,0.92740,1.15700,0.10030,0.02180,1280000,-1.00000,665114875939,0.00000
2073,1036,0,1.71830,0.00000,0.00000,0.01810,0,-1.00000,665114893379,0.00000
2074,1037,0,0.34620,1.68580,0.13670,0.03250,1280000,-1.00000,665114903140,0.00000
2075,1037,0,2.34960,0.00000,0.00000,0.02000,0,-1.00000,665114919853,0.00000
2076,1038,0,0.38830,1.52210,0.09670,0.02660,1280000,-1.00000,665114929133,0.00000
2077,1038,0,2.11920,0.00000,0.00000,0.01950,0,-1.00000,665114946311,0.00000
2078,1039,0,0.36540,1.67890,0.10840,0.02270,1280000,-1.00000,665114949772,0.00000
2079,1039,0,2.22440,0.00000,0.00000,0.01820,0,-1.00000,665114973280,0.00000
2080,1040,0,0.34200,1.71530,0.09840,0.02090,1280000,-1.00000,665114977160,0.00000
2081,1040,0,2.23790,0.00000,0.00000,0.01790,0,-1.00000,665114998351,0.00000
2082,1041,0,0.34680,1.75220,0.10470,0.01940,1280000,-1.00000,665115001997,0.00000
2083,1041,0,2.27360,0.00000,0.00000,0.01720,0,-1.00000,665115024245,0.00000
2084,1042,0,0.42540,1.25270,0.11560,0.02750,1280000,-1.00000,665115027657,0.00000
2085,1042,0,1.88390,0.00000,0.00000,0.02310,0,-1.00000,665115050039,0.00000
2086,1043,0,0.61330,1.21740,0.10920,0.02310,1280000,-1.00000,665115053507,0.00000
2087,1043,0,1.75310,0.00000,0.00000,0.02400,0,-1.00000,665115076245,0.00000
2088,1044,0,1.00140,1.20860,0.10710,0.02470,1280000,-1.00000,665115080498,0.00000
2089,1044,0,1.79600,0.00000,0.00000,0.01860,0,-1.00000,665115099343,0.00000
2090,1045,0,1.36190,1.09430,0.10100,0.02230,1280000,-1.00000,665115105469,0.00000
2091,1045,0,1.69640,0.00000,0.00000,0.01960,0,-1.00000,665115123011,0.00000
2092,1046,0,0.92130,1.68110,0.10550,0.02200,1280000,-1.00000,665115133017,0.00000
2093,1046,0,2.24880,0.00000,0.00000,0.01840,0,-1.00000,665115150978,0.00000
2094,1047,0,0.35830,1.10850,0.10630,0.02420,1280000,-1.00000,665115164591,0.00000
2095,1047,0,1.76280,0.00000,0.00000,0.02240,0,-1.00000,665115181561,0.00000
2096,1048,0,0.63850,1.17710,0.10800,0.02110,1280000,-1.00000,665115190777,0.00000
2097,1048,0,1.75300,0.00000,0.00000,0.01850,0,-1.00000,665115213259,0.00000
2098,1049,0,0.93650,1.75100,0.11050,0.02400,1280000,-1.00000,665115216839,0.00000
2099,1049,0,2.36710,0.00000,0.00000,0.01910,0,-1.00000,665115234472,0.00000
2100,1050,0,0.37310,1.18080,0.10410,0.01900,1280000,-1.00000,665115240858,0.00000
