frame,tick,dropped_ticks,frame_ms,pack_ms,upload_ms,submit_ms,upload_bytes,latest_gpu_ms,gpu_timing_timestamp,simulation_cpu_ms
301,150,0,4.14450,0.00000,0.00000,0.02350,0,-1.00000,665830708001,0.00000
302,151,0,0.95660,3.69700,0.21990,0.03830,3840000,-1.00000,665830788881,0.00000
303,151,0,4.61060,0.00000,0.00000,0.02190,0,-1.00000,665830834895,0.00000
304,152,0,0.46050,3.31760,0.18520,0.02860,3840000,-1.00000,665830839155,0.00000
305,152,0,4.22670,0.00000,0.00000,0.01830,0,-1.00000,665830880610,0.00000
306,153,0,3.22820,3.35130,0.23910,0.04490,3840000,-1.00000,665830890169,0.00000
307,153,0,4.37010,0.00000,0.00000,0.01860,0,-1.00000,665830936282,0.00000
308,154,0,2.05760,3.18980,0.18020,0.02110,3840000,-1.00000,665830940875,0.00000
309,154,0,3.99950,0.00000,0.00000,0.01870,0,-1.00000,665830983160,0.00000
310,155,0,0.36510,3.85310,0.17700,0.02680,3840000,-1.00000,665831015451,0.00000
311,155,0,5.33430,0.00000,0.00000,0.02010,0,-1.00000,665831059142,0.00000
312,156,0,3.31040,3.50000,0.24630,0.06380,3840000,-1.00000,665831079698,0.00000
313,156,0,4.77470,0.00000,0.00000,0.02310,0,-1.00000,665831119705,0.00000
314,157,0,1.92580,3.42560,0.23640,0.03640,3840000,-1.00000,665831123343,0.00000
315,157,0,4.60509,0.00000,0.00000,0.01740,0,-1.00000,665831176698,0.00000
316,158,0,0.48100,3.49130,0.17550,0.02360,3840000,-1.00000,665831209800,0.00000
317,158,0,4.23810,0.00000,0.00000,0.02500,0,-1.00000,665831257576,0.00000
318,159,0,0.39250,3.49860,0.22370,0.03090,3840000,-1.00000,665831276927,0.00000
319,159,0,4.29320,0.00000,0.00000,0.02180,0,-1.00000,665831322872,0.00000
320,160,0,0.44390,3.30310,0.20960,0.03070,3840000,-1.00000,665831327658,0.00000
321,160,0,4.16030,0.00000,0.00000,0.01870,0,-1.00000,665831370055,0.00000
322,161,0,0.41070,3.20630,0.18790,0.02430,3840000,-1.00000,665831373964,0.00000
323,161,0,3.96420,0.00000,0.00000,0.02170,0,-1.00000,665831416914,0.00000
324,162,0,0.41740,3.91500,0.22170,0.03400,3840000,-1.00000,665831421336,0.00000
325,162,0,5.06570,0.00000,0.00000,0.02150,0,-1.00000,665831462953,0.00000
326,163,0,0.38990,3.42820,0.25200,0.02950,3840000,-1.00000,665831467047,0.00000
327,163,0,4.35320,0.00000,0.00000,0.01760,0,-1.00000,665831506695,0.00000
328,164,0,0.46020,3.27880,0.21440,0.02240,3840000,-1.00000,665831510860,0.00000
329,164,0,4.41190,0.00000,0.00000,0.02740,0,-1.00000,665831561540,0.00000
330,165,0,0.66050,3.37890,0.21090,0.04050,3840000,-1.00000,665831565418,0.00000
331,165,0,4.42310,0.00000,0.00000,0.02350,0,-1.00000,665831608971,0.00000
332,166,0,0.49080,3.26390,0.14740,0.03360,3840000,-1.00000,665831613552,0.00000
333,166,0,4.46229,0.00000,0.00000,0.02470,0,-1.00000,665831657827,0.00000
334,167,0,0.42341,3.39440,0.16290,0.02300,3840000,-1.00000,665831664296,0.00000
335,167,0,4.20010,0.00000,0.00000,0.01800,0,-1.00000,665831708542,0.00000
336,168,0,0.39880,3.43800,0.24740,0.03430,3840000,-1.00000,665831713427,0.00000
337,168,0,4.61840,0.00000,0.00000,0.02220,0,-1.00000,665831758040,0.00000
338,169,0,0.47860,3.36990,0.15170,0.02560,3840000,-1.00000,665831762268,0.00000
339,169,0,4.21370,0.00000,0.00000,0.01900,0,-1.00000,665831804282,0.00000
340,170,0,0.38980,3.40010,0.16610,0.02580,3840000,-1.00000,665831808262,0.00000
341,170,0,4.37170,0.00000,0.00000,0.02010,0,-1.00000,665831854471,0.00000
342,171,0,0.45741,3.42720,0.23380,0.04050,3840000,-1.00000,665831859233,0.00000
343,171,0,4.41840,0.00000,0.00000,0.02050,0,-1.00000,665831901383,0.00000
344,172,0,0.40240,4.11550,0.20270,0.03660,3840000,-1.00000,665831905276,0.00000
345,172,0,5.36300,0.00000,0.00000,0.02070,0,-1.00000,665831948994,0.00000
346,173,0,0.59211,4.10200,0.19970,0.02380,3840000,-1.00000,665831953567,0.00000
347,173,0,4.87950,0.00000,0.00000,0.02020,0,-1.00000,665831997770,0.00000
348,174,0,0.39250,3.47060,0.16680,0.02210,3840000,-1.00000,665832001765,0.00000
349,174,0,4.44970,0.00000,0.00000,0.01910,0,-1.00000,665832055422,0.00000
350,175,0,0.41630,3.38930,0.18450,0.02800,3840000,-1.00000,665832061316,0.00000
351,175,0,4.18560,0.00000,0.00000,0.01690,0,-1.00000,665832110118,0.00000
352,176,0,0.38910,3.30500,0.14140,0.02360,3840000,-1.00000,665832114035,0.00000
353,176,0,4.01200,0.00000,0.00000,0.02000,0,-1.00000,665832158544,0.00000
354,177,0,0.44210,3.45060,0.23300,0.03970,3840000,-1.00000,665832162694,0.00000
355,177,0,4.39221,0.00000,0.00000,0.01820,0,-1.00000,665832204559,0.00000
356,178,0,0.46970,3.61590,0.24090,0.03330,3840000,-1.00000,665832208439,0.00000
357,178,0,5.11250,0.00000,0.00000,0.01840,0,-1.00000,665832248574,0.00000
358,179,0,0.45410,3.49280,0.19940,0.02300,3840000,-1.00000,665832252991,0.00000
359,179,0,4.32521,0.00000,0.00000,0.02160,0,-1.00000,665832296928,0.00000
360,180,0,0.59820,3.40170,0.18950,0.03050,3840000,-1.00000,665832301604,0.00000
361,180,0,4.23459,0.00000,0.00000,0.02120,0,-1.00000,665832352762,0.00000
362,181,0,0.48290,3.42230,0.20460,0.03030,3840000,-1.00000,665832357311,0.00000
363,181,0,4.29350,0.00000,0.00000,0.02150,0,-1.00000,665832400529,0.00000
364,182,0,0.45740,3.28400,0.15880,0.02060,3840000,-1.00000,665832406505,0.00000
365,182,0,4.71880,0.00000,0.00000,0.01930,0,-1.00000,665832448869,0.00000
366,183,0,0.42140,3.31700,0.16570,0.02380,3840000,-1.00000,665832453677,0.00000
367,183,0,4.13420,0.00000,0.00000,0.01900,0,-1.00000,665832496632,0.00000
368,184,0,0.55291,3.58480,0.28960,0.03370,3840000,-1.00000,665832501186,0.00000
369,184,0,4.55390,0.00000,0.00000,0.02230,0,-1.00000,665832548382,0.00000
370,185,0,0.48250,3.23900,0.22260,0.02770,3840000,-1.00000,665832552592,0.00000
371,185,0,4.20750,0.00000,0.00000,0.02230,0,-1.00000,665832593936,0.00000
372,186,0,0.53500,3.32220,0.20940,0.02590,3840000,-1.00000,665832599458,0.00000
373,186,0,4.22650,0.00000,0.00000,0.02470,0,-1.00000,665832645028,0.00000
374,187,0,0.48080,3.51710,0.19650,0.02580,3840000,-1.00000,665832649826,0.00000
375,187,0,4.56320,0.00000,0.00000,0.01920,0,-1.00000,665832691924,0.00000
376,188,0,0.41870,3.37880,0.20410,0.03610,3840000,-1.00000,665832697255,0.00000
377,188,0,4.57770,0.00000,0.00000,0.02230,0,-1.00000,665832739545,0.00000
378,189,0,0.61880,3.78540,0.29590,0.04850,3840000,-1.00000,665832744328,0.00000
379,189,0,5.02690,0.00000,0.00000,0.02170,0,-1.00000,665832789971,0.00000
380,190,0,0.43450,3.65100,0.23820,0.04060,3840000,-1.00000,665832794141,0.00000
381,190,0,4.58570,0.00000,0.00000,0.01990,0,-1.00000,665832839955,0.00000
382,191,0,0.46620,3.36100,0.21800,0.03510,3840000,-1.00000,665832846116,0.00000
383,191,0,4.23110,0.00000,0.00000,0.02310,0,-1.00000,665832896408,0.00000
384,192,0,0.44330,3.30160,0.22430,0.02800,3840000,-1.00000,665832900729,0.00000
385,192,0,4.12611,0.00000,0.00000,0.02170,0,-1.00000,665832946594,0.00000
386,193,0,0.45900,3.26750,0.14680,0.02180,3840000,-1.00000,665832951239,0.00000
387,193,0,4.55350,0.00000,0.00000,0.01760,0,-1.00000,665832993562,0.00000
388,194,0,0.56210,3.48910,0.18100,0.03270,3840000,-1.00000,665832997985,0.00000
389,194,0,4.44430,0.00000,0.00000,0.02030,0,-1.00000,665833039253,0.00000
390,195,0,0.40760,3.52280,0.15800,0.02160,3840000,-1.00000,665833043833,0.00000
391,195,0,4.23510,0.00000,0.00000,0.02350,0,-1.00000,665833089375,0.00000
392,196,0,0.43880,3.44630,0.17910,0.02270,3840000,-1.00000,665833094991,0.00000
393,196,0,4.23960,0.00000,0.00000,0.01980,0,-1.00000,665833139462,0.00000
394,197,0,0.40350,3.31040,0.14980,0.02110,3840000,-1.00000,665833143509,0.00000
395,197,0,4.78230,0.00000,0.00000,0.02310,0,-1.00000,665833185869,0.00000
396,198,0,0.49460,3.41230,0.18810,0.03310,3840000,-1.00000,665833190248,0.00000
397,198,0,4.38340,0.00000,0.00000,0.01970,0,-1.00000,665833232654,0.00000
398,199,0,0.45320,3.98360,0.24590,0.02860,3840000,-1.00000,665833236677,0.00000
399,199,0,4.84311,0.00000,0.00000,0.01930,0,-1.00000,665833284516,0.00000
400,200,0,0.44110,3.30610,0.17410,0.02090,3840000,-1.00000,665833289457,0.00000
401,200,0,4.00720,0.00000,0.00000,0.01620,0,-1.00000,665833333302,0.00000
402,201,0,0.38810,3.48810,0.19680,0.02780,3840000,-1.00000,665833337816,0.00000
403,201,0,4.76330,0.00000,0.00000,0.02330,0,-1.00000,665833386253,0.00000
404,202,0,0.51030,3.47400,0.22850,0.02570,3840000,-1.00000,665833390657,0.00000
405,202,0,4.37080,0.00000,0.00000,0.01980,0,-1.00000,665833430728,0.00000
406,203,0,0.38840,3.32750,0.15270,0.02270,3840000,-1.00000,665833434608,0.00000
407,203,0,4.08150,0.00000,0.00000,0.01790,0,-1.00000,665833482281,0.00000
408,204,0,0.53910,3.30100,0.17920,0.02580,3840000,-1.00000,665833487350,0.00000
409,204,0,4.37950,0.00000,0.00000,0.01840,0,-1.00000,665833531066,0.00000
410,205,0,0.55920,3.51470,0.24260,0.04100,3840000,-1.00000,665833534938,0.00000
411,205,0,4.53369,0.00000,0.00000,0.01980,0,-1.00000,665833575784,0.00000
412,206,0,0.42580,3.58980,0.24020,0.03420,3840000,-1.00000,665833581143,0.00000
413,206,0,4.84200,0.00000,0.00000,0.02390,0,-1.00000,665833624944,0.00000
414,207,0,0.65580,3.49780,0.17250,0.02950,3840000,-1.00000,665833630529,0.00000
415,207,0,4.29280,0.00000,0.00000,0.02000,0,-1.00000,665833675883,0.00000
416,208,0,0.43580,3.37800,0.13610,0.01830,3840000,-1.00000,665833680130,0.00000
417,208,0,4.40110,0.00000,0.00000,0.02590,0,-1.00000,665833728591,0.00000
418,209,0,0.48390,3.64420,0.19860,0.03090,3840000,-1.00000,665833735113,0.00000
419,209,0,4.57210,0.00000,0.00000,0.02360,0,-1.00000,665833778046,0.00000
420,210,0,0.39709,3.40830,0.15560,0.02430,3840000,-1.00000,665833782389,0.00000
421,210,0,4.16040,0.00000,0.00000,0.01880,0,-1.00000,665833826398,0.00000
422,211,0,0.40270,4.00210,0.18080,0.03050,3840000,-1.00000,665833831235,0.00000
423,211,0,4.89680,0.00000,0.00000,0.01900,0,-1.00000,665833876970,0.00000
424,212,0,0.48639,3.54970,0.22060,0.03200,3840000,-1.00000,665833880939,0.00000
425,212,0,5.03760,0.00000,0.00000,0.02220,0,-1.00000,665833922540,0.00000
426,213,0,0.43260,3.52690,0.31570,0.05470,3840000,-1.00000,665833926565,0.00000
427,213,0,4.74150,0.00000,0.00000,0.02170,0,-1.00000,665833975545,0.00000
428,214,0,0.43141,3.33180,0.18570,0.02760,3840000,-1.00000,665833980394,0.00000
429,214,0,4.12290,0.00000,0.00000,0.01910,0,-1.00000,665834030795,0.00000
430,215,0,0.43110,3.50210,0.24200,0.05640,3840000,-1.00000,665834035099,0.00000
431,215,0,4.45330,0.00000,0.00000,0.02210,0,-1.00000,665834082547,0.00000
432,216,0,0.45440,3.52070,0.31730,0.07370,3840000,-1.00000,665834086827,0.00000
433,216,0,4.70350,0.00000,0.00000,0.02210,0,-1.00000,665834128069,0.00000
434,217,0,0.45660,3.29030,0.20990,0.04090,3840000,-1.00000,665834132367,0.00000
435,217,0,4.76970,0.00000,0.00000,0.02470,0,-1.00000,665834176945,0.00000
436,218,0,0.44410,3.46200,0.25130,0.03400,3840000,-1.00000,665834181444,0.00000
437,218,0,4.33090,0.00000,0.00000,0.02540,0,-1.00000,665834228521,0.00000
438,219,0,0.47830,3.29580,0.19710,0.02700,3840000,-1.00000,665834233042,0.00000
439,219,0,4.18760,0.00000,0.00000,0.02620,0,-1.00000,665834280768,0.00000
440,220,0,3.39650,3.32900,0.16570,0.02440,3840000,-1.00000,665834285184,0.00000
441,220,0,4.56170,0.00000,0.00000,0.02220,0,-1.00000,665834328516,0.00000
442,221,0,0.41130,3.38660,0.18810,0.09470,3840000,-1.00000,665834333278,0.00000
443,221,0,4.40110,0.00000,0.00000,0.01990,0,-1.00000,665834375163,0.00000
444,222,0,6.34210,3.37540,0.14910,0.02650,3840000,-1.00000,665834409112,0.00000
445,222,0,437.85751,0.00000,0.00000,0.03960,0,-1.00000,665834454753,0.00000
446,223,0,0.77640,3.33760,0.25300,0.03330,3840000,-1.00000,665834458847,0.00000
447,223,0,5.50270,0.00000,0.00000,0.02710,0,-1.00000,665834502864,0.00000
448,224,0,0.55630,3.25680,0.25250,0.04520,3840000,-1.00000,665834566284,0.00000
449,224,0,4.44180,0.00000,0.00000,0.02050,0,-1.00000,665838944996,0.00000
450,225,0,0.41350,3.22960,0.13310,0.02490,3840000,-1.00000,665838952624,0.00000
451,225,0,4.24290,0.00000,0.00000,0.01850,0,-1.00000,665839007691,0.00000
452,226,0,0.41830,3.30950,0.17520,0.02220,3840000,-1.00000,665839013218,0.00000
453,226,0,4.06270,0.00000,0.00000,0.01820,0,-1.00000,665839057645,0.00000
454,227,0,0.38440,3.09630,0.18900,0.01930,3840000,-1.00000,665839061759,0.00000
455,227,0,3.83130,0.00000,0.00000,0.01730,0,-1.00000,665839104200,0.00000
456,228,0,0.35080,3.07180,0.15270,0.01980,3840000,-1.00000,665839108375,0.00000
457,228,0,3.77100,0.00000,0.00000,0.01680,0,-1.00000,665839149003,0.00000
458,229,0,0.30110,3.17270,0.15230,0.01780,3840000,-1.00000,665839152837,0.00000
459,229,0,3.86860,0.00000,0.00000,0.02170,0,-1.00000,665839191152,0.00000
460,230,0,0.42140,3.31380,0.19150,0.04000,3840000,-1.00000,665839194655,0.00000
461,230,0,4.43690,0.00000,0.00000,0.02100,0,-1.00000,665839232373,0.00000
462,231,0,0.52910,3.24760,0.19410,0.02260,3840000,-1.00000,665839235375,0.00000
463,231,0,4.06360,0.00000,0.00000,0.02090,0,-1.00000,665839274077,0.00000
464,232,0,0.41380,3.09490,0.14930,0.02140,3840000,-1.00000,665839278279,0.00000
465,232,0,3.79470,0.00000,0.00000,0.01620,0,-1.00000,665839322687,0.00000
466,233,0,0.36560,3.26780,0.14340,0.02300,3840000,-1.00000,665839327947,0.00000
467,233,0,4.00910,0.00000,0.00000,0.02080,0,-1.00000,665839368700,0.00000
468,234,0,0.44450,3.40500,0.19340,0.02440,3840000,-1.00000,665839372721,0.00000
469,234,0,4.36730,0.00000,0.00000,0.06240,0,-1.00000,665839410664,0.00000
470,235,0,0.67781,3.18750,0.16370,0.02220,3840000,-1.00000,665839414320,0.00000
471,235,0,3.91970,0.00000,0.00000,0.01440,0,-1.00000,665839454418,0.00000
472,236,0,0.34860,3.00840,0.15990,0.01730,3840000,-1.00000,665839458856,0.00000
473,236,0,3.87770,0.00000,0.00000,0.02300,0,-1.00000,665839502552,0.00000
474,237,0,0.44690,3.11150,0.14680,0.02160,3840000,-1.00000,665839509305,0.00000
475,237,0,4.09330,0.00000,0.00000,0.01940,0,-1.00000,665839548504,0.00000
476,238,0,0.64380,3.29390,0.37030,0.03400,3840000,-1.00000,665839551985,0.00000
477,238,0,4.37840,0.00000,0.00000,0.02250,0,-1.00000,665839590776,0.00000
478,239,0,0.40760,3.09490,0.17770,0.02130,3840000,-1.00000,665839595232,0.00000
479,239,0,4.00040,0.00000,0.00000,0.03180,0,-1.00000,665839636182,0.00000
480,240,0,0.40260,3.18720,0.17420,0.02260,3840000,-1.00000,665839642605,0.00000
481,240,0,3.91080,0.00000,0.00000,0.02190,0,-1.00000,665839686422,0.00000
482,241,0,0.40890,3.24980,0.15460,0.01840,3840000,-1.00000,665839690462,0.00000
483,241,0,3.95830,0.00000,0.00000,0.01630,0,-1.00000,665839730477,0.00000
484,242,0,0.34420,3.13220,0.15270,0.02090,3840000,-1.00000,665839734492,0.00000
485,242,0,3.83369,0.00000,0.00000,0.01600,0,-1.00000,665839773611,0.00000
486,243,0,0.46091,3.14180,0.15010,0.02040,3840000,-1.00000,665839777689,0.00000
487,243,0,4.02450,0.00000,0.00000,0.02140,0,-1.00000,665839817273,0.00000
488,244,0,0.38880,3.26620,0.17210,0.02040,3840000,-1.00000,665839820714,0.00000
489,244,0,4.01300,0.00000,0.00000,0.01880,0,-1.00000,665839859056,0.00000
490,245,0,0.70250,3.19810,0.22900,0.03560,3840000,-1.00000,665839863659,0.00000
491,245,0,4.25840,0.00000,0.00000,0.01980,0,-1.00000,665839903920,0.00000
492,246,0,0.37161,3.12750,0.17810,0.02070,3840000,-1.00000,665839907794,0.00000
493,246,0,3.92659,0.00000,0.00000,0.01970,0,-1.00000,665839947947,0.00000
494,247,0,0.37701,3.40980,0.17060,0.02560,3840000,-1.00000,665839954959,0.00000
495,247,0,4.31329,0.00000,0.00000,0.01960,0,-1.00000,665839997568,0.00000
496,248,0,0.46160,3.17710,0.15580,0.02060,3840000,-1.00000,665840001258,0.00000
497,248,0,4.05440,0.00000,0.00000,0.01840,0,-1.00000,665840040523,0.00000
498,249,0,0.38250,3.00920,0.19500,0.02000,3840000,-1.00000,665840044290,0.00000
499,249,0,3.83460,0.00000,0.00000,0.02090,0,-1.00000,665840087438,0.00000
500,250,0,0.38600,3.30220,0.15940,0.02070,3840000,-1.00000,665840092042,0.00000
501,250,0,4.17470,0.00000,0.00000,0.02220,0,-1.00000,665840132588,0.00000
502,251,0,0.38760,3.27830,0.15440,0.02630,3840000,-1.00000,665840136402,0.00000
503,251,0,4.51300,0.00000,0.00000,0.02060,0,-1.00000,665840174765,0.00000
504,252,0,0.42490,3.04130,0.17230,0.01790,3840000,-1.00000,665840178608,0.00000
505,252,0,3.87720,0.00000,0.00000,0.01930,0,-1.00000,665840220374,0.00000
506,253,0,0.51139,3.46100,0.21980,0.03430,3840000,-1.00000,665840224242,0.00000
507,253,0,4.54450,0.00000,0.00000,0.02210,0,-1.00000,665840269795,0.00000
508,254,0,0.41950,3.19310,0.18390,0.02380,3840000,-1.00000,665840273610,0.00000
509,254,0,3.98730,0.00000,0.00000,0.01930,0,-1.00000,665840312398,0.00000
510,255,0,0.38510,3.08810,0.14970,0.02400,3840000,-1.00000,665840317505,0.00000
511,255,0,3.97750,0.00000,0.00000,0.01920,0,-1.00000,665840362973,0.00000
512,256,0,0.39990,3.05590,0.16430,0.01950,3840000,-1.00000,665840367139,0.00000
513,256,0,3.75380,0.00000,0.00000,0.01660,0,-1.00000,665840407016,0.00000
514,257,0,0.49660,3.10820,0.15310,0.02230,3840000,-1.00000,665840410860,0.00000
515,257,0,4.01910,0.00000,0.00000,0.02090,0,-1.00000,665840450648,0.00000
516,258,0,0.47670,3.18280,0.15040,0.02280,3840000,-1.00000,665840454641,0.00000
517,258,0,4.14950,0.00000,0.00000,0.02130,0,-1.00000,665840492175,0.00000
518,259,0,0.43240,3.00190,0.16240,0.02450,3840000,-1.00000,665840497141,0.00000
519,259,0,3.89160,0.00000,0.00000,0.02040,0,-1.00000,665840537350,0.00000
520,260,0,0.43880,3.32070,0.20510,0.02930,3840000,-1.00000,665840542110,0.00000
521,260,0,4.53870,0.00000,0.00000,0.02440,0,-1.00000,665840583613,0.00000
522,261,0,0.46669,3.00060,0.15860,0.02210,3840000,-1.00000,665840587920,0.00000
523,261,0,3.77630,0.00000,0.00000,0.02220,0,-1.00000,665840626852,0.00000
524,262,0,0.39820,3.14250,0.15290,0.02240,3840000,-1.00000,665840631234,0.00000
525,262,0,3.99180,0.00000,0.00000,0.01890,0,-1.00000,665840676637,0.00000
526,263,0,0.39570,3.09910,0.14980,0.02470,3840000,-1.00000,665840681283,0.00000
527,263,0,3.89080,0.00000,0.00000,0.01750,0,-1.00000,665840719051,0.00000
528,264,0,0.37151,3.17450,0.16000,0.01800,3840000,-1.00000,665840723020,0.00000
529,264,0,3.85079,0.00000,0.00000,0.01690,0,-1.00000,665840762948,0.00000
530,265,0,0.47720,3.09670,0.18920,0.02680,3840000,-1.00000,665840766893,0.00000
531,265,0,3.96610,0.00000,0.00000,0.01810,0,-1.00000,665840805808,0.00000
532,266,0,0.39140,3.05790,0.17280,0.02160,3840000,-1.00000,665840809518,0.00000
533,266,0,3.91660,0.00000,0.00000,0.02060,0,-1.00000,665840848032,0.00000
534,267,0,0.42130,3.01430,0.13990,0.02340,3840000,-1.00000,665840852820,0.00000
535,267,0,3.96580,0.00000,0.00000,0.01910,0,-1.00000,665840892476,0.00000
536,268,0,0.46441,3.09900,0.26350,0.03980,3840000,-1.00000,665840896374,0.00000
537,268,0,4.16700,0.00000,0.00000,0.02230,0,-1.00000,665840935567,0.00000
538,269,0,0.42940,3.14960,0.19550,0.02100,3840000,-1.00000,665840939758,0.00000
539,269,0,3.99670,0.00000,0.00000,0.01490,0,-1.00000,665840979420,0.00000
540,270,0,0.35970,3.32120,0.15500,0.02370,3840000,-1.00000,665840984060,0.00000
541,270,0,3.98900,0.00000,0.00000,0.01880,0,-1.00000,665841025770,0.00000
542,271,0,0.37120,3.07810,0.14680,0.02080,3840000,-1.00000,665841030021,0.00000
543,271,0,3.98450,0.00000,0.00000,0.02450,0,-1.00000,665841069992,0.00000
544,272,0,0.50740,3.31090,0.16200,0.02530,3840000,-1.00000,665841073583,0.00000
545,272,0,4.30410,0.00000,0.00000,0.01910,0,-1.00000,665841113485,0.00000
546,273,0,0.36120,3.18450,0.16310,0.02390,3840000,-1.00000,665841117187,0.00000
547,273,0,3.92330,0.00000,0.00000,0.02010,0,-1.00000,665841157040,0.00000
548,274,0,0.35360,3.24440,0.17750,0.02360,3840000,-1.00000,665841162104,0.00000
549,274,0,4.05970,0.00000,0.00000,0.01840,0,-1.00000,665841205257,0.00000
550,275,0,0.40720,3.23630,0.20490,0.02910,3840000,-1.00000,665841208760,0.00000
551,275,0,4.05820,0.00000,0.00000,0.01820,0,-1.00000,665841248004,0.00000
552,276,0,0.37620,3.26570,0.15790,0.02340,3840000,-1.00000,665841251525,0.00000
553,276,0,4.23040,0.00000,0.00000,0.02190,0,-1.00000,665841292134,0.00000
554,277,0,0.46540,3.19830,0.17730,0.02360,3840000,-1.00000,665841296198,0.00000
555,277,0,3.96080,0.00000,0.00000,0.01750,0,-1.00000,665841336789,0.00000
556,278,0,0.36630,3.30160,0.14260,0.02260,3840000,-1.00000,665841340545,0.00000
557,278,0,3.94221,0.00000,0.00000,0.01800,0,-1.00000,665841382854,0.00000
558,279,0,0.34880,3.22110,0.13650,0.01960,3840000,-1.00000,665841387503,0.00000
559,279,0,4.13980,0.00000,0.00000,0.06910,0,-1.00000,665841427109,0.00000
560,280,0,0.49380,3.23040,0.16230,0.02250,3840000,-1.00000,665841430766,0.00000
561,280,0,4.00510,0.00000,0.00000,0.01920,0,-1.00000,665841470197,0.00000
562,281,0,0.37350,3.20450,0.15470,0.02130,3840000,-1.00000,665841473676,0.00000
563,281,0,4.10900,0.00000,0.00000,0.06460,0,-1.00000,665841515089,0.00000
564,282,0,0.45630,3.27850,0.43800,0.02660,3840000,-1.00000,665841520019,0.00000
565,282,0,4.37380,0.00000,0.00000,0.02190,0,-1.00000,665841560080,0.00000
566,283,0,0.41100,3.19540,0.22980,0.02940,3840000,-1.00000,665841563802,0.00000
567,283,0,4.11800,0.00000,0.00000,0.01870,0,-1.00000,665841604899,0.00000
568,284,0,0.36460,3.18390,0.18420,0.02080,3840000,-1.00000,665841609460,0.00000
569,284,0,3.87580,0.00000,0.00000,0.01730,0,-1.00000,665841653207,0.00000
570,285,0,0.35640,3.26900,0.14380,0.02390,3840000,-1.00000,665841657307,0.00000
571,285,0,3.92880,0.00000,0.00000,0.02190,0,-1.00000,665841698502,0.00000
572,286,0,0.39300,3.34680,0.18300,0.02100,3840000,-1.00000,665841702126,0.00000
573,286,0,4.29990,0.00000,0.00000,0.01890,0,-1.00000,665841740891,0.00000
574,287,0,0.32320,3.13600,0.15370,0.02120,3840000,-1.00000,665841744447,0.00000
575,287,0,3.89870,0.00000,0.00000,0.01830,0,-1.00000,665841783742,0.00000
576,288,0,0.36200,3.13470,0.14710,0.02160,3840000,-1.00000,665841787661,0.00000
577,288,0,4.05990,0.00000,0.00000,0.02170,0,-1.00000,665841830672,0.00000
578,289,0,0.44390,3.31210,0.17500,0.03750,3840000,-1.00000,665841833895,0.00000
579,289,0,4.26690,0.00000,0.00000,0.02020,0,-1.00000,665841872893,0.00000
580,290,0,0.45760,3.15360,0.19400,0.07120,3840000,-1.00000,665841876502,0.00000
581,290,0,4.04430,0.00000,0.00000,0.01850,0,-1.00000,665841917118,0.00000
582,291,0,0.38880,3.11560,0.15070,0.01910,3840000,-1.00000,665841921543,0.00000
583,291,0,3.96050,0.00000,0.00000,0.02210,0,-1.00000,665841964246,0.00000
584,292,0,0.38250,3.03190,0.17440,0.02090,3840000,-1.00000,665841968790,0.00000
585,292,0,3.76840,0.00000,0.00000,0.01460,0,-1.00000,665842009245,0.00000
586,293,0,0.35069,3.19710,0.13370,0.02230,3840000,-1.00000,665842013125,0.00000
587,293,0,4.37070,0.00000,0.00000,0.02090,0,-1.00000,665842052731,0.00000
588,294,0,0.39391,3.12770,0.18910,0.02070,3840000,-1.00000,665842056546,0.00000
589,294,0,3.84030,0.00000,0.00000,0.01810,0,-1.00000,665842094232,0.00000
590,295,0,0.37300,3.02870,0.16080,0.01910,3840000,-1.00000,665842097738,0.00000
591,295,0,3.70050,0.00000,0.00000,0.01710,0,-1.00000,665842141469,0.00000
592,296,0,0.37240,3.26270,0.17970,0.02450,3840000,-1.00000,665842145393,0.00000
593,296,0,4.27760,0.00000,0.00000,0.02180,0,-1.00000,665842183792,0.00000
594,297,0,0.41190,3.31390,0.17670,0.02340,3840000,-1.00000,665842187516,0.00000
595,297,0,4.13170,0.00000,0.00000,0.01980,0,-1.00000,665842224525,0.00000
596,298,0,0.44510,3.10630,0.20160,0.03290,3840000,-1.00000,665842228252,0.00000
597,298,0,4.25710,0.00000,0.00000,0.01820,0,-1.00000,665842271042,0.00000
598,299,0,0.43840,3.15460,0.18860,0.02100,3840000,-1.00000,665842275144,0.00000
599,299,0,3.92210,0.00000,0.00000,0.01730,0,-1.00000,665842316467,0.00000
600,300,0,0.37530,3.06980,0.15020,0.02320,3840000,-1.00000,665842320917,0.00000
601,300,0,4.16020,0.00000,0.00000,0.08280,0,-1.00000,665842363512,0.00000
602,301,0,0.46900,3.03840,0.15720,0.01990,3840000,-1.00000,665842367865,0.00000
603,301,0,3.76560,0.00000,0.00000,0.02200,0,-1.00000,665842407095,0.00000
604,302,0,0.35330,2.93030,0.14960,0.02090,3840000,-1.00000,665842410841,0.00000
605,302,0,3.59031,0.00000,0.00000,0.01850,0,-1.00000,665842452461,0.00000
606,303,0,0.42920,2.93030,0.15080,0.02080,3840000,-1.00000,665842457132,0.00000
607,303,0,3.82860,0.00000,0.00000,0.01850,0,-1.00000,665842494799,0.00000
608,304,0,0.41420,3.01680,0.17600,0.01930,3840000,-1.00000,665842498325,0.00000
609,304,0,3.77560,0.00000,0.00000,0.01540,0,-1.00000,665842534231,0.00000
610,305,0,0.40280,3.13090,0.19390,0.03780,3840000,-1.00000,665842538516,0.00000
611,305,0,4.15340,0.00000,0.00000,0.02910,0,-1.00000,665842576866,0.00000
612,306,0,0.49180,3.02170,0.18590,0.02080,3840000,-1.00000,665842580942,0.00000
613,306,0,3.75720,0.00000,0.00000,0.01820,0,-1.00000,665842618710,0.00000
614,307,0,0.36160,3.19550,0.19890,0.02930,3840000,-1.00000,665842622728,0.00000
615,307,0,4.15320,0.00000,0.00000,0.02550,0,-1.00000,665842664287,0.00000
616,308,0,3.02430,3.17070,0.22410,0.04670,3840000,-1.00000,665842669180,0.00000
617,308,0,4.39550,0.00000,0.00000,0.02400,0,-1.00000,665842706760,0.00000
618,309,0,1.68510,3.01440,0.19070,0.02480,3840000,-1.00000,665842710367,0.00000
619,309,0,3.87020,0.00000,0.00000,0.01840,0,-1.00000,665842751924,0.00000
620,310,0,2.31650,3.11100,0.15550,0.02610,3840000,-1.00000,665842782171,0.00000
621,310,0,3.83580,0.00000,0.00000,0.02050,0,-1.00000,665842826272,0.00000
622,311,0,0.44150,3.07610,0.16440,0.02440,3840000,-1.00000,665842842955,0.00000
623,311,0,4.85490,0.00000,0.00000,0.02500,0,-1.00000,665842881654,0.00000
624,312,0,0.46940,3.20750,0.18140,0.02540,3840000,-1.00000,665842904825,0.00000
625,312,0,4.21450,0.00000,0.00000,0.02040,0,-1.00000,665842943180,0.00000
626,313,0,1.45100,3.16640,0.17450,0.02440,3840000,-1.00000,665842947588,0.00000
627,313,0,4.06200,0.00000,0.00000,0.04800,0,-1.00000,665842996159,0.00000
628,314,0,2.09870,3.09950,0.18030,0.02310,3840000,-1.00000,665843000838,0.00000
629,314,0,3.92930,0.00000,0.00000,0.02050,0,-1.00000,665843042994,0.00000
630,315,0,2.23940,3.00290,0.17870,0.02490,3840000,-1.00000,665843057494,0.00000
631,315,0,3.89320,0.00000,0.00000,0.01600,0,-1.00000,665843098117,0.00000
632,316,0,0.43460,3.12400,0.16520,0.02250,3840000,-1.00000,665843119098,0.00000
633,316,0,3.81050,0.00000,0.00000,0.01840,0,-1.00000,665843158396,0.00000
634,317,0,0.37130,3.14210,0.16580,0.02840,3840000,-1.00000,665843180781,0.00000
635,317,0,4.04900,0.00000,0.00000,0.01930,0,-1.00000,665843219717,0.00000
636,318,0,2.83260,3.19120,0.18860,0.02860,3840000,-1.00000,665843224059,0.00000
637,318,0,4.02270,0.00000,0.00000,0.01930,0,-1.00000,665843262168,0.00000
638,319,0,0.38920,3.12080,0.15440,0.02130,3840000,-1.00000,665843265880,0.00000
639,319,0,3.78720,0.00000,0.00000,0.01690,0,-1.00000,665843306390,0.00000
640,320,0,0.34530,3.17890,0.15800,0.02290,3840000,-1.00000,665843334704,0.00000
641,320,0,3.79910,0.00000,0.00000,0.02180,0,-1.00000,665843374932,0.00000
642,321,0,6.04370,3.04350,0.15200,0.02610,3840000,-1.00000,665843378811,0.00000
643,321,0,3.86840,0.00000,0.00000,0.02110,0,-1.00000,665843416687,0.00000
644,322,0,2.27980,3.07990,0.15920,0.02260,3840000,-1.00000,665843420137,0.00000
645,322,0,3.79560,0.00000,0.00000,0.01810,0,-1.00000,665843458138,0.00000
646,323,0,0.38850,3.23780,0.20170,0.03150,3840000,-1.00000,665843518572,0.00000
647,323,0,4.97290,0.00000,0.00000,0.02010,0,-1.00000,665843557265,0.00000
648,324,0,6.16390,3.22610,0.19400,0.02690,3840000,-1.00000,665843580046,0.00000
649,324,0,3.99300,0.00000,0.00000,0.01790,0,-1.00000,665843618011,0.00000
650,325,0,0.35140,3.11920,0.16080,0.01880,3840000,-1.00000,665843621891,0.00000
651,325,0,3.78710,0.00000,0.00000,0.01660,0,-1.00000,665843671645,0.00000
652,326,0,0.39841,3.82310,0.17130,0.02280,3840000,-1.00000,665843733264,0.00000
653,326,0,4.63090,0.00000,0.00000,0.01950,0,-1.00000,665843773193,0.00000
654,327,0,2.17340,3.11540,0.14750,0.02010,3840000,-1.00000,665843776699,0.00000
655,327,0,3.83520,0.00000,0.00000,0.01650,0,-1.00000,665843814578,0.00000
656,328,0,0.36930,3.13000,0.18090,0.03070,3840000,-1.00000,665843818556,0.00000
657,328,0,3.92290,0.00000,0.00000,0.01890,0,-1.00000,665843864931,0.00000
658,329,0,0.36770,3.09340,0.17110,0.02490,3840000,-1.00000,665843886599,0.00000
659,329,0,3.88810,0.00000,0.00000,0.02260,0,-1.00000,665843924952,0.00000
660,330,0,2.92550,3.14300,0.15950,0.02350,3840000,-1.00000,665843928648,0.00000
661,330,0,3.93750,0.00000,0.00000,0.01810,0,-1.00000,665843967887,0.00000
662,331,0,2.37620,3.02300,0.16030,0.02390,3840000,-1.00000,665843971547,0.00000
663,331,0,3.73910,0.00000,0.00000,0.02080,0,-1.00000,665844010443,0.00000
664,332,0,2.27540,3.11800,0.14180,0.02610,3840000,-1.00000,665844039686,0.00000
665,332,0,4.02090,0.00000,0.00000,0.01990,0,-1.00000,665844079067,0.00000
666,333,0,5.16810,3.09020,0.13440,0.02150,3840000,-1.00000,665844102826,0.00000
667,333,0,3.77670,0.00000,0.00000,0.02090,0,-1.00000,665844140228,0.00000
668,334,0,0.42160,3.49720,0.29410,0.04480,3840000,-1.00000,665844162972,0.00000
669,334,0,4.88990,0.00000,0.00000,0.02530,0,-1.00000,665844203186,0.00000
670,335,0,0.52590,3.30720,0.27580,0.04150,3840000,-1.00000,665844254861,0.00000
671,335,0,4.70200,0.00000,0.00000,0.02670,0,-1.00000,665844292629,0.00000
672,336,0,1.02770,3.08290,0.21140,0.03930,3840000,-1.00000,665844296845,0.00000
673,336,0,4.11320,0.00000,0.00000,0.02430,0,-1.00000,665844345802,0.00000
674,337,0,2.22330,3.21540,0.15980,0.02360,3840000,-1.00000,665844351005,0.00000
675,337,0,3.95350,0.00000,0.00000,0.02150,0,-1.00000,665844398059,0.00000
676,338,0,5.17840,3.27210,0.14360,0.02600,3840000,-1.00000,665844408303,0.00000
677,338,0,4.01830,0.00000,0.00000,0.01830,0,-1.00000,665844449458,0.00000
678,339,0,0.47950,3.29140,0.25610,0.04950,3840000,-1.00000,665844471669,0.00000
679,339,0,4.34880,0.00000,0.00000,0.02000,0,-1.00000,665844511200,0.00000
680,340,0,0.44880,3.24810,0.24410,0.02890,3840000,-1.00000,665844562985,0.00000
681,340,0,4.13960,0.00000,0.00000,0.02300,0,-1.00000,665844603178,0.00000
682,341,0,0.44720,3.28060,0.19490,0.02400,3840000,-1.00000,665844607962,0.00000
683,341,0,7.60740,0.00000,0.00000,0.02100,0,-1.00000,665844651479,0.00000
684,342,0,0.41240,3.19750,0.21380,0.02220,3840000,-1.00000,665844655933,0.00000
685,342,0,4.13890,0.00000,0.00000,0.02020,0,-1.00000,665844697347,0.00000
686,343,0,1.74580,3.17620,0.17460,0.02480,3840000,-1.00000,665844701805,0.00000
687,343,0,3.97720,0.00000,0.00000,0.01890,0,-1.00000,665844777887,0.00000
688,344,0,2.06380,3.13980,0.18380,0.02530,3840000,-1.00000,665844781999,0.00000
689,344,0,3.89820,0.00000,0.00000,0.01900,0,-1.00000,665844823403,0.00000
690,345,0,2.27800,3.06070,0.21700,0.03870,3840000,-1.00000,665844840849,0.00000
691,345,0,4.06621,0.00000,0.00000,0.03110,0,-1.00000,665844880628,0.00000
692,346,0,2.05270,3.26130,0.20370,0.02470,3840000,-1.00000,665844901261,0.00000
693,346,0,4.10969,0.00000,0.00000,0.01900,0,-1.00000,665844940242,0.00000
694,347,0,0.39661,3.21030,0.12900,0.02530,3840000,-1.00000,665844963026,0.00000
695,347,0,7.85490,0.00000,0.00000,0.02200,0,-1.00000,665845003715,0.00000
696,348,0,0.50240,3.00550,0.15900,0.02280,3840000,-1.00000,665845024213,0.00000
697,348,0,3.68280,0.00000,0.00000,0.02110,0,-1.00000,665845065310,0.00000
698,349,0,2.07640,2.89360,0.13900,0.02260,3840000,-1.00000,665845069270,0.00000
699,349,0,3.61220,0.00000,0.00000,0.02150,0,-1.00000,665845147836,0.00000
700,350,0,0.58370,3.07290,0.19360,0.02950,3840000,-1.00000,665845152848,0.00000
701,350,0,4.91480,0.00000,0.00000,0.02620,0,-1.00000,665845189677,0.00000
702,351,0,3.01020,3.08780,0.23160,0.02800,3840000,-1.00000,665845210439,0.00000
703,351,0,3.90680,0.00000,0.00000,0.02160,0,-1.00000,665845246565,0.00000
704,352,0,2.42610,3.21950,0.19790,0.02800,3840000,-1.00000,665845252399,0.00000
705,352,0,4.09340,0.00000,0.00000,0.02160,0,-1.00000,665845301573,0.00000
706,353,0,0.49340,3.13100,0.31920,0.07030,3840000,-1.00000,665845331655,0.00000
707,353,0,7.48530,0.00000,0.00000,0.03350,0,-1.00000,665845370728,0.00000
708,354,0,0.47990,3.16300,0.19890,0.02870,3840000,-1.00000,665845394976,0.00000
709,354,0,4.00210,0.00000,0.00000,0.02120,0,-1.00000,665845435926,0.00000
710,355,0,0.44360,3.06720,0.17170,0.03830,3840000,-1.00000,665845440845,0.00000
711,355,0,3.83050,0.00000,0.00000,0.02160,0,-1.00000,665845515750,0.00000
712,356,0,0.41260,3.05090,0.28930,0.04180,3840000,-1.00000,665845520501,0.00000
713,356,0,4.26190,0.00000,0.00000,0.03450,0,-1.00000,665845560527,0.00000
714,357,0,2.21091,3.85290,0.22980,0.05750,3840000,-1.00000,665845564954,0.00000
715,357,0,4.97820,0.00000,0.00000,0.02950,0,-1.00000,665845603270,0.00000
716,358,0,1.16030,3.15800,0.19700,0.02430,3840000,-1.00000,665845607382,0.00000
717,358,0,3.98170,0.00000,0.00000,0.01990,0,-1.00000,665845650041,0.00000
718,359,0,8.31980,3.05150,0.12970,0.02620,3840000,-1.00000,665845672166,0.00000
719,359,0,3.78761,0.00000,0.00000,0.02410,0,-1.00000,665845721920,0.00000
720,360,0,0.50439,2.92830,0.20610,0.02090,3840000,-1.00000,665845733506,0.00000
721,360,0,3.68440,0.00000,0.00000,0.01760,0,-1.00000,665845773322,0.00000
722,361,0,1.46490,3.07140,0.19130,0.03980,3840000,-1.00000,665845856516,0.00000
723,361,0,4.01600,0.00000,0.00000,0.02240,0,-1.00000,665845894403,0.00000
724,362,0,1.94930,3.09080,0.17670,0.02280,3840000,-1.00000,665845899435,0.00000
725,362,0,3.90130,0.00000,0.00000,0.01870,0,-1.00000,665845936277,0.00000
726,363,0,2.36470,2.93210,0.16420,0.02260,3840000,-1.00000,665845951056,0.00000
727,363,0,3.65940,0.00000,0.00000,0.02200,0,-1.00000,665845991116,0.00000
728,364,0,2.59311,2.87930,0.13610,0.02340,3840000,-1.00000,665846010577,0.00000
729,364,0,3.69250,0.00000,0.00000,0.01840,0,-1.00000,665846049597,0.00000
730,365,0,2.34150,2.83080,0.16090,0.02530,3840000,-1.00000,665846073239,0.00000
731,365,0,3.55220,0.00000,0.00000,0.01750,0,-1.00000,665846109835,0.00000
732,366,0,5.69120,3.09330,0.19070,0.05480,3840000,-1.00000,665846135764,0.00000
733,366,0,4.04840,0.00000,0.00000,0.01830,0,-1.00000,665846172706,0.00000
734,367,0,0.41261,3.28620,0.42010,0.05170,3840000,-1.00000,665846196114,0.00000
735,367,0,4.54410,0.00000,0.00000,0.01900,0,-1.00000,665846231626,0.00000
736,368,0,6.40540,2.86240,0.14810,0.02470,3840000,-1.00000,665846288539,0.00000
737,368,0,3.55480,0.00000,0.00000,0.02110,0,-1.00000,665846329036,0.00000
738,369,0,0.43400,3.32050,0.18650,0.02670,3840000,-1.00000,665846333152,0.00000
739,369,0,4.18700,0.00000,0.00000,0.01890,0,-1.00000,665846378607,0.00000
740,370,0,0.42470,3.07930,0.16710,0.02340,3840000,-1.00000,665846442647,0.00000
741,370,0,3.86190,0.00000,0.00000,0.01970,0,-1.00000,665846478197,0.00000
742,371,0,0.37650,3.01770,0.13350,0.03260,3840000,-1.00000,665846482533,0.00000
743,371,0,5.62790,0.00000,0.00000,0.02450,0,-1.00000,665846524410,0.00000
744,372,0,3.10300,2.97490,0.20820,0.03170,3840000,-1.00000,665846528651,0.00000
745,372,0,3.87610,0.00000,0.00000,0.01990,0,-1.00000,665846567278,0.00000
746,373,0,5.40230,3.06730,0.14190,0.02120,3840000,-1.00000,665846571082,0.00000
747,373,0,3.75060,0.00000,0.00000,0.02150,0,-1.00000,665846627343,0.00000
748,374,0,2.38980,3.30210,0.17210,0.03000,3840000,-1.00000,665846658349,0.00000
749,374,0,4.12400,0.00000,0.00000,0.01860,0,-1.00000,665846697115,0.00000
750,375,0,2.16290,3.10740,0.15860,0.02880,3840000,-1.00000,665846751127,0.00000
751,375,0,3.94349,0.00000,0.00000,0.01970,0,-1.00000,665846788632,0.00000
752,376,0,0.56560,2.98480,0.14690,0.02280,3840000,-1.00000,665846812534,0.00000
753,376,0,3.66480,0.00000,0.00000,0.01760,0,-1.00000,665846853784,0.00000
754,377,0,0.46901,3.08510,0.26590,0.04280,3840000,-1.00000,665846875399,0.00000
755,377,0,4.08739,0.00000,0.00000,0.02290,0,-1.00000,665846914844,0.00000
756,378,0,5.64780,2.97110,0.19440,0.02490,3840000,-1.00000,665846920490,0.00000
757,378,0,3.76280,0.00000,0.00000,0.01900,0,-1.00000,665846957139,0.00000
758,379,0,5.49290,2.91990,0.15980,0.02910,3840000,-1.00000,665846961832,0.00000
759,379,0,3.74980,0.00000,0.00000,0.02000,0,-1.00000,665847002720,0.00000
760,380,0,0.41680,2.80580,0.12600,0.02100,3840000,-1.00000,665847059187,0.00000
761,380,0,3.49770,0.00000,0.00000,0.01940,0,-1.00000,665847096808,0.00000
762,381,0,1.75911,3.03620,0.14330,0.02180,3840000,-1.00000,665847151741,0.00000
763,381,0,3.87370,0.00000,0.00000,0.06720,0,-1.00000,665847189243,0.00000
764,382,0,0.54360,3.46200,0.24470,0.05510,3840000,-1.00000,665847193399,0.00000
765,382,0,4.68900,0.00000,0.00000,0.02290,0,-1.00000,665847228387,0.00000
766,383,0,0.65480,2.98610,0.14470,0.02320,3840000,-1.00000,665847245974,0.00000
767,383,0,8.64390,0.00000,0.00000,0.01790,0,-1.00000,665847284713,0.00000
768,384,0,0.47270,3.13750,0.20880,0.03010,3840000,-1.00000,665847290153,0.00000
769,384,0,4.02680,0.00000,0.00000,0.02200,0,-1.00000,665847337058,0.00000
770,385,0,4.67130,2.91140,0.14100,0.02190,3840000,-1.00000,665847343579,0.00000
771,385,0,3.81610,0.00000,0.00000,0.01930,0,-1.00000,665847430027,0.00000
772,386,0,5.35149,2.79850,0.15570,0.02600,3840000,-1.00000,665847434747,0.00000
773,386,0,3.55640,0.00000,0.00000,0.02200,0,-1.00000,665847475032,0.00000
774,387,0,0.48020,3.13500,0.18130,0.03300,3840000,-1.00000,665847521733,0.00000
775,387,0,4.09710,0.00000,0.00000,0.02110,0,-1.00000,665847559894,0.00000
776,388,0,0.45970,2.88340,0.16780,0.02370,3840000,-1.00000,665847613410,0.00000
777,388,0,3.65740,0.00000,0.00000,0.01850,0,-1.00000,665847648979,0.00000
778,389,0,3.17520,3.05060,0.15350,0.02660,3840000,-1.00000,665847653771,0.00000
779,389,0,3.95520,0.00000,0.00000,0.01920,0,-1.00000,665847694762,0.00000
780,390,0,0.40250,2.80610,0.14880,0.02250,3840000,-1.00000,665847699338,0.00000
781,390,0,3.53690,0.00000,0.00000,0.01720,0,-1.00000,665847735922,0.00000
782,391,0,1.57220,2.75770,0.12750,0.01940,3840000,-1.00000,665847767670,0.00000
783,391,0,3.74260,0.00000,0.00000,0.02040,0,-1.00000,665847807228,0.00000
784,392,0,0.40780,3.08760,0.29020,0.02520,3840000,-1.00000,665847811238,0.00000
785,392,0,4.13009,0.00000,0.00000,0.02060,0,-1.00000,665847846614,0.00000
786,393,0,0.67521,3.13790,0.23410,0.03580,3840000,-1.00000,665847862326,0.00000
787,393,0,4.11640,0.00000,0.00000,0.01960,0,-1.00000,665847899772,0.00000
788,394,0,2.08630,2.79940,0.18660,0.02300,3840000,-1.00000,665847903839,0.00000
789,394,0,3.56350,0.00000,0.00000,0.02130,0,-1.00000,665847945147,0.00000
790,395,0,0.45580,3.27920,0.14100,0.02370,3840000,-1.00000,665847951888,0.00000
791,395,0,5.13120,0.00000,0.00000,0.02020,0,-1.00000,665847993079,0.00000
792,396,0,0.42620,3.00270,0.17350,0.02350,3840000,-1.00000,665848013919,0.00000
793,396,0,3.82530,0.00000,0.00000,0.01910,0,-1.00000,665848049554,0.00000
794,397,0,2.05180,3.18770,0.12740,0.02260,3840000,-1.00000,665848054111,0.00000
795,397,0,3.86670,0.00000,0.00000,0.02100,0,-1.00000,665848105431,0.00000
796,398,0,2.01100,3.01950,0.14790,0.02510,3840000,-1.00000,665848109683,0.00000
797,398,0,3.73890,0.00000,0.00000,0.01860,0,-1.00000,665848147942,0.00000
798,399,0,5.61460,3.07520,0.19990,0.04380,3840000,-1.00000,665848168455,0.00000
799,399,0,4.01720,0.00000,0.00000,0.01990,0,-1.00000,665848207120,0.00000
800,400,0,0.42460,2.83810,0.16760,0.02520,3840000,-1.00000,665848227234,0.00000
801,400,0,5.02820,0.00000,0.00000,0.01630,0,-1.00000,665848264619,0.00000
802,401,0,0.36390,2.92890,0.15830,0.02430,3840000,-1.00000,665848320769,0.00000
803,401,0,8.71000,0.00000,0.00000,0.02120,0,-1.00000,665848360957,0.00000
804,402,0,0.47530,2.89990,0.18950,0.02930,3840000,-1.00000,665848365185,0.00000
805,402,0,3.73580,0.00000,0.00000,0.01900,0,-1.00000,665848415470,0.00000
806,403,0,0.45360,2.75150,0.15360,0.02400,3840000,-1.00000,665848419100,0.00000
807,403,0,3.63771,0.00000,0.00000,0.01940,0,-1.00000,665848506213,0.00000
808,404,0,0.39899,3.00640,0.19450,0.03000,3840000,-1.00000,665848510961,0.00000
809,404,0,3.94330,0.00000,0.00000,0.02230,0,-1.00000,665848548326,0.00000
810,405,0,2.64690,3.01560,0.27910,0.03760,3840000,-1.00000,665848552853,0.00000
811,405,0,4.11930,0.00000,0.00000,0.02170,0,-1.00000,665848589237,0.00000
812,406,0,0.50180,2.93660,0.25000,0.02930,3840000,-1.00000,665848593215,0.00000
813,406,0,7.71530,0.00000,0.00000,0.02050,0,-1.00000,665848632673,0.00000
814,407,0,3.07300,2.88280,0.20030,0.02660,3840000,-1.00000,665848659129,0.00000
815,407,0,3.73240,0.00000,0.00000,0.02090,0,-1.00000,665848700339,0.00000
816,408,0,0.44000,2.78040,0.14870,0.02220,3840000,-1.00000,665848705334,0.00000
817,408,0,3.67370,0.00000,0.00000,0.01900,0,-1.00000,665848782499,0.00000
818,409,0,1.54709,2.87810,0.15620,0.02390,3840000,-1.00000,665848813217,0.00000
819,409,0,3.59430,0.00000,0.00000,0.01820,0,-1.00000,665848850548,0.00000
820,410,0,5.54100,3.04950,0.22030,0.03890,3840000,-1.00000,665848854940,0.00000
821,410,0,3.93070,0.00000,0.00000,0.02330,0,-1.00000,665848891682,0.00000
822,411,0,0.63591,2.71180,0.14190,0.01970,3840000,-1.00000,665848907151,0.00000
823,411,0,3.37070,0.00000,0.00000,0.01790,0,-1.00000,665848943100,0.00000
824,412,0,1.35310,2.92180,0.17750,0.02270,3840000,-1.00000,665848998554,0.00000
825,412,0,3.58200,0.00000,0.00000,0.02190,0,-1.00000,665849037824,0.00000
826,413,0,0.36930,3.14760,0.16180,0.02470,3840000,-1.00000,665849044174,0.00000
827,413,0,5.16310,0.00000,0.00000,0.01850,0,-1.00000,665849077872,0.00000
828,414,0,6.22110,2.87930,0.16080,0.02370,3840000,-1.00000,665849091406,0.00000
829,414,0,3.71260,0.00000,0.00000,0.01880,0,-1.00000,665849127230,0.00000
830,415,0,0.48090,2.93860,0.19420,0.03340,3840000,-1.00000,665849130931,0.00000
831,415,0,3.91240,0.00000,0.00000,0.02330,0,-1.00000,665849182557,0.00000
832,416,0,0.47360,3.01220,0.14980,0.02010,3840000,-1.00000,665849244762,0.00000
833,416,0,4.89800,0.00000,0.00000,0.02100,0,-1.00000,665849281890,0.00000
834,417,0,4.92270,2.85480,0.16230,0.02310,3840000,-1.00000,665849286691,0.00000
835,417,0,3.74440,0.00000,0.00000,0.02000,0,-1.00000,665849325838,0.00000
836,418,0,0.46610,2.81970,0.13590,0.01860,3840000,-1.00000,665849330554,0.00000
837,418,0,3.59940,0.00000,0.00000,0.01710,0,-1.00000,665849379541,0.00000
838,419,0,4.53880,3.24800,0.22090,0.04010,3840000,-1.00000,665849428762,0.00000
839,419,0,4.17850,0.00000,0.00000,0.02200,0,-1.00000,665849466214,0.00000
840,420,0,0.42350,2.97800,0.22700,0.03030,3840000,-1.00000,665849470865,0.00000
841,420,0,3.75660,0.00000,0.00000,0.01880,0,-1.00000,665849506860,0.00000
842,421,0,0.99190,2.86110,0.22720,0.04180,3840000,-1.00000,665849552273,0.00000
843,421,0,3.74630,0.00000,0.00000,0.02260,0,-1.00000,665849594039,0.00000
844,422,0,0.34760,2.91010,0.17140,0.02240,3840000,-1.00000,665849598265,0.00000
845,422,0,5.02161,0.00000,0.00000,0.01820,0,-1.00000,665849635836,0.00000
846,423,0,3.12020,2.99950,0.15540,0.02460,3840000,-1.00000,665849645814,0.00000
847,423,0,3.66750,0.00000,0.00000,0.01900,0,-1.00000,665849683237,0.00000
848,424,0,2.38940,2.87190,0.15860,0.02150,3840000,-1.00000,665849686691,0.00000
849,424,0,3.55900,0.00000,0.00000,0.02400,0,-1.00000,665849736910,0.00000
850,425,0,0.43180,2.94720,0.15330,0.02130,3840000,-1.00000,665849768112,0.00000
851,425,0,5.24880,0.00000,0.00000,0.02140,0,-1.00000,665849804785,0.00000
852,426,0,3.07971,2.93250,0.21860,0.03810,3840000,-1.00000,665849828675,0.00000
853,426,0,3.82749,0.00000,0.00000,0.02280,0,-1.00000,665849864273,0.00000
854,427,0,2.15860,2.87710,0.16380,0.02420,3840000,-1.00000,665849868584,0.00000
855,427,0,3.68670,0.00000,0.00000,0.01890,0,-1.00000,665849921082,0.00000
856,428,0,0.37570,3.03770,0.17370,0.02420,3840000,-1.00000,665849951884,0.00000
857,428,0,3.75090,0.00000,0.00000,0.02100,0,-1.00000,665849990165,0.00000
858,429,0,4.52590,2.75630,0.15710,0.02290,3840000,-1.00000,665850011733,0.00000
859,429,0,3.43440,0.00000,0.00000,0.02430,0,-1.00000,665850048600,0.00000
860,430,0,0.37900,2.73620,0.14660,0.02640,3840000,-1.00000,665850052353,0.00000
861,430,0,4.26090,0.00000,0.00000,0.02250,0,-1.00000,665850089870,0.00000
862,431,0,4.39910,2.70770,0.19150,0.03150,3840000,-1.00000,665850135126,0.00000
863,431,0,3.75930,0.00000,0.00000,0.01890,0,-1.00000,665850169477,0.00000
864,432,0,5.44610,2.81420,0.23790,0.03760,3840000,-1.00000,665850173251,0.00000
865,432,0,3.99280,0.00000,0.00000,0.02200,0,-1.00000,665850215894,0.00000
866,433,0,0.47250,2.86530,0.14450,0.01920,3840000,-1.00000,665850259920,0.00000
867,433,0,4.93951,0.00000,0.00000,0.01750,0,-1.00000,665850297458,0.00000
868,434,0,0.48750,2.84640,0.16180,0.02010,3840000,-1.00000,665850351932,0.00000
869,434,0,5.34359,0.00000,0.00000,0.01900,0,-1.00000,665850391846,0.00000
870,435,0,0.42210,2.87730,0.26570,0.02550,3840000,-1.00000,665850396559,0.00000
871,435,0,5.99520,0.00000,0.00000,0.02050,0,-1.00000,665850445965,0.00000
872,436,0,6.05130,3.04510,0.21770,0.04380,3840000,-1.00000,665850450833,0.00000
873,436,0,4.23800,0.00000,0.00000,0.02320,0,-1.00000,665850504276,0.00000
874,437,0,1.88190,2.84590,0.17870,0.02690,3840000,-1.00000,665850508495,0.00000
875,437,0,3.86790,0.00000,0.00000,0.01890,0,-1.00000,665850568458,0.00000
876,438,0,2.12330,2.86940,0.17020,0.02330,3840000,-1.00000,665850628970,0.00000
877,438,0,3.80730,0.00000,0.00000,0.01760,0,-1.00000,665850671352,0.00000
878,439,0,0.43000,2.88450,0.15250,0.02030,3840000,-1.00000,665850690150,0.00000
879,439,0,3.70090,0.00000,0.00000,0.01670,0,-1.00000,665850728843,0.00000
880,440,0,1.43771,2.94620,0.16600,0.02420,3840000,-1.00000,665850750070,0.00000
881,440,0,3.81070,0.00000,0.00000,0.01700,0,-1.00000,665850788147,0.00000
882,441,0,2.30220,2.83340,0.18980,0.02250,3840000,-1.00000,665850792437,0.00000
883,441,0,3.80630,0.00000,0.00000,0.02100,0,-1.00000,665850829456,0.00000
884,442,0,0.46700,2.92470,0.16700,0.02030,3840000,-1.00000,665850843830,0.00000
885,442,0,4.95050,0.00000,0.00000,0.02210,0,-1.00000,665850881933,0.00000
886,443,0,0.50760,2.90590,0.18350,0.02270,3840000,-1.00000,665850904958,0.00000
887,443,0,5.52470,0.00000,0.00000,0.01590,0,-1.00000,665850943027,0.00000
888,444,0,0.52630,2.99420,0.19550,0.02110,3840000,-1.00000,665850947685,0.00000
889,444,0,3.88660,0.00000,0.00000,0.01870,0,-1.00000,665850997212,0.00000
890,445,0,2.01860,3.01670,0.14470,0.02200,3840000,-1.00000,665851002267,0.00000
891,445,0,3.91310,0.00000,0.00000,0.01840,0,-1.00000,665851057527,0.00000
892,446,0,0.59240,2.91710,0.16450,0.02260,3840000,-1.00000,665851062778,0.00000
893,446,0,4.54500,0.00000,0.00000,0.01450,0,-1.00000,665851101653,0.00000
894,447,0,2.92510,2.69260,0.15920,0.02250,3840000,-1.00000,665851121835,0.00000
895,447,0,3.66880,0.00000,0.00000,0.01790,0,-1.00000,665851160963,0.00000
896,448,0,0.60580,2.92480,0.21070,0.03680,3840000,-1.00000,665851166891,0.00000
897,448,0,4.01361,0.00000,0.00000,0.02040,0,-1.00000,665851212347,0.00000
898,449,0,1.12280,2.78590,0.22040,0.02700,3840000,-1.00000,665851241587,0.00000
899,449,0,3.80890,0.00000,0.00000,0.02380,0,-1.00000,665851278275,0.00000
900,450,0,2.34170,3.01100,0.17180,0.02330,3840000,-1.00000,665851284336,0.00000
901,450,0,3.89120,0.00000,0.00000,0.01640,0,-1.00000,665851324482,0.00000
902,451,0,2.25940,2.93740,0.18110,0.02460,3840000,-1.00000,665851335698,0.00000
903,451,0,3.88530,0.00000,0.00000,0.02100,0,-1.00000,665851373803,0.00000
904,452,0,5.33310,3.20560,0.27690,0.06290,3840000,-1.00000,665851397204,0.00000
905,452,0,4.51630,0.00000,0.00000,0.02630,0,-1.00000,665851436122,0.00000
906,453,0,4.74770,3.30310,0.35230,0.06510,3840000,-1.00000,665851458713,0.00000
907,453,0,4.72080,0.00000,0.00000,0.02400,0,-1.00000,665851497574,0.00000
908,454,0,0.59720,3.20370,0.23800,0.05680,3840000,-1.00000,665851550912,0.00000
909,454,0,4.50280,0.00000,0.00000,0.02670,0,-1.00000,665851596091,0.00000
910,455,0,0.54950,3.51460,0.38960,0.06270,3840000,-1.00000,665851643595,0.00000
911,455,0,4.97820,0.00000,0.00000,0.02820,0,-1.00000,665851690787,0.00000
912,456,0,3.03480,3.17470,0.37300,0.07220,3840000,-1.00000,665851696723,0.00000
913,456,0,4.60460,0.00000,0.00000,0.02380,0,-1.00000,665851741775,0.00000
914,457,0,1.50850,3.15580,0.41840,0.06180,3840000,-1.00000,665851747246,0.00000
915,457,0,4.62600,0.00000,0.00000,0.02390,0,-1.00000,665851797072,0.00000
916,458,0,0.61410,3.16640,0.37440,0.08110,3840000,-1.00000,665851827409,0.00000
917,458,0,4.63740,0.00000,0.00000,0.02670,0,-1.00000,665851873452,0.00000
918,459,0,0.58870,3.15730,0.35030,0.06050,3840000,-1.00000,665851888525,0.00000
919,459,0,4.53140,0.00000,0.00000,0.02630,0,-1.00000,665851934797,0.00000
920,460,0,0.70140,3.37920,0.38230,0.07270,3840000,-1.00000,665851940902,0.00000
921,460,0,4.76210,0.00000,0.00000,0.02840,0,-1.00000,665851987316,0.00000
922,461,0,0.57480,3.33200,0.38040,0.07950,3840000,-1.00000,665851993169,0.00000
923,461,0,4.89480,0.00000,0.00000,0.02470,0,-1.00000,665852038516,0.00000
924,462,0,0.54760,3.20010,0.40620,0.06750,3840000,-1.00000,665852045492,0.00000
925,462,0,4.71409,0.00000,0.00000,0.02550,0,-1.00000,665852093153,0.00000
926,463,0,0.57770,3.09820,0.45110,0.07150,3840000,-1.00000,665852098861,0.00000
927,463,0,4.60750,0.00000,0.00000,0.02200,0,-1.00000,665852147847,0.00000
928,464,0,0.64290,3.78080,0.37570,0.07610,3840000,-1.00000,665852153281,0.00000
929,464,0,5.44990,0.00000,0.00000,0.02490,0,-1.00000,665852200471,0.00000
930,465,0,0.69979,3.41500,0.39420,0.06780,3840000,-1.00000,665852206200,0.00000
931,465,0,4.94450,0.00000,0.00000,0.02760,0,-1.00000,665852252306,0.00000
932,466,0,1.11020,3.18540,0.28350,0.04090,3840000,-1.00000,665852259175,0.00000
933,466,0,4.39410,0.00000,0.00000,0.02530,0,-1.00000,665852313267,0.00000
934,467,0,3.63410,3.62360,0.20320,0.02930,3840000,-1.00000,665852320212,0.00000
935,467,0,4.87260,0.00000,0.00000,0.02260,0,-1.00000,665852369687,0.00000
936,468,0,0.45280,3.73030,0.19110,0.02510,3840000,-1.00000,665852380752,0.00000
937,468,0,4.69610,0.00000,0.00000,0.02280,0,-1.00000,665852424708,0.00000
938,469,0,0.49831,3.05810,0.21070,0.02580,3840000,-1.00000,665852461031,0.00000
939,469,0,3.98270,0.00000,0.00000,0.01870,0,-1.00000,665852509776,0.00000
940,470,0,1.89210,3.75490,0.23710,0.04660,3840000,-1.00000,665852514285,0.00000
941,470,0,4.84000,0.00000,0.00000,0.02140,0,-1.00000,665852561259,0.00000
942,471,0,4.49110,3.05860,0.20940,0.04030,3840000,-1.00000,665852566230,0.00000
943,471,0,4.13220,0.00000,0.00000,0.02680,0,-1.00000,665852606061,0.00000
944,472,0,1.88830,3.02520,0.25370,0.04680,3840000,-1.00000,665852624981,0.00000
945,472,0,4.16390,0.00000,0.00000,0.02370,0,-1.00000,665852673396,0.00000
946,473,0,0.50699,2.87380,0.20460,0.02570,3840000,-1.00000,665852718293,0.00000
947,473,0,4.54201,0.00000,0.00000,0.02150,0,-1.00000,665852759648,0.00000
948,474,0,3.05550,2.88960,0.21360,0.03130,3840000,-1.00000,665852778519,0.00000
949,474,0,3.89420,0.00000,0.00000,0.01900,0,-1.00000,665852820157,0.00000
950,475,0,2.08380,3.56780,0.20490,0.03440,3840000,-1.00000,665852825201,0.00000
951,475,0,4.64280,0.00000,0.00000,0.02300,0,-1.00000,665852870631,0.00000
952,476,0,0.48770,3.01800,0.22760,0.03380,3840000,-1.00000,665852901178,0.00000
953,476,0,4.17910,0.00000,0.00000,0.02200,0,-1.00000,665852940124,0.00000
954,477,0,3.11110,2.87800,0.18470,0.02580,3840000,-1.00000,665852960950,0.00000
955,477,0,3.87490,0.00000,0.00000,0.01810,0,-1.00000,665853007408,0.00000
956,478,0,5.33410,2.94570,0.24470,0.03720,3840000,-1.00000,665853012261,0.00000
957,478,0,4.10170,0.00000,0.00000,0.02500,0,-1.00000,665853054069,0.00000
958,479,0,5.09420,3.06120,0.25220,0.04070,3840000,-1.00000,665853085161,0.00000
959,479,0,4.31700,0.00000,0.00000,0.02430,0,-1.00000,665853123918,0.00000
960,480,0,0.63670,2.91270,0.24650,0.03430,3840000,-1.00000,665853177254,0.00000
961,480,0,4.01200,0.00000,0.00000,0.02260,0,-1.00000,665853218274,0.00000
962,481,0,0.52960,2.72170,0.18860,0.02040,3840000,-1.00000,665853269206,0.00000
963,481,0,3.55111,0.00000,0.00000,0.01890,0,-1.00000,665853312455,0.00000
964,482,0,0.48040,2.92810,0.17730,0.02390,3840000,-1.00000,665853318749,0.00000
965,482,0,3.77690,0.00000,0.00000,0.02050,0,-1.00000,665853358891,0.00000
966,483,0,1.06580,2.96070,0.20720,0.02730,3840000,-1.00000,665853364161,0.00000
967,483,0,3.89290,0.00000,0.00000,0.01900,0,-1.00000,665853399683,0.00000
968,484,0,2.38070,2.81800,0.17920,0.02200,3840000,-1.00000,665853404482,0.00000
969,484,0,3.70380,0.00000,0.00000,0.02290,0,-1.00000,665853442252,0.00000
970,485,0,0.50750,2.91160,0.17530,0.02280,3840000,-1.00000,665853452909,0.00000
971,485,0,4.87929,0.00000,0.00000,0.02050,0,-1.00000,665853491838,0.00000
972,486,0,3.03231,3.32630,0.24790,0.04770,3840000,-1.00000,665853515647,0.00000
973,486,0,4.73790,0.00000,0.00000,0.02090,0,-1.00000,665853552692,0.00000
974,487,0,1.52540,2.99420,0.17660,0.02720,3840000,-1.00000,665853557752,0.00000
975,487,0,3.95020,0.00000,0.00000,0.02410,0,-1.00000,665853606561,0.00000
976,488,0,0.48320,3.03000,0.18290,0.02910,3840000,-1.00000,665853636868,0.00000
977,488,0,7.71660,0.00000,0.00000,0.02180,0,-1.00000,665853684281,0.00000
978,489,0,0.57810,2.87960,0.17520,0.02190,3840000,-1.00000,665853699500,0.00000
979,489,0,3.79260,0.00000,0.00000,0.02080,0,-1.00000,665853739032,0.00000
980,490,0,1.89930,2.98510,0.16980,0.02430,3840000,-1.00000,665853743837,0.00000
981,490,0,3.87980,0.00000,0.00000,0.01810,0,-1.00000,665853821014,0.00000
982,491,0,2.25280,3.09160,0.22680,0.04850,3840000,-1.00000,665853826786,0.00000
983,491,0,4.34800,0.00000,0.00000,0.02180,0,-1.00000,665853864719,0.00000
984,492,0,4.71800,2.99840,0.21450,0.02810,3840000,-1.00000,665853883703,0.00000
985,492,0,4.03570,0.00000,0.00000,0.02210,0,-1.00000,665853922505,0.00000
986,493,0,0.48730,2.74650,0.14820,0.02130,3840000,-1.00000,665853945030,0.00000
987,493,0,3.63340,0.00000,0.00000,0.02480,0,-1.00000,665853988542,0.00000
988,494,0,0.57550,2.98070,0.18250,0.02190,3840000,-1.00000,665854035695,0.00000
989,494,0,3.85150,0.00000,0.00000,0.01600,0,-1.00000,665854076053,0.00000
990,495,0,2.72500,3.54800,0.17800,0.02500,3840000,-1.00000,665854080921,0.00000
991,495,0,4.42070,0.00000,0.00000,0.01860,0,-1.00000,665854117394,0.00000
992,496,0,1.70890,2.99010,0.18850,0.02920,3840000,-1.00000,665854123016,0.00000
993,496,0,3.90620,0.00000,0.00000,0.02000,0,-1.00000,665854161534,0.00000
994,497,0,5.26110,2.74320,0.41010,0.03910,3840000,-1.00000,665854188777,0.00000
995,497,0,3.96890,0.00000,0.00000,0.02190,0,-1.00000,665854232991,0.00000
996,498,0,0.48650,2.77730,0.16950,0.01810,3840000,-1.00000,665854250068,0.00000
997,498,0,3.59030,0.00000,0.00000,0.01830,0,-1.00000,665854289145,0.00000
998,499,0,1.30310,2.99060,0.26280,0.06280,3840000,-1.00000,665854341764,0.00000
999,499,0,4.19070,0.00000,0.00000,0.02180,0,-1.00000,665854381445,0.00000
1000,500,0,0.49910,2.99200,0.22990,0.02860,3840000,-1.00000,665854386291,0.00000
1001,500,0,5.58330,0.00000,0.00000,0.01970,0,-1.00000,665854422207,0.00000
1002,501,0,1.69260,3.05890,0.19870,0.03020,3840000,-1.00000,665854435234,0.00000
1003,501,0,4.13480,0.00000,0.00000,0.02990,0,-1.00000,665854477171,0.00000
1004,502,0,0.56290,3.06640,0.25700,0.04070,3840000,-1.00000,665854482126,0.00000
1005,502,0,4.21860,0.00000,0.00000,0.02380,0,-1.00000,665854537971,0.00000
1006,503,0,0.51390,3.13040,0.19910,0.02680,3840000,-1.00000,665854554894,0.00000
1007,503,0,4.01610,0.00000,0.00000,0.02150,0,-1.00000,665854596265,0.00000
1008,504,0,2.08941,3.11090,0.21110,0.02920,3840000,-1.00000,665854601869,0.00000
1009,504,0,3.98119,0.00000,0.00000,0.01670,0,-1.00000,665854644089,0.00000
1010,505,0,2.06730,3.06660,0.20350,0.02840,3840000,-1.00000,665854649186,0.00000
1011,505,0,4.14950,0.00000,0.00000,0.01920,0,-1.00000,665854689354,0.00000
1012,506,0,8.17160,3.23250,0.17310,0.04350,3840000,-1.00000,665854710241,0.00000
1013,506,0,4.30890,0.00000,0.00000,0.02290,0,-1.00000,665854750066,0.00000
1014,507,0,0.51050,3.00240,0.17210,0.02760,3840000,-1.00000,665854770730,0.00000
1015,507,0,3.95900,0.00000,0.00000,0.02200,0,-1.00000,665854812277,0.00000
1016,508,0,0.84710,3.37880,0.23480,0.03240,3840000,-1.00000,665854893948,0.00000
1017,508,0,4.44330,0.00000,0.00000,0.02260,0,-1.00000,665854937041,0.00000
1018,509,0,1.10349,2.94650,0.18950,0.02840,3840000,-1.00000,665854942135,0.00000
1019,509,0,3.88690,0.00000,0.00000,0.01850,0,-1.00000,665854981731,0.00000
1020,510,0,2.39860,3.03460,0.17840,0.02300,3840000,-1.00000,665854990226,0.00000
1021,510,0,3.84610,0.00000,0.00000,0.01730,0,-1.00000,665855034640,0.00000
1022,511,0,5.32210,2.98290,0.18380,0.03090,3840000,-1.00000,665855045661,0.00000
1023,511,0,3.92250,0.00000,0.00000,0.02460,0,-1.00000,665855084547,0.00000
1024,512,0,2.24640,3.51590,0.20910,0.03560,3840000,-1.00000,665855108521,0.00000
1025,512,0,4.73120,0.00000,0.00000,0.02190,0,-1.00000,665855146981,0.00000
1026,513,0,0.50330,2.98230,0.20150,0.02800,3840000,-1.00000,665855200203,0.00000
1027,513,0,3.86520,0.00000,0.00000,0.02020,0,-1.00000,665855239447,0.00000
1028,514,0,0.48761,2.97910,0.20610,0.02380,3840000,-1.00000,665855261887,0.00000
1029,514,0,3.79529,0.00000,0.00000,0.01950,0,-1.00000,665855309229,0.00000
1030,515,0,0.42900,2.96320,0.17090,0.02320,3840000,-1.00000,665855314233,0.00000
1031,515,0,4.59580,0.00000,0.00000,0.01810,0,-1.00000,665855352891,0.00000
1032,516,0,3.02530,2.96050,0.18640,0.02300,3840000,-1.00000,665855357764,0.00000
1033,516,0,3.80021,0.00000,0.00000,0.01770,0,-1.00000,665855395721,0.00000
1034,517,0,2.20969,2.93220,0.22480,0.04100,3840000,-1.00000,665855400001,0.00000
1035,517,0,3.99561,0.00000,0.00000,0.02430,0,-1.00000,665855445972,0.00000
1036,518,0,0.56740,3.02800,0.16980,0.02330,3840000,-1.00000,665855476216,0.00000
1037,518,0,4.69770,0.00000,0.00000,0.01650,0,-1.00000,665855514231,0.00000
1038,519,0,6.17450,3.13070,0.21640,0.05710,3840000,-1.00000,665855536342,0.00000
1039,519,0,4.28430,0.00000,0.00000,0.02170,0,-1.00000,665855576288,0.00000
1040,520,0,4.76541,3.10510,0.32240,0.02690,3840000,-1.00000,665855581944,0.00000
1041,520,0,4.07020,0.00000,0.00000,0.02220,0,-1.00000,665855628927,0.00000
1042,521,0,0.46890,3.29110,0.16850,0.02390,3840000,-1.00000,665855690709,0.00000
1043,521,0,4.11950,0.00000,0.00000,0.02230,0,-1.00000,665855733531,0.00000
1044,522,0,0.47550,3.08140,0.20130,0.02390,3840000,-1.00000,665855781169,0.00000
1045,522,0,3.96100,0.00000,0.00000,0.01950,0,-1.00000,665855821870,0.00000
1046,523,0,0.48030,2.94420,0.17280,0.02390,3840000,-1.00000,665855826562,0.00000
1047,523,0,3.77820,0.00000,0.00000,0.02130,0,-1.00000,665855867762,0.00000
1048,524,0,4.22430,2.99770,0.22360,0.03900,3840000,-1.00000,665855872503,0.00000
1049,524,0,3.93450,0.00000,0.00000,0.02270,0,-1.00000,665855912118,0.00000
1050,525,0,0.52310,3.08020,0.18110,0.02500,3840000,-1.00000,665855916919,0.00000
1051,525,0,3.92390,0.00000,0.00000,0.01830,0,-1.00000,665855954714,0.00000
1052,526,0,0.85470,3.00530,0.16240,0.02300,3840000,-1.00000,665855996953,0.00000
1053,526,0,3.77690,0.00000,0.00000,0.01740,0,-1.00000,665856036288,0.00000
1054,527,0,5.44870,2.84760,0.21300,0.02970,3840000,-1.00000,665856041514,0.00000
1055,527,0,3.76340,0.00000,0.00000,0.01910,0,-1.00000,665856080760,0.00000
1056,528,0,0.47600,3.00440,0.18070,0.02510,3840000,-1.00000,665856089307,0.00000
1057,528,0,3.91530,0.00000,0.00000,0.02090,0,-1.00000,665856127093,0.00000
1058,529,0,1.14570,3.01790,0.15510,0.02130,3840000,-1.00000,665856181568,0.00000
1059,529,0,3.83470,0.00000,0.00000,0.01970,0,-1.00000,665856219200,0.00000
1060,530,0,0.47260,3.22780,0.23480,0.03870,3840000,-1.00000,665856223959,0.00000
1061,530,0,7.85090,0.00000,0.00000,0.02190,0,-1.00000,665856263119,0.00000
1062,531,0,0.49510,2.94330,0.16060,0.02560,3840000,-1.00000,665856274568,0.00000
1063,531,0,3.89700,0.00000,0.00000,0.02530,0,-1.00000,665856312919,0.00000
1064,532,0,4.82100,2.94910,0.19440,0.02790,3840000,-1.00000,665856317642,0.00000
1065,532,0,3.85880,0.00000,0.00000,0.02340,0,-1.00000,665856396174,0.00000
1066,533,0,5.30330,2.91920,0.17400,0.02930,3840000,-1.00000,665856401096,0.00000
1067,533,0,3.97190,0.00000,0.00000,0.03250,0,-1.00000,665856440086,0.00000
1068,534,0,0.97180,3.44280,0.25060,0.03790,3840000,-1.00000,665856488285,0.00000
1069,534,0,4.70920,0.00000,0.00000,0.02270,0,-1.00000,665856526880,0.00000
1070,535,0,2.51970,2.94390,0.23330,0.02900,3840000,-1.00000,665856579901,0.00000
1071,535,0,4.00900,0.00000,0.00000,0.01750,0,-1.00000,665856619662,0.00000
1072,536,0,5.29660,3.04870,0.19110,0.02620,3840000,-1.00000,665856629356,0.00000
1073,536,0,3.98880,0.00000,0.00000,0.01860,0,-1.00000,665856676451,0.00000
1074,537,0,0.55710,2.86940,0.16440,0.02350,3840000,-1.00000,665856701629,0.00000
1075,537,0,3.67950,0.00000,0.00000,0.01740,0,-1.00000,665856741725,0.00000
1076,538,0,0.49210,2.97120,0.14120,0.02330,3840000,-1.00000,665856794685,0.00000
1077,538,0,3.84580,0.00000,0.00000,0.02020,0,-1.00000,665856834579,0.00000
1078,539,0,2.77530,3.20250,0.24400,0.05560,3840000,-1.00000,665856840144,0.00000
1079,539,0,4.57340,0.00000,0.00000,0.02270,0,-1.00000,665856876984,0.00000
1080,540,0,1.36840,3.17330,0.22210,0.04200,3840000,-1.00000,665856881856,0.00000
1081,540,0,4.24470,0.00000,0.00000,0.02490,0,-1.00000,665856920327,0.00000
1082,541,0,0.54619,2.79000,0.16290,0.02260,3840000,-1.00000,665856948072,0.00000
1083,541,0,3.75140,0.00000,0.00000,0.01860,0,-1.00000,665856993827,0.00000
1084,542,0,0.46870,3.00870,0.33690,0.04230,3840000,-1.00000,665857007506,0.00000
1085,542,0,4.28330,0.00000,0.00000,0.02310,0,-1.00000,665857049953,0.00000
1086,543,0,5.39310,2.83520,0.19900,0.05090,3840000,-1.00000,665857055395,0.00000
1087,543,0,4.01940,0.00000,0.00000,0.01840,0,-1.00000,665857092916,0.00000
1088,544,0,5.12650,3.10300,0.19920,0.04070,3840000,-1.00000,665857097599,0.00000
1089,544,0,4.19080,0.00000,0.00000,0.02010,0,-1.00000,665857140453,0.00000
1090,545,0,1.98819,3.06280,0.16350,0.02560,3840000,-1.00000,665857194412,0.00000
1091,545,0,3.95080,0.00000,0.00000,0.01560,0,-1.00000,665857234566,0.00000
1092,546,0,0.68530,3.10240,0.14280,0.02330,3840000,-1.00000,665857285823,0.00000
1093,546,0,7.61300,0.00000,0.00000,0.01950,0,-1.00000,665857327754,0.00000
1094,547,0,0.47830,3.03810,0.13180,0.02020,3840000,-1.00000,665857347610,0.00000
1095,547,0,3.85610,0.00000,0.00000,0.02290,0,-1.00000,665857387120,0.00000
1096,548,0,4.70580,3.07530,0.14800,0.02690,3840000,-1.00000,665857393972,0.00000
1097,548,0,3.99300,0.00000,0.00000,0.02200,0,-1.00000,665857470112,0.00000
1098,549,0,0.49571,2.99710,0.13160,0.02110,3840000,-1.00000,665857474885,0.00000
1099,549,0,3.76200,0.00000,0.00000,0.02240,0,-1.00000,665857513449,0.00000
1100,550,0,1.16710,3.21830,0.22950,0.03500,3840000,-1.00000,665857560506,0.00000
1101,550,0,4.31530,0.00000,0.00000,0.02050,0,-1.00000,665857600442,0.00000
1102,551,0,0.67550,3.07000,0.14630,0.02170,3840000,-1.00000,665857605390,0.00000
1103,551,0,7.27380,0.00000,0.00000,0.01860,0,-1.00000,665857643150,0.00000
1104,552,0,0.53410,2.84260,0.15710,0.02050,3840000,-1.00000,665857654690,0.00000
1105,552,0,3.67450,0.00000,0.00000,0.01850,0,-1.00000,665857697850,0.00000
1106,553,0,5.04400,3.10540,0.16070,0.02910,3840000,-1.00000,665857704607,0.00000
1107,553,0,3.98420,0.00000,0.00000,0.01950,0,-1.00000,665857777332,0.00000
1108,554,0,2.25710,3.21390,0.20690,0.03070,3840000,-1.00000,665857782668,0.00000
1109,554,0,4.35050,0.00000,0.00000,0.02230,0,-1.00000,665857819416,0.00000
1110,555,0,0.58530,2.98930,0.19690,0.03010,3840000,-1.00000,665857869857,0.00000
1111,555,0,3.94320,0.00000,0.00000,0.02170,0,-1.00000,665857909698,0.00000
1112,556,0,0.55310,3.78970,0.23150,0.02560,3840000,-1.00000,665857932267,0.00000
1113,556,0,4.78060,0.00000,0.00000,0.01970,0,-1.00000,665857975798,0.00000
1114,557,0,0.45020,3.01050,0.15670,0.02230,3840000,-1.00000,665857981625,0.00000
1115,557,0,3.78460,0.00000,0.00000,0.01840,0,-1.00000,665858021073,0.00000
1116,558,0,0.41620,3.09120,0.16040,0.02010,3840000,-1.00000,665858026589,0.00000
1117,558,0,3.83330,0.00000,0.00000,0.01650,0,-1.00000,665858074398,0.00000
1118,559,0,0.47881,3.28580,0.15070,0.02260,3840000,-1.00000,665858078895,0.00000
1119,559,0,4.38830,0.00000,0.00000,0.01760,0,-1.00000,665858116749,0.00000
1120,560,0,0.42430,3.11300,0.15200,0.02050,3840000,-1.00000,665858120896,0.00000
1121,560,0,5.80020,0.00000,0.00000,0.02120,0,-1.00000,665858159235,0.00000
1122,561,0,2.85360,3.24330,0.23080,0.04590,3840000,-1.00000,665858164023,0.00000
1123,561,0,4.37000,0.00000,0.00000,0.02210,0,-1.00000,665858207910,0.00000
1124,562,0,0.51920,3.17850,0.19790,0.02280,3840000,-1.00000,665858212157,0.00000
1125,562,0,4.00510,0.00000,0.00000,0.02150,0,-1.00000,665858270155,0.00000
1126,563,0,0.45789,3.15700,0.13940,0.01950,3840000,-1.00000,665858298688,0.00000
1127,563,0,3.95480,0.00000,0.00000,0.02190,0,-1.00000,665858342426,0.00000
1128,564,0,0.44530,3.12910,0.15930,0.02290,3840000,-1.00000,665858347572,0.00000
1129,564,0,3.93900,0.00000,0.00000,0.02010,0,-1.00000,665858387630,0.00000
1130,565,0,1.11620,3.21940,0.15480,0.02100,3840000,-1.00000,665858392246,0.00000
1131,565,0,3.99530,0.00000,0.00000,0.01760,0,-1.00000,665858431763,0.00000
1132,566,0,5.07840,3.05680,0.15360,0.02040,3840000,-1.00000,665858436212,0.00000
1133,566,0,3.96090,0.00000,0.00000,0.02330,0,-1.00000,665858475605,0.00000
1134,567,0,0.45160,3.11020,0.21890,0.03650,3840000,-1.00000,665858486764,0.00000
1135,567,0,4.11910,0.00000,0.00000,0.02200,0,-1.00000,665858526721,0.00000
1136,568,0,0.76070,3.10970,0.20930,0.02630,3840000,-1.00000,665858577499,0.00000
1137,568,0,3.96300,0.00000,0.00000,0.01790,0,-1.00000,665858617118,0.00000
1138,569,0,2.15970,3.13430,0.22150,0.02890,3840000,-1.00000,665858621624,0.00000
1139,569,0,4.07990,0.00000,0.00000,0.02160,0,-1.00000,665858662833,0.00000
1140,570,0,6.54500,3.10460,0.21770,0.03130,3840000,-1.00000,665858670417,0.00000
1141,570,0,4.10440,0.00000,0.00000,0.01940,0,-1.00000,665858710062,0.00000
1142,571,0,0.52680,3.02410,0.29200,0.02430,3840000,-1.00000,665858731645,0.00000
1143,571,0,4.10690,0.00000,0.00000,0.02140,0,-1.00000,665858772462,0.00000
1144,572,0,0.51181,2.98530,0.17670,0.02380,3840000,-1.00000,665858837901,0.00000
1145,572,0,4.80789,0.00000,0.00000,0.02000,0,-1.00000,665858878960,0.00000
1146,573,0,0.54100,3.26560,0.18760,0.04220,3840000,-1.00000,665858884209,0.00000
1147,573,0,4.31840,0.00000,0.00000,0.02460,0,-1.00000,665858925286,0.00000
1148,574,0,1.21260,3.23110,0.21890,0.02900,3840000,-1.00000,665858930412,0.00000
1149,574,0,4.24270,0.00000,0.00000,0.02130,0,-1.00000,665858978479,0.00000
1150,575,0,0.42420,2.99030,0.15770,0.02050,3840000,-1.00000,665858983891,0.00000
1151,575,0,3.84810,0.00000,0.00000,0.02140,0,-1.00000,665859027099,0.00000
1152,576,0,0.89220,3.12650,0.17180,0.02400,3840000,-1.00000,665859039200,0.00000
1153,576,0,4.02160,0.00000,0.00000,0.01940,0,-1.00000,665859081635,0.00000
1154,577,0,5.24810,3.10410,0.15490,0.02540,3840000,-1.00000,665859085862,0.00000
1155,577,0,4.04640,0.00000,0.00000,0.01920,0,-1.00000,665859124445,0.00000
1156,578,0,0.48410,3.20060,0.20820,0.03600,3840000,-1.00000,665859133268,0.00000
1157,578,0,4.12390,0.00000,0.00000,0.02140,0,-1.00000,665859173493,0.00000
1158,579,0,0.53990,3.22340,0.15040,0.02340,3840000,-1.00000,665859225964,0.00000
1159,579,0,4.04450,0.00000,0.00000,0.01940,0,-1.00000,665859266444,0.00000
1160,580,0,2.15180,3.22780,0.14960,0.02320,3840000,-1.00000,665859271270,0.00000
1161,580,0,4.06400,0.00000,0.00000,0.01860,0,-1.00000,665859312546,0.00000
1162,581,0,5.34820,3.18470,0.16810,0.02350,3840000,-1.00000,665859317902,0.00000
1163,581,0,3.95950,0.00000,0.00000,0.01870,0,-1.00000,665859358358,0.00000
1164,582,0,5.10670,2.98380,0.14940,0.02450,3840000,-1.00000,665859379871,0.00000
1165,582,0,3.72650,0.00000,0.00000,0.02110,0,-1.00000,665859420528,0.00000
1166,583,0,0.45540,3.20730,0.14370,0.02130,3840000,-1.00000,665859473996,0.00000
1167,583,0,3.95220,0.00000,0.00000,0.02030,0,-1.00000,665859513592,0.00000
1168,584,0,0.76290,3.07170,0.20740,0.03760,3840000,-1.00000,665859564659,0.00000
1169,584,0,4.05800,0.00000,0.00000,0.01970,0,-1.00000,665859601935,0.00000
1170,585,0,5.57850,3.13110,0.20600,0.03540,3840000,-1.00000,665859606476,0.00000
1171,585,0,4.00890,0.00000,0.00000,0.02050,0,-1.00000,665859646003,0.00000
1172,586,0,0.43470,3.06460,0.17240,0.02210,3840000,-1.00000,665859653628,0.00000
1173,586,0,3.82560,0.00000,0.00000,0.01840,0,-1.00000,665859694218,0.00000
1174,587,0,0.43591,3.21580,0.17210,0.02580,3840000,-1.00000,665859749995,0.00000
1175,587,0,3.99660,0.00000,0.00000,0.01840,0,-1.00000,665859790084,0.00000
1176,588,0,8.84090,3.26690,0.21620,0.03590,3840000,-1.00000,665859794425,0.00000
1177,588,0,4.21810,0.00000,0.00000,0.02180,0,-1.00000,665859832685,0.00000
1178,589,0,2.03880,3.21820,0.15980,0.02510,3840000,-1.00000,665859837041,0.00000
1179,589,0,4.06970,0.00000,0.00000,0.02550,0,-1.00000,665859877015,0.00000
1180,590,0,0.50840,3.17140,0.17060,0.02100,3840000,-1.00000,665859965438,0.00000
1181,590,0,6.00910,0.00000,0.00000,0.01710,0,-1.00000,665860007607,0.00000
1182,591,0,1.75610,3.19760,0.12660,0.02080,3840000,-1.00000,665860027991,0.00000
1183,591,0,4.00710,0.00000,0.00000,0.02050,0,-1.00000,665860068685,0.00000
1184,592,0,0.50380,3.18380,0.14580,0.01900,3840000,-1.00000,665860073793,0.00000
1185,592,0,4.64630,0.00000,0.00000,0.01810,0,-1.00000,665860133861,0.00000
1186,593,0,0.45420,3.07410,0.12840,0.02020,3840000,-1.00000,665860151416,0.00000
1187,593,0,5.62929,0.00000,0.00000,0.01930,0,-1.00000,665860191500,0.00000
1188,594,0,3.29311,3.23540,0.18820,0.04540,3840000,-1.00000,665860196533,0.00000
1189,594,0,4.39760,0.00000,0.00000,0.02130,0,-1.00000,665860242996,0.00000
1190,595,0,4.66310,3.16660,0.16380,0.02390,3840000,-1.00000,665860247535,0.00000
1191,595,0,3.90220,0.00000,0.00000,0.01900,0,-1.00000,665860303831,0.00000
1192,596,0,2.25550,3.08580,0.15180,0.02470,3840000,-1.00000,665860336773,0.00000
1193,596,0,3.97030,0.00000,0.00000,0.02130,0,-1.00000,665860380745,0.00000
1194,597,0,0.39580,3.31820,0.12950,0.02050,3840000,-1.00000,665860427363,0.00000
1195,597,0,4.01780,0.00000,0.00000,0.01920,0,-1.00000,665860466392,0.00000
1196,598,0,3.93771,3.23700,0.18390,0.04170,3840000,-1.00000,665860488941,0.00000
1197,598,0,4.25969,0.00000,0.00000,0.02330,0,-1.00000,665860528651,0.00000
1198,599,0,0.47930,3.52660,0.17430,0.02200,3840000,-1.00000,665860532598,0.00000
1199,599,0,4.35610,0.00000,0.00000,0.01860,0,-1.00000,665860572791,0.00000
1200,600,0,0.40310,3.18250,0.16870,0.02770,3840000,-1.00000,665860612160,0.00000
1201,600,0,3.94430,0.00000,0.00000,0.01920,0,-1.00000,665860654788,0.00000
1202,601,0,4.98200,3.14200,0.14230,0.02270,3840000,-1.00000,665860659546,0.00000
1203,601,0,3.84270,0.00000,0.00000,0.01960,0,-1.00000,665860703114,0.00000
1204,602,0,2.32010,3.49090,0.14930,0.02510,3840000,-1.00000,665860707137,0.00000
1205,602,0,4.21130,0.00000,0.00000,0.01970,0,-1.00000,665860746586,0.00000
1206,603,0,5.12950,3.34920,0.23740,0.03430,3840000,-1.00000,665860796406,0.00000
1207,603,0,4.32720,0.00000,0.00000,0.02660,0,-1.00000,665860834836,0.00000
1208,604,0,4.77140,3.13280,0.20480,0.02760,3840000,-1.00000,665860858035,0.00000
1209,604,0,3.94041,0.00000,0.00000,0.02310,0,-1.00000,665860900146,0.00000
1210,605,0,0.41000,3.45270,0.16210,0.02220,3840000,-1.00000,665860951441,0.00000
1211,605,0,4.23730,0.00000,0.00000,0.01520,0,-1.00000,665860994723,0.00000
1212,606,0,3.82910,3.40480,0.21470,0.02590,3840000,-1.00000,665861042427,0.00000
1213,606,0,4.27640,0.00000,0.00000,0.01870,0,-1.00000,665861081834,0.00000
1214,607,0,1.88770,3.43700,0.16320,0.02450,3840000,-1.00000,665861085918,0.00000
1215,607,0,4.20350,0.00000,0.00000,0.01840,0,-1.00000,665861128303,0.00000
1216,608,0,0.41110,3.30790,0.22700,0.03440,3840000,-1.00000,665861166599,0.00000
1217,608,0,4.22961,0.00000,0.00000,0.01940,0,-1.00000,665861209362,0.00000
1218,609,0,0.42489,3.37630,0.30930,0.02740,3840000,-1.00000,665861228233,0.00000
1219,609,0,4.30111,0.00000,0.00000,0.01880,0,-1.00000,665861270273,0.00000
1220,610,0,1.69529,3.44920,0.17810,0.02440,3840000,-1.00000,665861274380,0.00000
1221,610,0,4.17511,0.00000,0.00000,0.02150,0,-1.00000,665861316693,0.00000
1222,611,0,0.38980,3.36660,0.13150,0.02230,3840000,-1.00000,665861320924,0.00000
1223,611,0,4.02730,0.00000,0.00000,0.02230,0,-1.00000,665861363940,0.00000
1224,612,0,0.55180,3.60920,0.15020,0.02110,3840000,-1.00000,665861380889,0.00000
1225,612,0,4.27440,0.00000,0.00000,0.01660,0,-1.00000,665861422653,0.00000
1226,613,0,4.93170,3.22350,0.15310,0.02720,3840000,-1.00000,665861426531,0.00000
1227,613,0,4.12540,0.00000,0.00000,0.01960,0,-1.00000,665861466814,0.00000
1228,614,0,0.45370,3.19790,0.15650,0.02270,3840000,-1.00000,665861472329,0.00000
1229,614,0,4.03370,0.00000,0.00000,0.02120,0,-1.00000,665861515072,0.00000
1230,615,0,6.92990,3.27260,0.18600,0.03710,3840000,-1.00000,665861564395,0.00000
1231,615,0,4.20680,0.00000,0.00000,0.02340,0,-1.00000,665861605652,0.00000
1232,616,0,0.57090,3.29530,0.16920,0.02320,3840000,-1.00000,665861610179,0.00000
1233,616,0,4.06400,0.00000,0.00000,0.01770,0,-1.00000,665861650527,0.00000
1234,617,0,0.44550,3.32760,0.13930,0.02000,3840000,-1.00000,665861719835,0.00000
1235,617,0,4.04140,0.00000,0.00000,0.02050,0,-1.00000,665861761892,0.00000
1236,618,0,1.99500,3.20820,0.15720,0.02380,3840000,-1.00000,665861767592,0.00000
1237,618,0,3.92120,0.00000,0.00000,0.01770,0,-1.00000,665861808236,0.00000
1238,619,0,2.24660,3.17130,0.18290,0.02940,3840000,-1.00000,665861812689,0.00000
1239,619,0,4.07540,0.00000,0.00000,0.02310,0,-1.00000,665861853109,0.00000
1240,620,0,0.43310,3.17850,0.17530,0.02160,3840000,-1.00000,665861873054,0.00000
1241,620,0,4.02430,0.00000,0.00000,0.02290,0,-1.00000,665861912265,0.00000
1242,621,0,5.15800,3.44050,0.15030,0.02250,3840000,-1.00000,665861934730,0.00000
1243,621,0,4.19221,0.00000,0.00000,0.02580,0,-1.00000,665861975505,0.00000
1244,622,0,0.43770,3.22190,0.15600,0.02300,3840000,-1.00000,665861979819,0.00000
1245,622,0,3.97990,0.00000,0.00000,0.02090,0,-1.00000,665862020072,0.00000
1246,623,0,2.46790,3.13080,0.13780,0.02190,3840000,-1.00000,665862071638,0.00000
1247,623,0,3.87590,0.00000,0.00000,0.01880,0,-1.00000,665862113567,0.00000
1248,624,0,0.43510,3.42260,0.12930,0.02060,3840000,-1.00000,665862117937,0.00000
1249,624,0,4.13099,0.00000,0.00000,0.01850,0,-1.00000,665862157740,0.00000
1250,625,0,3.75201,3.35610,0.23420,0.04020,3840000,-1.00000,665862182415,0.00000
1251,625,0,4.38500,0.00000,0.00000,0.02340,0,-1.00000,665862221172,0.00000
1252,626,0,1.88520,3.33150,0.14850,0.02220,3840000,-1.00000,665862225526,0.00000
1253,626,0,4.10990,0.00000,0.00000,0.01820,0,-1.00000,665862266843,0.00000
1254,627,0,0.44640,3.20610,0.15900,0.02270,3840000,-1.00000,665862304357,0.00000
1255,627,0,3.98710,0.00000,0.00000,0.01930,0,-1.00000,665862348234,0.00000
1256,628,0,3.66470,3.11490,0.14120,0.02170,3840000,-1.00000,665862367059,0.00000
1257,628,0,3.85291,0.00000,0.00000,0.02010,0,-1.00000,665862408162,0.00000
1258,629,0,2.17320,3.18060,0.13860,0.02150,3840000,-1.00000,665862412620,0.00000
1259,629,0,4.00040,0.00000,0.00000,0.02080,0,-1.00000,665862452494,0.00000
1260,630,0,0.44460,3.29120,0.16440,0.02940,3840000,-1.00000,665862489138,0.00000
1261,630,0,4.14690,0.00000,0.00000,0.02190,0,-1.00000,665862527664,0.00000
1262,631,0,0.77140,3.15460,0.24340,0.03770,3840000,-1.00000,665862549400,0.00000
1263,631,0,4.15689,0.00000,0.00000,0.02050,0,-1.00000,665862589413,0.00000
1264,632,0,4.90450,3.23270,0.16030,0.02510,3840000,-1.00000,665862593849,0.00000
1265,632,0,4.09401,0.00000,0.00000,0.02190,0,-1.00000,665862635335,0.00000
1266,633,0,0.45860,3.24780,0.18980,0.03010,3840000,-1.00000,665862643094,0.00000
1267,633,0,4.33800,0.00000,0.00000,0.02010,0,-1.00000,665862684619,0.00000
1268,634,0,3.52270,3.33570,0.17710,0.04520,3840000,-1.00000,665862733646,0.00000
1269,634,0,4.32740,0.00000,0.00000,0.02580,0,-1.00000,665862774596,0.00000
1270,635,0,0.48650,3.22260,0.17090,0.02320,3840000,-1.00000,665862779171,0.00000
1271,635,0,4.04090,0.00000,0.00000,0.02160,0,-1.00000,665862822583,0.00000
1272,636,0,0.53270,3.26600,0.19330,0.02940,3840000,-1.00000,665862857807,0.00000
1273,636,0,4.30190,0.00000,0.00000,0.01790,0,-1.00000,665862901073,0.00000
1274,637,0,0.38670,3.16610,0.16620,0.02290,3840000,-1.00000,665862905917,0.00000
1275,637,0,4.54471,0.00000,0.00000,0.02020,0,-1.00000,665862946328,0.00000
1276,638,0,0.37460,3.40820,0.16940,0.02120,3840000,-1.00000,665862951655,0.00000
1277,638,0,5.60770,0.00000,0.00000,0.01710,0,-1.00000,665862994690,0.00000
1278,639,0,0.46820,3.29420,0.16500,0.02260,3840000,-1.00000,665862998534,0.00000
1279,639,0,5.85670,0.00000,0.00000,0.01720,0,-1.00000,665863044008,0.00000
1280,640,0,3.05370,3.19250,0.18590,0.02270,3840000,-1.00000,665863047729,0.00000
1281,640,0,3.98030,0.00000,0.00000,0.01820,0,-1.00000,665863103813,0.00000
1282,641,0,0.51790,3.49090,0.25110,0.04050,3840000,-1.00000,665863108496,0.00000
1283,641,0,4.67440,0.00000,0.00000,0.02210,0,-1.00000,665863167068,0.00000
1284,642,0,0.47410,3.43260,0.24710,0.03540,3840000,-1.00000,665863197597,0.00000
1285,642,0,4.35340,0.00000,0.00000,0.02200,0,-1.00000,665863237397,0.00000
1286,643,0,1.60690,3.11990,0.18710,0.02410,3840000,-1.00000,665863242571,0.00000
1287,643,0,3.82200,0.00000,0.00000,0.01820,0,-1.00000,665863289357,0.00000
1288,644,0,0.36520,3.33240,0.18400,0.02320,3840000,-1.00000,665863294069,0.00000
1289,644,0,4.08070,0.00000,0.00000,0.01920,0,-1.00000,665863337615,0.00000
1290,645,0,0.78740,3.26570,0.22260,0.02540,3840000,-1.00000,665863353665,0.00000
1291,645,0,4.08559,0.00000,0.00000,0.01900,0,-1.00000,665863391884,0.00000
1292,646,0,5.11960,3.21620,0.18540,0.02340,3840000,-1.00000,665863395531,0.00000
1293,646,0,4.03681,0.00000,0.00000,0.02130,0,-1.00000,665863436349,0.00000
1294,647,0,0.42710,3.27220,0.17950,0.02350,3840000,-1.00000,665863444219,0.00000
1295,647,0,4.05510,0.00000,0.00000,0.01740,0,-1.00000,665863485091,0.00000
1296,648,0,0.71409,3.39170,0.18220,0.03000,3840000,-1.00000,665863536271,0.00000
1297,648,0,4.35580,0.00000,0.00000,0.02340,0,-1.00000,665863576646,0.00000
1298,649,0,0.43470,3.15100,0.19900,0.02270,3840000,-1.00000,665863580912,0.00000
1299,649,0,3.94180,0.00000,0.00000,0.01810,0,-1.00000,665863621465,0.00000
1300,650,0,0.35590,3.24950,0.16710,0.02100,3840000,-1.00000,665863628597,0.00000
1301,650,0,4.03960,0.00000,0.00000,0.01700,0,-1.00000,665863672187,0.00000
1302,651,0,2.30619,3.25740,0.16310,0.02410,3840000,-1.00000,665863676502,0.00000
1303,651,0,3.95590,0.00000,0.00000,0.01870,0,-1.00000,665863715924,0.00000
1304,652,0,2.16080,3.27900,0.14750,0.02000,3840000,-1.00000,665863719477,0.00000
1305,652,0,4.26590,0.00000,0.00000,0.01930,0,-1.00000,665863759879,0.00000
1306,653,0,1.80660,3.14010,0.15900,0.01910,3840000,-1.00000,665863782942,0.00000
1307,653,0,3.89110,0.00000,0.00000,0.01590,0,-1.00000,665863822503,0.00000
1308,654,0,5.51190,3.18740,0.18150,0.03990,3840000,-1.00000,665863844106,0.00000
1309,654,0,4.08550,0.00000,0.00000,0.02580,0,-1.00000,665863886769,0.00000
1310,655,0,0.42350,3.18110,0.17000,0.02280,3840000,-1.00000,665863904834,0.00000
1311,655,0,3.97690,0.00000,0.00000,0.02100,0,-1.00000,665863943748,0.00000
1312,656,0,0.42810,3.30390,0.14260,0.01840,3840000,-1.00000,665863998877,0.00000
1313,656,0,3.97611,0.00000,0.00000,0.02160,0,-1.00000,665864039729,0.00000
1314,657,0,5.52110,3.47220,0.17770,0.02770,3840000,-1.00000,665864043952,0.00000
1315,657,0,4.25370,0.00000,0.00000,0.02080,0,-1.00000,665864083725,0.00000
1316,658,0,0.38750,3.41020,0.16430,0.02350,3840000,-1.00000,665864088000,0.00000
1317,658,0,4.18080,0.00000,0.00000,0.01710,0,-1.00000,665864127767,0.00000
1318,659,0,0.33980,3.22970,0.16560,0.02080,3840000,-1.00000,665864182973,0.00000
1319,659,0,3.95300,0.00000,0.00000,0.01800,0,-1.00000,665864225523,0.00000
1320,660,0,2.23330,3.21320,0.19350,0.03480,3840000,-1.00000,665864229383,0.00000
1321,660,0,4.26830,0.00000,0.00000,0.02400,0,-1.00000,665864271197,0.00000
1322,661,0,1.87010,3.27900,0.15050,0.02140,3840000,-1.00000,665864274592,0.00000
1323,661,0,3.96780,0.00000,0.00000,0.02050,0,-1.00000,665864314127,0.00000
1324,662,0,0.37020,3.15210,0.15750,0.01880,3840000,-1.00000,665864336468,0.00000
1325,662,0,3.89930,0.00000,0.00000,0.01730,0,-1.00000,665864379144,0.00000
1326,663,0,1.00840,3.25280,0.15980,0.02490,3840000,-1.00000,665864397841,0.00000
1327,663,0,4.01730,0.00000,0.00000,0.01900,0,-1.00000,665864437524,0.00000
1328,664,0,0.38480,3.40260,0.16220,0.02100,3840000,-1.00000,665864441221,0.00000
1329,664,0,4.09610,0.00000,0.00000,0.01730,0,-1.00000,665864480213,0.00000
1330,665,0,0.30330,3.24630,0.14600,0.01980,3840000,-1.00000,665864490291,0.00000
1331,665,0,4.00950,0.00000,0.00000,0.02150,0,-1.00000,665864530477,0.00000
1332,666,0,0.39280,3.15040,0.19700,0.03270,3840000,-1.00000,665864534312,0.00000
1333,666,0,4.03700,0.00000,0.00000,0.01910,0,-1.00000,665864575283,0.00000
1334,667,0,1.18610,3.16730,0.16700,0.02260,3840000,-1.00000,665864578305,0.00000
1335,667,0,3.92791,0.00000,0.00000,0.01710,0,-1.00000,665864618420,0.00000
1336,668,0,5.32160,3.14340,0.29640,0.02520,3840000,-1.00000,665864622332,0.00000
1337,668,0,4.15210,0.00000,0.00000,0.01900,0,-1.00000,665864662716,0.00000
1338,669,0,5.05490,3.22440,0.17680,0.02430,3840000,-1.00000,665864674569,0.00000
1339,669,0,4.04200,0.00000,0.00000,0.01750,0,-1.00000,665864713845,0.00000
1340,670,0,5.20850,3.17000,0.18720,0.02820,3840000,-1.00000,665864767062,0.00000
1341,670,0,4.01361,0.00000,0.00000,0.01600,0,-1.00000,665864808586,0.00000
1342,671,0,2.22119,3.46690,0.31390,0.06360,3840000,-1.00000,665864859133,0.00000
1343,671,0,4.80310,0.00000,0.00000,0.02440,0,-1.00000,665864899558,0.00000
1344,672,0,1.35210,3.47620,0.23700,0.03570,3840000,-1.00000,665864951635,0.00000
1345,672,0,4.69170,0.00000,0.00000,0.01970,0,-1.00000,665864991778,0.00000
1346,673,0,1.47180,3.08010,0.18730,0.02260,3840000,-1.00000,665865013999,0.00000
1347,673,0,3.90620,0.00000,0.00000,0.01870,0,-1.00000,665865062052,0.00000
1348,674,0,0.36400,3.07760,0.14560,0.01850,3840000,-1.00000,665865075539,0.00000
1349,674,0,4.83910,0.00000,0.00000,0.02210,0,-1.00000,665865122486,0.00000
1350,675,0,3.10280,3.22940,0.22290,0.04760,3840000,-1.00000,665865137174,0.00000
1351,675,0,4.23450,0.00000,0.00000,0.02460,0,-1.00000,665865176244,0.00000
1352,676,0,1.94460,3.32470,0.20460,0.02400,3840000,-1.00000,665865179869,0.00000
1353,676,0,4.08270,0.00000,0.00000,0.01760,0,-1.00000,665865228281,0.00000
1354,677,0,0.36830,3.32520,0.16520,0.01990,3840000,-1.00000,665865259302,0.00000
1355,677,0,4.66059,0.00000,0.00000,0.02020,0,-1.00000,665865301662,0.00000
1356,678,0,3.03720,3.25140,0.20070,0.03280,3840000,-1.00000,665865321088,0.00000
1357,678,0,4.10540,0.00000,0.00000,0.01970,0,-1.00000,665865361910,0.00000
1358,679,0,8.12780,3.18930,0.19900,0.03630,3840000,-1.00000,665865365599,0.00000
1359,679,0,4.13190,0.00000,0.00000,0.01840,0,-1.00000,665865412215,0.00000
1360,680,0,5.02360,3.48180,0.22570,0.03960,3840000,-1.00000,665865442600,0.00000
1361,680,0,4.42420,0.00000,0.00000,0.02360,0,-1.00000,665865483633,0.00000
1362,681,0,0.54860,3.37470,0.15750,0.02390,3840000,-1.00000,665865564904,0.00000
1363,681,0,4.08920,0.00000,0.00000,0.02200,0,-1.00000,665865606247,0.00000
1364,682,0,0.43780,3.38440,0.18950,0.02240,3840000,-1.00000,665865656468,0.00000
1365,682,0,4.14790,0.00000,0.00000,0.01830,0,-1.00000,665865700714,0.00000
1366,683,0,1.62600,3.37150,0.24020,0.04480,3840000,-1.00000,665865706184,0.00000
1367,683,0,4.31470,0.00000,0.00000,0.02220,0,-1.00000,665865747085,0.00000
1368,684,0,0.38190,3.49070,0.34240,0.02870,3840000,-1.00000,665865751448,0.00000
1369,684,0,4.61270,0.00000,0.00000,0.01980,0,-1.00000,665865792933,0.00000
1370,685,0,0.34580,3.24610,0.17940,0.02120,3840000,-1.00000,665865809196,0.00000
1371,685,0,4.00609,0.00000,0.00000,0.02040,0,-1.00000,665865852367,0.00000
1372,686,0,0.39640,3.31110,0.21790,0.03060,3840000,-1.00000,665865856160,0.00000
1373,686,0,4.19420,0.00000,0.00000,0.01750,0,-1.00000,665865902295,0.00000
1374,687,0,0.33310,3.27340,0.17740,0.02380,3840000,-1.00000,665865905747,0.00000
1375,687,0,3.96200,0.00000,0.00000,0.01840,0,-1.00000,665865945807,0.00000
1376,688,0,2.00700,3.26530,0.23000,0.03990,3840000,-1.00000,665865949770,0.00000
1377,688,0,4.17680,0.00000,0.00000,0.01900,0,-1.00000,665865991722,0.00000
1378,689,0,0.40201,3.24980,0.17960,0.02340,3840000,-1.00000,665865995040,0.00000
1379,689,0,6.06499,0.00000,0.00000,0.02190,0,-1.00000,665866034664,0.00000
1380,690,0,1.62760,3.44180,0.15570,0.02020,3840000,-1.00000,665866054733,0.00000
1381,690,0,5.96370,0.00000,0.00000,0.01550,0,-1.00000,665866096521,0.00000
1382,691,0,0.38520,3.28080,0.19870,0.03800,3840000,-1.00000,665866100518,0.00000
1383,691,0,4.20070,0.00000,0.00000,0.02000,0,-1.00000,665866161184,0.00000
1384,692,0,1.68280,3.16840,0.22830,0.03630,3840000,-1.00000,665866177442,0.00000
1385,692,0,4.11200,0.00000,0.00000,0.01800,0,-1.00000,665866237085,0.00000
1386,693,0,5.06210,3.22400,0.17920,0.02780,3840000,-1.00000,665866240933,0.00000
1387,693,0,4.09279,0.00000,0.00000,0.01890,0,-1.00000,665866282965,0.00000
1388,694,0,0.38360,3.06930,0.17180,0.01890,3840000,-1.00000,665866299768,0.00000
1389,694,0,4.69300,0.00000,0.00000,0.01430,0,-1.00000,665866340905,0.00000
1390,695,0,0.33880,3.42570,0.21280,0.04010,3840000,-1.00000,665866391523,0.00000
1391,695,0,5.78200,0.00000,0.00000,0.02030,0,-1.00000,665866432447,0.00000
1392,696,0,6.10410,3.48900,0.22420,0.03980,3840000,-1.00000,665866436274,0.00000
1393,696,0,4.39730,0.00000,0.00000,0.02090,0,-1.00000,665866483207,0.00000
1394,697,0,0.39170,3.54280,0.20600,0.04180,3840000,-1.00000,665866486590,0.00000
1395,697,0,4.54950,0.00000,0.00000,0.02210,0,-1.00000,665866544444,0.00000
1396,698,0,2.74080,3.20970,0.18450,0.02390,3840000,-1.00000,665866605454,0.00000
1397,698,0,4.02300,0.00000,0.00000,0.02160,0,-1.00000,665866649448,0.00000
1398,699,0,0.41040,3.22340,0.14920,0.02230,3840000,-1.00000,665866653344,0.00000
1399,699,0,4.03900,0.00000,0.00000,0.02380,0,-1.00000,665866698869,0.00000
1400,700,0,0.34400,3.19310,0.20390,0.02300,3840000,-1.00000,665866726247,0.00000
1401,700,0,4.00850,0.00000,0.00000,0.01830,0,-1.00000,665866766495,0.00000
1402,701,0,0.39850,3.07530,0.20920,0.03800,3840000,-1.00000,665866770578,0.00000
1403,701,0,4.06890,0.00000,0.00000,0.02000,0,-1.00000,665866810981,0.00000
1404,702,0,1.23540,3.03190,0.15920,0.02180,3840000,-1.00000,665866814408,0.00000
1405,702,0,3.74150,0.00000,0.00000,0.01870,0,-1.00000,665866854499,0.00000
1406,703,0,2.16040,3.26950,0.22480,0.04480,3840000,-1.00000,665866858480,0.00000
1407,703,0,4.29920,0.00000,0.00000,0.02320,0,-1.00000,665866899195,0.00000
1408,704,0,0.46600,3.10050,0.19510,0.02100,3840000,-1.00000,665866911523,0.00000
1409,704,0,4.57670,0.00000,0.00000,0.01610,0,-1.00000,665866948957,0.00000
1410,705,0,6.17580,3.16060,0.16720,0.04180,3840000,-1.00000,665866970542,0.00000
1411,705,0,4.03690,0.00000,0.00000,0.02410,0,-1.00000,665867013565,0.00000
1412,706,0,0.41150,3.11500,0.15740,0.02090,3840000,-1.00000,665867018195,0.00000
1413,706,0,4.83640,0.00000,0.00000,0.01990,0,-1.00000,665867063967,0.00000
1414,707,0,0.43330,3.23290,0.14770,0.02320,3840000,-1.00000,665867125738,0.00000
1415,707,0,5.49210,0.00000,0.00000,0.01630,0,-1.00000,665867166110,0.00000
1416,708,0,3.09550,3.24420,0.21990,0.04510,3840000,-1.00000,665867170207,0.00000
1417,708,0,4.22330,0.00000,0.00000,0.01980,0,-1.00000,665867218575,0.00000
1418,709,0,0.40471,2.96420,0.16140,0.02010,3840000,-1.00000,665867222903,0.00000
1419,709,0,3.62880,0.00000,0.00000,0.01720,0,-1.00000,665867277827,0.00000
1420,710,0,0.49990,3.03110,0.14630,0.01990,3840000,-1.00000,665867308819,0.00000
1421,710,0,6.44840,0.00000,0.00000,0.02470,0,-1.00000,665867351022,0.00000
1422,711,0,0.38380,3.19660,0.18580,0.02280,3840000,-1.00000,665867355056,0.00000
1423,711,0,3.95230,0.00000,0.00000,0.01810,0,-1.00000,665867391344,0.00000
1424,712,0,1.76850,3.16420,0.21780,0.04150,3840000,-1.00000,665867396384,0.00000
1425,712,0,4.08510,0.00000,0.00000,0.02360,0,-1.00000,665867460845,0.00000
1426,713,0,0.41869,3.31520,0.21310,0.02950,3840000,-1.00000,665867464675,0.00000
1427,713,0,4.19481,0.00000,0.00000,0.02010,0,-1.00000,665867504194,0.00000
1428,714,0,0.53639,3.24630,0.19770,0.02800,3840000,-1.00000,665867521872,0.00000
1429,714,0,4.16150,0.00000,0.00000,0.01920,0,-1.00000,665867562755,0.00000
1430,715,0,1.94000,3.19590,0.24370,0.03500,3840000,-1.00000,665867566916,0.00000
1431,715,0,4.10930,0.00000,0.00000,0.02160,0,-1.00000,665867608880,0.00000
1432,716,0,5.25811,3.26950,0.21780,0.03030,3840000,-1.00000,665867614227,0.00000
1433,716,0,4.09820,0.00000,0.00000,0.02220,0,-1.00000,665867655853,0.00000
1434,717,0,1.87309,3.21310,0.16510,0.02250,3840000,-1.00000,665867675246,0.00000
1435,717,0,3.93941,0.00000,0.00000,0.01520,0,-1.00000,665867716348,0.00000
1436,718,0,2.11130,3.26160,0.18920,0.02840,3840000,-1.00000,665867768921,0.00000
1437,718,0,4.12760,0.00000,0.00000,0.01890,0,-1.00000,665867809903,0.00000
1438,719,0,0.41950,3.45260,0.23910,0.04350,3840000,-1.00000,665867828625,0.00000
1439,719,0,4.65740,0.00000,0.00000,0.02340,0,-1.00000,665867868027,0.00000
1440,720,0,3.10350,3.03560,0.18690,0.02330,3840000,-1.00000,665867889133,0.00000
1441,720,0,3.78760,0.00000,0.00000,0.02080,0,-1.00000,665867930414,0.00000
1442,721,0,2.40270,3.35150,0.20270,0.03030,3840000,-1.00000,665867934608,0.00000
1443,721,0,4.26970,0.00000,0.00000,0.01930,0,-1.00000,665867981215,0.00000
1444,722,0,0.43760,3.30510,0.20720,0.04120,3840000,-1.00000,665868012214,0.00000
1445,722,0,4.29850,0.00000,0.00000,0.01950,0,-1.00000,665868050095,0.00000
1446,723,0,2.93260,3.30750,0.18990,0.02500,3840000,-1.00000,665868074124,0.00000
1447,723,0,4.06811,0.00000,0.00000,0.01860,0,-1.00000,665868116869,0.00000
1448,724,0,0.59820,3.28010,0.17780,0.02280,3840000,-1.00000,665868121193,0.00000
1449,724,0,4.02320,0.00000,0.00000,0.02040,0,-1.00000,665868164196,0.00000
1450,725,0,3.67759,3.27380,0.19160,0.03480,3840000,-1.00000,665868193499,0.00000
1451,725,0,4.18750,0.00000,0.00000,0.01840,0,-1.00000,665868234183,0.00000
1452,726,0,1.94561,3.36760,0.29850,0.06200,3840000,-1.00000,665868240161,0.00000
1453,726,0,4.47299,0.00000,0.00000,0.02440,0,-1.00000,665868280400,0.00000
1454,727,0,1.69690,3.26700,0.29690,0.05240,3840000,-1.00000,665868317180,0.00000
1455,727,0,4.35820,0.00000,0.00000,0.02620,0,-1.00000,665868359060,0.00000
1456,728,0,4.78840,3.35430,0.31690,0.06670,3840000,-1.00000,665868378507,0.00000
1457,728,0,4.53880,0.00000,0.00000,0.02600,0,-1.00000,665868423265,0.00000
1458,729,0,0.49201,3.21650,0.33750,0.06320,3840000,-1.00000,665868440220,0.00000
1459,729,0,4.48770,0.00000,0.00000,0.02320,0,-1.00000,665868483814,0.00000
1460,730,0,0.47980,3.27900,0.21250,0.03310,3840000,-1.00000,665868531673,0.00000
1461,730,0,4.32630,0.00000,0.00000,0.02000,0,-1.00000,665868577102,0.00000
1462,731,0,0.33930,3.38850,0.18290,0.02430,3840000,-1.00000,665868581979,0.00000
1463,731,0,4.20030,0.00000,0.00000,0.01840,0,-1.00000,665868626912,0.00000
1464,732,0,2.54310,3.33430,0.25790,0.03600,3840000,-1.00000,665868631654,0.00000
1465,732,0,4.30850,0.00000,0.00000,0.02330,0,-1.00000,665868674928,0.00000
1466,733,0,1.90390,3.19120,0.23250,0.02220,3840000,-1.00000,665868678305,0.00000
1467,733,0,3.98680,0.00000,0.00000,0.02130,0,-1.00000,665868720309,0.00000
1468,734,0,2.09300,3.36790,0.16090,0.02220,3840000,-1.00000,665868745751,0.00000
1469,734,0,4.10600,0.00000,0.00000,0.02170,0,-1.00000,665868788834,0.00000
1470,735,0,1.90860,3.20050,0.29110,0.02290,3840000,-1.00000,665868807865,0.00000
1471,735,0,4.08100,0.00000,0.00000,0.01800,0,-1.00000,665868847737,0.00000
1472,736,0,0.38109,3.35540,0.21590,0.04330,3840000,-1.00000,665868868663,0.00000
1473,736,0,4.38780,0.00000,0.00000,0.02090,0,-1.00000,665868909727,0.00000
1474,737,0,6.55150,3.22230,0.17590,0.02310,3840000,-1.00000,665868928814,0.00000
1475,737,0,3.99520,0.00000,0.00000,0.02140,0,-1.00000,665868969620,0.00000
1476,738,0,0.45040,3.19250,0.17370,0.03050,3840000,-1.00000,665868973425,0.00000
1477,738,0,4.19630,0.00000,0.00000,0.02990,0,-1.00000,665869017329,0.00000
1478,739,0,0.75690,3.20420,0.20650,0.02870,3840000,-1.00000,665869082826,0.00000
1479,739,0,4.13200,0.00000,0.00000,0.03980,0,-1.00000,665869122831,0.00000
1480,740,0,0.46820,3.14000,0.16790,0.02200,3840000,-1.00000,665869127275,0.00000
1481,740,0,4.46430,0.00000,0.00000,0.02240,0,-1.00000,665869169267,0.00000
1482,741,0,3.06020,3.11810,0.21420,0.03900,3840000,-1.00000,665869176820,0.00000
1483,741,0,4.18000,0.00000,0.00000,0.02490,0,-1.00000,665869218146,0.00000
1484,742,0,4.94610,3.16330,0.26840,0.03670,3840000,-1.00000,665869222810,0.00000
1485,742,0,4.15850,0.00000,0.00000,0.02280,0,-1.00000,665869267463,0.00000
1486,743,0,5.08010,3.14790,0.18390,0.02490,3840000,-1.00000,665869298159,0.00000
1487,743,0,3.95710,0.00000,0.00000,0.03180,0,-1.00000,665869339872,0.00000
1488,744,0,0.50750,3.20390,0.15820,0.02220,3840000,-1.00000,665869389317,0.00000
1489,744,0,3.98270,0.00000,0.00000,0.01900,0,-1.00000,665869430928,0.00000
1490,745,0,0.41650,3.46150,0.24790,0.04970,3840000,-1.00000,665869481839,0.00000
1491,745,0,4.50010,0.00000,0.00000,0.02340,0,-1.00000,665869521282,0.00000
1492,746,0,2.00190,3.21550,0.23670,0.04140,3840000,-1.00000,665869526346,0.00000
1493,746,0,4.13650,0.00000,0.00000,0.01970,0,-1.00000,665869566177,0.00000
1494,747,0,4.93960,3.34240,0.24270,0.02550,3840000,-1.00000,665869570339,0.00000
1495,747,0,4.16730,0.00000,0.00000,0.01800,0,-1.00000,665869615376,0.00000
1496,748,0,5.08390,3.19170,0.23330,0.04770,3840000,-1.00000,665869635368,0.00000
1497,748,0,4.13411,0.00000,0.00000,0.02150,0,-1.00000,665869676750,0.00000
1498,749,0,5.01160,3.24100,0.20490,0.02720,3840000,-1.00000,665869726124,0.00000
1499,749,0,4.16810,0.00000,0.00000,0.01750,0,-1.00000,665869767799,0.00000
1500,750,0,0.43030,3.02390,0.19970,0.03060,3840000,-1.00000,665869818643,0.00000
1501,750,0,3.92530,0.00000,0.00000,0.01870,0,-1.00000,665869860002,0.00000
1502,751,0,3.71660,2.98250,0.21790,0.05780,3840000,-1.00000,665869910097,0.00000
1503,751,0,4.03580,0.00000,0.00000,0.02100,0,-1.00000,665869951780,0.00000
1504,752,0,2.23340,3.24990,0.17440,0.02650,3840000,-1.00000,665869956077,0.00000
1505,752,0,4.13740,0.00000,0.00000,0.02180,0,-1.00000,665869995338,0.00000
1506,753,0,0.54390,3.03800,0.16330,0.02120,3840000,-1.00000,665870032517,0.00000
1507,753,0,3.72120,0.00000,0.00000,0.02050,0,-1.00000,665870072862,0.00000
1508,754,0,0.63320,3.16850,0.22260,0.04080,3840000,-1.00000,665870095194,0.00000
1509,754,0,4.17020,0.00000,0.00000,0.02050,0,-1.00000,665870136574,0.00000
1510,755,0,0.41310,3.19970,0.25570,0.02570,3840000,-1.00000,665870142000,0.00000
1511,755,0,4.04709,0.00000,0.00000,0.01850,0,-1.00000,665870179215,0.00000
1512,756,0,0.50570,3.15770,0.14120,0.01930,3840000,-1.00000,665870185541,0.00000
1513,756,0,3.98800,0.00000,0.00000,0.02060,0,-1.00000,665870227274,0.00000
1514,757,0,0.43600,3.27300,0.20200,0.03130,3840000,-1.00000,665870231381,0.00000
1515,757,0,4.07890,0.00000,0.00000,0.02200,0,-1.00000,665870271853,0.00000
1516,758,0,0.37630,3.21190,0.19440,0.02120,3840000,-1.00000,665870276902,0.00000
1517,758,0,4.08710,0.00000,0.00000,0.02290,0,-1.00000,665870316793,0.00000
1518,759,0,3.53880,3.23890,0.19100,0.04000,3840000,-1.00000,665870321153,0.00000
1519,759,0,4.14360,0.00000,0.00000,0.01890,0,-1.00000,665870361950,0.00000
1520,760,0,0.38750,3.22090,0.20540,0.02030,3840000,-1.00000,665870365696,0.00000
1521,760,0,3.92300,0.00000,0.00000,0.02220,0,-1.00000,665870406579,0.00000
1522,761,0,0.34400,3.25610,0.15860,0.02520,3840000,-1.00000,665870441966,0.00000
1523,761,0,5.32860,0.00000,0.00000,0.01960,0,-1.00000,665870483403,0.00000
1524,762,0,3.01350,3.15130,0.21920,0.04070,3840000,-1.00000,665870487267,0.00000
1525,762,0,4.09630,0.00000,0.00000,0.02000,0,-1.00000,665870526502,0.00000
1526,763,0,2.00710,3.13270,0.16070,0.02130,3840000,-1.00000,665870529938,0.00000
1527,763,0,4.08640,0.00000,0.00000,0.02180,0,-1.00000,665870583234,0.00000
1528,764,0,2.01980,3.26780,0.25300,0.02300,3840000,-1.00000,665870613361,0.00000
1529,764,0,4.07650,0.00000,0.00000,0.01770,0,-1.00000,665870654342,0.00000
1530,765,0,2.02160,3.13940,0.15590,0.02060,3840000,-1.00000,665870674397,0.00000
1531,765,0,3.79380,0.00000,0.00000,0.01720,0,-1.00000,665870715267,0.00000
1532,766,0,0.35050,3.23810,0.22600,0.04140,3840000,-1.00000,665870735456,0.00000
1533,766,0,4.32260,0.00000,0.00000,0.01840,0,-1.00000,665870776220,0.00000
1534,767,0,0.34060,3.17600,0.17330,0.02270,3840000,-1.00000,665870796432,0.00000
1535,767,0,3.87730,0.00000,0.00000,0.01700,0,-1.00000,665870834374,0.00000
1536,768,0,2.66020,3.41240,0.19300,0.03290,3840000,-1.00000,665870837876,0.00000
1537,768,0,4.29751,0.00000,0.00000,0.01970,0,-1.00000,665870881124,0.00000
1538,769,0,1.80950,3.10270,0.20950,0.03830,3840000,-1.00000,665870884507,0.00000
1539,769,0,4.15201,0.00000,0.00000,0.02250,0,-1.00000,665870923281,0.00000
1540,770,0,0.54089,3.18460,0.19770,0.02300,3840000,-1.00000,665870949890,0.00000
1541,770,0,4.45360,0.00000,0.00000,0.02060,0,-1.00000,665870992874,0.00000
1542,771,0,3.01910,3.23190,0.18090,0.02330,3840000,-1.00000,665871010958,0.00000
1543,771,0,4.06920,0.00000,0.00000,0.02240,0,-1.00000,665871052504,0.00000
1544,772,0,1.87950,3.14570,0.16410,0.02220,3840000,-1.00000,665871057887,0.00000
1545,772,0,3.92070,0.00000,0.00000,0.01550,0,-1.00000,665871102427,0.00000
1546,773,0,2.19111,2.95000,0.15100,0.02280,3840000,-1.00000,665871132612,0.00000
1547,773,0,4.75210,0.00000,0.00000,0.02170,0,-1.00000,665871173316,0.00000
1548,774,0,1.55870,3.40590,0.21800,0.03610,3840000,-1.00000,665871192098,0.00000
1549,774,0,4.32910,0.00000,0.00000,0.02000,0,-1.00000,665871231304,0.00000
1550,775,0,1.89780,3.15780,0.16560,0.02390,3840000,-1.00000,665871253214,0.00000
1551,775,0,3.84529,0.00000,0.00000,0.01870,0,-1.00000,665871300762,0.00000
1552,776,0,2.11171,2.99620,0.20180,0.03020,3840000,-1.00000,665871316331,0.00000
1553,776,0,3.92309,0.00000,0.00000,0.02480,0,-1.00000,665871359633,0.00000
1554,777,0,2.19661,2.95210,0.21360,0.02990,3840000,-1.00000,665871378598,0.00000
1555,777,0,3.74030,0.00000,0.00000,0.01800,0,-1.00000,665871417050,0.00000
1556,778,0,2.52140,3.12760,0.15710,0.02200,3840000,-1.00000,665871438165,0.00000
1557,778,0,3.89200,0.00000,0.00000,0.01490,0,-1.00000,665871477412,0.00000
1558,779,0,5.16100,2.96240,0.21940,0.03940,3840000,-1.00000,665871499364,0.00000
1559,779,0,3.86430,0.00000,0.00000,0.02070,0,-1.00000,665871536765,0.00000
1560,780,0,0.42600,3.21130,0.21320,0.03750,3840000,-1.00000,665871561973,0.00000
1561,780,0,4.10340,0.00000,0.00000,0.01920,0,-1.00000,665871600900,0.00000
1562,781,0,0.66000,3.08040,0.17820,0.02180,3840000,-1.00000,665871652520,0.00000
1563,781,0,3.88450,0.00000,0.00000,0.01750,0,-1.00000,665871691166,0.00000
1564,782,0,2.38020,3.14450,0.17120,0.02360,3840000,-1.00000,665871695407,0.00000
1565,782,0,3.86939,0.00000,0.00000,0.02000,0,-1.00000,665871736467,0.00000
1566,783,0,5.29221,3.12530,0.20000,0.03610,3840000,-1.00000,665871743039,0.00000
1567,783,0,3.98410,0.00000,0.00000,0.01910,0,-1.00000,665871781888,0.00000
1568,784,0,5.19150,3.26850,0.27390,0.04260,3840000,-1.00000,665871805696,0.00000
1569,784,0,4.23890,0.00000,0.00000,0.02100,0,-1.00000,665871844389,0.00000
1570,785,0,1.83480,3.13450,0.21510,0.03910,3840000,-1.00000,665871897328,0.00000
1571,785,0,4.15060,0.00000,0.00000,0.02100,0,-1.00000,665871937155,0.00000
1572,786,0,2.07119,3.18390,0.20100,0.02590,3840000,-1.00000,665871989092,0.00000
1573,786,0,4.05460,0.00000,0.00000,0.01700,0,-1.00000,665872031461,0.00000
1574,787,0,1.96621,3.15150,0.16250,0.02320,3840000,-1.00000,665872049799,0.00000
1575,787,0,3.88390,0.00000,0.00000,0.02140,0,-1.00000,665872091326,0.00000
1576,788,0,0.43120,3.15210,0.14810,0.02230,3840000,-1.00000,665872112022,0.00000
1577,788,0,4.92569,0.00000,0.00000,0.01910,0,-1.00000,665872152568,0.00000
1578,789,0,3.03980,3.24110,0.19550,0.04260,3840000,-1.00000,665872172222,0.00000
1579,789,0,4.14190,0.00000,0.00000,0.02330,0,-1.00000,665872211066,0.00000
1580,790,0,2.16010,3.01450,0.15530,0.02210,3840000,-1.00000,665872215372,0.00000
1581,790,0,3.81090,0.00000,0.00000,0.02170,0,-1.00000,665872264640,0.00000
1582,791,0,0.42600,3.71820,0.17260,0.02590,3840000,-1.00000,665872295028,0.00000
1583,791,0,4.72331,0.00000,0.00000,0.01690,0,-1.00000,665872336479,0.00000
1584,792,0,6.13060,3.12140,0.20450,0.03660,3840000,-1.00000,665872358054,0.00000
1585,792,0,4.03800,0.00000,0.00000,0.02090,0,-1.00000,665872396164,0.00000
1586,793,0,2.24340,2.97350,0.16550,0.02200,3840000,-1.00000,665872400417,0.00000
1587,793,0,3.75930,0.00000,0.00000,0.02030,0,-1.00000,665872447662,0.00000
1588,794,0,0.54900,3.19330,0.23300,0.04020,3840000,-1.00000,665872508967,0.00000
1589,794,0,4.84270,0.00000,0.00000,0.02140,0,-1.00000,665872549346,0.00000
1590,795,0,0.38220,2.91700,0.17070,0.02230,3840000,-1.00000,665872571770,0.00000
1591,795,0,5.74540,0.00000,0.00000,0.01900,0,-1.00000,665872609368,0.00000
1592,796,0,6.08940,2.95050,0.22260,0.06060,3840000,-1.00000,665872614859,0.00000
1593,796,0,4.17880,0.00000,0.00000,0.02840,0,-1.00000,665872663306,0.00000
1594,797,0,2.06040,3.15260,0.31150,0.04900,3840000,-1.00000,665872667107,0.00000
1595,797,0,4.41190,0.00000,0.00000,0.02090,0,-1.00000,665872724565,0.00000
1596,798,0,4.63061,3.11210,0.18550,0.04450,3840000,-1.00000,665872785495,0.00000
1597,798,0,4.10650,0.00000,0.00000,0.02330,0,-1.00000,665872827277,0.00000
1598,799,0,3.44220,2.95230,0.21200,0.03860,3840000,-1.00000,665872847872,0.00000
1599,799,0,3.89480,0.00000,0.00000,0.02190,0,-1.00000,665872891991,0.00000
1600,800,0,3.93960,2.91630,0.17240,0.02170,3840000,-1.00000,665872938296,0.00000
1601,800,0,3.64470,0.00000,0.00000,0.01770,0,-1.00000,665872979353,0.00000
1602,801,0,0.37170,2.90600,0.16060,0.02550,3840000,-1.00000,665873013771,0.00000
1603,801,0,3.71790,0.00000,0.00000,0.02450,0,-1.00000,665873052725,0.00000
1604,802,0,1.44070,3.15930,0.18800,0.03250,3840000,-1.00000,665873092101,0.00000
1605,802,0,4.04230,0.00000,0.00000,0.01750,0,-1.00000,665873128551,0.00000
1606,803,0,5.21030,3.02650,0.21960,0.03920,3840000,-1.00000,665873132263,0.00000
1607,803,0,3.95110,0.00000,0.00000,0.01870,0,-1.00000,665873169596,0.00000
1608,804,0,0.36730,2.94670,0.22360,0.03330,3840000,-1.00000,665873183864,0.00000
1609,804,0,3.80090,0.00000,0.00000,0.01740,0,-1.00000,665873224290,0.00000
1610,805,0,0.40430,3.22330,0.26680,0.02850,3840000,-1.00000,665873276379,0.00000
1611,805,0,4.21480,0.00000,0.00000,0.01820,0,-1.00000,665873315912,0.00000
1612,806,0,0.39210,3.14390,0.15730,0.02120,3840000,-1.00000,665873319561,0.00000
1613,806,0,3.87610,0.00000,0.00000,0.01770,0,-1.00000,665873357586,0.00000
1614,807,0,0.36660,3.00900,0.15050,0.02130,3840000,-1.00000,665873361619,0.00000
1615,807,0,3.92430,0.00000,0.00000,0.01820,0,-1.00000,665873403768,0.00000
1616,808,0,0.41450,3.07420,0.20440,0.02740,3840000,-1.00000,665873407684,0.00000
1617,808,0,4.02830,0.00000,0.00000,0.03400,0,-1.00000,665873446445,0.00000
1618,809,0,0.43720,3.00230,0.20020,0.02710,3840000,-1.00000,665873450107,0.00000
1619,809,0,4.62781,0.00000,0.00000,0.01960,0,-1.00000,665873489361,0.00000
1620,810,0,0.40249,2.86280,0.15360,0.01760,3840000,-1.00000,665873493504,0.00000
1621,810,0,3.51700,0.00000,0.00000,0.01810,0,-1.00000,665873533794,0.00000
1622,811,0,5.27590,3.09170,0.20290,0.04310,3840000,-1.00000,665873538154,0.00000
1623,811,0,4.00381,0.00000,0.00000,0.02050,0,-1.00000,665873584446,0.00000
1624,812,0,0.38710,2.89570,0.17110,0.01820,3840000,-1.00000,665873588453,0.00000
1625,812,0,3.56180,0.00000,0.00000,0.02210,0,-1.00000,665873623628,0.00000
1626,813,0,1.09710,3.24120,0.22330,0.04900,3840000,-1.00000,665873676417,0.00000
1627,813,0,4.31350,0.00000,0.00000,0.02120,0,-1.00000,665873716432,0.00000
1628,814,0,0.41460,3.06510,0.18620,0.02200,3840000,-1.00000,665873720291,0.00000
1629,814,0,3.80030,0.00000,0.00000,0.02390,0,-1.00000,665873755918,0.00000
1630,815,0,0.35670,3.16060,0.17920,0.02450,3840000,-1.00000,665873766884,0.00000
1631,815,0,3.91470,0.00000,0.00000,0.01840,0,-1.00000,665873810046,0.00000
1632,816,0,2.76200,3.35710,0.19700,0.03820,3840000,-1.00000,665873814165,0.00000
1633,816,0,4.27940,0.00000,0.00000,0.02300,0,-1.00000,665873852177,0.00000
1634,817,0,0.44530,2.84720,0.17790,0.02150,3840000,-1.00000,665873855732,0.00000
1635,817,0,3.65200,0.00000,0.00000,0.02080,0,-1.00000,665873894888,0.00000
1636,818,0,0.38520,2.92680,0.16050,0.02000,3840000,-1.00000,665873922500,0.00000
1637,818,0,3.66700,0.00000,0.00000,0.01760,0,-1.00000,665873965321,0.00000
1638,819,0,6.17420,2.97830,0.15120,0.02500,3840000,-1.00000,665873969754,0.00000
1639,819,0,3.73980,0.00000,0.00000,0.01830,0,-1.00000,665874006276,0.00000
1640,820,0,0.37421,2.85280,0.15520,0.01810,3840000,-1.00000,665874010119,0.00000
1641,820,0,5.19439,0.00000,0.00000,0.01920,0,-1.00000,665874046792,0.00000
1642,821,0,0.37360,3.02110,0.15390,0.02100,3840000,-1.00000,665874108536,0.00000
1643,821,0,5.44270,0.00000,0.00000,0.01680,0,-1.00000,665874145933,0.00000
1644,822,0,0.39770,3.17800,0.16920,0.02050,3840000,-1.00000,665874149672,0.00000
1645,822,0,3.93810,0.00000,0.00000,0.01710,0,-1.00000,665874201619,0.00000
1646,823,0,2.02070,3.03510,0.19920,0.03480,3840000,-1.00000,665874205350,0.00000
1647,823,0,3.99350,0.00000,0.00000,0.02220,0,-1.00000,665874259783,0.00000
1648,824,0,0.43199,2.96700,0.16830,0.02230,3840000,-1.00000,665874263752,0.00000
1649,824,0,7.89481,0.00000,0.00000,0.02190,0,-1.00000,665874303138,0.00000
1650,825,0,0.35180,3.10000,0.16160,0.02100,3840000,-1.00000,665874323359,0.00000
1651,825,0,3.78580,0.00000,0.00000,0.02050,0,-1.00000,665874363294,0.00000
1652,826,0,2.12780,2.88440,0.14230,0.01940,3840000,-1.00000,665874367596,0.00000
1653,826,0,3.59360,0.00000,0.00000,0.01700,0,-1.00000,665874446568,0.00000
1654,827,0,5.56480,2.91370,0.22310,0.04180,3840000,-1.00000,665874450064,0.00000
1655,827,0,3.88580,0.00000,0.00000,0.02440,0,-1.00000,665874487926,0.00000
1656,828,0,0.44240,3.04590,0.20700,0.02250,3840000,-1.00000,665874509199,0.00000
1657,828,0,3.80830,0.00000,0.00000,0.01730,0,-1.00000,665874545137,0.00000
1658,829,0,0.34450,3.08980,0.15330,0.01740,3840000,-1.00000,665874600787,0.00000
1659,829,0,3.73460,0.00000,0.00000,0.02160,0,-1.00000,665874639675,0.00000
1660,830,0,1.29240,3.04490,0.15900,0.02180,3840000,-1.00000,665874644065,0.00000
1661,830,0,3.79120,0.00000,0.00000,0.01780,0,-1.00000,665874682151,0.00000
1662,831,0,4.25450,3.02440,0.15390,0.02920,3840000,-1.00000,665874685594,0.00000
1663,831,0,3.79330,0.00000,0.00000,0.01970,0,-1.00000,665874722945,0.00000
1664,832,0,2.32160,3.04150,0.19470,0.03260,3840000,-1.00000,665874735868,0.00000
1665,832,0,4.02770,0.00000,0.00000,0.02090,0,-1.00000,665874773776,0.00000
1666,833,0,2.02800,2.80470,0.16110,0.02280,3840000,-1.00000,665874816327,0.00000
1667,833,0,3.55471,0.00000,0.00000,0.02020,0,-1.00000,665874854255,0.00000
1668,834,0,5.82330,3.17790,0.32970,0.07970,3840000,-1.00000,665874877488,0.00000
1669,834,0,4.52370,0.00000,0.00000,0.02420,0,-1.00000,665874917760,0.00000
1670,835,0,1.62881,2.92830,0.21730,0.03650,3840000,-1.00000,665874938026,0.00000
1671,835,0,3.97140,0.00000,0.00000,0.02380,0,-1.00000,665874973676,0.00000
1672,836,0,0.48050,3.09020,0.17910,0.02480,3840000,-1.00000,665875031833,0.00000
1673,836,0,4.83060,0.00000,0.00000,0.01810,0,-1.00000,665875077081,0.00000
1674,837,0,3.07600,3.00300,0.16660,0.02440,3840000,-1.00000,665875093347,0.00000
1675,837,0,3.85350,0.00000,0.00000,0.02010,0,-1.00000,665875133067,0.00000
1676,838,0,0.38870,2.93580,0.21510,0.09330,3840000,-1.00000,665875137854,0.00000
1677,838,0,5.01850,0.00000,0.00000,0.01910,0,-1.00000,665875186166,0.00000
1678,839,0,3.08270,2.96640,0.19570,0.02620,3840000,-1.00000,665875216925,0.00000
1679,839,0,3.86430,0.00000,0.00000,0.01840,0,-1.00000,665875255464,0.00000
1680,840,0,2.28290,3.02370,0.16150,0.02300,3840000,-1.00000,665875259337,0.00000
1681,840,0,3.77190,0.00000,0.00000,0.01770,0,-1.00000,665875309547,0.00000
1682,841,0,0.42200,3.04290,0.15140,0.02220,3840000,-1.00000,665875340358,0.00000
1683,841,0,3.81230,0.00000,0.00000,0.01790,0,-1.00000,665875379011,0.00000
1684,842,0,0.40439,2.86150,0.14400,0.01760,3840000,-1.00000,665875401826,0.00000
1685,842,0,3.91660,0.00000,0.00000,0.01570,0,-1.00000,665875439546,0.00000
1686,843,0,6.21740,2.81610,0.19520,0.02340,3840000,-1.00000,665875443761,0.00000
1687,843,0,3.63700,0.00000,0.00000,0.01690,0,-1.00000,665875481888,0.00000
1688,844,0,0.40810,3.33690,0.28200,0.05010,3840000,-1.00000,665875485928,0.00000
1689,844,0,5.14430,0.00000,0.00000,0.02240,0,-1.00000,665875525100,0.00000
1690,845,0,0.46790,3.01950,0.22020,0.02350,3840000,-1.00000,665875587269,0.00000
1691,845,0,5.68940,0.00000,0.00000,0.01670,0,-1.00000,665875623643,0.00000
1692,846,0,3.15970,2.81190,0.19270,0.02260,3840000,-1.00000,665875627719,0.00000
1693,846,0,3.65860,0.00000,0.00000,0.01490,0,-1.00000,665875679206,0.00000
1694,847,0,5.54380,2.97590,0.15790,0.02540,3840000,-1.00000,665875683840,0.00000
1695,847,0,3.87930,0.00000,0.00000,0.01930,0,-1.00000,665875740761,0.00000
1696,848,0,0.43180,3.03910,0.12660,0.02030,3840000,-1.00000,665875772337,0.00000
1697,848,0,3.80580,0.00000,0.00000,0.01910,0,-1.00000,665875808917,0.00000
1698,849,0,4.22360,2.88890,0.21030,0.04000,3840000,-1.00000,665875864362,0.00000
1699,849,0,3.84060,0.00000,0.00000,0.02110,0,-1.00000,665875903156,0.00000
1700,850,0,2.27950,3.01720,0.17040,0.02190,3840000,-1.00000,665875907471,0.00000
1701,850,0,3.83861,0.00000,0.00000,0.01490,0,-1.00000,665875945532,0.00000
1702,851,0,0.41650,3.00370,0.13730,0.02120,3840000,-1.00000,665875987782,0.00000
1703,851,0,4.99350,0.00000,0.00000,0.01950,0,-1.00000,665876026174,0.00000
1704,852,0,3.05420,2.99070,0.17080,0.02050,3840000,-1.00000,665876048965,0.00000
1705,852,0,3.78771,0.00000,0.00000,0.01660,0,-1.00000,665876087350,0.00000
1706,853,0,5.47749,2.98940,0.17740,0.02810,3840000,-1.00000,665876091513,0.00000
1707,853,0,3.76830,0.00000,0.00000,0.01860,0,-1.00000,665876141455,0.00000
1708,854,0,5.32600,2.85070,0.20080,0.04030,3840000,-1.00000,665876171990,0.00000
1709,854,0,3.80480,0.00000,0.00000,0.01780,0,-1.00000,665876209871,0.00000
1710,855,0,0.44221,2.77030,0.19120,0.01970,3840000,-1.00000,665876264644,0.00000
1711,855,0,3.64460,0.00000,0.00000,0.01690,0,-1.00000,665876302347,0.00000
1712,856,0,0.44259,2.83640,0.18160,0.01720,3840000,-1.00000,665876355610,0.00000
1713,856,0,3.54710,0.00000,0.00000,0.01850,0,-1.00000,665876393643,0.00000
1714,857,0,0.40270,3.01260,0.15090,0.02230,3840000,-1.00000,665876398055,0.00000
1715,857,0,3.83110,0.00000,0.00000,0.01470,0,-1.00000,665876434507,0.00000
1716,858,0,2.47160,2.96740,0.18070,0.01970,3840000,-1.00000,665876439050,0.00000
1717,858,0,3.70360,0.00000,0.00000,0.01880,0,-1.00000,665876474408,0.00000
1718,859,0,0.38240,2.97500,0.14730,0.02280,3840000,-1.00000,665876478428,0.00000
1719,859,0,3.77140,0.00000,0.00000,0.01990,0,-1.00000,665876516744,0.00000
1720,860,0,4.35590,2.85380,0.20420,0.03470,3840000,-1.00000,665876541452,0.00000
1721,860,0,3.73530,0.00000,0.00000,0.01710,0,-1.00000,665876578494,0.00000
1722,861,0,0.40339,2.78030,0.14860,0.01950,3840000,-1.00000,665876582314,0.00000
1723,861,0,3.55420,0.00000,0.00000,0.01590,0,-1.00000,665876620037,0.00000
1724,862,0,0.39770,2.82940,0.21500,0.02730,3840000,-1.00000,665876663600,0.00000
1725,862,0,3.65560,0.00000,0.00000,0.01750,0,-1.00000,665876700948,0.00000
1726,863,0,0.69180,2.89390,0.24900,0.04400,3840000,-1.00000,665876704972,0.00000
1727,863,0,3.88279,0.00000,0.00000,0.02340,0,-1.00000,665876740517,0.00000
1728,864,0,2.26340,2.88150,0.25670,0.04850,3840000,-1.00000,665876744489,0.00000
1729,864,0,3.94640,0.00000,0.00000,0.02460,0,-1.00000,665876781061,0.00000
1730,865,0,2.23250,2.93680,0.23360,0.05790,3840000,-1.00000,665876787966,0.00000
1731,865,0,4.05170,0.00000,0.00000,0.02180,0,-1.00000,665876826817,0.00000
1732,866,0,2.08750,3.24900,0.32280,0.06490,3840000,-1.00000,665876849443,0.00000
1733,866,0,4.55959,0.00000,0.00000,0.02220,0,-1.00000,665876888919,0.00000
1734,867,0,1.62030,2.94270,0.28280,0.06110,3840000,-1.00000,665876911233,0.00000
1735,867,0,4.16230,0.00000,0.00000,0.02550,0,-1.00000,665876951766,0.00000
1736,868,0,2.11450,3.09640,0.30850,0.05320,3840000,-1.00000,665876972614,0.00000
1737,868,0,4.29350,0.00000,0.00000,0.02660,0,-1.00000,665877018248,0.00000
1738,869,0,1.71470,2.84420,0.28000,0.06180,3840000,-1.00000,665877034419,0.00000
1739,869,0,4.09440,0.00000,0.00000,0.02340,0,-1.00000,665877076073,0.00000
1740,870,0,2.04740,2.92670,0.30430,0.05530,3840000,-1.00000,665877097191,0.00000
1741,870,0,4.08480,0.00000,0.00000,0.02710,0,-1.00000,665877140160,0.00000
1742,871,0,2.28750,3.08040,0.29460,0.06230,3840000,-1.00000,665877157273,0.00000
1743,871,0,4.21350,0.00000,0.00000,0.02280,0,-1.00000,665877198245,0.00000
1744,872,0,0.54311,3.22520,0.28450,0.06380,3840000,-1.00000,665877218693,0.00000
1745,872,0,4.38819,0.00000,0.00000,0.02770,0,-1.00000,665877259564,0.00000
1746,873,0,2.80100,2.84340,0.30190,0.06230,3840000,-1.00000,665877282427,0.00000
1747,873,0,3.97720,0.00000,0.00000,0.02060,0,-1.00000,665877324575,0.00000
1748,874,0,0.44170,3.00610,0.28330,0.04960,3840000,-1.00000,665877329981,0.00000
1749,874,0,4.09670,0.00000,0.00000,0.01890,0,-1.00000,665877373900,0.00000
1750,875,0,4.17410,3.01700,0.26960,0.05530,3840000,-1.00000,665877401893,0.00000
1751,875,0,4.18290,0.00000,0.00000,0.02130,0,-1.00000,665877441664,0.00000
1752,876,0,1.74990,3.03460,0.32970,0.05880,3840000,-1.00000,665877446046,0.00000
1753,876,0,4.24670,0.00000,0.00000,0.02000,0,-1.00000,665877487043,0.00000
1754,877,0,2.09350,3.04360,0.31340,0.06760,3840000,-1.00000,665877528780,0.00000
1755,877,0,4.20500,0.00000,0.00000,0.02010,0,-1.00000,665877570625,0.00000
1756,878,0,0.46410,3.20130,0.24580,0.03210,3840000,-1.00000,665877588104,0.00000
1757,878,0,5.65510,0.00000,0.00000,0.02390,0,-1.00000,665877630584,0.00000
1758,879,0,1.68440,3.02950,0.18970,0.02500,3840000,-1.00000,665877651513,0.00000
1759,879,0,3.87050,0.00000,0.00000,0.02000,0,-1.00000,665877693586,0.00000
1760,880,0,0.39870,3.53680,0.17760,0.03050,3840000,-1.00000,665877698175,0.00000
1761,880,0,4.38070,0.00000,0.00000,0.02170,0,-1.00000,665877754750,0.00000
1762,881,0,0.47720,2.93740,0.21620,0.02850,3840000,-1.00000,665877771573,0.00000
1763,881,0,3.83490,0.00000,0.00000,0.01910,0,-1.00000,665877810290,0.00000
1764,882,0,5.66590,3.05680,0.20330,0.03950,3840000,-1.00000,665877814262,0.00000
1765,882,0,4.08410,0.00000,0.00000,0.02200,0,-1.00000,665877858089,0.00000
1766,883,0,2.25030,2.91270,0.21050,0.03390,3840000,-1.00000,665877862846,0.00000
1767,883,0,3.79940,0.00000,0.00000,0.02140,0,-1.00000,665877901195,0.00000
1768,884,0,2.04020,2.92720,0.21300,0.02340,3840000,-1.00000,665877957861,0.00000
1769,884,0,3.74810,0.00000,0.00000,0.01810,0,-1.00000,665877998709,0.00000
1770,885,0,2.57720,3.07010,0.23600,0.04310,3840000,-1.00000,665878021210,0.00000
1771,885,0,4.04860,0.00000,0.00000,0.02170,0,-1.00000,665878059203,0.00000
1772,886,0,2.08580,2.96310,0.19390,0.02280,3840000,-1.00000,665878079591,0.00000
1773,886,0,3.80480,0.00000,0.00000,0.01480,0,-1.00000,665878117071,0.00000
1774,887,0,0.38279,3.02500,0.16190,0.02180,3840000,-1.00000,665878142851,0.00000
1775,887,0,8.16300,0.00000,0.00000,0.02990,0,-1.00000,665878183348,0.00000
1776,888,0,0.51330,3.07210,0.23660,0.02930,3840000,-1.00000,665878204189,0.00000
1777,888,0,3.99580,0.00000,0.00000,0.02010,0,-1.00000,665878242235,0.00000
1778,889,0,1.76680,3.01900,0.16660,0.02420,3840000,-1.00000,665878246072,0.00000
1779,889,0,3.89230,0.00000,0.00000,0.02120,0,-1.00000,665878327737,0.00000
1780,890,0,5.23880,2.97790,0.20400,0.02560,3840000,-1.00000,665878332835,0.00000
1781,890,0,3.76050,0.00000,0.00000,0.02010,0,-1.00000,665878372801,0.00000
1782,891,0,0.43700,2.94030,0.17010,0.02290,3840000,-1.00000,665878390451,0.00000
1783,891,0,3.76290,0.00000,0.00000,0.01950,0,-1.00000,665878429657,0.00000
1784,892,0,1.39790,2.71090,0.20520,0.02020,3840000,-1.00000,665878481770,0.00000
1785,892,0,3.49730,0.00000,0.00000,0.02030,0,-1.00000,665878519378,0.00000
1786,893,0,0.35970,3.29810,0.23080,0.04620,3840000,-1.00000,665878523736,0.00000
1787,893,0,4.32270,0.00000,0.00000,0.02250,0,-1.00000,665878561370,0.00000
1788,894,0,4.04300,2.97200,0.23730,0.03320,3840000,-1.00000,665878575345,0.00000
1789,894,0,3.85011,0.00000,0.00000,0.02440,0,-1.00000,665878610328,0.00000
1790,895,0,2.14790,2.91480,0.29510,0.02730,3840000,-1.00000,665878613910,0.00000
1791,895,0,3.95590,0.00000,0.00000,0.02570,0,-1.00000,665878657179,0.00000
1792,896,0,2.53730,2.90150,0.23640,0.03570,3840000,-1.00000,665878697591,0.00000
1793,896,0,3.86499,0.00000,0.00000,0.01900,0,-1.00000,665878736084,0.00000
1794,897,0,2.09050,2.91120,0.20190,0.02750,3840000,-1.00000,665878757558,0.00000
1795,897,0,3.79169,0.00000,0.00000,0.02980,0,-1.00000,665878797133,0.00000
1796,898,0,5.44060,2.94540,0.28420,0.05540,3840000,-1.00000,665878822489,0.00000
1797,898,0,4.20350,0.00000,0.00000,0.01900,0,-1.00000,665878861158,0.00000
1798,899,0,5.03930,2.81170,0.24170,0.03520,3840000,-1.00000,665878882049,0.00000
1799,899,0,3.71390,0.00000,0.00000,0.02290,0,-1.00000,665878919982,0.00000
1800,900,0,0.50530,2.88740,0.18910,0.02700,3840000,-1.00000,665878974373,0.00000
1801,900,0,3.68280,0.00000,0.00000,0.01940,0,-1.00000,665879016433,0.00000
1802,901,0,0.39780,2.97940,0.15970,0.02280,3840000,-1.00000,665879066793,0.00000
1803,901,0,3.62510,0.00000,0.00000,0.01820,0,-1.00000,665879103937,0.00000
1804,902,0,0.36120,2.96760,0.15740,0.02130,3840000,-1.00000,665879108989,0.00000
1805,902,0,3.66170,0.00000,0.00000,0.01820,0,-1.00000,665879145818,0.00000
1806,903,0,2.51590,2.95280,0.17810,0.03100,3840000,-1.00000,665879149788,0.00000
1807,903,0,3.90680,0.00000,0.00000,0.02360,0,-1.00000,665879186043,0.00000
1808,904,0,2.36510,2.98930,0.22480,0.03160,3840000,-1.00000,665879189649,0.00000
1809,904,0,3.79480,0.00000,0.00000,0.01980,0,-1.00000,665879226272,0.00000
1810,905,0,2.38140,2.95390,0.17510,0.02790,3840000,-1.00000,665879251427,0.00000
1811,905,0,3.69010,0.00000,0.00000,0.02060,0,-1.00000,665879290518,0.00000
1812,906,0,2.34460,2.90960,0.22710,0.02650,3840000,-1.00000,665879314157,0.00000
1813,906,0,4.49690,0.00000,0.00000,0.02390,0,-1.00000,665879352100,0.00000
1814,907,0,1.46409,2.92650,0.18790,0.02630,3840000,-1.00000,665879375907,0.00000
1815,907,0,3.72881,0.00000,0.00000,0.01970,0,-1.00000,665879412820,0.00000
1816,908,0,0.37980,3.06990,0.17000,0.02220,3840000,-1.00000,665879436369,0.00000
1817,908,0,8.37530,0.00000,0.00000,0.02150,0,-1.00000,665879481241,0.00000
1818,909,0,0.37340,2.77980,0.23110,0.03710,3840000,-1.00000,665879495870,0.00000
1819,909,0,3.77130,0.00000,0.00000,0.02570,0,-1.00000,665879533157,0.00000
1820,910,0,5.07400,3.04560,0.18950,0.03320,3840000,-1.00000,665879536951,0.00000
1821,910,0,3.92210,0.00000,0.00000,0.02010,0,-1.00000,665879620721,0.00000
1822,911,0,5.19880,2.85440,0.17230,0.02860,3840000,-1.00000,665879624443,0.00000
1823,911,0,3.74420,0.00000,0.00000,0.02270,0,-1.00000,665879662203,0.00000
1824,912,0,0.54990,2.91350,0.15340,0.02370,3840000,-1.00000,665879712906,0.00000
1825,912,0,3.75530,0.00000,0.00000,0.02330,0,-1.00000,665879752127,0.00000
1826,913,0,0.49370,3.04410,0.20510,0.03470,3840000,-1.00000,665879804105,0.00000
1827,913,0,4.00850,0.00000,0.00000,0.02090,0,-1.00000,665879841554,0.00000
1828,914,0,0.54940,3.27500,0.34170,0.07210,3840000,-1.00000,665879847048,0.00000
1829,914,0,4.62209,0.00000,0.00000,0.02890,0,-1.00000,665879884639,0.00000
1830,915,0,0.83090,2.81540,0.23250,0.03790,3840000,-1.00000,665879889538,0.00000
1831,915,0,3.74890,0.00000,0.00000,0.02120,0,-1.00000,665879929648,0.00000
1832,916,0,2.43560,3.02340,0.29920,0.05880,3840000,-1.00000,665879935126,0.00000
1833,916,0,4.23540,0.00000,0.00000,0.02570,0,-1.00000,665879981406,0.00000
1834,917,0,0.49530,2.82060,0.29530,0.05340,3840000,-1.00000,665879989647,0.00000
1835,917,0,4.49740,0.00000,0.00000,0.02860,0,-1.00000,665880027149,0.00000
1836,918,0,3.06760,2.85240,0.24100,0.03390,3840000,-1.00000,665880051487,0.00000
1837,918,0,3.90100,0.00000,0.00000,0.01970,0,-1.00000,665880093897,0.00000
1838,919,0,5.30320,3.67740,0.19910,0.02690,3840000,-1.00000,665880098792,0.00000
1839,919,0,4.51630,0.00000,0.00000,0.02410,0,-1.00000,665880143808,0.00000
1840,920,0,1.65310,2.75870,0.26830,0.03820,3840000,-1.00000,665880174454,0.00000
1841,920,0,3.74440,0.00000,0.00000,0.02580,0,-1.00000,665880213459,0.00000
1842,921,0,5.33950,2.74910,0.19060,0.03090,3840000,-1.00000,665880266491,0.00000
1843,921,0,3.56150,0.00000,0.00000,0.01980,0,-1.00000,665880311659,0.00000
1844,922,0,5.77760,2.87660,0.21190,0.02600,3840000,-1.00000,665880328189,0.00000
1845,922,0,3.69040,0.00000,0.00000,0.02110,0,-1.00000,665880365644,0.00000
1846,923,0,0.44070,2.66260,0.15570,0.01920,3840000,-1.00000,665880419024,0.00000
1847,923,0,3.40680,0.00000,0.00000,0.01910,0,-1.00000,665880454648,0.00000
1848,924,0,1.66360,2.82750,0.21590,0.03760,3840000,-1.00000,665880512411,0.00000
1849,924,0,3.76540,0.00000,0.00000,0.02230,0,-1.00000,665880549329,0.00000
1850,925,0,0.44320,2.86280,0.19780,0.02970,3840000,-1.00000,665880553717,0.00000
1851,925,0,3.69370,0.00000,0.00000,0.02020,0,-1.00000,665880587793,0.00000
1852,926,0,0.40580,2.86740,0.18180,0.02420,3840000,-1.00000,665880604421,0.00000
1853,926,0,4.06570,0.00000,0.00000,0.02330,0,-1.00000,665880642109,0.00000
1854,927,0,4.44780,2.74060,0.17920,0.02800,3840000,-1.00000,665880646509,0.00000
1855,927,0,3.58180,0.00000,0.00000,0.01770,0,-1.00000,665880683602,0.00000
1856,928,0,0.41790,2.89150,0.16990,0.02460,3840000,-1.00000,665880687505,0.00000
1857,928,0,3.66450,0.00000,0.00000,0.01830,0,-1.00000,665880728177,0.00000
1858,929,0,6.20940,2.75670,0.17250,0.02450,3840000,-1.00000,665880772643,0.00000
1859,929,0,3.55250,0.00000,0.00000,0.01730,0,-1.00000,665880808465,0.00000
1860,930,0,0.39950,2.76210,0.18340,0.02870,3840000,-1.00000,665880812634,0.00000
1861,930,0,3.75920,0.00000,0.00000,0.02450,0,-1.00000,665880849289,0.00000
1862,931,0,4.56210,2.88850,0.17310,0.03080,3840000,-1.00000,665880911374,0.00000
1863,931,0,3.90599,0.00000,0.00000,0.02340,0,-1.00000,665880946910,0.00000
1864,932,0,2.28830,2.72740,0.19150,0.02540,3840000,-1.00000,665880950891,0.00000
1865,932,0,3.66810,0.00000,0.00000,0.01940,0,-1.00000,665880988530,0.00000
1866,933,0,2.58620,2.89970,0.19240,0.02460,3840000,-1.00000,665881034178,0.00000
1867,933,0,3.67480,0.00000,0.00000,0.01790,0,-1.00000,665881073184,0.00000
1868,934,0,0.38040,3.58670,0.17830,0.02730,3840000,-1.00000,665881096057,0.00000
1869,934,0,4.37820,0.00000,0.00000,0.02100,0,-1.00000,665881132756,0.00000
1870,935,0,0.42170,2.72540,0.16800,0.02240,3840000,-1.00000,665881158601,0.00000
1871,935,0,3.62600,0.00000,0.00000,0.02100,0,-1.00000,665881195351,0.00000
1872,936,0,2.78790,2.75440,0.27570,0.03790,3840000,-1.00000,665881199149,0.00000
1873,936,0,3.73050,0.00000,0.00000,0.02030,0,-1.00000,665881242943,0.00000
1874,937,0,0.45590,3.50760,0.16450,0.02290,3840000,-1.00000,665881247145,0.00000
1875,937,0,5.16410,0.00000,0.00000,0.02120,0,-1.00000,665881283430,0.00000
1876,938,0,0.39630,2.70710,0.16980,0.01980,3840000,-1.00000,665881311299,0.00000
1877,938,0,5.55350,0.00000,0.00000,0.01880,0,-1.00000,665881348598,0.00000
1878,939,0,5.97630,2.70410,0.19160,0.02350,3840000,-1.00000,665881353146,0.00000
1879,939,0,3.52610,0.00000,0.00000,0.01730,0,-1.00000,665881404800,0.00000
1880,940,0,0.41200,2.74750,0.18230,0.01770,3840000,-1.00000,665881408752,0.00000
1881,940,0,3.44420,0.00000,0.00000,0.01690,0,-1.00000,665881464309,0.00000
1882,941,0,0.41180,2.74420,0.13930,0.03550,3840000,-1.00000,665881524054,0.00000
1883,941,0,4.68411,0.00000,0.00000,0.02410,0,-1.00000,665881559315,0.00000
1884,942,0,6.10020,2.91160,0.21460,0.02820,3840000,-1.00000,665881563428,0.00000
1885,942,0,3.75890,0.00000,0.00000,0.01870,0,-1.00000,665881597914,0.00000
1886,943,0,0.42800,2.83800,0.17140,0.02230,3840000,-1.00000,665881601987,0.00000
1887,943,0,3.63910,0.00000,0.00000,0.01870,0,-1.00000,665881648982,0.00000
1888,944,0,4.44950,2.90010,0.16920,0.02280,3840000,-1.00000,665881709851,0.00000
1889,944,0,3.67360,0.00000,0.00000,0.01990,0,-1.00000,665881747432,0.00000
1890,945,0,0.40280,2.95010,0.15310,0.02090,3840000,-1.00000,665881751701,0.00000
1891,945,0,3.62190,0.00000,0.00000,0.01930,0,-1.00000,665881788100,0.00000
1892,946,0,0.33061,2.76860,0.15650,0.01990,3840000,-1.00000,665881832594,0.00000
1893,946,0,4.27130,0.00000,0.00000,0.04610,0,-1.00000,665881869333,0.00000
1894,947,0,0.38880,2.77360,0.20270,0.02800,3840000,-1.00000,665881873351,0.00000
1895,947,0,5.69670,0.00000,0.00000,0.01750,0,-1.00000,665881909578,0.00000
1896,948,0,3.06230,2.96410,0.19380,0.02600,3840000,-1.00000,665881912873,0.00000
1897,948,0,3.84570,0.00000,0.00000,0.01910,0,-1.00000,665881955604,0.00000
1898,949,0,0.37420,2.86070,0.14980,0.01860,3840000,-1.00000,665881959478,0.00000
1899,949,0,3.57521,0.00000,0.00000,0.02140,0,-1.00000,665882016466,0.00000
1900,950,0,0.40710,2.87680,0.15040,0.01920,3840000,-1.00000,665882047074,0.00000
1901,950,0,6.97340,0.00000,0.00000,0.02100,0,-1.00000,665882085531,0.00000
1902,951,0,0.37260,2.96050,0.17740,0.02260,3840000,-1.00000,665882089267,0.00000
1903,951,0,3.77030,0.00000,0.00000,0.01790,0,-1.00000,665882125026,0.00000
1904,952,0,2.26050,2.88470,0.17080,0.02120,3840000,-1.00000,665882129092,0.00000
1905,952,0,3.64380,0.00000,0.00000,0.01390,0,-1.00000,665882198833,0.00000
1906,953,0,2.36510,2.90150,0.19650,0.03640,3840000,-1.00000,665882202560,0.00000
1907,953,0,3.81600,0.00000,0.00000,0.02270,0,-1.00000,665882240260,0.00000
1908,954,0,2.35650,2.92680,0.17940,0.03110,3840000,-1.00000,665882262860,0.00000
1909,954,0,3.74750,0.00000,0.00000,0.02230,0,-1.00000,665882299299,0.00000
1910,955,0,2.48560,2.92090,0.21750,0.04250,3840000,-1.00000,665882322955,0.00000
1911,955,0,4.00720,0.00000,0.00000,0.02880,0,-1.00000,665882361123,0.00000
1912,956,0,0.56830,3.29390,0.37300,0.07000,3840000,-1.00000,665882384683,0.00000
1913,956,0,4.60240,0.00000,0.00000,0.02760,0,-1.00000,665882422164,0.00000
1914,957,0,3.01570,3.07280,0.28550,0.06350,3840000,-1.00000,665882447012,0.00000
1915,957,0,4.26319,0.00000,0.00000,0.02820,0,-1.00000,665882487295,0.00000
1916,958,0,1.96200,3.08830,0.20870,0.05240,3840000,-1.00000,665882492773,0.00000
1917,958,0,4.22230,0.00000,0.00000,0.02520,0,-1.00000,665882538842,0.00000
1918,959,0,4.86460,2.79010,0.31140,0.06280,3840000,-1.00000,665882568987,0.00000
1919,959,0,3.97410,0.00000,0.00000,0.02260,0,-1.00000,665882611627,0.00000
1920,960,0,0.46880,2.97280,0.31220,0.07170,3840000,-1.00000,665882631221,0.00000
1921,960,0,4.25400,0.00000,0.00000,0.02150,0,-1.00000,665882673453,0.00000
1922,961,0,0.60680,2.94590,0.29650,0.03690,3840000,-1.00000,665882722102,0.00000
1923,961,0,3.93160,0.00000,0.00000,0.02070,0,-1.00000,665882761842,0.00000
1924,962,0,0.52500,3.07090,0.22950,0.03960,3840000,-1.00000,665882766497,0.00000
1925,962,0,7.53570,0.00000,0.00000,0.02690,0,-1.00000,665882809068,0.00000
1926,963,0,0.48260,2.93970,0.26640,0.04150,3840000,-1.00000,665882815099,0.00000
1927,963,0,4.02210,0.00000,0.00000,0.02460,0,-1.00000,665882854431,0.00000
1928,964,0,1.90840,3.00570,0.25610,0.05340,3840000,-1.00000,665882859675,0.00000
1929,964,0,4.07871,0.00000,0.00000,0.02580,0,-1.00000,665882935054,0.00000
1930,965,0,0.47610,3.29370,0.22630,0.03310,3840000,-1.00000,665882939849,0.00000
1931,965,0,4.48120,0.00000,0.00000,0.02260,0,-1.00000,665882980096,0.00000
1932,966,0,6.11080,3.08650,0.22260,0.03970,3840000,-1.00000,665882999173,0.00000
1933,966,0,4.05890,0.00000,0.00000,0.01810,0,-1.00000,665883039977,0.00000
1934,967,0,0.42930,3.63460,0.16490,0.02470,3840000,-1.00000,665883044699,0.00000
1935,967,0,4.89580,0.00000,0.00000,0.01830,0,-1.00000,665883089535,0.00000
1936,968,0,0.45110,3.03440,0.19300,0.02310,3840000,-1.00000,665883150634,0.00000
1937,968,0,5.42980,0.00000,0.00000,0.02610,0,-1.00000,665883191219,0.00000
1938,969,0,0.52190,3.65640,0.22970,0.03170,3840000,-1.00000,665883195509,0.00000
1939,969,0,4.59900,0.00000,0.00000,0.02620,0,-1.00000,665883244465,0.00000
1940,970,0,1.25860,3.71630,0.17220,0.02310,3840000,-1.00000,665883248970,0.00000
1941,970,0,4.58480,0.00000,0.00000,0.03470,0,-1.00000,665883303301,0.00000
1942,971,0,0.42600,3.56730,0.14840,0.02090,3840000,-1.00000,665883308498,0.00000
1943,971,0,4.29360,0.00000,0.00000,0.02390,0,-1.00000,665883354493,0.00000
1944,972,0,2.66120,3.61120,0.16830,0.02230,3840000,-1.00000,665883367071,0.00000
1945,972,0,4.51000,0.00000,0.00000,0.02130,0,-1.00000,665883412924,0.00000
1946,973,0,0.46710,2.70500,0.15570,0.01930,3840000,-1.00000,665883417171,0.00000
1947,973,0,3.49190,0.00000,0.00000,0.01780,0,-1.00000,665883460124,0.00000
1948,974,0,0.41870,2.94370,0.14710,0.01850,3840000,-1.00000,665883486723,0.00000
1949,974,0,3.68630,0.00000,0.00000,0.02090,0,-1.00000,665883531828,0.00000
1950,975,0,6.01140,2.90180,0.20000,0.04260,3840000,-1.00000,665883536490,0.00000
1951,975,0,3.95170,0.00000,0.00000,0.01970,0,-1.00000,665883571417,0.00000
1952,976,0,2.31939,3.00720,0.16150,0.01920,3840000,-1.00000,665883575598,0.00000
1953,976,0,3.80150,0.00000,0.00000,0.01740,0,-1.00000,665883612465,0.00000
1954,977,0,0.39070,3.07770,0.15680,0.02250,3840000,-1.00000,665883672604,0.00000
1955,977,0,4.84240,0.00000,0.00000,0.01800,0,-1.00000,665883712098,0.00000
1956,978,0,6.16660,2.93640,0.17580,0.02110,3840000,-1.00000,665883735290,0.00000
1957,978,0,3.71800,0.00000,0.00000,0.01690,0,-1.00000,665883773304,0.00000
1958,979,0,0.38280,3.04460,0.19380,0.03730,3840000,-1.00000,665883777205,0.00000
1959,979,0,5.33649,0.00000,0.00000,0.02130,0,-1.00000,665883825636,0.00000
1960,980,0,0.41560,3.08230,0.20830,0.02560,3840000,-1.00000,665883887298,0.00000
1961,980,0,5.32110,0.00000,0.00000,0.01630,0,-1.00000,665883924478,0.00000
1962,981,0,0.42209,2.95720,0.17650,0.02190,3840000,-1.00000,665883928302,0.00000
1963,981,0,3.75430,0.00000,0.00000,0.01730,0,-1.00000,665883981698,0.00000
1964,982,0,2.06460,2.90780,0.18700,0.02720,3840000,-1.00000,665883985835,0.00000
1965,982,0,3.90430,0.00000,0.00000,0.02240,0,-1.00000,665884039050,0.00000
1966,983,0,2.29221,2.79570,0.16350,0.02280,3840000,-1.00000,665884043259,0.00000
1967,983,0,3.62790,0.00000,0.00000,0.01800,0,-1.00000,665884080809,0.00000
1968,984,0,5.62410,2.95210,0.16300,0.02190,3840000,-1.00000,665884101449,0.00000
1969,984,0,3.70860,0.00000,0.00000,0.01540,0,-1.00000,665884140508,0.00000
1970,985,0,0.42650,2.98990,0.18270,0.02800,3840000,-1.00000,665884163415,0.00000
1971,985,0,3.90560,0.00000,0.00000,0.02130,0,-1.00000,665884199694,0.00000
1972,986,0,0.44690,3.14800,0.18590,0.02270,3840000,-1.00000,665884255935,0.00000
1973,986,0,3.96880,0.00000,0.00000,0.01880,0,-1.00000,665884293022,0.00000
1974,987,0,5.88160,2.94570,0.18080,0.02590,3840000,-1.00000,665884297281,0.00000
1975,987,0,3.81680,0.00000,0.00000,0.01900,0,-1.00000,665884336368,0.00000
1976,988,0,0.40200,3.03600,0.15590,0.02120,3840000,-1.00000,665884340826,0.00000
1977,988,0,3.81190,0.00000,0.00000,0.01680,0,-1.00000,665884380502,0.00000
1978,989,0,0.36800,2.99520,0.14230,0.02420,3840000,-1.00000,665884439318,0.00000
1979,989,0,6.93470,0.00000,0.00000,0.02170,0,-1.00000,665884477484,0.00000
1980,990,0,0.49430,3.04950,0.19780,0.02980,3840000,-1.00000,665884481496,0.00000
1981,990,0,4.05850,0.00000,0.00000,0.01850,0,-1.00000,665884519621,0.00000
1982,991,0,1.71930,3.09780,0.20510,0.02480,3840000,-1.00000,665884523297,0.00000
1983,991,0,3.99459,0.00000,0.00000,0.01920,0,-1.00000,665884592660,0.00000
1984,992,0,0.50461,2.91980,0.24140,0.03740,3840000,-1.00000,665884597595,0.00000
1985,992,0,4.65460,0.00000,0.00000,0.02300,0,-1.00000,665884638198,0.00000
1986,993,0,6.04410,3.03200,0.16690,0.02340,3840000,-1.00000,665884655374,0.00000
1987,993,0,3.89100,0.00000,0.00000,0.01890,0,-1.00000,665884695323,0.00000
1988,994,0,0.47530,2.89180,0.15810,0.02440,3840000,-1.00000,665884700363,0.00000
1989,994,0,4.88591,0.00000,0.00000,0.01910,0,-1.00000,665884746918,0.00000
1990,995,0,0.47080,2.97190,0.14600,0.02220,3840000,-1.00000,665884807350,0.00000
1991,995,0,5.60010,0.00000,0.00000,0.01910,0,-1.00000,665884846264,0.00000
1992,996,0,0.47430,2.96280,0.22670,0.03390,3840000,-1.00000,665884851013,0.00000
1993,996,0,4.01530,0.00000,0.00000,0.02000,0,-1.00000,665884899888,0.00000
1994,997,0,1.78970,3.03240,0.19820,0.02850,3840000,-1.00000,665884904580,0.00000
1995,997,0,3.96500,0.00000,0.00000,0.02200,0,-1.00000,665884960588,0.00000
1996,998,0,0.42810,3.06150,0.17320,0.02430,3840000,-1.00000,665884965327,0.00000
1997,998,0,7.81630,0.00000,0.00000,0.02260,0,-1.00000,665885005498,0.00000
1998,999,0,0.48260,2.85850,0.16960,0.02260,3840000,-1.00000,665885023376,0.00000
1999,999,0,3.62050,0.00000,0.00000,0.02010,0,-1.00000,665885063226,0.00000
2000,1000,0,1.77420,2.78530,0.13780,0.02270,3840000,-1.00000,665885067308,0.00000
2001,1000,0,3.61960,0.00000,0.00000,0.01900,0,-1.00000,665885145479,0.00000
2002,1001,0,0.41750,3.02310,0.20110,0.02400,3840000,-1.00000,665885150294,0.00000
2003,1001,0,8.39979,0.00000,0.00000,0.02740,0,-1.00000,665885186507,0.00000
2004,1002,0,0.53380,3.00370,0.16760,0.02650,3840000,-1.00000,665885204242,0.00000
2005,1002,0,3.97850,0.00000,0.00000,0.01890,0,-1.00000,665885240447,0.00000
2006,1003,0,1.74030,2.86780,0.14200,0.02080,3840000,-1.00000,665885244608,0.00000
2007,1003,0,3.56980,0.00000,0.00000,0.01830,0,-1.00000,665885328636,0.00000
2008,1004,0,0.47370,3.17150,0.16980,0.02130,3840000,-1.00000,665885333950,0.00000
2009,1004,0,8.08600,0.00000,0.00000,0.02310,0,-1.00000,665885373748,0.00000
2010,1005,0,0.50010,2.89080,0.14820,0.02240,3840000,-1.00000,665885391137,0.00000
2011,1005,0,3.69150,0.00000,0.00000,0.02110,0,-1.00000,665885426836,0.00000
2012,1006,0,0.45240,3.03110,0.13090,0.02020,3840000,-1.00000,665885431573,0.00000
2013,1006,0,3.70529,0.00000,0.00000,0.01830,0,-1.00000,665885512445,0.00000
2014,1007,0,0.43280,2.74440,0.13350,0.02820,3840000,-1.00000,665885517433,0.00000
2015,1007,0,3.47940,0.00000,0.00000,0.01830,0,-1.00000,665885554360,0.00000
2016,1008,0,6.06600,2.92920,0.22790,0.04520,3840000,-1.00000,665885558869,0.00000
2017,1008,0,3.92870,0.00000,0.00000,0.02060,0,-1.00000,665885595922,0.00000
2018,1009,0,0.45750,3.01480,0.17570,0.02260,3840000,-1.00000,665885600253,0.00000
2019,1009,0,3.84750,0.00000,0.00000,0.01920,0,-1.00000,665885635049,0.00000
2020,1010,0,7.22110,3.00870,0.14800,0.02570,3840000,-1.00000,665885695729,0.00000
2021,1010,0,3.82961,0.00000,0.00000,0.02000,0,-1.00000,665885735002,0.00000
2022,1011,0,0.40300,2.74900,0.13750,0.02010,3840000,-1.00000,665885739569,0.00000
2023,1011,0,3.44380,0.00000,0.00000,0.01790,0,-1.00000,665885778047,0.00000
2024,1012,0,1.57630,2.92590,0.23020,0.03690,3840000,-1.00000,665885850255,0.00000
2025,1012,0,3.93170,0.00000,0.00000,0.01930,0,-1.00000,665885888557,0.00000
2026,1013,0,2.14090,2.79040,0.14230,0.02370,3840000,-1.00000,665885892569,0.00000
2027,1013,0,3.69370,0.00000,0.00000,0.01920,0,-1.00000,665885927015,0.00000
2028,1014,0,2.47180,2.82930,0.15430,0.02390,3840000,-1.00000,665885942783,0.00000
2029,1014,0,3.73790,0.00000,0.00000,0.02190,0,-1.00000,665885982115,0.00000
2030,1015,0,8.51530,2.90580,0.15420,0.02500,3840000,-1.00000,665886003509,0.00000
2031,1015,0,3.66010,0.00000,0.00000,0.01820,0,-1.00000,665886040450,0.00000
2032,1016,0,2.35390,2.95270,0.16840,0.02540,3840000,-1.00000,665886065160,0.00000
2033,1016,0,3.72670,0.00000,0.00000,0.01580,0,-1.00000,665886102548,0.00000
2034,1017,0,0.43050,2.96990,0.15140,0.03080,3840000,-1.00000,665886187693,0.00000
2035,1017,0,3.88780,0.00000,0.00000,0.02260,0,-1.00000,665886224295,0.00000
2036,1018,0,0.41480,3.05900,0.14790,0.02460,3840000,-1.00000,665886247835,0.00000
2037,1018,0,3.95540,0.00000,0.00000,0.01940,0,-1.00000,665886285101,0.00000
2038,1019,0,0.44810,2.99390,0.15930,0.02360,3840000,-1.00000,665886289405,0.00000
2039,1019,0,5.74390,0.00000,0.00000,0.01860,0,-1.00000,665886328306,0.00000
2040,1020,0,3.06120,2.83480,0.17650,0.02650,3840000,-1.00000,665886332432,0.00000
2041,1020,0,3.65660,0.00000,0.00000,0.01880,0,-1.00000,665886371995,0.00000
2042,1021,0,0.67161,2.86130,0.16390,0.02360,3840000,-1.00000,665886376469,0.00000
2043,1021,0,4.89719,0.00000,0.00000,0.01830,0,-1.00000,665886433913,0.00000
2044,1022,0,0.36760,2.81730,0.13260,0.01770,3840000,-1.00000,665886464517,0.00000
2045,1022,0,5.77030,0.00000,0.00000,0.03340,0,-1.00000,665886501088,0.00000
2046,1023,0,0.48890,2.85830,0.19120,0.02850,3840000,-1.00000,665886507801,0.00000
2047,1023,0,3.78311,0.00000,0.00000,0.02130,0,-1.00000,665886556779,0.00000
2048,1024,0,2.07180,2.98690,0.17580,0.02170,3840000,-1.00000,665886560441,0.00000
2049,1024,0,3.66930,0.00000,0.00000,0.02200,0,-1.00000,665886618168,0.00000
2050,1025,0,0.48289,2.95060,0.15590,0.02320,3840000,-1.00000,665886623044,0.00000
2051,1025,0,4.89671,0.00000,0.00000,0.01710,0,-1.00000,665886660889,0.00000
2052,1026,0,3.07119,2.82350,0.13830,0.02130,3840000,-1.00000,665886681590,0.00000
2053,1026,0,3.55821,0.00000,0.00000,0.01890,0,-1.00000,665886718291,0.00000
2054,1027,0,2.75190,2.89580,0.17400,0.02160,3840000,-1.00000,665886723114,0.00000
2055,1027,0,3.65460,0.00000,0.00000,0.01830,0,-1.00000,665886772141,0.00000
2056,1028,0,0.44810,3.11870,0.17520,0.02670,3840000,-1.00000,665886802790,0.00000
2057,1028,0,8.00100,0.00000,0.00000,0.02510,0,-1.00000,665886838384,0.00000
2058,1029,0,0.46190,3.01760,0.22610,0.02840,3840000,-1.00000,665886865896,0.00000
2059,1029,0,3.88520,0.00000,0.00000,0.01850,0,-1.00000,665886902438,0.00000
2060,1030,0,1.95210,2.95170,0.16450,0.02360,3840000,-1.00000,665886906915,0.00000
2061,1030,0,3.79300,0.00000,0.00000,0.01850,0,-1.00000,665886986948,0.00000
2062,1031,0,0.36630,3.01720,0.15650,0.02140,3840000,-1.00000,665886991550,0.00000
2063,1031,0,8.05750,0.00000,0.00000,0.01980,0,-1.00000,665887030405,0.00000
2064,1032,0,0.46960,2.99220,0.14430,0.01900,3840000,-1.00000,665887049924,0.00000
2065,1032,0,5.46240,0.00000,0.00000,0.01790,0,-1.00000,665887087857,0.00000
2066,1033,0,0.47119,2.92750,0.17210,0.02270,3840000,-1.00000,665887091510,0.00000
2067,1033,0,3.70821,0.00000,0.00000,0.01780,0,-1.00000,665887172093,0.00000
2068,1034,0,0.42880,3.31670,0.23450,0.03760,3840000,-1.00000,665887176787,0.00000
2069,1034,0,7.92930,0.00000,0.00000,0.02050,0,-1.00000,665887231414,0.00000
2070,1035,0,0.47680,3.02920,0.13610,0.02150,3840000,-1.00000,665887236121,0.00000
2071,1035,0,3.89100,0.00000,0.00000,0.01840,0,-1.00000,665887273200,0.00000
2072,1036,0,4.77370,2.99050,0.14980,0.02230,3840000,-1.00000,665887277497,0.00000
2073,1036,0,3.79640,0.00000,0.00000,0.01800,0,-1.00000,665887356878,0.00000
2074,1037,0,5.32970,2.98530,0.13520,0.02360,3840000,-1.00000,665887361553,0.00000
2075,1037,0,3.79401,0.00000,0.00000,0.01930,0,-1.00000,665887400473,0.00000
2076,1038,0,0.42839,2.99390,0.13940,0.01960,3840000,-1.00000,665887448198,0.00000
2077,1038,0,3.69670,0.00000,0.00000,0.02040,0,-1.00000,665887486168,0.00000
2078,1039,0,0.44700,3.08230,0.18520,0.03100,3840000,-1.00000,665887539461,0.00000
2079,1039,0,3.99110,0.00000,0.00000,0.02380,0,-1.00000,665887577404,0.00000
2080,1040,0,0.51081,3.05420,0.20450,0.02980,3840000,-1.00000,665887581682,0.00000
2081,1040,0,3.97399,0.00000,0.00000,0.01980,0,-1.00000,665887618659,0.00000
2082,1041,0,4.90520,2.88650,0.19630,0.02540,3840000,-1.00000,665887623124,0.00000
2083,1041,0,3.70620,0.00000,0.00000,0.02330,0,-1.00000,665887663052,0.00000
2084,1042,0,0.44150,2.97870,0.16950,0.02300,3840000,-1.00000,665887668142,0.00000
2085,1042,0,3.75040,0.00000,0.00000,0.01790,0,-1.00000,665887707892,0.00000
2086,1043,0,0.45310,3.09640,0.13260,0.01890,3840000,-1.00000,665887756933,0.00000
2087,1043,0,6.94570,0.00000,0.00000,0.02070,0,-1.00000,665887794000,0.00000
2088,1044,0,0.42970,2.99740,0.19770,0.02770,3840000,-1.00000,665887798408,0.00000
2089,1044,0,3.84380,0.00000,0.00000,0.01950,0,-1.00000,665887835917,0.00000
2090,1045,0,0.48980,3.05050,0.18480,0.02930,3840000,-1.00000,665887840444,0.00000
2091,1045,0,3.99830,0.00000,0.00000,0.01880,0,-1.00000,665887909911,0.00000
2092,1046,0,0.62000,3.01130,0.17230,0.02730,3840000,-1.00000,665887914197,0.00000
2093,1046,0,3.85050,0.00000,0.00000,0.01970,0,-1.00000,665887952644,0.00000
2094,1047,0,5.21450,3.19060,0.14780,0.02340,3840000,-1.00000,665887957534,0.00000
2095,1047,0,3.98910,0.00000,0.00000,0.02160,0,-1.00000,665887997525,0.00000
2096,1048,0,0.40720,3.08310,0.15970,0.02360,3840000,-1.00000,665888003715,0.00000
2097,1048,0,3.79250,0.00000,0.00000,0.01860,0,-1.00000,665888042230,0.00000
2098,1049,0,0.44540,3.02260,0.17620,0.02020,3840000,-1.00000,665888094365,0.00000
2099,1049,0,3.93690,0.00000,0.00000,0.01860,0,-1.00000,665888134266,0.00000
2100,1050,0,6.07569,3.15490,0.24990,0.04320,3840000,-1.00000,665888138332,0.00000
