frame,tick,dropped_ticks,frame_ms,pack_ms,upload_ms,submit_ms,upload_bytes,latest_gpu_ms,gpu_timing_timestamp,simulation_cpu_ms
301,150,0,3.02080,0.00000,0.00000,0.01750,0,-1.00000,665475025486,0.00000
302,151,0,3.73320,2.13260,0.21900,0.02360,2560000,-1.00000,665475038802,0.00000
303,151,0,3.03090,0.00000,0.00000,0.01880,0,-1.00000,665475069909,0.00000
304,152,0,0.44150,2.12740,0.25950,0.02410,2560000,-1.00000,665475082901,0.00000
305,152,0,2.91510,0.00000,0.00000,0.01930,0,-1.00000,665475113107,0.00000
306,153,0,0.47130,2.27140,0.19080,0.01930,2560000,-1.00000,665475150438,0.00000
307,153,0,3.08820,0.00000,0.00000,0.01850,0,-1.00000,665475180755,0.00000
308,154,0,1.05410,2.12550,0.22070,0.02350,2560000,-1.00000,665475185160,0.00000
309,154,0,2.94529,0.00000,0.00000,0.02090,0,-1.00000,665475214317,0.00000
310,155,0,0.37300,2.16120,0.22870,0.02230,2560000,-1.00000,665475219024,0.00000
311,155,0,3.05710,0.00000,0.00000,0.01930,0,-1.00000,665475249912,0.00000
312,156,0,0.62180,2.35060,0.21150,0.03290,2560000,-1.00000,665475260449,0.00000
313,156,0,3.31200,0.00000,0.00000,0.02230,0,-1.00000,665475289915,0.00000
314,157,0,1.11370,2.26910,0.19780,0.02600,2560000,-1.00000,665475293624,0.00000
315,157,0,3.18160,0.00000,0.00000,0.01980,0,-1.00000,665475324204,0.00000
316,158,0,1.49790,2.20880,0.21440,0.01970,2560000,-1.00000,665475330422,0.00000
317,158,0,2.91000,0.00000,0.00000,0.01750,0,-1.00000,665475363574,0.00000
318,159,0,0.54150,2.11850,0.23760,0.02260,2560000,-1.00000,665475374681,0.00000
319,159,0,2.89440,0.00000,0.00000,0.01700,0,-1.00000,665475406516,0.00000
320,160,0,0.36020,2.11250,0.23740,0.01940,2560000,-1.00000,665475421474,0.00000
321,160,0,2.94290,0.00000,0.00000,0.01570,0,-1.00000,665475450575,0.00000
322,161,0,3.84130,2.09230,0.21500,0.02600,2560000,-1.00000,665475455986,0.00000
323,161,0,2.93420,0.00000,0.00000,0.01980,0,-1.00000,665475484929,0.00000
324,162,0,0.38800,2.14700,0.19630,0.02030,2560000,-1.00000,665475488523,0.00000
325,162,0,2.92800,0.00000,0.00000,0.01880,0,-1.00000,665475517963,0.00000
326,163,0,0.40270,2.12520,0.23800,0.02410,2560000,-1.00000,665475556436,0.00000
327,163,0,3.32540,0.00000,0.00000,0.01710,0,-1.00000,665475585729,0.00000
328,164,0,0.40450,2.58340,0.17910,0.02440,2560000,-1.00000,665475589599,0.00000
329,164,0,3.44440,0.00000,0.00000,0.01940,0,-1.00000,665475618881,0.00000
330,165,0,0.59760,2.28780,0.19670,0.02030,2560000,-1.00000,665475622907,0.00000
331,165,0,3.11400,0.00000,0.00000,0.01850,0,-1.00000,665475656178,0.00000
332,166,0,0.38910,2.08820,0.29420,0.04350,2560000,-1.00000,665475660204,0.00000
333,166,0,3.17100,0.00000,0.00000,0.01820,0,-1.00000,665475694662,0.00000
334,167,0,0.37640,2.19830,0.34760,0.02270,2560000,-1.00000,665475700648,0.00000
335,167,0,3.13050,0.00000,0.00000,0.01740,0,-1.00000,665475731765,0.00000
336,168,0,2.30530,2.15040,0.23990,0.02530,2560000,-1.00000,665475735645,0.00000
337,168,0,2.94030,0.00000,0.00000,0.02020,0,-1.00000,665475767369,0.00000
338,169,0,1.54190,2.13020,0.21690,0.02080,2560000,-1.00000,665475771124,0.00000
339,169,0,2.87010,0.00000,0.00000,0.01950,0,-1.00000,665475802444,0.00000
340,170,0,3.69800,2.13250,0.21710,0.01960,2560000,-1.00000,665475825486,0.00000
341,170,0,2.89960,0.00000,0.00000,0.01730,0,-1.00000,665475854892,0.00000
342,171,0,1.76180,2.31250,0.29180,0.03650,2560000,-1.00000,665475870303,0.00000
343,171,0,3.45710,0.00000,0.00000,0.02050,0,-1.00000,665475899020,0.00000
344,172,0,1.57410,2.20380,0.24520,0.06290,2560000,-1.00000,665475935985,0.00000
345,172,0,3.22740,0.00000,0.00000,0.02460,0,-1.00000,665475964986,0.00000
346,173,0,1.03880,2.13020,0.21260,0.03380,2560000,-1.00000,665475982602,0.00000
347,173,0,3.13140,0.00000,0.00000,0.02380,0,-1.00000,665476017205,0.00000
348,174,0,0.46020,2.26700,0.23680,0.03930,2560000,-1.00000,665476032921,0.00000
349,174,0,3.26270,0.00000,0.00000,0.01970,0,-1.00000,665476065219,0.00000
350,175,0,0.51930,2.19230,0.22080,0.03500,2560000,-1.00000,665476075580,0.00000
351,175,0,3.36910,0.00000,0.00000,0.02440,0,-1.00000,665476106915,0.00000
352,176,0,0.44190,2.23360,0.21110,0.03490,2560000,-1.00000,665476111486,0.00000
353,176,0,3.16490,0.00000,0.00000,0.01900,0,-1.00000,665476144145,0.00000
354,177,0,0.41950,2.23590,0.31320,0.04020,2560000,-1.00000,665476149314,0.00000
355,177,0,3.27860,0.00000,0.00000,0.02140,0,-1.00000,665476183031,0.00000
356,178,0,0.41390,2.44370,0.32450,0.03420,2560000,-1.00000,665476187420,0.00000
357,178,0,3.48980,0.00000,0.00000,0.02110,0,-1.00000,665476219096,0.00000
358,179,0,0.40130,2.24300,0.23420,0.05050,2560000,-1.00000,665476223266,0.00000
359,179,0,3.40440,0.00000,0.00000,0.02500,0,-1.00000,665476256086,0.00000
360,180,0,0.59980,2.24970,0.21840,0.03620,2560000,-1.00000,665476260192,0.00000
361,180,0,3.13009,0.00000,0.00000,0.01990,0,-1.00000,665476295128,0.00000
362,181,0,0.40220,2.56730,0.25670,0.03600,2560000,-1.00000,665476299099,0.00000
363,181,0,3.49220,0.00000,0.00000,0.02060,0,-1.00000,665476334083,0.00000
364,182,0,0.41830,2.34990,0.33310,0.03920,2560000,-1.00000,665476339136,0.00000
365,182,0,3.36380,0.00000,0.00000,0.02640,0,-1.00000,665476370474,0.00000
366,183,0,0.44660,2.32680,0.27360,0.04470,2560000,-1.00000,665476374470,0.00000
367,183,0,3.43650,0.00000,0.00000,0.02330,0,-1.00000,665476409418,0.00000
368,184,0,0.42060,2.28820,0.21700,0.03700,2560000,-1.00000,665476413571,0.00000
369,184,0,3.15840,0.00000,0.00000,0.02350,0,-1.00000,665476447240,0.00000
370,185,0,0.62560,2.27100,0.23240,0.03430,2560000,-1.00000,665476451670,0.00000
371,185,0,3.23160,0.00000,0.00000,0.02320,0,-1.00000,665476486082,0.00000
372,186,0,1.06270,2.21080,0.23570,0.03940,2560000,-1.00000,665476490248,0.00000
373,186,0,3.30230,0.00000,0.00000,0.02550,0,-1.00000,665476521854,0.00000
374,187,0,0.99610,2.23150,0.21890,0.04310,2560000,-1.00000,665476528087,0.00000
375,187,0,3.15920,0.00000,0.00000,0.02080,0,-1.00000,665476560433,0.00000
376,188,0,1.95080,2.33140,0.24820,0.05400,2560000,-1.00000,665476571034,0.00000
377,188,0,3.38520,0.00000,0.00000,0.02580,0,-1.00000,665476604097,0.00000
378,189,0,0.54590,2.22310,0.22090,0.03630,2560000,-1.00000,665476614028,0.00000
379,189,0,3.09810,0.00000,0.00000,0.02040,0,-1.00000,665476645638,0.00000
380,190,0,0.71510,2.21310,0.23010,0.03730,2560000,-1.00000,665476665125,0.00000
381,190,0,3.13630,0.00000,0.00000,0.02230,0,-1.00000,665476699004,0.00000
382,191,0,1.14290,2.26610,0.22850,0.04910,2560000,-1.00000,665476704432,0.00000
383,191,0,3.30920,0.00000,0.00000,0.02470,0,-1.00000,665476735436,0.00000
384,192,0,1.04390,2.20810,0.23470,0.03940,2560000,-1.00000,665476742562,0.00000
385,192,0,3.16480,0.00000,0.00000,0.02650,0,-1.00000,665476773944,0.00000
386,193,0,1.09430,2.22460,0.21290,0.04700,2560000,-1.00000,665476785361,0.00000
387,193,0,3.20250,0.00000,0.00000,0.02470,0,-1.00000,665476818475,0.00000
388,194,0,3.24330,2.43960,0.20200,0.04340,2560000,-1.00000,665476828882,0.00000
389,194,0,3.38320,0.00000,0.00000,0.02340,0,-1.00000,665476860565,0.00000
390,195,0,0.93990,2.42410,0.22510,0.03180,2560000,-1.00000,665476871481,0.00000
391,195,0,3.41850,0.00000,0.00000,0.02590,0,-1.00000,665476903532,0.00000
392,196,0,0.87460,2.39910,0.23170,0.02320,2560000,-1.00000,665476935973,0.00000
393,196,0,3.22029,0.00000,0.00000,0.02310,0,-1.00000,665476969786,0.00000
394,197,0,1.07010,2.31670,0.25880,0.02480,2560000,-1.00000,665476979164,0.00000
395,197,0,3.20350,0.00000,0.00000,0.01860,0,-1.00000,665477013362,0.00000
396,198,0,1.03670,2.27470,0.24100,0.02960,2560000,-1.00000,665477022100,0.00000
397,198,0,3.03740,0.00000,0.00000,0.01980,0,-1.00000,665477054301,0.00000
398,199,0,0.32070,2.47820,0.31140,0.02160,2560000,-1.00000,665477064997,0.00000
399,199,0,3.28650,0.00000,0.00000,0.01860,0,-1.00000,665477097038,0.00000
400,200,0,1.98910,2.25020,0.26340,0.02490,2560000,-1.00000,665477107404,0.00000
401,200,0,3.10110,0.00000,0.00000,0.01930,0,-1.00000,665477137777,0.00000
402,201,0,3.39690,2.30330,0.23410,0.03360,2560000,-1.00000,665477140983,0.00000
403,201,0,3.18280,0.00000,0.00000,0.02420,0,-1.00000,665477173849,0.00000
404,202,0,0.43820,2.47510,0.32070,0.02510,2560000,-1.00000,665477193739,0.00000
405,202,0,3.31270,0.00000,0.00000,0.01890,0,-1.00000,665477224752,0.00000
406,203,0,0.37970,2.36810,0.24670,0.03780,2560000,-1.00000,665477258718,0.00000
407,203,0,3.37010,0.00000,0.00000,0.02590,0,-1.00000,665477290558,0.00000
408,204,0,0.57730,2.47130,0.20480,0.02650,2560000,-1.00000,665477294924,0.00000
409,204,0,3.27479,0.00000,0.00000,0.02340,0,-1.00000,665477328056,0.00000
410,205,0,0.40240,2.41740,0.32150,0.02120,2560000,-1.00000,665477331851,0.00000
411,205,0,3.21930,0.00000,0.00000,0.01890,0,-1.00000,665477365588,0.00000
412,206,0,0.38690,2.53890,0.21980,0.03140,2560000,-1.00000,665477371321,0.00000
413,206,0,3.36900,0.00000,0.00000,0.02210,0,-1.00000,665477404090,0.00000
414,207,0,0.42180,2.40680,0.21670,0.02120,2560000,-1.00000,665477408095,0.00000
415,207,0,3.28240,0.00000,0.00000,0.02260,0,-1.00000,665477440298,0.00000
416,208,0,5.11810,2.44110,0.22030,0.02850,2560000,-1.00000,665477444162,0.00000
417,208,0,3.24780,0.00000,0.00000,0.02260,0,-1.00000,665477477865,0.00000
418,209,0,0.42530,2.22620,0.23180,0.02120,2560000,-1.00000,665477482071,0.00000
419,209,0,2.97090,0.00000,0.00000,0.01740,0,-1.00000,665477514894,0.00000
420,210,0,1.11960,2.88740,0.22700,0.03980,2560000,-1.00000,665477566075,0.00000
421,210,0,3.82151,0.00000,0.00000,0.02410,0,-1.00000,665477598555,0.00000
422,211,0,0.51599,2.19690,0.22090,0.02630,2560000,-1.00000,665477602797,0.00000
423,211,0,2.98190,0.00000,0.00000,0.01950,0,-1.00000,665477632516,0.00000
424,212,0,3.38750,2.15910,0.22780,0.02270,2560000,-1.00000,665477643709,0.00000
425,212,0,2.92200,0.00000,0.00000,0.02190,0,-1.00000,665477681948,0.00000
426,213,0,1.38330,2.19780,0.25260,0.02500,2560000,-1.00000,665477687078,0.00000
427,213,0,3.00900,0.00000,0.00000,0.01760,0,-1.00000,665477716914,0.00000
428,214,0,3.41340,2.21540,0.22960,0.02850,2560000,-1.00000,665477750770,0.00000
429,214,0,3.00950,0.00000,0.00000,0.01940,0,-1.00000,665477780007,0.00000
430,215,0,3.37230,2.18600,0.20400,0.02660,2560000,-1.00000,665477793832,0.00000
431,215,0,2.95190,0.00000,0.00000,0.02000,0,-1.00000,665477823919,0.00000
432,216,0,0.41860,2.22370,0.32190,0.02390,2560000,-1.00000,665477858049,0.00000
433,216,0,3.13720,0.00000,0.00000,0.02020,0,-1.00000,665477888155,0.00000
434,217,0,0.41971,2.33280,0.25890,0.03850,2560000,-1.00000,665477921875,0.00000
435,217,0,3.47200,0.00000,0.00000,0.03040,0,-1.00000,665477951394,0.00000
436,218,0,0.53010,2.36060,0.20490,0.02600,2560000,-1.00000,665477955573,0.00000
437,218,0,3.18650,0.00000,0.00000,0.01920,0,-1.00000,665477986952,0.00000
438,219,0,2.96440,2.42070,0.25420,0.02970,2560000,-1.00000,665477991145,0.00000
439,219,0,3.27160,0.00000,0.00000,0.02020,0,-1.00000,665478025917,0.00000
440,220,0,0.41670,2.35260,0.31820,0.02350,2560000,-1.00000,665478031183,0.00000
441,220,0,3.29090,0.00000,0.00000,0.02050,0,-1.00000,665478063040,0.00000
442,221,0,0.37690,2.34450,0.23560,0.04650,2560000,-1.00000,665478092684,0.00000
443,221,0,3.34480,0.00000,0.00000,0.02640,0,-1.00000,665478125405,0.00000
444,222,0,0.48350,2.41780,0.34640,0.03840,2560000,-1.00000,665478129556,0.00000
445,222,0,3.39491,0.00000,0.00000,0.02120,0,-1.00000,665478162471,0.00000
446,223,0,0.50959,2.61950,0.28990,0.03830,2560000,-1.00000,665478166238,0.00000
447,223,0,3.55021,0.00000,0.00000,0.02050,0,-1.00000,665478199729,0.00000
448,224,0,0.58670,2.35770,0.33360,0.02880,2560000,-1.00000,665478204522,0.00000
449,224,0,3.26560,0.00000,0.00000,0.02450,0,-1.00000,665478238490,0.00000
450,225,0,0.60580,2.93290,0.22510,0.02790,2560000,-1.00000,665478243574,0.00000
451,225,0,3.79160,0.00000,0.00000,0.02440,0,-1.00000,665478279089,0.00000
452,226,0,0.40070,2.77530,0.30320,0.02830,2560000,-1.00000,665478284932,0.00000
453,226,0,3.69100,0.00000,0.00000,0.02180,0,-1.00000,665478317602,0.00000
454,227,0,0.52110,2.35110,0.35020,0.03890,2560000,-1.00000,665478323683,0.00000
455,227,0,3.35660,0.00000,0.00000,0.02360,0,-1.00000,665478361599,0.00000
456,228,0,0.41310,2.35730,0.22630,0.03260,2560000,-1.00000,665478365573,0.00000
457,228,0,3.23279,0.00000,0.00000,0.02130,0,-1.00000,665478402488,0.00000
458,229,0,0.51110,3.12410,0.21840,0.03420,2560000,-1.00000,665478407690,0.00000
459,229,0,3.96300,0.00000,0.00000,0.02210,0,-1.00000,665478441288,0.00000
460,230,0,0.42331,2.65580,0.24610,0.02240,2560000,-1.00000,665478445389,0.00000
461,230,0,3.41740,0.00000,0.00000,0.01960,0,-1.00000,665478477736,0.00000
462,231,0,0.34240,3.06050,0.21150,0.02480,2560000,-1.00000,665478482837,0.00000
463,231,0,3.82070,0.00000,0.00000,0.01920,0,-1.00000,665478522471,0.00000
464,232,0,0.36070,2.71900,0.22720,0.08050,2560000,-1.00000,665478526687,0.00000
465,232,0,3.52580,0.00000,0.00000,0.02280,0,-1.00000,665478560859,0.00000
466,233,0,0.71880,2.34330,0.29180,0.04780,2560000,-1.00000,665478564284,0.00000
467,233,0,3.38600,0.00000,0.00000,0.02450,0,-1.00000,665478602500,0.00000
468,234,0,0.52400,2.57090,0.28130,0.03330,2560000,-1.00000,665478606100,0.00000
469,234,0,3.49400,0.00000,0.00000,0.02300,0,-1.00000,665478641364,0.00000
470,235,0,0.45800,2.35900,0.27160,0.02560,2560000,-1.00000,665478648574,0.00000
471,235,0,3.14930,0.00000,0.00000,0.01960,0,-1.00000,665478682450,0.00000
472,236,0,0.33780,2.29940,0.27420,0.02580,2560000,-1.00000,665478687661,0.00000
473,236,0,3.09290,0.00000,0.00000,0.02410,0,-1.00000,665478722601,0.00000
474,237,0,0.42940,2.41570,0.26730,0.02770,2560000,-1.00000,665478727170,0.00000
475,237,0,3.37140,0.00000,0.00000,0.03050,0,-1.00000,665478758665,0.00000
476,238,0,0.90360,2.36010,0.32210,0.02880,2560000,-1.00000,665478762035,0.00000
477,238,0,3.21670,0.00000,0.00000,0.02250,0,-1.00000,665478792975,0.00000
478,239,0,1.07140,2.24720,0.27490,0.02640,2560000,-1.00000,665478797270,0.00000
479,239,0,3.03580,0.00000,0.00000,0.02100,0,-1.00000,665478831003,0.00000
480,240,0,0.40360,2.61390,0.24500,0.02370,2560000,-1.00000,665478840025,0.00000
481,240,0,3.33321,0.00000,0.00000,0.02020,0,-1.00000,665478872195,0.00000
482,241,0,0.33739,2.48450,0.34370,0.03320,2560000,-1.00000,665478882898,0.00000
483,241,0,3.40420,0.00000,0.00000,0.03000,0,-1.00000,665478913269,0.00000
484,242,0,0.54680,2.55070,0.24880,0.03000,2560000,-1.00000,665478917283,0.00000
485,242,0,3.42290,0.00000,0.00000,0.02050,0,-1.00000,665478950619,0.00000
486,243,0,0.42090,2.33910,0.22700,0.02310,2560000,-1.00000,665478953987,0.00000
487,243,0,3.02250,0.00000,0.00000,0.02330,0,-1.00000,665478988079,0.00000
488,244,0,0.38790,2.30390,0.24480,0.02200,2560000,-1.00000,665478993522,0.00000
489,244,0,3.01700,0.00000,0.00000,0.01840,0,-1.00000,665479027745,0.00000
490,245,0,0.31910,2.37140,0.37460,0.02590,2560000,-1.00000,665479031939,0.00000
491,245,0,3.25130,0.00000,0.00000,0.01810,0,-1.00000,665479062175,0.00000
492,246,0,0.60200,2.31710,0.30670,0.02680,2560000,-1.00000,665479066044,0.00000
493,246,0,3.14470,0.00000,0.00000,0.02250,0,-1.00000,665479096232,0.00000
494,247,0,0.36760,2.42520,0.30730,0.02380,2560000,-1.00000,665479099403,0.00000
495,247,0,3.20700,0.00000,0.00000,0.01980,0,-1.00000,665479131928,0.00000
496,248,0,0.32590,2.33170,0.21070,0.02030,2560000,-1.00000,665479137934,0.00000
497,248,0,3.03220,0.00000,0.00000,0.01720,0,-1.00000,665479169388,0.00000
498,249,0,0.32060,2.35490,0.30120,0.03750,2560000,-1.00000,665479173053,0.00000
499,249,0,3.12140,0.00000,0.00000,0.02350,0,-1.00000,665479205132,0.00000
500,250,0,0.39020,2.38850,0.30300,0.02260,2560000,-1.00000,665479208385,0.00000
501,250,0,3.16610,0.00000,0.00000,0.02330,0,-1.00000,665479238715,0.00000
502,251,0,0.37510,2.29710,0.24880,0.02520,2560000,-1.00000,665479241916,0.00000
503,251,0,3.11020,0.00000,0.00000,0.02200,0,-1.00000,665479273139,0.00000
504,252,0,1.89840,2.31090,0.31020,0.02690,2560000,-1.00000,665479277033,0.00000
505,252,0,3.13020,0.00000,0.00000,0.02430,0,-1.00000,665479308703,0.00000
506,253,0,0.53190,2.69940,0.26660,0.02410,2560000,-1.00000,665479312442,0.00000
507,253,0,3.69940,0.00000,0.00000,0.02090,0,-1.00000,665479343557,0.00000
508,254,0,0.39180,2.64920,0.20450,0.02700,2560000,-1.00000,665479362545,0.00000
509,254,0,3.36130,0.00000,0.00000,0.02010,0,-1.00000,665479393841,0.00000
510,255,0,0.58960,2.64730,0.30150,0.02370,2560000,-1.00000,665479399203,0.00000
511,255,0,3.51130,0.00000,0.00000,0.02080,0,-1.00000,665479436151,0.00000
512,256,0,0.86631,2.56090,0.28550,0.02200,2560000,-1.00000,665479440063,0.00000
513,256,0,3.51460,0.00000,0.00000,0.02400,0,-1.00000,665479473691,0.00000
514,257,0,0.69570,2.54510,0.23520,0.02810,2560000,-1.00000,665479479567,0.00000
515,257,0,3.35630,0.00000,0.00000,0.01930,0,-1.00000,665479514692,0.00000
516,258,0,0.91590,2.30630,0.28830,0.02420,2560000,-1.00000,665479523387,0.00000
517,258,0,3.08270,0.00000,0.00000,0.02080,0,-1.00000,665479558506,0.00000
518,259,0,2.24889,2.38870,0.31010,0.02690,2560000,-1.00000,665479565456,0.00000
519,259,0,3.25310,0.00000,0.00000,0.02500,0,-1.00000,665479599026,0.00000
520,260,0,0.49990,2.72400,0.28910,0.02500,2560000,-1.00000,665479608184,0.00000
521,260,0,3.59070,0.00000,0.00000,0.02140,0,-1.00000,665479639004,0.00000
522,261,0,0.35630,2.30890,0.33440,0.04050,2560000,-1.00000,665479661501,0.00000
523,261,0,3.30390,0.00000,0.00000,0.02160,0,-1.00000,665479694032,0.00000
524,262,0,0.83070,2.31430,0.22800,0.03540,2560000,-1.00000,665479699044,0.00000
525,262,0,3.25030,0.00000,0.00000,0.02250,0,-1.00000,665479734937,0.00000
526,263,0,0.98910,2.32860,0.27690,0.02540,2560000,-1.00000,665479738486,0.00000
527,263,0,3.12370,0.00000,0.00000,0.01970,0,-1.00000,665479771577,0.00000
528,264,0,3.27970,2.36160,0.26470,0.02940,2560000,-1.00000,665479779874,0.00000
529,264,0,3.13870,0.00000,0.00000,0.02270,0,-1.00000,665479812351,0.00000
530,265,0,1.14661,2.35160,0.27550,0.02220,2560000,-1.00000,665479822236,0.00000
531,265,0,4.11870,0.00000,0.00000,0.01920,0,-1.00000,665479853470,0.00000
532,266,0,4.36800,2.32970,0.28540,0.03590,2560000,-1.00000,665479886265,0.00000
533,266,0,3.21759,0.00000,0.00000,0.02120,0,-1.00000,665479917666,0.00000
534,267,0,1.05230,2.30380,0.30410,0.02870,2560000,-1.00000,665479929117,0.00000
535,267,0,3.24430,0.00000,0.00000,0.02290,0,-1.00000,665479970321,0.00000
536,268,0,3.14850,2.26010,0.22840,0.02490,2560000,-1.00000,665480014000,0.00000
537,268,0,3.06500,0.00000,0.00000,0.01960,0,-1.00000,665480046269,0.00000
538,269,0,1.21840,2.74890,0.21050,0.02480,2560000,-1.00000,665480056690,0.00000
539,269,0,3.54370,0.00000,0.00000,0.02040,0,-1.00000,665480089150,0.00000
540,270,0,2.87310,2.30480,0.27430,0.02750,2560000,-1.00000,665480120612,0.00000
541,270,0,3.13170,0.00000,0.00000,0.02290,0,-1.00000,665480151273,0.00000
542,271,0,1.17220,2.22020,0.23620,0.02210,2560000,-1.00000,665480163443,0.00000
543,271,0,2.97520,0.00000,0.00000,0.02080,0,-1.00000,665480198890,0.00000
544,272,0,1.26540,2.18210,0.23160,0.03350,2560000,-1.00000,665480227612,0.00000
545,272,0,3.08660,0.00000,0.00000,0.02390,0,-1.00000,665480258945,0.00000
546,273,0,5.38790,2.31170,0.24560,0.02750,2560000,-1.00000,665480270654,0.00000
547,273,0,3.09990,0.00000,0.00000,0.02120,0,-1.00000,665480300407,0.00000
548,274,0,0.39180,2.15820,0.30420,0.02260,2560000,-1.00000,665480313069,0.00000
549,274,0,3.00950,0.00000,0.00000,0.01950,0,-1.00000,665480343942,0.00000
550,275,0,0.38590,2.23360,0.20290,0.02310,2560000,-1.00000,665480397808,0.00000
551,275,0,2.97230,0.00000,0.00000,0.02170,0,-1.00000,665480428802,0.00000
552,276,0,2.93820,2.85360,0.22910,0.03040,2560000,-1.00000,665480432719,0.00000
553,276,0,3.78390,0.00000,0.00000,0.02280,0,-1.00000,665480462820,0.00000
554,277,0,0.40470,2.26500,0.20570,0.01950,2560000,-1.00000,665480466674,0.00000
555,277,0,2.96760,0.00000,0.00000,0.01730,0,-1.00000,665480496401,0.00000
556,278,0,0.35480,2.33420,0.22310,0.02350,2560000,-1.00000,665480525773,0.00000
557,278,0,3.05440,0.00000,0.00000,0.01930,0,-1.00000,665480563630,0.00000
558,279,0,0.38750,2.14520,0.27430,0.01780,2560000,-1.00000,665480567658,0.00000
559,279,0,2.90440,0.00000,0.00000,0.02330,0,-1.00000,665480597341,0.00000
560,280,0,3.34150,2.18270,0.24740,0.03710,2560000,-1.00000,665480600883,0.00000
561,280,0,3.14780,0.00000,0.00000,0.02080,0,-1.00000,665480631438,0.00000
562,281,0,3.27070,2.23470,0.27650,0.03010,2560000,-1.00000,665480635304,0.00000
563,281,0,3.02640,0.00000,0.00000,0.02090,0,-1.00000,665480664356,0.00000
564,282,0,0.58470,2.19270,0.30170,0.01990,2560000,-1.00000,665480697801,0.00000
565,282,0,3.00060,0.00000,0.00000,0.01740,0,-1.00000,665480729261,0.00000
566,283,0,0.38500,2.17570,0.26530,0.02450,2560000,-1.00000,665480761958,0.00000
567,283,0,2.94870,0.00000,0.00000,0.01850,0,-1.00000,665480792220,0.00000
568,284,0,0.75290,2.18020,0.24070,0.02190,2560000,-1.00000,665480798057,0.00000
569,284,0,2.95170,0.00000,0.00000,0.01800,0,-1.00000,665480828063,0.00000
570,285,0,1.26970,2.25100,0.22090,0.02130,2560000,-1.00000,665480831916,0.00000
571,285,0,2.98910,0.00000,0.00000,0.01950,0,-1.00000,665480861415,0.00000
572,286,0,1.27640,2.14290,0.28840,0.03030,2560000,-1.00000,665480868937,0.00000
573,286,0,3.10120,0.00000,0.00000,0.02360,0,-1.00000,665480898455,0.00000
574,287,0,3.37140,2.29000,0.21260,0.02790,2560000,-1.00000,665480911147,0.00000
575,287,0,3.02240,0.00000,0.00000,0.02270,0,-1.00000,665480941046,0.00000
576,288,0,0.41290,2.33620,0.22900,0.02140,2560000,-1.00000,665480953935,0.00000
577,288,0,3.10630,0.00000,0.00000,0.02050,0,-1.00000,665480984832,0.00000
578,289,0,0.46210,2.18410,0.21160,0.02220,2560000,-1.00000,665481018533,0.00000
579,289,0,2.93370,0.00000,0.00000,0.01900,0,-1.00000,665481048761,0.00000
580,290,0,0.68030,2.09510,0.26980,0.02400,2560000,-1.00000,665481052887,0.00000
581,290,0,2.89940,0.00000,0.00000,0.01980,0,-1.00000,665481084078,0.00000
582,291,0,0.37500,2.26460,0.22180,0.01970,2560000,-1.00000,665481088573,0.00000
583,291,0,3.10900,0.00000,0.00000,0.02130,0,-1.00000,665481117911,0.00000
584,292,0,2.16380,2.28640,0.25670,0.03120,2560000,-1.00000,665481124706,0.00000
585,292,0,3.13450,0.00000,0.00000,0.01830,0,-1.00000,665481153710,0.00000
586,293,0,3.23940,2.17460,0.20850,0.02220,2560000,-1.00000,665481157447,0.00000
587,293,0,2.85540,0.00000,0.00000,0.02360,0,-1.00000,665481188551,0.00000
588,294,0,0.41050,2.20920,0.25960,0.03000,2560000,-1.00000,665481210184,0.00000
589,294,0,3.13020,0.00000,0.00000,0.02270,0,-1.00000,665481241528,0.00000
590,295,0,0.42820,2.28370,0.21360,0.04050,2560000,-1.00000,665481273916,0.00000
591,295,0,3.14670,0.00000,0.00000,0.01870,0,-1.00000,665481302477,0.00000
592,296,0,0.36700,2.26720,0.23490,0.02290,2560000,-1.00000,665481306574,0.00000
593,296,0,3.09110,0.00000,0.00000,0.01750,0,-1.00000,665481337917,0.00000
594,297,0,0.33530,2.33230,0.31580,0.02460,2560000,-1.00000,665481342201,0.00000
595,297,0,3.17310,0.00000,0.00000,0.01920,0,-1.00000,665481373641,0.00000
596,298,0,0.41220,2.33980,0.29290,0.02510,2560000,-1.00000,665481377295,0.00000
597,298,0,3.15240,0.00000,0.00000,0.01990,0,-1.00000,665481408212,0.00000
598,299,0,0.45270,2.30090,0.31580,0.02130,2560000,-1.00000,665481411559,0.00000
599,299,0,3.14529,0.00000,0.00000,0.02040,0,-1.00000,665481443301,0.00000
600,300,0,0.37540,2.30380,0.29400,0.02050,2560000,-1.00000,665481447410,0.00000
601,300,0,3.07320,0.00000,0.00000,0.01790,0,-1.00000,665481478947,0.00000
602,301,0,0.32530,2.25780,0.20070,0.02200,2560000,-1.00000,665481483475,0.00000
603,301,0,2.97550,0.00000,0.00000,0.01980,0,-1.00000,665481514936,0.00000
604,302,0,0.33840,2.28960,0.29820,0.01960,2560000,-1.00000,665481518675,0.00000
605,302,0,3.07520,0.00000,0.00000,0.01670,0,-1.00000,665481549405,0.00000
606,303,0,0.32320,2.21930,0.29800,0.02730,2560000,-1.00000,665481552655,0.00000
607,303,0,3.09760,0.00000,0.00000,0.02460,0,-1.00000,665481582423,0.00000
608,304,0,0.40040,2.24360,0.23320,0.02260,2560000,-1.00000,665481585798,0.00000
609,304,0,2.95530,0.00000,0.00000,0.02270,0,-1.00000,665481616548,0.00000
610,305,0,0.37640,2.28680,0.20220,0.02390,2560000,-1.00000,665481619782,0.00000
611,305,0,2.96840,0.00000,0.00000,0.02290,0,-1.00000,665481650772,0.00000
612,306,0,0.38330,2.30460,0.20360,0.02150,2560000,-1.00000,665481654759,0.00000
613,306,0,2.95510,0.00000,0.00000,0.02060,0,-1.00000,665481684322,0.00000
614,307,0,1.40030,2.33390,0.30100,0.02140,2560000,-1.00000,665481688082,0.00000
615,307,0,3.13680,0.00000,0.00000,0.02300,0,-1.00000,665481717773,0.00000
616,308,0,1.10101,2.24600,0.26660,0.02460,2560000,-1.00000,665481721603,0.00000
617,308,0,3.02039,0.00000,0.00000,0.01930,0,-1.00000,665481751152,0.00000
618,309,0,1.28650,2.21130,0.29690,0.02390,2560000,-1.00000,665481765149,0.00000
619,309,0,3.03870,0.00000,0.00000,0.02210,0,-1.00000,665481796525,0.00000
620,310,0,3.33760,2.10140,0.26910,0.01960,2560000,-1.00000,665481807532,0.00000
621,310,0,3.05410,0.00000,0.00000,0.02420,0,-1.00000,665481837737,0.00000
622,311,0,1.21230,2.06940,0.22640,0.02380,2560000,-1.00000,665481850597,0.00000
623,311,0,2.86990,0.00000,0.00000,0.02110,0,-1.00000,665481880989,0.00000
624,312,0,0.38400,2.20710,0.25030,0.03710,2560000,-1.00000,665481914363,0.00000
625,312,0,3.10980,0.00000,0.00000,0.02250,0,-1.00000,665481944916,0.00000
626,313,0,0.47150,2.07540,0.21170,0.02060,2560000,-1.00000,665481957024,0.00000
627,313,0,3.00191,0.00000,0.00000,0.01730,0,-1.00000,665481985719,0.00000
628,314,0,1.14240,2.10550,0.32660,0.01930,2560000,-1.00000,665481989560,0.00000
629,314,0,2.97220,0.00000,0.00000,0.01700,0,-1.00000,665482020698,0.00000
630,315,0,1.23380,2.30310,0.22780,0.02970,2560000,-1.00000,665482025378,0.00000
631,315,0,3.13840,0.00000,0.00000,0.01980,0,-1.00000,665482055398,0.00000
632,316,0,1.12510,2.29680,0.32340,0.02500,2560000,-1.00000,665482066819,0.00000
633,316,0,3.10800,0.00000,0.00000,0.02020,0,-1.00000,665482096546,0.00000
634,317,0,1.28710,2.30240,0.31210,0.02150,2560000,-1.00000,665482108884,0.00000
635,317,0,3.08861,0.00000,0.00000,0.02010,0,-1.00000,665482140276,0.00000
636,318,0,1.04250,2.18750,0.26710,0.02700,2560000,-1.00000,665482151514,0.00000
637,318,0,2.96640,0.00000,0.00000,0.02070,0,-1.00000,665482182604,0.00000
638,319,0,1.27860,2.29660,0.24220,0.03680,2560000,-1.00000,665482195465,0.00000
639,319,0,3.09740,0.00000,0.00000,0.02190,0,-1.00000,665482226354,0.00000
640,320,0,1.23870,2.34280,0.30500,0.02540,2560000,-1.00000,665482236771,0.00000
641,320,0,3.20570,0.00000,0.00000,0.01900,0,-1.00000,665482266443,0.00000
642,321,0,1.02749,2.28020,0.24180,0.02530,2560000,-1.00000,665482279229,0.00000
643,321,0,3.03640,0.00000,0.00000,0.02200,0,-1.00000,665482310213,0.00000
644,322,0,1.17820,2.25940,0.23030,0.02950,2560000,-1.00000,665482322585,0.00000
645,322,0,3.05350,0.00000,0.00000,0.02230,0,-1.00000,665482354651,0.00000
646,323,0,1.28310,2.24150,0.26290,0.02520,2560000,-1.00000,665482364919,0.00000
647,323,0,3.05300,0.00000,0.00000,0.02270,0,-1.00000,665482395286,0.00000
648,324,0,1.22240,2.19360,0.21540,0.02790,2560000,-1.00000,665482407070,0.00000
649,324,0,2.96860,0.00000,0.00000,0.02140,0,-1.00000,665482437620,0.00000
650,325,0,1.20650,2.23260,0.21910,0.02410,2560000,-1.00000,665482450440,0.00000
651,325,0,2.96820,0.00000,0.00000,0.01870,0,-1.00000,665482480968,0.00000
652,326,0,1.47850,2.32750,0.25400,0.04150,2560000,-1.00000,665482493191,0.00000
653,326,0,3.35330,0.00000,0.00000,0.03110,0,-1.00000,665482522883,0.00000
654,327,0,0.97030,3.68180,0.35080,0.06960,2560000,-1.00000,665482534937,0.00000
655,327,0,5.07540,0.00000,0.00000,0.03360,0,-1.00000,665482564625,0.00000
656,328,0,0.71631,2.37430,0.24170,0.05320,2560000,-1.00000,665482579407,0.00000
657,328,0,3.52410,0.00000,0.00000,0.02800,0,-1.00000,665482612992,0.00000
658,329,0,0.50310,2.34500,0.33740,0.05540,2560000,-1.00000,665482622657,0.00000
659,329,0,3.54050,0.00000,0.00000,0.02590,0,-1.00000,665482673447,0.00000
660,330,0,0.46330,2.21330,0.25780,0.03220,2560000,-1.00000,665482680582,0.00000
661,330,0,3.14931,0.00000,0.00000,0.02900,0,-1.00000,665482715861,0.00000
662,331,0,0.50940,2.23940,0.26540,0.05950,2560000,-1.00000,665482720831,0.00000
663,331,0,3.37700,0.00000,0.00000,0.02960,0,-1.00000,665482756276,0.00000
664,332,0,0.55570,2.30320,0.33840,0.04620,2560000,-1.00000,665482760865,0.00000
665,332,0,3.46020,0.00000,0.00000,0.03130,0,-1.00000,665482792433,0.00000
666,333,0,0.76290,2.32990,0.29300,0.03940,2560000,-1.00000,665482797454,0.00000
667,333,0,3.39380,0.00000,0.00000,0.02590,0,-1.00000,665482831308,0.00000
668,334,0,0.83920,2.30580,0.23810,0.02860,2560000,-1.00000,665482836786,0.00000
669,334,0,3.21679,0.00000,0.00000,0.02010,0,-1.00000,665482871430,0.00000
670,335,0,3.19550,2.43370,0.26790,0.04720,2560000,-1.00000,665482879015,0.00000
671,335,0,3.49720,0.00000,0.00000,0.03340,0,-1.00000,665482912985,0.00000
672,336,0,0.53200,2.26760,0.25720,0.03510,2560000,-1.00000,665482921353,0.00000
673,336,0,3.16620,0.00000,0.00000,0.02440,0,-1.00000,665482953527,0.00000
674,337,0,0.40190,2.29450,0.31400,0.03160,2560000,-1.00000,665482985488,0.00000
675,337,0,3.19150,0.00000,0.00000,0.02230,0,-1.00000,665483020480,0.00000
676,338,0,0.40770,2.44130,0.24660,0.02580,2560000,-1.00000,665483025753,0.00000
677,338,0,3.23411,0.00000,0.00000,0.02310,0,-1.00000,665483057435,0.00000
678,339,0,0.54150,2.32930,0.29060,0.03220,2560000,-1.00000,665483061438,0.00000
679,339,0,3.23010,0.00000,0.00000,0.02010,0,-1.00000,665483093370,0.00000
680,340,0,1.08500,2.17950,0.32690,0.03920,2560000,-1.00000,665483097435,0.00000
681,340,0,3.26710,0.00000,0.00000,0.02470,0,-1.00000,665483129779,0.00000
682,341,0,4.16050,2.51310,0.20420,0.04040,2560000,-1.00000,665483135191,0.00000
683,341,0,3.44950,0.00000,0.00000,0.02490,0,-1.00000,665483167516,0.00000
684,342,0,0.48560,2.87090,0.22920,0.02470,2560000,-1.00000,665483178348,0.00000
685,342,0,3.87650,0.00000,0.00000,0.02110,0,-1.00000,665483211051,0.00000
686,343,0,0.43920,2.36530,0.21850,0.03330,2560000,-1.00000,665483252630,0.00000
687,343,0,3.40460,0.00000,0.00000,0.02280,0,-1.00000,665483287134,0.00000
688,344,0,0.47680,2.53150,0.21700,0.02450,2560000,-1.00000,665483291962,0.00000
689,344,0,3.25470,0.00000,0.00000,0.02190,0,-1.00000,665483330964,0.00000
690,345,0,0.36670,2.86980,0.31720,0.02050,2560000,-1.00000,665483335120,0.00000
691,345,0,3.62990,0.00000,0.00000,0.01840,0,-1.00000,665483369200,0.00000
692,346,0,0.31610,2.18920,0.21520,0.02080,2560000,-1.00000,665483373937,0.00000
693,346,0,2.96480,0.00000,0.00000,0.02190,0,-1.00000,665483406496,0.00000
694,347,0,0.36450,2.82710,0.30620,0.02070,2560000,-1.00000,665483410147,0.00000
695,347,0,3.57680,0.00000,0.00000,0.01760,0,-1.00000,665483446446,0.00000
696,348,0,0.44300,2.40910,0.21540,0.04000,2560000,-1.00000,665483449603,0.00000
697,348,0,3.27740,0.00000,0.00000,0.02110,0,-1.00000,665483479266,0.00000
698,349,0,0.38600,2.82140,0.32250,0.02870,2560000,-1.00000,665483482896,0.00000
699,349,0,3.66390,0.00000,0.00000,0.02330,0,-1.00000,665483518669,0.00000
700,350,0,0.36830,2.18670,0.22470,0.02040,2560000,-1.00000,665483523101,0.00000
701,350,0,2.87890,0.00000,0.00000,0.01860,0,-1.00000,665483555901,0.00000
702,351,0,0.33180,2.15540,0.26810,0.03110,2560000,-1.00000,665483559733,0.00000
703,351,0,3.10709,0.00000,0.00000,0.01800,0,-1.00000,665483596389,0.00000
704,352,0,0.88690,2.19950,0.20020,0.02730,2560000,-1.00000,665483600052,0.00000
705,352,0,2.94220,0.00000,0.00000,0.02010,0,-1.00000,665483628846,0.00000
706,353,0,1.31860,2.15550,0.24110,0.02410,2560000,-1.00000,665483632157,0.00000
707,353,0,2.93310,0.00000,0.00000,0.01900,0,-1.00000,665483663252,0.00000
708,354,0,1.29430,2.14740,0.24250,0.02120,2560000,-1.00000,665483672109,0.00000
709,354,0,2.98960,0.00000,0.00000,0.02250,0,-1.00000,665483701538,0.00000
710,355,0,1.35430,2.21720,0.23940,0.02410,2560000,-1.00000,665483714717,0.00000
711,355,0,2.96930,0.00000,0.00000,0.02230,0,-1.00000,665483744043,0.00000
712,356,0,2.33010,2.15540,0.24060,0.02370,2560000,-1.00000,665483756984,0.00000
713,356,0,2.96260,0.00000,0.00000,0.01980,0,-1.00000,665483786882,0.00000
714,357,0,0.34700,2.81130,0.31700,0.02280,2560000,-1.00000,665483800422,0.00000
715,357,0,3.57300,0.00000,0.00000,0.02150,0,-1.00000,665483830125,0.00000
716,358,0,2.81280,2.19240,0.31120,0.02190,2560000,-1.00000,665483853424,0.00000
717,358,0,2.98230,0.00000,0.00000,0.02200,0,-1.00000,665483883043,0.00000
718,359,0,1.46680,2.15530,0.26410,0.03550,2560000,-1.00000,665483886515,0.00000
719,359,0,3.14150,0.00000,0.00000,0.02110,0,-1.00000,665483922247,0.00000
720,360,0,1.01010,2.19340,0.21920,0.02270,2560000,-1.00000,665483950378,0.00000
721,360,0,2.89900,0.00000,0.00000,0.01840,0,-1.00000,665483980200,0.00000
722,361,0,1.41620,2.18770,0.23030,0.01910,2560000,-1.00000,665483994860,0.00000
723,361,0,2.87119,0.00000,0.00000,0.01750,0,-1.00000,665484026299,0.00000
724,362,0,1.37650,2.15150,0.31190,0.02010,2560000,-1.00000,665484036382,0.00000
725,362,0,2.88270,0.00000,0.00000,0.01730,0,-1.00000,665484065369,0.00000
726,363,0,1.50250,2.17870,0.30800,0.02830,2560000,-1.00000,665484079540,0.00000
727,363,0,3.01720,0.00000,0.00000,0.02190,0,-1.00000,665484108248,0.00000
728,364,0,3.34490,2.17590,0.30250,0.02250,2560000,-1.00000,665484122003,0.00000
729,364,0,2.95340,0.00000,0.00000,0.02240,0,-1.00000,665484150835,0.00000
730,365,0,1.41630,2.16390,0.30660,0.02430,2560000,-1.00000,665484165858,0.00000
731,365,0,2.99810,0.00000,0.00000,0.02020,0,-1.00000,665484196039,0.00000
732,366,0,1.23850,2.64130,0.21900,0.03760,2560000,-1.00000,665484229476,0.00000
733,366,0,3.51990,0.00000,0.00000,0.02560,0,-1.00000,665484259012,0.00000
734,367,0,0.81410,2.84950,0.27600,0.02640,2560000,-1.00000,665484273177,0.00000
735,367,0,3.70370,0.00000,0.00000,0.01980,0,-1.00000,665484303159,0.00000
736,368,0,0.54340,2.66010,0.32530,0.02540,2560000,-1.00000,665484315550,0.00000
737,368,0,3.49470,0.00000,0.00000,0.02110,0,-1.00000,665484350757,0.00000
738,369,0,3.00860,2.26950,0.24130,0.02740,2560000,-1.00000,665484358892,0.00000
739,369,0,3.07209,0.00000,0.00000,0.02430,0,-1.00000,665484395924,0.00000
740,370,0,0.41100,2.13380,0.30650,0.02620,2560000,-1.00000,665484401349,0.00000
741,370,0,2.95320,0.00000,0.00000,0.02200,0,-1.00000,665484436318,0.00000
742,371,0,0.35920,2.20460,0.30300,0.02350,2560000,-1.00000,665484466378,0.00000
743,371,0,2.96800,0.00000,0.00000,0.02040,0,-1.00000,665484497121,0.00000
744,372,0,0.95620,2.11890,0.30250,0.02250,2560000,-1.00000,665484501225,0.00000
745,372,0,2.91050,0.00000,0.00000,0.02290,0,-1.00000,665484530759,0.00000
746,373,0,3.54230,2.13940,0.25040,0.02900,2560000,-1.00000,665484534337,0.00000
747,373,0,3.08650,0.00000,0.00000,0.02480,0,-1.00000,665484564024,0.00000
748,374,0,0.54950,3.10320,0.31620,0.05220,2560000,-1.00000,665484573590,0.00000
749,374,0,4.40340,0.00000,0.00000,0.02820,0,-1.00000,665484602703,0.00000
750,375,0,0.47630,2.21420,0.21180,0.02970,2560000,-1.00000,665484638121,0.00000
751,375,0,3.10550,0.00000,0.00000,0.02510,0,-1.00000,665484668998,0.00000
752,376,0,0.40880,2.23130,0.20350,0.04830,2560000,-1.00000,665484674499,0.00000
753,376,0,3.12420,0.00000,0.00000,0.02450,0,-1.00000,665484718556,0.00000
754,377,0,0.41900,2.29110,0.28380,0.02020,2560000,-1.00000,665484723275,0.00000
755,377,0,3.04060,0.00000,0.00000,0.02160,0,-1.00000,665484754353,0.00000
756,378,0,2.87881,2.14970,0.23640,0.02210,2560000,-1.00000,665484758410,0.00000
757,378,0,2.87090,0.00000,0.00000,0.02280,0,-1.00000,665484789687,0.00000
758,379,0,1.43110,2.12390,0.24210,0.02250,2560000,-1.00000,665484793847,0.00000
759,379,0,2.90700,0.00000,0.00000,0.01880,0,-1.00000,665484824250,0.00000
760,380,0,1.32970,2.16060,0.21730,0.02100,2560000,-1.00000,665484853040,0.00000
761,380,0,2.89780,0.00000,0.00000,0.01920,0,-1.00000,665484881746,0.00000
762,381,0,1.39650,2.21590,0.21660,0.03000,2560000,-1.00000,665484896057,0.00000
763,381,0,3.03530,0.00000,0.00000,0.01920,0,-1.00000,665484925130,0.00000
764,382,0,3.49370,2.12570,0.22520,0.02330,2560000,-1.00000,665484938418,0.00000
765,382,0,2.78290,0.00000,0.00000,0.01780,0,-1.00000,665484967404,0.00000
766,383,0,1.42940,2.18130,0.23360,0.02690,2560000,-1.00000,665484981375,0.00000
767,383,0,2.96890,0.00000,0.00000,0.01910,0,-1.00000,665485011730,0.00000
768,384,0,1.37030,2.11310,0.30860,0.02360,2560000,-1.00000,665485046660,0.00000
769,384,0,2.88710,0.00000,0.00000,0.02040,0,-1.00000,665485074490,0.00000
770,385,0,3.62740,2.10070,0.23310,0.02240,2560000,-1.00000,665485088786,0.00000
771,385,0,3.79560,0.00000,0.00000,0.02300,0,-1.00000,665485118485,0.00000
772,386,0,0.50380,2.17470,0.20630,0.02390,2560000,-1.00000,665485132169,0.00000
773,386,0,3.12060,0.00000,0.00000,0.02000,0,-1.00000,665485161044,0.00000
774,387,0,0.47920,2.21860,0.20300,0.02050,2560000,-1.00000,665485197327,0.00000
775,387,0,3.04020,0.00000,0.00000,0.02270,0,-1.00000,665485235303,0.00000
776,388,0,0.48480,2.14680,0.27860,0.02630,2560000,-1.00000,665485240362,0.00000
777,388,0,3.11040,0.00000,0.00000,0.02230,0,-1.00000,665485271523,0.00000
778,389,0,0.50300,2.14610,0.30250,0.02710,2560000,-1.00000,665485276310,0.00000
779,389,0,3.17080,0.00000,0.00000,0.02130,0,-1.00000,665485306717,0.00000
780,390,0,0.47980,2.19550,0.25410,0.02600,2560000,-1.00000,665485311559,0.00000
781,390,0,3.07000,0.00000,0.00000,0.02600,0,-1.00000,665485342680,0.00000
782,391,0,0.44120,2.17230,0.31680,0.01870,2560000,-1.00000,665485347698,0.00000
783,391,0,3.04190,0.00000,0.00000,0.01550,0,-1.00000,665485379416,0.00000
784,392,0,0.42380,2.15510,0.32170,0.02080,2560000,-1.00000,665485384195,0.00000
785,392,0,3.06140,0.00000,0.00000,0.02270,0,-1.00000,665485414913,0.00000
786,393,0,1.19529,2.10240,0.22060,0.02320,2560000,-1.00000,665485419305,0.00000
787,393,0,2.96820,0.00000,0.00000,0.02060,0,-1.00000,665485449726,0.00000
788,394,0,3.47910,2.19920,0.29220,0.02460,2560000,-1.00000,665485453969,0.00000
789,394,0,3.11711,0.00000,0.00000,0.01960,0,-1.00000,665485484584,0.00000
790,395,0,0.46810,2.12470,0.23150,0.02060,2560000,-1.00000,665485496539,0.00000
791,395,0,3.07140,0.00000,0.00000,0.01910,0,-1.00000,665485526216,0.00000
792,396,0,0.46430,2.10980,0.24750,0.02750,2560000,-1.00000,665485561059,0.00000
793,396,0,3.07620,0.00000,0.00000,0.02240,0,-1.00000,665485592183,0.00000
794,397,0,0.58120,2.23830,0.25600,0.02580,2560000,-1.00000,665485596857,0.00000
795,397,0,3.12830,0.00000,0.00000,0.01970,0,-1.00000,665485627578,0.00000
796,398,0,1.02600,2.10000,0.21430,0.02620,2560000,-1.00000,665485632217,0.00000
797,398,0,2.99370,0.00000,0.00000,0.02120,0,-1.00000,665485662995,0.00000
798,399,0,1.35310,2.14040,0.25710,0.02210,2560000,-1.00000,665485668783,0.00000
799,399,0,3.07600,0.00000,0.00000,0.01740,0,-1.00000,665485700073,0.00000
800,400,0,1.06130,2.15840,0.25330,0.02180,2560000,-1.00000,665485710338,0.00000
801,400,0,3.12040,0.00000,0.00000,0.02140,0,-1.00000,665485740268,0.00000
802,401,0,1.34610,2.14270,0.23160,0.02190,2560000,-1.00000,665485753801,0.00000
803,401,0,3.03880,0.00000,0.00000,0.01750,0,-1.00000,665485784566,0.00000
804,402,0,1.19770,2.12500,0.20230,0.02100,2560000,-1.00000,665485795181,0.00000
805,402,0,2.98151,0.00000,0.00000,0.01890,0,-1.00000,665485826380,0.00000
806,403,0,4.51900,2.08160,0.23740,0.02060,2560000,-1.00000,665485839838,0.00000
807,403,0,2.97550,0.00000,0.00000,0.01940,0,-1.00000,665485870228,0.00000
808,404,0,0.51030,2.11680,0.26700,0.03680,2560000,-1.00000,665485882207,0.00000
809,404,0,3.11460,0.00000,0.00000,0.02040,0,-1.00000,665485912020,0.00000
810,405,0,0.51730,2.08370,0.22130,0.02690,2560000,-1.00000,665485957212,0.00000
811,405,0,3.04260,0.00000,0.00000,0.02050,0,-1.00000,665485986966,0.00000
812,406,0,0.51800,2.09270,0.31010,0.02230,2560000,-1.00000,665485992062,0.00000
813,406,0,3.07040,0.00000,0.00000,0.02160,0,-1.00000,665486023236,0.00000
814,407,0,0.49400,2.07220,0.27060,0.02270,2560000,-1.00000,665486028386,0.00000
815,407,0,3.00940,0.00000,0.00000,0.01910,0,-1.00000,665486058805,0.00000
816,408,0,0.98460,2.13260,0.24110,0.02510,2560000,-1.00000,665486063981,0.00000
817,408,0,3.05400,0.00000,0.00000,0.02110,0,-1.00000,665486094704,0.00000
818,409,0,1.10060,2.18200,0.21970,0.02410,2560000,-1.00000,665486099638,0.00000
819,409,0,3.06580,0.00000,0.00000,0.02100,0,-1.00000,665486129730,0.00000
820,410,0,0.44690,2.11590,0.27450,0.02060,2560000,-1.00000,665486139580,0.00000
821,410,0,3.01990,0.00000,0.00000,0.01960,0,-1.00000,665486170122,0.00000
822,411,0,0.45509,2.07720,0.23450,0.02190,2560000,-1.00000,665486181120,0.00000
823,411,0,3.05381,0.00000,0.00000,0.01950,0,-1.00000,665486211785,0.00000
824,412,0,0.85310,2.11640,0.23540,0.02710,2560000,-1.00000,665486216242,0.00000
825,412,0,3.26660,0.00000,0.00000,0.02260,0,-1.00000,665486246450,0.00000
826,413,0,1.00950,2.12230,0.31700,0.02540,2560000,-1.00000,665486250993,0.00000
827,413,0,3.16430,0.00000,0.00000,0.01980,0,-1.00000,665486281537,0.00000
828,414,0,0.44410,2.06630,0.20320,0.02250,2560000,-1.00000,665486290067,0.00000
829,414,0,2.92910,0.00000,0.00000,0.02080,0,-1.00000,665486322762,0.00000
830,415,0,0.46330,2.05290,0.23580,0.02540,2560000,-1.00000,665486332835,0.00000
831,415,0,2.99820,0.00000,0.00000,0.01990,0,-1.00000,665486364476,0.00000
832,416,0,0.70651,2.10090,0.30630,0.01980,2560000,-1.00000,665486368912,0.00000
833,416,0,3.04370,0.00000,0.00000,0.01920,0,-1.00000,665486398197,0.00000
834,417,0,1.17180,2.13560,0.30790,0.02290,2560000,-1.00000,665486402842,0.00000
835,417,0,3.08220,0.00000,0.00000,0.01940,0,-1.00000,665486432824,0.00000
836,418,0,3.52390,2.09320,0.31130,0.02250,2560000,-1.00000,665486439885,0.00000
837,418,0,3.03740,0.00000,0.00000,0.01810,0,-1.00000,665486470314,0.00000
838,419,0,1.18450,2.11900,0.24200,0.02550,2560000,-1.00000,665486482082,0.00000
839,419,0,3.02710,0.00000,0.00000,0.01910,0,-1.00000,665486512863,0.00000
840,420,0,1.30689,2.04700,0.22400,0.02320,2560000,-1.00000,665486548105,0.00000
841,420,0,2.95090,0.00000,0.00000,0.01770,0,-1.00000,665486578474,0.00000
842,421,0,1.30180,2.10050,0.21330,0.03130,2560000,-1.00000,665486590324,0.00000
843,421,0,3.09100,0.00000,0.00000,0.01890,0,-1.00000,665486620593,0.00000
844,422,0,1.19131,2.15070,0.32220,0.02460,2560000,-1.00000,665486633663,0.00000
845,422,0,3.08019,0.00000,0.00000,0.02180,0,-1.00000,665486663171,0.00000
846,423,0,1.23851,2.09990,0.26040,0.02340,2560000,-1.00000,665486676193,0.00000
847,423,0,2.99369,0.00000,0.00000,0.02000,0,-1.00000,665486707110,0.00000
848,424,0,1.35811,2.15290,0.23280,0.02460,2560000,-1.00000,665486719015,0.00000
849,424,0,3.09179,0.00000,0.00000,0.01800,0,-1.00000,665486749817,0.00000
850,425,0,1.11870,2.06820,0.29720,0.02280,2560000,-1.00000,665486762202,0.00000
851,425,0,2.98780,0.00000,0.00000,0.01860,0,-1.00000,665486792141,0.00000
852,426,0,0.44179,2.03930,0.32470,0.02220,2560000,-1.00000,665486805712,0.00000
853,426,0,2.98250,0.00000,0.00000,0.02130,0,-1.00000,665486836634,0.00000
854,427,0,0.46860,2.03550,0.31450,0.02090,2560000,-1.00000,665486847814,0.00000
855,427,0,2.91900,0.00000,0.00000,0.01990,0,-1.00000,665486877704,0.00000
856,428,0,0.93110,2.03840,0.27440,0.03870,2560000,-1.00000,665486882114,0.00000
857,428,0,3.09120,0.00000,0.00000,0.02340,0,-1.00000,665486911943,0.00000
858,429,0,1.32270,2.05630,0.30390,0.02560,2560000,-1.00000,665486916618,0.00000
859,429,0,3.07820,0.00000,0.00000,0.02050,0,-1.00000,665486945809,0.00000
860,430,0,3.27460,2.04490,0.20620,0.02600,2560000,-1.00000,665486955127,0.00000
861,430,0,2.95370,0.00000,0.00000,0.01800,0,-1.00000,665486986066,0.00000
862,431,0,1.32990,2.23000,0.22710,0.02180,2560000,-1.00000,665486999269,0.00000
863,431,0,3.07870,0.00000,0.00000,0.02090,0,-1.00000,665487030053,0.00000
864,432,0,3.36370,2.07580,0.30000,0.02340,2560000,-1.00000,665487062800,0.00000
865,432,0,3.01990,0.00000,0.00000,0.01780,0,-1.00000,665487092343,0.00000
866,433,0,1.21870,2.08900,0.23480,0.02170,2560000,-1.00000,665487105648,0.00000
867,433,0,2.98500,0.00000,0.00000,0.01950,0,-1.00000,665487136418,0.00000
868,434,0,3.49740,2.14010,0.22710,0.03300,2560000,-1.00000,665487170055,0.00000
869,434,0,3.07660,0.00000,0.00000,0.02070,0,-1.00000,665487200255,0.00000
870,435,0,1.23710,2.07300,0.21920,0.03200,2560000,-1.00000,665487212439,0.00000
871,435,0,3.18790,0.00000,0.00000,0.01890,0,-1.00000,665487242290,0.00000
872,436,0,1.00570,2.05520,0.33120,0.02310,2560000,-1.00000,665487277269,0.00000
873,436,0,3.08020,0.00000,0.00000,0.02130,0,-1.00000,665487308049,0.00000
874,437,0,1.25820,2.12180,0.26530,0.02010,2560000,-1.00000,665487320442,0.00000
875,437,0,3.09730,0.00000,0.00000,0.02200,0,-1.00000,665487352300,0.00000
876,438,0,3.26940,2.04340,0.23280,0.02590,2560000,-1.00000,665487362338,0.00000
877,438,0,2.87700,0.00000,0.00000,0.02010,0,-1.00000,665487393146,0.00000
878,439,0,1.44750,2.02780,0.22710,0.02400,2560000,-1.00000,665487405717,0.00000
879,439,0,2.91920,0.00000,0.00000,0.01740,0,-1.00000,665487436702,0.00000
880,440,0,3.49620,2.11730,0.20990,0.02460,2560000,-1.00000,665487469385,0.00000
881,440,0,3.05790,0.00000,0.00000,0.01960,0,-1.00000,665487498152,0.00000
882,441,0,3.34259,2.04590,0.20780,0.03420,2560000,-1.00000,665487512636,0.00000
883,441,0,3.07360,0.00000,0.00000,0.02130,0,-1.00000,665487541828,0.00000
884,442,0,0.45820,2.05890,0.23160,0.02540,2560000,-1.00000,665487576791,0.00000
885,442,0,3.01870,0.00000,0.00000,0.01820,0,-1.00000,665487607371,0.00000
886,443,0,0.48830,2.03920,0.21470,0.02240,2560000,-1.00000,665487640792,0.00000
887,443,0,2.92020,0.00000,0.00000,0.01870,0,-1.00000,665487671538,0.00000
888,444,0,0.81981,2.08220,0.28630,0.02450,2560000,-1.00000,665487676104,0.00000
889,444,0,3.07500,0.00000,0.00000,0.02220,0,-1.00000,665487706300,0.00000
890,445,0,1.17070,1.94160,0.23420,0.01910,2560000,-1.00000,665487711182,0.00000
891,445,0,2.84380,0.00000,0.00000,0.01770,0,-1.00000,665487740378,0.00000
892,446,0,1.46400,1.90930,0.24120,0.02060,2560000,-1.00000,665487748584,0.00000
893,446,0,2.85090,0.00000,0.00000,0.02140,0,-1.00000,665487779341,0.00000
894,447,0,1.39140,2.06790,0.28030,0.02820,2560000,-1.00000,665487791039,0.00000
895,447,0,3.11430,0.00000,0.00000,0.02280,0,-1.00000,665487819482,0.00000
896,448,0,0.53240,1.92840,0.29770,0.02550,2560000,-1.00000,665487834111,0.00000
897,448,0,3.04710,0.00000,0.00000,0.02040,0,-1.00000,665487862627,0.00000
898,449,0,0.54150,2.15740,0.29770,0.02650,2560000,-1.00000,665487876535,0.00000
899,449,0,3.32900,0.00000,0.00000,0.04960,0,-1.00000,665487907691,0.00000
900,450,0,0.61480,2.10730,0.21710,0.03220,2560000,-1.00000,665487913055,0.00000
901,450,0,3.01850,0.00000,0.00000,0.01990,0,-1.00000,665487943497,0.00000
902,451,0,0.79460,2.09360,0.32160,0.02380,2560000,-1.00000,665487948890,0.00000
903,451,0,3.07180,0.00000,0.00000,0.01980,0,-1.00000,665487982226,0.00000
904,452,0,1.21890,2.05680,0.22120,0.02390,2560000,-1.00000,665487988327,0.00000
905,452,0,2.92010,0.00000,0.00000,0.02180,0,-1.00000,665488018541,0.00000
906,453,0,1.39630,2.09080,0.32230,0.02330,2560000,-1.00000,665488026457,0.00000
907,453,0,2.93660,0.00000,0.00000,0.01870,0,-1.00000,665488057182,0.00000
908,454,0,1.33760,2.06440,0.28840,0.02530,2560000,-1.00000,665488069365,0.00000
909,454,0,3.01490,0.00000,0.00000,0.01860,0,-1.00000,665488098577,0.00000
910,455,0,1.37040,2.08290,0.21890,0.01960,2560000,-1.00000,665488112531,0.00000
911,455,0,2.93099,0.00000,0.00000,0.02380,0,-1.00000,665488141898,0.00000
912,456,0,1.19760,2.07840,0.22950,0.02340,2560000,-1.00000,665488155269,0.00000
913,456,0,2.91790,0.00000,0.00000,0.02180,0,-1.00000,665488185423,0.00000
914,457,0,1.52890,2.09480,0.28790,0.02630,2560000,-1.00000,665488199132,0.00000
915,457,0,3.17500,0.00000,0.00000,0.02080,0,-1.00000,665488228445,0.00000
916,458,0,0.99310,2.04420,0.21740,0.02400,2560000,-1.00000,665488240416,0.00000
917,458,0,2.91910,0.00000,0.00000,0.02160,0,-1.00000,665488269594,0.00000
918,459,0,1.30420,2.07030,0.20760,0.02440,2560000,-1.00000,665488284880,0.00000
919,459,0,2.95779,0.00000,0.00000,0.01800,0,-1.00000,665488316641,0.00000
920,460,0,1.25150,2.06550,0.31600,0.02370,2560000,-1.00000,665488326564,0.00000
921,460,0,2.93500,0.00000,0.00000,0.02300,0,-1.00000,665488355752,0.00000
922,461,0,0.42960,2.12810,0.23700,0.02180,2560000,-1.00000,665488368793,0.00000
923,461,0,2.97030,0.00000,0.00000,0.01700,0,-1.00000,665488398382,0.00000
924,462,0,0.36900,2.02000,0.23300,0.02460,2560000,-1.00000,665488410884,0.00000
925,462,0,2.98010,0.00000,0.00000,0.02250,0,-1.00000,665488440244,0.00000
926,463,0,0.47700,2.09780,0.22430,0.02390,2560000,-1.00000,665488444533,0.00000
927,463,0,3.01820,0.00000,0.00000,0.03280,0,-1.00000,665488474238,0.00000
928,464,0,0.41830,2.09740,0.22970,0.02380,2560000,-1.00000,665488477925,0.00000
929,464,0,3.02200,0.00000,0.00000,0.02010,0,-1.00000,665488507729,0.00000
930,465,0,0.57230,2.07470,0.21660,0.02310,2560000,-1.00000,665488512496,0.00000
931,465,0,2.97530,0.00000,0.00000,0.02050,0,-1.00000,665488542690,0.00000
932,466,0,0.40950,2.04790,0.24920,0.02080,2560000,-1.00000,665488546855,0.00000
933,466,0,2.92510,0.00000,0.00000,0.01710,0,-1.00000,665488577092,0.00000
934,467,0,0.96140,2.01790,0.23860,0.08760,2560000,-1.00000,665488582806,0.00000
935,467,0,3.14780,0.00000,0.00000,0.02100,0,-1.00000,665488612569,0.00000
936,468,0,0.48630,2.03140,0.21610,0.02490,2560000,-1.00000,665488616650,0.00000
937,468,0,2.92980,0.00000,0.00000,0.02020,0,-1.00000,665488645901,0.00000
938,469,0,3.21160,2.04740,0.22610,0.02320,2560000,-1.00000,665488655516,0.00000
939,469,0,2.90060,0.00000,0.00000,0.02200,0,-1.00000,665488687024,0.00000
940,470,0,0.45070,2.03250,0.23090,0.02290,2560000,-1.00000,665488691868,0.00000
941,470,0,2.94690,0.00000,0.00000,0.01970,0,-1.00000,665488721164,0.00000
942,471,0,0.50000,2.05540,0.24850,0.02430,2560000,-1.00000,665488753276,0.00000
943,471,0,2.96140,0.00000,0.00000,0.02030,0,-1.00000,665488782286,0.00000
944,472,0,0.44930,2.10780,0.23090,0.02270,2560000,-1.00000,665488786786,0.00000
945,472,0,3.00070,0.00000,0.00000,0.01860,0,-1.00000,665488816260,0.00000
946,473,0,0.41170,2.08620,0.27100,0.02740,2560000,-1.00000,665488821257,0.00000
947,473,0,3.00350,0.00000,0.00000,0.02270,0,-1.00000,665488850872,0.00000
948,474,0,0.42380,2.07680,0.31070,0.02120,2560000,-1.00000,665488855365,0.00000
949,474,0,2.96310,0.00000,0.00000,0.01840,0,-1.00000,665488885372,0.00000
950,475,0,0.39930,2.08210,0.30800,0.03570,2560000,-1.00000,665488889484,0.00000
951,475,0,3.20731,0.00000,0.00000,0.02370,0,-1.00000,665488919525,0.00000
952,476,0,0.55420,2.04650,0.21370,0.02310,2560000,-1.00000,665488923757,0.00000
953,476,0,2.91570,0.00000,0.00000,0.02040,0,-1.00000,665488953397,0.00000
954,477,0,0.81990,2.02520,0.22800,0.02460,2560000,-1.00000,665488957376,0.00000
955,477,0,2.83760,0.00000,0.00000,0.02020,0,-1.00000,665488989485,0.00000
956,478,0,3.56920,2.02430,0.23070,0.02570,2560000,-1.00000,665488995007,0.00000
957,478,0,2.87700,0.00000,0.00000,0.01720,0,-1.00000,665489024165,0.00000
958,479,0,3.51720,2.07620,0.20310,0.02910,2560000,-1.00000,665489032354,0.00000
959,479,0,3.06330,0.00000,0.00000,0.01970,0,-1.00000,665489060728,0.00000
960,480,0,0.53540,2.14510,0.24750,0.02260,2560000,-1.00000,665489096425,0.00000
961,480,0,2.95210,0.00000,0.00000,0.01980,0,-1.00000,665489125198,0.00000
962,481,0,0.46580,2.06310,0.33960,0.02180,2560000,-1.00000,665489160367,0.00000
963,481,0,3.00310,0.00000,0.00000,0.01820,0,-1.00000,665489191009,0.00000
964,482,0,0.62040,2.15810,0.24010,0.02370,2560000,-1.00000,665489196350,0.00000
965,482,0,3.20550,0.00000,0.00000,0.02470,0,-1.00000,665489225872,0.00000
966,483,0,1.13620,2.09290,0.24310,0.03500,2560000,-1.00000,665489230525,0.00000
967,483,0,3.09560,0.00000,0.00000,0.02410,0,-1.00000,665489260558,0.00000
968,484,0,1.16710,2.05640,0.21800,0.02960,2560000,-1.00000,665489266769,0.00000
969,484,0,2.94980,0.00000,0.00000,0.02010,0,-1.00000,665489298844,0.00000
970,485,0,3.45300,2.06500,0.22060,0.02170,2560000,-1.00000,665489310189,0.00000
971,485,0,2.81930,0.00000,0.00000,0.01830,0,-1.00000,665489341169,0.00000
972,486,0,0.53020,2.04400,0.29550,0.02710,2560000,-1.00000,665489352814,0.00000
973,486,0,2.98060,0.00000,0.00000,0.02350,0,-1.00000,665489382313,0.00000
974,487,0,0.52500,2.14810,0.27800,0.02490,2560000,-1.00000,665489416839,0.00000
975,487,0,3.00790,0.00000,0.00000,0.02230,0,-1.00000,665489445033,0.00000
976,488,0,2.94480,2.03290,0.21280,0.02410,2560000,-1.00000,665489450773,0.00000
977,488,0,2.79130,0.00000,0.00000,0.01960,0,-1.00000,665489480156,0.00000
978,489,0,3.55690,2.69800,0.28520,0.04780,2560000,-1.00000,665489485387,0.00000
979,489,0,3.76990,0.00000,0.00000,0.02600,0,-1.00000,665489515472,0.00000
980,490,0,0.57650,1.99490,0.22520,0.04230,2560000,-1.00000,665489544915,0.00000
981,490,0,3.01890,0.00000,0.00000,0.02040,0,-1.00000,665489572837,0.00000
982,491,0,0.52640,2.66480,0.22390,0.02960,2560000,-1.00000,665489608398,0.00000
983,491,0,3.63630,0.00000,0.00000,0.02000,0,-1.00000,665489646151,0.00000
984,492,0,0.46020,2.12950,0.23430,0.02430,2560000,-1.00000,665489651871,0.00000
985,492,0,3.11170,0.00000,0.00000,0.05570,0,-1.00000,665489682083,0.00000
986,493,0,0.63030,2.30010,0.22830,0.04060,2560000,-1.00000,665489687314,0.00000
987,493,0,3.39130,0.00000,0.00000,0.06460,0,-1.00000,665489723686,0.00000
988,494,0,0.62210,2.15770,0.23730,0.04110,2560000,-1.00000,665489728278,0.00000
989,494,0,3.23090,0.00000,0.00000,0.02300,0,-1.00000,665489759421,0.00000
990,495,0,0.55820,2.11530,0.25730,0.02760,2560000,-1.00000,665489765705,0.00000
991,495,0,2.93970,0.00000,0.00000,0.01980,0,-1.00000,665489799642,0.00000
992,496,0,1.33330,2.09620,0.33890,0.02520,2560000,-1.00000,665489805835,0.00000
993,496,0,3.01730,0.00000,0.00000,0.02210,0,-1.00000,665489838169,0.00000
994,497,0,1.24880,2.12390,0.22670,0.02780,2560000,-1.00000,665489843730,0.00000
995,497,0,3.01600,0.00000,0.00000,0.02390,0,-1.00000,665489873126,0.00000
996,498,0,1.24481,2.16000,0.22930,0.02540,2560000,-1.00000,665489886459,0.00000
997,498,0,2.96810,0.00000,0.00000,0.02200,0,-1.00000,665489916633,0.00000
998,499,0,1.36660,2.07780,0.22440,0.03070,2560000,-1.00000,665489929116,0.00000
999,499,0,2.94850,0.00000,0.00000,0.02330,0,-1.00000,665489959280,0.00000
1000,500,0,1.29600,2.14630,0.22450,0.03060,2560000,-1.00000,665489971728,0.00000
1001,500,0,2.94210,0.00000,0.00000,0.02070,0,-1.00000,665490001417,0.00000
1002,501,0,1.36550,2.05720,0.23490,0.02760,2560000,-1.00000,665490015071,0.00000
1003,501,0,2.81670,0.00000,0.00000,0.01880,0,-1.00000,665490044570,0.00000
1004,502,0,2.19831,2.10150,0.29570,0.02340,2560000,-1.00000,665490057521,0.00000
1005,502,0,2.94709,0.00000,0.00000,0.02210,0,-1.00000,665490086949,0.00000
1006,503,0,0.50420,2.05640,0.22760,0.02340,2560000,-1.00000,665490100594,0.00000
1007,503,0,2.78600,0.00000,0.00000,0.02210,0,-1.00000,665490128761,0.00000
1008,504,0,1.57740,2.06910,0.22080,0.04130,2560000,-1.00000,665490150747,0.00000
1009,504,0,2.85210,0.00000,0.00000,0.02210,0,-1.00000,665490180220,0.00000
1010,505,0,1.36570,2.18610,0.22670,0.02470,2560000,-1.00000,665490185256,0.00000
1011,505,0,2.95750,0.00000,0.00000,0.02060,0,-1.00000,665490213229,0.00000
1012,506,0,1.31030,2.11490,0.30940,0.03110,2560000,-1.00000,665490228937,0.00000
1013,506,0,3.06570,0.00000,0.00000,0.02220,0,-1.00000,665490257419,0.00000
1014,507,0,1.21640,2.04110,0.43000,0.02690,2560000,-1.00000,665490271069,0.00000
1015,507,0,3.17250,0.00000,0.00000,0.01940,0,-1.00000,665490300648,0.00000
1016,508,0,3.22030,1.99440,0.34050,0.02300,2560000,-1.00000,665490313750,0.00000
1017,508,0,2.87610,0.00000,0.00000,0.01890,0,-1.00000,665490344415,0.00000
1018,509,0,1.39980,2.06800,0.25160,0.02310,2560000,-1.00000,665490356565,0.00000
1019,509,0,2.84360,0.00000,0.00000,0.01870,0,-1.00000,665490388304,0.00000
1020,510,0,0.39790,1.93830,0.23010,0.01870,2560000,-1.00000,665490420495,0.00000
1021,510,0,2.65960,0.00000,0.00000,0.01690,0,-1.00000,665490449258,0.00000
1022,511,0,0.53110,2.01310,0.25140,0.02280,2560000,-1.00000,665490463250,0.00000
1023,511,0,2.80280,0.00000,0.00000,0.02160,0,-1.00000,665490491692,0.00000
1024,512,0,1.49390,2.00350,0.22170,0.02230,2560000,-1.00000,665490495661,0.00000
1025,512,0,2.78370,0.00000,0.00000,0.01860,0,-1.00000,665490522259,0.00000
1026,513,0,1.48200,2.13840,0.24620,0.02140,2560000,-1.00000,665490527573,0.00000
1027,513,0,2.93650,0.00000,0.00000,0.01740,0,-1.00000,665490555612,0.00000
1028,514,0,1.33850,2.02440,0.26020,0.03000,2560000,-1.00000,665490570541,0.00000
1029,514,0,2.94640,0.00000,0.00000,0.02240,0,-1.00000,665490598382,0.00000
1030,515,0,1.49920,2.15810,0.27610,0.03210,2560000,-1.00000,665490613198,0.00000
1031,515,0,3.07490,0.00000,0.00000,0.01830,0,-1.00000,665490642566,0.00000
1032,516,0,3.06740,2.11690,0.23750,0.02480,2560000,-1.00000,665490655948,0.00000
1033,516,0,2.98160,0.00000,0.00000,0.01980,0,-1.00000,665490685423,0.00000
1034,517,0,0.37340,2.18770,0.23560,0.02060,2560000,-1.00000,665490700413,0.00000
1035,517,0,2.91830,0.00000,0.00000,0.02150,0,-1.00000,665490731160,0.00000
1036,518,0,0.39270,2.07120,0.22370,0.02080,2560000,-1.00000,665490761828,0.00000
1037,518,0,2.78590,0.00000,0.00000,0.01840,0,-1.00000,665490791648,0.00000
1038,519,0,1.36750,2.00170,0.31100,0.02070,2560000,-1.00000,665490795383,0.00000
1039,519,0,2.83620,0.00000,0.00000,0.01790,0,-1.00000,665490824564,0.00000
1040,520,0,0.38650,2.01380,0.32530,0.02390,2560000,-1.00000,665490828485,0.00000
1041,520,0,2.88010,0.00000,0.00000,0.01990,0,-1.00000,665490856396,0.00000
1042,521,0,0.36130,2.13440,0.23860,0.01920,2560000,-1.00000,665490870028,0.00000
1043,521,0,2.88000,0.00000,0.00000,0.01790,0,-1.00000,665490898382,0.00000
1044,522,0,1.33970,2.26320,0.19470,0.03380,2560000,-1.00000,665490902244,0.00000
1045,522,0,3.20470,0.00000,0.00000,0.02310,0,-1.00000,665490931050,0.00000
1046,523,0,3.21050,2.00520,0.22430,0.02470,2560000,-1.00000,665490934657,0.00000
1047,523,0,2.72920,0.00000,0.00000,0.02590,0,-1.00000,665490963461,0.00000
1048,524,0,0.40370,2.11200,0.32670,0.02260,2560000,-1.00000,665490976865,0.00000
1049,524,0,2.97320,0.00000,0.00000,0.02090,0,-1.00000,665491008914,0.00000
1050,525,0,0.40570,1.99240,0.21570,0.02130,2560000,-1.00000,665491041013,0.00000
1051,525,0,2.78780,0.00000,0.00000,0.01930,0,-1.00000,665491068311,0.00000
1052,526,0,1.44590,2.04790,0.28130,0.02200,2560000,-1.00000,665491072339,0.00000
1053,526,0,2.87950,0.00000,0.00000,0.01630,0,-1.00000,665491102082,0.00000
1054,527,0,5.47160,2.01600,0.23550,0.02560,2560000,-1.00000,665491106132,0.00000
1055,527,0,2.79920,0.00000,0.00000,0.02020,0,-1.00000,665491134009,0.00000
1056,528,0,0.40010,2.16120,0.20890,0.02450,2560000,-1.00000,665491148466,0.00000
1057,528,0,2.88990,0.00000,0.00000,0.01830,0,-1.00000,665491177268,0.00000
1058,529,0,0.39630,1.96680,0.23670,0.02040,2560000,-1.00000,665491231979,0.00000
1059,529,0,2.84800,0.00000,0.00000,0.02320,0,-1.00000,665491259970,0.00000
1060,530,0,0.42290,2.12860,0.26230,0.03550,2560000,-1.00000,665491263962,0.00000
1061,530,0,3.03540,0.00000,0.00000,0.01920,0,-1.00000,665491292912,0.00000
1062,531,0,0.42920,2.13330,0.18610,0.02250,2560000,-1.00000,665491297254,0.00000
1063,531,0,2.82200,0.00000,0.00000,0.01820,0,-1.00000,665491325318,0.00000
1064,532,0,1.18640,2.12050,0.22770,0.03470,2560000,-1.00000,665491329536,0.00000
1065,532,0,2.94760,0.00000,0.00000,0.02520,0,-1.00000,665491359921,0.00000
1066,533,0,1.25420,2.18280,0.19920,0.02370,2560000,-1.00000,665491364185,0.00000
1067,533,0,2.92300,0.00000,0.00000,0.01950,0,-1.00000,665491392411,0.00000
1068,534,0,3.52530,2.15640,0.30250,0.02590,2560000,-1.00000,665491404271,0.00000
1069,534,0,2.95970,0.00000,0.00000,0.02110,0,-1.00000,665491433769,0.00000
1070,535,0,1.31510,2.09900,0.27130,0.02440,2560000,-1.00000,665491446291,0.00000
1071,535,0,2.84730,0.00000,0.00000,0.02190,0,-1.00000,665491475575,0.00000
1072,536,0,3.53570,2.06100,0.26330,0.02840,2560000,-1.00000,665491510772,0.00000
1073,536,0,3.04090,0.00000,0.00000,0.05450,0,-1.00000,665491540371,0.00000
1074,537,0,1.20820,2.02580,0.21330,0.02510,2560000,-1.00000,665491553520,0.00000
1075,537,0,2.85120,0.00000,0.00000,0.02180,0,-1.00000,665491582000,0.00000
1076,538,0,1.45930,2.01960,0.23530,0.02180,2560000,-1.00000,665491617345,0.00000
1077,538,0,2.77880,0.00000,0.00000,0.01980,0,-1.00000,665491647778,0.00000
1078,539,0,1.34400,1.99380,0.23270,0.02180,2560000,-1.00000,665491659855,0.00000
1079,539,0,2.77190,0.00000,0.00000,0.02030,0,-1.00000,665491688356,0.00000
1080,540,0,0.37380,2.00860,0.31320,0.02380,2560000,-1.00000,665491702946,0.00000
1081,540,0,2.87590,0.00000,0.00000,0.02230,0,-1.00000,665491730739,0.00000
1082,541,0,0.54550,2.04750,0.23010,0.02340,2560000,-1.00000,665491744170,0.00000
1083,541,0,2.83870,0.00000,0.00000,0.02160,0,-1.00000,665491771892,0.00000
1084,542,0,1.47630,2.03690,0.36690,0.02080,2560000,-1.00000,665491775627,0.00000
1085,542,0,2.98770,0.00000,0.00000,0.02060,0,-1.00000,665491804394,0.00000
1086,543,0,1.25540,2.07630,0.27100,0.02350,2560000,-1.00000,665491809840,0.00000
1087,543,0,2.85700,0.00000,0.00000,0.01960,0,-1.00000,665491838233,0.00000
1088,544,0,1.40670,2.07920,0.21420,0.02380,2560000,-1.00000,665491852995,0.00000
1089,544,0,2.85370,0.00000,0.00000,0.01810,0,-1.00000,665491882881,0.00000
1090,545,0,1.37700,2.05220,0.27710,0.02420,2560000,-1.00000,665491895429,0.00000
1091,545,0,2.96970,0.00000,0.00000,0.02250,0,-1.00000,665491923998,0.00000
1092,546,0,1.32610,1.99730,0.22640,0.02940,2560000,-1.00000,665491938065,0.00000
1093,546,0,2.81520,0.00000,0.00000,0.02220,0,-1.00000,665491966609,0.00000
1094,547,0,1.48420,2.07390,0.23700,0.02110,2560000,-1.00000,665491980368,0.00000
1095,547,0,2.86900,0.00000,0.00000,0.02090,0,-1.00000,665492010085,0.00000
1096,548,0,1.40180,2.06470,0.27820,0.02140,2560000,-1.00000,665492023337,0.00000
1097,548,0,2.87960,0.00000,0.00000,0.02060,0,-1.00000,665492051486,0.00000
1098,549,0,3.52560,2.02650,0.24660,0.02380,2560000,-1.00000,665492066323,0.00000
1099,549,0,2.78480,0.00000,0.00000,0.01790,0,-1.00000,665492095018,0.00000
1100,550,0,0.32029,1.99980,0.21310,0.01800,2560000,-1.00000,665492109035,0.00000
1101,550,0,2.64730,0.00000,0.00000,0.01550,0,-1.00000,665492137838,0.00000
1102,551,0,1.80230,2.20780,0.23390,0.02310,2560000,-1.00000,665492173088,0.00000
1103,551,0,2.98520,0.00000,0.00000,0.02170,0,-1.00000,665492200938,0.00000
1104,552,0,0.36801,2.02160,0.25250,0.02370,2560000,-1.00000,665492204132,0.00000
1105,552,0,2.81290,0.00000,0.00000,0.02170,0,-1.00000,665492230607,0.00000
1106,553,0,1.37300,2.11970,0.21670,0.02500,2560000,-1.00000,665492248630,0.00000
1107,553,0,2.88330,0.00000,0.00000,0.02260,0,-1.00000,665492278485,0.00000
1108,554,0,3.40480,2.07440,0.29520,0.02300,2560000,-1.00000,665492282165,0.00000
1109,554,0,2.82530,0.00000,0.00000,0.02100,0,-1.00000,665492310317,0.00000
1110,555,0,3.70050,2.03290,0.25620,0.02310,2560000,-1.00000,665492324021,0.00000
1111,555,0,2.76310,0.00000,0.00000,0.01690,0,-1.00000,665492352862,0.00000
1112,556,0,0.45920,1.95040,0.23160,0.02120,2560000,-1.00000,665492386903,0.00000
1113,556,0,2.76240,0.00000,0.00000,0.01710,0,-1.00000,665492415158,0.00000
1114,557,0,0.39280,2.05470,0.22730,0.02240,2560000,-1.00000,665492452160,0.00000
1115,557,0,3.26160,0.00000,0.00000,0.01770,0,-1.00000,665492479789,0.00000
1116,558,0,0.98430,2.08000,0.21310,0.01830,2560000,-1.00000,665492484378,0.00000
1117,558,0,2.78000,0.00000,0.00000,0.01810,0,-1.00000,665492512012,0.00000
1118,559,0,1.61370,2.09220,0.23420,0.02400,2560000,-1.00000,665492515928,0.00000
1119,559,0,2.98819,0.00000,0.00000,0.01860,0,-1.00000,665492548557,0.00000
1120,560,0,3.44760,2.00520,0.25090,0.03530,2560000,-1.00000,665492558390,0.00000
1121,560,0,2.92810,0.00000,0.00000,0.02380,0,-1.00000,665492586193,0.00000
1122,561,0,1.36660,1.93070,0.24910,0.02260,2560000,-1.00000,665492602334,0.00000
1123,561,0,2.72660,0.00000,0.00000,0.01850,0,-1.00000,665492632217,0.00000
1124,562,0,1.54560,2.12890,0.21180,0.02500,2560000,-1.00000,665492666690,0.00000
1125,562,0,2.92350,0.00000,0.00000,0.01920,0,-1.00000,665492695997,0.00000
1126,563,0,1.33590,2.15640,0.21280,0.04030,2560000,-1.00000,665492709633,0.00000
1127,563,0,3.15680,0.00000,0.00000,0.02660,0,-1.00000,665492736905,0.00000
1128,564,0,2.25360,2.02390,0.19470,0.03270,2560000,-1.00000,665492752362,0.00000
1129,564,0,2.95520,0.00000,0.00000,0.01980,0,-1.00000,665492781600,0.00000
1130,565,0,0.40959,1.93110,0.21800,0.02160,2560000,-1.00000,665492794952,0.00000
1131,565,0,2.86780,0.00000,0.00000,0.02230,0,-1.00000,665492826553,0.00000
1132,566,0,0.42160,2.10600,0.21080,0.01910,2560000,-1.00000,665492849067,0.00000
1133,566,0,2.87331,0.00000,0.00000,0.02070,0,-1.00000,665492878632,0.00000
1134,567,0,0.37669,2.15050,0.23870,0.02270,2560000,-1.00000,665492882701,0.00000
1135,567,0,3.12961,0.00000,0.00000,0.02010,0,-1.00000,665492911391,0.00000
1136,568,0,0.41570,2.22710,0.21890,0.02660,2560000,-1.00000,665492915593,0.00000
1137,568,0,3.04920,0.00000,0.00000,0.01910,0,-1.00000,665492944329,0.00000
1138,569,0,0.40210,1.95380,0.19650,0.02100,2560000,-1.00000,665492948092,0.00000
1139,569,0,2.67220,0.00000,0.00000,0.01520,0,-1.00000,665492979407,0.00000
1140,570,0,3.08860,1.97180,0.27550,0.02270,2560000,-1.00000,665492983552,0.00000
1141,570,0,2.81900,0.00000,0.00000,0.01880,0,-1.00000,665493014057,0.00000
1142,571,0,4.44490,2.05930,0.23460,0.02390,2560000,-1.00000,665493018059,0.00000
1143,571,0,2.83090,0.00000,0.00000,0.02030,0,-1.00000,665493044785,0.00000
1144,572,0,0.38000,2.23400,0.19430,0.02030,2560000,-1.00000,665493075675,0.00000
1145,572,0,3.02900,0.00000,0.00000,0.01760,0,-1.00000,665493103871,0.00000
1146,573,0,0.39680,2.14000,0.22520,0.02330,2560000,-1.00000,665493148309,0.00000
1147,573,0,2.86150,0.00000,0.00000,0.01870,0,-1.00000,665493176625,0.00000
1148,574,0,0.37150,2.12520,0.24330,0.02300,2560000,-1.00000,665493180415,0.00000
1149,574,0,2.92190,0.00000,0.00000,0.01870,0,-1.00000,665493210709,0.00000
1150,575,0,3.44290,2.15440,0.25460,0.02570,2560000,-1.00000,665493214673,0.00000
1151,575,0,2.94720,0.00000,0.00000,0.02330,0,-1.00000,665493243297,0.00000
1152,576,0,0.42510,1.99150,0.21520,0.02540,2560000,-1.00000,665493247003,0.00000
1153,576,0,2.80780,0.00000,0.00000,0.02170,0,-1.00000,665493276234,0.00000
1154,577,0,0.46610,2.04790,0.20530,0.02710,2560000,-1.00000,665493310653,0.00000
1155,577,0,2.95900,0.00000,0.00000,0.02130,0,-1.00000,665493340144,0.00000
1156,578,0,4.17240,1.99170,0.23400,0.02270,2560000,-1.00000,665493344378,0.00000
1157,578,0,2.74040,0.00000,0.00000,0.01990,0,-1.00000,665493372465,0.00000
1158,579,0,0.61010,1.96890,0.24660,0.02040,2560000,-1.00000,665493377120,0.00000
1159,579,0,2.69150,0.00000,0.00000,0.01830,0,-1.00000,665493406721,0.00000
1160,580,0,3.73550,1.97590,0.21340,0.02580,2560000,-1.00000,665493448429,0.00000
1161,580,0,2.77520,0.00000,0.00000,0.01900,0,-1.00000,665493475840,0.00000
1162,581,0,1.40680,2.14680,0.23890,0.02010,2560000,-1.00000,665493481935,0.00000
1163,581,0,2.89650,0.00000,0.00000,0.01970,0,-1.00000,665493508852,0.00000
1164,582,0,1.54230,2.32310,0.24750,0.04150,2560000,-1.00000,665493546213,0.00000
1165,582,0,3.46150,0.00000,0.00000,0.01960,0,-1.00000,665493573962,0.00000
1166,583,0,3.02150,2.18080,0.21760,0.02670,2560000,-1.00000,665493588023,0.00000
1167,583,0,3.03950,0.00000,0.00000,0.02290,0,-1.00000,665493616988,0.00000
1168,584,0,0.42780,2.12130,0.26510,0.02480,2560000,-1.00000,665493632410,0.00000
1169,584,0,3.00440,0.00000,0.00000,0.01990,0,-1.00000,665493667074,0.00000
1170,585,0,0.38310,2.04150,0.22080,0.02340,2560000,-1.00000,665493697254,0.00000
1171,585,0,2.81080,0.00000,0.00000,0.01970,0,-1.00000,665493727655,0.00000
1172,586,0,0.38501,2.15610,0.21450,0.02440,2560000,-1.00000,665493731917,0.00000
1173,586,0,2.90130,0.00000,0.00000,0.02040,0,-1.00000,665493761973,0.00000
1174,587,0,0.34880,2.27110,0.22800,0.02600,2560000,-1.00000,665493765790,0.00000
1175,587,0,3.06139,0.00000,0.00000,0.01730,0,-1.00000,665493793909,0.00000
1176,588,0,0.72601,2.12330,0.23290,0.02180,2560000,-1.00000,665493797744,0.00000
1177,588,0,2.83880,0.00000,0.00000,0.01770,0,-1.00000,665493826776,0.00000
1178,589,0,1.47450,2.12320,0.25600,0.02560,2560000,-1.00000,665493830249,0.00000
1179,589,0,2.89021,0.00000,0.00000,0.02150,0,-1.00000,665493860878,0.00000
1180,590,0,1.44480,2.12340,0.21630,0.02110,2560000,-1.00000,665493868121,0.00000
1181,590,0,2.84760,0.00000,0.00000,0.02010,0,-1.00000,665493896515,0.00000
1182,591,0,0.47080,2.21120,0.23850,0.03370,2560000,-1.00000,665493911253,0.00000
1183,591,0,3.24610,0.00000,0.00000,0.02140,0,-1.00000,665493940170,0.00000
1184,592,0,0.49410,2.15530,0.21080,0.02480,2560000,-1.00000,665493954606,0.00000
1185,592,0,2.88140,0.00000,0.00000,0.01750,0,-1.00000,665493983092,0.00000
1186,593,0,0.77570,2.14850,0.20110,0.02070,2560000,-1.00000,665493987789,0.00000
1187,593,0,2.84440,0.00000,0.00000,0.01690,0,-1.00000,665494020284,0.00000
1188,594,0,3.61630,2.26670,0.26290,0.02610,2560000,-1.00000,665494025195,0.00000
1189,594,0,3.00820,0.00000,0.00000,0.02480,0,-1.00000,665494054009,0.00000
1190,595,0,1.26361,2.20340,0.25440,0.03120,2560000,-1.00000,665494061763,0.00000
1191,595,0,3.13480,0.00000,0.00000,0.01810,0,-1.00000,665494090205,0.00000
1192,596,0,1.13900,2.46410,0.25800,0.03340,2560000,-1.00000,665494126377,0.00000
1193,596,0,3.37660,0.00000,0.00000,0.02410,0,-1.00000,665494156461,0.00000
1194,597,0,3.09760,2.39550,0.24540,0.03760,2560000,-1.00000,665494169089,0.00000
1195,597,0,3.35570,0.00000,0.00000,0.02880,0,-1.00000,665494200459,0.00000
1196,598,0,0.46560,2.22120,0.35510,0.04220,2560000,-1.00000,665494211836,0.00000
1197,598,0,3.47470,0.00000,0.00000,0.02150,0,-1.00000,665494245613,0.00000
1198,599,0,0.68760,2.34000,0.30030,0.03880,2560000,-1.00000,665494276590,0.00000
1199,599,0,3.46220,0.00000,0.00000,0.02450,0,-1.00000,665494310146,0.00000
1200,600,0,0.40650,2.25520,0.24330,0.02510,2560000,-1.00000,665494314782,0.00000
1201,600,0,2.96640,0.00000,0.00000,0.01800,0,-1.00000,665494349566,0.00000
1202,601,0,0.31670,2.31630,0.26220,0.03660,2560000,-1.00000,665494356546,0.00000
1203,601,0,3.10510,0.00000,0.00000,0.02210,0,-1.00000,665494391057,0.00000
1204,602,0,0.36370,2.23810,0.21320,0.02730,2560000,-1.00000,665494395096,0.00000
1205,602,0,2.98710,0.00000,0.00000,0.01710,0,-1.00000,665494424753,0.00000
1206,603,0,0.31650,2.27490,0.28710,0.01850,2560000,-1.00000,665494427921,0.00000
1207,603,0,3.02180,0.00000,0.00000,0.02140,0,-1.00000,665494458983,0.00000
1208,604,0,0.85550,2.19450,0.28200,0.02140,2560000,-1.00000,665494462613,0.00000
1209,604,0,2.93920,0.00000,0.00000,0.01810,0,-1.00000,665494492491,0.00000
1210,605,0,1.33790,2.24390,0.34470,0.02530,2560000,-1.00000,665494495644,0.00000
1211,605,0,3.22750,0.00000,0.00000,0.01840,0,-1.00000,665494525870,0.00000
1212,606,0,4.27450,2.51620,0.28830,0.03900,2560000,-1.00000,665494534427,0.00000
1213,606,0,3.44530,0.00000,0.00000,0.02190,0,-1.00000,665494563817,0.00000
1214,607,0,0.52280,2.36040,0.33070,0.02370,2560000,-1.00000,665494577191,0.00000
1215,607,0,3.32050,0.00000,0.00000,0.02180,0,-1.00000,665494609473,0.00000
1216,608,0,0.39619,2.20890,0.39200,0.02610,2560000,-1.00000,665494652211,0.00000
1217,608,0,3.16290,0.00000,0.00000,0.02390,0,-1.00000,665494686698,0.00000
1218,609,0,0.40750,2.35220,0.29090,0.02890,2560000,-1.00000,665494691894,0.00000
1219,609,0,3.23700,0.00000,0.00000,0.01910,0,-1.00000,665494725103,0.00000
1220,610,0,0.38480,2.25970,0.30430,0.02360,2560000,-1.00000,665494729058,0.00000
1221,610,0,3.17029,0.00000,0.00000,0.01980,0,-1.00000,665494760700,0.00000
1222,611,0,0.37030,2.38650,0.24680,0.02340,2560000,-1.00000,665494764766,0.00000
1223,611,0,3.21130,0.00000,0.00000,0.01980,0,-1.00000,665494797149,0.00000
1224,612,0,0.96070,2.32640,0.28710,0.02560,2560000,-1.00000,665494800981,0.00000
1225,612,0,3.27070,0.00000,0.00000,0.01850,0,-1.00000,665494832690,0.00000
1226,613,0,1.01940,2.22090,0.21890,0.02220,2560000,-1.00000,665494836381,0.00000
1227,613,0,2.97430,0.00000,0.00000,0.01770,0,-1.00000,665494868506,0.00000
1228,614,0,1.25550,2.35810,0.26610,0.04960,2560000,-1.00000,665494878109,0.00000
1229,614,0,3.35210,0.00000,0.00000,0.01810,0,-1.00000,665494910823,0.00000
1230,615,0,1.05360,2.30000,0.26310,0.01970,2560000,-1.00000,665494921014,0.00000
1231,615,0,3.10490,0.00000,0.00000,0.02100,0,-1.00000,665494950755,0.00000
1232,616,0,1.13910,2.41480,0.23770,0.02090,2560000,-1.00000,665494963306,0.00000
1233,616,0,3.18900,0.00000,0.00000,0.01840,0,-1.00000,665494996852,0.00000
1234,617,0,3.28560,2.42170,0.22300,0.02370,2560000,-1.00000,665495007365,0.00000
1235,617,0,3.17230,0.00000,0.00000,0.02030,0,-1.00000,665495038425,0.00000
1236,618,0,0.46100,2.41570,0.27820,0.04470,2560000,-1.00000,665495049805,0.00000
1237,618,0,3.33321,0.00000,0.00000,0.02380,0,-1.00000,665495081698,0.00000
1238,619,0,0.56170,2.40830,0.28270,0.05270,2560000,-1.00000,665495114556,0.00000
1239,619,0,3.57760,0.00000,0.00000,0.02130,0,-1.00000,665495146276,0.00000
1240,620,0,0.44889,2.24390,0.22340,0.02010,2560000,-1.00000,665495150876,0.00000
1241,620,0,2.96570,0.00000,0.00000,0.01710,0,-1.00000,665495184241,0.00000
1242,621,0,0.50900,2.38450,0.20040,0.02680,2560000,-1.00000,665495189834,0.00000
1243,621,0,3.16470,0.00000,0.00000,0.02410,0,-1.00000,665495225653,0.00000
1244,622,0,1.12170,2.20880,0.22600,0.02640,2560000,-1.00000,665495230097,0.00000
1245,622,0,2.98590,0.00000,0.00000,0.02310,0,-1.00000,665495259753,0.00000
1246,623,0,1.26780,2.45970,0.23820,0.03170,2560000,-1.00000,665495264848,0.00000
1247,623,0,3.47540,0.00000,0.00000,0.02060,0,-1.00000,665495296511,0.00000
1248,624,0,0.98010,2.32340,0.23630,0.03440,2560000,-1.00000,665495307710,0.00000
1249,624,0,3.23590,0.00000,0.00000,0.02360,0,-1.00000,665495337576,0.00000
1250,625,0,0.86280,2.24310,0.23600,0.02150,2560000,-1.00000,665495350248,0.00000
1251,625,0,3.04850,0.00000,0.00000,0.02290,0,-1.00000,665495385014,0.00000
1252,626,0,0.41690,2.43720,0.23410,0.02190,2560000,-1.00000,665495394803,0.00000
1253,626,0,3.28340,0.00000,0.00000,0.02250,0,-1.00000,665495427189,0.00000
1254,627,0,0.40000,2.40520,0.24780,0.02770,2560000,-1.00000,665495435792,0.00000
1255,627,0,3.25140,0.00000,0.00000,0.02160,0,-1.00000,665495466277,0.00000
1256,628,0,2.47010,2.39730,0.27630,0.04040,2560000,-1.00000,665495470475,0.00000
1257,628,0,3.33041,0.00000,0.00000,0.02410,0,-1.00000,665495503285,0.00000
1258,629,0,1.06959,2.43100,0.23300,0.03260,2560000,-1.00000,665495507276,0.00000
1259,629,0,3.38610,0.00000,0.00000,0.02260,0,-1.00000,665495539806,0.00000
1260,630,0,0.86110,2.49820,0.26860,0.04990,2560000,-1.00000,665495564488,0.00000
1261,630,0,3.59510,0.00000,0.00000,0.02780,0,-1.00000,665495597830,0.00000
1262,631,0,0.70360,2.44840,0.24650,0.03660,2560000,-1.00000,665495608490,0.00000
1263,631,0,3.53990,0.00000,0.00000,0.02580,0,-1.00000,665495642381,0.00000
1264,632,0,0.85380,2.40290,0.25710,0.03160,2560000,-1.00000,665495650976,0.00000
1265,632,0,3.28820,0.00000,0.00000,0.02000,0,-1.00000,665495686951,0.00000
1266,633,0,0.94570,2.40970,0.27470,0.03470,2560000,-1.00000,665495693956,0.00000
1267,633,0,3.34880,0.00000,0.00000,0.02610,0,-1.00000,665495729381,0.00000
1268,634,0,4.05111,2.44230,0.26830,0.05050,2560000,-1.00000,665495737883,0.00000
1269,634,0,3.49580,0.00000,0.00000,0.02680,0,-1.00000,665495770783,0.00000
1270,635,0,0.49870,2.26840,0.22120,0.02540,2560000,-1.00000,665495780231,0.00000
1271,635,0,3.13549,0.00000,0.00000,0.02370,0,-1.00000,665495813745,0.00000
1272,636,0,0.48061,2.44150,0.23690,0.02470,2560000,-1.00000,665495854286,0.00000
1273,636,0,3.31450,0.00000,0.00000,0.02340,0,-1.00000,665495889219,0.00000
1274,637,0,0.43890,2.51380,0.29350,0.02460,2560000,-1.00000,665495894176,0.00000
1275,637,0,3.31160,0.00000,0.00000,0.01850,0,-1.00000,665495925536,0.00000
1276,638,0,0.51010,2.41060,0.22820,0.03200,2560000,-1.00000,665495930368,0.00000
1277,638,0,3.29690,0.00000,0.00000,0.02670,0,-1.00000,665495963485,0.00000
1278,639,0,0.50280,2.44580,0.21740,0.02430,2560000,-1.00000,665495967869,0.00000
1279,639,0,3.18920,0.00000,0.00000,0.02230,0,-1.00000,665496001003,0.00000
1280,640,0,0.44340,2.44690,0.26840,0.02200,2560000,-1.00000,665496006086,0.00000
1281,640,0,3.19100,0.00000,0.00000,0.02290,0,-1.00000,665496039079,0.00000
1282,641,0,1.08200,2.48580,0.23150,0.02910,2560000,-1.00000,665496044085,0.00000
1283,641,0,3.27170,0.00000,0.00000,0.02250,0,-1.00000,665496075979,0.00000
1284,642,0,0.36970,2.49170,0.21200,0.02440,2560000,-1.00000,665496080409,0.00000
1285,642,0,3.20220,0.00000,0.00000,0.01940,0,-1.00000,665496112319,0.00000
1286,643,0,0.33851,2.46340,0.31960,0.02310,2560000,-1.00000,665496123138,0.00000
1287,643,0,3.25000,0.00000,0.00000,0.01970,0,-1.00000,665496155861,0.00000
1288,644,0,0.34310,2.37850,0.23240,0.03290,2560000,-1.00000,665496159554,0.00000
1289,644,0,3.19190,0.00000,0.00000,0.02020,0,-1.00000,665496191584,0.00000
1290,645,0,1.09580,2.52920,0.22370,0.02970,2560000,-1.00000,665496194956,0.00000
1291,645,0,3.37420,0.00000,0.00000,0.02450,0,-1.00000,665496227461,0.00000
1292,646,0,0.95690,2.45390,0.31100,0.02630,2560000,-1.00000,665496230884,0.00000
1293,646,0,3.32000,0.00000,0.00000,0.01920,0,-1.00000,665496262836,0.00000
1294,647,0,0.95780,2.42660,0.30980,0.02170,2560000,-1.00000,665496273775,0.00000
1295,647,0,3.23920,0.00000,0.00000,0.01800,0,-1.00000,665496307516,0.00000
1296,648,0,1.03800,2.37770,0.27770,0.03030,2560000,-1.00000,665496317079,0.00000
1297,648,0,3.34270,0.00000,0.00000,0.07200,0,-1.00000,665496350285,0.00000
1298,649,0,1.90430,2.39440,0.23210,0.03450,2560000,-1.00000,665496359857,0.00000
1299,649,0,3.23010,0.00000,0.00000,0.03180,0,-1.00000,665496392248,0.00000
1300,650,0,0.40550,2.40140,0.24850,0.01980,2560000,-1.00000,665496402631,0.00000
1301,650,0,3.13010,0.00000,0.00000,0.01830,0,-1.00000,665496436098,0.00000
1302,651,0,0.91780,2.36800,0.26790,0.02050,2560000,-1.00000,665496455112,0.00000
1303,651,0,3.13090,0.00000,0.00000,0.01800,0,-1.00000,665496487411,0.00000
1304,652,0,1.13420,2.39080,0.30880,0.02850,2560000,-1.00000,665496491449,0.00000
1305,652,0,3.34680,0.00000,0.00000,0.02250,0,-1.00000,665496522752,0.00000
1306,653,0,3.08420,2.19920,0.25080,0.02400,2560000,-1.00000,665496531937,0.00000
1307,653,0,2.98560,0.00000,0.00000,0.02350,0,-1.00000,665496563238,0.00000
1308,654,0,0.47260,2.36460,0.22180,0.03300,2560000,-1.00000,665496574580,0.00000
1309,654,0,3.28401,0.00000,0.00000,0.02300,0,-1.00000,665496608059,0.00000
1310,655,0,0.43970,2.23530,0.19760,0.02480,2560000,-1.00000,665496638892,0.00000
1311,655,0,3.00650,0.00000,0.00000,0.02000,0,-1.00000,665496668758,0.00000
1312,656,0,0.55220,2.19300,0.25790,0.02330,2560000,-1.00000,665496673471,0.00000
1313,656,0,2.96490,0.00000,0.00000,0.02410,0,-1.00000,665496706327,0.00000
1314,657,0,1.39530,2.18270,0.22170,0.02170,2560000,-1.00000,665496710709,0.00000
1315,657,0,2.96090,0.00000,0.00000,0.01730,0,-1.00000,665496740776,0.00000
1316,658,0,1.23200,2.19430,0.31840,0.03110,2560000,-1.00000,665496746296,0.00000
1317,658,0,3.22460,0.00000,0.00000,0.01980,0,-1.00000,665496775955,0.00000
1318,659,0,1.14840,2.29310,0.29980,0.02370,2560000,-1.00000,665496789904,0.00000
1319,659,0,3.23080,0.00000,0.00000,0.01860,0,-1.00000,665496819505,0.00000
1320,660,0,0.40551,2.30010,0.23200,0.02110,2560000,-1.00000,665496831825,0.00000
1321,660,0,3.08450,0.00000,0.00000,0.02180,0,-1.00000,665496864091,0.00000
1322,661,0,0.38170,2.42120,0.26770,0.02340,2560000,-1.00000,665496875561,0.00000
1323,661,0,3.41550,0.00000,0.00000,0.02630,0,-1.00000,665496907871,0.00000
1324,662,0,0.49700,2.35290,0.26470,0.02530,2560000,-1.00000,665496911916,0.00000
1325,662,0,3.20960,0.00000,0.00000,0.01770,0,-1.00000,665496942771,0.00000
1326,663,0,0.79470,2.35140,0.21010,0.03370,2560000,-1.00000,665496946581,0.00000
1327,663,0,3.24490,0.00000,0.00000,0.01920,0,-1.00000,665496980790,0.00000
1328,664,0,1.01480,2.32230,0.26950,0.02600,2560000,-1.00000,665496985714,0.00000
1329,664,0,3.14910,0.00000,0.00000,0.02220,0,-1.00000,665497017822,0.00000
1330,665,0,1.12791,2.25350,0.27080,0.02200,2560000,-1.00000,665497025753,0.00000
1331,665,0,3.04370,0.00000,0.00000,0.02150,0,-1.00000,665497058215,0.00000
1332,666,0,1.14820,2.19610,0.27420,0.02430,2560000,-1.00000,665497068347,0.00000
1333,666,0,3.00710,0.00000,0.00000,0.02010,0,-1.00000,665497099844,0.00000
1334,667,0,0.53050,2.31570,0.23310,0.02160,2560000,-1.00000,665497111247,0.00000
1335,667,0,3.10760,0.00000,0.00000,0.02240,0,-1.00000,665497141550,0.00000
1336,668,0,0.38970,2.27770,0.21200,0.02090,2560000,-1.00000,665497153040,0.00000
1337,668,0,3.00400,0.00000,0.00000,0.01970,0,-1.00000,665497183112,0.00000
1338,669,0,0.78920,2.22730,0.25000,0.03390,2560000,-1.00000,665497188411,0.00000
1339,669,0,3.14000,0.00000,0.00000,0.01960,0,-1.00000,665497219498,0.00000
1340,670,0,1.11040,2.26260,0.25850,0.02560,2560000,-1.00000,665497223419,0.00000
1341,670,0,3.07460,0.00000,0.00000,0.02590,0,-1.00000,665497253431,0.00000
1342,671,0,2.12860,2.35520,0.21050,0.03100,2560000,-1.00000,665497261316,0.00000
1343,671,0,3.22480,0.00000,0.00000,0.02120,0,-1.00000,665497292736,0.00000
1344,672,0,0.49250,2.18060,0.22080,0.02150,2560000,-1.00000,665497303822,0.00000
1345,672,0,2.93260,0.00000,0.00000,0.02060,0,-1.00000,665497334588,0.00000
1346,673,0,0.96460,2.17410,0.28900,0.02480,2560000,-1.00000,665497355861,0.00000
1347,673,0,3.07530,0.00000,0.00000,0.02290,0,-1.00000,665497388106,0.00000
1348,674,0,3.35360,2.41410,0.19590,0.03690,2560000,-1.00000,665497393023,0.00000
1349,674,0,3.26810,0.00000,0.00000,0.02310,0,-1.00000,665497422399,0.00000
1350,675,0,0.97770,2.37450,0.20190,0.02350,2560000,-1.00000,665497431998,0.00000
1351,675,0,3.14190,0.00000,0.00000,0.02120,0,-1.00000,665497462773,0.00000
1352,676,0,1.12650,2.38490,0.21690,0.03560,2560000,-1.00000,665497496297,0.00000
1353,676,0,3.27640,0.00000,0.00000,0.01970,0,-1.00000,665497528993,0.00000
1354,677,0,1.03700,2.32980,0.32050,0.03460,2560000,-1.00000,665497538751,0.00000
1355,677,0,3.31620,0.00000,0.00000,0.02550,0,-1.00000,665497570173,0.00000
1356,678,0,0.95440,2.41690,0.22690,0.02680,2560000,-1.00000,665497581439,0.00000
1357,678,0,3.25480,0.00000,0.00000,0.01920,0,-1.00000,665497614212,0.00000
1358,679,0,1.00370,2.40760,0.20380,0.02970,2560000,-1.00000,665497624568,0.00000
1359,679,0,3.23190,0.00000,0.00000,0.02240,0,-1.00000,665497657751,0.00000
1360,680,0,3.16930,2.32380,0.19870,0.02160,2560000,-1.00000,665497667276,0.00000
1361,680,0,3.02960,0.00000,0.00000,0.01980,0,-1.00000,665497699830,0.00000
1362,681,0,1.20320,2.16650,0.30750,0.02080,2560000,-1.00000,665497709857,0.00000
1363,681,0,3.03440,0.00000,0.00000,0.03150,0,-1.00000,665497742175,0.00000
1364,682,0,3.36720,2.34960,0.21170,0.03310,2560000,-1.00000,665497773869,0.00000
1365,682,0,3.17610,0.00000,0.00000,0.02480,0,-1.00000,665497804168,0.00000
1366,683,0,1.13880,2.38980,0.20150,0.02220,2560000,-1.00000,665497816190,0.00000
1367,683,0,3.15850,0.00000,0.00000,0.01870,0,-1.00000,665497846543,0.00000
1368,684,0,1.04150,2.25760,0.24930,0.02470,2560000,-1.00000,665497880215,0.00000
1369,684,0,3.24300,0.00000,0.00000,0.02110,0,-1.00000,665497911986,0.00000
1370,685,0,1.07700,2.37560,0.22970,0.03030,2560000,-1.00000,665497923361,0.00000
1371,685,0,3.26770,0.00000,0.00000,0.01920,0,-1.00000,665497954947,0.00000
1372,686,0,1.02370,2.24650,0.32710,0.02120,2560000,-1.00000,665497965368,0.00000
1373,686,0,3.06870,0.00000,0.00000,0.01690,0,-1.00000,665497997857,0.00000
1374,687,0,3.28829,2.26010,0.22410,0.10560,2560000,-1.00000,665498008576,0.00000
1375,687,0,3.24430,0.00000,0.00000,0.01900,0,-1.00000,665498041243,0.00000
1376,688,0,0.49600,2.36260,0.30730,0.02580,2560000,-1.00000,665498051473,0.00000
1377,688,0,3.26120,0.00000,0.00000,0.02050,0,-1.00000,665498082200,0.00000
1378,689,0,0.51670,2.27410,0.23750,0.02220,2560000,-1.00000,665498115043,0.00000
1379,689,0,3.02450,0.00000,0.00000,0.01850,0,-1.00000,665498147504,0.00000
1380,690,0,0.44790,2.21200,0.24100,0.02430,2560000,-1.00000,665498152447,0.00000
1381,690,0,2.99450,0.00000,0.00000,0.02090,0,-1.00000,665498185066,0.00000
1382,691,0,1.02810,2.13710,0.20930,0.02210,2560000,-1.00000,665498190222,0.00000
1383,691,0,2.91080,0.00000,0.00000,0.01810,0,-1.00000,665498220511,0.00000
1384,692,0,1.32990,2.34570,0.19190,0.03740,2560000,-1.00000,665498224947,0.00000
1385,692,0,3.33990,0.00000,0.00000,0.02000,0,-1.00000,665498254898,0.00000
1386,693,0,0.96510,2.17740,0.24440,0.02260,2560000,-1.00000,665498265179,0.00000
1387,693,0,2.98540,0.00000,0.00000,0.01890,0,-1.00000,665498294287,0.00000
1388,694,0,1.37970,2.13230,0.23650,0.02060,2560000,-1.00000,665498307587,0.00000
1389,694,0,2.95400,0.00000,0.00000,0.01970,0,-1.00000,665498340996,0.00000
1390,695,0,1.22630,2.31720,0.27320,0.02720,2560000,-1.00000,665498350634,0.00000
1391,695,0,3.14870,0.00000,0.00000,0.02040,0,-1.00000,665498380490,0.00000
1392,696,0,1.09940,2.44950,0.23470,0.03630,2560000,-1.00000,665498394286,0.00000
1393,696,0,3.37900,0.00000,0.00000,0.02460,0,-1.00000,665498423826,0.00000
1394,697,0,0.90540,2.35260,0.24470,0.02680,2560000,-1.00000,665498436088,0.00000
1395,697,0,3.11740,0.00000,0.00000,0.01970,0,-1.00000,665498467581,0.00000
1396,698,0,1.10000,2.28950,0.26140,0.02170,2560000,-1.00000,665498478565,0.00000
1397,698,0,2.99460,0.00000,0.00000,0.02280,0,-1.00000,665498512398,0.00000
1398,699,0,1.22590,2.34310,0.21800,0.02300,2560000,-1.00000,665498521415,0.00000
1399,699,0,3.06510,0.00000,0.00000,0.01950,0,-1.00000,665498552591,0.00000
1400,700,0,1.27090,2.37370,0.27830,0.02770,2560000,-1.00000,665498563586,0.00000
1401,700,0,3.28501,0.00000,0.00000,0.02400,0,-1.00000,665498593542,0.00000
1402,701,0,0.89430,2.36030,0.30550,0.02830,2560000,-1.00000,665498605793,0.00000
1403,701,0,3.30370,0.00000,0.00000,0.02000,0,-1.00000,665498636447,0.00000
1404,702,0,1.03750,2.38370,0.24270,0.03700,2560000,-1.00000,665498649158,0.00000
1405,702,0,3.30641,0.00000,0.00000,0.02500,0,-1.00000,665498682026,0.00000
1406,703,0,0.87849,2.42180,0.22240,0.03260,2560000,-1.00000,665498690947,0.00000
1407,703,0,3.33761,0.00000,0.00000,0.02540,0,-1.00000,665498723993,0.00000
1408,704,0,0.95689,2.29750,0.17290,0.02310,2560000,-1.00000,665498734367,0.00000
1409,704,0,2.97450,0.00000,0.00000,0.02250,0,-1.00000,665498767447,0.00000
1410,705,0,1.16670,2.41110,0.27850,0.02200,2560000,-1.00000,665498776208,0.00000
1411,705,0,3.18610,0.00000,0.00000,0.02340,0,-1.00000,665498809597,0.00000
1412,706,0,0.38130,2.24880,0.31820,0.03470,2560000,-1.00000,665498819153,0.00000
1413,706,0,3.26520,0.00000,0.00000,0.02730,0,-1.00000,665498848905,0.00000
1414,707,0,0.49420,2.33230,0.30240,0.02500,2560000,-1.00000,665498860568,0.00000
1415,707,0,3.22230,0.00000,0.00000,0.02100,0,-1.00000,665498892433,0.00000
1416,708,0,0.36970,2.30740,0.21700,0.03750,2560000,-1.00000,665498896235,0.00000
1417,708,0,3.18010,0.00000,0.00000,0.02110,0,-1.00000,665498928919,0.00000
1418,709,0,3.02640,2.29390,0.22860,0.02330,2560000,-1.00000,665498933833,0.00000
1419,709,0,3.09640,0.00000,0.00000,0.01920,0,-1.00000,665498966061,0.00000
1420,710,0,0.53140,2.42150,0.21440,0.02560,2560000,-1.00000,665498969751,0.00000
1421,710,0,3.15110,0.00000,0.00000,0.02100,0,-1.00000,665499001575,0.00000
1422,711,0,1.61830,2.24900,0.22460,0.02000,2560000,-1.00000,665499031824,0.00000
1423,711,0,2.97650,0.00000,0.00000,0.01790,0,-1.00000,665499062781,0.00000
1424,712,0,0.39710,2.24240,0.23230,0.03260,2560000,-1.00000,665499068096,0.00000
1425,712,0,3.16550,0.00000,0.00000,0.02190,0,-1.00000,665499099611,0.00000
1426,713,0,0.41030,2.33550,0.21800,0.02400,2560000,-1.00000,665499115787,0.00000
1427,713,0,3.13300,0.00000,0.00000,0.02090,0,-1.00000,665499145554,0.00000
1428,714,0,0.42620,2.34990,0.20960,0.02260,2560000,-1.00000,665499149518,0.00000
1429,714,0,3.07740,0.00000,0.00000,0.02060,0,-1.00000,665499181200,0.00000
1430,715,0,0.38160,2.28720,0.25020,0.02280,2560000,-1.00000,665499185276,0.00000
1431,715,0,3.06891,0.00000,0.00000,0.02130,0,-1.00000,665499216611,0.00000
1432,716,0,0.39259,2.33740,0.29420,0.02070,2560000,-1.00000,665499220869,0.00000
1433,716,0,3.12840,0.00000,0.00000,0.02050,0,-1.00000,665499251647,0.00000
1434,717,0,0.85500,2.16330,0.24820,0.03560,2560000,-1.00000,665499255457,0.00000
1435,717,0,3.13289,0.00000,0.00000,0.01790,0,-1.00000,665499286160,0.00000
1436,718,0,1.13780,2.37630,0.24220,0.02750,2560000,-1.00000,665499290080,0.00000
1437,718,0,3.25510,0.00000,0.00000,0.02260,0,-1.00000,665499321366,0.00000
1438,719,0,0.93590,2.35730,0.33510,0.02160,2560000,-1.00000,665499329911,0.00000
1439,719,0,3.17280,0.00000,0.00000,0.01830,0,-1.00000,665499361258,0.00000
1440,720,0,1.19690,2.34440,0.29050,0.02330,2560000,-1.00000,665499372619,0.00000
1441,720,0,3.13180,0.00000,0.00000,0.01860,0,-1.00000,665499405195,0.00000
1442,721,0,0.96930,2.30130,0.30270,0.02250,2560000,-1.00000,665499414536,0.00000
1443,721,0,3.12320,0.00000,0.00000,0.01620,0,-1.00000,665499446257,0.00000
1444,722,0,1.26130,2.34040,0.21810,0.02360,2560000,-1.00000,665499458227,0.00000
1445,722,0,3.08420,0.00000,0.00000,0.01830,0,-1.00000,665499489543,0.00000
1446,723,0,1.32470,2.17080,0.19710,0.03110,2560000,-1.00000,665499499245,0.00000
1447,723,0,3.06499,0.00000,0.00000,0.02280,0,-1.00000,665499530468,0.00000
1448,724,0,3.16400,2.18590,0.30840,0.02950,2560000,-1.00000,665499543129,0.00000
1449,724,0,3.09350,0.00000,0.00000,0.02030,0,-1.00000,665499573929,0.00000
1450,725,0,1.21930,2.26880,0.23170,0.02600,2560000,-1.00000,665499587174,0.00000
1451,725,0,3.08810,0.00000,0.00000,0.01960,0,-1.00000,665499617835,0.00000
1452,726,0,2.02620,2.16490,0.26890,0.03290,2560000,-1.00000,665499649468,0.00000
1453,726,0,3.04250,0.00000,0.00000,0.02200,0,-1.00000,665499680405,0.00000
1454,727,0,0.53240,2.19540,0.20020,0.02470,2560000,-1.00000,665499692660,0.00000
1455,727,0,2.99160,0.00000,0.00000,0.02270,0,-1.00000,665499723478,0.00000
1456,728,0,1.03440,2.16880,0.22250,0.02300,2560000,-1.00000,665499743734,0.00000
1457,728,0,2.94260,0.00000,0.00000,0.01970,0,-1.00000,665499774183,0.00000
1458,729,0,1.39100,2.25610,0.20370,0.02480,2560000,-1.00000,665499779492,0.00000
1459,729,0,3.05160,0.00000,0.00000,0.02160,0,-1.00000,665499809408,0.00000
1460,730,0,1.19100,2.31860,0.22170,0.03720,2560000,-1.00000,665499819741,0.00000
1461,730,0,3.06890,0.00000,0.00000,0.02380,0,-1.00000,665499849175,0.00000
1462,731,0,1.18320,2.16230,0.28480,0.02120,2560000,-1.00000,665499863077,0.00000
1463,731,0,3.01520,0.00000,0.00000,0.02240,0,-1.00000,665499893597,0.00000
1464,732,0,1.23850,2.53250,0.30960,0.05040,2560000,-1.00000,665499905505,0.00000
1465,732,0,3.67550,0.00000,0.00000,0.02420,0,-1.00000,665499936195,0.00000
1466,733,0,1.56910,2.29920,0.32080,0.04110,2560000,-1.00000,665499948020,0.00000
1467,733,0,3.34240,0.00000,0.00000,0.02170,0,-1.00000,665499978176,0.00000
1468,734,0,0.43130,2.17690,0.21040,0.01920,2560000,-1.00000,665499990557,0.00000
1469,734,0,2.90470,0.00000,0.00000,0.02050,0,-1.00000,665500027373,0.00000
1470,735,0,0.88500,2.14960,0.21870,0.02130,2560000,-1.00000,665500043016,0.00000
1471,735,0,2.87500,0.00000,0.00000,0.03150,0,-1.00000,665500076452,0.00000
1472,736,0,1.38740,2.19640,0.39330,0.03150,2560000,-1.00000,665500080775,0.00000
1473,736,0,3.34780,0.00000,0.00000,0.03750,0,-1.00000,665500109794,0.00000
1474,737,0,0.92690,2.32790,0.22110,0.02570,2560000,-1.00000,665500118641,0.00000
1475,737,0,3.13570,0.00000,0.00000,0.01820,0,-1.00000,665500147400,0.00000
1476,738,0,1.16940,2.31230,0.23540,0.02260,2560000,-1.00000,665500161269,0.00000
1477,738,0,3.17270,0.00000,0.00000,0.02410,0,-1.00000,665500194768,0.00000
1478,739,0,1.09080,2.26460,0.33160,0.03050,2560000,-1.00000,665500204014,0.00000
1479,739,0,3.23230,0.00000,0.00000,0.02440,0,-1.00000,665500235367,0.00000
1480,740,0,1.95290,2.25470,0.27740,0.02840,2560000,-1.00000,665500247070,0.00000
1481,740,0,3.13680,0.00000,0.00000,0.02070,0,-1.00000,665500278795,0.00000
1482,741,0,0.38760,2.28470,0.33380,0.02430,2560000,-1.00000,665500289699,0.00000
1483,741,0,3.29121,0.00000,0.00000,0.01880,0,-1.00000,665500322044,0.00000
1484,742,0,0.36520,2.28260,0.24290,0.02410,2560000,-1.00000,665500341548,0.00000
1485,742,0,2.99889,0.00000,0.00000,0.01820,0,-1.00000,665500373035,0.00000
1486,743,0,0.32860,2.28750,0.23530,0.02650,2560000,-1.00000,665500376794,0.00000
1487,743,0,3.02330,0.00000,0.00000,0.02000,0,-1.00000,665500409715,0.00000
1488,744,0,0.44060,2.36020,0.30630,0.02290,2560000,-1.00000,665500413352,0.00000
1489,744,0,3.21750,0.00000,0.00000,0.02130,0,-1.00000,665500443353,0.00000
1490,745,0,1.08360,2.25420,0.23760,0.02050,2560000,-1.00000,665500446631,0.00000
1491,745,0,3.02160,0.00000,0.00000,0.01800,0,-1.00000,665500476880,0.00000
1492,746,0,1.28040,2.32270,0.21520,0.02340,2560000,-1.00000,665500481268,0.00000
1493,746,0,3.06700,0.00000,0.00000,0.01780,0,-1.00000,665500513451,0.00000
1494,747,0,1.12220,2.25540,0.25400,0.03770,2560000,-1.00000,665500524283,0.00000
1495,747,0,3.19520,0.00000,0.00000,0.01920,0,-1.00000,665500554502,0.00000
1496,748,0,1.16510,2.20750,0.21360,0.03080,2560000,-1.00000,665500567309,0.00000
1497,748,0,3.07440,0.00000,0.00000,0.02530,0,-1.00000,665500597972,0.00000
1498,749,0,1.14140,2.18620,0.20800,0.02270,2560000,-1.00000,665500609204,0.00000
1499,749,0,3.00869,0.00000,0.00000,0.02070,0,-1.00000,665500641159,0.00000
1500,750,0,1.20180,2.11390,0.20380,0.01930,2560000,-1.00000,665500652799,0.00000
1501,750,0,2.82510,0.00000,0.00000,0.01790,0,-1.00000,665500683568,0.00000
1502,751,0,3.63690,2.14090,0.24220,0.04790,2560000,-1.00000,665500694964,0.00000
1503,751,0,3.17640,0.00000,0.00000,0.02790,0,-1.00000,665500725045,0.00000
1504,752,0,0.47180,2.27150,0.33270,0.03810,2560000,-1.00000,665500737057,0.00000
1505,752,0,3.23369,0.00000,0.00000,0.01960,0,-1.00000,665500765313,0.00000
1506,753,0,0.39370,2.13090,0.22940,0.03300,2560000,-1.00000,665500801712,0.00000
1507,753,0,3.01801,0.00000,0.00000,0.02460,0,-1.00000,665500833469,0.00000
1508,754,0,0.48000,2.36740,0.23620,0.03640,2560000,-1.00000,665500838158,0.00000
1509,754,0,3.24030,0.00000,0.00000,0.02330,0,-1.00000,665500870519,0.00000
1510,755,0,0.88510,2.12270,0.26310,0.04480,2560000,-1.00000,665500874449,0.00000
1511,755,0,3.33210,0.00000,0.00000,0.02770,0,-1.00000,665500904652,0.00000
1512,756,0,0.88970,2.12650,0.23540,0.04130,2560000,-1.00000,665500909415,0.00000
1513,756,0,3.04020,0.00000,0.00000,0.02490,0,-1.00000,665500941848,0.00000
1514,757,0,0.50530,2.32810,0.22560,0.04890,2560000,-1.00000,665500950674,0.00000
1515,757,0,3.35030,0.00000,0.00000,0.02840,0,-1.00000,665500984044,0.00000
1516,758,0,0.48700,2.18290,0.26340,0.04800,2560000,-1.00000,665500992901,0.00000
1517,758,0,3.23520,0.00000,0.00000,0.02680,0,-1.00000,665501023317,0.00000
1518,759,0,0.54370,2.31740,0.26580,0.05200,2560000,-1.00000,665501028345,0.00000
1519,759,0,3.36300,0.00000,0.00000,0.02750,0,-1.00000,665501061889,0.00000
1520,760,0,0.56320,2.26210,0.22460,0.04710,2560000,-1.00000,665501066714,0.00000
1521,760,0,3.24259,0.00000,0.00000,0.02500,0,-1.00000,665501099109,0.00000
1522,761,0,0.86230,2.84000,0.28910,0.06150,2560000,-1.00000,665501104505,0.00000
1523,761,0,4.07290,0.00000,0.00000,0.02730,0,-1.00000,665501138185,0.00000
1524,762,0,1.10220,2.34070,0.21400,0.04800,2560000,-1.00000,665501143775,0.00000
1525,762,0,3.36330,0.00000,0.00000,0.02850,0,-1.00000,665501176239,0.00000
1526,763,0,0.48580,2.31300,0.26540,0.05410,2560000,-1.00000,665501184828,0.00000
1527,763,0,3.32040,0.00000,0.00000,0.02740,0,-1.00000,665501225588,0.00000
1528,764,0,0.54670,2.28310,0.28590,0.05420,2560000,-1.00000,665501236578,0.00000
1529,764,0,3.42860,0.00000,0.00000,0.03060,0,-1.00000,665501270243,0.00000
1530,765,0,0.76580,2.30640,0.32880,0.04970,2560000,-1.00000,665501275071,0.00000
1531,765,0,3.46470,0.00000,0.00000,0.02840,0,-1.00000,665501308302,0.00000
1532,766,0,0.74360,3.05020,0.22340,0.05200,2560000,-1.00000,665501313733,0.00000
1533,766,0,4.10160,0.00000,0.00000,0.02480,0,-1.00000,665501348082,0.00000
1534,767,0,0.51040,2.24300,0.27200,0.05320,2560000,-1.00000,665501355677,0.00000
1535,767,0,3.30890,0.00000,0.00000,0.02740,0,-1.00000,665501390371,0.00000
1536,768,0,0.66790,2.26950,0.27050,0.04320,2560000,-1.00000,665501397781,0.00000
1537,768,0,3.17280,0.00000,0.00000,0.02350,0,-1.00000,665501438815,0.00000
1538,769,0,1.07130,2.42060,0.26820,0.04680,2560000,-1.00000,665501443878,0.00000
1539,769,0,3.43200,0.00000,0.00000,0.02670,0,-1.00000,665501477008,0.00000
1540,770,0,0.80620,2.28710,0.31520,0.04440,2560000,-1.00000,665501483650,0.00000
1541,770,0,3.29600,0.00000,0.00000,0.02570,0,-1.00000,665501515403,0.00000
1542,771,0,0.94680,2.29900,0.28320,0.03650,2560000,-1.00000,665501526097,0.00000
1543,771,0,3.28880,0.00000,0.00000,0.02170,0,-1.00000,665501560441,0.00000
1544,772,0,0.96271,2.25060,0.31740,0.03250,2560000,-1.00000,665501568468,0.00000
1545,772,0,3.18379,0.00000,0.00000,0.02470,0,-1.00000,665501601454,0.00000
1546,773,0,1.03650,2.26930,0.30590,0.02590,2560000,-1.00000,665501610899,0.00000
1547,773,0,3.09401,0.00000,0.00000,0.02230,0,-1.00000,665501643804,0.00000
1548,774,0,1.15660,2.22040,0.20050,0.02380,2560000,-1.00000,665501653436,0.00000
1549,774,0,2.91750,0.00000,0.00000,0.02030,0,-1.00000,665501685266,0.00000
1550,775,0,1.33270,2.28250,0.31650,0.02300,2560000,-1.00000,665501695615,0.00000
1551,775,0,3.08890,0.00000,0.00000,0.02040,0,-1.00000,665501726561,0.00000
1552,776,0,2.09960,2.27940,0.28620,0.02660,2560000,-1.00000,665501738117,0.00000
1553,776,0,3.11640,0.00000,0.00000,0.02410,0,-1.00000,665501767302,0.00000
1554,777,0,0.41960,2.22990,0.25370,0.03170,2560000,-1.00000,665501780616,0.00000
1555,777,0,3.07450,0.00000,0.00000,0.02510,0,-1.00000,665501811512,0.00000
1556,778,0,1.00470,2.26130,0.27800,0.02420,2560000,-1.00000,665501832507,0.00000
1557,778,0,3.03190,0.00000,0.00000,0.01840,0,-1.00000,665501863672,0.00000
1558,779,0,1.22020,2.25580,0.29320,0.02030,2560000,-1.00000,665501867868,0.00000
1559,779,0,3.00320,0.00000,0.00000,0.01720,0,-1.00000,665501898637,0.00000
1560,780,0,3.40090,2.24880,0.20790,0.03940,2560000,-1.00000,665501908664,0.00000
1561,780,0,3.09160,0.00000,0.00000,0.02330,0,-1.00000,665501938982,0.00000
1562,781,0,1.12180,2.24380,0.20920,0.03360,2560000,-1.00000,665501951182,0.00000
1563,781,0,3.06940,0.00000,0.00000,0.01990,0,-1.00000,665501981212,0.00000
1564,782,0,1.20350,2.25140,0.30630,0.02230,2560000,-1.00000,665502015250,0.00000
1565,782,0,3.04320,0.00000,0.00000,0.01890,0,-1.00000,665502046146,0.00000
1566,783,0,1.10760,2.53220,0.20520,0.02270,2560000,-1.00000,665502057354,0.00000
1567,783,0,3.28480,0.00000,0.00000,0.01730,0,-1.00000,665502088067,0.00000
1568,784,0,1.13870,2.27600,0.32350,0.02340,2560000,-1.00000,665502100089,0.00000
1569,784,0,3.28350,0.00000,0.00000,0.02320,0,-1.00000,665502130520,0.00000
1570,785,0,0.94449,2.23530,0.25510,0.03750,2560000,-1.00000,665502141593,0.00000
1571,785,0,3.09720,0.00000,0.00000,0.02400,0,-1.00000,665502174451,0.00000
1572,786,0,1.13520,2.24940,0.30290,0.02760,2560000,-1.00000,665502185858,0.00000
1573,786,0,3.09470,0.00000,0.00000,0.01950,0,-1.00000,665502218670,0.00000
1574,787,0,1.16320,2.25680,0.32030,0.03180,2560000,-1.00000,665502228109,0.00000
1575,787,0,3.14809,0.00000,0.00000,0.02370,0,-1.00000,665502259101,0.00000
1576,788,0,1.15631,2.27500,0.24150,0.02400,2560000,-1.00000,665502270438,0.00000
1577,788,0,3.03590,0.00000,0.00000,0.02080,0,-1.00000,665502301385,0.00000
1578,789,0,1.23400,2.24890,0.25050,0.02440,2560000,-1.00000,665502313017,0.00000
1579,789,0,2.98180,0.00000,0.00000,0.02220,0,-1.00000,665502344512,0.00000
1580,790,0,1.24460,2.24030,0.26490,0.02140,2560000,-1.00000,665502356057,0.00000
1581,790,0,3.05440,0.00000,0.00000,0.01890,0,-1.00000,665502386417,0.00000
1582,791,0,3.36230,2.22700,0.22430,0.03800,2560000,-1.00000,665502398754,0.00000
1583,791,0,3.06050,0.00000,0.00000,0.02460,0,-1.00000,665502428577,0.00000
1584,792,0,0.43220,2.51030,0.25830,0.03060,2560000,-1.00000,665502441017,0.00000
1585,792,0,3.31550,0.00000,0.00000,0.02190,0,-1.00000,665502471562,0.00000
1586,793,0,0.36470,2.26830,0.25450,0.02230,2560000,-1.00000,665502505206,0.00000
1587,793,0,2.98220,0.00000,0.00000,0.02090,0,-1.00000,665502535798,0.00000
1588,794,0,0.48080,2.19780,0.24210,0.02410,2560000,-1.00000,665502540109,0.00000
1589,794,0,2.92580,0.00000,0.00000,0.01850,0,-1.00000,665502573284,0.00000
1590,795,0,1.50010,2.26940,0.26410,0.03810,2560000,-1.00000,665502576910,0.00000
1591,795,0,3.15820,0.00000,0.00000,0.02510,0,-1.00000,665502606743,0.00000
1592,796,0,1.04850,2.28370,0.26490,0.02530,2560000,-1.00000,665502611541,0.00000
1593,796,0,2.99930,0.00000,0.00000,0.02310,0,-1.00000,665502640803,0.00000
1594,797,0,1.23980,2.21990,0.27370,0.01990,2560000,-1.00000,665502655801,0.00000
1595,797,0,2.99300,0.00000,0.00000,0.02120,0,-1.00000,665502687437,0.00000
1596,798,0,1.22430,2.20670,0.20770,0.03070,2560000,-1.00000,665502697871,0.00000
1597,798,0,3.04370,0.00000,0.00000,0.02200,0,-1.00000,665502727875,0.00000
1598,799,0,1.29880,2.16830,0.26730,0.02580,2560000,-1.00000,665502740265,0.00000
1599,799,0,2.99439,0.00000,0.00000,0.01870,0,-1.00000,665502770186,0.00000
1600,800,0,1.30911,2.88800,0.31210,0.07040,2560000,-1.00000,665502782438,0.00000
1601,800,0,4.33530,0.00000,0.00000,0.04590,0,-1.00000,665502812888,0.00000
1602,801,0,0.79690,2.65600,0.19960,0.03800,2560000,-1.00000,665502825858,0.00000
1603,801,0,3.59640,0.00000,0.00000,0.02470,0,-1.00000,665502855811,0.00000
1604,802,0,0.41319,2.18410,0.33280,0.03650,2560000,-1.00000,665502868904,0.00000
1605,802,0,3.15730,0.00000,0.00000,0.02220,0,-1.00000,665502912320,0.00000
1606,803,0,0.43061,2.22670,0.27770,0.02280,2560000,-1.00000,665502920256,0.00000
1607,803,0,3.01460,0.00000,0.00000,0.01990,0,-1.00000,665502956202,0.00000
1608,804,0,1.31530,2.21240,0.25200,0.02350,2560000,-1.00000,665502960310,0.00000
1609,804,0,2.95000,0.00000,0.00000,0.01940,0,-1.00000,665502991898,0.00000
1610,805,0,1.30010,2.40160,0.25220,0.04750,2560000,-1.00000,665502996193,0.00000
1611,805,0,3.33750,0.00000,0.00000,0.02560,0,-1.00000,665503026342,0.00000
1612,806,0,0.98880,2.16640,0.21570,0.02140,2560000,-1.00000,665503039491,0.00000
1613,806,0,2.94240,0.00000,0.00000,0.02790,0,-1.00000,665503068992,0.00000
1614,807,0,1.47820,2.20410,0.23320,0.02460,2560000,-1.00000,665503081993,0.00000
1615,807,0,2.95440,0.00000,0.00000,0.02010,0,-1.00000,665503115395,0.00000
1616,808,0,1.12330,2.21520,0.30610,0.02470,2560000,-1.00000,665503125262,0.00000
1617,808,0,3.02660,0.00000,0.00000,0.02090,0,-1.00000,665503154683,0.00000
1618,809,0,1.27700,2.27530,0.22610,0.02380,2560000,-1.00000,665503169466,0.00000
1619,809,0,3.03840,0.00000,0.00000,0.02140,0,-1.00000,665503199009,0.00000
1620,810,0,1.28630,2.18930,0.22320,0.02490,2560000,-1.00000,665503210234,0.00000
1621,810,0,2.89040,0.00000,0.00000,0.02220,0,-1.00000,665503240514,0.00000
1622,811,0,1.38350,2.23210,0.20500,0.03800,2560000,-1.00000,665503253277,0.00000
1623,811,0,3.10430,0.00000,0.00000,0.02310,0,-1.00000,665503283654,0.00000
1624,812,0,1.04820,2.23660,0.28720,0.02650,2560000,-1.00000,665503296522,0.00000
1625,812,0,3.16700,0.00000,0.00000,0.02050,0,-1.00000,665503325432,0.00000
1626,813,0,0.36790,2.43690,0.31480,0.02330,2560000,-1.00000,665503339258,0.00000
1627,813,0,3.24010,0.00000,0.00000,0.02390,0,-1.00000,665503370313,0.00000
1628,814,0,0.38270,2.20970,0.30740,0.02400,2560000,-1.00000,665503380787,0.00000
1629,814,0,2.99090,0.00000,0.00000,0.01980,0,-1.00000,665503412456,0.00000
1630,815,0,0.69840,2.14960,0.22740,0.02210,2560000,-1.00000,665503416128,0.00000
1631,815,0,2.96420,0.00000,0.00000,0.01960,0,-1.00000,665503448540,0.00000
1632,816,0,1.31500,2.48880,0.30390,0.03230,2560000,-1.00000,665503452357,0.00000
1633,816,0,3.43330,0.00000,0.00000,0.02070,0,-1.00000,665503482270,0.00000
1634,817,0,0.84240,3.17640,0.22640,0.03190,2560000,-1.00000,665503489253,0.00000
1635,817,0,4.00640,0.00000,0.00000,0.02080,0,-1.00000,665503518904,0.00000
1636,818,0,0.38851,2.18920,0.27280,0.03120,2560000,-1.00000,665503532074,0.00000
1637,818,0,3.01360,0.00000,0.00000,0.01990,0,-1.00000,665503566389,0.00000
1638,819,0,1.16120,2.27210,0.29860,0.02520,2560000,-1.00000,665503574809,0.00000
1639,819,0,3.08700,0.00000,0.00000,0.02430,0,-1.00000,665503614877,0.00000
1640,820,0,1.28880,2.58870,0.22930,0.03890,2560000,-1.00000,665503618750,0.00000
1641,820,0,3.49340,0.00000,0.00000,0.02590,0,-1.00000,665503648899,0.00000
1642,821,0,0.75560,2.19940,0.29890,0.02780,2560000,-1.00000,665503660507,0.00000
1643,821,0,3.06920,0.00000,0.00000,0.02140,0,-1.00000,665503691375,0.00000
1644,822,0,1.15180,2.20490,0.26090,0.02580,2560000,-1.00000,665503704258,0.00000
1645,822,0,2.95480,0.00000,0.00000,0.02240,0,-1.00000,665503739203,0.00000
1646,823,0,1.39240,2.18560,0.27640,0.02150,2560000,-1.00000,665503746753,0.00000
1647,823,0,2.93999,0.00000,0.00000,0.02090,0,-1.00000,665503777451,0.00000
1648,824,0,1.26350,2.27550,0.24110,0.03320,2560000,-1.00000,665503788962,0.00000
1649,824,0,3.09080,0.00000,0.00000,0.01900,0,-1.00000,665503818513,0.00000
1650,825,0,2.19030,2.23070,0.21970,0.03600,2560000,-1.00000,665503832432,0.00000
1651,825,0,3.06520,0.00000,0.00000,0.03450,0,-1.00000,665503861827,0.00000
1652,826,0,0.61060,3.03770,0.22960,0.02320,2560000,-1.00000,665503874462,0.00000
1653,826,0,3.87010,0.00000,0.00000,0.01900,0,-1.00000,665503905390,0.00000
1654,827,0,0.61990,3.09150,0.20260,0.03440,2560000,-1.00000,665503927280,0.00000
1655,827,0,4.06140,0.00000,0.00000,0.02470,0,-1.00000,665503957946,0.00000
1656,828,0,0.94880,3.02110,0.21210,0.02610,2560000,-1.00000,665503964061,0.00000
1657,828,0,3.83370,0.00000,0.00000,0.02130,0,-1.00000,665504002754,0.00000
1658,829,0,1.37710,2.17030,0.29520,0.02500,2560000,-1.00000,665504008977,0.00000
1659,829,0,2.94570,0.00000,0.00000,0.02070,0,-1.00000,665504049566,0.00000
1660,830,0,1.35030,2.13340,0.25340,0.02560,2560000,-1.00000,665504059073,0.00000
1661,830,0,2.89370,0.00000,0.00000,0.02160,0,-1.00000,665504097381,0.00000
1662,831,0,3.54830,2.13030,0.22570,0.02640,2560000,-1.00000,665504111143,0.00000
1663,831,0,2.86600,0.00000,0.00000,0.01870,0,-1.00000,665504140606,0.00000
1664,832,0,0.35400,2.17520,0.31810,0.02370,2560000,-1.00000,665504154101,0.00000
1665,832,0,2.98160,0.00000,0.00000,0.01960,0,-1.00000,665504183042,0.00000
1666,833,0,0.33660,2.28880,0.27360,0.03240,2560000,-1.00000,665504218535,0.00000
1667,833,0,3.25520,0.00000,0.00000,0.02390,0,-1.00000,665504247186,0.00000
1668,834,0,0.95760,2.14490,0.24040,0.02760,2560000,-1.00000,665504250716,0.00000
1669,834,0,3.00500,0.00000,0.00000,0.02310,0,-1.00000,665504280539,0.00000
1670,835,0,1.37370,2.04960,0.29730,0.02160,2560000,-1.00000,665504283897,0.00000
1671,835,0,2.87870,0.00000,0.00000,0.01960,0,-1.00000,665504316480,0.00000
1672,836,0,1.25680,2.08560,0.23700,0.02330,2560000,-1.00000,665504326043,0.00000
1673,836,0,2.87450,0.00000,0.00000,0.01910,0,-1.00000,665504356099,0.00000
1674,837,0,3.59079,2.14300,0.20920,0.02110,2560000,-1.00000,665504369819,0.00000
1675,837,0,2.82660,0.00000,0.00000,0.01800,0,-1.00000,665504398610,0.00000
1676,838,0,0.37420,2.22300,0.26620,0.04040,2560000,-1.00000,665504411170,0.00000
1677,838,0,3.06310,0.00000,0.00000,0.02580,0,-1.00000,665504439975,0.00000
1678,839,0,0.51590,2.93320,0.22770,0.02650,2560000,-1.00000,665504475826,0.00000
1679,839,0,3.76980,0.00000,0.00000,0.01960,0,-1.00000,665504504102,0.00000
1680,840,0,0.40150,2.16340,0.28790,0.02270,2560000,-1.00000,665504507831,0.00000
1681,840,0,2.93231,0.00000,0.00000,0.01740,0,-1.00000,665504538485,0.00000
1682,841,0,1.19830,2.77810,0.22870,0.02480,2560000,-1.00000,665504543630,0.00000
1683,841,0,3.53610,0.00000,0.00000,0.01940,0,-1.00000,665504581333,0.00000
1684,842,0,0.75850,2.41360,0.20470,0.03840,2560000,-1.00000,665504585338,0.00000
1685,842,0,3.51440,0.00000,0.00000,0.01970,0,-1.00000,665504614664,0.00000
1686,843,0,0.69240,2.75840,0.22660,0.02570,2560000,-1.00000,665504626649,0.00000
1687,843,0,3.58040,0.00000,0.00000,0.01870,0,-1.00000,665504662013,0.00000
1688,844,0,0.73670,3.08800,0.21780,0.02740,2560000,-1.00000,665504669634,0.00000
1689,844,0,3.94520,0.00000,0.00000,0.01960,0,-1.00000,665504704755,0.00000
1690,845,0,0.40130,2.06670,0.21530,0.01990,2560000,-1.00000,665504711659,0.00000
1691,845,0,2.83260,0.00000,0.00000,0.01750,0,-1.00000,665504747471,0.00000
1692,846,0,1.39600,2.90080,0.25370,0.03910,2560000,-1.00000,665504754848,0.00000
1693,846,0,3.93090,0.00000,0.00000,0.02650,0,-1.00000,665504794294,0.00000
1694,847,0,0.49600,2.47970,0.23670,0.02690,2560000,-1.00000,665504798290,0.00000
1695,847,0,3.32010,0.00000,0.00000,0.01880,0,-1.00000,665504826622,0.00000
1696,848,0,2.99050,2.00400,0.26700,0.03340,2560000,-1.00000,665504840590,0.00000
1697,848,0,2.88520,0.00000,0.00000,0.02200,0,-1.00000,665504879908,0.00000
1698,849,0,1.42460,2.04050,0.21690,0.03620,2560000,-1.00000,665504884866,0.00000
1699,849,0,2.88490,0.00000,0.00000,0.02220,0,-1.00000,665504918057,0.00000
1700,850,0,1.39910,2.19660,0.21040,0.02550,2560000,-1.00000,665504947957,0.00000
1701,850,0,2.95120,0.00000,0.00000,0.02190,0,-1.00000,665504976831,0.00000
1702,851,0,1.35670,2.74320,0.20800,0.02780,2560000,-1.00000,665504991066,0.00000
1703,851,0,3.61600,0.00000,0.00000,0.02120,0,-1.00000,665505019922,0.00000
1704,852,0,0.70641,2.00240,0.21740,0.02700,2560000,-1.00000,665505033898,0.00000
1705,852,0,2.77950,0.00000,0.00000,0.02030,0,-1.00000,665505063408,0.00000
1706,853,0,1.49190,2.25950,0.27750,0.05430,2560000,-1.00000,665505076967,0.00000
1707,853,0,3.36720,0.00000,0.00000,0.02810,0,-1.00000,665505113146,0.00000
1708,854,0,0.90400,2.21220,0.20300,0.03210,2560000,-1.00000,665505120193,0.00000
1709,854,0,3.03020,0.00000,0.00000,0.01860,0,-1.00000,665505148003,0.00000
1710,855,0,1.26810,2.06200,0.23430,0.02220,2560000,-1.00000,665505162920,0.00000
1711,855,0,3.05960,0.00000,0.00000,0.02230,0,-1.00000,665505196619,0.00000
1712,856,0,1.18690,2.19570,0.20620,0.02840,2560000,-1.00000,665505205629,0.00000
1713,856,0,3.03411,0.00000,0.00000,0.02130,0,-1.00000,665505235935,0.00000
1714,857,0,1.26990,2.00290,0.24360,0.03540,2560000,-1.00000,665505248609,0.00000
1715,857,0,2.92400,0.00000,0.00000,0.02210,0,-1.00000,665505279211,0.00000
1716,858,0,1.39640,2.18080,0.22610,0.02600,2560000,-1.00000,665505291075,0.00000
1717,858,0,2.98490,0.00000,0.00000,0.02270,0,-1.00000,665505321468,0.00000
1718,859,0,2.21920,2.15620,0.21810,0.02820,2560000,-1.00000,665505334117,0.00000
1719,859,0,2.96460,0.00000,0.00000,0.01970,0,-1.00000,665505363365,0.00000
1720,860,0,0.40170,2.17260,0.23130,0.02340,2560000,-1.00000,665505377313,0.00000
1721,860,0,2.94190,0.00000,0.00000,0.02150,0,-1.00000,665505407174,0.00000
1722,861,0,0.39600,1.98790,0.22760,0.02130,2560000,-1.00000,665505429353,0.00000
1723,861,0,2.74830,0.00000,0.00000,0.02230,0,-1.00000,665505459017,0.00000
1724,862,0,0.40930,2.00710,0.21730,0.02070,2560000,-1.00000,665505463018,0.00000
1725,862,0,2.73729,0.00000,0.00000,0.02170,0,-1.00000,665505492443,0.00000
1726,863,0,1.34860,2.14370,0.24130,0.02520,2560000,-1.00000,665505496395,0.00000
1727,863,0,3.10810,0.00000,0.00000,0.02210,0,-1.00000,665505523892,0.00000
1728,864,0,1.38630,2.12670,0.26890,0.03800,2560000,-1.00000,665505527979,0.00000
1729,864,0,3.03970,0.00000,0.00000,0.02540,0,-1.00000,665505555357,0.00000
1730,865,0,1.22360,2.03050,0.21460,0.02990,2560000,-1.00000,665505568838,0.00000
1731,865,0,2.83560,0.00000,0.00000,0.02250,0,-1.00000,665505599931,0.00000
1732,866,0,1.42020,2.14290,0.23940,0.02710,2560000,-1.00000,665505613782,0.00000
1733,866,0,2.89890,0.00000,0.00000,0.02140,0,-1.00000,665505644219,0.00000
1734,867,0,3.53560,2.61970,0.20360,0.02610,2560000,-1.00000,665505656419,0.00000
1735,867,0,3.38840,0.00000,0.00000,0.02250,0,-1.00000,665505684778,0.00000
1736,868,0,0.42020,2.17230,0.24700,0.02420,2560000,-1.00000,665505698967,0.00000
1737,868,0,2.91770,0.00000,0.00000,0.01970,0,-1.00000,665505727967,0.00000
1738,869,0,0.38470,2.25640,0.23000,0.02230,2560000,-1.00000,665505763316,0.00000
1739,869,0,2.99400,0.00000,0.00000,0.01800,0,-1.00000,665505797205,0.00000
1740,870,0,0.55060,2.12960,0.23810,0.02200,2560000,-1.00000,665505801396,0.00000
1741,870,0,2.86400,0.00000,0.00000,0.01770,0,-1.00000,665505830579,0.00000
1742,871,0,1.42670,2.11320,0.21940,0.02610,2560000,-1.00000,665505834417,0.00000
1743,871,0,2.85030,0.00000,0.00000,0.02020,0,-1.00000,665505864363,0.00000
1744,872,0,1.43060,2.04990,0.26530,0.02450,2560000,-1.00000,665505869875,0.00000
1745,872,0,2.98450,0.00000,0.00000,0.02000,0,-1.00000,665505898513,0.00000
1746,873,0,1.34080,2.02340,0.21340,0.03540,2560000,-1.00000,665505912780,0.00000
1747,873,0,3.00920,0.00000,0.00000,0.02370,0,-1.00000,665505941278,0.00000
1748,874,0,1.23940,2.01350,0.22670,0.02540,2560000,-1.00000,665505955580,0.00000
1749,874,0,2.81170,0.00000,0.00000,0.01920,0,-1.00000,665505985439,0.00000
1750,875,0,3.68430,1.97680,0.23680,0.02760,2560000,-1.00000,665505998843,0.00000
1751,875,0,2.72920,0.00000,0.00000,0.02170,0,-1.00000,665506029001,0.00000
1752,876,0,0.42600,2.17180,0.25850,0.02060,2560000,-1.00000,665506041330,0.00000
1753,876,0,2.98100,0.00000,0.00000,0.02160,0,-1.00000,665506069485,0.00000
1754,877,0,0.41130,2.10640,0.23470,0.02060,2560000,-1.00000,665506106287,0.00000
1755,877,0,2.87580,0.00000,0.00000,0.01810,0,-1.00000,665506133583,0.00000
1756,878,0,3.44250,1.94710,0.21400,0.02430,2560000,-1.00000,665506137835,0.00000
1757,878,0,2.75340,0.00000,0.00000,0.02190,0,-1.00000,665506167653,0.00000
1758,879,0,3.59120,2.01670,0.25980,0.03810,2560000,-1.00000,665506171755,0.00000
1759,879,0,2.91180,0.00000,0.00000,0.02600,0,-1.00000,665506200518,0.00000
1760,880,0,0.45010,2.03360,0.28560,0.01960,2560000,-1.00000,665506234944,0.00000
1761,880,0,2.86361,0.00000,0.00000,0.02470,0,-1.00000,665506262483,0.00000
1762,881,0,0.37119,2.13380,0.23490,0.02250,2560000,-1.00000,665506298386,0.00000
1763,881,0,2.97150,0.00000,0.00000,0.02100,0,-1.00000,665506327530,0.00000
1764,882,0,0.40430,2.13080,0.25590,0.02450,2560000,-1.00000,665506332010,0.00000
1765,882,0,2.93620,0.00000,0.00000,0.01980,0,-1.00000,665506360653,0.00000
1766,883,0,0.42610,2.03060,0.29430,0.02080,2560000,-1.00000,665506364352,0.00000
1767,883,0,2.87040,0.00000,0.00000,0.01980,0,-1.00000,665506394078,0.00000
1768,884,0,0.96950,2.06320,0.26430,0.02290,2560000,-1.00000,665506398109,0.00000
1769,884,0,2.92870,0.00000,0.00000,0.01970,0,-1.00000,665506427480,0.00000
1770,885,0,1.39270,2.09570,0.22770,0.02050,2560000,-1.00000,665506431734,0.00000
1771,885,0,2.95230,0.00000,0.00000,0.01900,0,-1.00000,665506460443,0.00000
1772,886,0,1.34600,1.91280,0.21900,0.02340,2560000,-1.00000,665506470128,0.00000
1773,886,0,2.70190,0.00000,0.00000,0.03670,0,-1.00000,665506499425,0.00000
1774,887,0,1.60710,2.02920,0.21590,0.02170,2560000,-1.00000,665506513464,0.00000
1775,887,0,2.76270,0.00000,0.00000,0.01780,0,-1.00000,665506542927,0.00000
1776,888,0,3.67650,2.06700,0.25500,0.03470,2560000,-1.00000,665506556328,0.00000
1777,888,0,2.98540,0.00000,0.00000,0.02450,0,-1.00000,665506583359,0.00000
1778,889,0,1.31631,2.11180,0.21040,0.02250,2560000,-1.00000,665506599422,0.00000
1779,889,0,2.87800,0.00000,0.00000,0.01840,0,-1.00000,665506627051,0.00000
1780,890,0,3.68560,2.01260,0.20320,0.02330,2560000,-1.00000,665506663818,0.00000
1781,890,0,2.79030,0.00000,0.00000,0.02190,0,-1.00000,665506693690,0.00000
1782,891,0,3.50100,2.13480,0.20770,0.02440,2560000,-1.00000,665506706953,0.00000
1783,891,0,2.98760,0.00000,0.00000,0.02110,0,-1.00000,665506735618,0.00000
1784,892,0,0.46790,2.00210,0.29180,0.02330,2560000,-1.00000,665506772470,0.00000
1785,892,0,2.95400,0.00000,0.00000,0.02210,0,-1.00000,665506800382,0.00000
1786,893,0,0.48729,2.01640,0.29170,0.02260,2560000,-1.00000,665506835387,0.00000
1787,893,0,2.94280,0.00000,0.00000,0.02240,0,-1.00000,665506865312,0.00000
1788,894,0,3.05920,2.37950,0.28370,0.03590,2560000,-1.00000,665506869931,0.00000
1789,894,0,3.32500,0.00000,0.00000,0.02160,0,-1.00000,665506899473,0.00000
1790,895,0,1.12430,1.92260,0.22200,0.02400,2560000,-1.00000,665506904346,0.00000
1791,895,0,2.72740,0.00000,0.00000,0.02160,0,-1.00000,665506933786,0.00000
1792,896,0,3.53590,2.11140,0.21340,0.02580,2560000,-1.00000,665506964377,0.00000
1793,896,0,2.92450,0.00000,0.00000,0.02180,0,-1.00000,665506997648,0.00000
1794,897,0,1.22680,1.88900,0.29860,0.02240,2560000,-1.00000,665507008864,0.00000
1795,897,0,2.76670,0.00000,0.00000,0.02140,0,-1.00000,665507036149,0.00000
1796,898,0,1.66060,1.93230,0.27330,0.02230,2560000,-1.00000,665507071503,0.00000
1797,898,0,2.77200,0.00000,0.00000,0.02090,0,-1.00000,665507100747,0.00000
1798,899,0,4.65700,1.79260,0.22970,0.02280,2560000,-1.00000,665507113010,0.00000
1799,899,0,2.62230,0.00000,0.00000,0.02070,0,-1.00000,665507140681,0.00000
1800,900,0,0.43180,1.84850,0.23130,0.02410,2560000,-1.00000,665507157279,0.00000
1801,900,0,2.67450,0.00000,0.00000,0.02020,0,-1.00000,665507185011,0.00000
1802,901,0,0.43151,1.90570,0.22100,0.02040,2560000,-1.00000,665507231572,0.00000
1803,901,0,2.70200,0.00000,0.00000,0.02140,0,-1.00000,665507257798,0.00000
1804,902,0,0.85410,2.04980,0.24390,0.03540,2560000,-1.00000,665507262113,0.00000
1805,902,0,3.14450,0.00000,0.00000,0.02160,0,-1.00000,665507288865,0.00000
1806,903,0,1.29610,1.90210,0.26430,0.02430,2560000,-1.00000,665507293175,0.00000
1807,903,0,2.71140,0.00000,0.00000,0.02150,0,-1.00000,665507320196,0.00000
1808,904,0,1.41070,1.93090,0.30780,0.01980,2560000,-1.00000,665507328734,0.00000
1809,904,0,2.69450,0.00000,0.00000,0.01660,0,-1.00000,665507360203,0.00000
1810,905,0,1.49380,1.91030,0.21530,0.02070,2560000,-1.00000,665507373139,0.00000
1811,905,0,2.63930,0.00000,0.00000,0.13540,0,-1.00000,665507400262,0.00000
1812,906,0,1.74310,2.09270,0.21260,0.02380,2560000,-1.00000,665507414355,0.00000
1813,906,0,3.07440,0.00000,0.00000,0.02170,0,-1.00000,665507441304,0.00000
1814,907,0,1.20420,1.92570,0.23580,0.02170,2560000,-1.00000,665507456241,0.00000
1815,907,0,2.68000,0.00000,0.00000,0.01930,0,-1.00000,665507482635,0.00000
1816,908,0,1.46970,1.90390,0.21900,0.02290,2560000,-1.00000,665507500064,0.00000
1817,908,0,2.59430,0.00000,0.00000,0.01660,0,-1.00000,665507530927,0.00000
1818,909,0,0.34350,1.91460,0.72670,0.04160,2560000,-1.00000,665507542851,0.00000
1819,909,0,3.34570,0.00000,0.00000,0.02630,0,-1.00000,665507569656,0.00000
1820,910,0,0.51660,1.97230,0.18770,0.03010,2560000,-1.00000,665507584348,0.00000
1821,910,0,2.82470,0.00000,0.00000,0.02180,0,-1.00000,665507610288,0.00000
1822,911,0,1.17890,1.95550,0.32870,0.02460,2560000,-1.00000,665507613722,0.00000
1823,911,0,2.85400,0.00000,0.00000,0.01840,0,-1.00000,665507647270,0.00000
1824,912,0,1.49430,1.92040,0.21810,0.02130,2560000,-1.00000,665507652473,0.00000
1825,912,0,2.66540,0.00000,0.00000,0.01740,0,-1.00000,665507680618,0.00000
1826,913,0,3.70440,1.93770,0.23140,0.02470,2560000,-1.00000,665507692385,0.00000
1827,913,0,2.75050,0.00000,0.00000,0.01950,0,-1.00000,665507720925,0.00000
1828,914,0,0.41640,1.80730,0.23420,0.02090,2560000,-1.00000,665507735914,0.00000
1829,914,0,2.62370,0.00000,0.00000,0.01730,0,-1.00000,665507762523,0.00000
1830,915,0,0.61920,1.94720,0.24580,0.02200,2560000,-1.00000,665507799569,0.00000
1831,915,0,2.78350,0.00000,0.00000,0.01650,0,-1.00000,665507827078,0.00000
1832,916,0,3.68221,2.03890,0.22920,0.02700,2560000,-1.00000,665507831230,0.00000
1833,916,0,2.86030,0.00000,0.00000,0.02170,0,-1.00000,665507857472,0.00000
1834,917,0,3.57960,1.93840,0.26110,0.03350,2560000,-1.00000,665507863657,0.00000
1835,917,0,2.93850,0.00000,0.00000,0.02010,0,-1.00000,665507891498,0.00000
1836,918,0,0.49481,1.92650,0.20510,0.02230,2560000,-1.00000,665507928317,0.00000
1837,918,0,2.71440,0.00000,0.00000,0.01840,0,-1.00000,665507956934,0.00000
1838,919,0,0.46360,1.80730,0.26210,0.03700,2560000,-1.00000,665507992719,0.00000
1839,919,0,2.78350,0.00000,0.00000,0.02160,0,-1.00000,665508022136,0.00000
1840,920,0,1.21991,1.86660,0.25710,0.02470,2560000,-1.00000,665508027052,0.00000
1841,920,0,2.76780,0.00000,0.00000,0.01820,0,-1.00000,665508054199,0.00000
1842,921,0,0.46849,1.95260,0.21850,0.02210,2560000,-1.00000,665508058829,0.00000
1843,921,0,2.74450,0.00000,0.00000,0.01940,0,-1.00000,665508086685,0.00000
1844,922,0,0.50560,2.05570,0.25580,0.02440,2560000,-1.00000,665508098860,0.00000
1845,922,0,2.88591,0.00000,0.00000,0.01900,0,-1.00000,665508126550,0.00000
1846,923,0,2.23580,1.95170,0.26390,0.03560,2560000,-1.00000,665508131231,0.00000
1847,923,0,2.96530,0.00000,0.00000,0.02000,0,-1.00000,665508158680,0.00000
1848,924,0,0.46800,1.83910,0.28160,0.02100,2560000,-1.00000,665508163724,0.00000
1849,924,0,2.68340,0.00000,0.00000,0.02110,0,-1.00000,665508192594,0.00000
1850,925,0,0.42890,1.83510,0.23730,0.02370,2560000,-1.00000,665508214941,0.00000
1851,925,0,2.72000,0.00000,0.00000,0.02170,0,-1.00000,665508244624,0.00000
1852,926,0,0.69280,2.02210,0.19600,0.02900,2560000,-1.00000,665508249280,0.00000
1853,926,0,2.85640,0.00000,0.00000,0.01940,0,-1.00000,665508276116,0.00000
1854,927,0,1.24190,1.91500,0.21960,0.02030,2560000,-1.00000,665508280399,0.00000
1855,927,0,2.73810,0.00000,0.00000,0.01960,0,-1.00000,665508307618,0.00000
1856,928,0,0.44430,2.02420,0.20530,0.02220,2560000,-1.00000,665508314531,0.00000
1857,928,0,2.75680,0.00000,0.00000,0.01850,0,-1.00000,665508343112,0.00000
1858,929,0,0.63750,1.95250,0.24000,0.02110,2560000,-1.00000,665508355514,0.00000
1859,929,0,2.76380,0.00000,0.00000,0.01750,0,-1.00000,665508382949,0.00000
1860,930,0,1.51780,2.04900,0.20430,0.02730,2560000,-1.00000,665508387335,0.00000
1861,930,0,2.87700,0.00000,0.00000,0.01870,0,-1.00000,665508414912,0.00000
1862,931,0,1.39760,2.08600,0.24020,0.02940,2560000,-1.00000,665508421279,0.00000
1863,931,0,2.98560,0.00000,0.00000,0.01860,0,-1.00000,665508448916,0.00000
1864,932,0,1.30730,1.91900,0.24440,0.02490,2560000,-1.00000,665508464103,0.00000
1865,932,0,2.77320,0.00000,0.00000,0.02050,0,-1.00000,665508492882,0.00000
1866,933,0,1.49320,1.98070,0.21650,0.02230,2560000,-1.00000,665508506845,0.00000
1867,933,0,2.78080,0.00000,0.00000,0.01820,0,-1.00000,665508536708,0.00000
1868,934,0,1.49310,1.92600,0.23870,0.02210,2560000,-1.00000,665508549773,0.00000
1869,934,0,2.68600,0.00000,0.00000,0.02030,0,-1.00000,665508577514,0.00000
1870,935,0,1.69230,2.21680,0.23610,0.03720,2560000,-1.00000,665508592441,0.00000
1871,935,0,3.19960,0.00000,0.00000,0.02140,0,-1.00000,665508620250,0.00000
1872,936,0,1.91059,1.96140,0.21910,0.03030,2560000,-1.00000,665508635169,0.00000
1873,936,0,2.77781,0.00000,0.00000,0.02340,0,-1.00000,665508662044,0.00000
1874,937,0,0.51340,2.00230,0.21450,0.02290,2560000,-1.00000,665508678970,0.00000
1875,937,0,2.76460,0.00000,0.00000,0.01880,0,-1.00000,665508710973,0.00000
1876,938,0,3.62070,1.89740,0.23010,0.02020,2560000,-1.00000,665508730068,0.00000
1877,938,0,2.64410,0.00000,0.00000,0.01730,0,-1.00000,665508757851,0.00000
1878,939,0,1.68659,1.91850,0.23040,0.02060,2560000,-1.00000,665508762971,0.00000
1879,939,0,2.73270,0.00000,0.00000,0.01720,0,-1.00000,665508790622,0.00000
1880,940,0,3.70140,1.87210,0.23570,0.02310,2560000,-1.00000,665508826820,0.00000
1881,940,0,2.71770,0.00000,0.00000,0.01840,0,-1.00000,665508853269,0.00000
1882,941,0,1.56300,2.04640,0.20710,0.03130,2560000,-1.00000,665508870136,0.00000
1883,941,0,3.01330,0.00000,0.00000,0.02010,0,-1.00000,665508897458,0.00000
1884,942,0,1.29940,1.83140,0.22350,0.02360,2560000,-1.00000,665508934475,0.00000
1885,942,0,2.70741,0.00000,0.00000,0.01960,0,-1.00000,665508961658,0.00000
1886,943,0,3.59390,1.83520,0.22080,0.02250,2560000,-1.00000,665508977289,0.00000
1887,943,0,2.70800,0.00000,0.00000,0.02140,0,-1.00000,665509007433,0.00000
1888,944,0,0.44230,1.94570,0.21220,0.02040,2560000,-1.00000,665509020417,0.00000
1889,944,0,2.69280,0.00000,0.00000,0.01680,0,-1.00000,665509047494,0.00000
1890,945,0,0.63050,2.06450,0.33040,0.04100,2560000,-1.00000,665509083420,0.00000
1891,945,0,3.04610,0.00000,0.00000,0.02030,0,-1.00000,665509110511,0.00000
1892,946,0,3.29960,1.94060,0.21680,0.02390,2560000,-1.00000,665509114923,0.00000
1893,946,0,2.81920,0.00000,0.00000,0.01870,0,-1.00000,665509141852,0.00000
1894,947,0,0.41600,1.95240,0.28540,0.02860,2560000,-1.00000,665509148158,0.00000
1895,947,0,2.90800,0.00000,0.00000,0.01880,0,-1.00000,665509178628,0.00000
1896,948,0,0.47250,2.08060,0.20090,0.02300,2560000,-1.00000,665509211616,0.00000
1897,948,0,2.84650,0.00000,0.00000,0.02320,0,-1.00000,665509239815,0.00000
1898,949,0,0.49410,2.07750,0.30490,0.03080,2560000,-1.00000,665509243966,0.00000
1899,949,0,3.05150,0.00000,0.00000,0.02730,0,-1.00000,665509273053,0.00000
1900,950,0,0.52890,1.94120,0.22720,0.03030,2560000,-1.00000,665509277772,0.00000
1901,950,0,2.85250,0.00000,0.00000,0.02190,0,-1.00000,665509306245,0.00000
1902,951,0,0.82070,1.99390,0.20280,0.02310,2560000,-1.00000,665509311182,0.00000
1903,951,0,2.85140,0.00000,0.00000,0.02060,0,-1.00000,665509341853,0.00000
1904,952,0,3.56320,2.02460,0.21370,0.02520,2560000,-1.00000,665509346985,0.00000
1905,952,0,2.87120,0.00000,0.00000,0.01960,0,-1.00000,665509375521,0.00000
1906,953,0,1.35779,1.86240,0.30680,0.02310,2560000,-1.00000,665509383712,0.00000
1907,953,0,2.84430,0.00000,0.00000,0.01840,0,-1.00000,665509412238,0.00000
1908,954,0,3.63990,1.92490,0.19540,0.02230,2560000,-1.00000,665509447861,0.00000
1909,954,0,2.73289,0.00000,0.00000,0.02010,0,-1.00000,665509476581,0.00000
1910,955,0,4.62190,2.09430,0.22530,0.03550,2560000,-1.00000,665509490150,0.00000
1911,955,0,3.20850,0.00000,0.00000,0.02310,0,-1.00000,665509518602,0.00000
1912,956,0,0.52110,2.05740,0.20490,0.02450,2560000,-1.00000,665509554995,0.00000
1913,956,0,3.01270,0.00000,0.00000,0.01910,0,-1.00000,665509582328,0.00000
1914,957,0,0.47870,1.80950,0.20860,0.02190,2560000,-1.00000,665509628541,0.00000
1915,957,0,2.64250,0.00000,0.00000,0.01670,0,-1.00000,665509660660,0.00000
1916,958,0,0.48350,2.05200,0.19790,0.02130,2560000,-1.00000,665509665836,0.00000
1917,958,0,2.87980,0.00000,0.00000,0.01900,0,-1.00000,665509695974,0.00000
1918,959,0,2.92600,2.17480,0.23850,0.02920,2560000,-1.00000,665509700751,0.00000
1919,959,0,3.09130,0.00000,0.00000,0.02330,0,-1.00000,665509727179,0.00000
1920,960,0,0.46220,2.09600,0.27830,0.02230,2560000,-1.00000,665509732011,0.00000
1921,960,0,2.93310,0.00000,0.00000,0.02090,0,-1.00000,665509760815,0.00000
1922,961,0,0.50200,1.93200,0.21590,0.02070,2560000,-1.00000,665509790069,0.00000
1923,961,0,2.71010,0.00000,0.00000,0.02090,0,-1.00000,665509820998,0.00000
1924,962,0,0.97010,2.11550,0.11380,0.02190,2560000,-1.00000,665509825606,0.00000
1925,962,0,2.80140,0.00000,0.00000,0.01840,0,-1.00000,665509854933,0.00000
1926,963,0,1.42970,2.02020,0.23060,0.02560,2560000,-1.00000,665509859955,0.00000
1927,963,0,2.90680,0.00000,0.00000,0.02340,0,-1.00000,665509887066,0.00000
1928,964,0,1.37430,2.01470,0.14960,0.03750,2560000,-1.00000,665509896756,0.00000
1929,964,0,2.86520,0.00000,0.00000,0.02690,0,-1.00000,665509924769,0.00000
1930,965,0,1.44960,2.02010,0.21340,0.03070,2560000,-1.00000,665509939070,0.00000
1931,965,0,2.85990,0.00000,0.00000,0.02320,0,-1.00000,665509968143,0.00000
1932,966,0,1.41240,2.04170,0.24050,0.03730,2560000,-1.00000,665509981880,0.00000
1933,966,0,2.90450,0.00000,0.00000,0.02160,0,-1.00000,665510010555,0.00000
1934,967,0,1.26631,2.10450,0.23390,0.02980,2560000,-1.00000,665510025035,0.00000
1935,967,0,2.89670,0.00000,0.00000,0.02410,0,-1.00000,665510053642,0.00000
1936,968,0,1.39270,2.09630,0.25750,0.02330,2560000,-1.00000,665510067757,0.00000
1937,968,0,2.90350,0.00000,0.00000,0.02090,0,-1.00000,665510096860,0.00000
1938,969,0,0.36150,2.12300,0.28630,0.02200,2560000,-1.00000,665510109463,0.00000
1939,969,0,2.87650,0.00000,0.00000,0.02120,0,-1.00000,665510138445,0.00000
1940,970,0,1.29560,2.12470,0.30980,0.02270,2560000,-1.00000,665510152352,0.00000
1941,970,0,3.00291,0.00000,0.00000,0.02380,0,-1.00000,665510181395,0.00000
1942,971,0,0.38600,2.05600,0.30510,0.02470,2560000,-1.00000,665510185003,0.00000
1943,971,0,2.88430,0.00000,0.00000,0.02060,0,-1.00000,665510213772,0.00000
1944,972,0,1.29940,2.06250,0.21980,0.04180,2560000,-1.00000,665510226722,0.00000
1945,972,0,3.04170,0.00000,0.00000,0.02050,0,-1.00000,665510256764,0.00000
1946,973,0,1.25130,2.13090,0.29150,0.02430,2560000,-1.00000,665510260607,0.00000
1947,973,0,2.89490,0.00000,0.00000,0.02040,0,-1.00000,665510289463,0.00000
1948,974,0,1.38820,2.14260,0.29900,0.02690,2560000,-1.00000,665510302446,0.00000
1949,974,0,3.00910,0.00000,0.00000,0.02310,0,-1.00000,665510332876,0.00000
1950,975,0,1.26450,2.10520,0.28350,0.02230,2560000,-1.00000,665510345375,0.00000
1951,975,0,2.87030,0.00000,0.00000,0.01970,0,-1.00000,665510374334,0.00000
1952,976,0,1.33690,2.09990,0.29900,0.02480,2560000,-1.00000,665510388214,0.00000
1953,976,0,2.88951,0.00000,0.00000,0.02110,0,-1.00000,665510418308,0.00000
1954,977,0,0.36750,2.10930,0.29530,0.02070,2560000,-1.00000,665510430989,0.00000
1955,977,0,2.86410,0.00000,0.00000,0.01760,0,-1.00000,665510459646,0.00000
1956,978,0,0.34720,2.10590,0.27430,0.02750,2560000,-1.00000,665510473022,0.00000
1957,978,0,2.93810,0.00000,0.00000,0.01920,0,-1.00000,665510501920,0.00000
1958,979,0,1.31200,2.07980,0.21280,0.02700,2560000,-1.00000,665510505583,0.00000
1959,979,0,2.90860,0.00000,0.00000,0.02340,0,-1.00000,665510534337,0.00000
1960,980,0,1.36499,2.08600,0.23180,0.02260,2560000,-1.00000,665510537699,0.00000
1961,980,0,2.80580,0.00000,0.00000,0.02040,0,-1.00000,665510567089,0.00000
1962,981,0,1.50440,2.08740,0.22620,0.03180,2560000,-1.00000,665510580209,0.00000
1963,981,0,3.04620,0.00000,0.00000,0.02410,0,-1.00000,665510609305,0.00000
1964,982,0,1.23920,2.07180,0.26700,0.02390,2560000,-1.00000,665510622933,0.00000
1965,982,0,2.89089,0.00000,0.00000,0.01900,0,-1.00000,665510650997,0.00000
1966,983,0,1.23140,2.09560,0.22700,0.02580,2560000,-1.00000,665510666043,0.00000
1967,983,0,2.86940,0.00000,0.00000,0.02100,0,-1.00000,665510696513,0.00000
1968,984,0,0.37660,2.17480,0.28100,0.03210,2560000,-1.00000,665510708892,0.00000
1969,984,0,2.96400,0.00000,0.00000,0.02200,0,-1.00000,665510737862,0.00000
1970,985,0,1.16900,2.12100,0.27360,0.02390,2560000,-1.00000,665510750128,0.00000
1971,985,0,2.88120,0.00000,0.00000,0.01890,0,-1.00000,665510778812,0.00000
1972,986,0,0.32370,2.13710,0.27970,0.02350,2560000,-1.00000,665510782571,0.00000
1973,986,0,2.89041,0.00000,0.00000,0.01950,0,-1.00000,665510812222,0.00000
1974,987,0,0.43810,2.18110,0.23430,0.02890,2560000,-1.00000,665510823924,0.00000
1975,987,0,3.00860,0.00000,0.00000,0.02050,0,-1.00000,665510852722,0.00000
1976,988,0,0.38670,2.13070,0.30490,0.01860,2560000,-1.00000,665510855952,0.00000
1977,988,0,2.87430,0.00000,0.00000,0.01840,0,-1.00000,665510884861,0.00000
1978,989,0,1.38040,2.09930,0.28870,0.03380,2560000,-1.00000,665510889240,0.00000
1979,989,0,3.00130,0.00000,0.00000,0.02390,0,-1.00000,665510919342,0.00000
1980,990,0,1.16430,2.08520,0.21790,0.02360,2560000,-1.00000,665510923189,0.00000
1981,990,0,2.80670,0.00000,0.00000,0.01860,0,-1.00000,665510951931,0.00000
1982,991,0,1.38270,2.14270,0.20600,0.02670,2560000,-1.00000,665510965745,0.00000
1983,991,0,2.88260,0.00000,0.00000,0.02140,0,-1.00000,665510995774,0.00000
1984,992,0,1.40860,2.17840,0.20610,0.02480,2560000,-1.00000,665511007398,0.00000
1985,992,0,2.92210,0.00000,0.00000,0.02030,0,-1.00000,665511035464,0.00000
1986,993,0,1.42530,2.09650,0.24040,0.02300,2560000,-1.00000,665511049296,0.00000
1987,993,0,2.85210,0.00000,0.00000,0.02130,0,-1.00000,665511078130,0.00000
1988,994,0,1.39089,2.12120,0.23840,0.02510,2560000,-1.00000,665511092204,0.00000
1989,994,0,3.08510,0.00000,0.00000,0.02320,0,-1.00000,665511121431,0.00000
1990,995,0,1.18180,2.14510,0.30610,0.02170,2560000,-1.00000,665511135675,0.00000
1991,995,0,2.93690,0.00000,0.00000,0.01820,0,-1.00000,665511164206,0.00000
1992,996,0,1.36550,2.08530,0.21240,0.02470,2560000,-1.00000,665511178114,0.00000
1993,996,0,2.81980,0.00000,0.00000,0.01930,0,-1.00000,665511208975,0.00000
1994,997,0,3.53600,2.10100,0.24760,0.03690,2560000,-1.00000,665511220775,0.00000
1995,997,0,3.04931,0.00000,0.00000,0.02470,0,-1.00000,665511250147,0.00000
1996,998,0,0.47820,2.19230,0.25700,0.02110,2560000,-1.00000,665511263856,0.00000
1997,998,0,2.98830,0.00000,0.00000,0.02120,0,-1.00000,665511292001,0.00000
1998,999,0,0.35780,2.10090,0.21810,0.02390,2560000,-1.00000,665511327361,0.00000
1999,999,0,2.91110,0.00000,0.00000,0.02200,0,-1.00000,665511357904,0.00000
2000,1000,0,0.91930,2.09470,0.21160,0.02190,2560000,-1.00000,665511362638,0.00000
2001,1000,0,2.82020,0.00000,0.00000,0.01860,0,-1.00000,665511392521,0.00000
2002,1001,0,3.58670,2.10730,0.22320,0.02540,2560000,-1.00000,665511396098,0.00000
2003,1001,0,2.86570,0.00000,0.00000,0.01600,0,-1.00000,665511425207,0.00000
2004,1002,0,0.41430,2.08940,0.23350,0.01910,2560000,-1.00000,665511434400,0.00000
2005,1002,0,2.80990,0.00000,0.00000,0.01660,0,-1.00000,665511462602,0.00000
2006,1003,0,0.39290,1.99670,0.29280,0.02350,2560000,-1.00000,665511498465,0.00000
2007,1003,0,2.82961,0.00000,0.00000,0.02100,0,-1.00000,665511527130,0.00000
2008,1004,0,0.39910,2.09890,0.25500,0.02150,2560000,-1.00000,665511531264,0.00000
2009,1004,0,2.85360,0.00000,0.00000,0.01880,0,-1.00000,665511559362,0.00000
2010,1005,0,0.39979,2.08570,0.25900,0.03520,2560000,-1.00000,665511563291,0.00000
2011,1005,0,3.11981,0.00000,0.00000,0.02190,0,-1.00000,665511591597,0.00000
2012,1006,0,1.00010,2.10990,0.21980,0.02690,2560000,-1.00000,665511595575,0.00000
2013,1006,0,2.85880,0.00000,0.00000,0.01970,0,-1.00000,665511624117,0.00000
2014,1007,0,1.46560,2.14070,0.30240,0.02330,2560000,-1.00000,665511628107,0.00000
2015,1007,0,2.93400,0.00000,0.00000,0.01890,0,-1.00000,665511659330,0.00000
2016,1008,0,1.26330,2.14150,0.25000,0.02470,2560000,-1.00000,665511669321,0.00000
2017,1008,0,4.31750,0.00000,0.00000,0.02300,0,-1.00000,665511697907,0.00000
2018,1009,0,0.35040,2.24540,0.23070,0.02430,2560000,-1.00000,665511712563,0.00000
2019,1009,0,2.97620,0.00000,0.00000,0.01990,0,-1.00000,665511741899,0.00000
2020,1010,0,0.92780,2.10630,0.23190,0.02210,2560000,-1.00000,665511754531,0.00000
2021,1010,0,2.85740,0.00000,0.00000,0.02300,0,-1.00000,665511797707,0.00000
2022,1011,0,1.39400,2.10700,0.22800,0.02190,2560000,-1.00000,665511801205,0.00000
2023,1011,0,2.81620,0.00000,0.00000,0.02080,0,-1.00000,665511830978,0.00000
2024,1012,0,3.62790,2.16800,0.29740,0.02910,2560000,-1.00000,665511840251,0.00000
2025,1012,0,2.98600,0.00000,0.00000,0.02370,0,-1.00000,665511868838,0.00000
2026,1013,0,4.30640,2.12470,0.23010,0.03590,2560000,-1.00000,665511882768,0.00000
2027,1013,0,2.91660,0.00000,0.00000,0.02010,0,-1.00000,665511910920,0.00000
2028,1014,0,0.35460,2.17150,0.30370,0.02490,2560000,-1.00000,665511947205,0.00000
2029,1014,0,3.04349,0.00000,0.00000,0.02030,0,-1.00000,665511977075,0.00000
2030,1015,0,0.35450,2.22320,0.29390,0.02230,2560000,-1.00000,665512020143,0.00000
2031,1015,0,3.01740,0.00000,0.00000,0.01980,0,-1.00000,665512049299,0.00000
2032,1016,0,0.33610,2.01720,0.30670,0.02370,2560000,-1.00000,665512052838,0.00000
2033,1016,0,3.02180,0.00000,0.00000,0.01870,0,-1.00000,665512083280,0.00000
2034,1017,0,1.16610,2.01330,0.21980,0.02110,2560000,-1.00000,665512086818,0.00000
2035,1017,0,2.78720,0.00000,0.00000,0.01690,0,-1.00000,665512116994,0.00000
2036,1018,0,1.36441,1.98810,0.24160,0.02280,2560000,-1.00000,665512120357,0.00000
2037,1018,0,2.76170,0.00000,0.00000,0.01770,0,-1.00000,665512150580,0.00000
2038,1019,0,1.50060,1.98090,0.29740,0.03040,2560000,-1.00000,665512162235,0.00000
2039,1019,0,3.15300,0.00000,0.00000,0.01970,0,-1.00000,665512190110,0.00000
2040,1020,0,1.15560,2.09930,0.23030,0.03390,2560000,-1.00000,665512203760,0.00000
2041,1020,0,3.00260,0.00000,0.00000,0.02430,0,-1.00000,665512231371,0.00000
2042,1021,0,1.24810,2.01100,0.19890,0.01980,2560000,-1.00000,665512246371,0.00000
2043,1021,0,2.90370,0.00000,0.00000,0.02100,0,-1.00000,665512277908,0.00000
2044,1022,0,1.42700,2.18460,0.21890,0.02030,2560000,-1.00000,665512289461,0.00000
2045,1022,0,2.98810,0.00000,0.00000,0.02070,0,-1.00000,665512319508,0.00000
2046,1023,0,1.24130,2.24710,0.21500,0.02650,2560000,-1.00000,665512331972,0.00000
2047,1023,0,3.29910,0.00000,0.00000,0.02110,0,-1.00000,665512361014,0.00000
2048,1024,0,3.10410,2.12320,0.23530,0.02670,2560000,-1.00000,665512375277,0.00000
2049,1024,0,2.91120,0.00000,0.00000,0.01970,0,-1.00000,665512405162,0.00000
2050,1025,0,3.59311,2.02730,0.21320,0.02250,2560000,-1.00000,665512417570,0.00000
2051,1025,0,2.85339,0.00000,0.00000,0.02160,0,-1.00000,665512450573,0.00000
2052,1026,0,0.55340,2.31600,0.23630,0.03120,2560000,-1.00000,665512481599,0.00000
2053,1026,0,3.27190,0.00000,0.00000,0.02150,0,-1.00000,665512510714,0.00000
2054,1027,0,0.63060,2.09950,0.20710,0.03800,2560000,-1.00000,665512546644,0.00000
2055,1027,0,2.98690,0.00000,0.00000,0.02080,0,-1.00000,665512575182,0.00000
2056,1028,0,0.50350,2.05050,0.34530,0.04040,2560000,-1.00000,665512580715,0.00000
2057,1028,0,3.12910,0.00000,0.00000,0.02170,0,-1.00000,665512613449,0.00000
2058,1029,0,1.03990,2.08730,0.32150,0.02770,2560000,-1.00000,665512619741,0.00000
2059,1029,0,2.93120,0.00000,0.00000,0.02340,0,-1.00000,665512649630,0.00000
2060,1030,0,1.32890,2.55470,0.27230,0.05140,2560000,-1.00000,665512654643,0.00000
2061,1030,0,3.60880,0.00000,0.00000,0.02570,0,-1.00000,665512685959,0.00000
2062,1031,0,0.70590,2.23440,0.34810,0.05530,2560000,-1.00000,665512696340,0.00000
2063,1031,0,3.54150,0.00000,0.00000,0.03610,0,-1.00000,665512725645,0.00000
2064,1032,0,0.72150,2.07000,0.26290,0.03920,2560000,-1.00000,665512738950,0.00000
2065,1032,0,3.03860,0.00000,0.00000,0.02470,0,-1.00000,665512775050,0.00000
2066,1033,0,1.29790,2.21660,0.35100,0.02600,2560000,-1.00000,665512782082,0.00000
2067,1033,0,3.15850,0.00000,0.00000,0.01770,0,-1.00000,665512817550,0.00000
2068,1034,0,1.10420,2.22280,0.24230,0.02060,2560000,-1.00000,665512824719,0.00000
2069,1034,0,3.02120,0.00000,0.00000,0.02360,0,-1.00000,665512855119,0.00000
2070,1035,0,1.27129,2.09290,0.29330,0.03380,2560000,-1.00000,665512868081,0.00000
2071,1035,0,3.07691,0.00000,0.00000,0.02660,0,-1.00000,665512899707,0.00000
2072,1036,0,3.36260,2.16210,0.21110,0.02930,2560000,-1.00000,665512910704,0.00000
2073,1036,0,3.04930,0.00000,0.00000,0.01960,0,-1.00000,665512940926,0.00000
2074,1037,0,3.40300,2.10160,0.32230,0.02470,2560000,-1.00000,665512953620,0.00000
2075,1037,0,3.00210,0.00000,0.00000,0.01760,0,-1.00000,665512984412,0.00000
2076,1038,0,0.41110,2.04340,0.22930,0.02340,2560000,-1.00000,665513018029,0.00000
2077,1038,0,2.83970,0.00000,0.00000,0.02150,0,-1.00000,665513048523,0.00000
2078,1039,0,0.44250,2.09930,0.21900,0.02030,2560000,-1.00000,665513082548,0.00000
2079,1039,0,2.82820,0.00000,0.00000,0.01750,0,-1.00000,665513112567,0.00000
2080,1040,0,1.17960,2.16030,0.23910,0.02680,2560000,-1.00000,665513116672,0.00000
2081,1040,0,3.10350,0.00000,0.00000,0.02060,0,-1.00000,665513145076,0.00000
2082,1041,0,1.16070,2.09000,0.22390,0.02040,2560000,-1.00000,665513149492,0.00000
2083,1041,0,2.86830,0.00000,0.00000,0.01830,0,-1.00000,665513177776,0.00000
2084,1042,0,1.46210,2.16230,0.27780,0.03740,2560000,-1.00000,665513189574,0.00000
2085,1042,0,3.01100,0.00000,0.00000,0.01880,0,-1.00000,665513220616,0.00000
2086,1043,0,1.24500,2.21620,0.31300,0.03680,2560000,-1.00000,665513232219,0.00000
2087,1043,0,3.14700,0.00000,0.00000,0.02680,0,-1.00000,665513260900,0.00000
2088,1044,0,0.47760,2.28120,0.30290,0.02570,2560000,-1.00000,665513275523,0.00000
2089,1044,0,3.22530,0.00000,0.00000,0.02520,0,-1.00000,665513305636,0.00000
2090,1045,0,0.42331,2.31930,0.24750,0.03950,2560000,-1.00000,665513318078,0.00000
2091,1045,0,3.22810,0.00000,0.00000,0.02670,0,-1.00000,665513349584,0.00000
2092,1046,0,0.55950,2.83630,0.23580,0.05200,2560000,-1.00000,665513354334,0.00000
2093,1046,0,4.06960,0.00000,0.00000,0.03100,0,-1.00000,665513386589,0.00000
2094,1047,0,0.60240,2.37380,0.25160,0.10130,2560000,-1.00000,665513390815,0.00000
2095,1047,0,3.57480,0.00000,0.00000,0.03210,0,-1.00000,665513423130,0.00000
2096,1048,0,0.53290,2.34320,0.35860,0.04070,2560000,-1.00000,665513428708,0.00000
2097,1048,0,3.43190,0.00000,0.00000,0.02440,0,-1.00000,665513469435,0.00000
2098,1049,0,0.51380,2.27960,0.21160,0.03800,2560000,-1.00000,665513475415,0.00000
2099,1049,0,3.17350,0.00000,0.00000,0.02520,0,-1.00000,665513511224,0.00000
2100,1050,0,0.95530,2.32740,0.21760,0.03730,2560000,-1.00000,665513516494,0.00000
