tick,total_ms,navigation_ms,neighbors_ms,avoidance_ms,integration_ms,expanded,pending,failed,coarse,fallbacks,replans,first_arrived,current_arrived,never_ready,safety_pair_checks,limited
1,13.84360,10.56940,2.43710,0.81480,0.02080,608,994,0,16,0,0,0,0,994,1534,0
2,9.45500,4.64910,3.27900,1.50130,0.02430,574,978,0,32,0,0,0,0,978,1534,0
3,7.87060,3.80980,2.62710,1.40860,0.02420,462,962,0,48,0,0,0,0,962,1538,0
4,7.15930,3.77270,2.57680,0.78160,0.02740,401,946,0,64,0,0,0,0,946,1541,0
5,7.55230,4.10120,2.67010,0.75830,0.02200,582,930,0,80,0,0,0,0,930,1542,0
6,7.63330,3.76140,3.02050,0.83100,0.01950,398,914,0,96,0,0,0,0,914,1537,0
7,7.35240,3.99010,2.54950,0.78980,0.02210,645,898,0,112,0,0,0,0,898,1543,0
8,7.14350,3.73570,2.60060,0.78030,0.02600,614,883,0,128,0,0,0,0,882,1535,0
9,7.01320,3.68570,2.53220,0.77190,0.02270,621,867,0,144,0,0,0,0,866,1532,0
10,7.15320,3.82310,2.53200,0.77390,0.02310,697,851,0,160,0,0,0,0,850,1538,0
11,7.41840,3.62490,2.90590,0.86160,0.02520,548,836,0,176,0,0,0,0,834,1537,0
12,6.64800,3.30910,2.52930,0.78470,0.02390,406,820,0,192,0,0,0,0,818,1535,0
13,7.26900,3.50770,2.78150,0.95540,0.02350,497,805,0,208,0,0,0,0,802,1543,0
14,8.34300,3.44850,4.05880,0.81090,0.02400,486,789,0,224,0,0,0,0,786,1541,0
15,7.12480,3.74460,2.57990,0.77450,0.02460,710,773,0,240,0,0,0,0,770,1543,0
16,8.77310,5.43350,2.50520,0.81070,0.02290,658,758,0,256,0,0,0,0,754,1553,0
17,7.70240,3.38820,3.26550,1.02460,0.02330,387,742,0,272,0,0,0,0,738,1562,0
18,6.75110,3.47810,2.40690,0.82880,0.03600,482,726,0,288,0,0,0,0,722,1568,0
19,7.39180,3.80500,2.74300,0.82050,0.02270,727,711,0,304,0,0,0,0,706,1555,0
20,7.47620,3.76430,2.79720,0.88670,0.02700,891,696,0,320,0,0,0,0,690,1558,0
21,8.17130,3.88950,2.69980,1.53330,0.04760,412,681,0,336,0,0,0,0,674,1549,0
22,7.48100,4.07210,2.45840,0.91970,0.02970,597,665,0,352,0,0,0,0,658,1531,0
23,6.90370,3.77920,2.24290,0.84840,0.03220,521,650,0,368,0,0,0,0,642,1560,0
24,7.21760,4.00420,2.36460,0.82130,0.02630,662,634,0,384,0,0,0,0,626,1564,0
25,6.77070,3.59970,2.34250,0.80320,0.02410,573,619,0,400,0,0,0,0,610,1584,0
26,6.56970,3.46090,2.27450,0.81020,0.02320,519,603,0,416,0,0,0,0,594,1575,0
27,6.58290,3.49520,2.27000,0.79070,0.02590,629,588,0,432,0,0,0,0,578,1588,0
28,6.75760,3.56460,2.32760,0.82870,0.03570,568,573,0,448,0,0,0,0,562,1587,0
29,6.68070,3.42760,2.37980,0.84790,0.02350,441,559,0,464,0,0,0,0,546,1600,0
30,6.89460,3.66270,2.35040,0.85090,0.02970,515,544,0,480,0,0,0,0,530,1610,0
31,15.70430,11.71020,3.08490,0.88890,0.01860,1709,528,0,495,1,0,0,0,514,1620,0
32,8.13220,3.52950,3.65550,0.91720,0.02900,606,512,0,511,1,0,0,0,498,1622,0
33,7.44490,3.79620,2.77690,0.85280,0.01830,584,497,0,527,1,0,0,0,482,1626,0
34,7.51850,3.52110,2.99420,0.97800,0.02340,665,481,0,543,1,0,0,0,466,1633,0
35,8.23300,4.03400,3.22770,0.94520,0.02510,751,466,0,559,1,0,0,0,450,1648,0
36,8.71290,3.85770,3.91840,0.90690,0.02850,632,452,0,575,1,0,0,0,434,1676,0
37,7.71210,4.10430,2.72420,0.86180,0.02100,587,437,0,591,1,0,0,0,418,1684,0
38,7.77200,4.05060,2.75610,0.93280,0.03140,774,423,0,607,1,0,0,0,402,1676,0
39,7.64170,4.20000,2.54470,0.87050,0.02520,602,407,0,623,1,0,0,0,386,1676,0
40,7.28010,3.82950,2.55530,0.86530,0.02900,579,392,0,639,1,0,0,0,370,1659,0
41,7.42770,3.90820,2.61630,0.87490,0.02730,457,376,0,655,1,0,0,0,354,1685,0
42,7.29460,3.95630,2.38380,0.91970,0.03340,705,360,0,671,1,0,0,0,338,1704,0
43,7.36560,3.89970,2.47740,0.96350,0.02400,540,345,0,687,1,0,0,0,322,1701,0
44,7.44540,4.05340,2.50520,0.85650,0.02900,528,330,0,703,1,0,0,0,306,1715,0
45,7.42860,4.08090,2.37960,0.93100,0.03570,632,315,0,719,1,0,0,0,290,1743,0
46,9.22750,5.68510,2.50960,0.99720,0.03460,624,300,0,735,1,0,0,0,274,1768,0
47,7.74740,4.12850,2.67190,0.91980,0.02600,551,285,0,751,1,0,0,0,258,1806,0
48,7.14880,3.86360,2.34890,0.90340,0.03150,551,269,0,767,1,0,0,0,242,1843,0
49,7.45450,3.87470,2.54770,1.00320,0.02800,528,254,0,783,1,0,0,0,226,1880,0
50,7.58680,3.93450,2.61510,0.99950,0.03650,557,239,0,799,1,0,0,0,210,1886,0
51,7.41060,3.83160,2.59940,0.95040,0.02780,613,223,0,815,1,0,0,0,194,1869,0
52,15.21230,11.78990,2.42950,0.96120,0.03020,2573,207,0,831,2,0,0,0,178,1887,0
53,11.13090,7.62170,2.48090,0.98950,0.03720,1268,194,0,846,2,0,0,0,162,1897,0
54,7.67590,4.01150,2.56080,1.07240,0.02990,628,180,0,862,2,0,0,0,146,1933,0
55,7.72880,4.13030,2.56280,1.00440,0.03020,549,166,0,878,2,0,0,0,130,1986,0
56,12.21930,8.51980,2.62560,1.04590,0.02670,1668,150,0,894,3,0,0,0,114,2014,0
57,22.41080,18.83580,2.43630,1.09680,0.04050,4096,136,0,908,3,0,0,0,100,2021,0
58,22.32600,18.68840,2.51940,1.08210,0.03430,4096,123,0,922,3,0,0,0,86,2057,0
59,20.60640,16.93630,2.58820,1.05060,0.02990,4096,112,0,935,3,0,0,0,73,2098,0
60,20.76530,16.97820,2.71050,1.03590,0.03940,4096,99,0,949,3,0,0,0,59,2140,0
61,24.61710,19.53870,4.00560,1.05120,0.02010,4096,88,0,963,3,0,0,0,45,2171,0
62,20.96910,16.94240,2.96810,1.02440,0.03300,4096,74,0,978,3,0,0,0,30,2186,0
63,22.03710,17.99300,3.00710,1.00570,0.02970,4096,63,0,992,3,0,0,0,16,2164,0
64,21.89110,17.17730,3.66070,1.02800,0.02390,4096,53,0,1004,4,0,0,0,4,2174,0
65,21.40290,17.33840,2.76850,1.25460,0.04050,4096,40,0,1017,4,0,0,0,1,2201,0
66,21.14870,17.55790,2.56490,0.99720,0.02750,4096,27,0,1032,4,0,0,0,1,2237,0
67,20.98420,16.96180,2.90040,1.06210,0.05860,4096,17,0,1046,4,0,0,0,1,2287,0
68,19.38510,15.72620,2.60460,1.02210,0.03050,4096,4,0,1060,4,0,0,0,1,2331,0
69,19.51910,15.89880,2.55800,1.03310,0.02800,4096,1,0,1064,4,0,0,0,1,2365,0
70,18.65390,15.01950,2.56450,1.03990,0.02860,4096,1,0,1066,4,0,0,0,1,2386,0
71,17.72550,14.09490,2.51680,1.06960,0.04280,4096,1,0,1066,4,0,0,0,1,2423,0
72,18.56160,14.83960,2.59780,1.08810,0.03470,4096,1,0,1069,4,0,0,0,1,2497,0
73,18.21420,14.20990,2.76530,1.19770,0.04000,4096,1,0,1070,4,0,0,0,1,2545,0
74,18.19790,14.37940,2.71080,1.07700,0.02940,4096,1,0,1072,4,0,0,0,1,2582,0
75,18.96930,15.19110,2.64270,1.10490,0.02890,4096,1,0,1074,4,0,0,0,1,2617,0
76,23.50800,18.42790,3.91690,1.12940,0.03260,4096,1,0,1076,4,0,0,0,1,2657,0
77,21.54890,16.68180,3.73600,1.10320,0.02630,4096,1,0,1077,4,0,0,0,1,2674,0
78,19.67510,15.87480,2.70560,1.05950,0.03400,4096,1,0,1078,4,0,0,0,1,2694,0
79,5.44570,1.62820,2.69220,1.08690,0.03720,91,0,0,1079,4,0,0,0,0,2732,0
80,4.28960,0.51480,2.66500,1.07260,0.03570,0,0,0,1079,4,0,0,0,0,2771,0
81,5.77190,2.03780,2.64950,1.05850,0.02460,125,0,0,1083,4,0,0,0,0,2818,0
82,4.30280,0.51610,2.69510,1.06560,0.02520,0,0,0,1083,4,0,0,0,0,2845,0
83,5.04010,1.13870,2.69140,1.18540,0.02380,38,0,0,1085,4,0,0,0,0,2876,0
84,4.86450,1.10840,2.63830,1.09160,0.02530,85,0,0,1087,4,0,0,0,0,2908,0
85,5.25820,1.35840,2.63570,1.23520,0.02790,110,0,0,1091,4,0,0,0,0,2993,0
86,4.28900,0.45890,2.63670,1.17000,0.02260,0,0,0,1091,4,0,0,0,0,3032,0
87,5.64200,1.76000,2.71870,1.13450,0.02760,162,0,0,1096,4,0,0,0,0,3093,0
88,5.60110,1.69900,2.68480,1.19260,0.02380,126,0,0,1102,4,0,0,0,0,3149,0
89,5.15170,1.27690,2.64060,1.16350,0.06960,84,0,0,1106,4,0,0,0,0,3168,0
90,4.40590,0.69950,2.50940,1.17300,0.02300,22,0,0,1107,4,0,0,0,0,3235,0
91,8.37770,2.43120,4.51060,1.39380,0.04040,0,0,0,1107,4,0,0,0,0,3288,0
92,6.90000,1.22140,3.99900,1.61400,0.06490,37,0,0,1109,4,0,0,0,0,3320,0
93,5.53790,0.83550,3.50260,1.17440,0.02440,47,0,0,1110,4,0,0,0,0,3364,0
94,5.70560,1.17000,3.18640,1.32200,0.02660,41,0,0,1112,4,0,0,0,0,3393,0
95,6.05610,1.29950,3.47550,1.24890,0.03130,78,0,0,1115,4,0,0,0,0,3456,0
96,6.72920,1.48160,3.44050,1.78000,0.02640,230,0,0,1119,4,0,0,0,0,3476,0
97,6.37930,0.71420,4.34670,1.29290,0.02480,16,0,0,1120,4,0,0,0,0,3510,0
98,5.26260,0.78790,3.17780,1.26810,0.02780,26,0,0,1121,4,0,0,0,0,3582,0
99,4.90210,0.51160,3.13510,1.22920,0.02550,0,0,0,1121,4,0,0,0,0,3649,0
100,6.21710,1.65280,3.28440,1.22120,0.05780,146,0,0,1126,4,0,0,0,0,3683,0
101,5.26920,0.85350,3.13630,1.25020,0.02750,22,0,0,1127,4,0,0,0,0,3753,0
102,6.16620,1.60740,3.29120,1.23020,0.03630,94,0,0,1130,4,0,0,0,0,3787,0
103,5.56930,1.18830,3.20980,1.14710,0.02300,101,0,0,1132,4,0,0,0,0,3789,0
104,5.18170,0.81950,3.10710,1.22430,0.02910,15,0,0,1133,4,0,0,0,0,3824,0
105,5.53730,1.20520,3.07540,1.22070,0.03470,58,0,0,1135,4,0,0,0,0,3866,0
106,7.71380,3.54030,2.92410,1.21830,0.02910,95,0,0,1138,4,0,0,0,0,3912,0
107,5.88020,1.81280,2.81740,1.21850,0.02950,92,0,0,1142,4,0,0,0,0,3957,0
108,6.27370,2.14110,2.82690,1.27890,0.02590,139,0,0,1149,4,0,0,0,0,3990,0
109,6.60140,1.38450,4.01780,1.16140,0.03680,74,0,0,1153,4,0,0,0,0,4006,0
110,5.52390,1.45120,2.83250,1.21610,0.02220,119,0,0,1158,4,0,0,0,0,3995,0
111,5.52890,1.42630,2.93980,1.13910,0.02260,124,0,0,1162,4,0,0,0,0,4029,0
112,4.56410,0.50050,2.80650,1.22950,0.02700,0,0,0,1162,4,0,0,0,0,4101,0
113,4.78040,0.71600,2.87200,1.16690,0.02450,15,0,0,1163,4,0,0,0,0,4119,0
114,4.99390,1.03260,2.78890,1.14860,0.02290,30,0,0,1165,4,0,0,0,0,4092,0
115,5.02890,0.95430,2.78960,1.25090,0.03340,38,0,0,1167,4,0,0,0,0,4202,0
116,5.12690,0.94410,2.80350,1.35090,0.02760,41,0,0,1169,4,0,0,0,0,4234,0
117,4.60430,0.44760,2.81690,1.31140,0.02750,0,0,0,1169,4,0,0,0,0,4218,0
118,5.60750,1.46770,2.87230,1.23740,0.02920,126,0,0,1173,4,0,0,0,0,4214,0
119,4.80900,0.68760,2.82610,1.24080,0.05380,12,0,0,1174,4,0,0,0,0,4296,0
120,5.64360,1.50290,2.83140,1.28440,0.02410,89,0,0,1179,4,0,0,0,0,4303,0
121,10.06930,4.22000,3.99540,1.81300,0.03910,113,0,0,1183,4,0,0,0,0,4316,0
122,6.96510,1.46490,4.15490,1.32590,0.01870,96,0,0,1187,4,0,0,0,0,4336,0
123,7.14740,1.67100,4.14080,1.30820,0.02610,101,0,0,1191,4,0,0,0,0,4379,0
124,6.29000,1.56680,3.36910,1.32430,0.02870,117,0,0,1196,4,0,0,0,0,4472,0
125,6.81250,2.06150,3.28730,1.42940,0.03330,138,0,0,1201,4,0,0,0,0,4529,0
126,5.32870,0.98150,2.94500,1.36690,0.03460,78,0,0,1203,4,0,0,0,0,4513,0
127,6.03390,1.68280,3.11940,1.19870,0.03220,142,0,0,1208,4,0,0,0,0,4554,0
128,5.32140,0.79090,3.15900,1.33800,0.03260,12,0,0,1209,4,0,0,0,0,4536,0
129,5.70900,1.38100,3.08220,1.21370,0.03130,75,0,0,1212,4,0,0,0,0,4609,0
130,5.54300,1.38810,2.90430,1.22680,0.02270,101,0,0,1216,4,0,0,0,0,4632,0
131,4.74700,0.46510,2.87900,1.37440,0.02750,0,0,0,1216,4,0,0,0,0,4650,0
132,5.03520,0.99130,2.82120,1.19970,0.02200,31,0,0,1218,4,0,0,0,0,4728,0
133,6.13780,1.88070,2.95420,1.26700,0.03420,99,0,0,1223,4,0,0,0,0,4755,0
134,5.33940,1.02960,2.93050,1.34690,0.03160,26,0,0,1225,4,0,0,0,0,4772,0
135,5.86290,1.65670,2.85880,1.31050,0.03520,146,0,0,1229,4,0,0,0,0,4738,0
136,7.94000,3.65120,2.97020,1.28400,0.03330,137,0,0,1234,4,0,0,0,0,4785,0
137,6.23760,1.86020,3.02850,1.32250,0.02540,108,0,0,1240,4,0,0,0,0,4813,0
138,5.78120,1.31430,3.03500,1.39380,0.03680,69,0,0,1243,4,0,0,0,0,4855,0
139,6.73060,2.28680,3.06140,1.33760,0.04370,173,0,0,1250,4,0,0,0,0,4850,0
140,5.85260,1.27830,3.08830,1.45740,0.02730,108,0,0,1254,4,0,0,0,0,4852,0
141,5.59830,1.14680,3.01060,1.41230,0.02750,39,0,0,1256,4,0,0,0,0,4887,0
142,6.35960,1.74240,3.09230,1.49670,0.02690,123,0,0,1260,4,0,0,0,0,4939,0
143,5.71250,1.23480,3.03340,1.40680,0.03630,55,0,0,1262,4,0,0,0,0,4994,0
144,5.98790,1.62150,2.99830,1.33050,0.03610,95,0,0,1266,4,0,0,0,0,5019,0
145,6.37010,1.68580,3.10260,1.54770,0.03300,73,0,0,1270,4,0,0,0,0,5020,0
146,5.69010,1.16980,3.12370,1.36090,0.03470,97,0,0,1273,4,0,0,0,0,5041,0
147,5.96880,1.45170,3.00400,1.46020,0.05150,73,0,0,1277,4,0,0,0,0,5074,0
148,6.04910,1.44990,3.23370,1.33460,0.02900,46,0,0,1280,4,0,0,0,0,5043,0
149,5.70940,1.19700,3.13240,1.35150,0.02760,43,0,0,1283,4,0,0,0,0,5073,0
150,6.53700,2.02560,3.01590,1.45710,0.03740,211,0,0,1290,4,0,0,0,0,5084,0
151,10.76250,4.61610,4.65170,1.46810,0.02480,216,0,0,1298,4,0,0,0,0,5164,0
152,7.49220,2.03950,3.99460,1.41720,0.03960,139,0,0,1304,4,0,0,0,0,5199,0
153,5.67110,0.88260,3.47310,1.28850,0.02600,17,0,0,1305,4,0,0,0,0,5250,0
154,6.61350,1.84650,3.33420,1.39910,0.03250,64,0,0,1309,4,0,0,0,0,5250,0
155,6.62670,1.90760,3.34580,1.33090,0.04040,108,0,0,1313,4,0,0,0,0,5307,0
156,6.24030,1.82630,3.03110,1.33530,0.04590,125,0,0,1317,4,0,0,0,0,5284,0
157,6.33610,1.89530,3.12760,1.28000,0.03210,123,0,0,1322,4,0,0,0,0,5318,0
158,6.10170,1.40200,3.31670,1.34050,0.04100,40,0,0,1325,4,0,0,0,0,5344,0
159,5.74400,1.50440,2.92350,1.28320,0.03070,89,0,0,1328,4,0,0,0,0,5381,0
160,5.42340,1.03980,3.05700,1.29380,0.03190,31,0,0,1330,4,0,0,0,0,5440,0
161,6.02620,1.58320,3.11000,1.29900,0.03260,111,0,0,1334,4,0,0,0,0,5481,0
162,6.35720,1.51250,3.19110,1.61820,0.03430,80,0,0,1338,4,0,0,0,0,5520,0
163,5.46980,1.09350,2.97100,1.36520,0.03910,37,0,0,1340,4,0,0,0,0,5516,0
164,6.03360,1.40510,3.13960,1.45630,0.03190,66,0,0,1343,4,0,0,0,0,5525,0
165,6.43240,1.94150,3.00710,1.44380,0.03880,144,0,0,1348,4,0,0,0,0,5544,0
166,7.81390,3.17430,3.24510,1.35860,0.03470,80,0,0,1352,4,0,0,0,0,5576,0
167,5.82490,0.81140,3.24320,1.74210,0.02700,22,0,0,1353,4,0,0,0,0,5580,0
168,6.07860,1.41140,3.25390,1.38070,0.03160,49,0,0,1356,4,0,0,0,0,5627,0
169,6.12820,1.46760,3.19390,1.42730,0.03840,70,0,0,1360,4,0,0,0,0,5632,0
170,4.99920,0.45280,3.11730,1.39590,0.03230,0,0,0,1360,4,0,0,0,0,5677,0
171,6.47950,1.83050,3.19080,1.42610,0.03120,123,0,0,1365,4,0,0,0,0,5711,0
172,5.72600,1.22950,3.09410,1.36810,0.03340,38,0,0,1368,4,0,0,0,0,5727,0
173,6.30910,1.66010,3.27220,1.34340,0.03230,82,0,0,1372,4,0,0,0,0,5748,0
174,5.75400,1.13320,3.20340,1.38130,0.03480,41,0,0,1374,4,0,0,0,0,5747,0
175,6.20630,1.54120,3.24350,1.38590,0.03490,75,0,0,1378,4,0,0,0,0,5774,0
176,9.16580,4.51260,3.20510,1.41600,0.03020,500,0,0,1385,5,0,0,0,0,5824,0
177,6.16650,1.32030,3.22010,1.59440,0.03050,57,0,0,1388,5,0,0,0,0,5876,0
178,5.79270,1.05470,3.33210,1.37490,0.02990,62,0,0,1390,5,0,0,0,0,5945,0
179,6.64340,1.84970,3.28980,1.47420,0.02800,129,0,0,1395,5,0,0,0,0,5893,0
180,5.65900,0.98640,3.26830,1.37040,0.03270,32,0,0,1397,5,0,0,0,0,5916,0
181,8.46300,3.07490,3.89420,1.47190,0.02030,45,0,0,1399,5,0,0,0,0,5995,0
182,5.57580,0.49210,3.68000,1.32450,0.07810,0,0,0,1399,5,0,0,0,0,6040,0
183,6.39210,1.18760,3.46580,1.70690,0.03060,39,0,0,1401,5,0,0,0,0,6093,0
184,7.52980,1.91720,4.01670,1.56770,0.02760,98,0,0,1406,5,0,0,0,0,6080,0
185,6.80430,1.86640,3.48950,1.41550,0.03210,114,0,0,1412,5,0,0,0,0,6128,0
186,6.64520,1.42360,3.81740,1.37520,0.02750,87,0,0,1415,5,0,0,0,0,6190,0
187,6.21910,1.11490,3.65950,1.41590,0.02760,53,0,0,1417,5,0,0,0,0,6243,0
188,6.82810,1.73170,3.38590,1.67910,0.03020,124,0,0,1421,5,0,0,0,0,6295,0
189,5.92560,1.00900,3.41410,1.45720,0.04420,32,0,0,1423,5,0,0,0,0,6329,0
190,7.29140,1.50720,4.11330,1.61500,0.05450,69,0,0,1427,5,0,0,0,0,6380,0
191,7.29220,2.33180,3.47220,1.44810,0.03760,74,0,0,1432,5,0,0,0,0,6399,0
192,5.42410,0.43790,3.50400,1.45570,0.02550,0,0,0,1432,5,0,0,0,0,6366,0
193,6.80830,2.15970,3.19950,1.40780,0.04030,159,0,0,1439,5,0,0,0,0,6449,0
194,6.43570,1.68170,3.33690,1.38360,0.03190,83,0,0,1443,5,0,0,0,0,6465,0
195,5.96630,1.23290,3.26950,1.42250,0.04020,81,0,0,1446,5,0,0,0,0,6459,0
196,7.66570,2.83260,3.37620,1.42400,0.03170,52,0,0,1448,5,0,0,0,0,6497,0
197,5.73730,0.83590,3.37160,1.49530,0.03350,17,0,0,1449,5,0,0,0,0,6483,0
198,6.18950,1.46510,3.22240,1.47330,0.02740,40,0,0,1452,5,0,0,0,0,6572,0
199,6.25700,1.28070,3.44240,1.50090,0.03170,80,0,0,1455,5,0,0,0,0,6646,0
200,5.76060,0.89630,3.39640,1.43890,0.02750,16,0,0,1456,5,0,0,0,0,6639,0
201,6.67510,1.76800,3.33160,1.54660,0.02770,104,0,0,1461,5,0,0,0,0,6654,0
202,7.39810,1.64640,4.26700,1.45890,0.02470,90,0,0,1465,5,0,0,0,0,6718,0
203,6.50890,1.74660,3.32410,1.41000,0.02690,129,0,0,1470,5,0,0,0,0,6762,0
204,5.84390,0.95080,3.36750,1.47540,0.04940,39,0,0,1473,5,0,0,0,0,6759,0
205,6.07230,1.51720,3.13210,1.39540,0.02650,124,0,0,1477,5,0,0,0,0,6829,0
206,5.46120,0.86660,3.07290,1.49200,0.02860,38,0,0,1479,5,0,0,0,0,6931,0
207,5.62010,0.67380,3.49090,1.42700,0.02770,40,0,0,1480,5,0,0,0,0,6941,0
208,6.19420,1.34230,3.39180,1.43170,0.02770,87,0,0,1484,5,0,0,0,0,6966,0
209,5.67380,1.08430,3.17360,1.38770,0.02720,38,0,0,1487,5,0,0,0,0,6965,0
210,6.46770,1.54230,3.48080,1.41790,0.02530,70,0,0,1491,5,0,0,0,0,7077,0
211,8.97620,2.93840,4.43330,1.57450,0.02800,54,0,0,1493,5,0,0,0,0,7115,0
212,7.20560,1.32060,4.32280,1.54130,0.02000,57,0,0,1496,5,0,0,0,0,7194,0
213,6.52850,0.92830,4.06900,1.50570,0.02460,32,0,0,1498,5,0,0,0,0,7214,0
214,6.88210,0.98890,4.24280,1.61840,0.03100,42,0,0,1500,5,0,0,0,0,7285,0
215,7.26710,1.41510,4.21490,1.61550,0.02060,56,0,0,1504,5,0,0,0,0,7330,0
216,7.51670,1.74920,4.20230,1.54180,0.02240,124,0,0,1511,5,0,0,0,0,7384,0
217,6.94010,1.40500,3.96050,1.54460,0.02860,67,0,0,1515,5,0,0,0,0,7404,0
218,6.82810,1.49750,3.87560,1.43260,0.02160,126,0,0,1520,5,0,0,0,0,7481,0
219,6.52990,0.81240,4.11660,1.57170,0.02820,27,0,0,1522,5,0,0,0,0,7531,0
220,6.74160,1.37940,3.81550,1.51800,0.02780,107,0,0,1526,5,0,0,0,0,7604,0
221,7.90670,1.57140,4.16700,2.14140,0.02620,94,0,0,1532,5,0,0,0,0,7658,0
222,6.92080,1.10680,4.22030,1.55970,0.03330,67,0,0,1535,5,0,0,0,0,7728,0
223,7.98120,2.24720,4.15320,1.55960,0.02040,165,0,0,1544,5,0,0,0,0,7722,0
224,7.28620,1.50480,4.20960,1.54500,0.02500,79,0,0,1550,5,0,0,0,0,7755,0
225,6.44810,0.88660,4.02350,1.51410,0.02300,36,0,0,1552,5,0,0,0,0,7869,0
226,8.26250,2.88250,3.88720,1.46640,0.02520,50,0,0,1555,5,0,0,0,0,7943,0
227,6.61810,1.33740,3.78780,1.46920,0.02280,103,0,0,1560,5,0,0,0,0,7934,0
228,6.70630,0.92660,4.28190,1.46880,0.02820,44,0,0,1563,5,0,0,0,0,7943,0
229,5.67910,0.75740,3.49500,1.40010,0.02590,33,0,0,1565,5,0,0,0,0,7953,0
230,6.68690,1.55510,3.64230,1.46370,0.02510,109,0,0,1572,5,0,0,0,0,8042,0
231,6.02090,0.96320,3.52790,1.50690,0.02210,39,0,0,1575,5,0,0,0,0,8080,0
232,6.15830,1.15140,3.48760,1.48760,0.03110,70,0,0,1579,5,0,0,0,0,8074,0
233,6.28310,1.26510,3.52000,1.47100,0.02620,69,0,0,1584,5,0,0,0,0,8147,0
234,5.83760,0.81320,3.52750,1.47270,0.02340,45,0,0,1586,5,0,0,0,0,8232,0
235,5.71320,0.80210,3.44200,1.44020,0.02820,20,0,0,1588,5,0,0,0,0,8308,0
236,6.39410,1.39500,3.52080,1.44540,0.03230,81,0,0,1594,5,0,0,0,0,8382,0
237,6.17290,1.13060,3.48670,1.53300,0.02180,61,0,0,1598,5,0,0,0,0,8436,0
238,6.77390,1.81170,3.41580,1.51820,0.02700,131,0,0,1606,5,0,0,0,0,8460,0
239,6.32470,1.22670,3.57410,1.47700,0.04610,67,0,0,1611,5,0,0,0,0,8490,0
240,6.14360,1.44590,3.20760,1.45960,0.02970,79,0,0,1617,5,0,0,0,0,8531,0
241,11.06800,3.91460,4.81100,2.31050,0.03000,105,0,0,1625,5,0,0,0,0,8599,0
242,7.51850,1.20910,4.67300,1.61890,0.01680,73,0,0,1629,5,0,0,0,0,8620,0
243,7.48510,1.03490,4.71030,1.71540,0.02370,48,0,0,1632,5,0,0,0,0,8645,0
244,8.06560,1.51160,4.66280,1.86580,0.02460,76,0,0,1638,5,0,0,0,0,8693,0
245,8.07760,1.74950,4.57170,1.72300,0.03260,99,0,0,1644,5,0,0,0,0,8733,0
246,7.47390,1.10990,4.56980,1.76500,0.02850,45,0,0,1647,5,0,0,0,0,8712,0
247,7.19410,0.84540,4.68900,1.62490,0.03400,52,0,0,1649,5,0,0,0,0,8863,0
248,7.25130,0.80530,4.63020,1.79260,0.02250,26,0,0,1651,5,0,0,0,0,8966,0
249,7.32130,0.99450,4.58570,1.70300,0.03730,48,0,0,1653,5,0,0,0,0,8960,0
250,7.32570,1.01650,4.65440,1.63570,0.01820,56,0,0,1656,5,0,0,0,0,8956,0
251,7.35200,1.06020,4.60860,1.65860,0.02380,45,0,0,1659,5,0,0,0,0,8999,0
252,7.31950,1.32250,4.43220,1.54630,0.01760,108,0,0,1664,5,0,1,1,0,9057,0
253,7.53920,1.39230,4.44600,1.68090,0.01940,76,0,0,1670,5,0,1,1,0,9047,0
254,6.99460,0.96670,4.43930,1.56710,0.02080,35,0,0,1673,5,0,1,1,0,9101,0
255,7.25320,1.12590,4.47300,1.63410,0.01940,56,0,0,1677,5,0,1,1,0,9043,0
256,8.35930,2.26540,4.47690,1.59250,0.02380,45,0,0,1681,5,0,1,1,0,9027,0
257,7.73960,1.52470,4.60900,1.58590,0.01930,100,0,0,1686,5,0,1,1,0,9058,0
258,7.21300,1.01400,4.37800,1.79750,0.02270,40,0,0,1689,5,0,1,1,0,9050,0
259,8.09330,1.26650,4.56220,2.24080,0.02320,57,0,0,1693,5,0,1,1,0,9064,0
260,6.76730,0.98670,4.20520,1.54950,0.02510,50,0,0,1696,5,0,1,1,0,9089,0
261,7.63030,1.42160,4.49550,1.68030,0.03190,44,0,0,1700,5,0,1,1,0,9075,0
262,7.36420,1.16770,4.49740,1.67180,0.02670,33,0,0,1704,5,0,1,1,0,9055,0
263,6.91490,0.89440,4.48590,1.51490,0.01880,23,0,0,1707,5,0,1,1,0,9033,0
264,6.51560,0.79510,4.17060,1.52380,0.02530,33,0,0,1709,5,0,1,1,0,9064,0
265,6.20630,0.59740,4.05390,1.53070,0.02350,12,0,0,1710,5,0,1,1,0,9150,0
266,6.56680,0.67970,4.25220,1.61080,0.02330,13,0,0,1711,5,0,1,1,0,9196,0
267,7.05000,1.16540,4.25510,1.60860,0.02010,84,0,0,1715,5,0,1,1,0,9251,0
268,6.83740,0.78460,4.40830,1.61510,0.02870,26,0,0,1717,5,0,1,1,0,9224,0
269,7.69660,1.67570,4.36450,1.63250,0.02270,83,0,0,1723,5,0,1,1,0,9258,0
270,6.32350,1.04540,3.75280,1.49950,0.02480,43,0,0,1727,5,0,1,1,0,9218,0
271,8.91160,3.10520,4.10260,1.67100,0.03140,43,0,0,1730,5,0,2,2,0,9180,0
272,7.96990,1.39630,4.87910,1.67470,0.01890,85,0,0,1734,5,0,2,2,0,9166,0
273,8.14690,1.83920,4.59540,1.68300,0.02840,103,0,0,1742,5,0,2,2,0,9139,0
274,7.96100,1.48020,4.80890,1.64810,0.02310,106,0,0,1748,5,0,2,2,0,9247,0
275,7.06970,0.75830,4.56900,1.71490,0.02660,40,0,0,1750,5,0,2,2,0,9271,0
276,7.60640,1.26090,4.59400,1.72810,0.02270,52,0,0,1755,5,0,2,2,0,9265,0
277,7.75220,1.41910,4.60410,1.69740,0.03080,66,0,0,1761,5,0,2,2,0,9279,0
278,7.21930,0.94260,4.61680,1.63220,0.02690,28,0,0,1764,5,0,2,2,0,9249,0
279,7.61190,1.15470,4.66160,1.77270,0.02220,48,0,0,1767,5,0,2,2,0,9203,0
280,7.33660,1.01750,4.62940,1.66330,0.02540,45,0,0,1770,5,0,2,2,0,9104,0
281,7.03560,0.81300,4.51540,1.66540,0.04120,27,0,0,1772,5,0,2,2,0,9065,0
282,6.96440,1.01310,4.25160,1.67820,0.02090,78,0,0,1775,5,0,2,2,0,9012,0
283,6.82960,1.11140,4.06210,1.63660,0.01890,42,0,0,1779,5,0,2,2,0,9052,0
284,6.94030,0.75590,4.45840,1.63630,0.08900,23,0,0,1781,5,0,2,2,0,9149,0
285,7.37590,1.54300,4.15330,1.64930,0.02950,90,0,0,1787,5,0,2,2,0,9259,0
286,8.92890,2.79960,4.53140,1.57030,0.02670,46,0,0,1791,5,0,2,2,0,9279,0
287,6.73290,0.45170,4.56310,1.69730,0.02000,0,0,0,1791,5,0,2,2,0,9257,0
288,7.60610,1.48810,4.36940,1.70780,0.03990,62,0,0,1796,5,0,2,2,0,9216,0
289,7.02040,1.00180,4.27640,1.71490,0.02640,40,0,0,1798,5,0,2,2,0,9217,0
290,7.50920,1.59250,4.21690,1.67530,0.02380,70,0,0,1804,5,0,2,2,0,9236,0
291,6.81840,0.96840,4.26820,1.55870,0.02230,49,0,0,1807,5,0,2,2,0,9165,0
292,7.04410,1.22280,4.19910,1.58010,0.04140,57,0,0,1812,5,0,2,2,0,9188,0
293,7.53720,1.52790,4.41070,1.56240,0.03540,69,0,0,1818,5,0,2,2,0,9191,0
294,6.61880,0.97120,3.99840,1.61250,0.03580,47,0,0,1821,5,0,2,2,0,9218,0
295,6.76600,0.78730,4.35600,1.60130,0.02050,34,0,0,1823,5,0,2,2,0,9211,0
296,7.41120,1.44600,4.32740,1.61610,0.02080,80,0,0,1829,5,0,3,3,0,9187,0
297,6.83600,0.83000,4.35360,1.63110,0.02060,63,0,0,1831,5,0,3,3,0,9225,0
298,7.02070,1.22920,4.17820,1.59220,0.02030,50,0,0,1836,5,0,3,3,0,9208,0
299,6.69200,1.18080,3.82560,1.64240,0.04240,93,0,0,1840,5,0,4,4,0,9217,0
300,7.35720,1.23120,4.46700,1.63510,0.02270,42,0,0,1843,5,0,4,4,0,9205,0
301,10.21220,3.51360,4.92380,1.74030,0.03260,63,0,0,1849,5,0,4,4,0,9151,0
302,7.23180,0.63810,4.92240,1.65010,0.02020,17,0,0,1850,5,0,4,3,0,9092,0
303,8.37170,1.73040,4.97420,1.64360,0.02290,105,0,0,1857,5,0,5,4,0,9155,0
304,7.49700,1.35170,4.53800,1.58440,0.02200,78,0,0,1862,5,0,6,5,0,9070,0
305,7.32290,1.14270,4.54340,1.61280,0.02320,52,0,0,1866,5,0,7,6,0,9035,0
306,7.51970,1.35010,4.54610,1.60190,0.02090,114,0,0,1871,5,0,7,6,0,8932,0
307,7.29260,1.50000,4.25480,1.50980,0.02690,74,0,0,1878,5,0,7,6,0,8944,0
308,7.84990,0.95650,5.07870,1.78270,0.03090,38,0,0,1881,5,0,7,6,0,8934,0
309,6.99470,1.24730,4.15880,1.56450,0.02330,55,0,0,1885,5,0,7,6,0,8922,0
310,6.18410,0.56380,3.93210,1.66260,0.02470,6,0,0,1886,5,0,7,6,0,8962,0
311,6.26320,1.05550,3.68860,1.49650,0.02140,47,0,0,1889,5,0,7,6,0,8930,0
312,5.92840,0.60440,3.74140,1.55740,0.02430,13,0,0,1890,5,0,7,6,0,8908,0
313,6.19490,0.97690,3.71630,1.47970,0.02140,33,0,0,1893,5,0,8,7,0,8870,0
314,6.58370,1.38920,3.63880,1.52910,0.02560,126,0,0,1898,5,0,8,7,0,8855,0
315,6.30990,1.18590,3.58930,1.50900,0.02490,68,0,0,1903,5,0,8,7,0,8829,0
316,7.92180,2.86460,3.59730,1.43270,0.02630,74,0,0,1908,5,0,9,8,0,8783,0
317,5.62710,0.57570,3.49660,1.52990,0.02420,11,0,0,1909,5,0,10,9,0,8710,0
318,6.04000,0.95580,3.55900,1.49110,0.03300,40,0,0,1912,5,0,11,10,0,8632,0
319,6.11440,0.99630,3.61670,1.47580,0.02460,43,0,0,1915,5,0,11,10,0,8571,0
320,5.62470,0.57930,3.52850,1.48010,0.03600,6,0,0,1916,5,0,12,11,0,8511,0
321,6.57260,1.44110,3.54880,1.55310,0.02850,112,0,0,1921,5,0,13,12,0,8539,0
322,6.33110,1.27440,3.52860,1.49070,0.03590,17,0,0,1924,5,0,14,13,0,8530,0
323,6.46280,1.42940,3.52110,1.48890,0.02230,47,0,0,1928,5,0,14,13,0,8545,0
324,6.53430,1.46060,3.49290,1.55450,0.02530,56,0,0,1933,5,0,15,14,0,8482,0
325,6.05590,1.05650,3.53180,1.44180,0.02460,22,0,0,1935,5,0,15,14,0,8475,0
326,6.11160,1.05810,3.55980,1.46690,0.02540,35,0,0,1937,5,0,15,14,0,8468,0
327,6.34580,1.26900,3.52160,1.52850,0.02520,51,0,0,1941,5,0,15,14,0,8412,0
328,5.95140,0.81690,3.57400,1.53670,0.02320,14,0,0,1943,5,0,15,14,0,8399,0
329,7.31020,2.31840,3.53550,1.43190,0.02340,208,0,0,1954,5,0,15,14,0,8416,0
330,5.79830,1.06350,3.23720,1.47110,0.02570,37,0,0,1958,5,0,16,15,0,8396,0
331,9.30740,2.08490,5.38950,1.80080,0.03080,56,0,0,1961,5,0,17,16,0,8286,0
332,8.76370,1.11430,5.98010,1.58560,0.08290,64,0,0,1964,5,0,17,16,0,8261,0
333,7.63120,1.47080,4.61270,1.52610,0.02080,63,0,0,1969,5,0,17,16,0,8275,0
334,6.91250,0.60930,4.62110,1.65330,0.02800,4,0,0,1970,5,0,18,17,0,8215,0
335,7.69380,1.44450,4.69020,1.53750,0.02070,94,0,0,1976,5,0,18,17,0,8200,0
336,8.74920,1.16130,5.86220,1.69710,0.02750,52,0,0,1980,5,0,19,19,0,8174,0
337,7.19660,0.96710,4.61650,1.59460,0.01770,23,0,0,1983,5,0,19,19,0,8080,0
338,7.55490,1.24030,4.38070,1.91090,0.02220,54,0,0,1986,5,0,21,20,0,8001,0
339,6.60180,0.72710,4.41430,1.44330,0.01650,7,0,0,1987,5,0,21,20,0,7956,0
340,8.13040,0.98250,5.03740,2.08210,0.02760,37,0,0,1990,5,0,24,23,0,7895,0
341,7.23600,1.28150,4.39730,1.52950,0.02720,66,0,0,1994,5,0,24,22,0,7735,0
342,6.99790,0.74960,4.67940,1.54740,0.02070,20,0,0,1996,5,0,28,27,0,7665,0
343,6.99200,1.22320,4.24620,1.49490,0.02700,67,0,0,2000,5,0,29,27,0,7670,0
344,8.42560,1.70440,5.23250,1.46050,0.02710,80,0,0,2006,5,0,31,29,0,7610,0
345,6.66510,0.84390,4.30450,1.49900,0.01690,23,0,0,2008,5,0,32,28,0,7574,0
346,8.31690,2.34800,4.36550,1.58360,0.01910,13,0,0,2009,5,0,32,29,0,7543,0
347,6.92290,1.27220,3.80570,1.82200,0.02210,71,0,0,2014,5,0,32,30,0,7546,0
348,6.82560,1.31340,3.96840,1.52420,0.01890,78,0,0,2019,5,0,34,32,0,7487,0
349,6.59910,1.16200,3.89030,1.51410,0.03210,46,0,0,2024,5,0,36,33,0,7421,0
350,7.42770,1.41930,4.50110,1.46270,0.04360,83,0,0,2029,5,0,37,34,0,7355,0
351,6.58000,1.41650,3.78210,1.36150,0.01910,85,0,0,2035,5,0,38,35,0,7343,0
352,6.28020,1.34780,3.56080,1.33600,0.03500,50,0,0,2041,5,0,38,35,0,7343,0
353,6.89050,1.18050,4.29230,1.39610,0.02090,78,0,0,2045,5,0,39,36,0,7392,0
354,5.90700,0.64970,3.85620,1.38250,0.01780,12,0,0,2046,5,0,39,36,0,7349,0
355,5.85910,0.82110,3.58210,1.43530,0.01990,27,0,0,2048,5,0,39,34,0,7294,0
356,6.28610,0.79680,3.66810,1.80160,0.01890,17,0,0,2050,5,0,40,36,0,7235,0
357,5.81370,0.72250,3.71860,1.35080,0.02100,18,0,0,2052,5,0,41,37,0,7184,0
358,6.31260,1.15930,3.73530,1.38830,0.02900,65,0,0,2056,5,0,43,38,0,7151,0
359,5.82860,0.80210,3.64800,1.32050,0.05730,26,0,0,2058,5,0,43,38,0,7085,0
360,5.91940,0.89320,3.62010,1.38230,0.02300,27,0,0,2061,5,0,44,39,0,7040,0
361,9.05670,2.30920,5.10640,1.61040,0.02940,0,0,0,2061,5,0,44,39,0,7072,0
362,10.98560,1.93770,7.59650,1.42160,0.02870,79,0,0,2067,5,0,44,39,0,7043,0
363,6.94430,1.68330,3.80260,1.43790,0.01980,87,0,0,2073,5,0,45,37,0,6986,0
364,6.50470,0.80710,4.21320,1.46080,0.02290,55,0,0,2075,5,0,46,39,0,6935,0
365,6.21530,1.03310,3.72080,1.43450,0.02600,55,0,0,2078,5,0,47,41,0,6932,0
366,6.67010,1.63690,3.64760,1.35520,0.02930,69,0,0,2083,5,0,49,42,0,6911,0
367,6.36650,0.93800,3.67540,1.73280,0.01950,15,0,0,2085,5,0,49,41,0,6873,0
368,6.20130,1.24930,3.69520,1.23890,0.01720,50,0,0,2089,5,0,49,42,0,6817,0
369,6.29180,0.83700,3.68980,1.73670,0.02730,21,0,0,2091,5,0,49,42,0,6785,0
370,5.36040,0.43970,3.50730,1.39390,0.01890,0,0,0,2091,5,0,49,41,0,6773,0
371,5.74140,0.66060,3.62750,1.43250,0.02000,19,0,0,2092,5,0,51,43,0,6678,0
372,5.61920,0.63470,3.60450,1.35190,0.02740,14,0,0,2093,5,0,52,43,0,6644,0
373,5.37060,0.77750,3.23920,1.33090,0.02220,21,0,0,2095,5,0,52,43,0,6639,0
374,5.64640,0.82500,3.43580,1.36400,0.02090,33,0,0,2097,5,0,53,47,0,6614,0
375,5.58340,0.95850,3.26490,1.33670,0.02260,25,0,0,2100,5,0,53,47,0,6521,0
376,6.91630,2.19430,3.33550,1.36350,0.02240,0,0,0,2100,5,0,54,47,0,6459,0
377,6.17240,1.65020,3.12550,1.37000,0.02600,108,0,0,2107,5,0,55,47,0,6416,0
378,6.57140,1.62090,3.54780,1.38050,0.02140,96,0,0,2115,5,0,56,48,0,6351,0
379,5.11820,0.78430,3.01840,1.29340,0.02140,61,0,0,2117,5,0,57,46,0,6274,0
380,5.40650,0.90750,3.20460,1.26830,0.02530,55,0,0,2120,5,0,57,46,0,6202,0
381,5.38300,0.98240,3.06940,1.30630,0.02400,51,0,0,2123,5,0,58,45,0,6153,0
382,4.90820,0.54680,3.05620,1.28410,0.02040,7,0,0,2124,5,0,59,47,0,6187,0
383,4.99260,0.66430,2.99460,1.31140,0.02140,7,0,0,2125,5,0,59,46,0,6128,0
384,5.05120,0.70160,3.02060,1.29870,0.02930,12,0,0,2126,5,0,60,48,0,5994,0
385,5.55200,0.73320,3.45330,1.34490,0.01940,20,0,0,2127,5,0,60,50,0,6004,0
386,4.89590,0.68150,2.98310,1.21130,0.01920,9,0,0,2128,5,0,60,48,0,5990,0
387,5.69320,1.38860,3.03460,1.24680,0.02200,32,0,0,2132,5,0,62,50,0,5957,0
388,5.01100,0.63430,3.03660,1.31480,0.02420,12,0,0,2133,5,0,64,52,0,5872,0
389,5.32940,0.97570,3.05130,1.27730,0.02380,33,0,0,2135,5,0,67,55,0,5817,0
390,5.74470,1.46950,2.98520,1.25600,0.03280,76,0,0,2140,5,0,68,55,0,5724,0
391,9.51130,3.01870,5.07340,1.39500,0.02300,20,0,0,2142,5,0,70,58,0,5689,0
392,8.81470,1.58490,5.58820,1.61000,0.03080,93,0,0,2148,5,0,71,58,0,5632,0
393,7.70030,1.08370,5.29950,1.29560,0.02050,55,0,0,2151,5,0,74,60,0,5627,0
394,6.62620,0.77290,4.58270,1.24690,0.02300,18,0,0,2153,5,0,74,59,0,5579,0
395,6.77150,1.26190,4.20170,1.28530,0.02190,51,0,0,2158,5,0,75,60,0,5581,0
396,7.34550,0.77130,5.11300,1.43880,0.02160,33,0,0,2160,5,0,77,61,0,5543,0
397,5.84560,0.59840,3.91140,1.31300,0.02200,14,0,0,2161,5,0,77,62,0,5463,0
398,6.35870,0.59100,3.95380,1.79080,0.02230,7,0,0,2162,5,0,78,64,0,5428,0
399,6.09030,0.55750,4.25360,1.25590,0.02270,5,0,0,2163,5,0,79,66,0,5423,0
400,6.02560,0.90560,3.86240,1.23460,0.02220,32,0,0,2166,5,0,82,70,0,5366,0
401,5.67700,0.71550,3.58710,1.34770,0.02540,9,0,0,2167,5,0,85,73,0,5366,0
402,5.79540,1.01080,3.52590,1.23420,0.02370,42,0,0,2170,5,0,86,75,0,5278,0
403,5.91110,0.76710,3.40180,1.71830,0.02320,23,0,0,2172,5,0,88,75,0,5242,0
404,5.26610,0.59830,3.43310,1.21480,0.01920,13,0,0,2173,5,0,88,74,0,5174,0
405,6.18600,1.08770,3.79040,1.28720,0.02000,46,0,0,2177,5,0,90,76,0,5146,0
406,6.87150,2.25970,3.34400,1.24420,0.02290,27,0,0,2178,5,0,91,78,0,5134,0
407,5.94700,1.34920,3.28310,1.29410,0.02000,77,0,0,2184,5,0,91,75,0,5091,0
408,5.22010,0.72880,3.27240,1.19570,0.02230,20,0,0,2186,5,0,92,77,0,5008,0
409,6.39950,1.03220,4.06840,1.28000,0.01820,36,0,0,2190,5,0,96,80,0,4971,0
410,5.53260,1.08970,3.24280,1.18100,0.01800,43,0,0,2194,5,0,99,84,0,4959,0
411,5.82160,0.83310,3.69240,1.27260,0.02280,32,0,0,2197,5,0,102,86,0,4915,0
412,5.08530,0.62730,3.30690,1.13260,0.01770,13,0,0,2198,5,0,105,89,0,4864,0
413,5.01970,0.56260,3.19570,1.23860,0.02190,8,0,0,2199,5,0,107,88,0,4841,0
414,5.46340,0.77500,3.44210,1.22240,0.02310,20,0,0,2201,5,0,109,89,0,4826,0
415,4.98340,0.59530,3.15010,1.21770,0.01980,11,0,0,2202,5,0,110,92,0,4780,0
416,6.32440,1.02350,4.09270,1.18730,0.02020,46,0,0,2206,5,0,114,96,0,4792,0
417,4.93430,0.55590,3.15870,1.19740,0.02180,16,0,0,2207,5,0,115,94,0,4748,0
418,5.29140,0.86500,3.24560,1.16250,0.01740,28,0,0,2210,5,0,116,95,0,4667,0
419,5.06040,0.70020,3.11790,1.21810,0.02380,22,0,0,2212,5,0,118,97,0,4630,0
420,5.37690,1.00340,3.15410,1.20050,0.01810,51,0,0,2216,5,0,121,96,0,4609,0
421,8.59690,2.30040,4.86920,1.22930,0.19600,0,0,0,2216,5,0,121,94,0,4552,0
422,6.97340,1.05140,4.50870,1.38830,0.02410,36,0,0,2218,5,0,122,94,0,4550,0
423,7.85230,0.99250,5.54810,1.27300,0.03790,19,0,0,2220,5,0,124,97,0,4476,0
424,5.75060,0.64080,3.78540,1.28600,0.03760,10,0,0,2221,5,0,124,97,0,4482,0
425,6.15360,1.13300,3.79830,1.20340,0.01810,37,0,0,2224,5,0,128,99,0,4447,0
426,6.00770,0.70200,3.64380,1.63510,0.02600,15,0,0,2226,5,0,131,100,0,4364,0
427,6.12770,1.07990,3.83440,1.18700,0.02570,53,0,0,2230,5,0,135,107,0,4350,0
428,6.33500,0.73160,4.28340,1.29460,0.02470,12,0,0,2231,5,0,136,110,0,4275,0
429,5.88270,0.84730,3.77790,1.23770,0.01910,9,0,0,2233,5,0,138,109,0,4224,0
430,5.68400,0.87670,3.56210,1.22620,0.01810,17,0,0,2235,5,0,141,113,0,4189,0
431,5.71080,1.27950,3.17880,1.22500,0.02660,60,0,0,2240,5,0,143,115,0,4163,0
432,6.10620,0.75710,3.74250,1.58400,0.02190,23,0,0,2242,5,0,146,118,0,4133,0
433,5.24790,0.87440,3.20160,1.14830,0.02300,36,0,0,2245,5,0,149,119,0,4064,0
434,6.25220,0.71440,4.33170,1.18800,0.01740,15,0,0,2247,5,0,151,120,0,4005,0
435,5.51310,0.57320,3.73100,1.18770,0.02040,12,0,0,2248,5,0,152,123,0,3982,0
436,6.87860,2.42090,3.28520,1.15430,0.01750,24,0,0,2250,5,0,155,123,0,3985,0
437,5.84130,1.04130,3.59330,1.18440,0.02150,31,0,0,2254,5,0,158,129,0,3941,0
438,4.80640,0.54780,3.10210,1.12890,0.02700,7,0,0,2255,5,0,164,135,0,3892,0
439,5.06860,0.53800,3.29350,1.21790,0.01850,9,0,0,2256,5,0,167,137,0,3828,0
440,5.15690,0.91560,3.07130,1.14770,0.02150,36,0,0,2259,5,0,168,135,0,3746,0
441,5.79130,0.44390,4.15190,1.17710,0.01770,0,0,0,2259,5,0,172,139,0,3746,0
442,5.02330,0.85670,3.02930,1.11870,0.01800,36,0,0,2262,5,0,175,139,0,3743,0
443,4.91270,0.70860,3.12110,1.06310,0.01910,28,0,0,2264,5,0,177,143,0,3700,0
444,4.92020,0.67210,3.10270,1.12450,0.02010,11,0,0,2266,5,0,179,142,0,3697,0
445,5.03000,0.91730,2.90150,1.18270,0.02780,30,0,0,2269,5,0,180,143,0,3627,0
446,5.67790,0.52350,4.00360,1.12840,0.02180,10,0,0,2270,5,0,182,143,0,3626,0
447,4.19040,0.35240,2.78440,1.03040,0.02250,0,0,0,2270,5,0,185,147,0,3546,0
448,5.26940,1.14310,3.00940,1.09540,0.02080,46,0,0,2275,5,0,187,147,0,3481,0
449,4.32190,0.38350,2.75200,1.13850,0.04700,0,0,0,2275,5,0,192,153,0,3493,0
450,4.78780,0.93410,2.76220,1.05490,0.03580,29,0,0,2278,5,0,196,158,0,3457,0
451,9.91010,2.42480,6.25850,1.20090,0.02480,12,0,0,2279,5,0,197,157,0,3425,0
452,8.91190,1.25800,6.39110,1.22740,0.03460,28,0,0,2283,5,0,199,161,0,3415,0
453,6.36790,0.45460,4.72400,1.16620,0.02220,0,0,0,2283,5,0,204,163,0,3394,0
454,6.21990,0.42180,4.58830,1.18050,0.02850,0,0,0,2283,5,0,207,165,0,3361,0
455,7.29610,1.23590,4.85440,1.18420,0.02050,44,0,0,2287,5,0,211,174,0,3333,0
456,5.76880,0.53250,4.05340,1.16410,0.01820,10,0,0,2288,5,0,212,172,0,3292,0
457,5.51420,0.75780,3.67650,1.06270,0.01630,16,0,0,2290,5,0,217,179,0,3292,0
458,5.54630,0.73740,3.67860,1.10390,0.02570,30,0,0,2292,5,0,219,182,0,3308,0
459,6.06550,0.90150,3.82550,1.20270,0.13480,28,0,0,2295,5,0,224,189,0,3318,0
460,5.58370,0.81640,3.67310,1.07250,0.02110,16,0,0,2297,5,0,229,191,0,3248,0
461,5.86720,0.57450,3.57080,1.69100,0.03020,6,0,0,2298,5,0,231,193,0,3229,0
462,5.48780,0.41040,3.59350,1.46010,0.02320,0,0,0,2298,5,0,232,192,0,3180,0
463,6.03460,1.10710,3.56220,1.34360,0.02100,36,0,0,2302,5,0,235,195,0,3140,0
464,5.55570,0.54510,3.83870,1.08800,0.08320,16,0,0,2303,5,0,237,197,0,3122,0
465,5.17660,0.66950,3.03640,1.45110,0.01910,15,0,0,2305,5,0,237,194,0,3130,0
466,6.32960,2.04300,3.17430,1.09030,0.02130,0,0,0,2305,5,0,239,195,0,3139,0
467,5.00900,0.74600,3.15630,1.08870,0.01700,11,0,0,2307,5,0,242,198,0,3124,0
468,4.50720,0.40000,3.05220,1.03280,0.02140,0,0,0,2307,5,0,245,202,0,3097,0
469,4.51140,0.39010,3.08540,1.01490,0.02040,0,0,0,2307,5,0,249,202,0,3072,0
470,5.64580,0.40280,4.09030,1.13210,0.02000,0,0,0,2307,5,0,251,202,0,3029,0
471,6.06190,1.04010,3.49480,1.50820,0.01800,21,0,0,2310,5,0,252,205,0,2993,0
472,4.77860,0.74540,2.99630,1.01230,0.02390,16,0,0,2312,5,0,253,205,0,2966,0
473,5.17090,0.58460,3.40200,1.16610,0.01740,15,0,0,2313,5,0,256,204,0,2963,0
474,5.18250,0.88190,2.92870,1.34750,0.02350,27,0,0,2316,5,0,259,206,0,2923,0
475,4.67620,0.39480,2.88280,1.37560,0.02230,0,0,0,2316,5,0,264,212,0,2924,0
476,4.53290,0.39820,3.00650,1.09790,0.02960,0,0,0,2316,5,0,266,212,0,2908,0
477,5.69050,0.52240,4.10720,1.04310,0.01690,4,0,0,2317,5,0,271,218,0,2870,0
478,4.42940,0.38160,2.93070,1.09360,0.02270,0,0,0,2317,5,0,274,221,0,2886,0
479,5.04620,0.86940,3.05470,1.10190,0.01940,26,0,0,2320,5,0,279,230,0,2875,0
480,4.55760,0.63200,2.88760,1.01450,0.02300,15,0,0,2322,5,0,284,231,0,2862,0
481,9.48210,2.20840,6.07440,1.09890,0.09930,0,0,0,2322,5,0,290,235,0,2860,0
482,6.92460,1.06070,4.73390,1.10910,0.02020,23,0,0,2325,5,0,290,235,0,2876,0
483,6.96860,0.69700,5.01660,1.23470,0.01950,8,0,0,2326,5,0,294,242,0,2877,0
484,6.93940,0.77510,4.85940,1.28320,0.02090,20,0,0,2328,5,0,295,240,0,2873,0
485,5.46920,0.40810,3.94350,1.09730,0.01970,0,0,0,2328,5,0,297,246,0,2846,0
486,6.01440,0.75350,3.54040,1.69470,0.02500,20,0,0,2330,5,0,302,246,0,2808,0
487,5.24130,0.40840,3.76640,1.05040,0.01540,0,0,0,2330,5,0,303,253,0,2816,0
488,5.15710,0.51100,3.49520,1.13440,0.01560,5,0,0,2331,5,0,305,255,0,2807,0
489,5.45540,0.98330,3.45770,0.99430,0.01920,27,0,0,2334,5,0,306,255,0,2790,0
490,5.52620,0.54420,3.96820,0.98830,0.02490,6,0,0,2335,5,0,309,257,0,2796,0
491,4.57250,0.57370,2.97560,1.00240,0.02010,11,0,0,2336,5,0,309,256,0,2786,0
492,5.11360,0.49300,3.52180,1.05770,0.04040,4,0,0,2337,5,0,312,256,0,2775,0
493,4.68620,0.54860,3.00810,1.00090,0.12760,2,0,0,2338,5,0,316,261,0,2737,0
494,4.74430,0.70040,2.98940,1.03440,0.01920,21,0,0,2340,5,0,320,264,0,2709,0
495,4.92370,0.71680,3.20530,0.98400,0.01680,18,0,0,2342,5,0,323,266,0,2719,0
496,6.41000,2.30790,3.06170,1.01540,0.02420,14,0,0,2344,5,0,326,267,0,2739,0
497,4.70600,0.41740,3.22280,1.04180,0.02280,0,0,0,2344,5,0,331,275,0,2719,0
498,4.77170,0.67660,3.00910,1.06930,0.01580,13,0,0,2345,5,0,332,278,0,2712,0
499,4.92420,0.67690,3.23020,0.99600,0.01990,4,0,0,2346,5,0,334,278,0,2667,0
500,5.49540,0.66600,3.77250,1.03730,0.01890,6,0,0,2347,5,0,339,281,0,2642,0
501,5.95440,1.02990,3.86530,1.03650,0.02160,19,0,0,2349,5,0,342,286,0,2620,0
502,5.02900,0.97580,3.04190,0.98910,0.02120,16,0,0,2351,5,0,346,292,0,2599,0
503,4.64440,0.41430,3.24060,0.95880,0.02970,0,0,0,2351,5,0,351,297,0,2579,0
504,4.98610,0.67880,3.23530,1.04650,0.02440,5,0,0,2352,5,0,353,299,0,2544,0
505,4.52320,0.68370,2.85780,0.95720,0.02350,6,0,0,2353,5,0,363,309,0,2507,0
506,4.23200,0.37860,2.79370,1.02500,0.03390,0,0,0,2353,5,0,365,312,0,2486,0
507,4.36660,0.36690,2.96980,1.00790,0.02130,0,0,0,2353,5,0,366,315,0,2462,0
508,4.39620,0.57990,2.84860,0.94270,0.02430,3,0,0,2354,5,0,368,318,0,2481,0
509,6.14250,0.85970,4.12160,1.13500,0.02530,22,0,0,2356,5,0,371,319,0,2467,0
510,4.21980,0.60330,2.66670,0.92780,0.02120,12,0,0,2357,5,0,375,324,0,2432,0
511,5.86310,2.15020,2.64760,1.03500,0.02890,0,0,0,2357,5,0,378,328,0,2392,0
512,5.23180,0.35610,3.90350,0.94820,0.02310,0,0,0,2357,5,0,383,328,0,2401,0
513,4.33730,0.73040,2.58380,0.99400,0.02780,13,0,0,2358,5,0,388,336,0,2407,0
514,3.92490,0.35560,2.60620,0.93450,0.02790,0,0,0,2358,5,0,392,342,0,2427,0
515,3.98880,0.39670,2.61790,0.94430,0.02920,0,0,0,2358,5,0,393,338,0,2422,0
516,4.01040,0.36470,2.67960,0.93390,0.03140,0,0,0,2358,5,0,399,345,0,2450,0
517,4.62420,0.97020,2.60310,1.02490,0.02510,29,0,0,2360,5,0,402,344,0,2457,0
518,3.85780,0.34150,2.50170,0.99300,0.02110,0,0,0,2360,5,0,402,346,0,2399,0
519,3.84840,0.36380,2.51780,0.94480,0.02130,0,0,0,2360,5,0,404,345,0,2430,0
520,4.04570,0.56920,2.56570,0.88660,0.02350,6,0,0,2361,5,0,406,350,0,2435,0
521,3.92840,0.34660,2.56540,0.99620,0.01970,0,0,0,2361,5,0,408,350,0,2426,0
522,3.72140,0.35290,2.45220,0.89060,0.02520,0,0,0,2361,5,0,412,358,0,2399,0
523,4.27890,0.89050,2.46340,0.89640,0.02720,7,0,0,2363,5,0,414,362,0,2375,0
524,3.89740,0.37270,2.52110,0.97400,0.02870,0,0,0,2363,5,0,417,364,0,2363,0
525,4.13550,0.61740,2.49300,0.99890,0.02540,12,0,0,2364,5,0,418,359,0,2370,0
526,5.76380,2.21590,2.52820,0.99630,0.02280,6,0,0,2365,5,0,427,368,0,2336,0
527,3.93160,0.44330,2.52450,0.93650,0.02640,0,0,0,2365,5,0,429,371,0,2329,0
528,3.95560,0.58130,2.46240,0.88930,0.02180,13,0,0,2366,5,0,430,374,0,2351,0
529,3.68690,0.34620,2.44740,0.85790,0.03480,0,0,0,2366,5,0,435,376,0,2346,0
530,3.94520,0.36840,2.54090,1.00170,0.03290,0,0,0,2366,5,0,439,384,0,2350,0
531,3.87190,0.37490,2.54050,0.92360,0.03200,0,0,0,2366,5,0,443,389,0,2362,0
532,4.21740,0.70560,2.55840,0.92320,0.02890,21,0,0,2367,5,0,445,388,0,2327,0
533,3.80200,0.37140,2.50660,0.89640,0.02650,0,0,0,2367,5,0,446,388,0,2332,0
534,3.96250,0.34910,2.48230,1.10380,0.02650,0,0,0,2367,5,0,450,393,0,2317,0
535,3.75990,0.35520,2.48080,0.89730,0.02600,0,0,0,2367,5,0,453,396,0,2320,0
536,3.73980,0.34980,2.48340,0.87950,0.02630,0,0,0,2367,5,0,455,397,0,2344,0
537,3.72000,0.36070,2.43400,0.89530,0.02930,0,0,0,2367,5,0,459,399,0,2346,0
538,3.94750,0.59210,2.43150,0.89620,0.02690,5,0,0,2368,5,0,461,399,0,2305,0
539,3.77280,0.36720,2.40850,0.96850,0.02790,0,0,0,2368,5,0,465,403,0,2333,0
540,3.94190,0.59300,2.42660,0.89260,0.02910,12,0,0,2369,5,0,469,405,0,2318,0
541,7.73600,2.49880,4.20910,1.00470,0.02210,6,0,0,2370,5,0,473,413,0,2323,0
542,5.20380,0.36710,3.61920,1.18590,0.03070,0,0,0,2370,5,0,474,416,0,2309,0
543,4.82380,0.38250,3.49610,0.92850,0.01610,0,0,0,2370,5,0,482,423,0,2302,0
544,4.90670,0.38690,3.52680,0.97620,0.01620,0,0,0,2370,5,0,484,428,0,2289,0
545,5.09540,0.67930,3.49030,0.90010,0.02500,4,0,0,2371,5,0,488,434,0,2285,0
546,4.21880,0.34020,2.82710,1.01930,0.03130,0,0,0,2371,5,0,492,438,0,2268,0
547,5.21090,1.29810,2.81410,1.01780,0.07960,25,0,0,2373,5,0,495,437,0,2265,0
548,4.19270,0.41830,2.80890,0.94320,0.02160,0,0,0,2373,5,0,497,434,0,2256,0
549,4.76280,0.37660,3.41270,0.95090,0.02190,0,0,0,2373,5,0,498,443,0,2261,0
550,4.63170,1.01820,2.70440,0.88280,0.02540,18,0,0,2375,5,0,498,442,0,2263,0
551,4.09970,0.36920,2.69520,1.00710,0.02740,0,0,0,2375,5,0,505,446,0,2224,0
552,4.31420,0.63670,2.72920,0.92700,0.02060,19,0,0,2376,5,0,510,451,0,2231,0
553,4.48750,0.75960,2.81170,0.89110,0.02460,12,0,0,2378,5,0,513,455,0,2222,0
554,4.18280,0.35990,2.86620,0.93180,0.02410,0,0,0,2378,5,0,519,461,0,2218,0
555,4.47560,0.36510,3.16320,0.92440,0.02140,0,0,0,2378,5,0,519,461,0,2208,0
556,4.95600,1.27810,2.78320,0.87550,0.01860,0,0,0,2378,5,0,524,469,0,2195,0
557,4.17380,0.54520,2.70920,0.90300,0.01570,7,0,0,2379,5,0,526,469,0,2179,0
558,4.20160,0.53290,2.77730,0.86810,0.02250,5,0,0,2380,5,0,529,470,0,2162,0
559,4.10020,0.52930,2.65040,0.89690,0.02270,6,0,0,2381,5,0,531,475,0,2140,0
560,5.43450,0.36410,4.04820,0.99920,0.02210,0,0,0,2381,5,0,534,474,0,2106,0
561,4.18670,0.38480,2.79660,0.97680,0.02770,0,0,0,2381,5,0,538,476,0,2088,0
562,5.76190,0.73580,4.09890,0.90490,0.02170,24,0,0,2383,5,0,539,479,0,2089,0
563,4.05600,0.39800,2.69150,0.94000,0.02570,0,0,0,2383,5,0,541,482,0,2075,0
564,3.97430,0.39550,2.59800,0.95470,0.02530,0,0,0,2383,5,0,545,484,0,2070,0
565,4.32990,0.57230,2.77500,0.95800,0.02370,10,0,0,2384,5,0,545,484,0,2070,0
566,3.89160,0.38650,2.64140,0.83980,0.02320,0,0,0,2384,5,0,548,494,0,2066,0
567,4.07810,0.57120,2.60360,0.88120,0.02130,19,0,0,2385,5,0,551,498,0,2081,0
568,4.01480,0.38310,2.66890,0.94010,0.02200,0,0,0,2385,5,0,557,496,0,2105,0
569,4.08130,0.40710,2.71940,0.93140,0.02280,0,0,0,2385,5,0,559,504,0,2077,0
570,3.88470,0.34710,2.61170,0.90200,0.02320,0,0,0,2385,5,0,566,512,0,2085,0
571,7.03290,2.12280,3.89630,0.99290,0.02000,0,0,0,2385,5,0,569,518,0,2054,0
572,7.57190,0.67750,5.87700,0.95730,0.05910,7,0,0,2386,5,0,574,525,0,2061,0
573,4.79680,0.43890,3.31410,1.00590,0.03720,0,0,0,2386,5,0,577,522,0,2048,0
574,5.05930,0.41490,3.72610,0.90160,0.01590,0,0,0,2386,5,0,580,530,0,2050,0
575,5.07300,0.39330,3.69390,0.96930,0.01580,0,0,0,2386,5,0,583,530,0,2057,0
576,5.05080,0.36810,3.73540,0.93070,0.01580,0,0,0,2386,5,0,584,524,0,2033,0
577,4.85840,0.66620,3.22750,0.94270,0.02130,21,0,0,2387,5,0,587,531,0,2024,0
578,4.72380,0.56870,3.21500,0.92350,0.01610,4,0,0,2388,5,0,593,534,0,2015,0
579,4.50060,0.38360,3.18750,0.91280,0.01610,0,0,0,2388,5,0,594,534,0,2001,0
580,4.82810,0.40400,3.15850,1.24570,0.01910,0,0,0,2388,5,0,598,537,0,1957,0
581,4.46990,0.37280,3.17860,0.90080,0.01700,0,0,0,2388,5,0,601,540,0,1942,0
582,4.30000,0.38060,3.01950,0.88190,0.01710,0,0,0,2388,5,0,605,549,0,1939,0
583,4.00450,0.34700,2.78240,0.85700,0.01740,0,0,0,2388,5,0,609,554,0,1933,0
584,4.15930,0.39580,2.80280,0.92740,0.03260,0,0,0,2388,5,0,613,558,0,1915,0
585,4.76850,0.38340,3.45450,0.91120,0.01880,0,0,0,2388,5,0,617,562,0,1908,0
586,6.02590,2.02090,3.06380,0.92400,0.01660,0,0,0,2388,5,0,617,562,0,1909,0
587,4.18290,0.37450,2.92050,0.87090,0.01630,0,0,0,2388,5,0,620,566,0,1902,0
588,4.14280,0.38220,2.88850,0.85510,0.01620,0,0,0,2388,5,0,622,568,0,1901,0
589,4.22870,0.38010,2.90760,0.90190,0.03820,0,0,0,2388,5,0,625,570,0,1881,0
590,4.21980,0.39060,2.89340,0.91550,0.01940,0,0,0,2388,5,0,626,572,0,1874,0
591,4.09710,0.35550,2.87770,0.84650,0.01670,0,0,0,2388,5,0,630,571,0,1876,0
592,4.61390,0.88890,2.78780,0.91920,0.01710,29,0,0,2390,5,0,634,576,0,1894,0
593,4.17790,0.52990,2.79050,0.83220,0.02440,7,0,0,2391,5,0,641,583,0,1886,0
594,4.04400,0.33320,2.82660,0.86290,0.01930,0,0,0,2391,5,0,644,586,0,1870,0
595,4.10160,0.38400,2.84370,0.85130,0.02190,0,0,0,2391,5,0,650,591,0,1873,0
596,4.04800,0.41370,2.74250,0.86790,0.02300,0,0,0,2391,5,0,653,595,0,1866,0
597,3.97700,0.36820,2.68310,0.90610,0.01880,0,0,0,2391,5,0,655,600,0,1871,0
598,4.00870,0.36180,2.78160,0.84180,0.02280,0,0,0,2391,5,0,656,599,0,1854,0
599,4.04790,0.39640,2.76910,0.86280,0.01890,0,0,0,2391,5,0,659,602,0,1861,0
600,3.95430,0.33840,2.77170,0.82110,0.02240,0,0,0,2391,5,0,663,605,0,1866,0
601,5.76290,2.03910,2.74620,0.94180,0.03340,0,0,0,2391,5,0,664,607,0,1875,0
602,4.93810,0.40870,3.53240,0.96890,0.02700,0,0,0,2391,5,0,666,608,0,1859,0
603,4.10090,0.34580,2.70020,1.02090,0.03320,0,0,0,2391,5,0,669,614,0,1845,0
604,5.03250,0.63800,3.50290,0.86740,0.02350,7,0,0,2392,5,0,672,616,0,1830,0
605,4.77660,0.62440,3.22560,0.89920,0.02680,4,0,0,2393,5,0,675,619,0,1818,0
606,4.04640,0.62170,2.49020,0.90460,0.02910,5,0,0,2394,5,0,677,621,0,1828,0
607,3.76470,0.37080,2.53310,0.83350,0.02660,0,0,0,2394,5,0,683,630,0,1833,0
608,3.77310,0.35850,2.54560,0.84120,0.02700,0,0,0,2394,5,0,689,639,0,1825,0
609,3.73890,0.35820,2.42190,0.92790,0.03000,0,0,0,2394,5,0,694,645,0,1826,0
610,3.71590,0.35270,2.45070,0.88440,0.02740,0,0,0,2394,5,0,700,653,0,1822,0
611,3.66730,0.36750,2.41870,0.85400,0.02620,0,0,0,2394,5,0,702,655,0,1833,0
612,3.74320,0.37070,2.43110,0.91160,0.02910,0,0,0,2394,5,0,704,656,0,1835,0
613,3.68070,0.32090,2.45510,0.87550,0.02850,0,0,0,2394,5,0,706,655,0,1837,0
614,3.85560,0.36760,2.56480,0.89870,0.02410,0,0,0,2394,5,0,707,656,0,1839,0
615,4.08290,0.79670,2.41130,0.83920,0.03460,11,0,0,2396,5,0,710,659,0,1838,0
616,5.24530,1.80370,2.52690,0.88720,0.02650,0,0,0,2396,5,0,710,663,0,1824,0
617,3.58350,0.35690,2.35440,0.84310,0.02790,0,0,0,2396,5,0,713,663,0,1812,0
618,3.73860,0.39170,2.49750,0.82310,0.02550,0,0,0,2396,5,0,716,666,0,1795,0
619,4.08800,0.65020,2.50360,0.90750,0.02610,7,0,0,2397,5,0,718,668,0,1798,0
620,3.72790,0.36430,2.42140,0.91230,0.02920,0,0,0,2397,5,0,721,673,0,1789,0
621,3.85530,0.57650,2.43810,0.81450,0.02550,5,0,0,2398,5,0,726,681,0,1790,0
622,3.63690,0.36690,2.40050,0.83690,0.03180,0,0,0,2398,5,0,728,683,0,1794,0
623,3.83490,0.58230,2.37620,0.84450,0.03120,5,0,0,2399,5,0,733,688,0,1784,0
624,3.64050,0.36560,2.41010,0.83440,0.02970,0,0,0,2399,5,0,738,691,0,1783,0
625,3.63310,0.34960,2.44520,0.81200,0.02570,0,0,0,2399,5,0,742,695,0,1772,0
626,3.71400,0.35630,2.46230,0.86670,0.02810,0,0,0,2399,5,0,742,692,0,1771,0
627,3.75580,0.34280,2.49040,0.89520,0.02660,0,0,0,2399,5,0,744,695,0,1758,0
628,3.56800,0.33570,2.38890,0.81650,0.02640,0,0,0,2399,5,0,747,702,0,1757,0
629,3.64300,0.35510,2.42420,0.83730,0.02580,0,0,0,2399,5,0,750,704,0,1741,0
630,3.57070,0.39000,2.35040,0.79830,0.03110,0,0,0,2399,5,0,751,703,0,1743,0
631,7.07890,2.27660,3.88800,0.89010,0.02310,0,0,0,2399,5,0,754,707,0,1748,0
632,5.82560,0.34600,4.37300,1.08250,0.02340,0,0,0,2399,5,0,755,707,0,1742,0
633,4.90750,0.37860,3.53960,0.96690,0.02170,0,0,0,2399,5,0,758,707,0,1733,0
634,5.35420,0.61700,3.61570,1.09790,0.02300,7,0,0,2400,5,0,760,711,0,1725,0
635,4.79360,0.35530,3.59140,0.83060,0.01580,0,0,0,2400,5,0,760,713,0,1731,0
636,5.07610,0.33600,3.70120,1.01300,0.02520,0,0,0,2400,5,0,761,717,0,1741,0
637,5.58410,0.56230,4.14840,0.85330,0.01940,4,0,0,2401,5,0,761,717,0,1742,0
638,4.67610,0.63490,3.12960,0.89370,0.01710,5,0,0,2402,5,0,763,719,0,1741,0
639,4.19040,0.36670,2.97930,0.82610,0.01750,0,0,0,2402,5,0,766,722,0,1738,0
640,4.50660,0.34140,3.28920,0.86010,0.01510,0,0,0,2402,5,0,768,724,0,1725,0
641,4.42690,0.34290,3.13030,0.92770,0.02520,0,0,0,2402,5,0,770,727,0,1721,0
642,4.09830,0.34340,2.89740,0.83930,0.01730,0,0,0,2402,5,0,771,734,0,1716,0
643,4.33330,0.35470,2.96930,0.98780,0.02070,0,0,0,2402,5,0,773,735,0,1708,0
644,4.10420,0.33430,2.86240,0.88530,0.02150,0,0,0,2402,5,0,777,738,0,1708,0
645,4.44070,0.35790,3.20480,0.85900,0.01810,0,0,0,2402,5,0,782,744,0,1698,0
646,5.86980,1.98660,3.02150,0.84410,0.01700,0,0,0,2402,5,0,784,746,0,1688,0
647,4.05480,0.34730,2.74600,0.93800,0.02260,0,0,0,2402,5,0,786,749,0,1690,0
648,3.94170,0.33180,2.78640,0.80340,0.01930,0,0,0,2402,5,0,791,755,0,1706,0
649,4.18150,0.55970,2.76040,0.84420,0.01660,7,0,0,2403,5,0,795,759,0,1710,0
650,3.94580,0.31630,2.72640,0.88220,0.02010,0,0,0,2403,5,0,795,756,0,1715,0
651,3.99090,0.33560,2.84060,0.79630,0.01780,0,0,0,2403,5,0,796,755,0,1710,0
652,4.62960,0.49680,3.27360,0.83850,0.01990,4,0,0,2404,5,0,799,754,0,1706,0
653,3.90890,0.30310,2.70260,0.88320,0.01930,0,0,0,2404,5,0,801,759,0,1708,0
654,3.79820,0.33720,2.66340,0.77950,0.01750,0,0,0,2404,5,0,804,760,0,1702,0
655,4.07720,0.33060,2.87180,0.84590,0.02810,0,0,0,2404,5,0,808,766,0,1713,0
656,3.69540,0.33360,2.53420,0.80510,0.02140,0,0,0,2404,5,0,808,767,0,1703,0
657,5.24440,0.34910,4.04320,0.82190,0.02880,0,0,0,2404,5,0,809,770,0,1683,0
658,4.01250,0.29420,2.90100,0.79510,0.02100,0,0,0,2404,5,0,812,776,0,1683,0
659,3.69860,0.32480,2.55690,0.79330,0.02250,0,0,0,2404,5,0,812,773,0,1671,0
660,3.65060,0.32540,2.50310,0.80090,0.02000,0,0,0,2404,5,0,818,780,0,1658,0
661,5.52540,2.03370,2.61990,0.84640,0.02440,0,0,0,2404,5,0,820,783,0,1647,0
662,3.62980,0.31400,2.47040,0.82000,0.02480,0,0,0,2404,5,0,821,785,0,1660,0
663,3.79230,0.32100,2.60010,0.84170,0.02870,0,0,0,2404,5,0,827,789,0,1662,0
664,3.64410,0.31530,2.52430,0.78400,0.01990,0,0,0,2404,5,0,830,795,0,1660,0
665,3.65220,0.30050,2.54360,0.78300,0.02410,0,0,0,2404,5,0,830,793,0,1658,0
666,3.98840,0.31960,2.75240,0.89270,0.02300,0,0,0,2404,5,0,832,794,0,1649,0
667,4.37890,0.31240,3.21450,0.82840,0.02280,0,0,0,2404,5,0,833,796,0,1654,0
668,3.74460,0.30930,2.60310,0.81130,0.02020,0,0,0,2404,5,0,835,798,0,1663,0
669,3.71390,0.30300,2.58720,0.79800,0.02480,0,0,0,2404,5,0,838,805,0,1657,0
670,3.62360,0.30130,2.49730,0.79940,0.02480,0,0,0,2404,5,0,839,806,0,1659,0
671,3.64620,0.32090,2.51050,0.79330,0.02090,0,0,0,2404,5,0,840,805,0,1652,0
672,3.89910,0.61220,2.46300,0.79890,0.02430,11,0,0,2405,5,0,840,801,0,1655,0
673,3.60990,0.30100,2.48360,0.80260,0.02210,0,0,0,2405,5,0,843,808,0,1655,0
674,3.52170,0.29950,2.39370,0.80420,0.02370,0,0,0,2405,5,0,843,807,0,1655,0
675,3.59670,0.30650,2.46440,0.80020,0.02490,0,0,0,2405,5,0,844,812,0,1648,0
676,5.15130,1.97460,2.38160,0.76750,0.02690,0,0,0,2405,5,0,845,812,0,1646,0
677,3.53710,0.29900,2.28920,0.92200,0.02600,0,0,0,2405,5,0,846,812,0,1644,0
678,3.52460,0.26830,2.43770,0.79240,0.02550,0,0,0,2405,5,0,847,815,0,1636,0
679,3.33600,0.29040,2.27260,0.74730,0.02510,0,0,0,2405,5,0,852,818,0,1636,0
680,3.46000,0.29570,2.31720,0.81210,0.03430,0,0,0,2405,5,0,854,820,0,1637,0
681,3.36740,0.27890,2.28370,0.77250,0.03180,0,0,0,2405,5,0,858,825,0,1636,0
682,3.41120,0.26690,2.34420,0.77820,0.02130,0,0,0,2405,5,0,859,831,0,1640,0
683,3.47170,0.28470,2.32570,0.83810,0.02240,0,0,0,2405,5,0,862,832,0,1643,0
684,3.53020,0.27690,2.39280,0.81650,0.04330,0,0,0,2405,5,0,863,835,0,1648,0
685,3.46890,0.30050,2.34260,0.80450,0.02050,0,0,0,2405,5,0,866,840,0,1639,0
686,3.37200,0.26870,2.30030,0.78040,0.02180,0,0,0,2405,5,0,868,838,0,1635,0
687,3.67850,0.52500,2.27620,0.85600,0.02080,11,0,0,2406,5,0,870,843,0,1641,0
688,3.47190,0.30420,2.35880,0.78580,0.02230,0,0,0,2406,5,0,872,843,0,1624,0
689,3.45840,0.28570,2.35590,0.79120,0.02480,0,0,0,2406,5,0,876,850,0,1636,0
690,3.38180,0.25680,2.30500,0.79620,0.02320,0,0,0,2406,5,0,879,854,0,1625,0
691,6.68700,1.96780,3.65550,1.03750,0.02510,0,0,0,2406,5,0,882,854,0,1617,0
692,5.48410,0.26350,4.33060,0.87150,0.01790,0,0,0,2406,5,0,882,854,0,1626,0
693,5.90100,0.25130,4.71190,0.91900,0.01820,0,0,0,2406,5,0,884,854,0,1622,0
694,4.79490,0.27200,3.64530,0.86040,0.01650,0,0,0,2406,5,0,884,861,0,1620,0
695,4.36240,0.27230,3.27510,0.79250,0.02180,0,0,0,2406,5,0,887,861,0,1602,0
696,4.31590,0.27930,3.18890,0.82720,0.01970,0,0,0,2406,5,0,889,864,0,1611,0
697,4.38640,0.23250,3.32780,0.81010,0.01550,0,0,0,2406,5,0,893,867,0,1605,0
698,4.29020,0.24820,3.17340,0.84540,0.02040,0,0,0,2406,5,0,893,870,0,1607,0
699,4.18990,0.26420,3.09170,0.81410,0.01900,0,0,0,2406,5,0,896,874,0,1606,0
700,4.24240,0.26370,3.13770,0.82350,0.01680,0,0,0,2406,5,0,897,875,0,1602,0
701,4.16680,0.22000,3.09070,0.83250,0.02270,0,0,0,2406,5,0,897,874,0,1614,0
702,4.40260,0.49740,3.04310,0.84240,0.01900,6,0,0,2407,5,0,897,876,0,1607,0
703,5.30770,0.25820,4.13040,0.88930,0.02910,0,0,0,2407,5,0,897,875,0,1603,0
704,4.06340,0.29060,2.85220,0.88710,0.03270,0,0,0,2407,5,0,898,875,0,1609,0
705,4.21530,0.57710,2.69440,0.90840,0.03450,7,0,0,2408,5,0,900,878,0,1615,0
706,5.39920,1.84070,2.76470,0.77480,0.01830,0,0,0,2408,5,0,902,882,0,1620,0
707,3.79600,0.27620,2.72770,0.77090,0.02050,0,0,0,2408,5,0,903,883,0,1617,0
708,3.69670,0.26380,2.63320,0.77940,0.01960,0,0,0,2408,5,0,905,883,0,1619,0
709,4.00810,0.27330,2.90290,0.81380,0.01730,0,0,0,2408,5,0,906,885,0,1634,0
710,3.81890,0.29020,2.72750,0.77910,0.02140,0,0,0,2408,5,0,911,890,0,1637,0
711,3.79170,0.26440,2.71380,0.79200,0.02090,0,0,0,2408,5,0,912,892,0,1625,0
712,4.01770,0.52850,2.69850,0.77220,0.01780,5,0,0,2409,5,0,913,892,0,1619,0
713,3.66110,0.25190,2.62000,0.77020,0.01820,0,0,0,2409,5,0,914,892,0,1622,0
714,3.73470,0.27000,2.63530,0.81140,0.01740,0,0,0,2409,5,0,914,891,0,1623,0
715,3.70150,0.22390,2.64690,0.81090,0.01890,0,0,0,2409,5,0,914,893,0,1621,0
716,4.95350,0.23790,3.87610,0.81250,0.02630,0,0,0,2409,5,0,915,891,0,1617,0
717,3.67100,0.27790,2.62620,0.74820,0.01800,0,0,0,2409,5,0,917,896,0,1615,0
718,5.03320,0.25900,3.95330,0.80090,0.01940,0,0,0,2409,5,0,919,900,0,1619,0
719,3.54130,0.23730,2.53470,0.75200,0.01680,0,0,0,2409,5,0,924,904,0,1623,0
720,5.08870,0.26950,4.00650,0.79310,0.01890,0,0,0,2409,5,0,924,902,0,1613,0
721,5.37200,2.02570,2.52460,0.79270,0.02760,0,0,0,2409,5,0,925,903,0,1621,0
722,3.54670,0.29260,2.44930,0.77620,0.02790,0,0,0,2409,5,0,927,906,0,1618,0
723,3.53460,0.26260,2.47680,0.76990,0.02460,0,0,0,2409,5,0,927,905,0,1610,0
724,3.42940,0.25980,2.35360,0.79030,0.02510,0,0,0,2409,5,0,929,911,0,1609,0
725,3.40590,0.24760,2.33880,0.79440,0.02460,0,0,0,2409,5,0,932,912,0,1607,0
726,3.32690,0.26820,2.27550,0.75410,0.02850,0,0,0,2409,5,0,932,914,0,1598,0
727,3.70810,0.51480,2.33250,0.83140,0.02860,5,0,0,2410,5,0,933,915,0,1608,0
728,3.41610,0.25700,2.35670,0.77740,0.02450,0,0,0,2410,5,0,933,917,0,1609,0
729,3.46700,0.26710,2.42240,0.75210,0.02490,0,0,0,2410,5,0,934,916,0,1611,0
730,3.41570,0.26690,2.34750,0.77480,0.02570,0,0,0,2410,5,0,934,918,0,1622,0
731,3.53590,0.26830,2.39380,0.84580,0.02730,0,0,0,2410,5,0,934,918,0,1611,0
732,3.38290,0.26140,2.33140,0.76540,0.02400,0,0,0,2410,5,0,934,919,0,1611,0
733,3.47350,0.27290,2.40040,0.77440,0.02500,0,0,0,2410,5,0,935,918,0,1614,0
734,3.53010,0.26790,2.43330,0.80330,0.02510,0,0,0,2410,5,0,935,917,0,1616,0
735,3.48000,0.26380,2.41420,0.77400,0.02720,0,0,0,2410,5,0,935,918,0,1617,0
736,5.12600,1.86890,2.45190,0.78030,0.02420,0,0,0,2410,5,0,936,919,0,1613,0
737,3.45210,0.25570,2.42750,0.74400,0.02430,0,0,0,2410,5,0,938,922,0,1620,0
738,3.45880,0.24700,2.43770,0.75190,0.02150,0,0,0,2410,5,0,938,923,0,1617,0
739,3.51010,0.27850,2.37450,0.83090,0.02550,0,0,0,2410,5,0,938,925,0,1612,0
740,3.43980,0.25750,2.39010,0.76670,0.02500,0,0,0,2410,5,0,939,926,0,1609,0
741,3.50400,0.24680,2.40680,0.81620,0.03350,0,0,0,2410,5,0,941,927,0,1611,0
742,3.48810,0.27170,2.36540,0.82550,0.02490,0,0,0,2410,5,0,942,929,0,1606,0
743,3.41890,0.23070,2.40640,0.75530,0.02610,0,0,0,2410,5,0,943,931,0,1609,0
744,3.49100,0.23530,2.41030,0.81100,0.03370,0,0,0,2410,5,0,943,931,0,1609,0
745,3.41090,0.26210,2.33740,0.78480,0.02580,0,0,0,2410,5,0,943,932,0,1607,0
746,3.38710,0.25460,2.33110,0.76520,0.03540,0,0,0,2410,5,0,945,932,0,1602,0
747,3.42690,0.28740,2.25150,0.86030,0.02690,0,0,0,2410,5,0,948,935,0,1609,0
748,3.35840,0.26200,2.32150,0.74910,0.02510,0,0,0,2410,5,0,950,937,0,1606,0
749,3.40410,0.25150,2.32170,0.80390,0.02640,0,0,0,2410,5,0,952,941,0,1609,0
750,3.32360,0.23810,2.33440,0.72580,0.02490,0,0,0,2410,5,0,954,943,0,1607,0
751,5.18590,1.90500,2.31240,0.93440,0.03220,0,0,0,2410,5,0,954,942,0,1606,0
752,3.28250,0.21080,2.26900,0.77370,0.02830,0,0,0,2410,5,0,956,944,0,1604,0
753,3.31560,0.25960,2.28420,0.74440,0.02660,0,0,0,2410,5,0,957,948,0,1605,0
754,3.26850,0.23060,2.22000,0.79210,0.02510,0,0,0,2410,5,0,959,949,0,1599,0
755,4.05680,0.22610,2.98850,0.81450,0.02670,0,0,0,2410,5,0,959,949,0,1596,0
756,3.42130,0.26110,2.26530,0.86270,0.03140,0,0,0,2410,5,0,961,952,0,1595,0
757,3.37650,0.23810,2.32680,0.78360,0.02740,0,0,0,2410,5,0,961,953,0,1594,0
758,3.31390,0.21970,2.29600,0.77020,0.02720,0,0,0,2410,5,0,961,952,0,1596,0
759,3.22480,0.23750,2.21800,0.74210,0.02640,0,0,0,2410,5,0,961,952,0,1598,0
760,3.24920,0.23810,2.25030,0.73030,0.02980,0,0,0,2410,5,0,961,951,0,1597,0
761,3.21810,0.23470,2.20480,0.75050,0.02750,0,0,0,2410,5,0,962,952,0,1603,0
762,3.28110,0.23120,2.28100,0.74340,0.02490,0,0,0,2410,5,0,962,953,0,1602,0
763,3.42470,0.25220,2.38180,0.76900,0.02090,0,0,0,2410,5,0,963,952,0,1597,0
764,3.41480,0.27650,2.34550,0.77030,0.02170,0,0,0,2410,5,0,964,955,0,1595,0
765,3.30030,0.26370,2.24490,0.76840,0.02260,0,0,0,2410,5,0,965,957,0,1594,0
766,5.01900,1.85340,2.34710,0.79410,0.02360,0,0,0,2410,5,0,967,958,0,1600,0
767,3.15110,0.21880,2.15100,0.75380,0.02690,0,0,0,2410,5,0,967,958,0,1598,0
768,3.33540,0.22320,2.29300,0.79280,0.02570,0,0,0,2410,5,0,967,959,0,1600,0
769,3.21030,0.25120,2.17810,0.75380,0.02650,0,0,0,2410,5,0,968,959,0,1605,0
770,3.27560,0.25290,2.22980,0.77060,0.02160,0,0,0,2410,5,0,970,961,0,1608,0
771,3.24240,0.26460,2.20700,0.74570,0.02450,0,0,0,2410,5,0,971,961,0,1608,0
772,3.25920,0.24000,2.22300,0.76850,0.02710,0,0,0,2410,5,0,971,961,0,1604,0
773,3.44980,0.25110,2.28630,0.88380,0.02770,0,0,0,2410,5,0,971,961,0,1604,0
774,3.43580,0.21460,2.25730,0.93630,0.02690,0,0,0,2410,5,0,971,960,0,1600,0
775,3.53180,0.26890,2.34600,0.88980,0.02630,0,0,0,2410,5,0,971,960,0,1596,0
776,3.48890,0.25680,2.30170,0.89620,0.03360,0,0,0,2410,5,0,971,962,0,1599,0
777,3.27070,0.23010,2.26330,0.74970,0.02680,0,0,0,2410,5,0,972,962,0,1600,0
778,3.19480,0.25310,2.17870,0.73650,0.02580,0,0,0,2410,5,0,972,963,0,1596,0
779,3.32390,0.23130,2.31180,0.75800,0.02180,0,0,0,2410,5,0,972,964,0,1594,0
780,3.28630,0.21080,2.30430,0.74560,0.02470,0,0,0,2410,5,0,972,962,0,1593,0
781,6.39490,1.95560,3.56830,0.84700,0.02270,0,0,0,2410,5,0,973,965,0,1595,0
782,4.45980,0.22030,3.41210,0.81020,0.01640,0,0,0,2410,5,0,974,965,0,1594,0
783,4.64020,0.21310,3.59540,0.81450,0.01660,0,0,0,2410,5,0,974,965,0,1596,0
784,4.07550,0.21160,3.03230,0.80450,0.02650,0,0,0,2410,5,0,974,967,0,1600,0
785,5.21530,0.23920,4.13080,0.82430,0.02030,0,0,0,2410,5,0,974,965,0,1597,0
786,4.65570,0.20350,3.50230,0.92730,0.02170,0,0,0,2410,5,0,974,966,0,1602,0
787,5.10110,0.21770,3.98450,0.87810,0.02010,0,0,0,2410,5,0,974,966,0,1604,0
788,4.85540,0.21450,3.84400,0.77920,0.01700,0,0,0,2410,5,0,974,966,0,1605,0
789,3.69200,0.18480,2.74030,0.74410,0.02220,0,0,0,2410,5,0,974,965,0,1603,0
790,4.09210,0.23500,3.03850,0.79930,0.01860,0,0,0,2410,5,0,975,966,0,1603,0
791,5.02250,0.21750,3.98910,0.79130,0.02320,0,0,0,2410,5,0,976,967,0,1603,0
792,4.16440,0.21150,3.01190,0.91650,0.02390,0,0,0,2410,5,0,976,967,0,1609,0
793,3.66820,0.21490,2.57860,0.84890,0.02510,0,0,0,2410,5,0,976,967,0,1611,0
794,3.80220,0.23270,2.75590,0.78310,0.02970,0,0,0,2410,5,0,976,968,0,1610,0
795,3.93930,0.45720,2.67630,0.78470,0.02030,5,0,0,2411,5,0,977,970,0,1611,0
796,5.24280,1.87180,2.54320,0.80160,0.02550,0,0,0,2411,5,0,977,969,0,1603,0
797,3.54680,0.26050,2.50200,0.75480,0.02900,0,0,0,2411,5,0,977,970,0,1601,0
798,3.85170,0.22510,2.84050,0.76350,0.02190,0,0,0,2411,5,0,977,968,0,1599,0
799,3.64200,0.27400,2.55220,0.79100,0.02390,0,0,0,2411,5,0,977,965,0,1601,0
800,3.45390,0.24550,2.43590,0.74610,0.02560,0,0,0,2411,5,0,977,966,0,1602,0
801,3.57960,0.25460,2.51730,0.76990,0.03700,0,0,0,2411,5,0,979,968,0,1600,0
802,3.57130,0.28200,2.44640,0.81570,0.02640,0,0,0,2411,5,0,980,969,0,1601,0
803,3.44000,0.25000,2.38340,0.77810,0.02730,0,0,0,2411,5,0,980,970,0,1603,0
804,4.49020,0.25690,3.42940,0.78200,0.02050,0,0,0,2411,5,0,981,970,0,1603,0
805,3.58330,0.26180,2.48900,0.80390,0.02770,0,0,0,2411,5,0,981,970,0,1602,0
806,3.47930,0.22690,2.47310,0.75660,0.02180,0,0,0,2411,5,0,981,970,0,1601,0
807,4.27400,0.24170,3.21770,0.78980,0.02400,0,0,0,2411,5,0,981,970,0,1599,0
808,3.58580,0.23540,2.55900,0.76570,0.02470,0,0,0,2411,5,0,982,971,0,1604,0
809,4.35240,0.30080,3.21960,0.80730,0.02400,0,0,0,2411,5,0,982,971,0,1606,0
810,3.52100,0.22800,2.45970,0.80990,0.02270,0,0,0,2411,5,0,982,973,0,1606,0
811,5.13020,1.87620,2.42610,0.80000,0.02640,0,0,0,2411,5,0,982,974,0,1606,0
812,3.43870,0.26340,2.35700,0.78910,0.02850,0,0,0,2411,5,0,983,976,0,1608,0
813,3.18590,0.24610,2.19570,0.71250,0.03090,0,0,0,2411,5,0,984,977,0,1604,0
814,3.34810,0.25470,2.31810,0.74810,0.02650,0,0,0,2411,5,0,985,976,0,1605,0
815,3.27210,0.26480,2.19220,0.78020,0.03410,0,0,0,2411,5,0,986,977,0,1605,0
816,3.49720,0.24540,2.30270,0.91100,0.03710,0,0,0,2411,5,0,986,978,0,1599,0
817,3.29610,0.29200,2.22940,0.74740,0.02670,0,0,0,2411,5,0,986,978,0,1599,0
818,3.58520,0.24740,2.36850,0.93630,0.03230,0,0,0,2411,5,0,987,979,0,1601,0
819,3.36280,0.25070,2.26110,0.81640,0.03380,0,0,0,2411,5,0,987,979,0,1604,0
820,3.53860,0.25400,2.37020,0.87900,0.03470,0,0,0,2411,5,0,987,979,0,1603,0
821,3.84700,0.48980,2.47210,0.85790,0.02650,3,0,0,2412,5,0,987,979,0,1604,0
822,3.45250,0.24130,2.34690,0.84280,0.02080,0,0,0,2412,5,0,988,980,0,1600,0
823,3.21610,0.26750,2.14760,0.77340,0.02680,0,0,0,2412,5,0,988,979,0,1606,0
824,3.53480,0.26780,2.35060,0.89050,0.02520,0,0,0,2412,5,0,988,979,0,1602,0
825,3.21300,0.22560,2.20000,0.76300,0.02390,0,0,0,2412,5,0,988,979,0,1606,0
826,4.85420,1.87520,2.23740,0.71460,0.02650,0,0,0,2412,5,0,988,980,0,1602,0
827,3.15410,0.22790,2.16140,0.73500,0.02910,0,0,0,2412,5,0,988,979,0,1602,0
828,3.18860,0.27430,2.16210,0.72700,0.02460,0,0,0,2412,5,0,988,979,0,1602,0
829,3.14880,0.25170,2.13970,0.73030,0.02630,0,0,0,2412,5,0,988,979,0,1601,0
830,3.16130,0.26700,2.15940,0.70820,0.02590,0,0,0,2412,5,0,988,979,0,1599,0
831,3.29930,0.26190,2.23820,0.77280,0.02590,0,0,0,2412,5,0,989,979,0,1600,0
832,3.27150,0.27250,2.16250,0.80760,0.02810,0,0,0,2412,5,0,989,979,0,1600,0
833,3.22460,0.22060,2.18070,0.79410,0.02840,0,0,0,2412,5,0,990,981,0,1597,0
834,3.24310,0.26290,2.22140,0.73220,0.02590,0,0,0,2412,5,0,991,982,0,1596,0
835,3.17240,0.25630,2.12600,0.76330,0.02600,0,0,0,2412,5,0,991,981,0,1590,0
836,3.25190,0.24150,2.21880,0.76370,0.02720,0,0,0,2412,5,0,992,982,0,1591,0
837,3.18120,0.24990,2.15010,0.75590,0.02470,0,0,0,2412,5,0,992,982,0,1591,0
838,3.25920,0.23350,2.23970,0.75470,0.03040,0,0,0,2412,5,0,992,984,0,1589,0
839,3.14620,0.26370,2.14160,0.71440,0.02570,0,0,0,2412,5,0,992,984,0,1590,0
840,3.12290,0.20930,2.17140,0.71610,0.02530,0,0,0,2412,5,0,992,984,0,1592,0
841,8.17300,1.92580,5.23050,0.90700,0.10850,0,0,0,2412,5,0,993,985,0,1589,0
842,4.83200,0.30650,3.69400,0.81140,0.01950,0,0,0,2412,5,0,994,987,0,1587,0
843,5.06240,0.37610,3.85730,0.80890,0.01920,0,0,0,2412,5,0,994,987,0,1582,0
844,6.06510,0.20870,4.96820,0.87230,0.01520,0,0,0,2412,5,0,997,990,0,1586,0
845,6.02180,0.21100,4.78430,1.00630,0.01950,0,0,0,2412,5,0,997,990,0,1588,0
846,5.42870,0.19420,4.40100,0.81520,0.01750,0,0,0,2412,5,0,997,990,0,1589,0
847,4.50790,0.21110,3.50320,0.77520,0.01760,0,0,0,2412,5,0,998,991,0,1584,0
848,4.48820,0.22820,3.42130,0.82040,0.01750,0,0,0,2412,5,0,998,991,0,1587,0
849,4.60120,0.22340,3.47110,0.79850,0.10730,0,0,0,2412,5,0,999,992,0,1585,0
850,5.02580,0.26270,3.40640,1.33460,0.02140,0,0,0,2412,5,0,999,992,0,1586,0
851,4.26190,0.29590,3.13150,0.81570,0.01830,0,0,0,2412,5,0,999,992,0,1586,0
852,4.57190,0.23120,3.05370,1.26010,0.02620,0,0,0,2412,5,0,999,993,0,1585,0
853,4.04990,0.20240,3.05300,0.77490,0.01890,0,0,0,2412,5,0,999,993,0,1589,0
854,3.89730,0.20790,2.86870,0.80410,0.01590,0,0,0,2412,5,0,999,993,0,1588,0
855,4.11150,0.22340,3.11080,0.75880,0.01770,0,0,0,2412,5,0,999,993,0,1588,0
856,5.79130,1.97850,3.00150,0.79400,0.01660,0,0,0,2412,5,0,999,993,0,1588,0
857,3.96840,0.20840,2.96480,0.77580,0.01890,0,0,0,2412,5,0,999,993,0,1587,0
858,3.87800,0.25590,2.85760,0.74730,0.01650,0,0,0,2412,5,0,999,993,0,1586,0
859,3.97190,0.22450,2.84640,0.80490,0.09530,0,0,0,2412,5,0,999,993,0,1583,0
860,3.79050,0.19630,2.81810,0.75830,0.01710,0,0,0,2412,5,0,999,993,0,1580,0
861,3.99990,0.19850,2.94280,0.83950,0.01860,0,0,0,2412,5,0,1000,994,0,1577,0
862,3.88560,0.19010,2.91230,0.76400,0.01850,0,0,0,2412,5,0,1000,994,0,1576,0
863,3.97700,0.20500,2.94080,0.81200,0.01840,0,0,0,2412,5,0,1000,994,0,1577,0
864,3.77580,0.21540,2.81390,0.72790,0.01800,0,0,0,2412,5,0,1000,994,0,1579,0
865,4.72870,0.20960,3.72240,0.77860,0.01730,0,0,0,2412,5,0,1000,994,0,1583,0
866,3.80030,0.22250,2.76100,0.79600,0.02010,0,0,0,2412,5,0,1002,996,0,1582,0
867,3.57560,0.22180,2.60810,0.72720,0.01780,0,0,0,2412,5,0,1002,996,0,1583,0
868,3.73110,0.20990,2.68270,0.81790,0.01980,0,0,0,2412,5,0,1002,996,0,1583,0
869,3.58910,0.22480,2.63250,0.71250,0.01850,0,0,0,2412,5,0,1002,996,0,1585,0
870,3.76050,0.20960,2.68830,0.84470,0.01700,0,0,0,2412,5,0,1002,996,0,1582,0
871,5.34150,1.89410,2.67060,0.75650,0.01950,0,0,0,2412,5,0,1003,997,0,1582,0
872,3.47520,0.20660,2.52000,0.72680,0.02090,0,0,0,2412,5,0,1003,996,0,1582,0
873,3.52330,0.21810,2.54410,0.74020,0.02020,0,0,0,2412,5,0,1004,998,0,1583,0
874,3.55420,0.22190,2.59380,0.71790,0.01980,0,0,0,2412,5,0,1005,998,0,1582,0
875,3.50620,0.19440,2.56290,0.72530,0.02300,0,0,0,2412,5,0,1005,999,0,1581,0
876,3.68280,0.19100,2.69400,0.77330,0.02370,0,0,0,2412,5,0,1005,998,0,1581,0
877,3.47190,0.20210,2.50210,0.74700,0.01990,0,0,0,2412,5,0,1006,999,0,1582,0
878,3.67210,0.17590,2.70220,0.77290,0.02040,0,0,0,2412,5,0,1007,1001,0,1581,0
879,3.76990,0.18780,2.71240,0.84680,0.02220,0,0,0,2412,5,0,1007,1000,0,1577,0
880,3.53680,0.17970,2.59510,0.74190,0.01950,0,0,0,2412,5,0,1007,1000,0,1577,0
881,3.73730,0.17490,2.53280,1.00660,0.02210,0,0,0,2412,5,0,1007,1001,0,1580,0
882,3.62280,0.19000,2.67140,0.74280,0.01810,0,0,0,2412,5,0,1007,1001,0,1581,0
883,3.55190,0.18100,2.54610,0.80620,0.01770,0,0,0,2412,5,0,1007,1002,0,1581,0
884,5.05470,0.22220,4.04320,0.77150,0.01720,0,0,0,2412,5,0,1007,1003,0,1582,0
885,3.61780,0.20330,2.60260,0.78510,0.02620,0,0,0,2412,5,0,1008,1005,0,1582,0
886,5.37180,1.81740,2.71320,0.79540,0.03250,0,0,0,2412,5,0,1008,1005,0,1582,0
887,3.72960,0.24960,2.58100,0.80370,0.09450,0,0,0,2412,5,0,1008,1005,0,1586,0
888,3.63270,0.19910,2.65440,0.75980,0.01870,0,0,0,2412,5,0,1010,1008,0,1594,0
889,3.46030,0.21370,2.49670,0.73040,0.01890,0,0,0,2412,5,0,1010,1008,0,1595,0
890,3.58940,0.19400,2.63570,0.73870,0.02020,0,0,0,2412,5,0,1010,1008,0,1591,0
891,3.49980,0.19380,2.55460,0.72910,0.02170,0,0,0,2412,5,0,1010,1008,0,1591,0
892,3.50460,0.25320,2.42660,0.79870,0.02550,0,0,0,2412,5,0,1010,1008,0,1591,0
893,3.45020,0.19340,2.44460,0.79230,0.01930,0,0,0,2412,5,0,1010,1008,0,1590,0
894,3.47930,0.21370,2.46830,0.77340,0.02320,0,0,0,2412,5,0,1011,1009,0,1588,0
895,3.46430,0.19550,2.47810,0.77270,0.01730,0,0,0,2412,5,0,1011,1010,0,1587,0
896,4.99200,0.18020,4.01950,0.77010,0.02140,0,0,0,2412,5,0,1012,1011,0,1585,0
897,3.46420,0.18010,2.48440,0.77750,0.02140,0,0,0,2412,5,0,1012,1011,0,1585,0
898,3.44590,0.22410,2.45010,0.74600,0.02460,0,0,0,2412,5,0,1012,1011,0,1585,0
899,3.39940,0.22360,2.35700,0.78680,0.03100,0,0,0,2412,5,0,1012,1011,0,1585,0
900,3.35270,0.20520,2.35800,0.76880,0.01990,0,0,0,2412,5,0,1012,1011,0,1585,0
901,5.15830,1.90440,2.48760,0.73290,0.03210,0,0,0,2412,5,0,1013,1012,0,1586,0
902,3.73850,0.37050,2.44060,0.89490,0.03190,0,0,0,2412,5,0,1013,1012,0,1582,0
903,3.40970,0.23400,2.38450,0.76180,0.02890,0,0,0,2412,5,0,1013,1012,0,1581,0
904,3.42890,0.24450,2.40540,0.75300,0.02530,0,0,0,2412,5,0,1013,1012,0,1583,0
905,3.29060,0.23510,2.30200,0.72720,0.02570,0,0,0,2412,5,0,1013,1012,0,1583,0
906,3.41500,0.22240,2.38940,0.77610,0.02630,0,0,0,2412,5,0,1013,1012,0,1583,0
907,3.54870,0.48130,2.28380,0.75800,0.02480,3,0,0,2413,5,0,1013,1012,0,1583,0
908,3.43150,0.21190,2.30230,0.87980,0.03670,0,0,0,2413,5,0,1013,1012,0,1581,0
909,3.49440,0.23400,2.44570,0.78620,0.02780,0,0,0,2413,5,0,1013,1012,0,1581,0
910,3.43870,0.22720,2.28800,0.88810,0.03470,0,0,0,2413,5,0,1013,1012,0,1578,0
911,3.35540,0.23540,2.34330,0.75110,0.02510,0,0,0,2413,5,0,1015,1014,0,1578,0
912,3.24560,0.20090,2.23620,0.78350,0.02440,0,0,0,2413,5,0,1015,1014,0,1579,0
913,3.55350,0.23080,2.42660,0.86020,0.03520,0,0,0,2413,5,0,1015,1014,0,1579,0
914,3.48920,0.19700,2.38490,0.87970,0.02670,0,0,0,2413,5,0,1015,1014,0,1579,0
915,3.27030,0.24470,2.20230,0.79300,0.02960,0,0,0,2413,5,0,1015,1014,0,1579,0
916,5.07290,1.82890,2.41100,0.80500,0.02730,0,0,0,2413,5,0,1015,1014,0,1578,0
917,3.34670,0.20150,2.25050,0.86440,0.02960,0,0,0,2413,5,0,1015,1014,0,1583,0
918,3.26040,0.22770,2.22390,0.77760,0.03040,0,0,0,2413,5,0,1015,1014,0,1582,0
919,3.33710,0.21580,2.34710,0.74730,0.02620,0,0,0,2413,5,0,1015,1014,0,1582,0
920,3.49300,0.19970,2.33810,0.92940,0.02510,0,0,0,2413,5,0,1015,1014,0,1582,0
921,3.22940,0.25320,2.21720,0.73810,0.02030,0,0,0,2413,5,0,1015,1014,0,1577,0
922,3.19120,0.23200,2.19130,0.74630,0.02100,0,0,0,2413,5,0,1015,1014,0,1575,0
923,3.33690,0.25600,2.26060,0.79880,0.02070,0,0,0,2413,5,0,1015,1014,0,1578,0
924,3.19930,0.22130,2.22090,0.73370,0.02270,0,0,0,2413,5,0,1015,1014,0,1578,0
925,3.34040,0.24080,2.28860,0.78730,0.02300,0,0,0,2413,5,0,1015,1014,0,1578,0
926,3.23480,0.22520,2.24880,0.73550,0.02440,0,0,0,2413,5,0,1015,1014,0,1576,0
927,3.11530,0.21800,2.15740,0.71650,0.02270,0,0,0,2413,5,0,1015,1014,0,1576,0
928,3.18440,0.23490,2.17480,0.75120,0.02270,0,0,0,2413,5,0,1015,1014,0,1575,0
929,3.23300,0.23420,2.19130,0.78430,0.02240,0,0,0,2413,5,0,1015,1014,0,1574,0
930,3.16830,0.23170,2.15250,0.76090,0.02250,0,0,0,2413,5,0,1016,1015,0,1574,0
931,6.49790,1.94880,3.71460,0.81510,0.01850,0,0,0,2413,5,0,1016,1016,0,1571,0
932,5.57470,0.16900,3.91540,1.46370,0.02590,0,0,0,2413,5,0,1017,1017,0,1571,0
933,4.68490,0.19790,3.62960,0.83640,0.02020,0,0,0,2413,5,0,1017,1017,0,1567,0
934,4.16630,0.17080,3.18490,0.79030,0.01970,0,0,0,2413,5,0,1017,1017,0,1565,0
935,4.38820,0.17970,3.39470,0.79800,0.01510,0,0,0,2413,5,0,1017,1017,0,1567,0
936,4.60960,0.17800,3.58050,0.83320,0.01730,0,0,0,2413,5,0,1017,1017,0,1567,0
937,4.15820,0.17890,3.21070,0.75050,0.01730,0,0,0,2413,5,0,1017,1017,0,1567,0
938,4.07020,0.16450,3.06090,0.82690,0.01730,0,0,0,2413,5,0,1017,1017,0,1567,0
939,4.70680,0.17830,3.71780,0.79170,0.01820,0,0,0,2413,5,0,1017,1017,0,1567,0
940,4.00580,0.17790,3.04030,0.76710,0.02000,0,0,0,2413,5,0,1018,1018,0,1566,0
941,3.88280,0.18490,2.90830,0.76480,0.02420,0,0,0,2413,5,0,1018,1018,0,1566,0
942,4.00610,0.19310,2.96690,0.82850,0.01620,0,0,0,2413,5,0,1018,1018,0,1566,0
943,4.04750,0.17900,3.06110,0.78830,0.01840,0,0,0,2413,5,0,1019,1019,0,1563,0
944,4.30060,0.16960,3.25410,0.85730,0.01900,0,0,0,2413,5,0,1019,1019,0,1563,0
945,3.93240,0.18440,2.80640,0.91460,0.02630,0,0,0,2413,5,0,1019,1019,0,1563,0
946,5.40940,1.79350,2.83490,0.76090,0.01960,0,0,0,2413,5,0,1019,1019,0,1563,0
947,3.98990,0.19640,2.92760,0.77010,0.09510,0,0,0,2413,5,0,1019,1019,0,1563,0
948,3.90070,0.16330,2.94940,0.76950,0.01800,0,0,0,2413,5,0,1019,1019,0,1563,0
949,3.50640,0.17190,2.57390,0.73760,0.02220,0,0,0,2413,5,0,1019,1019,0,1563,0
950,3.57610,0.22840,2.60010,0.72830,0.01860,0,0,0,2413,5,0,1019,1019,0,1563,0
951,3.64230,0.20550,2.57320,0.84360,0.01930,0,0,0,2413,5,0,1019,1019,0,1563,0
952,3.71630,0.20520,2.75930,0.73520,0.01630,0,0,0,2413,5,0,1019,1019,0,1565,0
953,3.55240,0.18830,2.55940,0.74280,0.06100,0,0,0,2413,5,0,1019,1019,0,1565,0
954,3.60980,0.21620,2.56860,0.80700,0.01730,0,0,0,2413,5,0,1019,1019,0,1569,0
955,4.77020,0.19960,3.71710,0.83400,0.01900,0,0,0,2413,5,0,1019,1019,0,1569,0
956,4.25700,0.19960,3.27760,0.76140,0.01780,0,0,0,2413,5,0,1020,1020,0,1572,0
957,4.33900,0.18760,3.34620,0.78680,0.01770,0,0,0,2413,5,0,1020,1020,0,1572,0
958,3.52120,0.21450,2.57480,0.71240,0.01900,0,0,0,2413,5,0,1020,1020,0,1572,0
959,3.47770,0.17550,2.57150,0.71280,0.01710,0,0,0,2413,5,0,1020,1020,0,1572,0
960,3.58230,0.19380,2.59980,0.76230,0.02560,0,0,0,2413,5,0,1020,1020,0,1571,0
961,5.43570,1.87490,2.72930,0.78920,0.04060,0,0,0,2413,5,0,1020,1020,0,1571,0
962,3.61780,0.19560,2.60660,0.79500,0.01990,0,0,0,2413,5,0,1020,1020,0,1569,0
963,3.58670,0.22200,2.60310,0.74150,0.01940,0,0,0,2413,5,0,1020,1020,0,1568,0
964,3.60480,0.18980,2.63570,0.75960,0.01920,0,0,0,2413,5,0,1020,1020,0,1568,0
965,3.56790,0.21690,2.57330,0.73160,0.04540,0,0,0,2413,5,0,1020,1020,0,1570,0
966,3.41620,0.18360,2.45350,0.75630,0.02200,0,0,0,2413,5,0,1020,1020,0,1569,0
967,3.59280,0.18180,2.52010,0.86580,0.02450,0,0,0,2413,5,0,1020,1020,0,1569,0
968,3.44610,0.22700,2.47320,0.72480,0.02060,0,0,0,2413,5,0,1020,1020,0,1569,0
969,3.55290,0.17350,2.50190,0.85000,0.02670,0,0,0,2413,5,0,1020,1020,0,1569,0
970,3.42990,0.18340,2.49950,0.72430,0.02230,0,0,0,2413,5,0,1020,1020,0,1569,0
971,3.43760,0.18240,2.52280,0.70270,0.02890,0,0,0,2413,5,0,1020,1020,0,1569,0
972,3.61530,0.17500,2.56060,0.85480,0.02410,0,0,0,2413,5,0,1020,1020,0,1569,0
973,5.00920,0.22320,3.99690,0.76860,0.01980,0,0,0,2413,5,0,1020,1020,0,1569,0
974,3.59760,0.22570,2.45670,0.88770,0.02680,0,0,0,2413,5,0,1020,1020,0,1569,0
975,3.55000,0.19860,2.55920,0.77150,0.02000,0,0,0,2413,5,0,1020,1020,0,1569,0
976,5.32640,1.85720,2.66210,0.78270,0.02390,0,0,0,2413,5,0,1020,1020,0,1569,0
977,3.54630,0.18660,2.57700,0.75730,0.02470,0,0,0,2413,5,0,1020,1020,0,1569,0
978,3.39050,0.23520,2.36750,0.76040,0.02690,0,0,0,2413,5,0,1020,1020,0,1567,0
979,3.42700,0.22760,2.39790,0.77550,0.02530,0,0,0,2413,5,0,1020,1020,0,1567,0
980,3.38370,0.19140,2.35900,0.80940,0.02320,0,0,0,2413,5,0,1020,1020,0,1567,0
981,3.45290,0.23140,2.44850,0.75010,0.02220,0,0,0,2413,5,0,1020,1020,0,1567,0
982,3.40710,0.23170,2.37260,0.78400,0.01810,0,0,0,2413,5,0,1020,1020,0,1567,0
983,3.37190,0.21870,2.39310,0.73920,0.02040,0,0,0,2413,5,0,1021,1021,0,1564,0
984,3.40750,0.23990,2.35010,0.79740,0.01950,0,0,0,2413,5,0,1021,1021,0,1564,0
985,3.41080,0.25900,2.33240,0.79670,0.02210,0,0,0,2413,5,0,1021,1021,0,1564,0
986,3.41950,0.20780,2.36100,0.82860,0.02140,0,0,0,2413,5,0,1022,1022,0,1564,0
987,3.39800,0.20480,2.38590,0.78490,0.02160,0,0,0,2413,5,0,1022,1022,0,1564,0
988,3.58220,0.22990,2.47480,0.85340,0.02340,0,0,0,2413,5,0,1022,1022,0,1565,0
989,3.38540,0.23760,2.33470,0.79060,0.02180,0,0,0,2413,5,0,1022,1022,0,1565,0
990,3.53680,0.28160,2.48800,0.74290,0.02350,0,0,0,2413,5,0,1022,1022,0,1565,0
991,5.31040,1.92610,2.41320,0.93200,0.03720,0,0,0,2413,5,0,1022,1022,0,1565,0
992,3.32710,0.20860,2.33610,0.75460,0.02710,0,0,0,2413,5,0,1022,1022,0,1565,0
993,3.34050,0.20850,2.32880,0.77430,0.02830,0,0,0,2413,5,0,1022,1022,0,1565,0
994,3.51770,0.21650,2.45650,0.81020,0.03370,0,0,0,2413,5,0,1022,1022,0,1563,0
995,3.58000,0.19740,2.39280,0.95480,0.03390,0,0,0,2413,5,0,1022,1022,0,1563,0
996,3.19470,0.20320,2.24050,0.72740,0.02270,0,0,0,2413,5,0,1022,1022,0,1563,0
997,3.42970,0.19400,2.34430,0.86020,0.03040,0,0,0,2413,5,0,1022,1022,0,1563,0
998,3.38300,0.19330,2.39070,0.77150,0.02650,0,0,0,2413,5,0,1022,1022,0,1563,0
999,3.34330,0.18800,2.33470,0.77660,0.04300,0,0,0,2413,5,0,1022,1022,0,1563,0
1000,3.28730,0.21550,2.30130,0.74650,0.02330,0,0,0,2413,5,0,1022,1022,0,1563,0
1001,3.35660,0.18890,2.41270,0.72990,0.02410,0,0,0,2413,5,0,1022,1022,0,1563,0
1002,3.28880,0.23970,2.29200,0.73030,0.02630,0,0,0,2413,5,0,1022,1022,0,1563,0
1003,3.36420,0.19520,2.27780,0.86620,0.02420,0,0,0,2413,5,0,1022,1022,0,1563,0
1004,3.18870,0.21130,2.20380,0.74990,0.02290,0,0,0,2413,5,0,1022,1022,0,1563,0
1005,3.18900,0.20520,2.20050,0.75520,0.02750,0,0,0,2413,5,0,1022,1022,0,1563,0
1006,5.11810,1.81310,2.37600,0.88530,0.04260,0,0,0,2413,5,0,1023,1023,0,1563,0
1007,4.05800,0.18950,3.06660,0.77630,0.02490,0,0,0,2413,5,0,1023,1023,0,1562,0
1008,3.10590,0.19640,2.16100,0.72310,0.02460,0,0,0,2413,5,0,1023,1023,0,1562,0
1009,3.24790,0.20140,2.26230,0.75830,0.02530,0,0,0,2413,5,0,1023,1023,0,1562,0
1010,3.39030,0.20650,2.36290,0.79760,0.02250,0,0,0,2413,5,0,1023,1023,0,1562,0
1011,3.33350,0.20520,2.29960,0.80000,0.02780,0,0,0,2413,5,0,1023,1023,0,1560,0
1012,3.23230,0.20460,2.26560,0.73980,0.02170,0,0,0,2413,5,0,1023,1023,0,1560,0
1013,3.47140,0.21620,2.34720,0.87190,0.03520,0,0,0,2413,5,0,1023,1023,0,1560,0
1014,3.35520,0.20030,2.36250,0.76840,0.02330,0,0,0,2413,5,0,1023,1023,0,1560,0
1015,3.17480,0.19270,2.24840,0.71100,0.02190,0,0,0,2413,5,0,1023,1023,0,1560,0
1016,3.48250,0.22960,2.26870,0.95480,0.02880,0,0,0,2413,5,0,1023,1023,0,1560,0
1017,3.27870,0.23780,2.26890,0.74000,0.03110,0,0,0,2413,5,0,1023,1023,0,1560,0
1018,3.30110,0.20620,2.27160,0.79560,0.02690,0,0,0,2413,5,0,1023,1023,0,1560,0
1019,3.22720,0.19040,2.26020,0.75330,0.02250,0,0,0,2413,5,0,1023,1023,0,1560,0
1020,3.28960,0.21590,2.23020,0.81910,0.02350,0,0,0,2413,5,0,1023,1023,0,1560,0
1021,6.79140,2.26360,3.65370,0.84540,0.02750,0,0,0,2413,5,0,1023,1023,0,1560,0
1022,4.47020,0.19750,3.41800,0.83170,0.02230,0,0,0,2413,5,0,1023,1023,0,1560,0
1023,5.39190,0.18620,4.33610,0.83970,0.02910,0,0,0,2413,5,0,1023,1023,0,1560,0
1024,5.15000,0.18300,4.16870,0.77550,0.02200,0,0,0,2413,5,0,1023,1023,0,1560,0
1025,4.28110,0.20300,3.27360,0.78310,0.02050,0,0,0,2413,5,0,1023,1023,0,1560,0
1026,4.41530,0.21000,3.39520,0.79000,0.01930,0,0,0,2413,5,0,1023,1023,0,1560,0
1027,4.56720,0.20130,3.51710,0.83020,0.01800,0,0,0,2413,5,0,1023,1023,0,1560,0
1028,4.50110,0.20600,3.46570,0.81170,0.01710,0,0,0,2413,5,0,1024,1024,0,1560,0
1029,4.39610,0.18930,3.39280,0.79580,0.01670,0,0,0,2413,5,0,1024,1024,0,1560,0
1030,3.66630,0.23340,2.68610,0.72460,0.02050,0,0,0,2413,5,0,1024,1024,0,1560,0
1031,3.91620,0.19410,2.90490,0.79530,0.02090,0,0,0,2413,5,0,1024,1024,0,1560,0
1032,4.04380,0.21180,3.01360,0.80020,0.01740,0,0,0,2413,5,0,1024,1024,0,1560,0
1033,3.92920,0.20550,2.93160,0.77430,0.01730,0,0,0,2413,5,0,1024,1024,0,1560,0
1034,3.67950,0.18120,2.70310,0.77530,0.01920,0,0,0,2413,5,0,1024,1024,0,1560,0
1035,3.53150,0.18380,2.59260,0.73350,0.02080,0,0,0,2413,5,0,1024,1024,0,1560,0
1036,5.79610,2.07000,2.93790,0.76730,0.01980,0,0,0,2413,5,0,1024,1024,0,1560,0
1037,3.44440,0.21920,2.45360,0.74870,0.02160,0,0,0,2413,5,0,1024,1024,0,1560,0
1038,3.48270,0.21370,2.54060,0.70760,0.01960,0,0,0,2413,5,0,1024,1024,0,1560,0
1039,3.52300,0.18570,2.57760,0.73790,0.02110,0,0,0,2413,5,0,1024,1024,0,1560,0
1040,3.46490,0.18210,2.50750,0.75880,0.01560,0,0,0,2413,5,0,1024,1024,0,1560,0
1041,3.57740,0.18060,2.63480,0.74210,0.01920,0,0,0,2413,5,0,1024,1024,0,1560,0
1042,3.46200,0.20220,2.47170,0.76500,0.02250,0,0,0,2413,5,0,1024,1024,0,1560,0
1043,3.42840,0.18210,2.47910,0.74670,0.01990,0,0,0,2413,5,0,1024,1024,0,1560,0
1044,5.04350,0.19740,4.00280,0.81880,0.02380,0,0,0,2413,5,0,1024,1024,0,1560,0
1045,3.52970,0.23760,2.46440,0.80080,0.02600,0,0,0,2413,5,0,1024,1024,0,1560,0
1046,3.44340,0.18570,2.48440,0.74470,0.02800,0,0,0,2413,5,0,1024,1024,0,1560,0
1047,3.55210,0.17050,2.59960,0.75630,0.02510,0,0,0,2413,5,0,1024,1024,0,1560,0
1048,3.42760,0.21830,2.45270,0.73490,0.02100,0,0,0,2413,5,0,1024,1024,0,1560,0
1049,3.52080,0.21650,2.51480,0.76360,0.02510,0,0,0,2413,5,0,1024,1024,0,1560,0
1050,3.41430,0.20490,2.41920,0.76310,0.02640,0,0,0,2413,5,0,1024,1024,0,1560,0
1051,5.17830,1.92530,2.47000,0.74880,0.03220,0,0,0,2413,5,0,1024,1024,0,1560,0
1052,3.49790,0.20960,2.49910,0.76250,0.02610,0,0,0,2413,5,0,1024,1024,0,1560,0
1053,3.31160,0.19380,2.31690,0.77230,0.02790,0,0,0,2413,5,0,1024,1024,0,1560,0
1054,3.20880,0.19180,2.26980,0.71970,0.02680,0,0,0,2413,5,0,1024,1024,0,1560,0
1055,3.46250,0.19690,2.46690,0.77110,0.02690,0,0,0,2413,5,0,1024,1024,0,1560,0
1056,3.44210,0.18680,2.44800,0.77330,0.03320,0,0,0,2413,5,0,1024,1024,0,1560,0
1057,3.20720,0.19670,2.20820,0.77080,0.03060,0,0,0,2413,5,0,1024,1024,0,1560,0
1058,3.55410,0.21270,2.42020,0.88920,0.03140,0,0,0,2413,5,0,1024,1024,0,1560,0
1059,3.44330,0.20880,2.42650,0.76170,0.04560,0,0,0,2413,5,0,1024,1024,0,1560,0
1060,3.38160,0.22780,2.38120,0.74500,0.02670,0,0,0,2413,5,0,1024,1024,0,1560,0
1061,3.28210,0.20390,2.29120,0.75950,0.02670,0,0,0,2413,5,0,1024,1024,0,1560,0
1062,3.37790,0.20890,2.38810,0.75660,0.02370,0,0,0,2413,5,0,1024,1024,0,1560,0
1063,3.53480,0.20120,2.39110,0.90870,0.03280,0,0,0,2413,5,0,1024,1024,0,1560,0
1064,3.48450,0.21430,2.43240,0.81140,0.02560,0,0,0,2413,5,0,1024,1024,0,1560,0
1065,3.58550,0.19820,2.40740,0.94970,0.02940,0,0,0,2413,5,0,1024,1024,0,1560,0
1066,5.11240,1.90250,2.39700,0.78770,0.02350,0,0,0,2413,5,0,1024,1024,0,1560,0
1067,3.23100,0.18050,2.30040,0.72480,0.02450,0,0,0,2413,5,0,1024,1024,0,1560,0
1068,3.30580,0.20560,2.33530,0.73720,0.02700,0,0,0,2413,5,0,1024,1024,0,1560,0
1069,3.33250,0.19000,2.37270,0.74400,0.02500,0,0,0,2413,5,0,1024,1024,0,1560,0
1070,3.33670,0.23530,2.32220,0.75480,0.02380,0,0,0,2413,5,0,1024,1024,0,1560,0
1071,3.24910,0.18880,2.28350,0.73940,0.03660,0,0,0,2413,5,0,1024,1024,0,1560,0
1072,3.27560,0.20980,2.29260,0.74870,0.02370,0,0,0,2413,5,0,1024,1024,0,1560,0
1073,3.25140,0.21200,2.27170,0.74300,0.02390,0,0,0,2413,5,0,1024,1024,0,1560,0
1074,3.30560,0.21310,2.31710,0.74230,0.03230,0,0,0,2413,5,0,1024,1024,0,1560,0
1075,3.31840,0.20730,2.33090,0.75570,0.02370,0,0,0,2413,5,0,1024,1024,0,1560,0
1076,3.43550,0.19070,2.42390,0.78310,0.03690,0,0,0,2413,5,0,1024,1024,0,1560,0
1077,3.23260,0.20580,2.25980,0.73970,0.02670,0,0,0,2413,5,0,1024,1024,0,1560,0
1078,3.23110,0.20580,2.21900,0.78050,0.02500,0,0,0,2413,5,0,1024,1024,0,1560,0
1079,3.27400,0.20210,2.26990,0.77650,0.02480,0,0,0,2413,5,0,1024,1024,0,1560,0
1080,3.35960,0.23190,2.28060,0.81320,0.03330,0,0,0,2413,5,0,1024,1024,0,1560,0
1081,7.06620,2.11620,3.99260,0.91420,0.04160,0,0,0,2413,5,0,1024,1024,0,1560,0
1082,4.90140,0.18170,3.74040,0.95610,0.02220,0,0,0,2413,5,0,1024,1024,0,1560,0
1083,4.58820,0.18130,3.58920,0.79670,0.02020,0,0,0,2413,5,0,1024,1024,0,1560,0
1084,4.41150,0.16700,3.39290,0.83270,0.01820,0,0,0,2413,5,0,1024,1024,0,1560,0
1085,4.00210,0.17290,3.03620,0.76900,0.02320,0,0,0,2413,5,0,1024,1024,0,1560,0
1086,4.43150,0.15960,3.44370,0.80490,0.02270,0,0,0,2413,5,0,1024,1024,0,1560,0
1087,4.81120,0.15550,3.83840,0.79410,0.02220,0,0,0,2413,5,0,1024,1024,0,1560,0
1088,3.98610,0.20850,2.97070,0.78780,0.01820,0,0,0,2413,5,0,1024,1024,0,1560,0
1089,3.61120,0.18460,2.65760,0.74100,0.02740,0,0,0,2413,5,0,1024,1024,0,1560,0
1090,3.71580,0.16500,2.77730,0.75430,0.01840,0,0,0,2413,5,0,1024,1024,0,1560,0
1091,3.90380,0.22780,2.90450,0.74970,0.02080,0,0,0,2413,5,0,1024,1024,0,1560,0
1092,3.64810,0.20240,2.68930,0.73770,0.01800,0,0,0,2413,5,0,1024,1024,0,1560,0
1093,3.99080,0.17740,2.83440,0.95130,0.02720,0,0,0,2413,5,0,1024,1024,0,1560,0
1094,3.52790,0.17770,2.58820,0.73860,0.02280,0,0,0,2413,5,0,1024,1024,0,1560,0
1095,3.52150,0.16690,2.58720,0.74820,0.01850,0,0,0,2413,5,0,1024,1024,0,1560,0
1096,5.59080,1.85960,2.92870,0.78330,0.01850,0,0,0,2413,5,0,1024,1024,0,1560,0
1097,3.66420,0.16730,2.71140,0.75190,0.03290,0,0,0,2413,5,0,1024,1024,0,1560,0
1098,3.69020,0.21020,2.72150,0.74070,0.01690,0,0,0,2413,5,0,1024,1024,0,1560,0
1099,4.07660,0.24400,3.05710,0.74740,0.02730,0,0,0,2413,5,0,1024,1024,0,1560,0
1100,3.97720,0.21130,2.87990,0.83640,0.04870,0,0,0,2413,5,0,1024,1024,0,1560,0
1101,3.45280,0.17990,2.51220,0.74080,0.01930,0,0,0,2413,5,0,1024,1024,0,1560,0
1102,3.51570,0.17490,2.58250,0.72740,0.03010,0,0,0,2413,5,0,1024,1024,0,1560,0
1103,3.57220,0.17580,2.52430,0.84760,0.02380,0,0,0,2413,5,0,1024,1024,0,1560,0
1104,3.67350,0.19860,2.65650,0.79620,0.02160,0,0,0,2413,5,0,1024,1024,0,1560,0
1105,3.52670,0.16870,2.63250,0.70410,0.02060,0,0,0,2413,5,0,1024,1024,0,1560,0
1106,3.70560,0.24240,2.69110,0.74760,0.02250,0,0,0,2413,5,0,1024,1024,0,1560,0
1107,3.51880,0.17280,2.55350,0.77010,0.02150,0,0,0,2413,5,0,1024,1024,0,1560,0
1108,3.51450,0.18650,2.51650,0.78990,0.02080,0,0,0,2413,5,0,1024,1024,0,1560,0
1109,4.36130,0.21650,3.31680,0.80190,0.02430,0,0,0,2413,5,0,1024,1024,0,1560,0
1110,3.53770,0.18970,2.53660,0.78500,0.02540,0,0,0,2413,5,0,1024,1024,0,1560,0
1111,5.65490,1.90680,2.94410,0.77630,0.02550,0,0,0,2413,5,0,1024,1024,0,1560,0
1112,3.60310,0.21510,2.53810,0.82220,0.02670,0,0,0,2413,5,0,1024,1024,0,1560,0
1113,3.94140,0.18780,2.91410,0.80840,0.03040,0,0,0,2413,5,0,1024,1024,0,1560,0
1114,3.37090,0.20580,2.39940,0.74130,0.02360,0,0,0,2413,5,0,1024,1024,0,1560,0
1115,3.77030,0.19590,2.78420,0.75800,0.02910,0,0,0,2413,5,0,1024,1024,0,1560,0
1116,3.66370,0.20210,2.65340,0.78060,0.02640,0,0,0,2413,5,0,1024,1024,0,1560,0
1117,3.23910,0.18670,2.28140,0.74260,0.02750,0,0,0,2413,5,0,1024,1024,0,1560,0
1118,3.27960,0.18540,2.32390,0.74420,0.02550,0,0,0,2413,5,0,1024,1024,0,1560,0
1119,4.36500,0.24580,3.35950,0.73540,0.02270,0,0,0,2413,5,0,1024,1024,0,1560,0
1120,3.35260,0.21410,2.34580,0.76420,0.02760,0,0,0,2413,5,0,1024,1024,0,1560,0
1121,3.36840,0.20050,2.37640,0.76410,0.02630,0,0,0,2413,5,0,1024,1024,0,1560,0
1122,3.27840,0.20030,2.32450,0.72640,0.02630,0,0,0,2413,5,0,1024,1024,0,1560,0
1123,3.26840,0.21560,2.27380,0.75270,0.02550,0,0,0,2413,5,0,1024,1024,0,1560,0
1124,3.42960,0.19970,2.41540,0.78530,0.02820,0,0,0,2413,5,0,1024,1024,0,1560,0
1125,3.19320,0.20440,2.16040,0.79590,0.03170,0,0,0,2413,5,0,1024,1024,0,1560,0
1126,4.96610,1.92050,2.25050,0.76320,0.03090,0,0,0,2413,5,0,1024,1024,0,1560,0
1127,3.37640,0.22990,2.31400,0.80480,0.02680,0,0,0,2413,5,0,1024,1024,0,1560,0
1128,3.42780,0.21260,2.40430,0.77370,0.03640,0,0,0,2413,5,0,1024,1024,0,1560,0
1129,3.29890,0.18640,2.26650,0.81750,0.02760,0,0,0,2413,5,0,1024,1024,0,1560,0
1130,3.30160,0.20950,2.30100,0.76310,0.02720,0,0,0,2413,5,0,1024,1024,0,1560,0
1131,3.31140,0.20460,2.27260,0.80380,0.02970,0,0,0,2413,5,0,1024,1024,0,1560,0
1132,4.04790,0.21100,2.97050,0.83540,0.03000,0,0,0,2413,5,0,1024,1024,0,1560,0
1133,3.34510,0.23240,2.33720,0.74970,0.02510,0,0,0,2413,5,0,1024,1024,0,1560,0
1134,3.06980,0.19870,2.12750,0.71650,0.02620,0,0,0,2413,5,0,1024,1024,0,1560,0
1135,3.40110,0.26090,2.32590,0.78070,0.03290,0,0,0,2413,5,0,1024,1024,0,1560,0
1136,3.34630,0.24070,2.25720,0.82010,0.02720,0,0,0,2413,5,0,1024,1024,0,1560,0
1137,3.18940,0.21230,2.20750,0.74220,0.02680,0,0,0,2413,5,0,1024,1024,0,1560,0
1138,3.26940,0.20650,2.18940,0.84120,0.03140,0,0,0,2413,5,0,1024,1024,0,1560,0
1139,3.35820,0.20590,2.31180,0.81240,0.02730,0,0,0,2413,5,0,1024,1024,0,1560,0
1140,3.25280,0.21120,2.24110,0.77280,0.02680,0,0,0,2413,5,0,1024,1024,0,1560,0
1141,6.22260,1.91310,3.48870,0.79800,0.02140,0,0,0,2413,5,0,1024,1024,0,1560,0
1142,4.71450,0.20650,3.67180,0.81630,0.01920,0,0,0,2413,5,0,1024,1024,0,1560,0
1143,3.71340,0.16010,2.74850,0.77790,0.02590,0,0,0,2413,5,0,1024,1024,0,1560,0
1144,4.79010,0.20660,3.63090,0.92570,0.02610,0,0,0,2413,5,0,1024,1024,0,1560,0
1145,4.35460,0.18220,3.37090,0.77650,0.02430,0,0,0,2413,5,0,1024,1024,0,1560,0
1146,3.55880,0.19430,2.48570,0.84480,0.03340,0,0,0,2413,5,0,1024,1024,0,1560,0
1147,3.53520,0.17950,2.53670,0.78410,0.03410,0,0,0,2413,5,0,1024,1024,0,1560,0
1148,3.60570,0.32310,2.53380,0.72510,0.02300,0,0,0,2413,5,0,1024,1024,0,1560,0
1149,3.60950,0.17340,2.66780,0.74200,0.02570,0,0,0,2413,5,0,1024,1024,0,1560,0
1150,3.52140,0.17360,2.41120,0.90700,0.02870,0,0,0,2413,5,0,1024,1024,0,1560,0
1151,3.58020,0.21500,2.56470,0.77080,0.02890,0,0,0,2413,5,0,1024,1024,0,1560,0
1152,3.35150,0.19350,2.36400,0.76030,0.03290,0,0,0,2413,5,0,1024,1024,0,1560,0
1153,3.42560,0.22640,2.40450,0.76670,0.02740,0,0,0,2413,5,0,1024,1024,0,1560,0
1154,3.38500,0.21600,2.38310,0.74480,0.04010,0,0,0,2413,5,0,1024,1024,0,1560,0
1155,3.46990,0.22500,2.45060,0.76690,0.02650,0,0,0,2413,5,0,1024,1024,0,1560,0
1156,5.01550,1.86870,2.32510,0.79900,0.02190,0,0,0,2413,5,0,1024,1024,0,1560,0
1157,3.24320,0.21580,2.25410,0.74180,0.03090,0,0,0,2413,5,0,1024,1024,0,1560,0
1158,3.30830,0.20220,2.35020,0.73210,0.02310,0,0,0,2413,5,0,1024,1024,0,1560,0
1159,3.35720,0.19750,2.29400,0.83690,0.02790,0,0,0,2413,5,0,1024,1024,0,1560,0
1160,3.29950,0.20140,2.26850,0.80060,0.02810,0,0,0,2413,5,0,1024,1024,0,1560,0
1161,3.17990,0.21020,2.21670,0.72900,0.02310,0,0,0,2413,5,0,1024,1024,0,1560,0
1162,3.25460,0.18110,2.22890,0.82290,0.02070,0,0,0,2413,5,0,1024,1024,0,1560,0
1163,3.33250,0.18650,2.29680,0.82940,0.01900,0,0,0,2413,5,0,1024,1024,0,1560,0
1164,3.34270,0.21370,2.37180,0.73220,0.02420,0,0,0,2413,5,0,1024,1024,0,1560,0
1165,3.25140,0.19120,2.29140,0.74420,0.02400,0,0,0,2413,5,0,1024,1024,0,1560,0
1166,3.32370,0.18100,2.35820,0.75910,0.02460,0,0,0,2413,5,0,1024,1024,0,1560,0
1167,3.28990,0.23480,2.29880,0.73140,0.02430,0,0,0,2413,5,0,1024,1024,0,1560,0
1168,3.21900,0.22870,2.20740,0.75110,0.03110,0,0,0,2413,5,0,1024,1024,0,1560,0
1169,3.12950,0.18870,2.19660,0.72160,0.02170,0,0,0,2413,5,0,1024,1024,0,1560,0
1170,3.27090,0.22110,2.25190,0.77410,0.02300,0,0,0,2413,5,0,1024,1024,0,1560,0
1171,6.03390,2.02780,3.10890,0.86710,0.02640,0,0,0,2413,5,0,1024,1024,0,1560,0
1172,4.97880,0.18240,3.91000,0.85950,0.02600,0,0,0,2413,5,0,1024,1024,0,1560,0
1173,4.57400,0.17990,3.55810,0.81880,0.01630,0,0,0,2413,5,0,1024,1024,0,1560,0
1174,4.56440,0.17340,3.45700,0.91170,0.02150,0,0,0,2413,5,0,1024,1024,0,1560,0
1175,4.60490,0.20400,3.61000,0.76780,0.02240,0,0,0,2413,5,0,1024,1024,0,1560,0
1176,3.89720,0.19320,2.90280,0.78130,0.01920,0,0,0,2413,5,0,1024,1024,0,1560,0
1177,3.55270,0.17180,2.62840,0.72840,0.02340,0,0,0,2413,5,0,1024,1024,0,1560,0
1178,3.72070,0.17490,2.78480,0.74080,0.01940,0,0,0,2413,5,0,1024,1024,0,1560,0
1179,3.96780,0.21240,2.94120,0.79300,0.02040,0,0,0,2413,5,0,1024,1024,0,1560,0
1180,4.01660,0.18200,3.03280,0.77970,0.02130,0,0,0,2413,5,0,1024,1024,0,1560,0
1181,4.86260,0.18100,3.81020,0.79200,0.07850,0,0,0,2413,5,0,1024,1024,0,1560,0
1182,4.04240,0.32260,2.91430,0.78190,0.02280,0,0,0,2413,5,0,1024,1024,0,1560,0
1183,3.85690,0.19230,2.72710,0.91380,0.02300,0,0,0,2413,5,0,1024,1024,0,1560,0
1184,3.83970,0.20310,2.85600,0.75760,0.02200,0,0,0,2413,5,0,1024,1024,0,1560,0
1185,3.83060,0.20940,2.68210,0.90810,0.03030,0,0,0,2413,5,0,1024,1024,0,1560,0
1186,5.36280,1.87070,2.73890,0.73140,0.02100,0,0,0,2413,5,0,1024,1024,0,1560,0
1187,3.60860,0.21230,2.62990,0.74520,0.02050,0,0,0,2413,5,0,1024,1024,0,1560,0
1188,3.48960,0.18290,2.57890,0.70400,0.02290,0,0,0,2413,5,0,1024,1024,0,1560,0
1189,3.58710,0.16670,2.57480,0.82020,0.02460,0,0,0,2413,5,0,1024,1024,0,1560,0
1190,3.58410,0.20150,2.63800,0.72610,0.01790,0,0,0,2413,5,0,1024,1024,0,1560,0
1191,3.55180,0.20930,2.57030,0.74980,0.02170,0,0,0,2413,5,0,1024,1024,0,1560,0
1192,4.52440,0.17640,3.51060,0.81140,0.02460,0,0,0,2413,5,0,1024,1024,0,1560,0
1193,3.51540,0.18480,2.57760,0.72530,0.02700,0,0,0,2413,5,0,1024,1024,0,1560,0
1194,3.49590,0.19180,2.52420,0.75900,0.02020,0,0,0,2413,5,0,1024,1024,0,1560,0
1195,3.55590,0.20430,2.57990,0.75200,0.01910,0,0,0,2413,5,0,1024,1024,0,1560,0
1196,3.56870,0.21290,2.54470,0.79170,0.01880,0,0,0,2413,5,0,1024,1024,0,1560,0
1197,5.00050,0.18550,3.99170,0.80300,0.01960,0,0,0,2413,5,0,1024,1024,0,1560,0
1198,3.65840,0.17740,2.68960,0.77270,0.01790,0,0,0,2413,5,0,1024,1024,0,1560,0
1199,3.47090,0.19730,2.50650,0.74430,0.02180,0,0,0,2413,5,0,1024,1024,0,1560,0
1200,3.45950,0.21240,2.49330,0.73520,0.01790,0,0,0,2413,5,0,1024,1024,0,1560,0
1201,5.22790,1.90590,2.43140,0.85800,0.03070,0,0,0,2413,5,0,1024,1024,0,1560,0
1202,3.42440,0.23730,2.36580,0.79190,0.02880,0,0,0,2413,5,0,1024,1024,0,1560,0
1203,3.89500,0.19930,2.91370,0.75300,0.02830,0,0,0,2413,5,0,1024,1024,0,1560,0
1204,3.51410,0.20990,2.41450,0.85980,0.02910,0,0,0,2413,5,0,1024,1024,0,1560,0
1205,3.38500,0.20000,2.36760,0.79050,0.02640,0,0,0,2413,5,0,1024,1024,0,1560,0
1206,3.35300,0.19360,2.34890,0.77080,0.03890,0,0,0,2413,5,0,1024,1024,0,1560,0
1207,3.45790,0.22840,2.45180,0.74770,0.02900,0,0,0,2413,5,0,1024,1024,0,1560,0
1208,3.38660,0.20740,2.40100,0.74210,0.03540,0,0,0,2413,5,0,1024,1024,0,1560,0
1209,3.36680,0.20660,2.40870,0.72610,0.02480,0,0,0,2413,5,0,1024,1024,0,1560,0
1210,3.29190,0.19860,2.26960,0.79370,0.02920,0,0,0,2413,5,0,1024,1024,0,1560,0
1211,3.35760,0.21020,2.35970,0.75970,0.02720,0,0,0,2413,5,0,1024,1024,0,1560,0
1212,3.25990,0.21310,2.30010,0.71980,0.02620,0,0,0,2413,5,0,1024,1024,0,1560,0
1213,3.39970,0.20800,2.36110,0.80190,0.02790,0,0,0,2413,5,0,1024,1024,0,1560,0
1214,3.28150,0.19780,2.24900,0.80420,0.02920,0,0,0,2413,5,0,1024,1024,0,1560,0
1215,3.50200,0.21860,2.41850,0.83480,0.02930,0,0,0,2413,5,0,1024,1024,0,1560,0
1216,5.08210,1.91310,2.38660,0.75420,0.02740,0,0,0,2413,5,0,1024,1024,0,1560,0
1217,3.28810,0.20900,2.27540,0.77480,0.02800,0,0,0,2413,5,0,1024,1024,0,1560,0
1218,3.43770,0.20570,2.40080,0.80260,0.02760,0,0,0,2413,5,0,1024,1024,0,1560,0
1219,3.38770,0.21950,2.35810,0.77950,0.02960,0,0,0,2413,5,0,1024,1024,0,1560,0
1220,3.20060,0.21470,2.16620,0.78600,0.03290,0,0,0,2413,5,0,1024,1024,0,1560,0
1221,3.26420,0.21130,2.25000,0.77330,0.02880,0,0,0,2413,5,0,1024,1024,0,1560,0
1222,3.20420,0.21760,2.21110,0.74680,0.02810,0,0,0,2413,5,0,1024,1024,0,1560,0
1223,3.34340,0.21430,2.31020,0.78920,0.02880,0,0,0,2413,5,0,1024,1024,0,1560,0
1224,3.29590,0.22050,2.25860,0.78760,0.02830,0,0,0,2413,5,0,1024,1024,0,1560,0
1225,3.20280,0.20880,2.16110,0.80430,0.02780,0,0,0,2413,5,0,1024,1024,0,1560,0
1226,3.30920,0.21470,2.28540,0.77680,0.03150,0,0,0,2413,5,0,1024,1024,0,1560,0
1227,3.15840,0.21540,2.17020,0.74090,0.03120,0,0,0,2413,5,0,1024,1024,0,1560,0
1228,3.25620,0.20440,2.24210,0.78310,0.02590,0,0,0,2413,5,0,1024,1024,0,1560,0
1229,3.18460,0.20640,2.16640,0.78250,0.02850,0,0,0,2413,5,0,1024,1024,0,1560,0
1230,3.29330,0.22960,2.25770,0.77640,0.02880,0,0,0,2413,5,0,1024,1024,0,1560,0
1231,5.06330,1.88540,2.36180,0.78480,0.02950,0,0,0,2413,5,0,1024,1024,0,1560,0
1232,3.36040,0.22870,2.30450,0.79920,0.02730,0,0,0,2413,5,0,1024,1024,0,1560,0
1233,3.49210,0.25650,2.40250,0.80300,0.02910,0,0,0,2413,5,0,1024,1024,0,1560,0
1234,3.30290,0.20850,2.33530,0.73120,0.02720,0,0,0,2413,5,0,1024,1024,0,1560,0
1235,3.41340,0.22270,2.34410,0.81930,0.02650,0,0,0,2413,5,0,1024,1024,0,1560,0
1236,3.36110,0.21170,2.35110,0.75720,0.04010,0,0,0,2413,5,0,1024,1024,0,1560,0
1237,3.27750,0.20920,2.22670,0.81120,0.02970,0,0,0,2413,5,0,1024,1024,0,1560,0
1238,3.23070,0.21470,2.24530,0.74300,0.02710,0,0,0,2413,5,0,1024,1024,0,1560,0
1239,3.25350,0.20980,2.25270,0.75710,0.03320,0,0,0,2413,5,0,1024,1024,0,1560,0
1240,3.24090,0.19420,2.21410,0.80170,0.02990,0,0,0,2413,5,0,1024,1024,0,1560,0
1241,3.25100,0.22480,2.23760,0.76070,0.02730,0,0,0,2413,5,0,1024,1024,0,1560,0
1242,3.24500,0.22250,2.22240,0.77060,0.02900,0,0,0,2413,5,0,1024,1024,0,1560,0
1243,3.20050,0.20440,2.18400,0.75680,0.05440,0,0,0,2413,5,0,1024,1024,0,1560,0
1244,3.24890,0.21450,2.23540,0.75960,0.03850,0,0,0,2413,5,0,1024,1024,0,1560,0
1245,3.25970,0.21730,2.23090,0.77160,0.03920,0,0,0,2413,5,0,1024,1024,0,1560,0
1246,5.12060,1.92700,2.35460,0.80790,0.03040,0,0,0,2413,5,0,1024,1024,0,1560,0
1247,3.34740,0.20360,2.35810,0.76090,0.02370,0,0,0,2413,5,0,1024,1024,0,1560,0
1248,3.34380,0.22720,2.24570,0.83280,0.03730,0,0,0,2413,5,0,1024,1024,0,1560,0
1249,3.33760,0.20610,2.27250,0.82670,0.03180,0,0,0,2413,5,0,1024,1024,0,1560,0
1250,3.21700,0.20910,2.23800,0.73570,0.03360,0,0,0,2413,5,0,1024,1024,0,1560,0
1251,3.26070,0.20390,2.27740,0.74840,0.02980,0,0,0,2413,5,0,1024,1024,0,1560,0
1252,3.27720,0.20620,2.28740,0.75170,0.03100,0,0,0,2413,5,0,1024,1024,0,1560,0
1253,3.29500,0.21730,2.24960,0.78260,0.04480,0,0,0,2413,5,0,1024,1024,0,1560,0
1254,3.30940,0.24160,2.26720,0.77000,0.02980,0,0,0,2413,5,0,1024,1024,0,1560,0
1255,3.30050,0.22320,2.19950,0.84910,0.02780,0,0,0,2413,5,0,1024,1024,0,1560,0
1256,3.16380,0.21600,2.17110,0.74970,0.02630,0,0,0,2413,5,0,1024,1024,0,1560,0
1257,3.29370,0.22120,2.22460,0.81720,0.03010,0,0,0,2413,5,0,1024,1024,0,1560,0
1258,3.29620,0.21120,2.25960,0.79690,0.02740,0,0,0,2413,5,0,1024,1024,0,1560,0
1259,3.24720,0.21460,2.23860,0.77110,0.02210,0,0,0,2413,5,0,1024,1024,0,1560,0
1260,3.47890,0.23040,2.37490,0.84020,0.03240,0,0,0,2413,5,0,1024,1024,0,1560,0
1261,6.46890,1.95560,3.65640,0.83540,0.02040,0,0,0,2413,5,0,1024,1024,0,1560,0
1262,4.81360,0.16500,3.71190,0.90810,0.02660,0,0,0,2413,5,0,1024,1024,0,1560,0
1263,3.90470,0.16840,2.95490,0.75600,0.02450,0,0,0,2413,5,0,1024,1024,0,1560,0
1264,3.99620,0.20230,2.95060,0.82310,0.01960,0,0,0,2413,5,0,1024,1024,0,1560,0
1265,4.53700,0.17190,3.57660,0.76930,0.01850,0,0,0,2413,5,0,1024,1024,0,1560,0
1266,3.98210,0.20900,2.90780,0.80450,0.06000,0,0,0,2413,5,0,1024,1024,0,1560,0
1267,3.67880,0.22050,2.62710,0.80660,0.02380,0,0,0,2413,5,0,1024,1024,0,1560,0
1268,4.18500,0.19040,3.15900,0.80560,0.02910,0,0,0,2413,5,0,1024,1024,0,1560,0
1269,3.53750,0.18670,2.61930,0.70620,0.02430,0,0,0,2413,5,0,1024,1024,0,1560,0
1270,3.64060,0.17350,2.67370,0.76790,0.02460,0,0,0,2413,5,0,1024,1024,0,1560,0
1271,3.56240,0.21380,2.58400,0.74420,0.01960,0,0,0,2413,5,0,1024,1024,0,1560,0
1272,4.36280,0.17930,3.38270,0.78060,0.01950,0,0,0,2413,5,0,1024,1024,0,1560,0
1273,3.58340,0.20900,2.61110,0.74360,0.01890,0,0,0,2413,5,0,1024,1024,0,1560,0
1274,4.85840,0.18590,3.83110,0.81920,0.02140,0,0,0,2413,5,0,1024,1024,0,1560,0
1275,3.46130,0.18130,2.52710,0.73220,0.02000,0,0,0,2413,5,0,1024,1024,0,1560,0
1276,5.22880,1.85590,2.63480,0.71620,0.02140,0,0,0,2413,5,0,1024,1024,0,1560,0
1277,3.51720,0.16450,2.59620,0.73430,0.02130,0,0,0,2413,5,0,1024,1024,0,1560,0
1278,3.51970,0.20770,2.57990,0.71150,0.01980,0,0,0,2413,5,0,1024,1024,0,1560,0
1279,3.50680,0.16570,2.59430,0.72570,0.02040,0,0,0,2413,5,0,1024,1024,0,1560,0
1280,3.65630,0.18330,2.65900,0.79300,0.02030,0,0,0,2413,5,0,1024,1024,0,1560,0
1281,3.55120,0.20820,2.56300,0.75730,0.02170,0,0,0,2413,5,0,1024,1024,0,1560,0
1282,3.52190,0.22780,2.48450,0.78530,0.02340,0,0,0,2413,5,0,1024,1024,0,1560,0
1283,3.34230,0.19580,2.37240,0.74970,0.02360,0,0,0,2413,5,0,1024,1024,0,1560,0
1284,3.28330,0.21080,2.35980,0.69060,0.02130,0,0,0,2413,5,0,1024,1024,0,1560,0
1285,3.34820,0.19730,2.41090,0.71730,0.02140,0,0,0,2413,5,0,1024,1024,0,1560,0
1286,3.34250,0.21480,2.35140,0.75280,0.02260,0,0,0,2413,5,0,1024,1024,0,1560,0
1287,3.49910,0.19610,2.50730,0.77410,0.02060,0,0,0,2413,5,0,1024,1024,0,1560,0
1288,3.37980,0.21080,2.39930,0.73970,0.02920,0,0,0,2413,5,0,1024,1024,0,1560,0
1289,3.39650,0.19900,2.39050,0.78390,0.02250,0,0,0,2413,5,0,1024,1024,0,1560,0
1290,3.37850,0.19500,2.36380,0.78960,0.02950,0,0,0,2413,5,0,1024,1024,0,1560,0
1291,5.30950,2.01840,2.48320,0.77800,0.02830,0,0,0,2413,5,0,1024,1024,0,1560,0
1292,3.44720,0.21550,2.45030,0.75020,0.03050,0,0,0,2413,5,0,1024,1024,0,1560,0
1293,3.48530,0.20260,2.35910,0.89720,0.02560,0,0,0,2413,5,0,1024,1024,0,1560,0
1294,3.29600,0.20960,2.32520,0.73510,0.02540,0,0,0,2413,5,0,1024,1024,0,1560,0
1295,3.34250,0.20720,2.35650,0.74840,0.02950,0,0,0,2413,5,0,1024,1024,0,1560,0
1296,3.29370,0.20500,2.34420,0.71520,0.02850,0,0,0,2413,5,0,1024,1024,0,1560,0
1297,3.23830,0.20060,2.29960,0.70960,0.02780,0,0,0,2413,5,0,1024,1024,0,1560,0
1298,3.51310,0.19980,2.37820,0.90640,0.02800,0,0,0,2413,5,0,1024,1024,0,1560,0
1299,3.47620,0.19980,2.40670,0.84160,0.02740,0,0,0,2413,5,0,1024,1024,0,1560,0
1300,3.34370,0.20150,2.37550,0.74060,0.02550,0,0,0,2413,5,0,1024,1024,0,1560,0
1301,3.29030,0.19910,2.34050,0.72620,0.02370,0,0,0,2413,5,0,1024,1024,0,1560,0
1302,3.27130,0.19200,2.33050,0.72190,0.02610,0,0,0,2413,5,0,1024,1024,0,1560,0
1303,3.36030,0.19200,2.39600,0.74670,0.02500,0,0,0,2413,5,0,1024,1024,0,1560,0
1304,3.29160,0.20610,2.32380,0.73280,0.02830,0,0,0,2413,5,0,1024,1024,0,1560,0
1305,3.24080,0.19790,2.30290,0.71320,0.02600,0,0,0,2413,5,0,1024,1024,0,1560,0
1306,5.16010,2.01200,2.37480,0.74430,0.02820,0,0,0,2413,5,0,1024,1024,0,1560,0
1307,3.32070,0.20030,2.33490,0.75010,0.03460,0,0,0,2413,5,0,1024,1024,0,1560,0
1308,3.45560,0.19820,2.32580,0.90080,0.02990,0,0,0,2413,5,0,1024,1024,0,1560,0
1309,3.37930,0.27780,2.29950,0.77870,0.02250,0,0,0,2413,5,0,1024,1024,0,1560,0
1310,3.27650,0.19390,2.26730,0.78820,0.02620,0,0,0,2413,5,0,1024,1024,0,1560,0
1311,3.35900,0.20270,2.39920,0.73100,0.02540,0,0,0,2413,5,0,1024,1024,0,1560,0
1312,3.33570,0.19870,2.37150,0.72880,0.03580,0,0,0,2413,5,0,1024,1024,0,1560,0
1313,3.29840,0.20040,2.32080,0.75150,0.02510,0,0,0,2413,5,0,1024,1024,0,1560,0
1314,3.25430,0.19990,2.29770,0.73000,0.02600,0,0,0,2413,5,0,1024,1024,0,1560,0
1315,3.31800,0.19480,2.32790,0.76520,0.02920,0,0,0,2413,5,0,1024,1024,0,1560,0
1316,3.32620,0.18170,2.37850,0.73700,0.02820,0,0,0,2413,5,0,1024,1024,0,1560,0
1317,3.33570,0.19890,2.37220,0.73850,0.02520,0,0,0,2413,5,0,1024,1024,0,1560,0
1318,3.34690,0.19360,2.39780,0.72960,0.02510,0,0,0,2413,5,0,1024,1024,0,1560,0
1319,3.29510,0.20060,2.35330,0.71470,0.02580,0,0,0,2413,5,0,1024,1024,0,1560,0
1320,3.41900,0.19360,2.39270,0.80530,0.02650,0,0,0,2413,5,0,1024,1024,0,1560,0
1321,6.44130,2.09210,3.51940,0.80790,0.01980,0,0,0,2413,5,0,1024,1024,0,1560,0
1322,4.54300,0.17160,3.56110,0.78580,0.02380,0,0,0,2413,5,0,1024,1024,0,1560,0
1323,3.62560,0.18530,2.68790,0.73490,0.01680,0,0,0,2413,5,0,1024,1024,0,1560,0
1324,3.99010,0.18330,2.99820,0.78510,0.02260,0,0,0,2413,5,0,1024,1024,0,1560,0
1325,4.03370,0.20710,3.01730,0.79060,0.01810,0,0,0,2413,5,0,1024,1024,0,1560,0
1326,3.79620,0.16720,2.80990,0.77140,0.04680,0,0,0,2413,5,0,1024,1024,0,1560,0
1327,3.57600,0.20970,2.61560,0.73060,0.01910,0,0,0,2413,5,0,1024,1024,0,1560,0
1328,4.08410,0.21760,3.03650,0.80980,0.01970,0,0,0,2413,5,0,1024,1024,0,1560,0
1329,4.55180,0.19890,3.54220,0.78630,0.02360,0,0,0,2413,5,0,1024,1024,0,1560,0
1330,3.89890,0.17000,2.95740,0.75120,0.01960,0,0,0,2413,5,0,1024,1024,0,1560,0
1331,4.92400,0.19300,3.79360,0.91100,0.02570,0,0,0,2413,5,0,1024,1024,0,1560,0
1332,3.79640,0.16950,2.83530,0.76910,0.02170,0,0,0,2413,5,0,1024,1024,0,1560,0
1333,3.58450,0.17950,2.63900,0.74530,0.01930,0,0,0,2413,5,0,1024,1024,0,1560,0
1334,3.56210,0.18370,2.52380,0.82940,0.02440,0,0,0,2413,5,0,1024,1024,0,1560,0
1335,3.49470,0.17430,2.51480,0.77880,0.02610,0,0,0,2413,5,0,1024,1024,0,1560,0
1336,5.50090,1.94530,2.67430,0.85760,0.02300,0,0,0,2413,5,0,1024,1024,0,1560,0
1337,3.46490,0.19960,2.47970,0.75310,0.03180,0,0,0,2413,5,0,1024,1024,0,1560,0
1338,3.50290,0.17580,2.55470,0.74600,0.02570,0,0,0,2413,5,0,1024,1024,0,1560,0
1339,3.50530,0.21330,2.53350,0.73780,0.01990,0,0,0,2413,5,0,1024,1024,0,1560,0
1340,3.62490,0.18400,2.66220,0.75480,0.02330,0,0,0,2413,5,0,1024,1024,0,1560,0
1341,3.41060,0.18380,2.47050,0.73530,0.02010,0,0,0,2413,5,0,1024,1024,0,1560,0
1342,3.70880,0.22610,2.69590,0.76180,0.02430,0,0,0,2413,5,0,1024,1024,0,1560,0
1343,3.36920,0.17050,2.44380,0.73240,0.02150,0,0,0,2413,5,0,1024,1024,0,1560,0
1344,3.47510,0.20850,2.49170,0.75250,0.02160,0,0,0,2413,5,0,1024,1024,0,1560,0
1345,3.42890,0.21200,2.43490,0.75220,0.02750,0,0,0,2413,5,0,1024,1024,0,1560,0
1346,3.56380,0.18780,2.58060,0.77260,0.02200,0,0,0,2413,5,0,1024,1024,0,1560,0
1347,3.49140,0.21460,2.50710,0.74540,0.02320,0,0,0,2413,5,0,1024,1024,0,1560,0
1348,3.43880,0.20790,2.45140,0.75600,0.02290,0,0,0,2413,5,0,1024,1024,0,1560,0
1349,3.38270,0.19420,2.41940,0.74050,0.02800,0,0,0,2413,5,0,1024,1024,0,1560,0
1350,3.32590,0.19650,2.35950,0.73640,0.03290,0,0,0,2413,5,0,1024,1024,0,1560,0
1351,5.21090,1.93110,2.43540,0.81260,0.02980,0,0,0,2413,5,0,1024,1024,0,1560,0
1352,3.28760,0.19870,2.30270,0.76290,0.02260,0,0,0,2413,5,0,1024,1024,0,1560,0
1353,3.30040,0.18360,2.33740,0.74880,0.02990,0,0,0,2413,5,0,1024,1024,0,1560,0
1354,3.26170,0.21300,2.29780,0.72360,0.02660,0,0,0,2413,5,0,1024,1024,0,1560,0
1355,3.38950,0.19400,2.42580,0.74690,0.02210,0,0,0,2413,5,0,1024,1024,0,1560,0
1356,3.49060,0.21460,2.46770,0.78280,0.02470,0,0,0,2413,5,0,1024,1024,0,1560,0
1357,3.39320,0.18940,2.41170,0.76210,0.02940,0,0,0,2413,5,0,1024,1024,0,1560,0
1358,3.40390,0.21180,2.34140,0.81910,0.03070,0,0,0,2413,5,0,1024,1024,0,1560,0
1359,3.34110,0.19650,2.38310,0.73320,0.02750,0,0,0,2413,5,0,1024,1024,0,1560,0
1360,3.40920,0.19390,2.31160,0.87430,0.02850,0,0,0,2413,5,0,1024,1024,0,1560,0
1361,3.29100,0.20950,2.30370,0.75250,0.02460,0,0,0,2413,5,0,1024,1024,0,1560,0
1362,3.29330,0.19760,2.32600,0.74180,0.02700,0,0,0,2413,5,0,1024,1024,0,1560,0
1363,3.23700,0.20060,2.29660,0.71330,0.02580,0,0,0,2413,5,0,1024,1024,0,1560,0
1364,3.34530,0.20020,2.36710,0.74800,0.02910,0,0,0,2413,5,0,1024,1024,0,1560,0
1365,3.27560,0.19710,2.30270,0.73630,0.03860,0,0,0,2413,5,0,1024,1024,0,1560,0
1366,5.13410,1.94050,2.41600,0.75150,0.02540,0,0,0,2413,5,0,1024,1024,0,1560,0
1367,3.35040,0.19780,2.37230,0.75240,0.02710,0,0,0,2413,5,0,1024,1024,0,1560,0
1368,3.43670,0.19950,2.29780,0.90900,0.02940,0,0,0,2413,5,0,1024,1024,0,1560,0
1369,3.27960,0.19080,2.31930,0.74410,0.02450,0,0,0,2413,5,0,1024,1024,0,1560,0
1370,3.28720,0.20280,2.31840,0.74110,0.02410,0,0,0,2413,5,0,1024,1024,0,1560,0
1371,3.33020,0.20050,2.31890,0.78760,0.02230,0,0,0,2413,5,0,1024,1024,0,1560,0
1372,3.28220,0.20040,2.30980,0.74150,0.02960,0,0,0,2413,5,0,1024,1024,0,1560,0
1373,3.31530,0.20730,2.35990,0.72300,0.02460,0,0,0,2413,5,0,1024,1024,0,1560,0
1374,3.45040,0.24700,2.38920,0.79260,0.02100,0,0,0,2413,5,0,1024,1024,0,1560,0
1375,3.33980,0.21350,2.27800,0.82360,0.02390,0,0,0,2413,5,0,1024,1024,0,1560,0
1376,3.39380,0.19930,2.39720,0.76950,0.02700,0,0,0,2413,5,0,1024,1024,0,1560,0
1377,3.28130,0.20300,2.28580,0.76620,0.02560,0,0,0,2413,5,0,1024,1024,0,1560,0
1378,3.33910,0.20000,2.33070,0.78620,0.02130,0,0,0,2413,5,0,1024,1024,0,1560,0
1379,3.34800,0.22190,2.35430,0.74410,0.02700,0,0,0,2413,5,0,1024,1024,0,1560,0
1380,3.44930,0.18330,2.43850,0.80420,0.02240,0,0,0,2413,5,0,1024,1024,0,1560,0
1381,7.77850,2.59620,4.32940,0.82160,0.03000,0,0,0,2413,5,0,1024,1024,0,1560,0
1382,4.60070,0.19030,3.52070,0.86630,0.02250,0,0,0,2413,5,0,1024,1024,0,1560,0
1383,4.54440,0.18040,3.50560,0.83880,0.01890,0,0,0,2413,5,0,1024,1024,0,1560,0
1384,4.49920,0.17550,3.47090,0.83370,0.01830,0,0,0,2413,5,0,1024,1024,0,1560,0
1385,4.46450,0.17190,3.49110,0.78280,0.01820,0,0,0,2413,5,0,1024,1024,0,1560,0
1386,4.85470,0.17780,3.69990,0.88060,0.09540,0,0,0,2413,5,0,1024,1024,0,1560,0
1387,5.76670,0.24300,4.62360,0.88210,0.01730,0,0,0,2413,5,0,1024,1024,0,1560,0
1388,3.99960,0.26070,2.94100,0.77820,0.01890,0,0,0,2413,5,0,1024,1024,0,1560,0
1389,3.99350,0.19560,2.96540,0.79960,0.03130,0,0,0,2413,5,0,1024,1024,0,1560,0
1390,4.26090,0.19750,3.21310,0.82610,0.02340,0,0,0,2413,5,0,1024,1024,0,1560,0
1391,3.77460,0.21350,2.77230,0.76050,0.02750,0,0,0,2413,5,0,1024,1024,0,1560,0
1392,3.57380,0.19980,2.60700,0.74340,0.02290,0,0,0,2413,5,0,1024,1024,0,1560,0
1393,3.59210,0.19150,2.64090,0.74010,0.01890,0,0,0,2413,5,0,1024,1024,0,1560,0
1394,4.75550,0.16630,3.79470,0.77530,0.01850,0,0,0,2413,5,0,1024,1024,0,1560,0
1395,3.59450,0.20440,2.64780,0.72220,0.01930,0,0,0,2413,5,0,1024,1024,0,1560,0
1396,5.43900,1.98780,2.65970,0.77160,0.01910,0,0,0,2413,5,0,1024,1024,0,1560,0
1397,3.45250,0.18730,2.53030,0.71580,0.01850,0,0,0,2413,5,0,1024,1024,0,1560,0
1398,3.62410,0.17850,2.64520,0.78030,0.01950,0,0,0,2413,5,0,1024,1024,0,1560,0
1399,3.47130,0.18910,2.52900,0.73510,0.01730,0,0,0,2413,5,0,1024,1024,0,1560,0
1400,4.95230,0.18340,3.92540,0.82190,0.02080,0,0,0,2413,5,0,1024,1024,0,1560,0
1401,3.65460,0.20820,2.60660,0.81980,0.01920,0,0,0,2413,5,0,1024,1024,0,1560,0
1402,3.47270,0.19010,2.51360,0.74720,0.02120,0,0,0,2413,5,0,1024,1024,0,1560,0
1403,3.48060,0.18050,2.55970,0.71870,0.02110,0,0,0,2413,5,0,1024,1024,0,1560,0
1404,3.62660,0.19140,2.64080,0.77270,0.02080,0,0,0,2413,5,0,1024,1024,0,1560,0
1405,3.47230,0.20520,2.51570,0.73010,0.02030,0,0,0,2413,5,0,1024,1024,0,1560,0
1406,3.52130,0.18920,2.58450,0.72850,0.01840,0,0,0,2413,5,0,1024,1024,0,1560,0
1407,3.55450,0.19210,2.59390,0.75050,0.01740,0,0,0,2413,5,0,1024,1024,0,1560,0
1408,3.69180,0.15840,2.71000,0.79330,0.02940,0,0,0,2413,5,0,1024,1024,0,1560,0
1409,3.64070,0.22690,2.58830,0.80620,0.01870,0,0,0,2413,5,0,1024,1024,0,1560,0
1410,3.54240,0.19340,2.57440,0.74800,0.02580,0,0,0,2413,5,0,1024,1024,0,1560,0
1411,5.48600,1.88360,2.73600,0.83320,0.03150,0,0,0,2413,5,0,1024,1024,0,1560,0
1412,3.61260,0.21240,2.62100,0.75220,0.02640,0,0,0,2413,5,0,1024,1024,0,1560,0
1413,3.57320,0.18190,2.62620,0.74250,0.02200,0,0,0,2413,5,0,1024,1024,0,1560,0
1414,3.55370,0.18240,2.52600,0.81290,0.03160,0,0,0,2413,5,0,1024,1024,0,1560,0
1415,3.48830,0.19970,2.51220,0.75090,0.02500,0,0,0,2413,5,0,1024,1024,0,1560,0
1416,3.56390,0.19570,2.51220,0.80500,0.04990,0,0,0,2413,5,0,1024,1024,0,1560,0
1417,3.52250,0.21110,2.55330,0.73290,0.02430,0,0,0,2413,5,0,1024,1024,0,1560,0
1418,3.48440,0.19500,2.49230,0.76220,0.03420,0,0,0,2413,5,0,1024,1024,0,1560,0
1419,3.62870,0.19340,2.50160,0.90180,0.03100,0,0,0,2413,5,0,1024,1024,0,1560,0
1420,3.51890,0.20010,2.53620,0.75780,0.02420,0,0,0,2413,5,0,1024,1024,0,1560,0
1421,3.65570,0.19990,2.65520,0.77180,0.02800,0,0,0,2413,5,0,1024,1024,0,1560,0
1422,3.38510,0.20830,2.39790,0.75550,0.02270,0,0,0,2413,5,0,1024,1024,0,1560,0
1423,3.51980,0.19920,2.51300,0.78030,0.02660,0,0,0,2413,5,0,1024,1024,0,1560,0
1424,3.38970,0.19350,2.37290,0.76860,0.05410,0,0,0,2413,5,0,1024,1024,0,1560,0
1425,3.51220,0.27240,2.46820,0.74530,0.02560,0,0,0,2413,5,0,1024,1024,0,1560,0
1426,5.12750,1.84700,2.48340,0.76780,0.02870,0,0,0,2413,5,0,1024,1024,0,1560,0
1427,3.38610,0.21020,2.39140,0.75830,0.02530,0,0,0,2413,5,0,1024,1024,0,1560,0
1428,3.48610,0.21660,2.42300,0.81480,0.03100,0,0,0,2413,5,0,1024,1024,0,1560,0
1429,3.36890,0.19310,2.39270,0.75750,0.02480,0,0,0,2413,5,0,1024,1024,0,1560,0
1430,3.45010,0.20160,2.43250,0.78870,0.02650,0,0,0,2413,5,0,1024,1024,0,1560,0
1431,3.45090,0.20340,2.44820,0.77690,0.02160,0,0,0,2413,5,0,1024,1024,0,1560,0
1432,3.37260,0.21610,2.40600,0.72730,0.02260,0,0,0,2413,5,0,1024,1024,0,1560,0
1433,3.39850,0.20520,2.40260,0.74820,0.04180,0,0,0,2413,5,0,1024,1024,0,1560,0
1434,3.40560,0.18910,2.41750,0.77390,0.02430,0,0,0,2413,5,0,1024,1024,0,1560,0
1435,3.38570,0.21220,2.39830,0.74060,0.03240,0,0,0,2413,5,0,1024,1024,0,1560,0
1436,3.46560,0.20790,2.46730,0.76150,0.02780,0,0,0,2413,5,0,1024,1024,0,1560,0
1437,3.90820,0.22340,2.88120,0.78130,0.02140,0,0,0,2413,5,0,1024,1024,0,1560,0
1438,3.59590,0.21530,2.53390,0.82170,0.02400,0,0,0,2413,5,0,1024,1024,0,1560,0
1439,3.81300,0.20490,2.81430,0.77040,0.02260,0,0,0,2413,5,0,1024,1024,0,1560,0
1440,4.03590,0.21040,2.93100,0.85940,0.03420,0,0,0,2413,5,0,1024,1024,0,1560,0
1441,5.06780,1.93810,2.34880,0.75040,0.02830,0,0,0,2413,5,0,1024,1024,0,1560,0
1442,3.36250,0.21910,2.33070,0.78020,0.03160,0,0,0,2413,5,0,1024,1024,0,1560,0
1443,3.39690,0.20920,2.38850,0.76940,0.02890,0,0,0,2413,5,0,1024,1024,0,1560,0
1444,3.33890,0.21040,2.32900,0.76850,0.02950,0,0,0,2413,5,0,1024,1024,0,1560,0
1445,3.38000,0.20160,2.42810,0.72120,0.02820,0,0,0,2413,5,0,1024,1024,0,1560,0
1446,3.31000,0.20340,2.34510,0.73710,0.02360,0,0,0,2413,5,0,1024,1024,0,1560,0
1447,3.28850,0.21310,2.31040,0.73500,0.02920,0,0,0,2413,5,0,1024,1024,0,1560,0
1448,3.24090,0.20300,2.29990,0.71250,0.02480,0,0,0,2413,5,0,1024,1024,0,1560,0
1449,3.30890,0.18500,2.36570,0.72810,0.02910,0,0,0,2413,5,0,1024,1024,0,1560,0
1450,3.34400,0.20560,2.32030,0.79140,0.02610,0,0,0,2413,5,0,1024,1024,0,1560,0
1451,3.34550,0.20180,2.38430,0.73290,0.02580,0,0,0,2413,5,0,1024,1024,0,1560,0
1452,3.33040,0.24200,2.31320,0.74690,0.02750,0,0,0,2413,5,0,1024,1024,0,1560,0
1453,3.37550,0.18960,2.38490,0.77490,0.02490,0,0,0,2413,5,0,1024,1024,0,1560,0
1454,3.27260,0.19610,2.29370,0.73950,0.04240,0,0,0,2413,5,0,1024,1024,0,1560,0
1455,3.45870,0.20440,2.43670,0.78390,0.03270,0,0,0,2413,5,0,1024,1024,0,1560,0
1456,6.51720,1.98880,3.61420,0.88490,0.02840,0,0,0,2413,5,0,1024,1024,0,1560,0
1457,3.28450,0.20550,2.28310,0.76740,0.02750,0,0,0,2413,5,0,1024,1024,0,1560,0
1458,3.28980,0.19560,2.29280,0.77460,0.02600,0,0,0,2413,5,0,1024,1024,0,1560,0
1459,3.28740,0.21220,2.16900,0.87550,0.02990,0,0,0,2413,5,0,1024,1024,0,1560,0
1460,3.19680,0.21040,2.17710,0.77760,0.03060,0,0,0,2413,5,0,1024,1024,0,1560,0
1461,3.32050,0.21310,2.31970,0.76000,0.02580,0,0,0,2413,5,0,1024,1024,0,1560,0
1462,3.25860,0.18880,2.25190,0.78160,0.03560,0,0,0,2413,5,0,1024,1024,0,1560,0
1463,3.47290,0.21000,2.40070,0.83320,0.02800,0,0,0,2413,5,0,1024,1024,0,1560,0
1464,3.28460,0.20750,2.28900,0.76150,0.02600,0,0,0,2413,5,0,1024,1024,0,1560,0
1465,3.30310,0.21320,2.26480,0.79700,0.02730,0,0,0,2413,5,0,1024,1024,0,1560,0
1466,3.16680,0.20090,2.18260,0.75530,0.02720,0,0,0,2413,5,0,1024,1024,0,1560,0
1467,3.48200,0.21340,2.45330,0.78880,0.02590,0,0,0,2413,5,0,1024,1024,0,1560,0
1468,3.32430,0.19690,2.33600,0.76260,0.02820,0,0,0,2413,5,0,1024,1024,0,1560,0
1469,3.38300,0.21180,2.39210,0.75620,0.02210,0,0,0,2413,5,0,1024,1024,0,1560,0
1470,3.28280,0.21380,2.29430,0.75130,0.02260,0,0,0,2413,5,0,1024,1024,0,1560,0
1471,6.31720,2.05160,3.43530,0.80820,0.02080,0,0,0,2413,5,0,1024,1024,0,1560,0
1472,3.90720,0.20690,2.89470,0.78180,0.02310,0,0,0,2413,5,0,1024,1024,0,1560,0
1473,3.86490,0.19410,2.90830,0.73720,0.02460,0,0,0,2413,5,0,1024,1024,0,1560,0
1474,3.51030,0.19710,2.49310,0.79380,0.02550,0,0,0,2413,5,0,1024,1024,0,1560,0
1475,3.67150,0.20450,2.64480,0.78880,0.03230,0,0,0,2413,5,0,1024,1024,0,1560,0
1476,3.84550,0.20780,2.73000,0.88460,0.02200,0,0,0,2413,5,0,1024,1024,0,1560,0
1477,3.65790,0.22580,2.63290,0.77770,0.02090,0,0,0,2413,5,0,1024,1024,0,1560,0
1478,3.67340,0.19850,2.63160,0.82570,0.01690,0,0,0,2413,5,0,1024,1024,0,1560,0
1479,3.47090,0.20700,2.46470,0.76640,0.03220,0,0,0,2413,5,0,1024,1024,0,1560,0
1480,3.46070,0.18180,2.50270,0.75230,0.02320,0,0,0,2413,5,0,1024,1024,0,1560,0
1481,3.28560,0.19940,2.26250,0.79630,0.02670,0,0,0,2413,5,0,1024,1024,0,1560,0
1482,3.33560,0.19280,2.36280,0.74870,0.03040,0,0,0,2413,5,0,1024,1024,0,1560,0
1483,3.29400,0.19780,2.32870,0.74210,0.02440,0,0,0,2413,5,0,1024,1024,0,1560,0
1484,3.33260,0.19730,2.35840,0.75360,0.02250,0,0,0,2413,5,0,1024,1024,0,1560,0
1485,3.30040,0.19630,2.34320,0.73850,0.02160,0,0,0,2413,5,0,1024,1024,0,1560,0
1486,5.16680,1.99550,2.39220,0.75000,0.02850,0,0,0,2413,5,0,1024,1024,0,1560,0
1487,3.33720,0.21440,2.29300,0.80780,0.02110,0,0,0,2413,5,0,1024,1024,0,1560,0
1488,3.20310,0.20970,2.24550,0.72080,0.02660,0,0,0,2413,5,0,1024,1024,0,1560,0
1489,3.26180,0.18860,2.28240,0.76370,0.02640,0,0,0,2413,5,0,1024,1024,0,1560,0
1490,3.20050,0.20930,2.22390,0.74140,0.02470,0,0,0,2413,5,0,1024,1024,0,1560,0
1491,3.27210,0.20420,2.30370,0.73840,0.02500,0,0,0,2413,5,0,1024,1024,0,1560,0
1492,3.50330,0.21360,2.45990,0.80430,0.02480,0,0,0,2413,5,0,1024,1024,0,1560,0
1493,3.34940,0.19060,2.40130,0.73500,0.02170,0,0,0,2413,5,0,1024,1024,0,1560,0
1494,3.34430,0.21080,2.36780,0.73830,0.02660,0,0,0,2413,5,0,1024,1024,0,1560,0
1495,3.38320,0.20640,2.36100,0.78710,0.02750,0,0,0,2413,5,0,1024,1024,0,1560,0
1496,3.29790,0.20050,2.31220,0.75940,0.02500,0,0,0,2413,5,0,1024,1024,0,1560,0
1497,3.40140,0.20730,2.32190,0.84940,0.02180,0,0,0,2413,5,0,1024,1024,0,1560,0
1498,3.43700,0.22220,2.41140,0.77720,0.02560,0,0,0,2413,5,0,1024,1024,0,1560,0
1499,3.35100,0.21170,2.34060,0.77570,0.02230,0,0,0,2413,5,0,1024,1024,0,1560,0
1500,3.30450,0.20080,2.32780,0.75110,0.02400,0,0,0,2413,5,0,1024,1024,0,1560,0
1501,6.51620,2.09590,3.58460,0.80900,0.02500,0,0,0,2413,5,0,1024,1024,0,1560,0
1502,4.52730,0.20210,3.47680,0.82290,0.02450,0,0,0,2413,5,0,1024,1024,0,1560,0
1503,4.89030,0.19270,3.79860,0.87770,0.02060,0,0,0,2413,5,0,1024,1024,0,1560,0
1504,4.09980,0.21550,3.04230,0.82420,0.01710,0,0,0,2413,5,0,1024,1024,0,1560,0
1505,4.40010,0.18000,3.37430,0.82660,0.01840,0,0,0,2413,5,0,1024,1024,0,1560,0
1506,4.17790,0.19630,3.06630,0.89400,0.02050,0,0,0,2413,5,0,1024,1024,0,1560,0
1507,4.40010,0.20220,3.38900,0.79170,0.01670,0,0,0,2413,5,0,1024,1024,0,1560,0
1508,4.07940,0.19090,3.13140,0.73790,0.01860,0,0,0,2413,5,0,1024,1024,0,1560,0
1509,4.08220,0.18380,3.08810,0.79210,0.01750,0,0,0,2413,5,0,1024,1024,0,1560,0
1510,3.75550,0.18680,2.76440,0.78320,0.02070,0,0,0,2413,5,0,1024,1024,0,1560,0
1511,3.95360,0.18640,2.88720,0.85900,0.02010,0,0,0,2413,5,0,1024,1024,0,1560,0
1512,3.75250,0.20570,2.71730,0.80630,0.02260,0,0,0,2413,5,0,1024,1024,0,1560,0
1513,3.87940,0.18850,2.91820,0.75180,0.02010,0,0,0,2413,5,0,1024,1024,0,1560,0
1514,3.63160,0.17080,2.62280,0.78050,0.05670,0,0,0,2413,5,0,1024,1024,0,1560,0
1515,3.64280,0.21640,2.69560,0.71310,0.01720,0,0,0,2413,5,0,1024,1024,0,1560,0
1516,5.66380,2.03970,2.86230,0.74330,0.01770,0,0,0,2413,5,0,1024,1024,0,1560,0
1517,3.53290,0.17810,2.59590,0.74160,0.01660,0,0,0,2413,5,0,1024,1024,0,1560,0
1518,3.53500,0.20170,2.54880,0.75810,0.02570,0,0,0,2413,5,0,1024,1024,0,1560,0
1519,3.52550,0.20690,2.57680,0.72280,0.01820,0,0,0,2413,5,0,1024,1024,0,1560,0
1520,3.48900,0.17550,2.54480,0.74940,0.01870,0,0,0,2413,5,0,1024,1024,0,1560,0
1521,4.30490,0.19090,3.33660,0.75630,0.02050,0,0,0,2413,5,0,1024,1024,0,1560,0
1522,3.49240,0.20650,2.52560,0.74130,0.01840,0,0,0,2413,5,0,1024,1024,0,1560,0
1523,3.44470,0.17890,2.51080,0.73480,0.01960,0,0,0,2413,5,0,1024,1024,0,1560,0
1524,3.58180,0.17400,2.62620,0.75380,0.02710,0,0,0,2413,5,0,1024,1024,0,1560,0
1525,3.43720,0.18630,2.50580,0.72620,0.01800,0,0,0,2413,5,0,1024,1024,0,1560,0
1526,3.54650,0.17340,2.57550,0.77640,0.02030,0,0,0,2413,5,0,1024,1024,0,1560,0
1527,3.53240,0.18490,2.57440,0.75290,0.01940,0,0,0,2413,5,0,1024,1024,0,1560,0
1528,3.54750,0.21010,2.56290,0.75100,0.02270,0,0,0,2413,5,0,1024,1024,0,1560,0
1529,3.53880,0.19020,2.59090,0.73510,0.02190,0,0,0,2413,5,0,1024,1024,0,1560,0
1530,5.09890,0.22380,4.04060,0.81250,0.02130,0,0,0,2413,5,0,1024,1024,0,1560,0
1531,5.28880,1.90320,2.60870,0.75050,0.02480,0,0,0,2413,5,0,1024,1024,0,1560,0
1532,3.39270,0.20090,2.41530,0.75270,0.02290,0,0,0,2413,5,0,1024,1024,0,1560,0
1533,3.45570,0.19740,2.44850,0.77900,0.03000,0,0,0,2413,5,0,1024,1024,0,1560,0
1534,3.53700,0.20540,2.53720,0.77160,0.02200,0,0,0,2413,5,0,1024,1024,0,1560,0
1535,3.53300,0.21980,2.55540,0.73240,0.02470,0,0,0,2413,5,0,1024,1024,0,1560,0
1536,3.56280,0.21650,2.44720,0.87390,0.02450,0,0,0,2413,5,0,1024,1024,0,1560,0
1537,3.49660,0.17830,2.54090,0.74620,0.03040,0,0,0,2413,5,0,1024,1024,0,1560,0
1538,3.56010,0.20010,2.53500,0.79950,0.02490,0,0,0,2413,5,0,1024,1024,0,1560,0
1539,3.39700,0.23160,2.37010,0.76540,0.02910,0,0,0,2413,5,0,1024,1024,0,1560,0
1540,3.44330,0.20890,2.41850,0.79330,0.02200,0,0,0,2413,5,0,1024,1024,0,1560,0
1541,3.36290,0.18430,2.38440,0.76790,0.02550,0,0,0,2413,5,0,1024,1024,0,1560,0
1542,3.46220,0.20060,2.42990,0.80400,0.02700,0,0,0,2413,5,0,1024,1024,0,1560,0
1543,3.42640,0.20600,2.36720,0.82460,0.02790,0,0,0,2413,5,0,1024,1024,0,1560,0
1544,3.40650,0.21490,2.44060,0.72420,0.02620,0,0,0,2413,5,0,1024,1024,0,1560,0
1545,3.42590,0.21360,2.40890,0.75370,0.04890,0,0,0,2413,5,0,1024,1024,0,1560,0
1546,5.36170,1.97860,2.54690,0.80730,0.02830,0,0,0,2413,5,0,1024,1024,0,1560,0
1547,3.49530,0.21360,2.53630,0.71760,0.02710,0,0,0,2413,5,0,1024,1024,0,1560,0
1548,3.62040,0.21320,2.55450,0.82450,0.02750,0,0,0,2413,5,0,1024,1024,0,1560,0
1549,3.60610,0.19250,2.61860,0.76740,0.02620,0,0,0,2413,5,0,1024,1024,0,1560,0
1550,3.43170,0.19160,2.44560,0.77140,0.02250,0,0,0,2413,5,0,1024,1024,0,1560,0
1551,3.53560,0.20400,2.48620,0.82190,0.02290,0,0,0,2413,5,0,1024,1024,0,1560,0
1552,3.46590,0.22530,2.41630,0.79590,0.02770,0,0,0,2413,5,0,1024,1024,0,1560,0
1553,3.37090,0.20610,2.39970,0.74110,0.02310,0,0,0,2413,5,0,1024,1024,0,1560,0
1554,3.16630,0.18700,2.16190,0.79420,0.02250,0,0,0,2413,5,0,1024,1024,0,1560,0
1555,3.28500,0.20670,2.30590,0.74350,0.02800,0,0,0,2413,5,0,1024,1024,0,1560,0
1556,3.41540,0.24920,2.39310,0.74890,0.02340,0,0,0,2413,5,0,1024,1024,0,1560,0
1557,3.32640,0.20410,2.30860,0.78920,0.02360,0,0,0,2413,5,0,1024,1024,0,1560,0
1558,3.27980,0.20250,2.31850,0.73680,0.02130,0,0,0,2413,5,0,1024,1024,0,1560,0
1559,3.28240,0.19310,2.34120,0.71840,0.02900,0,0,0,2413,5,0,1024,1024,0,1560,0
1560,3.51780,0.24880,2.48250,0.76190,0.02380,0,0,0,2413,5,0,1024,1024,0,1560,0
1561,6.66210,2.13670,3.62000,0.87830,0.02520,0,0,0,2413,5,0,1024,1024,0,1560,0
1562,4.21290,0.18980,3.11410,0.88760,0.02080,0,0,0,2413,5,0,1024,1024,0,1560,0
1563,4.92110,0.18290,3.38850,1.32760,0.02140,0,0,0,2413,5,0,1024,1024,0,1560,0
1564,4.08950,0.19140,3.10260,0.77720,0.01770,0,0,0,2413,5,0,1024,1024,0,1560,0
1565,4.57290,0.18900,3.20410,1.15090,0.02810,0,0,0,2413,5,0,1024,1024,0,1560,0
1566,4.31980,0.18430,3.01830,1.09670,0.01990,0,0,0,2413,5,0,1024,1024,0,1560,0
1567,3.83150,0.18040,2.86510,0.75950,0.02580,0,0,0,2413,5,0,1024,1024,0,1560,0
1568,4.09150,0.17570,2.98110,0.90550,0.02860,0,0,0,2413,5,0,1024,1024,0,1560,0
1569,4.41860,0.19850,2.98940,1.21130,0.01870,0,0,0,2413,5,0,1024,1024,0,1560,0
1570,3.93130,0.18280,2.94410,0.78460,0.01920,0,0,0,2413,5,0,1024,1024,0,1560,0
1571,3.60010,0.19380,2.62680,0.76140,0.01730,0,0,0,2413,5,0,1024,1024,0,1560,0
1572,4.00960,0.18000,3.01620,0.79610,0.01640,0,0,0,2413,5,0,1024,1024,0,1560,0
1573,3.62210,0.20020,2.57730,0.82540,0.01840,0,0,0,2413,5,0,1024,1024,0,1560,0
1574,3.75710,0.20000,2.73110,0.80640,0.01910,0,0,0,2413,5,0,1024,1024,0,1560,0
1575,3.63920,0.21220,2.66900,0.73600,0.02120,0,0,0,2413,5,0,1024,1024,0,1560,0
1576,5.58260,1.89170,2.90690,0.76230,0.02090,0,0,0,2413,5,0,1024,1024,0,1560,0
1577,3.86920,0.19320,2.89620,0.75730,0.02170,0,0,0,2413,5,0,1024,1024,0,1560,0
1578,3.71940,0.20730,2.75400,0.74050,0.01690,0,0,0,2413,5,0,1024,1024,0,1560,0
1579,3.65830,0.19270,2.67650,0.76970,0.01880,0,0,0,2413,5,0,1024,1024,0,1560,0
1580,3.47830,0.20430,2.51010,0.74300,0.02020,0,0,0,2413,5,0,1024,1024,0,1560,0
1581,3.54330,0.16970,2.62470,0.72520,0.02270,0,0,0,2413,5,0,1024,1024,0,1560,0
1582,4.49140,0.21790,3.47540,0.75290,0.04430,0,0,0,2413,5,0,1024,1024,0,1560,0
1583,3.50080,0.23910,2.49270,0.74530,0.02290,0,0,0,2413,5,0,1024,1024,0,1560,0
1584,4.95520,0.20600,3.97200,0.75800,0.01850,0,0,0,2413,5,0,1024,1024,0,1560,0
1585,3.49830,0.18520,2.49870,0.79220,0.02140,0,0,0,2413,5,0,1024,1024,0,1560,0
1586,3.42690,0.16800,2.49430,0.74110,0.02260,0,0,0,2413,5,0,1024,1024,0,1560,0
1587,4.85120,0.20510,3.87450,0.74900,0.02190,0,0,0,2413,5,0,1024,1024,0,1560,0
1588,4.00280,0.20630,2.97830,0.80000,0.01750,0,0,0,2413,5,0,1024,1024,0,1560,0
1589,3.44450,0.21120,2.50540,0.70690,0.02040,0,0,0,2413,5,0,1024,1024,0,1560,0
1590,3.46870,0.22690,2.45000,0.76200,0.02910,0,0,0,2413,5,0,1024,1024,0,1560,0
1591,5.08390,1.84330,2.30870,0.89090,0.03940,0,0,0,2413,5,0,1024,1024,0,1560,0
1592,3.47840,0.20840,2.37090,0.85930,0.03890,0,0,0,2413,5,0,1024,1024,0,1560,0
1593,3.43930,0.21260,2.29420,0.89540,0.03640,0,0,0,2413,5,0,1024,1024,0,1560,0
1594,3.22420,0.20770,2.23730,0.75010,0.02840,0,0,0,2413,5,0,1024,1024,0,1560,0
1595,3.27240,0.20610,2.19800,0.83030,0.03730,0,0,0,2413,5,0,1024,1024,0,1560,0
1596,3.42380,0.19350,2.28900,0.90160,0.03860,0,0,0,2413,5,0,1024,1024,0,1560,0
1597,3.38260,0.21010,2.37150,0.74230,0.05790,0,0,0,2413,5,0,1024,1024,0,1560,0
1598,3.10580,0.20410,2.14850,0.72230,0.03020,0,0,0,2413,5,0,1024,1024,0,1560,0
1599,3.45060,0.20900,2.32750,0.87520,0.03820,0,0,0,2413,5,0,1024,1024,0,1560,0
1600,3.34790,0.20520,2.37980,0.73090,0.03150,0,0,0,2413,5,0,1024,1024,0,1560,0
1601,3.30330,0.19740,2.27720,0.80280,0.02510,0,0,0,2413,5,0,1024,1024,0,1560,0
1602,3.25360,0.21060,2.29930,0.71120,0.03190,0,0,0,2413,5,0,1024,1024,0,1560,0
1603,3.22290,0.20070,2.25910,0.73250,0.02980,0,0,0,2413,5,0,1024,1024,0,1560,0
1604,3.24730,0.23560,2.23220,0.74770,0.03110,0,0,0,2413,5,0,1024,1024,0,1560,0
1605,3.33340,0.21580,2.25990,0.82250,0.03440,0,0,0,2413,5,0,1024,1024,0,1560,0
1606,4.94960,1.86870,2.26110,0.79120,0.02790,0,0,0,2413,5,0,1024,1024,0,1560,0
1607,3.10780,0.20930,2.16550,0.70270,0.02960,0,0,0,2413,5,0,1024,1024,0,1560,0
1608,3.31910,0.20410,2.31510,0.76710,0.03190,0,0,0,2413,5,0,1024,1024,0,1560,0
1609,3.11820,0.20540,2.15400,0.72700,0.03080,0,0,0,2413,5,0,1024,1024,0,1560,0
1610,3.20800,0.21370,2.20220,0.75680,0.03440,0,0,0,2413,5,0,1024,1024,0,1560,0
1611,3.34380,0.21610,2.26370,0.83270,0.03070,0,0,0,2413,5,0,1024,1024,0,1560,0
1612,3.08140,0.21430,2.10300,0.73400,0.02950,0,0,0,2413,5,0,1024,1024,0,1560,0
1613,3.25280,0.18660,2.28860,0.74360,0.03320,0,0,0,2413,5,0,1024,1024,0,1560,0
1614,3.12070,0.22380,2.14450,0.72130,0.03040,0,0,0,2413,5,0,1024,1024,0,1560,0
1615,3.32340,0.21470,2.29750,0.77890,0.03160,0,0,0,2413,5,0,1024,1024,0,1560,0
1616,3.39510,0.25270,2.28740,0.82250,0.03190,0,0,0,2413,5,0,1024,1024,0,1560,0
1617,3.21140,0.21790,2.20990,0.75240,0.03040,0,0,0,2413,5,0,1024,1024,0,1560,0
1618,3.13980,0.20480,2.14390,0.75780,0.03250,0,0,0,2413,5,0,1024,1024,0,1560,0
1619,3.15820,0.21690,2.17420,0.73490,0.03140,0,0,0,2413,5,0,1024,1024,0,1560,0
1620,3.38670,0.21740,2.34980,0.79330,0.02530,0,0,0,2413,5,0,1024,1024,0,1560,0
1621,7.11710,1.95730,4.31330,0.82630,0.01910,0,0,0,2413,5,0,1024,1024,0,1560,0
1622,4.72070,0.16700,3.71130,0.82130,0.02030,0,0,0,2413,5,0,1024,1024,0,1560,0
1623,4.62560,0.16780,3.62240,0.81590,0.01890,0,0,0,2413,5,0,1024,1024,0,1560,0
1624,5.86230,0.17500,4.64040,1.02320,0.02280,0,0,0,2413,5,0,1024,1024,0,1560,0
1625,5.03960,0.18590,4.01390,0.81950,0.01960,0,0,0,2413,5,0,1024,1024,0,1560,0
1626,4.41480,0.17880,3.42430,0.79560,0.01560,0,0,0,2413,5,0,1024,1024,0,1560,0
1627,4.05620,0.16500,2.97370,0.83270,0.08410,0,0,0,2413,5,0,1024,1024,0,1560,0
1628,4.16010,0.24910,3.07050,0.81770,0.02200,0,0,0,2413,5,0,1024,1024,0,1560,0
1629,4.32470,0.17400,3.35710,0.77680,0.01630,0,0,0,2413,5,0,1024,1024,0,1560,0
1630,4.03170,0.17270,2.98230,0.85660,0.01950,0,0,0,2413,5,0,1024,1024,0,1560,0
1631,4.42760,0.17520,3.45790,0.77470,0.01920,0,0,0,2413,5,0,1024,1024,0,1560,0
1632,3.98330,0.17680,2.99960,0.78790,0.01820,0,0,0,2413,5,0,1024,1024,0,1560,0
1633,3.96660,0.19410,2.97750,0.77740,0.01700,0,0,0,2413,5,0,1024,1024,0,1560,0
1634,3.86190,0.21120,2.88820,0.74570,0.01620,0,0,0,2413,5,0,1024,1024,0,1560,0
1635,3.91780,0.24640,2.87610,0.77710,0.01760,0,0,0,2413,5,0,1024,1024,0,1560,0
1636,5.63320,1.79810,3.01740,0.80000,0.01710,0,0,0,2413,5,0,1024,1024,0,1560,0
1637,3.81590,0.16340,2.77870,0.85370,0.01930,0,0,0,2413,5,0,1024,1024,0,1560,0
1638,3.57540,0.17430,2.63100,0.75130,0.01810,0,0,0,2413,5,0,1024,1024,0,1560,0
1639,3.78670,0.21120,2.78580,0.77180,0.01720,0,0,0,2413,5,0,1024,1024,0,1560,0
1640,3.76390,0.19510,2.72400,0.81850,0.02550,0,0,0,2413,5,0,1024,1024,0,1560,0
1641,3.86510,0.18050,2.86870,0.79860,0.01660,0,0,0,2413,5,0,1024,1024,0,1560,0
1642,3.69410,0.17640,2.75450,0.74140,0.02120,0,0,0,2413,5,0,1024,1024,0,1560,0
1643,3.89870,0.19290,2.85670,0.78440,0.06390,0,0,0,2413,5,0,1024,1024,0,1560,0
1644,3.71630,0.17760,2.77890,0.74100,0.01810,0,0,0,2413,5,0,1024,1024,0,1560,0
1645,3.50760,0.18610,2.53910,0.75780,0.02410,0,0,0,2413,5,0,1024,1024,0,1560,0
1646,3.75160,0.18200,2.73610,0.81620,0.01680,0,0,0,2413,5,0,1024,1024,0,1560,0
1647,3.52930,0.22330,2.56280,0.72580,0.01690,0,0,0,2413,5,0,1024,1024,0,1560,0
1648,3.79670,0.19420,2.81180,0.77360,0.01630,0,0,0,2413,5,0,1024,1024,0,1560,0
1649,4.73580,0.19380,3.70270,0.82150,0.01710,0,0,0,2413,5,0,1024,1024,0,1560,0
1650,3.55670,0.20550,2.61650,0.71370,0.02050,0,0,0,2413,5,0,1024,1024,0,1560,0
1651,5.32620,1.88000,2.66530,0.75970,0.02010,0,0,0,2413,5,0,1024,1024,0,1560,0
1652,3.58980,0.20360,2.59970,0.76780,0.01790,0,0,0,2413,5,0,1024,1024,0,1560,0
1653,3.67850,0.23620,2.64960,0.76300,0.02910,0,0,0,2413,5,0,1024,1024,0,1560,0
1654,3.54140,0.22960,2.53360,0.74930,0.02820,0,0,0,2413,5,0,1024,1024,0,1560,0
1655,3.47170,0.18450,2.51720,0.74690,0.02240,0,0,0,2413,5,0,1024,1024,0,1560,0
1656,3.73110,0.20660,2.71250,0.78550,0.02580,0,0,0,2413,5,0,1024,1024,0,1560,0
1657,3.61070,0.22880,2.54610,0.81310,0.02200,0,0,0,2413,5,0,1024,1024,0,1560,0
1658,3.47760,0.16960,2.43440,0.84600,0.02690,0,0,0,2413,5,0,1024,1024,0,1560,0
1659,3.59630,0.22350,2.59700,0.75190,0.02320,0,0,0,2413,5,0,1024,1024,0,1560,0
1660,3.89130,0.22890,2.87420,0.76220,0.02520,0,0,0,2413,5,0,1024,1024,0,1560,0
1661,3.51710,0.22750,2.46700,0.79830,0.02370,0,0,0,2413,5,0,1024,1024,0,1560,0
1662,3.36350,0.20810,2.41220,0.71900,0.02350,0,0,0,2413,5,0,1024,1024,0,1560,0
1663,3.67770,0.20720,2.60910,0.83670,0.02400,0,0,0,2413,5,0,1024,1024,0,1560,0
1664,3.40130,0.20430,2.42050,0.75170,0.02410,0,0,0,2413,5,0,1024,1024,0,1560,0
1665,3.47870,0.21580,2.49290,0.74540,0.02400,0,0,0,2413,5,0,1024,1024,0,1560,0
1666,5.11650,1.81290,2.52920,0.74930,0.02440,0,0,0,2413,5,0,1024,1024,0,1560,0
1667,3.32810,0.21150,2.35780,0.73440,0.02360,0,0,0,2413,5,0,1024,1024,0,1560,0
1668,3.36910,0.20570,2.40970,0.73140,0.02150,0,0,0,2413,5,0,1024,1024,0,1560,0
1669,3.44550,0.24760,2.43620,0.73910,0.02200,0,0,0,2413,5,0,1024,1024,0,1560,0
1670,3.34020,0.22340,2.36420,0.73260,0.01940,0,0,0,2413,5,0,1024,1024,0,1560,0
1671,3.36850,0.22580,2.36470,0.75680,0.02050,0,0,0,2413,5,0,1024,1024,0,1560,0
1672,3.41070,0.22610,2.42560,0.72980,0.02850,0,0,0,2413,5,0,1024,1024,0,1560,0
1673,3.30960,0.23090,2.29510,0.76010,0.02290,0,0,0,2413,5,0,1024,1024,0,1560,0
1674,3.37780,0.19410,2.39080,0.76700,0.02520,0,0,0,2413,5,0,1024,1024,0,1560,0
1675,3.41120,0.22140,2.36970,0.79910,0.02010,0,0,0,2413,5,0,1024,1024,0,1560,0
1676,3.35380,0.23060,2.36850,0.72890,0.02520,0,0,0,2413,5,0,1024,1024,0,1560,0
1677,3.45730,0.21860,2.40950,0.80750,0.02100,0,0,0,2413,5,0,1024,1024,0,1560,0
1678,3.36620,0.22400,2.38450,0.73600,0.02120,0,0,0,2413,5,0,1024,1024,0,1560,0
1679,3.39910,0.21310,2.40840,0.75430,0.02260,0,0,0,2413,5,0,1024,1024,0,1560,0
1680,3.40340,0.22000,2.39630,0.76170,0.02460,0,0,0,2413,5,0,1024,1024,0,1560,0
1681,4.91830,1.87080,2.28700,0.73350,0.02590,0,0,0,2413,5,0,1024,1024,0,1560,0
1682,3.34550,0.22400,2.34530,0.75270,0.02280,0,0,0,2413,5,0,1024,1024,0,1560,0
1683,3.35860,0.24310,2.31410,0.77250,0.02810,0,0,0,2413,5,0,1024,1024,0,1560,0
1684,3.30990,0.21660,2.31620,0.75380,0.02260,0,0,0,2413,5,0,1024,1024,0,1560,0
1685,3.34310,0.22160,2.34770,0.75060,0.02240,0,0,0,2413,5,0,1024,1024,0,1560,0
1686,3.29610,0.18990,2.33260,0.74690,0.02590,0,0,0,2413,5,0,1024,1024,0,1560,0
1687,3.43810,0.22240,2.43470,0.75580,0.02460,0,0,0,2413,5,0,1024,1024,0,1560,0
1688,3.42290,0.21880,2.36730,0.80680,0.02920,0,0,0,2413,5,0,1024,1024,0,1560,0
1689,3.38700,0.22480,2.37730,0.76030,0.02400,0,0,0,2413,5,0,1024,1024,0,1560,0
1690,3.15880,0.22400,2.18800,0.72040,0.02550,0,0,0,2413,5,0,1024,1024,0,1560,0
1691,3.52170,0.23340,2.42110,0.84260,0.02380,0,0,0,2413,5,0,1024,1024,0,1560,0
1692,3.29480,0.21160,2.31100,0.74890,0.02260,0,0,0,2413,5,0,1024,1024,0,1560,0
1693,3.29580,0.22100,2.28650,0.76210,0.02560,0,0,0,2413,5,0,1024,1024,0,1560,0
1694,3.44770,0.24320,2.37900,0.80200,0.02280,0,0,0,2413,5,0,1024,1024,0,1560,0
1695,3.45420,0.25450,2.40520,0.77230,0.02140,0,0,0,2413,5,0,1024,1024,0,1560,0
1696,5.21010,1.97140,2.42080,0.79320,0.02410,0,0,0,2413,5,0,1024,1024,0,1560,0
1697,3.39930,0.24700,2.30460,0.82480,0.02160,0,0,0,2413,5,0,1024,1024,0,1560,0
1698,3.37670,0.22740,2.37600,0.75050,0.02210,0,0,0,2413,5,0,1024,1024,0,1560,0
1699,3.35720,0.21920,2.31960,0.79590,0.02180,0,0,0,2413,5,0,1024,1024,0,1560,0
1700,3.37680,0.23020,2.38050,0.74400,0.02150,0,0,0,2413,5,0,1024,1024,0,1560,0
1701,3.33370,0.22700,2.28070,0.80450,0.02080,0,0,0,2413,5,0,1024,1024,0,1560,0
1702,3.27520,0.20500,2.29880,0.75030,0.02050,0,0,0,2413,5,0,1024,1024,0,1560,0
1703,3.24990,0.19890,2.28230,0.73930,0.02850,0,0,0,2413,5,0,1024,1024,0,1560,0
1704,3.15700,0.23600,2.17040,0.73040,0.01950,0,0,0,2413,5,0,1024,1024,0,1560,0
1705,3.20110,0.19570,2.23380,0.74770,0.02320,0,0,0,2413,5,0,1024,1024,0,1560,0
1706,3.27770,0.21660,2.25700,0.78030,0.02310,0,0,0,2413,5,0,1024,1024,0,1560,0
1707,3.22780,0.23440,2.22260,0.74550,0.02490,0,0,0,2413,5,0,1024,1024,0,1560,0
1708,3.31780,0.23400,2.27550,0.78630,0.02130,0,0,0,2413,5,0,1024,1024,0,1560,0
1709,3.28690,0.19450,2.25670,0.81360,0.02140,0,0,0,2413,5,0,1024,1024,0,1560,0
1710,3.23410,0.22060,2.25860,0.72700,0.02720,0,0,0,2413,5,0,1024,1024,0,1560,0
1711,6.95090,1.88860,4.17060,0.86620,0.02450,0,0,0,2413,5,0,1024,1024,0,1560,0
1712,6.18300,0.18330,5.09500,0.88700,0.01710,0,0,0,2413,5,0,1024,1024,0,1560,0
1713,5.99460,0.17760,4.66840,1.12540,0.02250,0,0,0,2413,5,0,1024,1024,0,1560,0
1714,4.54080,0.21200,3.51300,0.79980,0.01520,0,0,0,2413,5,0,1024,1024,0,1560,0
1715,4.54990,0.19280,3.48530,0.85360,0.01750,0,0,0,2413,5,0,1024,1024,0,1560,0
1716,4.42160,0.16240,3.43570,0.79740,0.02550,0,0,0,2413,5,0,1024,1024,0,1560,0
1717,4.02310,0.20360,2.96050,0.83040,0.02810,0,0,0,2413,5,0,1024,1024,0,1560,0
1718,4.42240,0.22420,3.37140,0.81120,0.01500,0,0,0,2413,5,0,1024,1024,0,1560,0
1719,4.83390,0.16860,3.74510,0.89280,0.02660,0,0,0,2413,5,0,1024,1024,0,1560,0
1720,4.03540,0.17110,3.03890,0.80900,0.01580,0,0,0,2413,5,0,1024,1024,0,1560,0
1721,3.96760,0.19490,2.94790,0.80140,0.02260,0,0,0,2413,5,0,1024,1024,0,1560,0
1722,4.64550,0.18180,3.56850,0.87710,0.01770,0,0,0,2413,5,0,1024,1024,0,1560,0
1723,3.99820,0.16150,2.96560,0.85360,0.01700,0,0,0,2413,5,0,1024,1024,0,1560,0
1724,4.93030,0.18740,3.90950,0.81340,0.01940,0,0,0,2413,5,0,1024,1024,0,1560,0
1725,3.78150,0.24540,2.63230,0.87950,0.02370,0,0,0,2413,5,0,1024,1024,0,1560,0
1726,5.30210,1.79800,2.71600,0.77010,0.01730,0,0,0,2413,5,0,1024,1024,0,1560,0
1727,3.58700,0.18920,2.62920,0.74950,0.01860,0,0,0,2413,5,0,1024,1024,0,1560,0
1728,3.66440,0.17440,2.68390,0.78420,0.02100,0,0,0,2413,5,0,1024,1024,0,1560,0
1729,3.74110,0.18990,2.77410,0.75850,0.01800,0,0,0,2413,5,0,1024,1024,0,1560,0
1730,4.97150,0.19310,3.97690,0.77830,0.02250,0,0,0,2413,5,0,1024,1024,0,1560,0
1731,3.37700,0.18970,2.43960,0.72630,0.02080,0,0,0,2413,5,0,1024,1024,0,1560,0
1732,3.45450,0.17860,2.53680,0.71870,0.01990,0,0,0,2413,5,0,1024,1024,0,1560,0
1733,3.56720,0.17680,2.58470,0.78450,0.02050,0,0,0,2413,5,0,1024,1024,0,1560,0
1734,3.59330,0.17750,2.56320,0.82450,0.02730,0,0,0,2413,5,0,1024,1024,0,1560,0
1735,3.42330,0.17260,2.51820,0.71420,0.01770,0,0,0,2413,5,0,1024,1024,0,1560,0
1736,3.54260,0.19430,2.56960,0.75540,0.02260,0,0,0,2413,5,0,1024,1024,0,1560,0
1737,3.42560,0.17150,2.47910,0.75480,0.01940,0,0,0,2413,5,0,1024,1024,0,1560,0
1738,3.66870,0.16880,2.68900,0.79100,0.01930,0,0,0,2413,5,0,1024,1024,0,1560,0
1739,3.46270,0.20670,2.49720,0.74010,0.01790,0,0,0,2413,5,0,1024,1024,0,1560,0
1740,3.43310,0.17580,2.49220,0.74340,0.02110,0,0,0,2413,5,0,1024,1024,0,1560,0
1741,7.65820,1.90630,4.89400,0.83550,0.02110,0,0,0,2413,5,0,1024,1024,0,1560,0
1742,6.28920,0.29590,5.05330,0.91340,0.02560,0,0,0,2413,5,0,1024,1024,0,1560,0
1743,6.34790,0.15130,5.21540,0.96670,0.01390,0,0,0,2413,5,0,1024,1024,0,1560,0
1744,6.96720,0.16470,5.90260,0.87370,0.02540,0,0,0,2413,5,0,1024,1024,0,1560,0
1745,4.42640,0.17000,3.36590,0.79880,0.09090,0,0,0,2413,5,0,1024,1024,0,1560,0
1746,4.84580,0.24120,3.64030,0.93730,0.02640,0,0,0,2413,5,0,1024,1024,0,1560,0
1747,4.61040,0.17050,3.59030,0.82820,0.02070,0,0,0,2413,5,0,1024,1024,0,1560,0
1748,4.46590,0.18480,3.48490,0.77780,0.01780,0,0,0,2413,5,0,1024,1024,0,1560,0
1749,4.56060,0.18580,3.59950,0.75710,0.01750,0,0,0,2413,5,0,1024,1024,0,1560,0
1750,4.18520,0.21120,3.05120,0.77050,0.15160,0,0,0,2413,5,0,1024,1024,0,1560,0
1751,4.46920,0.17860,3.47840,0.79230,0.01920,0,0,0,2413,5,0,1024,1024,0,1560,0
1752,4.20690,0.17780,3.18530,0.81940,0.02370,0,0,0,2413,5,0,1024,1024,0,1560,0
1753,3.91550,0.20830,2.94320,0.74650,0.01700,0,0,0,2413,5,0,1024,1024,0,1560,0
1754,3.91020,0.19760,2.94560,0.74750,0.01840,0,0,0,2413,5,0,1024,1024,0,1560,0
1755,3.80590,0.18250,2.84750,0.75580,0.01930,0,0,0,2413,5,0,1024,1024,0,1560,0
1756,5.22180,1.83790,2.61310,0.75140,0.01850,0,0,0,2413,5,0,1024,1024,0,1560,0
1757,3.53520,0.18990,2.53140,0.78830,0.02470,0,0,0,2413,5,0,1024,1024,0,1560,0
1758,3.49960,0.18650,2.56370,0.72450,0.02380,0,0,0,2413,5,0,1024,1024,0,1560,0
1759,3.51770,0.16690,2.50760,0.81370,0.02790,0,0,0,2413,5,0,1024,1024,0,1560,0
1760,3.49820,0.19670,2.53880,0.74040,0.02150,0,0,0,2413,5,0,1024,1024,0,1560,0
1761,3.70810,0.20520,2.69470,0.78510,0.02250,0,0,0,2413,5,0,1024,1024,0,1560,0
1762,4.70470,0.18040,3.66230,0.83820,0.02310,0,0,0,2413,5,0,1024,1024,0,1560,0
1763,3.45540,0.18520,2.51210,0.73780,0.01960,0,0,0,2413,5,0,1024,1024,0,1560,0
1764,3.47540,0.19520,2.52330,0.73670,0.01930,0,0,0,2413,5,0,1024,1024,0,1560,0
1765,5.09880,0.21780,3.99200,0.86660,0.02160,0,0,0,2413,5,0,1024,1024,0,1560,0
1766,3.37340,0.20680,2.37670,0.74600,0.04320,0,0,0,2413,5,0,1024,1024,0,1560,0
1767,3.34850,0.18690,2.42120,0.72050,0.01940,0,0,0,2413,5,0,1024,1024,0,1560,0
1768,3.35040,0.18360,2.39490,0.74720,0.02410,0,0,0,2413,5,0,1024,1024,0,1560,0
1769,3.42960,0.21090,2.43610,0.75650,0.02540,0,0,0,2413,5,0,1024,1024,0,1560,0
1770,3.40050,0.19880,2.40170,0.77570,0.02370,0,0,0,2413,5,0,1024,1024,0,1560,0
1771,5.29080,1.87340,2.60850,0.77660,0.03030,0,0,0,2413,5,0,1024,1024,0,1560,0
1772,3.52300,0.18960,2.40460,0.88090,0.04700,0,0,0,2413,5,0,1024,1024,0,1560,0
1773,3.59950,0.19510,2.46850,0.90020,0.03470,0,0,0,2413,5,0,1024,1024,0,1560,0
1774,4.40940,0.19860,3.42530,0.75970,0.02510,0,0,0,2413,5,0,1024,1024,0,1560,0
1775,3.38230,0.22100,2.32670,0.80650,0.02730,0,0,0,2413,5,0,1024,1024,0,1560,0
1776,3.55050,0.22430,2.55020,0.74970,0.02570,0,0,0,2413,5,0,1024,1024,0,1560,0
1777,4.61610,0.19100,3.53670,0.85440,0.03320,0,0,0,2413,5,0,1024,1024,0,1560,0
1778,3.47010,0.19430,2.38870,0.85400,0.03220,0,0,0,2413,5,0,1024,1024,0,1560,0
1779,3.39120,0.18980,2.43550,0.74120,0.02410,0,0,0,2413,5,0,1024,1024,0,1560,0
1780,3.35890,0.20400,2.40730,0.72310,0.02370,0,0,0,2413,5,0,1024,1024,0,1560,0
1781,3.16680,0.21720,2.21340,0.70770,0.02800,0,0,0,2413,5,0,1024,1024,0,1560,0
1782,4.07750,0.28230,3.02510,0.74810,0.02120,0,0,0,2413,5,0,1024,1024,0,1560,0
1783,3.97750,0.17880,3.00060,0.77470,0.02260,0,0,0,2413,5,0,1024,1024,0,1560,0
1784,3.29720,0.22390,2.33670,0.71580,0.02010,0,0,0,2413,5,0,1024,1024,0,1560,0
1785,3.30500,0.28180,2.21030,0.79120,0.02100,0,0,0,2413,5,0,1024,1024,0,1560,0
1786,4.98940,1.85480,2.38110,0.73050,0.02220,0,0,0,2413,5,0,1024,1024,0,1560,0
1787,3.22030,0.20940,2.26060,0.72580,0.02380,0,0,0,2413,5,0,1024,1024,0,1560,0
1788,3.16460,0.19760,2.20770,0.73350,0.02510,0,0,0,2413,5,0,1024,1024,0,1560,0
1789,3.16460,0.19570,2.23260,0.71190,0.02290,0,0,0,2413,5,0,1024,1024,0,1560,0
1790,3.10550,0.19750,2.17120,0.71350,0.02250,0,0,0,2413,5,0,1024,1024,0,1560,0
1791,3.29710,0.21450,2.28310,0.76290,0.03570,0,0,0,2413,5,0,1024,1024,0,1560,0
1792,3.10250,0.20370,2.17340,0.70340,0.02120,0,0,0,2413,5,0,1024,1024,0,1560,0
1793,3.12780,0.18270,2.19790,0.72590,0.02050,0,0,0,2413,5,0,1024,1024,0,1560,0
1794,3.13550,0.18610,2.19790,0.71370,0.03700,0,0,0,2413,5,0,1024,1024,0,1560,0
1795,3.14360,0.20060,2.21490,0.70450,0.02300,0,0,0,2413,5,0,1024,1024,0,1560,0
1796,2.99350,0.18920,2.09080,0.69140,0.02060,0,0,0,2413,5,0,1024,1024,0,1560,0
1797,3.15230,0.23190,2.17010,0.72530,0.02430,0,0,0,2413,5,0,1024,1024,0,1560,0
1798,3.13510,0.18210,2.18940,0.74170,0.02120,0,0,0,2413,5,0,1024,1024,0,1560,0
1799,3.12040,0.22480,2.16940,0.70070,0.02460,0,0,0,2413,5,0,1024,1024,0,1560,0
1800,3.18850,0.22140,2.19180,0.75190,0.02260,0,0,0,2413,5,0,1024,1024,0,1560,0
