frame,tick,dropped_ticks,frame_ms,pack_ms,upload_ms,submit_ms,upload_bytes,latest_gpu_ms,gpu_timing_timestamp,simulation_cpu_ms
301,150,0,3.57839,0.00000,0.00000,0.02390,0,-1.00000,665302665004,0.00000
302,151,0,1.20300,2.46750,0.23750,0.05700,2560000,-1.00000,665302670337,0.00000
303,151,0,3.53150,0.00000,0.00000,0.02900,0,-1.00000,665302704765,0.00000
304,152,0,0.47950,2.43230,0.24730,0.04980,2560000,-1.00000,665302709444,0.00000
305,152,0,3.41700,0.00000,0.00000,0.02710,0,-1.00000,665302745249,0.00000
306,153,0,0.46550,2.45400,0.26720,0.06210,2560000,-1.00000,665302757260,0.00000
307,153,0,3.66779,0.00000,0.00000,0.03760,0,-1.00000,665302792619,0.00000
308,154,0,0.60750,2.47410,0.25170,0.05390,2560000,-1.00000,665302797359,0.00000
309,154,0,3.50880,0.00000,0.00000,0.02670,0,-1.00000,665302831577,0.00000
310,155,0,0.47540,2.47350,0.30640,0.04850,2560000,-1.00000,665302836195,0.00000
311,155,0,3.54350,0.00000,0.00000,0.03140,0,-1.00000,665302872939,0.00000
312,156,0,0.48360,2.46040,0.34430,0.04620,2560000,-1.00000,665302878950,0.00000
313,156,0,3.56669,0.00000,0.00000,0.03080,0,-1.00000,665302914098,0.00000
314,157,0,0.58050,2.59730,0.31750,0.05310,2560000,-1.00000,665302918785,0.00000
315,157,0,3.73490,0.00000,0.00000,0.02890,0,-1.00000,665302954264,0.00000
316,158,0,0.47940,2.73320,0.33360,0.07050,2560000,-1.00000,665302959048,0.00000
317,158,0,4.13100,0.00000,0.00000,0.02870,0,-1.00000,665302994773,0.00000
318,159,0,0.58200,2.53310,0.22900,0.04600,2560000,-1.00000,665303000528,0.00000
319,159,0,3.49330,0.00000,0.00000,0.02500,0,-1.00000,665303037927,0.00000
320,160,0,2.07010,2.75580,0.28790,0.05570,2560000,-1.00000,665303042664,0.00000
321,160,0,3.84530,0.00000,0.00000,0.03080,0,-1.00000,665303084016,0.00000
322,161,0,0.49830,2.66450,0.31540,0.04600,2560000,-1.00000,665303089812,0.00000
323,161,0,3.67890,0.00000,0.00000,0.02640,0,-1.00000,665303124773,0.00000
324,162,0,0.47350,2.69990,0.25340,0.05530,2560000,-1.00000,665303145466,0.00000
325,162,0,3.75270,0.00000,0.00000,0.02880,0,-1.00000,665303183917,0.00000
326,163,0,0.46920,2.44240,0.26880,0.04920,2560000,-1.00000,665303188866,0.00000
327,163,0,3.47780,0.00000,0.00000,0.03810,0,-1.00000,665303225668,0.00000
328,164,0,0.70330,2.73180,0.22360,0.05430,2560000,-1.00000,665303230391,0.00000
329,164,0,3.76480,0.00000,0.00000,0.02690,0,-1.00000,665303267962,0.00000
330,165,0,0.49841,3.05710,0.21650,0.03610,2560000,-1.00000,665303272607,0.00000
331,165,0,3.91450,0.00000,0.00000,0.02570,0,-1.00000,665303307509,0.00000
332,166,0,0.44090,2.50140,0.30640,0.03450,2560000,-1.00000,665303314487,0.00000
333,166,0,3.33810,0.00000,0.00000,0.02420,0,-1.00000,665303352120,0.00000
334,167,0,1.04290,3.01250,0.26450,0.03030,2560000,-1.00000,665303357060,0.00000
335,167,0,3.85920,0.00000,0.00000,0.02450,0,-1.00000,665303396223,0.00000
336,168,0,0.49300,2.62200,0.23790,0.03980,2560000,-1.00000,665303400611,0.00000
337,168,0,3.60210,0.00000,0.00000,0.02610,0,-1.00000,665303433996,0.00000
338,169,0,0.97800,2.38570,0.20930,0.03090,2560000,-1.00000,665303444436,0.00000
339,169,0,3.15210,0.00000,0.00000,0.02460,0,-1.00000,665303483031,0.00000
340,170,0,1.28550,2.47290,0.25900,0.03310,2560000,-1.00000,665303487952,0.00000
341,170,0,3.34010,0.00000,0.00000,0.02300,0,-1.00000,665303523987,0.00000
342,171,0,3.17219,2.90050,0.25110,0.04540,2560000,-1.00000,665303533741,0.00000
343,171,0,3.78250,0.00000,0.00000,0.02340,0,-1.00000,665303565280,0.00000
344,172,0,0.41820,2.43170,0.21860,0.03250,2560000,-1.00000,665303578166,0.00000
345,172,0,3.21550,0.00000,0.00000,0.02890,0,-1.00000,665303611522,0.00000
346,173,0,0.45969,3.02560,0.23570,0.03370,2560000,-1.00000,665303643236,0.00000
347,173,0,3.84250,0.00000,0.00000,0.02310,0,-1.00000,665303681087,0.00000
348,174,0,0.41920,2.39010,0.26350,0.02810,2560000,-1.00000,665303685245,0.00000
349,174,0,3.20310,0.00000,0.00000,0.01940,0,-1.00000,665303717415,0.00000
350,175,0,0.47990,2.36660,0.30700,0.02860,2560000,-1.00000,665303721993,0.00000
351,175,0,3.22849,0.00000,0.00000,0.02750,0,-1.00000,665303760437,0.00000
352,176,0,1.32260,2.41380,0.20830,0.03410,2560000,-1.00000,665303764603,0.00000
353,176,0,3.24890,0.00000,0.00000,0.02260,0,-1.00000,665303796660,0.00000
354,177,0,1.20290,2.37730,0.33980,0.04280,2560000,-1.00000,665303801435,0.00000
355,177,0,3.45030,0.00000,0.00000,0.02270,0,-1.00000,665303833734,0.00000
356,178,0,3.26570,2.41530,0.21690,0.04750,2560000,-1.00000,665303846964,0.00000
357,178,0,3.42389,0.00000,0.00000,0.03220,0,-1.00000,665303879513,0.00000
358,179,0,1.00000,2.40600,0.22210,0.03560,2560000,-1.00000,665303891476,0.00000
359,179,0,3.22560,0.00000,0.00000,0.02520,0,-1.00000,665303926003,0.00000
360,180,0,1.31920,2.38880,0.23450,0.03070,2560000,-1.00000,665303958638,0.00000
361,180,0,3.14420,0.00000,0.00000,0.02300,0,-1.00000,665303992909,0.00000
362,181,0,1.55130,2.45370,0.25530,0.03340,2560000,-1.00000,665304002873,0.00000
363,181,0,3.28729,0.00000,0.00000,0.02680,0,-1.00000,665304035145,0.00000
364,182,0,3.26820,2.50670,0.33510,0.03930,2560000,-1.00000,665304048323,0.00000
365,182,0,3.56120,0.00000,0.00000,0.02500,0,-1.00000,665304079774,0.00000
366,183,0,2.85950,2.48870,0.26210,0.02970,2560000,-1.00000,665304095284,0.00000
367,183,0,3.37440,0.00000,0.00000,0.02440,0,-1.00000,665304128157,0.00000
368,184,0,0.56330,2.79120,0.20350,0.02720,2560000,-1.00000,665304160840,0.00000
369,184,0,3.65050,0.00000,0.00000,0.02330,0,-1.00000,665304196467,0.00000
370,185,0,0.46770,3.03070,0.44500,0.07370,2560000,-1.00000,665304225045,0.00000
371,185,0,4.65800,0.00000,0.00000,0.05170,0,-1.00000,665304258789,0.00000
372,186,0,0.92600,3.18710,0.20500,0.03630,2560000,-1.00000,665304264440,0.00000
373,186,0,4.29480,0.00000,0.00000,0.02330,0,-1.00000,665304300927,0.00000
374,187,0,0.43460,2.72990,0.24530,0.03530,2560000,-1.00000,665304305608,0.00000
375,187,0,3.53500,0.00000,0.00000,0.01900,0,-1.00000,665304352262,0.00000
376,188,0,0.38630,2.66490,0.27080,0.03390,2560000,-1.00000,665304361491,0.00000
377,188,0,3.69760,0.00000,0.00000,0.02240,0,-1.00000,665304404409,0.00000
378,189,0,0.49550,2.48930,0.25310,0.02860,2560000,-1.00000,665304408727,0.00000
379,189,0,3.28440,0.00000,0.00000,0.02480,0,-1.00000,665304444095,0.00000
380,190,0,0.39080,2.49920,0.30670,0.02540,2560000,-1.00000,665304447959,0.00000
381,190,0,3.31370,0.00000,0.00000,0.02110,0,-1.00000,665304484934,0.00000
382,191,0,0.36940,3.07310,0.21140,0.03340,2560000,-1.00000,665304489867,0.00000
383,191,0,3.88420,0.00000,0.00000,0.02240,0,-1.00000,665304522730,0.00000
384,192,0,0.39100,2.41490,0.26340,0.03070,2560000,-1.00000,665304526622,0.00000
385,192,0,3.29070,0.00000,0.00000,0.02760,0,-1.00000,665304559765,0.00000
386,193,0,0.46100,2.58890,0.31620,0.03470,2560000,-1.00000,665304563459,0.00000
387,193,0,3.58240,0.00000,0.00000,0.02300,0,-1.00000,665304602318,0.00000
388,194,0,0.38600,2.42120,0.23470,0.03100,2560000,-1.00000,665304606202,0.00000
389,194,0,3.16190,0.00000,0.00000,0.02490,0,-1.00000,665304639165,0.00000
390,195,0,0.39880,2.46030,0.27660,0.02710,2560000,-1.00000,665304643725,0.00000
391,195,0,3.29040,0.00000,0.00000,0.02370,0,-1.00000,665304679560,0.00000
392,196,0,0.60540,2.42070,0.28160,0.03920,2560000,-1.00000,665304683405,0.00000
393,196,0,3.32130,0.00000,0.00000,0.02350,0,-1.00000,665304715036,0.00000
394,197,0,1.02490,2.44970,0.30710,0.04050,2560000,-1.00000,665304719013,0.00000
395,197,0,3.40410,0.00000,0.00000,0.02420,0,-1.00000,665304751952,0.00000
396,198,0,0.82170,2.39540,0.25230,0.02670,2560000,-1.00000,665304757965,0.00000
397,198,0,3.24680,0.00000,0.00000,0.02370,0,-1.00000,665304791200,0.00000
398,199,0,3.17440,2.34620,0.25470,0.03770,2560000,-1.00000,665304801446,0.00000
399,199,0,3.20641,0.00000,0.00000,0.02710,0,-1.00000,665304835497,0.00000
400,200,0,0.51220,2.43160,0.33310,0.02630,2560000,-1.00000,665304843695,0.00000
401,200,0,3.33950,0.00000,0.00000,0.02390,0,-1.00000,665304876167,0.00000
402,201,0,0.44010,2.97620,0.26620,0.04950,2560000,-1.00000,665304907918,0.00000
403,201,0,4.00250,0.00000,0.00000,0.02720,0,-1.00000,665304939995,0.00000
404,202,0,0.48080,2.49050,0.31190,0.03690,2560000,-1.00000,665304945096,0.00000
405,202,0,3.57640,0.00000,0.00000,0.03180,0,-1.00000,665304978499,0.00000
406,203,0,0.55450,2.48100,0.20590,0.03330,2560000,-1.00000,665304982890,0.00000
407,203,0,3.25950,0.00000,0.00000,0.02350,0,-1.00000,665305022959,0.00000
408,204,0,0.38530,2.41670,0.30950,0.03400,2560000,-1.00000,665305027719,0.00000
409,204,0,3.30201,0.00000,0.00000,0.02420,0,-1.00000,665305063521,0.00000
410,205,0,0.39050,2.33780,0.24210,0.02650,2560000,-1.00000,665305069029,0.00000
411,205,0,3.09890,0.00000,0.00000,0.02370,0,-1.00000,665305101647,0.00000
412,206,0,1.15370,2.41760,0.31500,0.05990,2560000,-1.00000,665305105475,0.00000
413,206,0,3.55950,0.00000,0.00000,0.02440,0,-1.00000,665305138519,0.00000
414,207,0,0.66430,2.39920,0.33790,0.05080,2560000,-1.00000,665305142399,0.00000
415,207,0,3.52050,0.00000,0.00000,0.02530,0,-1.00000,665305173402,0.00000
416,208,0,0.77180,2.47580,0.26870,0.04610,2560000,-1.00000,665305184931,0.00000
417,208,0,3.44790,0.00000,0.00000,0.03230,0,-1.00000,665305220583,0.00000
418,209,0,0.80350,2.45600,0.30450,0.04630,2560000,-1.00000,665305227165,0.00000
419,209,0,3.48819,0.00000,0.00000,0.02490,0,-1.00000,665305262418,0.00000
420,210,0,0.41001,2.40450,0.24000,0.03370,2560000,-1.00000,665305270104,0.00000
421,210,0,3.19700,0.00000,0.00000,0.02140,0,-1.00000,665305304621,0.00000
422,211,0,0.36991,2.42530,0.29820,0.03370,2560000,-1.00000,665305312632,0.00000
423,211,0,3.41990,0.00000,0.00000,0.03340,0,-1.00000,665305347516,0.00000
424,212,0,0.57010,2.42560,0.26900,0.02890,2560000,-1.00000,665305351579,0.00000
425,212,0,3.24510,0.00000,0.00000,0.02180,0,-1.00000,665305383570,0.00000
426,213,0,0.36200,2.38640,0.28330,0.03010,2560000,-1.00000,665305387254,0.00000
427,213,0,3.23320,0.00000,0.00000,0.02230,0,-1.00000,665305421486,0.00000
428,214,0,0.83270,2.37980,0.25900,0.02460,2560000,-1.00000,665305427169,0.00000
429,214,0,3.11020,0.00000,0.00000,0.02070,0,-1.00000,665305459614,0.00000
430,215,0,1.08800,2.35130,0.23500,0.03250,2560000,-1.00000,665305463221,0.00000
431,215,0,3.17340,0.00000,0.00000,0.01990,0,-1.00000,665305495575,0.00000
432,216,0,1.16390,2.40080,0.30480,0.03020,2560000,-1.00000,665305503885,0.00000
433,216,0,3.28730,0.00000,0.00000,0.02380,0,-1.00000,665305534987,0.00000
434,217,0,3.11910,2.35270,0.26250,0.04600,2560000,-1.00000,665305545870,0.00000
435,217,0,3.33650,0.00000,0.00000,0.02700,0,-1.00000,665305577610,0.00000
436,218,0,0.47700,2.44860,0.27420,0.04520,2560000,-1.00000,665305589248,0.00000
437,218,0,3.34880,0.00000,0.00000,0.02240,0,-1.00000,665305622120,0.00000
438,219,0,0.40620,2.39580,0.30920,0.02580,2560000,-1.00000,665305653308,0.00000
439,219,0,3.24150,0.00000,0.00000,0.02330,0,-1.00000,665305686713,0.00000
440,220,0,0.38130,2.73520,0.32250,0.02960,2560000,-1.00000,665305691440,0.00000
441,220,0,3.59740,0.00000,0.00000,0.02410,0,-1.00000,665305724946,0.00000
442,221,0,0.39540,2.71390,0.29600,0.02730,2560000,-1.00000,665305728983,0.00000
443,221,0,3.61600,0.00000,0.00000,0.01960,0,-1.00000,665305761409,0.00000
444,222,0,0.38720,2.65270,0.27110,0.03230,2560000,-1.00000,665305765212,0.00000
445,222,0,3.43630,0.00000,0.00000,0.01980,0,-1.00000,665305801209,0.00000
446,223,0,0.72560,2.42450,0.25660,0.03140,2560000,-1.00000,665305805146,0.00000
447,223,0,3.32640,0.00000,0.00000,0.02380,0,-1.00000,665305841374,0.00000
448,224,0,0.93360,2.38010,0.28290,0.03120,2560000,-1.00000,665305845172,0.00000
449,224,0,3.21210,0.00000,0.00000,0.02490,0,-1.00000,665305879561,0.00000
450,225,0,0.97990,2.37580,0.31360,0.04110,2560000,-1.00000,665305886799,0.00000
451,225,0,3.38130,0.00000,0.00000,0.02520,0,-1.00000,665305920081,0.00000
452,226,0,0.88360,2.75460,0.24040,0.04590,2560000,-1.00000,665305929398,0.00000
453,226,0,3.84710,0.00000,0.00000,0.06350,0,-1.00000,665305961529,0.00000
454,227,0,0.75450,2.42880,0.25340,0.05740,2560000,-1.00000,665305971330,0.00000
455,227,0,3.75490,0.00000,0.00000,0.02910,0,-1.00000,665306005146,0.00000
456,228,0,0.46730,2.46550,0.28550,0.04150,2560000,-1.00000,665306013966,0.00000
457,228,0,3.39740,0.00000,0.00000,0.02070,0,-1.00000,665306052527,0.00000
458,229,0,0.88189,2.30850,0.31380,0.03470,2560000,-1.00000,665306059979,0.00000
459,229,0,3.18520,0.00000,0.00000,0.08470,0,-1.00000,665306097611,0.00000
460,230,0,0.66010,2.37310,0.35900,0.06300,2560000,-1.00000,665306102209,0.00000
461,230,0,3.47900,0.00000,0.00000,0.02920,0,-1.00000,665306136201,0.00000
462,231,0,0.66460,2.38910,0.32750,0.04600,2560000,-1.00000,665306144993,0.00000
463,231,0,3.60350,0.00000,0.00000,0.02740,0,-1.00000,665306176871,0.00000
464,232,0,0.74670,2.53540,0.21380,0.04110,2560000,-1.00000,665306183449,0.00000
465,232,0,3.38061,0.00000,0.00000,0.02640,0,-1.00000,665306218272,0.00000
466,233,0,1.03909,2.79350,0.23470,0.04990,2560000,-1.00000,665306224902,0.00000
467,233,0,3.78040,0.00000,0.00000,0.02390,0,-1.00000,665306260965,0.00000
468,234,0,0.44131,2.30790,0.27850,0.03240,2560000,-1.00000,665306268403,0.00000
469,234,0,3.24140,0.00000,0.00000,0.02270,0,-1.00000,665306302211,0.00000
470,235,0,0.91050,2.95180,0.23390,0.03100,2560000,-1.00000,665306312592,0.00000
471,235,0,3.79460,0.00000,0.00000,0.02170,0,-1.00000,665306350415,0.00000
472,236,0,0.38250,2.43990,0.28890,0.02940,2560000,-1.00000,665306354808,0.00000
473,236,0,3.24020,0.00000,0.00000,0.02060,0,-1.00000,665306387228,0.00000
474,237,0,1.00240,2.34110,0.30530,0.03280,2560000,-1.00000,665306396321,0.00000
475,237,0,3.32600,0.00000,0.00000,0.02350,0,-1.00000,665306434279,0.00000
476,238,0,3.11300,2.32700,0.20110,0.03180,2560000,-1.00000,665306438083,0.00000
477,238,0,3.07640,0.00000,0.00000,0.01960,0,-1.00000,665306470508,0.00000
478,239,0,3.25950,2.32820,0.37200,0.06350,2560000,-1.00000,665306480519,0.00000
479,239,0,3.84570,0.00000,0.00000,0.03660,0,-1.00000,665306513789,0.00000
480,240,0,0.69640,2.95960,0.19810,0.03600,2560000,-1.00000,665306544903,0.00000
481,240,0,3.87090,0.00000,0.00000,0.02750,0,-1.00000,665306575702,0.00000
482,241,0,0.43570,2.38500,0.21970,0.02910,2560000,-1.00000,665306608270,0.00000
483,241,0,3.17390,0.00000,0.00000,0.02430,0,-1.00000,665306646796,0.00000
484,242,0,0.64780,2.35960,0.31040,0.02940,2560000,-1.00000,665306653702,0.00000
485,242,0,3.29220,0.00000,0.00000,0.02440,0,-1.00000,665306692446,0.00000
486,243,0,0.97490,2.49740,0.24030,0.03480,2560000,-1.00000,665306696751,0.00000
487,243,0,3.45770,0.00000,0.00000,0.02640,0,-1.00000,665306728499,0.00000
488,244,0,0.79041,2.35120,0.30880,0.02930,2560000,-1.00000,665306734967,0.00000
489,244,0,3.26939,0.00000,0.00000,0.02360,0,-1.00000,665306767904,0.00000
490,245,0,0.92210,2.71070,0.22890,0.03820,2560000,-1.00000,665306777650,0.00000
491,245,0,3.60520,0.00000,0.00000,0.02600,0,-1.00000,665306812245,0.00000
492,246,0,0.41520,3.08110,0.20890,0.03550,2560000,-1.00000,665306820128,0.00000
493,246,0,4.00180,0.00000,0.00000,0.02240,0,-1.00000,665306852824,0.00000
494,247,0,0.47690,2.68380,0.24640,0.03810,2560000,-1.00000,665306862055,0.00000
495,247,0,3.63420,0.00000,0.00000,0.02360,0,-1.00000,665306898121,0.00000
496,248,0,0.60790,2.51640,0.26060,0.04600,2560000,-1.00000,665306902242,0.00000
497,248,0,3.60780,0.00000,0.00000,0.02540,0,-1.00000,665306942387,0.00000
498,249,0,0.46420,2.38710,0.23810,0.02830,2560000,-1.00000,665306947025,0.00000
499,249,0,3.21800,0.00000,0.00000,0.02320,0,-1.00000,665306983394,0.00000
500,250,0,0.43850,3.02110,0.24520,0.03060,2560000,-1.00000,665306989469,0.00000
501,250,0,3.79060,0.00000,0.00000,0.02120,0,-1.00000,665307025560,0.00000
502,251,0,0.37309,2.32380,0.21210,0.03190,2560000,-1.00000,665307030168,0.00000
503,251,0,3.11300,0.00000,0.00000,0.02340,0,-1.00000,665307062381,0.00000
504,252,0,0.40610,2.46640,0.21470,0.02600,2560000,-1.00000,665307066727,0.00000
505,252,0,3.17920,0.00000,0.00000,0.02160,0,-1.00000,665307104655,0.00000
506,253,0,0.55210,2.89830,0.22710,0.03080,2560000,-1.00000,665307108367,0.00000
507,253,0,3.71280,0.00000,0.00000,0.02470,0,-1.00000,665307139519,0.00000
508,254,0,0.56160,2.38470,0.30100,0.02660,2560000,-1.00000,665307143560,0.00000
509,254,0,3.21090,0.00000,0.00000,0.02180,0,-1.00000,665307175354,0.00000
510,255,0,1.08180,2.47990,0.24580,0.02960,2560000,-1.00000,665307180870,0.00000
511,255,0,3.34660,0.00000,0.00000,0.03470,0,-1.00000,665307218017,0.00000
512,256,0,0.89150,3.08930,0.20600,0.03830,2560000,-1.00000,665307223608,0.00000
513,256,0,3.94020,0.00000,0.00000,0.02750,0,-1.00000,665307255722,0.00000
514,257,0,0.45550,2.42450,0.26350,0.03150,2560000,-1.00000,665307266547,0.00000
515,257,0,3.33050,0.00000,0.00000,0.02160,0,-1.00000,665307300045,0.00000
516,258,0,3.05470,2.48570,0.21870,0.04300,2560000,-1.00000,665307308930,0.00000
517,258,0,3.32670,0.00000,0.00000,0.02570,0,-1.00000,665307348346,0.00000
518,259,0,3.00770,2.43980,0.27080,0.03320,2560000,-1.00000,665307352883,0.00000
519,259,0,3.33830,0.00000,0.00000,0.02430,0,-1.00000,665307386198,0.00000
520,260,0,0.47360,2.50370,0.32710,0.03170,2560000,-1.00000,665307416739,0.00000
521,260,0,3.36550,0.00000,0.00000,0.02330,0,-1.00000,665307450027,0.00000
522,261,0,0.45380,2.33080,0.24570,0.02590,2560000,-1.00000,665307480089,0.00000
523,261,0,3.09440,0.00000,0.00000,0.01960,0,-1.00000,665307513474,0.00000
524,262,0,0.40940,2.49960,0.19780,0.02900,2560000,-1.00000,665307518201,0.00000
525,262,0,3.31290,0.00000,0.00000,0.02320,0,-1.00000,665307551858,0.00000
526,263,0,3.70930,2.36270,0.25990,0.04890,2560000,-1.00000,665307556396,0.00000
527,263,0,3.32320,0.00000,0.00000,0.02550,0,-1.00000,665307587362,0.00000
528,264,0,0.45160,2.39320,0.23040,0.02740,2560000,-1.00000,665307591435,0.00000
529,264,0,3.21360,0.00000,0.00000,0.02050,0,-1.00000,665307624571,0.00000
530,265,0,0.37880,2.34040,0.23560,0.02750,2560000,-1.00000,665307661650,0.00000
531,265,0,3.07900,0.00000,0.00000,0.01920,0,-1.00000,665307694912,0.00000
532,266,0,0.34740,2.95720,0.22950,0.02990,2560000,-1.00000,665307699406,0.00000
533,266,0,3.74600,0.00000,0.00000,0.02250,0,-1.00000,665307731547,0.00000
534,267,0,0.37850,2.36220,0.28630,0.02490,2560000,-1.00000,665307735330,0.00000
535,267,0,3.16020,0.00000,0.00000,0.01930,0,-1.00000,665307766119,0.00000
536,268,0,0.38430,2.40990,0.29850,0.02330,2560000,-1.00000,665307769583,0.00000
537,268,0,3.18000,0.00000,0.00000,0.02430,0,-1.00000,665307807062,0.00000
538,269,0,0.73980,2.31740,0.30990,0.03200,2560000,-1.00000,665307810825,0.00000
539,269,0,3.21660,0.00000,0.00000,0.02210,0,-1.00000,665307842444,0.00000
540,270,0,0.37420,2.35140,0.31140,0.02660,2560000,-1.00000,665307846279,0.00000
541,270,0,3.15560,0.00000,0.00000,0.02020,0,-1.00000,665307878080,0.00000
542,271,0,0.56500,3.02220,0.22780,0.04240,2560000,-1.00000,665307885479,0.00000
543,271,0,3.91390,0.00000,0.00000,0.02590,0,-1.00000,665307917656,0.00000
544,272,0,0.43860,2.41710,0.26170,0.02590,2560000,-1.00000,665307921380,0.00000
545,272,0,3.19720,0.00000,0.00000,0.01960,0,-1.00000,665307952942,0.00000
546,273,0,0.40170,2.32500,0.20600,0.02750,2560000,-1.00000,665307958584,0.00000
547,273,0,3.04730,0.00000,0.00000,0.02340,0,-1.00000,665307997765,0.00000
548,274,0,0.37129,2.87920,0.25320,0.03150,2560000,-1.00000,665308002107,0.00000
549,274,0,3.69080,0.00000,0.00000,0.01860,0,-1.00000,665308034101,0.00000
550,275,0,0.36050,2.36200,0.31090,0.02730,2560000,-1.00000,665308038102,0.00000
551,275,0,3.19640,0.00000,0.00000,0.02180,0,-1.00000,665308068583,0.00000
552,276,0,0.36480,2.38560,0.28170,0.02730,2560000,-1.00000,665308072279,0.00000
553,276,0,3.17241,0.00000,0.00000,0.02030,0,-1.00000,665308109214,0.00000
554,277,0,0.53459,2.27800,0.22030,0.02850,2560000,-1.00000,665308112799,0.00000
555,277,0,3.02720,0.00000,0.00000,0.02160,0,-1.00000,665308144780,0.00000
556,278,0,4.24030,2.28970,0.21060,0.02670,2560000,-1.00000,665308148411,0.00000
557,278,0,3.07120,0.00000,0.00000,0.01880,0,-1.00000,665308180141,0.00000
558,279,0,2.52399,2.53340,0.22680,0.03900,2560000,-1.00000,665308185481,0.00000
559,279,0,3.39600,0.00000,0.00000,0.02290,0,-1.00000,665308215763,0.00000
560,280,0,0.55050,2.26690,0.22190,0.02890,2560000,-1.00000,665308258161,0.00000
561,280,0,3.17330,0.00000,0.00000,0.02720,0,-1.00000,665308288876,0.00000
562,281,0,0.49720,2.16450,0.22910,0.02770,2560000,-1.00000,665308314106,0.00000
563,281,0,2.93459,0.00000,0.00000,0.02320,0,-1.00000,665308348101,0.00000
564,282,0,0.37780,2.12840,0.25740,0.02590,2560000,-1.00000,665308353584,0.00000
565,282,0,2.92820,0.00000,0.00000,0.01960,0,-1.00000,665308385329,0.00000
566,283,0,3.22490,2.33070,0.21770,0.03130,2560000,-1.00000,665308390287,0.00000
567,283,0,3.12550,0.00000,0.00000,0.02020,0,-1.00000,665308419629,0.00000
568,284,0,0.41190,2.27310,0.22470,0.02440,2560000,-1.00000,665308423401,0.00000
569,284,0,3.02280,0.00000,0.00000,0.02110,0,-1.00000,665308452696,0.00000
570,285,0,1.93380,2.26750,0.21160,0.02560,2560000,-1.00000,665308484931,0.00000
571,285,0,2.98900,0.00000,0.00000,0.02060,0,-1.00000,665308516204,0.00000
572,286,0,0.40840,2.14350,0.30510,0.02820,2560000,-1.00000,665308520311,0.00000
573,286,0,3.03690,0.00000,0.00000,0.02260,0,-1.00000,665308550540,0.00000
574,287,0,0.44989,2.27640,0.22130,0.03510,2560000,-1.00000,665308569872,0.00000
575,287,0,3.18010,0.00000,0.00000,0.02320,0,-1.00000,665308599774,0.00000
576,288,0,0.61060,2.14890,0.24170,0.02630,2560000,-1.00000,665308603844,0.00000
577,288,0,2.97110,0.00000,0.00000,0.02060,0,-1.00000,665308634251,0.00000
578,289,0,1.31580,2.34100,0.21730,0.02830,2560000,-1.00000,665308638718,0.00000
579,289,0,3.16410,0.00000,0.00000,0.02140,0,-1.00000,665308670550,0.00000
580,290,0,0.40090,2.31600,0.22870,0.02050,2560000,-1.00000,665308676621,0.00000
581,290,0,3.05510,0.00000,0.00000,0.01990,0,-1.00000,665308706345,0.00000
582,291,0,0.38860,2.34290,0.20810,0.02420,2560000,-1.00000,665308719498,0.00000
583,291,0,3.08620,0.00000,0.00000,0.01820,0,-1.00000,665308751142,0.00000
584,292,0,0.62389,2.36820,0.33180,0.02810,2560000,-1.00000,665308755139,0.00000
585,292,0,3.17161,0.00000,0.00000,0.01800,0,-1.00000,665308785693,0.00000
586,293,0,1.08850,2.25410,0.20910,0.02610,2560000,-1.00000,665308789589,0.00000
587,293,0,3.01050,0.00000,0.00000,0.01840,0,-1.00000,665308820448,0.00000
588,294,0,1.25259,2.30200,0.26830,0.03330,2560000,-1.00000,665308826686,0.00000
589,294,0,3.15350,0.00000,0.00000,0.02350,0,-1.00000,665308858401,0.00000
590,295,0,3.22280,2.26690,0.24990,0.03750,2560000,-1.00000,665308869284,0.00000
591,295,0,3.17230,0.00000,0.00000,0.02620,0,-1.00000,665308899392,0.00000
592,296,0,0.46730,2.38410,0.28300,0.03400,2560000,-1.00000,665308911919,0.00000
593,296,0,3.23230,0.00000,0.00000,0.02070,0,-1.00000,665308943469,0.00000
594,297,0,0.40160,2.35310,0.20670,0.03010,2560000,-1.00000,665308975676,0.00000
595,297,0,3.09860,0.00000,0.00000,0.02210,0,-1.00000,665309007439,0.00000
596,298,0,0.41450,2.38130,0.20190,0.02760,2560000,-1.00000,665309012071,0.00000
597,298,0,3.13000,0.00000,0.00000,0.02240,0,-1.00000,665309044426,0.00000
598,299,0,3.17440,2.26370,0.22350,0.03240,2560000,-1.00000,665309048408,0.00000
599,299,0,3.10040,0.00000,0.00000,0.01870,0,-1.00000,665309079414,0.00000
600,300,0,0.37500,2.23670,0.27360,0.03260,2560000,-1.00000,665309083538,0.00000
601,300,0,3.24010,0.00000,0.00000,0.02520,0,-1.00000,665309114856,0.00000
602,301,0,0.41410,2.31960,0.23280,0.02610,2560000,-1.00000,665309146593,0.00000
603,301,0,3.10290,0.00000,0.00000,0.02350,0,-1.00000,665309177601,0.00000
604,302,0,0.46220,2.12820,0.22000,0.02430,2560000,-1.00000,665309181344,0.00000
605,302,0,2.91760,0.00000,0.00000,0.02010,0,-1.00000,665309213769,0.00000
606,303,0,1.47240,2.27580,0.21650,0.04280,2560000,-1.00000,665309217880,0.00000
607,303,0,3.23050,0.00000,0.00000,0.02750,0,-1.00000,665309248922,0.00000
608,304,0,0.85000,2.31520,0.23360,0.02860,2560000,-1.00000,665309253530,0.00000
609,304,0,3.14030,0.00000,0.00000,0.02210,0,-1.00000,665309282711,0.00000
610,305,0,1.15120,2.27020,0.20890,0.02820,2560000,-1.00000,665309297437,0.00000
611,305,0,3.06340,0.00000,0.00000,0.02350,0,-1.00000,665309329771,0.00000
612,306,0,1.19570,2.26480,0.22060,0.03120,2560000,-1.00000,665309338305,0.00000
613,306,0,3.05541,0.00000,0.00000,0.01970,0,-1.00000,665309369652,0.00000
614,307,0,3.37500,2.46740,0.20810,0.02760,2560000,-1.00000,665309381161,0.00000
615,307,0,3.22929,0.00000,0.00000,0.02260,0,-1.00000,665309411816,0.00000
616,308,0,0.42820,2.18860,0.32240,0.02600,2560000,-1.00000,665309423749,0.00000
617,308,0,3.03050,0.00000,0.00000,0.02120,0,-1.00000,665309454309,0.00000
618,309,0,0.41690,2.30190,0.26090,0.02580,2560000,-1.00000,665309488054,0.00000
619,309,0,3.05970,0.00000,0.00000,0.02150,0,-1.00000,665309520363,0.00000
620,310,0,0.38190,2.28050,0.22320,0.02860,2560000,-1.00000,665309524621,0.00000
621,310,0,3.04410,0.00000,0.00000,0.01930,0,-1.00000,665309554934,0.00000
622,311,0,0.36750,2.32210,0.20020,0.02510,2560000,-1.00000,665309559097,0.00000
623,311,0,3.02560,0.00000,0.00000,0.02140,0,-1.00000,665309589701,0.00000
624,312,0,0.38940,2.25900,0.23290,0.03770,2560000,-1.00000,665309593521,0.00000
625,312,0,3.17210,0.00000,0.00000,0.02700,0,-1.00000,665309623965,0.00000
626,313,0,0.79320,2.91100,0.23930,0.02870,2560000,-1.00000,665309627625,0.00000
627,313,0,3.70290,0.00000,0.00000,0.02340,0,-1.00000,665309657892,0.00000
628,314,0,2.70920,2.26760,0.21350,0.03060,2560000,-1.00000,665309661780,0.00000
629,314,0,3.03750,0.00000,0.00000,0.02370,0,-1.00000,665309693529,0.00000
630,315,0,1.13600,2.23210,0.25080,0.03110,2560000,-1.00000,665309701434,0.00000
631,315,0,3.03800,0.00000,0.00000,0.02230,0,-1.00000,665309738471,0.00000
632,316,0,1.30250,2.26250,0.25820,0.02950,2560000,-1.00000,665309765558,0.00000
633,316,0,3.12150,0.00000,0.00000,0.02150,0,-1.00000,665309795942,0.00000
634,317,0,3.34300,2.30500,0.24990,0.03460,2560000,-1.00000,665309807293,0.00000
635,317,0,3.11710,0.00000,0.00000,0.02360,0,-1.00000,665309837681,0.00000
636,318,0,0.39730,2.28290,0.21770,0.03330,2560000,-1.00000,665309850698,0.00000
637,318,0,3.17530,0.00000,0.00000,0.02420,0,-1.00000,665309881909,0.00000
638,319,0,0.41320,2.33570,0.23500,0.02710,2560000,-1.00000,665309915349,0.00000
639,319,0,3.12730,0.00000,0.00000,0.02390,0,-1.00000,665309946523,0.00000
640,320,0,0.43610,2.28000,0.30330,0.02660,2560000,-1.00000,665309950479,0.00000
641,320,0,3.09680,0.00000,0.00000,0.01960,0,-1.00000,665309982265,0.00000
642,321,0,1.19580,2.20380,0.32840,0.04590,2560000,-1.00000,665309986374,0.00000
643,321,0,3.25340,0.00000,0.00000,0.02770,0,-1.00000,665310017651,0.00000
644,322,0,1.01550,2.95600,0.21200,0.02910,2560000,-1.00000,665310022005,0.00000
645,322,0,3.76330,0.00000,0.00000,0.02170,0,-1.00000,665310052979,0.00000
646,323,0,2.93610,2.23610,0.30260,0.02840,2560000,-1.00000,665310064934,0.00000
647,323,0,3.07871,0.00000,0.00000,0.02140,0,-1.00000,665310097495,0.00000
648,324,0,0.36849,2.77170,0.25810,0.02740,2560000,-1.00000,665310107627,0.00000
649,324,0,3.53090,0.00000,0.00000,0.02190,0,-1.00000,665310145258,0.00000
650,325,0,0.42100,2.21340,0.31260,0.02610,2560000,-1.00000,665310174614,0.00000
651,325,0,3.09450,0.00000,0.00000,0.02190,0,-1.00000,665310205406,0.00000
652,326,0,0.37320,2.41880,0.20570,0.02460,2560000,-1.00000,665310209081,0.00000
653,326,0,3.14820,0.00000,0.00000,0.02050,0,-1.00000,665310244403,0.00000
654,327,0,3.84540,2.21760,0.20540,0.13400,2560000,-1.00000,665310248801,0.00000
655,327,0,3.19420,0.00000,0.00000,0.02170,0,-1.00000,665310279563,0.00000
656,328,0,0.41080,2.36630,0.21120,0.02470,2560000,-1.00000,665310283278,0.00000
657,328,0,3.11820,0.00000,0.00000,0.02470,0,-1.00000,665310314768,0.00000
658,329,0,0.37420,2.25980,0.25310,0.03480,2560000,-1.00000,665310353240,0.00000
659,329,0,3.06040,0.00000,0.00000,0.02350,0,-1.00000,665310385177,0.00000
660,330,0,0.36620,2.22920,0.31490,0.02400,2560000,-1.00000,665310389265,0.00000
661,330,0,3.03230,0.00000,0.00000,0.02280,0,-1.00000,665310420453,0.00000
662,331,0,0.46420,2.88650,0.21310,0.02740,2560000,-1.00000,665310424185,0.00000
663,331,0,3.64040,0.00000,0.00000,0.02190,0,-1.00000,665310454803,0.00000
664,332,0,0.73020,2.19660,0.21160,0.02530,2560000,-1.00000,665310458451,0.00000
665,332,0,2.95270,0.00000,0.00000,0.02180,0,-1.00000,665310488783,0.00000
666,333,0,1.32670,2.18230,0.21490,0.02530,2560000,-1.00000,665310493417,0.00000
667,333,0,2.93700,0.00000,0.00000,0.02060,0,-1.00000,665310529835,0.00000
668,334,0,3.53590,2.21770,0.22580,0.03980,2560000,-1.00000,665310537130,0.00000
669,334,0,3.07160,0.00000,0.00000,0.02300,0,-1.00000,665310566663,0.00000
670,335,0,1.21460,2.22550,0.21820,0.03330,2560000,-1.00000,665310579916,0.00000
671,335,0,3.07850,0.00000,0.00000,0.02350,0,-1.00000,665310609291,0.00000
672,336,0,1.15970,2.24620,0.22330,0.02620,2560000,-1.00000,665310644664,0.00000
673,336,0,2.99170,0.00000,0.00000,0.02410,0,-1.00000,665310675378,0.00000
674,337,0,1.33230,2.18220,0.21510,0.02770,2560000,-1.00000,665310687513,0.00000
675,337,0,2.99840,0.00000,0.00000,0.02420,0,-1.00000,665310718317,0.00000
676,338,0,1.24700,2.76660,0.29590,0.03110,2560000,-1.00000,665310729898,0.00000
677,338,0,3.65560,0.00000,0.00000,0.02340,0,-1.00000,665310759812,0.00000
678,339,0,0.62940,2.27140,0.22000,0.02920,2560000,-1.00000,665310773131,0.00000
679,339,0,3.06080,0.00000,0.00000,0.02080,0,-1.00000,665310803127,0.00000
680,340,0,1.26940,2.24030,0.27910,0.02790,2560000,-1.00000,665310815589,0.00000
681,340,0,3.06700,0.00000,0.00000,0.02350,0,-1.00000,665310852142,0.00000
682,341,0,2.09140,2.46620,0.24130,0.02660,2560000,-1.00000,665310858444,0.00000
683,341,0,3.24640,0.00000,0.00000,0.02220,0,-1.00000,665310889053,0.00000
684,342,0,0.37160,2.38250,0.24150,0.04560,2560000,-1.00000,665310901745,0.00000
685,342,0,3.41840,0.00000,0.00000,0.02690,0,-1.00000,665310932420,0.00000
686,343,0,0.62800,2.26180,0.22850,0.02820,2560000,-1.00000,665310953328,0.00000
687,343,0,3.07690,0.00000,0.00000,0.02380,0,-1.00000,665310985799,0.00000
688,344,0,1.28231,2.20450,0.30440,0.02950,2560000,-1.00000,665310989500,0.00000
689,344,0,3.07890,0.00000,0.00000,0.02170,0,-1.00000,665311023760,0.00000
690,345,0,1.13820,2.22310,0.22630,0.02840,2560000,-1.00000,665311029969,0.00000
691,345,0,2.96600,0.00000,0.00000,0.01990,0,-1.00000,665311060767,0.00000
692,346,0,0.56780,2.27520,0.21280,0.02660,2560000,-1.00000,665311073560,0.00000
693,346,0,3.07730,0.00000,0.00000,0.02340,0,-1.00000,665311104352,0.00000
694,347,0,0.40260,2.31830,0.25150,0.02570,2560000,-1.00000,665311115725,0.00000
695,347,0,3.08680,0.00000,0.00000,0.02010,0,-1.00000,665311145395,0.00000
696,348,0,0.61811,2.22290,0.31100,0.02940,2560000,-1.00000,665311151063,0.00000
697,348,0,3.05509,0.00000,0.00000,0.01890,0,-1.00000,665311181853,0.00000
698,349,0,1.18880,2.58940,0.23390,0.03370,2560000,-1.00000,665311185862,0.00000
699,349,0,3.43470,0.00000,0.00000,0.02120,0,-1.00000,665311216747,0.00000
700,350,0,0.91430,2.19400,0.20660,0.03620,2560000,-1.00000,665311222920,0.00000
701,350,0,2.99370,0.00000,0.00000,0.02630,0,-1.00000,665311253476,0.00000
702,351,0,3.52200,2.69630,0.20620,0.02930,2560000,-1.00000,665311265351,0.00000
703,351,0,3.42701,0.00000,0.00000,0.02160,0,-1.00000,665311299728,0.00000
704,352,0,0.42129,2.29320,0.27840,0.02980,2560000,-1.00000,665311308851,0.00000
705,352,0,3.08710,0.00000,0.00000,0.02080,0,-1.00000,665311338800,0.00000
706,353,0,0.39510,2.20400,0.22110,0.02940,2560000,-1.00000,665311374009,0.00000
707,353,0,2.97590,0.00000,0.00000,0.02650,0,-1.00000,665311408272,0.00000
708,354,0,0.48100,2.21580,0.30350,0.02840,2560000,-1.00000,665311412480,0.00000
709,354,0,3.04610,0.00000,0.00000,0.01990,0,-1.00000,665311443375,0.00000
710,355,0,1.05380,2.20830,0.30520,0.02690,2560000,-1.00000,665311447301,0.00000
711,355,0,3.03210,0.00000,0.00000,0.01870,0,-1.00000,665311477078,0.00000
712,356,0,1.36760,2.65960,0.27320,0.02680,2560000,-1.00000,665311481871,0.00000
713,356,0,3.53279,0.00000,0.00000,0.01880,0,-1.00000,665311512345,0.00000
714,357,0,0.81181,2.17760,0.20310,0.02710,2560000,-1.00000,665311522883,0.00000
715,357,0,2.90820,0.00000,0.00000,0.01840,0,-1.00000,665311553207,0.00000
716,358,0,3.49550,2.27430,0.24150,0.04050,2560000,-1.00000,665311566870,0.00000
717,358,0,3.18120,0.00000,0.00000,0.02640,0,-1.00000,665311602208,0.00000
718,359,0,1.18990,2.21530,0.22150,0.03000,2560000,-1.00000,665311610320,0.00000
719,359,0,3.08810,0.00000,0.00000,0.01900,0,-1.00000,665311639421,0.00000
720,360,0,1.14440,2.20030,0.22530,0.02940,2560000,-1.00000,665311674371,0.00000
721,360,0,3.02800,0.00000,0.00000,0.02380,0,-1.00000,665311706185,0.00000
722,361,0,1.24380,2.21540,0.25600,0.02830,2560000,-1.00000,665311718065,0.00000
723,361,0,2.99200,0.00000,0.00000,0.01870,0,-1.00000,665311748960,0.00000
724,362,0,3.49540,2.18190,0.22520,0.03160,2560000,-1.00000,665311760401,0.00000
725,362,0,2.95100,0.00000,0.00000,0.02120,0,-1.00000,665311790688,0.00000
726,363,0,1.36620,2.18590,0.23600,0.03290,2560000,-1.00000,665311803107,0.00000
727,363,0,3.01660,0.00000,0.00000,0.02240,0,-1.00000,665311833033,0.00000
728,364,0,3.34560,2.14670,0.24190,0.04100,2560000,-1.00000,665311867986,0.00000
729,364,0,3.03250,0.00000,0.00000,0.02560,0,-1.00000,665311897496,0.00000
730,365,0,0.44550,2.23730,0.40840,0.03130,2560000,-1.00000,665311911156,0.00000
731,365,0,3.23800,0.00000,0.00000,0.02810,0,-1.00000,665311941331,0.00000
732,366,0,0.65650,2.25890,0.30650,0.02580,2560000,-1.00000,665311974792,0.00000
733,366,0,3.14311,0.00000,0.00000,0.02160,0,-1.00000,665312005118,0.00000
734,367,0,0.53770,2.17700,0.28530,0.02590,2560000,-1.00000,665312009560,0.00000
735,367,0,3.04070,0.00000,0.00000,0.01830,0,-1.00000,665312041961,0.00000
736,368,0,1.00740,2.17440,0.26440,0.02530,2560000,-1.00000,665312048501,0.00000
737,368,0,3.18490,0.00000,0.00000,0.02600,0,-1.00000,665312079938,0.00000
738,369,0,3.24830,2.17230,0.22990,0.03030,2560000,-1.00000,665312085306,0.00000
739,369,0,2.94490,0.00000,0.00000,0.01920,0,-1.00000,665312115721,0.00000
740,370,0,0.37960,2.28970,0.24250,0.03180,2560000,-1.00000,665312125789,0.00000
741,370,0,3.10880,0.00000,0.00000,0.02110,0,-1.00000,665312157644,0.00000
742,371,0,0.37170,2.26030,0.30320,0.02610,2560000,-1.00000,665312190130,0.00000
743,371,0,3.20641,0.00000,0.00000,0.02420,0,-1.00000,665312219588,0.00000
744,372,0,0.88880,2.26530,0.25340,0.02740,2560000,-1.00000,665312223368,0.00000
745,372,0,3.15800,0.00000,0.00000,0.02270,0,-1.00000,665312254461,0.00000
746,373,0,0.94500,2.24740,0.22020,0.03760,2560000,-1.00000,665312258169,0.00000
747,373,0,3.10461,0.00000,0.00000,0.02080,0,-1.00000,665312290249,0.00000
748,374,0,3.41509,2.22270,0.21600,0.02950,2560000,-1.00000,665312299127,0.00000
749,374,0,2.96521,0.00000,0.00000,0.02590,0,-1.00000,665312330718,0.00000
750,375,0,2.27610,2.19720,0.22730,0.02610,2560000,-1.00000,665312340156,0.00000
751,375,0,2.97520,0.00000,0.00000,0.02180,0,-1.00000,665312371211,0.00000
752,376,0,1.26880,2.27970,0.20740,0.02670,2560000,-1.00000,665312405393,0.00000
753,376,0,2.97090,0.00000,0.00000,0.02170,0,-1.00000,665312435013,0.00000
754,377,0,0.39060,2.39320,0.23020,0.03240,2560000,-1.00000,665312457765,0.00000
755,377,0,3.27760,0.00000,0.00000,0.02240,0,-1.00000,665312487518,0.00000
756,378,0,1.04920,2.14570,0.22590,0.02830,2560000,-1.00000,665312500211,0.00000
757,378,0,3.04510,0.00000,0.00000,0.02580,0,-1.00000,665312529915,0.00000
758,379,0,1.25821,2.16020,0.27640,0.04980,2560000,-1.00000,665312533816,0.00000
759,379,0,3.20820,0.00000,0.00000,0.02880,0,-1.00000,665312566611,0.00000
760,380,0,3.19590,2.21690,0.23410,0.03430,2560000,-1.00000,665312577095,0.00000
761,380,0,3.03660,0.00000,0.00000,0.02600,0,-1.00000,665312607545,0.00000
762,381,0,5.42980,2.18920,0.23020,0.05010,2560000,-1.00000,665312620120,0.00000
763,381,0,3.21419,0.00000,0.00000,0.02260,0,-1.00000,665312652252,0.00000
764,382,0,0.50111,2.16350,0.32340,0.03370,2560000,-1.00000,665312684168,0.00000
765,382,0,3.13750,0.00000,0.00000,0.02680,0,-1.00000,665312714550,0.00000
766,383,0,0.46990,2.19730,0.22010,0.03190,2560000,-1.00000,665312768840,0.00000
767,383,0,3.13390,0.00000,0.00000,0.02230,0,-1.00000,665312801002,0.00000
768,384,0,0.39990,2.14980,0.24570,0.02990,2560000,-1.00000,665312805984,0.00000
769,384,0,2.98400,0.00000,0.00000,0.01880,0,-1.00000,665312837367,0.00000
770,385,0,0.36740,2.12030,0.21480,0.02890,2560000,-1.00000,665312842055,0.00000
771,385,0,2.94680,0.00000,0.00000,0.02490,0,-1.00000,665312873417,0.00000
772,386,0,0.41230,2.89410,0.25550,0.02540,2560000,-1.00000,665312877396,0.00000
773,386,0,3.71430,0.00000,0.00000,0.02550,0,-1.00000,665312907239,0.00000
774,387,0,0.41270,2.11110,0.26660,0.03760,2560000,-1.00000,665312910903,0.00000
775,387,0,3.09360,0.00000,0.00000,0.02580,0,-1.00000,665312940402,0.00000
776,388,0,1.01980,2.15930,0.28920,0.03130,2560000,-1.00000,665312944498,0.00000
777,388,0,3.01520,0.00000,0.00000,0.02560,0,-1.00000,665312981649,0.00000
778,389,0,0.40620,2.12000,0.22490,0.02680,2560000,-1.00000,665312985764,0.00000
779,389,0,2.88280,0.00000,0.00000,0.01960,0,-1.00000,665313016737,0.00000
780,390,0,0.33720,2.18360,0.23930,0.02530,2560000,-1.00000,665313026909,0.00000
781,390,0,2.87420,0.00000,0.00000,0.01830,0,-1.00000,665313057067,0.00000
782,391,0,1.33960,2.51780,0.23840,0.02720,2560000,-1.00000,665313061111,0.00000
783,391,0,3.35869,0.00000,0.00000,0.02490,0,-1.00000,665313089946,0.00000
784,392,0,2.95291,2.15530,0.22690,0.03250,2560000,-1.00000,665313093309,0.00000
785,392,0,2.94290,0.00000,0.00000,0.02150,0,-1.00000,665313122061,0.00000
786,393,0,0.39750,2.19350,0.25700,0.02950,2560000,-1.00000,665313135452,0.00000
787,393,0,3.02710,0.00000,0.00000,0.01990,0,-1.00000,665313169046,0.00000
788,394,0,0.35500,2.15160,0.24010,0.02560,2560000,-1.00000,665313198575,0.00000
789,394,0,2.88600,0.00000,0.00000,0.02110,0,-1.00000,665313227999,0.00000
790,395,0,0.38410,2.21570,0.33980,0.03530,2560000,-1.00000,665313231996,0.00000
791,395,0,3.32341,0.00000,0.00000,0.02290,0,-1.00000,665313262252,0.00000
792,396,0,0.42100,2.32990,0.25250,0.03330,2560000,-1.00000,665313265791,0.00000
793,396,0,3.16150,0.00000,0.00000,0.02210,0,-1.00000,665313294654,0.00000
794,397,0,0.41240,2.27860,0.26130,0.02520,2560000,-1.00000,665313298495,0.00000
795,397,0,3.04020,0.00000,0.00000,0.01890,0,-1.00000,665313331767,0.00000
796,398,0,1.21720,2.12890,0.21550,0.03210,2560000,-1.00000,665313335940,0.00000
797,398,0,2.97340,0.00000,0.00000,0.02500,0,-1.00000,665313367561,0.00000
798,399,0,1.31091,2.20510,0.29340,0.03490,2560000,-1.00000,665313371676,0.00000
799,399,0,3.10879,0.00000,0.00000,0.02620,0,-1.00000,665313402084,0.00000
800,400,0,1.07930,2.22640,0.31420,0.02770,2560000,-1.00000,665313414251,0.00000
801,400,0,3.06380,0.00000,0.00000,0.02370,0,-1.00000,665313443993,0.00000
802,401,0,3.46780,2.16050,0.21720,0.03430,2560000,-1.00000,665313457089,0.00000
803,401,0,2.89439,0.00000,0.00000,0.01940,0,-1.00000,665313488208,0.00000
804,402,0,0.42280,2.21320,0.25290,0.02840,2560000,-1.00000,665313498976,0.00000
805,402,0,3.00560,0.00000,0.00000,0.02440,0,-1.00000,665313529627,0.00000
806,403,0,0.41770,2.14780,0.30630,0.03000,2560000,-1.00000,665313564292,0.00000
807,403,0,2.99280,0.00000,0.00000,0.02100,0,-1.00000,665313593238,0.00000
808,404,0,0.95960,2.25350,0.19980,0.03630,2560000,-1.00000,665313597465,0.00000
809,404,0,3.08790,0.00000,0.00000,0.02140,0,-1.00000,665313627541,0.00000
810,405,0,1.14660,2.15140,0.30780,0.02950,2560000,-1.00000,665313631692,0.00000
811,405,0,3.02460,0.00000,0.00000,0.02320,0,-1.00000,665313661641,0.00000
812,406,0,0.38630,2.17820,0.27270,0.02250,2560000,-1.00000,665313671229,0.00000
813,406,0,2.90069,0.00000,0.00000,0.02120,0,-1.00000,665313702117,0.00000
814,407,0,0.47251,2.28470,0.22780,0.03520,2560000,-1.00000,665313713560,0.00000
815,407,0,3.13270,0.00000,0.00000,0.02420,0,-1.00000,665313743815,0.00000
816,408,0,3.00320,2.31530,0.22750,0.02890,2560000,-1.00000,665313747669,0.00000
817,408,0,3.05020,0.00000,0.00000,0.02090,0,-1.00000,665313776684,0.00000
818,409,0,3.44460,2.62390,0.23670,0.02840,2560000,-1.00000,665313781405,0.00000
819,409,0,3.42200,0.00000,0.00000,0.02110,0,-1.00000,665313812742,0.00000
820,410,0,0.41059,2.18830,0.29890,0.04240,2560000,-1.00000,665313842765,0.00000
821,410,0,3.10760,0.00000,0.00000,0.02380,0,-1.00000,665313873270,0.00000
822,411,0,0.44410,2.22520,0.21050,0.03480,2560000,-1.00000,665313907717,0.00000
823,411,0,3.08340,0.00000,0.00000,0.02090,0,-1.00000,665313941936,0.00000
824,412,0,0.40650,2.10660,0.23590,0.02940,2560000,-1.00000,665313946034,0.00000
825,412,0,2.86650,0.00000,0.00000,0.02120,0,-1.00000,665313977141,0.00000
826,413,0,0.43501,2.22480,0.22710,0.02550,2560000,-1.00000,665313981557,0.00000
827,413,0,2.97840,0.00000,0.00000,0.02250,0,-1.00000,665314012399,0.00000
828,414,0,0.37610,2.27210,0.21440,0.02510,2560000,-1.00000,665314016459,0.00000
829,414,0,2.96020,0.00000,0.00000,0.02380,0,-1.00000,665314045120,0.00000
830,415,0,0.41500,2.14740,0.26530,0.03080,2560000,-1.00000,665314049470,0.00000
831,415,0,3.08630,0.00000,0.00000,0.02310,0,-1.00000,665314079249,0.00000
832,416,0,3.96049,2.39750,0.27570,0.02670,2560000,-1.00000,665314083013,0.00000
833,416,0,3.21680,0.00000,0.00000,0.02030,0,-1.00000,665314112634,0.00000
834,417,0,1.07780,2.12390,0.20510,0.02820,2560000,-1.00000,665314116764,0.00000
835,417,0,3.01140,0.00000,0.00000,0.02370,0,-1.00000,665314147642,0.00000
836,418,0,1.29990,2.11600,0.23420,0.02680,2560000,-1.00000,665314187236,0.00000
837,418,0,2.91330,0.00000,0.00000,0.02390,0,-1.00000,665314219406,0.00000
838,419,0,1.31290,2.13850,0.22450,0.03580,2560000,-1.00000,665314230184,0.00000
839,419,0,3.01460,0.00000,0.00000,0.02480,0,-1.00000,665314260302,0.00000
840,420,0,1.32070,2.18460,0.20870,0.04170,2560000,-1.00000,665314273294,0.00000
841,420,0,3.06220,0.00000,0.00000,0.02140,0,-1.00000,665314302425,0.00000
842,421,0,3.39709,2.08780,0.24950,0.03120,2560000,-1.00000,665314315555,0.00000
843,421,0,4.00021,0.00000,0.00000,0.02270,0,-1.00000,665314345722,0.00000
844,422,0,0.63320,2.27420,0.23730,0.02480,2560000,-1.00000,665314358919,0.00000
845,422,0,3.24500,0.00000,0.00000,0.02460,0,-1.00000,665314389546,0.00000
846,423,0,0.51310,2.16850,0.30020,0.02430,2560000,-1.00000,665314423566,0.00000
847,423,0,3.17740,0.00000,0.00000,0.02300,0,-1.00000,665314463536,0.00000
848,424,0,0.51850,2.09430,0.24940,0.02630,2560000,-1.00000,665314469894,0.00000
849,424,0,3.09980,0.00000,0.00000,0.02760,0,-1.00000,665314502295,0.00000
850,425,0,0.48270,2.16480,0.24650,0.02690,2560000,-1.00000,665314507420,0.00000
851,425,0,3.30850,0.00000,0.00000,0.02110,0,-1.00000,665314539185,0.00000
852,426,0,0.47810,2.14810,0.21700,0.03310,2560000,-1.00000,665314544372,0.00000
853,426,0,3.14020,0.00000,0.00000,0.02210,0,-1.00000,665314575395,0.00000
854,427,0,0.48950,2.12700,0.22860,0.02930,2560000,-1.00000,665314580189,0.00000
855,427,0,3.02840,0.00000,0.00000,0.02540,0,-1.00000,665314613293,0.00000
856,428,0,0.51790,2.23630,0.24560,0.02610,2560000,-1.00000,665314618065,0.00000
857,428,0,3.19940,0.00000,0.00000,0.02100,0,-1.00000,665314649494,0.00000
858,429,0,0.53630,2.10410,0.22080,0.02670,2560000,-1.00000,665314654360,0.00000
859,429,0,3.02450,0.00000,0.00000,0.02030,0,-1.00000,665314684653,0.00000
860,430,0,0.90630,2.14260,0.21720,0.02620,2560000,-1.00000,665314689822,0.00000
861,430,0,3.03710,0.00000,0.00000,0.02030,0,-1.00000,665314721823,0.00000
862,431,0,1.23540,2.12900,0.31130,0.02590,2560000,-1.00000,665314727179,0.00000
863,431,0,3.10280,0.00000,0.00000,0.02330,0,-1.00000,665314757442,0.00000
864,432,0,3.18800,2.10690,0.23080,0.03110,2560000,-1.00000,665314766497,0.00000
865,432,0,3.02940,0.00000,0.00000,0.02080,0,-1.00000,665314796866,0.00000
866,433,0,1.42990,2.13320,0.24540,0.03010,2560000,-1.00000,665314809209,0.00000
867,433,0,3.07570,0.00000,0.00000,0.02390,0,-1.00000,665314840251,0.00000
868,434,0,1.20010,2.10140,0.21880,0.02690,2560000,-1.00000,665314872121,0.00000
869,434,0,2.95620,0.00000,0.00000,0.02010,0,-1.00000,665314902431,0.00000
870,435,0,1.33220,2.12800,0.21330,0.03940,2560000,-1.00000,665314916716,0.00000
871,435,0,3.15980,0.00000,0.00000,0.02240,0,-1.00000,665314947493,0.00000
872,436,0,1.13080,2.11860,0.21930,0.03260,2560000,-1.00000,665314959481,0.00000
873,436,0,3.16540,0.00000,0.00000,0.02470,0,-1.00000,665314989037,0.00000
874,437,0,1.12410,2.09500,0.26420,0.02560,2560000,-1.00000,665315002369,0.00000
875,437,0,3.06320,0.00000,0.00000,0.01810,0,-1.00000,665315033976,0.00000
876,438,0,1.22300,2.11050,0.24160,0.02780,2560000,-1.00000,665315045434,0.00000
877,438,0,3.07340,0.00000,0.00000,0.02470,0,-1.00000,665315076931,0.00000
878,439,0,1.09860,2.16140,0.36750,0.02660,2560000,-1.00000,665315088166,0.00000
879,439,0,3.26560,0.00000,0.00000,0.02290,0,-1.00000,665315118795,0.00000
880,440,0,0.55300,2.14220,0.31560,0.02670,2560000,-1.00000,665315131029,0.00000
881,440,0,3.21130,0.00000,0.00000,0.01830,0,-1.00000,665315161770,0.00000
882,441,0,0.51190,2.08940,0.22380,0.02630,2560000,-1.00000,665315172744,0.00000
883,441,0,3.00750,0.00000,0.00000,0.01900,0,-1.00000,665315205408,0.00000
884,442,0,0.45700,2.13890,0.28690,0.03600,2560000,-1.00000,665315210924,0.00000
885,442,0,3.19230,0.00000,0.00000,0.02360,0,-1.00000,665315243041,0.00000
886,443,0,0.91920,2.23800,0.22280,0.03520,2560000,-1.00000,665315248156,0.00000
887,443,0,3.26870,0.00000,0.00000,0.02080,0,-1.00000,665315278239,0.00000
888,444,0,0.99290,2.18510,0.23480,0.02660,2560000,-1.00000,665315282797,0.00000
889,444,0,3.11060,0.00000,0.00000,0.01960,0,-1.00000,665315314756,0.00000
890,445,0,1.22800,2.13770,0.31700,0.04400,2560000,-1.00000,665315323929,0.00000
891,445,0,3.32241,0.00000,0.00000,0.02390,0,-1.00000,665315356618,0.00000
892,446,0,0.52990,2.21310,0.33870,0.03310,2560000,-1.00000,665315366539,0.00000
893,446,0,3.23600,0.00000,0.00000,0.01990,0,-1.00000,665315397650,0.00000
894,447,0,1.45400,2.49670,0.23340,0.02870,2560000,-1.00000,665315409928,0.00000
895,447,0,3.40550,0.00000,0.00000,0.02120,0,-1.00000,665315443171,0.00000
896,448,0,0.45540,2.12600,0.33430,0.02820,2560000,-1.00000,665315448453,0.00000
897,448,0,3.12550,0.00000,0.00000,0.01780,0,-1.00000,665315480815,0.00000
898,449,0,0.50590,2.21910,0.24630,0.02850,2560000,-1.00000,665315495345,0.00000
899,449,0,3.15420,0.00000,0.00000,0.02300,0,-1.00000,665315529400,0.00000
900,450,0,0.48290,2.17340,0.30460,0.02410,2560000,-1.00000,665315533949,0.00000
901,450,0,3.12490,0.00000,0.00000,0.01720,0,-1.00000,665315565212,0.00000
902,451,0,0.71660,2.08900,0.28790,0.03160,2560000,-1.00000,665315570266,0.00000
903,451,0,3.15870,0.00000,0.00000,0.02160,0,-1.00000,665315601814,0.00000
904,452,0,3.33950,2.18690,0.33680,0.03320,2560000,-1.00000,665315606639,0.00000
905,452,0,3.25170,0.00000,0.00000,0.02010,0,-1.00000,665315637894,0.00000
906,453,0,3.15200,2.12950,0.21080,0.03250,2560000,-1.00000,665315645051,0.00000
907,453,0,3.01030,0.00000,0.00000,0.02090,0,-1.00000,665315676653,0.00000
908,454,0,0.50410,2.16610,0.27270,0.02690,2560000,-1.00000,665315710050,0.00000
909,454,0,3.33401,0.00000,0.00000,0.02300,0,-1.00000,665315742565,0.00000
910,455,0,0.58150,2.77750,0.23180,0.04760,2560000,-1.00000,665315774072,0.00000
911,455,0,3.89510,0.00000,0.00000,0.02490,0,-1.00000,665315804182,0.00000
912,456,0,0.55990,2.13140,0.21740,0.03000,2560000,-1.00000,665315809219,0.00000
913,456,0,3.01541,0.00000,0.00000,0.02090,0,-1.00000,665315842574,0.00000
914,457,0,0.53290,2.13680,0.33470,0.03000,2560000,-1.00000,665315848375,0.00000
915,457,0,3.18710,0.00000,0.00000,0.02090,0,-1.00000,665315887356,0.00000
916,458,0,0.58580,2.09930,0.23310,0.04220,2560000,-1.00000,665315892918,0.00000
917,458,0,3.20620,0.00000,0.00000,0.02460,0,-1.00000,665315923073,0.00000
918,459,0,1.13560,2.06950,0.21440,0.03370,2560000,-1.00000,665315928406,0.00000
919,459,0,3.01670,0.00000,0.00000,0.02070,0,-1.00000,665315960289,0.00000
920,460,0,2.31510,2.24110,0.24950,0.03690,2560000,-1.00000,665315966131,0.00000
921,460,0,3.35240,0.00000,0.00000,0.02510,0,-1.00000,665315998229,0.00000
922,461,0,0.53890,2.12930,0.31230,0.03150,2560000,-1.00000,665316009552,0.00000
923,461,0,3.20470,0.00000,0.00000,0.02340,0,-1.00000,665316039727,0.00000
924,462,0,0.48780,2.17070,0.22710,0.03610,2560000,-1.00000,665316062877,0.00000
925,462,0,3.18280,0.00000,0.00000,0.02200,0,-1.00000,665316096456,0.00000
926,463,0,1.04870,2.19690,0.23040,0.02680,2560000,-1.00000,665316101780,0.00000
927,463,0,3.08240,0.00000,0.00000,0.01930,0,-1.00000,665316133848,0.00000
928,464,0,0.47520,2.11880,0.22730,0.02990,2560000,-1.00000,665316138710,0.00000
929,464,0,2.98310,0.00000,0.00000,0.02420,0,-1.00000,665316170561,0.00000
930,465,0,0.49080,2.03800,0.23690,0.02490,2560000,-1.00000,665316181024,0.00000
931,465,0,2.96040,0.00000,0.00000,0.01960,0,-1.00000,665316211858,0.00000
932,466,0,0.62240,2.06170,0.27990,0.03430,2560000,-1.00000,665316216602,0.00000
933,466,0,3.08660,0.00000,0.00000,0.02350,0,-1.00000,665316246444,0.00000
934,467,0,1.19259,2.05880,0.23060,0.05810,2560000,-1.00000,665316251339,0.00000
935,467,0,3.17971,0.00000,0.00000,0.02110,0,-1.00000,665316280948,0.00000
936,468,0,1.14870,2.17860,0.32570,0.03310,2560000,-1.00000,665316287159,0.00000
937,468,0,3.29750,0.00000,0.00000,0.02150,0,-1.00000,665316318046,0.00000
938,469,0,0.99131,2.07650,0.31200,0.03150,2560000,-1.00000,665316329957,0.00000
939,469,0,3.07800,0.00000,0.00000,0.02350,0,-1.00000,665316361784,0.00000
940,470,0,1.19060,2.12860,0.29840,0.03370,2560000,-1.00000,665316373252,0.00000
941,470,0,3.23410,0.00000,0.00000,0.01960,0,-1.00000,665316406236,0.00000
942,471,0,3.18470,2.09160,0.20730,0.03420,2560000,-1.00000,665316416134,0.00000
943,471,0,3.01290,0.00000,0.00000,0.02040,0,-1.00000,665316446918,0.00000
944,472,0,0.46940,2.19790,0.32310,0.03010,2560000,-1.00000,665316458823,0.00000
945,472,0,3.21550,0.00000,0.00000,0.02010,0,-1.00000,665316491165,0.00000
946,473,0,0.47200,2.15740,0.27820,0.04830,2560000,-1.00000,665316523015,0.00000
947,473,0,3.28220,0.00000,0.00000,0.02680,0,-1.00000,665316553143,0.00000
948,474,0,0.62740,2.24690,0.27440,0.04460,2560000,-1.00000,665316557820,0.00000
949,474,0,3.38469,0.00000,0.00000,0.02510,0,-1.00000,665316589992,0.00000
950,475,0,0.58730,2.14510,0.23360,0.02950,2560000,-1.00000,665316594704,0.00000
951,475,0,3.08970,0.00000,0.00000,0.02050,0,-1.00000,665316627557,0.00000
952,476,0,1.11280,2.12220,0.23860,0.02660,2560000,-1.00000,665316633809,0.00000
953,476,0,3.05430,0.00000,0.00000,0.02140,0,-1.00000,665316667667,0.00000
954,477,0,1.21720,2.31550,0.22390,0.03740,2560000,-1.00000,665316673509,0.00000
955,477,0,3.32790,0.00000,0.00000,0.02060,0,-1.00000,665316704429,0.00000
956,478,0,0.89680,2.08560,0.24540,0.03270,2560000,-1.00000,665316715549,0.00000
957,478,0,3.02170,0.00000,0.00000,0.02020,0,-1.00000,665316746091,0.00000
958,479,0,3.39560,2.10930,0.22500,0.03730,2560000,-1.00000,665316758265,0.00000
959,479,0,3.00190,0.00000,0.00000,0.02230,0,-1.00000,665316791553,0.00000
960,480,0,0.50910,2.10800,0.22620,0.02450,2560000,-1.00000,665316800510,0.00000
961,480,0,3.04940,0.00000,0.00000,0.02270,0,-1.00000,665316830735,0.00000
962,481,0,0.46620,2.21990,0.29700,0.02660,2560000,-1.00000,665316864679,0.00000
963,481,0,3.16190,0.00000,0.00000,0.02110,0,-1.00000,665316894712,0.00000
964,482,0,0.52560,2.32510,0.27950,0.03490,2560000,-1.00000,665316899782,0.00000
965,482,0,3.40280,0.00000,0.00000,0.02420,0,-1.00000,665316930297,0.00000
966,483,0,0.80010,2.11300,0.29860,0.02890,2560000,-1.00000,665316934938,0.00000
967,483,0,3.07800,0.00000,0.00000,0.02010,0,-1.00000,665316966565,0.00000
968,484,0,1.09920,2.15170,0.21050,0.03520,2560000,-1.00000,665316971819,0.00000
969,484,0,3.07150,0.00000,0.00000,0.02230,0,-1.00000,665317005876,0.00000
970,485,0,0.49920,2.10370,0.22860,0.03350,2560000,-1.00000,665317013858,0.00000
971,485,0,3.04180,0.00000,0.00000,0.02160,0,-1.00000,665317044637,0.00000
972,486,0,0.44750,2.74820,0.21360,0.02940,2560000,-1.00000,665317055625,0.00000
973,486,0,3.59550,0.00000,0.00000,0.02180,0,-1.00000,665317086435,0.00000
974,487,0,0.45380,2.12500,0.28730,0.02600,2560000,-1.00000,665317091328,0.00000
975,487,0,3.04380,0.00000,0.00000,0.02020,0,-1.00000,665317121765,0.00000
976,488,0,0.98110,2.10200,0.30250,0.02560,2560000,-1.00000,665317126222,0.00000
977,488,0,3.02020,0.00000,0.00000,0.01950,0,-1.00000,665317162191,0.00000
978,489,0,2.29089,2.14790,0.31250,0.03130,2560000,-1.00000,665317166712,0.00000
979,489,0,3.13100,0.00000,0.00000,0.01950,0,-1.00000,665317197149,0.00000
980,490,0,0.45010,2.11060,0.23420,0.04270,2560000,-1.00000,665317206971,0.00000
981,490,0,3.02110,0.00000,0.00000,0.02110,0,-1.00000,665317237172,0.00000
982,491,0,0.92050,2.11300,0.24600,0.02960,2560000,-1.00000,665317260074,0.00000
983,491,0,2.99439,0.00000,0.00000,0.01960,0,-1.00000,665317291390,0.00000
984,492,0,3.35561,2.21570,0.22600,0.03390,2560000,-1.00000,665317295881,0.00000
985,492,0,3.13580,0.00000,0.00000,0.02310,0,-1.00000,665317326107,0.00000
986,493,0,1.18420,2.71830,0.22270,0.03160,2560000,-1.00000,665317335303,0.00000
987,493,0,3.68960,0.00000,0.00000,0.02140,0,-1.00000,665317365252,0.00000
988,494,0,0.50300,2.08550,0.23070,0.02490,2560000,-1.00000,665317398807,0.00000
989,494,0,2.94610,0.00000,0.00000,0.02000,0,-1.00000,665317430182,0.00000
990,495,0,1.39940,2.11110,0.22810,0.03220,2560000,-1.00000,665317442002,0.00000
991,495,0,3.13760,0.00000,0.00000,0.02790,0,-1.00000,665317478915,0.00000
992,496,0,1.14930,2.52590,0.27040,0.06070,2560000,-1.00000,665317483920,0.00000
993,496,0,3.68250,0.00000,0.00000,0.02630,0,-1.00000,665317513388,0.00000
994,497,0,0.60069,2.23570,0.22140,0.04780,2560000,-1.00000,665317527384,0.00000
995,497,0,3.35580,0.00000,0.00000,0.02110,0,-1.00000,665317558780,0.00000
996,498,0,0.92080,2.15220,0.24460,0.03880,2560000,-1.00000,665317570259,0.00000
997,498,0,3.11930,0.00000,0.00000,0.02500,0,-1.00000,665317607119,0.00000
998,499,0,1.30430,2.11460,0.24020,0.04490,2560000,-1.00000,665317613082,0.00000
999,499,0,3.21149,0.00000,0.00000,0.02770,0,-1.00000,665317646667,0.00000
1000,500,0,0.87341,2.17650,0.26690,0.04700,2560000,-1.00000,665317655859,0.00000
1001,500,0,3.31710,0.00000,0.00000,0.02510,0,-1.00000,665317687071,0.00000
1002,501,0,1.09480,2.44990,0.20890,0.03310,2560000,-1.00000,665317700092,0.00000
1003,501,0,3.30270,0.00000,0.00000,0.02210,0,-1.00000,665317732239,0.00000
1004,502,0,3.75200,2.37140,0.22810,0.03150,2560000,-1.00000,665317740951,0.00000
1005,502,0,3.16960,0.00000,0.00000,0.02110,0,-1.00000,665317774132,0.00000
1006,503,0,0.48740,2.19420,0.23320,0.03180,2560000,-1.00000,665317785068,0.00000
1007,503,0,3.02720,0.00000,0.00000,0.02110,0,-1.00000,665317818083,0.00000
1008,504,0,1.11890,2.10430,0.31050,0.02640,2560000,-1.00000,665317855598,0.00000
1009,504,0,3.04780,0.00000,0.00000,0.02040,0,-1.00000,665317887301,0.00000
1010,505,0,1.19300,2.10910,0.33080,0.03600,2560000,-1.00000,665317892162,0.00000
1011,505,0,3.18160,0.00000,0.00000,0.02200,0,-1.00000,665317922443,0.00000
1012,506,0,3.26090,2.92800,0.26410,0.03650,2560000,-1.00000,665317933633,0.00000
1013,506,0,3.89880,0.00000,0.00000,0.02190,0,-1.00000,665317964131,0.00000
1014,507,0,0.50640,2.16490,0.31920,0.02860,2560000,-1.00000,665317976044,0.00000
1015,507,0,3.18740,0.00000,0.00000,0.02270,0,-1.00000,665318007866,0.00000
1016,508,0,0.95030,2.40310,0.25380,0.03160,2560000,-1.00000,665318040466,0.00000
1017,508,0,3.33700,0.00000,0.00000,0.01890,0,-1.00000,665318079462,0.00000
1018,509,0,0.92870,2.19630,0.21340,0.03700,2560000,-1.00000,665318084529,0.00000
1019,509,0,3.16910,0.00000,0.00000,0.02510,0,-1.00000,665318116461,0.00000
1020,510,0,0.97100,2.21730,0.23500,0.02790,2560000,-1.00000,665318125900,0.00000
1021,510,0,3.04220,0.00000,0.00000,0.02240,0,-1.00000,665318159269,0.00000
1022,511,0,1.32400,2.14510,0.25150,0.02830,2560000,-1.00000,665318168565,0.00000
1023,511,0,3.07389,0.00000,0.00000,0.01980,0,-1.00000,665318200244,0.00000
1024,512,0,1.35210,2.18340,0.26670,0.03710,2560000,-1.00000,665318209956,0.00000
1025,512,0,3.17660,0.00000,0.00000,0.02850,0,-1.00000,665318240377,0.00000
1026,513,0,1.02569,2.15270,0.21860,0.03380,2560000,-1.00000,665318253618,0.00000
1027,513,0,3.08720,0.00000,0.00000,0.02670,0,-1.00000,665318284359,0.00000
1028,514,0,1.09570,2.14570,0.24010,0.03000,2560000,-1.00000,665318297874,0.00000
1029,514,0,3.10640,0.00000,0.00000,0.02240,0,-1.00000,665318329664,0.00000
1030,515,0,1.21230,2.68810,0.20520,0.03000,2560000,-1.00000,665318339957,0.00000
1031,515,0,3.52770,0.00000,0.00000,0.02390,0,-1.00000,665318370806,0.00000
1032,516,0,0.67570,2.20530,0.20650,0.02620,2560000,-1.00000,665318381724,0.00000
1033,516,0,3.01150,0.00000,0.00000,0.01890,0,-1.00000,665318412805,0.00000
1034,517,0,1.25850,2.18120,0.24740,0.02780,2560000,-1.00000,665318424914,0.00000
1035,517,0,3.10260,0.00000,0.00000,0.02040,0,-1.00000,665318460205,0.00000
1036,518,0,1.22470,2.14250,0.20420,0.02860,2560000,-1.00000,665318466942,0.00000
1037,518,0,2.94280,0.00000,0.00000,0.02540,0,-1.00000,665318497069,0.00000
1038,519,0,3.46900,2.29370,0.24690,0.04470,2560000,-1.00000,665318509671,0.00000
1039,519,0,3.26420,0.00000,0.00000,0.02630,0,-1.00000,665318540674,0.00000
1040,520,0,0.54480,2.17930,0.24450,0.02760,2560000,-1.00000,665318552924,0.00000
1041,520,0,3.05980,0.00000,0.00000,0.02130,0,-1.00000,665318582354,0.00000
1042,521,0,0.54500,2.21600,0.23450,0.03790,2560000,-1.00000,665318617039,0.00000
1043,521,0,3.17400,0.00000,0.00000,0.02170,0,-1.00000,665318649704,0.00000
1044,522,0,0.46190,2.13340,0.23340,0.02850,2560000,-1.00000,665318655125,0.00000
1045,522,0,2.98450,0.00000,0.00000,0.02260,0,-1.00000,665318685714,0.00000
1046,523,0,0.77100,2.12410,0.25120,0.02770,2560000,-1.00000,665318691165,0.00000
1047,523,0,2.93870,0.00000,0.00000,0.01920,0,-1.00000,665318722925,0.00000
1048,524,0,0.42760,2.23160,0.21670,0.02860,2560000,-1.00000,665318727522,0.00000
1049,524,0,3.05471,0.00000,0.00000,0.02710,0,-1.00000,665318757394,0.00000
1050,525,0,0.44470,2.15810,0.20960,0.02690,2560000,-1.00000,665318765106,0.00000
1051,525,0,2.90460,0.00000,0.00000,0.02050,0,-1.00000,665318794482,0.00000
1052,526,0,3.31520,2.13430,0.20280,0.03230,2560000,-1.00000,665318798744,0.00000
1053,526,0,2.91010,0.00000,0.00000,0.02400,0,-1.00000,665318829309,0.00000
1054,527,0,1.24630,2.46330,0.21330,0.03460,2560000,-1.00000,665318833745,0.00000
1055,527,0,3.44420,0.00000,0.00000,0.02380,0,-1.00000,665318862793,0.00000
1056,528,0,0.89471,2.37880,0.24950,0.04580,2560000,-1.00000,665318895947,0.00000
1057,528,0,3.37129,0.00000,0.00000,0.02650,0,-1.00000,665318925046,0.00000
1058,529,0,0.86531,2.18520,0.31910,0.03460,2560000,-1.00000,665318937511,0.00000
1059,529,0,3.17650,0.00000,0.00000,0.02450,0,-1.00000,665318971963,0.00000
1060,530,0,1.05810,2.20990,0.22260,0.02890,2560000,-1.00000,665318980906,0.00000
1061,530,0,2.97600,0.00000,0.00000,0.02040,0,-1.00000,665319014647,0.00000
1062,531,0,1.29970,2.17980,0.32300,0.02850,2560000,-1.00000,665319023267,0.00000
1063,531,0,3.14110,0.00000,0.00000,0.02500,0,-1.00000,665319055046,0.00000
1064,532,0,1.12910,2.18010,0.22560,0.03130,2560000,-1.00000,665319065614,0.00000
1065,532,0,3.09080,0.00000,0.00000,0.02110,0,-1.00000,665319095372,0.00000
1066,533,0,1.08120,2.18690,0.32290,0.02680,2560000,-1.00000,665319108367,0.00000
1067,533,0,3.14330,0.00000,0.00000,0.01910,0,-1.00000,665319139788,0.00000
1068,534,0,0.43360,2.18300,0.31290,0.02950,2560000,-1.00000,665319151074,0.00000
1069,534,0,3.06590,0.00000,0.00000,0.02130,0,-1.00000,665319181980,0.00000
1070,535,0,0.48450,2.36910,0.22690,0.02190,2560000,-1.00000,665319192786,0.00000
1071,535,0,3.20760,0.00000,0.00000,0.02130,0,-1.00000,665319224227,0.00000
1072,536,0,0.40870,2.83410,0.23730,0.03740,2560000,-1.00000,665319228556,0.00000
1073,536,0,3.73240,0.00000,0.00000,0.02380,0,-1.00000,665319259224,0.00000
1074,537,0,0.55970,2.19920,0.22630,0.02540,2560000,-1.00000,665319264059,0.00000
1075,537,0,2.97200,0.00000,0.00000,0.02140,0,-1.00000,665319296140,0.00000
1076,538,0,0.38020,2.29900,0.23920,0.02460,2560000,-1.00000,665319300219,0.00000
1077,538,0,3.11630,0.00000,0.00000,0.02310,0,-1.00000,665319337550,0.00000
1078,539,0,0.43810,2.21090,0.20790,0.02780,2560000,-1.00000,665319343143,0.00000
1079,539,0,3.05950,0.00000,0.00000,0.02260,0,-1.00000,665319372868,0.00000
1080,540,0,0.76770,2.19460,0.35140,0.03130,2560000,-1.00000,665319376657,0.00000
1081,540,0,3.13420,0.00000,0.00000,0.02110,0,-1.00000,665319407839,0.00000
1082,541,0,1.30180,2.13520,0.23270,0.03000,2560000,-1.00000,665319412208,0.00000
1083,541,0,2.96600,0.00000,0.00000,0.02010,0,-1.00000,665319442813,0.00000
1084,542,0,1.11631,2.80960,0.24700,0.02940,2560000,-1.00000,665319450477,0.00000
1085,542,0,3.69240,0.00000,0.00000,0.01840,0,-1.00000,665319481824,0.00000
1086,543,0,0.56450,2.24390,0.24440,0.02920,2560000,-1.00000,665319494845,0.00000
1087,543,0,3.15430,0.00000,0.00000,0.01920,0,-1.00000,665319524503,0.00000
1088,544,0,4.28850,2.22280,0.25980,0.03900,2560000,-1.00000,665319535672,0.00000
1089,544,0,3.16010,0.00000,0.00000,0.02010,0,-1.00000,665319572600,0.00000
1090,545,0,0.47010,2.27180,0.28260,0.02280,2560000,-1.00000,665319578239,0.00000
1091,545,0,3.16980,0.00000,0.00000,0.02320,0,-1.00000,665319609794,0.00000
1092,546,0,0.82290,2.26050,0.26430,0.02570,2560000,-1.00000,665319652669,0.00000
1093,546,0,3.09240,0.00000,0.00000,0.01780,0,-1.00000,665319684281,0.00000
1094,547,0,1.13600,2.25440,0.23160,0.02970,2560000,-1.00000,665319688968,0.00000
1095,547,0,3.08840,0.00000,0.00000,0.01870,0,-1.00000,665319720667,0.00000
1096,548,0,1.27250,2.39140,0.22470,0.02750,2560000,-1.00000,665319728892,0.00000
1097,548,0,3.18550,0.00000,0.00000,0.02110,0,-1.00000,665319759827,0.00000
1098,549,0,1.05480,2.43720,0.23250,0.02600,2560000,-1.00000,665319771175,0.00000
1099,549,0,3.20260,0.00000,0.00000,0.02430,0,-1.00000,665319802071,0.00000
1100,550,0,1.07810,2.22930,0.36150,0.03130,2560000,-1.00000,665319814786,0.00000
1101,550,0,3.22720,0.00000,0.00000,0.02470,0,-1.00000,665319846646,0.00000
1102,551,0,2.03160,2.30990,0.25670,0.03660,2560000,-1.00000,665319857200,0.00000
1103,551,0,3.33130,0.00000,0.00000,0.02470,0,-1.00000,665319889223,0.00000
1104,552,0,0.47050,2.31580,0.22450,0.02520,2560000,-1.00000,665319899998,0.00000
1105,552,0,3.15270,0.00000,0.00000,0.02310,0,-1.00000,665319932277,0.00000
1106,553,0,0.58630,2.41940,0.21010,0.02910,2560000,-1.00000,665319952590,0.00000
1107,553,0,3.18240,0.00000,0.00000,0.02050,0,-1.00000,665319985941,0.00000
1108,554,0,1.11860,2.84770,0.23600,0.02920,2560000,-1.00000,665319990606,0.00000
1109,554,0,3.69450,0.00000,0.00000,0.02160,0,-1.00000,665320022134,0.00000
1110,555,0,0.61090,2.44010,0.25970,0.02740,2560000,-1.00000,665320027987,0.00000
1111,555,0,3.26030,0.00000,0.00000,0.01830,0,-1.00000,665320059818,0.00000
1112,556,0,3.19320,2.18780,0.23130,0.03180,2560000,-1.00000,665320071003,0.00000
1113,556,0,3.05090,0.00000,0.00000,0.02500,0,-1.00000,665320107946,0.00000
1114,557,0,1.19770,2.32170,0.20300,0.04100,2560000,-1.00000,665320114053,0.00000
1115,557,0,3.18670,0.00000,0.00000,0.02270,0,-1.00000,665320146658,0.00000
1116,558,0,0.40830,2.36240,0.23900,0.02890,2560000,-1.00000,665320178587,0.00000
1117,558,0,3.13600,0.00000,0.00000,0.02110,0,-1.00000,665320209113,0.00000
1118,559,0,0.37310,2.23730,0.30880,0.02640,2560000,-1.00000,665320221071,0.00000
1119,559,0,3.15100,0.00000,0.00000,0.02130,0,-1.00000,665320252957,0.00000
1120,560,0,0.45651,2.21080,0.20950,0.03770,2560000,-1.00000,665320257013,0.00000
1121,560,0,3.11239,0.00000,0.00000,0.02310,0,-1.00000,665320288390,0.00000
1122,561,0,3.37701,2.18750,0.22390,0.03080,2560000,-1.00000,665320292110,0.00000
1123,561,0,2.98690,0.00000,0.00000,0.01940,0,-1.00000,665320323634,0.00000
1124,562,0,0.36710,2.28590,0.23830,0.02790,2560000,-1.00000,665320328186,0.00000
1125,562,0,3.13960,0.00000,0.00000,0.02180,0,-1.00000,665320359340,0.00000
1126,563,0,0.37849,2.21660,0.30060,0.02520,2560000,-1.00000,665320393092,0.00000
1127,563,0,3.06940,0.00000,0.00000,0.02120,0,-1.00000,665320422954,0.00000
1128,564,0,2.96340,2.46260,0.22820,0.03460,2560000,-1.00000,665320426619,0.00000
1129,564,0,3.28520,0.00000,0.00000,0.02610,0,-1.00000,665320458025,0.00000
1130,565,0,3.09660,2.20370,0.23010,0.02800,2560000,-1.00000,665320461801,0.00000
1131,565,0,2.98670,0.00000,0.00000,0.02380,0,-1.00000,665320492506,0.00000
1132,566,0,0.38310,2.30200,0.26280,0.04080,2560000,-1.00000,665320522141,0.00000
1133,566,0,3.25750,0.00000,0.00000,0.02880,0,-1.00000,665320554993,0.00000
1134,567,0,0.46880,2.28890,0.21720,0.02700,2560000,-1.00000,665320585953,0.00000
1135,567,0,3.12800,0.00000,0.00000,0.02630,0,-1.00000,665320615823,0.00000
1136,568,0,0.56670,2.24630,0.31770,0.02420,2560000,-1.00000,665320619649,0.00000
1137,568,0,3.11100,0.00000,0.00000,0.02640,0,-1.00000,665320652258,0.00000
1138,569,0,1.12800,2.31240,0.22270,0.02860,2560000,-1.00000,665320656912,0.00000
1139,569,0,3.15400,0.00000,0.00000,0.02330,0,-1.00000,665320688283,0.00000
1140,570,0,1.18650,2.40020,0.28640,0.03140,2560000,-1.00000,665320693869,0.00000
1141,570,0,3.28649,0.00000,0.00000,0.01950,0,-1.00000,665320724970,0.00000
1142,571,0,0.95340,2.22090,0.24040,0.03000,2560000,-1.00000,665320736282,0.00000
1143,571,0,3.08760,0.00000,0.00000,0.02060,0,-1.00000,665320767801,0.00000
1144,572,0,1.17120,2.25350,0.27530,0.03050,2560000,-1.00000,665320779656,0.00000
1145,572,0,3.14610,0.00000,0.00000,0.01990,0,-1.00000,665320812525,0.00000
1146,573,0,1.17569,2.21950,0.20990,0.02580,2560000,-1.00000,665320822056,0.00000
1147,573,0,3.03690,0.00000,0.00000,0.01690,0,-1.00000,665320852941,0.00000
1148,574,0,3.41720,2.48260,0.24880,0.04840,2560000,-1.00000,665320864642,0.00000
1149,574,0,3.46590,0.00000,0.00000,0.02680,0,-1.00000,665320896115,0.00000
1150,575,0,0.46990,2.39220,0.26320,0.04250,2560000,-1.00000,665320907856,0.00000
1151,575,0,3.48440,0.00000,0.00000,0.03990,0,-1.00000,665320938231,0.00000
1152,576,0,0.61710,2.19560,0.26480,0.06640,2560000,-1.00000,665320972397,0.00000
1153,576,0,3.38800,0.00000,0.00000,0.02890,0,-1.00000,665321007091,0.00000
1154,577,0,0.49170,2.32590,0.30360,0.05830,2560000,-1.00000,665321011756,0.00000
1155,577,0,3.49520,0.00000,0.00000,0.02730,0,-1.00000,665321046644,0.00000
1156,578,0,0.50150,2.42480,0.20740,0.03630,2560000,-1.00000,665321052776,0.00000
1157,578,0,3.26711,0.00000,0.00000,0.02530,0,-1.00000,665321086704,0.00000
1158,579,0,0.43310,2.26490,0.23420,0.03070,2560000,-1.00000,665321091579,0.00000
1159,579,0,3.09840,0.00000,0.00000,0.02370,0,-1.00000,665321126560,0.00000
1160,580,0,0.90050,2.32120,0.23790,0.02620,2560000,-1.00000,665321131534,0.00000
1161,580,0,3.18380,0.00000,0.00000,0.01970,0,-1.00000,665321164234,0.00000
1162,581,0,1.10050,2.63690,0.21400,0.02540,2560000,-1.00000,665321168533,0.00000
1163,581,0,3.44280,0.00000,0.00000,0.02020,0,-1.00000,665321199539,0.00000
1164,582,0,1.84140,2.61720,0.22150,0.04960,2560000,-1.00000,665321208533,0.00000
1165,582,0,3.69670,0.00000,0.00000,0.02310,0,-1.00000,665321240380,0.00000
1166,583,0,0.53241,2.45390,0.23900,0.03800,2560000,-1.00000,665321251380,0.00000
1167,583,0,3.38800,0.00000,0.00000,0.02540,0,-1.00000,665321285808,0.00000
1168,584,0,0.43320,2.35110,0.20820,0.03330,2560000,-1.00000,665321304245,0.00000
1169,584,0,3.29370,0.00000,0.00000,0.02270,0,-1.00000,665321341213,0.00000
1170,585,0,0.50371,3.01520,0.20130,0.02860,2560000,-1.00000,665321346507,0.00000
1171,585,0,3.79150,0.00000,0.00000,0.02050,0,-1.00000,665321380412,0.00000
1172,586,0,0.57020,2.54650,0.22030,0.03080,2560000,-1.00000,665321384716,0.00000
1173,586,0,3.37220,0.00000,0.00000,0.02050,0,-1.00000,665321417676,0.00000
1174,587,0,0.81610,2.36020,0.29090,0.02860,2560000,-1.00000,665321422688,0.00000
1175,587,0,3.21939,0.00000,0.00000,0.02170,0,-1.00000,665321460607,0.00000
1176,588,0,0.37720,2.39580,0.24080,0.02760,2560000,-1.00000,665321466311,0.00000
1177,588,0,3.15790,0.00000,0.00000,0.02060,0,-1.00000,665321500046,0.00000
1178,589,0,0.39960,2.37810,0.21010,0.02500,2560000,-1.00000,665321508193,0.00000
1179,589,0,3.14310,0.00000,0.00000,0.01820,0,-1.00000,665321540396,0.00000
1180,590,0,0.49140,2.36890,0.35890,0.04300,2560000,-1.00000,665321544155,0.00000
1181,590,0,3.53080,0.00000,0.00000,0.02420,0,-1.00000,665321575738,0.00000
1182,591,0,0.82400,2.69970,0.21600,0.04600,2560000,-1.00000,665321579733,0.00000
1183,591,0,3.74430,0.00000,0.00000,0.02730,0,-1.00000,665321611170,0.00000
1184,592,0,0.51050,2.46590,0.20390,0.03180,2560000,-1.00000,665321616072,0.00000
1185,592,0,3.31260,0.00000,0.00000,0.02080,0,-1.00000,665321651407,0.00000
1186,593,0,3.17260,2.32680,0.23830,0.03590,2560000,-1.00000,665321659645,0.00000
1187,593,0,3.20820,0.00000,0.00000,0.01840,0,-1.00000,665321697115,0.00000
1188,594,0,0.38140,2.43450,0.26500,0.02810,2560000,-1.00000,665321702169,0.00000
1189,594,0,3.27720,0.00000,0.00000,0.01730,0,-1.00000,665321735310,0.00000
1190,595,0,0.49670,2.58040,0.21490,0.03480,2560000,-1.00000,665321767020,0.00000
1191,595,0,3.50610,0.00000,0.00000,0.02260,0,-1.00000,665321799120,0.00000
1192,596,0,0.39800,2.50550,0.25140,0.02830,2560000,-1.00000,665321802915,0.00000
1193,596,0,3.35530,0.00000,0.00000,0.01970,0,-1.00000,665321835707,0.00000
1194,597,0,0.42340,2.52780,0.23450,0.03450,2560000,-1.00000,665321840662,0.00000
1195,597,0,3.34670,0.00000,0.00000,0.02180,0,-1.00000,665321875742,0.00000
1196,598,0,0.38640,2.36680,0.31050,0.03950,2560000,-1.00000,665321879699,0.00000
1197,598,0,3.35620,0.00000,0.00000,0.02390,0,-1.00000,665321913258,0.00000
1198,599,0,0.40980,2.36360,0.22740,0.03070,2560000,-1.00000,665321917480,0.00000
1199,599,0,3.18140,0.00000,0.00000,0.02040,0,-1.00000,665321950968,0.00000
1200,600,0,0.37380,2.37900,0.23200,0.02230,2560000,-1.00000,665321954807,0.00000
1201,600,0,3.14760,0.00000,0.00000,0.01750,0,-1.00000,665321988428,0.00000
1202,601,0,0.86720,2.79290,0.24750,0.03980,2560000,-1.00000,665321992489,0.00000
1203,601,0,3.71991,0.00000,0.00000,0.02600,0,-1.00000,665322024303,0.00000
1204,602,0,0.50699,2.41560,0.29840,0.02780,2560000,-1.00000,665322028035,0.00000
1205,602,0,3.35440,0.00000,0.00000,0.02060,0,-1.00000,665322059514,0.00000
1206,603,0,1.00980,2.47890,0.30460,0.02640,2560000,-1.00000,665322068176,0.00000
1207,603,0,3.40600,0.00000,0.00000,0.02400,0,-1.00000,665322105415,0.00000
1208,604,0,3.07130,2.85410,0.26120,0.04080,2560000,-1.00000,665322110451,0.00000
1209,604,0,3.72390,0.00000,0.00000,0.02570,0,-1.00000,665322144008,0.00000
1210,605,0,0.48850,2.43310,0.34250,0.03300,2560000,-1.00000,665322154103,0.00000
1211,605,0,3.39790,0.00000,0.00000,0.02570,0,-1.00000,665322188161,0.00000
1212,606,0,0.51091,2.42370,0.31730,0.03190,2560000,-1.00000,665322218874,0.00000
1213,606,0,3.34899,0.00000,0.00000,0.02410,0,-1.00000,665322256112,0.00000
1214,607,0,0.45660,2.56730,0.20880,0.03380,2560000,-1.00000,665322260979,0.00000
1215,607,0,3.41530,0.00000,0.00000,0.02110,0,-1.00000,665322294977,0.00000
1216,608,0,0.36800,2.39290,0.23580,0.03590,2560000,-1.00000,665322300074,0.00000
1217,608,0,3.13910,0.00000,0.00000,0.01580,0,-1.00000,665322333585,0.00000
1218,609,0,0.37870,2.65290,0.22210,0.02460,2560000,-1.00000,665322338138,0.00000
1219,609,0,3.42380,0.00000,0.00000,0.02440,0,-1.00000,665322372301,0.00000
1220,610,0,0.92940,3.03740,0.20650,0.02400,2560000,-1.00000,665322375957,0.00000
1221,610,0,3.78240,0.00000,0.00000,0.01670,0,-1.00000,665322407356,0.00000
1222,611,0,0.59530,2.40780,0.23370,0.02540,2560000,-1.00000,665322411130,0.00000
1223,611,0,3.21550,0.00000,0.00000,0.01790,0,-1.00000,665322445402,0.00000
1224,612,0,3.15080,2.39740,0.24770,0.03590,2560000,-1.00000,665322454672,0.00000
1225,612,0,3.21630,0.00000,0.00000,0.02670,0,-1.00000,665322492509,0.00000
1226,613,0,1.01260,2.40860,0.30800,0.04000,2560000,-1.00000,665322498442,0.00000
1227,613,0,3.47510,0.00000,0.00000,0.02690,0,-1.00000,665322530609,0.00000
1228,614,0,0.88370,2.48910,0.21340,0.03920,2560000,-1.00000,665322562106,0.00000
1229,614,0,3.43180,0.00000,0.00000,0.02460,0,-1.00000,665322594295,0.00000
1230,615,0,0.77430,2.50410,0.27570,0.04370,2560000,-1.00000,665322604401,0.00000
1231,615,0,3.52310,0.00000,0.00000,0.02710,0,-1.00000,665322639189,0.00000
1232,616,0,0.77780,2.45220,0.24100,0.04820,2560000,-1.00000,665322647995,0.00000
1233,616,0,3.29550,0.00000,0.00000,0.02510,0,-1.00000,665322682334,0.00000
1234,617,0,3.12940,2.47260,0.22110,0.04910,2560000,-1.00000,665322690053,0.00000
1235,617,0,3.39390,0.00000,0.00000,0.02660,0,-1.00000,665322725327,0.00000
1236,618,0,0.44600,2.47480,0.20640,0.02840,2560000,-1.00000,665322733065,0.00000
1237,618,0,3.25840,0.00000,0.00000,0.05310,0,-1.00000,665322766053,0.00000
1238,619,0,0.49410,2.51980,0.31160,0.03210,2560000,-1.00000,665322797345,0.00000
1239,619,0,3.51240,0.00000,0.00000,0.02110,0,-1.00000,665322831278,0.00000
1240,620,0,0.38760,2.46430,0.26870,0.02960,2560000,-1.00000,665322835709,0.00000
1241,620,0,3.28420,0.00000,0.00000,0.02160,0,-1.00000,665322868301,0.00000
1242,621,0,2.42800,2.42160,0.28080,0.03750,2560000,-1.00000,665322873235,0.00000
1243,621,0,3.24460,0.00000,0.00000,0.01970,0,-1.00000,665322908369,0.00000
1244,622,0,0.41540,2.45600,0.28660,0.04090,2560000,-1.00000,665322912233,0.00000
1245,622,0,3.42110,0.00000,0.00000,0.02580,0,-1.00000,665322945083,0.00000
1246,623,0,0.43610,2.39200,0.23490,0.03080,2560000,-1.00000,665322969350,0.00000
1247,623,0,3.14980,0.00000,0.00000,0.02030,0,-1.00000,665323001825,0.00000
1248,624,0,0.34330,2.56020,0.20640,0.02820,2560000,-1.00000,665323005956,0.00000
1249,624,0,3.29300,0.00000,0.00000,0.02150,0,-1.00000,665323040204,0.00000
1250,625,0,0.73820,2.41290,0.23340,0.02720,2560000,-1.00000,665323044531,0.00000
1251,625,0,3.17299,0.00000,0.00000,0.02050,0,-1.00000,665323076034,0.00000
1252,626,0,1.06530,2.38790,0.21980,0.02930,2560000,-1.00000,665323079455,0.00000
1253,626,0,3.18010,0.00000,0.00000,0.02090,0,-1.00000,665323112403,0.00000
1254,627,0,1.14320,2.97310,0.25280,0.03360,2560000,-1.00000,665323119780,0.00000
1255,627,0,3.79110,0.00000,0.00000,0.02130,0,-1.00000,665323151507,0.00000
1256,628,0,0.45609,2.52500,0.20110,0.02490,2560000,-1.00000,665323162163,0.00000
1257,628,0,3.21541,0.00000,0.00000,0.02260,0,-1.00000,665323193966,0.00000
1258,629,0,1.06370,2.51970,0.22340,0.04410,2560000,-1.00000,665323205384,0.00000
1259,629,0,3.49040,0.00000,0.00000,0.02550,0,-1.00000,665323243298,0.00000
1260,630,0,0.86170,2.47450,0.28640,0.03970,2560000,-1.00000,665323247851,0.00000
1261,630,0,3.37640,0.00000,0.00000,0.02630,0,-1.00000,665323280016,0.00000
1262,631,0,3.03940,2.39800,0.22870,0.02890,2560000,-1.00000,665323290658,0.00000
1263,631,0,3.16000,0.00000,0.00000,0.01960,0,-1.00000,665323325581,0.00000
1264,632,0,0.36900,2.49120,0.31810,0.02230,2560000,-1.00000,665323334178,0.00000
1265,632,0,3.28250,0.00000,0.00000,0.01940,0,-1.00000,665323367953,0.00000
1266,633,0,0.35940,2.45460,0.21540,0.02500,2560000,-1.00000,665323398331,0.00000
1267,633,0,3.24080,0.00000,0.00000,0.02670,0,-1.00000,665323429936,0.00000
1268,634,0,0.44640,2.44760,0.33340,0.02430,2560000,-1.00000,665323433615,0.00000
1269,634,0,3.27720,0.00000,0.00000,0.01850,0,-1.00000,665323466447,0.00000
1270,635,0,2.93890,2.87570,0.21850,0.02980,2560000,-1.00000,665323470034,0.00000
1271,635,0,3.68200,0.00000,0.00000,0.02130,0,-1.00000,665323502477,0.00000
1272,636,0,0.39680,2.48800,0.22950,0.02280,2560000,-1.00000,665323506912,0.00000
1273,636,0,3.23570,0.00000,0.00000,0.01790,0,-1.00000,665323539687,0.00000
1274,637,0,0.34790,2.56600,0.22360,0.03810,2560000,-1.00000,665323569071,0.00000
1275,637,0,3.44870,0.00000,0.00000,0.02490,0,-1.00000,665323605899,0.00000
1276,638,0,0.46779,2.67200,0.28900,0.03270,2560000,-1.00000,665323609858,0.00000
1277,638,0,3.56390,0.00000,0.00000,0.02330,0,-1.00000,665323642216,0.00000
1278,639,0,0.39790,2.46800,0.32550,0.02610,2560000,-1.00000,665323645690,0.00000
1279,639,0,3.32130,0.00000,0.00000,0.02420,0,-1.00000,665323680221,0.00000
1280,640,0,0.49290,2.38990,0.39430,0.03070,2560000,-1.00000,665323684864,0.00000
1281,640,0,3.37630,0.00000,0.00000,0.02420,0,-1.00000,665323720509,0.00000
1282,641,0,0.43050,2.50110,0.32090,0.03680,2560000,-1.00000,665323724480,0.00000
1283,641,0,3.47990,0.00000,0.00000,0.02510,0,-1.00000,665323757694,0.00000
1284,642,0,0.53310,2.45740,0.23930,0.03030,2560000,-1.00000,665323762617,0.00000
1285,642,0,3.36580,0.00000,0.00000,0.02180,0,-1.00000,665323796397,0.00000
1286,643,0,0.37440,2.50440,0.20420,0.02530,2560000,-1.00000,665323800682,0.00000
1287,643,0,3.30340,0.00000,0.00000,0.02540,0,-1.00000,665323835503,0.00000
1288,644,0,0.42839,2.42930,0.23710,0.02190,2560000,-1.00000,665323840819,0.00000
1289,644,0,3.20240,0.00000,0.00000,0.01710,0,-1.00000,665323874486,0.00000
1290,645,0,0.38490,2.34630,0.37600,0.04540,2560000,-1.00000,665323878219,0.00000
1291,645,0,3.48550,0.00000,0.00000,0.03530,0,-1.00000,665323911267,0.00000
1292,646,0,0.52530,2.47990,0.23500,0.02810,2560000,-1.00000,665323915536,0.00000
1293,646,0,3.24700,0.00000,0.00000,0.02290,0,-1.00000,665323947560,0.00000
1294,647,0,0.41800,2.39830,0.23970,0.02250,2560000,-1.00000,665323951406,0.00000
1295,647,0,3.14010,0.00000,0.00000,0.01970,0,-1.00000,665323986315,0.00000
1296,648,0,0.45160,2.36780,0.24800,0.02240,2560000,-1.00000,665323991525,0.00000
1297,648,0,3.15270,0.00000,0.00000,0.01910,0,-1.00000,665324023996,0.00000
1298,649,0,3.17730,2.25620,0.21900,0.03010,2560000,-1.00000,665324028164,0.00000
1299,649,0,3.06711,0.00000,0.00000,0.02060,0,-1.00000,665324059572,0.00000
1300,650,0,0.42080,2.40280,0.24200,0.01860,2560000,-1.00000,665324064081,0.00000
1301,650,0,3.18290,0.00000,0.00000,0.02660,0,-1.00000,665324095612,0.00000
1302,651,0,0.45500,2.40220,0.19780,0.02310,2560000,-1.00000,665324127388,0.00000
1303,651,0,3.16040,0.00000,0.00000,0.02160,0,-1.00000,665324158060,0.00000
1304,652,0,0.59750,2.36310,0.26420,0.02360,2560000,-1.00000,665324162259,0.00000
1305,652,0,3.15730,0.00000,0.00000,0.02150,0,-1.00000,665324194100,0.00000
1306,653,0,3.17431,2.21280,0.24960,0.02810,2560000,-1.00000,665324198646,0.00000
1307,653,0,3.17330,0.00000,0.00000,0.02260,0,-1.00000,665324230249,0.00000
1308,654,0,0.51530,2.45420,0.20080,0.03110,2560000,-1.00000,665324236218,0.00000
1309,654,0,3.31130,0.00000,0.00000,0.02030,0,-1.00000,665324267806,0.00000
1310,655,0,0.41240,2.44090,0.28950,0.02160,2560000,-1.00000,665324299539,0.00000
1311,655,0,3.25070,0.00000,0.00000,0.01860,0,-1.00000,665324331278,0.00000
1312,656,0,0.48440,2.43850,0.29270,0.02760,2560000,-1.00000,665324336428,0.00000
1313,656,0,3.23880,0.00000,0.00000,0.02290,0,-1.00000,665324369548,0.00000
1314,657,0,0.77200,2.23250,0.29130,0.02380,2560000,-1.00000,665324373660,0.00000
1315,657,0,3.13950,0.00000,0.00000,0.03120,0,-1.00000,665324406171,0.00000
1316,658,0,1.10950,2.28700,0.26690,0.03740,2560000,-1.00000,665324411008,0.00000
1317,658,0,3.08980,0.00000,0.00000,0.01750,0,-1.00000,665324443409,0.00000
1318,659,0,1.21460,2.20320,0.21990,0.01850,2560000,-1.00000,665324451115,0.00000
1319,659,0,2.98379,0.00000,0.00000,0.01780,0,-1.00000,665324482515,0.00000
1320,660,0,3.43840,2.24560,0.28970,0.02350,2560000,-1.00000,665324493614,0.00000
1321,660,0,3.14211,0.00000,0.00000,0.02590,0,-1.00000,665324524509,0.00000
1322,661,0,1.13400,2.26530,0.21520,0.03480,2560000,-1.00000,665324536679,0.00000
1323,661,0,3.16790,0.00000,0.00000,0.01920,0,-1.00000,665324566496,0.00000
1324,662,0,1.12730,2.41360,0.22280,0.02880,2560000,-1.00000,665324600879,0.00000
1325,662,0,3.33400,0.00000,0.00000,0.01830,0,-1.00000,665324632311,0.00000
1326,663,0,0.80670,2.33200,0.28060,0.03070,2560000,-1.00000,665324643775,0.00000
1327,663,0,3.24110,0.00000,0.00000,0.02060,0,-1.00000,665324675329,0.00000
1328,664,0,1.18620,2.20560,0.21470,0.02670,2560000,-1.00000,665324686595,0.00000
1329,664,0,3.01981,0.00000,0.00000,0.01750,0,-1.00000,665324719943,0.00000
1330,665,0,1.25850,2.18930,0.22520,0.02360,2560000,-1.00000,665324727995,0.00000
1331,665,0,3.01420,0.00000,0.00000,0.02060,0,-1.00000,665324760420,0.00000
1332,666,0,1.28550,2.21440,0.20170,0.02340,2560000,-1.00000,665324772270,0.00000
1333,666,0,3.00750,0.00000,0.00000,0.01980,0,-1.00000,665324802469,0.00000
1334,667,0,3.39470,2.25490,0.24670,0.02580,2560000,-1.00000,665324815051,0.00000
1335,667,0,3.07480,0.00000,0.00000,0.01800,0,-1.00000,665324845198,0.00000
1336,668,0,0.41310,2.30700,0.24160,0.01970,2560000,-1.00000,665324858048,0.00000
1337,668,0,3.07110,0.00000,0.00000,0.01710,0,-1.00000,665324888131,0.00000
1338,669,0,0.48740,2.23750,0.23640,0.03750,2560000,-1.00000,665324922073,0.00000
1339,669,0,3.16230,0.00000,0.00000,0.01720,0,-1.00000,665324952821,0.00000
1340,670,0,0.46370,2.30210,0.21530,0.02650,2560000,-1.00000,665324956945,0.00000
1341,670,0,3.22470,0.00000,0.00000,0.02450,0,-1.00000,665324987664,0.00000
1342,671,0,1.12610,2.30540,0.29570,0.02730,2560000,-1.00000,665324992532,0.00000
1343,671,0,3.15070,0.00000,0.00000,0.02100,0,-1.00000,665325024179,0.00000
1344,672,0,1.08290,2.44080,0.30600,0.02690,2560000,-1.00000,665325028789,0.00000
1345,672,0,3.27790,0.00000,0.00000,0.02010,0,-1.00000,665325061054,0.00000
1346,673,0,1.06430,2.44670,0.25070,0.02560,2560000,-1.00000,665325072307,0.00000
1347,673,0,3.24060,0.00000,0.00000,0.02300,0,-1.00000,665325103815,0.00000
1348,674,0,3.14619,2.33010,0.23830,0.02670,2560000,-1.00000,665325114639,0.00000
1349,674,0,3.06060,0.00000,0.00000,0.01940,0,-1.00000,665325147421,0.00000
1350,675,0,3.36780,2.31940,0.26280,0.03830,2560000,-1.00000,665325158062,0.00000
1351,675,0,3.15490,0.00000,0.00000,0.02470,0,-1.00000,665325190474,0.00000
1352,676,0,0.43469,2.41590,0.21890,0.02910,2560000,-1.00000,665325221934,0.00000
1353,676,0,3.20000,0.00000,0.00000,0.02310,0,-1.00000,665325252539,0.00000
1354,677,0,0.38480,2.27350,0.21380,0.02250,2560000,-1.00000,665325286210,0.00000
1355,677,0,3.07730,0.00000,0.00000,0.02210,0,-1.00000,665325317778,0.00000
1356,678,0,0.40890,2.23340,0.20180,0.02280,2560000,-1.00000,665325322113,0.00000
1357,678,0,2.95530,0.00000,0.00000,0.01770,0,-1.00000,665325354114,0.00000
1358,679,0,1.36540,2.18670,0.20460,0.01990,2560000,-1.00000,665325357958,0.00000
1359,679,0,2.90430,0.00000,0.00000,0.02170,0,-1.00000,665325388735,0.00000
1360,680,0,1.30910,2.18630,0.20770,0.02300,2560000,-1.00000,665325392819,0.00000
1361,680,0,2.97640,0.00000,0.00000,0.01840,0,-1.00000,665325422377,0.00000
1362,681,0,3.44450,2.21170,0.21950,0.02990,2560000,-1.00000,665325436022,0.00000
1363,681,0,3.01679,0.00000,0.00000,0.01760,0,-1.00000,665325465207,0.00000
1364,682,0,0.37490,2.32850,0.20370,0.02130,2560000,-1.00000,665325478444,0.00000
1365,682,0,3.06181,0.00000,0.00000,0.01850,0,-1.00000,665325507920,0.00000
1366,683,0,0.35159,2.21470,0.30590,0.03630,2560000,-1.00000,665325542372,0.00000
1367,683,0,3.05150,0.00000,0.00000,0.01840,0,-1.00000,665325572539,0.00000
1368,684,0,1.69030,2.40830,0.24670,0.03400,2560000,-1.00000,665325576283,0.00000
1369,684,0,3.38810,0.00000,0.00000,0.02820,0,-1.00000,665325606902,0.00000
1370,685,0,0.40210,2.33540,0.23450,0.02570,2560000,-1.00000,665325610416,0.00000
1371,685,0,3.15820,0.00000,0.00000,0.02420,0,-1.00000,665325640932,0.00000
1372,686,0,0.71300,2.33190,0.23080,0.02590,2560000,-1.00000,665325657834,0.00000
1373,686,0,3.02760,0.00000,0.00000,0.02090,0,-1.00000,665325691745,0.00000
1374,687,0,1.22760,2.29430,0.20650,0.02430,2560000,-1.00000,665325695739,0.00000
1375,687,0,3.08310,0.00000,0.00000,0.01870,0,-1.00000,665325727335,0.00000
1376,688,0,3.25980,2.22360,0.21730,0.02680,2560000,-1.00000,665325734455,0.00000
1377,688,0,3.01760,0.00000,0.00000,0.02000,0,-1.00000,665325764729,0.00000
1378,689,0,1.26580,2.18050,0.20810,0.02270,2560000,-1.00000,665325777001,0.00000
1379,689,0,3.06510,0.00000,0.00000,0.01660,0,-1.00000,665325807833,0.00000
1380,690,0,1.20660,2.29380,0.21990,0.02220,2560000,-1.00000,665325840430,0.00000
1381,690,0,3.08080,0.00000,0.00000,0.02310,0,-1.00000,665325870617,0.00000
1382,691,0,1.12050,2.20160,0.20760,0.03690,2560000,-1.00000,665325883264,0.00000
1383,691,0,3.09610,0.00000,0.00000,0.02020,0,-1.00000,665325913918,0.00000
1384,692,0,0.54629,2.39280,0.20540,0.03180,2560000,-1.00000,665325925981,0.00000
1385,692,0,3.29590,0.00000,0.00000,0.02160,0,-1.00000,665325956805,0.00000
1386,693,0,0.45200,2.28140,0.29230,0.02440,2560000,-1.00000,665325968000,0.00000
1387,693,0,3.08830,0.00000,0.00000,0.01950,0,-1.00000,665325998974,0.00000
1388,694,0,0.38890,2.19040,0.20890,0.02490,2560000,-1.00000,665326004417,0.00000
1389,694,0,2.93260,0.00000,0.00000,0.02010,0,-1.00000,665326037395,0.00000
1390,695,0,3.35940,2.43780,0.14870,0.03240,2560000,-1.00000,665326041897,0.00000
1391,695,0,3.18800,0.00000,0.00000,0.02450,0,-1.00000,665326072782,0.00000
1392,696,0,0.46830,2.30790,0.27510,0.03600,2560000,-1.00000,665326076669,0.00000
1393,696,0,3.22270,0.00000,0.00000,0.02400,0,-1.00000,665326106011,0.00000
1394,697,0,0.44080,2.86140,0.24720,0.02990,2560000,-1.00000,665326139718,0.00000
1395,697,0,3.70570,0.00000,0.00000,0.02180,0,-1.00000,665326171487,0.00000
1396,698,0,0.38000,2.46260,0.25560,0.03170,2560000,-1.00000,665326176154,0.00000
1397,698,0,3.31000,0.00000,0.00000,0.02250,0,-1.00000,665326208391,0.00000
1398,699,0,0.42350,2.38250,0.19540,0.02740,2560000,-1.00000,665326212790,0.00000
1399,699,0,3.14660,0.00000,0.00000,0.02420,0,-1.00000,665326249857,0.00000
1400,700,0,0.95790,2.30270,0.31490,0.03240,2560000,-1.00000,665326253643,0.00000
1401,700,0,3.25500,0.00000,0.00000,0.02180,0,-1.00000,665326286765,0.00000
1402,701,0,0.98730,2.33340,0.30610,0.03790,2560000,-1.00000,665326290985,0.00000
1403,701,0,3.32540,0.00000,0.00000,0.02250,0,-1.00000,665326322457,0.00000
1404,702,0,3.07960,2.38880,0.21050,0.02700,2560000,-1.00000,665326332035,0.00000
1405,702,0,3.15060,0.00000,0.00000,0.01910,0,-1.00000,665326364592,0.00000
1406,703,0,1.03930,2.31870,0.24070,0.02390,2560000,-1.00000,665326374452,0.00000
1407,703,0,3.16310,0.00000,0.00000,0.02200,0,-1.00000,665326407743,0.00000
1408,704,0,1.10040,2.14610,0.25260,0.02030,2560000,-1.00000,665326438502,0.00000
1409,704,0,3.02540,0.00000,0.00000,0.02180,0,-1.00000,665326470019,0.00000
1410,705,0,1.21859,2.14710,0.21640,0.02610,2560000,-1.00000,665326480394,0.00000
1411,705,0,2.89841,0.00000,0.00000,0.02050,0,-1.00000,665326512036,0.00000
1412,706,0,0.38459,2.37490,0.25900,0.02730,2560000,-1.00000,665326523066,0.00000
1413,706,0,3.22650,0.00000,0.00000,0.02300,0,-1.00000,665326553285,0.00000
1414,707,0,0.45060,2.28680,0.19290,0.03110,2560000,-1.00000,665326565470,0.00000
1415,707,0,3.09990,0.00000,0.00000,0.02060,0,-1.00000,665326594463,0.00000
1416,708,0,0.57659,2.18620,0.20390,0.02400,2560000,-1.00000,665326598300,0.00000
1417,708,0,2.93321,0.00000,0.00000,0.01820,0,-1.00000,665326630575,0.00000
1418,709,0,3.50730,2.19230,0.20190,0.02490,2560000,-1.00000,665326635072,0.00000
1419,709,0,3.07910,0.00000,0.00000,0.02310,0,-1.00000,665326666078,0.00000
1420,710,0,0.44450,2.34380,0.23260,0.03220,2560000,-1.00000,665326671835,0.00000
1421,710,0,3.32280,0.00000,0.00000,0.02520,0,-1.00000,665326701173,0.00000
1422,711,0,0.46740,2.33480,0.20560,0.03290,2560000,-1.00000,665326736242,0.00000
1423,711,0,3.16700,0.00000,0.00000,0.02260,0,-1.00000,665326767062,0.00000
1424,712,0,2.17760,2.21130,0.20500,0.02970,2560000,-1.00000,665326771487,0.00000
1425,712,0,2.97330,0.00000,0.00000,0.02240,0,-1.00000,665326804731,0.00000
1426,713,0,1.42000,2.41010,0.28670,0.05210,2560000,-1.00000,665326809389,0.00000
1427,713,0,3.44500,0.00000,0.00000,0.02720,0,-1.00000,665326841073,0.00000
1428,714,0,2.89860,2.25050,0.24330,0.05390,2560000,-1.00000,665326862828,0.00000
1429,714,0,3.19010,0.00000,0.00000,0.03050,0,-1.00000,665326892575,0.00000
1430,715,0,1.08740,2.24790,0.22680,0.02820,2560000,-1.00000,665326906759,0.00000
1431,715,0,3.07030,0.00000,0.00000,0.02330,0,-1.00000,665326941230,0.00000
1432,716,0,3.31960,2.32290,0.21950,0.03090,2560000,-1.00000,665326970206,0.00000
1433,716,0,3.15540,0.00000,0.00000,0.02540,0,-1.00000,665327002121,0.00000
1434,717,0,1.11480,2.19240,0.22470,0.03140,2560000,-1.00000,665327012973,0.00000
1435,717,0,3.00990,0.00000,0.00000,0.02090,0,-1.00000,665327043686,0.00000
1436,718,0,1.12060,2.22660,0.23130,0.04190,2560000,-1.00000,665327076875,0.00000
1437,718,0,3.11290,0.00000,0.00000,0.02390,0,-1.00000,665327108433,0.00000
1438,719,0,0.44160,2.21500,0.23520,0.03710,2560000,-1.00000,665327119574,0.00000
1439,719,0,3.10490,0.00000,0.00000,0.01990,0,-1.00000,665327149673,0.00000
1440,720,0,0.46460,2.24340,0.22650,0.03900,2560000,-1.00000,665327160871,0.00000
1441,720,0,3.14880,0.00000,0.00000,0.02480,0,-1.00000,665327192029,0.00000
1442,721,0,0.46270,2.13160,0.28410,0.04290,2560000,-1.00000,665327196420,0.00000
1443,721,0,3.18491,0.00000,0.00000,0.02410,0,-1.00000,665327227485,0.00000
1444,722,0,1.05920,2.19680,0.21800,0.04910,2560000,-1.00000,665327232131,0.00000
1445,722,0,3.20660,0.00000,0.00000,0.03050,0,-1.00000,665327263742,0.00000
1446,723,0,1.08910,2.15250,0.22530,0.04450,2560000,-1.00000,665327268234,0.00000
1447,723,0,3.09270,0.00000,0.00000,0.02670,0,-1.00000,665327300120,0.00000
1448,724,0,1.19620,2.24780,0.21600,0.04790,2560000,-1.00000,665327310692,0.00000
1449,724,0,3.22530,0.00000,0.00000,0.02920,0,-1.00000,665327342783,0.00000
1450,725,0,1.90240,2.43420,0.26400,0.05100,2560000,-1.00000,665327353641,0.00000
1451,725,0,3.61470,0.00000,0.00000,0.02450,0,-1.00000,665327384588,0.00000
1452,726,0,0.50970,2.35810,0.28530,0.06570,2560000,-1.00000,665327396524,0.00000
1453,726,0,3.61060,0.00000,0.00000,0.04080,0,-1.00000,665327428821,0.00000
1454,727,0,0.73380,2.89720,0.26800,0.07240,2560000,-1.00000,665327447819,0.00000
1455,727,0,4.18130,0.00000,0.00000,0.03690,0,-1.00000,665327483978,0.00000
1456,728,0,0.60980,2.41540,0.23690,0.05590,2560000,-1.00000,665327489042,0.00000
1457,728,0,3.53540,0.00000,0.00000,0.03070,0,-1.00000,665327525222,0.00000
1458,729,0,0.51320,2.34710,0.27060,0.06260,2560000,-1.00000,665327532508,0.00000
1459,729,0,3.49900,0.00000,0.00000,0.04110,0,-1.00000,665327574351,0.00000
1460,730,0,0.57820,2.54600,0.28530,0.06230,2560000,-1.00000,665327580414,0.00000
1461,730,0,3.71150,0.00000,0.00000,0.03210,0,-1.00000,665327615798,0.00000
1462,731,0,0.56030,2.40910,0.27650,0.06170,2560000,-1.00000,665327620894,0.00000
1463,731,0,3.50380,0.00000,0.00000,0.02990,0,-1.00000,665327655938,0.00000
1464,732,0,0.55570,2.49050,0.34000,0.05700,2560000,-1.00000,665327661676,0.00000
1465,732,0,3.72140,0.00000,0.00000,0.02720,0,-1.00000,665327698821,0.00000
1466,733,0,0.47580,2.38010,0.29400,0.06500,2560000,-1.00000,665327704381,0.00000
1467,733,0,3.54179,0.00000,0.00000,0.02820,0,-1.00000,665327739461,0.00000
1468,734,0,0.48630,2.59350,0.21600,0.05770,2560000,-1.00000,665327744977,0.00000
1469,734,0,3.58770,0.00000,0.00000,0.03210,0,-1.00000,665327782225,0.00000
1470,735,0,0.54670,2.45430,0.35690,0.08280,2560000,-1.00000,665327786957,0.00000
1471,735,0,3.65210,0.00000,0.00000,0.02910,0,-1.00000,665327822406,0.00000
1472,736,0,0.52090,2.32540,0.24780,0.04580,2560000,-1.00000,665327827258,0.00000
1473,736,0,3.46541,0.00000,0.00000,0.02490,0,-1.00000,665327863139,0.00000
1474,737,0,0.45620,2.49010,0.25150,0.04510,2560000,-1.00000,665327868574,0.00000
1475,737,0,3.48070,0.00000,0.00000,0.03530,0,-1.00000,665327905145,0.00000
1476,738,0,0.55290,2.40080,0.20920,0.03640,2560000,-1.00000,665327910298,0.00000
1477,738,0,3.28520,0.00000,0.00000,0.02470,0,-1.00000,665327944974,0.00000
1478,739,0,0.39470,2.36380,0.32180,0.03320,2560000,-1.00000,665327949516,0.00000
1479,739,0,3.28369,0.00000,0.00000,0.03260,0,-1.00000,665327984349,0.00000
1480,740,0,0.55010,2.44340,0.31600,0.04470,2560000,-1.00000,665327989856,0.00000
1481,740,0,3.51130,0.00000,0.00000,0.02100,0,-1.00000,665328022720,0.00000
1482,741,0,0.38610,2.34400,0.30170,0.02630,2560000,-1.00000,665328026647,0.00000
1483,741,0,3.13050,0.00000,0.00000,0.04110,0,-1.00000,665328059498,0.00000
1484,742,0,0.72130,2.35710,0.21070,0.03470,2560000,-1.00000,665328064989,0.00000
1485,742,0,3.15609,0.00000,0.00000,0.02290,0,-1.00000,665328100117,0.00000
1486,743,0,1.07701,2.26300,0.23220,0.03780,2560000,-1.00000,665328103948,0.00000
1487,743,0,3.21840,0.00000,0.00000,0.02310,0,-1.00000,665328135265,0.00000
1488,744,0,0.40230,2.28860,0.24710,0.03500,2560000,-1.00000,665328142475,0.00000
1489,744,0,3.25030,0.00000,0.00000,0.02770,0,-1.00000,665328174043,0.00000
1490,745,0,0.41330,2.30480,0.30400,0.04070,2560000,-1.00000,665328184810,0.00000
1491,745,0,3.28370,0.00000,0.00000,0.04010,0,-1.00000,665328217024,0.00000
1492,746,0,0.57430,2.29450,0.33780,0.05550,2560000,-1.00000,665328221016,0.00000
1493,746,0,3.34130,0.00000,0.00000,0.02540,0,-1.00000,665328253534,0.00000
1494,747,0,0.50330,2.28960,0.31280,0.03550,2560000,-1.00000,665328257655,0.00000
1495,747,0,3.19570,0.00000,0.00000,0.02150,0,-1.00000,665328290520,0.00000
1496,748,0,0.37050,2.36700,0.24630,0.02790,2560000,-1.00000,665328296227,0.00000
1497,748,0,3.17180,0.00000,0.00000,0.02140,0,-1.00000,665328329669,0.00000
1498,749,0,0.35950,2.23910,0.33980,0.02650,2560000,-1.00000,665328334675,0.00000
1499,749,0,3.07170,0.00000,0.00000,0.02140,0,-1.00000,665328366645,0.00000
1500,750,0,0.42910,2.26940,0.20640,0.02520,2560000,-1.00000,665328370336,0.00000
1501,750,0,3.01580,0.00000,0.00000,0.02100,0,-1.00000,665328402062,0.00000
1502,751,0,0.34780,2.23800,0.22610,0.02510,2560000,-1.00000,665328405644,0.00000
1503,751,0,2.99661,0.00000,0.00000,0.01990,0,-1.00000,665328436374,0.00000
1504,752,0,0.43610,2.68960,0.24360,0.02760,2560000,-1.00000,665328440657,0.00000
1505,752,0,3.49730,0.00000,0.00000,0.02060,0,-1.00000,665328470819,0.00000
1506,753,0,0.42750,2.25900,0.28830,0.02270,2560000,-1.00000,665328474298,0.00000
1507,753,0,3.02000,0.00000,0.00000,0.01870,0,-1.00000,665328504261,0.00000
1508,754,0,1.25690,2.30890,0.20890,0.02420,2560000,-1.00000,665328508631,0.00000
1509,754,0,2.97630,0.00000,0.00000,0.01930,0,-1.00000,665328543600,0.00000
1510,755,0,1.29491,2.26780,0.30470,0.04080,2560000,-1.00000,665328547861,0.00000
1511,755,0,3.25350,0.00000,0.00000,0.02230,0,-1.00000,665328578077,0.00000
1512,756,0,3.16959,2.52070,0.20860,0.02960,2560000,-1.00000,665328590649,0.00000
1513,756,0,3.28260,0.00000,0.00000,0.02330,0,-1.00000,665328620405,0.00000
1514,757,0,0.98670,2.33290,0.20250,0.03120,2560000,-1.00000,665328633345,0.00000
1515,757,0,3.07690,0.00000,0.00000,0.02140,0,-1.00000,665328665908,0.00000
1516,758,0,1.11040,2.28280,0.26200,0.03020,2560000,-1.00000,665328697588,0.00000
1517,758,0,3.06810,0.00000,0.00000,0.02340,0,-1.00000,665328730402,0.00000
1518,759,0,3.39690,2.28310,0.29690,0.02630,2560000,-1.00000,665328740276,0.00000
1519,759,0,3.04760,0.00000,0.00000,0.02150,0,-1.00000,665328771049,0.00000
1520,760,0,0.36330,2.32960,0.30730,0.02290,2560000,-1.00000,665328782144,0.00000
1521,760,0,3.11780,0.00000,0.00000,0.01970,0,-1.00000,665328812839,0.00000
1522,761,0,0.32990,2.29650,0.26650,0.02610,2560000,-1.00000,665328846799,0.00000
1523,761,0,3.04350,0.00000,0.00000,0.01900,0,-1.00000,665328877270,0.00000
1524,762,0,2.85130,2.24330,0.30210,0.03320,2560000,-1.00000,665328880898,0.00000
1525,762,0,3.07040,0.00000,0.00000,0.02320,0,-1.00000,665328912090,0.00000
1526,763,0,1.16190,2.25530,0.30430,0.02720,2560000,-1.00000,665328915372,0.00000
1527,763,0,3.11220,0.00000,0.00000,0.02260,0,-1.00000,665328945822,0.00000
1528,764,0,1.13080,2.28860,0.30250,0.02690,2560000,-1.00000,665328974334,0.00000
1529,764,0,3.11850,0.00000,0.00000,0.02270,0,-1.00000,665329005044,0.00000
1530,765,0,3.27049,2.12660,0.22290,0.04960,2560000,-1.00000,665329016651,0.00000
1531,765,0,3.06590,0.00000,0.00000,0.02670,0,-1.00000,665329047772,0.00000
1532,766,0,0.48640,2.32290,0.22800,0.04130,2560000,-1.00000,665329059090,0.00000
1533,766,0,3.23230,0.00000,0.00000,0.02000,0,-1.00000,665329090271,0.00000
1534,767,0,0.47920,2.33960,0.20090,0.02940,2560000,-1.00000,665329123009,0.00000
1535,767,0,3.15380,0.00000,0.00000,0.02280,0,-1.00000,665329153661,0.00000
1536,768,0,1.17160,2.18440,0.23020,0.02910,2560000,-1.00000,665329158498,0.00000
1537,768,0,2.97071,0.00000,0.00000,0.01930,0,-1.00000,665329190849,0.00000
1538,769,0,0.40339,2.99780,0.28430,0.04490,2560000,-1.00000,665329195636,0.00000
1539,769,0,4.02920,0.00000,0.00000,0.02680,0,-1.00000,665329227160,0.00000
1540,770,0,0.84170,2.39440,0.21730,0.04090,2560000,-1.00000,665329238867,0.00000
1541,770,0,3.44590,0.00000,0.00000,0.02590,0,-1.00000,665329268580,0.00000
1542,771,0,0.45760,2.33470,0.22500,0.04390,2560000,-1.00000,665329272615,0.00000
1543,771,0,3.25520,0.00000,0.00000,0.02410,0,-1.00000,665329312948,0.00000
1544,772,0,0.69549,2.26460,0.21200,0.03430,2560000,-1.00000,665329321366,0.00000
1545,772,0,3.07930,0.00000,0.00000,0.02330,0,-1.00000,665329355802,0.00000
1546,773,0,1.16560,2.12100,0.23240,0.02280,2560000,-1.00000,665329360353,0.00000
1547,773,0,2.91700,0.00000,0.00000,0.01850,0,-1.00000,665329392939,0.00000
1548,774,0,1.34510,2.17090,0.23640,0.02310,2560000,-1.00000,665329399871,0.00000
1549,774,0,2.94990,0.00000,0.00000,0.01860,0,-1.00000,665329430664,0.00000
1550,775,0,1.82670,2.11740,0.29860,0.02450,2560000,-1.00000,665329442310,0.00000
1551,775,0,3.05040,0.00000,0.00000,0.02430,0,-1.00000,665329471478,0.00000
1552,776,0,0.64910,2.39640,0.23440,0.03000,2560000,-1.00000,665329484925,0.00000
1553,776,0,3.21470,0.00000,0.00000,0.02310,0,-1.00000,665329514433,0.00000
1554,777,0,3.21460,2.22940,0.24860,0.03080,2560000,-1.00000,665329532695,0.00000
1555,777,0,2.99790,0.00000,0.00000,0.02390,0,-1.00000,665329563206,0.00000
1556,778,0,0.50360,2.29560,0.23000,0.03730,2560000,-1.00000,665329569692,0.00000
1557,778,0,3.24350,0.00000,0.00000,0.02410,0,-1.00000,665329601841,0.00000
1558,779,0,0.49370,2.24810,0.33020,0.02420,2560000,-1.00000,665329633979,0.00000
1559,779,0,3.12110,0.00000,0.00000,0.01960,0,-1.00000,665329663976,0.00000
1560,780,0,0.40040,2.24780,0.34780,0.03460,2560000,-1.00000,665329669002,0.00000
1561,780,0,3.12950,0.00000,0.00000,0.02040,0,-1.00000,665329701444,0.00000
1562,781,0,1.06730,2.54580,0.20650,0.02590,2560000,-1.00000,665329706366,0.00000
1563,781,0,3.42920,0.00000,0.00000,0.01930,0,-1.00000,665329737588,0.00000
1564,782,0,0.80740,2.07740,0.23790,0.02400,2560000,-1.00000,665329741584,0.00000
1565,782,0,2.82550,0.00000,0.00000,0.01670,0,-1.00000,665329772882,0.00000
1566,783,0,3.53490,2.10880,0.20650,0.03040,2560000,-1.00000,665329783586,0.00000
1567,783,0,2.85930,0.00000,0.00000,0.01890,0,-1.00000,665329817852,0.00000
1568,784,0,0.39620,2.20190,0.24050,0.02400,2560000,-1.00000,665329825915,0.00000
1569,784,0,2.99820,0.00000,0.00000,0.01810,0,-1.00000,665329854177,0.00000
1570,785,0,0.37720,2.12670,0.24020,0.03340,2560000,-1.00000,665329889530,0.00000
1571,785,0,3.05641,0.00000,0.00000,0.02090,0,-1.00000,665329918116,0.00000
1572,786,0,3.09120,2.09300,0.26390,0.03470,2560000,-1.00000,665329922073,0.00000
1573,786,0,2.96370,0.00000,0.00000,0.02710,0,-1.00000,665329952056,0.00000
1574,787,0,1.32470,2.16360,0.20680,0.02560,2560000,-1.00000,665329955826,0.00000
1575,787,0,2.92630,0.00000,0.00000,0.02070,0,-1.00000,665329986410,0.00000
1576,788,0,0.41940,2.17900,0.22810,0.02420,2560000,-1.00000,665330017306,0.00000
1577,788,0,2.96480,0.00000,0.00000,0.02070,0,-1.00000,665330046968,0.00000
1578,789,0,0.41620,2.17950,0.23130,0.02160,2560000,-1.00000,665330060196,0.00000
1579,789,0,2.94160,0.00000,0.00000,0.01840,0,-1.00000,665330089465,0.00000
1580,790,0,3.01811,2.25510,0.25130,0.02660,2560000,-1.00000,665330093647,0.00000
1581,790,0,3.17410,0.00000,0.00000,0.02370,0,-1.00000,665330123294,0.00000
1582,791,0,3.39030,2.15790,0.20100,0.02520,2560000,-1.00000,665330127459,0.00000
1583,791,0,2.89160,0.00000,0.00000,0.02020,0,-1.00000,665330156875,0.00000
1584,792,0,0.41750,2.18370,0.20730,0.02350,2560000,-1.00000,665330187050,0.00000
1585,792,0,2.97760,0.00000,0.00000,0.01860,0,-1.00000,665330218830,0.00000
1586,793,0,0.45330,2.21460,0.24540,0.04200,2560000,-1.00000,665330252703,0.00000
1587,793,0,3.45580,0.00000,0.00000,0.02740,0,-1.00000,665330281621,0.00000
1588,794,0,0.53380,2.26830,0.21750,0.04330,2560000,-1.00000,665330285785,0.00000
1589,794,0,3.19730,0.00000,0.00000,0.02370,0,-1.00000,665330315568,0.00000
1590,795,0,0.47180,2.29430,0.19710,0.03020,2560000,-1.00000,665330320094,0.00000
1591,795,0,3.06420,0.00000,0.00000,0.02010,0,-1.00000,665330354699,0.00000
1592,796,0,0.40920,2.43310,0.21450,0.02570,2560000,-1.00000,665330360016,0.00000
1593,796,0,3.14600,0.00000,0.00000,0.02000,0,-1.00000,665330391994,0.00000
1594,797,0,0.45780,2.20730,0.21120,0.02480,2560000,-1.00000,665330396687,0.00000
1595,797,0,2.95869,0.00000,0.00000,0.01840,0,-1.00000,665330427337,0.00000
1596,798,0,1.21040,2.39590,0.22390,0.03120,2560000,-1.00000,665330431417,0.00000
1597,798,0,3.22680,0.00000,0.00000,0.01820,0,-1.00000,665330462892,0.00000
1598,799,0,3.14140,2.09870,0.20760,0.02610,2560000,-1.00000,665330467460,0.00000
1599,799,0,2.85780,0.00000,0.00000,0.01860,0,-1.00000,665330497048,0.00000
1600,800,0,0.38380,2.14850,0.25150,0.02970,2560000,-1.00000,665330509169,0.00000
1601,800,0,3.01220,0.00000,0.00000,0.02450,0,-1.00000,665330541426,0.00000
1602,801,0,0.46110,2.27530,0.21670,0.03490,2560000,-1.00000,665330572835,0.00000
1603,801,0,3.12380,0.00000,0.00000,0.02160,0,-1.00000,665330601408,0.00000
1604,802,0,0.81930,2.09610,0.22810,0.02820,2560000,-1.00000,665330605240,0.00000
1605,802,0,2.90480,0.00000,0.00000,0.02110,0,-1.00000,665330635386,0.00000
1606,803,0,3.54050,2.10960,0.24480,0.02900,2560000,-1.00000,665330639986,0.00000
1607,803,0,2.90400,0.00000,0.00000,0.01980,0,-1.00000,665330671237,0.00000
1608,804,0,0.39410,2.19200,0.24490,0.02450,2560000,-1.00000,665330679417,0.00000
1609,804,0,3.02130,0.00000,0.00000,0.02090,0,-1.00000,665330708466,0.00000
1610,805,0,0.38050,2.10110,0.20990,0.02740,2560000,-1.00000,665330743863,0.00000
1611,805,0,2.88860,0.00000,0.00000,0.02410,0,-1.00000,665330772913,0.00000
1612,806,0,3.35630,2.21000,0.30140,0.02460,2560000,-1.00000,665330776844,0.00000
1613,806,0,3.03730,0.00000,0.00000,0.01940,0,-1.00000,665330807073,0.00000
1614,807,0,3.27130,2.76390,0.22700,0.02860,2560000,-1.00000,665330810862,0.00000
1615,807,0,3.55400,0.00000,0.00000,0.02120,0,-1.00000,665330839759,0.00000
1616,808,0,0.40050,2.17830,0.32120,0.04110,2560000,-1.00000,665330873309,0.00000
1617,808,0,3.17000,0.00000,0.00000,0.02570,0,-1.00000,665330903688,0.00000
1618,809,0,0.47170,2.30210,0.22430,0.02820,2560000,-1.00000,665330936400,0.00000
1619,809,0,3.09090,0.00000,0.00000,0.02090,0,-1.00000,665330971946,0.00000
1620,810,0,0.38009,2.06520,0.23330,0.02730,2560000,-1.00000,665330975938,0.00000
1621,810,0,2.86020,0.00000,0.00000,0.02210,0,-1.00000,665331007677,0.00000
1622,811,0,1.04619,2.11630,0.25180,0.02380,2560000,-1.00000,665331012366,0.00000
1623,811,0,2.91870,0.00000,0.00000,0.01830,0,-1.00000,665331043273,0.00000
1624,812,0,3.56271,2.14550,0.22020,0.03320,2560000,-1.00000,665331047068,0.00000
1625,812,0,2.95689,0.00000,0.00000,0.01930,0,-1.00000,665331075678,0.00000
1626,813,0,1.28630,2.08880,0.20530,0.02500,2560000,-1.00000,665331086130,0.00000
1627,813,0,2.86300,0.00000,0.00000,0.01840,0,-1.00000,665331115335,0.00000
1628,814,0,1.35550,2.21120,0.24700,0.02220,2560000,-1.00000,665331150952,0.00000
1629,814,0,3.00599,0.00000,0.00000,0.01690,0,-1.00000,665331180519,0.00000
1630,815,0,1.34880,2.07750,0.28800,0.04150,2560000,-1.00000,665331193379,0.00000
1631,815,0,3.07610,0.00000,0.00000,0.02560,0,-1.00000,665331222013,0.00000
1632,816,0,2.20370,2.18230,0.20150,0.02950,2560000,-1.00000,665331235563,0.00000
1633,816,0,2.97410,0.00000,0.00000,0.02250,0,-1.00000,665331265626,0.00000
1634,817,0,0.39921,2.08240,0.22930,0.02280,2560000,-1.00000,665331279116,0.00000
1635,817,0,2.83890,0.00000,0.00000,0.01470,0,-1.00000,665331309902,0.00000
1636,818,0,0.36790,2.26010,0.20900,0.02610,2560000,-1.00000,665331331916,0.00000
1637,818,0,3.03410,0.00000,0.00000,0.01670,0,-1.00000,665331361655,0.00000
1638,819,0,0.38710,2.15100,0.19980,0.03070,2560000,-1.00000,665331365641,0.00000
1639,819,0,2.95560,0.00000,0.00000,0.02320,0,-1.00000,665331394028,0.00000
1640,820,0,1.19210,2.07630,0.21790,0.02460,2560000,-1.00000,665331397708,0.00000
1641,820,0,2.83300,0.00000,0.00000,0.01840,0,-1.00000,665331428061,0.00000
1642,821,0,1.25750,2.10400,0.20870,0.02190,2560000,-1.00000,665331431923,0.00000
1643,821,0,2.83090,0.00000,0.00000,0.01730,0,-1.00000,665331461498,0.00000
1644,822,0,0.38570,2.21540,0.24330,0.02440,2560000,-1.00000,665331473400,0.00000
1645,822,0,3.00810,0.00000,0.00000,0.02100,0,-1.00000,665331501731,0.00000
1646,823,0,0.42270,2.12600,0.33940,0.02460,2560000,-1.00000,665331514299,0.00000
1647,823,0,2.98560,0.00000,0.00000,0.02040,0,-1.00000,665331542620,0.00000
1648,824,0,1.15640,2.20800,0.26500,0.02000,2560000,-1.00000,665331546466,0.00000
1649,824,0,2.98200,0.00000,0.00000,0.01650,0,-1.00000,665331576555,0.00000
1650,825,0,3.44790,2.09370,0.20870,0.03330,2560000,-1.00000,665331580775,0.00000
1651,825,0,3.01290,0.00000,0.00000,0.02170,0,-1.00000,665331610637,0.00000
1652,826,0,0.40940,2.23160,0.22350,0.02360,2560000,-1.00000,665331622195,0.00000
1653,826,0,2.96710,0.00000,0.00000,0.02040,0,-1.00000,665331652019,0.00000
1654,827,0,0.40590,2.19150,0.23230,0.03200,2560000,-1.00000,665331686513,0.00000
1655,827,0,3.02690,0.00000,0.00000,0.02190,0,-1.00000,665331716642,0.00000
1656,828,0,3.05230,2.05990,0.22330,0.02600,2560000,-1.00000,665331720719,0.00000
1657,828,0,2.76900,0.00000,0.00000,0.02130,0,-1.00000,665331750396,0.00000
1658,829,0,3.64780,2.19390,0.23360,0.03050,2560000,-1.00000,665331754448,0.00000
1659,829,0,3.01350,0.00000,0.00000,0.03300,0,-1.00000,665331784733,0.00000
1660,830,0,0.38060,2.18150,0.29870,0.02210,2560000,-1.00000,665331815240,0.00000
1661,830,0,3.05770,0.00000,0.00000,0.01860,0,-1.00000,665331842932,0.00000
1662,831,0,0.40259,2.14700,0.27730,0.03010,2560000,-1.00000,665331879409,0.00000
1663,831,0,3.04391,0.00000,0.00000,0.01960,0,-1.00000,665331909551,0.00000
1664,832,0,0.83109,2.16200,0.19830,0.02530,2560000,-1.00000,665331913358,0.00000
1665,832,0,2.94360,0.00000,0.00000,0.01800,0,-1.00000,665331943935,0.00000
1666,833,0,1.32300,2.16670,0.22440,0.02090,2560000,-1.00000,665331947959,0.00000
1667,833,0,2.94070,0.00000,0.00000,0.01830,0,-1.00000,665331978404,0.00000
1668,834,0,1.32870,2.08630,0.21970,0.02740,2560000,-1.00000,665331986716,0.00000
1669,834,0,2.87650,0.00000,0.00000,0.02280,0,-1.00000,665332016141,0.00000
1670,835,0,3.62431,2.08990,0.22700,0.02640,2560000,-1.00000,665332029369,0.00000
1671,835,0,2.87400,0.00000,0.00000,0.01960,0,-1.00000,665332058781,0.00000
1672,836,0,0.42330,2.09810,0.22950,0.01900,2560000,-1.00000,665332072064,0.00000
1673,836,0,2.81260,0.00000,0.00000,0.01690,0,-1.00000,665332100848,0.00000
1674,837,0,0.47140,2.22610,0.27740,0.03020,2560000,-1.00000,665332137344,0.00000
1675,837,0,3.06650,0.00000,0.00000,0.01740,0,-1.00000,665332165820,0.00000
1676,838,0,0.38680,2.21720,0.29620,0.02010,2560000,-1.00000,665332170042,0.00000
1677,838,0,3.00170,0.00000,0.00000,0.01560,0,-1.00000,665332198171,0.00000
1678,839,0,0.35620,2.17190,0.20400,0.02430,2560000,-1.00000,665332202888,0.00000
1679,839,0,2.98520,0.00000,0.00000,0.02000,0,-1.00000,665332233557,0.00000
1680,840,0,0.83170,2.13560,0.30490,0.02920,2560000,-1.00000,665332237416,0.00000
1681,840,0,3.08130,0.00000,0.00000,0.02080,0,-1.00000,665332267435,0.00000
1682,841,0,1.26590,2.02600,0.21660,0.02770,2560000,-1.00000,665332270994,0.00000
1683,841,0,2.85520,0.00000,0.00000,0.03840,0,-1.00000,665332300855,0.00000
1684,842,0,1.40950,2.04610,0.23490,0.02390,2560000,-1.00000,665332309170,0.00000
1685,842,0,2.81630,0.00000,0.00000,0.01780,0,-1.00000,665332340000,0.00000
1686,843,0,1.49090,2.10370,0.27980,0.02500,2560000,-1.00000,665332352779,0.00000
1687,843,0,2.90789,0.00000,0.00000,0.01790,0,-1.00000,665332381194,0.00000
1688,844,0,0.36860,2.00100,0.20620,0.01970,2560000,-1.00000,665332395289,0.00000
1689,844,0,2.74340,0.00000,0.00000,0.02160,0,-1.00000,665332423450,0.00000
1690,845,0,0.46680,2.21320,0.23280,0.02290,2560000,-1.00000,665332438357,0.00000
1691,845,0,3.04979,0.00000,0.00000,0.01870,0,-1.00000,665332467438,0.00000
1692,846,0,3.36600,2.04680,0.21740,0.02970,2560000,-1.00000,665332471121,0.00000
1693,846,0,2.85430,0.00000,0.00000,0.02310,0,-1.00000,665332498569,0.00000
1694,847,0,1.44760,2.04440,0.30730,0.03200,2560000,-1.00000,665332503228,0.00000
1695,847,0,3.00330,0.00000,0.00000,0.02330,0,-1.00000,665332533727,0.00000
1696,848,0,1.28300,2.09770,0.21740,0.02460,2560000,-1.00000,665332567391,0.00000
1697,848,0,3.15540,0.00000,0.00000,0.02230,0,-1.00000,665332595936,0.00000
1698,849,0,1.18940,2.06270,0.22130,0.02910,2560000,-1.00000,665332610405,0.00000
1699,849,0,2.86930,0.00000,0.00000,0.02240,0,-1.00000,665332640451,0.00000
1700,850,0,1.41860,2.29990,0.25330,0.04530,2560000,-1.00000,665332653267,0.00000
1701,850,0,3.34180,0.00000,0.00000,0.03140,0,-1.00000,665332684828,0.00000
1702,851,0,0.93780,2.09450,0.27470,0.04270,2560000,-1.00000,665332696720,0.00000
1703,851,0,3.32290,0.00000,0.00000,0.02730,0,-1.00000,665332725424,0.00000
1704,852,0,2.00300,2.06360,0.22070,0.02590,2560000,-1.00000,665332739594,0.00000
1705,852,0,2.83830,0.00000,0.00000,0.01870,0,-1.00000,665332773046,0.00000
1706,853,0,0.47280,2.04370,0.20170,0.02620,2560000,-1.00000,665332782397,0.00000
1707,853,0,2.84990,0.00000,0.00000,0.02030,0,-1.00000,665332815654,0.00000
1708,854,0,3.57550,2.07130,0.24250,0.02520,2560000,-1.00000,665332835652,0.00000
1709,854,0,2.82680,0.00000,0.00000,0.02110,0,-1.00000,665332864034,0.00000
1710,855,0,1.47210,2.00740,0.27300,0.03270,2560000,-1.00000,665332868762,0.00000
1711,855,0,2.95120,0.00000,0.00000,0.02510,0,-1.00000,665332897264,0.00000
1712,856,0,1.33920,2.10930,0.23140,0.03300,2560000,-1.00000,665332933013,0.00000
1713,856,0,3.15240,0.00000,0.00000,0.02650,0,-1.00000,665332961283,0.00000
1714,857,0,1.19570,1.97220,0.19470,0.02430,2560000,-1.00000,665332975997,0.00000
1715,857,0,2.85360,0.00000,0.00000,0.02110,0,-1.00000,665333005525,0.00000
1716,858,0,1.34150,2.12680,0.20060,0.02550,2560000,-1.00000,665333018920,0.00000
1717,858,0,3.10790,0.00000,0.00000,0.02180,0,-1.00000,665333050443,0.00000
1718,859,0,1.17090,2.07460,0.27440,0.02950,2560000,-1.00000,665333062387,0.00000
1719,859,0,2.90480,0.00000,0.00000,0.01800,0,-1.00000,665333090926,0.00000
1720,860,0,0.45810,2.01520,0.24240,0.02410,2560000,-1.00000,665333104336,0.00000
1721,860,0,2.82800,0.00000,0.00000,0.01930,0,-1.00000,665333135423,0.00000
1722,861,0,0.40220,1.99260,0.20550,0.02330,2560000,-1.00000,665333147119,0.00000
1723,861,0,2.78330,0.00000,0.00000,0.01980,0,-1.00000,665333176224,0.00000
1724,862,0,3.63340,2.06400,0.28220,0.03050,2560000,-1.00000,665333180752,0.00000
1725,862,0,3.02830,0.00000,0.00000,0.03380,0,-1.00000,665333209037,0.00000
1726,863,0,1.28190,2.07200,0.20330,0.02790,2560000,-1.00000,665333213050,0.00000
1727,863,0,2.90170,0.00000,0.00000,0.01830,0,-1.00000,665333240896,0.00000
1728,864,0,1.25590,1.99830,0.20760,0.02070,2560000,-1.00000,665333277224,0.00000
1729,864,0,2.73780,0.00000,0.00000,0.01860,0,-1.00000,665333307528,0.00000
1730,865,0,4.61330,2.06690,0.23800,0.02130,2560000,-1.00000,665333320329,0.00000
1731,865,0,2.85970,0.00000,0.00000,0.01550,0,-1.00000,665333349351,0.00000
1732,866,0,0.40180,2.11150,0.25390,0.02760,2560000,-1.00000,665333361901,0.00000
1733,866,0,2.97420,0.00000,0.00000,0.01890,0,-1.00000,665333389279,0.00000
1734,867,0,0.46020,2.15850,0.24290,0.02320,2560000,-1.00000,665333435411,0.00000
1735,867,0,2.93030,0.00000,0.00000,0.03000,0,-1.00000,665333464006,0.00000
1736,868,0,0.46650,2.02200,0.23990,0.02170,2560000,-1.00000,665333468022,0.00000
1737,868,0,2.77770,0.00000,0.00000,0.01650,0,-1.00000,665333497782,0.00000
1738,869,0,1.24140,1.98000,0.20920,0.02180,2560000,-1.00000,665333502371,0.00000
1739,869,0,2.72390,0.00000,0.00000,0.02180,0,-1.00000,665333531678,0.00000
1740,870,0,3.65969,2.15180,0.25990,0.03510,2560000,-1.00000,665333536336,0.00000
1741,870,0,3.08210,0.00000,0.00000,0.02880,0,-1.00000,665333564118,0.00000
1742,871,0,1.20641,2.13530,0.20360,0.02610,2560000,-1.00000,665333576526,0.00000
1743,871,0,3.03250,0.00000,0.00000,0.02160,0,-1.00000,665333603780,0.00000
1744,872,0,2.08130,1.85270,0.23120,0.02440,2560000,-1.00000,665333640372,0.00000
1745,872,0,2.70590,0.00000,0.00000,0.01900,0,-1.00000,665333671208,0.00000
1746,873,0,2.89510,2.13290,0.19790,0.02940,2560000,-1.00000,665333683393,0.00000
1747,873,0,2.94680,0.00000,0.00000,0.01950,0,-1.00000,665333713588,0.00000
1748,874,0,0.55670,1.96190,0.20350,0.02150,2560000,-1.00000,665333734388,0.00000
1749,874,0,2.76420,0.00000,0.00000,0.01880,0,-1.00000,665333761453,0.00000
1750,875,0,0.68190,2.03580,0.24560,0.02220,2560000,-1.00000,665333790529,0.00000
1751,875,0,2.89490,0.00000,0.00000,0.01890,0,-1.00000,665333819880,0.00000
1752,876,0,0.93670,1.99110,0.21890,0.02550,2560000,-1.00000,665333825433,0.00000
1753,876,0,2.85990,0.00000,0.00000,0.01970,0,-1.00000,665333853082,0.00000
1754,877,0,0.43180,2.00220,0.28560,0.02530,2560000,-1.00000,665333860029,0.00000
1755,877,0,2.90760,0.00000,0.00000,0.02550,0,-1.00000,665333888847,0.00000
1756,878,0,0.41860,2.13690,0.22120,0.03360,2560000,-1.00000,665333898217,0.00000
1757,878,0,3.10570,0.00000,0.00000,0.02840,0,-1.00000,665333926820,0.00000
1758,879,0,3.20580,2.02130,0.19480,0.02320,2560000,-1.00000,665333931124,0.00000
1759,879,0,2.73570,0.00000,0.00000,0.02370,0,-1.00000,665333960217,0.00000
1760,880,0,0.48460,2.08090,0.25760,0.02660,2560000,-1.00000,665333964397,0.00000
1761,880,0,3.04170,0.00000,0.00000,0.01860,0,-1.00000,665333995467,0.00000
1762,881,0,0.47080,2.15350,0.25530,0.02280,2560000,-1.00000,665334027508,0.00000
1763,881,0,2.96790,0.00000,0.00000,0.02220,0,-1.00000,665334054872,0.00000
1764,882,0,0.95380,1.98490,0.20410,0.02500,2560000,-1.00000,665334059711,0.00000
1765,882,0,2.72850,0.00000,0.00000,0.01900,0,-1.00000,665334090138,0.00000
1766,883,0,1.56910,2.11570,0.32360,0.02760,2560000,-1.00000,665334094839,0.00000
1767,883,0,2.98450,0.00000,0.00000,0.02220,0,-1.00000,665334124515,0.00000
1768,884,0,3.45870,2.00360,0.24350,0.02680,2560000,-1.00000,665334134046,0.00000
1769,884,0,2.77080,0.00000,0.00000,0.02540,0,-1.00000,665334161343,0.00000
1770,885,0,0.40760,1.99700,0.24810,0.02330,2560000,-1.00000,665334177030,0.00000
1771,885,0,2.83250,0.00000,0.00000,0.02120,0,-1.00000,665334206880,0.00000
1772,886,0,0.43410,2.09150,0.29470,0.02990,2560000,-1.00000,665334241465,0.00000
1773,886,0,3.00920,0.00000,0.00000,0.04320,0,-1.00000,665334269178,0.00000
1774,887,0,1.24160,1.99380,0.21360,0.02630,2560000,-1.00000,665334273241,0.00000
1775,887,0,2.77010,0.00000,0.00000,0.02290,0,-1.00000,665334301575,0.00000
1776,888,0,1.51290,2.08750,0.21130,0.03810,2560000,-1.00000,665334305905,0.00000
1777,888,0,2.87320,0.00000,0.00000,0.02360,0,-1.00000,665334336025,0.00000
1778,889,0,1.46400,1.94290,0.20580,0.02380,2560000,-1.00000,665334348423,0.00000
1779,889,0,2.78520,0.00000,0.00000,0.01610,0,-1.00000,665334376129,0.00000
1780,890,0,3.63860,1.97460,0.25840,0.02600,2560000,-1.00000,665334391250,0.00000
1781,890,0,2.78750,0.00000,0.00000,0.02060,0,-1.00000,665334419995,0.00000
1782,891,0,1.49140,2.02700,0.28400,0.02330,2560000,-1.00000,665334434615,0.00000
1783,891,0,2.84670,0.00000,0.00000,0.01840,0,-1.00000,665334462473,0.00000
1784,892,0,1.47470,2.04270,0.20360,0.02550,2560000,-1.00000,665334498857,0.00000
1785,892,0,2.86360,0.00000,0.00000,0.02120,0,-1.00000,665334526735,0.00000
1786,893,0,0.53700,2.07890,0.23480,0.03250,2560000,-1.00000,665334541642,0.00000
1787,893,0,3.06981,0.00000,0.00000,0.02440,0,-1.00000,665334570113,0.00000
1788,894,0,0.50150,2.06760,0.20710,0.02370,2560000,-1.00000,665334584865,0.00000
1789,894,0,3.01970,0.00000,0.00000,0.02430,0,-1.00000,665334613498,0.00000
1790,895,0,0.72560,1.97350,0.22650,0.02430,2560000,-1.00000,665334618861,0.00000
1791,895,0,2.72420,0.00000,0.00000,0.01730,0,-1.00000,665334649604,0.00000
1792,896,0,1.52560,2.00640,0.20190,0.02580,2560000,-1.00000,665334654587,0.00000
1793,896,0,2.75150,0.00000,0.00000,0.01890,0,-1.00000,665334684791,0.00000
1794,897,0,1.62791,2.02650,0.22670,0.02320,2560000,-1.00000,665334692032,0.00000
1795,897,0,2.86910,0.00000,0.00000,0.02230,0,-1.00000,665334719276,0.00000
1796,898,0,1.42930,1.92760,0.21780,0.01890,2560000,-1.00000,665334734530,0.00000
1797,898,0,2.65710,0.00000,0.00000,0.01660,0,-1.00000,665334762058,0.00000
1798,899,0,1.64340,1.93700,0.29780,0.02620,2560000,-1.00000,665334778325,0.00000
1799,899,0,2.77310,0.00000,0.00000,0.01830,0,-1.00000,665334807019,0.00000
1800,900,0,1.54041,1.92080,0.22180,0.02380,2560000,-1.00000,665334821436,0.00000
1801,900,0,2.92740,0.00000,0.00000,0.02010,0,-1.00000,665334847878,0.00000
1802,901,0,0.37210,2.01700,0.21870,0.02060,2560000,-1.00000,665334864316,0.00000
1803,901,0,2.70170,0.00000,0.00000,0.01860,0,-1.00000,665334892048,0.00000
1804,902,0,0.40650,1.99900,0.27980,0.02720,2560000,-1.00000,665334907447,0.00000
1805,902,0,2.87000,0.00000,0.00000,0.02130,0,-1.00000,665334936727,0.00000
1806,903,0,1.42420,2.09930,0.24310,0.04260,2560000,-1.00000,665334940441,0.00000
1807,903,0,2.97659,0.00000,0.00000,0.02750,0,-1.00000,665334967463,0.00000
1808,904,0,1.36040,2.04940,0.24540,0.02420,2560000,-1.00000,665334971521,0.00000
1809,904,0,2.84650,0.00000,0.00000,0.02220,0,-1.00000,665335000248,0.00000
1810,905,0,0.53130,2.00290,0.24460,0.02550,2560000,-1.00000,665335014476,0.00000
1811,905,0,3.02660,0.00000,0.00000,0.02280,0,-1.00000,665335044369,0.00000
1812,906,0,2.16630,1.92820,0.27900,0.02360,2560000,-1.00000,665335057844,0.00000
1813,906,0,2.83640,0.00000,0.00000,0.01940,0,-1.00000,665335086304,0.00000
1814,907,0,1.48580,2.04520,0.24940,0.04390,2560000,-1.00000,665335091613,0.00000
1815,907,0,3.23220,0.00000,0.00000,0.02670,0,-1.00000,665335122032,0.00000
1816,908,0,2.05110,2.04190,0.20330,0.03920,2560000,-1.00000,665335143550,0.00000
1817,908,0,2.90800,0.00000,0.00000,0.02190,0,-1.00000,665335171916,0.00000
1818,909,0,0.46020,1.97590,0.25120,0.02780,2560000,-1.00000,665335186769,0.00000
1819,909,0,2.92330,0.00000,0.00000,0.02430,0,-1.00000,665335219134,0.00000
1820,910,0,1.30160,2.03660,0.19710,0.03170,2560000,-1.00000,665335239621,0.00000
1821,910,0,2.94830,0.00000,0.00000,0.02100,0,-1.00000,665335268693,0.00000
1822,911,0,1.33440,1.96840,0.21280,0.02560,2560000,-1.00000,665335273280,0.00000
1823,911,0,2.77450,0.00000,0.00000,0.02140,0,-1.00000,665335302531,0.00000
1824,912,0,1.49780,1.97290,0.30660,0.03240,2560000,-1.00000,665335315544,0.00000
1825,912,0,2.92350,0.00000,0.00000,0.02850,0,-1.00000,665335345028,0.00000
1826,913,0,3.54799,1.94540,0.24140,0.03360,2560000,-1.00000,665335358360,0.00000
1827,913,0,2.80140,0.00000,0.00000,0.02260,0,-1.00000,665335386113,0.00000
1828,914,0,0.55970,2.14730,0.24030,0.02490,2560000,-1.00000,665335401082,0.00000
1829,914,0,2.99040,0.00000,0.00000,0.02600,0,-1.00000,665335430465,0.00000
1830,915,0,0.92020,2.08000,0.21100,0.02450,2560000,-1.00000,665335465903,0.00000
1831,915,0,2.80490,0.00000,0.00000,0.01980,0,-1.00000,665335493817,0.00000
1832,916,0,0.34350,2.14640,0.32360,0.02640,2560000,-1.00000,665335499408,0.00000
1833,916,0,3.06860,0.00000,0.00000,0.02380,0,-1.00000,665335529320,0.00000
1834,917,0,0.41690,2.11050,0.21970,0.03540,2560000,-1.00000,665335538520,0.00000
1835,917,0,3.02280,0.00000,0.00000,0.02250,0,-1.00000,665335566561,0.00000
1836,918,0,0.37560,2.11610,0.24340,0.02730,2560000,-1.00000,665335569994,0.00000
1837,918,0,2.90830,0.00000,0.00000,0.01930,0,-1.00000,665335600694,0.00000
1838,919,0,1.23660,2.04510,0.23420,0.03180,2560000,-1.00000,665335604857,0.00000
1839,919,0,2.92710,0.00000,0.00000,0.02610,0,-1.00000,665335635089,0.00000
1840,920,0,1.29410,2.09640,0.21820,0.02520,2560000,-1.00000,665335638835,0.00000
1841,920,0,2.86880,0.00000,0.00000,0.02340,0,-1.00000,665335667935,0.00000
1842,921,0,1.50370,2.04700,0.23720,0.02690,2560000,-1.00000,665335680290,0.00000
1843,921,0,2.77540,0.00000,0.00000,0.02170,0,-1.00000,665335709563,0.00000
1844,922,0,1.30280,2.18230,0.25840,0.02530,2560000,-1.00000,665335722535,0.00000
1845,922,0,2.96100,0.00000,0.00000,0.02140,0,-1.00000,665335751201,0.00000
1846,923,0,0.39640,2.09670,0.28280,0.03430,2560000,-1.00000,665335766224,0.00000
1847,923,0,2.98250,0.00000,0.00000,0.02090,0,-1.00000,665335793977,0.00000
1848,924,0,0.39150,2.16530,0.22920,0.02370,2560000,-1.00000,665335807006,0.00000
1849,924,0,2.85540,0.00000,0.00000,0.02420,0,-1.00000,665335836629,0.00000
1850,925,0,1.24290,2.06690,0.31120,0.02170,2560000,-1.00000,665335840575,0.00000
1851,925,0,2.87040,0.00000,0.00000,0.02040,0,-1.00000,665335870420,0.00000
1852,926,0,1.37490,2.09960,0.25610,0.03260,2560000,-1.00000,665335874320,0.00000
1853,926,0,2.95779,0.00000,0.00000,0.02310,0,-1.00000,665335902881,0.00000
1854,927,0,1.33620,2.10470,0.24530,0.03310,2560000,-1.00000,665335915307,0.00000
1855,927,0,2.95690,0.00000,0.00000,0.02210,0,-1.00000,665335944005,0.00000
1856,928,0,1.30050,2.10450,0.33000,0.03200,2560000,-1.00000,665335957754,0.00000
1857,928,0,3.03180,0.00000,0.00000,0.02100,0,-1.00000,665335987347,0.00000
1858,929,0,1.25990,2.03970,0.22890,0.02650,2560000,-1.00000,665336000701,0.00000
1859,929,0,2.79480,0.00000,0.00000,0.02020,0,-1.00000,665336030274,0.00000
1860,930,0,1.51220,2.11650,0.20620,0.02850,2560000,-1.00000,665336043279,0.00000
1861,930,0,2.83780,0.00000,0.00000,0.02040,0,-1.00000,665336073587,0.00000
1862,931,0,1.40310,2.08450,0.23870,0.02650,2560000,-1.00000,665336086188,0.00000
1863,931,0,2.88580,0.00000,0.00000,0.02390,0,-1.00000,665336114133,0.00000
1864,932,0,1.39000,2.08320,0.31300,0.02130,2560000,-1.00000,665336129259,0.00000
1865,932,0,2.89120,0.00000,0.00000,0.02840,0,-1.00000,665336157639,0.00000
1866,933,0,0.37029,2.03600,0.26540,0.02730,2560000,-1.00000,665336171667,0.00000
1867,933,0,3.29140,0.00000,0.00000,0.02580,0,-1.00000,665336200533,0.00000
1868,934,0,2.00750,2.21600,0.22230,0.03420,2560000,-1.00000,665336214430,0.00000
1869,934,0,3.07960,0.00000,0.00000,0.02680,0,-1.00000,665336243332,0.00000
1870,935,0,1.17080,2.05770,0.22990,0.03640,2560000,-1.00000,665336247033,0.00000
1871,935,0,2.90329,0.00000,0.00000,0.02260,0,-1.00000,665336279978,0.00000
1872,936,0,1.33940,2.12580,0.20640,0.02630,2560000,-1.00000,665336300032,0.00000
1873,936,0,2.85320,0.00000,0.00000,0.02350,0,-1.00000,665336330839,0.00000
1874,937,0,0.39560,2.05130,0.26100,0.02400,2560000,-1.00000,665336342534,0.00000
1875,937,0,3.17660,0.00000,0.00000,0.02360,0,-1.00000,665336371566,0.00000
1876,938,0,2.17760,2.16990,0.20700,0.03320,2560000,-1.00000,665336384953,0.00000
1877,938,0,3.04500,0.00000,0.00000,0.03600,0,-1.00000,665336413504,0.00000
1878,939,0,1.26380,1.96320,0.23240,0.02570,2560000,-1.00000,665336417444,0.00000
1879,939,0,2.73220,0.00000,0.00000,0.01940,0,-1.00000,665336449225,0.00000
1880,940,0,1.55720,2.04410,0.19810,0.02410,2560000,-1.00000,665336470996,0.00000
1881,940,0,2.81940,0.00000,0.00000,0.01960,0,-1.00000,665336501448,0.00000
1882,941,0,1.43199,1.89240,0.33390,0.02480,2560000,-1.00000,665336514077,0.00000
1883,941,0,2.78960,0.00000,0.00000,0.02100,0,-1.00000,665336541400,0.00000
1884,942,0,1.49420,1.94380,0.22420,0.03340,2560000,-1.00000,665336556967,0.00000
1885,942,0,2.87830,0.00000,0.00000,0.02150,0,-1.00000,665336585171,0.00000
1886,943,0,1.40350,1.95190,0.28990,0.03740,2560000,-1.00000,665336599485,0.00000
1887,943,0,2.90760,0.00000,0.00000,0.02020,0,-1.00000,665336627385,0.00000
1888,944,0,1.40580,1.93260,0.24830,0.02600,2560000,-1.00000,665336642325,0.00000
1889,944,0,2.75610,0.00000,0.00000,0.02040,0,-1.00000,665336671111,0.00000
1890,945,0,1.49920,1.94310,0.22570,0.02340,2560000,-1.00000,665336685144,0.00000
1891,945,0,2.76350,0.00000,0.00000,0.01940,0,-1.00000,665336714235,0.00000
1892,946,0,1.44400,1.92240,0.23320,0.02690,2560000,-1.00000,665336728277,0.00000
1893,946,0,2.76090,0.00000,0.00000,0.02260,0,-1.00000,665336755835,0.00000
1894,947,0,3.79010,2.08750,0.20270,0.03450,2560000,-1.00000,665336770826,0.00000
1895,947,0,2.92910,0.00000,0.00000,0.02220,0,-1.00000,665336798467,0.00000
1896,948,0,0.44070,2.11560,0.28140,0.03200,2560000,-1.00000,665336812910,0.00000
1897,948,0,3.03200,0.00000,0.00000,0.02430,0,-1.00000,665336840505,0.00000
1898,949,0,0.44661,1.91180,0.31830,0.02420,2560000,-1.00000,665336878421,0.00000
1899,949,0,2.76910,0.00000,0.00000,0.02020,0,-1.00000,665336907709,0.00000
1900,950,0,0.94330,2.05180,0.26830,0.03490,2560000,-1.00000,665336912109,0.00000
1901,950,0,3.00980,0.00000,0.00000,0.02250,0,-1.00000,665336942445,0.00000
1902,951,0,1.27480,1.98570,0.25890,0.02520,2560000,-1.00000,665336946900,0.00000
1903,951,0,2.85110,0.00000,0.00000,0.02230,0,-1.00000,665336974586,0.00000
1904,952,0,1.47330,2.10720,0.20300,0.03410,2560000,-1.00000,665336984013,0.00000
1905,952,0,2.94070,0.00000,0.00000,0.02100,0,-1.00000,665337014149,0.00000
1906,953,0,1.26150,1.92610,0.28010,0.02580,2560000,-1.00000,665337026869,0.00000
1907,953,0,2.72140,0.00000,0.00000,0.01850,0,-1.00000,665337055393,0.00000
1908,954,0,1.57740,1.97770,0.22680,0.02110,2560000,-1.00000,665337070124,0.00000
1909,954,0,2.73469,0.00000,0.00000,0.01730,0,-1.00000,665337099529,0.00000
1910,955,0,1.57040,1.96620,0.24600,0.02070,2560000,-1.00000,665337112131,0.00000
1911,955,0,2.78250,0.00000,0.00000,0.02840,0,-1.00000,665337139349,0.00000
1912,956,0,1.46900,1.82810,0.23470,0.02600,2560000,-1.00000,665337155114,0.00000
1913,956,0,2.71900,0.00000,0.00000,0.02300,0,-1.00000,665337182464,0.00000
1914,957,0,3.67280,2.03110,0.19020,0.03500,2560000,-1.00000,665337198170,0.00000
1915,957,0,2.95660,0.00000,0.00000,0.02260,0,-1.00000,665337225995,0.00000
1916,958,0,0.50060,1.95360,0.20460,0.02230,2560000,-1.00000,665337240688,0.00000
1917,958,0,2.77370,0.00000,0.00000,0.01860,0,-1.00000,665337267882,0.00000
1918,959,0,0.43440,1.96490,0.24990,0.02200,2560000,-1.00000,665337304615,0.00000
1919,959,0,2.82410,0.00000,0.00000,0.02280,0,-1.00000,665337334180,0.00000
1920,960,0,3.39400,1.99470,0.20590,0.02390,2560000,-1.00000,665337339177,0.00000
1921,960,0,2.79170,0.00000,0.00000,0.01900,0,-1.00000,665337366917,0.00000
1922,961,0,3.58780,1.84720,0.23060,0.03400,2560000,-1.00000,665337371248,0.00000
1923,961,0,2.87190,0.00000,0.00000,0.01880,0,-1.00000,665337399625,0.00000
1924,962,0,0.50720,2.13140,0.23610,0.02600,2560000,-1.00000,665337433438,0.00000
1925,962,0,3.04760,0.00000,0.00000,0.02210,0,-1.00000,665337461359,0.00000
1926,963,0,0.49550,1.94450,0.23630,0.02320,2560000,-1.00000,665337497375,0.00000
1927,963,0,2.79140,0.00000,0.00000,0.02900,0,-1.00000,665337525957,0.00000
1928,964,0,4.06030,2.05320,0.24210,0.02570,2560000,-1.00000,665337531024,0.00000
1929,964,0,2.82840,0.00000,0.00000,0.02750,0,-1.00000,665337561512,0.00000
1930,965,0,0.48920,2.01150,0.20660,0.02940,2560000,-1.00000,665337566456,0.00000
1931,965,0,2.88750,0.00000,0.00000,0.02310,0,-1.00000,665337594375,0.00000
1932,966,0,1.37950,2.04060,0.22040,0.03790,2560000,-1.00000,665337634977,0.00000
1933,966,0,3.00820,0.00000,0.00000,0.02890,0,-1.00000,665337663276,0.00000
1934,967,0,1.29870,1.95270,0.28700,0.03610,2560000,-1.00000,665337668142,0.00000
1935,967,0,2.81890,0.00000,0.00000,0.03330,0,-1.00000,665337697034,0.00000
1936,968,0,3.52150,2.03590,0.19450,0.02300,2560000,-1.00000,665337710877,0.00000
1937,968,0,2.78850,0.00000,0.00000,0.02190,0,-1.00000,665337740931,0.00000
1938,969,0,3.67400,2.04260,0.24900,0.03390,2560000,-1.00000,665337753889,0.00000
1939,969,0,3.00570,0.00000,0.00000,0.02860,0,-1.00000,665337782080,0.00000
1940,970,0,0.64820,2.14230,0.18600,0.02900,2560000,-1.00000,665337817291,0.00000
1941,970,0,3.03940,0.00000,0.00000,0.02020,0,-1.00000,665337845180,0.00000
1942,971,0,0.47210,2.03770,0.25830,0.03770,2560000,-1.00000,665337881916,0.00000
1943,971,0,2.96580,0.00000,0.00000,0.02210,0,-1.00000,665337911997,0.00000
1944,972,0,0.59470,2.00760,0.20340,0.02590,2560000,-1.00000,665337918458,0.00000
1945,972,0,2.81550,0.00000,0.00000,0.02490,0,-1.00000,665337948860,0.00000
1946,973,0,1.41590,2.16340,0.19570,0.02620,2560000,-1.00000,665337953570,0.00000
1947,973,0,2.97440,0.00000,0.00000,0.02090,0,-1.00000,665337983248,0.00000
1948,974,0,1.41830,2.17400,0.21120,0.02520,2560000,-1.00000,665337989181,0.00000
1949,974,0,2.91950,0.00000,0.00000,0.02420,0,-1.00000,665338017337,0.00000
1950,975,0,3.39500,2.06940,0.26130,0.06100,2560000,-1.00000,665338031488,0.00000
1951,975,0,3.06060,0.00000,0.00000,0.02240,0,-1.00000,665338061236,0.00000
1952,976,0,0.42050,2.18190,0.22340,0.02810,2560000,-1.00000,665338075501,0.00000
1953,976,0,3.21450,0.00000,0.00000,0.02730,0,-1.00000,665338104619,0.00000
1954,977,0,0.42550,2.12870,0.25350,0.02790,2560000,-1.00000,665338138566,0.00000
1955,977,0,2.96560,0.00000,0.00000,0.02080,0,-1.00000,665338169192,0.00000
1956,978,0,0.51560,2.14460,0.21050,0.02390,2560000,-1.00000,665338173376,0.00000
1957,978,0,2.87180,0.00000,0.00000,0.02190,0,-1.00000,665338205529,0.00000
1958,979,0,1.48470,2.13090,0.24010,0.02470,2560000,-1.00000,665338209781,0.00000
1959,979,0,2.92760,0.00000,0.00000,0.02460,0,-1.00000,665338239428,0.00000
1960,980,0,1.30930,2.29970,0.21850,0.03510,2560000,-1.00000,665338244588,0.00000
1961,980,0,3.30130,0.00000,0.00000,0.02790,0,-1.00000,665338273308,0.00000
1962,981,0,0.99210,2.05700,0.29760,0.02460,2560000,-1.00000,665338288150,0.00000
1963,981,0,2.90640,0.00000,0.00000,0.02260,0,-1.00000,665338317429,0.00000
1964,982,0,3.50120,2.18060,0.24970,0.02250,2560000,-1.00000,665338330522,0.00000
1965,982,0,3.03800,0.00000,0.00000,0.01860,0,-1.00000,665338363551,0.00000
1966,983,0,3.39560,2.01840,0.21140,0.02490,2560000,-1.00000,665338373461,0.00000
1967,983,0,2.88330,0.00000,0.00000,0.01860,0,-1.00000,665338402518,0.00000
1968,984,0,0.49430,2.19800,0.21050,0.02230,2560000,-1.00000,665338437533,0.00000
1969,984,0,3.06620,0.00000,0.00000,0.02010,0,-1.00000,665338467911,0.00000
1970,985,0,4.20600,1.97680,0.26650,0.04020,2560000,-1.00000,665338501864,0.00000
1971,985,0,2.93660,0.00000,0.00000,0.02850,0,-1.00000,665338530706,0.00000
1972,986,0,0.66830,2.06550,0.21900,0.03040,2560000,-1.00000,665338535640,0.00000
1973,986,0,2.99840,0.00000,0.00000,0.02040,0,-1.00000,665338566301,0.00000
1974,987,0,0.45050,2.07050,0.22970,0.03050,2560000,-1.00000,665338608374,0.00000
1975,987,0,2.98160,0.00000,0.00000,0.02970,0,-1.00000,665338637746,0.00000
1976,988,0,0.62580,1.87080,0.22170,0.02620,2560000,-1.00000,665338644411,0.00000
1977,988,0,2.73790,0.00000,0.00000,0.01940,0,-1.00000,665338674401,0.00000
1978,989,0,3.74590,2.10820,0.25920,0.04440,2560000,-1.00000,665338678892,0.00000
1979,989,0,3.26290,0.00000,0.00000,0.02540,0,-1.00000,665338708733,0.00000
1980,990,0,0.57759,2.23630,0.23220,0.02380,2560000,-1.00000,665338714971,0.00000
1981,990,0,3.07810,0.00000,0.00000,0.02040,0,-1.00000,665338742356,0.00000
1982,991,0,0.45570,2.00460,0.19780,0.02630,2560000,-1.00000,665338779827,0.00000
1983,991,0,2.79580,0.00000,0.00000,0.02200,0,-1.00000,665338812459,0.00000
1984,992,0,0.43000,2.11990,0.23740,0.02320,2560000,-1.00000,665338818217,0.00000
1985,992,0,2.88400,0.00000,0.00000,0.01930,0,-1.00000,665338849004,0.00000
1986,993,0,0.40450,2.10400,0.28860,0.03230,2560000,-1.00000,665338853555,0.00000
1987,993,0,3.09910,0.00000,0.00000,0.02330,0,-1.00000,665338881524,0.00000
1988,994,0,0.53800,1.99100,0.21540,0.02860,2560000,-1.00000,665338885808,0.00000
1989,994,0,3.00920,0.00000,0.00000,0.01950,0,-1.00000,665338914655,0.00000
1990,995,0,0.51750,2.02730,0.27420,0.05370,2560000,-1.00000,665338918690,0.00000
1991,995,0,3.05280,0.00000,0.00000,0.02060,0,-1.00000,665338949855,0.00000
1992,996,0,0.46410,2.18830,0.26200,0.02900,2560000,-1.00000,665338955072,0.00000
1993,996,0,2.98060,0.00000,0.00000,0.02530,0,-1.00000,665338985171,0.00000
1994,997,0,0.38700,2.13920,0.32170,0.02360,2560000,-1.00000,665338990337,0.00000
1995,997,0,3.04571,0.00000,0.00000,0.02370,0,-1.00000,665339020886,0.00000
1996,998,0,4.16300,2.05100,0.22500,0.02790,2560000,-1.00000,665339025504,0.00000
1997,998,0,2.92960,0.00000,0.00000,0.02310,0,-1.00000,665339055322,0.00000
1998,999,0,0.37580,2.20020,0.29810,0.03980,2560000,-1.00000,665339059178,0.00000
1999,999,0,3.18760,0.00000,0.00000,0.02160,0,-1.00000,665339089644,0.00000
2000,1000,0,0.43910,2.26460,0.29560,0.02680,2560000,-1.00000,665339131276,0.00000
2001,1000,0,3.08610,0.00000,0.00000,0.02040,0,-1.00000,665339160570,0.00000
2002,1001,0,0.36650,2.11200,0.21040,0.02470,2560000,-1.00000,665339164321,0.00000
2003,1001,0,2.89220,0.00000,0.00000,0.01870,0,-1.00000,665339196230,0.00000
2004,1002,0,0.83270,2.12140,0.28570,0.04210,2560000,-1.00000,665339200591,0.00000
2005,1002,0,2.97900,0.00000,0.00000,0.02080,0,-1.00000,665339231451,0.00000
2006,1003,0,1.23350,2.10840,0.21090,0.02800,2560000,-1.00000,665339235107,0.00000
2007,1003,0,2.90110,0.00000,0.00000,0.02010,0,-1.00000,665339264039,0.00000
2008,1004,0,1.30710,2.13100,0.22530,0.03940,2560000,-1.00000,665339272362,0.00000
2009,1004,0,2.97910,0.00000,0.00000,0.02480,0,-1.00000,665339302167,0.00000
2010,1005,0,1.31020,2.24080,0.21540,0.02730,2560000,-1.00000,665339314489,0.00000
2011,1005,0,3.03920,0.00000,0.00000,0.02360,0,-1.00000,665339343506,0.00000
2012,1006,0,1.08480,2.13390,0.23660,0.02550,2560000,-1.00000,665339356571,0.00000
2013,1006,0,2.86610,0.00000,0.00000,0.02200,0,-1.00000,665339386385,0.00000
2014,1007,0,1.57540,2.17490,0.26690,0.02400,2560000,-1.00000,665339399465,0.00000
2015,1007,0,2.90641,0.00000,0.00000,0.02220,0,-1.00000,665339429864,0.00000
2016,1008,0,1.34269,2.14080,0.23800,0.02680,2560000,-1.00000,665339440704,0.00000
2017,1008,0,2.91811,0.00000,0.00000,0.01980,0,-1.00000,665339469367,0.00000
2018,1009,0,1.39850,2.18350,0.28280,0.03300,2560000,-1.00000,665339485120,0.00000
2019,1009,0,3.05930,0.00000,0.00000,0.02270,0,-1.00000,665339514184,0.00000
2020,1010,0,1.13321,2.24100,0.21100,0.04270,2560000,-1.00000,665339527616,0.00000
2021,1010,0,3.05680,0.00000,0.00000,0.02130,0,-1.00000,665339556790,0.00000
2022,1011,0,1.19360,2.10630,0.21210,0.03630,2560000,-1.00000,665339570826,0.00000
2023,1011,0,2.95570,0.00000,0.00000,0.02200,0,-1.00000,665339601385,0.00000
2024,1012,0,1.37590,2.11870,0.22550,0.03010,2560000,-1.00000,665339612705,0.00000
2025,1012,0,3.00069,0.00000,0.00000,0.02510,0,-1.00000,665339643276,0.00000
2026,1013,0,1.16271,2.11390,0.23310,0.02710,2560000,-1.00000,665339655206,0.00000
2027,1013,0,2.88630,0.00000,0.00000,0.02040,0,-1.00000,665339684780,0.00000
2028,1014,0,0.35110,2.20970,0.29750,0.03730,2560000,-1.00000,665339698527,0.00000
2029,1014,0,3.18570,0.00000,0.00000,0.02540,0,-1.00000,665339728527,0.00000
2030,1015,0,0.41470,2.15870,0.29640,0.02530,2560000,-1.00000,665339740158,0.00000
2031,1015,0,3.02810,0.00000,0.00000,0.02310,0,-1.00000,665339769016,0.00000
2032,1016,0,0.35160,2.27570,0.33110,0.02430,2560000,-1.00000,665339772530,0.00000
2033,1016,0,3.07450,0.00000,0.00000,0.02160,0,-1.00000,665339804412,0.00000
2034,1017,0,0.34520,2.19030,0.24170,0.02820,2560000,-1.00000,665339808534,0.00000
2035,1017,0,2.92860,0.00000,0.00000,0.01890,0,-1.00000,665339838814,0.00000
2036,1018,0,0.65530,2.25280,0.29460,0.02440,2560000,-1.00000,665339842331,0.00000
2037,1018,0,3.03520,0.00000,0.00000,0.02220,0,-1.00000,665339873075,0.00000
2038,1019,0,1.21220,2.14410,0.24460,0.03640,2560000,-1.00000,665339876522,0.00000
2039,1019,0,3.10210,0.00000,0.00000,0.02000,0,-1.00000,665339905821,0.00000
2040,1020,0,1.24320,2.26790,0.25510,0.03230,2560000,-1.00000,665339912361,0.00000
2041,1020,0,3.09280,0.00000,0.00000,0.02250,0,-1.00000,665339942724,0.00000
2042,1021,0,1.04250,2.23790,0.21340,0.03880,2560000,-1.00000,665339954841,0.00000
2043,1021,0,3.09259,0.00000,0.00000,0.02530,0,-1.00000,665339985884,0.00000
2044,1022,0,1.30990,2.23420,0.29390,0.02600,2560000,-1.00000,665339998298,0.00000
2045,1022,0,3.00180,0.00000,0.00000,0.02000,0,-1.00000,665340029233,0.00000
2046,1023,0,1.28910,2.19600,0.22300,0.02610,2560000,-1.00000,665340039648,0.00000
2047,1023,0,2.90970,0.00000,0.00000,0.01890,0,-1.00000,665340070591,0.00000
2048,1024,0,1.40060,2.29480,0.28920,0.02460,2560000,-1.00000,665340083676,0.00000
2049,1024,0,3.09150,0.00000,0.00000,0.02120,0,-1.00000,665340113690,0.00000
2050,1025,0,1.17900,2.25680,0.30510,0.03770,2560000,-1.00000,665340126579,0.00000
2051,1025,0,3.23940,0.00000,0.00000,0.02630,0,-1.00000,665340155677,0.00000
2052,1026,0,1.06610,2.20970,0.27970,0.02670,2560000,-1.00000,665340169681,0.00000
2053,1026,0,2.97990,0.00000,0.00000,0.02030,0,-1.00000,665340200602,0.00000
2054,1027,0,1.28040,2.16850,0.25370,0.02230,2560000,-1.00000,665340212393,0.00000
2055,1027,0,2.99280,0.00000,0.00000,0.02380,0,-1.00000,665340244801,0.00000
2056,1028,0,1.22280,2.32290,0.19890,0.03330,2560000,-1.00000,665340255440,0.00000
2057,1028,0,3.13510,0.00000,0.00000,0.02530,0,-1.00000,665340285244,0.00000
2058,1029,0,1.15140,2.25240,0.33710,0.03620,2560000,-1.00000,665340298049,0.00000
2059,1029,0,3.22119,0.00000,0.00000,0.02400,0,-1.00000,665340327981,0.00000
2060,1030,0,0.97260,2.24020,0.22970,0.02720,2560000,-1.00000,665340340205,0.00000
2061,1030,0,2.98549,0.00000,0.00000,0.02420,0,-1.00000,665340371560,0.00000
2062,1031,0,0.38931,2.23800,0.29760,0.02100,2560000,-1.00000,665340383065,0.00000
2063,1031,0,3.00439,0.00000,0.00000,0.02220,0,-1.00000,665340415301,0.00000
2064,1032,0,0.34571,2.19010,0.26990,0.02900,2560000,-1.00000,665340425010,0.00000
2065,1032,0,3.08099,0.00000,0.00000,0.02340,0,-1.00000,665340454863,0.00000
2066,1033,0,1.04530,2.19670,0.23290,0.04310,2560000,-1.00000,665340458748,0.00000
2067,1033,0,3.14310,0.00000,0.00000,0.02340,0,-1.00000,665340488796,0.00000
2068,1034,0,1.17780,2.21740,0.33070,0.04280,2560000,-1.00000,665340492255,0.00000
2069,1034,0,3.17611,0.00000,0.00000,0.02220,0,-1.00000,665340523073,0.00000
2070,1035,0,1.10090,2.31570,0.25920,0.03880,2560000,-1.00000,665340533521,0.00000
2071,1035,0,3.27020,0.00000,0.00000,0.02520,0,-1.00000,665340564971,0.00000
2072,1036,0,1.01991,2.78940,0.22660,0.04320,2560000,-1.00000,665340576736,0.00000
2073,1036,0,3.63760,0.00000,0.00000,0.02530,0,-1.00000,665340608507,0.00000
2074,1037,0,0.59770,2.25100,0.22440,0.04730,2560000,-1.00000,665340619496,0.00000
2075,1037,0,3.18820,0.00000,0.00000,0.02250,0,-1.00000,665340652216,0.00000
2076,1038,0,1.11430,2.26840,0.20160,0.03730,2560000,-1.00000,665340662400,0.00000
2077,1038,0,3.07130,0.00000,0.00000,0.02480,0,-1.00000,665340698798,0.00000
2078,1039,0,1.21620,2.24640,0.25340,0.03050,2560000,-1.00000,665340704749,0.00000
2079,1039,0,3.15410,0.00000,0.00000,0.02380,0,-1.00000,665340736651,0.00000
2080,1040,0,1.09570,2.24080,0.32240,0.02720,2560000,-1.00000,665340747781,0.00000
2081,1040,0,3.08070,0.00000,0.00000,0.01980,0,-1.00000,665340778503,0.00000
2082,1041,0,1.26510,2.24290,0.28100,0.02650,2560000,-1.00000,665340790656,0.00000
2083,1041,0,3.04480,0.00000,0.00000,0.02130,0,-1.00000,665340822212,0.00000
2084,1042,0,1.27390,2.24130,0.30790,0.02310,2560000,-1.00000,665340833147,0.00000
2085,1042,0,3.03430,0.00000,0.00000,0.01850,0,-1.00000,665340863954,0.00000
2086,1043,0,1.20970,2.22590,0.26610,0.02220,2560000,-1.00000,665340876603,0.00000
2087,1043,0,2.99320,0.00000,0.00000,0.02580,0,-1.00000,665340907053,0.00000
2088,1044,0,1.38420,2.28970,0.31740,0.03220,2560000,-1.00000,665340919795,0.00000
2089,1044,0,3.20210,0.00000,0.00000,0.02660,0,-1.00000,665340950134,0.00000
2090,1045,0,0.99160,2.24310,0.33040,0.03530,2560000,-1.00000,665340962227,0.00000
2091,1045,0,3.19530,0.00000,0.00000,0.02400,0,-1.00000,665340992169,0.00000
2092,1046,0,1.07990,2.24150,0.23830,0.02750,2560000,-1.00000,665341006015,0.00000
2093,1046,0,3.03330,0.00000,0.00000,0.02040,0,-1.00000,665341038032,0.00000
2094,1047,0,1.25620,2.21810,0.20460,0.02560,2560000,-1.00000,665341047941,0.00000
2095,1047,0,2.96400,0.00000,0.00000,0.02110,0,-1.00000,665341079919,0.00000
2096,1048,0,3.51670,2.28890,0.24760,0.02470,2560000,-1.00000,665341090704,0.00000
2097,1048,0,3.02180,0.00000,0.00000,0.02390,0,-1.00000,665341121035,0.00000
2098,1049,0,1.24970,2.12730,0.30310,0.03220,2560000,-1.00000,665341133587,0.00000
2099,1049,0,3.13110,0.00000,0.00000,0.02280,0,-1.00000,665341163236,0.00000
2100,1050,0,1.21630,2.37000,0.32320,0.04360,2560000,-1.00000,665341198403,0.00000
